fila_bronze,timestamp,viaje_id,order_id,camion_id,producto_id,temperatura_cabina_c,temp_unit,humedad_cabina_pct,desviacion_termica_flag,desviacion_proximos_60min_flag,columnas_con_problemas,en_cuarentena,temperatura_c_preparada,tratamiento_temperatura,tipo_duplicado,decision_duplicado,fila_canonica,justificacion_duplicado,camion_id_preparado,en_cuarentena_inicial,columnas_problema_iniciales,motivos_finales,en_cuarentena_final,tratamientos_aplicados,version_tratamiento
8,2026-08-11 17:41:00,VIA-00001,ORD-2026-05710,CAM-20,PROD-045,3.48,C,,0,0,humedad_cabina_pct,True,3.48,C_ORIGINAL,,,,,CAM-20,True,humedad_cabina_pct,humedad_cabina_pct:FALTANTE,True,,GIAD-M3-S4-IOT-tratamiento-v3
121,2026-08-11 10:57:00,VIA-00006,ORD-2026-01337,CAM-26,PROD-060,-18.44,C,,0,0,humedad_cabina_pct,True,-18.44,C_ORIGINAL,,,,,CAM-26,True,humedad_cabina_pct,humedad_cabina_pct:FALTANTE,True,,GIAD-M3-S4-IOT-tratamiento-v3
146,2026-08-21 17:36:00,VIA-00007,ORD-2026-01828, cam-19 ,PROD-037,3.5,C,78.9,0,0,camion_id,True,3.5,C_ORIGINAL,,,,, cam-19 ,True,camion_id,camion_id:FORMATO_INVALIDO,True,,GIAD-M3-S4-IOT-tratamiento-v3
213,2026-08-07 20:50:00,VIA-00009,ORD-2026-03793,CAM-20,PROD-043,-17.18,C,,0,0,humedad_cabina_pct,True,-17.18,C_ORIGINAL,,,,,CAM-20,True,humedad_cabina_pct,humedad_cabina_pct:FALTANTE,True,,GIAD-M3-S4-IOT-tratamiento-v3
229,2026-08-13 11:22:00,VIA-00010,ORD-2026-02783,CAM-14,PROD-059,-999.0,C,55.4,0,0,temperatura_cabina_c,True,-999.0,C_ORIGINAL,,,,,CAM-14,True,temperatura_cabina_c,temperatura_cabina_c:VALOR_CENTINELA,True,,GIAD-M3-S4-IOT-tratamiento-v3
238,2026-08-13 15:52:00,VIA-00010,ORD-2026-02783,CAM-14,PROD-059,,C,51.9,0,0,temperatura_cabina_c,True,,SIN_TRATAMIENTO,,,,,CAM-14,True,temperatura_cabina_c,temperatura_cabina_c:FALTANTE,True,,GIAD-M3-S4-IOT-tratamiento-v3
425,2026-08-19 02:41:00,VIA-00018,ORD-2026-03390,CAM-08,PROD-052,-999.0,C,91.5,0,0,temperatura_cabina_c,True,-999.0,C_ORIGINAL,,,,,CAM-08,True,temperatura_cabina_c,temperatura_cabina_c:VALOR_CENTINELA,True,,GIAD-M3-S4-IOT-tratamiento-v3
459,2026-08-25 21:24:00,VIA-00020,ORD-2026-01231,CAM-20,PROD-039,-999.0,C,51.6,1,0,temperatura_cabina_c,True,-999.0,C_ORIGINAL,,,,,CAM-20,True,temperatura_cabina_c,temperatura_cabina_c:VALOR_CENTINELA,True,,GIAD-M3-S4-IOT-tratamiento-v3
469,2026-08-26 02:24:00,VIA-00020,ORD-2026-01231,CAM-20,PROD-039,-999.0,C,50.1,0,0,temperatura_cabina_c,True,-999.0,C_ORIGINAL,,,,,CAM-20,True,temperatura_cabina_c,temperatura_cabina_c:VALOR_CENTINELA,True,,GIAD-M3-S4-IOT-tratamiento-v3
477,2026-08-26 06:24:00,VIA-00020,ORD-2026-01231,CAM-20,PROD-039,,C,49.0,0,0,temperatura_cabina_c,True,,SIN_TRATAMIENTO,,,,,CAM-20,True,temperatura_cabina_c,temperatura_cabina_c:FALTANTE,True,,GIAD-M3-S4-IOT-tratamiento-v3
530,2026-08-14 16:48:00,VIA-00023,ORD-2026-01360,CAM-12,PROD-012,20.54,C,-45.2,0,0,humedad_cabina_pct,True,20.54,C_ORIGINAL,,,,,CAM-12,True,humedad_cabina_pct,humedad_cabina_pct:FUERA_RANGO,True,,GIAD-M3-S4-IOT-tratamiento-v3
533,2026-08-14 18:18:00,VIA-00023,ORD-2026-01360,CAM-12,PROD-012,18.69,C,,0,0,humedad_cabina_pct,True,18.69,C_ORIGINAL,,,,,CAM-12,True,humedad_cabina_pct,humedad_cabina_pct:FALTANTE,True,,GIAD-M3-S4-IOT-tratamiento-v3
598,2026-08-14 04:21:00,VIA-00025,ORD-2026-06241,CAM-24,PROD-052,4.38,C,,0,0,humedad_cabina_pct,True,4.38,C_ORIGINAL,,,,,CAM-24,True,humedad_cabina_pct,humedad_cabina_pct:FALTANTE,True,,GIAD-M3-S4-IOT-tratamiento-v3
643,2026-08-30 08:27:00,VIA-00027,ORD-2026-05466,CAM-20,PROD-026,-999.0,C,90.3,0,0,temperatura_cabina_c,True,-999.0,C_ORIGINAL,,,,,CAM-20,True,temperatura_cabina_c,temperatura_cabina_c:VALOR_CENTINELA,True,,GIAD-M3-S4-IOT-tratamiento-v3
757,2026-08-28 02:29:00,VIA-00032,ORD-2026-01878,CAM-24,PROD-058,,C,69.4,0,0,temperatura_cabina_c,True,,SIN_TRATAMIENTO,,,,,CAM-24,True,temperatura_cabina_c,temperatura_cabina_c:FALTANTE,True,,GIAD-M3-S4-IOT-tratamiento-v3
901,2026-08-30 03:44:00,VIA-00038,ORD-2026-05727,CAM-29,PROD-005,-999.0,C,48.7,0,0,temperatura_cabina_c,True,-999.0,C_ORIGINAL,,,,,CAM-29,True,temperatura_cabina_c,temperatura_cabina_c:VALOR_CENTINELA,True,,GIAD-M3-S4-IOT-tratamiento-v3
1079,2026-08-15 05:16:00,VIA-00045,ORD-2026-01164,CAM-22,PROD-039,,C,48.0,0,0,temperatura_cabina_c,True,,SIN_TRATAMIENTO,,,,,CAM-22,True,temperatura_cabina_c,temperatura_cabina_c:FALTANTE,True,,GIAD-M3-S4-IOT-tratamiento-v3
1101,2026-08-20 09:07:00,VIA-00046,ORD-2026-00641,CAM-09,PROD-033,-999.0,C,50.1,0,0,temperatura_cabina_c,True,-999.0,C_ORIGINAL,,,,,CAM-09,True,temperatura_cabina_c,temperatura_cabina_c:VALOR_CENTINELA,True,,GIAD-M3-S4-IOT-tratamiento-v3
1169,2026-08-08 08:14:00,VIA-00049,ORD-2026-02871,CAM-08,PROD-016,,C,68.1,0,0,temperatura_cabina_c,True,,SIN_TRATAMIENTO,,,,,CAM-08,True,temperatura_cabina_c,temperatura_cabina_c:FALTANTE,True,,GIAD-M3-S4-IOT-tratamiento-v3
1205,2026-08-06 06:54:00,VIA-00051,ORD-2026-04075,CAM-28,PROD-025,-999.0,C,77.8,0,0,temperatura_cabina_c,True,-999.0,C_ORIGINAL,,,,,CAM-28,True,temperatura_cabina_c,temperatura_cabina_c:VALOR_CENTINELA,True,,GIAD-M3-S4-IOT-tratamiento-v3
1208,2026-08-06 08:24:00,VIA-00051,ORD-2026-04075,CAM-28,PROD-025,-999.0,C,76.9,0,1,temperatura_cabina_c,True,-999.0,C_ORIGINAL,,,,,CAM-28,True,temperatura_cabina_c,temperatura_cabina_c:VALOR_CENTINELA,True,,GIAD-M3-S4-IOT-tratamiento-v3
1233,2026-08-21 05:29:00,VIA-00052,ORD-2026-02691,CAM-10,PROD-060,-999.0,C,59.0,0,0,temperatura_cabina_c,True,-999.0,C_ORIGINAL,,,,,CAM-10,True,temperatura_cabina_c,temperatura_cabina_c:VALOR_CENTINELA,True,,GIAD-M3-S4-IOT-tratamiento-v3
1276,2026-08-18 02:12:00,VIA-00054,ORD-2026-05811,CAM-10,PROD-041,-19.93,C,-72.7,0,0,humedad_cabina_pct,True,-19.93,C_ORIGINAL,,,,,CAM-10,True,humedad_cabina_pct,humedad_cabina_pct:FUERA_RANGO,True,,GIAD-M3-S4-IOT-tratamiento-v3
1286,2026-08-18 07:12:00,VIA-00054,ORD-2026-05811,CAM-10,PROD-041,,C,68.6,0,1,temperatura_cabina_c,True,,SIN_TRATAMIENTO,,,,,CAM-10,True,temperatura_cabina_c,temperatura_cabina_c:FALTANTE,True,,GIAD-M3-S4-IOT-tratamiento-v3
1336,2026-08-15 10:56:00,VIA-00056,ORD-2026-06250,CAM-11,PROD-006,,C,42.1,0,0,temperatura_cabina_c,True,,SIN_TRATAMIENTO,,,,,CAM-11,True,temperatura_cabina_c,temperatura_cabina_c:FALTANTE,True,,GIAD-M3-S4-IOT-tratamiento-v3
1402,2026-08-20 20:23:00,VIA-00059,ORD-2026-02676,CAM-07,PROD-055,-999.0,C,59.1,0,0,temperatura_cabina_c,True,-999.0,C_ORIGINAL,,,,,CAM-07,True,temperatura_cabina_c,temperatura_cabina_c:VALOR_CENTINELA,True,,GIAD-M3-S4-IOT-tratamiento-v3
1469,2026-08-23 12:32:00,VIA-00062,ORD-2026-02581,CAM-28,PROD-028,,C,56.8,0,0,temperatura_cabina_c,True,,SIN_TRATAMIENTO,,,,,CAM-28,True,temperatura_cabina_c,temperatura_cabina_c:FALTANTE,True,,GIAD-M3-S4-IOT-tratamiento-v3
1471,2026-08-23 13:32:00,VIA-00062,ORD-2026-02581,CAM-28,PROD-028,-999.0,C,37.7,0,0,temperatura_cabina_c,True,-999.0,C_ORIGINAL,,,,,CAM-28,True,temperatura_cabina_c,temperatura_cabina_c:VALOR_CENTINELA,True,,GIAD-M3-S4-IOT-tratamiento-v3
1594,2026-08-07 20:40:00,VIA-00067,ORD-2026-06592, cam-20 ,PROD-014,20.6,C,55.8,0,0,camion_id,True,20.6,C_ORIGINAL,,,,, cam-20 ,True,camion_id,camion_id:FORMATO_INVALIDO,True,,GIAD-M3-S4-IOT-tratamiento-v3
1660,2026-08-28 19:53:00,VIA-00070,ORD-2026-06154,CAM-19,PROD-040,-999.0,C,47.7,0,0,temperatura_cabina_c,True,-999.0,C_ORIGINAL,,,,,CAM-19,True,temperatura_cabina_c,temperatura_cabina_c:VALOR_CENTINELA,True,,GIAD-M3-S4-IOT-tratamiento-v3
1697,2026-08-14 00:26:00,VIA-00071,ORD-2026-02585, cam-10 ,PROD-026,10.34,C,69.8,1,1,camion_id,True,10.34,C_ORIGINAL,,,,, cam-10 ,True,camion_id,camion_id:FORMATO_INVALIDO,True,,GIAD-M3-S4-IOT-tratamiento-v3
1730,2026-08-17 05:56:00,VIA-00073,ORD-2026-01330,CAM-13,PROD-018,,C,51.9,0,0,temperatura_cabina_c,True,,SIN_TRATAMIENTO,,,,,CAM-13,True,temperatura_cabina_c,temperatura_cabina_c:FALTANTE,True,,GIAD-M3-S4-IOT-tratamiento-v3
1750,2026-08-17 15:56:00,VIA-00073,ORD-2026-01330,CAM-13,PROD-018,-999.0,C,56.8,0,0,temperatura_cabina_c,True,-999.0,C_ORIGINAL,,,,,CAM-13,True,temperatura_cabina_c,temperatura_cabina_c:VALOR_CENTINELA,True,,GIAD-M3-S4-IOT-tratamiento-v3
1756,2026-08-02 06:22:00,VIA-00074,ORD-2026-04869, cam-15 ,PROD-032,17.26,C,43.8,0,0,camion_id,True,17.26,C_ORIGINAL,,,,, cam-15 ,True,camion_id,camion_id:FORMATO_INVALIDO,True,,GIAD-M3-S4-IOT-tratamiento-v3
1798,2026-08-11 16:29:00,VIA-00075,ORD-2026-03282,CAM-08,PROD-057,19.83,C,,0,0,humedad_cabina_pct,True,19.83,C_ORIGINAL,,,,,CAM-08,True,humedad_cabina_pct,humedad_cabina_pct:FALTANTE,True,,GIAD-M3-S4-IOT-tratamiento-v3
1967,2026-08-02 19:35:00,VIA-00082,ORD-2026-06630,CAM-18,PROD-033,,C,59.3,0,0,temperatura_cabina_c,True,,SIN_TRATAMIENTO,,,,,CAM-18,True,temperatura_cabina_c,temperatura_cabina_c:FALTANTE,True,,GIAD-M3-S4-IOT-tratamiento-v3
2184,2026-08-20 20:22:00,VIA-00091,ORD-2026-05940,CAM-26,PROD-053,-999.0,C,73.6,0,0,temperatura_cabina_c,True,-999.0,C_ORIGINAL,,,,,CAM-26,True,temperatura_cabina_c,temperatura_cabina_c:VALOR_CENTINELA,True,,GIAD-M3-S4-IOT-tratamiento-v3
2346,2026-08-26 20:55:00,VIA-00098,ORD-2026-01622,CAM-20,PROD-009,,C,81.9,0,0,temperatura_cabina_c,True,,SIN_TRATAMIENTO,,,,,CAM-20,True,temperatura_cabina_c,temperatura_cabina_c:FALTANTE,True,,GIAD-M3-S4-IOT-tratamiento-v3
2356,2026-08-16 05:53:00,VIA-00099,ORD-2026-03689,CAM-25,PROD-050,,C,45.2,0,0,temperatura_cabina_c,True,,SIN_TRATAMIENTO,,,,,CAM-25,True,temperatura_cabina_c,temperatura_cabina_c:FALTANTE,True,,GIAD-M3-S4-IOT-tratamiento-v3
2515,2026-08-05 22:43:00,VIA-00105,ORD-2026-04359, cam-01 ,PROD-034,3.24,C,77.7,0,0,camion_id,True,3.24,C_ORIGINAL,,,,, cam-01 ,True,camion_id,camion_id:FORMATO_INVALIDO,True,,GIAD-M3-S4-IOT-tratamiento-v3
2583,2026-08-31 06:41:00,VIA-00108,ORD-2026-04673,CAM-08,PROD-049,,C,73.4,0,0,temperatura_cabina_c,True,,SIN_TRATAMIENTO,,,,,CAM-08,True,temperatura_cabina_c,temperatura_cabina_c:FALTANTE,True,,GIAD-M3-S4-IOT-tratamiento-v3
2601,2026-08-08 22:28:00,VIA-00109,ORD-2026-06621,CAM-18,PROD-005,20.99,C,,0,0,humedad_cabina_pct,True,20.99,C_ORIGINAL,,,,,CAM-18,True,humedad_cabina_pct,humedad_cabina_pct:FALTANTE,True,,GIAD-M3-S4-IOT-tratamiento-v3
2788,2026-08-04 03:49:00,VIA-00117,ORD-2026-00035,CAM-26,PROD-036,3.96,C,,0,0,humedad_cabina_pct,True,3.96,C_ORIGINAL,,,,,CAM-26,True,humedad_cabina_pct,humedad_cabina_pct:FALTANTE,True,,GIAD-M3-S4-IOT-tratamiento-v3
2927,2026-08-23 22:16:00,VIA-00122,ORD-2026-04337,CAM-04,PROD-039,-999.0,C,56.6,0,0,temperatura_cabina_c,True,-999.0,C_ORIGINAL,,,,,CAM-04,True,temperatura_cabina_c,temperatura_cabina_c:VALOR_CENTINELA,True,,GIAD-M3-S4-IOT-tratamiento-v3
2990,2026-08-23 04:23:00,VIA-00125,ORD-2026-07330,CAM-19,PROD-010,,C,36.8,0,0,temperatura_cabina_c,True,,SIN_TRATAMIENTO,,,,,CAM-19,True,temperatura_cabina_c,temperatura_cabina_c:FALTANTE,True,,GIAD-M3-S4-IOT-tratamiento-v3
3019,2026-08-10 12:46:00,VIA-00126,ORD-2026-00648,CAM-20,PROD-036,4.51,C,,0,0,humedad_cabina_pct,True,4.51,C_ORIGINAL,,,,,CAM-20,True,humedad_cabina_pct,humedad_cabina_pct:FALTANTE,True,,GIAD-M3-S4-IOT-tratamiento-v3
3060,2026-08-20 16:03:00,VIA-00128,ORD-2026-02317,CAM-06,PROD-019,,C,45.4,0,0,temperatura_cabina_c,True,,SIN_TRATAMIENTO,,,,,CAM-06,True,temperatura_cabina_c,temperatura_cabina_c:FALTANTE,True,,GIAD-M3-S4-IOT-tratamiento-v3
3106,2026-08-18 16:46:00,VIA-00130,ORD-2026-06615,CAM-10,PROD-010,19.7,C,,0,0,humedad_cabina_pct,True,19.7,C_ORIGINAL,,,,,CAM-10,True,humedad_cabina_pct,humedad_cabina_pct:FALTANTE,True,,GIAD-M3-S4-IOT-tratamiento-v3
3201,2026-08-06 16:08:00,VIA-00134,ORD-2026-00288,CAM-04,PROD-030,19.72,C,,0,0,humedad_cabina_pct,True,19.72,C_ORIGINAL,,,,,CAM-04,True,humedad_cabina_pct,humedad_cabina_pct:FALTANTE,True,,GIAD-M3-S4-IOT-tratamiento-v3
3239,2026-08-04 19:56:00,VIA-00135,ORD-2026-02724, cam-12 ,PROD-010,19.51,C,44.1,0,0,camion_id,True,19.51,C_ORIGINAL,,,,, cam-12 ,True,camion_id,camion_id:FORMATO_INVALIDO,True,,GIAD-M3-S4-IOT-tratamiento-v3
3268,2026-08-29 14:59:00,VIA-00137,ORD-2026-06375,CAM-08,PROD-054,-999.0,C,85.2,0,0,temperatura_cabina_c,True,-999.0,C_ORIGINAL,,,,,CAM-08,True,temperatura_cabina_c,temperatura_cabina_c:VALOR_CENTINELA,True,,GIAD-M3-S4-IOT-tratamiento-v3
3272,2026-08-29 16:59:00,VIA-00137,ORD-2026-06375,CAM-08,PROD-054,-17.77,C,,0,0,humedad_cabina_pct,True,-17.77,C_ORIGINAL,,,,,CAM-08,True,humedad_cabina_pct,humedad_cabina_pct:FALTANTE,True,,GIAD-M3-S4-IOT-tratamiento-v3
3300,2026-08-28 17:57:00,VIA-00138,ORD-2026-05332,CAM-25,PROD-060,-17.81,C,,0,1,humedad_cabina_pct,True,-17.81,C_ORIGINAL,,,,,CAM-25,True,humedad_cabina_pct,humedad_cabina_pct:FALTANTE,True,,GIAD-M3-S4-IOT-tratamiento-v3
3307,2026-08-28 21:27:00,VIA-00138,ORD-2026-05332,CAM-25,PROD-060,-999.0,C,79.0,0,0,temperatura_cabina_c,True,-999.0,C_ORIGINAL,,,,,CAM-25,True,temperatura_cabina_c,temperatura_cabina_c:VALOR_CENTINELA,True,,GIAD-M3-S4-IOT-tratamiento-v3
3343,2026-08-15 23:23:00,VIA-00140,ORD-2026-03911,CAM-15,PROD-027,3.36,C,,0,0,humedad_cabina_pct,True,3.36,C_ORIGINAL,,,,,CAM-15,True,humedad_cabina_pct,humedad_cabina_pct:FALTANTE,True,,GIAD-M3-S4-IOT-tratamiento-v3
3349,2026-08-16 02:23:00,VIA-00140,ORD-2026-03911,CAM-15,PROD-027,3.58,C,,0,0,humedad_cabina_pct,True,3.58,C_ORIGINAL,,,,,CAM-15,True,humedad_cabina_pct,humedad_cabina_pct:FALTANTE,True,,GIAD-M3-S4-IOT-tratamiento-v3
3417,2026-08-11 09:01:00,VIA-00143,ORD-2026-01542,CAM-19,PROD-047,-999.0,C,78.7,0,0,temperatura_cabina_c,True,-999.0,C_ORIGINAL,,,,,CAM-19,True,temperatura_cabina_c,temperatura_cabina_c:VALOR_CENTINELA,True,,GIAD-M3-S4-IOT-tratamiento-v3
3617,2026-08-29 19:50:00,VIA-00151,ORD-2026-05731,CAM-23,PROD-048,,C,47.4,0,0,temperatura_cabina_c,True,,SIN_TRATAMIENTO,,,,,CAM-23,True,temperatura_cabina_c,temperatura_cabina_c:FALTANTE,True,,GIAD-M3-S4-IOT-tratamiento-v3
3793,2026-08-26 22:23:00,VIA-00159,ORD-2026-06805, cam-10 ,PROD-011,-17.36,C,66.3,0,0,camion_id,True,-17.36,C_ORIGINAL,,,,, cam-10 ,True,camion_id,camion_id:FORMATO_INVALIDO,True,,GIAD-M3-S4-IOT-tratamiento-v3
4011,2026-08-08 15:20:00,VIA-00168,ORD-2026-03448,CAM-19,PROD-020,-999.0,C,48.9,0,0,temperatura_cabina_c,True,-999.0,C_ORIGINAL,,,,,CAM-19,True,temperatura_cabina_c,temperatura_cabina_c:VALOR_CENTINELA,True,,GIAD-M3-S4-IOT-tratamiento-v3
4059,2026-08-03 10:07:00,VIA-00170,ORD-2026-04828,CAM-01,PROD-045,4.13,C,,0,0,humedad_cabina_pct,True,4.13,C_ORIGINAL,,,,,CAM-01,True,humedad_cabina_pct,humedad_cabina_pct:FALTANTE,True,,GIAD-M3-S4-IOT-tratamiento-v3
4065,2026-08-03 13:07:00,VIA-00170,ORD-2026-04828,CAM-01,PROD-045,2.59,C,,0,0,humedad_cabina_pct,True,2.59,C_ORIGINAL,,,,,CAM-01,True,humedad_cabina_pct,humedad_cabina_pct:FALTANTE,True,,GIAD-M3-S4-IOT-tratamiento-v3
4067,2026-08-03 14:07:00,VIA-00170,ORD-2026-04828,CAM-01,PROD-045,4.02,C,,0,1,humedad_cabina_pct,True,4.02,C_ORIGINAL,,,,,CAM-01,True,humedad_cabina_pct,humedad_cabina_pct:FALTANTE,True,,GIAD-M3-S4-IOT-tratamiento-v3
4102,2026-08-21 22:55:00,VIA-00171,ORD-2026-04015,CAM-03,PROD-018,,C,48.9,0,0,temperatura_cabina_c,True,,SIN_TRATAMIENTO,,,,,CAM-03,True,temperatura_cabina_c,temperatura_cabina_c:FALTANTE,True,,GIAD-M3-S4-IOT-tratamiento-v3
4423,2026-08-22 07:54:00,VIA-00185,ORD-2026-00226,CAM-15,PROD-017,23.81,C,,0,0,humedad_cabina_pct,True,23.81,C_ORIGINAL,,,,,CAM-15,True,humedad_cabina_pct,humedad_cabina_pct:FALTANTE,True,,GIAD-M3-S4-IOT-tratamiento-v3
4537,2026-02-31 09:15:00,VIA-00190,ORD-2026-07185,CAM-28,PROD-051,-17.76,C,76.6,0,0,timestamp,True,-17.76,C_ORIGINAL,,,,,CAM-28,True,timestamp,timestamp:FECHA_INVALIDA,True,,GIAD-M3-S4-IOT-tratamiento-v3
4576,2026-08-16 02:33:00,VIA-00191,ORD-2026-06851,CAM-21,PROD-003,18.94,C,,0,0,humedad_cabina_pct,True,18.94,C_ORIGINAL,,,,,CAM-21,True,humedad_cabina_pct,humedad_cabina_pct:FALTANTE,True,,GIAD-M3-S4-IOT-tratamiento-v3
4593,2026-08-23 05:30:00,VIA-00192,ORD-2026-05621,CAM-11,PROD-004,,C,86.5,0,0,temperatura_cabina_c,True,,SIN_TRATAMIENTO,,,,,CAM-11,True,temperatura_cabina_c,temperatura_cabina_c:FALTANTE,True,,GIAD-M3-S4-IOT-tratamiento-v3
4599,2026-08-23 08:30:00,VIA-00192,ORD-2026-05621,CAM-11,PROD-004,,C,68.2,0,0,temperatura_cabina_c,True,,SIN_TRATAMIENTO,,,,,CAM-11,True,temperatura_cabina_c,temperatura_cabina_c:FALTANTE,True,,GIAD-M3-S4-IOT-tratamiento-v3
4621,2026-08-26 15:37:00,VIA-00193,ORD-2026-02501, cam-19 ,PROD-015,4.13,C,70.6,0,0,camion_id,True,4.13,C_ORIGINAL,,,,, cam-19 ,True,camion_id,camion_id:FORMATO_INVALIDO,True,,GIAD-M3-S4-IOT-tratamiento-v3
4674,2026-08-24 08:13:00,VIA-00195,ORD-2026-01977,CAM-26,PROD-011,,C,84.2,0,0,temperatura_cabina_c,True,,SIN_TRATAMIENTO,,,,,CAM-26,True,temperatura_cabina_c,temperatura_cabina_c:FALTANTE,True,,GIAD-M3-S4-IOT-tratamiento-v3
4768,2026-02-31 09:15:00,VIA-00199,ORD-2026-04716,CAM-28,PROD-012,16.79,C,42.4,0,0,timestamp,True,16.79,C_ORIGINAL,,,,,CAM-28,True,timestamp,timestamp:FECHA_INVALIDA,True,,GIAD-M3-S4-IOT-tratamiento-v3
4836,2026-08-14 14:06:00,VIA-00202,ORD-2026-05095,CAM-30,PROD-018,-999.0,C,46.9,0,0,temperatura_cabina_c,True,-999.0,C_ORIGINAL,,,,,CAM-30,True,temperatura_cabina_c,temperatura_cabina_c:VALOR_CENTINELA,True,,GIAD-M3-S4-IOT-tratamiento-v3
4907,2026-08-25 01:12:00,VIA-00205,ORD-2026-02007,CAM-08,PROD-045,2.84,C,,0,0,humedad_cabina_pct,True,2.84,C_ORIGINAL,,,,,CAM-08,True,humedad_cabina_pct,humedad_cabina_pct:FALTANTE,True,,GIAD-M3-S4-IOT-tratamiento-v3
5043,2026-08-02 02:10:00,VIA-00211,ORD-2026-00598,CAM-08,PROD-038,-999.0,C,52.2,0,1,temperatura_cabina_c,True,-999.0,C_ORIGINAL,,,,,CAM-08,True,temperatura_cabina_c,temperatura_cabina_c:VALOR_CENTINELA,True,,GIAD-M3-S4-IOT-tratamiento-v3
5113,2026-08-02 10:22:00,VIA-00214,ORD-2026-00997,CAM-08,PROD-047,4.16,C,,0,0,humedad_cabina_pct,True,4.16,C_ORIGINAL,,,,,CAM-08,True,humedad_cabina_pct,humedad_cabina_pct:FALTANTE,True,,GIAD-M3-S4-IOT-tratamiento-v3
5161,2026-08-18 12:40:00,VIA-00216,ORD-2026-00969,CAM-08,PROD-060,-999.0,C,75.3,0,0,temperatura_cabina_c,True,-999.0,C_ORIGINAL,,,,,CAM-08,True,temperatura_cabina_c,temperatura_cabina_c:VALOR_CENTINELA,True,,GIAD-M3-S4-IOT-tratamiento-v3
5222,2026-08-26 13:40:00,VIA-00218,ORD-2026-05490,CAM-17,PROD-059,-999.0,C,49.9,0,0,temperatura_cabina_c,True,-999.0,C_ORIGINAL,,,,,CAM-17,True,temperatura_cabina_c,temperatura_cabina_c:VALOR_CENTINELA,True,,GIAD-M3-S4-IOT-tratamiento-v3
5252,2026-08-31 04:55:00,VIA-00219,ORD-2026-04699,CAM-19,PROD-029,-999.0,C,48.9,0,0,temperatura_cabina_c,True,-999.0,C_ORIGINAL,,,,,CAM-19,True,temperatura_cabina_c,temperatura_cabina_c:VALOR_CENTINELA,True,,GIAD-M3-S4-IOT-tratamiento-v3
5307,2026-08-30 01:18:00,VIA-00222,ORD-2026-02741,CAM-15,PROD-008,-18.21,C,,0,0,humedad_cabina_pct,True,-18.21,C_ORIGINAL,,,,,CAM-15,True,humedad_cabina_pct,humedad_cabina_pct:FALTANTE,True,,GIAD-M3-S4-IOT-tratamiento-v3
5316,2026-08-30 05:48:00,VIA-00222,ORD-2026-02741,CAM-15,PROD-008,,C,66.7,1,1,temperatura_cabina_c,True,,SIN_TRATAMIENTO,,,,,CAM-15,True,temperatura_cabina_c,temperatura_cabina_c:FALTANTE,True,,GIAD-M3-S4-IOT-tratamiento-v3
5331,2026-08-21 07:57:00,VIA-00223,ORD-2026-00607, cam-24 ,PROD-029,23.32,C,48.7,0,0,camion_id,True,23.32,C_ORIGINAL,,,,, cam-24 ,True,camion_id,camion_id:FORMATO_INVALIDO,True,,GIAD-M3-S4-IOT-tratamiento-v3
5370,2026-08-22 01:33:00,VIA-00224,ORD-2026-04902,CAM-04,PROD-006,-999.0,C,41.6,0,0,temperatura_cabina_c,True,-999.0,C_ORIGINAL,,,,,CAM-04,True,temperatura_cabina_c,temperatura_cabina_c:VALOR_CENTINELA,True,,GIAD-M3-S4-IOT-tratamiento-v3
5371,2026-08-22 02:03:00,VIA-00224,ORD-2026-04902,CAM-04,PROD-006,21.63,C,,0,0,humedad_cabina_pct,True,21.63,C_ORIGINAL,,,,,CAM-04,True,humedad_cabina_pct,humedad_cabina_pct:FALTANTE,True,,GIAD-M3-S4-IOT-tratamiento-v3
5468,2026-08-08 14:04:00,VIA-00228,ORD-2026-02255,CAM-16,PROD-048,19.07,C,,0,0,humedad_cabina_pct,True,19.07,C_ORIGINAL,,,,,CAM-16,True,humedad_cabina_pct,humedad_cabina_pct:FALTANTE,True,,GIAD-M3-S4-IOT-tratamiento-v3
5609,2026-08-18 04:25:00,VIA-00234,ORD-2026-01178,CAM-03,PROD-010,,C,50.7,0,0,temperatura_cabina_c,True,,SIN_TRATAMIENTO,,,,,CAM-03,True,temperatura_cabina_c,temperatura_cabina_c:FALTANTE,True,,GIAD-M3-S4-IOT-tratamiento-v3
5628,2026-08-23 21:33:00,VIA-00235,ORD-2026-04152,CAM-10,PROD-035,-999.0,C,72.8,0,0,temperatura_cabina_c,True,-999.0,C_ORIGINAL,,,,,CAM-10,True,temperatura_cabina_c,temperatura_cabina_c:VALOR_CENTINELA,True,,GIAD-M3-S4-IOT-tratamiento-v3
5823,2026-02-31 09:15:00,VIA-00243,ORD-2026-02147,CAM-24,PROD-058,-17.9,C,74.8,0,0,timestamp,True,-17.9,C_ORIGINAL,,,,,CAM-24,True,timestamp,timestamp:FECHA_INVALIDA,True,,GIAD-M3-S4-IOT-tratamiento-v3
5856,2026-08-20 20:53:00,VIA-00244,ORD-2026-06776,CAM-08,PROD-027,,C,67.8,0,0,temperatura_cabina_c,True,,SIN_TRATAMIENTO,,,,,CAM-08,True,temperatura_cabina_c,temperatura_cabina_c:FALTANTE,True,,GIAD-M3-S4-IOT-tratamiento-v3
5957,2026-08-22 03:58:00,VIA-00249,ORD-2026-05604, cam-08 ,PROD-025,-19.29,C,66.3,0,0,camion_id,True,-19.29,C_ORIGINAL,,,,, cam-08 ,True,camion_id,camion_id:FORMATO_INVALIDO,True,,GIAD-M3-S4-IOT-tratamiento-v3
6174,2026-08-18 08:24:00,VIA-00258,ORD-2026-04678,CAM-08,PROD-058,-999.0,C,81.8,0,0,temperatura_cabina_c,True,-999.0,C_ORIGINAL,,,,,CAM-08,True,temperatura_cabina_c,temperatura_cabina_c:VALOR_CENTINELA,True,,GIAD-M3-S4-IOT-tratamiento-v3
6244,2026-08-17 17:53:00,VIA-00261,ORD-2026-04087, cam-29 ,PROD-016,21.26,C,28.6,0,0,camion_id,True,21.26,C_ORIGINAL,,,,, cam-29 ,True,camion_id,camion_id:FORMATO_INVALIDO,True,,GIAD-M3-S4-IOT-tratamiento-v3
6397,2026-08-14 03:37:00,VIA-00267,ORD-2026-07158,CAM-03,PROD-012,,C,51.8,0,0,temperatura_cabina_c,True,,SIN_TRATAMIENTO,,,,,CAM-03,True,temperatura_cabina_c,temperatura_cabina_c:FALTANTE,True,,GIAD-M3-S4-IOT-tratamiento-v3
6473,2026-08-17 23:51:00,VIA-00270,ORD-2026-02523,CAM-08,PROD-004,3.98,C,,0,0,humedad_cabina_pct,True,3.98,C_ORIGINAL,,,,,CAM-08,True,humedad_cabina_pct,humedad_cabina_pct:FALTANTE,True,,GIAD-M3-S4-IOT-tratamiento-v3
6477,2026-08-18 01:51:00,VIA-00270,ORD-2026-02523,CAM-08,PROD-004,-999.0,C,87.0,0,0,temperatura_cabina_c,True,-999.0,C_ORIGINAL,,,,,CAM-08,True,temperatura_cabina_c,temperatura_cabina_c:VALOR_CENTINELA,True,,GIAD-M3-S4-IOT-tratamiento-v3
6562,2026-08-21 04:56:00,VIA-00274,ORD-2026-00557, cam-15 ,PROD-015,8.26,C,74.6,1,1,camion_id,True,8.26,C_ORIGINAL,,,,, cam-15 ,True,camion_id,camion_id:FORMATO_INVALIDO,True,,GIAD-M3-S4-IOT-tratamiento-v3
6767,2026-08-26 05:34:00,VIA-00282,ORD-2026-02946,CAM-08,PROD-006,21.7,C,,0,0,humedad_cabina_pct,True,21.7,C_ORIGINAL,,,,,CAM-08,True,humedad_cabina_pct,humedad_cabina_pct:FALTANTE,True,,GIAD-M3-S4-IOT-tratamiento-v3
6832,2026-08-30 04:39:00,VIA-00285,ORD-2026-05247,CAM-02,PROD-047,3.94,C,,0,0,humedad_cabina_pct,True,3.94,C_ORIGINAL,,,,,CAM-02,True,humedad_cabina_pct,humedad_cabina_pct:FALTANTE,True,,GIAD-M3-S4-IOT-tratamiento-v3
7173,2026-08-12 13:29:00,VIA-00299,ORD-2026-05162,CAM-08,PROD-043,-17.25,C,-81.2,0,0,humedad_cabina_pct,True,-17.25,C_ORIGINAL,,,,,CAM-08,True,humedad_cabina_pct,humedad_cabina_pct:FUERA_RANGO,True,,GIAD-M3-S4-IOT-tratamiento-v3
7228,2026-08-26 14:21:00,VIA-00302,ORD-2026-00057,CAM-20,PROD-045,-999.0,C,71.7,0,0,temperatura_cabina_c,True,-999.0,C_ORIGINAL,,,,,CAM-20,True,temperatura_cabina_c,temperatura_cabina_c:VALOR_CENTINELA,True,,GIAD-M3-S4-IOT-tratamiento-v3
7245,2026-08-26 22:51:00,VIA-00302,ORD-2026-00057,CAM-20,PROD-045,4.76,C,,0,0,humedad_cabina_pct,True,4.76,C_ORIGINAL,,,,,CAM-20,True,humedad_cabina_pct,humedad_cabina_pct:FALTANTE,True,,GIAD-M3-S4-IOT-tratamiento-v3
7256,2026-08-07 06:24:00,VIA-00303,ORD-2026-03846,CAM-02,PROD-044,5.42,C,,0,0,humedad_cabina_pct,True,5.42,C_ORIGINAL,,,,,CAM-02,True,humedad_cabina_pct,humedad_cabina_pct:FALTANTE,True,,GIAD-M3-S4-IOT-tratamiento-v3
7331,2026-08-05 05:12:00,VIA-00306,ORD-2026-06512,CAM-24,PROD-045,-999.0,C,67.2,0,0,temperatura_cabina_c,True,-999.0,C_ORIGINAL,,,,,CAM-24,True,temperatura_cabina_c,temperatura_cabina_c:VALOR_CENTINELA,True,,GIAD-M3-S4-IOT-tratamiento-v3
7391,2026-08-16 21:21:00,VIA-00308,ORD-2026-02207,CAM-01,PROD-053,,C,94.3,0,0,temperatura_cabina_c,True,,SIN_TRATAMIENTO,,,,,CAM-01,True,temperatura_cabina_c,temperatura_cabina_c:FALTANTE,True,,GIAD-M3-S4-IOT-tratamiento-v3
7455,2026-08-05 13:28:00,VIA-00311,ORD-2026-02949,CAM-24,PROD-024,22.52,C,,0,0,humedad_cabina_pct,True,22.52,C_ORIGINAL,,,,,CAM-24,True,humedad_cabina_pct,humedad_cabina_pct:FALTANTE,True,,GIAD-M3-S4-IOT-tratamiento-v3
7467,2026-08-03 13:00:00,VIA-00312,ORD-2026-02434,CAM-19,PROD-043,-999.0,C,58.3,0,0,temperatura_cabina_c,True,-999.0,C_ORIGINAL,,,,,CAM-19,True,temperatura_cabina_c,temperatura_cabina_c:VALOR_CENTINELA,True,,GIAD-M3-S4-IOT-tratamiento-v3
7583,2026-08-18 15:59:00,VIA-00316,ORD-2026-04476,CAM-11,PROD-021,,C,75.0,0,0,temperatura_cabina_c,True,,SIN_TRATAMIENTO,,,,,CAM-11,True,temperatura_cabina_c,temperatura_cabina_c:FALTANTE,True,,GIAD-M3-S4-IOT-tratamiento-v3
7681,2026-08-07 14:40:00,VIA-00321,ORD-2026-04625,CAM-21,PROD-005,18.9,C,-50.5,0,0,humedad_cabina_pct,True,18.9,C_ORIGINAL,,,,,CAM-21,True,humedad_cabina_pct,humedad_cabina_pct:FUERA_RANGO,True,,GIAD-M3-S4-IOT-tratamiento-v3
7749,2026-08-07 10:26:00,VIA-00323,ORD-2026-06309,CAM-24,PROD-002,-999.0,C,51.2,0,0,temperatura_cabina_c,True,-999.0,C_ORIGINAL,,,,,CAM-24,True,temperatura_cabina_c,temperatura_cabina_c:VALOR_CENTINELA,True,,GIAD-M3-S4-IOT-tratamiento-v3
7776,2026-08-19 17:26:00,VIA-00324,ORD-2026-05843,CAM-03,PROD-057,,C,51.0,0,0,temperatura_cabina_c,True,,SIN_TRATAMIENTO,,,,,CAM-03,True,temperatura_cabina_c,temperatura_cabina_c:FALTANTE,True,,GIAD-M3-S4-IOT-tratamiento-v3
7782,2026-08-30 19:56:00,VIA-00325,ORD-2026-00169,CAM-27,PROD-048,,C,48.9,0,0,temperatura_cabina_c,True,,SIN_TRATAMIENTO,,,,,CAM-27,True,temperatura_cabina_c,temperatura_cabina_c:FALTANTE,True,,GIAD-M3-S4-IOT-tratamiento-v3
7832,2026-08-29 05:39:00,VIA-00327,ORD-2026-04344,CAM-26,PROD-029,-999.0,C,49.6,0,0,temperatura_cabina_c,True,-999.0,C_ORIGINAL,,,,,CAM-26,True,temperatura_cabina_c,temperatura_cabina_c:VALOR_CENTINELA,True,,GIAD-M3-S4-IOT-tratamiento-v3
7898,2026-08-09 02:20:00,VIA-00330,ORD-2026-02220, cam-19 ,PROD-044,4.82,C,77.1,0,0,camion_id,True,4.82,C_ORIGINAL,,,,, cam-19 ,True,camion_id,camion_id:FORMATO_INVALIDO,True,,GIAD-M3-S4-IOT-tratamiento-v3
7941,2026-08-16 02:23:00,VIA-00331,ORD-2026-03610,CAM-22,PROD-043,-19.3,C,,0,0,humedad_cabina_pct,True,-19.3,C_ORIGINAL,,,,,CAM-22,True,humedad_cabina_pct,humedad_cabina_pct:FALTANTE,True,,GIAD-M3-S4-IOT-tratamiento-v3
8028,2026-08-29 14:16:00,VIA-00335,ORD-2026-07179,CAM-29,PROD-030,,C,37.7,0,0,temperatura_cabina_c,True,,SIN_TRATAMIENTO,,,,,CAM-29,True,temperatura_cabina_c,temperatura_cabina_c:FALTANTE,True,,GIAD-M3-S4-IOT-tratamiento-v3
8232,2026-08-09 00:00:00,VIA-00343,ORD-2026-06413,CAM-08,PROD-036,3.43,C,,0,0,humedad_cabina_pct,True,3.43,C_ORIGINAL,,,,,CAM-08,True,humedad_cabina_pct,humedad_cabina_pct:FALTANTE,True,,GIAD-M3-S4-IOT-tratamiento-v3
8389,2026-08-04 05:36:00,VIA-00350,ORD-2026-03587,CAM-21,PROD-018,-999.0,C,51.5,0,0,temperatura_cabina_c,True,-999.0,C_ORIGINAL,,,,,CAM-21,True,temperatura_cabina_c,temperatura_cabina_c:VALOR_CENTINELA,True,,GIAD-M3-S4-IOT-tratamiento-v3
8559,2026-08-04 19:26:00,VIA-00357,ORD-2026-04496,CAM-19,PROD-043,-999.0,C,69.6,0,0,temperatura_cabina_c,True,-999.0,C_ORIGINAL,,,,,CAM-19,True,temperatura_cabina_c,temperatura_cabina_c:VALOR_CENTINELA,True,,GIAD-M3-S4-IOT-tratamiento-v3
8696,2026-02-31 09:15:00,VIA-00363,ORD-2026-07429,CAM-10,PROD-001,2.74,C,70.2,0,0,timestamp,True,2.74,C_ORIGINAL,,,,,CAM-10,True,timestamp,timestamp:FECHA_INVALIDA,True,,GIAD-M3-S4-IOT-tratamiento-v3
9088,2026-08-14 07:26:00,VIA-00379,ORD-2026-04281,CAM-08,PROD-008,-999.0,C,69.1,0,0,temperatura_cabina_c,True,-999.0,C_ORIGINAL,,,,,CAM-08,True,temperatura_cabina_c,temperatura_cabina_c:VALOR_CENTINELA,True,,GIAD-M3-S4-IOT-tratamiento-v3
9173,2026-08-19 16:14:00,VIA-00383,ORD-2026-04230, cam-26 ,PROD-060,-17.93,C,76.5,0,0,camion_id,True,-17.93,C_ORIGINAL,,,,, cam-26 ,True,camion_id,camion_id:FORMATO_INVALIDO,True,,GIAD-M3-S4-IOT-tratamiento-v3
9200,2026-08-15 12:23:00,VIA-00384,ORD-2026-00605, cam-06 ,PROD-014,21.11,C,52.8,0,0,camion_id,True,21.11,C_ORIGINAL,,,,, cam-06 ,True,camion_id,camion_id:FORMATO_INVALIDO,True,,GIAD-M3-S4-IOT-tratamiento-v3
9215,2026-08-15 19:53:00,VIA-00384,ORD-2026-00605,CAM-06,PROD-014,-999.0,C,52.6,0,0,temperatura_cabina_c,True,-999.0,C_ORIGINAL,,,,,CAM-06,True,temperatura_cabina_c,temperatura_cabina_c:VALOR_CENTINELA,True,,GIAD-M3-S4-IOT-tratamiento-v3
9333,2026-08-28 14:17:00,VIA-00389,ORD-2026-02236,CAM-26,PROD-058,,C,69.6,0,0,temperatura_cabina_c,True,,SIN_TRATAMIENTO,,,,,CAM-26,True,temperatura_cabina_c,temperatura_cabina_c:FALTANTE,True,,GIAD-M3-S4-IOT-tratamiento-v3
9382,2026-08-11 04:47:00,VIA-00391,ORD-2026-06429,CAM-19,PROD-028,-999.0,C,41.1,0,0,temperatura_cabina_c,True,-999.0,C_ORIGINAL,,,,,CAM-19,True,temperatura_cabina_c,temperatura_cabina_c:VALOR_CENTINELA,True,,GIAD-M3-S4-IOT-tratamiento-v3
9412,2026-08-10 20:00:00,VIA-00393,ORD-2026-02901,CAM-18,PROD-032,19.92,C,,0,0,humedad_cabina_pct,True,19.92,C_ORIGINAL,,,,,CAM-18,True,humedad_cabina_pct,humedad_cabina_pct:FALTANTE,True,,GIAD-M3-S4-IOT-tratamiento-v3
9456,2026-02-31 09:15:00,VIA-00394,ORD-2026-07231,CAM-25,PROD-046,19.91,C,41.7,0,0,timestamp,True,19.91,C_ORIGINAL,,,,,CAM-25,True,timestamp,timestamp:FECHA_INVALIDA,True,,GIAD-M3-S4-IOT-tratamiento-v3
9525,2026-08-27 02:12:00,VIA-00397,ORD-2026-06382,CAM-02,PROD-002,-999.0,C,49.9,0,0,temperatura_cabina_c,True,-999.0,C_ORIGINAL,,,,,CAM-02,True,temperatura_cabina_c,temperatura_cabina_c:VALOR_CENTINELA,True,,GIAD-M3-S4-IOT-tratamiento-v3
9735,2026-08-08 05:57:00,VIA-00406,ORD-2026-06686,CAM-20,PROD-046,-999.0,C,56.3,0,0,temperatura_cabina_c,True,-999.0,C_ORIGINAL,,,,,CAM-20,True,temperatura_cabina_c,temperatura_cabina_c:VALOR_CENTINELA,True,,GIAD-M3-S4-IOT-tratamiento-v3
9741,2026-08-08 08:57:00,VIA-00406,ORD-2026-06686, cam-20 ,PROD-046,18.19,C,37.2,0,0,camion_id,True,18.19,C_ORIGINAL,,,,, cam-20 ,True,camion_id,camion_id:FORMATO_INVALIDO,True,,GIAD-M3-S4-IOT-tratamiento-v3
9816,2026-08-14 19:49:00,VIA-00409,ORD-2026-00947, cam-28 ,PROD-003,19.41,C,30.3,0,0,camion_id,True,19.41,C_ORIGINAL,,,,, cam-28 ,True,camion_id,camion_id:FORMATO_INVALIDO,True,,GIAD-M3-S4-IOT-tratamiento-v3
9968,2026-08-04 16:19:00,VIA-00416,ORD-2026-01855,CAM-22,PROD-015,5.24,C,,0,0,humedad_cabina_pct,True,5.24,C_ORIGINAL,,,,,CAM-22,True,humedad_cabina_pct,humedad_cabina_pct:FALTANTE,True,,GIAD-M3-S4-IOT-tratamiento-v3
10021,2026-08-05 08:02:00,VIA-00418,ORD-2026-05862,CAM-09,PROD-005,,C,46.9,0,0,temperatura_cabina_c,True,,SIN_TRATAMIENTO,,,,,CAM-09,True,temperatura_cabina_c,temperatura_cabina_c:FALTANTE,True,,GIAD-M3-S4-IOT-tratamiento-v3
10080,2026-08-03 21:51:00,VIA-00420,ORD-2026-02885,CAM-15,PROD-035,,C,61.5,0,0,temperatura_cabina_c,True,,SIN_TRATAMIENTO,,,,,CAM-15,True,temperatura_cabina_c,temperatura_cabina_c:FALTANTE,True,,GIAD-M3-S4-IOT-tratamiento-v3
10093,2026-08-30 04:23:00,VIA-00421,ORD-2026-05712,CAM-15,PROD-025,-999.0,C,60.0,0,0,temperatura_cabina_c,True,-999.0,C_ORIGINAL,,,,,CAM-15,True,temperatura_cabina_c,temperatura_cabina_c:VALOR_CENTINELA,True,,GIAD-M3-S4-IOT-tratamiento-v3
10123,2026-02-31 09:15:00,VIA-00422,ORD-2026-00525,CAM-20,PROD-001,36.52,F,64.4,0,0,temp_unit|timestamp,True,2.511111,F_A_C,,,,,CAM-20,True,temp_unit|timestamp,timestamp:FECHA_INVALIDA,True,F_A_C,GIAD-M3-S4-IOT-tratamiento-v3
10240,2026-08-19 02:56:00,VIA-00427,ORD-2026-04049,CAM-18,PROD-006,19.56,C,,0,0,humedad_cabina_pct,True,19.56,C_ORIGINAL,,,,,CAM-18,True,humedad_cabina_pct,humedad_cabina_pct:FALTANTE,True,,GIAD-M3-S4-IOT-tratamiento-v3
10284,2026-08-16 01:33:00,VIA-00429,ORD-2026-04991,CAM-24,PROD-013,-999.0,C,74.6,0,0,temperatura_cabina_c,True,-999.0,C_ORIGINAL,,,,,CAM-24,True,temperatura_cabina_c,temperatura_cabina_c:VALOR_CENTINELA,True,,GIAD-M3-S4-IOT-tratamiento-v3
10286,2026-08-16 02:33:00,VIA-00429,ORD-2026-04991,CAM-24,PROD-013,-999.0,C,79.5,0,0,temperatura_cabina_c,True,-999.0,C_ORIGINAL,,,,,CAM-24,True,temperatura_cabina_c,temperatura_cabina_c:VALOR_CENTINELA,True,,GIAD-M3-S4-IOT-tratamiento-v3
10287,2026-08-16 03:03:00,VIA-00429,ORD-2026-04991, cam-24 ,PROD-013,4.41,C,82.0,0,0,camion_id,True,4.41,C_ORIGINAL,,,,, cam-24 ,True,camion_id,camion_id:FORMATO_INVALIDO,True,,GIAD-M3-S4-IOT-tratamiento-v3
10309,2026-08-03 14:12:00,VIA-00430,ORD-2026-02197,CAM-20,PROD-041,-18.14,C,,0,0,humedad_cabina_pct,True,-18.14,C_ORIGINAL,,,,,CAM-20,True,humedad_cabina_pct,humedad_cabina_pct:FALTANTE,True,,GIAD-M3-S4-IOT-tratamiento-v3
10372,2026-08-29 22:23:00,VIA-00433,ORD-2026-00959,CAM-10,PROD-023,,C,80.7,0,0,temperatura_cabina_c,True,,SIN_TRATAMIENTO,,,,,CAM-10,True,temperatura_cabina_c,temperatura_cabina_c:FALTANTE,True,,GIAD-M3-S4-IOT-tratamiento-v3
10385,2026-08-30 04:53:00,VIA-00433,ORD-2026-00959,CAM-10,PROD-023,3.95,C,,0,0,humedad_cabina_pct,True,3.95,C_ORIGINAL,,,,,CAM-10,True,humedad_cabina_pct,humedad_cabina_pct:FALTANTE,True,,GIAD-M3-S4-IOT-tratamiento-v3
10404,2026-08-21 13:05:00,VIA-00434,ORD-2026-01323,CAM-08,PROD-008,-999.0,C,63.8,0,0,temperatura_cabina_c,True,-999.0,C_ORIGINAL,,,,,CAM-08,True,temperatura_cabina_c,temperatura_cabina_c:VALOR_CENTINELA,True,,GIAD-M3-S4-IOT-tratamiento-v3
10511,2026-08-17 10:34:00,VIA-00438,ORD-2026-04327,CAM-12,PROD-016,-999.0,C,46.0,0,0,temperatura_cabina_c,True,-999.0,C_ORIGINAL,,,,,CAM-12,True,temperatura_cabina_c,temperatura_cabina_c:VALOR_CENTINELA,True,,GIAD-M3-S4-IOT-tratamiento-v3
10599,2026-08-15 17:01:00,VIA-00442,ORD-2026-02381,CAM-24,PROD-059,19.58,C,,0,0,humedad_cabina_pct,True,19.58,C_ORIGINAL,,,,,CAM-24,True,humedad_cabina_pct,humedad_cabina_pct:FALTANTE,True,,GIAD-M3-S4-IOT-tratamiento-v3
10687,2026-08-08 19:43:00,VIA-00446,ORD-2026-04726,CAM-08,PROD-008,-999.0,C,75.9,0,0,temperatura_cabina_c,True,-999.0,C_ORIGINAL,,,,,CAM-08,True,temperatura_cabina_c,temperatura_cabina_c:VALOR_CENTINELA,True,,GIAD-M3-S4-IOT-tratamiento-v3
10714,2026-08-19 19:17:00,VIA-00447,ORD-2026-05229,CAM-28,PROD-054,-17.36,C,,0,0,humedad_cabina_pct,True,-17.36,C_ORIGINAL,,,,,CAM-28,True,humedad_cabina_pct,humedad_cabina_pct:FALTANTE,True,,GIAD-M3-S4-IOT-tratamiento-v3
10945,2026-08-19 10:13:00,VIA-00457,ORD-2026-01549,CAM-23,PROD-020,-999.0,C,36.9,0,0,temperatura_cabina_c,True,-999.0,C_ORIGINAL,,,,,CAM-23,True,temperatura_cabina_c,temperatura_cabina_c:VALOR_CENTINELA,True,,GIAD-M3-S4-IOT-tratamiento-v3
11002,2026-08-24 07:51:00,VIA-00459,ORD-2026-07455,CAM-09,PROD-012,20.06,C,,0,0,humedad_cabina_pct,True,20.06,C_ORIGINAL,,,,,CAM-09,True,humedad_cabina_pct,humedad_cabina_pct:FALTANTE,True,,GIAD-M3-S4-IOT-tratamiento-v3
11158,2026-08-25 03:25:00,VIA-00465,ORD-2026-03454,CAM-04,PROD-002,-999.0,C,49.5,0,0,temperatura_cabina_c,True,-999.0,C_ORIGINAL,,,,,CAM-04,True,temperatura_cabina_c,temperatura_cabina_c:VALOR_CENTINELA,True,,GIAD-M3-S4-IOT-tratamiento-v3
11185,2026-08-15 09:38:00,VIA-00467,ORD-2026-07428,CAM-26,PROD-053,4.62,C,,0,0,humedad_cabina_pct,True,4.62,C_ORIGINAL,,,,,CAM-26,True,humedad_cabina_pct,humedad_cabina_pct:FALTANTE,True,,GIAD-M3-S4-IOT-tratamiento-v3
11242,2026-08-19 02:23:00,VIA-00469,ORD-2026-01442,CAM-27,PROD-057,19.77,C,,0,0,humedad_cabina_pct,True,19.77,C_ORIGINAL,,,,,CAM-27,True,humedad_cabina_pct,humedad_cabina_pct:FALTANTE,True,,GIAD-M3-S4-IOT-tratamiento-v3
11257,2026-08-30 03:12:00,VIA-00470,ORD-2026-00187,CAM-11,PROD-035,-999.0,C,75.7,0,0,temperatura_cabina_c,True,-999.0,C_ORIGINAL,,,,,CAM-11,True,temperatura_cabina_c,temperatura_cabina_c:VALOR_CENTINELA,True,,GIAD-M3-S4-IOT-tratamiento-v3
11359,2026-08-10 04:36:00,VIA-00474,ORD-2026-05908,CAM-22,PROD-060,-999.0,C,54.3,0,0,temperatura_cabina_c,True,-999.0,C_ORIGINAL,,,,,CAM-22,True,temperatura_cabina_c,temperatura_cabina_c:VALOR_CENTINELA,True,,GIAD-M3-S4-IOT-tratamiento-v3
11375,2026-08-10 12:36:00,VIA-00474,ORD-2026-05908,CAM-22,PROD-060,-17.16,C,,0,0,humedad_cabina_pct,True,-17.16,C_ORIGINAL,,,,,CAM-22,True,humedad_cabina_pct,humedad_cabina_pct:FALTANTE,True,,GIAD-M3-S4-IOT-tratamiento-v3
11387,2026-08-27 20:42:00,VIA-00475,ORD-2026-01792,CAM-03,PROD-016,,C,43.1,0,0,temperatura_cabina_c,True,,SIN_TRATAMIENTO,,,,,CAM-03,True,temperatura_cabina_c,temperatura_cabina_c:FALTANTE,True,,GIAD-M3-S4-IOT-tratamiento-v3
11464,2026-08-03 20:26:00,VIA-00478,ORD-2026-00466,CAM-26,PROD-013,4.58,C,,0,0,humedad_cabina_pct,True,4.58,C_ORIGINAL,,,,,CAM-26,True,humedad_cabina_pct,humedad_cabina_pct:FALTANTE,True,,GIAD-M3-S4-IOT-tratamiento-v3
11594,2026-08-11 00:02:00,VIA-00484,ORD-2026-04669,CAM-24,PROD-041,-999.0,C,80.7,0,0,temperatura_cabina_c,True,-999.0,C_ORIGINAL,,,,,CAM-24,True,temperatura_cabina_c,temperatura_cabina_c:VALOR_CENTINELA,True,,GIAD-M3-S4-IOT-tratamiento-v3
11739,2026-08-13 11:24:00,VIA-00490,ORD-2026-02807, cam-22 ,PROD-052,3.26,C,81.1,0,0,camion_id,True,3.26,C_ORIGINAL,,,,, cam-22 ,True,camion_id,camion_id:FORMATO_INVALIDO,True,,GIAD-M3-S4-IOT-tratamiento-v3
11771,2026-08-21 16:06:00,VIA-00491,ORD-2026-01986, cam-25 ,PROD-048,20.54,C,43.1,0,0,camion_id,True,20.54,C_ORIGINAL,,,,, cam-25 ,True,camion_id,camion_id:FORMATO_INVALIDO,True,,GIAD-M3-S4-IOT-tratamiento-v3
11804,2026-08-02 18:49:00,VIA-00492,ORD-2026-01737,CAM-20,PROD-023,2.32,C,,0,0,humedad_cabina_pct,True,2.32,C_ORIGINAL,,,,,CAM-20,True,humedad_cabina_pct,humedad_cabina_pct:FALTANTE,True,,GIAD-M3-S4-IOT-tratamiento-v3
11822,2026-08-01 15:05:00,VIA-00493,ORD-2026-00167,CAM-25,PROD-008,,C,71.6,0,0,temperatura_cabina_c,True,,SIN_TRATAMIENTO,,,,,CAM-25,True,temperatura_cabina_c,temperatura_cabina_c:FALTANTE,True,,GIAD-M3-S4-IOT-tratamiento-v3
11926,2026-08-16 15:25:00,VIA-00497,ORD-2026-02619,CAM-03,PROD-033,,C,57.7,0,0,temperatura_cabina_c,True,,SIN_TRATAMIENTO,,,,,CAM-03,True,temperatura_cabina_c,temperatura_cabina_c:FALTANTE,True,,GIAD-M3-S4-IOT-tratamiento-v3
12053,2026-08-28 22:41:00,VIA-00503,ORD-2026-01320,CAM-20,PROD-043,-999.0,C,59.1,0,0,temperatura_cabina_c,True,-999.0,C_ORIGINAL,,,,,CAM-20,True,temperatura_cabina_c,temperatura_cabina_c:VALOR_CENTINELA,True,,GIAD-M3-S4-IOT-tratamiento-v3
12097,2026-08-11 07:38:00,VIA-00505,ORD-2026-02549,CAM-23,PROD-029,-999.0,C,45.0,0,0,temperatura_cabina_c,True,-999.0,C_ORIGINAL,,,,,CAM-23,True,temperatura_cabina_c,temperatura_cabina_c:VALOR_CENTINELA,True,,GIAD-M3-S4-IOT-tratamiento-v3
12198,2026-08-11 11:33:00,VIA-00509,ORD-2026-05559,CAM-27,PROD-030,-999.0,C,47.4,0,0,temperatura_cabina_c,True,-999.0,C_ORIGINAL,,,,,CAM-27,True,temperatura_cabina_c,temperatura_cabina_c:VALOR_CENTINELA,True,,GIAD-M3-S4-IOT-tratamiento-v3
12450,2026-08-24 08:40:00,VIA-00519,ORD-2026-03330,CAM-26,PROD-003,19.63,C,,0,0,humedad_cabina_pct,True,19.63,C_ORIGINAL,,,,,CAM-26,True,humedad_cabina_pct,humedad_cabina_pct:FALTANTE,True,,GIAD-M3-S4-IOT-tratamiento-v3
12522,2026-08-16 00:21:00,VIA-00522,ORD-2026-06048, cam-08 ,PROD-045,4.99,C,83.1,0,0,camion_id,True,4.99,C_ORIGINAL,,,,, cam-08 ,True,camion_id,camion_id:FORMATO_INVALIDO,True,,GIAD-M3-S4-IOT-tratamiento-v3
12678,2026-08-05 13:15:00,VIA-00529,ORD-2026-05310,CAM-09,PROD-028,,C,47.0,0,0,temperatura_cabina_c,True,,SIN_TRATAMIENTO,,,,,CAM-09,True,temperatura_cabina_c,temperatura_cabina_c:FALTANTE,True,,GIAD-M3-S4-IOT-tratamiento-v3
12695,2026-08-05 21:45:00,VIA-00529,ORD-2026-05310,CAM-09,PROD-028,-999.0,C,56.9,0,0,temperatura_cabina_c,True,-999.0,C_ORIGINAL,,,,,CAM-09,True,temperatura_cabina_c,temperatura_cabina_c:VALOR_CENTINELA,True,,GIAD-M3-S4-IOT-tratamiento-v3
12757,2026-08-30 22:23:00,VIA-00532,ORD-2026-04733,CAM-23,PROD-019,,C,56.2,0,0,temperatura_cabina_c,True,,SIN_TRATAMIENTO,,,,,CAM-23,True,temperatura_cabina_c,temperatura_cabina_c:FALTANTE,True,,GIAD-M3-S4-IOT-tratamiento-v3
12771,2026-08-09 21:15:00,VIA-00533,ORD-2026-06751,CAM-11,PROD-017,,C,49.3,0,0,temperatura_cabina_c,True,,SIN_TRATAMIENTO,,,,,CAM-11,True,temperatura_cabina_c,temperatura_cabina_c:FALTANTE,True,,GIAD-M3-S4-IOT-tratamiento-v3
12774,2026-08-09 22:45:00,VIA-00533,ORD-2026-06751,CAM-11,PROD-017,-999.0,C,50.6,0,0,temperatura_cabina_c,True,-999.0,C_ORIGINAL,,,,,CAM-11,True,temperatura_cabina_c,temperatura_cabina_c:VALOR_CENTINELA,True,,GIAD-M3-S4-IOT-tratamiento-v3
12917,2026-08-07 19:52:00,VIA-00539,ORD-2026-01406,CAM-12,PROD-041,-999.0,C,75.7,0,0,temperatura_cabina_c,True,-999.0,C_ORIGINAL,,,,,CAM-12,True,temperatura_cabina_c,temperatura_cabina_c:VALOR_CENTINELA,True,,GIAD-M3-S4-IOT-tratamiento-v3
12964,2026-08-12 13:22:00,VIA-00541,ORD-2026-07125,CAM-04,PROD-055,21.72,C,,0,0,humedad_cabina_pct,True,21.72,C_ORIGINAL,,,,,CAM-04,True,humedad_cabina_pct,humedad_cabina_pct:FALTANTE,True,,GIAD-M3-S4-IOT-tratamiento-v3
13029,2026-02-31 09:15:00,VIA-00543,ORD-2026-03706,CAM-24,PROD-031,16.59,C,46.4,0,0,timestamp,True,16.59,C_ORIGINAL,,,,,CAM-24,True,timestamp,timestamp:FECHA_INVALIDA,True,,GIAD-M3-S4-IOT-tratamiento-v3
13055,2026-08-13 04:23:00,VIA-00544,ORD-2026-02077,CAM-08,PROD-019,19.81,C,-52.1,0,0,humedad_cabina_pct,True,19.81,C_ORIGINAL,,,,,CAM-08,True,humedad_cabina_pct,humedad_cabina_pct:FUERA_RANGO,True,,GIAD-M3-S4-IOT-tratamiento-v3
13112,2026-08-01 20:37:00,VIA-00547,ORD-2026-04094,CAM-30,PROD-028,-999.0,C,51.1,0,0,temperatura_cabina_c,True,-999.0,C_ORIGINAL,,,,,CAM-30,True,temperatura_cabina_c,temperatura_cabina_c:VALOR_CENTINELA,True,,GIAD-M3-S4-IOT-tratamiento-v3
13130,2026-08-02 19:39:00,VIA-00548,ORD-2026-02360,CAM-02,PROD-021,3.95,C,,0,0,humedad_cabina_pct,True,3.95,C_ORIGINAL,,,,,CAM-02,True,humedad_cabina_pct,humedad_cabina_pct:FALTANTE,True,,GIAD-M3-S4-IOT-tratamiento-v3
13192,2026-08-04 22:41:00,VIA-00550,ORD-2026-07205,CAM-01,PROD-043,-999.0,C,65.8,0,0,temperatura_cabina_c,True,-999.0,C_ORIGINAL,,,,,CAM-01,True,temperatura_cabina_c,temperatura_cabina_c:VALOR_CENTINELA,True,,GIAD-M3-S4-IOT-tratamiento-v3
13298,2026-08-02 02:54:00,VIA-00555,ORD-2026-05267,CAM-20,PROD-021,,C,82.8,0,0,temperatura_cabina_c,True,,SIN_TRATAMIENTO,,,,,CAM-20,True,temperatura_cabina_c,temperatura_cabina_c:FALTANTE,True,,GIAD-M3-S4-IOT-tratamiento-v3
13440,2026-08-16 11:48:00,VIA-00560,ORD-2026-04169,CAM-12,PROD-046,-999.0,C,40.8,0,0,temperatura_cabina_c,True,-999.0,C_ORIGINAL,,,,,CAM-12,True,temperatura_cabina_c,temperatura_cabina_c:VALOR_CENTINELA,True,,GIAD-M3-S4-IOT-tratamiento-v3
13586,2026-08-21 17:53:00,VIA-00567,ORD-2026-04493,CAM-08,PROD-052,,C,77.7,0,0,temperatura_cabina_c,True,,SIN_TRATAMIENTO,,,,,CAM-08,True,temperatura_cabina_c,temperatura_cabina_c:FALTANTE,True,,GIAD-M3-S4-IOT-tratamiento-v3
13692,2026-08-17 00:14:00,VIA-00571,ORD-2026-01188,CAM-19,PROD-049,-999.0,C,82.6,1,1,temperatura_cabina_c,True,-999.0,C_ORIGINAL,,,,,CAM-19,True,temperatura_cabina_c,temperatura_cabina_c:VALOR_CENTINELA,True,,GIAD-M3-S4-IOT-tratamiento-v3
13803,2026-08-23 05:49:00,VIA-00576,ORD-2026-05478,CAM-16,PROD-020,19.23,C,,0,0,humedad_cabina_pct,True,19.23,C_ORIGINAL,,,,,CAM-16,True,humedad_cabina_pct,humedad_cabina_pct:FALTANTE,True,,GIAD-M3-S4-IOT-tratamiento-v3
13824,2026-08-23 16:19:00,VIA-00576,ORD-2026-05478,CAM-16,PROD-020,-999.0,C,42.5,0,0,temperatura_cabina_c,True,-999.0,C_ORIGINAL,,,,,CAM-16,True,temperatura_cabina_c,temperatura_cabina_c:VALOR_CENTINELA,True,,GIAD-M3-S4-IOT-tratamiento-v3
13903,2026-08-19 12:11:00,VIA-00580,ORD-2026-05580,CAM-20,PROD-013,4.65,C,,0,0,humedad_cabina_pct,True,4.65,C_ORIGINAL,,,,,CAM-20,True,humedad_cabina_pct,humedad_cabina_pct:FALTANTE,True,,GIAD-M3-S4-IOT-tratamiento-v3
14008,2026-08-12 14:02:00,VIA-00584,ORD-2026-04073,CAM-02,PROD-001,,C,79.1,0,0,temperatura_cabina_c,True,,SIN_TRATAMIENTO,,,,,CAM-02,True,temperatura_cabina_c,temperatura_cabina_c:FALTANTE,True,,GIAD-M3-S4-IOT-tratamiento-v3
14105,2026-08-31 00:54:00,VIA-00588,ORD-2026-00674,CAM-26,PROD-027,-999.0,C,74.3,0,0,temperatura_cabina_c,True,-999.0,C_ORIGINAL,,,,,CAM-26,True,temperatura_cabina_c,temperatura_cabina_c:VALOR_CENTINELA,True,,GIAD-M3-S4-IOT-tratamiento-v3
14165,2026-02-31 09:15:00,VIA-00591,ORD-2026-05366,CAM-08,PROD-051,-17.62,C,56.1,0,0,timestamp,True,-17.62,C_ORIGINAL,,,,,CAM-08,True,timestamp,timestamp:FECHA_INVALIDA,True,,GIAD-M3-S4-IOT-tratamiento-v3
14308,2026-08-02 08:45:00,VIA-00597,ORD-2026-03700,CAM-20,PROD-002,16.95,C,-52.3,0,0,humedad_cabina_pct,True,16.95,C_ORIGINAL,,,,,CAM-20,True,humedad_cabina_pct,humedad_cabina_pct:FUERA_RANGO,True,,GIAD-M3-S4-IOT-tratamiento-v3
14376,2026-08-25 23:01:00,VIA-00599,ORD-2026-04996,CAM-08,PROD-030,,C,47.3,0,0,temperatura_cabina_c,True,,SIN_TRATAMIENTO,,,,,CAM-08,True,temperatura_cabina_c,temperatura_cabina_c:FALTANTE,True,,GIAD-M3-S4-IOT-tratamiento-v3
14414,2026-02-31 09:15:00,VIA-00601,ORD-2026-00100,CAM-26,PROD-049,9.13,C,86.3,1,1,timestamp,True,9.13,C_ORIGINAL,,,,,CAM-26,True,timestamp,timestamp:FECHA_INVALIDA,True,,GIAD-M3-S4-IOT-tratamiento-v3
14488,2026-08-07 04:28:00,VIA-00604,ORD-2026-03327,CAM-24,PROD-049,4.11,C,,0,0,humedad_cabina_pct,True,4.11,C_ORIGINAL,,,,,CAM-24,True,humedad_cabina_pct,humedad_cabina_pct:FALTANTE,True,,GIAD-M3-S4-IOT-tratamiento-v3
14718,2026-08-18 07:00:00,VIA-00614,ORD-2026-03723,CAM-08,PROD-030,,C,46.8,0,0,temperatura_cabina_c,True,,SIN_TRATAMIENTO,,,,,CAM-08,True,temperatura_cabina_c,temperatura_cabina_c:FALTANTE,True,,GIAD-M3-S4-IOT-tratamiento-v3
14740,2026-08-14 16:38:00,VIA-00615,ORD-2026-05692,CAM-08,PROD-051,-18.69,C,,0,0,humedad_cabina_pct,True,-18.69,C_ORIGINAL,,,,,CAM-08,True,humedad_cabina_pct,humedad_cabina_pct:FALTANTE,True,,GIAD-M3-S4-IOT-tratamiento-v3
14774,2026-08-25 23:30:00,VIA-00616,ORD-2026-04259, cam-06 ,PROD-010,19.21,C,47.0,0,0,camion_id,True,19.21,C_ORIGINAL,,,,, cam-06 ,True,camion_id,camion_id:FORMATO_INVALIDO,True,,GIAD-M3-S4-IOT-tratamiento-v3
14791,2026-08-06 03:31:00,VIA-00617,ORD-2026-01874,CAM-20,PROD-054,-999.0,C,69.3,0,0,temperatura_cabina_c,True,-999.0,C_ORIGINAL,,,,,CAM-20,True,temperatura_cabina_c,temperatura_cabina_c:VALOR_CENTINELA,True,,GIAD-M3-S4-IOT-tratamiento-v3
14863,2026-08-15 21:10:00,VIA-00620,ORD-2026-05089,CAM-26,PROD-024,,C,40.8,0,0,temperatura_cabina_c,True,,SIN_TRATAMIENTO,,,,,CAM-26,True,temperatura_cabina_c,temperatura_cabina_c:FALTANTE,True,,GIAD-M3-S4-IOT-tratamiento-v3
14961,2026-08-25 09:56:00,VIA-00624,ORD-2026-02968, cam-10 ,PROD-007,18.28,C,44.6,0,0,camion_id,True,18.28,C_ORIGINAL,,,,, cam-10 ,True,camion_id,camion_id:FORMATO_INVALIDO,True,,GIAD-M3-S4-IOT-tratamiento-v3
15013,2026-08-09 06:04:00,VIA-00626,ORD-2026-01601,CAM-18,PROD-017,,C,34.5,0,0,temperatura_cabina_c,True,,SIN_TRATAMIENTO,,,,,CAM-18,True,temperatura_cabina_c,temperatura_cabina_c:FALTANTE,True,,GIAD-M3-S4-IOT-tratamiento-v3
15077,2026-08-26 03:04:00,VIA-00629,ORD-2026-04672, cam-28 ,PROD-033,22.04,C,49.9,0,0,camion_id,True,22.04,C_ORIGINAL,,,,, cam-28 ,True,camion_id,camion_id:FORMATO_INVALIDO,True,,GIAD-M3-S4-IOT-tratamiento-v3
15141,2026-08-21 23:52:00,VIA-00631,ORD-2026-00247, cam-15 ,PROD-033,21.58,C,42.7,0,0,camion_id,True,21.58,C_ORIGINAL,,,,, cam-15 ,True,camion_id,camion_id:FORMATO_INVALIDO,True,,GIAD-M3-S4-IOT-tratamiento-v3
15244,2026-02-31 09:15:00,VIA-00636,ORD-2026-07494,CAM-18,PROD-024,20.62,C,42.1,0,0,timestamp,True,20.62,C_ORIGINAL,,,,,CAM-18,True,timestamp,timestamp:FECHA_INVALIDA,True,,GIAD-M3-S4-IOT-tratamiento-v3
15325,2026-08-16 19:48:00,VIA-00639,ORD-2026-03636, cam-26 ,PROD-034,5.15,C,78.8,0,0,camion_id,True,5.15,C_ORIGINAL,,,,, cam-26 ,True,camion_id,camion_id:FORMATO_INVALIDO,True,,GIAD-M3-S4-IOT-tratamiento-v3
15366,2026-08-12 19:52:00,VIA-00641,ORD-2026-01027, cam-26 ,PROD-013,3.21,C,88.5,0,0,camion_id,True,3.21,C_ORIGINAL,,,,, cam-26 ,True,camion_id,camion_id:FORMATO_INVALIDO,True,,GIAD-M3-S4-IOT-tratamiento-v3
15501,2026-08-16 03:28:00,VIA-00646,ORD-2026-05705,CAM-15,PROD-009,2.4,C,-87.9,0,0,humedad_cabina_pct,True,2.4,C_ORIGINAL,,,,,CAM-15,True,humedad_cabina_pct,humedad_cabina_pct:FUERA_RANGO,True,,GIAD-M3-S4-IOT-tratamiento-v3
15780,2026-08-29 09:25:00,VIA-00658,ORD-2026-06403,CAM-28,PROD-045,-999.0,C,83.2,0,1,temperatura_cabina_c,True,-999.0,C_ORIGINAL,,,,,CAM-28,True,temperatura_cabina_c,temperatura_cabina_c:VALOR_CENTINELA,True,,GIAD-M3-S4-IOT-tratamiento-v3
15825,2026-08-09 23:04:00,VIA-00660,ORD-2026-00770,CAM-26,PROD-044,4.48,C,,0,0,humedad_cabina_pct,True,4.48,C_ORIGINAL,,,,,CAM-26,True,humedad_cabina_pct,humedad_cabina_pct:FALTANTE,True,,GIAD-M3-S4-IOT-tratamiento-v3
15940,2026-08-08 18:29:00,VIA-00665,ORD-2026-06174,CAM-24,PROD-048,18.39,C,,0,0,humedad_cabina_pct,True,18.39,C_ORIGINAL,,,,,CAM-24,True,humedad_cabina_pct,humedad_cabina_pct:FALTANTE,True,,GIAD-M3-S4-IOT-tratamiento-v3
15968,2026-08-23 04:11:00,VIA-00666,ORD-2026-03093,CAM-26,PROD-021,-999.0,C,74.5,0,0,temperatura_cabina_c,True,-999.0,C_ORIGINAL,,,,,CAM-26,True,temperatura_cabina_c,temperatura_cabina_c:VALOR_CENTINELA,True,,GIAD-M3-S4-IOT-tratamiento-v3
16079,2026-08-28 21:01:00,VIA-00670,ORD-2026-03021,CAM-08,PROD-041,-16.8,C,,0,0,humedad_cabina_pct,True,-16.8,C_ORIGINAL,,,,,CAM-08,True,humedad_cabina_pct,humedad_cabina_pct:FALTANTE,True,,GIAD-M3-S4-IOT-tratamiento-v3
16092,2026-08-06 13:01:00,VIA-00671,ORD-2026-02196,CAM-20,PROD-006,21.75,C,,0,0,humedad_cabina_pct,True,21.75,C_ORIGINAL,,,,,CAM-20,True,humedad_cabina_pct,humedad_cabina_pct:FALTANTE,True,,GIAD-M3-S4-IOT-tratamiento-v3
16209,2026-08-24 13:35:00,VIA-00676,ORD-2026-07291,CAM-28,PROD-037,2.45,C,,0,0,humedad_cabina_pct,True,2.45,C_ORIGINAL,,,,,CAM-28,True,humedad_cabina_pct,humedad_cabina_pct:FALTANTE,True,,GIAD-M3-S4-IOT-tratamiento-v3
16284,2026-08-06 14:54:00,VIA-00679,ORD-2026-05063,CAM-08,PROD-004,,C,80.0,0,0,temperatura_cabina_c,True,,SIN_TRATAMIENTO,,,,,CAM-08,True,temperatura_cabina_c,temperatura_cabina_c:FALTANTE,True,,GIAD-M3-S4-IOT-tratamiento-v3
16388,2026-08-10 07:16:00,VIA-00683,ORD-2026-07129,CAM-16,PROD-028,18.79,C,,0,0,humedad_cabina_pct,True,18.79,C_ORIGINAL,,,,,CAM-16,True,humedad_cabina_pct,humedad_cabina_pct:FALTANTE,True,,GIAD-M3-S4-IOT-tratamiento-v3
16427,2026-08-07 19:56:00,VIA-00685,ORD-2026-05960,CAM-08,PROD-051,-999.0,C,83.0,0,0,temperatura_cabina_c,True,-999.0,C_ORIGINAL,,,,,CAM-08,True,temperatura_cabina_c,temperatura_cabina_c:VALOR_CENTINELA,True,,GIAD-M3-S4-IOT-tratamiento-v3
16432,2026-08-07 22:26:00,VIA-00685,ORD-2026-05960,CAM-08,PROD-051,-999.0,C,53.4,0,0,temperatura_cabina_c,True,-999.0,C_ORIGINAL,,,,,CAM-08,True,temperatura_cabina_c,temperatura_cabina_c:VALOR_CENTINELA,True,,GIAD-M3-S4-IOT-tratamiento-v3
16469,2026-08-19 22:15:00,VIA-00687,ORD-2026-03211,CAM-15,PROD-016,20.43,C,,0,0,humedad_cabina_pct,True,20.43,C_ORIGINAL,,,,,CAM-15,True,humedad_cabina_pct,humedad_cabina_pct:FALTANTE,True,,GIAD-M3-S4-IOT-tratamiento-v3
16488,2026-08-20 07:45:00,VIA-00687,ORD-2026-03211,CAM-15,PROD-016,-999.0,C,52.6,0,0,temperatura_cabina_c,True,-999.0,C_ORIGINAL,,,,,CAM-15,True,temperatura_cabina_c,temperatura_cabina_c:VALOR_CENTINELA,True,,GIAD-M3-S4-IOT-tratamiento-v3
16543,2026-08-01 19:26:00,VIA-00690,ORD-2026-06406,CAM-24,PROD-011,-17.46,C,,0,0,humedad_cabina_pct,True,-17.46,C_ORIGINAL,,,,,CAM-24,True,humedad_cabina_pct,humedad_cabina_pct:FALTANTE,True,,GIAD-M3-S4-IOT-tratamiento-v3
16576,2026-08-06 16:52:00,VIA-00691,ORD-2026-05152,CAM-15,PROD-040,,C,43.5,0,0,temperatura_cabina_c,True,,SIN_TRATAMIENTO,,,,,CAM-15,True,temperatura_cabina_c,temperatura_cabina_c:FALTANTE,True,,GIAD-M3-S4-IOT-tratamiento-v3
16664,2026-08-18 23:23:00,VIA-00695,ORD-2026-05776, cam-21 ,PROD-039,17.75,C,39.5,0,1,camion_id,True,17.75,C_ORIGINAL,,,,, cam-21 ,True,camion_id,camion_id:FORMATO_INVALIDO,True,,GIAD-M3-S4-IOT-tratamiento-v3
16707,2026-08-30 09:57:00,VIA-00697,ORD-2026-00912,CAM-02,PROD-040,17.98,C,,0,0,humedad_cabina_pct,True,17.98,C_ORIGINAL,,,,,CAM-02,True,humedad_cabina_pct,humedad_cabina_pct:FALTANTE,True,,GIAD-M3-S4-IOT-tratamiento-v3
16752,2026-08-02 10:01:00,VIA-00698,ORD-2026-04343,CAM-10,PROD-045,3.68,C,,0,0,humedad_cabina_pct,True,3.68,C_ORIGINAL,,,,,CAM-10,True,humedad_cabina_pct,humedad_cabina_pct:FALTANTE,True,,GIAD-M3-S4-IOT-tratamiento-v3
16767,2026-08-04 04:53:00,VIA-00699,ORD-2026-02559,CAM-01,PROD-011,-17.65,C,,0,0,humedad_cabina_pct,True,-17.65,C_ORIGINAL,,,,,CAM-01,True,humedad_cabina_pct,humedad_cabina_pct:FALTANTE,True,,GIAD-M3-S4-IOT-tratamiento-v3
16804,2026-08-10 09:20:00,VIA-00701,ORD-2026-05711,CAM-10,PROD-002,-999.0,C,43.7,0,0,temperatura_cabina_c,True,-999.0,C_ORIGINAL,,,,,CAM-10,True,temperatura_cabina_c,temperatura_cabina_c:VALOR_CENTINELA,True,,GIAD-M3-S4-IOT-tratamiento-v3
16967,2026-08-14 18:28:00,VIA-00707,ORD-2026-02385,CAM-24,PROD-058,-999.0,C,78.9,0,0,temperatura_cabina_c,True,-999.0,C_ORIGINAL,,,,,CAM-24,True,temperatura_cabina_c,temperatura_cabina_c:VALOR_CENTINELA,True,,GIAD-M3-S4-IOT-tratamiento-v3
17017,2026-08-15 20:20:00,VIA-00710,ORD-2026-02533,CAM-26,PROD-030,-999.0,C,49.6,0,0,temperatura_cabina_c,True,-999.0,C_ORIGINAL,,,,,CAM-26,True,temperatura_cabina_c,temperatura_cabina_c:VALOR_CENTINELA,True,,GIAD-M3-S4-IOT-tratamiento-v3
17109,2026-08-18 20:15:00,VIA-00713,ORD-2026-06906,CAM-21,PROD-042,,C,48.4,0,0,temperatura_cabina_c,True,,SIN_TRATAMIENTO,,,,,CAM-21,True,temperatura_cabina_c,temperatura_cabina_c:FALTANTE,True,,GIAD-M3-S4-IOT-tratamiento-v3
17151,2026-08-12 19:42:00,VIA-00715,ORD-2026-05222,CAM-28,PROD-039,17.53,C,,0,0,humedad_cabina_pct,True,17.53,C_ORIGINAL,,,,,CAM-28,True,humedad_cabina_pct,humedad_cabina_pct:FALTANTE,True,,GIAD-M3-S4-IOT-tratamiento-v3
17181,2026-08-16 21:30:00,VIA-00716,ORD-2026-00719,CAM-22,PROD-004,-999.0,C,78.6,0,0,temperatura_cabina_c,True,-999.0,C_ORIGINAL,,,,,CAM-22,True,temperatura_cabina_c,temperatura_cabina_c:VALOR_CENTINELA,True,,GIAD-M3-S4-IOT-tratamiento-v3
17370,2026-08-08 23:09:00,VIA-00724,ORD-2026-03198, cam-08 ,PROD-019,20.2,C,37.5,0,0,camion_id,True,20.2,C_ORIGINAL,,,,, cam-08 ,True,camion_id,camion_id:FORMATO_INVALIDO,True,,GIAD-M3-S4-IOT-tratamiento-v3
17374,2026-08-09 01:09:00,VIA-00724,ORD-2026-03198,CAM-08,PROD-019,,C,48.8,0,0,temperatura_cabina_c,True,,SIN_TRATAMIENTO,,,,,CAM-08,True,temperatura_cabina_c,temperatura_cabina_c:FALTANTE,True,,GIAD-M3-S4-IOT-tratamiento-v3
17534,2026-08-03 21:55:00,VIA-00731,ORD-2026-01582,CAM-25,PROD-036,6.47,C,,1,0,humedad_cabina_pct,True,6.47,C_ORIGINAL,,,,,CAM-25,True,humedad_cabina_pct,humedad_cabina_pct:FALTANTE,True,,GIAD-M3-S4-IOT-tratamiento-v3
17705,2026-08-03 21:27:00,VIA-00738,ORD-2026-06546,CAM-10,PROD-031,18.25,C,-55.9,0,0,humedad_cabina_pct,True,18.25,C_ORIGINAL,,,,,CAM-10,True,humedad_cabina_pct,humedad_cabina_pct:FUERA_RANGO,True,,GIAD-M3-S4-IOT-tratamiento-v3
17742,2026-08-20 05:54:00,VIA-00740,ORD-2026-01576,CAM-16,PROD-059,-999.0,C,57.6,0,0,temperatura_cabina_c,True,-999.0,C_ORIGINAL,,,,,CAM-16,True,temperatura_cabina_c,temperatura_cabina_c:VALOR_CENTINELA,True,,GIAD-M3-S4-IOT-tratamiento-v3
17759,2026-08-20 14:24:00,VIA-00740,ORD-2026-01576,CAM-16,PROD-059,22.41,C,,0,0,humedad_cabina_pct,True,22.41,C_ORIGINAL,,,,,CAM-16,True,humedad_cabina_pct,humedad_cabina_pct:FALTANTE,True,,GIAD-M3-S4-IOT-tratamiento-v3
17823,2026-08-16 08:46:00,VIA-00743,ORD-2026-06555,CAM-10,PROD-049,,C,65.7,0,0,temperatura_cabina_c,True,,SIN_TRATAMIENTO,,,,,CAM-10,True,temperatura_cabina_c,temperatura_cabina_c:FALTANTE,True,,GIAD-M3-S4-IOT-tratamiento-v3
17959,2026-08-04 05:51:00,VIA-00749,ORD-2026-02880,CAM-10,PROD-037,-999.0,C,74.2,0,0,temperatura_cabina_c,True,-999.0,C_ORIGINAL,,,,,CAM-10,True,temperatura_cabina_c,temperatura_cabina_c:VALOR_CENTINELA,True,,GIAD-M3-S4-IOT-tratamiento-v3
18182,2026-08-30 01:44:00,VIA-00758,ORD-2026-06488,CAM-01,PROD-012,-999.0,C,62.4,0,0,temperatura_cabina_c,True,-999.0,C_ORIGINAL,,,,,CAM-01,True,temperatura_cabina_c,temperatura_cabina_c:VALOR_CENTINELA,True,,GIAD-M3-S4-IOT-tratamiento-v3
18237,2026-08-07 03:53:00,VIA-00760,ORD-2026-06010,CAM-09,PROD-018,,C,52.0,0,0,temperatura_cabina_c,True,,SIN_TRATAMIENTO,,,,,CAM-09,True,temperatura_cabina_c,temperatura_cabina_c:FALTANTE,True,,GIAD-M3-S4-IOT-tratamiento-v3
18330,2026-08-14 13:36:00,VIA-00764,ORD-2026-06632,CAM-19,PROD-002,-999.0,C,46.6,0,0,temperatura_cabina_c,True,-999.0,C_ORIGINAL,,,,,CAM-19,True,temperatura_cabina_c,temperatura_cabina_c:VALOR_CENTINELA,True,,GIAD-M3-S4-IOT-tratamiento-v3
18379,2026-08-23 17:15:00,VIA-00766,ORD-2026-01516,CAM-19,PROD-001,-999.0,C,73.7,0,0,temperatura_cabina_c,True,-999.0,C_ORIGINAL,,,,,CAM-19,True,temperatura_cabina_c,temperatura_cabina_c:VALOR_CENTINELA,True,,GIAD-M3-S4-IOT-tratamiento-v3
18383,2026-08-23 19:15:00,VIA-00766,ORD-2026-01516,CAM-19,PROD-001,-999.0,C,77.8,0,0,temperatura_cabina_c,True,-999.0,C_ORIGINAL,,,,,CAM-19,True,temperatura_cabina_c,temperatura_cabina_c:VALOR_CENTINELA,True,,GIAD-M3-S4-IOT-tratamiento-v3
18431,2026-08-31 07:27:00,VIA-00768,ORD-2026-06675,CAM-03,PROD-006,-999.0,C,41.6,0,0,temperatura_cabina_c,True,-999.0,C_ORIGINAL,,,,,CAM-03,True,temperatura_cabina_c,temperatura_cabina_c:VALOR_CENTINELA,True,,GIAD-M3-S4-IOT-tratamiento-v3
18632,2026-08-16 11:23:00,VIA-00777,ORD-2026-06731,CAM-03,PROD-020,,C,41.2,0,0,temperatura_cabina_c,True,,SIN_TRATAMIENTO,,,,,CAM-03,True,temperatura_cabina_c,temperatura_cabina_c:FALTANTE,True,,GIAD-M3-S4-IOT-tratamiento-v3
18636,2026-08-16 13:23:00,VIA-00777,ORD-2026-06731,CAM-03,PROD-020,18.22,C,-38.8,0,0,humedad_cabina_pct,True,18.22,C_ORIGINAL,,,,,CAM-03,True,humedad_cabina_pct,humedad_cabina_pct:FUERA_RANGO,True,,GIAD-M3-S4-IOT-tratamiento-v3
18782,2026-08-15 10:07:00,VIA-00783,ORD-2026-05701,CAM-20,PROD-052,,C,77.8,0,0,temperatura_cabina_c,True,,SIN_TRATAMIENTO,,,,,CAM-20,True,temperatura_cabina_c,temperatura_cabina_c:FALTANTE,True,,GIAD-M3-S4-IOT-tratamiento-v3
18787,2026-08-15 12:37:00,VIA-00783,ORD-2026-05701, cam-20 ,PROD-052,4.17,C,78.1,0,0,camion_id,True,4.17,C_ORIGINAL,,,,, cam-20 ,True,camion_id,camion_id:FORMATO_INVALIDO,True,,GIAD-M3-S4-IOT-tratamiento-v3
18810,2026-08-22 10:58:00,VIA-00784,ORD-2026-02448,CAM-15,PROD-005,,C,42.4,0,0,temperatura_cabina_c,True,,SIN_TRATAMIENTO,,,,,CAM-15,True,temperatura_cabina_c,temperatura_cabina_c:FALTANTE,True,,GIAD-M3-S4-IOT-tratamiento-v3
18919,2026-08-19 16:54:00,VIA-00789,ORD-2026-04946, cam-09 ,PROD-042,21.61,C,49.3,0,0,camion_id,True,21.61,C_ORIGINAL,,,,, cam-09 ,True,camion_id,camion_id:FORMATO_INVALIDO,True,,GIAD-M3-S4-IOT-tratamiento-v3
19020,2026-08-04 13:33:00,VIA-00793,ORD-2026-03178, cam-15 ,PROD-003,19.16,C,47.7,0,0,camion_id,True,19.16,C_ORIGINAL,,,,, cam-15 ,True,camion_id,camion_id:FORMATO_INVALIDO,True,,GIAD-M3-S4-IOT-tratamiento-v3
19040,2026-08-27 01:28:00,VIA-00794,ORD-2026-02599,CAM-19,PROD-040,-999.0,C,48.6,0,0,temperatura_cabina_c,True,-999.0,C_ORIGINAL,,,,,CAM-19,True,temperatura_cabina_c,temperatura_cabina_c:VALOR_CENTINELA,True,,GIAD-M3-S4-IOT-tratamiento-v3
19197,2026-08-25 04:54:00,VIA-00800,ORD-2026-02180,CAM-24,PROD-021,3.67,C,,0,0,humedad_cabina_pct,True,3.67,C_ORIGINAL,,,,,CAM-24,True,humedad_cabina_pct,humedad_cabina_pct:FALTANTE,True,,GIAD-M3-S4-IOT-tratamiento-v3
19219,2026-08-26 09:18:00,VIA-00801,ORD-2026-05376, cam-26 ,PROD-055,19.03,C,56.2,0,0,camion_id,True,19.03,C_ORIGINAL,,,,, cam-26 ,True,camion_id,camion_id:FORMATO_INVALIDO,True,,GIAD-M3-S4-IOT-tratamiento-v3
19393,2026-08-22 07:40:00,VIA-00809,ORD-2026-02325,CAM-04,PROD-017,18.13,C,-50.9,0,0,humedad_cabina_pct,True,18.13,C_ORIGINAL,,,,,CAM-04,True,humedad_cabina_pct,humedad_cabina_pct:FUERA_RANGO,True,,GIAD-M3-S4-IOT-tratamiento-v3
19491,2026-08-05 10:38:00,VIA-00813,ORD-2026-00406,CAM-28,PROD-003,24.75,C,,0,0,humedad_cabina_pct,True,24.75,C_ORIGINAL,,,,,CAM-28,True,humedad_cabina_pct,humedad_cabina_pct:FALTANTE,True,,GIAD-M3-S4-IOT-tratamiento-v3
19544,2026-08-15 23:58:00,VIA-00815,ORD-2026-00036,CAM-29,PROD-019,18.34,C,,0,0,humedad_cabina_pct,True,18.34,C_ORIGINAL,,,,,CAM-29,True,humedad_cabina_pct,humedad_cabina_pct:FALTANTE,True,,GIAD-M3-S4-IOT-tratamiento-v3
19589,2026-08-29 21:04:00,VIA-00817,ORD-2026-03696,CAM-19,PROD-044,-999.0,C,74.4,0,0,temperatura_cabina_c,True,-999.0,C_ORIGINAL,,,,,CAM-19,True,temperatura_cabina_c,temperatura_cabina_c:VALOR_CENTINELA,True,,GIAD-M3-S4-IOT-tratamiento-v3
19655,2026-08-03 13:02:00,VIA-00819,ORD-2026-01821,CAM-01,PROD-040,17.55,C,,0,0,humedad_cabina_pct,True,17.55,C_ORIGINAL,,,,,CAM-01,True,humedad_cabina_pct,humedad_cabina_pct:FALTANTE,True,,GIAD-M3-S4-IOT-tratamiento-v3
19724,2026-08-16 04:10:00,VIA-00822,ORD-2026-04931, cam-28 ,PROD-032,19.46,C,59.6,0,0,camion_id,True,19.46,C_ORIGINAL,,,,, cam-28 ,True,camion_id,camion_id:FORMATO_INVALIDO,True,,GIAD-M3-S4-IOT-tratamiento-v3
19829,2026-08-22 22:19:00,VIA-00827,ORD-2026-01453,CAM-01,PROD-014,-999.0,C,42.2,0,0,temperatura_cabina_c,True,-999.0,C_ORIGINAL,,,,,CAM-01,True,temperatura_cabina_c,temperatura_cabina_c:VALOR_CENTINELA,True,,GIAD-M3-S4-IOT-tratamiento-v3
19881,2026-08-17 03:53:00,VIA-00829,ORD-2026-00696,CAM-24,PROD-041,-999.0,C,71.8,0,0,temperatura_cabina_c,True,-999.0,C_ORIGINAL,,,,,CAM-24,True,temperatura_cabina_c,temperatura_cabina_c:VALOR_CENTINELA,True,,GIAD-M3-S4-IOT-tratamiento-v3
19962,2026-08-20 22:48:00,VIA-00832,ORD-2026-03308,CAM-26,PROD-028,-999.0,C,50.8,0,0,temperatura_cabina_c,True,-999.0,C_ORIGINAL,,,,,CAM-26,True,temperatura_cabina_c,temperatura_cabina_c:VALOR_CENTINELA,True,,GIAD-M3-S4-IOT-tratamiento-v3
20071,2026-08-02 08:25:00,VIA-00837,ORD-2026-05889,CAM-15,PROD-055,,C,55.9,0,0,temperatura_cabina_c,True,,SIN_TRATAMIENTO,,,,,CAM-15,True,temperatura_cabina_c,temperatura_cabina_c:FALTANTE,True,,GIAD-M3-S4-IOT-tratamiento-v3
20097,2026-08-12 02:45:00,VIA-00838,ORD-2026-02844, cam-20 ,PROD-046,18.38,C,44.8,0,0,camion_id,True,18.38,C_ORIGINAL,,,,, cam-20 ,True,camion_id,camion_id:FORMATO_INVALIDO,True,,GIAD-M3-S4-IOT-tratamiento-v3
20228,2026-08-26 09:42:00,VIA-00843,ORD-2026-07262,CAM-28,PROD-025,-10.1,C,-83.3,1,1,humedad_cabina_pct,True,-10.1,C_ORIGINAL,,,,,CAM-28,True,humedad_cabina_pct,humedad_cabina_pct:FUERA_RANGO,True,,GIAD-M3-S4-IOT-tratamiento-v3
20311,2026-08-18 10:45:00,VIA-00847,ORD-2026-04887,CAM-19,PROD-018,-999.0,C,50.1,0,0,temperatura_cabina_c,True,-999.0,C_ORIGINAL,,,,,CAM-19,True,temperatura_cabina_c,temperatura_cabina_c:VALOR_CENTINELA,True,,GIAD-M3-S4-IOT-tratamiento-v3
20388,2026-08-16 04:10:00,VIA-00850,ORD-2026-05780,CAM-26,PROD-034,-999.0,C,71.4,1,1,temperatura_cabina_c,True,-999.0,C_ORIGINAL,,,,,CAM-26,True,temperatura_cabina_c,temperatura_cabina_c:VALOR_CENTINELA,True,,GIAD-M3-S4-IOT-tratamiento-v3
20461,2026-08-16 18:36:00,VIA-00853,ORD-2026-06319,CAM-02,PROD-052,-999.0,C,59.9,0,0,temperatura_cabina_c,True,-999.0,C_ORIGINAL,,,,,CAM-02,True,temperatura_cabina_c,temperatura_cabina_c:VALOR_CENTINELA,True,,GIAD-M3-S4-IOT-tratamiento-v3
20468,2026-08-16 22:06:00,VIA-00853,ORD-2026-06319, cam-02 ,PROD-052,2.87,C,69.6,0,0,camion_id,True,2.87,C_ORIGINAL,,,,, cam-02 ,True,camion_id,camion_id:FORMATO_INVALIDO,True,,GIAD-M3-S4-IOT-tratamiento-v3
20478,2026-08-11 22:08:00,VIA-00854,ORD-2026-06495, cam-24 ,PROD-017,17.37,C,55.1,0,0,camion_id,True,17.37,C_ORIGINAL,,,,, cam-24 ,True,camion_id,camion_id:FORMATO_INVALIDO,True,,GIAD-M3-S4-IOT-tratamiento-v3
20645,2026-08-24 18:54:00,VIA-00861,ORD-2026-00829,CAM-06,PROD-039,-999.0,C,57.9,0,0,temperatura_cabina_c,True,-999.0,C_ORIGINAL,,,,,CAM-06,True,temperatura_cabina_c,temperatura_cabina_c:VALOR_CENTINELA,True,,GIAD-M3-S4-IOT-tratamiento-v3
20884,2026-08-10 02:03:00,VIA-00871,ORD-2026-05637,CAM-24,PROD-030,21.1,C,,0,0,humedad_cabina_pct,True,21.1,C_ORIGINAL,,,,,CAM-24,True,humedad_cabina_pct,humedad_cabina_pct:FALTANTE,True,,GIAD-M3-S4-IOT-tratamiento-v3
21058,2026-02-31 09:15:00,VIA-00878,ORD-2026-02175,CAM-01,PROD-056,5.08,C,85.4,0,0,timestamp,True,5.08,C_ORIGINAL,,,,,CAM-01,True,timestamp,timestamp:FECHA_INVALIDA,True,,GIAD-M3-S4-IOT-tratamiento-v3
21074,2026-08-19 08:31:00,VIA-00879,ORD-2026-06707,CAM-01,PROD-020,-999.0,C,62.5,0,1,temperatura_cabina_c,True,-999.0,C_ORIGINAL,,,,,CAM-01,True,temperatura_cabina_c,temperatura_cabina_c:VALOR_CENTINELA,True,,GIAD-M3-S4-IOT-tratamiento-v3
21118,2026-08-10 09:52:00,VIA-00880,ORD-2026-04852,CAM-26,PROD-049,3.55,C,,0,0,humedad_cabina_pct,True,3.55,C_ORIGINAL,,,,,CAM-26,True,humedad_cabina_pct,humedad_cabina_pct:FALTANTE,True,,GIAD-M3-S4-IOT-tratamiento-v3
21159,2026-08-24 04:02:00,VIA-00882,ORD-2026-00488,CAM-26,PROD-041,-999.0,C,64.1,0,0,temperatura_cabina_c,True,-999.0,C_ORIGINAL,,,,,CAM-26,True,temperatura_cabina_c,temperatura_cabina_c:VALOR_CENTINELA,True,,GIAD-M3-S4-IOT-tratamiento-v3
21212,2026-08-14 18:14:00,VIA-00884,ORD-2026-02791,CAM-02,PROD-009,2.66,C,,0,0,humedad_cabina_pct,True,2.66,C_ORIGINAL,,,,,CAM-02,True,humedad_cabina_pct,humedad_cabina_pct:FALTANTE,True,,GIAD-M3-S4-IOT-tratamiento-v3
21240,2026-08-26 04:37:00,VIA-00885,ORD-2026-07094,CAM-08,PROD-036,,C,75.9,0,0,temperatura_cabina_c|viaje_id+timestamp,True,,SIN_TRATAMIENTO,COMPLEMENTARIO,COPIA_EXCLUIDA,28901,Una lectura tiene más campos completos y todos los valores no vacíos coinciden,CAM-08,True,temperatura_cabina_c|viaje_id+timestamp,temperatura_cabina_c:FALTANTE|viaje_id+timestamp:CLAVE_EN_CONFLICTO,True,COPIA_EXCLUIDA,GIAD-M3-S4-IOT-tratamiento-v3
21325,2026-08-07 11:11:00,VIA-00889,ORD-2026-03183,CAM-07,PROD-060,,C,67.2,0,0,temperatura_cabina_c,True,,SIN_TRATAMIENTO,,,,,CAM-07,True,temperatura_cabina_c,temperatura_cabina_c:FALTANTE,True,,GIAD-M3-S4-IOT-tratamiento-v3
21409,2026-08-05 02:17:00,VIA-00893,ORD-2026-01236,CAM-10,PROD-049,,C,72.8,0,0,temperatura_cabina_c,True,,SIN_TRATAMIENTO,,,,,CAM-10,True,temperatura_cabina_c,temperatura_cabina_c:FALTANTE,True,,GIAD-M3-S4-IOT-tratamiento-v3
21413,2026-08-05 04:17:00,VIA-00893,ORD-2026-01236,CAM-10,PROD-049,,C,78.6,0,0,temperatura_cabina_c,True,,SIN_TRATAMIENTO,,,,,CAM-10,True,temperatura_cabina_c,temperatura_cabina_c:FALTANTE,True,,GIAD-M3-S4-IOT-tratamiento-v3
21421,2026-02-31 09:15:00,VIA-00893,ORD-2026-01236,CAM-10,PROD-049,4.08,C,68.3,0,1,timestamp,True,4.08,C_ORIGINAL,,,,,CAM-10,True,timestamp,timestamp:FECHA_INVALIDA,True,,GIAD-M3-S4-IOT-tratamiento-v3
21435,2026-08-30 12:10:00,VIA-00894,ORD-2026-03236,CAM-26,PROD-015,3.94,C,,0,0,humedad_cabina_pct,True,3.94,C_ORIGINAL,,,,,CAM-26,True,humedad_cabina_pct,humedad_cabina_pct:FALTANTE,True,,GIAD-M3-S4-IOT-tratamiento-v3
21452,2026-08-30 20:40:00,VIA-00894,ORD-2026-03236,CAM-26,PROD-015,-999.0,C,78.4,0,0,temperatura_cabina_c,True,-999.0,C_ORIGINAL,,,,,CAM-26,True,temperatura_cabina_c,temperatura_cabina_c:VALOR_CENTINELA,True,,GIAD-M3-S4-IOT-tratamiento-v3
21460,2026-08-22 22:35:00,VIA-00895,ORD-2026-01584,CAM-28,PROD-054,-999.0,C,64.0,0,0,temperatura_cabina_c,True,-999.0,C_ORIGINAL,,,,,CAM-28,True,temperatura_cabina_c,temperatura_cabina_c:VALOR_CENTINELA,True,,GIAD-M3-S4-IOT-tratamiento-v3
21714,2026-08-10 06:35:00,VIA-00905,ORD-2026-02563,CAM-28,PROD-040,-999.0,C,46.3,0,0,temperatura_cabina_c,True,-999.0,C_ORIGINAL,,,,,CAM-28,True,temperatura_cabina_c,temperatura_cabina_c:VALOR_CENTINELA,True,,GIAD-M3-S4-IOT-tratamiento-v3
21743,2026-08-29 10:32:00,VIA-00906,ORD-2026-04265, cam-21 ,PROD-006,16.45,C,50.1,0,0,camion_id,True,16.45,C_ORIGINAL,,,,, cam-21 ,True,camion_id,camion_id:FORMATO_INVALIDO,True,,GIAD-M3-S4-IOT-tratamiento-v3
21754,2026-08-10 02:51:00,VIA-00907,ORD-2026-07219,CAM-17,PROD-040,-999.0,C,56.0,0,0,temperatura_cabina_c,True,-999.0,C_ORIGINAL,,,,,CAM-17,True,temperatura_cabina_c,temperatura_cabina_c:VALOR_CENTINELA,True,,GIAD-M3-S4-IOT-tratamiento-v3
21765,2026-08-10 08:21:00,VIA-00907,ORD-2026-07219, cam-17 ,PROD-040,18.3,C,47.7,0,0,camion_id,True,18.3,C_ORIGINAL,,,,, cam-17 ,True,camion_id,camion_id:FORMATO_INVALIDO,True,,GIAD-M3-S4-IOT-tratamiento-v3
21847,2026-08-09 07:15:00,VIA-00911,ORD-2026-00373, cam-28 ,PROD-053,2.23,C,73.0,0,0,camion_id,True,2.23,C_ORIGINAL,,,,, cam-28 ,True,camion_id,camion_id:FORMATO_INVALIDO,True,,GIAD-M3-S4-IOT-tratamiento-v3
21887,2026-08-06 03:35:00,VIA-00912,ORD-2026-01925,CAM-20,PROD-019,16.91,C,,0,0,humedad_cabina_pct,True,16.91,C_ORIGINAL,,,,,CAM-20,True,humedad_cabina_pct,humedad_cabina_pct:FALTANTE,True,,GIAD-M3-S4-IOT-tratamiento-v3
21913,2026-08-02 04:49:00,VIA-00914,ORD-2026-01504,CAM-10,PROD-014,-999.0,C,59.8,0,0,temperatura_cabina_c,True,-999.0,C_ORIGINAL,,,,,CAM-10,True,temperatura_cabina_c,temperatura_cabina_c:VALOR_CENTINELA,True,,GIAD-M3-S4-IOT-tratamiento-v3
21931,2026-08-02 13:49:00,VIA-00914,ORD-2026-01504, cam-10 ,PROD-014,20.23,C,48.9,0,0,camion_id,True,20.23,C_ORIGINAL,,,,, cam-10 ,True,camion_id,camion_id:FORMATO_INVALIDO,True,,GIAD-M3-S4-IOT-tratamiento-v3
22248,2026-08-26 17:35:00,VIA-00927,ORD-2026-07022,CAM-20,PROD-002,18.36,C,,0,0,humedad_cabina_pct,True,18.36,C_ORIGINAL,,,,,CAM-20,True,humedad_cabina_pct,humedad_cabina_pct:FALTANTE,True,,GIAD-M3-S4-IOT-tratamiento-v3
22298,2026-08-16 10:23:00,VIA-00930,ORD-2026-02185,CAM-20,PROD-009,4.31,C,,0,0,humedad_cabina_pct,True,4.31,C_ORIGINAL,,,,,CAM-20,True,humedad_cabina_pct,humedad_cabina_pct:FALTANTE,True,,GIAD-M3-S4-IOT-tratamiento-v3
22365,2026-08-30 04:45:00,VIA-00932,ORD-2026-02192,CAM-26,PROD-050,,C,63.7,0,0,temperatura_cabina_c,True,,SIN_TRATAMIENTO,,,,,CAM-26,True,temperatura_cabina_c,temperatura_cabina_c:FALTANTE,True,,GIAD-M3-S4-IOT-tratamiento-v3
22511,2026-08-12 15:36:00,VIA-00938,ORD-2026-03401, cam-25 ,PROD-034,4.39,C,81.3,0,0,camion_id,True,4.39,C_ORIGINAL,,,,, cam-25 ,True,camion_id,camion_id:FORMATO_INVALIDO,True,,GIAD-M3-S4-IOT-tratamiento-v3
22592,2026-08-01 03:40:00,VIA-00942,ORD-2026-01543,CAM-26,PROD-057,,C,46.4,0,0,temperatura_cabina_c,True,,SIN_TRATAMIENTO,,,,,CAM-26,True,temperatura_cabina_c,temperatura_cabina_c:FALTANTE,True,,GIAD-M3-S4-IOT-tratamiento-v3
22613,2026-02-31 09:15:00,VIA-00943,ORD-2026-05464,CAM-19,PROD-050,17.07,C,45.9,0,0,timestamp,True,17.07,C_ORIGINAL,,,,,CAM-19,True,timestamp,timestamp:FECHA_INVALIDA,True,,GIAD-M3-S4-IOT-tratamiento-v3
22730,2026-08-13 10:10:00,VIA-00948,ORD-2026-02486, cam-20 ,PROD-026,4.96,C,76.9,0,0,camion_id,True,4.96,C_ORIGINAL,,,,, cam-20 ,True,camion_id,camion_id:FORMATO_INVALIDO,True,,GIAD-M3-S4-IOT-tratamiento-v3
22824,2026-08-29 12:18:00,VIA-00951,ORD-2026-00365, cam-15 ,PROD-005,19.35,C,53.7,0,0,camion_id,True,19.35,C_ORIGINAL,,,,, cam-15 ,True,camion_id,camion_id:FORMATO_INVALIDO,True,,GIAD-M3-S4-IOT-tratamiento-v3
22835,2026-08-26 14:22:00,VIA-00952,ORD-2026-06575,CAM-19,PROD-043,-999.0,C,79.2,0,0,temperatura_cabina_c,True,-999.0,C_ORIGINAL,,,,,CAM-19,True,temperatura_cabina_c,temperatura_cabina_c:VALOR_CENTINELA,True,,GIAD-M3-S4-IOT-tratamiento-v3
22841,2026-08-26 17:22:00,VIA-00952,ORD-2026-06575,CAM-19,PROD-043,-19.25,C,,0,0,humedad_cabina_pct,True,-19.25,C_ORIGINAL,,,,,CAM-19,True,humedad_cabina_pct,humedad_cabina_pct:FALTANTE,True,,GIAD-M3-S4-IOT-tratamiento-v3
22880,2026-08-04 23:53:00,VIA-00954,ORD-2026-01196, cam-20 ,PROD-012,19.17,C,38.7,0,0,camion_id,True,19.17,C_ORIGINAL,,,,, cam-20 ,True,camion_id,camion_id:FORMATO_INVALIDO,True,,GIAD-M3-S4-IOT-tratamiento-v3
22960,2026-08-08 19:05:00,VIA-00957,ORD-2026-07439,CAM-08,PROD-026,3.79,C,,0,1,humedad_cabina_pct,True,3.79,C_ORIGINAL,,,,,CAM-08,True,humedad_cabina_pct,humedad_cabina_pct:FALTANTE,True,,GIAD-M3-S4-IOT-tratamiento-v3
23055,2026-08-16 15:19:00,VIA-00961,ORD-2026-06299,CAM-11,PROD-034,-999.0,C,67.0,0,0,temperatura_cabina_c,True,-999.0,C_ORIGINAL,,,,,CAM-11,True,temperatura_cabina_c,temperatura_cabina_c:VALOR_CENTINELA,True,,GIAD-M3-S4-IOT-tratamiento-v3
23093,2026-08-02 22:08:00,VIA-00963,ORD-2026-07082,CAM-03,PROD-031,,C,46.7,0,0,temperatura_cabina_c,True,,SIN_TRATAMIENTO,,,,,CAM-03,True,temperatura_cabina_c,temperatura_cabina_c:FALTANTE,True,,GIAD-M3-S4-IOT-tratamiento-v3
23135,2026-08-28 22:40:00,VIA-00964,ORD-2026-00420,CAM-24,PROD-051,-17.35,C,,0,0,humedad_cabina_pct,True,-17.35,C_ORIGINAL,,,,,CAM-24,True,humedad_cabina_pct,humedad_cabina_pct:FALTANTE,True,,GIAD-M3-S4-IOT-tratamiento-v3
23167,2026-08-28 09:59:00,VIA-00966,ORD-2026-00270,CAM-24,PROD-001,-999.0,C,77.6,0,0,temperatura_cabina_c,True,-999.0,C_ORIGINAL,,,,,CAM-24,True,temperatura_cabina_c,temperatura_cabina_c:VALOR_CENTINELA,True,,GIAD-M3-S4-IOT-tratamiento-v3
23179,2026-08-28 15:59:00,VIA-00966,ORD-2026-00270,CAM-24,PROD-001,4.88,C,,0,0,humedad_cabina_pct,True,4.88,C_ORIGINAL,,,,,CAM-24,True,humedad_cabina_pct,humedad_cabina_pct:FALTANTE,True,,GIAD-M3-S4-IOT-tratamiento-v3
23220,2026-08-27 18:37:00,VIA-00968,ORD-2026-03406,CAM-28,PROD-047,-999.0,C,73.5,0,0,temperatura_cabina_c,True,-999.0,C_ORIGINAL,,,,,CAM-28,True,temperatura_cabina_c,temperatura_cabina_c:VALOR_CENTINELA,True,,GIAD-M3-S4-IOT-tratamiento-v3
23426,2026-08-21 16:30:00,VIA-00977,ORD-2026-01289,CAM-20,PROD-056,-999.0,C,73.4,0,0,temperatura_cabina_c,True,-999.0,C_ORIGINAL,,,,,CAM-20,True,temperatura_cabina_c,temperatura_cabina_c:VALOR_CENTINELA,True,,GIAD-M3-S4-IOT-tratamiento-v3
23456,2026-08-02 16:45:00,VIA-00978,ORD-2026-03708,CAM-04,PROD-048,20.6,C,,0,0,humedad_cabina_pct,True,20.6,C_ORIGINAL,,,,,CAM-04,True,humedad_cabina_pct,humedad_cabina_pct:FALTANTE,True,,GIAD-M3-S4-IOT-tratamiento-v3
23561,2026-08-14 22:14:00,VIA-00982,ORD-2026-04963,CAM-24,PROD-034,-999.0,C,84.4,0,0,temperatura_cabina_c,True,-999.0,C_ORIGINAL,,,,,CAM-24,True,temperatura_cabina_c,temperatura_cabina_c:VALOR_CENTINELA,True,,GIAD-M3-S4-IOT-tratamiento-v3
23567,2026-08-15 01:14:00,VIA-00982,ORD-2026-04963, cam-24 ,PROD-034,5.34,C,76.4,0,0,camion_id,True,5.34,C_ORIGINAL,,,,, cam-24 ,True,camion_id,camion_id:FORMATO_INVALIDO,True,,GIAD-M3-S4-IOT-tratamiento-v3
23601,2026-08-08 16:52:00,VIA-00984,ORD-2026-02983,CAM-24,PROD-058,,C,74.9,0,0,temperatura_cabina_c,True,,SIN_TRATAMIENTO,,,,,CAM-24,True,temperatura_cabina_c,temperatura_cabina_c:FALTANTE,True,,GIAD-M3-S4-IOT-tratamiento-v3
23702,2026-08-17 02:59:00,VIA-00988,ORD-2026-04780,CAM-26,PROD-002,-999.0,C,56.6,0,0,temperatura_cabina_c,True,-999.0,C_ORIGINAL,,,,,CAM-26,True,temperatura_cabina_c,temperatura_cabina_c:VALOR_CENTINELA,True,,GIAD-M3-S4-IOT-tratamiento-v3
23787,2026-08-06 09:33:00,VIA-00992,ORD-2026-01772, cam-28 ,PROD-056,4.58,C,66.7,0,0,camion_id,True,4.58,C_ORIGINAL,,,,, cam-28 ,True,camion_id,camion_id:FORMATO_INVALIDO,True,,GIAD-M3-S4-IOT-tratamiento-v3
23861,2026-08-10 03:43:00,VIA-00995,ORD-2026-07065,CAM-28,PROD-055,-999.0,C,56.3,0,0,temperatura_cabina_c,True,-999.0,C_ORIGINAL,,,,,CAM-28,True,temperatura_cabina_c,temperatura_cabina_c:VALOR_CENTINELA,True,,GIAD-M3-S4-IOT-tratamiento-v3
23991,2026-08-23 04:52:00,VIA-01000,ORD-2026-06120,CAM-25,PROD-016,,C,49.1,0,0,temperatura_cabina_c,True,,SIN_TRATAMIENTO,,,,,CAM-25,True,temperatura_cabina_c,temperatura_cabina_c:FALTANTE,True,,GIAD-M3-S4-IOT-tratamiento-v3
24040,2026-08-30 15:37:00,VIA-01002,ORD-2026-05173,CAM-24,PROD-052,4.13,C,,0,0,humedad_cabina_pct,True,4.13,C_ORIGINAL,,,,,CAM-24,True,humedad_cabina_pct,humedad_cabina_pct:FALTANTE,True,,GIAD-M3-S4-IOT-tratamiento-v3
24402,2026-08-12 14:05:00,VIA-01017,ORD-2026-00092,CAM-26,PROD-019,-999.0,C,59.4,0,0,temperatura_cabina_c,True,-999.0,C_ORIGINAL,,,,,CAM-26,True,temperatura_cabina_c,temperatura_cabina_c:VALOR_CENTINELA,True,,GIAD-M3-S4-IOT-tratamiento-v3
24416,2026-08-07 02:34:00,VIA-01018,ORD-2026-07391,CAM-27,PROD-003,22.84,C,,0,0,humedad_cabina_pct,True,22.84,C_ORIGINAL,,,,,CAM-27,True,humedad_cabina_pct,humedad_cabina_pct:FALTANTE,True,,GIAD-M3-S4-IOT-tratamiento-v3
24579,2026-08-03 08:03:00,VIA-01025,ORD-2026-01983,CAM-18,PROD-047,5.16,C,-92.6,0,0,humedad_cabina_pct,True,5.16,C_ORIGINAL,,,,,CAM-18,True,humedad_cabina_pct,humedad_cabina_pct:FUERA_RANGO,True,,GIAD-M3-S4-IOT-tratamiento-v3
24647,2026-08-03 04:51:00,VIA-01027,ORD-2026-00798,CAM-19,PROD-054,-999.0,C,69.4,0,0,temperatura_cabina_c,True,-999.0,C_ORIGINAL,,,,,CAM-19,True,temperatura_cabina_c,temperatura_cabina_c:VALOR_CENTINELA,True,,GIAD-M3-S4-IOT-tratamiento-v3
24674,2026-08-05 07:19:00,VIA-01029,ORD-2026-05517,CAM-24,PROD-034,,C,72.8,0,0,temperatura_cabina_c,True,,SIN_TRATAMIENTO,,,,,CAM-24,True,temperatura_cabina_c,temperatura_cabina_c:FALTANTE,True,,GIAD-M3-S4-IOT-tratamiento-v3
24824,2026-08-18 21:44:00,VIA-01035,ORD-2026-03286,CAM-10,PROD-014,19.71,C,,0,0,humedad_cabina_pct,True,19.71,C_ORIGINAL,,,,,CAM-10,True,humedad_cabina_pct,humedad_cabina_pct:FALTANTE,True,,GIAD-M3-S4-IOT-tratamiento-v3
24838,2026-08-19 04:44:00,VIA-01035,ORD-2026-03286,CAM-10,PROD-014,-999.0,C,63.1,0,0,temperatura_cabina_c,True,-999.0,C_ORIGINAL,,,,,CAM-10,True,temperatura_cabina_c,temperatura_cabina_c:VALOR_CENTINELA,True,,GIAD-M3-S4-IOT-tratamiento-v3
24976,2026-08-16 03:41:00,VIA-01041,ORD-2026-00370, cam-24 ,PROD-059,25.39,C,46.8,1,1,camion_id,True,25.39,C_ORIGINAL,,,,, cam-24 ,True,camion_id,camion_id:FORMATO_INVALIDO,True,,GIAD-M3-S4-IOT-tratamiento-v3
25016,2026-08-05 19:00:00,VIA-01043,ORD-2026-02537,CAM-19,PROD-050,19.24,C,,0,0,humedad_cabina_pct,True,19.24,C_ORIGINAL,,,,,CAM-19,True,humedad_cabina_pct,humedad_cabina_pct:FALTANTE,True,,GIAD-M3-S4-IOT-tratamiento-v3
25029,2026-08-06 01:30:00,VIA-01043,ORD-2026-02537,CAM-19,PROD-050,25.97,C,,1,0,humedad_cabina_pct,True,25.97,C_ORIGINAL,,,,,CAM-19,True,humedad_cabina_pct,humedad_cabina_pct:FALTANTE,True,,GIAD-M3-S4-IOT-tratamiento-v3
25071,2026-08-23 15:18:00,VIA-01045,ORD-2026-05898,CAM-11,PROD-052,4.25,C,,0,0,humedad_cabina_pct,True,4.25,C_ORIGINAL,,,,,CAM-11,True,humedad_cabina_pct,humedad_cabina_pct:FALTANTE,True,,GIAD-M3-S4-IOT-tratamiento-v3
25485,2026-08-19 09:55:00,VIA-01062,ORD-2026-01155,CAM-20,PROD-009,-999.0,C,77.8,0,0,temperatura_cabina_c,True,-999.0,C_ORIGINAL,,,,,CAM-20,True,temperatura_cabina_c,temperatura_cabina_c:VALOR_CENTINELA,True,,GIAD-M3-S4-IOT-tratamiento-v3
25532,2026-08-28 13:45:00,VIA-01064,ORD-2026-01024,CAM-09,PROD-039,-999.0,C,48.3,0,0,temperatura_cabina_c,True,-999.0,C_ORIGINAL,,,,,CAM-09,True,temperatura_cabina_c,temperatura_cabina_c:VALOR_CENTINELA,True,,GIAD-M3-S4-IOT-tratamiento-v3
25535,2026-08-28 15:15:00,VIA-01064,ORD-2026-01024,CAM-09,PROD-039,,C,49.7,0,0,temperatura_cabina_c,True,,SIN_TRATAMIENTO,,,,,CAM-09,True,temperatura_cabina_c,temperatura_cabina_c:FALTANTE,True,,GIAD-M3-S4-IOT-tratamiento-v3
25630,2026-08-07 22:28:00,VIA-01068,ORD-2026-01414,CAM-28,PROD-023,,C,85.4,1,0,temperatura_cabina_c,True,,SIN_TRATAMIENTO,,,,,CAM-28,True,temperatura_cabina_c,temperatura_cabina_c:FALTANTE,True,,GIAD-M3-S4-IOT-tratamiento-v3
25688,2026-08-07 03:38:00,VIA-01071,ORD-2026-06244,CAM-08,PROD-056,4.79,C,,0,1,humedad_cabina_pct,True,4.79,C_ORIGINAL,,,,,CAM-08,True,humedad_cabina_pct,humedad_cabina_pct:FALTANTE,True,,GIAD-M3-S4-IOT-tratamiento-v3
26047,2026-08-22 17:38:00,VIA-01086,ORD-2026-06737,CAM-08,PROD-047,,C,70.9,0,0,temperatura_cabina_c,True,,SIN_TRATAMIENTO,,,,,CAM-08,True,temperatura_cabina_c,temperatura_cabina_c:FALTANTE,True,,GIAD-M3-S4-IOT-tratamiento-v3
26061,2026-08-23 00:38:00,VIA-01086,ORD-2026-06737,CAM-08,PROD-047,3.02,C,,0,0,humedad_cabina_pct,True,3.02,C_ORIGINAL,,,,,CAM-08,True,humedad_cabina_pct,humedad_cabina_pct:FALTANTE,True,,GIAD-M3-S4-IOT-tratamiento-v3
26093,2026-08-17 02:46:00,VIA-01088,ORD-2026-05447,CAM-25,PROD-033,-999.0,C,46.0,0,0,temperatura_cabina_c,True,-999.0,C_ORIGINAL,,,,,CAM-25,True,temperatura_cabina_c,temperatura_cabina_c:VALOR_CENTINELA,True,,GIAD-M3-S4-IOT-tratamiento-v3
26101,2026-08-17 06:46:00,VIA-01088,ORD-2026-05447,CAM-25,PROD-033,20.62,C,-37.4,0,0,humedad_cabina_pct,True,20.62,C_ORIGINAL,,,,,CAM-25,True,humedad_cabina_pct,humedad_cabina_pct:FUERA_RANGO,True,,GIAD-M3-S4-IOT-tratamiento-v3
26120,2026-08-20 16:32:00,VIA-01089,ORD-2026-01989,CAM-26,PROD-048,-999.0,C,41.6,0,0,temperatura_cabina_c,True,-999.0,C_ORIGINAL,,,,,CAM-26,True,temperatura_cabina_c,temperatura_cabina_c:VALOR_CENTINELA,True,,GIAD-M3-S4-IOT-tratamiento-v3
26156,2026-08-06 13:38:00,VIA-01090,ORD-2026-06698,CAM-01,PROD-024,,C,43.3,0,0,temperatura_cabina_c,True,,SIN_TRATAMIENTO,,,,,CAM-01,True,temperatura_cabina_c,temperatura_cabina_c:FALTANTE,True,,GIAD-M3-S4-IOT-tratamiento-v3
26238,2026-08-10 14:19:00,VIA-01094,ORD-2026-01593,CAM-08,PROD-025,-18.16,C,,0,0,humedad_cabina_pct,True,-18.16,C_ORIGINAL,,,,,CAM-08,True,humedad_cabina_pct,humedad_cabina_pct:FALTANTE,True,,GIAD-M3-S4-IOT-tratamiento-v3
26242,2026-02-31 09:15:00,VIA-01094,ORD-2026-01593,CAM-08,PROD-025,-18.8,C,65.2,0,0,timestamp,True,-18.8,C_ORIGINAL,,,,,CAM-08,True,timestamp,timestamp:FECHA_INVALIDA,True,,GIAD-M3-S4-IOT-tratamiento-v3
26321,2026-08-04 20:38:00,VIA-01097,ORD-2026-00823,CAM-08,PROD-056,4.71,C,,0,0,humedad_cabina_pct,True,4.71,C_ORIGINAL,,,,,CAM-08,True,humedad_cabina_pct,humedad_cabina_pct:FALTANTE,True,,GIAD-M3-S4-IOT-tratamiento-v3
26353,2026-08-11 11:32:00,VIA-01099,ORD-2026-03719,CAM-30,PROD-048,,C,43.2,0,0,temperatura_cabina_c,True,,SIN_TRATAMIENTO,,,,,CAM-30,True,temperatura_cabina_c,temperatura_cabina_c:FALTANTE,True,,GIAD-M3-S4-IOT-tratamiento-v3
26425,2026-08-14 02:28:00,VIA-01102,ORD-2026-04077,CAM-19,PROD-014,,C,47.7,0,0,temperatura_cabina_c,True,,SIN_TRATAMIENTO,,,,,CAM-19,True,temperatura_cabina_c,temperatura_cabina_c:FALTANTE,True,,GIAD-M3-S4-IOT-tratamiento-v3
26525,2026-08-12 23:04:00,VIA-01106,ORD-2026-03592,CAM-25,PROD-024,-999.0,C,54.5,0,0,temperatura_cabina_c,True,-999.0,C_ORIGINAL,,,,,CAM-25,True,temperatura_cabina_c,temperatura_cabina_c:VALOR_CENTINELA,True,,GIAD-M3-S4-IOT-tratamiento-v3
26584,2026-08-03 10:21:00,VIA-01108,ORD-2026-04770,CAM-11,PROD-004,4.54,C,-76.6,0,0,humedad_cabina_pct,True,4.54,C_ORIGINAL,,,,,CAM-11,True,humedad_cabina_pct,humedad_cabina_pct:FUERA_RANGO,True,,GIAD-M3-S4-IOT-tratamiento-v3
26990,2026-08-06 16:46:00,VIA-01125,ORD-2026-07496,CAM-08,PROD-044,4.61,C,,0,1,humedad_cabina_pct,True,4.61,C_ORIGINAL,,,,,CAM-08,True,humedad_cabina_pct,humedad_cabina_pct:FALTANTE,True,,GIAD-M3-S4-IOT-tratamiento-v3
27028,2026-08-07 15:39:00,VIA-01127,ORD-2026-05285, cam-26 ,PROD-041,-15.71,C,75.7,1,0,camion_id,True,-15.71,C_ORIGINAL,,,,, cam-26 ,True,camion_id,camion_id:FORMATO_INVALIDO,True,,GIAD-M3-S4-IOT-tratamiento-v3
27214,2026-08-07 12:39:00,VIA-01134,ORD-2026-05392,CAM-09,PROD-012,-999.0,C,51.6,0,0,temperatura_cabina_c,True,-999.0,C_ORIGINAL,,,,,CAM-09,True,temperatura_cabina_c,temperatura_cabina_c:VALOR_CENTINELA,True,,GIAD-M3-S4-IOT-tratamiento-v3
27228,2026-08-20 17:42:00,VIA-01135,ORD-2026-05571,CAM-27,PROD-015,3.71,C,,0,0,humedad_cabina_pct,True,3.71,C_ORIGINAL,,,,,CAM-27,True,humedad_cabina_pct,humedad_cabina_pct:FALTANTE,True,,GIAD-M3-S4-IOT-tratamiento-v3
27298,2026-08-24 19:35:00,VIA-01138,ORD-2026-04129,CAM-03,PROD-019,,C,52.0,0,0,temperatura_cabina_c,True,,SIN_TRATAMIENTO,,,,,CAM-03,True,temperatura_cabina_c,temperatura_cabina_c:FALTANTE,True,,GIAD-M3-S4-IOT-tratamiento-v3
27301,2026-08-24 21:05:00,VIA-01138,ORD-2026-04129,CAM-03,PROD-019,17.94,C,,0,0,humedad_cabina_pct,True,17.94,C_ORIGINAL,,,,,CAM-03,True,humedad_cabina_pct,humedad_cabina_pct:FALTANTE,True,,GIAD-M3-S4-IOT-tratamiento-v3
27380,2026-08-07 04:23:00,VIA-01141,ORD-2026-06915,CAM-18,PROD-040,-999.0,C,43.2,0,0,temperatura_cabina_c,True,-999.0,C_ORIGINAL,,,,,CAM-18,True,temperatura_cabina_c,temperatura_cabina_c:VALOR_CENTINELA,True,,GIAD-M3-S4-IOT-tratamiento-v3
27390,2026-08-10 15:05:00,VIA-01142,ORD-2026-06640,CAM-28,PROD-008,-999.0,C,61.6,0,0,temperatura_cabina_c,True,-999.0,C_ORIGINAL,,,,,CAM-28,True,temperatura_cabina_c,temperatura_cabina_c:VALOR_CENTINELA,True,,GIAD-M3-S4-IOT-tratamiento-v3
27421,2026-08-06 04:01:00,VIA-01143,ORD-2026-03531,CAM-27,PROD-019,18.79,C,-39.8,0,0,humedad_cabina_pct,True,18.79,C_ORIGINAL,,,,,CAM-27,True,humedad_cabina_pct,humedad_cabina_pct:FUERA_RANGO,True,,GIAD-M3-S4-IOT-tratamiento-v3
27443,2026-08-17 11:38:00,VIA-01144,ORD-2026-04306,CAM-26,PROD-002,,C,46.8,0,0,temperatura_cabina_c,True,,SIN_TRATAMIENTO,,,,,CAM-26,True,temperatura_cabina_c,temperatura_cabina_c:FALTANTE,True,,GIAD-M3-S4-IOT-tratamiento-v3
27489,2026-08-08 12:22:00,VIA-01146,ORD-2026-06006,CAM-08,PROD-036,3.44,C,,0,0,humedad_cabina_pct,True,3.44,C_ORIGINAL,,,,,CAM-08,True,humedad_cabina_pct,humedad_cabina_pct:FALTANTE,True,,GIAD-M3-S4-IOT-tratamiento-v3
27542,2026-08-19 21:04:00,VIA-01148,ORD-2026-03254,CAM-19,PROD-047,-999.0,C,63.6,0,0,temperatura_cabina_c,True,-999.0,C_ORIGINAL,,,,,CAM-19,True,temperatura_cabina_c,temperatura_cabina_c:VALOR_CENTINELA,True,,GIAD-M3-S4-IOT-tratamiento-v3
27605,2026-08-10 22:58:00,VIA-01151,ORD-2026-01183,CAM-28,PROD-037,-999.0,C,69.8,0,0,temperatura_cabina_c,True,-999.0,C_ORIGINAL,,,,,CAM-28,True,temperatura_cabina_c,temperatura_cabina_c:VALOR_CENTINELA,True,,GIAD-M3-S4-IOT-tratamiento-v3
27807,2026-08-27 05:48:00,VIA-01159,ORD-2026-05279,CAM-01,PROD-054,-999.0,C,55.3,0,1,temperatura_cabina_c,True,-999.0,C_ORIGINAL,,,,,CAM-01,True,temperatura_cabina_c,temperatura_cabina_c:VALOR_CENTINELA,True,,GIAD-M3-S4-IOT-tratamiento-v3
27904,2026-08-01 21:43:00,VIA-01163,ORD-2026-03346, cam-08 ,PROD-058,-18.97,C,73.9,0,0,camion_id,True,-18.97,C_ORIGINAL,,,,, cam-08 ,True,camion_id,camion_id:FORMATO_INVALIDO,True,,GIAD-M3-S4-IOT-tratamiento-v3
27936,2026-08-03 14:45:00,VIA-01164,ORD-2026-05578,CAM-04,PROD-003,,C,33.7,0,0,temperatura_cabina_c,True,,SIN_TRATAMIENTO,,,,,CAM-04,True,temperatura_cabina_c,temperatura_cabina_c:FALTANTE,True,,GIAD-M3-S4-IOT-tratamiento-v3
28111,2026-08-02 00:15:00,VIA-01172,ORD-2026-02661,CAM-26,PROD-046,,C,57.5,0,0,temperatura_cabina_c,True,,SIN_TRATAMIENTO,,,,,CAM-26,True,temperatura_cabina_c,temperatura_cabina_c:FALTANTE,True,,GIAD-M3-S4-IOT-tratamiento-v3
28132,2026-02-31 09:15:00,VIA-01173,ORD-2026-01654,CAM-15,PROD-025,-19.12,C,65.0,0,0,timestamp,True,-19.12,C_ORIGINAL,,,,,CAM-15,True,timestamp,timestamp:FECHA_INVALIDA,True,,GIAD-M3-S4-IOT-tratamiento-v3
28181,2026-08-16 08:15:00,VIA-01175,ORD-2026-00491,CAM-08,PROD-015,,C,70.3,0,0,temperatura_cabina_c,True,,SIN_TRATAMIENTO,,,,,CAM-08,True,temperatura_cabina_c,temperatura_cabina_c:FALTANTE,True,,GIAD-M3-S4-IOT-tratamiento-v3
28226,2026-08-04 18:31:00,VIA-01177,ORD-2026-00230,CAM-16,PROD-017,20.23,C,,0,0,humedad_cabina_pct,True,20.23,C_ORIGINAL,,,,,CAM-16,True,humedad_cabina_pct,humedad_cabina_pct:FALTANTE,True,,GIAD-M3-S4-IOT-tratamiento-v3
28336,2026-08-05 20:51:00,VIA-01181,ORD-2026-01540,CAM-19,PROD-057,,C,45.4,0,0,temperatura_cabina_c,True,,SIN_TRATAMIENTO,,,,,CAM-19,True,temperatura_cabina_c,temperatura_cabina_c:FALTANTE,True,,GIAD-M3-S4-IOT-tratamiento-v3
28490,2026-08-04 04:24:00,VIA-01188,ORD-2026-04191,CAM-24,PROD-001,-999.0,C,75.3,0,0,temperatura_cabina_c,True,-999.0,C_ORIGINAL,,,,,CAM-24,True,temperatura_cabina_c,temperatura_cabina_c:VALOR_CENTINELA,True,,GIAD-M3-S4-IOT-tratamiento-v3
28801,2026-08-10 20:07:00,VIA-00236,ORD-2026-03207,CAM-29,PROD-050,22.03,C,41.3,0,0,viaje_id+timestamp,True,22.03,C_ORIGINAL,IDENTICO,COPIA_EXCLUIDA,5659,Las diez columnas originales son idénticas,CAM-29,True,viaje_id+timestamp,viaje_id+timestamp:DUPLICADO_IDENTICO,True,COPIA_EXCLUIDA,GIAD-M3-S4-IOT-tratamiento-v3
28802,2026-08-21 16:21:00,VIA-00184,ORD-2026-02963,CAM-19,PROD-008,-19.1,C,82.6,0,0,viaje_id+timestamp,True,-19.1,C_ORIGINAL,IDENTICO,COPIA_EXCLUIDA,4403,Las diez columnas originales son idénticas,CAM-19,True,viaje_id+timestamp,viaje_id+timestamp:DUPLICADO_IDENTICO,True,COPIA_EXCLUIDA,GIAD-M3-S4-IOT-tratamiento-v3
28803,2026-08-25 04:44:00,VIA-00970,ORD-2026-00258,CAM-04,PROD-057,16.78,C,48.8,0,0,viaje_id+timestamp,True,16.78,C_ORIGINAL,IDENTICO,COPIA_EXCLUIDA,23262,Las diez columnas originales son idénticas,CAM-04,True,viaje_id+timestamp,viaje_id+timestamp:DUPLICADO_IDENTICO,True,COPIA_EXCLUIDA,GIAD-M3-S4-IOT-tratamiento-v3
28804,2026-08-18 04:11:00,VIA-00194,ORD-2026-06568,CAM-16,PROD-030,21.32,C,63.3,0,0,viaje_id+timestamp,True,21.32,C_ORIGINAL,IDENTICO,COPIA_EXCLUIDA,4634,Las diez columnas originales son idénticas,CAM-16,True,viaje_id+timestamp,viaje_id+timestamp:DUPLICADO_IDENTICO,True,COPIA_EXCLUIDA,GIAD-M3-S4-IOT-tratamiento-v3
28805,2026-08-02 11:49:00,VIA-00914,ORD-2026-01504,CAM-10,PROD-014,17.85,C,39.5,0,0,viaje_id+timestamp,True,17.85,C_ORIGINAL,IDENTICO,COPIA_EXCLUIDA,21927,Las diez columnas originales son idénticas,CAM-10,True,viaje_id+timestamp,viaje_id+timestamp:DUPLICADO_IDENTICO,True,COPIA_EXCLUIDA,GIAD-M3-S4-IOT-tratamiento-v3
28806,2026-08-19 11:40:00,VIA-00259,ORD-2026-04308,CAM-28,PROD-028,18.88,C,43.4,0,0,viaje_id+timestamp,True,18.88,C_ORIGINAL,IDENTICO,COPIA_EXCLUIDA,6194,Las diez columnas originales son idénticas,CAM-28,True,viaje_id+timestamp,viaje_id+timestamp:DUPLICADO_IDENTICO,True,COPIA_EXCLUIDA,GIAD-M3-S4-IOT-tratamiento-v3
28807,2026-08-18 17:23:00,VIA-00242,ORD-2026-04829,CAM-27,PROD-004,2.93,C,78.1,0,0,viaje_id+timestamp,True,2.93,C_ORIGINAL,IDENTICO,COPIA_EXCLUIDA,5786,Las diez columnas originales son idénticas,CAM-27,True,viaje_id+timestamp,viaje_id+timestamp:DUPLICADO_IDENTICO,True,COPIA_EXCLUIDA,GIAD-M3-S4-IOT-tratamiento-v3
28808,2026-08-12 02:44:00,VIA-00662,ORD-2026-05320,CAM-10,PROD-058,-18.66,C,62.2,0,0,viaje_id+timestamp,True,-18.66,C_ORIGINAL,IDENTICO,COPIA_EXCLUIDA,15865,Las diez columnas originales son idénticas,CAM-10,True,viaje_id+timestamp,viaje_id+timestamp:DUPLICADO_IDENTICO,True,COPIA_EXCLUIDA,GIAD-M3-S4-IOT-tratamiento-v3
28809,2026-08-16 05:38:00,VIA-01036,ORD-2026-03048,CAM-19,PROD-051,-17.26,C,74.7,0,0,viaje_id+timestamp,True,-17.26,C_ORIGINAL,IDENTICO,COPIA_EXCLUIDA,24848,Las diez columnas originales son idénticas,CAM-19,True,viaje_id+timestamp,viaje_id+timestamp:DUPLICADO_IDENTICO,True,COPIA_EXCLUIDA,GIAD-M3-S4-IOT-tratamiento-v3
28810,2026-08-02 08:45:00,VIA-01172,ORD-2026-02661,CAM-26,PROD-046,19.44,C,34.7,0,0,viaje_id+timestamp,True,19.44,C_ORIGINAL,IDENTICO,COPIA_EXCLUIDA,28128,Las diez columnas originales son idénticas,CAM-26,True,viaje_id+timestamp,viaje_id+timestamp:DUPLICADO_IDENTICO,True,COPIA_EXCLUIDA,GIAD-M3-S4-IOT-tratamiento-v3
28811,2026-08-06 05:11:00,VIA-00363,ORD-2026-07429,CAM-10,PROD-001,4.07,C,91.4,0,0,viaje_id+timestamp,True,4.07,C_ORIGINAL,IDENTICO,COPIA_EXCLUIDA,8700,Las diez columnas originales son idénticas,CAM-10,True,viaje_id+timestamp,viaje_id+timestamp:DUPLICADO_IDENTICO,True,COPIA_EXCLUIDA,GIAD-M3-S4-IOT-tratamiento-v3
28812,2026-08-26 10:35:00,VIA-00927,ORD-2026-07022,CAM-20,PROD-002,22.24,C,42.0,0,0,viaje_id+timestamp,True,22.24,C_ORIGINAL,IDENTICO,COPIA_EXCLUIDA,22234,Las diez columnas originales son idénticas,CAM-20,True,viaje_id+timestamp,viaje_id+timestamp:DUPLICADO_IDENTICO,True,COPIA_EXCLUIDA,GIAD-M3-S4-IOT-tratamiento-v3
28813,2026-08-15 15:30:00,VIA-00807,ORD-2026-01194,CAM-29,PROD-018,18.9,C,51.4,0,0,viaje_id+timestamp,True,18.9,C_ORIGINAL,IDENTICO,COPIA_EXCLUIDA,19348,Las diez columnas originales son idénticas,CAM-29,True,viaje_id+timestamp,viaje_id+timestamp:DUPLICADO_IDENTICO,True,COPIA_EXCLUIDA,GIAD-M3-S4-IOT-tratamiento-v3
28814,2026-08-09 11:02:00,VIA-00486,ORD-2026-04675,CAM-08,PROD-053,4.5,C,76.4,0,0,viaje_id+timestamp,True,4.5,C_ORIGINAL,IDENTICO,COPIA_EXCLUIDA,11648,Las diez columnas originales son idénticas,CAM-08,True,viaje_id+timestamp,viaje_id+timestamp:DUPLICADO_IDENTICO,True,COPIA_EXCLUIDA,GIAD-M3-S4-IOT-tratamiento-v3
28815,2026-08-19 21:30:00,VIA-00197,ORD-2026-01303,CAM-19,PROD-005,15.39,C,44.7,0,0,viaje_id+timestamp,True,15.39,C_ORIGINAL,IDENTICO,COPIA_EXCLUIDA,4720,Las diez columnas originales son idénticas,CAM-19,True,viaje_id+timestamp,viaje_id+timestamp:DUPLICADO_IDENTICO,True,COPIA_EXCLUIDA,GIAD-M3-S4-IOT-tratamiento-v3
28816,2026-08-28 18:01:00,VIA-00670,ORD-2026-03021,CAM-08,PROD-041,-19.21,C,78.3,0,0,viaje_id+timestamp,True,-19.21,C_ORIGINAL,IDENTICO,COPIA_EXCLUIDA,16073,Las diez columnas originales son idénticas,CAM-08,True,viaje_id+timestamp,viaje_id+timestamp:DUPLICADO_IDENTICO,True,COPIA_EXCLUIDA,GIAD-M3-S4-IOT-tratamiento-v3
28817,2026-08-16 04:20:00,VIA-00781,ORD-2026-05431,CAM-08,PROD-001,3.95,C,69.3,0,0,viaje_id+timestamp,True,3.95,C_ORIGINAL,IDENTICO,COPIA_EXCLUIDA,18741,Las diez columnas originales son idénticas,CAM-08,True,viaje_id+timestamp,viaje_id+timestamp:DUPLICADO_IDENTICO,True,COPIA_EXCLUIDA,GIAD-M3-S4-IOT-tratamiento-v3
28818,2026-08-09 23:54:00,VIA-00053,ORD-2026-03071,CAM-19,PROD-011,-19.27,C,73.8,0,0,viaje_id+timestamp,True,-19.27,C_ORIGINAL,IDENTICO,COPIA_EXCLUIDA,1263,Las diez columnas originales son idénticas,CAM-19,True,viaje_id+timestamp,viaje_id+timestamp:DUPLICADO_IDENTICO,True,COPIA_EXCLUIDA,GIAD-M3-S4-IOT-tratamiento-v3
28819,2026-08-29 06:13:00,VIA-00047,ORD-2026-03263,CAM-20,PROD-028,21.22,C,50.4,0,0,viaje_id+timestamp,True,21.22,C_ORIGINAL,IDENTICO,COPIA_EXCLUIDA,1110,Las diez columnas originales son idénticas,CAM-20,True,viaje_id+timestamp,viaje_id+timestamp:DUPLICADO_IDENTICO,True,COPIA_EXCLUIDA,GIAD-M3-S4-IOT-tratamiento-v3
28820,2026-08-23 15:01:00,VIA-00305,ORD-2026-02961,CAM-09,PROD-007,20.73,C,39.4,0,0,viaje_id+timestamp,True,20.73,C_ORIGINAL,IDENTICO,COPIA_EXCLUIDA,7311,Las diez columnas originales son idénticas,CAM-09,True,viaje_id+timestamp,viaje_id+timestamp:DUPLICADO_IDENTICO,True,COPIA_EXCLUIDA,GIAD-M3-S4-IOT-tratamiento-v3
28821,2026-08-23 15:16:00,VIA-00122,ORD-2026-04337,CAM-04,PROD-039,19.96,C,45.8,0,0,viaje_id+timestamp,True,19.96,C_ORIGINAL,IDENTICO,COPIA_EXCLUIDA,2913,Las diez columnas originales son idénticas,CAM-04,True,viaje_id+timestamp,viaje_id+timestamp:DUPLICADO_IDENTICO,True,COPIA_EXCLUIDA,GIAD-M3-S4-IOT-tratamiento-v3
28822,2026-08-03 03:34:00,VIA-00823,ORD-2026-03527,CAM-19,PROD-044,8.85,C,82.2,1,1,viaje_id+timestamp,True,8.85,C_ORIGINAL,IDENTICO,COPIA_EXCLUIDA,19739,Las diez columnas originales son idénticas,CAM-19,True,viaje_id+timestamp,viaje_id+timestamp:DUPLICADO_IDENTICO,True,COPIA_EXCLUIDA,GIAD-M3-S4-IOT-tratamiento-v3
28823,2026-08-04 00:41:00,VIA-00896,ORD-2026-06348,CAM-09,PROD-014,19.26,C,41.6,0,0,viaje_id+timestamp,True,19.26,C_ORIGINAL,IDENTICO,COPIA_EXCLUIDA,21492,Las diez columnas originales son idénticas,CAM-09,True,viaje_id+timestamp,viaje_id+timestamp:DUPLICADO_IDENTICO,True,COPIA_EXCLUIDA,GIAD-M3-S4-IOT-tratamiento-v3
28824,2026-08-01 15:38:00,VIA-00380,ORD-2026-02526,CAM-08,PROD-004,3.39,C,74.5,0,0,viaje_id+timestamp,True,3.39,C_ORIGINAL,IDENTICO,COPIA_EXCLUIDA,9110,Las diez columnas originales son idénticas,CAM-08,True,viaje_id+timestamp,viaje_id+timestamp:DUPLICADO_IDENTICO,True,COPIA_EXCLUIDA,GIAD-M3-S4-IOT-tratamiento-v3
28825,2026-08-06 13:54:00,VIA-00679,ORD-2026-05063,CAM-08,PROD-004,3.08,C,81.6,0,0,viaje_id+timestamp,True,3.08,C_ORIGINAL,IDENTICO,COPIA_EXCLUIDA,16282,Las diez columnas originales son idénticas,CAM-08,True,viaje_id+timestamp,viaje_id+timestamp:DUPLICADO_IDENTICO,True,COPIA_EXCLUIDA,GIAD-M3-S4-IOT-tratamiento-v3
28826,2026-08-12 12:57:00,VIA-00217,ORD-2026-05269,CAM-28,PROD-036,3.57,C,75.6,0,0,viaje_id+timestamp,True,3.57,C_ORIGINAL,IDENTICO,COPIA_EXCLUIDA,5185,Las diez columnas originales son idénticas,CAM-28,True,viaje_id+timestamp,viaje_id+timestamp:DUPLICADO_IDENTICO,True,COPIA_EXCLUIDA,GIAD-M3-S4-IOT-tratamiento-v3
28827,2026-08-30 10:57:00,VIA-00027,ORD-2026-05466,CAM-20,PROD-026,3.31,C,78.1,0,0,viaje_id+timestamp,True,3.31,C_ORIGINAL,IDENTICO,COPIA_EXCLUIDA,648,Las diez columnas originales son idénticas,CAM-20,True,viaje_id+timestamp,viaje_id+timestamp:DUPLICADO_IDENTICO,True,COPIA_EXCLUIDA,GIAD-M3-S4-IOT-tratamiento-v3
28828,2026-08-06 14:54:00,VIA-00051,ORD-2026-04075,CAM-28,PROD-025,-18.07,C,55.7,0,0,viaje_id+timestamp,True,-18.07,C_ORIGINAL,IDENTICO,COPIA_EXCLUIDA,1221,Las diez columnas originales son idénticas,CAM-28,True,viaje_id+timestamp,viaje_id+timestamp:DUPLICADO_IDENTICO,True,COPIA_EXCLUIDA,GIAD-M3-S4-IOT-tratamiento-v3
28829,2026-08-03 05:18:00,VIA-00864,ORD-2026-00645,CAM-24,PROD-043,-17.96,C,71.4,0,0,viaje_id+timestamp,True,-17.96,C_ORIGINAL,IDENTICO,COPIA_EXCLUIDA,20716,Las diez columnas originales son idénticas,CAM-24,True,viaje_id+timestamp,viaje_id+timestamp:DUPLICADO_IDENTICO,True,COPIA_EXCLUIDA,GIAD-M3-S4-IOT-tratamiento-v3
28830,2026-08-20 18:11:00,VIA-01070,ORD-2026-03508,CAM-02,PROD-052,2.89,C,78.8,0,0,viaje_id+timestamp,True,2.89,C_ORIGINAL,IDENTICO,COPIA_EXCLUIDA,25661,Las diez columnas originales son idénticas,CAM-02,True,viaje_id+timestamp,viaje_id+timestamp:DUPLICADO_IDENTICO,True,COPIA_EXCLUIDA,GIAD-M3-S4-IOT-tratamiento-v3
28831,2026-08-20 15:36:00,VIA-00856,ORD-2026-05146,CAM-28,PROD-024,19.68,C,43.1,0,0,viaje_id+timestamp,True,19.68,C_ORIGINAL,IDENTICO,COPIA_EXCLUIDA,20528,Las diez columnas originales son idénticas,CAM-28,True,viaje_id+timestamp,viaje_id+timestamp:DUPLICADO_IDENTICO,True,COPIA_EXCLUIDA,GIAD-M3-S4-IOT-tratamiento-v3
28832,2026-08-14 06:56:00,VIA-00379,ORD-2026-04281,CAM-08,PROD-008,-16.48,C,67.8,0,0,viaje_id+timestamp,True,-16.48,C_ORIGINAL,IDENTICO,COPIA_EXCLUIDA,9087,Las diez columnas originales son idénticas,CAM-08,True,viaje_id+timestamp,viaje_id+timestamp:DUPLICADO_IDENTICO,True,COPIA_EXCLUIDA,GIAD-M3-S4-IOT-tratamiento-v3
28833,2026-08-13 04:00:00,VIA-00002,ORD-2026-04815,CAM-12,PROD-029,19.63,C,59.6,0,0,viaje_id+timestamp,True,19.63,C_ORIGINAL,IDENTICO,COPIA_EXCLUIDA,34,Las diez columnas originales son idénticas,CAM-12,True,viaje_id+timestamp,viaje_id+timestamp:DUPLICADO_IDENTICO,True,COPIA_EXCLUIDA,GIAD-M3-S4-IOT-tratamiento-v3
28834,2026-08-21 12:20:00,VIA-01023,ORD-2026-03826,CAM-02,PROD-009,3.73,C,67.5,0,0,viaje_id+timestamp,True,3.73,C_ORIGINAL,IDENTICO,COPIA_EXCLUIDA,24541,Las diez columnas originales son idénticas,CAM-02,True,viaje_id+timestamp,viaje_id+timestamp:DUPLICADO_IDENTICO,True,COPIA_EXCLUIDA,GIAD-M3-S4-IOT-tratamiento-v3
28835,2026-08-08 14:52:00,VIA-01146,ORD-2026-06006,CAM-08,PROD-036,5.09,C,72.2,0,0,viaje_id+timestamp,True,5.09,C_ORIGINAL,IDENTICO,COPIA_EXCLUIDA,27494,Las diez columnas originales son idénticas,CAM-08,True,viaje_id+timestamp,viaje_id+timestamp:DUPLICADO_IDENTICO,True,COPIA_EXCLUIDA,GIAD-M3-S4-IOT-tratamiento-v3
28836,2026-08-05 09:12:00,VIA-00306,ORD-2026-06512,CAM-24,PROD-045,4.37,C,82.2,0,0,viaje_id+timestamp,True,4.37,C_ORIGINAL,IDENTICO,COPIA_EXCLUIDA,7339,Las diez columnas originales son idénticas,CAM-24,True,viaje_id+timestamp,viaje_id+timestamp:DUPLICADO_IDENTICO,True,COPIA_EXCLUIDA,GIAD-M3-S4-IOT-tratamiento-v3
28837,2026-08-30 19:32:00,VIA-00673,ORD-2026-04325,CAM-20,PROD-027,4.29,C,80.9,0,0,viaje_id+timestamp,True,4.29,C_ORIGINAL,IDENTICO,COPIA_EXCLUIDA,16139,Las diez columnas originales son idénticas,CAM-20,True,viaje_id+timestamp,viaje_id+timestamp:DUPLICADO_IDENTICO,True,COPIA_EXCLUIDA,GIAD-M3-S4-IOT-tratamiento-v3
28838,2026-08-04 17:56:00,VIA-00135,ORD-2026-02724,CAM-12,PROD-010,19.46,C,54.0,0,0,viaje_id+timestamp,True,19.46,C_ORIGINAL,IDENTICO,COPIA_EXCLUIDA,3235,Las diez columnas originales son idénticas,CAM-12,True,viaje_id+timestamp,viaje_id+timestamp:DUPLICADO_IDENTICO,True,COPIA_EXCLUIDA,GIAD-M3-S4-IOT-tratamiento-v3
28839,2026-08-01 23:23:00,VIA-00821,ORD-2026-06765,CAM-19,PROD-036,2.96,C,79.3,0,0,viaje_id+timestamp,True,2.96,C_ORIGINAL,IDENTICO,COPIA_EXCLUIDA,19690,Las diez columnas originales son idénticas,CAM-19,True,viaje_id+timestamp,viaje_id+timestamp:DUPLICADO_IDENTICO,True,COPIA_EXCLUIDA,GIAD-M3-S4-IOT-tratamiento-v3
28840,2026-08-20 09:55:00,VIA-00755,ORD-2026-06845,CAM-14,PROD-032,18.59,C,51.2,0,0,viaje_id+timestamp,True,18.59,C_ORIGINAL,IDENTICO,COPIA_EXCLUIDA,18111,Las diez columnas originales son idénticas,CAM-14,True,viaje_id+timestamp,viaje_id+timestamp:DUPLICADO_IDENTICO,True,COPIA_EXCLUIDA,GIAD-M3-S4-IOT-tratamiento-v3
28841,2026-08-06 23:25:00,VIA-00531,ORD-2026-07401,CAM-08,PROD-058,-17.73,C,68.4,0,0,viaje_id+timestamp,True,-17.73,C_ORIGINAL,IDENTICO,COPIA_EXCLUIDA,12721,Las diez columnas originales son idénticas,CAM-08,True,viaje_id+timestamp,viaje_id+timestamp:DUPLICADO_IDENTICO,True,COPIA_EXCLUIDA,GIAD-M3-S4-IOT-tratamiento-v3
28842,2026-08-27 05:16:00,VIA-00757,ORD-2026-01175,CAM-20,PROD-042,20.86,C,50.7,0,0,viaje_id+timestamp,True,20.86,C_ORIGINAL,IDENTICO,COPIA_EXCLUIDA,18152,Las diez columnas originales son idénticas,CAM-20,True,viaje_id+timestamp,viaje_id+timestamp:DUPLICADO_IDENTICO,True,COPIA_EXCLUIDA,GIAD-M3-S4-IOT-tratamiento-v3
28843,2026-08-30 14:53:00,VIA-00897,ORD-2026-04328,CAM-23,PROD-027,3.05,C,71.5,0,0,viaje_id+timestamp,True,3.05,C_ORIGINAL,IDENTICO,COPIA_EXCLUIDA,21506,Las diez columnas originales son idénticas,CAM-23,True,viaje_id+timestamp,viaje_id+timestamp:DUPLICADO_IDENTICO,True,COPIA_EXCLUIDA,GIAD-M3-S4-IOT-tratamiento-v3
28844,2026-08-20 19:22:00,VIA-00091,ORD-2026-05940,CAM-26,PROD-053,4.46,C,78.3,0,0,viaje_id+timestamp,True,4.46,C_ORIGINAL,IDENTICO,COPIA_EXCLUIDA,2182,Las diez columnas originales son idénticas,CAM-26,True,viaje_id+timestamp,viaje_id+timestamp:DUPLICADO_IDENTICO,True,COPIA_EXCLUIDA,GIAD-M3-S4-IOT-tratamiento-v3
28845,2026-08-05 14:02:00,VIA-00980,ORD-2026-05944,CAM-26,PROD-007,21.78,C,49.8,0,0,viaje_id+timestamp,True,21.78,C_ORIGINAL,IDENTICO,COPIA_EXCLUIDA,23503,Las diez columnas originales son idénticas,CAM-26,True,viaje_id+timestamp,viaje_id+timestamp:DUPLICADO_IDENTICO,True,COPIA_EXCLUIDA,GIAD-M3-S4-IOT-tratamiento-v3
28846,2026-08-05 23:29:00,VIA-00640,ORD-2026-02492,CAM-22,PROD-047,3.86,C,66.3,0,0,viaje_id+timestamp,True,3.86,C_ORIGINAL,IDENTICO,COPIA_EXCLUIDA,15355,Las diez columnas originales son idénticas,CAM-22,True,viaje_id+timestamp,viaje_id+timestamp:DUPLICADO_IDENTICO,True,COPIA_EXCLUIDA,GIAD-M3-S4-IOT-tratamiento-v3
28847,2026-08-28 23:01:00,VIA-00543,ORD-2026-03706,CAM-24,PROD-031,,C,46.3,0,0,temperatura_cabina_c|viaje_id+timestamp,True,,SIN_TRATAMIENTO,COMPLEMENTARIO,COPIA_EXCLUIDA,13016,Una lectura tiene más campos completos y todos los valores no vacíos coinciden,CAM-24,True,temperatura_cabina_c|viaje_id+timestamp,temperatura_cabina_c:FALTANTE|viaje_id+timestamp:CLAVE_EN_CONFLICTO,True,COPIA_EXCLUIDA,GIAD-M3-S4-IOT-tratamiento-v3
28848,2026-08-27 19:42:00,VIA-00475,ORD-2026-01792,CAM-03,PROD-016,18.45,C,,0,0,humedad_cabina_pct|viaje_id+timestamp,True,18.45,C_ORIGINAL,COMPLEMENTARIO,COPIA_EXCLUIDA,11385,Una lectura tiene más campos completos y todos los valores no vacíos coinciden,CAM-03,True,humedad_cabina_pct|viaje_id+timestamp,humedad_cabina_pct:FALTANTE|viaje_id+timestamp:CLAVE_EN_CONFLICTO,True,COPIA_EXCLUIDA,GIAD-M3-S4-IOT-tratamiento-v3
28849,2026-08-17 08:26:00,VIA-00073,ORD-2026-01330,CAM-13,PROD-018,20.25,C,53.6,0,0,viaje_id+timestamp,True,20.25,C_ORIGINAL,IDENTICO,COPIA_EXCLUIDA,1735,Las diez columnas originales son idénticas,CAM-13,True,viaje_id+timestamp,viaje_id+timestamp:DUPLICADO_IDENTICO,True,COPIA_EXCLUIDA,GIAD-M3-S4-IOT-tratamiento-v3
28850,2026-08-04 13:49:00,VIA-00985,ORD-2026-01091,CAM-19,PROD-058,-17.56,C,54.4,0,0,viaje_id+timestamp,True,-17.56,C_ORIGINAL,IDENTICO,COPIA_EXCLUIDA,23617,Las diez columnas originales son idénticas,CAM-19,True,viaje_id+timestamp,viaje_id+timestamp:DUPLICADO_IDENTICO,True,COPIA_EXCLUIDA,GIAD-M3-S4-IOT-tratamiento-v3
28851,2026-08-12 18:33:00,VIA-01182,ORD-2026-01656,CAM-26,PROD-048,21.01,C,46.3,0,0,viaje_id+timestamp,True,21.01,C_ORIGINAL,IDENTICO,COPIA_EXCLUIDA,28351,Las diez columnas originales son idénticas,CAM-26,True,viaje_id+timestamp,viaje_id+timestamp:DUPLICADO_IDENTICO,True,COPIA_EXCLUIDA,GIAD-M3-S4-IOT-tratamiento-v3
28852,2026-08-14 02:26:00,VIA-00379,ORD-2026-04281,CAM-08,PROD-008,-18.33,C,63.4,0,0,viaje_id+timestamp,True,-18.33,C_ORIGINAL,IDENTICO,COPIA_EXCLUIDA,9078,Las diez columnas originales son idénticas,CAM-08,True,viaje_id+timestamp,viaje_id+timestamp:DUPLICADO_IDENTICO,True,COPIA_EXCLUIDA,GIAD-M3-S4-IOT-tratamiento-v3
28853,2026-08-18 14:54:00,VIA-00258,ORD-2026-04678,CAM-08,PROD-058,-18.64,C,70.4,0,0,viaje_id+timestamp,True,-18.64,C_ORIGINAL,IDENTICO,COPIA_EXCLUIDA,6187,Las diez columnas originales son idénticas,CAM-08,True,viaje_id+timestamp,viaje_id+timestamp:DUPLICADO_IDENTICO,True,COPIA_EXCLUIDA,GIAD-M3-S4-IOT-tratamiento-v3
28854,2026-08-14 09:12:00,VIA-00939,ORD-2026-05340,CAM-03,PROD-030,21.35,C,53.8,0,0,viaje_id+timestamp,True,21.35,C_ORIGINAL,IDENTICO,COPIA_EXCLUIDA,22530,Las diez columnas originales son idénticas,CAM-03,True,viaje_id+timestamp,viaje_id+timestamp:DUPLICADO_IDENTICO,True,COPIA_EXCLUIDA,GIAD-M3-S4-IOT-tratamiento-v3
28855,2026-08-16 08:41:00,VIA-01166,ORD-2026-01739,CAM-27,PROD-050,23.28,C,45.8,0,0,viaje_id+timestamp,True,23.28,C_ORIGINAL,IDENTICO,COPIA_EXCLUIDA,27977,Las diez columnas originales son idénticas,CAM-27,True,viaje_id+timestamp,viaje_id+timestamp:DUPLICADO_IDENTICO,True,COPIA_EXCLUIDA,GIAD-M3-S4-IOT-tratamiento-v3
28856,2026-08-30 05:53:00,VIA-00433,ORD-2026-00959,CAM-10,PROD-023,2.99,C,64.7,0,0,viaje_id+timestamp,True,2.99,C_ORIGINAL,IDENTICO,COPIA_EXCLUIDA,10387,Las diez columnas originales son idénticas,CAM-10,True,viaje_id+timestamp,viaje_id+timestamp:DUPLICADO_IDENTICO,True,COPIA_EXCLUIDA,GIAD-M3-S4-IOT-tratamiento-v3
28857,2026-08-02 22:34:00,VIA-00260,ORD-2026-02932,CAM-30,PROD-002,22.76,C,44.5,0,0,viaje_id+timestamp,True,22.76,C_ORIGINAL,IDENTICO,COPIA_EXCLUIDA,6220,Las diez columnas originales son idénticas,CAM-30,True,viaje_id+timestamp,viaje_id+timestamp:DUPLICADO_IDENTICO,True,COPIA_EXCLUIDA,GIAD-M3-S4-IOT-tratamiento-v3
28858,2026-08-08 08:33:00,VIA-00674,ORD-2026-05091,CAM-08,PROD-055,22.22,C,47.9,0,0,viaje_id+timestamp,True,22.22,C_ORIGINAL,IDENTICO,COPIA_EXCLUIDA,16167,Las diez columnas originales son idénticas,CAM-08,True,viaje_id+timestamp,viaje_id+timestamp:DUPLICADO_IDENTICO,True,COPIA_EXCLUIDA,GIAD-M3-S4-IOT-tratamiento-v3
28859,2026-08-26 12:11:00,VIA-00828,ORD-2026-04623,CAM-01,PROD-049,4.17,C,75.5,0,0,viaje_id+timestamp,True,4.17,C_ORIGINAL,IDENTICO,COPIA_EXCLUIDA,19857,Las diez columnas originales son idénticas,CAM-01,True,viaje_id+timestamp,viaje_id+timestamp:DUPLICADO_IDENTICO,True,COPIA_EXCLUIDA,GIAD-M3-S4-IOT-tratamiento-v3
28860,2026-08-04 15:52:00,VIA-00751,ORD-2026-06416,CAM-09,PROD-048,18.51,C,44.0,0,0,viaje_id+timestamp,True,18.51,C_ORIGINAL,IDENTICO,COPIA_EXCLUIDA,18019,Las diez columnas originales son idénticas,CAM-09,True,viaje_id+timestamp,viaje_id+timestamp:DUPLICADO_IDENTICO,True,COPIA_EXCLUIDA,GIAD-M3-S4-IOT-tratamiento-v3
28861,2026-08-16 01:15:00,VIA-00718,ORD-2026-00659,CAM-21,PROD-038,20.83,C,38.6,0,1,viaje_id+timestamp,True,20.83,C_ORIGINAL,IDENTICO,COPIA_EXCLUIDA,17211,Las diez columnas originales son idénticas,CAM-21,True,viaje_id+timestamp,viaje_id+timestamp:DUPLICADO_IDENTICO,True,COPIA_EXCLUIDA,GIAD-M3-S4-IOT-tratamiento-v3
28862,2026-08-26 18:25:00,VIA-00761,ORD-2026-00954,CAM-24,PROD-015,3.77,C,,0,0,humedad_cabina_pct|viaje_id+timestamp,True,3.77,C_ORIGINAL,COMPLEMENTARIO,COPIA_EXCLUIDA,18256,Una lectura tiene más campos completos y todos los valores no vacíos coinciden,CAM-24,True,humedad_cabina_pct|viaje_id+timestamp,humedad_cabina_pct:FALTANTE|viaje_id+timestamp:CLAVE_EN_CONFLICTO,True,COPIA_EXCLUIDA,GIAD-M3-S4-IOT-tratamiento-v3
28863,2026-08-05 05:31:00,VIA-00374,ORD-2026-06903,CAM-10,PROD-028,20.95,C,34.5,0,0,viaje_id+timestamp,True,20.95,C_ORIGINAL,IDENTICO,COPIA_EXCLUIDA,8975,Las diez columnas originales son idénticas,CAM-10,True,viaje_id+timestamp,viaje_id+timestamp:DUPLICADO_IDENTICO,True,COPIA_EXCLUIDA,GIAD-M3-S4-IOT-tratamiento-v3
28864,2026-08-14 01:36:00,VIA-01028,ORD-2026-07477,CAM-15,PROD-034,4.93,C,79.0,0,0,viaje_id+timestamp,True,4.93,C_ORIGINAL,IDENTICO,COPIA_EXCLUIDA,24665,Las diez columnas originales son idénticas,CAM-15,True,viaje_id+timestamp,viaje_id+timestamp:DUPLICADO_IDENTICO,True,COPIA_EXCLUIDA,GIAD-M3-S4-IOT-tratamiento-v3
28865,2026-08-16 01:22:00,VIA-01056,ORD-2026-02364,CAM-28,PROD-008,-17.47,C,60.7,0,0,viaje_id+timestamp,True,-17.47,C_ORIGINAL,IDENTICO,COPIA_EXCLUIDA,25336,Las diez columnas originales son idénticas,CAM-28,True,viaje_id+timestamp,viaje_id+timestamp:DUPLICADO_IDENTICO,True,COPIA_EXCLUIDA,GIAD-M3-S4-IOT-tratamiento-v3
28866,2026-08-12 16:33:00,VIA-00786,ORD-2026-05280,CAM-13,PROD-040,21.28,C,39.7,0,0,viaje_id+timestamp,True,21.28,C_ORIGINAL,IDENTICO,COPIA_EXCLUIDA,18843,Las diez columnas originales son idénticas,CAM-13,True,viaje_id+timestamp,viaje_id+timestamp:DUPLICADO_IDENTICO,True,COPIA_EXCLUIDA,GIAD-M3-S4-IOT-tratamiento-v3
28867,2026-08-15 17:31:00,VIA-00442,ORD-2026-02381,CAM-24,PROD-059,20.77,C,47.2,0,0,viaje_id+timestamp,True,20.77,C_ORIGINAL,IDENTICO,COPIA_EXCLUIDA,10600,Las diez columnas originales son idénticas,CAM-24,True,viaje_id+timestamp,viaje_id+timestamp:DUPLICADO_IDENTICO,True,COPIA_EXCLUIDA,GIAD-M3-S4-IOT-tratamiento-v3
28868,2026-08-28 12:01:00,VIA-00670,ORD-2026-03021,CAM-08,PROD-041,-19.07,C,68.9,0,0,viaje_id+timestamp,True,-19.07,C_ORIGINAL,IDENTICO,COPIA_EXCLUIDA,16061,Las diez columnas originales son idénticas,CAM-08,True,viaje_id+timestamp,viaje_id+timestamp:DUPLICADO_IDENTICO,True,COPIA_EXCLUIDA,GIAD-M3-S4-IOT-tratamiento-v3
28869,2026-08-08 22:43:00,VIA-00962,ORD-2026-07499,CAM-18,PROD-050,18.22,C,50.1,0,0,viaje_id+timestamp,True,18.22,C_ORIGINAL,IDENTICO,COPIA_EXCLUIDA,23070,Las diez columnas originales son idénticas,CAM-18,True,viaje_id+timestamp,viaje_id+timestamp:DUPLICADO_IDENTICO,True,COPIA_EXCLUIDA,GIAD-M3-S4-IOT-tratamiento-v3
28870,2026-08-04 06:10:00,VIA-00694,ORD-2026-00099,CAM-25,PROD-027,3.35,C,79.8,0,0,viaje_id+timestamp,True,3.35,C_ORIGINAL,IDENTICO,COPIA_EXCLUIDA,16638,Las diez columnas originales son idénticas,CAM-25,True,viaje_id+timestamp,viaje_id+timestamp:DUPLICADO_IDENTICO,True,COPIA_EXCLUIDA,GIAD-M3-S4-IOT-tratamiento-v3
28871,2026-08-22 15:54:00,VIA-00185,ORD-2026-00226,CAM-15,PROD-017,19.18,C,49.2,0,0,viaje_id+timestamp,True,19.18,C_ORIGINAL,IDENTICO,COPIA_EXCLUIDA,4439,Las diez columnas originales son idénticas,CAM-15,True,viaje_id+timestamp,viaje_id+timestamp:DUPLICADO_IDENTICO,True,COPIA_EXCLUIDA,GIAD-M3-S4-IOT-tratamiento-v3
28872,2026-08-06 04:15:00,VIA-00445,ORD-2026-03433,CAM-08,PROD-022,4.03,C,90.0,0,0,viaje_id+timestamp,True,4.03,C_ORIGINAL,IDENTICO,COPIA_EXCLUIDA,10663,Las diez columnas originales son idénticas,CAM-08,True,viaje_id+timestamp,viaje_id+timestamp:DUPLICADO_IDENTICO,True,COPIA_EXCLUIDA,GIAD-M3-S4-IOT-tratamiento-v3
28873,2026-08-13 01:05:00,VIA-00188,ORD-2026-00183,CAM-12,PROD-020,18.63,C,59.8,0,0,viaje_id+timestamp,True,18.63,C_ORIGINAL,IDENTICO,COPIA_EXCLUIDA,4492,Las diez columnas originales son idénticas,CAM-12,True,viaje_id+timestamp,viaje_id+timestamp:DUPLICADO_IDENTICO,True,COPIA_EXCLUIDA,GIAD-M3-S4-IOT-tratamiento-v3
28874,2026-08-15 11:59:00,VIA-00989,ORD-2026-01031,CAM-21,PROD-012,18.81,C,42.5,0,0,viaje_id+timestamp,True,18.81,C_ORIGINAL,IDENTICO,COPIA_EXCLUIDA,23714,Las diez columnas originales son idénticas,CAM-21,True,viaje_id+timestamp,viaje_id+timestamp:DUPLICADO_IDENTICO,True,COPIA_EXCLUIDA,GIAD-M3-S4-IOT-tratamiento-v3
28875,2026-08-21 02:19:00,VIA-00371,ORD-2026-05057,CAM-16,PROD-033,18.64,C,48.0,0,0,viaje_id+timestamp,True,18.64,C_ORIGINAL,IDENTICO,COPIA_EXCLUIDA,8900,Las diez columnas originales son idénticas,CAM-16,True,viaje_id+timestamp,viaje_id+timestamp:DUPLICADO_IDENTICO,True,COPIA_EXCLUIDA,GIAD-M3-S4-IOT-tratamiento-v3
28876,2026-08-17 02:16:00,VIA-01088,ORD-2026-05447,CAM-25,PROD-033,18.34,C,50.3,0,0,viaje_id+timestamp,True,18.34,C_ORIGINAL,IDENTICO,COPIA_EXCLUIDA,26092,Las diez columnas originales son idénticas,CAM-25,True,viaje_id+timestamp,viaje_id+timestamp:DUPLICADO_IDENTICO,True,COPIA_EXCLUIDA,GIAD-M3-S4-IOT-tratamiento-v3
28877,2026-08-31 07:49:00,VIA-00307,ORD-2026-04702,CAM-02,PROD-043,-18.14,C,75.9,0,0,viaje_id+timestamp,True,-18.14,C_ORIGINAL,IDENTICO,COPIA_EXCLUIDA,7362,Las diez columnas originales son idénticas,CAM-02,True,viaje_id+timestamp,viaje_id+timestamp:DUPLICADO_IDENTICO,True,COPIA_EXCLUIDA,GIAD-M3-S4-IOT-tratamiento-v3
28878,2026-08-16 04:26:00,VIA-00841,ORD-2026-03786,CAM-10,PROD-011,-17.95,C,61.3,0,0,viaje_id+timestamp,True,-17.95,C_ORIGINAL,IDENTICO,COPIA_EXCLUIDA,20163,Las diez columnas originales son idénticas,CAM-10,True,viaje_id+timestamp,viaje_id+timestamp:DUPLICADO_IDENTICO,True,COPIA_EXCLUIDA,GIAD-M3-S4-IOT-tratamiento-v3
28879,2026-08-29 04:32:00,VIA-00622,ORD-2026-02931,CAM-08,PROD-036,3.53,C,75.4,0,0,viaje_id+timestamp,True,3.53,C_ORIGINAL,IDENTICO,COPIA_EXCLUIDA,14905,Las diez columnas originales son idénticas,CAM-08,True,viaje_id+timestamp,viaje_id+timestamp:DUPLICADO_IDENTICO,True,COPIA_EXCLUIDA,GIAD-M3-S4-IOT-tratamiento-v3
28880,2026-08-15 12:38:00,VIA-00467,ORD-2026-07428,CAM-26,PROD-053,3.5,C,82.0,0,0,viaje_id+timestamp,True,3.5,C_ORIGINAL,IDENTICO,COPIA_EXCLUIDA,11191,Las diez columnas originales son idénticas,CAM-26,True,viaje_id+timestamp,viaje_id+timestamp:DUPLICADO_IDENTICO,True,COPIA_EXCLUIDA,GIAD-M3-S4-IOT-tratamiento-v3
28881,2026-08-29 08:01:00,VIA-00518,ORD-2026-06065,CAM-24,PROD-001,3.19,C,90.4,0,0,viaje_id+timestamp,True,3.19,C_ORIGINAL,IDENTICO,COPIA_EXCLUIDA,12410,Las diez columnas originales son idénticas,CAM-24,True,viaje_id+timestamp,viaje_id+timestamp:DUPLICADO_IDENTICO,True,COPIA_EXCLUIDA,GIAD-M3-S4-IOT-tratamiento-v3
28882,2026-08-13 08:52:00,VIA-00453,ORD-2026-06672,CAM-29,PROD-059,16.26,C,39.8,0,0,viaje_id+timestamp,True,16.26,C_ORIGINAL,IDENTICO,COPIA_EXCLUIDA,10850,Las diez columnas originales son idénticas,CAM-29,True,viaje_id+timestamp,viaje_id+timestamp:DUPLICADO_IDENTICO,True,COPIA_EXCLUIDA,GIAD-M3-S4-IOT-tratamiento-v3
28883,2026-08-20 15:44:00,VIA-00300,ORD-2026-07036,CAM-20,PROD-021,4.72,C,80.6,0,0,viaje_id+timestamp,True,4.72,C_ORIGINAL,IDENTICO,COPIA_EXCLUIDA,7189,Las diez columnas originales son idénticas,CAM-20,True,viaje_id+timestamp,viaje_id+timestamp:DUPLICADO_IDENTICO,True,COPIA_EXCLUIDA,GIAD-M3-S4-IOT-tratamiento-v3
28884,2026-08-28 09:34:00,VIA-00705,ORD-2026-00944,CAM-10,PROD-053,2.57,C,68.4,0,0,viaje_id+timestamp,True,2.57,C_ORIGINAL,IDENTICO,COPIA_EXCLUIDA,16916,Las diez columnas originales son idénticas,CAM-10,True,viaje_id+timestamp,viaje_id+timestamp:DUPLICADO_IDENTICO,True,COPIA_EXCLUIDA,GIAD-M3-S4-IOT-tratamiento-v3
28885,2026-08-01 11:33:00,VIA-00693,ORD-2026-02485,CAM-15,PROD-008,-18.88,C,67.9,0,0,viaje_id+timestamp,True,-18.88,C_ORIGINAL,IDENTICO,COPIA_EXCLUIDA,16609,Las diez columnas originales son idénticas,CAM-15,True,viaje_id+timestamp,viaje_id+timestamp:DUPLICADO_IDENTICO,True,COPIA_EXCLUIDA,GIAD-M3-S4-IOT-tratamiento-v3
28886,2026-08-05 01:48:00,VIA-00903,ORD-2026-05830,CAM-19,PROD-051,-17.92,C,69.9,0,0,viaje_id+timestamp,True,-17.92,C_ORIGINAL,IDENTICO,COPIA_EXCLUIDA,21664,Las diez columnas originales son idénticas,CAM-19,True,viaje_id+timestamp,viaje_id+timestamp:DUPLICADO_IDENTICO,True,COPIA_EXCLUIDA,GIAD-M3-S4-IOT-tratamiento-v3
28887,2026-08-24 08:23:00,VIA-00573,ORD-2026-03959,CAM-09,PROD-012,18.93,C,52.5,0,0,viaje_id+timestamp,True,18.93,C_ORIGINAL,IDENTICO,COPIA_EXCLUIDA,13749,Las diez columnas originales son idénticas,CAM-09,True,viaje_id+timestamp,viaje_id+timestamp:DUPLICADO_IDENTICO,True,COPIA_EXCLUIDA,GIAD-M3-S4-IOT-tratamiento-v3
28888,2026-08-03 14:56:00,VIA-00164,ORD-2026-03533,CAM-21,PROD-018,18.61,C,45.2,0,0,viaje_id+timestamp,True,18.61,C_ORIGINAL,IDENTICO,COPIA_EXCLUIDA,3914,Las diez columnas originales son idénticas,CAM-21,True,viaje_id+timestamp,viaje_id+timestamp:DUPLICADO_IDENTICO,True,COPIA_EXCLUIDA,GIAD-M3-S4-IOT-tratamiento-v3
28889,2026-08-29 08:57:00,VIA-01184,ORD-2026-01082,CAM-12,PROD-006,17.04,C,49.2,0,0,viaje_id+timestamp,True,17.04,C_ORIGINAL,IDENTICO,COPIA_EXCLUIDA,28415,Las diez columnas originales son idénticas,CAM-12,True,viaje_id+timestamp,viaje_id+timestamp:DUPLICADO_IDENTICO,True,COPIA_EXCLUIDA,GIAD-M3-S4-IOT-tratamiento-v3
28890,2026-08-19 05:30:00,VIA-00328,ORD-2026-00921,CAM-19,PROD-054,-17.98,C,67.9,0,0,viaje_id+timestamp,True,-17.98,C_ORIGINAL,IDENTICO,COPIA_EXCLUIDA,7854,Las diez columnas originales son idénticas,CAM-19,True,viaje_id+timestamp,viaje_id+timestamp:DUPLICADO_IDENTICO,True,COPIA_EXCLUIDA,GIAD-M3-S4-IOT-tratamiento-v3
28891,2026-08-25 09:47:00,VIA-01026,ORD-2026-00985,CAM-25,PROD-044,2.88,C,82.7,0,0,viaje_id+timestamp,True,2.88,C_ORIGINAL,IDENTICO,COPIA_EXCLUIDA,24620,Las diez columnas originales son idénticas,CAM-25,True,viaje_id+timestamp,viaje_id+timestamp:DUPLICADO_IDENTICO,True,COPIA_EXCLUIDA,GIAD-M3-S4-IOT-tratamiento-v3
28892,2026-08-15 01:03:00,VIA-00190,ORD-2026-07185,CAM-28,PROD-051,-18.74,C,80.6,0,0,viaje_id+timestamp,True,-18.74,C_ORIGINAL,IDENTICO,COPIA_EXCLUIDA,4543,Las diez columnas originales son idénticas,CAM-28,True,viaje_id+timestamp,viaje_id+timestamp:DUPLICADO_IDENTICO,True,COPIA_EXCLUIDA,GIAD-M3-S4-IOT-tratamiento-v3
28893,2026-08-16 02:15:00,VIA-00718,ORD-2026-00659,CAM-21,PROD-038,25.26,C,47.3,1,0,viaje_id+timestamp,True,25.26,C_ORIGINAL,IDENTICO,COPIA_EXCLUIDA,17213,Las diez columnas originales son idénticas,CAM-21,True,viaje_id+timestamp,viaje_id+timestamp:DUPLICADO_IDENTICO,True,COPIA_EXCLUIDA,GIAD-M3-S4-IOT-tratamiento-v3
28894,2026-08-14 18:43:00,VIA-00068,ORD-2026-06340,CAM-10,PROD-042,20.37,C,50.3,0,0,viaje_id+timestamp,True,20.37,C_ORIGINAL,IDENTICO,COPIA_EXCLUIDA,1631,Las diez columnas originales son idénticas,CAM-10,True,viaje_id+timestamp,viaje_id+timestamp:DUPLICADO_IDENTICO,True,COPIA_EXCLUIDA,GIAD-M3-S4-IOT-tratamiento-v3
28895,2026-08-05 18:36:00,VIA-00121,ORD-2026-06281,CAM-27,PROD-015,3.77,C,74.1,0,0,viaje_id+timestamp,True,3.77,C_ORIGINAL,IDENTICO,COPIA_EXCLUIDA,2898,Las diez columnas originales son idénticas,CAM-27,True,viaje_id+timestamp,viaje_id+timestamp:DUPLICADO_IDENTICO,True,COPIA_EXCLUIDA,GIAD-M3-S4-IOT-tratamiento-v3
28896,2026-08-14 15:35:00,VIA-00268,ORD-2026-04761,CAM-19,PROD-022,3.49,C,90.9,0,0,viaje_id+timestamp,True,3.49,C_ORIGINAL,IDENTICO,COPIA_EXCLUIDA,6409,Las diez columnas originales son idénticas,CAM-19,True,viaje_id+timestamp,viaje_id+timestamp:DUPLICADO_IDENTICO,True,COPIA_EXCLUIDA,GIAD-M3-S4-IOT-tratamiento-v3
28897,2026-08-14 18:19:00,VIA-00409,ORD-2026-00947,CAM-28,PROD-003,21.05,C,45.7,0,0,viaje_id+timestamp,True,21.05,C_ORIGINAL,IDENTICO,COPIA_EXCLUIDA,9813,Las diez columnas originales son idénticas,CAM-28,True,viaje_id+timestamp,viaje_id+timestamp:DUPLICADO_IDENTICO,True,COPIA_EXCLUIDA,GIAD-M3-S4-IOT-tratamiento-v3
28898,2026-08-06 00:41:00,VIA-00360,ORD-2026-01444,CAM-19,PROD-003,20.09,C,46.5,0,0,viaje_id+timestamp,True,20.09,C_ORIGINAL,IDENTICO,COPIA_EXCLUIDA,8617,Las diez columnas originales son idénticas,CAM-19,True,viaje_id+timestamp,viaje_id+timestamp:DUPLICADO_IDENTICO,True,COPIA_EXCLUIDA,GIAD-M3-S4-IOT-tratamiento-v3
28899,2026-08-04 06:17:00,VIA-00123,ORD-2026-03892,CAM-10,PROD-054,-17.46,C,79.1,0,0,viaje_id+timestamp,True,-17.46,C_ORIGINAL,IDENTICO,COPIA_EXCLUIDA,2948,Las diez columnas originales son idénticas,CAM-10,True,viaje_id+timestamp,viaje_id+timestamp:DUPLICADO_IDENTICO,True,COPIA_EXCLUIDA,GIAD-M3-S4-IOT-tratamiento-v3
28900,2026-08-29 02:29:00,VIA-01024,ORD-2026-04021,CAM-20,PROD-039,16.64,C,53.8,0,0,viaje_id+timestamp,True,16.64,C_ORIGINAL,IDENTICO,COPIA_EXCLUIDA,24558,Las diez columnas originales son idénticas,CAM-20,True,viaje_id+timestamp,viaje_id+timestamp:DUPLICADO_IDENTICO,True,COPIA_EXCLUIDA,GIAD-M3-S4-IOT-tratamiento-v3
28902,2026-08-26 12:40:00,VIA-00265,ORD-2026-04491,CAM-19,PROD-041,-17.98,C,72.9,0,0,viaje_id+timestamp,True,-17.98,C_ORIGINAL,IDENTICO,COPIA_EXCLUIDA,6360,Las diez columnas originales son idénticas,CAM-19,True,viaje_id+timestamp,viaje_id+timestamp:DUPLICADO_IDENTICO,True,COPIA_EXCLUIDA,GIAD-M3-S4-IOT-tratamiento-v3
28903,2026-08-16 04:08:00,VIA-01036,ORD-2026-03048,CAM-19,PROD-051,-18.99,C,61.0,0,0,viaje_id+timestamp,True,-18.99,C_ORIGINAL,IDENTICO,COPIA_EXCLUIDA,24845,Las diez columnas originales son idénticas,CAM-19,True,viaje_id+timestamp,viaje_id+timestamp:DUPLICADO_IDENTICO,True,COPIA_EXCLUIDA,GIAD-M3-S4-IOT-tratamiento-v3
28904,2026-08-10 09:33:00,VIA-00871,ORD-2026-05637,CAM-24,PROD-030,22.6,C,56.9,0,0,viaje_id+timestamp,True,22.6,C_ORIGINAL,IDENTICO,COPIA_EXCLUIDA,20899,Las diez columnas originales son idénticas,CAM-24,True,viaje_id+timestamp,viaje_id+timestamp:DUPLICADO_IDENTICO,True,COPIA_EXCLUIDA,GIAD-M3-S4-IOT-tratamiento-v3
28905,2026-08-12 13:15:00,VIA-00079,ORD-2026-03382,CAM-30,PROD-016,17.05,C,40.6,0,0,viaje_id+timestamp,True,17.05,C_ORIGINAL,IDENTICO,COPIA_EXCLUIDA,1876,Las diez columnas originales son idénticas,CAM-30,True,viaje_id+timestamp,viaje_id+timestamp:DUPLICADO_IDENTICO,True,COPIA_EXCLUIDA,GIAD-M3-S4-IOT-tratamiento-v3
28906,2026-08-15 14:59:00,VIA-00967,ORD-2026-03341,CAM-02,PROD-052,2.95,C,75.8,0,0,viaje_id+timestamp,True,2.95,C_ORIGINAL,IDENTICO,COPIA_EXCLUIDA,23207,Las diez columnas originales son idénticas,CAM-02,True,viaje_id+timestamp,viaje_id+timestamp:DUPLICADO_IDENTICO,True,COPIA_EXCLUIDA,GIAD-M3-S4-IOT-tratamiento-v3
28907,2026-08-25 06:10:00,VIA-00753,ORD-2026-01152,CAM-10,PROD-036,4.03,C,84.1,0,0,viaje_id+timestamp,True,4.03,C_ORIGINAL,IDENTICO,COPIA_EXCLUIDA,18064,Las diez columnas originales son idénticas,CAM-10,True,viaje_id+timestamp,viaje_id+timestamp:DUPLICADO_IDENTICO,True,COPIA_EXCLUIDA,GIAD-M3-S4-IOT-tratamiento-v3
28908,2026-08-11 19:05:00,VIA-00297,ORD-2026-06424,CAM-03,PROD-024,20.21,C,45.0,0,0,viaje_id+timestamp,True,20.21,C_ORIGINAL,IDENTICO,COPIA_EXCLUIDA,7121,Las diez columnas originales son idénticas,CAM-03,True,viaje_id+timestamp,viaje_id+timestamp:DUPLICADO_IDENTICO,True,COPIA_EXCLUIDA,GIAD-M3-S4-IOT-tratamiento-v3
28909,2026-08-07 13:29:00,VIA-00040,ORD-2026-02804,CAM-20,PROD-060,-17.72,C,79.1,0,0,viaje_id+timestamp,True,-17.72,C_ORIGINAL,IDENTICO,COPIA_EXCLUIDA,960,Las diez columnas originales son idénticas,CAM-20,True,viaje_id+timestamp,viaje_id+timestamp:DUPLICADO_IDENTICO,True,COPIA_EXCLUIDA,GIAD-M3-S4-IOT-tratamiento-v3
28910,2026-08-23 00:04:00,VIA-00101,ORD-2026-04951,CAM-12,PROD-029,18.08,C,41.2,0,0,viaje_id+timestamp,True,18.08,C_ORIGINAL,IDENTICO,COPIA_EXCLUIDA,2420,Las diez columnas originales son idénticas,CAM-12,True,viaje_id+timestamp,viaje_id+timestamp:DUPLICADO_IDENTICO,True,COPIA_EXCLUIDA,GIAD-M3-S4-IOT-tratamiento-v3
28911,2026-08-01 01:56:00,VIA-00037,ORD-2026-01721,CAM-01,PROD-001,3.53,C,72.0,0,0,viaje_id+timestamp,True,3.53,C_ORIGINAL,IDENTICO,COPIA_EXCLUIDA,868,Las diez columnas originales son idénticas,CAM-01,True,viaje_id+timestamp,viaje_id+timestamp:DUPLICADO_IDENTICO,True,COPIA_EXCLUIDA,GIAD-M3-S4-IOT-tratamiento-v3
28912,2026-08-19 13:56:00,VIA-00124,ORD-2026-03143,CAM-18,PROD-029,,C,55.8,0,0,temperatura_cabina_c|viaje_id+timestamp,True,,SIN_TRATAMIENTO,COMPLEMENTARIO,COPIA_EXCLUIDA,2959,Una lectura tiene más campos completos y todos los valores no vacíos coinciden,CAM-18,True,temperatura_cabina_c|viaje_id+timestamp,temperatura_cabina_c:FALTANTE|viaje_id+timestamp:CLAVE_EN_CONFLICTO,True,COPIA_EXCLUIDA,GIAD-M3-S4-IOT-tratamiento-v3
28913,2026-08-27 00:06:00,VIA-00209,ORD-2026-05108,CAM-11,PROD-008,-18.24,C,84.3,0,1,viaje_id+timestamp,True,-18.24,C_ORIGINAL,IDENTICO,COPIA_EXCLUIDA,5009,Las diez columnas originales son idénticas,CAM-11,True,viaje_id+timestamp,viaje_id+timestamp:DUPLICADO_IDENTICO,True,COPIA_EXCLUIDA,GIAD-M3-S4-IOT-tratamiento-v3
28914,2026-08-28 08:15:00,VIA-01064,ORD-2026-01024,CAM-09,PROD-039,21.12,C,53.2,0,0,viaje_id+timestamp,True,21.12,C_ORIGINAL,IDENTICO,COPIA_EXCLUIDA,25521,Las diez columnas originales son idénticas,CAM-09,True,viaje_id+timestamp,viaje_id+timestamp:DUPLICADO_IDENTICO,True,COPIA_EXCLUIDA,GIAD-M3-S4-IOT-tratamiento-v3
28915,2026-08-27 04:18:00,VIA-01003,ORD-2026-06727,CAM-20,PROD-023,4.3,C,70.4,0,0,viaje_id+timestamp,True,4.3,C_ORIGINAL,IDENTICO,COPIA_EXCLUIDA,24052,Las diez columnas originales son idénticas,CAM-20,True,viaje_id+timestamp,viaje_id+timestamp:DUPLICADO_IDENTICO,True,COPIA_EXCLUIDA,GIAD-M3-S4-IOT-tratamiento-v3
28916,2026-08-01 21:03:00,VIA-00693,ORD-2026-02485,CAM-15,PROD-008,-19.34,C,74.1,0,0,viaje_id+timestamp,True,-19.34,C_ORIGINAL,IDENTICO,COPIA_EXCLUIDA,16628,Las diez columnas originales son idénticas,CAM-15,True,viaje_id+timestamp,viaje_id+timestamp:DUPLICADO_IDENTICO,True,COPIA_EXCLUIDA,GIAD-M3-S4-IOT-tratamiento-v3
28917,2026-08-13 22:04:00,VIA-00686,ORD-2026-03138,CAM-08,PROD-053,3.85,C,71.9,0,0,viaje_id+timestamp,True,3.85,C_ORIGINAL,IDENTICO,COPIA_EXCLUIDA,16445,Las diez columnas originales son idénticas,CAM-08,True,viaje_id+timestamp,viaje_id+timestamp:DUPLICADO_IDENTICO,True,COPIA_EXCLUIDA,GIAD-M3-S4-IOT-tratamiento-v3
28918,2026-08-01 22:36:00,VIA-00946,ORD-2026-05672,CAM-20,PROD-053,4.13,C,65.5,0,0,viaje_id+timestamp,True,4.13,C_ORIGINAL,IDENTICO,COPIA_EXCLUIDA,22698,Las diez columnas originales son idénticas,CAM-20,True,viaje_id+timestamp,viaje_id+timestamp:DUPLICADO_IDENTICO,True,COPIA_EXCLUIDA,GIAD-M3-S4-IOT-tratamiento-v3
28919,2026-08-02 21:34:00,VIA-00260,ORD-2026-02932,CAM-30,PROD-002,21.86,C,50.1,0,0,viaje_id+timestamp,True,21.86,C_ORIGINAL,IDENTICO,COPIA_EXCLUIDA,6218,Las diez columnas originales son idénticas,CAM-30,True,viaje_id+timestamp,viaje_id+timestamp:DUPLICADO_IDENTICO,True,COPIA_EXCLUIDA,GIAD-M3-S4-IOT-tratamiento-v3
28920,2026-08-26 00:48:00,VIA-00801,ORD-2026-05376,CAM-26,PROD-055,23.06,C,47.9,0,0,viaje_id+timestamp,True,23.06,C_ORIGINAL,IDENTICO,COPIA_EXCLUIDA,19202,Las diez columnas originales son idénticas,CAM-26,True,viaje_id+timestamp,viaje_id+timestamp:DUPLICADO_IDENTICO,True,COPIA_EXCLUIDA,GIAD-M3-S4-IOT-tratamiento-v3
