_fila_bronze,timestamp,viaje_id,order_id,camion_id,producto_id,temperatura_cabina_c,temp_unit,humedad_cabina_pct,desviacion_termica_flag,desviacion_proximos_60min_flag,timestamp_original,camion_id_original,temperatura_original,temp_unit_original,humedad_original,fue_transformada,fue_imputada,metodo_imputacion,motivo_imputacion,timestamp_invalido,temperatura_vacia,temperatura_no_numerica,temperatura_centinela,unidad_no_admitida,temperatura_convertida_fahrenheit,humedad_vacia,humedad_no_numerica,humedad_fuera_rango,desviacion_termica_flag_invalido,desviacion_proximos_60min_flag_invalido,duplicado_conflictivo,duplicado_redundante,viaje_id_invalido,order_id_invalido,camion_id_invalido,producto_id_invalido,calidad_motivo,cantidad_errores,calidad_estado,cantidad_transformaciones
8,2026-08-11 21:41:00+00:00,VIA-00001,ORD-2026-05710,CAM-20,PROD-045,3.48,C,,0,0,2026-08-11 17:41:00,CAM-20,3.48,C,,True,False,no_aplica,no_se_imputan_mediciones_ambiguas,False,False,False,False,False,False,True,False,False,False,False,False,False,False,False,False,False,humedad_vacia,1,CUARENTENA,1
121,2026-08-11 14:57:00+00:00,VIA-00006,ORD-2026-01337,CAM-26,PROD-060,-18.44,C,,0,0,2026-08-11 10:57:00,CAM-26,-18.44,C,,True,False,no_aplica,no_se_imputan_mediciones_ambiguas,False,False,False,False,False,False,True,False,False,False,False,False,False,False,False,False,False,humedad_vacia,1,CUARENTENA,1
213,2026-08-08 00:50:00+00:00,VIA-00009,ORD-2026-03793,CAM-20,PROD-043,-17.18,C,,0,0,2026-08-07 20:50:00,CAM-20,-17.18,C,,True,False,no_aplica,no_se_imputan_mediciones_ambiguas,False,False,False,False,False,False,True,False,False,False,False,False,False,False,False,False,False,humedad_vacia,1,CUARENTENA,1
229,2026-08-13 15:22:00+00:00,VIA-00010,ORD-2026-02783,CAM-14,PROD-059,,C,55.4,0,0,2026-08-13 11:22:00,CAM-14,-999.0,C,55.4,True,False,no_aplica,no_se_imputan_mediciones_ambiguas,False,False,False,True,False,False,False,False,False,False,False,False,False,False,False,False,False,temperatura_centinela,1,CUARENTENA,1
238,2026-08-13 19:52:00+00:00,VIA-00010,ORD-2026-02783,CAM-14,PROD-059,,C,51.9,0,0,2026-08-13 15:52:00,CAM-14,,C,51.9,True,False,no_aplica,no_se_imputan_mediciones_ambiguas,False,True,False,False,False,False,False,False,False,False,False,False,False,False,False,False,False,temperatura_vacia,1,CUARENTENA,1
425,2026-08-19 06:41:00+00:00,VIA-00018,ORD-2026-03390,CAM-08,PROD-052,,C,91.5,0,0,2026-08-19 02:41:00,CAM-08,-999.0,C,91.5,True,False,no_aplica,no_se_imputan_mediciones_ambiguas,False,False,False,True,False,False,False,False,False,False,False,False,False,False,False,False,False,temperatura_centinela,1,CUARENTENA,1
459,2026-08-26 01:24:00+00:00,VIA-00020,ORD-2026-01231,CAM-20,PROD-039,,C,51.6,1,0,2026-08-25 21:24:00,CAM-20,-999.0,C,51.6,True,False,no_aplica,no_se_imputan_mediciones_ambiguas,False,False,False,True,False,False,False,False,False,False,False,False,False,False,False,False,False,temperatura_centinela,1,CUARENTENA,1
469,2026-08-26 06:24:00+00:00,VIA-00020,ORD-2026-01231,CAM-20,PROD-039,,C,50.1,0,0,2026-08-26 02:24:00,CAM-20,-999.0,C,50.1,True,False,no_aplica,no_se_imputan_mediciones_ambiguas,False,False,False,True,False,False,False,False,False,False,False,False,False,False,False,False,False,temperatura_centinela,1,CUARENTENA,1
477,2026-08-26 10:24:00+00:00,VIA-00020,ORD-2026-01231,CAM-20,PROD-039,,C,49.0,0,0,2026-08-26 06:24:00,CAM-20,,C,49.0,True,False,no_aplica,no_se_imputan_mediciones_ambiguas,False,True,False,False,False,False,False,False,False,False,False,False,False,False,False,False,False,temperatura_vacia,1,CUARENTENA,1
530,2026-08-14 20:48:00+00:00,VIA-00023,ORD-2026-01360,CAM-12,PROD-012,20.54,C,-45.2,0,0,2026-08-14 16:48:00,CAM-12,20.54,C,-45.2,True,False,no_aplica,no_se_imputan_mediciones_ambiguas,False,False,False,False,False,False,False,False,True,False,False,False,False,False,False,False,False,humedad_fuera_rango,1,CUARENTENA,1
533,2026-08-14 22:18:00+00:00,VIA-00023,ORD-2026-01360,CAM-12,PROD-012,18.69,C,,0,0,2026-08-14 18:18:00,CAM-12,18.69,C,,True,False,no_aplica,no_se_imputan_mediciones_ambiguas,False,False,False,False,False,False,True,False,False,False,False,False,False,False,False,False,False,humedad_vacia,1,CUARENTENA,1
598,2026-08-14 08:21:00+00:00,VIA-00025,ORD-2026-06241,CAM-24,PROD-052,4.38,C,,0,0,2026-08-14 04:21:00,CAM-24,4.38,C,,True,False,no_aplica,no_se_imputan_mediciones_ambiguas,False,False,False,False,False,False,True,False,False,False,False,False,False,False,False,False,False,humedad_vacia,1,CUARENTENA,1
643,2026-08-30 12:27:00+00:00,VIA-00027,ORD-2026-05466,CAM-20,PROD-026,,C,90.3,0,0,2026-08-30 08:27:00,CAM-20,-999.0,C,90.3,True,False,no_aplica,no_se_imputan_mediciones_ambiguas,False,False,False,True,False,False,False,False,False,False,False,False,False,False,False,False,False,temperatura_centinela,1,CUARENTENA,1
757,2026-08-28 06:29:00+00:00,VIA-00032,ORD-2026-01878,CAM-24,PROD-058,,C,69.4,0,0,2026-08-28 02:29:00,CAM-24,,C,69.4,True,False,no_aplica,no_se_imputan_mediciones_ambiguas,False,True,False,False,False,False,False,False,False,False,False,False,False,False,False,False,False,temperatura_vacia,1,CUARENTENA,1
901,2026-08-30 07:44:00+00:00,VIA-00038,ORD-2026-05727,CAM-29,PROD-005,,C,48.7,0,0,2026-08-30 03:44:00,CAM-29,-999.0,C,48.7,True,False,no_aplica,no_se_imputan_mediciones_ambiguas,False,False,False,True,False,False,False,False,False,False,False,False,False,False,False,False,False,temperatura_centinela,1,CUARENTENA,1
1079,2026-08-15 09:16:00+00:00,VIA-00045,ORD-2026-01164,CAM-22,PROD-039,,C,48.0,0,0,2026-08-15 05:16:00,CAM-22,,C,48.0,True,False,no_aplica,no_se_imputan_mediciones_ambiguas,False,True,False,False,False,False,False,False,False,False,False,False,False,False,False,False,False,temperatura_vacia,1,CUARENTENA,1
1101,2026-08-20 13:07:00+00:00,VIA-00046,ORD-2026-00641,CAM-09,PROD-033,,C,50.1,0,0,2026-08-20 09:07:00,CAM-09,-999.0,C,50.1,True,False,no_aplica,no_se_imputan_mediciones_ambiguas,False,False,False,True,False,False,False,False,False,False,False,False,False,False,False,False,False,temperatura_centinela,1,CUARENTENA,1
1169,2026-08-08 12:14:00+00:00,VIA-00049,ORD-2026-02871,CAM-08,PROD-016,,C,68.1,0,0,2026-08-08 08:14:00,CAM-08,,C,68.1,True,False,no_aplica,no_se_imputan_mediciones_ambiguas,False,True,False,False,False,False,False,False,False,False,False,False,False,False,False,False,False,temperatura_vacia,1,CUARENTENA,1
1205,2026-08-06 10:54:00+00:00,VIA-00051,ORD-2026-04075,CAM-28,PROD-025,,C,77.8,0,0,2026-08-06 06:54:00,CAM-28,-999.0,C,77.8,True,False,no_aplica,no_se_imputan_mediciones_ambiguas,False,False,False,True,False,False,False,False,False,False,False,False,False,False,False,False,False,temperatura_centinela,1,CUARENTENA,1
1208,2026-08-06 12:24:00+00:00,VIA-00051,ORD-2026-04075,CAM-28,PROD-025,,C,76.9,0,1,2026-08-06 08:24:00,CAM-28,-999.0,C,76.9,True,False,no_aplica,no_se_imputan_mediciones_ambiguas,False,False,False,True,False,False,False,False,False,False,False,False,False,False,False,False,False,temperatura_centinela,1,CUARENTENA,1
1233,2026-08-21 09:29:00+00:00,VIA-00052,ORD-2026-02691,CAM-10,PROD-060,,C,59.0,0,0,2026-08-21 05:29:00,CAM-10,-999.0,C,59.0,True,False,no_aplica,no_se_imputan_mediciones_ambiguas,False,False,False,True,False,False,False,False,False,False,False,False,False,False,False,False,False,temperatura_centinela,1,CUARENTENA,1
1276,2026-08-18 06:12:00+00:00,VIA-00054,ORD-2026-05811,CAM-10,PROD-041,-19.93,C,-72.7,0,0,2026-08-18 02:12:00,CAM-10,-19.93,C,-72.7,True,False,no_aplica,no_se_imputan_mediciones_ambiguas,False,False,False,False,False,False,False,False,True,False,False,False,False,False,False,False,False,humedad_fuera_rango,1,CUARENTENA,1
1286,2026-08-18 11:12:00+00:00,VIA-00054,ORD-2026-05811,CAM-10,PROD-041,,C,68.6,0,1,2026-08-18 07:12:00,CAM-10,,C,68.6,True,False,no_aplica,no_se_imputan_mediciones_ambiguas,False,True,False,False,False,False,False,False,False,False,False,False,False,False,False,False,False,temperatura_vacia,1,CUARENTENA,1
1336,2026-08-15 14:56:00+00:00,VIA-00056,ORD-2026-06250,CAM-11,PROD-006,,C,42.1,0,0,2026-08-15 10:56:00,CAM-11,,C,42.1,True,False,no_aplica,no_se_imputan_mediciones_ambiguas,False,True,False,False,False,False,False,False,False,False,False,False,False,False,False,False,False,temperatura_vacia,1,CUARENTENA,1
1402,2026-08-21 00:23:00+00:00,VIA-00059,ORD-2026-02676,CAM-07,PROD-055,,C,59.1,0,0,2026-08-20 20:23:00,CAM-07,-999.0,C,59.1,True,False,no_aplica,no_se_imputan_mediciones_ambiguas,False,False,False,True,False,False,False,False,False,False,False,False,False,False,False,False,False,temperatura_centinela,1,CUARENTENA,1
1469,2026-08-23 16:32:00+00:00,VIA-00062,ORD-2026-02581,CAM-28,PROD-028,,C,56.8,0,0,2026-08-23 12:32:00,CAM-28,,C,56.8,True,False,no_aplica,no_se_imputan_mediciones_ambiguas,False,True,False,False,False,False,False,False,False,False,False,False,False,False,False,False,False,temperatura_vacia,1,CUARENTENA,1
1471,2026-08-23 17:32:00+00:00,VIA-00062,ORD-2026-02581,CAM-28,PROD-028,,C,37.7,0,0,2026-08-23 13:32:00,CAM-28,-999.0,C,37.7,True,False,no_aplica,no_se_imputan_mediciones_ambiguas,False,False,False,True,False,False,False,False,False,False,False,False,False,False,False,False,False,temperatura_centinela,1,CUARENTENA,1
1660,2026-08-28 23:53:00+00:00,VIA-00070,ORD-2026-06154,CAM-19,PROD-040,,C,47.7,0,0,2026-08-28 19:53:00,CAM-19,-999.0,C,47.7,True,False,no_aplica,no_se_imputan_mediciones_ambiguas,False,False,False,True,False,False,False,False,False,False,False,False,False,False,False,False,False,temperatura_centinela,1,CUARENTENA,1
1730,2026-08-17 09:56:00+00:00,VIA-00073,ORD-2026-01330,CAM-13,PROD-018,,C,51.9,0,0,2026-08-17 05:56:00,CAM-13,,C,51.9,True,False,no_aplica,no_se_imputan_mediciones_ambiguas,False,True,False,False,False,False,False,False,False,False,False,False,False,False,False,False,False,temperatura_vacia,1,CUARENTENA,1
1750,2026-08-17 19:56:00+00:00,VIA-00073,ORD-2026-01330,CAM-13,PROD-018,,C,56.8,0,0,2026-08-17 15:56:00,CAM-13,-999.0,C,56.8,True,False,no_aplica,no_se_imputan_mediciones_ambiguas,False,False,False,True,False,False,False,False,False,False,False,False,False,False,False,False,False,temperatura_centinela,1,CUARENTENA,1
1798,2026-08-11 20:29:00+00:00,VIA-00075,ORD-2026-03282,CAM-08,PROD-057,19.83,C,,0,0,2026-08-11 16:29:00,CAM-08,19.83,C,,True,False,no_aplica,no_se_imputan_mediciones_ambiguas,False,False,False,False,False,False,True,False,False,False,False,False,False,False,False,False,False,humedad_vacia,1,CUARENTENA,1
1967,2026-08-02 23:35:00+00:00,VIA-00082,ORD-2026-06630,CAM-18,PROD-033,,C,59.3,0,0,2026-08-02 19:35:00,CAM-18,,C,59.3,True,False,no_aplica,no_se_imputan_mediciones_ambiguas,False,True,False,False,False,False,False,False,False,False,False,False,False,False,False,False,False,temperatura_vacia,1,CUARENTENA,1
2184,2026-08-21 00:22:00+00:00,VIA-00091,ORD-2026-05940,CAM-26,PROD-053,,C,73.6,0,0,2026-08-20 20:22:00,CAM-26,-999.0,C,73.6,True,False,no_aplica,no_se_imputan_mediciones_ambiguas,False,False,False,True,False,False,False,False,False,False,False,False,False,False,False,False,False,temperatura_centinela,1,CUARENTENA,1
2346,2026-08-27 00:55:00+00:00,VIA-00098,ORD-2026-01622,CAM-20,PROD-009,,C,81.9,0,0,2026-08-26 20:55:00,CAM-20,,C,81.9,True,False,no_aplica,no_se_imputan_mediciones_ambiguas,False,True,False,False,False,False,False,False,False,False,False,False,False,False,False,False,False,temperatura_vacia,1,CUARENTENA,1
2356,2026-08-16 09:53:00+00:00,VIA-00099,ORD-2026-03689,CAM-25,PROD-050,,C,45.2,0,0,2026-08-16 05:53:00,CAM-25,,C,45.2,True,False,no_aplica,no_se_imputan_mediciones_ambiguas,False,True,False,False,False,False,False,False,False,False,False,False,False,False,False,False,False,temperatura_vacia,1,CUARENTENA,1
2583,2026-08-31 10:41:00+00:00,VIA-00108,ORD-2026-04673,CAM-08,PROD-049,,C,73.4,0,0,2026-08-31 06:41:00,CAM-08,,C,73.4,True,False,no_aplica,no_se_imputan_mediciones_ambiguas,False,True,False,False,False,False,False,False,False,False,False,False,False,False,False,False,False,temperatura_vacia,1,CUARENTENA,1
2601,2026-08-09 02:28:00+00:00,VIA-00109,ORD-2026-06621,CAM-18,PROD-005,20.99,C,,0,0,2026-08-08 22:28:00,CAM-18,20.99,C,,True,False,no_aplica,no_se_imputan_mediciones_ambiguas,False,False,False,False,False,False,True,False,False,False,False,False,False,False,False,False,False,humedad_vacia,1,CUARENTENA,1
2788,2026-08-04 07:49:00+00:00,VIA-00117,ORD-2026-00035,CAM-26,PROD-036,3.96,C,,0,0,2026-08-04 03:49:00,CAM-26,3.96,C,,True,False,no_aplica,no_se_imputan_mediciones_ambiguas,False,False,False,False,False,False,True,False,False,False,False,False,False,False,False,False,False,humedad_vacia,1,CUARENTENA,1
2927,2026-08-24 02:16:00+00:00,VIA-00122,ORD-2026-04337,CAM-04,PROD-039,,C,56.6,0,0,2026-08-23 22:16:00,CAM-04,-999.0,C,56.6,True,False,no_aplica,no_se_imputan_mediciones_ambiguas,False,False,False,True,False,False,False,False,False,False,False,False,False,False,False,False,False,temperatura_centinela,1,CUARENTENA,1
2959,2026-08-19 17:56:00+00:00,VIA-00124,ORD-2026-03143,CAM-18,PROD-029,23.82,C,55.8,0,0,2026-08-19 13:56:00,CAM-18,23.82,C,55.8,True,False,no_aplica,no_se_imputan_mediciones_ambiguas,False,False,False,False,False,False,False,False,False,False,False,True,False,False,False,False,False,duplicado_conflictivo,1,CUARENTENA,1
2990,2026-08-23 08:23:00+00:00,VIA-00125,ORD-2026-07330,CAM-19,PROD-010,,C,36.8,0,0,2026-08-23 04:23:00,CAM-19,,C,36.8,True,False,no_aplica,no_se_imputan_mediciones_ambiguas,False,True,False,False,False,False,False,False,False,False,False,False,False,False,False,False,False,temperatura_vacia,1,CUARENTENA,1
3019,2026-08-10 16:46:00+00:00,VIA-00126,ORD-2026-00648,CAM-20,PROD-036,4.51,C,,0,0,2026-08-10 12:46:00,CAM-20,4.51,C,,True,False,no_aplica,no_se_imputan_mediciones_ambiguas,False,False,False,False,False,False,True,False,False,False,False,False,False,False,False,False,False,humedad_vacia,1,CUARENTENA,1
3060,2026-08-20 20:03:00+00:00,VIA-00128,ORD-2026-02317,CAM-06,PROD-019,,C,45.4,0,0,2026-08-20 16:03:00,CAM-06,,C,45.4,True,False,no_aplica,no_se_imputan_mediciones_ambiguas,False,True,False,False,False,False,False,False,False,False,False,False,False,False,False,False,False,temperatura_vacia,1,CUARENTENA,1
3106,2026-08-18 20:46:00+00:00,VIA-00130,ORD-2026-06615,CAM-10,PROD-010,19.7,C,,0,0,2026-08-18 16:46:00,CAM-10,19.7,C,,True,False,no_aplica,no_se_imputan_mediciones_ambiguas,False,False,False,False,False,False,True,False,False,False,False,False,False,False,False,False,False,humedad_vacia,1,CUARENTENA,1
3201,2026-08-06 20:08:00+00:00,VIA-00134,ORD-2026-00288,CAM-04,PROD-030,19.72,C,,0,0,2026-08-06 16:08:00,CAM-04,19.72,C,,True,False,no_aplica,no_se_imputan_mediciones_ambiguas,False,False,False,False,False,False,True,False,False,False,False,False,False,False,False,False,False,humedad_vacia,1,CUARENTENA,1
3268,2026-08-29 18:59:00+00:00,VIA-00137,ORD-2026-06375,CAM-08,PROD-054,,C,85.2,0,0,2026-08-29 14:59:00,CAM-08,-999.0,C,85.2,True,False,no_aplica,no_se_imputan_mediciones_ambiguas,False,False,False,True,False,False,False,False,False,False,False,False,False,False,False,False,False,temperatura_centinela,1,CUARENTENA,1
3272,2026-08-29 20:59:00+00:00,VIA-00137,ORD-2026-06375,CAM-08,PROD-054,-17.77,C,,0,0,2026-08-29 16:59:00,CAM-08,-17.77,C,,True,False,no_aplica,no_se_imputan_mediciones_ambiguas,False,False,False,False,False,False,True,False,False,False,False,False,False,False,False,False,False,humedad_vacia,1,CUARENTENA,1
3300,2026-08-28 21:57:00+00:00,VIA-00138,ORD-2026-05332,CAM-25,PROD-060,-17.81,C,,0,1,2026-08-28 17:57:00,CAM-25,-17.81,C,,True,False,no_aplica,no_se_imputan_mediciones_ambiguas,False,False,False,False,False,False,True,False,False,False,False,False,False,False,False,False,False,humedad_vacia,1,CUARENTENA,1
3307,2026-08-29 01:27:00+00:00,VIA-00138,ORD-2026-05332,CAM-25,PROD-060,,C,79.0,0,0,2026-08-28 21:27:00,CAM-25,-999.0,C,79.0,True,False,no_aplica,no_se_imputan_mediciones_ambiguas,False,False,False,True,False,False,False,False,False,False,False,False,False,False,False,False,False,temperatura_centinela,1,CUARENTENA,1
3343,2026-08-16 03:23:00+00:00,VIA-00140,ORD-2026-03911,CAM-15,PROD-027,3.36,C,,0,0,2026-08-15 23:23:00,CAM-15,3.36,C,,True,False,no_aplica,no_se_imputan_mediciones_ambiguas,False,False,False,False,False,False,True,False,False,False,False,False,False,False,False,False,False,humedad_vacia,1,CUARENTENA,1
3349,2026-08-16 06:23:00+00:00,VIA-00140,ORD-2026-03911,CAM-15,PROD-027,3.58,C,,0,0,2026-08-16 02:23:00,CAM-15,3.58,C,,True,False,no_aplica,no_se_imputan_mediciones_ambiguas,False,False,False,False,False,False,True,False,False,False,False,False,False,False,False,False,False,humedad_vacia,1,CUARENTENA,1
3350,2026-08-16 06:53:00+00:00,VIA-00140,ORD-2026-03911,CAM-15,PROD-027,,C,80.5,0,0,2026-08-16 02:53:00,CAM-15,276.72,K,80.5,True,False,no_aplica,no_se_imputan_mediciones_ambiguas,False,False,False,False,True,False,False,False,False,False,False,False,False,False,False,False,False,unidad_no_admitida,1,CUARENTENA,1
3417,2026-08-11 13:01:00+00:00,VIA-00143,ORD-2026-01542,CAM-19,PROD-047,,C,78.7,0,0,2026-08-11 09:01:00,CAM-19,-999.0,C,78.7,True,False,no_aplica,no_se_imputan_mediciones_ambiguas,False,False,False,True,False,False,False,False,False,False,False,False,False,False,False,False,False,temperatura_centinela,1,CUARENTENA,1
3617,2026-08-29 23:50:00+00:00,VIA-00151,ORD-2026-05731,CAM-23,PROD-048,,C,47.4,0,0,2026-08-29 19:50:00,CAM-23,,C,47.4,True,False,no_aplica,no_se_imputan_mediciones_ambiguas,False,True,False,False,False,False,False,False,False,False,False,False,False,False,False,False,False,temperatura_vacia,1,CUARENTENA,1
4011,2026-08-08 19:20:00+00:00,VIA-00168,ORD-2026-03448,CAM-19,PROD-020,,C,48.9,0,0,2026-08-08 15:20:00,CAM-19,-999.0,C,48.9,True,False,no_aplica,no_se_imputan_mediciones_ambiguas,False,False,False,True,False,False,False,False,False,False,False,False,False,False,False,False,False,temperatura_centinela,1,CUARENTENA,1
4059,2026-08-03 14:07:00+00:00,VIA-00170,ORD-2026-04828,CAM-01,PROD-045,4.13,C,,0,0,2026-08-03 10:07:00,CAM-01,4.13,C,,True,False,no_aplica,no_se_imputan_mediciones_ambiguas,False,False,False,False,False,False,True,False,False,False,False,False,False,False,False,False,False,humedad_vacia,1,CUARENTENA,1
4065,2026-08-03 17:07:00+00:00,VIA-00170,ORD-2026-04828,CAM-01,PROD-045,2.59,C,,0,0,2026-08-03 13:07:00,CAM-01,2.59,C,,True,False,no_aplica,no_se_imputan_mediciones_ambiguas,False,False,False,False,False,False,True,False,False,False,False,False,False,False,False,False,False,humedad_vacia,1,CUARENTENA,1
4067,2026-08-03 18:07:00+00:00,VIA-00170,ORD-2026-04828,CAM-01,PROD-045,4.02,C,,0,1,2026-08-03 14:07:00,CAM-01,4.02,C,,True,False,no_aplica,no_se_imputan_mediciones_ambiguas,False,False,False,False,False,False,True,False,False,False,False,False,False,False,False,False,False,humedad_vacia,1,CUARENTENA,1
4102,2026-08-22 02:55:00+00:00,VIA-00171,ORD-2026-04015,CAM-03,PROD-018,,C,48.9,0,0,2026-08-21 22:55:00,CAM-03,,C,48.9,True,False,no_aplica,no_se_imputan_mediciones_ambiguas,False,True,False,False,False,False,False,False,False,False,False,False,False,False,False,False,False,temperatura_vacia,1,CUARENTENA,1
4423,2026-08-22 11:54:00+00:00,VIA-00185,ORD-2026-00226,CAM-15,PROD-017,23.81,C,,0,0,2026-08-22 07:54:00,CAM-15,23.81,C,,True,False,no_aplica,no_se_imputan_mediciones_ambiguas,False,False,False,False,False,False,True,False,False,False,False,False,False,False,False,False,False,humedad_vacia,1,CUARENTENA,1
4537,,VIA-00190,ORD-2026-07185,CAM-28,PROD-051,-17.76,C,76.6,0,0,2026-02-31 09:15:00,CAM-28,-17.76,C,76.6,False,False,no_aplica,no_se_imputan_mediciones_ambiguas,True,False,False,False,False,False,False,False,False,False,False,False,False,False,False,False,False,fecha_invalida,1,CUARENTENA,0
4576,2026-08-16 06:33:00+00:00,VIA-00191,ORD-2026-06851,CAM-21,PROD-003,18.94,C,,0,0,2026-08-16 02:33:00,CAM-21,18.94,C,,True,False,no_aplica,no_se_imputan_mediciones_ambiguas,False,False,False,False,False,False,True,False,False,False,False,False,False,False,False,False,False,humedad_vacia,1,CUARENTENA,1
4593,2026-08-23 09:30:00+00:00,VIA-00192,ORD-2026-05621,CAM-11,PROD-004,,C,86.5,0,0,2026-08-23 05:30:00,CAM-11,,C,86.5,True,False,no_aplica,no_se_imputan_mediciones_ambiguas,False,True,False,False,False,False,False,False,False,False,False,False,False,False,False,False,False,temperatura_vacia,1,CUARENTENA,1
4599,2026-08-23 12:30:00+00:00,VIA-00192,ORD-2026-05621,CAM-11,PROD-004,,C,68.2,0,0,2026-08-23 08:30:00,CAM-11,,C,68.2,True,False,no_aplica,no_se_imputan_mediciones_ambiguas,False,True,False,False,False,False,False,False,False,False,False,False,False,False,False,False,False,temperatura_vacia,1,CUARENTENA,1
4674,2026-08-24 12:13:00+00:00,VIA-00195,ORD-2026-01977,CAM-26,PROD-011,,C,84.2,0,0,2026-08-24 08:13:00,CAM-26,,C,84.2,True,False,no_aplica,no_se_imputan_mediciones_ambiguas,False,True,False,False,False,False,False,False,False,False,False,False,False,False,False,False,False,temperatura_vacia,1,CUARENTENA,1
4768,,VIA-00199,ORD-2026-04716,CAM-28,PROD-012,16.79,C,42.4,0,0,2026-02-31 09:15:00,CAM-28,16.79,C,42.4,False,False,no_aplica,no_se_imputan_mediciones_ambiguas,True,False,False,False,False,False,False,False,False,False,False,False,False,False,False,False,False,fecha_invalida,1,CUARENTENA,0
4836,2026-08-14 18:06:00+00:00,VIA-00202,ORD-2026-05095,CAM-30,PROD-018,,C,46.9,0,0,2026-08-14 14:06:00,CAM-30,-999.0,C,46.9,True,False,no_aplica,no_se_imputan_mediciones_ambiguas,False,False,False,True,False,False,False,False,False,False,False,False,False,False,False,False,False,temperatura_centinela,1,CUARENTENA,1
4907,2026-08-25 05:12:00+00:00,VIA-00205,ORD-2026-02007,CAM-08,PROD-045,2.84,C,,0,0,2026-08-25 01:12:00,CAM-08,2.84,C,,True,False,no_aplica,no_se_imputan_mediciones_ambiguas,False,False,False,False,False,False,True,False,False,False,False,False,False,False,False,False,False,humedad_vacia,1,CUARENTENA,1
5043,2026-08-02 06:10:00+00:00,VIA-00211,ORD-2026-00598,CAM-08,PROD-038,,C,52.2,0,1,2026-08-02 02:10:00,CAM-08,-999.0,C,52.2,True,False,no_aplica,no_se_imputan_mediciones_ambiguas,False,False,False,True,False,False,False,False,False,False,False,False,False,False,False,False,False,temperatura_centinela,1,CUARENTENA,1
5113,2026-08-02 14:22:00+00:00,VIA-00214,ORD-2026-00997,CAM-08,PROD-047,4.16,C,,0,0,2026-08-02 10:22:00,CAM-08,4.16,C,,True,False,no_aplica,no_se_imputan_mediciones_ambiguas,False,False,False,False,False,False,True,False,False,False,False,False,False,False,False,False,False,humedad_vacia,1,CUARENTENA,1
5161,2026-08-18 16:40:00+00:00,VIA-00216,ORD-2026-00969,CAM-08,PROD-060,,C,75.3,0,0,2026-08-18 12:40:00,CAM-08,-999.0,C,75.3,True,False,no_aplica,no_se_imputan_mediciones_ambiguas,False,False,False,True,False,False,False,False,False,False,False,False,False,False,False,False,False,temperatura_centinela,1,CUARENTENA,1
5222,2026-08-26 17:40:00+00:00,VIA-00218,ORD-2026-05490,CAM-17,PROD-059,,C,49.9,0,0,2026-08-26 13:40:00,CAM-17,-999.0,C,49.9,True,False,no_aplica,no_se_imputan_mediciones_ambiguas,False,False,False,True,False,False,False,False,False,False,False,False,False,False,False,False,False,temperatura_centinela,1,CUARENTENA,1
5252,2026-08-31 08:55:00+00:00,VIA-00219,ORD-2026-04699,CAM-19,PROD-029,,C,48.9,0,0,2026-08-31 04:55:00,CAM-19,-999.0,C,48.9,True,False,no_aplica,no_se_imputan_mediciones_ambiguas,False,False,False,True,False,False,False,False,False,False,False,False,False,False,False,False,False,temperatura_centinela,1,CUARENTENA,1
5307,2026-08-30 05:18:00+00:00,VIA-00222,ORD-2026-02741,CAM-15,PROD-008,-18.21,C,,0,0,2026-08-30 01:18:00,CAM-15,-18.21,C,,True,False,no_aplica,no_se_imputan_mediciones_ambiguas,False,False,False,False,False,False,True,False,False,False,False,False,False,False,False,False,False,humedad_vacia,1,CUARENTENA,1
5316,2026-08-30 09:48:00+00:00,VIA-00222,ORD-2026-02741,CAM-15,PROD-008,,C,66.7,1,1,2026-08-30 05:48:00,CAM-15,,C,66.7,True,False,no_aplica,no_se_imputan_mediciones_ambiguas,False,True,False,False,False,False,False,False,False,False,False,False,False,False,False,False,False,temperatura_vacia,1,CUARENTENA,1
5370,2026-08-22 05:33:00+00:00,VIA-00224,ORD-2026-04902,CAM-04,PROD-006,,C,41.6,0,0,2026-08-22 01:33:00,CAM-04,-999.0,C,41.6,True,False,no_aplica,no_se_imputan_mediciones_ambiguas,False,False,False,True,False,False,False,False,False,False,False,False,False,False,False,False,False,temperatura_centinela,1,CUARENTENA,1
5371,2026-08-22 06:03:00+00:00,VIA-00224,ORD-2026-04902,CAM-04,PROD-006,21.63,C,,0,0,2026-08-22 02:03:00,CAM-04,21.63,C,,True,False,no_aplica,no_se_imputan_mediciones_ambiguas,False,False,False,False,False,False,True,False,False,False,False,False,False,False,False,False,False,humedad_vacia,1,CUARENTENA,1
5468,2026-08-08 18:04:00+00:00,VIA-00228,ORD-2026-02255,CAM-16,PROD-048,19.07,C,,0,0,2026-08-08 14:04:00,CAM-16,19.07,C,,True,False,no_aplica,no_se_imputan_mediciones_ambiguas,False,False,False,False,False,False,True,False,False,False,False,False,False,False,False,False,False,humedad_vacia,1,CUARENTENA,1
5609,2026-08-18 08:25:00+00:00,VIA-00234,ORD-2026-01178,CAM-03,PROD-010,,C,50.7,0,0,2026-08-18 04:25:00,CAM-03,,C,50.7,True,False,no_aplica,no_se_imputan_mediciones_ambiguas,False,True,False,False,False,False,False,False,False,False,False,False,False,False,False,False,False,temperatura_vacia,1,CUARENTENA,1
5628,2026-08-24 01:33:00+00:00,VIA-00235,ORD-2026-04152,CAM-10,PROD-035,,C,72.8,0,0,2026-08-23 21:33:00,CAM-10,-999.0,C,72.8,True,False,no_aplica,no_se_imputan_mediciones_ambiguas,False,False,False,True,False,False,False,False,False,False,False,False,False,False,False,False,False,temperatura_centinela,1,CUARENTENA,1
5823,,VIA-00243,ORD-2026-02147,CAM-24,PROD-058,-17.9,C,74.8,0,0,2026-02-31 09:15:00,CAM-24,-17.9,C,74.8,False,False,no_aplica,no_se_imputan_mediciones_ambiguas,True,False,False,False,False,False,False,False,False,False,False,False,False,False,False,False,False,fecha_invalida,1,CUARENTENA,0
5856,2026-08-21 00:53:00+00:00,VIA-00244,ORD-2026-06776,CAM-08,PROD-027,,C,67.8,0,0,2026-08-20 20:53:00,CAM-08,,C,67.8,True,False,no_aplica,no_se_imputan_mediciones_ambiguas,False,True,False,False,False,False,False,False,False,False,False,False,False,False,False,False,False,temperatura_vacia,1,CUARENTENA,1
6174,2026-08-18 12:24:00+00:00,VIA-00258,ORD-2026-04678,CAM-08,PROD-058,,C,81.8,0,0,2026-08-18 08:24:00,CAM-08,-999.0,C,81.8,True,False,no_aplica,no_se_imputan_mediciones_ambiguas,False,False,False,True,False,False,False,False,False,False,False,False,False,False,False,False,False,temperatura_centinela,1,CUARENTENA,1
6397,2026-08-14 07:37:00+00:00,VIA-00267,ORD-2026-07158,CAM-03,PROD-012,,C,51.8,0,0,2026-08-14 03:37:00,CAM-03,,C,51.8,True,False,no_aplica,no_se_imputan_mediciones_ambiguas,False,True,False,False,False,False,False,False,False,False,False,False,False,False,False,False,False,temperatura_vacia,1,CUARENTENA,1
6473,2026-08-18 03:51:00+00:00,VIA-00270,ORD-2026-02523,CAM-08,PROD-004,3.98,C,,0,0,2026-08-17 23:51:00,CAM-08,3.98,C,,True,False,no_aplica,no_se_imputan_mediciones_ambiguas,False,False,False,False,False,False,True,False,False,False,False,False,False,False,False,False,False,humedad_vacia,1,CUARENTENA,1
6477,2026-08-18 05:51:00+00:00,VIA-00270,ORD-2026-02523,CAM-08,PROD-004,,C,87.0,0,0,2026-08-18 01:51:00,CAM-08,-999.0,C,87.0,True,False,no_aplica,no_se_imputan_mediciones_ambiguas,False,False,False,True,False,False,False,False,False,False,False,False,False,False,False,False,False,temperatura_centinela,1,CUARENTENA,1
6767,2026-08-26 09:34:00+00:00,VIA-00282,ORD-2026-02946,CAM-08,PROD-006,21.7,C,,0,0,2026-08-26 05:34:00,CAM-08,21.7,C,,True,False,no_aplica,no_se_imputan_mediciones_ambiguas,False,False,False,False,False,False,True,False,False,False,False,False,False,False,False,False,False,humedad_vacia,1,CUARENTENA,1
6832,2026-08-30 08:39:00+00:00,VIA-00285,ORD-2026-05247,CAM-02,PROD-047,3.94,C,,0,0,2026-08-30 04:39:00,CAM-02,3.94,C,,True,False,no_aplica,no_se_imputan_mediciones_ambiguas,False,False,False,False,False,False,True,False,False,False,False,False,False,False,False,False,False,humedad_vacia,1,CUARENTENA,1
7173,2026-08-12 17:29:00+00:00,VIA-00299,ORD-2026-05162,CAM-08,PROD-043,-17.25,C,-81.2,0,0,2026-08-12 13:29:00,CAM-08,-17.25,C,-81.2,True,False,no_aplica,no_se_imputan_mediciones_ambiguas,False,False,False,False,False,False,False,False,True,False,False,False,False,False,False,False,False,humedad_fuera_rango,1,CUARENTENA,1
7228,2026-08-26 18:21:00+00:00,VIA-00302,ORD-2026-00057,CAM-20,PROD-045,,C,71.7,0,0,2026-08-26 14:21:00,CAM-20,-999.0,C,71.7,True,False,no_aplica,no_se_imputan_mediciones_ambiguas,False,False,False,True,False,False,False,False,False,False,False,False,False,False,False,False,False,temperatura_centinela,1,CUARENTENA,1
7245,2026-08-27 02:51:00+00:00,VIA-00302,ORD-2026-00057,CAM-20,PROD-045,4.76,C,,0,0,2026-08-26 22:51:00,CAM-20,4.76,C,,True,False,no_aplica,no_se_imputan_mediciones_ambiguas,False,False,False,False,False,False,True,False,False,False,False,False,False,False,False,False,False,humedad_vacia,1,CUARENTENA,1
7256,2026-08-07 10:24:00+00:00,VIA-00303,ORD-2026-03846,CAM-02,PROD-044,5.42,C,,0,0,2026-08-07 06:24:00,CAM-02,5.42,C,,True,False,no_aplica,no_se_imputan_mediciones_ambiguas,False,False,False,False,False,False,True,False,False,False,False,False,False,False,False,False,False,humedad_vacia,1,CUARENTENA,1
7331,2026-08-05 09:12:00+00:00,VIA-00306,ORD-2026-06512,CAM-24,PROD-045,,C,67.2,0,0,2026-08-05 05:12:00,CAM-24,-999.0,C,67.2,True,False,no_aplica,no_se_imputan_mediciones_ambiguas,False,False,False,True,False,False,False,False,False,False,False,False,False,False,False,False,False,temperatura_centinela,1,CUARENTENA,1
7391,2026-08-17 01:21:00+00:00,VIA-00308,ORD-2026-02207,CAM-01,PROD-053,,C,94.3,0,0,2026-08-16 21:21:00,CAM-01,,C,94.3,True,False,no_aplica,no_se_imputan_mediciones_ambiguas,False,True,False,False,False,False,False,False,False,False,False,False,False,False,False,False,False,temperatura_vacia,1,CUARENTENA,1
7455,2026-08-05 17:28:00+00:00,VIA-00311,ORD-2026-02949,CAM-24,PROD-024,22.52,C,,0,0,2026-08-05 13:28:00,CAM-24,22.52,C,,True,False,no_aplica,no_se_imputan_mediciones_ambiguas,False,False,False,False,False,False,True,False,False,False,False,False,False,False,False,False,False,humedad_vacia,1,CUARENTENA,1
7467,2026-08-03 17:00:00+00:00,VIA-00312,ORD-2026-02434,CAM-19,PROD-043,,C,58.3,0,0,2026-08-03 13:00:00,CAM-19,-999.0,C,58.3,True,False,no_aplica,no_se_imputan_mediciones_ambiguas,False,False,False,True,False,False,False,False,False,False,False,False,False,False,False,False,False,temperatura_centinela,1,CUARENTENA,1
7583,2026-08-18 19:59:00+00:00,VIA-00316,ORD-2026-04476,CAM-11,PROD-021,,C,75.0,0,0,2026-08-18 15:59:00,CAM-11,,C,75.0,True,False,no_aplica,no_se_imputan_mediciones_ambiguas,False,True,False,False,False,False,False,False,False,False,False,False,False,False,False,False,False,temperatura_vacia,1,CUARENTENA,1
7681,2026-08-07 18:40:00+00:00,VIA-00321,ORD-2026-04625,CAM-21,PROD-005,18.9,C,-50.5,0,0,2026-08-07 14:40:00,CAM-21,18.9,C,-50.5,True,False,no_aplica,no_se_imputan_mediciones_ambiguas,False,False,False,False,False,False,False,False,True,False,False,False,False,False,False,False,False,humedad_fuera_rango,1,CUARENTENA,1
7749,2026-08-07 14:26:00+00:00,VIA-00323,ORD-2026-06309,CAM-24,PROD-002,,C,51.2,0,0,2026-08-07 10:26:00,CAM-24,-999.0,C,51.2,True,False,no_aplica,no_se_imputan_mediciones_ambiguas,False,False,False,True,False,False,False,False,False,False,False,False,False,False,False,False,False,temperatura_centinela,1,CUARENTENA,1
7776,2026-08-19 21:26:00+00:00,VIA-00324,ORD-2026-05843,CAM-03,PROD-057,,C,51.0,0,0,2026-08-19 17:26:00,CAM-03,,C,51.0,True,False,no_aplica,no_se_imputan_mediciones_ambiguas,False,True,False,False,False,False,False,False,False,False,False,False,False,False,False,False,False,temperatura_vacia,1,CUARENTENA,1
7782,2026-08-30 23:56:00+00:00,VIA-00325,ORD-2026-00169,CAM-27,PROD-048,,C,48.9,0,0,2026-08-30 19:56:00,CAM-27,,C,48.9,True,False,no_aplica,no_se_imputan_mediciones_ambiguas,False,True,False,False,False,False,False,False,False,False,False,False,False,False,False,False,False,temperatura_vacia,1,CUARENTENA,1
7832,2026-08-29 09:39:00+00:00,VIA-00327,ORD-2026-04344,CAM-26,PROD-029,,C,49.6,0,0,2026-08-29 05:39:00,CAM-26,-999.0,C,49.6,True,False,no_aplica,no_se_imputan_mediciones_ambiguas,False,False,False,True,False,False,False,False,False,False,False,False,False,False,False,False,False,temperatura_centinela,1,CUARENTENA,1
7941,2026-08-16 06:23:00+00:00,VIA-00331,ORD-2026-03610,CAM-22,PROD-043,-19.3,C,,0,0,2026-08-16 02:23:00,CAM-22,-19.3,C,,True,False,no_aplica,no_se_imputan_mediciones_ambiguas,False,False,False,False,False,False,True,False,False,False,False,False,False,False,False,False,False,humedad_vacia,1,CUARENTENA,1
8028,2026-08-29 18:16:00+00:00,VIA-00335,ORD-2026-07179,CAM-29,PROD-030,,C,37.7,0,0,2026-08-29 14:16:00,CAM-29,,C,37.7,True,False,no_aplica,no_se_imputan_mediciones_ambiguas,False,True,False,False,False,False,False,False,False,False,False,False,False,False,False,False,False,temperatura_vacia,1,CUARENTENA,1
8232,2026-08-09 04:00:00+00:00,VIA-00343,ORD-2026-06413,CAM-08,PROD-036,3.43,C,,0,0,2026-08-09 00:00:00,CAM-08,3.43,C,,True,False,no_aplica,no_se_imputan_mediciones_ambiguas,False,False,False,False,False,False,True,False,False,False,False,False,False,False,False,False,False,humedad_vacia,1,CUARENTENA,1
8389,2026-08-04 09:36:00+00:00,VIA-00350,ORD-2026-03587,CAM-21,PROD-018,,C,51.5,0,0,2026-08-04 05:36:00,CAM-21,-999.0,C,51.5,True,False,no_aplica,no_se_imputan_mediciones_ambiguas,False,False,False,True,False,False,False,False,False,False,False,False,False,False,False,False,False,temperatura_centinela,1,CUARENTENA,1
8559,2026-08-04 23:26:00+00:00,VIA-00357,ORD-2026-04496,CAM-19,PROD-043,,C,69.6,0,0,2026-08-04 19:26:00,CAM-19,-999.0,C,69.6,True,False,no_aplica,no_se_imputan_mediciones_ambiguas,False,False,False,True,False,False,False,False,False,False,False,False,False,False,False,False,False,temperatura_centinela,1,CUARENTENA,1
8696,,VIA-00363,ORD-2026-07429,CAM-10,PROD-001,2.74,C,70.2,0,0,2026-02-31 09:15:00,CAM-10,2.74,C,70.2,False,False,no_aplica,no_se_imputan_mediciones_ambiguas,True,False,False,False,False,False,False,False,False,False,False,False,False,False,False,False,False,fecha_invalida,1,CUARENTENA,0
9088,2026-08-14 11:26:00+00:00,VIA-00379,ORD-2026-04281,CAM-08,PROD-008,,C,69.1,0,0,2026-08-14 07:26:00,CAM-08,-999.0,C,69.1,True,False,no_aplica,no_se_imputan_mediciones_ambiguas,False,False,False,True,False,False,False,False,False,False,False,False,False,False,False,False,False,temperatura_centinela,1,CUARENTENA,1
9215,2026-08-15 23:53:00+00:00,VIA-00384,ORD-2026-00605,CAM-06,PROD-014,,C,52.6,0,0,2026-08-15 19:53:00,CAM-06,-999.0,C,52.6,True,False,no_aplica,no_se_imputan_mediciones_ambiguas,False,False,False,True,False,False,False,False,False,False,False,False,False,False,False,False,False,temperatura_centinela,1,CUARENTENA,1
9333,2026-08-28 18:17:00+00:00,VIA-00389,ORD-2026-02236,CAM-26,PROD-058,,C,69.6,0,0,2026-08-28 14:17:00,CAM-26,,C,69.6,True,False,no_aplica,no_se_imputan_mediciones_ambiguas,False,True,False,False,False,False,False,False,False,False,False,False,False,False,False,False,False,temperatura_vacia,1,CUARENTENA,1
9382,2026-08-11 08:47:00+00:00,VIA-00391,ORD-2026-06429,CAM-19,PROD-028,,C,41.1,0,0,2026-08-11 04:47:00,CAM-19,-999.0,C,41.1,True,False,no_aplica,no_se_imputan_mediciones_ambiguas,False,False,False,True,False,False,False,False,False,False,False,False,False,False,False,False,False,temperatura_centinela,1,CUARENTENA,1
9412,2026-08-11 00:00:00+00:00,VIA-00393,ORD-2026-02901,CAM-18,PROD-032,19.92,C,,0,0,2026-08-10 20:00:00,CAM-18,19.92,C,,True,False,no_aplica,no_se_imputan_mediciones_ambiguas,False,False,False,False,False,False,True,False,False,False,False,False,False,False,False,False,False,humedad_vacia,1,CUARENTENA,1
9456,,VIA-00394,ORD-2026-07231,CAM-25,PROD-046,19.91,C,41.7,0,0,2026-02-31 09:15:00,CAM-25,19.91,C,41.7,False,False,no_aplica,no_se_imputan_mediciones_ambiguas,True,False,False,False,False,False,False,False,False,False,False,False,False,False,False,False,False,fecha_invalida,1,CUARENTENA,0
9525,2026-08-27 06:12:00+00:00,VIA-00397,ORD-2026-06382,CAM-02,PROD-002,,C,49.9,0,0,2026-08-27 02:12:00,CAM-02,-999.0,C,49.9,True,False,no_aplica,no_se_imputan_mediciones_ambiguas,False,False,False,True,False,False,False,False,False,False,False,False,False,False,False,False,False,temperatura_centinela,1,CUARENTENA,1
9735,2026-08-08 09:57:00+00:00,VIA-00406,ORD-2026-06686,CAM-20,PROD-046,,C,56.3,0,0,2026-08-08 05:57:00,CAM-20,-999.0,C,56.3,True,False,no_aplica,no_se_imputan_mediciones_ambiguas,False,False,False,True,False,False,False,False,False,False,False,False,False,False,False,False,False,temperatura_centinela,1,CUARENTENA,1
9968,2026-08-04 20:19:00+00:00,VIA-00416,ORD-2026-01855,CAM-22,PROD-015,5.24,C,,0,0,2026-08-04 16:19:00,CAM-22,5.24,C,,True,False,no_aplica,no_se_imputan_mediciones_ambiguas,False,False,False,False,False,False,True,False,False,False,False,False,False,False,False,False,False,humedad_vacia,1,CUARENTENA,1
10021,2026-08-05 12:02:00+00:00,VIA-00418,ORD-2026-05862,CAM-09,PROD-005,,C,46.9,0,0,2026-08-05 08:02:00,CAM-09,,C,46.9,True,False,no_aplica,no_se_imputan_mediciones_ambiguas,False,True,False,False,False,False,False,False,False,False,False,False,False,False,False,False,False,temperatura_vacia,1,CUARENTENA,1
10080,2026-08-04 01:51:00+00:00,VIA-00420,ORD-2026-02885,CAM-15,PROD-035,,C,61.5,0,0,2026-08-03 21:51:00,CAM-15,,C,61.5,True,False,no_aplica,no_se_imputan_mediciones_ambiguas,False,True,False,False,False,False,False,False,False,False,False,False,False,False,False,False,False,temperatura_vacia,1,CUARENTENA,1
10093,2026-08-30 08:23:00+00:00,VIA-00421,ORD-2026-05712,CAM-15,PROD-025,,C,60.0,0,0,2026-08-30 04:23:00,CAM-15,-999.0,C,60.0,True,False,no_aplica,no_se_imputan_mediciones_ambiguas,False,False,False,True,False,False,False,False,False,False,False,False,False,False,False,False,False,temperatura_centinela,1,CUARENTENA,1
10123,,VIA-00422,ORD-2026-00525,CAM-20,PROD-001,2.5111,C,64.4,0,0,2026-02-31 09:15:00,CAM-20,36.52,F,64.4,True,False,no_aplica,no_se_imputan_mediciones_ambiguas,True,False,False,False,False,True,False,False,False,False,False,False,False,False,False,False,False,fecha_invalida,1,CUARENTENA,2
10240,2026-08-19 06:56:00+00:00,VIA-00427,ORD-2026-04049,CAM-18,PROD-006,19.56,C,,0,0,2026-08-19 02:56:00,CAM-18,19.56,C,,True,False,no_aplica,no_se_imputan_mediciones_ambiguas,False,False,False,False,False,False,True,False,False,False,False,False,False,False,False,False,False,humedad_vacia,1,CUARENTENA,1
10284,2026-08-16 05:33:00+00:00,VIA-00429,ORD-2026-04991,CAM-24,PROD-013,,C,74.6,0,0,2026-08-16 01:33:00,CAM-24,-999.0,C,74.6,True,False,no_aplica,no_se_imputan_mediciones_ambiguas,False,False,False,True,False,False,False,False,False,False,False,False,False,False,False,False,False,temperatura_centinela,1,CUARENTENA,1
10286,2026-08-16 06:33:00+00:00,VIA-00429,ORD-2026-04991,CAM-24,PROD-013,,C,79.5,0,0,2026-08-16 02:33:00,CAM-24,-999.0,C,79.5,True,False,no_aplica,no_se_imputan_mediciones_ambiguas,False,False,False,True,False,False,False,False,False,False,False,False,False,False,False,False,False,temperatura_centinela,1,CUARENTENA,1
10309,2026-08-03 18:12:00+00:00,VIA-00430,ORD-2026-02197,CAM-20,PROD-041,-18.14,C,,0,0,2026-08-03 14:12:00,CAM-20,-18.14,C,,True,False,no_aplica,no_se_imputan_mediciones_ambiguas,False,False,False,False,False,False,True,False,False,False,False,False,False,False,False,False,False,humedad_vacia,1,CUARENTENA,1
10372,2026-08-30 02:23:00+00:00,VIA-00433,ORD-2026-00959,CAM-10,PROD-023,,C,80.7,0,0,2026-08-29 22:23:00,CAM-10,,C,80.7,True,False,no_aplica,no_se_imputan_mediciones_ambiguas,False,True,False,False,False,False,False,False,False,False,False,False,False,False,False,False,False,temperatura_vacia,1,CUARENTENA,1
10385,2026-08-30 08:53:00+00:00,VIA-00433,ORD-2026-00959,CAM-10,PROD-023,3.95,C,,0,0,2026-08-30 04:53:00,CAM-10,3.95,C,,True,False,no_aplica,no_se_imputan_mediciones_ambiguas,False,False,False,False,False,False,True,False,False,False,False,False,False,False,False,False,False,humedad_vacia,1,CUARENTENA,1
10404,2026-08-21 17:05:00+00:00,VIA-00434,ORD-2026-01323,CAM-08,PROD-008,,C,63.8,0,0,2026-08-21 13:05:00,CAM-08,-999.0,C,63.8,True,False,no_aplica,no_se_imputan_mediciones_ambiguas,False,False,False,True,False,False,False,False,False,False,False,False,False,False,False,False,False,temperatura_centinela,1,CUARENTENA,1
10511,2026-08-17 14:34:00+00:00,VIA-00438,ORD-2026-04327,CAM-12,PROD-016,,C,46.0,0,0,2026-08-17 10:34:00,CAM-12,-999.0,C,46.0,True,False,no_aplica,no_se_imputan_mediciones_ambiguas,False,False,False,True,False,False,False,False,False,False,False,False,False,False,False,False,False,temperatura_centinela,1,CUARENTENA,1
10599,2026-08-15 21:01:00+00:00,VIA-00442,ORD-2026-02381,CAM-24,PROD-059,19.58,C,,0,0,2026-08-15 17:01:00,CAM-24,19.58,C,,True,False,no_aplica,no_se_imputan_mediciones_ambiguas,False,False,False,False,False,False,True,False,False,False,False,False,False,False,False,False,False,humedad_vacia,1,CUARENTENA,1
10687,2026-08-08 23:43:00+00:00,VIA-00446,ORD-2026-04726,CAM-08,PROD-008,,C,75.9,0,0,2026-08-08 19:43:00,CAM-08,-999.0,C,75.9,True,False,no_aplica,no_se_imputan_mediciones_ambiguas,False,False,False,True,False,False,False,False,False,False,False,False,False,False,False,False,False,temperatura_centinela,1,CUARENTENA,1
10714,2026-08-19 23:17:00+00:00,VIA-00447,ORD-2026-05229,CAM-28,PROD-054,-17.36,C,,0,0,2026-08-19 19:17:00,CAM-28,-17.36,C,,True,False,no_aplica,no_se_imputan_mediciones_ambiguas,False,False,False,False,False,False,True,False,False,False,False,False,False,False,False,False,False,humedad_vacia,1,CUARENTENA,1
10945,2026-08-19 14:13:00+00:00,VIA-00457,ORD-2026-01549,CAM-23,PROD-020,,C,36.9,0,0,2026-08-19 10:13:00,CAM-23,-999.0,C,36.9,True,False,no_aplica,no_se_imputan_mediciones_ambiguas,False,False,False,True,False,False,False,False,False,False,False,False,False,False,False,False,False,temperatura_centinela,1,CUARENTENA,1
11002,2026-08-24 11:51:00+00:00,VIA-00459,ORD-2026-07455,CAM-09,PROD-012,20.06,C,,0,0,2026-08-24 07:51:00,CAM-09,20.06,C,,True,False,no_aplica,no_se_imputan_mediciones_ambiguas,False,False,False,False,False,False,True,False,False,False,False,False,False,False,False,False,False,humedad_vacia,1,CUARENTENA,1
11158,2026-08-25 07:25:00+00:00,VIA-00465,ORD-2026-03454,CAM-04,PROD-002,,C,49.5,0,0,2026-08-25 03:25:00,CAM-04,-999.0,C,49.5,True,False,no_aplica,no_se_imputan_mediciones_ambiguas,False,False,False,True,False,False,False,False,False,False,False,False,False,False,False,False,False,temperatura_centinela,1,CUARENTENA,1
11185,2026-08-15 13:38:00+00:00,VIA-00467,ORD-2026-07428,CAM-26,PROD-053,4.62,C,,0,0,2026-08-15 09:38:00,CAM-26,4.62,C,,True,False,no_aplica,no_se_imputan_mediciones_ambiguas,False,False,False,False,False,False,True,False,False,False,False,False,False,False,False,False,False,humedad_vacia,1,CUARENTENA,1
11242,2026-08-19 06:23:00+00:00,VIA-00469,ORD-2026-01442,CAM-27,PROD-057,19.77,C,,0,0,2026-08-19 02:23:00,CAM-27,19.77,C,,True,False,no_aplica,no_se_imputan_mediciones_ambiguas,False,False,False,False,False,False,True,False,False,False,False,False,False,False,False,False,False,humedad_vacia,1,CUARENTENA,1
11257,2026-08-30 07:12:00+00:00,VIA-00470,ORD-2026-00187,CAM-11,PROD-035,,C,75.7,0,0,2026-08-30 03:12:00,CAM-11,-999.0,C,75.7,True,False,no_aplica,no_se_imputan_mediciones_ambiguas,False,False,False,True,False,False,False,False,False,False,False,False,False,False,False,False,False,temperatura_centinela,1,CUARENTENA,1
11359,2026-08-10 08:36:00+00:00,VIA-00474,ORD-2026-05908,CAM-22,PROD-060,,C,54.3,0,0,2026-08-10 04:36:00,CAM-22,-999.0,C,54.3,True,False,no_aplica,no_se_imputan_mediciones_ambiguas,False,False,False,True,False,False,False,False,False,False,False,False,False,False,False,False,False,temperatura_centinela,1,CUARENTENA,1
11375,2026-08-10 16:36:00+00:00,VIA-00474,ORD-2026-05908,CAM-22,PROD-060,-17.16,C,,0,0,2026-08-10 12:36:00,CAM-22,-17.16,C,,True,False,no_aplica,no_se_imputan_mediciones_ambiguas,False,False,False,False,False,False,True,False,False,False,False,False,False,False,False,False,False,humedad_vacia,1,CUARENTENA,1
11385,2026-08-27 23:42:00+00:00,VIA-00475,ORD-2026-01792,CAM-03,PROD-016,18.45,C,52.8,0,0,2026-08-27 19:42:00,CAM-03,18.45,C,52.8,True,False,no_aplica,no_se_imputan_mediciones_ambiguas,False,False,False,False,False,False,False,False,False,False,False,True,False,False,False,False,False,duplicado_conflictivo,1,CUARENTENA,1
11387,2026-08-28 00:42:00+00:00,VIA-00475,ORD-2026-01792,CAM-03,PROD-016,,C,43.1,0,0,2026-08-27 20:42:00,CAM-03,,C,43.1,True,False,no_aplica,no_se_imputan_mediciones_ambiguas,False,True,False,False,False,False,False,False,False,False,False,False,False,False,False,False,False,temperatura_vacia,1,CUARENTENA,1
11464,2026-08-04 00:26:00+00:00,VIA-00478,ORD-2026-00466,CAM-26,PROD-013,4.58,C,,0,0,2026-08-03 20:26:00,CAM-26,4.58,C,,True,False,no_aplica,no_se_imputan_mediciones_ambiguas,False,False,False,False,False,False,True,False,False,False,False,False,False,False,False,False,False,humedad_vacia,1,CUARENTENA,1
11594,2026-08-11 04:02:00+00:00,VIA-00484,ORD-2026-04669,CAM-24,PROD-041,,C,80.7,0,0,2026-08-11 00:02:00,CAM-24,-999.0,C,80.7,True,False,no_aplica,no_se_imputan_mediciones_ambiguas,False,False,False,True,False,False,False,False,False,False,False,False,False,False,False,False,False,temperatura_centinela,1,CUARENTENA,1
11804,2026-08-02 22:49:00+00:00,VIA-00492,ORD-2026-01737,CAM-20,PROD-023,2.32,C,,0,0,2026-08-02 18:49:00,CAM-20,2.32,C,,True,False,no_aplica,no_se_imputan_mediciones_ambiguas,False,False,False,False,False,False,True,False,False,False,False,False,False,False,False,False,False,humedad_vacia,1,CUARENTENA,1
11822,2026-08-01 19:05:00+00:00,VIA-00493,ORD-2026-00167,CAM-25,PROD-008,,C,71.6,0,0,2026-08-01 15:05:00,CAM-25,,C,71.6,True,False,no_aplica,no_se_imputan_mediciones_ambiguas,False,True,False,False,False,False,False,False,False,False,False,False,False,False,False,False,False,temperatura_vacia,1,CUARENTENA,1
11926,2026-08-16 19:25:00+00:00,VIA-00497,ORD-2026-02619,CAM-03,PROD-033,,C,57.7,0,0,2026-08-16 15:25:00,CAM-03,,C,57.7,True,False,no_aplica,no_se_imputan_mediciones_ambiguas,False,True,False,False,False,False,False,False,False,False,False,False,False,False,False,False,False,temperatura_vacia,1,CUARENTENA,1
12053,2026-08-29 02:41:00+00:00,VIA-00503,ORD-2026-01320,CAM-20,PROD-043,,C,59.1,0,0,2026-08-28 22:41:00,CAM-20,-999.0,C,59.1,True,False,no_aplica,no_se_imputan_mediciones_ambiguas,False,False,False,True,False,False,False,False,False,False,False,False,False,False,False,False,False,temperatura_centinela,1,CUARENTENA,1
12097,2026-08-11 11:38:00+00:00,VIA-00505,ORD-2026-02549,CAM-23,PROD-029,,C,45.0,0,0,2026-08-11 07:38:00,CAM-23,-999.0,C,45.0,True,False,no_aplica,no_se_imputan_mediciones_ambiguas,False,False,False,True,False,False,False,False,False,False,False,False,False,False,False,False,False,temperatura_centinela,1,CUARENTENA,1
12198,2026-08-11 15:33:00+00:00,VIA-00509,ORD-2026-05559,CAM-27,PROD-030,,C,47.4,0,0,2026-08-11 11:33:00,CAM-27,-999.0,C,47.4,True,False,no_aplica,no_se_imputan_mediciones_ambiguas,False,False,False,True,False,False,False,False,False,False,False,False,False,False,False,False,False,temperatura_centinela,1,CUARENTENA,1
12450,2026-08-24 12:40:00+00:00,VIA-00519,ORD-2026-03330,CAM-26,PROD-003,19.63,C,,0,0,2026-08-24 08:40:00,CAM-26,19.63,C,,True,False,no_aplica,no_se_imputan_mediciones_ambiguas,False,False,False,False,False,False,True,False,False,False,False,False,False,False,False,False,False,humedad_vacia,1,CUARENTENA,1
12678,2026-08-05 17:15:00+00:00,VIA-00529,ORD-2026-05310,CAM-09,PROD-028,,C,47.0,0,0,2026-08-05 13:15:00,CAM-09,,C,47.0,True,False,no_aplica,no_se_imputan_mediciones_ambiguas,False,True,False,False,False,False,False,False,False,False,False,False,False,False,False,False,False,temperatura_vacia,1,CUARENTENA,1
12695,2026-08-06 01:45:00+00:00,VIA-00529,ORD-2026-05310,CAM-09,PROD-028,,C,56.9,0,0,2026-08-05 21:45:00,CAM-09,-999.0,C,56.9,True,False,no_aplica,no_se_imputan_mediciones_ambiguas,False,False,False,True,False,False,False,False,False,False,False,False,False,False,False,False,False,temperatura_centinela,1,CUARENTENA,1
12757,2026-08-31 02:23:00+00:00,VIA-00532,ORD-2026-04733,CAM-23,PROD-019,,C,56.2,0,0,2026-08-30 22:23:00,CAM-23,,C,56.2,True,False,no_aplica,no_se_imputan_mediciones_ambiguas,False,True,False,False,False,False,False,False,False,False,False,False,False,False,False,False,False,temperatura_vacia,1,CUARENTENA,1
12771,2026-08-10 01:15:00+00:00,VIA-00533,ORD-2026-06751,CAM-11,PROD-017,,C,49.3,0,0,2026-08-09 21:15:00,CAM-11,,C,49.3,True,False,no_aplica,no_se_imputan_mediciones_ambiguas,False,True,False,False,False,False,False,False,False,False,False,False,False,False,False,False,False,temperatura_vacia,1,CUARENTENA,1
12774,2026-08-10 02:45:00+00:00,VIA-00533,ORD-2026-06751,CAM-11,PROD-017,,C,50.6,0,0,2026-08-09 22:45:00,CAM-11,-999.0,C,50.6,True,False,no_aplica,no_se_imputan_mediciones_ambiguas,False,False,False,True,False,False,False,False,False,False,False,False,False,False,False,False,False,temperatura_centinela,1,CUARENTENA,1
12917,2026-08-07 23:52:00+00:00,VIA-00539,ORD-2026-01406,CAM-12,PROD-041,,C,75.7,0,0,2026-08-07 19:52:00,CAM-12,-999.0,C,75.7,True,False,no_aplica,no_se_imputan_mediciones_ambiguas,False,False,False,True,False,False,False,False,False,False,False,False,False,False,False,False,False,temperatura_centinela,1,CUARENTENA,1
12964,2026-08-12 17:22:00+00:00,VIA-00541,ORD-2026-07125,CAM-04,PROD-055,21.72,C,,0,0,2026-08-12 13:22:00,CAM-04,21.72,C,,True,False,no_aplica,no_se_imputan_mediciones_ambiguas,False,False,False,False,False,False,True,False,False,False,False,False,False,False,False,False,False,humedad_vacia,1,CUARENTENA,1
13016,2026-08-29 03:01:00+00:00,VIA-00543,ORD-2026-03706,CAM-24,PROD-031,20.24,C,46.3,0,0,2026-08-28 23:01:00,CAM-24,20.24,C,46.3,True,False,no_aplica,no_se_imputan_mediciones_ambiguas,False,False,False,False,False,False,False,False,False,False,False,True,False,False,False,False,False,duplicado_conflictivo,1,CUARENTENA,1
13029,,VIA-00543,ORD-2026-03706,CAM-24,PROD-031,16.59,C,46.4,0,0,2026-02-31 09:15:00,CAM-24,16.59,C,46.4,False,False,no_aplica,no_se_imputan_mediciones_ambiguas,True,False,False,False,False,False,False,False,False,False,False,False,False,False,False,False,False,fecha_invalida,1,CUARENTENA,0
13055,2026-08-13 08:23:00+00:00,VIA-00544,ORD-2026-02077,CAM-08,PROD-019,19.81,C,-52.1,0,0,2026-08-13 04:23:00,CAM-08,19.81,C,-52.1,True,False,no_aplica,no_se_imputan_mediciones_ambiguas,False,False,False,False,False,False,False,False,True,False,False,False,False,False,False,False,False,humedad_fuera_rango,1,CUARENTENA,1
13112,2026-08-02 00:37:00+00:00,VIA-00547,ORD-2026-04094,CAM-30,PROD-028,,C,51.1,0,0,2026-08-01 20:37:00,CAM-30,-999.0,C,51.1,True,False,no_aplica,no_se_imputan_mediciones_ambiguas,False,False,False,True,False,False,False,False,False,False,False,False,False,False,False,False,False,temperatura_centinela,1,CUARENTENA,1
13130,2026-08-02 23:39:00+00:00,VIA-00548,ORD-2026-02360,CAM-02,PROD-021,3.95,C,,0,0,2026-08-02 19:39:00,CAM-02,3.95,C,,True,False,no_aplica,no_se_imputan_mediciones_ambiguas,False,False,False,False,False,False,True,False,False,False,False,False,False,False,False,False,False,humedad_vacia,1,CUARENTENA,1
13192,2026-08-05 02:41:00+00:00,VIA-00550,ORD-2026-07205,CAM-01,PROD-043,,C,65.8,0,0,2026-08-04 22:41:00,CAM-01,-999.0,C,65.8,True,False,no_aplica,no_se_imputan_mediciones_ambiguas,False,False,False,True,False,False,False,False,False,False,False,False,False,False,False,False,False,temperatura_centinela,1,CUARENTENA,1
13298,2026-08-02 06:54:00+00:00,VIA-00555,ORD-2026-05267,CAM-20,PROD-021,,C,82.8,0,0,2026-08-02 02:54:00,CAM-20,,C,82.8,True,False,no_aplica,no_se_imputan_mediciones_ambiguas,False,True,False,False,False,False,False,False,False,False,False,False,False,False,False,False,False,temperatura_vacia,1,CUARENTENA,1
13440,2026-08-16 15:48:00+00:00,VIA-00560,ORD-2026-04169,CAM-12,PROD-046,,C,40.8,0,0,2026-08-16 11:48:00,CAM-12,-999.0,C,40.8,True,False,no_aplica,no_se_imputan_mediciones_ambiguas,False,False,False,True,False,False,False,False,False,False,False,False,False,False,False,False,False,temperatura_centinela,1,CUARENTENA,1
13586,2026-08-21 21:53:00+00:00,VIA-00567,ORD-2026-04493,CAM-08,PROD-052,,C,77.7,0,0,2026-08-21 17:53:00,CAM-08,,C,77.7,True,False,no_aplica,no_se_imputan_mediciones_ambiguas,False,True,False,False,False,False,False,False,False,False,False,False,False,False,False,False,False,temperatura_vacia,1,CUARENTENA,1
13692,2026-08-17 04:14:00+00:00,VIA-00571,ORD-2026-01188,CAM-19,PROD-049,,C,82.6,1,1,2026-08-17 00:14:00,CAM-19,-999.0,C,82.6,True,False,no_aplica,no_se_imputan_mediciones_ambiguas,False,False,False,True,False,False,False,False,False,False,False,False,False,False,False,False,False,temperatura_centinela,1,CUARENTENA,1
13803,2026-08-23 09:49:00+00:00,VIA-00576,ORD-2026-05478,CAM-16,PROD-020,19.23,C,,0,0,2026-08-23 05:49:00,CAM-16,19.23,C,,True,False,no_aplica,no_se_imputan_mediciones_ambiguas,False,False,False,False,False,False,True,False,False,False,False,False,False,False,False,False,False,humedad_vacia,1,CUARENTENA,1
13824,2026-08-23 20:19:00+00:00,VIA-00576,ORD-2026-05478,CAM-16,PROD-020,,C,42.5,0,0,2026-08-23 16:19:00,CAM-16,-999.0,C,42.5,True,False,no_aplica,no_se_imputan_mediciones_ambiguas,False,False,False,True,False,False,False,False,False,False,False,False,False,False,False,False,False,temperatura_centinela,1,CUARENTENA,1
13903,2026-08-19 16:11:00+00:00,VIA-00580,ORD-2026-05580,CAM-20,PROD-013,4.65,C,,0,0,2026-08-19 12:11:00,CAM-20,4.65,C,,True,False,no_aplica,no_se_imputan_mediciones_ambiguas,False,False,False,False,False,False,True,False,False,False,False,False,False,False,False,False,False,humedad_vacia,1,CUARENTENA,1
14008,2026-08-12 18:02:00+00:00,VIA-00584,ORD-2026-04073,CAM-02,PROD-001,,C,79.1,0,0,2026-08-12 14:02:00,CAM-02,,C,79.1,True,False,no_aplica,no_se_imputan_mediciones_ambiguas,False,True,False,False,False,False,False,False,False,False,False,False,False,False,False,False,False,temperatura_vacia,1,CUARENTENA,1
14105,2026-08-31 04:54:00+00:00,VIA-00588,ORD-2026-00674,CAM-26,PROD-027,,C,74.3,0,0,2026-08-31 00:54:00,CAM-26,-999.0,C,74.3,True,False,no_aplica,no_se_imputan_mediciones_ambiguas,False,False,False,True,False,False,False,False,False,False,False,False,False,False,False,False,False,temperatura_centinela,1,CUARENTENA,1
14165,,VIA-00591,ORD-2026-05366,CAM-08,PROD-051,-17.62,C,56.1,0,0,2026-02-31 09:15:00,CAM-08,-17.62,C,56.1,False,False,no_aplica,no_se_imputan_mediciones_ambiguas,True,False,False,False,False,False,False,False,False,False,False,False,False,False,False,False,False,fecha_invalida,1,CUARENTENA,0
14308,2026-08-02 12:45:00+00:00,VIA-00597,ORD-2026-03700,CAM-20,PROD-002,16.95,C,-52.3,0,0,2026-08-02 08:45:00,CAM-20,16.95,C,-52.3,True,False,no_aplica,no_se_imputan_mediciones_ambiguas,False,False,False,False,False,False,False,False,True,False,False,False,False,False,False,False,False,humedad_fuera_rango,1,CUARENTENA,1
14376,2026-08-26 03:01:00+00:00,VIA-00599,ORD-2026-04996,CAM-08,PROD-030,,C,47.3,0,0,2026-08-25 23:01:00,CAM-08,,C,47.3,True,False,no_aplica,no_se_imputan_mediciones_ambiguas,False,True,False,False,False,False,False,False,False,False,False,False,False,False,False,False,False,temperatura_vacia,1,CUARENTENA,1
14414,,VIA-00601,ORD-2026-00100,CAM-26,PROD-049,9.13,C,86.3,1,1,2026-02-31 09:15:00,CAM-26,9.13,C,86.3,False,False,no_aplica,no_se_imputan_mediciones_ambiguas,True,False,False,False,False,False,False,False,False,False,False,False,False,False,False,False,False,fecha_invalida,1,CUARENTENA,0
14488,2026-08-07 08:28:00+00:00,VIA-00604,ORD-2026-03327,CAM-24,PROD-049,4.11,C,,0,0,2026-08-07 04:28:00,CAM-24,4.11,C,,True,False,no_aplica,no_se_imputan_mediciones_ambiguas,False,False,False,False,False,False,True,False,False,False,False,False,False,False,False,False,False,humedad_vacia,1,CUARENTENA,1
14718,2026-08-18 11:00:00+00:00,VIA-00614,ORD-2026-03723,CAM-08,PROD-030,,C,46.8,0,0,2026-08-18 07:00:00,CAM-08,,C,46.8,True,False,no_aplica,no_se_imputan_mediciones_ambiguas,False,True,False,False,False,False,False,False,False,False,False,False,False,False,False,False,False,temperatura_vacia,1,CUARENTENA,1
14740,2026-08-14 20:38:00+00:00,VIA-00615,ORD-2026-05692,CAM-08,PROD-051,-18.69,C,,0,0,2026-08-14 16:38:00,CAM-08,-18.69,C,,True,False,no_aplica,no_se_imputan_mediciones_ambiguas,False,False,False,False,False,False,True,False,False,False,False,False,False,False,False,False,False,humedad_vacia,1,CUARENTENA,1
14791,2026-08-06 07:31:00+00:00,VIA-00617,ORD-2026-01874,CAM-20,PROD-054,,C,69.3,0,0,2026-08-06 03:31:00,CAM-20,-999.0,C,69.3,True,False,no_aplica,no_se_imputan_mediciones_ambiguas,False,False,False,True,False,False,False,False,False,False,False,False,False,False,False,False,False,temperatura_centinela,1,CUARENTENA,1
14863,2026-08-16 01:10:00+00:00,VIA-00620,ORD-2026-05089,CAM-26,PROD-024,,C,40.8,0,0,2026-08-15 21:10:00,CAM-26,,C,40.8,True,False,no_aplica,no_se_imputan_mediciones_ambiguas,False,True,False,False,False,False,False,False,False,False,False,False,False,False,False,False,False,temperatura_vacia,1,CUARENTENA,1
15013,2026-08-09 10:04:00+00:00,VIA-00626,ORD-2026-01601,CAM-18,PROD-017,,C,34.5,0,0,2026-08-09 06:04:00,CAM-18,,C,34.5,True,False,no_aplica,no_se_imputan_mediciones_ambiguas,False,True,False,False,False,False,False,False,False,False,False,False,False,False,False,False,False,temperatura_vacia,1,CUARENTENA,1
15244,,VIA-00636,ORD-2026-07494,CAM-18,PROD-024,20.62,C,42.1,0,0,2026-02-31 09:15:00,CAM-18,20.62,C,42.1,False,False,no_aplica,no_se_imputan_mediciones_ambiguas,True,False,False,False,False,False,False,False,False,False,False,False,False,False,False,False,False,fecha_invalida,1,CUARENTENA,0
15501,2026-08-16 07:28:00+00:00,VIA-00646,ORD-2026-05705,CAM-15,PROD-009,2.4,C,-87.9,0,0,2026-08-16 03:28:00,CAM-15,2.4,C,-87.9,True,False,no_aplica,no_se_imputan_mediciones_ambiguas,False,False,False,False,False,False,False,False,True,False,False,False,False,False,False,False,False,humedad_fuera_rango,1,CUARENTENA,1
15780,2026-08-29 13:25:00+00:00,VIA-00658,ORD-2026-06403,CAM-28,PROD-045,,C,83.2,0,1,2026-08-29 09:25:00,CAM-28,-999.0,C,83.2,True,False,no_aplica,no_se_imputan_mediciones_ambiguas,False,False,False,True,False,False,False,False,False,False,False,False,False,False,False,False,False,temperatura_centinela,1,CUARENTENA,1
15825,2026-08-10 03:04:00+00:00,VIA-00660,ORD-2026-00770,CAM-26,PROD-044,4.48,C,,0,0,2026-08-09 23:04:00,CAM-26,4.48,C,,True,False,no_aplica,no_se_imputan_mediciones_ambiguas,False,False,False,False,False,False,True,False,False,False,False,False,False,False,False,False,False,humedad_vacia,1,CUARENTENA,1
15940,2026-08-08 22:29:00+00:00,VIA-00665,ORD-2026-06174,CAM-24,PROD-048,18.39,C,,0,0,2026-08-08 18:29:00,CAM-24,18.39,C,,True,False,no_aplica,no_se_imputan_mediciones_ambiguas,False,False,False,False,False,False,True,False,False,False,False,False,False,False,False,False,False,humedad_vacia,1,CUARENTENA,1
15968,2026-08-23 08:11:00+00:00,VIA-00666,ORD-2026-03093,CAM-26,PROD-021,,C,74.5,0,0,2026-08-23 04:11:00,CAM-26,-999.0,C,74.5,True,False,no_aplica,no_se_imputan_mediciones_ambiguas,False,False,False,True,False,False,False,False,False,False,False,False,False,False,False,False,False,temperatura_centinela,1,CUARENTENA,1
16079,2026-08-29 01:01:00+00:00,VIA-00670,ORD-2026-03021,CAM-08,PROD-041,-16.8,C,,0,0,2026-08-28 21:01:00,CAM-08,-16.8,C,,True,False,no_aplica,no_se_imputan_mediciones_ambiguas,False,False,False,False,False,False,True,False,False,False,False,False,False,False,False,False,False,humedad_vacia,1,CUARENTENA,1
16092,2026-08-06 17:01:00+00:00,VIA-00671,ORD-2026-02196,CAM-20,PROD-006,21.75,C,,0,0,2026-08-06 13:01:00,CAM-20,21.75,C,,True,False,no_aplica,no_se_imputan_mediciones_ambiguas,False,False,False,False,False,False,True,False,False,False,False,False,False,False,False,False,False,humedad_vacia,1,CUARENTENA,1
16209,2026-08-24 17:35:00+00:00,VIA-00676,ORD-2026-07291,CAM-28,PROD-037,2.45,C,,0,0,2026-08-24 13:35:00,CAM-28,2.45,C,,True,False,no_aplica,no_se_imputan_mediciones_ambiguas,False,False,False,False,False,False,True,False,False,False,False,False,False,False,False,False,False,humedad_vacia,1,CUARENTENA,1
16284,2026-08-06 18:54:00+00:00,VIA-00679,ORD-2026-05063,CAM-08,PROD-004,,C,80.0,0,0,2026-08-06 14:54:00,CAM-08,,C,80.0,True,False,no_aplica,no_se_imputan_mediciones_ambiguas,False,True,False,False,False,False,False,False,False,False,False,False,False,False,False,False,False,temperatura_vacia,1,CUARENTENA,1
16388,2026-08-10 11:16:00+00:00,VIA-00683,ORD-2026-07129,CAM-16,PROD-028,18.79,C,,0,0,2026-08-10 07:16:00,CAM-16,18.79,C,,True,False,no_aplica,no_se_imputan_mediciones_ambiguas,False,False,False,False,False,False,True,False,False,False,False,False,False,False,False,False,False,humedad_vacia,1,CUARENTENA,1
16427,2026-08-07 23:56:00+00:00,VIA-00685,ORD-2026-05960,CAM-08,PROD-051,,C,83.0,0,0,2026-08-07 19:56:00,CAM-08,-999.0,C,83.0,True,False,no_aplica,no_se_imputan_mediciones_ambiguas,False,False,False,True,False,False,False,False,False,False,False,False,False,False,False,False,False,temperatura_centinela,1,CUARENTENA,1
16432,2026-08-08 02:26:00+00:00,VIA-00685,ORD-2026-05960,CAM-08,PROD-051,,C,53.4,0,0,2026-08-07 22:26:00,CAM-08,-999.0,C,53.4,True,False,no_aplica,no_se_imputan_mediciones_ambiguas,False,False,False,True,False,False,False,False,False,False,False,False,False,False,False,False,False,temperatura_centinela,1,CUARENTENA,1
16469,2026-08-20 02:15:00+00:00,VIA-00687,ORD-2026-03211,CAM-15,PROD-016,20.43,C,,0,0,2026-08-19 22:15:00,CAM-15,20.43,C,,True,False,no_aplica,no_se_imputan_mediciones_ambiguas,False,False,False,False,False,False,True,False,False,False,False,False,False,False,False,False,False,humedad_vacia,1,CUARENTENA,1
16488,2026-08-20 11:45:00+00:00,VIA-00687,ORD-2026-03211,CAM-15,PROD-016,,C,52.6,0,0,2026-08-20 07:45:00,CAM-15,-999.0,C,52.6,True,False,no_aplica,no_se_imputan_mediciones_ambiguas,False,False,False,True,False,False,False,False,False,False,False,False,False,False,False,False,False,temperatura_centinela,1,CUARENTENA,1
16543,2026-08-01 23:26:00+00:00,VIA-00690,ORD-2026-06406,CAM-24,PROD-011,-17.46,C,,0,0,2026-08-01 19:26:00,CAM-24,-17.46,C,,True,False,no_aplica,no_se_imputan_mediciones_ambiguas,False,False,False,False,False,False,True,False,False,False,False,False,False,False,False,False,False,humedad_vacia,1,CUARENTENA,1
16576,2026-08-06 20:52:00+00:00,VIA-00691,ORD-2026-05152,CAM-15,PROD-040,,C,43.5,0,0,2026-08-06 16:52:00,CAM-15,,C,43.5,True,False,no_aplica,no_se_imputan_mediciones_ambiguas,False,True,False,False,False,False,False,False,False,False,False,False,False,False,False,False,False,temperatura_vacia,1,CUARENTENA,1
16707,2026-08-30 13:57:00+00:00,VIA-00697,ORD-2026-00912,CAM-02,PROD-040,17.98,C,,0,0,2026-08-30 09:57:00,CAM-02,17.98,C,,True,False,no_aplica,no_se_imputan_mediciones_ambiguas,False,False,False,False,False,False,True,False,False,False,False,False,False,False,False,False,False,humedad_vacia,1,CUARENTENA,1
16752,2026-08-02 14:01:00+00:00,VIA-00698,ORD-2026-04343,CAM-10,PROD-045,3.68,C,,0,0,2026-08-02 10:01:00,CAM-10,3.68,C,,True,False,no_aplica,no_se_imputan_mediciones_ambiguas,False,False,False,False,False,False,True,False,False,False,False,False,False,False,False,False,False,humedad_vacia,1,CUARENTENA,1
16767,2026-08-04 08:53:00+00:00,VIA-00699,ORD-2026-02559,CAM-01,PROD-011,-17.65,C,,0,0,2026-08-04 04:53:00,CAM-01,-17.65,C,,True,False,no_aplica,no_se_imputan_mediciones_ambiguas,False,False,False,False,False,False,True,False,False,False,False,False,False,False,False,False,False,humedad_vacia,1,CUARENTENA,1
16804,2026-08-10 13:20:00+00:00,VIA-00701,ORD-2026-05711,CAM-10,PROD-002,,C,43.7,0,0,2026-08-10 09:20:00,CAM-10,-999.0,C,43.7,True,False,no_aplica,no_se_imputan_mediciones_ambiguas,False,False,False,True,False,False,False,False,False,False,False,False,False,False,False,False,False,temperatura_centinela,1,CUARENTENA,1
16967,2026-08-14 22:28:00+00:00,VIA-00707,ORD-2026-02385,CAM-24,PROD-058,,C,78.9,0,0,2026-08-14 18:28:00,CAM-24,-999.0,C,78.9,True,False,no_aplica,no_se_imputan_mediciones_ambiguas,False,False,False,True,False,False,False,False,False,False,False,False,False,False,False,False,False,temperatura_centinela,1,CUARENTENA,1
17017,2026-08-16 00:20:00+00:00,VIA-00710,ORD-2026-02533,CAM-26,PROD-030,,C,49.6,0,0,2026-08-15 20:20:00,CAM-26,-999.0,C,49.6,True,False,no_aplica,no_se_imputan_mediciones_ambiguas,False,False,False,True,False,False,False,False,False,False,False,False,False,False,False,False,False,temperatura_centinela,1,CUARENTENA,1
17109,2026-08-19 00:15:00+00:00,VIA-00713,ORD-2026-06906,CAM-21,PROD-042,,C,48.4,0,0,2026-08-18 20:15:00,CAM-21,,C,48.4,True,False,no_aplica,no_se_imputan_mediciones_ambiguas,False,True,False,False,False,False,False,False,False,False,False,False,False,False,False,False,False,temperatura_vacia,1,CUARENTENA,1
17151,2026-08-12 23:42:00+00:00,VIA-00715,ORD-2026-05222,CAM-28,PROD-039,17.53,C,,0,0,2026-08-12 19:42:00,CAM-28,17.53,C,,True,False,no_aplica,no_se_imputan_mediciones_ambiguas,False,False,False,False,False,False,True,False,False,False,False,False,False,False,False,False,False,humedad_vacia,1,CUARENTENA,1
17181,2026-08-17 01:30:00+00:00,VIA-00716,ORD-2026-00719,CAM-22,PROD-004,,C,78.6,0,0,2026-08-16 21:30:00,CAM-22,-999.0,C,78.6,True,False,no_aplica,no_se_imputan_mediciones_ambiguas,False,False,False,True,False,False,False,False,False,False,False,False,False,False,False,False,False,temperatura_centinela,1,CUARENTENA,1
17374,2026-08-09 05:09:00+00:00,VIA-00724,ORD-2026-03198,CAM-08,PROD-019,,C,48.8,0,0,2026-08-09 01:09:00,CAM-08,,C,48.8,True,False,no_aplica,no_se_imputan_mediciones_ambiguas,False,True,False,False,False,False,False,False,False,False,False,False,False,False,False,False,False,temperatura_vacia,1,CUARENTENA,1
17534,2026-08-04 01:55:00+00:00,VIA-00731,ORD-2026-01582,CAM-25,PROD-036,6.47,C,,1,0,2026-08-03 21:55:00,CAM-25,6.47,C,,True,False,no_aplica,no_se_imputan_mediciones_ambiguas,False,False,False,False,False,False,True,False,False,False,False,False,False,False,False,False,False,humedad_vacia,1,CUARENTENA,1
17705,2026-08-04 01:27:00+00:00,VIA-00738,ORD-2026-06546,CAM-10,PROD-031,18.25,C,-55.9,0,0,2026-08-03 21:27:00,CAM-10,18.25,C,-55.9,True,False,no_aplica,no_se_imputan_mediciones_ambiguas,False,False,False,False,False,False,False,False,True,False,False,False,False,False,False,False,False,humedad_fuera_rango,1,CUARENTENA,1
17742,2026-08-20 09:54:00+00:00,VIA-00740,ORD-2026-01576,CAM-16,PROD-059,,C,57.6,0,0,2026-08-20 05:54:00,CAM-16,-999.0,C,57.6,True,False,no_aplica,no_se_imputan_mediciones_ambiguas,False,False,False,True,False,False,False,False,False,False,False,False,False,False,False,False,False,temperatura_centinela,1,CUARENTENA,1
17759,2026-08-20 18:24:00+00:00,VIA-00740,ORD-2026-01576,CAM-16,PROD-059,22.41,C,,0,0,2026-08-20 14:24:00,CAM-16,22.41,C,,True,False,no_aplica,no_se_imputan_mediciones_ambiguas,False,False,False,False,False,False,True,False,False,False,False,False,False,False,False,False,False,humedad_vacia,1,CUARENTENA,1
17823,2026-08-16 12:46:00+00:00,VIA-00743,ORD-2026-06555,CAM-10,PROD-049,,C,65.7,0,0,2026-08-16 08:46:00,CAM-10,,C,65.7,True,False,no_aplica,no_se_imputan_mediciones_ambiguas,False,True,False,False,False,False,False,False,False,False,False,False,False,False,False,False,False,temperatura_vacia,1,CUARENTENA,1
17959,2026-08-04 09:51:00+00:00,VIA-00749,ORD-2026-02880,CAM-10,PROD-037,,C,74.2,0,0,2026-08-04 05:51:00,CAM-10,-999.0,C,74.2,True,False,no_aplica,no_se_imputan_mediciones_ambiguas,False,False,False,True,False,False,False,False,False,False,False,False,False,False,False,False,False,temperatura_centinela,1,CUARENTENA,1
18182,2026-08-30 05:44:00+00:00,VIA-00758,ORD-2026-06488,CAM-01,PROD-012,,C,62.4,0,0,2026-08-30 01:44:00,CAM-01,-999.0,C,62.4,True,False,no_aplica,no_se_imputan_mediciones_ambiguas,False,False,False,True,False,False,False,False,False,False,False,False,False,False,False,False,False,temperatura_centinela,1,CUARENTENA,1
18237,2026-08-07 07:53:00+00:00,VIA-00760,ORD-2026-06010,CAM-09,PROD-018,,C,52.0,0,0,2026-08-07 03:53:00,CAM-09,,C,52.0,True,False,no_aplica,no_se_imputan_mediciones_ambiguas,False,True,False,False,False,False,False,False,False,False,False,False,False,False,False,False,False,temperatura_vacia,1,CUARENTENA,1
18256,2026-08-26 22:25:00+00:00,VIA-00761,ORD-2026-00954,CAM-24,PROD-015,3.77,C,75.5,0,0,2026-08-26 18:25:00,CAM-24,3.77,C,75.5,True,False,no_aplica,no_se_imputan_mediciones_ambiguas,False,False,False,False,False,False,False,False,False,False,False,True,False,False,False,False,False,duplicado_conflictivo,1,CUARENTENA,1
18330,2026-08-14 17:36:00+00:00,VIA-00764,ORD-2026-06632,CAM-19,PROD-002,,C,46.6,0,0,2026-08-14 13:36:00,CAM-19,-999.0,C,46.6,True,False,no_aplica,no_se_imputan_mediciones_ambiguas,False,False,False,True,False,False,False,False,False,False,False,False,False,False,False,False,False,temperatura_centinela,1,CUARENTENA,1
18379,2026-08-23 21:15:00+00:00,VIA-00766,ORD-2026-01516,CAM-19,PROD-001,,C,73.7,0,0,2026-08-23 17:15:00,CAM-19,-999.0,C,73.7,True,False,no_aplica,no_se_imputan_mediciones_ambiguas,False,False,False,True,False,False,False,False,False,False,False,False,False,False,False,False,False,temperatura_centinela,1,CUARENTENA,1
18383,2026-08-23 23:15:00+00:00,VIA-00766,ORD-2026-01516,CAM-19,PROD-001,,C,77.8,0,0,2026-08-23 19:15:00,CAM-19,-999.0,C,77.8,True,False,no_aplica,no_se_imputan_mediciones_ambiguas,False,False,False,True,False,False,False,False,False,False,False,False,False,False,False,False,False,temperatura_centinela,1,CUARENTENA,1
18431,2026-08-31 11:27:00+00:00,VIA-00768,ORD-2026-06675,CAM-03,PROD-006,,C,41.6,0,0,2026-08-31 07:27:00,CAM-03,-999.0,C,41.6,True,False,no_aplica,no_se_imputan_mediciones_ambiguas,False,False,False,True,False,False,False,False,False,False,False,False,False,False,False,False,False,temperatura_centinela,1,CUARENTENA,1
18619,2026-08-17 11:31:00+00:00,VIA-00776,ORD-2026-01071,CAM-28,PROD-023,,C,81.6,0,0,2026-08-17 07:31:00,CAM-28,277.87,K,81.6,True,False,no_aplica,no_se_imputan_mediciones_ambiguas,False,False,False,False,True,False,False,False,False,False,False,False,False,False,False,False,False,unidad_no_admitida,1,CUARENTENA,1
18632,2026-08-16 15:23:00+00:00,VIA-00777,ORD-2026-06731,CAM-03,PROD-020,,C,41.2,0,0,2026-08-16 11:23:00,CAM-03,,C,41.2,True,False,no_aplica,no_se_imputan_mediciones_ambiguas,False,True,False,False,False,False,False,False,False,False,False,False,False,False,False,False,False,temperatura_vacia,1,CUARENTENA,1
18636,2026-08-16 17:23:00+00:00,VIA-00777,ORD-2026-06731,CAM-03,PROD-020,18.22,C,-38.8,0,0,2026-08-16 13:23:00,CAM-03,18.22,C,-38.8,True,False,no_aplica,no_se_imputan_mediciones_ambiguas,False,False,False,False,False,False,False,False,True,False,False,False,False,False,False,False,False,humedad_fuera_rango,1,CUARENTENA,1
18782,2026-08-15 14:07:00+00:00,VIA-00783,ORD-2026-05701,CAM-20,PROD-052,,C,77.8,0,0,2026-08-15 10:07:00,CAM-20,,C,77.8,True,False,no_aplica,no_se_imputan_mediciones_ambiguas,False,True,False,False,False,False,False,False,False,False,False,False,False,False,False,False,False,temperatura_vacia,1,CUARENTENA,1
18810,2026-08-22 14:58:00+00:00,VIA-00784,ORD-2026-02448,CAM-15,PROD-005,,C,42.4,0,0,2026-08-22 10:58:00,CAM-15,,C,42.4,True,False,no_aplica,no_se_imputan_mediciones_ambiguas,False,True,False,False,False,False,False,False,False,False,False,False,False,False,False,False,False,temperatura_vacia,1,CUARENTENA,1
19040,2026-08-27 05:28:00+00:00,VIA-00794,ORD-2026-02599,CAM-19,PROD-040,,C,48.6,0,0,2026-08-27 01:28:00,CAM-19,-999.0,C,48.6,True,False,no_aplica,no_se_imputan_mediciones_ambiguas,False,False,False,True,False,False,False,False,False,False,False,False,False,False,False,False,False,temperatura_centinela,1,CUARENTENA,1
19197,2026-08-25 08:54:00+00:00,VIA-00800,ORD-2026-02180,CAM-24,PROD-021,3.67,C,,0,0,2026-08-25 04:54:00,CAM-24,3.67,C,,True,False,no_aplica,no_se_imputan_mediciones_ambiguas,False,False,False,False,False,False,True,False,False,False,False,False,False,False,False,False,False,humedad_vacia,1,CUARENTENA,1
19393,2026-08-22 11:40:00+00:00,VIA-00809,ORD-2026-02325,CAM-04,PROD-017,18.13,C,-50.9,0,0,2026-08-22 07:40:00,CAM-04,18.13,C,-50.9,True,False,no_aplica,no_se_imputan_mediciones_ambiguas,False,False,False,False,False,False,False,False,True,False,False,False,False,False,False,False,False,humedad_fuera_rango,1,CUARENTENA,1
19491,2026-08-05 14:38:00+00:00,VIA-00813,ORD-2026-00406,CAM-28,PROD-003,24.75,C,,0,0,2026-08-05 10:38:00,CAM-28,24.75,C,,True,False,no_aplica,no_se_imputan_mediciones_ambiguas,False,False,False,False,False,False,True,False,False,False,False,False,False,False,False,False,False,humedad_vacia,1,CUARENTENA,1
19544,2026-08-16 03:58:00+00:00,VIA-00815,ORD-2026-00036,CAM-29,PROD-019,18.34,C,,0,0,2026-08-15 23:58:00,CAM-29,18.34,C,,True,False,no_aplica,no_se_imputan_mediciones_ambiguas,False,False,False,False,False,False,True,False,False,False,False,False,False,False,False,False,False,humedad_vacia,1,CUARENTENA,1
19589,2026-08-30 01:04:00+00:00,VIA-00817,ORD-2026-03696,CAM-19,PROD-044,,C,74.4,0,0,2026-08-29 21:04:00,CAM-19,-999.0,C,74.4,True,False,no_aplica,no_se_imputan_mediciones_ambiguas,False,False,False,True,False,False,False,False,False,False,False,False,False,False,False,False,False,temperatura_centinela,1,CUARENTENA,1
19655,2026-08-03 17:02:00+00:00,VIA-00819,ORD-2026-01821,CAM-01,PROD-040,17.55,C,,0,0,2026-08-03 13:02:00,CAM-01,17.55,C,,True,False,no_aplica,no_se_imputan_mediciones_ambiguas,False,False,False,False,False,False,True,False,False,False,False,False,False,False,False,False,False,humedad_vacia,1,CUARENTENA,1
19829,2026-08-23 02:19:00+00:00,VIA-00827,ORD-2026-01453,CAM-01,PROD-014,,C,42.2,0,0,2026-08-22 22:19:00,CAM-01,-999.0,C,42.2,True,False,no_aplica,no_se_imputan_mediciones_ambiguas,False,False,False,True,False,False,False,False,False,False,False,False,False,False,False,False,False,temperatura_centinela,1,CUARENTENA,1
19881,2026-08-17 07:53:00+00:00,VIA-00829,ORD-2026-00696,CAM-24,PROD-041,,C,71.8,0,0,2026-08-17 03:53:00,CAM-24,-999.0,C,71.8,True,False,no_aplica,no_se_imputan_mediciones_ambiguas,False,False,False,True,False,False,False,False,False,False,False,False,False,False,False,False,False,temperatura_centinela,1,CUARENTENA,1
19962,2026-08-21 02:48:00+00:00,VIA-00832,ORD-2026-03308,CAM-26,PROD-028,,C,50.8,0,0,2026-08-20 22:48:00,CAM-26,-999.0,C,50.8,True,False,no_aplica,no_se_imputan_mediciones_ambiguas,False,False,False,True,False,False,False,False,False,False,False,False,False,False,False,False,False,temperatura_centinela,1,CUARENTENA,1
20039,2026-08-13 15:53:00+00:00,VIA-00835,ORD-2026-00787,CAM-25,PROD-060,,C,81.6,0,0,2026-08-13 11:53:00,CAM-25,254.28,K,81.6,True,False,no_aplica,no_se_imputan_mediciones_ambiguas,False,False,False,False,True,False,False,False,False,False,False,False,False,False,False,False,False,unidad_no_admitida,1,CUARENTENA,1
20071,2026-08-02 12:25:00+00:00,VIA-00837,ORD-2026-05889,CAM-15,PROD-055,,C,55.9,0,0,2026-08-02 08:25:00,CAM-15,,C,55.9,True,False,no_aplica,no_se_imputan_mediciones_ambiguas,False,True,False,False,False,False,False,False,False,False,False,False,False,False,False,False,False,temperatura_vacia,1,CUARENTENA,1
20228,2026-08-26 13:42:00+00:00,VIA-00843,ORD-2026-07262,CAM-28,PROD-025,-10.1,C,-83.3,1,1,2026-08-26 09:42:00,CAM-28,-10.1,C,-83.3,True,False,no_aplica,no_se_imputan_mediciones_ambiguas,False,False,False,False,False,False,False,False,True,False,False,False,False,False,False,False,False,humedad_fuera_rango,1,CUARENTENA,1
20311,2026-08-18 14:45:00+00:00,VIA-00847,ORD-2026-04887,CAM-19,PROD-018,,C,50.1,0,0,2026-08-18 10:45:00,CAM-19,-999.0,C,50.1,True,False,no_aplica,no_se_imputan_mediciones_ambiguas,False,False,False,True,False,False,False,False,False,False,False,False,False,False,False,False,False,temperatura_centinela,1,CUARENTENA,1
20388,2026-08-16 08:10:00+00:00,VIA-00850,ORD-2026-05780,CAM-26,PROD-034,,C,71.4,1,1,2026-08-16 04:10:00,CAM-26,-999.0,C,71.4,True,False,no_aplica,no_se_imputan_mediciones_ambiguas,False,False,False,True,False,False,False,False,False,False,False,False,False,False,False,False,False,temperatura_centinela,1,CUARENTENA,1
20461,2026-08-16 22:36:00+00:00,VIA-00853,ORD-2026-06319,CAM-02,PROD-052,,C,59.9,0,0,2026-08-16 18:36:00,CAM-02,-999.0,C,59.9,True,False,no_aplica,no_se_imputan_mediciones_ambiguas,False,False,False,True,False,False,False,False,False,False,False,False,False,False,False,False,False,temperatura_centinela,1,CUARENTENA,1
20645,2026-08-24 22:54:00+00:00,VIA-00861,ORD-2026-00829,CAM-06,PROD-039,,C,57.9,0,0,2026-08-24 18:54:00,CAM-06,-999.0,C,57.9,True,False,no_aplica,no_se_imputan_mediciones_ambiguas,False,False,False,True,False,False,False,False,False,False,False,False,False,False,False,False,False,temperatura_centinela,1,CUARENTENA,1
20884,2026-08-10 06:03:00+00:00,VIA-00871,ORD-2026-05637,CAM-24,PROD-030,21.1,C,,0,0,2026-08-10 02:03:00,CAM-24,21.1,C,,True,False,no_aplica,no_se_imputan_mediciones_ambiguas,False,False,False,False,False,False,True,False,False,False,False,False,False,False,False,False,False,humedad_vacia,1,CUARENTENA,1
21058,,VIA-00878,ORD-2026-02175,CAM-01,PROD-056,5.08,C,85.4,0,0,2026-02-31 09:15:00,CAM-01,5.08,C,85.4,False,False,no_aplica,no_se_imputan_mediciones_ambiguas,True,False,False,False,False,False,False,False,False,False,False,False,False,False,False,False,False,fecha_invalida,1,CUARENTENA,0
21074,2026-08-19 12:31:00+00:00,VIA-00879,ORD-2026-06707,CAM-01,PROD-020,,C,62.5,0,1,2026-08-19 08:31:00,CAM-01,-999.0,C,62.5,True,False,no_aplica,no_se_imputan_mediciones_ambiguas,False,False,False,True,False,False,False,False,False,False,False,False,False,False,False,False,False,temperatura_centinela,1,CUARENTENA,1
21118,2026-08-10 13:52:00+00:00,VIA-00880,ORD-2026-04852,CAM-26,PROD-049,3.55,C,,0,0,2026-08-10 09:52:00,CAM-26,3.55,C,,True,False,no_aplica,no_se_imputan_mediciones_ambiguas,False,False,False,False,False,False,True,False,False,False,False,False,False,False,False,False,False,humedad_vacia,1,CUARENTENA,1
21159,2026-08-24 08:02:00+00:00,VIA-00882,ORD-2026-00488,CAM-26,PROD-041,,C,64.1,0,0,2026-08-24 04:02:00,CAM-26,-999.0,C,64.1,True,False,no_aplica,no_se_imputan_mediciones_ambiguas,False,False,False,True,False,False,False,False,False,False,False,False,False,False,False,False,False,temperatura_centinela,1,CUARENTENA,1
21212,2026-08-14 22:14:00+00:00,VIA-00884,ORD-2026-02791,CAM-02,PROD-009,2.66,C,,0,0,2026-08-14 18:14:00,CAM-02,2.66,C,,True,False,no_aplica,no_se_imputan_mediciones_ambiguas,False,False,False,False,False,False,True,False,False,False,False,False,False,False,False,False,False,humedad_vacia,1,CUARENTENA,1
21240,2026-08-26 08:37:00+00:00,VIA-00885,ORD-2026-07094,CAM-08,PROD-036,,C,75.9,0,0,2026-08-26 04:37:00,CAM-08,,C,75.9,True,False,no_aplica,no_se_imputan_mediciones_ambiguas,False,True,False,False,False,False,False,False,False,False,False,True,False,False,False,False,False,temperatura_vacia; duplicado_conflictivo,2,CUARENTENA,1
21325,2026-08-07 15:11:00+00:00,VIA-00889,ORD-2026-03183,CAM-07,PROD-060,,C,67.2,0,0,2026-08-07 11:11:00,CAM-07,,C,67.2,True,False,no_aplica,no_se_imputan_mediciones_ambiguas,False,True,False,False,False,False,False,False,False,False,False,False,False,False,False,False,False,temperatura_vacia,1,CUARENTENA,1
21409,2026-08-05 06:17:00+00:00,VIA-00893,ORD-2026-01236,CAM-10,PROD-049,,C,72.8,0,0,2026-08-05 02:17:00,CAM-10,,C,72.8,True,False,no_aplica,no_se_imputan_mediciones_ambiguas,False,True,False,False,False,False,False,False,False,False,False,False,False,False,False,False,False,temperatura_vacia,1,CUARENTENA,1
21413,2026-08-05 08:17:00+00:00,VIA-00893,ORD-2026-01236,CAM-10,PROD-049,,C,78.6,0,0,2026-08-05 04:17:00,CAM-10,,C,78.6,True,False,no_aplica,no_se_imputan_mediciones_ambiguas,False,True,False,False,False,False,False,False,False,False,False,False,False,False,False,False,False,temperatura_vacia,1,CUARENTENA,1
21421,,VIA-00893,ORD-2026-01236,CAM-10,PROD-049,4.08,C,68.3,0,1,2026-02-31 09:15:00,CAM-10,4.08,C,68.3,False,False,no_aplica,no_se_imputan_mediciones_ambiguas,True,False,False,False,False,False,False,False,False,False,False,False,False,False,False,False,False,fecha_invalida,1,CUARENTENA,0
21435,2026-08-30 16:10:00+00:00,VIA-00894,ORD-2026-03236,CAM-26,PROD-015,3.94,C,,0,0,2026-08-30 12:10:00,CAM-26,3.94,C,,True,False,no_aplica,no_se_imputan_mediciones_ambiguas,False,False,False,False,False,False,True,False,False,False,False,False,False,False,False,False,False,humedad_vacia,1,CUARENTENA,1
21452,2026-08-31 00:40:00+00:00,VIA-00894,ORD-2026-03236,CAM-26,PROD-015,,C,78.4,0,0,2026-08-30 20:40:00,CAM-26,-999.0,C,78.4,True,False,no_aplica,no_se_imputan_mediciones_ambiguas,False,False,False,True,False,False,False,False,False,False,False,False,False,False,False,False,False,temperatura_centinela,1,CUARENTENA,1
21460,2026-08-23 02:35:00+00:00,VIA-00895,ORD-2026-01584,CAM-28,PROD-054,,C,64.0,0,0,2026-08-22 22:35:00,CAM-28,-999.0,C,64.0,True,False,no_aplica,no_se_imputan_mediciones_ambiguas,False,False,False,True,False,False,False,False,False,False,False,False,False,False,False,False,False,temperatura_centinela,1,CUARENTENA,1
21714,2026-08-10 10:35:00+00:00,VIA-00905,ORD-2026-02563,CAM-28,PROD-040,,C,46.3,0,0,2026-08-10 06:35:00,CAM-28,-999.0,C,46.3,True,False,no_aplica,no_se_imputan_mediciones_ambiguas,False,False,False,True,False,False,False,False,False,False,False,False,False,False,False,False,False,temperatura_centinela,1,CUARENTENA,1
21754,2026-08-10 06:51:00+00:00,VIA-00907,ORD-2026-07219,CAM-17,PROD-040,,C,56.0,0,0,2026-08-10 02:51:00,CAM-17,-999.0,C,56.0,True,False,no_aplica,no_se_imputan_mediciones_ambiguas,False,False,False,True,False,False,False,False,False,False,False,False,False,False,False,False,False,temperatura_centinela,1,CUARENTENA,1
21887,2026-08-06 07:35:00+00:00,VIA-00912,ORD-2026-01925,CAM-20,PROD-019,16.91,C,,0,0,2026-08-06 03:35:00,CAM-20,16.91,C,,True,False,no_aplica,no_se_imputan_mediciones_ambiguas,False,False,False,False,False,False,True,False,False,False,False,False,False,False,False,False,False,humedad_vacia,1,CUARENTENA,1
21913,2026-08-02 08:49:00+00:00,VIA-00914,ORD-2026-01504,CAM-10,PROD-014,,C,59.8,0,0,2026-08-02 04:49:00,CAM-10,-999.0,C,59.8,True,False,no_aplica,no_se_imputan_mediciones_ambiguas,False,False,False,True,False,False,False,False,False,False,False,False,False,False,False,False,False,temperatura_centinela,1,CUARENTENA,1
22248,2026-08-26 21:35:00+00:00,VIA-00927,ORD-2026-07022,CAM-20,PROD-002,18.36,C,,0,0,2026-08-26 17:35:00,CAM-20,18.36,C,,True,False,no_aplica,no_se_imputan_mediciones_ambiguas,False,False,False,False,False,False,True,False,False,False,False,False,False,False,False,False,False,humedad_vacia,1,CUARENTENA,1
22298,2026-08-16 14:23:00+00:00,VIA-00930,ORD-2026-02185,CAM-20,PROD-009,4.31,C,,0,0,2026-08-16 10:23:00,CAM-20,4.31,C,,True,False,no_aplica,no_se_imputan_mediciones_ambiguas,False,False,False,False,False,False,True,False,False,False,False,False,False,False,False,False,False,humedad_vacia,1,CUARENTENA,1
22365,2026-08-30 08:45:00+00:00,VIA-00932,ORD-2026-02192,CAM-26,PROD-050,,C,63.7,0,0,2026-08-30 04:45:00,CAM-26,,C,63.7,True,False,no_aplica,no_se_imputan_mediciones_ambiguas,False,True,False,False,False,False,False,False,False,False,False,False,False,False,False,False,False,temperatura_vacia,1,CUARENTENA,1
22592,2026-08-01 07:40:00+00:00,VIA-00942,ORD-2026-01543,CAM-26,PROD-057,,C,46.4,0,0,2026-08-01 03:40:00,CAM-26,,C,46.4,True,False,no_aplica,no_se_imputan_mediciones_ambiguas,False,True,False,False,False,False,False,False,False,False,False,False,False,False,False,False,False,temperatura_vacia,1,CUARENTENA,1
22613,,VIA-00943,ORD-2026-05464,CAM-19,PROD-050,17.07,C,45.9,0,0,2026-02-31 09:15:00,CAM-19,17.07,C,45.9,False,False,no_aplica,no_se_imputan_mediciones_ambiguas,True,False,False,False,False,False,False,False,False,False,False,False,False,False,False,False,False,fecha_invalida,1,CUARENTENA,0
22835,2026-08-26 18:22:00+00:00,VIA-00952,ORD-2026-06575,CAM-19,PROD-043,,C,79.2,0,0,2026-08-26 14:22:00,CAM-19,-999.0,C,79.2,True,False,no_aplica,no_se_imputan_mediciones_ambiguas,False,False,False,True,False,False,False,False,False,False,False,False,False,False,False,False,False,temperatura_centinela,1,CUARENTENA,1
22841,2026-08-26 21:22:00+00:00,VIA-00952,ORD-2026-06575,CAM-19,PROD-043,-19.25,C,,0,0,2026-08-26 17:22:00,CAM-19,-19.25,C,,True,False,no_aplica,no_se_imputan_mediciones_ambiguas,False,False,False,False,False,False,True,False,False,False,False,False,False,False,False,False,False,humedad_vacia,1,CUARENTENA,1
22960,2026-08-08 23:05:00+00:00,VIA-00957,ORD-2026-07439,CAM-08,PROD-026,3.79,C,,0,1,2026-08-08 19:05:00,CAM-08,3.79,C,,True,False,no_aplica,no_se_imputan_mediciones_ambiguas,False,False,False,False,False,False,True,False,False,False,False,False,False,False,False,False,False,humedad_vacia,1,CUARENTENA,1
23055,2026-08-16 19:19:00+00:00,VIA-00961,ORD-2026-06299,CAM-11,PROD-034,,C,67.0,0,0,2026-08-16 15:19:00,CAM-11,-999.0,C,67.0,True,False,no_aplica,no_se_imputan_mediciones_ambiguas,False,False,False,True,False,False,False,False,False,False,False,False,False,False,False,False,False,temperatura_centinela,1,CUARENTENA,1
23093,2026-08-03 02:08:00+00:00,VIA-00963,ORD-2026-07082,CAM-03,PROD-031,,C,46.7,0,0,2026-08-02 22:08:00,CAM-03,,C,46.7,True,False,no_aplica,no_se_imputan_mediciones_ambiguas,False,True,False,False,False,False,False,False,False,False,False,False,False,False,False,False,False,temperatura_vacia,1,CUARENTENA,1
23135,2026-08-29 02:40:00+00:00,VIA-00964,ORD-2026-00420,CAM-24,PROD-051,-17.35,C,,0,0,2026-08-28 22:40:00,CAM-24,-17.35,C,,True,False,no_aplica,no_se_imputan_mediciones_ambiguas,False,False,False,False,False,False,True,False,False,False,False,False,False,False,False,False,False,humedad_vacia,1,CUARENTENA,1
23167,2026-08-28 13:59:00+00:00,VIA-00966,ORD-2026-00270,CAM-24,PROD-001,,C,77.6,0,0,2026-08-28 09:59:00,CAM-24,-999.0,C,77.6,True,False,no_aplica,no_se_imputan_mediciones_ambiguas,False,False,False,True,False,False,False,False,False,False,False,False,False,False,False,False,False,temperatura_centinela,1,CUARENTENA,1
23179,2026-08-28 19:59:00+00:00,VIA-00966,ORD-2026-00270,CAM-24,PROD-001,4.88,C,,0,0,2026-08-28 15:59:00,CAM-24,4.88,C,,True,False,no_aplica,no_se_imputan_mediciones_ambiguas,False,False,False,False,False,False,True,False,False,False,False,False,False,False,False,False,False,humedad_vacia,1,CUARENTENA,1
23220,2026-08-27 22:37:00+00:00,VIA-00968,ORD-2026-03406,CAM-28,PROD-047,,C,73.5,0,0,2026-08-27 18:37:00,CAM-28,-999.0,C,73.5,True,False,no_aplica,no_se_imputan_mediciones_ambiguas,False,False,False,True,False,False,False,False,False,False,False,False,False,False,False,False,False,temperatura_centinela,1,CUARENTENA,1
23426,2026-08-21 20:30:00+00:00,VIA-00977,ORD-2026-01289,CAM-20,PROD-056,,C,73.4,0,0,2026-08-21 16:30:00,CAM-20,-999.0,C,73.4,True,False,no_aplica,no_se_imputan_mediciones_ambiguas,False,False,False,True,False,False,False,False,False,False,False,False,False,False,False,False,False,temperatura_centinela,1,CUARENTENA,1
23456,2026-08-02 20:45:00+00:00,VIA-00978,ORD-2026-03708,CAM-04,PROD-048,20.6,C,,0,0,2026-08-02 16:45:00,CAM-04,20.6,C,,True,False,no_aplica,no_se_imputan_mediciones_ambiguas,False,False,False,False,False,False,True,False,False,False,False,False,False,False,False,False,False,humedad_vacia,1,CUARENTENA,1
23561,2026-08-15 02:14:00+00:00,VIA-00982,ORD-2026-04963,CAM-24,PROD-034,,C,84.4,0,0,2026-08-14 22:14:00,CAM-24,-999.0,C,84.4,True,False,no_aplica,no_se_imputan_mediciones_ambiguas,False,False,False,True,False,False,False,False,False,False,False,False,False,False,False,False,False,temperatura_centinela,1,CUARENTENA,1
23601,2026-08-08 20:52:00+00:00,VIA-00984,ORD-2026-02983,CAM-24,PROD-058,,C,74.9,0,0,2026-08-08 16:52:00,CAM-24,,C,74.9,True,False,no_aplica,no_se_imputan_mediciones_ambiguas,False,True,False,False,False,False,False,False,False,False,False,False,False,False,False,False,False,temperatura_vacia,1,CUARENTENA,1
23702,2026-08-17 06:59:00+00:00,VIA-00988,ORD-2026-04780,CAM-26,PROD-002,,C,56.6,0,0,2026-08-17 02:59:00,CAM-26,-999.0,C,56.6,True,False,no_aplica,no_se_imputan_mediciones_ambiguas,False,False,False,True,False,False,False,False,False,False,False,False,False,False,False,False,False,temperatura_centinela,1,CUARENTENA,1
23861,2026-08-10 07:43:00+00:00,VIA-00995,ORD-2026-07065,CAM-28,PROD-055,,C,56.3,0,0,2026-08-10 03:43:00,CAM-28,-999.0,C,56.3,True,False,no_aplica,no_se_imputan_mediciones_ambiguas,False,False,False,True,False,False,False,False,False,False,False,False,False,False,False,False,False,temperatura_centinela,1,CUARENTENA,1
23991,2026-08-23 08:52:00+00:00,VIA-01000,ORD-2026-06120,CAM-25,PROD-016,,C,49.1,0,0,2026-08-23 04:52:00,CAM-25,,C,49.1,True,False,no_aplica,no_se_imputan_mediciones_ambiguas,False,True,False,False,False,False,False,False,False,False,False,False,False,False,False,False,False,temperatura_vacia,1,CUARENTENA,1
24040,2026-08-30 19:37:00+00:00,VIA-01002,ORD-2026-05173,CAM-24,PROD-052,4.13,C,,0,0,2026-08-30 15:37:00,CAM-24,4.13,C,,True,False,no_aplica,no_se_imputan_mediciones_ambiguas,False,False,False,False,False,False,True,False,False,False,False,False,False,False,False,False,False,humedad_vacia,1,CUARENTENA,1
24402,2026-08-12 18:05:00+00:00,VIA-01017,ORD-2026-00092,CAM-26,PROD-019,,C,59.4,0,0,2026-08-12 14:05:00,CAM-26,-999.0,C,59.4,True,False,no_aplica,no_se_imputan_mediciones_ambiguas,False,False,False,True,False,False,False,False,False,False,False,False,False,False,False,False,False,temperatura_centinela,1,CUARENTENA,1
24416,2026-08-07 06:34:00+00:00,VIA-01018,ORD-2026-07391,CAM-27,PROD-003,22.84,C,,0,0,2026-08-07 02:34:00,CAM-27,22.84,C,,True,False,no_aplica,no_se_imputan_mediciones_ambiguas,False,False,False,False,False,False,True,False,False,False,False,False,False,False,False,False,False,humedad_vacia,1,CUARENTENA,1
24579,2026-08-03 12:03:00+00:00,VIA-01025,ORD-2026-01983,CAM-18,PROD-047,5.16,C,-92.6,0,0,2026-08-03 08:03:00,CAM-18,5.16,C,-92.6,True,False,no_aplica,no_se_imputan_mediciones_ambiguas,False,False,False,False,False,False,False,False,True,False,False,False,False,False,False,False,False,humedad_fuera_rango,1,CUARENTENA,1
24647,2026-08-03 08:51:00+00:00,VIA-01027,ORD-2026-00798,CAM-19,PROD-054,,C,69.4,0,0,2026-08-03 04:51:00,CAM-19,-999.0,C,69.4,True,False,no_aplica,no_se_imputan_mediciones_ambiguas,False,False,False,True,False,False,False,False,False,False,False,False,False,False,False,False,False,temperatura_centinela,1,CUARENTENA,1
24674,2026-08-05 11:19:00+00:00,VIA-01029,ORD-2026-05517,CAM-24,PROD-034,,C,72.8,0,0,2026-08-05 07:19:00,CAM-24,,C,72.8,True,False,no_aplica,no_se_imputan_mediciones_ambiguas,False,True,False,False,False,False,False,False,False,False,False,False,False,False,False,False,False,temperatura_vacia,1,CUARENTENA,1
24824,2026-08-19 01:44:00+00:00,VIA-01035,ORD-2026-03286,CAM-10,PROD-014,19.71,C,,0,0,2026-08-18 21:44:00,CAM-10,19.71,C,,True,False,no_aplica,no_se_imputan_mediciones_ambiguas,False,False,False,False,False,False,True,False,False,False,False,False,False,False,False,False,False,humedad_vacia,1,CUARENTENA,1
24838,2026-08-19 08:44:00+00:00,VIA-01035,ORD-2026-03286,CAM-10,PROD-014,,C,63.1,0,0,2026-08-19 04:44:00,CAM-10,-999.0,C,63.1,True,False,no_aplica,no_se_imputan_mediciones_ambiguas,False,False,False,True,False,False,False,False,False,False,False,False,False,False,False,False,False,temperatura_centinela,1,CUARENTENA,1
25016,2026-08-05 23:00:00+00:00,VIA-01043,ORD-2026-02537,CAM-19,PROD-050,19.24,C,,0,0,2026-08-05 19:00:00,CAM-19,19.24,C,,True,False,no_aplica,no_se_imputan_mediciones_ambiguas,False,False,False,False,False,False,True,False,False,False,False,False,False,False,False,False,False,humedad_vacia,1,CUARENTENA,1
25029,2026-08-06 05:30:00+00:00,VIA-01043,ORD-2026-02537,CAM-19,PROD-050,25.97,C,,1,0,2026-08-06 01:30:00,CAM-19,25.97,C,,True,False,no_aplica,no_se_imputan_mediciones_ambiguas,False,False,False,False,False,False,True,False,False,False,False,False,False,False,False,False,False,humedad_vacia,1,CUARENTENA,1
25071,2026-08-23 19:18:00+00:00,VIA-01045,ORD-2026-05898,CAM-11,PROD-052,4.25,C,,0,0,2026-08-23 15:18:00,CAM-11,4.25,C,,True,False,no_aplica,no_se_imputan_mediciones_ambiguas,False,False,False,False,False,False,True,False,False,False,False,False,False,False,False,False,False,humedad_vacia,1,CUARENTENA,1
25485,2026-08-19 13:55:00+00:00,VIA-01062,ORD-2026-01155,CAM-20,PROD-009,,C,77.8,0,0,2026-08-19 09:55:00,CAM-20,-999.0,C,77.8,True,False,no_aplica,no_se_imputan_mediciones_ambiguas,False,False,False,True,False,False,False,False,False,False,False,False,False,False,False,False,False,temperatura_centinela,1,CUARENTENA,1
25532,2026-08-28 17:45:00+00:00,VIA-01064,ORD-2026-01024,CAM-09,PROD-039,,C,48.3,0,0,2026-08-28 13:45:00,CAM-09,-999.0,C,48.3,True,False,no_aplica,no_se_imputan_mediciones_ambiguas,False,False,False,True,False,False,False,False,False,False,False,False,False,False,False,False,False,temperatura_centinela,1,CUARENTENA,1
25535,2026-08-28 19:15:00+00:00,VIA-01064,ORD-2026-01024,CAM-09,PROD-039,,C,49.7,0,0,2026-08-28 15:15:00,CAM-09,,C,49.7,True,False,no_aplica,no_se_imputan_mediciones_ambiguas,False,True,False,False,False,False,False,False,False,False,False,False,False,False,False,False,False,temperatura_vacia,1,CUARENTENA,1
25630,2026-08-08 02:28:00+00:00,VIA-01068,ORD-2026-01414,CAM-28,PROD-023,,C,85.4,1,0,2026-08-07 22:28:00,CAM-28,,C,85.4,True,False,no_aplica,no_se_imputan_mediciones_ambiguas,False,True,False,False,False,False,False,False,False,False,False,False,False,False,False,False,False,temperatura_vacia,1,CUARENTENA,1
25688,2026-08-07 07:38:00+00:00,VIA-01071,ORD-2026-06244,CAM-08,PROD-056,4.79,C,,0,1,2026-08-07 03:38:00,CAM-08,4.79,C,,True,False,no_aplica,no_se_imputan_mediciones_ambiguas,False,False,False,False,False,False,True,False,False,False,False,False,False,False,False,False,False,humedad_vacia,1,CUARENTENA,1
26047,2026-08-22 21:38:00+00:00,VIA-01086,ORD-2026-06737,CAM-08,PROD-047,,C,70.9,0,0,2026-08-22 17:38:00,CAM-08,,C,70.9,True,False,no_aplica,no_se_imputan_mediciones_ambiguas,False,True,False,False,False,False,False,False,False,False,False,False,False,False,False,False,False,temperatura_vacia,1,CUARENTENA,1
26061,2026-08-23 04:38:00+00:00,VIA-01086,ORD-2026-06737,CAM-08,PROD-047,3.02,C,,0,0,2026-08-23 00:38:00,CAM-08,3.02,C,,True,False,no_aplica,no_se_imputan_mediciones_ambiguas,False,False,False,False,False,False,True,False,False,False,False,False,False,False,False,False,False,humedad_vacia,1,CUARENTENA,1
26093,2026-08-17 06:46:00+00:00,VIA-01088,ORD-2026-05447,CAM-25,PROD-033,,C,46.0,0,0,2026-08-17 02:46:00,CAM-25,-999.0,C,46.0,True,False,no_aplica,no_se_imputan_mediciones_ambiguas,False,False,False,True,False,False,False,False,False,False,False,False,False,False,False,False,False,temperatura_centinela,1,CUARENTENA,1
26101,2026-08-17 10:46:00+00:00,VIA-01088,ORD-2026-05447,CAM-25,PROD-033,20.62,C,-37.4,0,0,2026-08-17 06:46:00,CAM-25,20.62,C,-37.4,True,False,no_aplica,no_se_imputan_mediciones_ambiguas,False,False,False,False,False,False,False,False,True,False,False,False,False,False,False,False,False,humedad_fuera_rango,1,CUARENTENA,1
26120,2026-08-20 20:32:00+00:00,VIA-01089,ORD-2026-01989,CAM-26,PROD-048,,C,41.6,0,0,2026-08-20 16:32:00,CAM-26,-999.0,C,41.6,True,False,no_aplica,no_se_imputan_mediciones_ambiguas,False,False,False,True,False,False,False,False,False,False,False,False,False,False,False,False,False,temperatura_centinela,1,CUARENTENA,1
26152,2026-08-06 15:38:00+00:00,VIA-01090,ORD-2026-06698,CAM-01,PROD-024,,C,28.0,0,0,2026-08-06 11:38:00,CAM-01,291.22,K,28.0,True,False,no_aplica,no_se_imputan_mediciones_ambiguas,False,False,False,False,True,False,False,False,False,False,False,False,False,False,False,False,False,unidad_no_admitida,1,CUARENTENA,1
26156,2026-08-06 17:38:00+00:00,VIA-01090,ORD-2026-06698,CAM-01,PROD-024,,C,43.3,0,0,2026-08-06 13:38:00,CAM-01,,C,43.3,True,False,no_aplica,no_se_imputan_mediciones_ambiguas,False,True,False,False,False,False,False,False,False,False,False,False,False,False,False,False,False,temperatura_vacia,1,CUARENTENA,1
26238,2026-08-10 18:19:00+00:00,VIA-01094,ORD-2026-01593,CAM-08,PROD-025,-18.16,C,,0,0,2026-08-10 14:19:00,CAM-08,-18.16,C,,True,False,no_aplica,no_se_imputan_mediciones_ambiguas,False,False,False,False,False,False,True,False,False,False,False,False,False,False,False,False,False,humedad_vacia,1,CUARENTENA,1
26242,,VIA-01094,ORD-2026-01593,CAM-08,PROD-025,-18.8,C,65.2,0,0,2026-02-31 09:15:00,CAM-08,-18.8,C,65.2,False,False,no_aplica,no_se_imputan_mediciones_ambiguas,True,False,False,False,False,False,False,False,False,False,False,False,False,False,False,False,False,fecha_invalida,1,CUARENTENA,0
26321,2026-08-05 00:38:00+00:00,VIA-01097,ORD-2026-00823,CAM-08,PROD-056,4.71,C,,0,0,2026-08-04 20:38:00,CAM-08,4.71,C,,True,False,no_aplica,no_se_imputan_mediciones_ambiguas,False,False,False,False,False,False,True,False,False,False,False,False,False,False,False,False,False,humedad_vacia,1,CUARENTENA,1
26353,2026-08-11 15:32:00+00:00,VIA-01099,ORD-2026-03719,CAM-30,PROD-048,,C,43.2,0,0,2026-08-11 11:32:00,CAM-30,,C,43.2,True,False,no_aplica,no_se_imputan_mediciones_ambiguas,False,True,False,False,False,False,False,False,False,False,False,False,False,False,False,False,False,temperatura_vacia,1,CUARENTENA,1
26425,2026-08-14 06:28:00+00:00,VIA-01102,ORD-2026-04077,CAM-19,PROD-014,,C,47.7,0,0,2026-08-14 02:28:00,CAM-19,,C,47.7,True,False,no_aplica,no_se_imputan_mediciones_ambiguas,False,True,False,False,False,False,False,False,False,False,False,False,False,False,False,False,False,temperatura_vacia,1,CUARENTENA,1
26525,2026-08-13 03:04:00+00:00,VIA-01106,ORD-2026-03592,CAM-25,PROD-024,,C,54.5,0,0,2026-08-12 23:04:00,CAM-25,-999.0,C,54.5,True,False,no_aplica,no_se_imputan_mediciones_ambiguas,False,False,False,True,False,False,False,False,False,False,False,False,False,False,False,False,False,temperatura_centinela,1,CUARENTENA,1
26584,2026-08-03 14:21:00+00:00,VIA-01108,ORD-2026-04770,CAM-11,PROD-004,4.54,C,-76.6,0,0,2026-08-03 10:21:00,CAM-11,4.54,C,-76.6,True,False,no_aplica,no_se_imputan_mediciones_ambiguas,False,False,False,False,False,False,False,False,True,False,False,False,False,False,False,False,False,humedad_fuera_rango,1,CUARENTENA,1
26990,2026-08-06 20:46:00+00:00,VIA-01125,ORD-2026-07496,CAM-08,PROD-044,4.61,C,,0,1,2026-08-06 16:46:00,CAM-08,4.61,C,,True,False,no_aplica,no_se_imputan_mediciones_ambiguas,False,False,False,False,False,False,True,False,False,False,False,False,False,False,False,False,False,humedad_vacia,1,CUARENTENA,1
27214,2026-08-07 16:39:00+00:00,VIA-01134,ORD-2026-05392,CAM-09,PROD-012,,C,51.6,0,0,2026-08-07 12:39:00,CAM-09,-999.0,C,51.6,True,False,no_aplica,no_se_imputan_mediciones_ambiguas,False,False,False,True,False,False,False,False,False,False,False,False,False,False,False,False,False,temperatura_centinela,1,CUARENTENA,1
27228,2026-08-20 21:42:00+00:00,VIA-01135,ORD-2026-05571,CAM-27,PROD-015,3.71,C,,0,0,2026-08-20 17:42:00,CAM-27,3.71,C,,True,False,no_aplica,no_se_imputan_mediciones_ambiguas,False,False,False,False,False,False,True,False,False,False,False,False,False,False,False,False,False,humedad_vacia,1,CUARENTENA,1
27298,2026-08-24 23:35:00+00:00,VIA-01138,ORD-2026-04129,CAM-03,PROD-019,,C,52.0,0,0,2026-08-24 19:35:00,CAM-03,,C,52.0,True,False,no_aplica,no_se_imputan_mediciones_ambiguas,False,True,False,False,False,False,False,False,False,False,False,False,False,False,False,False,False,temperatura_vacia,1,CUARENTENA,1
27301,2026-08-25 01:05:00+00:00,VIA-01138,ORD-2026-04129,CAM-03,PROD-019,17.94,C,,0,0,2026-08-24 21:05:00,CAM-03,17.94,C,,True,False,no_aplica,no_se_imputan_mediciones_ambiguas,False,False,False,False,False,False,True,False,False,False,False,False,False,False,False,False,False,humedad_vacia,1,CUARENTENA,1
27380,2026-08-07 08:23:00+00:00,VIA-01141,ORD-2026-06915,CAM-18,PROD-040,,C,43.2,0,0,2026-08-07 04:23:00,CAM-18,-999.0,C,43.2,True,False,no_aplica,no_se_imputan_mediciones_ambiguas,False,False,False,True,False,False,False,False,False,False,False,False,False,False,False,False,False,temperatura_centinela,1,CUARENTENA,1
27390,2026-08-10 19:05:00+00:00,VIA-01142,ORD-2026-06640,CAM-28,PROD-008,,C,61.6,0,0,2026-08-10 15:05:00,CAM-28,-999.0,C,61.6,True,False,no_aplica,no_se_imputan_mediciones_ambiguas,False,False,False,True,False,False,False,False,False,False,False,False,False,False,False,False,False,temperatura_centinela,1,CUARENTENA,1
27421,2026-08-06 08:01:00+00:00,VIA-01143,ORD-2026-03531,CAM-27,PROD-019,18.79,C,-39.8,0,0,2026-08-06 04:01:00,CAM-27,18.79,C,-39.8,True,False,no_aplica,no_se_imputan_mediciones_ambiguas,False,False,False,False,False,False,False,False,True,False,False,False,False,False,False,False,False,humedad_fuera_rango,1,CUARENTENA,1
27443,2026-08-17 15:38:00+00:00,VIA-01144,ORD-2026-04306,CAM-26,PROD-002,,C,46.8,0,0,2026-08-17 11:38:00,CAM-26,,C,46.8,True,False,no_aplica,no_se_imputan_mediciones_ambiguas,False,True,False,False,False,False,False,False,False,False,False,False,False,False,False,False,False,temperatura_vacia,1,CUARENTENA,1
27489,2026-08-08 16:22:00+00:00,VIA-01146,ORD-2026-06006,CAM-08,PROD-036,3.44,C,,0,0,2026-08-08 12:22:00,CAM-08,3.44,C,,True,False,no_aplica,no_se_imputan_mediciones_ambiguas,False,False,False,False,False,False,True,False,False,False,False,False,False,False,False,False,False,humedad_vacia,1,CUARENTENA,1
27542,2026-08-20 01:04:00+00:00,VIA-01148,ORD-2026-03254,CAM-19,PROD-047,,C,63.6,0,0,2026-08-19 21:04:00,CAM-19,-999.0,C,63.6,True,False,no_aplica,no_se_imputan_mediciones_ambiguas,False,False,False,True,False,False,False,False,False,False,False,False,False,False,False,False,False,temperatura_centinela,1,CUARENTENA,1
27605,2026-08-11 02:58:00+00:00,VIA-01151,ORD-2026-01183,CAM-28,PROD-037,,C,69.8,0,0,2026-08-10 22:58:00,CAM-28,-999.0,C,69.8,True,False,no_aplica,no_se_imputan_mediciones_ambiguas,False,False,False,True,False,False,False,False,False,False,False,False,False,False,False,False,False,temperatura_centinela,1,CUARENTENA,1
27807,2026-08-27 09:48:00+00:00,VIA-01159,ORD-2026-05279,CAM-01,PROD-054,,C,55.3,0,1,2026-08-27 05:48:00,CAM-01,-999.0,C,55.3,True,False,no_aplica,no_se_imputan_mediciones_ambiguas,False,False,False,True,False,False,False,False,False,False,False,False,False,False,False,False,False,temperatura_centinela,1,CUARENTENA,1
27936,2026-08-03 18:45:00+00:00,VIA-01164,ORD-2026-05578,CAM-04,PROD-003,,C,33.7,0,0,2026-08-03 14:45:00,CAM-04,,C,33.7,True,False,no_aplica,no_se_imputan_mediciones_ambiguas,False,True,False,False,False,False,False,False,False,False,False,False,False,False,False,False,False,temperatura_vacia,1,CUARENTENA,1
28111,2026-08-02 04:15:00+00:00,VIA-01172,ORD-2026-02661,CAM-26,PROD-046,,C,57.5,0,0,2026-08-02 00:15:00,CAM-26,,C,57.5,True,False,no_aplica,no_se_imputan_mediciones_ambiguas,False,True,False,False,False,False,False,False,False,False,False,False,False,False,False,False,False,temperatura_vacia,1,CUARENTENA,1
28132,,VIA-01173,ORD-2026-01654,CAM-15,PROD-025,-19.12,C,65.0,0,0,2026-02-31 09:15:00,CAM-15,-19.12,C,65.0,False,False,no_aplica,no_se_imputan_mediciones_ambiguas,True,False,False,False,False,False,False,False,False,False,False,False,False,False,False,False,False,fecha_invalida,1,CUARENTENA,0
28181,2026-08-16 12:15:00+00:00,VIA-01175,ORD-2026-00491,CAM-08,PROD-015,,C,70.3,0,0,2026-08-16 08:15:00,CAM-08,,C,70.3,True,False,no_aplica,no_se_imputan_mediciones_ambiguas,False,True,False,False,False,False,False,False,False,False,False,False,False,False,False,False,False,temperatura_vacia,1,CUARENTENA,1
28187,2026-08-16 15:15:00+00:00,VIA-01175,ORD-2026-00491,CAM-08,PROD-015,,C,74.6,0,0,2026-08-16 11:15:00,CAM-08,276.55,K,74.6,True,False,no_aplica,no_se_imputan_mediciones_ambiguas,False,False,False,False,True,False,False,False,False,False,False,False,False,False,False,False,False,unidad_no_admitida,1,CUARENTENA,1
28226,2026-08-04 22:31:00+00:00,VIA-01177,ORD-2026-00230,CAM-16,PROD-017,20.23,C,,0,0,2026-08-04 18:31:00,CAM-16,20.23,C,,True,False,no_aplica,no_se_imputan_mediciones_ambiguas,False,False,False,False,False,False,True,False,False,False,False,False,False,False,False,False,False,humedad_vacia,1,CUARENTENA,1
28336,2026-08-06 00:51:00+00:00,VIA-01181,ORD-2026-01540,CAM-19,PROD-057,,C,45.4,0,0,2026-08-05 20:51:00,CAM-19,,C,45.4,True,False,no_aplica,no_se_imputan_mediciones_ambiguas,False,True,False,False,False,False,False,False,False,False,False,False,False,False,False,False,False,temperatura_vacia,1,CUARENTENA,1
28490,2026-08-04 08:24:00+00:00,VIA-01188,ORD-2026-04191,CAM-24,PROD-001,,C,75.3,0,0,2026-08-04 04:24:00,CAM-24,-999.0,C,75.3,True,False,no_aplica,no_se_imputan_mediciones_ambiguas,False,False,False,True,False,False,False,False,False,False,False,False,False,False,False,False,False,temperatura_centinela,1,CUARENTENA,1
28801,2026-08-11 00:07:00+00:00,VIA-00236,ORD-2026-03207,CAM-29,PROD-050,22.03,C,41.3,0,0,2026-08-10 20:07:00,CAM-29,22.03,C,41.3,True,False,no_aplica,no_se_imputan_mediciones_ambiguas,False,False,False,False,False,False,False,False,False,False,False,False,True,False,False,False,False,duplicado_redundante,1,CUARENTENA,1
28802,2026-08-21 20:21:00+00:00,VIA-00184,ORD-2026-02963,CAM-19,PROD-008,-19.1,C,82.6,0,0,2026-08-21 16:21:00,CAM-19,-19.1,C,82.6,True,False,no_aplica,no_se_imputan_mediciones_ambiguas,False,False,False,False,False,False,False,False,False,False,False,False,True,False,False,False,False,duplicado_redundante,1,CUARENTENA,1
28803,2026-08-25 08:44:00+00:00,VIA-00970,ORD-2026-00258,CAM-04,PROD-057,16.78,C,48.8,0,0,2026-08-25 04:44:00,CAM-04,16.78,C,48.8,True,False,no_aplica,no_se_imputan_mediciones_ambiguas,False,False,False,False,False,False,False,False,False,False,False,False,True,False,False,False,False,duplicado_redundante,1,CUARENTENA,1
28804,2026-08-18 08:11:00+00:00,VIA-00194,ORD-2026-06568,CAM-16,PROD-030,21.32,C,63.3,0,0,2026-08-18 04:11:00,CAM-16,21.32,C,63.3,True,False,no_aplica,no_se_imputan_mediciones_ambiguas,False,False,False,False,False,False,False,False,False,False,False,False,True,False,False,False,False,duplicado_redundante,1,CUARENTENA,1
28805,2026-08-02 15:49:00+00:00,VIA-00914,ORD-2026-01504,CAM-10,PROD-014,17.85,C,39.5,0,0,2026-08-02 11:49:00,CAM-10,17.85,C,39.5,True,False,no_aplica,no_se_imputan_mediciones_ambiguas,False,False,False,False,False,False,False,False,False,False,False,False,True,False,False,False,False,duplicado_redundante,1,CUARENTENA,1
28806,2026-08-19 15:40:00+00:00,VIA-00259,ORD-2026-04308,CAM-28,PROD-028,18.88,C,43.4,0,0,2026-08-19 11:40:00,CAM-28,18.88,C,43.4,True,False,no_aplica,no_se_imputan_mediciones_ambiguas,False,False,False,False,False,False,False,False,False,False,False,False,True,False,False,False,False,duplicado_redundante,1,CUARENTENA,1
28807,2026-08-18 21:23:00+00:00,VIA-00242,ORD-2026-04829,CAM-27,PROD-004,2.93,C,78.1,0,0,2026-08-18 17:23:00,CAM-27,2.93,C,78.1,True,False,no_aplica,no_se_imputan_mediciones_ambiguas,False,False,False,False,False,False,False,False,False,False,False,False,True,False,False,False,False,duplicado_redundante,1,CUARENTENA,1
28808,2026-08-12 06:44:00+00:00,VIA-00662,ORD-2026-05320,CAM-10,PROD-058,-18.66,C,62.2,0,0,2026-08-12 02:44:00,CAM-10,-18.66,C,62.2,True,False,no_aplica,no_se_imputan_mediciones_ambiguas,False,False,False,False,False,False,False,False,False,False,False,False,True,False,False,False,False,duplicado_redundante,1,CUARENTENA,1
28809,2026-08-16 09:38:00+00:00,VIA-01036,ORD-2026-03048,CAM-19,PROD-051,-17.26,C,74.7,0,0,2026-08-16 05:38:00,CAM-19,-17.26,C,74.7,True,False,no_aplica,no_se_imputan_mediciones_ambiguas,False,False,False,False,False,False,False,False,False,False,False,False,True,False,False,False,False,duplicado_redundante,1,CUARENTENA,1
28810,2026-08-02 12:45:00+00:00,VIA-01172,ORD-2026-02661,CAM-26,PROD-046,19.44,C,34.7,0,0,2026-08-02 08:45:00,CAM-26,19.44,C,34.7,True,False,no_aplica,no_se_imputan_mediciones_ambiguas,False,False,False,False,False,False,False,False,False,False,False,False,True,False,False,False,False,duplicado_redundante,1,CUARENTENA,1
28811,2026-08-06 09:11:00+00:00,VIA-00363,ORD-2026-07429,CAM-10,PROD-001,4.07,C,91.4,0,0,2026-08-06 05:11:00,CAM-10,4.07,C,91.4,True,False,no_aplica,no_se_imputan_mediciones_ambiguas,False,False,False,False,False,False,False,False,False,False,False,False,True,False,False,False,False,duplicado_redundante,1,CUARENTENA,1
28812,2026-08-26 14:35:00+00:00,VIA-00927,ORD-2026-07022,CAM-20,PROD-002,22.24,C,42.0,0,0,2026-08-26 10:35:00,CAM-20,22.24,C,42.0,True,False,no_aplica,no_se_imputan_mediciones_ambiguas,False,False,False,False,False,False,False,False,False,False,False,False,True,False,False,False,False,duplicado_redundante,1,CUARENTENA,1
28813,2026-08-15 19:30:00+00:00,VIA-00807,ORD-2026-01194,CAM-29,PROD-018,18.9,C,51.4,0,0,2026-08-15 15:30:00,CAM-29,18.9,C,51.4,True,False,no_aplica,no_se_imputan_mediciones_ambiguas,False,False,False,False,False,False,False,False,False,False,False,False,True,False,False,False,False,duplicado_redundante,1,CUARENTENA,1
28814,2026-08-09 15:02:00+00:00,VIA-00486,ORD-2026-04675,CAM-08,PROD-053,4.5,C,76.4,0,0,2026-08-09 11:02:00,CAM-08,4.5,C,76.4,True,False,no_aplica,no_se_imputan_mediciones_ambiguas,False,False,False,False,False,False,False,False,False,False,False,False,True,False,False,False,False,duplicado_redundante,1,CUARENTENA,1
28815,2026-08-20 01:30:00+00:00,VIA-00197,ORD-2026-01303,CAM-19,PROD-005,15.39,C,44.7,0,0,2026-08-19 21:30:00,CAM-19,15.39,C,44.7,True,False,no_aplica,no_se_imputan_mediciones_ambiguas,False,False,False,False,False,False,False,False,False,False,False,False,True,False,False,False,False,duplicado_redundante,1,CUARENTENA,1
28816,2026-08-28 22:01:00+00:00,VIA-00670,ORD-2026-03021,CAM-08,PROD-041,-19.21,C,78.3,0,0,2026-08-28 18:01:00,CAM-08,-19.21,C,78.3,True,False,no_aplica,no_se_imputan_mediciones_ambiguas,False,False,False,False,False,False,False,False,False,False,False,False,True,False,False,False,False,duplicado_redundante,1,CUARENTENA,1
28817,2026-08-16 08:20:00+00:00,VIA-00781,ORD-2026-05431,CAM-08,PROD-001,3.95,C,69.3,0,0,2026-08-16 04:20:00,CAM-08,3.95,C,69.3,True,False,no_aplica,no_se_imputan_mediciones_ambiguas,False,False,False,False,False,False,False,False,False,False,False,False,True,False,False,False,False,duplicado_redundante,1,CUARENTENA,1
28818,2026-08-10 03:54:00+00:00,VIA-00053,ORD-2026-03071,CAM-19,PROD-011,-19.27,C,73.8,0,0,2026-08-09 23:54:00,CAM-19,-19.27,C,73.8,True,False,no_aplica,no_se_imputan_mediciones_ambiguas,False,False,False,False,False,False,False,False,False,False,False,False,True,False,False,False,False,duplicado_redundante,1,CUARENTENA,1
28819,2026-08-29 10:13:00+00:00,VIA-00047,ORD-2026-03263,CAM-20,PROD-028,21.22,C,50.4,0,0,2026-08-29 06:13:00,CAM-20,21.22,C,50.4,True,False,no_aplica,no_se_imputan_mediciones_ambiguas,False,False,False,False,False,False,False,False,False,False,False,False,True,False,False,False,False,duplicado_redundante,1,CUARENTENA,1
28820,2026-08-23 19:01:00+00:00,VIA-00305,ORD-2026-02961,CAM-09,PROD-007,20.73,C,39.4,0,0,2026-08-23 15:01:00,CAM-09,20.73,C,39.4,True,False,no_aplica,no_se_imputan_mediciones_ambiguas,False,False,False,False,False,False,False,False,False,False,False,False,True,False,False,False,False,duplicado_redundante,1,CUARENTENA,1
28821,2026-08-23 19:16:00+00:00,VIA-00122,ORD-2026-04337,CAM-04,PROD-039,19.96,C,45.8,0,0,2026-08-23 15:16:00,CAM-04,19.96,C,45.8,True,False,no_aplica,no_se_imputan_mediciones_ambiguas,False,False,False,False,False,False,False,False,False,False,False,False,True,False,False,False,False,duplicado_redundante,1,CUARENTENA,1
28822,2026-08-03 07:34:00+00:00,VIA-00823,ORD-2026-03527,CAM-19,PROD-044,8.85,C,82.2,1,1,2026-08-03 03:34:00,CAM-19,8.85,C,82.2,True,False,no_aplica,no_se_imputan_mediciones_ambiguas,False,False,False,False,False,False,False,False,False,False,False,False,True,False,False,False,False,duplicado_redundante,1,CUARENTENA,1
28823,2026-08-04 04:41:00+00:00,VIA-00896,ORD-2026-06348,CAM-09,PROD-014,19.26,C,41.6,0,0,2026-08-04 00:41:00,CAM-09,19.26,C,41.6,True,False,no_aplica,no_se_imputan_mediciones_ambiguas,False,False,False,False,False,False,False,False,False,False,False,False,True,False,False,False,False,duplicado_redundante,1,CUARENTENA,1
28824,2026-08-01 19:38:00+00:00,VIA-00380,ORD-2026-02526,CAM-08,PROD-004,3.39,C,74.5,0,0,2026-08-01 15:38:00,CAM-08,3.39,C,74.5,True,False,no_aplica,no_se_imputan_mediciones_ambiguas,False,False,False,False,False,False,False,False,False,False,False,False,True,False,False,False,False,duplicado_redundante,1,CUARENTENA,1
28825,2026-08-06 17:54:00+00:00,VIA-00679,ORD-2026-05063,CAM-08,PROD-004,3.08,C,81.6,0,0,2026-08-06 13:54:00,CAM-08,3.08,C,81.6,True,False,no_aplica,no_se_imputan_mediciones_ambiguas,False,False,False,False,False,False,False,False,False,False,False,False,True,False,False,False,False,duplicado_redundante,1,CUARENTENA,1
28826,2026-08-12 16:57:00+00:00,VIA-00217,ORD-2026-05269,CAM-28,PROD-036,3.57,C,75.6,0,0,2026-08-12 12:57:00,CAM-28,3.57,C,75.6,True,False,no_aplica,no_se_imputan_mediciones_ambiguas,False,False,False,False,False,False,False,False,False,False,False,False,True,False,False,False,False,duplicado_redundante,1,CUARENTENA,1
28827,2026-08-30 14:57:00+00:00,VIA-00027,ORD-2026-05466,CAM-20,PROD-026,3.31,C,78.1,0,0,2026-08-30 10:57:00,CAM-20,3.31,C,78.1,True,False,no_aplica,no_se_imputan_mediciones_ambiguas,False,False,False,False,False,False,False,False,False,False,False,False,True,False,False,False,False,duplicado_redundante,1,CUARENTENA,1
28828,2026-08-06 18:54:00+00:00,VIA-00051,ORD-2026-04075,CAM-28,PROD-025,-18.07,C,55.7,0,0,2026-08-06 14:54:00,CAM-28,-18.07,C,55.7,True,False,no_aplica,no_se_imputan_mediciones_ambiguas,False,False,False,False,False,False,False,False,False,False,False,False,True,False,False,False,False,duplicado_redundante,1,CUARENTENA,1
28829,2026-08-03 09:18:00+00:00,VIA-00864,ORD-2026-00645,CAM-24,PROD-043,-17.96,C,71.4,0,0,2026-08-03 05:18:00,CAM-24,-17.96,C,71.4,True,False,no_aplica,no_se_imputan_mediciones_ambiguas,False,False,False,False,False,False,False,False,False,False,False,False,True,False,False,False,False,duplicado_redundante,1,CUARENTENA,1
28830,2026-08-20 22:11:00+00:00,VIA-01070,ORD-2026-03508,CAM-02,PROD-052,2.89,C,78.8,0,0,2026-08-20 18:11:00,CAM-02,2.89,C,78.8,True,False,no_aplica,no_se_imputan_mediciones_ambiguas,False,False,False,False,False,False,False,False,False,False,False,False,True,False,False,False,False,duplicado_redundante,1,CUARENTENA,1
28831,2026-08-20 19:36:00+00:00,VIA-00856,ORD-2026-05146,CAM-28,PROD-024,19.68,C,43.1,0,0,2026-08-20 15:36:00,CAM-28,19.68,C,43.1,True,False,no_aplica,no_se_imputan_mediciones_ambiguas,False,False,False,False,False,False,False,False,False,False,False,False,True,False,False,False,False,duplicado_redundante,1,CUARENTENA,1
28832,2026-08-14 10:56:00+00:00,VIA-00379,ORD-2026-04281,CAM-08,PROD-008,-16.48,C,67.8,0,0,2026-08-14 06:56:00,CAM-08,-16.48,C,67.8,True,False,no_aplica,no_se_imputan_mediciones_ambiguas,False,False,False,False,False,False,False,False,False,False,False,False,True,False,False,False,False,duplicado_redundante,1,CUARENTENA,1
28833,2026-08-13 08:00:00+00:00,VIA-00002,ORD-2026-04815,CAM-12,PROD-029,19.63,C,59.6,0,0,2026-08-13 04:00:00,CAM-12,19.63,C,59.6,True,False,no_aplica,no_se_imputan_mediciones_ambiguas,False,False,False,False,False,False,False,False,False,False,False,False,True,False,False,False,False,duplicado_redundante,1,CUARENTENA,1
28834,2026-08-21 16:20:00+00:00,VIA-01023,ORD-2026-03826,CAM-02,PROD-009,3.73,C,67.5,0,0,2026-08-21 12:20:00,CAM-02,3.73,C,67.5,True,False,no_aplica,no_se_imputan_mediciones_ambiguas,False,False,False,False,False,False,False,False,False,False,False,False,True,False,False,False,False,duplicado_redundante,1,CUARENTENA,1
28835,2026-08-08 18:52:00+00:00,VIA-01146,ORD-2026-06006,CAM-08,PROD-036,5.09,C,72.2,0,0,2026-08-08 14:52:00,CAM-08,5.09,C,72.2,True,False,no_aplica,no_se_imputan_mediciones_ambiguas,False,False,False,False,False,False,False,False,False,False,False,False,True,False,False,False,False,duplicado_redundante,1,CUARENTENA,1
28836,2026-08-05 13:12:00+00:00,VIA-00306,ORD-2026-06512,CAM-24,PROD-045,4.37,C,82.2,0,0,2026-08-05 09:12:00,CAM-24,4.37,C,82.2,True,False,no_aplica,no_se_imputan_mediciones_ambiguas,False,False,False,False,False,False,False,False,False,False,False,False,True,False,False,False,False,duplicado_redundante,1,CUARENTENA,1
28837,2026-08-30 23:32:00+00:00,VIA-00673,ORD-2026-04325,CAM-20,PROD-027,4.29,C,80.9,0,0,2026-08-30 19:32:00,CAM-20,4.29,C,80.9,True,False,no_aplica,no_se_imputan_mediciones_ambiguas,False,False,False,False,False,False,False,False,False,False,False,False,True,False,False,False,False,duplicado_redundante,1,CUARENTENA,1
28838,2026-08-04 21:56:00+00:00,VIA-00135,ORD-2026-02724,CAM-12,PROD-010,19.46,C,54.0,0,0,2026-08-04 17:56:00,CAM-12,19.46,C,54.0,True,False,no_aplica,no_se_imputan_mediciones_ambiguas,False,False,False,False,False,False,False,False,False,False,False,False,True,False,False,False,False,duplicado_redundante,1,CUARENTENA,1
28839,2026-08-02 03:23:00+00:00,VIA-00821,ORD-2026-06765,CAM-19,PROD-036,2.96,C,79.3,0,0,2026-08-01 23:23:00,CAM-19,2.96,C,79.3,True,False,no_aplica,no_se_imputan_mediciones_ambiguas,False,False,False,False,False,False,False,False,False,False,False,False,True,False,False,False,False,duplicado_redundante,1,CUARENTENA,1
28840,2026-08-20 13:55:00+00:00,VIA-00755,ORD-2026-06845,CAM-14,PROD-032,18.59,C,51.2,0,0,2026-08-20 09:55:00,CAM-14,18.59,C,51.2,True,False,no_aplica,no_se_imputan_mediciones_ambiguas,False,False,False,False,False,False,False,False,False,False,False,False,True,False,False,False,False,duplicado_redundante,1,CUARENTENA,1
28841,2026-08-07 03:25:00+00:00,VIA-00531,ORD-2026-07401,CAM-08,PROD-058,-17.73,C,68.4,0,0,2026-08-06 23:25:00,CAM-08,-17.73,C,68.4,True,False,no_aplica,no_se_imputan_mediciones_ambiguas,False,False,False,False,False,False,False,False,False,False,False,False,True,False,False,False,False,duplicado_redundante,1,CUARENTENA,1
28842,2026-08-27 09:16:00+00:00,VIA-00757,ORD-2026-01175,CAM-20,PROD-042,20.86,C,50.7,0,0,2026-08-27 05:16:00,CAM-20,20.86,C,50.7,True,False,no_aplica,no_se_imputan_mediciones_ambiguas,False,False,False,False,False,False,False,False,False,False,False,False,True,False,False,False,False,duplicado_redundante,1,CUARENTENA,1
28843,2026-08-30 18:53:00+00:00,VIA-00897,ORD-2026-04328,CAM-23,PROD-027,3.05,C,71.5,0,0,2026-08-30 14:53:00,CAM-23,3.05,C,71.5,True,False,no_aplica,no_se_imputan_mediciones_ambiguas,False,False,False,False,False,False,False,False,False,False,False,False,True,False,False,False,False,duplicado_redundante,1,CUARENTENA,1
28844,2026-08-20 23:22:00+00:00,VIA-00091,ORD-2026-05940,CAM-26,PROD-053,4.46,C,78.3,0,0,2026-08-20 19:22:00,CAM-26,4.46,C,78.3,True,False,no_aplica,no_se_imputan_mediciones_ambiguas,False,False,False,False,False,False,False,False,False,False,False,False,True,False,False,False,False,duplicado_redundante,1,CUARENTENA,1
28845,2026-08-05 18:02:00+00:00,VIA-00980,ORD-2026-05944,CAM-26,PROD-007,21.78,C,49.8,0,0,2026-08-05 14:02:00,CAM-26,21.78,C,49.8,True,False,no_aplica,no_se_imputan_mediciones_ambiguas,False,False,False,False,False,False,False,False,False,False,False,False,True,False,False,False,False,duplicado_redundante,1,CUARENTENA,1
28846,2026-08-06 03:29:00+00:00,VIA-00640,ORD-2026-02492,CAM-22,PROD-047,3.86,C,66.3,0,0,2026-08-05 23:29:00,CAM-22,3.86,C,66.3,True,False,no_aplica,no_se_imputan_mediciones_ambiguas,False,False,False,False,False,False,False,False,False,False,False,False,True,False,False,False,False,duplicado_redundante,1,CUARENTENA,1
28847,2026-08-29 03:01:00+00:00,VIA-00543,ORD-2026-03706,CAM-24,PROD-031,,C,46.3,0,0,2026-08-28 23:01:00,CAM-24,,C,46.3,True,False,no_aplica,no_se_imputan_mediciones_ambiguas,False,True,False,False,False,False,False,False,False,False,False,True,False,False,False,False,False,temperatura_vacia; duplicado_conflictivo,2,CUARENTENA,1
28848,2026-08-27 23:42:00+00:00,VIA-00475,ORD-2026-01792,CAM-03,PROD-016,18.45,C,,0,0,2026-08-27 19:42:00,CAM-03,18.45,C,,True,False,no_aplica,no_se_imputan_mediciones_ambiguas,False,False,False,False,False,False,True,False,False,False,False,True,False,False,False,False,False,humedad_vacia; duplicado_conflictivo,2,CUARENTENA,1
28849,2026-08-17 12:26:00+00:00,VIA-00073,ORD-2026-01330,CAM-13,PROD-018,20.25,C,53.6,0,0,2026-08-17 08:26:00,CAM-13,20.25,C,53.6,True,False,no_aplica,no_se_imputan_mediciones_ambiguas,False,False,False,False,False,False,False,False,False,False,False,False,True,False,False,False,False,duplicado_redundante,1,CUARENTENA,1
28850,2026-08-04 17:49:00+00:00,VIA-00985,ORD-2026-01091,CAM-19,PROD-058,-17.56,C,54.4,0,0,2026-08-04 13:49:00,CAM-19,-17.56,C,54.4,True,False,no_aplica,no_se_imputan_mediciones_ambiguas,False,False,False,False,False,False,False,False,False,False,False,False,True,False,False,False,False,duplicado_redundante,1,CUARENTENA,1
28851,2026-08-12 22:33:00+00:00,VIA-01182,ORD-2026-01656,CAM-26,PROD-048,21.01,C,46.3,0,0,2026-08-12 18:33:00,CAM-26,21.01,C,46.3,True,False,no_aplica,no_se_imputan_mediciones_ambiguas,False,False,False,False,False,False,False,False,False,False,False,False,True,False,False,False,False,duplicado_redundante,1,CUARENTENA,1
28852,2026-08-14 06:26:00+00:00,VIA-00379,ORD-2026-04281,CAM-08,PROD-008,-18.33,C,63.4,0,0,2026-08-14 02:26:00,CAM-08,-18.33,C,63.4,True,False,no_aplica,no_se_imputan_mediciones_ambiguas,False,False,False,False,False,False,False,False,False,False,False,False,True,False,False,False,False,duplicado_redundante,1,CUARENTENA,1
28853,2026-08-18 18:54:00+00:00,VIA-00258,ORD-2026-04678,CAM-08,PROD-058,-18.64,C,70.4,0,0,2026-08-18 14:54:00,CAM-08,-18.64,C,70.4,True,False,no_aplica,no_se_imputan_mediciones_ambiguas,False,False,False,False,False,False,False,False,False,False,False,False,True,False,False,False,False,duplicado_redundante,1,CUARENTENA,1
28854,2026-08-14 13:12:00+00:00,VIA-00939,ORD-2026-05340,CAM-03,PROD-030,21.35,C,53.8,0,0,2026-08-14 09:12:00,CAM-03,21.35,C,53.8,True,False,no_aplica,no_se_imputan_mediciones_ambiguas,False,False,False,False,False,False,False,False,False,False,False,False,True,False,False,False,False,duplicado_redundante,1,CUARENTENA,1
28855,2026-08-16 12:41:00+00:00,VIA-01166,ORD-2026-01739,CAM-27,PROD-050,23.28,C,45.8,0,0,2026-08-16 08:41:00,CAM-27,23.28,C,45.8,True,False,no_aplica,no_se_imputan_mediciones_ambiguas,False,False,False,False,False,False,False,False,False,False,False,False,True,False,False,False,False,duplicado_redundante,1,CUARENTENA,1
28856,2026-08-30 09:53:00+00:00,VIA-00433,ORD-2026-00959,CAM-10,PROD-023,2.99,C,64.7,0,0,2026-08-30 05:53:00,CAM-10,2.99,C,64.7,True,False,no_aplica,no_se_imputan_mediciones_ambiguas,False,False,False,False,False,False,False,False,False,False,False,False,True,False,False,False,False,duplicado_redundante,1,CUARENTENA,1
28857,2026-08-03 02:34:00+00:00,VIA-00260,ORD-2026-02932,CAM-30,PROD-002,22.76,C,44.5,0,0,2026-08-02 22:34:00,CAM-30,22.76,C,44.5,True,False,no_aplica,no_se_imputan_mediciones_ambiguas,False,False,False,False,False,False,False,False,False,False,False,False,True,False,False,False,False,duplicado_redundante,1,CUARENTENA,1
28858,2026-08-08 12:33:00+00:00,VIA-00674,ORD-2026-05091,CAM-08,PROD-055,22.22,C,47.9,0,0,2026-08-08 08:33:00,CAM-08,22.22,C,47.9,True,False,no_aplica,no_se_imputan_mediciones_ambiguas,False,False,False,False,False,False,False,False,False,False,False,False,True,False,False,False,False,duplicado_redundante,1,CUARENTENA,1
28859,2026-08-26 16:11:00+00:00,VIA-00828,ORD-2026-04623,CAM-01,PROD-049,4.17,C,75.5,0,0,2026-08-26 12:11:00,CAM-01,4.17,C,75.5,True,False,no_aplica,no_se_imputan_mediciones_ambiguas,False,False,False,False,False,False,False,False,False,False,False,False,True,False,False,False,False,duplicado_redundante,1,CUARENTENA,1
28860,2026-08-04 19:52:00+00:00,VIA-00751,ORD-2026-06416,CAM-09,PROD-048,18.51,C,44.0,0,0,2026-08-04 15:52:00,CAM-09,18.51,C,44.0,True,False,no_aplica,no_se_imputan_mediciones_ambiguas,False,False,False,False,False,False,False,False,False,False,False,False,True,False,False,False,False,duplicado_redundante,1,CUARENTENA,1
28861,2026-08-16 05:15:00+00:00,VIA-00718,ORD-2026-00659,CAM-21,PROD-038,20.83,C,38.6,0,1,2026-08-16 01:15:00,CAM-21,20.83,C,38.6,True,False,no_aplica,no_se_imputan_mediciones_ambiguas,False,False,False,False,False,False,False,False,False,False,False,False,True,False,False,False,False,duplicado_redundante,1,CUARENTENA,1
28862,2026-08-26 22:25:00+00:00,VIA-00761,ORD-2026-00954,CAM-24,PROD-015,3.77,C,,0,0,2026-08-26 18:25:00,CAM-24,3.77,C,,True,False,no_aplica,no_se_imputan_mediciones_ambiguas,False,False,False,False,False,False,True,False,False,False,False,True,False,False,False,False,False,humedad_vacia; duplicado_conflictivo,2,CUARENTENA,1
28863,2026-08-05 09:31:00+00:00,VIA-00374,ORD-2026-06903,CAM-10,PROD-028,20.95,C,34.5,0,0,2026-08-05 05:31:00,CAM-10,20.95,C,34.5,True,False,no_aplica,no_se_imputan_mediciones_ambiguas,False,False,False,False,False,False,False,False,False,False,False,False,True,False,False,False,False,duplicado_redundante,1,CUARENTENA,1
28864,2026-08-14 05:36:00+00:00,VIA-01028,ORD-2026-07477,CAM-15,PROD-034,4.93,C,79.0,0,0,2026-08-14 01:36:00,CAM-15,4.93,C,79.0,True,False,no_aplica,no_se_imputan_mediciones_ambiguas,False,False,False,False,False,False,False,False,False,False,False,False,True,False,False,False,False,duplicado_redundante,1,CUARENTENA,1
28865,2026-08-16 05:22:00+00:00,VIA-01056,ORD-2026-02364,CAM-28,PROD-008,-17.47,C,60.7,0,0,2026-08-16 01:22:00,CAM-28,-17.47,C,60.7,True,False,no_aplica,no_se_imputan_mediciones_ambiguas,False,False,False,False,False,False,False,False,False,False,False,False,True,False,False,False,False,duplicado_redundante,1,CUARENTENA,1
28866,2026-08-12 20:33:00+00:00,VIA-00786,ORD-2026-05280,CAM-13,PROD-040,21.28,C,39.7,0,0,2026-08-12 16:33:00,CAM-13,21.28,C,39.7,True,False,no_aplica,no_se_imputan_mediciones_ambiguas,False,False,False,False,False,False,False,False,False,False,False,False,True,False,False,False,False,duplicado_redundante,1,CUARENTENA,1
28867,2026-08-15 21:31:00+00:00,VIA-00442,ORD-2026-02381,CAM-24,PROD-059,20.77,C,47.2,0,0,2026-08-15 17:31:00,CAM-24,20.77,C,47.2,True,False,no_aplica,no_se_imputan_mediciones_ambiguas,False,False,False,False,False,False,False,False,False,False,False,False,True,False,False,False,False,duplicado_redundante,1,CUARENTENA,1
28868,2026-08-28 16:01:00+00:00,VIA-00670,ORD-2026-03021,CAM-08,PROD-041,-19.07,C,68.9,0,0,2026-08-28 12:01:00,CAM-08,-19.07,C,68.9,True,False,no_aplica,no_se_imputan_mediciones_ambiguas,False,False,False,False,False,False,False,False,False,False,False,False,True,False,False,False,False,duplicado_redundante,1,CUARENTENA,1
28869,2026-08-09 02:43:00+00:00,VIA-00962,ORD-2026-07499,CAM-18,PROD-050,18.22,C,50.1,0,0,2026-08-08 22:43:00,CAM-18,18.22,C,50.1,True,False,no_aplica,no_se_imputan_mediciones_ambiguas,False,False,False,False,False,False,False,False,False,False,False,False,True,False,False,False,False,duplicado_redundante,1,CUARENTENA,1
28870,2026-08-04 10:10:00+00:00,VIA-00694,ORD-2026-00099,CAM-25,PROD-027,3.35,C,79.8,0,0,2026-08-04 06:10:00,CAM-25,3.35,C,79.8,True,False,no_aplica,no_se_imputan_mediciones_ambiguas,False,False,False,False,False,False,False,False,False,False,False,False,True,False,False,False,False,duplicado_redundante,1,CUARENTENA,1
28871,2026-08-22 19:54:00+00:00,VIA-00185,ORD-2026-00226,CAM-15,PROD-017,19.18,C,49.2,0,0,2026-08-22 15:54:00,CAM-15,19.18,C,49.2,True,False,no_aplica,no_se_imputan_mediciones_ambiguas,False,False,False,False,False,False,False,False,False,False,False,False,True,False,False,False,False,duplicado_redundante,1,CUARENTENA,1
28872,2026-08-06 08:15:00+00:00,VIA-00445,ORD-2026-03433,CAM-08,PROD-022,4.03,C,90.0,0,0,2026-08-06 04:15:00,CAM-08,4.03,C,90.0,True,False,no_aplica,no_se_imputan_mediciones_ambiguas,False,False,False,False,False,False,False,False,False,False,False,False,True,False,False,False,False,duplicado_redundante,1,CUARENTENA,1
28873,2026-08-13 05:05:00+00:00,VIA-00188,ORD-2026-00183,CAM-12,PROD-020,18.63,C,59.8,0,0,2026-08-13 01:05:00,CAM-12,18.63,C,59.8,True,False,no_aplica,no_se_imputan_mediciones_ambiguas,False,False,False,False,False,False,False,False,False,False,False,False,True,False,False,False,False,duplicado_redundante,1,CUARENTENA,1
28874,2026-08-15 15:59:00+00:00,VIA-00989,ORD-2026-01031,CAM-21,PROD-012,18.81,C,42.5,0,0,2026-08-15 11:59:00,CAM-21,18.81,C,42.5,True,False,no_aplica,no_se_imputan_mediciones_ambiguas,False,False,False,False,False,False,False,False,False,False,False,False,True,False,False,False,False,duplicado_redundante,1,CUARENTENA,1
28875,2026-08-21 06:19:00+00:00,VIA-00371,ORD-2026-05057,CAM-16,PROD-033,18.64,C,48.0,0,0,2026-08-21 02:19:00,CAM-16,18.64,C,48.0,True,False,no_aplica,no_se_imputan_mediciones_ambiguas,False,False,False,False,False,False,False,False,False,False,False,False,True,False,False,False,False,duplicado_redundante,1,CUARENTENA,1
28876,2026-08-17 06:16:00+00:00,VIA-01088,ORD-2026-05447,CAM-25,PROD-033,18.34,C,50.3,0,0,2026-08-17 02:16:00,CAM-25,18.34,C,50.3,True,False,no_aplica,no_se_imputan_mediciones_ambiguas,False,False,False,False,False,False,False,False,False,False,False,False,True,False,False,False,False,duplicado_redundante,1,CUARENTENA,1
28877,2026-08-31 11:49:00+00:00,VIA-00307,ORD-2026-04702,CAM-02,PROD-043,-18.14,C,75.9,0,0,2026-08-31 07:49:00,CAM-02,-18.14,C,75.9,True,False,no_aplica,no_se_imputan_mediciones_ambiguas,False,False,False,False,False,False,False,False,False,False,False,False,True,False,False,False,False,duplicado_redundante,1,CUARENTENA,1
28878,2026-08-16 08:26:00+00:00,VIA-00841,ORD-2026-03786,CAM-10,PROD-011,-17.95,C,61.3,0,0,2026-08-16 04:26:00,CAM-10,-17.95,C,61.3,True,False,no_aplica,no_se_imputan_mediciones_ambiguas,False,False,False,False,False,False,False,False,False,False,False,False,True,False,False,False,False,duplicado_redundante,1,CUARENTENA,1
28879,2026-08-29 08:32:00+00:00,VIA-00622,ORD-2026-02931,CAM-08,PROD-036,3.53,C,75.4,0,0,2026-08-29 04:32:00,CAM-08,3.53,C,75.4,True,False,no_aplica,no_se_imputan_mediciones_ambiguas,False,False,False,False,False,False,False,False,False,False,False,False,True,False,False,False,False,duplicado_redundante,1,CUARENTENA,1
28880,2026-08-15 16:38:00+00:00,VIA-00467,ORD-2026-07428,CAM-26,PROD-053,3.5,C,82.0,0,0,2026-08-15 12:38:00,CAM-26,3.5,C,82.0,True,False,no_aplica,no_se_imputan_mediciones_ambiguas,False,False,False,False,False,False,False,False,False,False,False,False,True,False,False,False,False,duplicado_redundante,1,CUARENTENA,1
28881,2026-08-29 12:01:00+00:00,VIA-00518,ORD-2026-06065,CAM-24,PROD-001,3.19,C,90.4,0,0,2026-08-29 08:01:00,CAM-24,3.19,C,90.4,True,False,no_aplica,no_se_imputan_mediciones_ambiguas,False,False,False,False,False,False,False,False,False,False,False,False,True,False,False,False,False,duplicado_redundante,1,CUARENTENA,1
28882,2026-08-13 12:52:00+00:00,VIA-00453,ORD-2026-06672,CAM-29,PROD-059,16.26,C,39.8,0,0,2026-08-13 08:52:00,CAM-29,16.26,C,39.8,True,False,no_aplica,no_se_imputan_mediciones_ambiguas,False,False,False,False,False,False,False,False,False,False,False,False,True,False,False,False,False,duplicado_redundante,1,CUARENTENA,1
28883,2026-08-20 19:44:00+00:00,VIA-00300,ORD-2026-07036,CAM-20,PROD-021,4.72,C,80.6,0,0,2026-08-20 15:44:00,CAM-20,4.72,C,80.6,True,False,no_aplica,no_se_imputan_mediciones_ambiguas,False,False,False,False,False,False,False,False,False,False,False,False,True,False,False,False,False,duplicado_redundante,1,CUARENTENA,1
28884,2026-08-28 13:34:00+00:00,VIA-00705,ORD-2026-00944,CAM-10,PROD-053,2.57,C,68.4,0,0,2026-08-28 09:34:00,CAM-10,2.57,C,68.4,True,False,no_aplica,no_se_imputan_mediciones_ambiguas,False,False,False,False,False,False,False,False,False,False,False,False,True,False,False,False,False,duplicado_redundante,1,CUARENTENA,1
28885,2026-08-01 15:33:00+00:00,VIA-00693,ORD-2026-02485,CAM-15,PROD-008,-18.88,C,67.9,0,0,2026-08-01 11:33:00,CAM-15,-18.88,C,67.9,True,False,no_aplica,no_se_imputan_mediciones_ambiguas,False,False,False,False,False,False,False,False,False,False,False,False,True,False,False,False,False,duplicado_redundante,1,CUARENTENA,1
28886,2026-08-05 05:48:00+00:00,VIA-00903,ORD-2026-05830,CAM-19,PROD-051,-17.92,C,69.9,0,0,2026-08-05 01:48:00,CAM-19,-17.92,C,69.9,True,False,no_aplica,no_se_imputan_mediciones_ambiguas,False,False,False,False,False,False,False,False,False,False,False,False,True,False,False,False,False,duplicado_redundante,1,CUARENTENA,1
28887,2026-08-24 12:23:00+00:00,VIA-00573,ORD-2026-03959,CAM-09,PROD-012,18.93,C,52.5,0,0,2026-08-24 08:23:00,CAM-09,18.93,C,52.5,True,False,no_aplica,no_se_imputan_mediciones_ambiguas,False,False,False,False,False,False,False,False,False,False,False,False,True,False,False,False,False,duplicado_redundante,1,CUARENTENA,1
28888,2026-08-03 18:56:00+00:00,VIA-00164,ORD-2026-03533,CAM-21,PROD-018,18.61,C,45.2,0,0,2026-08-03 14:56:00,CAM-21,18.61,C,45.2,True,False,no_aplica,no_se_imputan_mediciones_ambiguas,False,False,False,False,False,False,False,False,False,False,False,False,True,False,False,False,False,duplicado_redundante,1,CUARENTENA,1
28889,2026-08-29 12:57:00+00:00,VIA-01184,ORD-2026-01082,CAM-12,PROD-006,17.04,C,49.2,0,0,2026-08-29 08:57:00,CAM-12,17.04,C,49.2,True,False,no_aplica,no_se_imputan_mediciones_ambiguas,False,False,False,False,False,False,False,False,False,False,False,False,True,False,False,False,False,duplicado_redundante,1,CUARENTENA,1
28890,2026-08-19 09:30:00+00:00,VIA-00328,ORD-2026-00921,CAM-19,PROD-054,-17.98,C,67.9,0,0,2026-08-19 05:30:00,CAM-19,-17.98,C,67.9,True,False,no_aplica,no_se_imputan_mediciones_ambiguas,False,False,False,False,False,False,False,False,False,False,False,False,True,False,False,False,False,duplicado_redundante,1,CUARENTENA,1
28891,2026-08-25 13:47:00+00:00,VIA-01026,ORD-2026-00985,CAM-25,PROD-044,2.88,C,82.7,0,0,2026-08-25 09:47:00,CAM-25,2.88,C,82.7,True,False,no_aplica,no_se_imputan_mediciones_ambiguas,False,False,False,False,False,False,False,False,False,False,False,False,True,False,False,False,False,duplicado_redundante,1,CUARENTENA,1
28892,2026-08-15 05:03:00+00:00,VIA-00190,ORD-2026-07185,CAM-28,PROD-051,-18.74,C,80.6,0,0,2026-08-15 01:03:00,CAM-28,-18.74,C,80.6,True,False,no_aplica,no_se_imputan_mediciones_ambiguas,False,False,False,False,False,False,False,False,False,False,False,False,True,False,False,False,False,duplicado_redundante,1,CUARENTENA,1
28893,2026-08-16 06:15:00+00:00,VIA-00718,ORD-2026-00659,CAM-21,PROD-038,25.26,C,47.3,1,0,2026-08-16 02:15:00,CAM-21,25.26,C,47.3,True,False,no_aplica,no_se_imputan_mediciones_ambiguas,False,False,False,False,False,False,False,False,False,False,False,False,True,False,False,False,False,duplicado_redundante,1,CUARENTENA,1
28894,2026-08-14 22:43:00+00:00,VIA-00068,ORD-2026-06340,CAM-10,PROD-042,20.37,C,50.3,0,0,2026-08-14 18:43:00,CAM-10,20.37,C,50.3,True,False,no_aplica,no_se_imputan_mediciones_ambiguas,False,False,False,False,False,False,False,False,False,False,False,False,True,False,False,False,False,duplicado_redundante,1,CUARENTENA,1
28895,2026-08-05 22:36:00+00:00,VIA-00121,ORD-2026-06281,CAM-27,PROD-015,3.77,C,74.1,0,0,2026-08-05 18:36:00,CAM-27,3.77,C,74.1,True,False,no_aplica,no_se_imputan_mediciones_ambiguas,False,False,False,False,False,False,False,False,False,False,False,False,True,False,False,False,False,duplicado_redundante,1,CUARENTENA,1
28896,2026-08-14 19:35:00+00:00,VIA-00268,ORD-2026-04761,CAM-19,PROD-022,3.49,C,90.9,0,0,2026-08-14 15:35:00,CAM-19,3.49,C,90.9,True,False,no_aplica,no_se_imputan_mediciones_ambiguas,False,False,False,False,False,False,False,False,False,False,False,False,True,False,False,False,False,duplicado_redundante,1,CUARENTENA,1
28897,2026-08-14 22:19:00+00:00,VIA-00409,ORD-2026-00947,CAM-28,PROD-003,21.05,C,45.7,0,0,2026-08-14 18:19:00,CAM-28,21.05,C,45.7,True,False,no_aplica,no_se_imputan_mediciones_ambiguas,False,False,False,False,False,False,False,False,False,False,False,False,True,False,False,False,False,duplicado_redundante,1,CUARENTENA,1
28898,2026-08-06 04:41:00+00:00,VIA-00360,ORD-2026-01444,CAM-19,PROD-003,20.09,C,46.5,0,0,2026-08-06 00:41:00,CAM-19,20.09,C,46.5,True,False,no_aplica,no_se_imputan_mediciones_ambiguas,False,False,False,False,False,False,False,False,False,False,False,False,True,False,False,False,False,duplicado_redundante,1,CUARENTENA,1
28899,2026-08-04 10:17:00+00:00,VIA-00123,ORD-2026-03892,CAM-10,PROD-054,-17.46,C,79.1,0,0,2026-08-04 06:17:00,CAM-10,-17.46,C,79.1,True,False,no_aplica,no_se_imputan_mediciones_ambiguas,False,False,False,False,False,False,False,False,False,False,False,False,True,False,False,False,False,duplicado_redundante,1,CUARENTENA,1
28900,2026-08-29 06:29:00+00:00,VIA-01024,ORD-2026-04021,CAM-20,PROD-039,16.64,C,53.8,0,0,2026-08-29 02:29:00,CAM-20,16.64,C,53.8,True,False,no_aplica,no_se_imputan_mediciones_ambiguas,False,False,False,False,False,False,False,False,False,False,False,False,True,False,False,False,False,duplicado_redundante,1,CUARENTENA,1
28901,2026-08-26 08:37:00+00:00,VIA-00885,ORD-2026-07094,CAM-08,PROD-036,5.11,C,75.9,0,0,2026-08-26 04:37:00,CAM-08,5.11,C,75.9,True,False,no_aplica,no_se_imputan_mediciones_ambiguas,False,False,False,False,False,False,False,False,False,False,False,True,False,False,False,False,False,duplicado_conflictivo,1,CUARENTENA,1
28902,2026-08-26 16:40:00+00:00,VIA-00265,ORD-2026-04491,CAM-19,PROD-041,-17.98,C,72.9,0,0,2026-08-26 12:40:00,CAM-19,-17.98,C,72.9,True,False,no_aplica,no_se_imputan_mediciones_ambiguas,False,False,False,False,False,False,False,False,False,False,False,False,True,False,False,False,False,duplicado_redundante,1,CUARENTENA,1
28903,2026-08-16 08:08:00+00:00,VIA-01036,ORD-2026-03048,CAM-19,PROD-051,-18.99,C,61.0,0,0,2026-08-16 04:08:00,CAM-19,-18.99,C,61.0,True,False,no_aplica,no_se_imputan_mediciones_ambiguas,False,False,False,False,False,False,False,False,False,False,False,False,True,False,False,False,False,duplicado_redundante,1,CUARENTENA,1
28904,2026-08-10 13:33:00+00:00,VIA-00871,ORD-2026-05637,CAM-24,PROD-030,22.6,C,56.9,0,0,2026-08-10 09:33:00,CAM-24,22.6,C,56.9,True,False,no_aplica,no_se_imputan_mediciones_ambiguas,False,False,False,False,False,False,False,False,False,False,False,False,True,False,False,False,False,duplicado_redundante,1,CUARENTENA,1
28905,2026-08-12 17:15:00+00:00,VIA-00079,ORD-2026-03382,CAM-30,PROD-016,17.05,C,40.6,0,0,2026-08-12 13:15:00,CAM-30,17.05,C,40.6,True,False,no_aplica,no_se_imputan_mediciones_ambiguas,False,False,False,False,False,False,False,False,False,False,False,False,True,False,False,False,False,duplicado_redundante,1,CUARENTENA,1
28906,2026-08-15 18:59:00+00:00,VIA-00967,ORD-2026-03341,CAM-02,PROD-052,2.95,C,75.8,0,0,2026-08-15 14:59:00,CAM-02,2.95,C,75.8,True,False,no_aplica,no_se_imputan_mediciones_ambiguas,False,False,False,False,False,False,False,False,False,False,False,False,True,False,False,False,False,duplicado_redundante,1,CUARENTENA,1
28907,2026-08-25 10:10:00+00:00,VIA-00753,ORD-2026-01152,CAM-10,PROD-036,4.03,C,84.1,0,0,2026-08-25 06:10:00,CAM-10,4.03,C,84.1,True,False,no_aplica,no_se_imputan_mediciones_ambiguas,False,False,False,False,False,False,False,False,False,False,False,False,True,False,False,False,False,duplicado_redundante,1,CUARENTENA,1
28908,2026-08-11 23:05:00+00:00,VIA-00297,ORD-2026-06424,CAM-03,PROD-024,20.21,C,45.0,0,0,2026-08-11 19:05:00,CAM-03,20.21,C,45.0,True,False,no_aplica,no_se_imputan_mediciones_ambiguas,False,False,False,False,False,False,False,False,False,False,False,False,True,False,False,False,False,duplicado_redundante,1,CUARENTENA,1
28909,2026-08-07 17:29:00+00:00,VIA-00040,ORD-2026-02804,CAM-20,PROD-060,-17.72,C,79.1,0,0,2026-08-07 13:29:00,CAM-20,-17.72,C,79.1,True,False,no_aplica,no_se_imputan_mediciones_ambiguas,False,False,False,False,False,False,False,False,False,False,False,False,True,False,False,False,False,duplicado_redundante,1,CUARENTENA,1
28910,2026-08-23 04:04:00+00:00,VIA-00101,ORD-2026-04951,CAM-12,PROD-029,18.08,C,41.2,0,0,2026-08-23 00:04:00,CAM-12,18.08,C,41.2,True,False,no_aplica,no_se_imputan_mediciones_ambiguas,False,False,False,False,False,False,False,False,False,False,False,False,True,False,False,False,False,duplicado_redundante,1,CUARENTENA,1
28911,2026-08-01 05:56:00+00:00,VIA-00037,ORD-2026-01721,CAM-01,PROD-001,3.53,C,72.0,0,0,2026-08-01 01:56:00,CAM-01,3.53,C,72.0,True,False,no_aplica,no_se_imputan_mediciones_ambiguas,False,False,False,False,False,False,False,False,False,False,False,False,True,False,False,False,False,duplicado_redundante,1,CUARENTENA,1
28912,2026-08-19 17:56:00+00:00,VIA-00124,ORD-2026-03143,CAM-18,PROD-029,,C,55.8,0,0,2026-08-19 13:56:00,CAM-18,,C,55.8,True,False,no_aplica,no_se_imputan_mediciones_ambiguas,False,True,False,False,False,False,False,False,False,False,False,True,False,False,False,False,False,temperatura_vacia; duplicado_conflictivo,2,CUARENTENA,1
28913,2026-08-27 04:06:00+00:00,VIA-00209,ORD-2026-05108,CAM-11,PROD-008,-18.24,C,84.3,0,1,2026-08-27 00:06:00,CAM-11,-18.24,C,84.3,True,False,no_aplica,no_se_imputan_mediciones_ambiguas,False,False,False,False,False,False,False,False,False,False,False,False,True,False,False,False,False,duplicado_redundante,1,CUARENTENA,1
28914,2026-08-28 12:15:00+00:00,VIA-01064,ORD-2026-01024,CAM-09,PROD-039,21.12,C,53.2,0,0,2026-08-28 08:15:00,CAM-09,21.12,C,53.2,True,False,no_aplica,no_se_imputan_mediciones_ambiguas,False,False,False,False,False,False,False,False,False,False,False,False,True,False,False,False,False,duplicado_redundante,1,CUARENTENA,1
28915,2026-08-27 08:18:00+00:00,VIA-01003,ORD-2026-06727,CAM-20,PROD-023,4.3,C,70.4,0,0,2026-08-27 04:18:00,CAM-20,4.3,C,70.4,True,False,no_aplica,no_se_imputan_mediciones_ambiguas,False,False,False,False,False,False,False,False,False,False,False,False,True,False,False,False,False,duplicado_redundante,1,CUARENTENA,1
28916,2026-08-02 01:03:00+00:00,VIA-00693,ORD-2026-02485,CAM-15,PROD-008,-19.34,C,74.1,0,0,2026-08-01 21:03:00,CAM-15,-19.34,C,74.1,True,False,no_aplica,no_se_imputan_mediciones_ambiguas,False,False,False,False,False,False,False,False,False,False,False,False,True,False,False,False,False,duplicado_redundante,1,CUARENTENA,1
28917,2026-08-14 02:04:00+00:00,VIA-00686,ORD-2026-03138,CAM-08,PROD-053,3.85,C,71.9,0,0,2026-08-13 22:04:00,CAM-08,3.85,C,71.9,True,False,no_aplica,no_se_imputan_mediciones_ambiguas,False,False,False,False,False,False,False,False,False,False,False,False,True,False,False,False,False,duplicado_redundante,1,CUARENTENA,1
28918,2026-08-02 02:36:00+00:00,VIA-00946,ORD-2026-05672,CAM-20,PROD-053,4.13,C,65.5,0,0,2026-08-01 22:36:00,CAM-20,4.13,C,65.5,True,False,no_aplica,no_se_imputan_mediciones_ambiguas,False,False,False,False,False,False,False,False,False,False,False,False,True,False,False,False,False,duplicado_redundante,1,CUARENTENA,1
28919,2026-08-03 01:34:00+00:00,VIA-00260,ORD-2026-02932,CAM-30,PROD-002,21.86,C,50.1,0,0,2026-08-02 21:34:00,CAM-30,21.86,C,50.1,True,False,no_aplica,no_se_imputan_mediciones_ambiguas,False,False,False,False,False,False,False,False,False,False,False,False,True,False,False,False,False,duplicado_redundante,1,CUARENTENA,1
28920,2026-08-26 04:48:00+00:00,VIA-00801,ORD-2026-05376,CAM-26,PROD-055,23.06,C,47.9,0,0,2026-08-26 00:48:00,CAM-26,23.06,C,47.9,True,False,no_aplica,no_se_imputan_mediciones_ambiguas,False,False,False,False,False,False,False,False,False,False,False,False,True,False,False,False,False,duplicado_redundante,1,CUARENTENA,1
