fila_bronze,order_id,cliente_id,producto_id,fecha_despacho,centro_distribucion,camion_id,chofer_id,cantidad_solicitada,cantidad_entregada,tiempo_entrega_prometido_hrs,tiempo_entrega_real_hrs,otif_on_time,otif_in_full,otif,columnas_con_problemas,en_cuarentena
1,ORD-2026-00001,CLI-078,PROD-006,2026-08-19 14:15:00,La Paz,CAM-27,CHO-093,231,231.0,48,44.9,1,1,1,,False
2,ORD-2026-00002,CLI-057,PROD-022,2026-08-09 23:27:00,Tarija,CAM-12,CHO-008,203,203.0,48,33.7,1,1,1,,False
3,ORD-2026-00003,CLI-028,PROD-047,2026-08-28 00:07:00,Oruro,CAM-16,CHO-038,244,240.0,24,14.3,1,0,0,,False
4,ORD-2026-00004,CLI-019,PROD-020,2026-08-22 05:52:00,Tarija,CAM-03,CHO-026,417,417.0,48,48.0,1,1,1,,False
5,ORD-2026-00005,CLI-073,PROD-015,2026-08-01 12:00:00,Cochabamba,CAM-08,CHO-016,122,122.0,48,42.8,1,1,1,,False
6,ORD-2026-00006,CLI-001,PROD-044,2026-08-29 02:49:00,Cochabamba,CAM-22,CHO-147,188,188.0,72,71.6,1,1,1,,False
7,ORD-2026-00007,CLI-039,PROD-050,2026-08-02 17:05:00,Oruro,CAM-24,CHO-136,341,341.0,48,34.6,1,1,1,,False
8,ORD-2026-00008,CLI-019,PROD-034,2026-08-11 06:47:00,Tarija,CAM-26,CHO-008,321,321.0,48,31.8,1,1,1,,False
9,ORD-2026-00009,CLI-005,PROD-055,2026-08-09 02:44:00,Oruro,CAM-24,CHO-032,435,435.0,24,25.9,0,1,0,,False
10,ORD-2026-00010,CLI-070,PROD-048,2026-08-18 16:35:00,Cochabamba,CAM-23,CHO-058,374,374.0,72,89.8,0,1,0,,False
11,ORD-2026-00011,CLI-079,PROD-051,2026-08-21 22:07:00,Cochabamba,CAM-01,CHO-055,390,390.0,48,54.7,0,1,0,,False
12,ORD-2026-00012,CLI-025,PROD-029,2026-08-27 18:17:00,La Paz,CAM-28,CHO-126,264,264.0,72,46.4,1,1,1,,False
13,ORD-2026-00013,CLI-041,PROD-015,2026-08-13 01:13:00,Cochabamba,CAM-22,CHO-089,498,498.0,24,17.3,1,1,1,,False
14,ORD-2026-00014,CLI-009,PROD-010,2026-08-30 12:59:00,Tarija,CAM-03,CHO-031,107,107.0,72,66.6,1,1,1,,False
15,ORD-2026-00015,CLI-029,PROD-038,2026-08-22 20:46:00,La Paz,CAM-09,CHO-017,242,242.0,24,22.8,1,1,1,,False
16,ORD-2026-00016,CLI-094,PROD-007,2026-08-25 14:03:00,Oruro,CAM-02,CHO-136,413,413.0,72,53.7,1,1,1,,False
17,ORD-2026-00017,CLI-032,PROD-019,2026-08-21 18:15:00,Cochabamba,CAM-01,CHO-112,361,361.0,48,29.4,1,1,1,,False
18,ORD-2026-00018,CLI-006,PROD-014,2026-08-27 11:20:00,La Paz,CAM-09,CHO-134,46,37.0,48,29.4,1,0,0,,False
19,ORD-2026-00019,CLI-008,PROD-046,2026-08-08 02:56:00,Cochabamba,CAM-19,CHO-047,41,41.0,72,68.1,1,1,1,,False
20,ORD-2026-00020,CLI-088,PROD-016,2026-08-26 20:16:00,Oruro,CAM-07,CHO-110,434,434.0,48,54.1,0,1,0,,False
21,ORD-2026-00021,CLI-037,PROD-020,2026-08-26 09:47:00,La Paz,CAM-28,CHO-102,293,293.0,24,18.4,1,1,1,,False
22,ORD-2026-00022,CLI-052,PROD-053,2026-08-22 15:15:00,Cochabamba,CAM-17,CHO-140,192,192.0,24,17.1,1,1,1,,False
23,ORD-2026-00023,CLI-071,PROD-057,2026-08-30 10:01:00,Oruro,CAM-07,CHO-038,458,458.0,48,48.7,0,1,0,,False
24,ORD-2026-00024,CLI-052,PROD-050,2026-08-03 13:04:00,La Paz,CAM-09,CHO-040,308,308.0,48,37.3,1,1,1,,False
25,ORD-2026-00025,CLI-059,PROD-040,2026-08-26 13:09:00,Tarija,CAM-03,CHO-048,491,491.0,24,18.4,1,1,1,,False
26,ORD-2026-00026,CLI-048,PROD-055,2026-08-19 19:45:00,Cochabamba,CAM-17,CHO-131,289,289.0,48,26.3,1,1,1,,False
27,ORD-2026-00027,CLI-039,PROD-032,2026-08-10 00:06:00,Santa Cruz,CAM-10,CHO-076,135,135.0,24,14.0,1,1,1,,False
28,ORD-2026-00028,CLI-036,PROD-023,2026-08-09 02:21:00,La Paz,CAM-09,CHO-049,165,165.0,48,32.8,1,1,1,,False
29,ORD-2026-00029,CLI-057,PROD-048,2026-08-12 18:33:00,Santa Cruz,CAM-04,CHO-096,35,18.0,24,28.6,0,0,0,,False
30,ORD-2026-00030,CLI-086,PROD-051,2026-08-17 18:15:00,Cochabamba,CAM-08,CHO-014,201,201.0,48,51.7,0,1,0,,False
31,ORD-2026-00031,CLI-012,PROD-035,2026-08-24 02:15:00,Santa Cruz,CAM-14,CHO-120,112,112.0,48,32.3,1,1,1,,False
32,ORD-2026-00032,CLI-046,PROD-019,2026-08-16 00:40:00,La Paz,CAM-09,CHO-005,206,206.0,24,25.5,0,1,0,,False
33,ORD-2026-00033,CLI-039,PROD-025,2026-08-03 23:29:00,Santa Cruz,CAM-13,CHO-053,185,185.0,24,25.7,0,1,0,,False
34,ORD-2026-00034,CLI-085,PROD-010,2026-08-22 14:12:00,La Paz,CAM-09,CHO-021,380,380.0,72,65.8,1,1,1,,False
35,ORD-2026-00035,CLI-081,PROD-053,2026-08-05 14:04:00,Oruro,CAM-05,CHO-110,370,358.0,48,35.8,1,0,0,,False
36,ORD-2026-00036,CLI-089,PROD-003,2026-08-19 04:25:00,Cochabamba,CAM-23,CHO-077,376,376.0,72,48.2,1,1,1,,False
37,ORD-2026-00037,CLI-049,PROD-051,2026-08-26 14:02:00,Santa Cruz,CAM-14,CHO-070,289,289.0,24,8.4,1,1,1,,False
38,ORD-2026-00038,CLI-002,PROD-032,2026-08-30 09:44:00,La Paz,CAM-30,CHO-027,268,268.0,72,47.2,1,1,1,,False
39,ORD-2026-00039,CLI-080,PROD-020,2026-08-21 23:16:00,Cochabamba,CAM-22,CHO-112,120,120.0,24,19.5,1,1,1,,False
40,ORD-2026-00040,CLI-097,PROD-018,2026-08-10 20:01:00,La Paz,CAM-09,CHO-126,83,83.0,72,76.1,0,1,0,,False
41,ORD-2026-00041,CLI-004,PROD-058,2026-08-11 00:02:00,La Paz,CAM-09,CHO-049,205,205.0,48,49.3,0,1,0,,False
42,ORD-2026-00042,CLI-088,PROD-037,2026-08-13 12:26:00,Tarija,CAM-26,CHO-061,57,57.0,24,23.5,1,1,1,,False
43,ORD-2026-00043,CLI-021,PROD-006,2026-08-23 06:39:00,Cochabamba,CAM-22,CHO-108,264,264.0,48,31.2,1,1,1,,False
44,ORD-2026-00044,CLI-088,PROD-041,2026-08-27 00:19:00,Cochabamba,CAM-08,CHO-047,273,273.0,24,19.9,1,1,1,,False
45,ORD-2026-00045,CLI-087,PROD-043,2026-08-02 02:36:00,Santa Cruz,CAM-13,CHO-060,33,33.0,48,56.9,0,1,0,,False
46,ORD-2026-00046,CLI-031,PROD-048,2026-08-28 13:09:00,La Paz,CAM-28,CHO-127,272,272.0,48,47.5,1,1,1,,False
47,ORD-2026-00047,CLI-038,PROD-015,2026-08-12 11:24:00,La Paz,CAM-09,CHO-071,238,238.0,48,38.7,1,1,1,,False
48,ORD-2026-00048,CLI-002,PROD-002,2026-08-11 03:33:00,Cochabamba,CAM-08,CHO-125,57,57.0,72,52.4,1,1,1,,False
49,ORD-2026-00049,CLI-012,PROD-017,2026-08-07 02:49:00,La Paz,CAM-09,CHO-039,477,477.0,72,69.0,1,1,1,,False
50,ORD-2026-00050,CLI-026,PROD-017,2026-08-19 16:15:00,La Paz,CAM-28,CHO-071,195,195.0,72,65.9,1,1,1,,False
51,ORD-2026-00051,CLI-002,PROD-045,2026-08-14 01:18:00,Oruro,CAM-02,CHO-022,374,361.0,48,36.8,1,0,0,,False
52,ORD-2026-00052,CLI-061,PROD-051,2026-08-22 17:58:00,Tarija,CAM-26,CHO-082,220,220.0,72,47.9,1,1,1,,False
53,ORD-2026-00053,CLI-052,PROD-007,2026-08-02 20:43:00,La Paz,CAM-30,CHO-126,310,310.0,24,27.6,0,1,0,,False
54,ORD-2026-00054,CLI-023,PROD-001,2026-08-24 20:38:00,Tarija,CAM-12,CHO-132,221,221.0,72,37.7,1,1,1,,False
55,ORD-2026-00055,CLI-066,PROD-015,2026-08-13 04:34:00,Santa Cruz,CAM-13,CHO-025,137,128.0,24,27.7,0,0,0,,False
56,ORD-2026-00056,CLI-013,PROD-029,2026-08-10 22:22:00,Santa Cruz,CAM-10,CHO-129,346,346.0,48,32.3,1,1,1,,False
57,ORD-2026-00057,CLI-084,PROD-034,2026-08-29 10:11:00,Santa Cruz,CAM-14,CHO-079,292,292.0,72,43.9,1,1,1,,False
58,ORD-2026-00058,CLI-023,PROD-028,2026-08-15 16:09:00,Oruro,CAM-02,CHO-144,18,18.0,48,42.8,1,1,1,,False
59,ORD-2026-00059,CLI-071,PROD-017,2026-08-19 04:59:00,Oruro,CAM-05,CHO-118,264,264.0,24,15.8,1,1,1,,False
60,ORD-2026-00060,CLI-029,PROD-045,2026-08-08 14:11:00,Tarija,CAM-03,CHO-044,302,284.0,72,30.6,1,0,0,,False
61,ORD-2026-00061,CLI-089,PROD-042,2026-08-12 14:56:00,Oruro,CAM-24,CHO-003,45,45.0,24,14.7,1,1,1,,False
62,ORD-2026-00062,CLI-096,PROD-036,2026-08-25 13:59:00,Santa Cruz,CAM-13,CHO-011,217,217.0,48,34.7,1,1,1,,False
63,ORD-2026-00063,CLI-076,PROD-002,2026-08-04 05:40:00,La Paz,CAM-09,CHO-007,102,102.0,48,30.1,1,1,1,,False
64,ORD-2026-00064,CLI-087,PROD-036,2026-08-04 22:01:00,Tarija,CAM-03,CHO-031,355,355.0,24,22.3,1,1,1,,False
65,ORD-2026-00065,CLI-072,PROD-002,2026-08-20 19:44:00,La Paz,CAM-09,CHO-148,366,366.0,48,51.3,0,1,0,,False
66,ORD-2026-00066,CLI-053,PROD-041,2026-08-13 09:24:00,La Paz,CAM-15,CHO-063,256,256.0,24,21.0,1,1,1,,False
67,ORD-2026-00067,CLI-047,PROD-030,2026-08-23 15:27:00,Tarija,CAM-26,CHO-036,11,11.0,72,53.3,1,1,1,,False
68,ORD-2026-00068,CLI-075,PROD-001,2026-08-07 16:06:00,Oruro,CAM-05,CHO-136,52,52.0,72,65.0,1,1,1,,False
69,ORD-2026-00069,CLI-031,PROD-004,2026-08-19 12:40:00,Tarija,CAM-26,CHO-043,293,293.0,48,33.0,1,1,1,,False
70,ORD-2026-00070,CLI-050,PROD-055,2026-08-09 10:53:00,Santa Cruz,CAM-14,CHO-149,447,447.0,48,24.5,1,1,1,,False
71,ORD-2026-00071,CLI-021,PROD-023,2026-08-03 19:24:00,Tarija,CAM-12,CHO-082,43,43.0,72,77.2,0,1,0,,False
72,ORD-2026-00072,CLI-077,PROD-037,2026-08-24 00:46:00,Oruro,CAM-05,CHO-144,14,14.0,72,50.8,1,1,1,,False
73,ORD-2026-00073,CLI-062,PROD-005,2026-08-19 19:33:00,La Paz,CAM-27,CHO-071,457,442.0,72,71.1,1,0,0,,False
74,ORD-2026-00074,CLI-024,PROD-052,2026-08-14 18:51:00,Cochabamba,CAM-23,CHO-116,298,298.0,24,14.7,1,1,1,,False
75,ORD-2026-00075,CLI-040,PROD-025,2026-08-15 00:48:00,Tarija,CAM-03,CHO-082,449,449.0,24,14.0,1,1,1,,False
76,ORD-2026-00076,CLI-002,PROD-017,2026-08-26 23:41:00,Cochabamba,CAM-08,CHO-058,29,10.0,24,21.6,1,0,0,,False
77,ORD-2026-00077,CLI-055,PROD-014,2026-08-29 09:30:00,Oruro,CAM-16,CHO-110,236,217.0,48,46.9,1,0,0,,False
78,ORD-2026-00078,CLI-046,PROD-055,2026-08-27 14:14:00,La Paz,CAM-27,CHO-057,492,492.0,24,20.5,1,1,1,,False
79,ORD-2026-00079,CLI-015,PROD-039,2026-08-10 05:45:00,Oruro,CAM-24,CHO-150,186,186.0,72,62.7,1,1,1,,False
80,ORD-2026-00080,CLI-001,PROD-017,2026-08-29 09:29:00,Tarija,CAM-12,CHO-015,294,294.0,24,22.3,1,1,1,,False
81,ORD-2026-00081,CLI-026,PROD-044,2026-08-09 16:35:00,Tarija,CAM-26,CHO-026,334,334.0,24,21.1,1,1,1,,False
82,ORD-2026-00082,CLI-064,PROD-019,2026-08-18 21:50:00,Tarija,CAM-12,CHO-044,412,412.0,72,60.0,1,1,1,,False
83,ORD-2026-00083,CLI-083,PROD-051,2026-08-04 01:39:00,Cochabamba,CAM-23,CHO-014,345,345.0,72,46.2,1,1,1,,False
84,ORD-2026-00084,CLI-022,PROD-049,2026-08-07 12:02:00,Oruro,CAM-05,CHO-118,377,377.0,48,52.8,0,1,0,,False
85,ORD-2026-00085,CLI-087,PROD-043,2026-08-04 04:51:00,Tarija,CAM-12,CHO-082,125,125.0,72,86.6,0,1,0,,False
86,ORD-2026-00086,CLI-072,PROD-030,2026-08-25 15:52:00,Oruro,CAM-07,CHO-136,69,69.0,48,37.9,1,1,1,,False
87,ORD-2026-00087,CLI-023,PROD-060,2026-08-12 17:32:00,Santa Cruz,CAM-13,CHO-103,159,159.0,72,63.9,1,1,1,,False
88,ORD-2026-00088,CLI-021,PROD-033,2026-08-19 14:16:00,Santa Cruz,CAM-21,CHO-113,376,376.0,72,51.8,1,1,1,,False
89,ORD-2026-00089,CLI-078,PROD-044,2026-08-07 22:56:00,Oruro,CAM-07,CHO-110,138,138.0,72,50.0,1,1,1,,False
90,ORD-2026-00090,CLI-077,PROD-011,2026-08-28 19:25:00,La Paz,CAM-28,CHO-027,435,435.0,72,42.9,1,1,1,,False
91,ORD-2026-00091,CLI-033,PROD-046,2026-08-21 00:09:00,Tarija,CAM-12,CHO-105,300,300.0,24,17.5,1,1,1,,False
92,ORD-2026-00092,CLI-029,PROD-034,2026-08-01 06:47:00,Santa Cruz,CAM-21,CHO-034,302,302.0,24,15.1,1,1,1,,False
93,ORD-2026-00093,CLI-006,PROD-027,2026-08-19 21:10:00,Oruro,CAM-07,CHO-098,499,499.0,48,46.0,1,1,1,,False
94,ORD-2026-00094,CLI-031,PROD-035,2026-08-13 12:30:00,Tarija,CAM-03,CHO-044,115,115.0,24,12.6,1,1,1,,False
95,ORD-2026-00095,CLI-055,PROD-059,2026-08-02 13:26:00,La Paz,CAM-28,CHO-052,279,279.0,48,33.1,1,1,1,,False
96,ORD-2026-00096,CLI-032,PROD-055,2026-08-21 00:05:00,Cochabamba,CAM-19,CHO-016,116,116.0,72,35.8,1,1,1,,False
97,ORD-2026-00097,CLI-081,PROD-001,2026-08-22 18:08:00,Santa Cruz,CAM-14,CHO-133,55,55.0,24,24.3,0,1,0,,False
98,ORD-2026-00098,CLI-090,PROD-022,2026-08-13 12:54:00,La Paz,CAM-09,CHO-107,224,224.0,48,47.9,1,1,1,,False
99,ORD-2026-00099,CLI-097,PROD-035,2026-08-18 22:46:00,Oruro,CAM-05,CHO-051,277,277.0,24,20.9,1,1,1,,False
100,ORD-2026-00100,CLI-006,PROD-027,2026-08-16 07:53:00,La Paz,CAM-15,CHO-005,463,463.0,24,23.4,1,1,1,,False
101,ORD-2026-00101,CLI-035,PROD-024,2026-08-30 07:19:00,La Paz,CAM-30,CHO-093,162,162.0,72,52.3,1,1,1,,False
102,ORD-2026-00102,CLI-076,PROD-056,2026-08-02 02:13:00,Cochabamba,CAM-23,CHO-135,319,319.0,72,64.1,1,1,1,,False
103,ORD-2026-00103,CLI-066,PROD-028,2026-08-09 09:23:00,La Paz,CAM-15,CHO-102,345,345.0,48,35.7,1,1,1,,False
104,ORD-2026-00104,CLI-072,PROD-006,2026-08-13 13:45:00,Santa Cruz,CAM-13,CHO-120,406,406.0,48,39.0,1,1,1,,False
105,ORD-2026-00105,CLI-088,PROD-024,2026-08-16 12:48:00,Cochabamba,CAM-01,CHO-087,143,143.0,48,34.3,1,1,1,,False
106,ORD-2026-00106,CLI-065,PROD-023,2026-08-03 07:51:00,Tarija,CAM-03,CHO-082,235,221.0,48,38.4,1,0,0,,False
107,ORD-2026-00107,CLI-095,PROD-048,2026-08-03 04:36:00,La Paz,CAM-27,CHO-091,24,24.0,24,17.1,1,1,1,,False
108,ORD-2026-00108,CLI-100,PROD-044,2026-08-27 23:40:00,Cochabamba,CAM-23,CHO-108,289,289.0,48,32.8,1,1,1,,False
109,ORD-2026-00109,CLI-030,PROD-013,2026-08-09 03:54:00,Santa Cruz,CAM-13,CHO-095,214,214.0,72,62.5,1,1,1,,False
110,ORD-2026-00110,CLI-038,PROD-057,2026-08-11 16:09:00,Oruro,CAM-16,CHO-051,473,473.0,24,16.2,1,1,1,,False
111,ORD-2026-00111,CLI-090,PROD-057,2026-08-30 11:03:00,La Paz,CAM-15,CHO-072,413,413.0,24,23.1,1,1,1,,False
112, ord-2026-00112 ,CLI-087,PROD-008,2026-08-28 11:29:00,La Paz,CAM-09,CHO-007,63,63.0,24,18.0,1,1,1,order_id,True
113,ORD-2026-00113,CLI-086,PROD-060,2026-08-10 04:44:00,Tarija,CAM-03,CHO-044,269,269.0,72,62.7,1,1,1,,False
114,ORD-2026-00114,CLI-081,PROD-005,2026-08-16 15:22:00,Santa Cruz,CAM-11,CHO-074,159,159.0,24,18.3,1,1,1,,False
115,ORD-2026-00115,CLI-014,PROD-015,2026-08-08 14:17:00,Cochabamba,CAM-08,CHO-058,467,467.0,48,48.3,0,1,0,,False
116,ORD-2026-00116,CLI-015,PROD-046,2026-08-24 08:56:00,Santa Cruz,CAM-10,CHO-046,14,14.0,72,74.5,0,1,0,,False
117,ORD-2026-00117,CLI-089,PROD-031,2026-08-19 07:34:00,Santa Cruz,CAM-14,CHO-030,345,345.0,72,53.6,1,1,1,,False
118,ORD-2026-00118,CLI-028,PROD-058,2026-08-01 21:18:00,La Paz,CAM-27,CHO-057,140,140.0,48,46.2,1,1,1,,False
119,ORD-2026-00119,CLI-002,PROD-037,2026-08-11 18:29:00,Oruro,CAM-07,CHO-150,285,285.0,48,54.4,0,1,0,,False
120,ORD-2026-00120,CLI-094,PROD-004,2026-08-20 14:53:00,Tarija,CAM-12,CHO-122,384,384.0,48,28.7,1,1,1,,False
121,ORD-2026-00121,CLI-033,PROD-040,2026-08-19 10:35:00,Tarija,CAM-03,CHO-122,102,102.0,24,23.5,1,1,1,,False
122,ORD-2026-00122,CLI-070,PROD-017,2026-08-14 21:29:00,Oruro,CAM-05,CHO-144,108,100.0,72,43.0,1,0,0,,False
123,ORD-2026-00123,CLI-024,PROD-002,2026-08-04 10:11:00,Oruro,CAM-24,CHO-117,402,402.0,72,50.7,1,1,1,,False
124,ORD-2026-00124,CLI-011,PROD-011,2026-08-14 02:59:00,Santa Cruz,CAM-14,CHO-013,97,97.0,72,66.8,1,1,1,,False
125,ORD-2026-00125,CLI-086,PROD-018,2026-08-21 12:21:00,Oruro,CAM-16,CHO-119,15,1.0,48,34.5,1,0,0,,False
126,ORD-2026-00126,CLI-013,PROD-033,2026-08-04 21:45:00,La Paz,CAM-30,CHO-021,465,446.0,48,42.8,1,0,0,,False
127,ORD-2026-00127,CLI-034,PROD-020,2026-08-01 16:18:00,La Paz,CAM-09,CHO-071,384,384.0,24,19.2,1,1,1,,False
128,ORD-2026-00128,CLI-070,PROD-024,2026-08-15 22:21:00,Cochabamba,CAM-23,CHO-033,108,108.0,48,44.1,1,1,1,,False
129,ORD-2026-00129,CLI-004,PROD-046,2026-08-15 23:13:00,Cochabamba,CAM-23,CHO-138,15,15.0,24,23.3,1,1,1,,False
130,ORD-2026-00130,CLI-023,PROD-012,2026-08-09 14:49:00,La Paz,CAM-09,CHO-134,230,217.0,48,45.2,1,0,0,,False
131,ORD-2026-00131,CLI-007,PROD-012,2026-08-17 13:15:00,Santa Cruz,CAM-20,CHO-128,367,367.0,24,25.8,0,1,0,,False
132,ORD-2026-00132,CLI-089,PROD-012,2026-08-05 14:09:00,Oruro,CAM-05,CHO-150,206,206.0,24,23.3,1,1,1,,False
133,ORD-2026-00133,CLI-066,PROD-015,2026-08-13 03:36:00,La Paz,CAM-09,CHO-093,420,420.0,24,19.4,1,1,1,,False
134,ORD-2026-00134,CLI-006,PROD-006,2026-08-23 10:02:00,Santa Cruz,CAM-10,CHO-128,122,122.0,24,13.0,1,1,1,,False
135,ORD-2026-00135,CLI-016,PROD-033,2026-08-13 04:58:00,Cochabamba,CAM-01,CHO-065,355,355.0,48,33.1,1,1,1,,False
136,ORD-2026-00136,CLI-060,PROD-022,2026-08-15 05:03:00,Santa Cruz,CAM-13,CHO-133,455,455.0,24,18.5,1,1,1,,False
137, ord-2026-00137 ,CLI-005,PROD-031,2026-08-08 03:07:00,Tarija,CAM-03,CHO-012,306,306.0,24,19.9,1,1,1,order_id,True
138,ORD-2026-00138,CLI-071,PROD-019,2026-08-23 14:30:00,La Paz,CAM-28,CHO-063,431,431.0,48,40.9,1,1,1,,False
139,ORD-2026-00139,CLI-070,PROD-054,2026-08-06 13:41:00,Cochabamba,CAM-08,CHO-135,397,397.0,72,71.6,1,1,1,,False
140,ORD-2026-00140,CLI-004,PROD-056,2026-08-10 22:58:00,La Paz,CAM-09,CHO-102,158,146.0,48,54.0,0,0,0,,False
141,ORD-2026-00141,CLI-048,PROD-052,2026-08-05 00:01:00,Tarija,CAM-12,CHO-031,30,30.0,72,51.6,1,1,1,,False
142,ORD-2026-00142,CLI-036,PROD-005,2026-08-21 17:36:00,La Paz,CAM-09,CHO-134,42,42.0,72,64.3,1,1,1,,False
143,ORD-2026-00143,CLI-037,PROD-059,2026-08-24 23:28:00,Oruro,CAM-05,CHO-067,194,194.0,24,16.6,1,1,1,,False
144,ORD-2026-00144,CLI-076,PROD-017,2026-08-17 10:47:00,Cochabamba,CAM-22,CHO-140,484,476.0,24,19.2,1,0,0,,False
145,ORD-2026-00145,CLI-059,PROD-024,2026-08-23 12:23:00,Santa Cruz,CAM-20,CHO-103,361,361.0,48,44.8,1,1,1,,False
146,ORD-2026-00146,CLI-072,PROD-054,2026-08-24 04:31:00,Cochabamba,CAM-08,CHO-089,127,127.0,48,38.7,1,1,1,,False
147,ORD-2026-00147,CLI-057,PROD-037,2026-08-25 02:16:00,Tarija,CAM-26,CHO-122,494,494.0,48,36.3,1,1,1,,False
148,ORD-2026-00148,CLI-095,PROD-050,2026-08-14 07:59:00,La Paz,CAM-09,CHO-072,130,130.0,72,69.7,1,1,1,,False
149,ORD-2026-00149,CLI-087,PROD-021,2026-08-08 20:45:00,La Paz,CAM-28,CHO-042,132,132.0,48,43.6,1,1,1,,False
150,ORD-2026-00150,CLI-023,PROD-060,2026-08-13 17:42:00,Tarija,CAM-12,CHO-050,403,403.0,24,12.1,1,1,1,,False
151,ORD-2026-00151,CLI-074,PROD-055,2026-08-03 12:30:00,Tarija,CAM-26,CHO-105,305,305.0,24,21.6,1,1,1,,False
152,ORD-2026-00152,CLI-062,PROD-041,2026-08-28 22:00:00,Tarija,CAM-03,CHO-132,145,145.0,24,14.0,1,1,1,,False
153,ORD-2026-00153,CLI-036,PROD-002,2026-08-24 22:01:00,Cochabamba,CAM-22,CHO-135,495,495.0,24,20.8,1,1,1,,False
154,ORD-2026-00154,CLI-033,PROD-020,2026-08-26 21:16:00,Cochabamba,CAM-01,CHO-125,416,401.0,24,17.8,1,0,0,,False
155,ORD-2026-00155,CLI-023,PROD-007,2026-08-28 00:37:00,Tarija,CAM-03,CHO-026,321,321.0,48,43.0,1,1,1,,False
156,ORD-2026-00156,CLI-009,PROD-040,2026-08-28 11:11:00,Cochabamba,CAM-08,CHO-054,309,309.0,48,38.8,1,1,1,,False
157,ORD-2026-00157,CLI-092,PROD-012,2026-08-10 06:43:00,Oruro,CAM-05,CHO-003,461,461.0,48,37.0,1,1,1,,False
158,ORD-2026-00158,CLI-019,PROD-007,2026-08-17 23:07:00,Tarija,CAM-12,CHO-010,429,429.0,24,24.5,0,1,0,,False
159,ORD-2026-00159,CLI-040,PROD-027,2026-08-25 10:22:00,Cochabamba,CAM-17,CHO-033,118,118.0,24,17.5,1,1,1,,False
160,ORD-2026-00160,CLI-036,PROD-036,2026-08-06 05:48:00,Tarija,CAM-03,CHO-105,426,426.0,24,23.0,1,1,1,,False
161,ORD-2026-00161,CLI-038,PROD-054,2026-08-17 09:49:00,Cochabamba,CAM-01,CHO-087,451,451.0,48,39.8,1,1,1,,False
162,ORD-2026-00162,CLI-080,PROD-015,2026-08-29 01:24:00,La Paz,CAM-28,CHO-027,371,371.0,48,33.7,1,1,1,,False
163,ORD-2026-00163,CLI-092,PROD-039,2026-08-17 03:47:00,Tarija,CAM-12,CHO-045,262,262.0,48,34.9,1,1,1,,False
164,ORD-2026-00164,CLI-057,PROD-049,2026-08-30 07:31:00,La Paz,CAM-09,CHO-083,216,216.0,48,49.4,0,1,0,,False
165,ORD-2026-00165,CLI-003,PROD-032,2026-08-08 04:08:00,Tarija,CAM-12,CHO-012,290,290.0,72,67.0,1,1,1,,False
166,ORD-2026-00166,CLI-005,PROD-002,2026-08-04 12:23:00,La Paz,CAM-09,CHO-002,278,278.0,48,38.9,1,1,1,,False
167,ORD-2026-00167,CLI-078,PROD-001,2026-08-16 06:32:00,Oruro,CAM-05,CHO-032,255,255.0,48,53.0,0,1,0,,False
168,ORD-2026-00168,CLI-022,PROD-048,2026-08-01 02:51:00,Santa Cruz,CAM-11,CHO-020,465,465.0,24,22.3,1,1,1,,False
169,ORD-2026-00169,CLI-038,PROD-027,2026-08-07 18:31:00,Oruro,CAM-07,CHO-110,188,188.0,24,23.4,1,1,1,,False
170,ORD-2026-00170,CLI-070,PROD-015,2026-08-05 11:28:00,Santa Cruz,CAM-20,CHO-097,302,302.0,24,18.6,1,1,1,,False
171,ORD-2026-00171,CLI-032,PROD-039,2026-08-04 00:52:00,La Paz,CAM-27,CHO-084,229,229.0,24,15.0,1,1,1,,False
172,ORD-2026-00172,CLI-002,PROD-030,2026-08-02 09:11:00,Santa Cruz,CAM-20,CHO-080,167,167.0,48,42.1,1,1,1,,False
173,ORD-2026-00173,CLI-006,PROD-038,2026-08-26 19:43:00,Tarija,CAM-12,CHO-061,455,455.0,48,43.7,1,1,1,,False
174,ORD-2026-00174,CLI-051,PROD-058,2026-08-03 10:59:00,Cochabamba,CAM-01,CHO-041,32,32.0,48,22.6,1,1,1,,False
175,ORD-2026-00175,CLI-081,PROD-006,2026-08-28 20:22:00,Cochabamba,CAM-01,CHO-047,406,393.0,24,12.8,1,0,0,,False
176,ORD-2026-00176,CLI-005,PROD-042,2026-08-05 05:06:00,Santa Cruz,CAM-04,CHO-141,194,194.0,48,56.5,0,1,0,,False
177,ORD-2026-00177,CLI-061,PROD-002,2026-08-08 14:39:00,La Paz,CAM-09,CHO-066,96,96.0,24,22.1,1,1,1,,False
178,ORD-2026-00178,CLI-065,PROD-009,2026-08-27 00:48:00,Tarija,CAM-03,CHO-132,442,442.0,24,21.1,1,1,1,,False
179,ORD-2026-00179,CLI-063,PROD-053,2026-08-21 14:44:00,Santa Cruz,CAM-13,CHO-076,119,119.0,24,22.0,1,1,1,,False
180,ORD-2026-00180,CLI-028,PROD-031,2026-08-08 10:57:00,Cochabamba,CAM-08,CHO-073,12,12.0,48,45.2,1,1,1,,False
181,ORD-2026-00181,CLI-079,PROD-009,2026-08-19 22:52:00,Tarija,CAM-26,CHO-146,186,184.0,48,44.4,1,0,0,,False
182,ORD-2026-00182,CLI-022,PROD-010,2026-08-28 18:05:00,Cochabamba,CAM-19,CHO-041,488,472.0,24,15.0,1,0,0,,False
183,ORD-2026-00183,CLI-018,PROD-049,2026-08-17 08:51:00,Oruro,CAM-05,CHO-150,390,390.0,48,54.1,0,1,0,,False
184,ORD-2026-00184,CLI-083,PROD-051,2026-08-19 06:44:00,La Paz,CAM-09,CHO-093,77,72.0,24,19.6,1,0,0,,False
185,ORD-2026-00185,CLI-014,PROD-007,2026-08-17 09:49:00,Cochabamba,CAM-17,CHO-131,173,173.0,24,17.7,1,1,1,,False
186,ORD-2026-00186,CLI-090,PROD-037,2026-08-20 09:05:00,Cochabamba,CAM-23,CHO-065,399,383.0,72,80.1,0,0,0,,False
187,ORD-2026-00187,CLI-044,PROD-011,2026-08-18 05:58:00,La Paz,CAM-09,CHO-137,471,471.0,24,13.9,1,1,1,,False
188,ORD-2026-00188,CLI-078,PROD-029,2026-08-11 22:14:00,Oruro,CAM-16,CHO-067,127,127.0,72,52.8,1,1,1,,False
189,ORD-2026-00189,CLI-097,PROD-024,2026-08-06 14:47:00,Tarija,CAM-03,CHO-082,256,256.0,24,20.7,1,1,1,,False
190,ORD-2026-00190,CLI-064,PROD-055,2026-08-10 05:37:00,La Paz,CAM-27,CHO-007,158,158.0,24,25.0,0,1,0,,False
191,ORD-2026-00191,CLI-057,PROD-013,2026-08-26 15:49:00,La Paz,CAM-09,CHO-057,195,195.0,48,32.5,1,1,1,,False
192,ORD-2026-00192,CLI-080,PROD-022,2026-08-16 04:47:00,La Paz,CAM-28,CHO-084,384,384.0,24,19.1,1,1,1,,False
193,ORD-2026-00193,CLI-096,PROD-054,2026-08-09 11:01:00,Tarija,CAM-12,CHO-009,69,69.0,24,20.9,1,1,1,,False
194,ORD-2026-00194,CLI-006,PROD-003,2026-08-08 17:20:00,Cochabamba,CAM-08,CHO-086,274,274.0,48,31.8,1,1,1,,False
195,ORD-2026-00195,CLI-037,PROD-048,2026-08-03 19:40:00,Tarija,CAM-26,CHO-012,400,400.0,72,67.4,1,1,1,,False
196,ORD-2026-00196,CLI-045,PROD-034,2026-08-26 07:05:00,La Paz,CAM-09,CHO-057,364,364.0,24,19.8,1,1,1,,False
197,ORD-2026-00197,CLI-003,PROD-050,2026-08-28 15:15:00,Tarija,CAM-03,CHO-122,412,412.0,72,55.3,1,1,1,,False
198,ORD-2026-00198,CLI-023,PROD-025,2026-08-28 15:36:00,Tarija,CAM-12,CHO-036,313,313.0,48,43.3,1,1,1,,False
199,ORD-2026-00199,CLI-048,PROD-002,2026-08-14 01:42:00,Oruro,CAM-05,CHO-038,327,327.0,48,43.2,1,1,1,,False
200,ORD-2026-00200,CLI-047,PROD-013,2026-08-15 21:26:00,Cochabamba,CAM-08,CHO-124,369,369.0,24,25.2,0,1,0,,False
201,ORD-2026-00201,CLI-010,PROD-017,2026-08-10 04:48:00,Cochabamba,CAM-23,CHO-124,401,401.0,24,18.7,1,1,1,,False
202,ORD-2026-00202,CLI-030,PROD-043,2026-08-14 13:34:00,Santa Cruz,CAM-13,CHO-079,436,436.0,72,73.0,0,1,0,,False
203,ORD-2026-00203,CLI-052,PROD-054,2026-08-08 02:30:00,Tarija,CAM-03,CHO-043,464,455.0,24,19.7,1,0,0,,False
204,ORD-2026-00204,CLI-085,PROD-047,2026-08-01 21:04:00,Santa Cruz,CAM-25,CHO-104,220,220.0,24,22.9,1,1,1,,False
205,ORD-2026-00205,CLI-036,PROD-055,2026-08-05 03:50:00,Cochabamba,CAM-01,CHO-055,44,44.0,48,23.0,1,1,1,,False
206,ORD-2026-00206,CLI-037,PROD-056,2026-08-03 06:22:00,Cochabamba,CAM-22,CHO-151,444,444.0,48,36.7,1,1,1,,False
207,ORD-2026-00207,CLI-058,PROD-001,2026-08-08 12:38:00,Santa Cruz,CAM-20,CHO-029,472,472.0,72,81.8,0,1,0,,False
208,ORD-2026-00208,CLI-030,PROD-053,2026-08-13 14:20:00,Oruro,CAM-05,CHO-144,397,397.0,24,20.9,1,1,1,,False
209,ORD-2026-00209,CLI-055,PROD-048,2026-08-17 10:37:00,Cochabamba,CAM-17,CHO-016,324,324.0,72,59.7,1,1,1,,False
210,ORD-2026-00210,CLI-073,PROD-019,2026-08-20 00:15:00,Tarija,CAM-12,CHO-050,472,472.0,72,54.6,1,1,1,,False
211,ORD-2026-00211,CLI-073,PROD-003,2026-08-21 17:47:00,La Paz,CAM-30,CHO-072,304,304.0,24,14.6,1,1,1,,False
212,ORD-2026-00212,CLI-035,PROD-010,2026-08-26 10:23:00,Cochabamba,CAM-23,CHO-147,270,270.0,24,25.7,0,1,0,,False
213,ORD-2026-00213,CLI-079,PROD-049,2026-08-26 19:55:00,La Paz,CAM-09,CHO-017,228,228.0,24,19.4,1,1,1,,False
214,ORD-2026-00214,CLI-089,PROD-057,2026-08-19 13:21:00,Tarija,CAM-12,CHO-036,428,428.0,24,22.1,1,1,1,,False
215,ORD-2026-00215,CLI-013,PROD-037,2026-08-05 19:04:00,Santa Cruz,CAM-04,CHO-099,86,86.0,24,20.6,1,1,1,,False
216,ORD-2026-00216,CLI-053,PROD-037,2026-08-11 06:01:00,Oruro,CAM-07,CHO-119,188,188.0,48,53.1,0,1,0,,False
217,ORD-2026-00217,CLI-094,PROD-041,2026-08-12 01:52:00,La Paz,CAM-28,CHO-137,423,423.0,48,43.1,1,1,1,,False
218,ORD-2026-00218,CLI-036,PROD-038,2026-08-04 19:54:00,Cochabamba,CAM-19,CHO-069,262,262.0,72,45.0,1,1,1,,False
219,ORD-2026-00219,CLI-070,PROD-048,2026-08-17 04:45:00,Cochabamba,CAM-08,CHO-145,93,88.0,48,50.7,0,0,0,,False
220,ORD-2026-00220,CLI-033,PROD-039,2026-08-25 19:43:00,Tarija,CAM-03,CHO-012,485,485.0,72,47.7,1,1,1,,False
221,ORD-2026-00221,CLI-053,PROD-044,2026-08-24 15:00:00,La Paz,CAM-27,CHO-021,114,100.0,72,65.0,1,0,0,,False
222,ORD-2026-00222,CLI-002,PROD-025,2026-08-07 17:06:00,Santa Cruz,CAM-13,CHO-053,209,209.0,72,72.0,1,1,1,,False
223,ORD-2026-00223,CLI-018,PROD-046,2026-08-01 18:53:00,Tarija,CAM-26,CHO-088,153,153.0,24,16.0,1,1,1,,False
224,ORD-2026-00224,CLI-008,PROD-037,2026-08-17 15:17:00,Cochabamba,CAM-19,CHO-077,292,292.0,24,18.6,1,1,1,,False
225,ORD-2026-00225,CLI-050,PROD-008,2026-08-23 06:29:00,Tarija,CAM-26,CHO-082,287,281.0,72,70.4,1,0,0,,False
226,ORD-2026-00226,CLI-038,PROD-046,2026-08-01 21:54:00,Oruro,CAM-07,CHO-051,451,451.0,72,71.2,1,1,1,,False
227,ORD-2026-00227,CLI-075,PROD-006,2026-08-11 19:48:00,Oruro,CAM-24,CHO-144,115,115.0,72,40.7,1,1,1,,False
228,ORD-2026-00228,CLI-003,PROD-013,2026-08-03 09:23:00,Oruro,CAM-05,CHO-110,199,199.0,72,60.8,1,1,1,,False
229,ORD-2026-00229,CLI-011,PROD-007,2026-08-19 03:53:00,La Paz,CAM-15,CHO-072,268,268.0,48,39.7,1,1,1,,False
230,ORD-2026-00230,CLI-057,PROD-058,2026-08-08 11:09:00,La Paz,CAM-09,CHO-023,257,257.0,24,21.0,1,1,1,,False
231,ORD-2026-00231,CLI-073,PROD-005,2026-08-12 07:45:00,Tarija,CAM-03,CHO-009,364,364.0,48,46.1,1,1,1,,False
232,ORD-2026-00232,CLI-065,PROD-013,2026-08-16 19:02:00,Cochabamba,CAM-08,CHO-111,307,307.0,48,38.8,1,1,1,,False
233,ORD-2026-00233,CLI-067,PROD-060,2026-08-19 01:21:00,Cochabamba,CAM-08,CHO-065,225,225.0,24,12.5,1,1,1,,False
234,ORD-2026-00234,CLI-096,PROD-031,2026-08-20 20:18:00,Tarija,CAM-03,CHO-050,351,351.0,24,20.7,1,1,1,,False
235,ORD-2026-00235,CLI-051,PROD-044,2026-08-25 14:08:00,Santa Cruz,CAM-14,CHO-020,244,244.0,72,52.1,1,1,1,,False
236,ORD-2026-00236,CLI-077,PROD-022,2026-08-12 11:51:00,Tarija,CAM-12,CHO-088,307,307.0,24,15.0,1,1,1,,False
237,ORD-2026-00237,CLI-060,PROD-042,2026-08-06 18:50:00,Oruro,CAM-16,CHO-144,448,448.0,48,44.1,1,1,1,,False
238,ORD-2026-00238,CLI-032,PROD-017,2026-08-24 19:59:00,Cochabamba,CAM-01,CHO-140,18,18.0,48,45.5,1,1,1,,False
239,ORD-2026-00239,CLI-001,PROD-055,2026-08-15 10:44:00,Tarija,CAM-26,CHO-012,393,393.0,24,22.4,1,1,1,,False
240,ORD-2026-00240,CLI-040,PROD-049,2026-08-19 06:56:00,Cochabamba,CAM-01,CHO-014,495,495.0,24,22.2,1,1,1,,False
241,ORD-2026-00241,CLI-055,PROD-031,2026-08-29 10:17:00,Cochabamba,CAM-22,CHO-086,64,52.0,24,21.4,1,0,0,,False
242,ORD-2026-00242,CLI-087,PROD-056,2026-08-06 02:12:00,Oruro,CAM-05,CHO-150,326,326.0,48,34.3,1,1,1,,False
243,ORD-2026-00243,CLI-047,PROD-056,2026-08-10 09:39:00,La Paz,CAM-09,CHO-021,45,45.0,48,36.3,1,1,1,,False
244,ORD-2026-00244,CLI-033,PROD-044,2026-08-29 00:31:00,Santa Cruz,CAM-21,CHO-034,404,404.0,24,18.1,1,1,1,,False
245,ORD-2026-00245,CLI-094,PROD-053,2026-08-28 01:31:00,Santa Cruz,CAM-14,CHO-129,184,184.0,48,42.6,1,1,1,,False
246,ORD-2026-00246,CLI-004,PROD-014,2026-08-28 14:45:00,Oruro,CAM-16,CHO-032,28,28.0,48,41.9,1,1,1,,False
247,ORD-2026-00247,CLI-093,PROD-040,2026-08-06 13:44:00,Santa Cruz,CAM-13,CHO-092,238,238.0,48,53.4,0,1,0,,False
248,ORD-2026-00248,CLI-070,PROD-052,2026-08-30 15:02:00,Tarija,CAM-03,CHO-045,414,414.0,48,42.3,1,1,1,,False
249,ORD-2026-00249,CLI-095,PROD-025,2026-08-05 02:54:00,Oruro,CAM-05,CHO-144,91,79.0,48,41.3,1,0,0,,False
250,ORD-2026-00250,CLI-007,PROD-037,2026-08-15 20:42:00,Cochabamba,CAM-17,CHO-145,91,91.0,72,66.6,1,1,1,,False
251,ORD-2026-00251,CLI-087,PROD-015,2026-08-09 00:26:00,Oruro,CAM-05,CHO-119,172,172.0,72,63.7,1,1,1,,False
252,ORD-2026-00252,CLI-055,PROD-020,2026-08-17 03:28:00,Santa Cruz,CAM-14,CHO-013,127,127.0,48,39.3,1,1,1,,False
253,ORD-2026-00253,CLI-035,PROD-016,2026-08-13 13:54:00,Cochabamba,CAM-19,CHO-147,203,186.0,48,51.1,0,0,0,,False
254,ORD-2026-00254,CLI-069,PROD-026,2026-08-17 07:28:00,Cochabamba,CAM-17,CHO-065,335,335.0,24,22.3,1,1,1,,False
255,ORD-2026-00255,CLI-016,PROD-040,2026-08-27 10:51:00,La Paz,CAM-09,CHO-066,165,165.0,24,23.4,1,1,1,,False
256,ORD-2026-00256,CLI-067,PROD-049,2026-08-27 20:23:00,Oruro,CAM-05,CHO-067,196,196.0,72,42.6,1,1,1,,False
257,ORD-2026-00257,CLI-089,PROD-023,2026-08-30 04:58:00,La Paz,CAM-28,CHO-023,135,135.0,72,47.2,1,1,1,,False
258,ORD-2026-00258,CLI-027,PROD-018,2026-08-10 14:50:00,La Paz,CAM-27,CHO-137,245,245.0,72,65.1,1,1,1,,False
259,ORD-2026-00259,CLI-045,PROD-056,2026-08-18 09:47:00,Cochabamba,CAM-22,CHO-112,420,420.0,24,21.3,1,1,1,,False
260,ORD-2026-00260,CLI-001,PROD-040,2026-08-28 09:24:00,Tarija,CAM-12,CHO-105,498,498.0,72,57.3,1,1,1,,False
261,ORD-2026-00261,CLI-012,PROD-037,2026-08-24 18:23:00,Tarija,CAM-12,CHO-015,365,353.0,24,24.1,0,0,0,,False
262,ORD-2026-00262,CLI-059,PROD-025,2026-08-28 17:01:00,Tarija,CAM-26,CHO-031,340,340.0,48,41.3,1,1,1,,False
263,ORD-2026-00263,CLI-014,PROD-035,2026-08-22 21:29:00,La Paz,CAM-28,CHO-057,173,173.0,48,44.5,1,1,1,,False
264,ORD-2026-00264,CLI-012,PROD-058,2026-08-22 06:37:00,Cochabamba,CAM-23,CHO-016,142,142.0,72,54.5,1,1,1,,False
265,ORD-2026-00265,CLI-096,PROD-026,2026-08-10 06:06:00,La Paz,CAM-09,CHO-052,204,204.0,24,20.6,1,1,1,,False
266,ORD-2026-00266,CLI-063,PROD-017,2026-08-11 13:45:00,La Paz,CAM-28,CHO-126,171,171.0,48,51.3,0,1,0,,False
267,ORD-2026-00267,CLI-047,PROD-022,2026-08-12 02:08:00,La Paz,CAM-28,CHO-002,365,365.0,48,50.0,0,1,0,,False
268,ORD-2026-00268,CLI-006,PROD-020,2026-08-23 16:08:00,Cochabamba,CAM-08,CHO-069,146,135.0,24,15.9,1,0,0,,False
269,ORD-2026-00269,CLI-025,PROD-001,2026-08-26 07:05:00,Cochabamba,CAM-08,CHO-033,144,144.0,72,72.7,0,1,0,,False
270,ORD-2026-00270,CLI-026,PROD-014,2026-08-18 01:09:00,Santa Cruz,CAM-10,CHO-030,290,290.0,48,51.2,0,1,0,,False
271,ORD-2026-00271,CLI-056,PROD-005,2026-08-13 15:08:00,Oruro,CAM-02,CHO-022,153,153.0,48,48.7,0,1,0,,False
272,ORD-2026-00272,CLI-057,PROD-035,2026-08-04 14:07:00,Oruro,CAM-05,CHO-110,171,171.0,48,37.8,1,1,1,,False
273,ORD-2026-00273,CLI-086,PROD-056,2026-08-26 15:11:00,Cochabamba,CAM-23,CHO-077,471,471.0,72,59.6,1,1,1,,False
274,ORD-2026-00274,CLI-043,PROD-034,2026-08-11 09:18:00,Santa Cruz,CAM-06,CHO-142,155,155.0,72,77.9,0,1,0,,False
275,ORD-2026-00275,CLI-021,PROD-007,2026-08-08 01:08:00,Oruro,CAM-07,CHO-003,29,29.0,48,45.1,1,1,1,,False
276,ORD-2026-00276,CLI-016,PROD-007,2026-08-27 11:45:00,Oruro,CAM-05,CHO-067,180,180.0,72,39.9,1,1,1,,False
277,ORD-2026-00277,CLI-097,PROD-051,2026-08-30 22:47:00,Cochabamba,CAM-23,CHO-058,204,204.0,24,20.5,1,1,1,,False
278,ORD-2026-00278,CLI-011,PROD-056,2026-08-01 16:41:00,Oruro,CAM-07,CHO-117,338,338.0,24,26.2,0,1,0,,False
279,ORD-2026-00279,CLI-030,PROD-008,2026-08-03 06:44:00,Cochabamba,CAM-08,CHO-112,363,363.0,24,17.3,1,1,1,,False
280,ORD-2026-00280,CLI-046,PROD-041,2026-08-16 01:27:00,Tarija,CAM-03,CHO-146,54,54.0,48,39.7,1,1,1,,False
281,ORD-2026-00281,CLI-059,PROD-003,2026-08-30 06:17:00,Cochabamba,CAM-08,CHO-019,253,253.0,24,22.6,1,1,1,,False
282,ORD-2026-00282,CLI-040,PROD-008,2026-08-04 07:14:00,La Paz,CAM-28,CHO-148,285,,48,38.8,1,1,1,cantidad_entregada,True
283,ORD-2026-00283,CLI-058,PROD-039,2026-08-07 16:48:00,Santa Cruz,CAM-20,CHO-141,210,210.0,48,37.3,1,1,1,,False
284,ORD-2026-00284,CLI-034,PROD-045,2026-08-17 03:41:00,Cochabamba,CAM-01,CHO-033,373,373.0,48,46.2,1,1,1,,False
285,ORD-2026-00285,CLI-039,PROD-041,2026-08-26 17:38:00,Santa Cruz,CAM-14,CHO-062,259,259.0,24,21.5,1,1,1,,False
286,ORD-2026-00286,CLI-001,PROD-026,2026-08-25 19:57:00,Tarija,CAM-26,CHO-012,444,444.0,48,36.6,1,1,1,,False
287,ORD-2026-00287,CLI-049,PROD-036,2026-08-06 23:17:00,Santa Cruz,CAM-14,CHO-103,199,199.0,72,78.6,0,1,0,,False
288,ORD-2026-00288, cli-014 ,PROD-033,2026-08-09 20:02:00,Santa Cruz,CAM-04,CHO-059,71,71.0,24,23.3,1,1,1,cliente_id,True
289,ORD-2026-00289,CLI-025,PROD-050,2026-08-03 12:19:00,Oruro,CAM-05,CHO-119,157,157.0,48,28.5,1,1,1,,False
290,ORD-2026-00290,CLI-041,PROD-024,2026-08-15 05:15:00,Tarija,CAM-03,CHO-010,41,41.0,24,22.7,1,1,1,,False
291,ORD-2026-00291,CLI-048,PROD-045,2026-08-18 01:17:00,Santa Cruz,CAM-20,CHO-101,192,192.0,48,29.7,1,1,1,,False
292,ORD-2026-00292,CLI-014,PROD-058,2026-08-24 01:18:00,La Paz,CAM-15,CHO-017,465,465.0,72,68.7,1,1,1,,False
293,ORD-2026-00293,CLI-078,PROD-013,2026-08-13 22:02:00,Santa Cruz,CAM-20,CHO-092,69,69.0,48,29.8,1,1,1,,False
294,ORD-2026-00294,CLI-042,PROD-051,2026-08-18 14:36:00,Oruro,CAM-05,CHO-150,408,408.0,24,19.1,1,1,1,,False
295,ORD-2026-00295,CLI-097,PROD-057,2026-08-12 10:01:00,Cochabamba,CAM-17,CHO-151,57,57.0,48,36.9,1,1,1,,False
296,ORD-2026-00296,CLI-100,PROD-036,2026-08-18 05:16:00,Cochabamba,CAM-08,CHO-143,58,58.0,48,26.4,1,1,1,,False
297,ORD-2026-00297,CLI-069,PROD-041,2026-08-18 13:28:00,La Paz,CAM-28,CHO-040,385,385.0,24,21.2,1,1,1,,False
298,ORD-2026-00298,CLI-009,PROD-043,2026-08-03 11:58:00,La Paz,CAM-28,CHO-027,367,367.0,48,48.4,0,1,0,,False
299,ORD-2026-00299,CLI-040,PROD-059,2026-08-02 15:55:00,Tarija,CAM-03,CHO-012,431,431.0,48,29.2,1,1,1,,False
300,ORD-2026-00300,CLI-093,PROD-047,2026-08-17 18:02:00,Tarija,CAM-12,CHO-036,373,373.0,72,62.7,1,1,1,,False
301,ORD-2026-00301,CLI-083,PROD-015,2026-08-28 20:19:00,Santa Cruz,CAM-10,CHO-120,220,220.0,24,19.5,1,1,1,,False
302,ORD-2026-00302,CLI-010,PROD-034,2026-08-20 06:41:00,La Paz,CAM-09,CHO-063,418,418.0,48,33.6,1,1,1,,False
303,ORD-2026-00303,CLI-037,PROD-005,2026-08-15 22:04:00,Santa Cruz,CAM-18,CHO-101,352,352.0,48,42.6,1,1,1,,False
304,ORD-2026-00304,CLI-075,PROD-015,2026-08-06 03:20:00,Santa Cruz,CAM-13,CHO-018,277,277.0,48,38.9,1,1,1,,False
305,ORD-2026-00305,CLI-038,PROD-023,2026-08-25 06:39:00,Cochabamba,CAM-22,CHO-130,230,230.0,24,21.7,1,1,1,,False
306,ORD-2026-00306,CLI-091,PROD-045,2026-08-12 02:22:00,Tarija,CAM-26,CHO-015,134,134.0,24,17.6,1,1,1,,False
307,ORD-2026-00307,CLI-098,PROD-054,2026-08-29 22:38:00,Oruro,CAM-16,CHO-110,494,494.0,24,21.6,1,1,1,,False
308,ORD-2026-00308,CLI-041,PROD-020,2026-08-15 21:07:00,Tarija,CAM-03,CHO-122,234,230.0,48,39.2,1,0,0,,False
309,ORD-2026-00309,CLI-020,PROD-002,2026-08-20 00:41:00,La Paz,CAM-28,CHO-005,61,61.0,48,32.5,1,1,1,,False
310,ORD-2026-00310,CLI-063,PROD-024,2026-08-29 12:34:00,La Paz,CAM-28,CHO-005,434,434.0,48,37.3,1,1,1,,False
311,ORD-2026-00311,CLI-082,PROD-009,2026-08-15 07:42:00,Cochabamba,CAM-01,CHO-135,99,99.0,24,16.2,1,1,1,,False
312,ORD-2026-00312,CLI-096,PROD-034,2026-08-19 04:57:00,La Paz,CAM-30,CHO-083,130,130.0,24,18.0,1,1,1,,False
313,ORD-2026-00313,CLI-087,PROD-026,2026-08-28 09:27:00,Santa Cruz,CAM-10,CHO-078,175,175.0,24,17.5,1,1,1,,False
314,ORD-2026-00314,CLI-045,PROD-004,2026-08-26 05:48:00,Tarija,CAM-03,CHO-088,490,490.0,48,41.2,1,1,1,,False
315,ORD-2026-00315,CLI-062,PROD-015,2026-08-01 21:38:00,Santa Cruz,CAM-13,CHO-149,194,194.0,24,22.2,1,1,1,,False
316,ORD-2026-00316,CLI-048,PROD-030,2026-08-05 16:41:00,Santa Cruz,CAM-13,CHO-106,151,151.0,72,75.7,0,1,0,,False
317,ORD-2026-00317,CLI-049,PROD-010,2026-08-02 13:01:00,La Paz,CAM-27,CHO-002,403,403.0,48,36.7,1,1,1,,False
318,ORD-2026-00318,CLI-011,PROD-026,2026-08-28 09:27:00,Santa Cruz,CAM-29,CHO-078,73,73.0,48,45.7,1,1,1,,False
319,ORD-2026-00319,CLI-033,PROD-003,2026-08-28 04:25:00,La Paz,CAM-28,CHO-002,180,180.0,72,57.2,1,1,1,,False
320,ORD-2026-00320,CLI-010,PROD-027,2026-08-25 23:09:00,Oruro,CAM-07,CHO-051,81,81.0,72,69.7,1,1,1,,False
321,ORD-2026-00321,CLI-029,PROD-001,2026-08-22 04:36:00,Tarija,CAM-12,CHO-009,457,457.0,72,66.6,1,1,1,,False
322,ORD-2026-00322,CLI-003,PROD-028,2026-08-19 19:05:00,Cochabamba,CAM-17,CHO-047,489,489.0,72,57.5,1,1,1,,False
323,ORD-2026-00323,CLI-035,PROD-025,2026-08-09 19:26:00,Tarija,CAM-12,CHO-146,53,53.0,24,14.7,1,1,1,,False
324,ORD-2026-00324,CLI-070,PROD-029,2026-08-09 17:33:00,La Paz,CAM-15,CHO-002,169,169.0,48,48.0,1,1,1,,False
325,ORD-2026-00325,CLI-035,PROD-047,2026-08-23 17:21:00,Santa Cruz,CAM-04,CHO-128,245,245.0,48,41.5,1,1,1,,False
326,ORD-2026-00326,CLI-016,PROD-003,2026-08-18 08:42:00,La Paz,CAM-28,CHO-071,260,260.0,72,68.6,1,1,1,,False
327,ORD-2026-00327,CLI-072,PROD-033,2026-08-05 03:12:00,Tarija,CAM-03,CHO-044,192,192.0,24,13.9,1,1,1,,False
328,ORD-2026-00328,CLI-066,PROD-015,2026-08-15 21:43:00,Tarija,CAM-26,CHO-122,88,,48,45.4,1,1,1,cantidad_entregada,True
329,ORD-2026-00329,CLI-030,PROD-050,2026-08-23 19:15:00,Santa Cruz,CAM-13,CHO-109,43,43.0,24,18.6,1,1,1,,False
330,ORD-2026-00330,CLI-072,PROD-040,2026-08-03 05:37:00,Cochabamba,CAM-01,CHO-131,54,54.0,48,42.2,1,1,1,,False
331,ORD-2026-00331,CLI-027,PROD-046,2026-08-10 15:53:00,Oruro,CAM-07,CHO-110,252,252.0,48,46.3,1,1,1,,False
332,ORD-2026-00332,CLI-072,PROD-001,2026-08-03 03:35:00,Santa Cruz,CAM-20,CHO-074,83,83.0,24,23.8,1,1,1,,False
333,ORD-2026-00333,CLI-057,PROD-015,2026-08-09 00:40:00,La Paz,CAM-09,CHO-084,469,469.0,24,17.3,1,1,1,,False
334,ORD-2026-00334,CLI-037,PROD-024,2026-08-02 09:08:00,Tarija,CAM-03,CHO-045,233,231.0,48,42.6,1,0,0,,False
335,ORD-2026-00335,CLI-063,PROD-007,2026-08-18 15:11:00,La Paz,CAM-09,CHO-039,86,86.0,24,24.8,0,1,0,,False
336,ORD-2026-00336,CLI-094,PROD-015,2026-08-22 23:48:00,Oruro,CAM-05,CHO-150,328,313.0,48,36.2,1,0,0,,False
337,ORD-2026-00337,CLI-013,PROD-057,2026-08-15 08:15:00,Oruro,CAM-24,CHO-022,362,362.0,48,44.6,1,1,1,,False
338,ORD-2026-00338,CLI-054,PROD-055,2026-08-13 09:36:00,Cochabamba,CAM-01,CHO-111,267,267.0,24,14.8,1,1,1,,False
339,ORD-2026-00339,CLI-035,PROD-030,2026-08-22 14:20:00,Tarija,CAM-03,CHO-012,72,72.0,48,38.8,1,1,1,,False
340,ORD-2026-00340,CLI-014,PROD-058,2026-08-02 04:58:00,La Paz,CAM-30,CHO-027,175,175.0,48,49.3,0,1,0,,False
341,ORD-2026-00341,CLI-036,PROD-029,2026-08-17 00:01:00,La Paz,CAM-27,CHO-021,361,348.0,24,19.8,1,0,0,,False
342,ORD-2026-00342,CLI-005,PROD-038,2026-08-12 09:43:00,Cochabamba,CAM-01,CHO-130,491,491.0,48,30.0,1,1,1,,False
343,ORD-2026-00343,CLI-002,PROD-054,2026-08-25 02:09:00,Santa Cruz,CAM-11,CHO-081,287,287.0,48,37.2,1,1,1,,False
344,ORD-2026-00344,CLI-020,PROD-056,2026-08-02 08:31:00,Cochabamba,CAM-22,CHO-058,85,85.0,72,41.0,1,1,1,,False
345,ORD-2026-00345,CLI-083,PROD-010,2026-08-10 00:24:00,Cochabamba,CAM-01,CHO-041,274,274.0,48,51.3,0,1,0,,False
346,ORD-2026-00346,CLI-095,PROD-041,2026-08-19 13:08:00,Santa Cruz,CAM-20,CHO-013,249,249.0,24,23.2,1,1,1,,False
347,ORD-2026-00347,CLI-051,PROD-059,2026-08-01 10:33:00,La Paz,CAM-30,CHO-017,308,308.0,24,18.4,1,1,1,,False
348,ORD-2026-00348,CLI-053,PROD-004,2026-08-06 11:49:00,La Paz,CAM-15,CHO-063,124,124.0,72,69.7,1,1,1,,False
349,ORD-2026-00349,CLI-033,PROD-028,2026-08-16 08:12:00,La Paz,CAM-28,CHO-084,397,397.0,48,45.5,1,1,1,,False
350,ORD-2026-00350,CLI-050,PROD-021,2026-08-01 14:08:00,Oruro,CAM-16,CHO-022,137,131.0,72,54.7,1,0,0,,False
351,ORD-2026-00351,CLI-098,PROD-010,2026-08-03 01:03:00,Tarija,CAM-26,CHO-026,265,265.0,24,21.6,1,1,1,,False
352,ORD-2026-00352,CLI-049,PROD-007,2026-08-26 10:33:00,Cochabamba,CAM-01,CHO-055,32,32.0,24,26.7,0,1,0,,False
353,ORD-2026-00353,CLI-029,PROD-019,2026-08-27 01:39:00,La Paz,CAM-27,CHO-134,65,65.0,24,20.9,1,1,1,,False
354,ORD-2026-00354,CLI-076,PROD-010,2026-08-08 11:21:00,Cochabamba,CAM-08,CHO-125,114,114.0,24,19.5,1,1,1,,False
355,ORD-2026-00355,CLI-006,PROD-027,2026-08-17 04:59:00,Tarija,CAM-26,CHO-031,308,308.0,72,71.5,1,1,1,,False
356,ORD-2026-00356,CLI-077,PROD-056,2026-08-20 14:36:00,Tarija,CAM-03,CHO-012,248,248.0,48,36.7,1,1,1,,False
357,ORD-2026-00357,CLI-081,PROD-025,2026-08-02 04:42:00,Santa Cruz,CAM-14,CHO-142,369,369.0,48,41.3,1,1,1,,False
358,ORD-2026-00358,CLI-090,PROD-036,2026-08-15 15:40:00,Oruro,CAM-05,CHO-119,364,364.0,48,32.6,1,1,1,,False
359,ORD-2026-00359,CLI-028,PROD-022,2026-08-17 22:57:00,Tarija,CAM-03,CHO-044,268,268.0,48,46.9,1,1,1,,False
360,ORD-2026-00360,CLI-084,PROD-054,2026-08-25 06:41:00,Santa Cruz,CAM-20,CHO-025,362,359.0,72,47.6,1,0,0,,False
361,ORD-2026-00361,CLI-031,PROD-010,2026-08-09 04:22:00,La Paz,CAM-27,CHO-027,204,204.0,24,21.5,1,1,1,,False
362,ORD-2026-00362,CLI-061,PROD-028,2026-08-26 05:57:00,Santa Cruz,CAM-25,CHO-028,318,318.0,72,60.7,1,1,1,,False
363,ORD-2026-00363,CLI-042,PROD-008,2026-08-04 09:19:00,Cochabamba,CAM-23,CHO-140,487,471.0,72,48.9,1,0,0,,False
364,ORD-2026-00364,CLI-087,PROD-053,2026-08-01 03:14:00,Santa Cruz,CAM-29,CHO-123,229,229.0,24,17.0,1,1,1,,False
365,ORD-2026-00365,CLI-034,PROD-048,2026-08-24 13:42:00,La Paz,CAM-09,CHO-139,102,102.0,48,36.6,1,1,1,,False
366,ORD-2026-00366,CLI-100,PROD-019,2026-08-22 22:58:00,Santa Cruz,CAM-13,CHO-100,474,474.0,48,44.6,1,1,1,,False
367,ORD-2026-00367,CLI-082,PROD-002,2026-08-07 10:26:00,Santa Cruz,CAM-20,CHO-101,280,280.0,48,47.5,1,1,1,,False
368,ORD-2026-00368,CLI-066,PROD-049,2026-08-25 20:02:00,Tarija,CAM-03,CHO-048,171,171.0,48,38.0,1,1,1,,False
369,ORD-2026-00369,CLI-061,PROD-040,2026-08-25 12:01:00,Santa Cruz,CAM-14,CHO-114,15,15.0,72,37.3,1,1,1,,False
370,ORD-2026-00370,CLI-097,PROD-056,2026-08-27 05:25:00,Cochabamba,CAM-23,CHO-090,285,285.0,48,47.1,1,1,1,,False
371,ORD-2026-00371,CLI-059,PROD-049,2026-08-09 10:57:00,Tarija,CAM-03,CHO-010,247,247.0,24,22.6,1,1,1,,False
372,ORD-2026-00372,CLI-005,PROD-056,2026-08-28 09:56:00,La Paz,CAM-09,CHO-072,459,459.0,24,17.0,1,1,1,,False
373,ORD-2026-00373,CLI-078,PROD-030,2026-08-19 14:40:00,La Paz,CAM-27,CHO-052,437,437.0,48,54.6,0,1,0,,False
374,ORD-2026-00374,CLI-036,PROD-055,2026-08-19 20:40:00,Oruro,CAM-07,CHO-067,277,277.0,72,75.2,0,1,0,,False
375,ORD-2026-00375,CLI-036,PROD-024,2026-08-17 04:37:00,Oruro,CAM-16,CHO-119,406,406.0,48,32.9,1,1,1,,False
376,ORD-2026-00376,CLI-076,PROD-018,2026-08-25 17:45:00,La Paz,CAM-30,CHO-066,308,308.0,24,14.2,1,1,1,,False
377,ORD-2026-00377,CLI-074,PROD-054,2026-08-19 15:14:00,Oruro,CAM-16,CHO-110,280,280.0,48,34.1,1,1,1,,False
378,ORD-2026-00378,CLI-055,PROD-002,2026-08-08 04:44:00,La Paz,CAM-09,CHO-002,441,441.0,24,21.4,1,1,1,,False
379,ORD-2026-00379,CLI-002,PROD-001,2026-08-27 21:45:00,Oruro,CAM-05,CHO-003,281,281.0,72,54.9,1,1,1,,False
380,ORD-2026-00380,CLI-023,PROD-007,2026-08-18 22:52:00,Santa Cruz,CAM-20,CHO-149,136,136.0,48,37.5,1,1,1,,False
381,ORD-2026-00381,CLI-009,PROD-037,2026-08-10 05:24:00,Tarija,CAM-12,CHO-082,335,335.0,48,40.7,1,1,1,,False
382,ORD-2026-00382,CLI-074,PROD-045,2026-08-29 05:40:00,Oruro,CAM-16,CHO-118,92,,24,19.3,1,1,1,cantidad_entregada,True
383,ORD-2026-00383,CLI-074,PROD-049,2026-08-16 14:25:00,Oruro,CAM-05,CHO-051,319,319.0,48,29.9,1,1,1,,False
384,ORD-2026-00384,CLI-031,PROD-039,2026-08-07 05:41:00,Cochabamba,CAM-08,CHO-145,451,451.0,48,43.4,1,1,1,,False
385,ORD-2026-00385,CLI-069,PROD-021,2026-08-11 20:15:00,Tarija,CAM-26,CHO-015,312,312.0,48,45.8,1,1,1,,False
386,ORD-2026-00386,CLI-047,PROD-054,2026-08-08 11:33:00,La Paz,CAM-30,CHO-040,12,7.0,48,22.8,1,0,0,,False
387,ORD-2026-00387,CLI-058,PROD-034,2026-08-23 13:39:00,Oruro,CAM-24,CHO-136,208,208.0,48,53.3,0,1,0,,False
388,ORD-2026-00388,CLI-042,PROD-051,2026-08-06 04:09:00,Tarija,CAM-12,CHO-036,309,309.0,48,30.7,1,1,1,,False
389,ORD-2026-00389,CLI-012,PROD-027,2026-08-17 02:22:00,Oruro,CAM-02,CHO-136,80,80.0,72,88.3,0,1,0,,False
390,ORD-2026-00390,CLI-058,PROD-010,2026-08-17 09:55:00,Cochabamba,CAM-01,CHO-138,19,19.0,48,45.0,1,1,1,,False
391,ORD-2026-00391,CLI-048,PROD-028,2026-08-02 01:59:00,La Paz,CAM-27,CHO-139,328,328.0,24,16.9,1,1,1,,False
392,ORD-2026-00392,CLI-054,PROD-023,2026-08-29 14:15:00,Cochabamba,CAM-23,CHO-131,314,314.0,48,47.7,1,1,1,,False
393,ORD-2026-00393,CLI-093,PROD-017,2026-08-08 10:49:00,La Paz,CAM-09,CHO-027,348,348.0,48,42.1,1,1,1,,False
394,ORD-2026-00394,CLI-073,PROD-039,2026-08-26 15:23:00,Oruro,CAM-16,CHO-098,141,141.0,24,20.0,1,1,1,,False
395,ORD-2026-00395,CLI-009,PROD-042,2026-08-06 18:24:00,Cochabamba,CAM-19,CHO-089,90,90.0,72,47.1,1,1,1,,False
396,ORD-2026-00396,CLI-002,PROD-029,2026-08-23 12:08:00,La Paz,CAM-15,CHO-134,72,72.0,48,34.0,1,1,1,,False
397,ORD-2026-00397,CLI-009,PROD-060,2026-08-06 01:29:00,Santa Cruz,CAM-14,CHO-103,235,235.0,48,35.6,1,1,1,,False
398,ORD-2026-00398,CLI-009,PROD-043,2026-08-13 16:27:00,Tarija,CAM-03,CHO-105,201,201.0,48,39.1,1,1,1,,False
399,ORD-2026-00399,CLI-088,PROD-010,2026-08-19 13:07:00,Santa Cruz,CAM-20,CHO-101,497,497.0,48,47.2,1,1,1,,False
400,ORD-2026-00400,CLI-076,PROD-021,2026-08-21 15:06:00,Santa Cruz,CAM-04,CHO-081,430,418.0,24,18.0,1,0,0,,False
401,ORD-2026-00401,CLI-014,PROD-012,2026-08-06 08:24:00,Cochabamba,CAM-23,CHO-151,301,301.0,48,21.7,1,1,1,,False
402,ORD-2026-00402,CLI-051,PROD-007,2026-08-11 11:29:00,Cochabamba,CAM-19,CHO-016,68,68.0,48,40.5,1,1,1,,False
403,ORD-2026-00403,CLI-041,PROD-048,2026-08-21 15:13:00,La Paz,CAM-28,CHO-127,312,312.0,48,41.3,1,1,1,,False
404,ORD-2026-00404,CLI-005,PROD-009,2026-08-26 23:38:00,La Paz,CAM-30,CHO-002,186,186.0,48,18.5,1,1,1,,False
405,ORD-2026-00405,CLI-013,PROD-051,2026-08-30 14:31:00,La Paz,CAM-09,CHO-071,167,167.0,24,24.3,0,1,0,,False
406,ORD-2026-00406,CLI-093,PROD-016,2026-08-19 19:32:00,Cochabamba,CAM-23,CHO-014,55,55.0,72,64.8,1,1,1,,False
407,ORD-2026-00407,CLI-092,PROD-010,2026-08-09 05:34:00,Tarija,CAM-12,CHO-036,468,456.0,24,21.2,1,0,0,,False
408,ORD-2026-00408,CLI-041,PROD-055,2026-08-24 18:02:00,Santa Cruz,CAM-25,CHO-097,204,204.0,48,32.8,1,1,1,,False
409,ORD-2026-00409,CLI-077,PROD-006,2026-08-24 12:50:00,La Paz,CAM-15,CHO-002,454,454.0,24,16.1,1,1,1,,False
410,ORD-2026-00410,CLI-076,PROD-048,2026-08-14 14:00:00,Tarija,CAM-26,CHO-031,228,228.0,24,13.9,1,1,1,,False
411,ORD-2026-00411,CLI-080,PROD-046,2026-08-28 11:16:00,Oruro,CAM-24,CHO-150,456,456.0,72,46.7,1,1,1,,False
412,ORD-2026-00412,CLI-053,PROD-003,2026-08-23 20:31:00,Tarija,CAM-03,CHO-010,183,183.0,24,25.7,0,1,0,,False
413,ORD-2026-00413,CLI-051,PROD-050,2026-08-27 17:05:00,Santa Cruz,CAM-14,CHO-142,29,29.0,72,58.8,1,1,1,,False
414,ORD-2026-00414,CLI-031,PROD-011,2026-08-03 00:08:00,Cochabamba,CAM-23,CHO-108,368,368.0,72,49.6,1,1,1,,False
415,ORD-2026-00415,CLI-009,PROD-037,2026-08-13 00:28:00,Tarija,CAM-12,CHO-048,139,139.0,24,15.8,1,1,1,,False
416,ORD-2026-00416,CLI-005,PROD-060,2026-08-22 09:13:00,Santa Cruz,CAM-20,CHO-035,222,205.0,72,61.9,1,0,0,,False
417,ORD-2026-00417,CLI-038,PROD-045,2026-08-02 18:54:00,Santa Cruz,CAM-20,CHO-121,198,198.0,48,-38.7,1,1,1,tiempo_entrega_real_hrs,True
418,ORD-2026-00418,CLI-091,PROD-031,2026-08-25 22:54:00,Oruro,CAM-05,CHO-150,305,296.0,24,21.1,1,0,0,,False
419,ORD-2026-00419,CLI-064,PROD-057,2026-08-08 02:52:00,La Paz,CAM-09,CHO-001,83,83.0,72,40.4,1,1,1,,False
420,ORD-2026-00420,CLI-001,PROD-030,2026-08-02 09:18:00,Cochabamba,CAM-01,CHO-131,325,325.0,72,65.5,1,1,1,,False
421,ORD-2026-00421,CLI-014,PROD-044,2026-08-22 21:26:00,La Paz,CAM-09,CHO-049,132,132.0,48,46.4,1,1,1,,False
422,ORD-2026-00422,CLI-077,PROD-051,2026-08-11 14:27:00,Oruro,CAM-05,CHO-003,43,43.0,24,20.3,1,1,1,,False
423,ORD-2026-00423,CLI-056,PROD-051,2026-08-01 03:26:00,Tarija,CAM-03,CHO-048,177,177.0,24,17.9,1,1,1,,False
424,ORD-2026-00424,CLI-009,PROD-023,2026-08-27 06:19:00,Santa Cruz,CAM-20,CHO-141,449,449.0,24,10.9,1,1,1,,False
425,ORD-2026-00425,CLI-077,PROD-010,2026-08-30 08:05:00,Tarija,CAM-12,CHO-061,390,390.0,24,19.8,1,1,1,,False
426,ORD-2026-00426,CLI-068,PROD-016,2026-08-17 16:20:00,Santa Cruz,CAM-25,CHO-028,30,30.0,48,32.5,1,1,1,,False
427,ORD-2026-00427,CLI-006,PROD-015,2026-08-08 22:27:00,Tarija,CAM-12,CHO-061,20,20.0,72,65.6,1,1,1,,False
428,ORD-2026-00428,CLI-067,PROD-014,2026-08-08 01:52:00,La Paz,CAM-28,CHO-001,163,163.0,24,17.6,1,1,1,,False
429,ORD-2026-00429,CLI-065,PROD-057,2026-08-16 19:49:00,Tarija,CAM-26,CHO-082,331,331.0,72,54.7,1,1,1,,False
430,ORD-2026-00430,CLI-090,PROD-026,2026-08-03 20:35:00,La Paz,CAM-30,CHO-039,142,142.0,72,68.3,1,1,1,,False
431,ORD-2026-00431,CLI-008,PROD-028,2026-08-14 01:44:00,Cochabamba,CAM-22,CHO-041,414,414.0,72,61.0,1,1,1,,False
432,ORD-2026-00432,CLI-045,PROD-024,2026-08-10 23:02:00,Santa Cruz,CAM-04,CHO-095,113,113.0,48,46.3,1,1,1,,False
433,ORD-2026-00433,CLI-051,PROD-046,2026-08-06 05:08:00,La Paz,CAM-09,CHO-148,286,286.0,48,50.7,0,1,0,,False
434,ORD-2026-00434,CLI-082,PROD-041,2026-08-23 05:50:00,Oruro,CAM-16,CHO-150,238,238.0,48,48.2,0,1,0,,False
435,ORD-2026-00435,CLI-017,PROD-038,2026-08-05 16:25:00,Santa Cruz,CAM-06,CHO-129,329,329.0,48,35.0,1,1,1,,False
436,ORD-2026-00436,CLI-082,PROD-050,2026-08-15 08:58:00,Cochabamba,CAM-01,CHO-086,46,46.0,24,16.3,1,1,1,,False
437,ORD-2026-00437,CLI-098,PROD-005,2026-08-18 12:22:00,La Paz,CAM-15,CHO-021,38,38.0,24,16.1,1,1,1,,False
438,ORD-2026-00438,CLI-090,PROD-057,2026-08-22 10:45:00,Oruro,CAM-07,CHO-150,237,237.0,24,24.0,1,1,1,,False
439,ORD-2026-00439,CLI-035,PROD-002,2026-08-04 02:59:00,Cochabamba,CAM-23,CHO-033,221,221.0,48,44.4,1,1,1,,False
440,ORD-2026-00440,CLI-019,PROD-039,2026-08-17 20:04:00,Oruro,CAM-07,CHO-118,120,120.0,48,46.0,1,1,1,,False
441,ORD-2026-00441,CLI-022,PROD-020,2026-08-15 00:40:00,Tarija,CAM-03,CHO-088,46,46.0,48,41.2,1,1,1,,False
442,ORD-2026-00442,CLI-053,PROD-022,2026-08-30 06:40:00,La Paz,CAM-28,CHO-064,29,29.0,72,80.2,0,1,0,,False
443,ORD-2026-00443,CLI-020,PROD-047,2026-08-26 03:50:00,Tarija,CAM-03,CHO-008,170,170.0,48,47.2,1,1,1,,False
444,ORD-2026-00444,CLI-032,PROD-043,2026-08-05 21:28:00,Oruro,CAM-05,CHO-136,72,72.0,24,20.7,1,1,1,,False
445,ORD-2026-00445,CLI-024,PROD-057,2026-08-18 10:22:00,Cochabamba,CAM-17,CHO-065,243,243.0,24,14.4,1,1,1,,False
446,ORD-2026-00446,CLI-015,PROD-046,2026-08-28 11:28:00,Santa Cruz,CAM-13,CHO-018,44,44.0,24,16.8,1,1,1,,False
447,ORD-2026-00447,CLI-058,PROD-042,2026-08-15 14:09:00,La Paz,CAM-27,CHO-001,94,94.0,72,64.4,1,1,1,,False
448,ORD-2026-00448,CLI-086,PROD-005,2026-08-21 14:15:00,Cochabamba,CAM-08,CHO-090,173,173.0,72,50.4,1,1,1,,False
449,ORD-2026-00449,CLI-065,PROD-034,2026-08-01 11:42:00,Oruro,CAM-07,CHO-051,223,223.0,24,25.1,0,1,0,,False
450,ORD-2026-00450,CLI-065,PROD-008,2026-08-24 09:25:00,Cochabamba,CAM-22,CHO-131,151,151.0,48,38.3,1,1,1,,False
451,ORD-2026-00451,CLI-080,PROD-035,2026-08-26 00:01:00,Tarija,CAM-12,CHO-012,64,64.0,48,49.4,0,1,0,,False
452,ORD-2026-00452,CLI-017,PROD-004,2026-08-21 21:45:00,Tarija,CAM-26,CHO-012,387,387.0,48,31.3,1,1,1,,False
453, ord-2026-00453 ,CLI-087,PROD-050,2026-08-03 02:47:00,Tarija,CAM-03,CHO-031,490,490.0,72,55.1,1,1,1,order_id,True
454,ORD-2026-00454,CLI-062,PROD-037,2026-08-27 00:01:00,Santa Cruz,CAM-13,CHO-013,449,449.0,24,16.3,1,1,1,,False
455,ORD-2026-00455,CLI-017,PROD-037,2026-08-23 12:37:00,Oruro,CAM-07,CHO-110,26,26.0,48,38.7,1,1,1,,False
456,ORD-2026-00456,CLI-056,PROD-006,2026-08-18 05:27:00,Santa Cruz,CAM-20,CHO-060,317,300.0,48,36.6,1,0,0,,False
457,ORD-2026-00457,CLI-082,PROD-040,2026-08-21 12:56:00,Oruro,CAM-05,CHO-136,142,142.0,24,21.2,1,1,1,,False
458,ORD-2026-00458,CLI-009,PROD-019,2026-08-28 05:40:00,Tarija,CAM-12,CHO-036,242,242.0,48,37.8,1,1,1,,False
459,ORD-2026-00459,CLI-042,PROD-038,2026-08-24 22:02:00,Oruro,CAM-02,CHO-119,210,210.0,72,56.7,1,1,1,,False
460,ORD-2026-00460,CLI-041,PROD-015,2026-08-21 13:00:00,Tarija,CAM-12,CHO-082,298,289.0,48,28.1,1,0,0,,False
461,ORD-2026-00461,CLI-020,PROD-048,2026-08-01 21:51:00,La Paz,CAM-27,CHO-071,229,229.0,72,38.1,1,1,1,,False
462,ORD-2026-00462,CLI-020,PROD-029,2026-08-22 17:22:00,Oruro,CAM-02,CHO-144,417,417.0,24,17.0,1,1,1,,False
463,ORD-2026-00463,CLI-004,PROD-006,2026-08-10 17:06:00,La Paz,CAM-15,CHO-040,234,234.0,48,36.8,1,1,1,,False
464,ORD-2026-00464,CLI-016,PROD-043,2026-08-12 01:19:00,Cochabamba,CAM-23,CHO-111,176,,72,47.1,1,1,1,cantidad_entregada,True
465,ORD-2026-00465,CLI-003,PROD-032,2026-08-04 16:49:00,Tarija,CAM-03,CHO-056,103,103.0,48,46.5,1,1,1,,False
466,ORD-2026-00466,CLI-035,PROD-013,2026-08-22 09:02:00,Cochabamba,CAM-08,CHO-073,404,404.0,24,14.8,1,1,1,,False
467,ORD-2026-00467,CLI-014,PROD-037,2026-08-11 00:31:00,Cochabamba,CAM-01,CHO-068,181,170.0,24,17.7,1,0,0,,False
468,ORD-2026-00468,CLI-024,PROD-057,2026-08-25 09:18:00,Cochabamba,CAM-22,CHO-016,289,289.0,48,44.2,1,1,1,,False
469,ORD-2026-00469,CLI-049,PROD-046,2026-08-13 20:10:00,Cochabamba,CAM-08,CHO-140,182,182.0,24,22.9,1,1,1,,False
470,ORD-2026-00470,CLI-016,PROD-058,2026-08-17 14:56:00,Santa Cruz,CAM-20,CHO-081,259,259.0,72,46.2,1,1,1,,False
471,ORD-2026-00471,CLI-100,PROD-047,2026-08-04 19:18:00,Oruro,CAM-07,CHO-118,350,350.0,72,66.1,1,1,1,,False
472,ORD-2026-00472,CLI-082,PROD-047,2026-08-12 12:35:00,Oruro,CAM-07,CHO-051,392,392.0,72,62.8,1,1,1,,False
473,ORD-2026-00473,CLI-073,PROD-011,2026-08-07 19:22:00,Cochabamba,CAM-08,CHO-115,379,379.0,24,21.7,1,1,1,,False
474,ORD-2026-00474,CLI-050,PROD-034,2026-08-02 15:58:00,Oruro,CAM-24,CHO-150,252,252.0,48,35.4,1,1,1,,False
475,ORD-2026-00475,CLI-013,PROD-002,2026-08-21 04:46:00,Oruro,CAM-05,CHO-119,432,429.0,24,18.1,1,0,0,,False
476,ORD-2026-00476,CLI-051,PROD-006,2026-08-14 08:42:00,La Paz,CAM-30,CHO-023,492,492.0,24,22.1,1,1,1,,False
477,ORD-2026-00477,CLI-013,PROD-044,2026-08-16 21:40:00,Tarija,CAM-12,CHO-056,384,384.0,24,22.2,1,1,1,,False
478,ORD-2026-00478,CLI-020,PROD-009,2026-08-19 02:13:00,Tarija,CAM-12,CHO-082,330,330.0,48,41.3,1,1,1,,False
479,ORD-2026-00479,CLI-034,PROD-051,2026-08-10 14:57:00,Tarija,CAM-03,CHO-015,412,412.0,24,25.4,0,1,0,,False
480,ORD-2026-00480,CLI-070,PROD-039,2026-08-01 18:38:00,Oruro,CAM-24,CHO-038,252,252.0,48,21.4,1,1,1,,False
481,ORD-2026-00481,CLI-100,PROD-053,2026-08-10 13:09:00,Cochabamba,CAM-19,CHO-130,341,341.0,48,51.9,0,1,0,,False
482,ORD-2026-00482,CLI-084,PROD-055,2026-08-13 11:52:00,Santa Cruz,CAM-29,CHO-030,333,333.0,24,14.1,1,1,1,,False
483,ORD-2026-00483,CLI-020,PROD-005,2026-08-21 13:37:00,Oruro,CAM-07,CHO-118,219,219.0,48,37.2,1,1,1,,False
484, ord-2026-00484 ,CLI-097,PROD-054,2026-08-01 11:54:00,Tarija,CAM-12,CHO-061,60,60.0,24,13.7,1,1,1,order_id,True
485,ORD-2026-00485,CLI-090,PROD-056,2026-08-27 20:32:00,Tarija,CAM-03,CHO-146,27,27.0,24,15.9,1,1,1,,False
486,ORD-2026-00486,CLI-097,PROD-060,2026-08-18 09:40:00,Tarija,CAM-12,CHO-026,332,332.0,48,39.7,1,1,1,,False
487,ORD-2026-00487,CLI-005,PROD-003,2026-08-20 06:51:00,Oruro,CAM-05,CHO-110,55,55.0,72,45.2,1,1,1,,False
488,ORD-2026-00488,CLI-011,PROD-001,2026-08-30 06:41:00,Tarija,CAM-12,CHO-031,188,188.0,72,53.8,1,1,1,,False
489,ORD-2026-00489,CLI-003,PROD-025,2026-08-30 22:15:00,La Paz,CAM-27,CHO-072,338,,48,30.9,1,1,1,cantidad_entregada,True
490,ORD-2026-00490,CLI-058,PROD-011,2026-08-28 05:29:00,Oruro,CAM-05,CHO-003,44,44.0,24,19.0,1,1,1,,False
491,ORD-2026-00491,CLI-075,PROD-037,2026-08-11 04:46:00,La Paz,CAM-09,CHO-066,300,293.0,24,19.3,1,0,0,,False
492,ORD-2026-00492,CLI-070,PROD-047,2026-08-26 04:34:00,Tarija,CAM-03,CHO-082,150,150.0,72,47.1,1,1,1,,False
493,ORD-2026-00493,CLI-017,PROD-037,2026-08-17 03:34:00,Tarija,CAM-12,CHO-088,204,204.0,48,46.2,1,1,1,,False
494,ORD-2026-00494,CLI-017,PROD-052,2026-08-05 16:45:00,Santa Cruz,CAM-14,CHO-011,197,197.0,48,37.7,1,1,1,,False
495,ORD-2026-00495,CLI-038,PROD-044,2026-08-29 23:47:00,La Paz,CAM-09,CHO-072,55,55.0,72,55.7,1,1,1,,False
496,ORD-2026-00496,CLI-017,PROD-014,2026-08-13 16:25:00,Oruro,CAM-16,CHO-032,225,225.0,48,34.8,1,1,1,,False
497,ORD-2026-00497,CLI-075,PROD-014,2026-08-18 20:52:00,Tarija,CAM-12,CHO-048,222,222.0,24,16.6,1,1,1,,False
498,ORD-2026-00498,CLI-017,PROD-039,2026-08-03 11:45:00,Cochabamba,CAM-01,CHO-140,362,,48,42.2,1,1,1,cantidad_entregada,True
499,ORD-2026-00499,CLI-020,PROD-050,2026-08-21 09:05:00,La Paz,CAM-09,CHO-040,228,228.0,48,28.0,1,1,1,,False
500,ORD-2026-00500,CLI-002,PROD-003,2026-08-09 14:48:00,La Paz,CAM-09,CHO-139,404,404.0,24,20.4,1,1,1,,False
501,ORD-2026-00501,CLI-015,PROD-034,2026-08-14 05:08:00,La Paz,CAM-28,CHO-049,319,319.0,72,50.1,1,1,1,,False
502,ORD-2026-00502,CLI-013,PROD-009,2026-08-03 02:44:00,Tarija,CAM-03,CHO-132,280,280.0,48,42.0,1,1,1,,False
503,ORD-2026-00503,CLI-072,PROD-045,2026-08-22 10:14:00,La Paz,CAM-09,CHO-005,388,388.0,72,67.4,1,1,1,,False
504,ORD-2026-00504,CLI-059,PROD-007,2026-08-11 23:02:00,La Paz,CAM-15,CHO-049,119,119.0,48,35.3,1,1,1,,False
505,ORD-2026-00505,CLI-006,PROD-034,2026-08-04 11:01:00,Cochabamba,CAM-08,CHO-068,331,331.0,24,19.3,1,1,1,,False
506,ORD-2026-00506,CLI-086,PROD-054,2026-08-02 23:55:00,Santa Cruz,CAM-21,CHO-103,304,304.0,48,37.9,1,1,1,,False
507,ORD-2026-00507,CLI-069,PROD-052,2026-08-14 08:01:00,La Paz,CAM-09,CHO-064,35,35.0,72,76.3,0,1,0,,False
508,ORD-2026-00508,CLI-032,PROD-016,2026-08-22 00:17:00,Tarija,CAM-26,CHO-056,149,149.0,72,72.6,0,1,0,,False
509,ORD-2026-00509,CLI-046,PROD-005,2026-08-18 20:20:00,La Paz,CAM-15,CHO-134,350,350.0,48,33.6,1,1,1,,False
510,ORD-2026-00510,CLI-041,PROD-020,2026-08-05 18:18:00,Oruro,CAM-05,CHO-118,104,104.0,72,64.3,1,1,1,,False
511,ORD-2026-00511,CLI-063,PROD-035,2026-08-24 23:27:00,Santa Cruz,CAM-18,CHO-034,344,344.0,48,40.0,1,1,1,,False
512,ORD-2026-00512,CLI-026,PROD-001,2026-08-30 15:47:00,Tarija,CAM-12,CHO-048,cincuenta,72.0,24,17.2,1,1,1,cantidad_solicitada,True
513,ORD-2026-00513,CLI-002,PROD-027,2026-08-28 14:59:00,La Paz,CAM-09,CHO-057,264,,48,34.7,1,1,1,cantidad_entregada,True
514,ORD-2026-00514,CLI-086,PROD-042,2026-08-07 13:20:00,Cochabamba,CAM-23,CHO-094,103,103.0,48,43.2,1,1,1,,False
515,ORD-2026-00515,CLI-048,PROD-042,2026-08-29 06:41:00,Oruro,CAM-05,CHO-038,301,301.0,24,24.3,0,1,0,,False
516,ORD-2026-00516,CLI-048,PROD-018,2026-08-14 08:22:00,Santa Cruz,CAM-06,CHO-101,29,29.0,48,46.9,1,1,1,,False
517,ORD-2026-00517,CLI-025,PROD-029,2026-08-26 10:24:00,Cochabamba,CAM-19,CHO-077,96,96.0,24,21.7,1,1,1,,False
518,ORD-2026-00518,CLI-024,PROD-032,2026-08-25 05:14:00,Oruro,CAM-07,CHO-110,243,243.0,24,19.7,1,1,1,,False
519,ORD-2026-00519,CLI-075,PROD-060,2026-08-02 11:45:00,Oruro,CAM-05,CHO-003,191,176.0,48,32.2,1,0,0,,False
520,ORD-2026-00520,CLI-027,PROD-040,2026-08-26 05:25:00,Tarija,CAM-03,CHO-048,444,444.0,24,16.1,1,1,1,,False
521,ORD-2026-00521,CLI-070,PROD-009,2026-08-12 03:28:00,Tarija,CAM-03,CHO-088,35,35.0,48,44.6,1,1,1,,False
522,ORD-2026-00522,CLI-084,PROD-016,2026-08-07 21:38:00,La Paz,CAM-15,CHO-134,147,147.0,48,41.2,1,1,1,,False
523,ORD-2026-00523,CLI-021,PROD-057,2026-08-11 14:41:00,La Paz,CAM-27,CHO-091,172,172.0,72,43.9,1,1,1,,False
524,ORD-2026-00524,CLI-038,PROD-059,2026-08-01 01:16:00,Santa Cruz,CAM-13,CHO-062,247,247.0,48,41.4,1,1,1,,False
525,ORD-2026-00525,CLI-040,PROD-050,2026-08-10 00:04:00,La Paz,CAM-09,CHO-126,399,399.0,24,24.7,0,1,0,,False
526,ORD-2026-00526,CLI-037,PROD-002,2026-08-15 23:19:00,Santa Cruz,CAM-14,CHO-104,120,120.0,72,72.0,1,1,1,,False
527,ORD-2026-00527,CLI-005,PROD-031,2026-08-13 18:10:00,Oruro,CAM-05,CHO-003,125,120.0,24,20.0,1,0,0,,False
528,ORD-2026-00528,CLI-034,PROD-055,2026-08-15 20:47:00,Cochabamba,CAM-23,CHO-055,400,400.0,24,17.1,1,1,1,,False
529,ORD-2026-00529,CLI-085,PROD-010,2026-08-16 18:40:00,Tarija,CAM-12,CHO-031,182,182.0,24,26.9,0,1,0,,False
530,ORD-2026-00530,CLI-088,PROD-002,2026-08-11 05:26:00,Tarija,CAM-12,CHO-105,171,171.0,24,18.6,1,1,1,,False
531,ORD-2026-00531,CLI-069,PROD-022,2026-08-22 07:36:00,Tarija,CAM-03,CHO-082,24,24.0,72,59.8,1,1,1,,False
532,ORD-2026-00532,CLI-054,PROD-059,2026-08-10 23:47:00,Cochabamba,CAM-22,CHO-140,337,337.0,48,29.8,1,1,1,,False
533,ORD-2026-00533,CLI-003,PROD-031,2026-08-01 11:33:00,Tarija,CAM-12,CHO-050,342,342.0,24,19.5,1,1,1,,False
534,ORD-2026-00534,CLI-012,PROD-060,2026-08-28 08:52:00,Santa Cruz,CAM-14,CHO-053,101,101.0,24,24.4,0,1,0,,False
535,ORD-2026-00535,CLI-019,PROD-058,2026-08-06 02:20:00,Tarija,CAM-03,CHO-122,342,342.0,48,45.0,1,1,1,,False
536,ORD-2026-00536,CLI-060,PROD-040,2026-08-16 07:09:00,Oruro,CAM-24,CHO-003,108,108.0,72,60.8,1,1,1,,False
537,ORD-2026-00537,CLI-035,PROD-018,2026-08-29 11:44:00,Santa Cruz,CAM-13,CHO-109,272,272.0,48,48.1,0,1,0,,False
538,ORD-2026-00538,CLI-054,PROD-055,2026-08-28 20:05:00,Cochabamba,CAM-23,CHO-073,437,437.0,48,30.8,1,1,1,,False
539,ORD-2026-00539,CLI-080,PROD-055,2026-08-30 10:10:00,Oruro,CAM-16,CHO-038,58,58.0,48,26.1,1,1,1,,False
540,ORD-2026-00540,CLI-094,PROD-022,20/08/2026 03:07,Santa Cruz,CAM-20,CHO-095,314,314.0,72,88.2,0,1,0,fecha_despacho,True
541,ORD-2026-00541,CLI-025,PROD-015,2026-08-26 21:08:00,Tarija,CAM-03,CHO-048,102,102.0,48,29.4,1,1,1,,False
542,ORD-2026-00542,CLI-058,PROD-010,2026-08-17 07:06:00,Tarija,CAM-26,CHO-122,13,13.0,24,17.7,1,1,1,,False
543,ORD-2026-00543,CLI-017,PROD-045,2026-08-10 18:35:00,Oruro,CAM-05,CHO-038,157,157.0,24,19.2,1,1,1,,False
544,ORD-2026-00544,CLI-062,PROD-019,2026-08-01 21:20:00,La Paz,CAM-09,CHO-001,36,36.0,72,39.8,1,1,1,,False
545,ORD-2026-00545,CLI-049,PROD-050,2026-08-17 23:05:00,Oruro,CAM-05,CHO-003,246,246.0,72,62.9,1,1,1,,False
546, ord-2026-00546 ,CLI-003,PROD-019,2026-08-06 12:50:00,Tarija,CAM-03,CHO-082,55,55.0,48,40.5,1,1,1,order_id,True
547,ORD-2026-00547,CLI-023,PROD-026,2026-08-05 11:10:00,Cochabamba,CAM-08,CHO-069,272,272.0,48,36.8,1,1,1,,False
548,ORD-2026-00548,CLI-003,PROD-024,2026-08-26 21:37:00,La Paz,CAM-28,CHO-093,253,253.0,24,23.2,1,1,1,,False
549,ORD-2026-00549,CLI-098,PROD-028,2026-08-14 11:14:00,Cochabamba,CAM-22,CHO-124,309,309.0,24,23.0,1,1,1,,False
550,ORD-2026-00550,CLI-053,PROD-015,2026-08-24 12:16:00,Cochabamba,CAM-22,CHO-116,166,166.0,24,16.3,1,1,1,,False
551,ORD-2026-00551,CLI-073,PROD-034,2026-08-11 08:11:00,Oruro,CAM-02,CHO-144,397,397.0,72,67.2,1,1,1,,False
552,ORD-2026-00552,CLI-030,PROD-037,2026-08-27 21:29:00,Santa Cruz,CAM-25,CHO-070,397,397.0,24,18.9,1,1,1,,False
553,ORD-2026-00553,CLI-071,PROD-034,2026-08-26 03:46:00,La Paz,CAM-27,CHO-071,365,365.0,72,56.6,1,1,1,,False
554,ORD-2026-00554,CLI-067,PROD-028,2026-08-24 23:07:00,Tarija,CAM-12,CHO-009,365,347.0,72,49.2,1,0,0,,False
555,ORD-2026-00555,CLI-082,PROD-054,2026-08-28 08:36:00,Oruro,CAM-05,CHO-022,149,149.0,48,40.8,1,1,1,,False
556,ORD-2026-00556,CLI-100,PROD-041,2026-08-19 02:51:00,La Paz,CAM-09,CHO-093,482,472.0,72,71.4,1,0,0,,False
557,ORD-2026-00557,CLI-019,PROD-002,2026-08-23 07:26:00,Cochabamba,CAM-22,CHO-124,197,197.0,72,63.5,1,1,1,,False
558,ORD-2026-00558,CLI-029,PROD-004,2026-08-27 17:05:00,Oruro,CAM-02,CHO-022,191,191.0,24,19.4,1,1,1,,False
559,ORD-2026-00559,CLI-063,PROD-037,2026-08-25 08:00:00,Tarija,CAM-26,CHO-061,328,328.0,72,79.6,0,1,0,,False
560,ORD-2026-00560,CLI-061,PROD-030,2026-08-29 04:29:00,Santa Cruz,CAM-11,CHO-109,79,79.0,48,46.7,1,1,1,,False
561,ORD-2026-00561,CLI-021,PROD-023,2026-08-02 08:20:00,Oruro,CAM-05,CHO-051,297,297.0,24,21.0,1,1,1,,False
562,ORD-2026-00562,CLI-018,PROD-047,2026-08-18 23:27:00,Tarija,CAM-03,CHO-045,471,471.0,48,41.0,1,1,1,,False
563,ORD-2026-00563,CLI-095,PROD-019,2026-08-01 12:29:00,Tarija,CAM-12,CHO-105,309,309.0,48,39.3,1,1,1,,False
564,ORD-2026-00564,CLI-009,PROD-002,2026-08-16 12:44:00,Tarija,CAM-03,CHO-082,289,289.0,24,24.1,0,1,0,,False
565,ORD-2026-00565,CLI-086,PROD-003,2026-08-13 07:08:00,Cochabamba,CAM-01,CHO-131,205,205.0,72,79.1,0,1,0,,False
566,ORD-2026-00566,CLI-034,PROD-048,2026-08-13 08:04:00,Santa Cruz,CAM-21,CHO-109,262,262.0,72,62.4,1,1,1,,False
567,ORD-2026-00567,CLI-016,PROD-038,2026-08-13 04:04:00,La Paz,CAM-09,CHO-137,361,361.0,72,80.7,0,1,0,,False
568,ORD-2026-00568,CLI-099,PROD-039,2026-08-15 01:54:00,Santa Cruz,CAM-21,CHO-020,495,478.0,24,17.2,1,0,0,,False
569,ORD-2026-00569,CLI-098,PROD-003,2026-08-27 12:55:00,Cochabamba,CAM-23,CHO-073,451,451.0,48,29.6,1,1,1,,False
570,ORD-2026-00570,CLI-060,PROD-011,2026-08-09 10:14:00,La Paz,CAM-28,CHO-049,56,56.0,48,40.0,1,1,1,,False
571,ORD-2026-00571,CLI-046,PROD-023,2026-08-02 15:13:00,Oruro,CAM-05,CHO-098,453,453.0,72,55.0,1,1,1,,False
572,ORD-2026-00572,CLI-074,PROD-028,2026-08-24 20:28:00,Cochabamba,CAM-19,CHO-033,385,385.0,24,20.7,1,1,1,,False
573,ORD-2026-00573,CLI-063,PROD-023,2026-08-26 01:46:00,Cochabamba,CAM-23,CHO-143,336,336.0,48,26.1,1,1,1,,False
574,ORD-2026-00574,CLI-093,PROD-010,2026-08-03 21:24:00,La Paz,CAM-09,CHO-072,206,206.0,48,49.8,0,1,0,,False
575,ORD-2026-00575,CLI-083,PROD-047,2026-08-04 00:56:00,La Paz,CAM-15,CHO-139,146,146.0,48,42.8,1,1,1,,False
576,ORD-2026-00576,CLI-024,PROD-001,2026-08-29 13:11:00,Tarija,CAM-12,CHO-010,115,115.0,72,38.8,1,1,1,,False
577,ORD-2026-00577,CLI-080,PROD-011,2026-08-25 22:47:00,Santa Cruz,CAM-13,CHO-053,353,353.0,24,21.9,1,1,1,,False
578,ORD-2026-00578,CLI-030,PROD-036,2026-08-24 13:52:00,Oruro,CAM-05,CHO-051,495,495.0,72,46.9,1,1,1,,False
579,ORD-2026-00579,CLI-043,PROD-050,2026-08-12 23:21:00,Santa Cruz,CAM-13,CHO-121,166,166.0,24,18.2,1,1,1,,False
580,ORD-2026-00580,CLI-007,PROD-023,2026-08-08 06:31:00,Cochabamba,CAM-01,CHO-016,222,222.0,72,51.6,1,1,1,,False
581,ORD-2026-00581,CLI-075,PROD-060,2026-08-03 00:51:00,Cochabamba,CAM-23,CHO-130,133,133.0,72,65.1,1,1,1,,False
582,ORD-2026-00582,CLI-031,PROD-021,2026-08-22 23:51:00,La Paz,CAM-27,CHO-040,362,362.0,48,30.5,1,1,1,,False
583,ORD-2026-00583,CLI-036,PROD-055,2026-08-22 07:41:00,Cochabamba,CAM-23,CHO-147,235,235.0,48,42.9,1,1,1,,False
584,ORD-2026-00584,CLI-017,PROD-027,2026-08-21 03:16:00,Cochabamba,CAM-23,CHO-130,224,224.0,48,46.1,1,1,1,,False
585,ORD-2026-00585,CLI-034,PROD-022,2026-08-26 01:37:00,Santa Cruz,CAM-20,CHO-097,371,371.0,48,29.5,1,1,1,,False
586,ORD-2026-00586,CLI-022,PROD-056,2026-08-22 22:47:00,La Paz,CAM-28,CHO-023,192,192.0,24,12.7,1,1,1,,False
587,ORD-2026-00587,CLI-058,PROD-025,2026-08-15 15:31:00,Oruro,CAM-05,CHO-051,90,90.0,48,30.9,1,1,1,,False
588,ORD-2026-00588,CLI-055,PROD-037,2026-08-19 17:24:00,Cochabamba,CAM-01,CHO-140,417,417.0,24,18.0,1,1,1,,False
589,ORD-2026-00589,CLI-064,PROD-033,2026-08-17 20:46:00,Cochabamba,CAM-19,CHO-116,230,230.0,24,22.1,1,1,1,,False
590,ORD-2026-00590,CLI-011,PROD-023,2026-08-21 18:21:00,Tarija,CAM-12,CHO-050,128,128.0,72,58.5,1,1,1,,False
591,ORD-2026-00591,CLI-057,PROD-008,2026-08-30 08:50:00,Oruro,CAM-05,CHO-032,486,486.0,48,19.5,1,1,1,,False
592,ORD-2026-00592,CLI-039,PROD-017,2026-08-26 23:41:00,Santa Cruz,CAM-14,CHO-121,497,488.0,24,14.6,1,0,0,,False
593,ORD-2026-00593,CLI-034,PROD-056,2026-08-30 20:24:00,Oruro,CAM-05,CHO-032,251,251.0,24,19.6,1,1,1,,False
594,ORD-2026-00594,CLI-014,PROD-033,2026-08-18 02:01:00,La Paz,CAM-15,CHO-066,104,104.0,48,48.7,0,1,0,,False
595,ORD-2026-00595,CLI-039,PROD-002,2026-08-17 19:31:00,Santa Cruz,CAM-20,CHO-081,348,348.0,48,26.3,1,1,1,,False
596,ORD-2026-00596,CLI-014,PROD-058,2026-08-05 16:34:00,Oruro,CAM-05,CHO-003,134,134.0,24,19.5,1,1,1,,False
597,ORD-2026-00597,CLI-082,PROD-024,2026-08-11 11:46:00,Oruro,CAM-02,CHO-110,225,225.0,72,51.2,1,1,1,,False
598,ORD-2026-00598,CLI-091,PROD-030,2026-08-13 22:58:00,Cochabamba,CAM-23,CHO-086,202,202.0,48,43.7,1,1,1,,False
599,ORD-2026-00599,CLI-037,PROD-038,2026-08-11 01:05:00,Cochabamba,CAM-23,CHO-055,136,127.0,48,42.8,1,0,0,,False
600,ORD-2026-00600,CLI-029,PROD-008,2026-08-09 17:30:00,Tarija,CAM-03,CHO-043,122,122.0,24,16.2,1,1,1,,False
601,ORD-2026-00601,CLI-073,PROD-045,2026-08-13 01:21:00,La Paz,CAM-30,CHO-083,201,201.0,24,20.8,1,1,1,,False
602,ORD-2026-00602,CLI-043,PROD-056,2026-08-06 21:11:00,La Paz,CAM-09,CHO-001,192,192.0,72,45.8,1,1,1,,False
603,ORD-2026-00603,CLI-083,PROD-021,2026-08-10 09:47:00,Santa Cruz,CAM-18,CHO-100,333,333.0,24,21.2,1,1,1,,False
604,ORD-2026-00604,CLI-027,PROD-004,2026-08-02 07:35:00,Oruro,CAM-16,CHO-098,458,458.0,48,49.8,0,1,0,,False
605,ORD-2026-00605,CLI-062,PROD-031,2026-08-26 17:39:00,Oruro,CAM-05,CHO-022,284,284.0,48,47.0,1,1,1,,False
606,ORD-2026-00606,CLI-034,PROD-037,2026-08-13 05:49:00,La Paz,CAM-28,CHO-091,248,248.0,48,42.6,1,1,1,,False
607,ORD-2026-00607,CLI-043,PROD-035,2026-08-27 03:37:00,Cochabamba,CAM-01,CHO-108,62,62.0,24,18.8,1,1,1,,False
608,ORD-2026-00608,CLI-012,PROD-030,2026-08-13 14:31:00,Oruro,CAM-02,CHO-038,153,153.0,24,19.4,1,1,1,,False
609,ORD-2026-00609,CLI-004,PROD-011,2026-08-07 02:44:00,Santa Cruz,CAM-13,CHO-120,320,320.0,72,73.8,0,1,0,,False
610,ORD-2026-00610,CLI-084,PROD-023,2026-08-19 11:53:00,Tarija,CAM-12,CHO-048,327,327.0,24,15.2,1,1,1,,False
611,ORD-2026-00611,CLI-092,PROD-004,2026-08-11 07:46:00,Oruro,CAM-05,CHO-098,104,104.0,24,19.8,1,1,1,,False
612,ORD-2026-00612,CLI-062,PROD-010,2026-08-09 23:18:00,Oruro,CAM-24,CHO-003,11,11.0,48,38.1,1,1,1,,False
613,ORD-2026-00613,CLI-011,PROD-031,2026-08-27 11:43:00,Oruro,CAM-05,CHO-144,344,344.0,72,68.7,1,1,1,,False
614,ORD-2026-00614,CLI-087,PROD-053,2026-08-01 16:55:00,Santa Cruz,CAM-04,CHO-080,442,442.0,72,42.7,1,1,1,,False
615,ORD-2026-00615,CLI-079,PROD-057,2026-08-03 11:28:00,Oruro,CAM-05,CHO-118,108,108.0,48,39.0,1,1,1,,False
616,ORD-2026-00616,CLI-069,PROD-055,2026-08-15 14:41:00,Santa Cruz,CAM-11,CHO-053,98,98.0,72,62.2,1,1,1,,False
617,ORD-2026-00617,CLI-033,PROD-052,2026-08-13 07:07:00,La Paz,CAM-28,CHO-039,294,294.0,72,72.6,0,1,0,,False
618,ORD-2026-00618,CLI-097,PROD-042,2026-08-27 22:51:00,Tarija,CAM-12,CHO-146,313,313.0,48,42.2,1,1,1,,False
619,ORD-2026-00619,CLI-041,PROD-048,2026-08-13 06:07:00,Oruro,CAM-16,CHO-150,69,69.0,48,43.9,1,1,1,,False
620,ORD-2026-00620,CLI-100,PROD-055,2026-08-11 12:51:00,Cochabamba,CAM-01,CHO-054,143,143.0,72,61.1,1,1,1,,False
621,ORD-2026-00621,CLI-054,PROD-052,2026-08-05 08:40:00,Santa Cruz,CAM-14,CHO-141,146,146.0,24,16.5,1,1,1,,False
622,ORD-2026-00622,CLI-074,PROD-051,2026-08-14 08:28:00,Tarija,CAM-12,CHO-132,250,250.0,72,62.0,1,1,1,,False
623,ORD-2026-00623,CLI-012,PROD-033,2026-08-21 15:00:00,Cochabamba,CAM-22,CHO-077,413,413.0,24,19.0,1,1,1,,False
624,ORD-2026-00624,CLI-025,PROD-023,2026-08-27 19:47:00,Cochabamba,CAM-22,CHO-143,329,329.0,48,42.7,1,1,1,,False
625,ORD-2026-00625,CLI-025,PROD-058,2026-08-09 18:57:00,Tarija,CAM-26,CHO-061,218,218.0,48,39.5,1,1,1,,False
626,ORD-2026-00626,CLI-025,PROD-040,2026-08-19 16:30:00,Oruro,CAM-05,CHO-150,63,63.0,48,36.0,1,1,1,,False
627,ORD-2026-00627,CLI-045,PROD-036,2026-08-12 10:00:00,Tarija,CAM-03,CHO-015,469,469.0,24,18.8,1,1,1,,False
628,ORD-2026-00628,CLI-064,PROD-035,2026-08-30 15:10:00,Cochabamba,CAM-23,CHO-140,494,494.0,24,25.3,0,1,0,,False
629,ORD-2026-00629,CLI-029,PROD-046,2026-08-24 14:48:00,Santa Cruz,CAM-04,CHO-100,109,109.0,48,28.7,1,1,1,,False
630,ORD-2026-00630,CLI-005,PROD-043,2026-08-13 22:24:00,Santa Cruz,CAM-14,CHO-128,183,183.0,72,74.5,0,1,0,,False
631,ORD-2026-00631,CLI-077, prod-030 ,2026-08-19 16:36:00,Cochabamba,CAM-08,CHO-073,415,415.0,72,62.8,1,1,1,producto_id,True
632,ORD-2026-00632,CLI-077,PROD-054,2026-08-14 08:53:00,Cochabamba,CAM-19,CHO-115,327,327.0,24,15.0,1,1,1,,False
633,ORD-2026-00633,CLI-059,PROD-046,2026-08-16 14:07:00,Oruro,CAM-07,CHO-003,317,317.0,24,23.4,1,1,1,,False
634,ORD-2026-00634,CLI-090,PROD-038,2026-08-07 20:34:00,Cochabamba,CAM-19,CHO-140,347,347.0,48,52.5,0,1,0,,False
635,ORD-2026-00635,CLI-037,PROD-018,2026-08-11 04:01:00,Santa Cruz,CAM-04,CHO-149,127,127.0,72,52.6,1,1,1,,False
636,ORD-2026-00636,CLI-082,PROD-002,2026-08-08 16:55:00,Tarija,CAM-03,CHO-009,40,40.0,72,65.3,1,1,1,,False
637,ORD-2026-00637,CLI-091,PROD-019,2026-08-16 21:11:00,Santa Cruz,CAM-14,CHO-035,445,445.0,48,43.1,1,1,1,,False
638,ORD-2026-00638,CLI-006,PROD-058,2026-08-20 16:00:00,Santa Cruz,CAM-13,CHO-046,213,213.0,24,22.4,1,1,1,,False
639,ORD-2026-00639,CLI-075,PROD-006,2026-08-14 01:24:00,La Paz,CAM-28,CHO-148,259,243.0,24,20.0,1,0,0,,False
640,ORD-2026-00640,CLI-004,PROD-035,2026-08-05 19:01:00,Cochabamba,CAM-23,CHO-041,54,47.0,24,17.5,1,0,0,,False
641,ORD-2026-00641,CLI-028,PROD-046,2026-08-03 22:24:00,Tarija,CAM-26,CHO-048,250,250.0,24,14.7,1,1,1,,False
642,ORD-2026-00642,CLI-074,PROD-020,2026-08-25 12:21:00,Tarija,CAM-03,CHO-045,75,75.0,48,51.2,0,1,0,,False
643,ORD-2026-00643,CLI-088,PROD-031,2026-08-09 09:13:00,Tarija,CAM-03,CHO-056,31,31.0,24,18.7,1,1,1,,False
644,ORD-2026-00644,CLI-067,PROD-035,2026-08-13 15:38:00,Cochabamba,CAM-08,CHO-014,449,449.0,24,22.4,1,1,1,,False
645,ORD-2026-00645,CLI-012,PROD-060,2026-08-24 06:53:00,Tarija,CAM-12,CHO-061,481,481.0,48,24.2,1,1,1,,False
646,ORD-2026-00646,CLI-065,PROD-036,2026-08-15 13:06:00,Oruro,CAM-05,CHO-003,425,425.0,24,20.2,1,1,1,,False
647,ORD-2026-00647,CLI-030,PROD-016,2026-08-01 03:37:00,Tarija,CAM-26,CHO-009,459,459.0,24,20.7,1,1,1,,False
648,ORD-2026-00648,CLI-052,PROD-014,2026-08-11 14:55:00,Tarija,CAM-03,CHO-122,345,345.0,72,60.6,1,1,1,,False
649,ORD-2026-00649,CLI-020,PROD-013,2026-08-25 16:59:00,La Paz,CAM-09,CHO-064,428,428.0,24,19.2,1,1,1,,False
650,ORD-2026-00650,CLI-048,PROD-055,2026-08-05 07:35:00,Santa Cruz,CAM-14,CHO-109,319,319.0,48,30.8,1,1,1,,False
651,ORD-2026-00651,CLI-037,PROD-019,2026-08-19 11:31:00,Tarija,CAM-03,CHO-050,144,144.0,72,63.1,1,1,1,,False
652,ORD-2026-00652,CLI-045,PROD-042,2026-08-30 16:39:00,Oruro,CAM-24,CHO-136,152,152.0,48,45.5,1,1,1,,False
653,ORD-2026-00653,CLI-049,PROD-046,2026-08-27 19:05:00,Oruro,CAM-24,CHO-051,370,370.0,24,19.2,1,1,1,,False
654,ORD-2026-00654,CLI-075,PROD-006,2026-08-29 07:43:00,La Paz,CAM-09,CHO-052,367,367.0,24,24.9,0,1,0,,False
655,ORD-2026-00655,CLI-060,PROD-013,2026-08-20 01:04:00,Cochabamba,CAM-22,CHO-135,336,328.0,24,26.2,0,0,0,,False
656,ORD-2026-00656,CLI-054,PROD-013,2026-08-05 03:43:00,Santa Cruz,CAM-14,CHO-106,124,124.0,24,20.6,1,1,1,,False
657,ORD-2026-00657,CLI-006,PROD-046,2026-08-16 08:36:00,La Paz,CAM-27,CHO-040,387,387.0,72,53.3,1,1,1,,False
658,ORD-2026-00658,CLI-063,PROD-040,2026-08-29 17:07:00,La Paz,CAM-09,CHO-027,354,354.0,24,30.8,0,1,0,,False
659,ORD-2026-00659,CLI-096,PROD-001,2026-08-21 07:16:00,Tarija,CAM-03,CHO-056,261,261.0,24,21.9,1,1,1,,False
660,ORD-2026-00660,CLI-053,PROD-021,2026-08-12 14:17:00,La Paz,CAM-09,CHO-002,366,366.0,24,15.1,1,1,1,,False
661,ORD-2026-00661,CLI-054,PROD-053,2026-08-11 20:44:00,La Paz,CAM-15,CHO-134,470,470.0,24,16.1,1,1,1,,False
662,ORD-2026-00662,CLI-034,PROD-014,2026-08-09 15:19:00,La Paz,CAM-30,CHO-139,117,117.0,48,52.8,0,1,0,,False
663,ORD-2026-00663,CLI-088,PROD-002,2026-08-15 21:51:00,Tarija,CAM-12,CHO-031,470,470.0,24,27.0,0,1,0,,False
664,ORD-2026-00664,CLI-013,PROD-046,2026-08-09 19:47:00,Cochabamba,CAM-01,CHO-054,368,368.0,24,20.0,1,1,1,,False
665,ORD-2026-00665,CLI-070,PROD-035,2026-08-02 23:53:00,Santa Cruz,CAM-20,CHO-070,47,47.0,72,45.5,1,1,1,,False
666,ORD-2026-00666,CLI-038,PROD-003,2026-08-09 12:16:00,Cochabamba,CAM-23,CHO-041,482,482.0,24,17.3,1,1,1,,False
667,ORD-2026-00667,CLI-035,PROD-042,2026-08-30 15:36:00,La Paz,CAM-27,CHO-093,441,441.0,24,23.0,1,1,1,,False
668,ORD-2026-00668,CLI-008,PROD-055,2026-08-03 18:29:00,Cochabamba,CAM-22,CHO-065,287,287.0,72,66.8,1,1,1,,False
669,ORD-2026-00669,CLI-062,PROD-048,2026-08-26 04:21:00,Santa Cruz,CAM-06,CHO-113,423,423.0,48,44.9,1,1,1,,False
670,ORD-2026-00670,CLI-081,PROD-011,2026-08-30 22:58:00,La Paz,CAM-09,CHO-102,331,331.0,48,38.7,1,1,1,,False
671,ORD-2026-00671,CLI-078,PROD-027,2026-08-03 22:00:00,Oruro,CAM-16,CHO-067,287,287.0,48,38.4,1,1,1,,False
672,ORD-2026-00672,CLI-028,PROD-040,2026-08-17 20:56:00,Oruro,CAM-05,CHO-051,316,316.0,48,34.9,1,1,1,,False
673,ORD-2026-00673,CLI-065,PROD-038,2026-08-29 02:02:00,La Paz,CAM-27,CHO-139,28,28.0,72,72.9,0,1,0,,False
674,ORD-2026-00674,CLI-012,PROD-017,2026-08-14 06:59:00,La Paz,CAM-28,CHO-021,69,69.0,48,38.4,1,1,1,,False
675,ORD-2026-00675,CLI-027,PROD-054,2026-08-21 09:58:00,Tarija,CAM-03,CHO-015,17,17.0,24,19.6,1,1,1,,False
676,ORD-2026-00676,CLI-060,PROD-016,2026-08-15 09:01:00,La Paz,CAM-09,CHO-137,292,292.0,72,48.6,1,1,1,,False
677,ORD-2026-00677,CLI-053,PROD-003,2026-08-06 08:04:00,Tarija,CAM-03,CHO-012,384,384.0,24,23.6,1,1,1,,False
678,ORD-2026-00678,CLI-032,PROD-052,2026-08-20 03:11:00,Cochabamba,CAM-23,CHO-138,455,455.0,48,42.3,1,1,1,,False
679,ORD-2026-00679,CLI-004,PROD-013,2026-08-22 22:39:00,La Paz,CAM-09,CHO-057,203,203.0,24,17.7,1,1,1,,False
680,ORD-2026-00680,CLI-016,PROD-005,2026-08-06 01:04:00,Cochabamba,CAM-08,CHO-094,172,172.0,24,24.7,0,1,0,,False
681,ORD-2026-00681,CLI-053,PROD-046,2026-08-29 19:37:00,La Paz,CAM-15,CHO-042,487,487.0,24,20.0,1,1,1,,False
682,ORD-2026-00682,CLI-097,PROD-022,2026-08-07 11:37:00,Cochabamba,CAM-17,CHO-041,480,480.0,72,44.1,1,1,1,,False
683,ORD-2026-00683,CLI-040,PROD-011,2026-08-19 06:05:00,Cochabamba,CAM-08,CHO-140,151,146.0,24,21.7,1,0,0,,False
684,ORD-2026-00684,CLI-065,PROD-050,2026-08-07 19:12:00,Tarija,CAM-12,CHO-061,229,229.0,48,37.8,1,1,1,,False
685,ORD-2026-00685,CLI-042,PROD-058,2026-08-09 00:32:00,Tarija,CAM-03,CHO-043,182,182.0,48,46.9,1,1,1,,False
686,ORD-2026-00686,CLI-097,PROD-037,2026-08-19 06:25:00,Cochabamba,CAM-17,CHO-094,16,16.0,24,18.8,1,1,1,,False
687,ORD-2026-00687,CLI-086,PROD-031,2026-08-03 08:37:00,Oruro,CAM-02,CHO-119,249,249.0,48,36.8,1,1,1,,False
688,ORD-2026-00688,CLI-074,PROD-054,2026-08-07 10:55:00,Oruro,CAM-02,CHO-117,115,115.0,24,20.1,1,1,1,,False
689,ORD-2026-00689,CLI-009,PROD-050,2026-08-06 15:45:00,Tarija,CAM-03,CHO-012,87,87.0,48,32.0,1,1,1,,False
690,ORD-2026-00690,CLI-043,PROD-024,2026-08-30 14:19:00,Tarija,CAM-26,CHO-056,419,419.0,48,29.1,1,1,1,,False
691,ORD-2026-00691,CLI-008,PROD-050,2026-08-25 20:40:00,Oruro,CAM-05,CHO-110,91,91.0,24,27.1,0,1,0,,False
692,ORD-2026-00692,CLI-052,PROD-027,2026-08-17 10:54:00,Oruro,CAM-24,CHO-119,416,398.0,72,84.4,0,0,0,,False
693,ORD-2026-00693,CLI-024,PROD-001,2026-08-12 03:58:00,La Paz,CAM-28,CHO-001,473,473.0,48,39.9,1,1,1,,False
694,ORD-2026-00694,CLI-095,PROD-021,2026-08-15 15:22:00,La Paz,CAM-27,CHO-137,276,276.0,24,19.9,1,1,1,,False
695,ORD-2026-00695,CLI-084,PROD-006,2026-08-18 00:42:00,Santa Cruz,CAM-25,CHO-095,232,232.0,48,46.5,1,1,1,,False
696,ORD-2026-00696,CLI-045,PROD-060,2026-08-30 05:36:00,La Paz,CAM-09,CHO-027,288,279.0,48,47.7,1,0,0,,False
697,ORD-2026-00697,CLI-005,PROD-038,2026-08-10 19:46:00,Santa Cruz,CAM-04,CHO-149,133,133.0,24,12.9,1,1,1,,False
698,ORD-2026-00698,CLI-066,PROD-032,2026-08-14 18:43:00,Oruro,CAM-24,CHO-119,236,236.0,48,48.7,0,1,0,,False
699,ORD-2026-00699,CLI-075,PROD-050,2026-08-09 20:04:00,Tarija,CAM-03,CHO-009,111,111.0,48,22.0,1,1,1,,False
700,ORD-2026-00700,CLI-094,PROD-053,2026-08-10 22:58:00,Cochabamba,CAM-01,CHO-094,474,474.0,24,12.1,1,1,1,,False
701,ORD-2026-00701,CLI-068,PROD-006,2026-08-07 03:13:00,Cochabamba,CAM-08,CHO-054,148,148.0,48,34.0,1,1,1,,False
702,ORD-2026-00702,CLI-042,PROD-049,2026-08-18 04:10:00,Tarija,CAM-03,CHO-031,247,247.0,48,50.4,0,1,0,,False
703,ORD-2026-00703,CLI-028,PROD-044,2026-08-20 22:59:00,La Paz,CAM-28,CHO-071,413,413.0,48,45.2,1,1,1,,False
704,ORD-2026-00704,CLI-053,PROD-013,2026-08-23 14:50:00,Tarija,CAM-12,CHO-061,373,373.0,48,40.1,1,1,1,,False
705,ORD-2026-00705,CLI-069,PROD-007,2026-08-20 14:17:00,La Paz,CAM-30,CHO-001,329,329.0,24,20.1,1,1,1,,False
706,ORD-2026-00706,CLI-092,PROD-044,2026-08-19 21:02:00,La Paz,CAM-15,CHO-023,403,403.0,48,35.4,1,1,1,,False
707,ORD-2026-00707,CLI-095,PROD-048,2026-08-11 15:37:00,Cochabamba,CAM-19,CHO-090,366,366.0,72,67.8,1,1,1,,False
708,ORD-2026-00708,CLI-014,PROD-039,2026-08-27 08:56:00,La Paz,CAM-15,CHO-137,121,121.0,48,47.5,1,1,1,,False
709,ORD-2026-00709,CLI-026,PROD-020,2026-08-18 11:29:00,Cochabamba,CAM-23,CHO-086,cincuenta,22.0,24,21.2,1,1,1,cantidad_solicitada,True
710,ORD-2026-00710,CLI-019,PROD-037,2026-08-05 16:09:00,Tarija,CAM-12,CHO-050,316,316.0,24,16.0,1,1,1,,False
711,ORD-2026-00711,CLI-039,PROD-038,2026-08-17 04:47:00,La Paz,CAM-09,CHO-005,457,457.0,48,43.3,1,1,1,,False
712,ORD-2026-00712,CLI-008,PROD-025,2026-08-04 00:55:00,La Paz,CAM-30,CHO-134,359,359.0,48,44.2,1,1,1,,False
713,ORD-2026-00713,CLI-078,PROD-023,2026-08-19 11:36:00,Cochabamba,CAM-23,CHO-068,159,159.0,72,53.3,1,1,1,,False
714,ORD-2026-00714,CLI-051,PROD-042,2026-08-18 00:41:00,Cochabamba,CAM-17,CHO-065,85,,24,24.4,0,1,0,cantidad_entregada,True
715,ORD-2026-00715,CLI-074,PROD-044,2026-08-06 11:56:00,La Paz,CAM-28,CHO-017,381,381.0,24,14.2,1,1,1,,False
716,ORD-2026-00716,CLI-086,PROD-058,2026-08-08 07:31:00,Tarija,CAM-03,CHO-044,314,314.0,24,19.8,1,1,1,,False
717,ORD-2026-00717,CLI-060,PROD-029,2026-08-11 09:55:00,Cochabamba,CAM-08,CHO-016,376,376.0,72,64.2,1,1,1,,False
718,ORD-2026-00718,CLI-061,PROD-034,2026-08-25 08:01:00,Cochabamba,CAM-23,CHO-147,215,215.0,24,17.3,1,1,1,,False
719,ORD-2026-00719,CLI-034,PROD-002,2026-08-06 02:58:00,Santa Cruz,CAM-20,CHO-013,81,81.0,24,21.3,1,1,1,,False
720,ORD-2026-00720,CLI-074,PROD-047,2026-08-09 21:10:00,La Paz,CAM-27,CHO-072,107,107.0,72,61.5,1,1,1,,False
721,ORD-2026-00721,CLI-004,PROD-007,2026-08-30 14:57:00,Oruro,CAM-24,CHO-136,75,75.0,48,46.1,1,1,1,,False
722,ORD-2026-00722,CLI-037,PROD-050,2026-08-04 03:54:00,Santa Cruz,CAM-13,CHO-046,384,384.0,72,67.1,1,1,1,,False
723,ORD-2026-00723,CLI-077,PROD-011,2026-08-19 18:43:00,Cochabamba,CAM-08,CHO-068,214,214.0,48,40.2,1,1,1,,False
724,ORD-2026-00724,CLI-001,PROD-060,2026-08-23 20:41:00,Santa Cruz,CAM-14,CHO-120,78,78.0,24,22.9,1,1,1,,False
725,ORD-2026-00725,CLI-092,PROD-053,2026-08-11 09:42:00,Santa Cruz,CAM-21,CHO-011,408,408.0,72,51.2,1,1,1,,False
726,ORD-2026-00726,CLI-058,PROD-040,2026-08-23 12:57:00,Cochabamba,CAM-08,CHO-147,410,410.0,48,39.4,1,1,1,,False
727,ORD-2026-00727,CLI-050,PROD-045,2026-08-11 13:34:00,Oruro,CAM-02,CHO-118,296,296.0,48,32.9,1,1,1,,False
728,ORD-2026-00728,CLI-051,PROD-049,2026-08-13 08:01:00,Oruro,CAM-05,CHO-117,73,60.0,72,56.6,1,0,0,,False
729,ORD-2026-00729,CLI-012,PROD-057,2026-08-29 18:45:00,Cochabamba,CAM-08,CHO-041,98,98.0,72,46.3,1,1,1,,False
730,ORD-2026-00730,CLI-001,PROD-025,2026-08-23 17:44:00,Tarija,CAM-12,CHO-122,364,364.0,24,20.9,1,1,1,,False
731,ORD-2026-00731,CLI-060,PROD-042,2026-08-26 16:47:00,Santa Cruz,CAM-21,CHO-046,491,491.0,48,31.9,1,1,1,,False
732,ORD-2026-00732,CLI-050,PROD-011,2026-08-26 05:33:00,Tarija,CAM-03,CHO-122,23,23.0,24,21.5,1,1,1,,False
733,ORD-2026-00733,CLI-013,PROD-014,2026-08-20 16:18:00,Tarija,CAM-12,CHO-132,421,421.0,72,41.7,1,1,1,,False
734,ORD-2026-00734,CLI-027,PROD-033,2026-08-17 19:02:00,Tarija,CAM-26,CHO-061,14,14.0,24,16.3,1,1,1,,False
735,ORD-2026-00735,CLI-026,PROD-058,2026-08-12 05:33:00,La Paz,CAM-09,CHO-064,81,,72,74.6,0,1,0,cantidad_entregada,True
736,ORD-2026-00736,CLI-031,PROD-031,2026-08-25 09:52:00,La Paz,CAM-30,CHO-148,115,115.0,24,21.8,1,1,1,,False
737,ORD-2026-00737,CLI-098,PROD-019,2026-08-15 09:16:00,Santa Cruz,CAM-13,CHO-092,369,369.0,24,22.8,1,1,1,,False
738,ORD-2026-00738,CLI-042,PROD-060,2026-08-29 03:06:00,Tarija,CAM-12,CHO-122,130,130.0,24,19.5,1,1,1,,False
739,ORD-2026-00739,CLI-043,PROD-053,2026-08-25 21:19:00,La Paz,CAM-28,CHO-137,184,184.0,48,39.3,1,1,1,,False
740,ORD-2026-00740,CLI-040,PROD-037,2026-08-22 20:28:00,La Paz,CAM-15,CHO-137,311,311.0,24,16.4,1,1,1,,False
741,ORD-2026-00741,CLI-042,PROD-008,2026-08-28 07:34:00,Oruro,CAM-05,CHO-051,116,116.0,24,17.7,1,1,1,,False
742,ORD-2026-00742,CLI-070,PROD-045,2026-08-25 05:55:00,Santa Cruz,CAM-10,CHO-095,404,404.0,48,30.1,1,1,1,,False
743,ORD-2026-00743,CLI-085,PROD-045,2026-08-23 21:05:00,Santa Cruz,CAM-20,CHO-018,492,492.0,24,22.9,1,1,1,,False
744,ORD-2026-00744,CLI-078,PROD-045,2026-08-22 06:43:00,Cochabamba,CAM-23,CHO-138,325,325.0,24,26.8,0,1,0,,False
745,ORD-2026-00745,CLI-072,PROD-007,2026-08-25 09:30:00,Tarija,CAM-26,CHO-010,71,71.0,72,44.7,1,1,1,,False
746,ORD-2026-00746,CLI-015,PROD-022,2026-08-11 06:00:00,La Paz,CAM-15,CHO-137,126,126.0,72,64.5,1,1,1,,False
747,ORD-2026-00747,CLI-072,PROD-043,2026-08-22 15:25:00,Santa Cruz,CAM-10,CHO-076,282,282.0,72,69.9,1,1,1,,False
748,ORD-2026-00748,CLI-021,PROD-015,2026-08-22 08:02:00,Oruro,CAM-05,CHO-022,460,460.0,24,16.6,1,1,1,,False
749,ORD-2026-00749,CLI-089,PROD-001,2026-08-22 21:10:00,Santa Cruz,CAM-20,CHO-028,429,429.0,72,56.5,1,1,1,,False
750,ORD-2026-00750,CLI-039,PROD-017,2026-08-14 20:10:00,Oruro,CAM-05,CHO-118,170,170.0,48,43.3,1,1,1,,False
751,ORD-2026-00751,CLI-026,PROD-008,2026-08-19 21:38:00,Cochabamba,CAM-01,CHO-033,371,371.0,48,37.8,1,1,1,,False
752,ORD-2026-00752,CLI-025,PROD-039,2026-08-13 19:15:00,Tarija,CAM-12,CHO-045,474,474.0,24,22.6,1,1,1,,False
753,ORD-2026-00753,CLI-091,PROD-053,2026-08-09 11:16:00,Oruro,CAM-05,CHO-051,151,151.0,24,22.0,1,1,1,,False
754,ORD-2026-00754,CLI-055,PROD-053,2026-08-19 17:36:00,La Paz,CAM-09,CHO-107,116,116.0,48,48.7,0,1,0,,False
755,ORD-2026-00755,CLI-060,PROD-043,2026-08-19 20:01:00,Oruro,CAM-05,CHO-150,83,83.0,24,20.6,1,1,1,,False
756,ORD-2026-00756,CLI-070,PROD-008,2026-08-22 16:09:00,La Paz,CAM-28,CHO-001,111,111.0,24,22.6,1,1,1,,False
757,ORD-2026-00757,CLI-100,PROD-054,2026-08-16 05:53:00,Tarija,CAM-03,CHO-012,483,483.0,48,25.2,1,1,1,,False
758,ORD-2026-00758,CLI-072,PROD-002,2026-08-24 13:56:00,Santa Cruz,CAM-20,CHO-123,301,301.0,72,48.2,1,1,1,,False
759,ORD-2026-00759,CLI-008,PROD-016,2026-08-27 02:35:00,Cochabamba,CAM-17,CHO-115,481,481.0,72,72.5,0,1,0,,False
760,ORD-2026-00760,CLI-025,PROD-052,2026-08-28 06:06:00,Santa Cruz,CAM-13,CHO-123,279,279.0,24,20.2,1,1,1,,False
761,ORD-2026-00761,CLI-030,PROD-006,2026-08-02 17:03:00,Oruro,CAM-05,CHO-051,119,119.0,24,24.7,0,1,0,,False
762,ORD-2026-00762,CLI-094,PROD-009,2026-08-12 22:09:00,Oruro,CAM-07,CHO-098,227,227.0,24,17.0,1,1,1,,False
763,ORD-2026-00763,CLI-094,PROD-047,2026-08-22 05:40:00,Cochabamba,CAM-17,CHO-140,214,214.0,48,41.2,1,1,1,,False
764,ORD-2026-00764,CLI-091,PROD-023,2026-08-21 09:21:00,Tarija,CAM-12,CHO-044,62,62.0,72,65.7,1,1,1,,False
765,ORD-2026-00765,CLI-067,PROD-023,2026-08-21 17:04:00,Tarija,CAM-12,CHO-031,326,308.0,24,26.2,0,0,0,,False
766,ORD-2026-00766,CLI-067,PROD-035,2026-08-09 20:22:00,Oruro,CAM-05,CHO-110,155,155.0,48,41.4,1,1,1,,False
767,ORD-2026-00767,CLI-014,PROD-041,2026-08-04 11:39:00,Oruro,CAM-24,CHO-117,431,431.0,48,48.7,0,1,0,,False
768,ORD-2026-00768,CLI-078,PROD-045,2026-08-02 12:14:00,La Paz,CAM-28,CHO-007,185,185.0,48,50.0,0,1,0,,False
769,ORD-2026-00769,CLI-042,PROD-025,2026-08-06 13:50:00,Cochabamba,CAM-17,CHO-087,320,320.0,72,52.5,1,1,1,,False
770,ORD-2026-00770,CLI-004,PROD-036,2026-08-19 07:34:00,Oruro,CAM-05,CHO-118,300,300.0,48,36.3,1,1,1,,False
771,ORD-2026-00771,CLI-061,PROD-023,2026-08-28 22:03:00,Santa Cruz,CAM-14,CHO-120,389,389.0,24,19.9,1,1,1,,False
772,ORD-2026-00772,CLI-018,PROD-057,2026-08-25 05:35:00,Cochabamba,CAM-01,CHO-130,306,306.0,72,53.7,1,1,1,,False
773,ORD-2026-00773,CLI-045,PROD-054,2026-08-19 11:54:00,Tarija,CAM-03,CHO-132,335,335.0,48,30.8,1,1,1,,False
774,ORD-2026-00774,CLI-001,PROD-005,2026-08-28 08:47:00,Cochabamba,CAM-17,CHO-147,149,149.0,72,77.9,0,1,0,,False
775,ORD-2026-00775,CLI-029,PROD-042,2026-08-22 06:19:00,Cochabamba,CAM-08,CHO-069,207,207.0,48,38.5,1,1,1,,False
776,ORD-2026-00776,CLI-055,PROD-050,2026-08-19 03:34:00,La Paz,CAM-09,CHO-039,57,57.0,48,33.1,1,1,1,,False
777,ORD-2026-00777,CLI-017,PROD-050,2026-08-19 14:28:00,Oruro,CAM-05,CHO-117,358,358.0,48,40.3,1,1,1,,False
778,ORD-2026-00778,CLI-022,PROD-032,2026-08-24 10:00:00,La Paz,CAM-09,CHO-042,180,168.0,48,40.5,1,0,0,,False
779,ORD-2026-00779,CLI-081,PROD-051,2026-08-06 20:12:00,Tarija,CAM-03,CHO-050,77,77.0,48,33.2,1,1,1,,False
780,ORD-2026-00780,CLI-023,PROD-030,2026-08-25 12:38:00,Santa Cruz,CAM-29,CHO-070,443,443.0,48,41.8,1,1,1,,False
781,ORD-2026-00781,CLI-028,PROD-055,2026-08-21 01:05:00,La Paz,CAM-30,CHO-049,257,257.0,72,80.0,0,1,0,,False
782,ORD-2026-00782,CLI-008,PROD-041,2026-08-22 12:08:00,La Paz,CAM-09,CHO-107,148,148.0,72,48.8,1,1,1,,False
783,ORD-2026-00783,CLI-086,PROD-047,2026-08-02 09:43:00,Santa Cruz,CAM-11,CHO-076,192,192.0,24,19.5,1,1,1,,False
784,ORD-2026-00784,CLI-069,PROD-029,2026-08-03 03:46:00,Tarija,CAM-26,CHO-061,215,215.0,48,35.8,1,1,1,,False
785,ORD-2026-00785,CLI-004,PROD-026,2026-08-21 16:47:00,La Paz,CAM-15,CHO-027,488,488.0,24,19.5,1,1,1,,False
786,ORD-2026-00786,CLI-008,PROD-053,2026-08-19 00:18:00,Oruro,CAM-02,CHO-117,414,414.0,48,27.6,1,1,1,,False
787,ORD-2026-00787,CLI-021,PROD-013,03/08/2026 03:31,Santa Cruz,CAM-14,CHO-011,162,162.0,24,22.1,1,1,1,fecha_despacho,True
788,ORD-2026-00788,CLI-014,PROD-030,2026-08-16 08:37:00,Oruro,CAM-05,CHO-117,177,177.0,48,32.9,1,1,1,,False
789,ORD-2026-00789,CLI-003,PROD-004,2026-08-10 14:39:00,Oruro,CAM-05,CHO-144,25,25.0,24,12.3,1,1,1,,False
790,ORD-2026-00790, cli-009 ,PROD-053,2026-08-20 23:14:00,Tarija,CAM-03,CHO-010,351,351.0,48,35.7,1,1,1,cliente_id,True
791,ORD-2026-00791,CLI-094,PROD-052,2026-08-24 00:08:00,Tarija,CAM-03,CHO-008,100,100.0,48,41.1,1,1,1,,False
792,ORD-2026-00792,CLI-060,PROD-025,2026-08-11 22:44:00,Tarija,CAM-03,CHO-122,35,35.0,24,25.2,0,1,0,,False
793,ORD-2026-00793,CLI-016,PROD-030,2026-08-23 18:06:00,Santa Cruz,CAM-11,CHO-101,335,335.0,48,37.8,1,1,1,,False
794,ORD-2026-00794,CLI-057,PROD-008,2026-08-28 15:55:00,Cochabamba,CAM-01,CHO-135,206,206.0,24,19.0,1,1,1,,False
795,ORD-2026-00795,CLI-100,PROD-054,2026-08-03 18:36:00,Tarija,CAM-03,CHO-122,98,98.0,48,44.9,1,1,1,,False
796,ORD-2026-00796,CLI-067,PROD-032,2026-08-10 03:50:00,La Paz,CAM-28,CHO-083,318,318.0,48,20.6,1,1,1,,False
797,ORD-2026-00797,CLI-027,PROD-043,2026-08-16 15:37:00,Cochabamba,CAM-01,CHO-143,326,326.0,72,55.7,1,1,1,,False
798,ORD-2026-00798,CLI-060,PROD-011,2026-08-13 18:53:00,Cochabamba,CAM-22,CHO-068,144,144.0,72,62.8,1,1,1,,False
799,ORD-2026-00799,CLI-093,PROD-055,2026-08-16 21:34:00,Cochabamba,CAM-17,CHO-065,31,31.0,72,53.7,1,1,1,,False
800,ORD-2026-00800,CLI-029,PROD-010,2026-08-10 20:47:00,La Paz,CAM-28,CHO-107,228,228.0,48,50.3,0,1,0,,False
801,ORD-2026-00801,CLI-029,PROD-012,2026-08-27 03:06:00,Tarija,CAM-12,CHO-122,359,359.0,24,23.7,1,1,1,,False
802,ORD-2026-00802,CLI-094,PROD-051,2026-08-10 10:06:00,Santa Cruz,CAM-14,CHO-149,384,384.0,72,58.8,1,1,1,,False
803,ORD-2026-00803,CLI-065,PROD-003,2026-08-21 03:01:00,Oruro,CAM-24,CHO-144,445,445.0,24,11.6,1,1,1,,False
804,ORD-2026-00804,CLI-032,PROD-055,2026-08-01 21:43:00,Cochabamba,CAM-22,CHO-143,82,82.0,48,57.3,0,1,0,,False
805,ORD-2026-00805,CLI-091,PROD-003,2026-08-25 05:41:00,Cochabamba,CAM-22,CHO-054,96,96.0,72,49.1,1,1,1,,False
806,ORD-2026-00806,CLI-056,PROD-038,2026-08-08 08:20:00,Tarija,CAM-03,CHO-132,385,385.0,48,36.1,1,1,1,,False
807,ORD-2026-00807,CLI-085,PROD-049,2026-08-23 05:46:00,La Paz,CAM-09,CHO-126,207,207.0,48,26.4,1,1,1,,False
808,ORD-2026-00808,CLI-087,PROD-053,2026-08-23 23:50:00,La Paz,CAM-30,CHO-134,289,289.0,48,47.8,1,1,1,,False
809,ORD-2026-00809,CLI-025,PROD-056,2026-08-28 20:28:00,La Paz,CAM-09,CHO-091,328,328.0,24,22.8,1,1,1,,False
810,ORD-2026-00810,CLI-006,PROD-016,2026-08-20 13:58:00,Oruro,CAM-02,CHO-003,244,244.0,48,49.8,0,1,0,,False
811,ORD-2026-00811,CLI-096,PROD-054,2026-08-11 01:11:00,Oruro,CAM-05,CHO-038,479,479.0,48,34.4,1,1,1,,False
812,ORD-2026-00812,CLI-092,PROD-016,2026-08-26 18:15:00,Santa Cruz,CAM-04,CHO-046,242,242.0,72,71.7,1,1,1,,False
813,ORD-2026-00813,CLI-002, prod-060 ,2026-08-07 14:09:00,Cochabamba,CAM-22,CHO-135,18,18.0,48,-50.4,0,1,0,producto_id|tiempo_entrega_real_hrs,True
814,ORD-2026-00814,CLI-026,PROD-042,2026-08-20 06:05:00,La Paz,CAM-15,CHO-102,302,302.0,24,20.7,1,1,1,,False
815,ORD-2026-00815,CLI-092,PROD-024,2026-08-24 08:10:00,Oruro,CAM-07,CHO-144,183,,48,36.7,1,1,1,cantidad_entregada,True
816,ORD-2026-00816,CLI-038,PROD-001,2026-08-29 21:25:00,Oruro,CAM-16,CHO-119,379,379.0,48,33.1,1,1,1,,False
817,ORD-2026-00817,CLI-013,PROD-051,2026-08-03 13:53:00,La Paz,CAM-28,CHO-083,282,282.0,24,21.0,1,1,1,,False
818,ORD-2026-00818,CLI-011,PROD-042,2026-08-18 02:42:00,Tarija,CAM-26,CHO-026,293,293.0,48,39.3,1,1,1,,False
819,ORD-2026-00819,CLI-081,PROD-048,2026-08-05 18:55:00,La Paz,CAM-28,CHO-083,36,36.0,24,16.6,1,1,1,,False
820,ORD-2026-00820,CLI-023,PROD-027,2026-08-21 15:28:00,Cochabamba,CAM-22,CHO-016,366,366.0,72,46.1,1,1,1,,False
821,ORD-2026-00821,CLI-025,PROD-028,2026-08-28 15:29:00,Tarija,CAM-12,CHO-105,285,268.0,48,38.4,1,0,0,,False
822,ORD-2026-00822,CLI-038,PROD-027,2026-08-19 11:30:00,La Paz,CAM-15,CHO-052,312,312.0,72,39.7,1,1,1,,False
823,ORD-2026-00823,CLI-098,PROD-020,2026-08-04 09:12:00,Oruro,CAM-05,CHO-119,111,111.0,72,55.5,1,1,1,,False
824,ORD-2026-00824,CLI-083,PROD-008,2026-08-30 23:47:00,Oruro,CAM-05,CHO-022,230,230.0,48,49.2,0,1,0,,False
825,ORD-2026-00825,CLI-088,PROD-040,2026-08-29 15:21:00,La Paz,CAM-28,CHO-023,65,65.0,24,18.2,1,1,1,,False
826,ORD-2026-00826,CLI-097,PROD-018,2026-08-05 22:54:00,Oruro,CAM-02,CHO-136,90,90.0,48,48.7,0,1,0,,False
827,ORD-2026-00827,CLI-100,PROD-046,2026-08-05 13:44:00,Cochabamba,CAM-08,CHO-116,16,16.0,24,19.8,1,1,1,,False
828,ORD-2026-00828,CLI-088,PROD-012,2026-08-12 08:57:00,Cochabamba,CAM-22,CHO-108,243,243.0,24,26.0,0,1,0,,False
829,ORD-2026-00829,CLI-057,PROD-036,2026-08-27 09:14:00,La Paz,CAM-28,CHO-093,391,391.0,48,44.4,1,1,1,,False
830,ORD-2026-00830,CLI-059,PROD-043,2026-08-14 03:47:00,Oruro,CAM-05,CHO-118,93,93.0,48,35.4,1,1,1,,False
831,ORD-2026-00831,CLI-013,PROD-057,2026-08-17 07:12:00,La Paz,CAM-09,CHO-057,90,90.0,72,70.4,1,1,1,,False
832,ORD-2026-00832,CLI-009,PROD-012,2026-08-25 09:31:00,Oruro,CAM-05,CHO-032,205,205.0,24,18.2,1,1,1,,False
833,ORD-2026-00833,CLI-079,PROD-041,2026-08-12 23:21:00,Santa Cruz,CAM-14,CHO-099,138,133.0,72,58.1,1,0,0,,False
834,ORD-2026-00834,CLI-038,PROD-029,2026-08-19 01:42:00,Oruro,CAM-24,CHO-098,23,23.0,48,37.6,1,1,1,,False
835,ORD-2026-00835,CLI-009,PROD-056,2026-08-06 09:22:00,Tarija,CAM-12,CHO-050,58,53.0,24,16.8,1,0,0,,False
836,ORD-2026-00836,CLI-098,PROD-031,2026-08-26 10:29:00,Cochabamba,CAM-23,CHO-108,292,292.0,48,39.9,1,1,1,,False
837,ORD-2026-00837,CLI-044,PROD-018,2026-08-24 08:56:00,Oruro,CAM-07,CHO-003,98,98.0,48,44.6,1,1,1,,False
838,ORD-2026-00838,CLI-095,PROD-027,2026-08-23 03:18:00,Santa Cruz,CAM-13,CHO-004,435,435.0,48,46.0,1,1,1,,False
839,ORD-2026-00839,CLI-077,PROD-020,2026-08-28 02:11:00,Oruro,CAM-02,CHO-136,25,25.0,24,25.9,0,1,0,,False
840,ORD-2026-00840,CLI-035,PROD-060,2026-08-09 22:31:00,Cochabamba,CAM-22,CHO-086,164,164.0,24,16.5,1,1,1,,False
841,ORD-2026-00841,CLI-016,PROD-020,2026-08-29 09:33:00,Tarija,CAM-03,CHO-010,460,460.0,24,30.8,0,1,0,,False
842,ORD-2026-00842,CLI-001,PROD-019,2026-08-08 00:42:00,Oruro,CAM-05,CHO-038,112,112.0,48,41.5,1,1,1,,False
843,ORD-2026-00843,CLI-066,PROD-045,2026-08-05 16:11:00,La Paz,CAM-28,CHO-017,92,92.0,24,14.5,1,1,1,,False
844,ORD-2026-00844,CLI-003,PROD-032,2026-08-21 03:46:00,Oruro,CAM-05,CHO-144,493,493.0,24,23.2,1,1,1,,False
845,ORD-2026-00845,CLI-091,PROD-038,2026-08-17 01:50:00,Oruro,CAM-16,CHO-118,233,233.0,24,20.9,1,1,1,,False
846,ORD-2026-00846,CLI-038,PROD-006,2026-08-20 18:08:00,Oruro,CAM-02,CHO-144,466,466.0,72,43.9,1,1,1,,False
847,ORD-2026-00847,CLI-036,PROD-053,2026-08-22 10:27:00,Santa Cruz,CAM-10,CHO-129,383,383.0,72,43.3,1,1,1,,False
848,ORD-2026-00848,CLI-053,PROD-002,2026-08-08 22:38:00,Santa Cruz,CAM-14,CHO-024,93,91.0,48,34.9,1,0,0,,False
849,ORD-2026-00849,CLI-038,PROD-003,2026-08-13 20:40:00,Tarija,CAM-03,CHO-008,289,289.0,48,36.6,1,1,1,,False
850,ORD-2026-00850,CLI-063,PROD-040,2026-08-16 07:00:00,Tarija,CAM-12,CHO-045,191,191.0,72,63.9,1,1,1,,False
851,ORD-2026-00851,CLI-003,PROD-053,2026-08-26 11:36:00,Tarija,CAM-26,CHO-026,312,312.0,72,53.4,1,1,1,,False
852,ORD-2026-00852,CLI-064,PROD-001,2026-08-21 22:48:00,Tarija,CAM-12,CHO-105,328,328.0,48,46.1,1,1,1,,False
853,ORD-2026-00853,CLI-054,PROD-039,2026-08-27 15:40:00,Santa Cruz,CAM-10,CHO-060,415,415.0,72,50.1,1,1,1,,False
854,ORD-2026-00854,CLI-064,PROD-016,2026-08-06 04:05:00,Tarija,CAM-12,CHO-044,307,307.0,48,38.4,1,1,1,,False
855,ORD-2026-00855,CLI-074,PROD-029,2026-08-20 03:53:00,Oruro,CAM-24,CHO-038,175,175.0,24,25.5,0,1,0,,False
856,ORD-2026-00856,CLI-038,PROD-008,2026-08-14 01:29:00,La Paz,CAM-28,CHO-072,269,269.0,72,76.6,0,1,0,,False
857,ORD-2026-00857,CLI-022,PROD-023,2026-08-01 21:30:00,La Paz,CAM-28,CHO-126,388,388.0,48,35.5,1,1,1,,False
858,ORD-2026-00858,CLI-045,PROD-038,2026-08-01 02:28:00,Tarija,CAM-26,CHO-026,203,203.0,72,56.8,1,1,1,,False
859,ORD-2026-00859,CLI-057,PROD-007,2026-08-28 18:54:00,Santa Cruz,CAM-21,CHO-034,61,61.0,48,40.8,1,1,1,,False
860,ORD-2026-00860,CLI-062,PROD-025,2026-08-05 03:27:00,Tarija,CAM-03,CHO-012,110,110.0,24,20.5,1,1,1,,False
861,ORD-2026-00861,CLI-064,PROD-023,2026-08-23 06:44:00,Cochabamba,CAM-23,CHO-033,155,155.0,72,49.3,1,1,1,,False
862,ORD-2026-00862,CLI-069,PROD-028,2026-08-28 02:11:00,Cochabamba,CAM-22,CHO-130,422,422.0,24,17.4,1,1,1,,False
863,ORD-2026-00863,CLI-040,PROD-019,2026-08-05 14:57:00,La Paz,CAM-09,CHO-126,359,359.0,24,20.1,1,1,1,,False
864,ORD-2026-00864,CLI-012,PROD-060,2026-08-06 04:06:00,Oruro,CAM-05,CHO-110,280,268.0,48,28.5,1,0,0,,False
865,ORD-2026-00865,CLI-087,PROD-019,2026-08-21 09:17:00,Tarija,CAM-12,CHO-026,225,225.0,48,24.5,1,1,1,,False
866,ORD-2026-00866,CLI-007,PROD-057,2026-08-05 00:56:00,Santa Cruz,CAM-11,CHO-030,206,206.0,72,63.2,1,1,1,,False
867,ORD-2026-00867,CLI-024,PROD-003,2026-08-25 20:41:00,La Paz,CAM-09,CHO-083,159,159.0,24,20.7,1,1,1,,False
868,ORD-2026-00868,CLI-066,PROD-051,2026-08-12 05:19:00,Cochabamba,CAM-08,CHO-108,356,356.0,72,61.1,1,1,1,,False
869,ORD-2026-00869,CLI-019,PROD-059,2026-08-17 21:03:00,La Paz,CAM-09,CHO-093,92,92.0,72,45.4,1,1,1,,False
870,ORD-2026-00870,CLI-086,PROD-012,2026-08-11 23:40:00,Santa Cruz,CAM-14,CHO-018,188,188.0,24,21.5,1,1,1,,False
871,ORD-2026-00871,CLI-042,PROD-038,2026-08-28 06:17:00,Cochabamba,CAM-19,CHO-089,192,192.0,48,34.0,1,1,1,,False
872,ORD-2026-00872,CLI-076,PROD-028,2026-08-28 13:02:00,Tarija,CAM-12,CHO-048,143,143.0,24,18.9,1,1,1,,False
873,ORD-2026-00873,CLI-078,PROD-018,2026-08-16 11:07:00,Tarija,CAM-26,CHO-015,265,265.0,72,65.7,1,1,1,,False
874,ORD-2026-00874,CLI-007,PROD-053,2026-08-29 07:36:00,Tarija,CAM-26,CHO-015,269,269.0,24,17.5,1,1,1,,False
875,ORD-2026-00875,CLI-093,PROD-019,2026-08-03 10:50:00,Santa Cruz,CAM-13,CHO-062,430,430.0,24,18.1,1,1,1,,False
876,ORD-2026-00876,CLI-092,PROD-026,2026-08-14 01:57:00,Tarija,CAM-03,CHO-043,265,265.0,48,34.8,1,1,1,,False
877,ORD-2026-00877,CLI-020,PROD-047,2026-08-18 20:50:00,La Paz,CAM-09,CHO-066,132,132.0,48,41.4,1,1,1,,False
878,ORD-2026-00878,CLI-053,PROD-048,2026-08-13 02:20:00,Oruro,CAM-07,CHO-136,431,431.0,24,25.3,0,1,0,,False
879,ORD-2026-00879,CLI-073,PROD-007,2026-08-05 05:49:00,Oruro,CAM-24,CHO-136,465,465.0,48,29.1,1,1,1,,False
880,ORD-2026-00880,CLI-093,PROD-010,2026-08-16 06:16:00,La Paz,CAM-28,CHO-007,270,270.0,48,48.3,0,1,0,,False
881,ORD-2026-00881,CLI-066,PROD-025,2026-08-06 10:09:00,Cochabamba,CAM-22,CHO-089,192,192.0,48,56.7,0,1,0,,False
882,ORD-2026-00882,CLI-056,PROD-006,2026-08-28 15:39:00,Santa Cruz,CAM-29,CHO-037,405,405.0,24,21.0,1,1,1,,False
883,ORD-2026-00883,CLI-062,PROD-041,2026-08-09 22:23:00,Cochabamba,CAM-23,CHO-138,468,,72,52.6,1,1,1,cantidad_entregada,True
884,ORD-2026-00884,CLI-072,PROD-010,2026-08-12 13:23:00,La Paz,CAM-27,CHO-023,427,416.0,24,22.7,1,0,0,,False
885,ORD-2026-00885,CLI-023,PROD-005,2026-08-20 20:28:00,Oruro,CAM-24,CHO-119,246,246.0,24,15.1,1,1,1,,False
886,ORD-2026-00886,CLI-037,PROD-029,2026-08-04 19:20:00,Cochabamba,CAM-01,CHO-058,205,205.0,72,68.7,1,1,1,,False
887,ORD-2026-00887,CLI-071,PROD-059,2026-08-04 07:30:00,Oruro,CAM-05,CHO-118,17,17.0,72,58.3,1,1,1,,False
888,ORD-2026-00888,CLI-020,PROD-051,2026-08-17 22:04:00,Santa Cruz,CAM-13,CHO-037,461,461.0,72,48.0,1,1,1,,False
889,ORD-2026-00889,CLI-032,PROD-044,2026-08-22 23:28:00,Oruro,CAM-02,CHO-150,167,167.0,24,18.6,1,1,1,,False
890,ORD-2026-00890,CLI-098,PROD-059,2026-08-25 01:25:00,La Paz,CAM-09,CHO-083,56,56.0,24,19.0,1,1,1,,False
891,ORD-2026-00891,CLI-061,PROD-057,2026-08-12 16:53:00,Oruro,CAM-07,CHO-098,366,366.0,48,35.4,1,1,1,,False
892,ORD-2026-00892,CLI-075,PROD-032,2026-08-07 09:34:00,Oruro,CAM-02,CHO-003,467,467.0,24,21.7,1,1,1,,False
893,ORD-2026-00893,CLI-085,PROD-033,2026-08-26 17:11:00,La Paz,CAM-27,CHO-001,174,174.0,72,62.2,1,1,1,,False
894,ORD-2026-00894,CLI-080,PROD-002,2026-08-03 17:36:00,Oruro,CAM-05,CHO-022,185,185.0,24,17.9,1,1,1,,False
895,ORD-2026-00895,CLI-059,PROD-004,2026-08-09 09:22:00,Oruro,CAM-02,CHO-118,388,388.0,48,44.6,1,1,1,,False
896,ORD-2026-00896,CLI-053,PROD-026,2026-08-21 15:25:00,Tarija,CAM-03,CHO-088,345,345.0,24,22.3,1,1,1,,False
897,ORD-2026-00897,CLI-031,PROD-039,2026-08-24 09:49:00,Oruro,CAM-05,CHO-022,438,438.0,48,34.9,1,1,1,,False
898,ORD-2026-00898,CLI-030,PROD-009,2026-08-27 15:07:00,Tarija,CAM-12,CHO-009,316,316.0,72,44.8,1,1,1,,False
899,ORD-2026-00899,CLI-065,PROD-026,2026-08-04 00:51:00,La Paz,CAM-15,CHO-027,239,239.0,24,22.8,1,1,1,,False
900,ORD-2026-00900,CLI-080,PROD-013,2026-08-28 01:47:00,Cochabamba,CAM-08,CHO-143,28,28.0,72,60.2,1,1,1,,False
901,ORD-2026-00901,CLI-063,PROD-057,2026-08-23 13:35:00,Santa Cruz,CAM-04,CHO-060,447,,48,42.0,1,1,1,cantidad_entregada,True
902,ORD-2026-00902,CLI-086,PROD-035,2026-08-22 08:34:00,La Paz,CAM-09,CHO-042,231,231.0,72,47.7,1,1,1,,False
903,ORD-2026-00903,CLI-096,PROD-048,2026-08-02 05:25:00,Santa Cruz,CAM-14,CHO-133,345,345.0,48,46.8,1,1,1,,False
904,ORD-2026-00904,CLI-019,PROD-029,2026-08-29 08:21:00,Tarija,CAM-26,CHO-010,293,293.0,48,48.3,0,1,0,,False
905,ORD-2026-00905,CLI-078,PROD-058,2026-08-29 17:57:00,Santa Cruz,CAM-25,CHO-106,232,231.0,48,42.8,1,0,0,,False
906,ORD-2026-00906,CLI-027,PROD-035,2026-08-03 09:57:00,Oruro,CAM-05,CHO-150,413,413.0,24,20.2,1,1,1,,False
907,ORD-2026-00907,CLI-063,PROD-014,2026-08-02 02:26:00,Cochabamba,CAM-01,CHO-068,455,455.0,48,36.7,1,1,1,,False
908,ORD-2026-00908,CLI-087,PROD-008,2026-08-08 18:22:00,Cochabamba,CAM-01,CHO-069,174,174.0,72,25.2,1,1,1,,False
909,ORD-2026-00909,CLI-055,PROD-025,2026-08-14 20:58:00,Oruro,CAM-05,CHO-067,180,180.0,72,80.1,0,1,0,,False
910,ORD-2026-00910,CLI-046,PROD-017,2026-08-10 02:07:00,Santa Cruz,CAM-13,CHO-046,141,141.0,48,43.0,1,1,1,,False
911,ORD-2026-00911,CLI-002,PROD-011,2026-08-17 13:29:00,Tarija,CAM-12,CHO-146,119,119.0,24,16.5,1,1,1,,False
912,ORD-2026-00912,CLI-097,PROD-045,2026-08-23 12:37:00,Tarija,CAM-12,CHO-056,264,247.0,48,38.6,1,0,0,,False
913,ORD-2026-00913,CLI-002,PROD-039,2026-08-26 02:03:00,Tarija,CAM-03,CHO-146,266,266.0,72,49.0,1,1,1,,False
914,ORD-2026-00914,CLI-044,PROD-045,2026-08-12 07:23:00,Cochabamba,CAM-23,CHO-065,217,207.0,48,42.9,1,0,0,,False
915,ORD-2026-00915,CLI-095,PROD-008,2026-08-05 02:43:00,La Paz,CAM-28,CHO-040,381,374.0,48,31.1,1,0,0,,False
916,ORD-2026-00916,CLI-033,PROD-054,2026-08-07 04:02:00,Oruro,CAM-07,CHO-032,366,366.0,24,21.0,1,1,1,,False
917,ORD-2026-00917,CLI-027,PROD-058,2026-08-30 19:24:00,Oruro,CAM-07,CHO-038,311,311.0,24,23.6,1,1,1,,False
918,ORD-2026-00918,CLI-016,PROD-040,2026-08-26 12:59:00,Cochabamba,CAM-01,CHO-115,236,236.0,48,47.7,1,1,1,,False
919,ORD-2026-00919,CLI-024,PROD-001,2026-08-15 03:58:00,Santa Cruz,CAM-13,CHO-029,396,396.0,72,57.4,1,1,1,,False
920,ORD-2026-00920,CLI-046,PROD-006,2026-08-11 12:31:00,Oruro,CAM-07,CHO-098,102,102.0,24,26.1,0,1,0,,False
921,ORD-2026-00921,CLI-096,PROD-026,2026-08-10 03:48:00,Santa Cruz,CAM-20,CHO-079,327,327.0,48,40.0,1,1,1,,False
922,ORD-2026-00922,CLI-005,PROD-026,2026-08-02 06:29:00,La Paz,CAM-15,CHO-066,382,382.0,72,52.4,1,1,1,,False
923,ORD-2026-00923,CLI-095,PROD-047,2026-08-26 11:45:00,Oruro,CAM-05,CHO-032,297,297.0,48,33.5,1,1,1,,False
924,ORD-2026-00924,CLI-057,PROD-029,2026-08-24 16:40:00,Cochabamba,CAM-23,CHO-116,418,418.0,48,33.9,1,1,1,,False
925,ORD-2026-00925,CLI-069,PROD-031,2026-08-06 14:21:00,Cochabamba,CAM-23,CHO-089,409,409.0,24,15.5,1,1,1,,False
926,ORD-2026-00926,CLI-008,PROD-012,2026-08-29 03:19:00,La Paz,CAM-09,CHO-027,426,426.0,24,26.9,0,1,0,,False
927,ORD-2026-00927,CLI-036,PROD-057,2026-08-11 16:44:00,Cochabamba,CAM-22,CHO-135,220,220.0,24,21.1,1,1,1,,False
928,ORD-2026-00928,CLI-060,PROD-038,2026-08-22 20:13:00,Tarija,CAM-26,CHO-105,47,47.0,48,47.8,1,1,1,,False
929,ORD-2026-00929,CLI-081,PROD-005,2026-08-29 17:54:00,Oruro,CAM-24,CHO-110,150,150.0,48,39.9,1,1,1,,False
930,ORD-2026-00930,CLI-077,PROD-020,2026-08-19 04:20:00,Oruro,CAM-05,CHO-051,245,245.0,48,39.4,1,1,1,,False
931,ORD-2026-00931,CLI-066,PROD-019,2026-08-29 13:35:00,Santa Cruz,CAM-20,CHO-101,111,111.0,48,32.8,1,1,1,,False
932,ORD-2026-00932,CLI-020,PROD-054,2026-08-22 16:17:00,Cochabamba,CAM-01,CHO-068,10,10.0,48,35.8,1,1,1,,False
933,ORD-2026-00933,CLI-093,PROD-036,2026-08-25 23:05:00,Oruro,CAM-05,CHO-110,481,481.0,72,69.3,1,1,1,,False
934,ORD-2026-00934,CLI-094,PROD-044,2026-08-29 03:16:00,Cochabamba,CAM-22,CHO-143,111,111.0,72,56.1,1,1,1,,False
935,ORD-2026-00935,CLI-088,PROD-028,2026-08-07 22:47:00,Santa Cruz,CAM-14,CHO-120,499,499.0,48,33.7,1,1,1,,False
936,ORD-2026-00936,CLI-018,PROD-053,2026-08-06 02:52:00,Oruro,CAM-02,CHO-110,57,,72,66.7,1,1,1,cantidad_entregada,True
937,ORD-2026-00937,CLI-068,PROD-031,2026-08-17 05:35:00,Oruro,CAM-05,CHO-003,266,262.0,48,57.5,0,0,0,,False
938,ORD-2026-00938,CLI-091,PROD-037,2026-08-13 09:25:00,Oruro,CAM-24,CHO-067,226,226.0,48,34.9,1,1,1,,False
939,ORD-2026-00939,CLI-069,PROD-050,2026-08-21 08:46:00,Cochabamba,CAM-08,CHO-089,387,387.0,72,57.6,1,1,1,,False
940,ORD-2026-00940,CLI-039,PROD-039,2026-08-02 09:55:00,Oruro,CAM-16,CHO-118,195,195.0,24,16.6,1,1,1,,False
941,ORD-2026-00941,CLI-080,PROD-011,2026-08-19 10:27:00,Santa Cruz,CAM-14,CHO-101,341,341.0,72,61.8,1,1,1,,False
942,ORD-2026-00942,CLI-031,PROD-040,2026-08-15 05:36:00,Cochabamba,CAM-23,CHO-116,104,104.0,48,44.2,1,1,1,,False
943,ORD-2026-00943,CLI-011,PROD-027,2026-08-04 21:40:00,Cochabamba,CAM-22,CHO-068,209,209.0,48,43.5,1,1,1,,False
944,ORD-2026-00944,CLI-053,PROD-013,2026-08-29 17:58:00,Cochabamba,CAM-22,CHO-014,331,,48,36.0,1,0,0,cantidad_entregada,True
945,ORD-2026-00945,CLI-043,PROD-055,2026-08-07 22:23:00,Tarija,CAM-03,CHO-015,181,181.0,24,18.5,1,1,1,,False
946,ORD-2026-00946,CLI-084,PROD-018,2026-08-29 15:30:00,La Paz,CAM-28,CHO-040,161,161.0,24,20.2,1,1,1,,False
947,ORD-2026-00947,CLI-092,PROD-053,2026-08-30 22:07:00,Oruro,CAM-24,CHO-022,409,409.0,48,41.0,1,1,1,,False
948,ORD-2026-00948,CLI-007,PROD-024,2026-08-06 21:01:00,La Paz,CAM-27,CHO-042,188,188.0,24,21.1,1,1,1,,False
949,ORD-2026-00949,CLI-007,PROD-001,2026-08-24 23:51:00,Tarija,CAM-12,CHO-056,250,250.0,48,39.9,1,1,1,,False
950,ORD-2026-00950,CLI-066,PROD-038,2026-08-18 16:19:00,Oruro,CAM-02,CHO-136,337,337.0,24,23.0,1,1,1,,False
951,ORD-2026-00951,CLI-025,PROD-046,2026-08-25 19:45:00,Tarija,CAM-26,CHO-012,459,459.0,48,27.2,1,1,1,,False
952,ORD-2026-00952,CLI-081,PROD-008,2026-08-20 18:05:00,La Paz,CAM-09,CHO-001,173,173.0,48,33.2,1,1,1,,False
953,ORD-2026-00953,CLI-070,PROD-013,2026-08-23 04:50:00,La Paz,CAM-09,CHO-137,408,408.0,48,31.5,1,1,1,,False
954,ORD-2026-00954,CLI-087,PROD-055,2026-08-27 14:50:00,Tarija,CAM-12,CHO-012,481,481.0,24,21.9,1,1,1,,False
955,ORD-2026-00955,CLI-006,PROD-008,2026-08-24 00:08:00,Cochabamba,CAM-22,CHO-125,298,298.0,48,36.8,1,1,1,,False
956,ORD-2026-00956,CLI-060,PROD-048,2026-08-11 05:51:00,Tarija,CAM-26,CHO-105,206,206.0,48,49.4,0,1,0,,False
957,ORD-2026-00957,CLI-038,PROD-052,2026-08-11 05:58:00,La Paz,CAM-09,CHO-137,494,494.0,24,26.5,0,1,0,,False
958,ORD-2026-00958,CLI-014,PROD-044,2026-08-05 06:49:00,Santa Cruz,CAM-18,CHO-120,221,221.0,48,38.3,1,1,1,,False
959,ORD-2026-00959,CLI-012,PROD-045,2026-08-10 13:56:00,Oruro,CAM-07,CHO-150,121,121.0,48,38.6,1,1,1,,False
960,ORD-2026-00960,CLI-065,PROD-014,2026-08-24 20:58:00,Santa Cruz,CAM-14,CHO-029,213,213.0,48,34.7,1,1,1,,False
961,ORD-2026-00961,CLI-070,PROD-038,2026-08-17 12:55:00,Santa Cruz,CAM-06,CHO-081,281,281.0,48,53.8,0,1,0,,False
962,ORD-2026-00962,CLI-052,PROD-023,2026-08-03 02:43:00,Santa Cruz,CAM-14,CHO-059,102,84.0,24,23.6,1,0,0,,False
963,ORD-2026-00963,CLI-025,PROD-053,2026-08-16 07:58:00,Oruro,CAM-02,CHO-032,364,364.0,72,70.3,1,1,1,,False
964,ORD-2026-00964,CLI-038,PROD-038,2026-08-11 21:54:00,La Paz,CAM-09,CHO-007,345,345.0,24,23.1,1,1,1,,False
965,ORD-2026-00965,CLI-002,PROD-036,2026-08-19 05:42:00,La Paz,CAM-28,CHO-021,193,193.0,24,21.8,1,1,1,,False
966,ORD-2026-00966,CLI-063,PROD-028,2026-08-23 15:17:00,La Paz,CAM-15,CHO-063,276,276.0,24,21.1,1,1,1,,False
967,ORD-2026-00967,CLI-055,PROD-054,2026-08-26 19:37:00,Oruro,CAM-24,CHO-067,125,113.0,24,21.9,1,0,0,,False
968,ORD-2026-00968,CLI-055,PROD-039,2026-08-12 02:32:00,La Paz,CAM-09,CHO-083,278,278.0,72,72.4,0,1,0,,False
969,ORD-2026-00969,CLI-070,PROD-009,2026-08-18 22:52:00,La Paz,CAM-09,CHO-063,400,400.0,72,57.4,1,1,1,,False
970,ORD-2026-00970,CLI-045,PROD-004,2026-08-22 09:00:00,Oruro,CAM-24,CHO-119,72,72.0,72,65.0,1,1,1,,False
971,ORD-2026-00971,CLI-075,PROD-038,2026-08-20 06:06:00,La Paz,CAM-28,CHO-057,149,149.0,48,41.7,1,1,1,,False
972,ORD-2026-00972,CLI-019,PROD-003,2026-08-30 10:18:00,Oruro,CAM-05,CHO-144,303,303.0,72,67.7,1,1,1,,False
973,ORD-2026-00973,CLI-083,PROD-059,2026-08-23 03:19:00,Tarija,CAM-12,CHO-050,193,193.0,72,66.9,1,1,1,,False
974,ORD-2026-00974,CLI-006,PROD-052,2026-08-26 12:46:00,Cochabamba,CAM-08,CHO-073,251,251.0,72,56.4,1,1,1,,False
975,ORD-2026-00975,CLI-040,PROD-052,2026-08-29 00:30:00,Santa Cruz,CAM-14,CHO-076,399,399.0,48,36.1,1,1,1,,False
976,ORD-2026-00976,CLI-050,PROD-037,2026-08-23 20:36:00,Oruro,CAM-24,CHO-118,357,357.0,72,51.7,1,1,1,,False
977,ORD-2026-00977,CLI-051,PROD-020,2026-08-08 01:08:00,Cochabamba,CAM-22,CHO-055,404,404.0,24,21.7,1,1,1,,False
978,ORD-2026-00978,CLI-024,PROD-058,2026-08-02 09:47:00,Oruro,CAM-02,CHO-144,179,179.0,48,27.1,1,1,1,,False
979,ORD-2026-00979,CLI-074,PROD-017,2026-08-16 00:55:00,Santa Cruz,CAM-20,CHO-078,185,185.0,48,43.8,1,1,1,,False
980,ORD-2026-00980,CLI-083,PROD-010,2026-08-27 14:14:00,Cochabamba,CAM-08,CHO-058,271,271.0,72,72.1,0,1,0,,False
981,ORD-2026-00981,CLI-093,PROD-006,2026-08-15 01:42:00,La Paz,CAM-30,CHO-027,17,17.0,48,32.9,1,1,1,,False
982,ORD-2026-00982,CLI-006,PROD-030,2026-08-20 22:14:00,Santa Cruz,CAM-11,CHO-011,329,329.0,24,17.9,1,1,1,,False
983,ORD-2026-00983,CLI-090,PROD-049,2026-08-04 22:58:00,Oruro,CAM-05,CHO-038,251,251.0,72,59.8,1,1,1,,False
984,ORD-2026-00984,CLI-001,PROD-001,2026-08-30 02:30:00,Santa Cruz,CAM-14,CHO-004,269,269.0,24,21.7,1,1,1,,False
985,ORD-2026-00985,CLI-024,PROD-050,2026-08-29 12:25:00,Oruro,CAM-05,CHO-136,253,253.0,72,82.0,0,1,0,,False
986,ORD-2026-00986,CLI-052,PROD-016,2026-08-17 15:05:00,Santa Cruz,CAM-29,CHO-053,407,407.0,48,38.3,1,1,1,,False
987,ORD-2026-00987,CLI-042,PROD-011,2026-08-18 10:10:00,Cochabamba,CAM-01,CHO-151,196,196.0,48,27.5,1,1,1,,False
988,ORD-2026-00988,CLI-091,PROD-013,2026-08-04 19:11:00,Cochabamba,CAM-01,CHO-115,297,290.0,24,18.5,1,0,0,,False
989,ORD-2026-00989,CLI-045,PROD-012,2026-08-01 01:46:00,Tarija,CAM-12,CHO-012,11,11.0,24,16.5,1,1,1,,False
990,ORD-2026-00990,CLI-058,PROD-040,2026-08-22 23:55:00,Cochabamba,CAM-23,CHO-087,189,189.0,48,47.3,1,1,1,,False
991,ORD-2026-00991,CLI-009,PROD-009,2026-08-26 04:46:00,Tarija,CAM-26,CHO-036,155,155.0,48,36.2,1,1,1,,False
992,ORD-2026-00992,CLI-091,PROD-007,2026-08-08 21:31:00,Oruro,CAM-05,CHO-067,250,250.0,24,16.8,1,1,1,,False
993,ORD-2026-00993,CLI-062,PROD-021,2026-08-16 10:50:00,Cochabamba,CAM-23,CHO-041,421,421.0,48,26.4,1,1,1,,False
994,ORD-2026-00994,CLI-041,PROD-007,2026-08-10 08:17:00,Oruro,CAM-16,CHO-144,41,41.0,72,47.6,1,1,1,,False
995,ORD-2026-00995,CLI-041,PROD-008,2026-08-01 10:44:00,Santa Cruz,CAM-14,CHO-046,191,191.0,48,36.8,1,1,1,,False
996,ORD-2026-00996,CLI-094,PROD-038,2026-08-15 20:47:00,La Paz,CAM-30,CHO-102,65,65.0,24,24.3,0,1,0,,False
997,ORD-2026-00997,CLI-006,PROD-060,2026-08-11 05:38:00,La Paz,CAM-27,CHO-007,319,319.0,48,36.3,1,1,1,,False
998,ORD-2026-00998,CLI-043,PROD-004,2026-08-19 23:12:00,Tarija,CAM-26,CHO-036,73,73.0,24,25.0,0,1,0,,False
999,ORD-2026-00999,CLI-100,PROD-040,2026-08-28 21:58:00,Cochabamba,CAM-22,CHO-145,196,196.0,72,50.7,1,1,1,,False
1000,ORD-2026-01000,CLI-025,PROD-052,2026-08-11 21:02:00,La Paz,CAM-27,CHO-040,494,494.0,24,17.6,1,1,1,,False
1001,ORD-2026-01001,CLI-099,PROD-032,2026-08-11 09:48:00,Oruro,CAM-05,CHO-119,284,284.0,48,55.2,0,1,0,,False
1002,ORD-2026-01002,CLI-013,PROD-056,2026-08-04 06:49:00,Tarija,CAM-03,CHO-015,114,100.0,24,24.2,0,0,0,,False
1003,ORD-2026-01003,CLI-007,PROD-018,2026-08-30 16:40:00,Tarija,CAM-26,CHO-050,60,60.0,24,19.4,1,1,1,,False
1004,ORD-2026-01004,CLI-044,PROD-036,2026-08-12 19:34:00,Santa Cruz,CAM-20,CHO-081,246,246.0,48,38.0,1,1,1,,False
1005,ORD-2026-01005,CLI-055,PROD-059,2026-08-27 02:48:00,La Paz,CAM-28,CHO-023,36,36.0,48,29.4,1,1,1,,False
1006,ORD-2026-01006,CLI-059,PROD-018,2026-08-03 10:41:00,Tarija,CAM-12,CHO-088,415,415.0,72,52.1,1,1,1,,False
1007,ORD-2026-01007,CLI-090,PROD-031,2026-08-06 17:21:00,Santa Cruz,CAM-14,CHO-046,200,195.0,24,20.2,1,0,0,,False
1008,ORD-2026-01008,CLI-092,PROD-029,2026-08-11 17:28:00,La Paz,CAM-28,CHO-137,258,258.0,48,34.5,1,1,1,,False
1009,ORD-2026-01009,CLI-041,PROD-010,2026-08-24 15:44:00,Tarija,CAM-26,CHO-050,408,408.0,48,28.9,1,1,1,,False
1010,ORD-2026-01010,CLI-073,PROD-009,2026-08-22 07:32:00,La Paz,CAM-28,CHO-017,232,232.0,24,16.5,1,1,1,,False
1011,ORD-2026-01011,CLI-001,PROD-019,2026-08-16 19:54:00,La Paz,CAM-28,CHO-126,43,43.0,48,39.4,1,1,1,,False
1012,ORD-2026-01012,CLI-044,PROD-038,2026-08-27 04:36:00,Cochabamba,CAM-19,CHO-069,338,338.0,72,53.1,1,1,1,,False
1013,ORD-2026-01013,CLI-065,PROD-051,2026-08-06 23:36:00,Tarija,CAM-26,CHO-031,162,162.0,24,22.0,1,1,1,,False
1014,ORD-2026-01014,CLI-010,PROD-034,2026-08-29 09:42:00,Oruro,CAM-05,CHO-022,172,172.0,48,45.2,1,1,1,,False
1015,ORD-2026-01015,CLI-021,PROD-046,2026-08-26 07:50:00,Cochabamba,CAM-17,CHO-135,461,461.0,48,31.5,1,1,1,,False
1016,ORD-2026-01016,CLI-047,PROD-010,2026-08-24 18:51:00,La Paz,CAM-27,CHO-042,490,490.0,24,18.6,1,1,1,,False
1017,ORD-2026-01017,CLI-094,PROD-034,2026-08-09 00:59:00,Cochabamba,CAM-01,CHO-135,41,41.0,72,37.0,1,1,1,,False
1018,ORD-2026-01018,CLI-085,PROD-050,2026-08-17 00:28:00,Santa Cruz,CAM-13,CHO-113,189,189.0,48,41.6,1,1,1,,False
1019,ORD-2026-01019,CLI-098,PROD-053,2026-08-25 13:02:00,Cochabamba,CAM-23,CHO-135,240,240.0,48,28.7,1,1,1,,False
1020,ORD-2026-01020,CLI-001,PROD-024,2026-08-21 18:25:00,Cochabamba,CAM-19,CHO-115,58,58.0,72,72.6,0,1,0,,False
1021,ORD-2026-01021,CLI-076,PROD-002,2026-08-01 21:54:00,Tarija,CAM-03,CHO-146,236,236.0,72,54.2,1,1,1,,False
1022,ORD-2026-01022,CLI-097,PROD-007,2026-08-16 12:42:00,Oruro,CAM-05,CHO-144,358,358.0,48,18.7,1,1,1,,False
1023,ORD-2026-01023,CLI-038,PROD-014,2026-08-05 03:01:00,La Paz,CAM-27,CHO-139,393,393.0,24,16.5,1,1,1,,False
1024,ORD-2026-01024,CLI-062,PROD-007,2026-08-21 21:50:00,Oruro,CAM-05,CHO-067,453,453.0,48,56.4,0,1,0,,False
1025,ORD-2026-01025,CLI-100,PROD-031,2026-08-22 09:59:00,Cochabamba,CAM-08,CHO-019,486,486.0,48,42.2,1,1,1,,False
1026,ORD-2026-01026,CLI-054,PROD-060,2026-08-27 22:31:00,Santa Cruz,CAM-13,CHO-070,446,446.0,72,46.6,1,1,1,,False
1027,ORD-2026-01027,CLI-011,PROD-046,2026-08-14 10:53:00,Oruro,CAM-05,CHO-118,481,481.0,48,32.7,1,1,1,,False
1028,ORD-2026-01028,CLI-049,PROD-004,2026-08-01 18:42:00,Oruro,CAM-07,CHO-144,207,207.0,24,24.1,0,1,0,,False
1029,ORD-2026-01029,CLI-051,PROD-022,2026-08-17 10:25:00,Santa Cruz,CAM-13,CHO-149,371,371.0,24,21.6,1,1,1,,False
1030,ORD-2026-01030,CLI-047,PROD-050,2026-08-21 20:01:00,Tarija,CAM-12,CHO-146,272,272.0,24,12.3,1,1,1,,False
1031,ORD-2026-01031,CLI-038,PROD-060,2026-08-09 01:46:00,Oruro,CAM-07,CHO-022,122,122.0,48,46.3,1,1,1,,False
1032,ORD-2026-01032,CLI-066,PROD-014,2026-08-19 09:50:00,La Paz,CAM-30,CHO-007,335,335.0,72,61.5,1,1,1,,False
1033,ORD-2026-01033,CLI-050,PROD-016,2026-08-20 13:44:00,Tarija,CAM-12,CHO-088,357,357.0,48,34.5,1,1,1,,False
1034,ORD-2026-01034,CLI-030,PROD-028,2026-08-28 04:25:00,Cochabamba,CAM-23,CHO-131,337,337.0,24,19.1,1,1,1,,False
1035,ORD-2026-01035,CLI-007,PROD-034,2026-08-09 07:29:00,Tarija,CAM-12,CHO-009,281,281.0,72,62.3,1,1,1,,False
1036,ORD-2026-01036,CLI-025,PROD-018,2026-08-22 12:22:00,Tarija,CAM-03,CHO-009,252,233.0,48,41.5,1,0,0,,False
1037,ORD-2026-01037,CLI-019,PROD-038,2026-08-20 13:35:00,Cochabamba,CAM-08,CHO-130,196,177.0,48,55.4,0,0,0,,False
1038,ORD-2026-01038,CLI-026,PROD-036,2026-08-12 08:04:00,Cochabamba,CAM-01,CHO-125,259,259.0,72,45.3,1,1,1,,False
1039,ORD-2026-01039,CLI-038,PROD-049,2026-08-21 16:35:00,Cochabamba,CAM-23,CHO-116,337,337.0,48,40.4,1,1,1,,False
1040,ORD-2026-01040,CLI-072,PROD-004,2026-08-12 09:14:00,Oruro,CAM-05,CHO-032,223,207.0,48,51.8,0,0,0,,False
1041,ORD-2026-01041,CLI-070,PROD-056,2026-08-05 08:25:00,Cochabamba,CAM-22,CHO-090,310,310.0,72,55.6,1,1,1,,False
1042,ORD-2026-01042,CLI-060,PROD-012,2026-08-28 01:43:00,Oruro,CAM-05,CHO-144,402,402.0,24,15.9,1,1,1,,False
1043,ORD-2026-01043,CLI-092,PROD-055,2026-08-13 20:41:00,La Paz,CAM-30,CHO-102,308,308.0,48,36.8,1,1,1,,False
1044,ORD-2026-01044,CLI-024,PROD-008,2026-08-18 21:04:00,Santa Cruz,CAM-06,CHO-046,445,445.0,24,22.6,1,1,1,,False
1045,ORD-2026-01045,CLI-059,PROD-059,2026-08-26 12:21:00,Oruro,CAM-05,CHO-119,339,,24,20.0,1,1,1,cantidad_entregada,True
1046,ORD-2026-01046,CLI-087,PROD-035,2026-08-23 20:49:00,Oruro,CAM-05,CHO-118,67,67.0,24,17.0,1,1,1,,False
1047,ORD-2026-01047,CLI-084,PROD-002,2026-08-01 19:58:00,Tarija,CAM-12,CHO-048,486,486.0,48,56.9,0,1,0,,False
1048,ORD-2026-01048,CLI-001,PROD-046,2026-08-05 12:07:00,La Paz,CAM-30,CHO-083,85,85.0,24,22.1,1,1,1,,False
1049,ORD-2026-01049,CLI-036,PROD-006,2026-08-09 10:19:00,Cochabamba,CAM-22,CHO-089,495,495.0,24,21.7,1,1,1,,False
1050,ORD-2026-01050,CLI-083,PROD-047,2026-08-12 00:38:00,Oruro,CAM-24,CHO-067,259,259.0,72,64.2,1,1,1,,False
1051,ORD-2026-01051,CLI-077,PROD-048,2026-08-24 18:16:00,Cochabamba,CAM-19,CHO-016,171,171.0,72,51.2,1,1,1,,False
1052,ORD-2026-01052,CLI-028,PROD-050,2026-08-01 11:45:00,La Paz,CAM-28,CHO-005,487,487.0,72,44.1,1,1,1,,False
1053,ORD-2026-01053,CLI-069,PROD-039,2026-08-13 02:18:00,La Paz,CAM-15,CHO-007,440,440.0,72,56.9,1,1,1,,False
1054,ORD-2026-01054,CLI-055,PROD-034,2026-08-01 01:11:00,Oruro,CAM-05,CHO-038,348,348.0,48,47.3,1,1,1,,False
1055,ORD-2026-01055,CLI-093,PROD-010,2026-08-08 08:13:00,Santa Cruz,CAM-18,CHO-029,125,125.0,24,23.1,1,1,1,,False
1056,ORD-2026-01056,CLI-092,PROD-041,2026-08-22 11:41:00,Cochabamba,CAM-23,CHO-014,246,246.0,24,24.2,0,1,0,,False
1057,ORD-2026-01057,CLI-063,PROD-014,2026-08-06 18:43:00,Cochabamba,CAM-17,CHO-006,430,422.0,72,65.2,1,0,0,,False
1058,ORD-2026-01058,CLI-010,PROD-029,2026-08-11 20:26:00,Santa Cruz,CAM-18,CHO-142,152,152.0,48,38.2,1,1,1,,False
1059,ORD-2026-01059,CLI-061,PROD-060,2026-08-10 07:36:00,Oruro,CAM-07,CHO-022,250,250.0,48,39.1,1,1,1,,False
1060,ORD-2026-01060,CLI-032,PROD-058,2026-08-05 05:28:00,Santa Cruz,CAM-20,CHO-128,cincuenta,395.0,48,36.9,1,1,1,cantidad_solicitada,True
1061,ORD-2026-01061,CLI-058,PROD-045,2026-08-02 04:08:00,Tarija,CAM-26,CHO-050,301,301.0,48,36.3,1,1,1,,False
1062,ORD-2026-01062,CLI-035,PROD-038,2026-08-14 09:27:00,La Paz,CAM-09,CHO-007,407,407.0,48,33.1,1,1,1,,False
1063,ORD-2026-01063,CLI-029,PROD-008,2026-08-08 05:12:00,Tarija,CAM-03,CHO-015,196,196.0,24,24.3,0,1,0,,False
1064,ORD-2026-01064,CLI-096,PROD-056,2026-08-26 17:21:00,Tarija,CAM-12,CHO-036,61,46.0,48,43.4,1,0,0,,False
1065,ORD-2026-01065,CLI-061,PROD-051,2026-08-01 12:49:00,Oruro,CAM-05,CHO-038,18,18.0,48,45.8,1,1,1,,False
1066,ORD-2026-01066,CLI-012,PROD-031,2026-08-22 03:13:00,Santa Cruz,CAM-13,CHO-059,438,438.0,48,42.2,1,1,1,,False
1067,ORD-2026-01067,CLI-060,PROD-025,2026-08-07 06:45:00,Cochabamba,CAM-19,CHO-115,103,103.0,48,34.7,1,1,1,,False
1068,ORD-2026-01068,CLI-029,PROD-042,2026-08-21 10:27:00,Cochabamba,CAM-19,CHO-140,325,325.0,72,51.7,1,1,1,,False
1069,ORD-2026-01069,CLI-091,PROD-003,2026-08-21 14:11:00,La Paz,CAM-09,CHO-091,494,494.0,72,73.3,0,1,0,,False
1070,ORD-2026-01070,CLI-080,PROD-043,2026-08-29 04:44:00,Tarija,CAM-03,CHO-015,84,84.0,24,18.8,1,1,1,,False
1071,ORD-2026-01071,CLI-026,PROD-029,2026-08-24 13:26:00,Tarija,CAM-26,CHO-043,35,35.0,72,73.2,0,1,0,,False
1072,ORD-2026-01072,CLI-008,PROD-011,2026-08-25 08:38:00,Tarija,CAM-12,CHO-010,165,165.0,72,54.0,1,1,1,,False
1073,ORD-2026-01073,CLI-013,PROD-026,2026-08-17 01:36:00,La Paz,CAM-30,CHO-084,291,291.0,48,43.9,1,1,1,,False
1074,ORD-2026-01074,CLI-011,PROD-034,2026-08-04 15:42:00,La Paz,CAM-30,CHO-093,390,390.0,48,28.7,1,1,1,,False
1075,ORD-2026-01075,CLI-042,PROD-058,2026-08-11 05:14:00,Santa Cruz,CAM-18,CHO-100,257,257.0,24,18.3,1,1,1,,False
1076,ORD-2026-01076,CLI-020,PROD-004,2026-08-05 08:54:00,Santa Cruz,CAM-06,CHO-142,141,141.0,48,48.6,0,1,0,,False
1077,ORD-2026-01077,CLI-036,PROD-057,2026-08-14 09:51:00,Oruro,CAM-16,CHO-051,23,23.0,72,68.1,1,1,1,,False
1078,ORD-2026-01078,CLI-018,PROD-023,2026-08-22 21:06:00,Tarija,CAM-12,CHO-061,83,83.0,72,67.7,1,1,1,,False
1079,ORD-2026-01079,CLI-068,PROD-018,2026-08-17 08:31:00,Oruro,CAM-07,CHO-032,110,110.0,24,21.9,1,1,1,,False
1080,ORD-2026-01080,CLI-026,PROD-059,2026-08-03 16:24:00,Oruro,CAM-05,CHO-119,68,68.0,48,41.8,1,1,1,,False
1081,ORD-2026-01081,CLI-036,PROD-029,2026-08-18 05:39:00,La Paz,CAM-15,CHO-005,125,125.0,24,15.7,1,1,1,,False
1082,ORD-2026-01082,CLI-003,PROD-027,2026-08-12 12:47:00,Oruro,CAM-05,CHO-144,258,258.0,24,19.2,1,1,1,,False
1083,ORD-2026-01083,CLI-048,PROD-038,2026-08-25 04:48:00,Tarija,CAM-26,CHO-082,82,73.0,48,43.9,1,0,0,,False
1084,ORD-2026-01084,CLI-038,PROD-039,2026-08-27 07:35:00,Santa Cruz,CAM-20,CHO-030,158,158.0,48,32.7,1,1,1,,False
1085,ORD-2026-01085,CLI-050,PROD-013,2026-08-12 12:53:00,Cochabamba,CAM-23,CHO-068,58,58.0,24,17.7,1,1,1,,False
1086,ORD-2026-01086,CLI-004,PROD-037,2026-08-28 17:04:00,Santa Cruz,CAM-25,CHO-096,201,,24,16.7,1,1,1,cantidad_entregada,True
1087,ORD-2026-01087,CLI-075,PROD-006,2026-08-14 23:26:00,Oruro,CAM-07,CHO-136,73,73.0,48,37.8,1,1,1,,False
1088,ORD-2026-01088,CLI-078,PROD-004,2026-08-05 18:08:00,Oruro,CAM-05,CHO-150,318,318.0,48,31.4,1,1,1,,False
1089,ORD-2026-01089,CLI-092,PROD-040,2026-08-17 08:01:00,La Paz,CAM-28,CHO-005,157,157.0,48,52.1,0,1,0,,False
1090,ORD-2026-01090,CLI-051,PROD-030,2026-08-29 21:11:00,Oruro,CAM-24,CHO-150,139,139.0,24,29.1,0,1,0,,False
1091,ORD-2026-01091,CLI-093,PROD-017,2026-08-21 02:46:00,Oruro,CAM-05,CHO-051,385,377.0,72,73.2,0,0,0,,False
1092,ORD-2026-01092,CLI-065,PROD-029,2026-08-11 14:47:00,La Paz,CAM-28,CHO-127,364,364.0,48,36.0,1,1,1,,False
1093,ORD-2026-01093,CLI-088,PROD-057,2026-08-02 18:13:00,Cochabamba,CAM-08,CHO-151,419,419.0,24,18.4,1,1,1,,False
1094,ORD-2026-01094,CLI-047,PROD-059,2026-08-05 01:33:00,Tarija,CAM-03,CHO-009,432,432.0,24,20.7,1,1,1,,False
1095,ORD-2026-01095,CLI-012,PROD-052,2026-08-30 00:32:00,Santa Cruz,CAM-20,CHO-030,161,161.0,72,73.0,0,1,0,,False
1096,ORD-2026-01096,CLI-050,PROD-026,2026-08-10 00:10:00,Santa Cruz,CAM-06,CHO-095,451,451.0,48,45.8,1,1,1,,False
1097,ORD-2026-01097,CLI-049,PROD-010,2026-08-11 18:19:00,La Paz,CAM-30,CHO-127,42,42.0,48,40.2,1,1,1,,False
1098,ORD-2026-01098,CLI-002,PROD-018,2026-08-03 08:56:00,Santa Cruz,CAM-06,CHO-035,403,403.0,72,58.9,1,1,1,,False
1099,ORD-2026-01099,CLI-077,PROD-036,2026-08-02 13:36:00,Cochabamba,CAM-01,CHO-094,282,282.0,24,22.0,1,1,1,,False
1100,ORD-2026-01100,CLI-052,PROD-050,2026-08-13 17:31:00,Tarija,CAM-12,CHO-008,414,414.0,24,15.3,1,1,1,,False
1101,ORD-2026-01101,CLI-080,PROD-009,2026-08-03 22:39:00,Santa Cruz,CAM-18,CHO-070,14,14.0,48,46.9,1,1,1,,False
1102,ORD-2026-01102,CLI-071,PROD-032,2026-08-11 15:41:00,Cochabamba,CAM-08,CHO-124,85,85.0,24,22.0,1,1,1,,False
1103,ORD-2026-01103,CLI-055,PROD-045,2026-08-17 03:35:00,Cochabamba,CAM-22,CHO-033,232,232.0,48,36.1,1,1,1,,False
1104,ORD-2026-01104,CLI-048,PROD-023,2026-08-03 08:21:00,Cochabamba,CAM-23,CHO-116,198,198.0,24,22.8,1,1,1,,False
1105,ORD-2026-01105,CLI-081,PROD-012,2026-08-27 02:17:00,La Paz,CAM-28,CHO-057,288,278.0,48,42.6,1,0,0,,False
1106,ORD-2026-01106,CLI-100,PROD-045,2026-08-08 18:06:00,Cochabamba,CAM-08,CHO-068,342,342.0,48,49.3,0,1,0,,False
1107,ORD-2026-01107,CLI-080,PROD-058,2026-08-15 13:14:00,La Paz,CAM-09,CHO-007,287,271.0,72,37.9,1,0,0,,False
1108,ORD-2026-01108,CLI-045,PROD-023,2026-08-24 09:47:00,Santa Cruz,CAM-14,CHO-020,111,111.0,48,39.4,1,1,1,,False
1109,ORD-2026-01109,CLI-063,PROD-026,2026-08-11 04:03:00,Santa Cruz,CAM-20,CHO-109,427,427.0,48,41.6,1,1,1,,False
1110,ORD-2026-01110,CLI-039,PROD-042,2026-08-20 18:55:00,Tarija,CAM-26,CHO-010,212,212.0,48,49.4,0,1,0,,False
1111,ORD-2026-01111,CLI-061,PROD-017,2026-08-26 18:06:00,Oruro,CAM-05,CHO-038,385,385.0,24,21.8,1,1,1,,False
1112,ORD-2026-01112,CLI-058,PROD-001,2026-08-01 13:49:00,Cochabamba,CAM-01,CHO-140,188,188.0,48,28.7,1,1,1,,False
1113,ORD-2026-01113,CLI-085,PROD-048,2026-08-25 08:41:00,Santa Cruz,CAM-25,CHO-081,309,309.0,24,24.2,0,1,0,,False
1114,ORD-2026-01114,CLI-081,PROD-049,2026-08-09 01:30:00,Oruro,CAM-05,CHO-067,100,100.0,24,22.4,1,1,1,,False
1115,ORD-2026-01115,CLI-082,PROD-012,2026-08-30 01:20:00,Cochabamba,CAM-08,CHO-145,28,28.0,24,23.4,1,1,1,,False
1116,ORD-2026-01116,CLI-020,PROD-042,2026-08-03 02:14:00,Tarija,CAM-12,CHO-015,302,302.0,24,8.4,1,1,1,,False
1117,ORD-2026-01117,CLI-100,PROD-036,2026-08-18 05:37:00,Cochabamba,CAM-23,CHO-094,53,53.0,48,34.4,1,1,1,,False
1118,ORD-2026-01118,CLI-093,PROD-026,2026-08-19 07:58:00,Oruro,CAM-02,CHO-003,471,471.0,72,72.7,0,1,0,,False
1119,ORD-2026-01119,CLI-019,PROD-057,2026-08-02 06:57:00,Cochabamba,CAM-19,CHO-140,308,308.0,48,42.6,1,1,1,,False
1120,ORD-2026-01120,CLI-093,PROD-035,2026-08-26 03:02:00,Santa Cruz,CAM-14,CHO-104,341,341.0,24,20.7,1,1,1,,False
1121,ORD-2026-01121,CLI-063,PROD-036,2026-08-20 22:08:00,Cochabamba,CAM-23,CHO-006,63,63.0,24,21.0,1,1,1,,False
1122,ORD-2026-01122,CLI-089,PROD-019,2026-08-04 00:20:00,Cochabamba,CAM-22,CHO-145,33,33.0,24,19.0,1,1,1,,False
1123,ORD-2026-01123,CLI-096,PROD-019,2026-08-09 06:51:00,Tarija,CAM-12,CHO-031,345,345.0,24,24.1,0,1,0,,False
1124,ORD-2026-01124,CLI-095,PROD-006,2026-08-16 03:50:00,Tarija,CAM-03,CHO-026,393,393.0,24,14.8,1,1,1,,False
1125,ORD-2026-01125,CLI-066,PROD-017,2026-08-23 22:30:00,Cochabamba,CAM-23,CHO-090,81,81.0,72,56.7,1,1,1,,False
1126,ORD-2026-01126,CLI-065,PROD-044,2026-08-18 01:37:00,La Paz,CAM-27,CHO-027,393,393.0,72,54.4,1,1,1,,False
1127,ORD-2026-01127,CLI-007,PROD-006,2026-08-04 18:00:00,Tarija,CAM-03,CHO-082,446,446.0,48,22.2,1,1,1,,False
1128,ORD-2026-01128,CLI-078,PROD-026,2026-08-21 23:52:00,Oruro,CAM-24,CHO-136,231,231.0,24,23.2,1,1,1,,False
1129,ORD-2026-01129,CLI-059,PROD-024,2026-08-03 18:42:00,Santa Cruz,CAM-04,CHO-106,459,459.0,48,37.8,1,1,1,,False
1130,ORD-2026-01130,CLI-046,PROD-026,2026-08-09 14:53:00,La Paz,CAM-15,CHO-063,91,91.0,48,17.1,1,1,1,,False
1131,ORD-2026-01131,CLI-071,PROD-012,2026-08-06 23:59:00,Oruro,CAM-05,CHO-051,260,,48,46.9,1,1,1,cantidad_entregada,True
1132,ORD-2026-01132,CLI-088,PROD-047,2026-08-21 08:30:00,Cochabamba,CAM-17,CHO-145,41,41.0,48,33.7,1,1,1,,False
1133,ORD-2026-01133,CLI-026,PROD-060,2026-08-21 22:49:00,La Paz,CAM-28,CHO-007,89,89.0,48,54.8,0,1,0,,False
1134,ORD-2026-01134,CLI-066, prod-036 ,2026-08-22 23:58:00,La Paz,CAM-28,CHO-093,242,242.0,48,46.2,1,1,1,producto_id,True
1135,ORD-2026-01135,CLI-014,PROD-053,2026-08-24 22:25:00,La Paz,CAM-28,CHO-107,98,98.0,48,48.0,1,1,1,,False
1136,ORD-2026-01136,CLI-097,PROD-037,2026-08-14 07:11:00,Tarija,CAM-12,CHO-132,413,413.0,72,61.0,1,1,1,,False
1137,ORD-2026-01137,CLI-032,PROD-049,2026-08-06 07:44:00,Oruro,CAM-05,CHO-150,457,457.0,48,28.1,1,1,1,,False
1138,ORD-2026-01138,CLI-090,PROD-053,2026-08-16 12:28:00,Tarija,CAM-03,CHO-061,305,305.0,72,76.1,0,1,0,,False
1139,ORD-2026-01139,CLI-032,PROD-052,2026-08-17 09:49:00,La Paz,CAM-09,CHO-064,287,287.0,72,77.2,0,1,0,,False
1140,ORD-2026-01140,CLI-084,PROD-023,2026-08-20 21:45:00,La Paz,CAM-09,CHO-084,102,102.0,24,19.4,1,1,1,,False
1141,ORD-2026-01141,CLI-004,PROD-013,2026-08-08 05:12:00,Oruro,CAM-05,CHO-110,359,359.0,48,35.2,1,1,1,,False
1142,ORD-2026-01142,CLI-077,PROD-052,2026-08-15 16:08:00,Oruro,CAM-05,CHO-119,116,116.0,48,45.8,1,1,1,,False
1143,ORD-2026-01143,CLI-022,PROD-017,2026-08-23 18:10:00,Oruro,CAM-05,CHO-067,382,382.0,24,21.4,1,1,1,,False
1144,ORD-2026-01144,CLI-076,PROD-030,2026-08-14 09:01:00,Tarija,CAM-03,CHO-012,488,488.0,48,43.3,1,1,1,,False
1145,ORD-2026-01145,CLI-091,PROD-028,2026-08-28 22:08:00,Oruro,CAM-02,CHO-032,413,413.0,48,47.8,1,1,1,,False
1146,ORD-2026-01146,CLI-085,PROD-022,2026-08-26 11:26:00,La Paz,CAM-09,CHO-057,374,374.0,48,25.2,1,1,1,,False
1147,ORD-2026-01147,CLI-065,PROD-019,2026-08-17 07:46:00,Oruro,CAM-05,CHO-067,401,401.0,72,91.1,0,1,0,,False
1148,ORD-2026-01148,CLI-070,PROD-001,2026-08-15 10:42:00,Cochabamba,CAM-22,CHO-089,327,327.0,72,81.9,0,1,0,,False
1149,ORD-2026-01149,CLI-002,PROD-018,2026-08-16 01:20:00,La Paz,CAM-30,CHO-091,45,45.0,48,40.5,1,1,1,,False
1150,ORD-2026-01150,CLI-038,PROD-040,2026-08-27 07:59:00,Cochabamba,CAM-23,CHO-058,463,463.0,72,75.2,0,1,0,,False
1151,ORD-2026-01151,CLI-023,PROD-007,2026-08-14 14:48:00,La Paz,CAM-27,CHO-064,10,10.0,24,21.0,1,1,1,,False
1152,ORD-2026-01152,CLI-047,PROD-051,2026-08-08 03:11:00,Oruro,CAM-05,CHO-098,340,340.0,72,62.8,1,1,1,,False
1153,ORD-2026-01153,CLI-028,PROD-003,2026-08-05 21:41:00,Tarija,CAM-03,CHO-050,66,66.0,24,16.7,1,1,1,,False
1154,ORD-2026-01154,CLI-098,PROD-030,2026-08-22 14:29:00,La Paz,CAM-15,CHO-083,371,371.0,72,53.4,1,1,1,,False
1155,ORD-2026-01155,CLI-032,PROD-054,2026-08-03 08:38:00,La Paz,CAM-09,CHO-139,86,86.0,24,18.6,1,1,1,,False
1156,ORD-2026-01156,CLI-040,PROD-003,2026-08-16 23:35:00,Oruro,CAM-05,CHO-067,111,111.0,72,52.9,1,1,1,,False
1157,ORD-2026-01157,CLI-065,PROD-029,2026-08-13 20:55:00,Tarija,CAM-12,CHO-088,32,32.0,24,22.6,1,1,1,,False
1158,ORD-2026-01158,CLI-009,PROD-029,2026-08-20 13:57:00,Tarija,CAM-12,CHO-012,413,413.0,48,45.7,1,1,1,,False
1159,ORD-2026-01159,CLI-016,PROD-008,2026-08-05 19:54:00,Tarija,CAM-12,CHO-122,206,206.0,48,47.2,1,1,1,,False
1160,ORD-2026-01160,CLI-060,PROD-045,2026-08-30 09:52:00,Santa Cruz,CAM-29,CHO-029,207,207.0,72,63.8,1,1,1,,False
1161,ORD-2026-01161,CLI-037,PROD-007,2026-08-09 08:13:00,Cochabamba,CAM-22,CHO-112,451,451.0,48,31.1,1,1,1,,False
1162,ORD-2026-01162,CLI-015,PROD-001,2026-08-22 21:15:00,Cochabamba,CAM-01,CHO-089,36,36.0,24,21.3,1,1,1,,False
1163,ORD-2026-01163,CLI-060,PROD-037,2026-08-11 06:35:00,Tarija,CAM-12,CHO-122,68,68.0,48,43.1,1,1,1,,False
1164,ORD-2026-01164,CLI-003,PROD-045,2026-08-21 21:31:00,Cochabamba,CAM-08,CHO-090,394,390.0,72,61.4,1,0,0,,False
1165,ORD-2026-01165,CLI-022,PROD-041,2026-08-20 16:15:00,Cochabamba,CAM-01,CHO-041,99,99.0,24,20.4,1,1,1,,False
1166,ORD-2026-01166,CLI-050,PROD-027,2026-08-24 19:06:00,Cochabamba,CAM-08,CHO-089,499,499.0,24,19.3,1,1,1,,False
1167,ORD-2026-01167,CLI-064,PROD-059,2026-08-02 10:32:00,Oruro,CAM-05,CHO-051,98,98.0,48,41.6,1,1,1,,False
1168,ORD-2026-01168,CLI-044,PROD-022,2026-08-27 16:49:00,Cochabamba,CAM-08,CHO-055,32,32.0,48,50.8,0,1,0,,False
1169,ORD-2026-01169,CLI-052,PROD-046,2026-08-12 04:45:00,Tarija,CAM-12,CHO-008,429,429.0,24,23.4,1,1,1,,False
1170,ORD-2026-01170,CLI-001,PROD-056,2026-08-06 07:09:00,Oruro,CAM-05,CHO-051,478,478.0,24,24.1,0,1,0,,False
1171,ORD-2026-01171,CLI-090,PROD-029,2026-08-26 02:03:00,Oruro,CAM-16,CHO-003,254,254.0,48,34.3,1,1,1,,False
1172,ORD-2026-01172,CLI-075,PROD-022,2026-08-05 13:31:00,Tarija,CAM-03,CHO-050,357,357.0,48,40.0,1,1,1,,False
1173,ORD-2026-01173,CLI-065,PROD-012,2026-08-12 09:29:00,Santa Cruz,CAM-14,CHO-078,136,136.0,24,22.5,1,1,1,,False
1174,ORD-2026-01174,CLI-004,PROD-044,2026-08-28 19:15:00,La Paz,CAM-28,CHO-071,438,438.0,48,36.4,1,1,1,,False
1175,ORD-2026-01175,CLI-011,PROD-056,2026-08-09 13:12:00,Cochabamba,CAM-22,CHO-131,139,139.0,72,75.0,0,1,0,,False
1176,ORD-2026-01176,CLI-096,PROD-047,2026-08-04 06:36:00,La Paz,CAM-15,CHO-126,102,102.0,24,20.6,1,1,1,,False
1177,ORD-2026-01177,CLI-035,PROD-036,2026-08-14 04:03:00,La Paz,CAM-28,CHO-137,202,202.0,72,59.9,1,1,1,,False
1178,ORD-2026-01178,CLI-031,PROD-007,2026-08-03 10:52:00,Cochabamba,CAM-22,CHO-041,387,387.0,48,32.4,1,1,1,,False
1179,ORD-2026-01179,CLI-085,PROD-044,2026-08-22 01:15:00,Santa Cruz,CAM-20,CHO-079,19,19.0,48,55.6,0,1,0,,False
1180,ORD-2026-01180,CLI-022,PROD-009,2026-08-01 17:36:00,Oruro,CAM-16,CHO-150,19,19.0,24,13.2,1,1,1,,False
1181,ORD-2026-01181,CLI-076,PROD-023,2026-08-10 09:27:00,Santa Cruz,CAM-20,CHO-080,237,237.0,72,43.3,1,1,1,,False
1182,ORD-2026-01182,CLI-058,PROD-013,2026-08-13 00:07:00,Santa Cruz,CAM-13,CHO-075,92,92.0,72,38.0,1,1,1,,False
1183,ORD-2026-01183,CLI-031,PROD-034,2026-08-09 08:12:00,La Paz,CAM-15,CHO-139,150,150.0,72,55.8,1,1,1,,False
1184,ORD-2026-01184,CLI-088,PROD-009,2026-08-27 05:14:00,La Paz,CAM-15,CHO-134,111,111.0,48,39.6,1,1,1,,False
1185,ORD-2026-01185,CLI-077,PROD-040,2026-08-11 22:57:00,Cochabamba,CAM-08,CHO-094,237,218.0,48,30.8,1,0,0,,False
1186,ORD-2026-01186,CLI-092,PROD-038,2026-08-25 15:24:00,Oruro,CAM-07,CHO-119,94,88.0,24,17.7,1,0,0,,False
1187,ORD-2026-01187,CLI-094,PROD-037,2026-08-26 07:09:00,Tarija,CAM-03,CHO-048,356,356.0,24,-25.2,0,1,0,tiempo_entrega_real_hrs,True
1188,ORD-2026-01188,CLI-031,PROD-022,2026-08-15 09:44:00,La Paz,CAM-09,CHO-066,298,298.0,24,15.5,1,1,1,,False
1189,ORD-2026-01189,CLI-059,PROD-002,2026-08-28 16:19:00,Oruro,CAM-05,CHO-051,13,13.0,24,15.8,1,1,1,,False
1190,ORD-2026-01190,CLI-037,PROD-053,2026-08-02 21:31:00,Oruro,CAM-05,CHO-110,217,217.0,24,15.4,1,1,1,,False
1191,ORD-2026-01191,CLI-094,PROD-009,2026-08-15 03:02:00,Oruro,CAM-16,CHO-098,72,72.0,72,63.0,1,1,1,,False
1192,ORD-2026-01192,CLI-012,PROD-045,2026-08-17 02:29:00,Tarija,CAM-03,CHO-015,213,213.0,24,18.3,1,1,1,,False
1193,ORD-2026-01193,CLI-057,PROD-058,2026-08-15 18:31:00,Oruro,CAM-05,CHO-098,154,154.0,48,39.1,1,1,1,,False
1194,ORD-2026-01194,CLI-024,PROD-022,2026-08-07 09:21:00,Santa Cruz,CAM-14,CHO-104,89,89.0,24,17.2,1,1,1,,False
1195,ORD-2026-01195,CLI-027,PROD-008,2026-08-30 02:09:00,Tarija,CAM-12,CHO-088,147,147.0,48,51.2,0,1,0,,False
1196,ORD-2026-01196,CLI-087,PROD-020,04/08/2026 13:22,Tarija,CAM-12,CHO-015,240,240.0,48,35.2,1,1,1,fecha_despacho,True
1197,ORD-2026-01197,CLI-001,PROD-008,2026-08-28 02:53:00,La Paz,CAM-09,CHO-127,271,271.0,72,40.2,1,1,1,,False
1198,ORD-2026-01198,CLI-087,PROD-003,2026-08-03 05:08:00,Cochabamba,CAM-22,CHO-016,15,15.0,24,21.0,1,1,1,,False
1199,ORD-2026-01199,CLI-018,PROD-051,2026-08-13 12:36:00,La Paz,CAM-28,CHO-040,144,144.0,24,20.9,1,1,1,,False
1200,ORD-2026-01200,CLI-055,PROD-051,2026-08-27 17:47:00,Oruro,CAM-05,CHO-098,454,454.0,24,17.8,1,1,1,,False
1201,ORD-2026-01201,CLI-082,PROD-046,2026-08-02 08:36:00,Cochabamba,CAM-17,CHO-089,374,355.0,24,21.6,1,0,0,,False
1202,ORD-2026-01202,CLI-010,PROD-041,2026-08-18 10:37:00,Santa Cruz,CAM-06,CHO-076,72,72.0,48,45.9,1,1,1,,False
1203,ORD-2026-01203,CLI-024,PROD-051,2026-08-11 07:00:00,Tarija,CAM-12,CHO-048,57,57.0,48,33.1,1,1,1,,False
1204,ORD-2026-01204,CLI-063,PROD-051,2026-08-25 12:27:00,Cochabamba,CAM-08,CHO-054,137,137.0,48,37.1,1,1,1,,False
1205,ORD-2026-01205,CLI-083,PROD-011,2026-08-03 15:18:00,La Paz,CAM-09,CHO-084,180,180.0,48,37.7,1,1,1,,False
1206,ORD-2026-01206,CLI-047,PROD-053,2026-08-11 22:03:00,Cochabamba,CAM-17,CHO-116,151,151.0,48,26.1,1,1,1,,False
1207,ORD-2026-01207,CLI-099,PROD-050,2026-08-10 14:00:00,Oruro,CAM-05,CHO-038,280,280.0,72,66.4,1,1,1,,False
1208,ORD-2026-01208,CLI-079,PROD-057,2026-08-11 13:22:00,Tarija,CAM-26,CHO-036,95,95.0,72,59.9,1,1,1,,False
1209,ORD-2026-01209,CLI-017,PROD-044,2026-08-06 07:15:00,Oruro,CAM-24,CHO-150,183,183.0,24,19.4,1,1,1,,False
1210,ORD-2026-01210,CLI-034,PROD-057,2026-08-16 12:50:00,Santa Cruz,CAM-21,CHO-060,437,,24,18.1,1,1,1,cantidad_entregada,True
1211,ORD-2026-01211,CLI-095,PROD-026,2026-08-11 14:09:00,Cochabamba,CAM-22,CHO-068,430,430.0,24,24.4,0,1,0,,False
1212,ORD-2026-01212,CLI-017,PROD-029,2026-08-17 13:52:00,La Paz,CAM-09,CHO-007,367,367.0,24,23.3,1,1,1,,False
1213,ORD-2026-01213,CLI-064,PROD-016,2026-08-27 18:59:00,Oruro,CAM-24,CHO-144,65,65.0,72,64.5,1,1,1,,False
1214,ORD-2026-01214,CLI-003,PROD-039,2026-08-18 03:08:00,Cochabamba,CAM-17,CHO-147,494,494.0,72,58.2,1,1,1,,False
1215,ORD-2026-01215,CLI-087,PROD-041,2026-08-11 06:49:00,Santa Cruz,CAM-21,CHO-104,301,301.0,48,39.7,1,1,1,,False
1216,ORD-2026-01216,CLI-006,PROD-034,2026-08-24 04:25:00,Oruro,CAM-02,CHO-117,427,427.0,24,21.5,1,1,1,,False
1217,ORD-2026-01217,CLI-095,PROD-041,2026-08-13 21:42:00,La Paz,CAM-30,CHO-057,405,405.0,72,95.2,0,1,0,,False
1218,ORD-2026-01218,CLI-018,PROD-006,2026-08-12 20:23:00,Cochabamba,CAM-01,CHO-014,258,258.0,72,68.4,1,1,1,,False
1219,ORD-2026-01219,CLI-008,PROD-018,2026-08-16 16:39:00,Santa Cruz,CAM-20,CHO-075,297,297.0,72,55.0,1,1,1,,False
1220,ORD-2026-01220,CLI-034,PROD-018,2026-08-29 15:02:00,Santa Cruz,CAM-29,CHO-142,423,423.0,24,25.3,0,1,0,,False
1221,ORD-2026-01221,CLI-070,PROD-013,2026-08-19 00:52:00,Oruro,CAM-05,CHO-067,41,41.0,72,58.5,1,1,1,,False
1222,ORD-2026-01222,CLI-080,PROD-001,2026-08-26 20:55:00,Oruro,CAM-05,CHO-038,428,428.0,48,-36.8,1,1,1,tiempo_entrega_real_hrs,True
1223,ORD-2026-01223,CLI-082,PROD-052,2026-08-10 04:15:00,La Paz,CAM-28,CHO-102,37,37.0,48,35.7,1,1,1,,False
1224,ORD-2026-01224,CLI-083,PROD-009,2026-08-23 21:41:00,Cochabamba,CAM-17,CHO-138,461,447.0,24,22.6,1,0,0,,False
1225,ORD-2026-01225,CLI-005,PROD-002,2026-08-02 17:11:00,La Paz,CAM-09,CHO-005,60,60.0,24,16.7,1,1,1,,False
1226,ORD-2026-01226,CLI-098,PROD-059,2026-08-11 22:44:00,Santa Cruz,CAM-14,CHO-099,209,209.0,48,30.0,1,1,1,,False
1227,ORD-2026-01227,CLI-096,PROD-032,2026-08-11 07:46:00,Oruro,CAM-16,CHO-118,199,199.0,72,53.5,1,1,1,,False
1228,ORD-2026-01228,CLI-095,PROD-050,2026-08-07 13:13:00,Santa Cruz,CAM-14,CHO-120,118,118.0,48,41.9,1,1,1,,False
1229,ORD-2026-01229,CLI-070,PROD-060,2026-08-09 23:10:00,Oruro,CAM-05,CHO-136,247,247.0,72,65.5,1,1,1,,False
1230,ORD-2026-01230,CLI-052,PROD-038,2026-08-08 02:06:00,Santa Cruz,CAM-04,CHO-121,408,408.0,72,55.5,1,1,1,,False
1231,ORD-2026-01231,CLI-041,PROD-054,2026-08-28 22:43:00,Cochabamba,CAM-22,CHO-077,190,190.0,72,75.6,0,1,0,,False
1232,ORD-2026-01232,CLI-037,PROD-044,2026-08-14 23:07:00,La Paz,CAM-28,CHO-052,195,195.0,48,36.7,1,1,1,,False
1233,ORD-2026-01233,CLI-029,PROD-026,2026-08-23 05:03:00,La Paz,CAM-28,CHO-107,227,227.0,48,36.2,1,1,1,,False
1234,ORD-2026-01234,CLI-004,PROD-031,2026-08-07 21:53:00,La Paz,CAM-28,CHO-042,415,415.0,72,50.9,1,1,1,,False
1235,ORD-2026-01235,CLI-064,PROD-035,2026-08-30 15:45:00,Santa Cruz,CAM-14,CHO-095,224,218.0,48,41.6,1,0,0,,False
1236,ORD-2026-01236,CLI-001,PROD-037,2026-08-12 00:05:00,La Paz,CAM-09,CHO-063,427,427.0,24,27.6,0,1,0,,False
1237,ORD-2026-01237,CLI-086,PROD-034,2026-08-09 07:14:00,Cochabamba,CAM-19,CHO-131,392,392.0,72,46.0,1,1,1,,False
1238,ORD-2026-01238,CLI-055,PROD-008,2026-08-17 05:41:00,Oruro,CAM-05,CHO-110,429,429.0,24,21.9,1,1,1,,False
1239,ORD-2026-01239,CLI-092,PROD-044,2026-08-22 11:48:00,La Paz,CAM-09,CHO-052,33,33.0,72,53.6,1,1,1,,False
1240,ORD-2026-01240,CLI-067,PROD-031,2026-08-29 00:39:00,Cochabamba,CAM-23,CHO-116,364,364.0,24,19.1,1,1,1,,False
1241,ORD-2026-01241,CLI-045,PROD-010,2026-08-28 10:45:00,Oruro,CAM-16,CHO-119,488,488.0,24,15.1,1,1,1,,False
1242,ORD-2026-01242,CLI-047,PROD-056,2026-08-25 09:45:00,Cochabamba,CAM-23,CHO-124,75,75.0,48,36.2,1,1,1,,False
1243,ORD-2026-01243,CLI-046,PROD-018,2026-08-24 08:41:00,La Paz,CAM-27,CHO-083,151,151.0,24,23.6,1,1,1,,False
1244,ORD-2026-01244,CLI-013,PROD-011,2026-08-08 04:48:00,Tarija,CAM-12,CHO-009,175,175.0,48,38.7,1,1,1,,False
1245,ORD-2026-01245,CLI-077,PROD-018,2026-08-03 12:09:00,Oruro,CAM-07,CHO-038,209,209.0,72,53.6,1,1,1,,False
1246,ORD-2026-01246,CLI-049,PROD-028,2026-08-23 10:29:00,Oruro,CAM-24,CHO-022,308,308.0,48,31.3,1,1,1,,False
1247,ORD-2026-01247,CLI-019,PROD-054,2026-08-03 05:57:00,Oruro,CAM-07,CHO-038,493,493.0,48,45.7,1,1,1,,False
1248,ORD-2026-01248,CLI-022,PROD-038,2026-08-22 20:47:00,La Paz,CAM-15,CHO-042,48,48.0,24,23.2,1,1,1,,False
1249,ORD-2026-01249,CLI-063,PROD-043,2026-08-25 06:20:00,Santa Cruz,CAM-14,CHO-099,437,437.0,72,61.8,1,1,1,,False
1250,ORD-2026-01250,CLI-092,PROD-003,2026-08-24 13:37:00,Santa Cruz,CAM-14,CHO-114,300,300.0,24,22.7,1,1,1,,False
1251,ORD-2026-01251,CLI-011,PROD-052,2026-08-30 01:28:00,La Paz,CAM-28,CHO-093,173,173.0,48,42.5,1,1,1,,False
1252,ORD-2026-01252,CLI-098,PROD-055,2026-08-13 20:46:00,La Paz,CAM-09,CHO-002,135,135.0,24,17.8,1,1,1,,False
1253,ORD-2026-01253,CLI-073,PROD-049,2026-08-24 21:59:00,La Paz,CAM-30,CHO-127,432,429.0,48,48.8,0,0,0,,False
1254,ORD-2026-01254,CLI-040,PROD-007,2026-08-02 22:33:00,Oruro,CAM-05,CHO-051,362,362.0,48,22.8,1,1,1,,False
1255,ORD-2026-01255,CLI-081,PROD-048,2026-08-17 04:05:00,Oruro,CAM-16,CHO-119,43,43.0,48,44.4,1,1,1,,False
1256,ORD-2026-01256,CLI-066,PROD-022,2026-08-19 15:35:00,La Paz,CAM-28,CHO-134,301,301.0,48,39.8,1,1,1,,False
1257,ORD-2026-01257,CLI-026,PROD-043,2026-08-17 16:47:00,Cochabamba,CAM-22,CHO-065,156,156.0,72,38.6,1,1,1,,False
1258,ORD-2026-01258,CLI-033,PROD-007,2026-08-25 00:37:00,La Paz,CAM-27,CHO-002,250,250.0,24,21.3,1,1,1,,False
1259,ORD-2026-01259,CLI-065,PROD-038,2026-08-23 00:51:00,Tarija,CAM-12,CHO-010,411,411.0,24,17.3,1,1,1,,False
1260,ORD-2026-01260,CLI-025,PROD-050,2026-08-18 06:46:00,Cochabamba,CAM-01,CHO-143,183,176.0,48,30.4,1,0,0,,False
1261,ORD-2026-01261,CLI-017,PROD-052,2026-08-04 20:39:00,Santa Cruz,CAM-14,CHO-109,336,336.0,24,18.5,1,1,1,,False
1262,ORD-2026-01262,CLI-041,PROD-032,2026-08-06 06:56:00,Tarija,CAM-03,CHO-008,355,355.0,48,43.1,1,1,1,,False
1263,ORD-2026-01263,CLI-062,PROD-027,2026-08-15 05:59:00,La Paz,CAM-09,CHO-083,405,405.0,72,65.7,1,1,1,,False
1264,ORD-2026-01264,CLI-068,PROD-056,2026-08-18 13:43:00,Tarija,CAM-03,CHO-050,352,352.0,48,35.2,1,1,1,,False
1265,ORD-2026-01265,CLI-092,PROD-044,2026-08-13 15:35:00,Oruro,CAM-24,CHO-136,155,155.0,72,62.7,1,1,1,,False
1266,ORD-2026-01266,CLI-061,PROD-041,2026-08-04 10:11:00,Cochabamba,CAM-19,CHO-047,232,232.0,48,38.8,1,1,1,,False
1267,ORD-2026-01267,CLI-017,PROD-002,2026-08-16 02:39:00,Cochabamba,CAM-23,CHO-151,272,272.0,24,15.3,1,1,1,,False
1268,ORD-2026-01268,CLI-097,PROD-048,2026-08-25 08:29:00,Cochabamba,CAM-19,CHO-143,190,174.0,24,18.9,1,0,0,,False
1269,ORD-2026-01269,CLI-091,PROD-025,2026-08-23 06:43:00,Oruro,CAM-24,CHO-110,354,354.0,24,12.8,1,1,1,,False
1270,ORD-2026-01270,CLI-054,PROD-027,2026-08-22 22:40:00,Cochabamba,CAM-08,CHO-069,29,29.0,48,34.2,1,1,1,,False
1271,ORD-2026-01271,CLI-099,PROD-022,2026-08-29 21:59:00,Cochabamba,CAM-22,CHO-138,385,369.0,72,61.5,1,0,0,,False
1272,ORD-2026-01272,CLI-091,PROD-005,2026-08-08 10:36:00,Oruro,CAM-02,CHO-136,272,272.0,72,47.2,1,1,1,,False
1273,ORD-2026-01273,CLI-089,PROD-022,2026-08-19 00:35:00,Santa Cruz,CAM-14,CHO-103,59,59.0,24,24.4,0,1,0,,False
1274,ORD-2026-01274,CLI-028,PROD-003,2026-08-20 02:46:00,Santa Cruz,CAM-13,CHO-070,33,33.0,72,77.1,0,1,0,,False
1275,ORD-2026-01275,CLI-062,PROD-006,2026-08-24 05:03:00,Cochabamba,CAM-17,CHO-124,302,302.0,72,60.3,1,1,1,,False
1276,ORD-2026-01276,CLI-026,PROD-046,2026-08-14 00:19:00,Oruro,CAM-24,CHO-117,275,275.0,24,18.7,1,1,1,,False
1277,ORD-2026-01277,CLI-007,PROD-060,2026-08-07 07:09:00,Oruro,CAM-05,CHO-118,34,30.0,24,19.2,1,0,0,,False
1278,ORD-2026-01278,CLI-062,PROD-007,2026-08-12 12:22:00,La Paz,CAM-30,CHO-052,54,54.0,48,38.5,1,1,1,,False
1279,ORD-2026-01279,CLI-099,PROD-043,2026-08-25 07:19:00,La Paz,CAM-28,CHO-057,10,10.0,24,23.5,1,1,1,,False
1280,ORD-2026-01280,CLI-049,PROD-044,2026-08-06 23:29:00,Santa Cruz,CAM-21,CHO-079,488,488.0,24,27.1,0,1,0,,False
1281,ORD-2026-01281,CLI-059,PROD-052,2026-08-30 06:23:00,Oruro,CAM-05,CHO-119,480,480.0,24,18.4,1,1,1,,False
1282,ORD-2026-01282,CLI-057,PROD-007,2026-08-24 01:20:00,Oruro,CAM-24,CHO-067,481,481.0,24,19.2,1,1,1,,False
1283,ORD-2026-01283,CLI-034,PROD-053,2026-08-17 07:25:00,Cochabamba,CAM-01,CHO-115,31,31.0,72,64.7,1,1,1,,False
1284,ORD-2026-01284,CLI-064,PROD-019,2026-08-07 09:29:00,Oruro,CAM-05,CHO-067,13,13.0,48,48.1,0,1,0,,False
1285,ORD-2026-01285,CLI-015,PROD-021,2026-08-02 23:52:00,Oruro,CAM-24,CHO-098,357,,24,18.7,1,1,1,cantidad_entregada,True
1286,ORD-2026-01286,CLI-020,PROD-049,2026-08-18 21:12:00,Oruro,CAM-05,CHO-150,321,310.0,24,25.2,0,0,0,,False
1287,ORD-2026-01287,CLI-057,PROD-027,2026-08-16 17:51:00,Cochabamba,CAM-23,CHO-033,372,372.0,24,22.6,1,1,1,,False
1288,ORD-2026-01288,CLI-008,PROD-053,2026-08-07 06:10:00,La Paz,CAM-30,CHO-063,171,171.0,48,33.2,1,1,1,,False
1289,ORD-2026-01289,CLI-017,PROD-035,2026-08-28 11:26:00,Oruro,CAM-05,CHO-051,47,38.0,24,19.7,1,0,0,,False
1290,ORD-2026-01290,CLI-068,PROD-039,2026-08-01 04:54:00,Oruro,CAM-24,CHO-098,349,349.0,48,35.0,1,1,1,,False
1291,ORD-2026-01291,CLI-086,PROD-055,2026-08-29 01:16:00,La Paz,CAM-15,CHO-027,101,101.0,72,57.3,1,1,1,,False
1292,ORD-2026-01292,CLI-035,PROD-001,2026-08-27 19:10:00,Cochabamba,CAM-23,CHO-151,159,159.0,48,46.4,1,1,1,,False
1293,ORD-2026-01293,CLI-082,PROD-048,2026-08-04 15:03:00,La Paz,CAM-30,CHO-052,137,137.0,48,46.2,1,1,1,,False
1294,ORD-2026-01294,CLI-016,PROD-016,2026-08-23 05:41:00,Santa Cruz,CAM-06,CHO-133,260,260.0,24,23.2,1,1,1,,False
1295,ORD-2026-01295,CLI-082,PROD-041,2026-08-19 21:50:00,Oruro,CAM-16,CHO-117,213,213.0,72,47.2,1,1,1,,False
1296,ORD-2026-01296,CLI-025,PROD-002,2026-08-13 07:49:00,La Paz,CAM-09,CHO-007,208,208.0,24,22.6,1,1,1,,False
1297,ORD-2026-01297,CLI-081,PROD-047,2026-08-10 16:31:00,Santa Cruz,CAM-13,CHO-085,281,281.0,24,18.2,1,1,1,,False
1298,ORD-2026-01298,CLI-039,PROD-037,2026-08-26 23:37:00,Santa Cruz,CAM-29,CHO-120,323,323.0,48,24.8,1,1,1,,False
1299,ORD-2026-01299,CLI-043,PROD-059,2026-08-04 09:10:00,Tarija,CAM-03,CHO-132,58,58.0,48,41.3,1,1,1,,False
1300,ORD-2026-01300,CLI-077,PROD-051,2026-08-20 20:06:00,Cochabamba,CAM-22,CHO-108,432,432.0,24,28.0,0,1,0,,False
1301,ORD-2026-01301,CLI-005,PROD-021,2026-08-21 06:18:00,Santa Cruz,CAM-25,CHO-128,485,485.0,24,11.6,1,1,1,,False
1302,ORD-2026-01302,CLI-008,PROD-019,2026-08-30 18:03:00,Cochabamba,CAM-08,CHO-073,254,254.0,72,68.2,1,1,1,,False
1303,ORD-2026-01303,CLI-099,PROD-016,2026-08-13 14:26:00,La Paz,CAM-30,CHO-072,453,453.0,48,42.1,1,1,1,,False
1304,ORD-2026-01304,CLI-094,PROD-016,2026-08-02 06:35:00,La Paz,CAM-28,CHO-017,168,168.0,72,73.6,0,1,0,,False
1305,ORD-2026-01305,CLI-092,PROD-008,2026-08-30 22:59:00,Cochabamba,CAM-23,CHO-135,41,41.0,48,39.2,1,1,1,,False
1306,ORD-2026-01306,CLI-081,PROD-041,2026-08-30 15:41:00,Oruro,CAM-02,CHO-144,231,231.0,48,43.5,1,1,1,,False
1307,ORD-2026-01307,CLI-046,PROD-051,2026-08-23 14:42:00,La Paz,CAM-28,CHO-042,441,441.0,48,30.3,1,1,1,,False
1308,ORD-2026-01308,CLI-014,PROD-011,2026-08-02 12:32:00,La Paz,CAM-28,CHO-134,47,47.0,72,66.7,1,1,1,,False
1309,ORD-2026-01309,CLI-083,PROD-010,2026-08-03 19:29:00,La Paz,CAM-15,CHO-066,179,179.0,24,19.5,1,1,1,,False
1310,ORD-2026-01310,CLI-088,PROD-049,2026-08-20 19:40:00,Oruro,CAM-05,CHO-119,245,245.0,48,51.2,0,1,0,,False
1311,ORD-2026-01311,CLI-083,PROD-054,2026-08-18 21:24:00,Santa Cruz,CAM-10,CHO-142,353,353.0,24,14.7,1,1,1,,False
1312,ORD-2026-01312,CLI-055,PROD-048,2026-08-23 22:08:00,La Paz,CAM-27,CHO-039,127,127.0,72,60.4,1,1,1,,False
1313,ORD-2026-01313,CLI-039,PROD-009,2026-08-19 05:34:00,Tarija,CAM-12,CHO-026,24,24.0,24,21.2,1,1,1,,False
1314,ORD-2026-01314,CLI-033,PROD-015,2026-08-21 13:12:00,Oruro,CAM-05,CHO-150,266,266.0,48,36.3,1,1,1,,False
1315,ORD-2026-01315,CLI-038,PROD-005,2026-08-28 14:13:00,Santa Cruz,CAM-14,CHO-074,231,231.0,48,37.9,1,1,1,,False
1316,ORD-2026-01316,CLI-063,PROD-024,2026-08-16 11:48:00,Cochabamba,CAM-08,CHO-108,406,406.0,48,39.2,1,1,1,,False
1317,ORD-2026-01317,CLI-041,PROD-032,2026-08-13 11:39:00,Oruro,CAM-24,CHO-150,249,249.0,48,42.6,1,1,1,,False
1318,ORD-2026-01318,CLI-043,PROD-055,2026-08-22 19:52:00,Santa Cruz,CAM-04,CHO-020,297,297.0,24,19.5,1,1,1,,False
1319,ORD-2026-01319,CLI-083,PROD-019,2026-08-07 20:31:00,Santa Cruz,CAM-20,CHO-030,410,410.0,24,22.9,1,1,1,,False
1320,ORD-2026-01320,CLI-100,PROD-033,2026-08-21 16:20:00,Cochabamba,CAM-23,CHO-041,340,340.0,48,39.6,1,1,1,,False
1321,ORD-2026-01321,CLI-085,PROD-023,2026-08-12 05:43:00,La Paz,CAM-28,CHO-017,28,28.0,48,33.1,1,1,1,,False
1322,ORD-2026-01322,CLI-016,PROD-028,2026-08-16 03:21:00,Oruro,CAM-07,CHO-118,466,466.0,48,37.4,1,1,1,,False
1323,ORD-2026-01323,CLI-060,PROD-053,2026-08-26 06:05:00,Oruro,CAM-24,CHO-022,307,307.0,24,20.5,1,1,1,,False
1324,ORD-2026-01324,CLI-060,PROD-041,2026-08-03 11:31:00,Oruro,CAM-07,CHO-003,490,490.0,24,21.3,1,1,1,,False
1325,ORD-2026-01325,CLI-027,PROD-055,2026-08-04 03:25:00,Cochabamba,CAM-23,CHO-058,424,424.0,48,29.4,1,1,1,,False
1326,ORD-2026-01326,CLI-019,PROD-046,2026-08-09 09:49:00,Cochabamba,CAM-01,CHO-068,493,493.0,24,21.5,1,1,1,,False
1327,ORD-2026-01327,CLI-086,PROD-026,2026-08-04 06:50:00,La Paz,CAM-15,CHO-148,205,205.0,24,13.8,1,1,1,,False
1328,ORD-2026-01328,CLI-029,PROD-060,2026-08-15 23:24:00,Santa Cruz,CAM-14,CHO-004,299,299.0,24,18.3,1,1,1,,False
1329,ORD-2026-01329,CLI-065,PROD-050,2026-08-15 06:31:00,Tarija,CAM-26,CHO-082,281,281.0,48,38.6,1,1,1,,False
1330,ORD-2026-01330,CLI-043,PROD-012,2026-08-14 20:38:00,Cochabamba,CAM-23,CHO-143,275,275.0,48,28.6,1,1,1,,False
1331,ORD-2026-01331,CLI-046,PROD-001,2026-08-17 17:07:00,Cochabamba,CAM-08,CHO-077,386,386.0,48,42.9,1,1,1,,False
1332,ORD-2026-01332,CLI-033,PROD-033,2026-08-30 02:46:00,La Paz,CAM-09,CHO-005,37,37.0,48,43.7,1,1,1,,False
1333,ORD-2026-01333,CLI-032,PROD-057,2026-08-19 00:40:00,Tarija,CAM-12,CHO-056,256,256.0,72,57.2,1,1,1,,False
1334,ORD-2026-01334,CLI-065,PROD-041,2026-08-08 21:32:00,Tarija,CAM-12,CHO-132,66,66.0,24,19.8,1,1,1,,False
1335,ORD-2026-01335,CLI-074,PROD-012,2026-08-21 15:50:00,Oruro,CAM-05,CHO-110,469,469.0,72,61.3,1,1,1,,False
1336,ORD-2026-01336,CLI-026,PROD-056,2026-08-12 02:33:00,Oruro,CAM-05,CHO-022,277,277.0,24,20.6,1,1,1,,False
1337,ORD-2026-01337,CLI-055,PROD-031,2026-08-23 01:53:00,Santa Cruz,CAM-13,CHO-085,470,470.0,72,51.6,1,1,1,,False
1338,ORD-2026-01338,CLI-035,PROD-017,2026-08-28 03:59:00,Santa Cruz,CAM-13,CHO-035,293,293.0,48,32.6,1,1,1,,False
1339,ORD-2026-01339,CLI-064,PROD-027,2026-08-30 22:55:00,Cochabamba,CAM-17,CHO-147,225,225.0,24,20.3,1,1,1,,False
1340,ORD-2026-01340,CLI-029,PROD-021,2026-08-26 08:20:00,Santa Cruz,CAM-18,CHO-059,424,424.0,24,16.7,1,1,1,,False
1341,ORD-2026-01341,CLI-059,PROD-046,2026-08-26 01:03:00,Oruro,CAM-02,CHO-110,493,493.0,24,20.3,1,1,1,,False
1342,ORD-2026-01342,CLI-030,PROD-042,2026-08-11 02:55:00,La Paz,CAM-30,CHO-023,45,45.0,24,16.9,1,1,1,,False
1343,ORD-2026-01343,CLI-070,PROD-056,2026-08-01 09:18:00,Oruro,CAM-05,CHO-067,276,276.0,24,-20.6,1,1,1,tiempo_entrega_real_hrs,True
1344,ORD-2026-01344,CLI-034,PROD-013,2026-08-07 17:46:00,La Paz,CAM-09,CHO-127,305,305.0,24,18.6,1,1,1,,False
1345,ORD-2026-01345,CLI-073,PROD-026,2026-08-27 07:11:00,Oruro,CAM-16,CHO-051,87,87.0,24,8.7,1,1,1,,False
1346,ORD-2026-01346,CLI-072,PROD-055,2026-08-15 20:25:00,Santa Cruz,CAM-18,CHO-025,397,397.0,48,48.1,0,1,0,,False
1347,ORD-2026-01347,CLI-003,PROD-055,2026-08-22 07:01:00,Cochabamba,CAM-17,CHO-111,281,281.0,24,19.5,1,1,1,,False
1348,ORD-2026-01348,CLI-035,PROD-006,2026-08-20 22:20:00,Santa Cruz,CAM-20,CHO-104,194,194.0,72,59.0,1,1,1,,False
1349,ORD-2026-01349,CLI-073,PROD-027,2026-08-18 16:24:00,La Paz,CAM-27,CHO-127,366,366.0,24,17.6,1,1,1,,False
1350,ORD-2026-01350,CLI-009,PROD-041,2026-08-05 22:19:00,Tarija,CAM-12,CHO-122,112,112.0,24,24.3,0,1,0,,False
1351,ORD-2026-01351,CLI-001,PROD-055,2026-08-21 12:25:00,La Paz,CAM-30,CHO-052,110,110.0,72,43.2,1,1,1,,False
1352,ORD-2026-01352,CLI-059,PROD-017,2026-08-01 21:43:00,Cochabamba,CAM-01,CHO-016,375,375.0,24,19.7,1,1,1,,False
1353,ORD-2026-01353,CLI-066,PROD-029,2026-08-04 03:39:00,Santa Cruz,CAM-10,CHO-029,178,178.0,48,40.3,1,1,1,,False
1354,ORD-2026-01354,CLI-070,PROD-053,2026-08-24 01:33:00,Oruro,CAM-24,CHO-136,326,326.0,48,40.7,1,1,1,,False
1355,ORD-2026-01355, cli-098 ,PROD-019,2026-08-27 19:26:00,La Paz,CAM-15,CHO-127,97,97.0,48,28.0,1,1,1,cliente_id,True
1356,ORD-2026-01356,CLI-045,PROD-056,2026-08-30 15:47:00,La Paz,CAM-09,CHO-064,463,463.0,24,24.2,0,1,0,,False
1357,ORD-2026-01357,CLI-093,PROD-021,2026-08-02 21:54:00,Santa Cruz,CAM-13,CHO-099,61,61.0,24,23.6,1,1,1,,False
1358,ORD-2026-01358,CLI-004,PROD-031,2026-08-01 22:12:00,Tarija,CAM-03,CHO-043,66,58.0,72,46.5,1,0,0,,False
1359,ORD-2026-01359,CLI-034,PROD-060,2026-08-15 04:09:00,Santa Cruz,CAM-20,CHO-011,324,324.0,72,63.2,1,1,1,,False
1360,ORD-2026-01360,CLI-063,PROD-028,2026-08-30 02:48:00,Cochabamba,CAM-22,CHO-138,66,66.0,24,19.3,1,1,1,,False
1361,ORD-2026-01361,CLI-062,PROD-010,2026-08-09 04:39:00,Oruro,CAM-05,CHO-119,375,375.0,48,31.6,1,1,1,,False
1362,ORD-2026-01362,CLI-012,PROD-028,2026-08-10 09:48:00,Tarija,CAM-12,CHO-026,472,472.0,48,52.1,0,1,0,,False
1363,ORD-2026-01363,CLI-049,PROD-047,2026-08-06 04:19:00,Santa Cruz,CAM-06,CHO-149,87,87.0,48,33.7,1,1,1,,False
1364,ORD-2026-01364,CLI-003,PROD-028,2026-08-09 18:27:00,Tarija,CAM-26,CHO-088,496,496.0,48,41.8,1,1,1,,False
1365,ORD-2026-01365,CLI-030,PROD-029,2026-08-29 22:13:00,Santa Cruz,CAM-29,CHO-141,220,220.0,72,62.2,1,1,1,,False
1366,ORD-2026-01366,CLI-082,PROD-021,2026-08-19 09:11:00,Tarija,CAM-03,CHO-045,490,490.0,48,33.7,1,1,1,,False
1367,ORD-2026-01367,CLI-093,PROD-009,2026-08-03 21:15:00,Tarija,CAM-12,CHO-061,446,446.0,24,19.1,1,1,1,,False
1368,ORD-2026-01368,CLI-046,PROD-030,2026-08-01 09:17:00,Cochabamba,CAM-23,CHO-087,224,224.0,24,20.3,1,1,1,,False
1369,ORD-2026-01369,CLI-088,PROD-030,2026-08-09 12:15:00,Oruro,CAM-02,CHO-003,473,473.0,72,52.2,1,1,1,,False
1370,ORD-2026-01370,CLI-025,PROD-024,2026-08-24 17:03:00,Cochabamba,CAM-01,CHO-147,339,339.0,48,28.6,1,1,1,,False
1371,ORD-2026-01371,CLI-096,PROD-022,2026-08-20 06:35:00,Oruro,CAM-05,CHO-003,310,310.0,24,23.2,1,1,1,,False
1372,ORD-2026-01372,CLI-030,PROD-052,2026-08-15 09:17:00,Oruro,CAM-05,CHO-032,242,242.0,24,22.9,1,1,1,,False
1373,ORD-2026-01373,CLI-099,PROD-016,2026-08-14 22:24:00,La Paz,CAM-09,CHO-017,139,139.0,24,24.3,0,1,0,,False
1374,ORD-2026-01374,CLI-053,PROD-030,2026-08-19 11:28:00,Cochabamba,CAM-19,CHO-112,89,89.0,48,42.6,1,1,1,,False
1375,ORD-2026-01375,CLI-021,PROD-050,2026-08-02 02:23:00,Tarija,CAM-12,CHO-146,330,330.0,72,78.7,0,1,0,,False
1376,ORD-2026-01376,CLI-016,PROD-047,2026-08-01 04:56:00,Cochabamba,CAM-08,CHO-068,471,471.0,48,48.7,0,1,0,,False
1377,ORD-2026-01377,CLI-098,PROD-052,2026-08-14 08:00:00,Oruro,CAM-05,CHO-003,345,345.0,48,45.4,1,1,1,,False
1378,ORD-2026-01378,CLI-019,PROD-001,2026-08-05 22:45:00,Santa Cruz,CAM-20,CHO-075,440,440.0,48,38.6,1,1,1,,False
1379,ORD-2026-01379,CLI-022,PROD-051,2026-08-25 22:02:00,Oruro,CAM-05,CHO-032,207,190.0,48,33.8,1,0,0,,False
1380,ORD-2026-01380,CLI-058,PROD-055,2026-08-03 01:21:00,Santa Cruz,CAM-18,CHO-104,134,134.0,48,39.8,1,1,1,,False
1381,ORD-2026-01381,CLI-031,PROD-011,2026-08-02 08:35:00,La Paz,CAM-09,CHO-052,333,333.0,24,24.9,0,1,0,,False
1382,ORD-2026-01382,CLI-009,PROD-019,2026-08-12 12:47:00,Oruro,CAM-05,CHO-136,459,459.0,48,34.9,1,1,1,,False
1383,ORD-2026-01383,CLI-008,PROD-014,2026-08-04 09:32:00,Tarija,CAM-26,CHO-132,486,486.0,24,22.1,1,1,1,,False
1384,ORD-2026-01384,CLI-002,PROD-038,2026-08-26 20:14:00,Oruro,CAM-16,CHO-117,298,295.0,24,23.0,1,0,0,,False
1385,ORD-2026-01385,CLI-073,PROD-032,2026-08-22 20:04:00,Santa Cruz,CAM-11,CHO-101,210,210.0,48,16.8,1,1,1,,False
1386,ORD-2026-01386,CLI-071,PROD-009,2026-08-26 12:40:00,Tarija,CAM-12,CHO-043,52,52.0,48,50.7,0,1,0,,False
1387,ORD-2026-01387,CLI-019,PROD-059,2026-08-15 09:25:00,Cochabamba,CAM-08,CHO-111,248,248.0,48,49.1,0,1,0,,False
1388,ORD-2026-01388,CLI-022,PROD-041,2026-08-15 04:37:00,La Paz,CAM-09,CHO-027,143,143.0,24,17.0,1,1,1,,False
1389,ORD-2026-01389,CLI-011,PROD-020,2026-08-14 21:12:00,Cochabamba,CAM-22,CHO-006,201,201.0,24,21.3,1,1,1,,False
1390,ORD-2026-01390,CLI-043,PROD-027,2026-08-10 02:01:00,Oruro,CAM-07,CHO-118,389,389.0,24,25.5,0,1,0,,False
1391,ORD-2026-01391,CLI-097,PROD-030,2026-08-05 05:17:00,Oruro,CAM-05,CHO-136,173,173.0,24,22.6,1,1,1,,False
1392,ORD-2026-01392,CLI-069,PROD-005,2026-08-28 18:45:00,Oruro,CAM-05,CHO-022,284,284.0,48,47.0,1,1,1,,False
1393,ORD-2026-01393,CLI-014,PROD-020,04/08/2026 11:48,Santa Cruz,CAM-20,CHO-046,346,346.0,24,26.9,0,1,0,fecha_despacho,True
1394,ORD-2026-01394,CLI-084,PROD-029,2026-08-05 20:56:00,Oruro,CAM-02,CHO-098,210,210.0,72,65.5,1,1,1,,False
1395,ORD-2026-01395,CLI-007,PROD-058,2026-08-05 02:33:00,Cochabamba,CAM-19,CHO-047,10,10.0,72,47.2,1,1,1,,False
1396,ORD-2026-01396,CLI-054,PROD-035,2026-08-17 00:51:00,La Paz,CAM-09,CHO-007,64,64.0,48,48.2,0,1,0,,False
1397,ORD-2026-01397,CLI-004,PROD-007,2026-08-03 21:21:00,Oruro,CAM-05,CHO-032,48,48.0,48,28.9,1,1,1,,False
1398,ORD-2026-01398,CLI-072,PROD-054,2026-08-10 13:19:00,Cochabamba,CAM-19,CHO-131,253,253.0,72,56.0,1,1,1,,False
1399,ORD-2026-01399,CLI-063,PROD-009,2026-08-04 04:21:00,Cochabamba,CAM-01,CHO-131,185,185.0,48,38.2,1,1,1,,False
1400,ORD-2026-01400,CLI-080,PROD-043,2026-08-06 22:50:00,Cochabamba,CAM-01,CHO-014,494,494.0,24,20.9,1,1,1,,False
1401,ORD-2026-01401,CLI-042,PROD-005,2026-08-07 01:33:00,Tarija,CAM-12,CHO-044,22,22.0,72,56.3,1,1,1,,False
1402,ORD-2026-01402,CLI-049,PROD-014,2026-08-03 14:46:00,Cochabamba,CAM-22,CHO-041,423,423.0,24,22.8,1,1,1,,False
1403,ORD-2026-01403,CLI-097,PROD-038,2026-08-22 13:56:00,La Paz,CAM-28,CHO-005,263,252.0,48,43.1,1,0,0,,False
1404,ORD-2026-01404,CLI-039,PROD-033,2026-08-14 15:53:00,Santa Cruz,CAM-21,CHO-004,89,89.0,72,61.8,1,1,1,,False
1405,ORD-2026-01405,CLI-053,PROD-033,2026-08-13 20:54:00,La Paz,CAM-30,CHO-027,495,495.0,48,47.6,1,1,1,,False
1406,ORD-2026-01406,CLI-017,PROD-042,2026-08-11 04:28:00,Tarija,CAM-12,CHO-050,434,434.0,72,54.6,1,1,1,,False
1407,ORD-2026-01407,CLI-097,PROD-024,2026-08-19 22:49:00,La Paz,CAM-27,CHO-139,401,401.0,72,46.3,1,1,1,,False
1408,ORD-2026-01408,CLI-094,PROD-050,2026-08-27 21:46:00,Cochabamba,CAM-08,CHO-140,433,433.0,24,22.8,1,1,1,,False
1409,ORD-2026-01409,CLI-018,PROD-051,24/08/2026 07:32,Santa Cruz,CAM-13,CHO-100,498,498.0,48,38.5,1,1,1,fecha_despacho,True
1410,ORD-2026-01410,CLI-072,PROD-028,2026-08-16 06:02:00,Cochabamba,CAM-08,CHO-065,407,407.0,72,52.2,1,1,1,,False
1411,ORD-2026-01411,CLI-026,PROD-058,2026-08-30 10:17:00,Oruro,CAM-07,CHO-117,313,313.0,48,48.9,0,1,0,,False
1412,ORD-2026-01412,CLI-052,PROD-032,2026-08-01 08:56:00,Tarija,CAM-26,CHO-026,16,16.0,24,20.1,1,1,1,,False
1413,ORD-2026-01413,CLI-083,PROD-022,2026-08-01 13:43:00,Tarija,CAM-03,CHO-044,314,314.0,24,9.7,1,1,1,,False
1414,ORD-2026-01414,CLI-048,PROD-056,2026-08-21 23:54:00,Cochabamba,CAM-22,CHO-130,284,284.0,24,20.3,1,1,1,,False
1415,ORD-2026-01415,CLI-009,PROD-050,2026-08-17 01:16:00,La Paz,CAM-09,CHO-107,296,296.0,48,42.9,1,1,1,,False
1416,ORD-2026-01416,CLI-048,PROD-018,2026-08-26 14:04:00,Cochabamba,CAM-23,CHO-138,360,360.0,72,80.5,0,1,0,,False
1417,ORD-2026-01417,CLI-078,PROD-057,2026-08-30 00:35:00,Santa Cruz,CAM-21,CHO-053,201,201.0,24,20.9,1,1,1,,False
1418,ORD-2026-01418,CLI-091,PROD-012,2026-08-06 16:43:00,Santa Cruz,CAM-18,CHO-060,194,194.0,72,70.7,1,1,1,,False
1419,ORD-2026-01419,CLI-031,PROD-022,2026-08-10 07:50:00,Oruro,CAM-05,CHO-136,353,353.0,24,17.2,1,1,1,,False
1420,ORD-2026-01420,CLI-076,PROD-008,2026-08-06 02:06:00,Tarija,CAM-03,CHO-082,362,362.0,48,45.5,1,1,1,,False
1421,ORD-2026-01421,CLI-092,PROD-035,2026-08-23 09:43:00,Santa Cruz,CAM-14,CHO-028,312,304.0,72,81.4,0,0,0,,False
1422,ORD-2026-01422,CLI-047,PROD-053,2026-08-09 21:25:00,Oruro,CAM-02,CHO-136,80,80.0,48,28.5,1,1,1,,False
1423,ORD-2026-01423,CLI-018,PROD-055,2026-08-04 22:29:00,Cochabamba,CAM-23,CHO-047,191,191.0,24,16.3,1,1,1,,False
1424,ORD-2026-01424,CLI-091,PROD-042,2026-08-17 23:35:00,Santa Cruz,CAM-06,CHO-100,299,299.0,48,52.0,0,1,0,,False
1425,ORD-2026-01425,CLI-028,PROD-026,2026-08-03 14:50:00,Santa Cruz,CAM-11,CHO-128,258,258.0,48,44.0,1,1,1,,False
1426,ORD-2026-01426,CLI-017,PROD-032,2026-08-17 03:27:00,Cochabamba,CAM-08,CHO-006,104,104.0,72,68.1,1,1,1,,False
1427,ORD-2026-01427,CLI-006,PROD-045,2026-08-17 06:40:00,Oruro,CAM-07,CHO-118,414,414.0,48,55.6,0,1,0,,False
1428,ORD-2026-01428,CLI-093,PROD-046,2026-08-29 04:08:00,Santa Cruz,CAM-06,CHO-129,296,296.0,72,70.8,1,1,1,,False
1429,ORD-2026-01429,CLI-014,PROD-053,2026-08-16 04:19:00,La Paz,CAM-27,CHO-148,222,222.0,24,20.6,1,1,1,,False
1430,ORD-2026-01430,CLI-056,PROD-020,2026-08-14 17:06:00,Tarija,CAM-12,CHO-044,460,460.0,72,61.7,1,1,1,,False
1431,ORD-2026-01431,CLI-053,PROD-018,2026-08-27 01:13:00,Tarija,CAM-26,CHO-082,359,359.0,48,37.3,1,1,1,,False
1432,ORD-2026-01432,CLI-087,PROD-001,2026-08-11 15:35:00,Santa Cruz,CAM-13,CHO-120,318,318.0,72,75.7,0,1,0,,False
1433,ORD-2026-01433,CLI-034,PROD-028,2026-08-09 07:47:00,Santa Cruz,CAM-18,CHO-101,293,293.0,48,43.0,1,1,1,,False
1434,ORD-2026-01434,CLI-037,PROD-035,2026-08-29 16:39:00,Tarija,CAM-12,CHO-048,88,88.0,48,45.1,1,1,1,,False
1435,ORD-2026-01435,CLI-089,PROD-016,2026-08-03 01:32:00,Santa Cruz,CAM-20,CHO-092,188,188.0,72,54.8,1,1,1,,False
1436,ORD-2026-01436,CLI-009,PROD-015,2026-08-07 18:28:00,Santa Cruz,CAM-06,CHO-133,411,411.0,24,19.1,1,1,1,,False
1437,ORD-2026-01437,CLI-029,PROD-046,2026-08-30 23:58:00,La Paz,CAM-27,CHO-139,156,156.0,48,42.4,1,1,1,,False
1438,ORD-2026-01438,CLI-034,PROD-055,2026-08-04 23:59:00,Santa Cruz,CAM-20,CHO-095,98,87.0,48,47.9,1,0,0,,False
1439,ORD-2026-01439,CLI-045,PROD-015,2026-08-21 08:12:00,Tarija,CAM-12,CHO-122,30,30.0,48,42.9,1,1,1,,False
1440,ORD-2026-01440,CLI-037,PROD-057,2026-08-08 08:11:00,Cochabamba,CAM-22,CHO-124,138,138.0,48,39.5,1,1,1,,False
1441,ORD-2026-01441,CLI-085,PROD-032,2026-08-20 23:19:00,Tarija,CAM-03,CHO-043,306,306.0,24,16.3,1,1,1,,False
1442,ORD-2026-01442,CLI-022,PROD-018,2026-08-13 16:17:00,Tarija,CAM-26,CHO-036,458,458.0,48,29.0,1,1,1,,False
1443,ORD-2026-01443,CLI-053,PROD-051,2026-08-19 16:29:00,Oruro,CAM-05,CHO-136,456,456.0,48,37.9,1,1,1,,False
1444,ORD-2026-01444,CLI-026,PROD-026,2026-08-09 09:12:00,La Paz,CAM-09,CHO-021,94,94.0,24,17.5,1,1,1,,False
1445,ORD-2026-01445,CLI-034,PROD-002,2026-08-20 07:30:00,La Paz,CAM-28,CHO-083,378,378.0,24,20.3,1,1,1,,False
1446,ORD-2026-01446,CLI-083,PROD-053,2026-08-04 07:07:00,Cochabamba,CAM-23,CHO-047,80,80.0,48,33.2,1,1,1,,False
1447,ORD-2026-01447,CLI-044,PROD-029,2026-08-02 12:35:00,Oruro,CAM-24,CHO-038,283,283.0,24,24.3,0,1,0,,False
1448,ORD-2026-01448,CLI-064,PROD-056,2026-08-23 23:15:00,Santa Cruz,CAM-20,CHO-099,99,99.0,72,62.2,1,1,1,,False
1449,ORD-2026-01449,CLI-088,PROD-028,2026-08-23 19:28:00,La Paz,CAM-28,CHO-063,150,150.0,24,18.7,1,1,1,,False
1450,ORD-2026-01450,CLI-046,PROD-058,2026-08-17 21:17:00,Tarija,CAM-12,CHO-132,448,448.0,24,16.5,1,1,1,,False
1451,ORD-2026-01451,CLI-006,PROD-047,2026-08-26 06:54:00,Tarija,CAM-26,CHO-050,423,423.0,24,13.4,1,1,1,,False
1452,ORD-2026-01452,CLI-075,PROD-008,2026-08-07 15:41:00,Cochabamba,CAM-22,CHO-065,405,405.0,48,51.5,0,1,0,,False
1453,ORD-2026-01453,CLI-057,PROD-041,2026-08-23 05:07:00,Tarija,CAM-12,CHO-146,64,64.0,24,17.5,1,1,1,,False
1454,ORD-2026-01454,CLI-075,PROD-040,2026-08-28 06:18:00,Tarija,CAM-03,CHO-015,391,391.0,48,48.7,0,1,0,,False
1455,ORD-2026-01455,CLI-022,PROD-033,2026-08-06 11:36:00,Santa Cruz,CAM-21,CHO-070,168,168.0,48,54.1,0,1,0,,False
1456, ord-2026-01456 ,CLI-061,PROD-010,2026-08-11 06:21:00,Cochabamba,CAM-08,CHO-077,399,382.0,48,36.0,1,0,0,order_id,True
1457,ORD-2026-01457,CLI-008,PROD-046,2026-08-25 16:30:00,Santa Cruz,CAM-04,CHO-142,271,271.0,48,43.5,1,1,1,,False
1458,ORD-2026-01458,CLI-002,PROD-023,2026-08-02 08:55:00,Cochabamba,CAM-22,CHO-111,389,389.0,72,57.4,1,1,1,,False
1459,ORD-2026-01459,CLI-087,PROD-007,2026-08-28 18:29:00,La Paz,CAM-30,CHO-072,100,,24,16.6,1,1,1,cantidad_entregada,True
1460,ORD-2026-01460,CLI-017,PROD-051,2026-08-24 00:27:00,La Paz,CAM-09,CHO-137,180,180.0,48,41.7,1,1,1,,False
1461,ORD-2026-01461,CLI-029,PROD-015,2026-08-07 07:27:00,Cochabamba,CAM-22,CHO-086,284,284.0,24,21.8,1,1,1,,False
1462,ORD-2026-01462,CLI-065,PROD-030,2026-08-13 06:29:00,Cochabamba,CAM-08,CHO-143,40,40.0,24,24.6,0,1,0,,False
1463,ORD-2026-01463,CLI-012,PROD-040,2026-08-08 16:28:00,Oruro,CAM-05,CHO-098,257,257.0,24,18.7,1,1,1,,False
1464,ORD-2026-01464,CLI-096,PROD-006,2026-08-30 20:25:00,Santa Cruz,CAM-04,CHO-018,132,132.0,48,46.3,1,1,1,,False
1465,ORD-2026-01465,CLI-081,PROD-047,2026-08-03 17:06:00,La Paz,CAM-15,CHO-137,119,119.0,48,39.7,1,1,1,,False
1466,ORD-2026-01466,CLI-035,PROD-033,2026-08-19 13:09:00,La Paz,CAM-09,CHO-137,486,486.0,72,87.2,0,1,0,,False
1467,ORD-2026-01467,CLI-028,PROD-024,2026-08-14 18:30:00,Cochabamba,CAM-17,CHO-006,127,127.0,72,66.6,1,1,1,,False
1468,ORD-2026-01468,CLI-003,PROD-009,2026-08-05 12:26:00,Santa Cruz,CAM-25,CHO-123,319,319.0,72,77.4,0,1,0,,False
1469,ORD-2026-01469,CLI-039,PROD-045,2026-08-04 01:59:00,Cochabamba,CAM-08,CHO-019,219,219.0,24,22.7,1,1,1,,False
1470,ORD-2026-01470,CLI-055,PROD-024,2026-08-20 14:36:00,Cochabamba,CAM-08,CHO-047,289,289.0,72,52.0,1,1,1,,False
1471,ORD-2026-01471,CLI-055,PROD-007,2026-08-15 10:30:00,Cochabamba,CAM-08,CHO-065,414,414.0,24,17.6,1,1,1,,False
1472,ORD-2026-01472,CLI-078,PROD-039,2026-08-16 15:32:00,Tarija,CAM-26,CHO-056,52,52.0,48,37.4,1,1,1,,False
1473,ORD-2026-01473,CLI-089,PROD-022,2026-08-11 22:42:00,La Paz,CAM-28,CHO-126,121,121.0,48,32.7,1,1,1,,False
1474,ORD-2026-01474,CLI-006,PROD-005,2026-08-10 18:53:00,Santa Cruz,CAM-13,CHO-074,342,342.0,72,56.3,1,1,1,,False
1475,ORD-2026-01475,CLI-024,PROD-012,2026-08-11 17:33:00,Santa Cruz,CAM-21,CHO-079,105,105.0,24,19.7,1,1,1,,False
1476,ORD-2026-01476,CLI-032,PROD-037,2026-08-30 15:09:00,Cochabamba,CAM-17,CHO-112,27,27.0,72,66.8,1,1,1,,False
1477,ORD-2026-01477,CLI-038,PROD-046,2026-08-29 17:05:00,Oruro,CAM-16,CHO-003,197,197.0,72,55.5,1,1,1,,False
1478,ORD-2026-01478,CLI-063,PROD-019,2026-08-01 07:28:00,Santa Cruz,CAM-20,CHO-011,77,77.0,48,29.5,1,1,1,,False
1479,ORD-2026-01479,CLI-061,PROD-058,2026-08-10 04:32:00,Cochabamba,CAM-01,CHO-115,46,46.0,48,36.4,1,1,1,,False
1480,ORD-2026-01480,CLI-076,PROD-027,2026-08-25 18:07:00,Santa Cruz,CAM-10,CHO-142,144,144.0,72,72.3,0,1,0,,False
1481,ORD-2026-01481,CLI-032,PROD-038,2026-08-16 10:29:00,Cochabamba,CAM-08,CHO-077,261,261.0,48,46.3,1,1,1,,False
1482,ORD-2026-01482,CLI-073, prod-052 ,2026-08-24 07:40:00,Oruro,CAM-05,CHO-038,67,67.0,24,17.3,1,1,1,producto_id,True
1483,ORD-2026-01483,CLI-095,PROD-055,2026-08-22 20:08:00,Oruro,CAM-02,CHO-144,147,147.0,48,42.3,1,1,1,,False
1484,ORD-2026-01484,CLI-010,PROD-023,2026-08-05 13:54:00,Santa Cruz,CAM-13,CHO-080,246,246.0,48,52.0,0,1,0,,False
1485,ORD-2026-01485,CLI-073,PROD-054,2026-08-14 16:34:00,Cochabamba,CAM-23,CHO-058,318,318.0,24,14.4,1,1,1,,False
1486,ORD-2026-01486,CLI-043,PROD-018,2026-08-03 02:33:00,Tarija,CAM-03,CHO-015,345,345.0,48,38.7,1,1,1,,False
1487,ORD-2026-01487,CLI-051,PROD-008,2026-08-20 06:47:00,Cochabamba,CAM-23,CHO-073,348,348.0,24,23.2,1,1,1,,False
1488,ORD-2026-01488,CLI-023,PROD-044,2026-08-24 01:17:00,Santa Cruz,CAM-25,CHO-053,173,162.0,24,16.3,1,0,0,,False
1489,ORD-2026-01489,CLI-084,PROD-009,2026-08-25 06:06:00,Oruro,CAM-24,CHO-144,223,223.0,48,43.5,1,1,1,,False
1490,ORD-2026-01490,CLI-022,PROD-030,2026-08-18 04:36:00,Cochabamba,CAM-08,CHO-116,469,469.0,24,23.2,1,1,1,,False
1491,ORD-2026-01491,CLI-082,PROD-013,2026-08-18 15:58:00,Tarija,CAM-03,CHO-045,178,178.0,24,21.5,1,1,1,,False
1492,ORD-2026-01492,CLI-018,PROD-049,2026-08-07 15:55:00,Santa Cruz,CAM-20,CHO-025,149,149.0,48,26.7,1,1,1,,False
1493,ORD-2026-01493,CLI-100,PROD-012,2026-08-23 02:04:00,Santa Cruz,CAM-14,CHO-141,269,269.0,48,34.8,1,1,1,,False
1494,ORD-2026-01494,CLI-086,PROD-003,2026-08-11 11:05:00,Cochabamba,CAM-08,CHO-116,316,316.0,24,27.4,0,1,0,,False
1495,ORD-2026-01495,CLI-005,PROD-041,2026-08-05 16:45:00,Oruro,CAM-16,CHO-032,438,438.0,24,12.7,1,1,1,,False
1496,ORD-2026-01496,CLI-069,PROD-024,2026-08-19 06:45:00,Tarija,CAM-12,CHO-043,144,144.0,24,18.5,1,1,1,,False
1497,ORD-2026-01497,CLI-053,PROD-031,2026-08-18 08:03:00,Tarija,CAM-03,CHO-044,123,123.0,24,21.5,1,1,1,,False
1498,ORD-2026-01498,CLI-033,PROD-036,2026-08-14 08:41:00,Tarija,CAM-03,CHO-031,41,41.0,48,33.3,1,1,1,,False
1499,ORD-2026-01499,CLI-033,PROD-014,2026-08-27 20:48:00,La Paz,CAM-09,CHO-066,267,267.0,72,74.8,0,1,0,,False
1500,ORD-2026-01500,CLI-037,PROD-012,2026-08-15 09:13:00,Oruro,CAM-05,CHO-117,298,298.0,48,52.4,0,1,0,,False
1501,ORD-2026-01501,CLI-048,PROD-033,2026-08-08 00:30:00,Santa Cruz,CAM-21,CHO-076,129,129.0,24,26.6,0,1,0,,False
1502,ORD-2026-01502,CLI-063,PROD-022,2026-08-28 19:02:00,Tarija,CAM-03,CHO-031,57,57.0,72,62.4,1,1,1,,False
1503,ORD-2026-01503,CLI-039,PROD-054,2026-08-02 02:26:00,La Paz,CAM-09,CHO-052,460,460.0,48,39.2,1,1,1,,False
1504,ORD-2026-01504,CLI-030,PROD-038,2026-08-06 02:56:00,La Paz,CAM-27,CHO-066,458,458.0,48,47.3,1,1,1,,False
1505,ORD-2026-01505,CLI-076,PROD-028,2026-08-29 22:50:00,Oruro,CAM-24,CHO-038,149,149.0,24,17.8,1,1,1,,False
1506,ORD-2026-01506,CLI-034,PROD-036,2026-08-02 20:13:00,Santa Cruz,CAM-14,CHO-103,19,19.0,48,39.5,1,1,1,,False
1507,ORD-2026-01507,CLI-032,PROD-001,2026-08-17 11:02:00,Oruro,CAM-05,CHO-003,70,70.0,72,53.0,1,1,1,,False
1508,ORD-2026-01508,CLI-031,PROD-035,2026-08-26 18:58:00,La Paz,CAM-09,CHO-084,450,450.0,24,26.3,0,1,0,,False
1509,ORD-2026-01509,CLI-016,PROD-003,2026-08-06 03:24:00,Cochabamba,CAM-22,CHO-006,180,180.0,48,34.0,1,1,1,,False
1510,ORD-2026-01510,CLI-038,PROD-008,2026-08-23 01:48:00,Oruro,CAM-05,CHO-038,313,313.0,48,33.9,1,1,1,,False
1511,ORD-2026-01511,CLI-010,PROD-008,2026-08-17 20:29:00,La Paz,CAM-28,CHO-139,440,440.0,72,52.9,1,1,1,,False
1512,ORD-2026-01512,CLI-079,PROD-033,2026-08-12 01:50:00,La Paz,CAM-27,CHO-057,245,245.0,72,57.1,1,1,1,,False
1513,ORD-2026-01513,CLI-005,PROD-007,2026-08-20 13:14:00,Cochabamba,CAM-17,CHO-131,146,146.0,72,35.2,1,1,1,,False
1514,ORD-2026-01514,CLI-093,PROD-058,2026-08-21 18:29:00,Tarija,CAM-26,CHO-061,124,124.0,72,67.4,1,1,1,,False
1515,ORD-2026-01515,CLI-099,PROD-024,2026-08-17 16:17:00,Tarija,CAM-12,CHO-050,117,117.0,72,54.1,1,1,1,,False
1516,ORD-2026-01516,CLI-026,PROD-008,2026-08-23 11:16:00,Cochabamba,CAM-22,CHO-068,294,294.0,48,40.6,1,1,1,,False
1517,ORD-2026-01517,CLI-089,PROD-043,2026-08-27 05:34:00,La Paz,CAM-28,CHO-007,307,307.0,72,45.4,1,1,1,,False
1518,ORD-2026-01518,CLI-018,PROD-043,2026-08-17 03:26:00,Santa Cruz,CAM-13,CHO-062,245,245.0,24,26.8,0,1,0,,False
1519,ORD-2026-01519,CLI-068,PROD-025,2026-08-11 07:08:00,La Paz,CAM-09,CHO-126,158,158.0,72,54.6,1,1,1,,False
1520,ORD-2026-01520,CLI-099,PROD-057,2026-08-15 08:27:00,Oruro,CAM-02,CHO-118,76,76.0,48,48.9,0,1,0,,False
1521,ORD-2026-01521,CLI-031,PROD-006,2026-08-07 14:34:00,Oruro,CAM-07,CHO-038,95,,24,20.9,1,1,1,cantidad_entregada,True
1522,ORD-2026-01522,CLI-073,PROD-040,2026-08-26 18:18:00,Tarija,CAM-12,CHO-088,321,321.0,48,28.6,1,1,1,,False
1523,ORD-2026-01523,CLI-035,PROD-045,2026-08-04 16:21:00,Cochabamba,CAM-23,CHO-130,140,140.0,48,42.4,1,1,1,,False
1524,ORD-2026-01524,CLI-049,PROD-020,2026-08-04 08:40:00,Cochabamba,CAM-23,CHO-151,70,70.0,48,38.2,1,1,1,,False
1525,ORD-2026-01525,CLI-025,PROD-059,2026-08-06 13:00:00,Tarija,CAM-03,CHO-010,220,220.0,48,42.9,1,1,1,,False
1526,ORD-2026-01526,CLI-061,PROD-038,2026-08-30 18:25:00,Santa Cruz,CAM-06,CHO-078,136,136.0,72,51.2,1,1,1,,False
1527,ORD-2026-01527,CLI-081,PROD-010,2026-08-04 23:56:00,Tarija,CAM-12,CHO-031,14,14.0,24,18.5,1,1,1,,False
1528,ORD-2026-01528,CLI-094,PROD-052,2026-08-26 23:51:00,La Paz,CAM-28,CHO-137,221,221.0,24,21.0,1,1,1,,False
1529,ORD-2026-01529,CLI-087,PROD-050,2026-08-20 04:37:00,Cochabamba,CAM-01,CHO-055,379,379.0,24,26.6,0,1,0,,False
1530,ORD-2026-01530,CLI-053,PROD-002,2026-08-23 19:45:00,Tarija,CAM-12,CHO-009,86,86.0,48,28.0,1,1,1,,False
1531,ORD-2026-01531,CLI-063,PROD-038,2026-08-22 07:30:00,Cochabamba,CAM-19,CHO-086,306,306.0,24,26.2,0,1,0,,False
1532,ORD-2026-01532,CLI-098,PROD-052,2026-08-07 14:13:00,La Paz,CAM-09,CHO-139,21,21.0,24,16.4,1,1,1,,False
1533,ORD-2026-01533,CLI-004,PROD-051,2026-08-20 09:38:00,La Paz,CAM-09,CHO-017,449,438.0,24,13.7,1,0,0,,False
1534,ORD-2026-01534,CLI-043,PROD-003,2026-08-19 21:03:00,Tarija,CAM-03,CHO-082,88,88.0,72,52.9,1,1,1,,False
1535,ORD-2026-01535,CLI-017,PROD-003,2026-08-17 09:00:00,Tarija,CAM-12,CHO-056,101,101.0,24,16.8,1,1,1,,False
1536,ORD-2026-01536,CLI-014,PROD-060,2026-08-20 17:04:00,Tarija,CAM-03,CHO-122,132,132.0,24,18.7,1,1,1,,False
1537,ORD-2026-01537,CLI-093,PROD-028,2026-08-24 05:24:00,Oruro,CAM-02,CHO-118,426,426.0,72,52.3,1,1,1,,False
1538,ORD-2026-01538,CLI-040,PROD-006,2026-08-19 17:16:00,Cochabamba,CAM-17,CHO-016,147,147.0,48,44.5,1,1,1,,False
1539,ORD-2026-01539,CLI-015,PROD-026,2026-08-05 13:20:00,Oruro,CAM-02,CHO-117,428,,24,16.9,1,1,1,cantidad_entregada,True
1540,ORD-2026-01540,CLI-046,PROD-051,2026-08-15 08:30:00,Oruro,CAM-05,CHO-119,404,404.0,24,18.2,1,1,1,,False
1541,ORD-2026-01541,CLI-095,PROD-060,2026-08-03 02:01:00,Oruro,CAM-05,CHO-051,122,122.0,24,14.3,1,1,1,,False
1542,ORD-2026-01542,CLI-074,PROD-015,2026-08-19 22:19:00,Santa Cruz,CAM-14,CHO-121,380,380.0,24,22.0,1,1,1,,False
1543,ORD-2026-01543,CLI-098,PROD-032,2026-08-13 15:38:00,Tarija,CAM-03,CHO-061,453,453.0,24,20.2,1,1,1,,False
1544,ORD-2026-01544,CLI-022,PROD-022,2026-08-13 21:01:00,La Paz,CAM-28,CHO-083,166,166.0,48,30.4,1,1,1,,False
1545,ORD-2026-01545,CLI-043,PROD-030,2026-08-26 16:19:00,La Paz,CAM-15,CHO-063,127,127.0,24,20.1,1,1,1,,False
1546,ORD-2026-01546,CLI-029,PROD-046,2026-08-29 06:31:00,Cochabamba,CAM-17,CHO-111,137,137.0,24,18.4,1,1,1,,False
1547,ORD-2026-01547,CLI-056,PROD-023,2026-08-17 20:45:00,La Paz,CAM-28,CHO-057,466,466.0,48,36.9,1,1,1,,False
1548,ORD-2026-01548,CLI-001,PROD-040,2026-08-11 18:35:00,Oruro,CAM-05,CHO-119,137,137.0,48,39.0,1,1,1,,False
1549,ORD-2026-01549,CLI-053,PROD-020,2026-08-17 17:21:00,Tarija,CAM-03,CHO-031,323,323.0,24,16.6,1,1,1,,False
1550,ORD-2026-01550,CLI-067,PROD-011,2026-08-28 10:59:00,La Paz,CAM-09,CHO-127,471,471.0,24,21.8,1,1,1,,False
1551,ORD-2026-01551,CLI-099,PROD-003,2026-08-23 05:23:00,Cochabamba,CAM-22,CHO-086,253,253.0,24,22.7,1,1,1,,False
1552,ORD-2026-01552,CLI-090,PROD-022,2026-08-04 11:22:00,Santa Cruz,CAM-13,CHO-020,33,33.0,48,39.9,1,1,1,,False
1553,ORD-2026-01553,CLI-011,PROD-056,2026-08-05 01:19:00,La Paz,CAM-28,CHO-137,148,137.0,48,43.8,1,0,0,,False
1554,ORD-2026-01554,CLI-048,PROD-048,2026-08-16 01:09:00,Santa Cruz,CAM-25,CHO-060,35,35.0,48,38.9,1,1,1,,False
1555,ORD-2026-01555,CLI-084,PROD-042,2026-08-25 16:53:00,Cochabamba,CAM-08,CHO-151,469,469.0,24,17.2,1,1,1,,False
1556,ORD-2026-01556,CLI-097,PROD-017,2026-08-23 23:30:00,Oruro,CAM-05,CHO-136,27,27.0,24,21.5,1,1,1,,False
1557,ORD-2026-01557,CLI-028,PROD-005,2026-08-19 02:49:00,Cochabamba,CAM-17,CHO-112,211,211.0,72,51.0,1,1,1,,False
1558,ORD-2026-01558,CLI-052,PROD-030,2026-08-06 05:25:00,Tarija,CAM-03,CHO-050,224,224.0,48,31.5,1,1,1,,False
1559,ORD-2026-01559,CLI-015,PROD-011,2026-08-18 08:47:00,La Paz,CAM-28,CHO-066,211,211.0,48,41.4,1,1,1,,False
1560,ORD-2026-01560,CLI-060,PROD-045,2026-08-15 12:24:00,La Paz,CAM-30,CHO-042,394,394.0,72,81.6,0,1,0,,False
1561,ORD-2026-01561,CLI-058,PROD-018,2026-08-02 05:48:00,Santa Cruz,CAM-04,CHO-149,198,198.0,48,31.9,1,1,1,,False
1562,ORD-2026-01562,CLI-090,PROD-058,2026-08-29 00:03:00,Oruro,CAM-07,CHO-118,241,241.0,24,20.1,1,1,1,,False
1563,ORD-2026-01563,CLI-034,PROD-004,2026-08-02 09:58:00,Tarija,CAM-03,CHO-048,417,417.0,72,49.3,1,1,1,,False
1564,ORD-2026-01564,CLI-092,PROD-058,2026-08-28 09:20:00,Santa Cruz,CAM-06,CHO-028,46,46.0,72,62.4,1,1,1,,False
1565,ORD-2026-01565,CLI-068,PROD-015,2026-08-09 07:11:00,La Paz,CAM-28,CHO-072,292,292.0,48,48.1,0,1,0,,False
1566,ORD-2026-01566,CLI-032,PROD-031,2026-08-16 18:25:00,Santa Cruz,CAM-20,CHO-081,95,95.0,72,76.7,0,1,0,,False
1567,ORD-2026-01567,CLI-093,PROD-051,2026-08-25 17:39:00,La Paz,CAM-28,CHO-148,441,441.0,24,18.4,1,1,1,,False
1568,ORD-2026-01568,CLI-095,PROD-017,2026-08-24 15:05:00,Cochabamba,CAM-08,CHO-116,484,484.0,72,62.3,1,1,1,,False
1569,ORD-2026-01569,CLI-067,PROD-045,2026-08-23 13:01:00,Cochabamba,CAM-23,CHO-090,378,378.0,72,57.1,1,1,1,,False
1570,ORD-2026-01570,CLI-049,PROD-047,2026-08-01 14:18:00,La Paz,CAM-28,CHO-091,199,199.0,72,71.3,1,1,1,,False
1571,ORD-2026-01571,CLI-027,PROD-001,2026-08-03 15:09:00,Santa Cruz,CAM-13,CHO-101,241,241.0,48,42.4,1,1,1,,False
1572,ORD-2026-01572,CLI-057,PROD-024,2026-08-21 21:18:00,Tarija,CAM-12,CHO-043,356,356.0,48,39.7,1,1,1,,False
1573,ORD-2026-01573,CLI-063,PROD-058,2026-08-20 15:00:00,Santa Cruz,CAM-10,CHO-025,260,260.0,48,40.7,1,1,1,,False
1574,ORD-2026-01574,CLI-086,PROD-058,2026-08-20 05:59:00,Santa Cruz,CAM-04,CHO-062,294,294.0,48,29.3,1,1,1,,False
1575,ORD-2026-01575,CLI-018,PROD-049,2026-08-14 03:34:00,Oruro,CAM-05,CHO-117,401,401.0,48,43.8,1,1,1,,False
1576,ORD-2026-01576,CLI-083,PROD-047,2026-08-07 18:48:00,Tarija,CAM-26,CHO-088,337,337.0,48,21.1,1,1,1,,False
1577,ORD-2026-01577,CLI-090,PROD-011,2026-08-17 02:28:00,Tarija,CAM-03,CHO-132,35,35.0,24,22.5,1,1,1,,False
1578,ORD-2026-01578,CLI-002,PROD-060,2026-08-07 06:12:00,Santa Cruz,CAM-14,CHO-104,185,185.0,24,19.1,1,1,1,,False
1579,ORD-2026-01579,CLI-039,PROD-025,2026-08-14 23:27:00,Oruro,CAM-05,CHO-150,146,146.0,48,56.1,0,1,0,,False
1580,ORD-2026-01580,CLI-018,PROD-060,2026-08-03 12:26:00,Santa Cruz,CAM-13,CHO-129,186,186.0,24,25.2,0,1,0,,False
1581,ORD-2026-01581,CLI-083,PROD-052,2026-08-24 02:18:00,Cochabamba,CAM-22,CHO-073,447,447.0,48,34.9,1,1,1,,False
1582,ORD-2026-01582,CLI-010,PROD-024,2026-08-22 09:04:00,Tarija,CAM-12,CHO-061,358,358.0,48,43.3,1,1,1,,False
1583,ORD-2026-01583,CLI-004,PROD-016,2026-08-27 19:57:00,Tarija,CAM-03,CHO-043,367,367.0,72,78.7,0,1,0,,False
1584, ord-2026-01584 ,CLI-094,PROD-039,2026-08-25 15:17:00,Cochabamba,CAM-22,CHO-115,26,26.0,24,22.3,1,1,1,order_id,True
1585,ORD-2026-01585,CLI-029,PROD-006,2026-08-10 10:02:00,Santa Cruz,CAM-14,CHO-035,170,170.0,24,22.8,1,1,1,,False
1586,ORD-2026-01586,CLI-037,PROD-047,2026-08-18 11:57:00,Tarija,CAM-12,CHO-012,394,394.0,48,48.8,0,1,0,,False
1587,ORD-2026-01587,CLI-023,PROD-017,2026-08-16 04:52:00,Tarija,CAM-03,CHO-050,322,322.0,48,40.8,1,1,1,,False
1588,ORD-2026-01588,CLI-059,PROD-045,2026-08-22 23:00:00,Cochabamba,CAM-19,CHO-140,394,394.0,72,54.9,1,1,1,,False
1589,ORD-2026-01589,CLI-012,PROD-030,2026-08-05 04:26:00,Santa Cruz,CAM-20,CHO-037,326,326.0,24,26.6,0,1,0,,False
1590,ORD-2026-01590,CLI-037,PROD-005,2026-08-20 23:11:00,La Paz,CAM-28,CHO-049,30,30.0,48,38.7,1,1,1,,False
1591,ORD-2026-01591,CLI-071,PROD-017,2026-08-29 03:11:00,Oruro,CAM-05,CHO-038,295,295.0,48,25.4,1,1,1,,False
1592,ORD-2026-01592,CLI-094,PROD-060,2026-08-05 08:01:00,Santa Cruz,CAM-21,CHO-092,50,50.0,72,43.5,1,1,1,,False
1593,ORD-2026-01593,CLI-057,PROD-036,2026-08-30 18:35:00,Oruro,CAM-05,CHO-118,298,298.0,48,47.3,1,1,1,,False
1594,ORD-2026-01594,CLI-051,PROD-051,2026-08-16 12:56:00,Tarija,CAM-12,CHO-015,174,174.0,72,71.3,1,1,1,,False
1595,ORD-2026-01595,CLI-012,PROD-011,2026-08-29 11:56:00,Santa Cruz,CAM-20,CHO-101,410,410.0,48,59.7,0,1,0,,False
1596,ORD-2026-01596,CLI-050,PROD-033,2026-08-06 03:28:00,Cochabamba,CAM-23,CHO-069,246,246.0,24,16.7,1,1,1,,False
1597,ORD-2026-01597,CLI-059,PROD-019,2026-08-03 17:57:00,Santa Cruz,CAM-13,CHO-120,123,123.0,72,52.2,1,1,1,,False
1598,ORD-2026-01598,CLI-071,PROD-039,2026-08-30 23:43:00,Tarija,CAM-26,CHO-036,444,439.0,24,16.3,1,0,0,,False
1599,ORD-2026-01599,CLI-073,PROD-031,2026-08-22 21:52:00,Cochabamba,CAM-08,CHO-069,499,499.0,48,33.4,1,1,1,,False
1600,ORD-2026-01600,CLI-042,PROD-050,2026-08-06 08:50:00,La Paz,CAM-28,CHO-072,329,329.0,72,71.5,1,1,1,,False
1601,ORD-2026-01601,CLI-079,PROD-006,2026-08-29 04:17:00,Oruro,CAM-07,CHO-119,117,117.0,72,72.6,0,1,0,,False
1602,ORD-2026-01602,CLI-082,PROD-040,2026-08-22 08:53:00,Santa Cruz,CAM-20,CHO-028,459,459.0,72,58.9,1,1,1,,False
1603,ORD-2026-01603,CLI-064,PROD-041,2026-08-05 09:26:00,La Paz,CAM-15,CHO-127,206,206.0,24,25.1,0,1,0,,False
1604,ORD-2026-01604,CLI-042,PROD-049,2026-08-14 19:15:00,Oruro,CAM-05,CHO-022,365,365.0,48,37.9,1,1,1,,False
1605,ORD-2026-01605,CLI-065,PROD-043,2026-08-17 21:52:00,La Paz,CAM-09,CHO-017,398,398.0,72,76.5,0,1,0,,False
1606,ORD-2026-01606,CLI-011,PROD-045,2026-08-09 21:58:00,La Paz,CAM-30,CHO-057,292,277.0,48,27.9,1,0,0,,False
1607,ORD-2026-01607,CLI-098,PROD-045,2026-08-19 12:01:00,Santa Cruz,CAM-10,CHO-133,282,282.0,72,63.5,1,1,1,,False
1608,ORD-2026-01608,CLI-072,PROD-018,2026-08-13 21:42:00,Tarija,CAM-03,CHO-048,39,39.0,24,18.3,1,1,1,,False
1609,ORD-2026-01609,CLI-041,PROD-049,2026-08-26 07:54:00,Oruro,CAM-05,CHO-136,81,81.0,24,18.6,1,1,1,,False
1610,ORD-2026-01610,CLI-017,PROD-016,2026-08-08 12:44:00,Cochabamba,CAM-22,CHO-016,128,128.0,24,16.7,1,1,1,,False
1611,ORD-2026-01611,CLI-009,PROD-045,2026-08-27 14:38:00,Oruro,CAM-07,CHO-051,188,188.0,72,65.5,1,1,1,,False
1612,ORD-2026-01612,CLI-028,PROD-021,2026-08-26 07:44:00,Santa Cruz,CAM-14,CHO-103,225,225.0,48,35.1,1,1,1,,False
1613,ORD-2026-01613,CLI-091,PROD-041,2026-08-09 22:35:00,Tarija,CAM-26,CHO-146,179,179.0,48,61.8,0,1,0,,False
1614,ORD-2026-01614,CLI-088,PROD-037,2026-08-07 21:31:00,La Paz,CAM-09,CHO-126,459,459.0,48,30.8,1,1,1,,False
1615,ORD-2026-01615,CLI-009,PROD-047,2026-08-03 14:09:00,Cochabamba,CAM-08,CHO-073,70,70.0,24,20.4,1,1,1,,False
1616,ORD-2026-01616,CLI-053,PROD-032,2026-08-30 07:53:00,La Paz,CAM-28,CHO-071,451,451.0,48,55.8,0,1,0,,False
1617,ORD-2026-01617,CLI-014,PROD-030,2026-08-15 21:08:00,Oruro,CAM-16,CHO-110,342,342.0,72,60.3,1,1,1,,False
1618,ORD-2026-01618,CLI-023,PROD-047,2026-08-10 15:35:00,La Paz,CAM-27,CHO-127,480,480.0,72,68.9,1,1,1,,False
1619,ORD-2026-01619,CLI-025,PROD-042,2026-08-17 19:03:00,Santa Cruz,CAM-14,CHO-101,52,52.0,72,58.3,1,1,1,,False
1620,ORD-2026-01620,CLI-041,PROD-018,2026-08-26 11:24:00,Tarija,CAM-12,CHO-105,457,439.0,24,23.0,1,0,0,,False
1621,ORD-2026-01621,CLI-016,PROD-032,2026-08-30 20:56:00,Oruro,CAM-24,CHO-118,251,251.0,24,19.8,1,1,1,,False
1622,ORD-2026-01622,CLI-061,PROD-030,2026-08-27 14:34:00,La Paz,CAM-09,CHO-066,259,259.0,48,48.6,0,1,0,,False
1623,ORD-2026-01623,CLI-004,PROD-022,2026-08-24 03:40:00,Cochabamba,CAM-23,CHO-019,496,496.0,48,29.9,1,1,1,,False
1624,ORD-2026-01624,CLI-063,PROD-026,2026-08-20 08:49:00,Cochabamba,CAM-17,CHO-006,93,93.0,48,36.7,1,1,1,,False
1625,ORD-2026-01625,CLI-087,PROD-042,2026-08-28 21:38:00,Oruro,CAM-07,CHO-038,457,457.0,24,17.3,1,1,1,,False
1626,ORD-2026-01626,CLI-055,PROD-024,2026-08-06 12:01:00,Oruro,CAM-24,CHO-067,36,36.0,24,21.5,1,1,1,,False
1627,ORD-2026-01627,CLI-092,PROD-060,2026-08-02 02:53:00,Tarija,CAM-12,CHO-036,121,121.0,48,39.7,1,1,1,,False
1628,ORD-2026-01628,CLI-033,PROD-057,2026-08-27 23:55:00,Oruro,CAM-02,CHO-144,284,284.0,72,65.2,1,1,1,,False
1629,ORD-2026-01629,CLI-021,PROD-012,2026-08-16 17:01:00,La Paz,CAM-09,CHO-052,67,67.0,24,22.2,1,1,1,,False
1630,ORD-2026-01630,CLI-041,PROD-059,2026-08-06 02:41:00,Cochabamba,CAM-22,CHO-058,120,120.0,72,50.6,1,1,1,,False
1631,ORD-2026-01631,CLI-061,PROD-058,2026-08-10 19:42:00,Cochabamba,CAM-08,CHO-019,276,276.0,24,15.2,1,1,1,,False
1632,ORD-2026-01632,CLI-034,PROD-019,2026-08-18 03:28:00,Santa Cruz,CAM-13,CHO-076,410,410.0,24,23.9,1,1,1,,False
1633,ORD-2026-01633,CLI-084,PROD-002,2026-08-28 15:16:00,La Paz,CAM-28,CHO-017,151,151.0,24,16.9,1,1,1,,False
1634,ORD-2026-01634,CLI-001,PROD-002,2026-08-18 22:21:00,Oruro,CAM-05,CHO-067,332,332.0,48,37.2,1,1,1,,False
1635,ORD-2026-01635,CLI-061,PROD-037,2026-08-28 21:56:00,Santa Cruz,CAM-13,CHO-079,30,30.0,24,13.9,1,1,1,,False
1636,ORD-2026-01636,CLI-040,PROD-059,2026-08-04 07:31:00,La Paz,CAM-09,CHO-017,294,294.0,48,26.1,1,1,1,,False
1637,ORD-2026-01637,CLI-061,PROD-060,2026-08-26 18:34:00,Tarija,CAM-03,CHO-008,310,310.0,72,64.4,1,1,1,,False
1638,ORD-2026-01638,CLI-015,PROD-005,2026-08-12 08:22:00,La Paz,CAM-27,CHO-102,307,307.0,24,19.7,1,1,1,,False
1639,ORD-2026-01639,CLI-082,PROD-012,2026-08-04 15:37:00,Oruro,CAM-05,CHO-110,200,200.0,72,57.4,1,1,1,,False
1640,ORD-2026-01640,CLI-013,PROD-020,2026-08-18 19:29:00,Oruro,CAM-05,CHO-110,441,441.0,24,17.9,1,1,1,,False
1641,ORD-2026-01641,CLI-035,PROD-017,2026-08-11 20:31:00,Oruro,CAM-05,CHO-117,319,319.0,24,21.0,1,1,1,,False
1642,ORD-2026-01642,CLI-044,PROD-010,2026-08-14 01:48:00,Santa Cruz,CAM-21,CHO-142,291,291.0,24,24.2,0,1,0,,False
1643,ORD-2026-01643,CLI-057,PROD-057,2026-08-11 00:47:00,Cochabamba,CAM-23,CHO-054,215,215.0,48,40.5,1,1,1,,False
1644,ORD-2026-01644,CLI-032,PROD-049,2026-08-13 14:21:00,La Paz,CAM-09,CHO-066,88,88.0,24,19.5,1,1,1,,False
1645,ORD-2026-01645,CLI-085,PROD-006,2026-08-14 15:56:00,La Paz,CAM-09,CHO-091,71,54.0,72,53.9,1,0,0,,False
1646,ORD-2026-01646,CLI-070,PROD-010,2026-08-23 20:41:00,Tarija,CAM-12,CHO-031,351,351.0,24,20.9,1,1,1,,False
1647,ORD-2026-01647,CLI-019,PROD-001,2026-08-06 14:12:00,La Paz,CAM-28,CHO-049,243,243.0,24,24.0,1,1,1,,False
1648,ORD-2026-01648,CLI-012,PROD-008,2026-08-20 16:15:00,Tarija,CAM-03,CHO-043,12,12.0,24,19.7,1,1,1,,False
1649,ORD-2026-01649,CLI-041,PROD-015,2026-08-14 20:24:00,Santa Cruz,CAM-13,CHO-104,277,277.0,48,49.7,0,1,0,,False
1650,ORD-2026-01650,CLI-053,PROD-020,2026-08-27 01:59:00,Oruro,CAM-05,CHO-022,54,54.0,72,77.2,0,1,0,,False
1651,ORD-2026-01651,CLI-063,PROD-044,2026-08-05 07:56:00,Tarija,CAM-12,CHO-026,349,349.0,24,14.4,1,1,1,,False
1652,ORD-2026-01652,CLI-018,PROD-035,2026-08-29 09:56:00,Santa Cruz,CAM-13,CHO-104,25,7.0,48,29.9,1,0,0,,False
1653,ORD-2026-01653,CLI-095,PROD-042,2026-08-03 16:15:00,La Paz,CAM-09,CHO-126,382,382.0,24,19.3,1,1,1,,False
1654,ORD-2026-01654,CLI-022,PROD-025,2026-08-06 17:08:00,La Paz,CAM-28,CHO-107,320,,24,22.6,1,0,0,cantidad_entregada,True
1655,ORD-2026-01655,CLI-096,PROD-007,2026-08-11 17:12:00,Cochabamba,CAM-22,CHO-089,230,230.0,24,21.4,1,1,1,,False
1656,ORD-2026-01656,CLI-001,PROD-035,2026-08-29 01:46:00,Cochabamba,CAM-01,CHO-135,33,33.0,24,21.0,1,1,1,,False
1657,ORD-2026-01657,CLI-074,PROD-038,2026-08-02 13:05:00,Santa Cruz,CAM-21,CHO-101,129,129.0,24,21.5,1,1,1,,False
1658,ORD-2026-01658,CLI-002,PROD-018,2026-08-05 19:52:00,Santa Cruz,CAM-21,CHO-075,365,365.0,72,59.2,1,1,1,,False
1659,ORD-2026-01659,CLI-079,PROD-026,2026-08-21 10:40:00,La Paz,CAM-30,CHO-127,124,124.0,48,38.3,1,1,1,,False
1660,ORD-2026-01660,CLI-069,PROD-038,2026-08-01 22:08:00,Santa Cruz,CAM-21,CHO-149,121,121.0,24,18.2,1,1,1,,False
1661,ORD-2026-01661,CLI-005,PROD-009,2026-08-04 13:27:00,Santa Cruz,CAM-13,CHO-092,230,230.0,48,43.0,1,1,1,,False
1662,ORD-2026-01662,CLI-040,PROD-055,2026-08-08 16:20:00,Tarija,CAM-03,CHO-008,68,68.0,48,44.6,1,1,1,,False
1663,ORD-2026-01663,CLI-015,PROD-013,2026-08-27 16:11:00,Oruro,CAM-05,CHO-118,109,99.0,72,69.7,1,0,0,,False
1664,ORD-2026-01664,CLI-029,PROD-045,2026-08-08 17:35:00,Tarija,CAM-26,CHO-015,277,277.0,48,36.8,1,1,1,,False
1665,ORD-2026-01665,CLI-010,PROD-013,2026-08-19 21:55:00,Santa Cruz,CAM-20,CHO-035,366,366.0,72,54.4,1,1,1,,False
1666,ORD-2026-01666,CLI-071,PROD-025,2026-08-14 01:43:00,Oruro,CAM-05,CHO-136,110,110.0,48,45.6,1,1,1,,False
1667,ORD-2026-01667,CLI-008,PROD-052,2026-08-07 20:14:00,Cochabamba,CAM-08,CHO-108,485,472.0,24,21.4,1,0,0,,False
1668,ORD-2026-01668,CLI-024,PROD-033,2026-08-30 02:37:00,Santa Cruz,CAM-04,CHO-100,139,139.0,24,27.5,0,1,0,,False
1669,ORD-2026-01669,CLI-077,PROD-040,2026-08-08 14:19:00,Tarija,CAM-12,CHO-082,381,381.0,24,23.5,1,1,1,,False
1670,ORD-2026-01670,CLI-074,PROD-053,2026-08-22 02:04:00,Cochabamba,CAM-22,CHO-019,326,326.0,48,32.6,1,1,1,,False
1671,ORD-2026-01671,CLI-067,PROD-056,2026-08-29 05:42:00,La Paz,CAM-09,CHO-137,18,18.0,24,23.9,1,1,1,,False
1672,ORD-2026-01672,CLI-049,PROD-044,2026-08-12 10:24:00,La Paz,CAM-28,CHO-071,382,382.0,48,28.6,1,1,1,,False
1673,ORD-2026-01673,CLI-059,PROD-034,2026-08-17 07:50:00,Santa Cruz,CAM-29,CHO-025,101,101.0,48,43.5,1,1,1,,False
1674,ORD-2026-01674,CLI-013,PROD-047,2026-08-16 04:23:00,Oruro,CAM-05,CHO-150,490,490.0,24,13.4,1,1,1,,False
1675,ORD-2026-01675,CLI-027,PROD-044,2026-08-30 02:51:00,Santa Cruz,CAM-29,CHO-030,296,296.0,72,53.2,1,1,1,,False
1676,ORD-2026-01676,CLI-074,PROD-035,2026-08-16 14:18:00,Tarija,CAM-12,CHO-036,408,408.0,24,24.2,0,1,0,,False
1677,ORD-2026-01677,CLI-030,PROD-035,2026-08-01 15:39:00,Oruro,CAM-05,CHO-136,313,313.0,72,40.7,1,1,1,,False
1678,ORD-2026-01678,CLI-052,PROD-030,2026-08-03 00:07:00,Tarija,CAM-26,CHO-122,298,298.0,24,24.4,0,1,0,,False
1679,ORD-2026-01679,CLI-097,PROD-003,2026-08-13 07:42:00,Oruro,CAM-05,CHO-150,444,444.0,48,37.8,1,1,1,,False
1680,ORD-2026-01680,CLI-084,PROD-015,2026-08-03 16:08:00,Cochabamba,CAM-08,CHO-047,58,,24,30.2,0,1,0,cantidad_entregada,True
1681,ORD-2026-01681,CLI-067,PROD-046,2026-08-05 18:06:00,La Paz,CAM-28,CHO-017,64,64.0,48,37.7,1,1,1,,False
1682,ORD-2026-01682,CLI-002,PROD-016,2026-08-21 15:30:00,Tarija,CAM-03,CHO-146,185,185.0,72,50.1,1,1,1,,False
1683,ORD-2026-01683,CLI-028,PROD-035,2026-08-15 13:01:00,Tarija,CAM-12,CHO-015,394,394.0,48,49.2,0,1,0,,False
1684,ORD-2026-01684,CLI-015,PROD-035,2026-08-25 08:57:00,Oruro,CAM-05,CHO-110,274,274.0,48,42.8,1,1,1,,False
1685,ORD-2026-01685,CLI-061,PROD-016,2026-08-15 21:12:00,Oruro,CAM-16,CHO-051,331,331.0,24,18.3,1,1,1,,False
1686,ORD-2026-01686,CLI-015,PROD-054,2026-08-22 22:59:00,Santa Cruz,CAM-13,CHO-025,220,220.0,24,17.8,1,1,1,,False
1687,ORD-2026-01687,CLI-066,PROD-053,2026-08-06 17:08:00,Tarija,CAM-03,CHO-122,33,33.0,24,22.3,1,1,1,,False
1688,ORD-2026-01688,CLI-096,PROD-001,2026-08-25 21:07:00,Oruro,CAM-05,CHO-003,447,447.0,24,21.1,1,1,1,,False
1689,ORD-2026-01689,CLI-096,PROD-036,2026-08-20 17:00:00,Tarija,CAM-12,CHO-009,136,136.0,48,27.6,1,1,1,,False
1690,ORD-2026-01690,CLI-026,PROD-033,2026-08-21 10:52:00,Oruro,CAM-05,CHO-067,160,160.0,48,43.1,1,1,1,,False
1691,ORD-2026-01691,CLI-004,PROD-003,2026-08-16 12:03:00,Santa Cruz,CAM-13,CHO-129,449,445.0,24,22.1,1,0,0,,False
1692,ORD-2026-01692,CLI-056,PROD-027,2026-08-22 02:51:00,La Paz,CAM-30,CHO-057,328,328.0,48,39.1,1,1,1,,False
1693,ORD-2026-01693,CLI-062,PROD-028,2026-08-28 11:39:00,La Paz,CAM-27,CHO-007,450,450.0,48,36.3,1,1,1,,False
1694,ORD-2026-01694,CLI-048,PROD-022,2026-08-20 17:44:00,Cochabamba,CAM-08,CHO-047,398,398.0,48,36.4,1,1,1,,False
1695,ORD-2026-01695,CLI-094,PROD-019,2026-08-01 03:41:00,Tarija,CAM-12,CHO-036,226,226.0,48,39.2,1,1,1,,False
1696,ORD-2026-01696,CLI-075,PROD-034,2026-08-01 14:07:00,Santa Cruz,CAM-11,CHO-092,46,46.0,48,39.9,1,1,1,,False
1697,ORD-2026-01697,CLI-048,PROD-050,2026-08-29 07:59:00,Tarija,CAM-12,CHO-043,397,397.0,48,33.7,1,1,1,,False
1698,ORD-2026-01698,CLI-077,PROD-004,2026-08-17 13:26:00,La Paz,CAM-27,CHO-027,183,183.0,24,16.9,1,1,1,,False
1699,ORD-2026-01699,CLI-080,PROD-052,2026-08-03 19:09:00,Santa Cruz,CAM-14,CHO-075,499,499.0,72,61.1,1,1,1,,False
1700,ORD-2026-01700,CLI-094,PROD-057,2026-08-01 01:58:00,La Paz,CAM-28,CHO-039,258,258.0,72,72.1,0,1,0,,False
1701,ORD-2026-01701,CLI-022,PROD-039,2026-08-15 05:30:00,Cochabamba,CAM-17,CHO-065,35,35.0,48,31.9,1,1,1,,False
1702,ORD-2026-01702,CLI-050,PROD-010,2026-08-04 13:17:00,Cochabamba,CAM-17,CHO-131,335,,24,14.1,1,1,1,cantidad_entregada,True
1703,ORD-2026-01703,CLI-038,PROD-050,2026-08-09 17:12:00,Santa Cruz,CAM-13,CHO-133,239,232.0,24,21.9,1,0,0,,False
1704,ORD-2026-01704,CLI-073,PROD-042,2026-08-02 23:54:00,Tarija,CAM-26,CHO-043,468,468.0,72,58.9,1,1,1,,False
1705,ORD-2026-01705,CLI-016,PROD-054,2026-08-20 06:32:00,Oruro,CAM-16,CHO-098,94,94.0,24,18.1,1,1,1,,False
1706,ORD-2026-01706,CLI-038,PROD-001,2026-08-15 21:34:00,Tarija,CAM-12,CHO-031,176,176.0,48,48.5,0,1,0,,False
1707,ORD-2026-01707,CLI-081,PROD-045,2026-08-02 01:58:00,Tarija,CAM-12,CHO-036,124,124.0,24,17.1,1,1,1,,False
1708,ORD-2026-01708,CLI-097,PROD-040,2026-08-17 23:13:00,La Paz,CAM-09,CHO-134,116,98.0,24,32.1,0,0,0,,False
1709,ORD-2026-01709,CLI-052,PROD-017,2026-08-30 01:40:00,La Paz,CAM-28,CHO-072,65,65.0,48,48.8,0,1,0,,False
1710,ORD-2026-01710,CLI-019,PROD-005,2026-08-01 08:29:00,Oruro,CAM-07,CHO-003,271,271.0,72,49.2,1,1,1,,False
1711,ORD-2026-01711,CLI-011,PROD-023,2026-08-19 06:36:00,La Paz,CAM-09,CHO-107,304,304.0,24,18.8,1,1,1,,False
1712,ORD-2026-01712,CLI-088,PROD-003,2026-08-22 07:47:00,Tarija,CAM-03,CHO-031,436,436.0,24,17.2,1,1,1,,False
1713,ORD-2026-01713,CLI-055,PROD-023,2026-08-15 10:26:00,La Paz,CAM-28,CHO-002,192,192.0,72,46.4,1,1,1,,False
1714,ORD-2026-01714,CLI-042,PROD-015,2026-08-30 23:48:00,Tarija,CAM-03,CHO-061,230,230.0,48,44.8,1,1,1,,False
1715,ORD-2026-01715,CLI-025,PROD-002,2026-08-17 01:23:00,Tarija,CAM-03,CHO-056,96,96.0,72,49.8,1,1,1,,False
1716,ORD-2026-01716,CLI-088,PROD-023,2026-08-10 13:48:00,Oruro,CAM-05,CHO-117,280,280.0,24,20.1,1,1,1,,False
1717,ORD-2026-01717,CLI-002,PROD-008,2026-08-06 14:42:00,Cochabamba,CAM-23,CHO-125,107,88.0,72,50.2,1,0,0,,False
1718,ORD-2026-01718,CLI-063,PROD-015,2026-08-21 05:34:00,Oruro,CAM-16,CHO-136,86,86.0,24,17.3,1,1,1,,False
1719,ORD-2026-01719,CLI-088,PROD-053,2026-08-19 06:36:00,Oruro,CAM-24,CHO-003,326,326.0,24,15.4,1,1,1,,False
1720,ORD-2026-01720,CLI-019,PROD-045,2026-08-17 23:05:00,Cochabamba,CAM-19,CHO-089,162,162.0,48,49.3,0,1,0,,False
1721,ORD-2026-01721,CLI-042,PROD-028,2026-08-25 16:22:00,Cochabamba,CAM-08,CHO-140,24,24.0,72,50.4,1,1,1,,False
1722,ORD-2026-01722,CLI-012,PROD-059,2026-08-10 03:57:00,La Paz,CAM-09,CHO-040,61,61.0,24,20.5,1,1,1,,False
1723,ORD-2026-01723,CLI-048,PROD-006,2026-08-21 12:02:00,Cochabamba,CAM-17,CHO-014,451,451.0,48,32.2,1,1,1,,False
1724,ORD-2026-01724,CLI-068,PROD-040,17/08/2026 20:37,Tarija,CAM-12,CHO-050,95,95.0,48,44.6,1,1,1,fecha_despacho,True
1725,ORD-2026-01725,CLI-002,PROD-002,2026-08-29 19:21:00,Oruro,CAM-05,CHO-051,203,203.0,48,34.2,1,1,1,,False
1726,ORD-2026-01726,CLI-089,PROD-054,2026-08-22 08:35:00,Santa Cruz,CAM-20,CHO-059,194,194.0,24,17.5,1,1,1,,False
1727,ORD-2026-01727,CLI-016,PROD-041,2026-08-21 18:08:00,Santa Cruz,CAM-13,CHO-097,260,260.0,72,59.1,1,1,1,,False
1728,ORD-2026-01728,CLI-012,PROD-032,2026-08-17 22:57:00,La Paz,CAM-15,CHO-126,415,415.0,24,14.4,1,1,1,,False
1729,ORD-2026-01729,CLI-069,PROD-051,2026-08-21 23:04:00,Oruro,CAM-05,CHO-110,331,331.0,48,47.8,1,1,1,,False
1730,ORD-2026-01730,CLI-094,PROD-059,2026-08-03 02:57:00,Oruro,CAM-05,CHO-118,63,63.0,24,16.3,1,1,1,,False
1731,ORD-2026-01731,CLI-095,PROD-044,2026-08-25 01:57:00,Cochabamba,CAM-23,CHO-108,439,439.0,24,24.4,0,1,0,,False
1732,ORD-2026-01732,CLI-047,PROD-035,2026-08-18 08:14:00,Tarija,CAM-03,CHO-088,255,255.0,48,34.1,1,1,1,,False
1733,ORD-2026-01733,CLI-024,PROD-002,2026-08-02 09:05:00,Tarija,CAM-12,CHO-044,146,146.0,72,72.0,1,1,1,,False
1734,ORD-2026-01734,CLI-075,PROD-031,2026-08-23 06:46:00,Oruro,CAM-05,CHO-032,45,45.0,48,40.5,1,1,1,,False
1735,ORD-2026-01735,CLI-074,PROD-013,2026-08-22 15:33:00,Oruro,CAM-02,CHO-144,476,476.0,24,24.5,0,1,0,,False
1736,ORD-2026-01736,CLI-023,PROD-055,2026-08-05 18:28:00,Cochabamba,CAM-17,CHO-116,118,118.0,24,21.4,1,1,1,,False
1737,ORD-2026-01737,CLI-091,PROD-002,2026-08-26 21:05:00,Oruro,CAM-05,CHO-098,458,458.0,48,45.9,1,1,1,,False
1738,ORD-2026-01738,CLI-062,PROD-022,2026-08-19 00:40:00,Tarija,CAM-12,CHO-050,125,125.0,72,42.2,1,1,1,,False
1739,ORD-2026-01739,CLI-089,PROD-052,2026-08-29 09:48:00,Tarija,CAM-12,CHO-036,253,253.0,24,22.6,1,1,1,,False
1740,ORD-2026-01740,CLI-070,PROD-050,2026-08-12 07:51:00,La Paz,CAM-28,CHO-001,438,438.0,48,26.2,1,1,1,,False
1741,ORD-2026-01741,CLI-080,PROD-057,2026-08-08 17:56:00,Santa Cruz,CAM-21,CHO-128,267,267.0,48,24.4,1,1,1,,False
1742,ORD-2026-01742,CLI-087,PROD-006,2026-08-14 10:23:00,La Paz,CAM-30,CHO-148,147,147.0,48,44.5,1,1,1,,False
1743,ORD-2026-01743,CLI-069,PROD-021,2026-08-24 13:22:00,Tarija,CAM-12,CHO-132,346,346.0,72,62.0,1,1,1,,False
1744,ORD-2026-01744,CLI-096,PROD-039,2026-08-27 22:03:00,La Paz,CAM-09,CHO-126,496,496.0,48,50.6,0,1,0,,False
1745,ORD-2026-01745,CLI-018,PROD-035,2026-08-30 18:43:00,La Paz,CAM-09,CHO-023,352,352.0,24,22.8,1,1,1,,False
1746,ORD-2026-01746,CLI-078,PROD-041,2026-08-03 23:29:00,La Paz,CAM-27,CHO-083,40,40.0,48,54.9,0,1,0,,False
1747,ORD-2026-01747,CLI-064,PROD-053,2026-08-06 18:10:00,Oruro,CAM-24,CHO-117,341,341.0,24,18.6,1,1,1,,False
1748,ORD-2026-01748,CLI-030,PROD-018,2026-08-05 16:07:00,Oruro,CAM-02,CHO-144,122,122.0,72,47.6,1,1,1,,False
1749,ORD-2026-01749,CLI-031,PROD-046,2026-08-26 09:33:00,Cochabamba,CAM-22,CHO-094,195,195.0,48,25.1,1,1,1,,False
1750,ORD-2026-01750,CLI-036,PROD-031,2026-08-22 10:41:00,La Paz,CAM-09,CHO-057,443,443.0,72,47.6,1,1,1,,False
1751,ORD-2026-01751,CLI-076,PROD-024,2026-08-18 03:20:00,La Paz,CAM-27,CHO-057,381,381.0,72,65.9,1,1,1,,False
1752,ORD-2026-01752,CLI-068,PROD-018,2026-08-22 12:48:00,Santa Cruz,CAM-11,CHO-128,322,322.0,48,35.4,1,1,1,,False
1753,ORD-2026-01753,CLI-095,PROD-025,2026-08-07 10:51:00,Tarija,CAM-03,CHO-044,129,129.0,24,20.6,1,1,1,,False
1754,ORD-2026-01754,CLI-054,PROD-042,2026-08-13 04:14:00,Cochabamba,CAM-22,CHO-125,411,411.0,48,47.1,1,1,1,,False
1755,ORD-2026-01755,CLI-015,PROD-031,2026-08-18 18:13:00,Oruro,CAM-05,CHO-117,261,261.0,72,62.8,1,1,1,,False
1756,ORD-2026-01756,CLI-042,PROD-018,2026-08-24 09:14:00,Santa Cruz,CAM-18,CHO-095,98,98.0,48,28.9,1,1,1,,False
1757,ORD-2026-01757,CLI-099,PROD-011,2026-08-28 08:20:00,La Paz,CAM-09,CHO-083,102,102.0,24,23.4,1,1,1,,False
1758,ORD-2026-01758,CLI-094,PROD-026,2026-08-11 19:36:00,Oruro,CAM-16,CHO-003,423,423.0,48,39.2,1,1,1,,False
1759,ORD-2026-01759,CLI-033,PROD-057,2026-08-27 15:05:00,Santa Cruz,CAM-25,CHO-101,133,133.0,24,26.3,0,1,0,,False
1760,ORD-2026-01760,CLI-013,PROD-051,2026-08-01 23:46:00,Tarija,CAM-03,CHO-009,343,343.0,48,39.3,1,1,1,,False
1761,ORD-2026-01761,CLI-063,PROD-017,2026-08-05 02:38:00,La Paz,CAM-09,CHO-039,428,428.0,24,16.5,1,1,1,,False
1762,ORD-2026-01762,CLI-060,PROD-059,2026-08-28 07:18:00,Oruro,CAM-05,CHO-118,225,225.0,72,65.8,1,1,1,,False
1763,ORD-2026-01763,CLI-040,PROD-046,2026-08-12 22:22:00,Oruro,CAM-05,CHO-150,84,84.0,24,16.9,1,1,1,,False
1764,ORD-2026-01764,CLI-045,PROD-002,2026-08-19 06:11:00,Cochabamba,CAM-23,CHO-006,470,470.0,72,73.1,0,1,0,,False
1765,ORD-2026-01765,CLI-075,PROD-056,2026-08-02 13:52:00,Oruro,CAM-05,CHO-038,419,419.0,24,17.2,1,1,1,,False
1766,ORD-2026-01766,CLI-098,PROD-010,2026-08-06 07:35:00,Oruro,CAM-07,CHO-051,391,391.0,24,20.6,1,1,1,,False
1767,ORD-2026-01767,CLI-072,PROD-046,2026-08-07 23:16:00,La Paz,CAM-30,CHO-071,235,235.0,48,48.3,0,1,0,,False
1768,ORD-2026-01768,CLI-081,PROD-038,2026-08-01 00:55:00,Cochabamba,CAM-08,CHO-147,376,376.0,24,19.9,1,1,1,,False
1769,ORD-2026-01769,CLI-048,PROD-051,2026-08-15 05:47:00,Oruro,CAM-05,CHO-051,468,468.0,24,17.6,1,1,1,,False
1770,ORD-2026-01770,CLI-024,PROD-042,2026-08-11 22:05:00,Cochabamba,CAM-17,CHO-090,446,446.0,48,33.0,1,1,1,,False
1771,ORD-2026-01771,CLI-020,PROD-048,2026-08-19 11:41:00,Cochabamba,CAM-08,CHO-145,239,239.0,48,39.2,1,1,1,,False
1772,ORD-2026-01772,CLI-034,PROD-006,2026-08-29 11:47:00,Tarija,CAM-26,CHO-048,132,123.0,24,30.0,0,0,0,,False
1773,ORD-2026-01773,CLI-052,PROD-056,2026-08-16 08:09:00,La Paz,CAM-28,CHO-066,374,374.0,72,82.3,0,1,0,,False
1774,ORD-2026-01774,CLI-054,PROD-014,2026-08-11 17:31:00,La Paz,CAM-27,CHO-066,77,77.0,24,22.9,1,1,1,,False
1775,ORD-2026-01775,CLI-024,PROD-031,2026-08-01 23:11:00,Santa Cruz,CAM-14,CHO-070,52,52.0,72,56.3,1,1,1,,False
1776,ORD-2026-01776,CLI-002,PROD-010,2026-08-03 10:54:00,Santa Cruz,CAM-11,CHO-059,58,58.0,24,18.2,1,1,1,,False
1777,ORD-2026-01777,CLI-088,PROD-027,2026-08-25 03:29:00,Tarija,CAM-03,CHO-031,492,492.0,48,51.5,0,1,0,,False
1778,ORD-2026-01778,CLI-025,PROD-027,2026-08-04 18:38:00,Cochabamba,CAM-01,CHO-041,107,107.0,48,41.2,1,1,1,,False
1779,ORD-2026-01779,CLI-041,PROD-004,2026-08-10 04:01:00,La Paz,CAM-15,CHO-127,481,481.0,48,23.0,1,1,1,,False
1780,ORD-2026-01780,CLI-072,PROD-014,2026-08-21 17:52:00,Cochabamba,CAM-17,CHO-145,150,150.0,48,44.3,1,1,1,,False
1781,ORD-2026-01781,CLI-013,PROD-030,2026-08-24 21:25:00,Cochabamba,CAM-17,CHO-087,149,149.0,24,21.6,1,1,1,,False
1782,ORD-2026-01782,CLI-074,PROD-035,2026-08-13 23:04:00,Cochabamba,CAM-01,CHO-112,362,362.0,72,73.1,0,1,0,,False
1783,ORD-2026-01783,CLI-006,PROD-055,2026-08-10 13:22:00,Tarija,CAM-03,CHO-043,248,248.0,72,55.0,1,1,1,,False
1784,ORD-2026-01784,CLI-037,PROD-057,2026-08-02 04:35:00,Cochabamba,CAM-01,CHO-006,230,215.0,24,23.8,1,0,0,,False
1785,ORD-2026-01785,CLI-023,PROD-014,2026-08-13 15:58:00,Cochabamba,CAM-17,CHO-054,392,392.0,24,24.3,0,1,0,,False
1786,ORD-2026-01786,CLI-070,PROD-014,2026-08-15 21:05:00,Oruro,CAM-24,CHO-022,402,402.0,24,23.1,1,1,1,,False
1787,ORD-2026-01787,CLI-021,PROD-032,2026-08-15 18:22:00,Oruro,CAM-02,CHO-110,452,452.0,24,19.9,1,1,1,,False
1788,ORD-2026-01788,CLI-027,PROD-027,2026-08-03 07:41:00,Oruro,CAM-07,CHO-110,280,280.0,24,21.6,1,1,1,,False
1789,ORD-2026-01789,CLI-050,PROD-034,2026-08-15 09:36:00,Tarija,CAM-12,CHO-050,253,253.0,48,37.8,1,1,1,,False
1790,ORD-2026-01790,CLI-011,PROD-020,2026-08-21 23:01:00,La Paz,CAM-09,CHO-134,466,466.0,48,27.8,1,1,1,,False
1791,ORD-2026-01791,CLI-095,PROD-010,2026-08-22 16:36:00,Santa Cruz,CAM-21,CHO-018,118,,48,47.2,1,1,1,cantidad_entregada,True
1792,ORD-2026-01792,CLI-042,PROD-052,2026-08-22 18:28:00,Oruro,CAM-05,CHO-136,422,422.0,24,17.0,1,1,1,,False
1793,ORD-2026-01793,CLI-046,PROD-049,2026-08-13 00:45:00,Tarija,CAM-03,CHO-015,124,124.0,48,31.9,1,1,1,,False
1794,ORD-2026-01794,CLI-031,PROD-051,2026-08-13 21:13:00,Tarija,CAM-03,CHO-044,61,61.0,72,75.8,0,1,0,,False
1795,ORD-2026-01795,CLI-016,PROD-016,2026-08-08 12:55:00,Santa Cruz,CAM-04,CHO-133,215,215.0,24,15.3,1,1,1,,False
1796,ORD-2026-01796,CLI-003,PROD-033,2026-08-28 22:34:00,Tarija,CAM-03,CHO-122,404,404.0,72,66.9,1,1,1,,False
1797,ORD-2026-01797,CLI-057,PROD-008,2026-08-09 11:49:00,Oruro,CAM-05,CHO-136,295,295.0,24,26.1,0,1,0,,False
1798,ORD-2026-01798,CLI-051,PROD-026,2026-08-17 18:51:00,Cochabamba,CAM-17,CHO-135,22,22.0,72,51.8,1,1,1,,False
1799,ORD-2026-01799,CLI-046,PROD-013,2026-08-23 17:29:00,La Paz,CAM-09,CHO-039,394,394.0,24,19.8,1,1,1,,False
1800,ORD-2026-01800,CLI-063,PROD-006,2026-08-05 12:13:00,Cochabamba,CAM-01,CHO-147,66,66.0,48,37.1,1,1,1,,False
1801,ORD-2026-01801,CLI-058,PROD-035,2026-08-11 17:36:00,La Paz,CAM-09,CHO-102,206,206.0,24,22.7,1,1,1,,False
1802,ORD-2026-01802,CLI-086,PROD-006,2026-08-27 04:55:00,Oruro,CAM-05,CHO-098,495,495.0,24,18.2,1,1,1,,False
1803,ORD-2026-01803,CLI-053,PROD-041,2026-08-13 05:08:00,Cochabamba,CAM-17,CHO-125,62,62.0,24,8.4,1,1,1,,False
1804,ORD-2026-01804,CLI-057,PROD-048,2026-08-14 07:43:00,Cochabamba,CAM-22,CHO-086,190,,48,38.9,1,1,1,cantidad_entregada,True
1805,ORD-2026-01805,CLI-011,PROD-014,2026-08-14 08:41:00,Santa Cruz,CAM-25,CHO-109,427,427.0,72,49.2,1,1,1,,False
1806,ORD-2026-01806,CLI-011,PROD-051,2026-08-29 22:29:00,Tarija,CAM-12,CHO-009,298,298.0,24,21.4,1,1,1,,False
1807,ORD-2026-01807,CLI-013,PROD-013,2026-08-11 13:18:00,La Paz,CAM-28,CHO-027,483,483.0,72,53.3,1,1,1,,False
1808,ORD-2026-01808,CLI-037,PROD-043,2026-08-01 15:11:00,Cochabamba,CAM-22,CHO-077,222,222.0,72,63.8,1,1,1,,False
1809,ORD-2026-01809,CLI-047,PROD-042,2026-08-09 09:00:00,Cochabamba,CAM-19,CHO-054,240,240.0,72,50.8,1,1,1,,False
1810,ORD-2026-01810,CLI-002,PROD-001,2026-08-16 07:47:00,Tarija,CAM-03,CHO-008,69,69.0,24,22.0,1,1,1,,False
1811,ORD-2026-01811,CLI-016,PROD-032,2026-08-01 11:39:00,Santa Cruz,CAM-18,CHO-095,213,213.0,48,37.2,1,1,1,,False
1812,ORD-2026-01812,CLI-067,PROD-020,2026-08-08 06:56:00,Oruro,CAM-05,CHO-144,106,106.0,48,30.3,1,1,1,,False
1813,ORD-2026-01813,CLI-056,PROD-040,2026-08-06 17:31:00,La Paz,CAM-09,CHO-072,239,239.0,48,41.7,1,1,1,,False
1814,ORD-2026-01814,CLI-035, prod-040 ,2026-08-07 07:15:00,Santa Cruz,CAM-14,CHO-097,307,307.0,48,50.0,0,1,0,producto_id,True
1815,ORD-2026-01815,CLI-057,PROD-059,2026-08-09 11:50:00,Cochabamba,CAM-23,CHO-086,210,210.0,48,48.1,0,1,0,,False
1816,ORD-2026-01816,CLI-019,PROD-058,2026-08-29 20:45:00,Cochabamba,CAM-22,CHO-111,491,491.0,72,65.0,1,1,1,,False
1817,ORD-2026-01817,CLI-049,PROD-025,2026-08-16 21:55:00,Tarija,CAM-03,CHO-082,104,104.0,48,43.6,1,1,1,,False
1818,ORD-2026-01818,CLI-021,PROD-019,2026-08-14 14:59:00,Oruro,CAM-05,CHO-117,457,457.0,72,58.9,1,1,1,,False
1819,ORD-2026-01819,CLI-045,PROD-035,2026-08-23 10:20:00,Cochabamba,CAM-23,CHO-130,125,117.0,72,63.6,1,0,0,,False
1820,ORD-2026-01820,CLI-046,PROD-056,2026-08-18 20:31:00,Tarija,CAM-12,CHO-043,391,384.0,48,42.1,1,0,0,,False
1821,ORD-2026-01821,CLI-049,PROD-049,2026-08-24 12:37:00,Oruro,CAM-05,CHO-067,37,37.0,72,81.7,0,1,0,,False
1822,ORD-2026-01822,CLI-008,PROD-016,2026-08-06 12:50:00,Oruro,CAM-05,CHO-022,215,215.0,48,37.3,1,1,1,,False
1823,ORD-2026-01823,CLI-063,PROD-054,2026-08-01 17:08:00,La Paz,CAM-27,CHO-002,176,176.0,24,20.7,1,1,1,,False
1824,ORD-2026-01824,CLI-025,PROD-051,2026-08-24 16:22:00,Santa Cruz,CAM-21,CHO-097,228,228.0,24,16.4,1,1,1,,False
1825,ORD-2026-01825,CLI-027,PROD-051,2026-08-12 08:52:00,Tarija,CAM-03,CHO-036,359,359.0,72,72.8,0,1,0,,False
1826,ORD-2026-01826,CLI-008,PROD-050,2026-08-07 08:18:00,Santa Cruz,CAM-20,CHO-128,127,127.0,48,53.7,0,1,0,,False
1827, ord-2026-01827 ,CLI-084,PROD-050,2026-08-12 17:35:00,Tarija,CAM-12,CHO-015,239,230.0,24,22.3,1,0,0,order_id,True
1828,ORD-2026-01828,CLI-026,PROD-034,2026-08-05 20:27:00,Tarija,CAM-12,CHO-044,36,36.0,24,14.9,1,1,1,,False
1829,ORD-2026-01829,CLI-025,PROD-031,2026-08-13 22:35:00,Santa Cruz,CAM-14,CHO-059,186,186.0,24,22.3,1,1,1,,False
1830,ORD-2026-01830,CLI-078,PROD-030,2026-08-05 22:26:00,Oruro,CAM-02,CHO-117,57,57.0,48,29.9,1,1,1,,False
1831,ORD-2026-01831,CLI-084,PROD-005,2026-08-25 12:47:00,Cochabamba,CAM-01,CHO-089,159,159.0,48,43.8,1,1,1,,False
1832,ORD-2026-01832,CLI-020,PROD-053,2026-08-02 14:55:00,Santa Cruz,CAM-10,CHO-062,323,323.0,24,22.6,1,1,1,,False
1833,ORD-2026-01833,CLI-001,PROD-011,2026-08-04 06:41:00,La Paz,CAM-09,CHO-126,33,33.0,24,19.9,1,1,1,,False
1834,ORD-2026-01834,CLI-027,PROD-045,2026-08-09 00:00:00,Oruro,CAM-02,CHO-117,189,189.0,24,23.9,1,1,1,,False
1835,ORD-2026-01835,CLI-067,PROD-038,2026-08-21 01:18:00,Cochabamba,CAM-23,CHO-019,275,275.0,48,25.9,1,1,1,,False
1836,ORD-2026-01836,CLI-036,PROD-008,2026-08-07 13:52:00,Cochabamba,CAM-23,CHO-054,139,139.0,48,43.6,1,1,1,,False
1837,ORD-2026-01837,CLI-089,PROD-003,2026-08-16 06:32:00,La Paz,CAM-09,CHO-042,231,231.0,24,18.9,1,1,1,,False
1838,ORD-2026-01838,CLI-097,PROD-040,2026-08-05 23:33:00,Tarija,CAM-12,CHO-012,150,150.0,24,18.0,1,1,1,,False
1839,ORD-2026-01839,CLI-013,PROD-056,2026-08-14 12:41:00,Santa Cruz,CAM-13,CHO-092,399,399.0,48,46.0,1,1,1,,False
1840,ORD-2026-01840,CLI-074,PROD-007,2026-08-19 22:12:00,Tarija,CAM-12,CHO-015,164,164.0,48,43.6,1,1,1,,False
1841,ORD-2026-01841,CLI-035,PROD-050,2026-08-02 10:39:00,Cochabamba,CAM-01,CHO-125,98,93.0,24,23.0,1,0,0,,False
1842,ORD-2026-01842,CLI-025,PROD-041,2026-08-27 06:36:00,La Paz,CAM-30,CHO-066,219,219.0,24,20.1,1,1,1,,False
1843,ORD-2026-01843,CLI-088,PROD-026,2026-08-10 14:40:00,Oruro,CAM-05,CHO-038,135,135.0,24,21.8,1,1,1,,False
1844,ORD-2026-01844,CLI-097, prod-016 ,2026-08-27 00:58:00,Oruro,CAM-02,CHO-110,165,165.0,48,33.4,1,1,1,producto_id,True
1845,ORD-2026-01845,CLI-001,PROD-038,2026-08-08 16:57:00,Oruro,CAM-16,CHO-003,108,108.0,24,26.8,0,1,0,,False
1846,ORD-2026-01846,CLI-022,PROD-051,2026-08-30 01:06:00,Oruro,CAM-05,CHO-119,39,39.0,72,73.0,0,1,0,,False
1847,ORD-2026-01847,CLI-083,PROD-019,2026-08-11 03:04:00,Tarija,CAM-12,CHO-045,285,285.0,24,18.5,1,1,1,,False
1848,ORD-2026-01848,CLI-029,PROD-001,2026-08-24 09:43:00,Santa Cruz,CAM-14,CHO-070,299,299.0,24,15.2,1,1,1,,False
1849,ORD-2026-01849,CLI-003,PROD-041,2026-08-03 09:15:00,Tarija,CAM-03,CHO-015,244,244.0,48,26.7,1,1,1,,False
1850,ORD-2026-01850,CLI-024,PROD-042,2026-08-13 14:34:00,La Paz,CAM-28,CHO-084,149,149.0,48,55.9,0,1,0,,False
1851,ORD-2026-01851,CLI-036,PROD-040,2026-08-15 13:43:00,Oruro,CAM-05,CHO-136,451,451.0,72,78.2,0,1,0,,False
1852,ORD-2026-01852,CLI-004,PROD-013,2026-08-26 20:06:00,Tarija,CAM-03,CHO-050,377,377.0,24,22.3,1,1,1,,False
1853,ORD-2026-01853,CLI-082,PROD-014,2026-08-10 22:32:00,La Paz,CAM-28,CHO-084,233,215.0,72,61.6,1,0,0,,False
1854,ORD-2026-01854,CLI-023,PROD-006,2026-08-18 23:58:00,Santa Cruz,CAM-04,CHO-095,187,187.0,72,36.5,1,1,1,,False
1855,ORD-2026-01855,CLI-079,PROD-059,2026-08-01 03:04:00,La Paz,CAM-28,CHO-102,60,60.0,72,57.4,1,1,1,,False
1856,ORD-2026-01856,CLI-062,PROD-053,2026-08-21 14:57:00,La Paz,CAM-30,CHO-001,427,427.0,48,40.4,1,1,1,,False
1857,ORD-2026-01857,CLI-017,PROD-015,2026-08-01 01:46:00,Cochabamba,CAM-17,CHO-151,478,478.0,24,23.5,1,1,1,,False
1858,ORD-2026-01858,CLI-014,PROD-022,2026-08-17 04:10:00,Tarija,CAM-03,CHO-048,98,98.0,48,41.3,1,1,1,,False
1859,ORD-2026-01859,CLI-046,PROD-047,2026-08-22 02:10:00,Oruro,CAM-16,CHO-098,209,209.0,72,70.5,1,1,1,,False
1860,ORD-2026-01860,CLI-002,PROD-023,2026-08-26 07:52:00,Oruro,CAM-05,CHO-098,37,37.0,72,53.9,1,1,1,,False
1861,ORD-2026-01861,CLI-059,PROD-058,2026-08-19 13:49:00,Cochabamba,CAM-19,CHO-125,342,342.0,72,61.5,1,1,1,,False
1862,ORD-2026-01862,CLI-042,PROD-038,2026-08-22 21:02:00,Oruro,CAM-02,CHO-144,265,265.0,72,54.2,1,1,1,,False
1863,ORD-2026-01863,CLI-067,PROD-060,2026-08-27 14:07:00,La Paz,CAM-09,CHO-126,59,59.0,24,25.0,0,1,0,,False
1864,ORD-2026-01864,CLI-001,PROD-055,2026-08-28 03:28:00,Cochabamba,CAM-01,CHO-116,32,32.0,24,20.4,1,1,1,,False
1865,ORD-2026-01865,CLI-050,PROD-025,2026-08-24 10:42:00,La Paz,CAM-09,CHO-023,128,128.0,72,45.8,1,1,1,,False
1866, ord-2026-01866 ,CLI-078,PROD-029,2026-08-19 20:33:00,Santa Cruz,CAM-11,CHO-103,130,130.0,72,32.8,1,1,1,order_id,True
1867,ORD-2026-01867,CLI-054,PROD-032,2026-08-29 11:26:00,Cochabamba,CAM-23,CHO-135,419,419.0,24,21.6,1,1,1,,False
1868,ORD-2026-01868,CLI-063,PROD-047,2026-08-22 10:42:00,Tarija,CAM-12,CHO-146,36,36.0,72,74.2,0,1,0,,False
1869,ORD-2026-01869,CLI-089,PROD-030,2026-08-04 04:04:00,Tarija,CAM-26,CHO-036,105,105.0,48,32.4,1,1,1,,False
1870,ORD-2026-01870,CLI-018,PROD-003,2026-08-28 05:59:00,Cochabamba,CAM-23,CHO-145,320,320.0,72,81.1,0,1,0,,False
1871,ORD-2026-01871,CLI-025,PROD-023,2026-08-05 15:06:00,Oruro,CAM-05,CHO-136,81,81.0,48,34.5,1,1,1,,False
1872,ORD-2026-01872,CLI-052,PROD-001,2026-08-20 17:26:00,La Paz,CAM-28,CHO-021,375,375.0,48,47.8,1,1,1,,False
1873,ORD-2026-01873,CLI-075,PROD-027,2026-08-12 17:09:00,Cochabamba,CAM-17,CHO-125,203,193.0,24,19.2,1,0,0,,False
1874,ORD-2026-01874,CLI-027,PROD-047,2026-08-10 13:49:00,Tarija,CAM-03,CHO-008,175,175.0,24,19.1,1,1,1,,False
1875,ORD-2026-01875,CLI-012,PROD-021,2026-08-22 04:37:00,La Paz,CAM-30,CHO-049,135,135.0,72,52.8,1,1,1,,False
1876,ORD-2026-01876,CLI-057,PROD-060,2026-08-16 14:04:00,Tarija,CAM-12,CHO-082,130,111.0,48,36.6,1,0,0,,False
1877,ORD-2026-01877,CLI-071,PROD-049,2026-08-29 01:37:00,Cochabamba,CAM-08,CHO-140,470,455.0,48,36.1,1,0,0,,False
1878,ORD-2026-01878,CLI-076,PROD-009,2026-08-03 00:03:00,Santa Cruz,CAM-06,CHO-113,371,371.0,72,73.0,0,1,0,,False
1879,ORD-2026-01879,CLI-050,PROD-021,2026-08-18 03:26:00,Oruro,CAM-02,CHO-150,465,465.0,48,22.1,1,1,1,,False
1880,ORD-2026-01880,CLI-073,PROD-009,2026-08-28 11:17:00,Santa Cruz,CAM-21,CHO-035,162,162.0,48,36.8,1,1,1,,False
1881,ORD-2026-01881,CLI-090,PROD-017,2026-08-25 10:20:00,Oruro,CAM-05,CHO-067,476,476.0,24,22.0,1,1,1,,False
1882,ORD-2026-01882,CLI-016,PROD-008,2026-08-01 23:05:00,Tarija,CAM-12,CHO-009,450,450.0,24,19.5,1,1,1,,False
1883,ORD-2026-01883,CLI-090,PROD-003,2026-08-03 15:40:00,La Paz,CAM-09,CHO-002,426,426.0,72,49.7,1,1,1,,False
1884,ORD-2026-01884,CLI-097,PROD-009,2026-08-18 14:17:00,Tarija,CAM-26,CHO-056,39,39.0,72,50.9,1,1,1,,False
1885,ORD-2026-01885,CLI-095,PROD-005,2026-08-29 21:37:00,Oruro,CAM-07,CHO-110,184,184.0,72,53.7,1,1,1,,False
1886,ORD-2026-01886,CLI-019,PROD-057,2026-08-12 08:29:00,Cochabamba,CAM-23,CHO-033,68,,48,45.4,1,1,1,cantidad_entregada,True
1887,ORD-2026-01887,CLI-048,PROD-031,2026-08-27 20:48:00,Santa Cruz,CAM-20,CHO-129,493,493.0,24,17.3,1,1,1,,False
1888,ORD-2026-01888,CLI-055,PROD-003,2026-08-10 17:32:00,Tarija,CAM-12,CHO-045,76,76.0,24,21.9,1,1,1,,False
1889,ORD-2026-01889,CLI-086,PROD-030,2026-08-23 12:05:00,Oruro,CAM-24,CHO-110,87,75.0,48,41.5,1,0,0,,False
1890,ORD-2026-01890,CLI-008,PROD-024,2026-08-24 01:33:00,Cochabamba,CAM-23,CHO-108,165,165.0,24,15.2,1,1,1,,False
1891,ORD-2026-01891,CLI-050,PROD-054,2026-08-18 07:47:00,Santa Cruz,CAM-21,CHO-120,121,121.0,24,24.5,0,1,0,,False
1892,ORD-2026-01892,CLI-013,PROD-030,2026-08-14 19:26:00,Oruro,CAM-24,CHO-098,68,68.0,24,18.9,1,1,1,,False
1893,ORD-2026-01893,CLI-020,PROD-036,2026-08-01 09:44:00,Oruro,CAM-05,CHO-022,322,322.0,48,36.1,1,1,1,,False
1894,ORD-2026-01894,CLI-100,PROD-040,2026-08-08 20:24:00,La Paz,CAM-09,CHO-071,362,362.0,72,65.4,1,1,1,,False
1895,ORD-2026-01895,CLI-071,PROD-052,2026-08-16 00:07:00,La Paz,CAM-09,CHO-001,436,436.0,48,39.5,1,1,1,,False
1896,ORD-2026-01896,CLI-062,PROD-042,2026-08-07 15:04:00,Oruro,CAM-07,CHO-051,158,158.0,48,36.3,1,1,1,,False
1897,ORD-2026-01897,CLI-028,PROD-006,2026-08-07 11:47:00,Cochabamba,CAM-01,CHO-115,258,258.0,48,29.9,1,1,1,,False
1898,ORD-2026-01898,CLI-072,PROD-034,2026-08-10 11:14:00,Santa Cruz,CAM-29,CHO-076,337,337.0,72,64.2,1,1,1,,False
1899,ORD-2026-01899,CLI-036,PROD-032,2026-08-26 14:51:00,La Paz,CAM-30,CHO-023,231,231.0,24,23.0,1,1,1,,False
1900,ORD-2026-01900,CLI-091,PROD-010,2026-08-21 19:22:00,Cochabamba,CAM-23,CHO-151,363,363.0,24,15.4,1,1,1,,False
1901,ORD-2026-01901,CLI-074,PROD-019,2026-08-13 18:54:00,Cochabamba,CAM-08,CHO-073,246,246.0,24,16.3,1,1,1,,False
1902,ORD-2026-01902,CLI-097,PROD-012,2026-08-20 21:26:00,Cochabamba,CAM-01,CHO-019,266,266.0,24,23.2,1,1,1,,False
1903,ORD-2026-01903,CLI-074,PROD-002,2026-08-26 11:03:00,La Paz,CAM-09,CHO-148,410,410.0,48,42.2,1,1,1,,False
1904,ORD-2026-01904,CLI-097,PROD-006,2026-08-13 05:50:00,Cochabamba,CAM-23,CHO-016,183,183.0,24,14.8,1,1,1,,False
1905,ORD-2026-01905,CLI-067,PROD-044,2026-08-27 20:47:00,Santa Cruz,CAM-06,CHO-034,107,107.0,48,40.6,1,1,1,,False
1906,ORD-2026-01906,CLI-007,PROD-014,2026-08-28 17:21:00,Tarija,CAM-03,CHO-012,25,7.0,24,24.7,0,0,0,,False
1907,ORD-2026-01907,CLI-030,PROD-002,2026-08-18 10:53:00,La Paz,CAM-09,CHO-064,cincuenta,190.0,72,33.0,1,1,1,cantidad_solicitada,True
1908,ORD-2026-01908,CLI-090,PROD-026,2026-08-20 20:31:00,La Paz,CAM-15,CHO-021,94,94.0,24,20.0,1,1,1,,False
1909,ORD-2026-01909,CLI-004,PROD-024,2026-08-01 13:51:00,Tarija,CAM-03,CHO-088,328,328.0,48,39.1,1,1,1,,False
1910,ORD-2026-01910,CLI-096,PROD-012,2026-08-29 10:28:00,Santa Cruz,CAM-20,CHO-024,251,251.0,48,47.3,1,1,1,,False
1911,ORD-2026-01911,CLI-032,PROD-055,2026-08-08 23:51:00,Cochabamba,CAM-19,CHO-094,373,373.0,48,37.0,1,1,1,,False
1912,ORD-2026-01912,CLI-015,PROD-020,2026-08-03 06:18:00,Tarija,CAM-03,CHO-122,251,251.0,72,62.5,1,1,1,,False
1913,ORD-2026-01913,CLI-039,PROD-041,2026-08-08 14:06:00,La Paz,CAM-27,CHO-102,364,364.0,24,25.8,0,1,0,,False
1914,ORD-2026-01914,CLI-048,PROD-019,2026-08-18 06:40:00,Tarija,CAM-03,CHO-061,196,196.0,48,39.0,1,1,1,,False
1915,ORD-2026-01915,CLI-074,PROD-014,2026-08-15 07:44:00,Santa Cruz,CAM-25,CHO-104,430,430.0,24,21.0,1,1,1,,False
1916,ORD-2026-01916,CLI-006,PROD-047,2026-08-15 12:58:00,La Paz,CAM-28,CHO-091,163,163.0,24,18.5,1,1,1,,False
1917,ORD-2026-01917,CLI-018,PROD-007,2026-08-08 07:25:00,Santa Cruz,CAM-13,CHO-059,450,439.0,48,25.7,1,0,0,,False
1918,ORD-2026-01918,CLI-020,PROD-009,2026-08-16 13:29:00,Santa Cruz,CAM-21,CHO-113,335,335.0,48,38.8,1,1,1,,False
1919,ORD-2026-01919,CLI-056,PROD-041,2026-08-25 03:05:00,La Paz,CAM-15,CHO-027,495,495.0,24,19.0,1,1,1,,False
1920,ORD-2026-01920,CLI-021,PROD-057,2026-08-17 07:09:00,Santa Cruz,CAM-06,CHO-046,401,401.0,24,19.5,1,1,1,,False
1921,ORD-2026-01921,CLI-099,PROD-055,2026-08-06 13:24:00,Santa Cruz,CAM-18,CHO-062,495,495.0,72,67.1,1,1,1,,False
1922,ORD-2026-01922,CLI-052,PROD-006,15/08/2026 03:24,Santa Cruz,CAM-21,CHO-076,91,91.0,48,53.0,0,1,0,fecha_despacho,True
1923,ORD-2026-01923,CLI-089,PROD-013,2026-08-22 18:04:00,Santa Cruz,CAM-18,CHO-109,273,273.0,72,61.4,1,1,1,,False
1924, ord-2026-01924 ,CLI-079,PROD-007,2026-08-19 19:43:00,Santa Cruz,CAM-11,CHO-095,315,315.0,24,23.6,1,1,1,order_id,True
1925,ORD-2026-01925,CLI-071,PROD-059,2026-08-12 09:46:00,Santa Cruz,CAM-14,CHO-030,260,260.0,48,34.9,1,1,1,,False
1926,ORD-2026-01926,CLI-005,PROD-044,2026-08-21 17:54:00,Cochabamba,CAM-08,CHO-014,278,278.0,48,34.8,1,1,1,,False
1927,ORD-2026-01927,CLI-030,PROD-047,2026-08-26 17:57:00,Oruro,CAM-02,CHO-118,162,162.0,72,39.1,1,1,1,,False
1928,ORD-2026-01928,CLI-096,PROD-036,2026-08-19 22:09:00,Santa Cruz,CAM-20,CHO-123,478,478.0,24,20.4,1,1,1,,False
1929,ORD-2026-01929,CLI-086,PROD-055,2026-08-21 09:39:00,La Paz,CAM-15,CHO-005,407,407.0,48,47.1,1,1,1,,False
1930,ORD-2026-01930,CLI-052,PROD-010,2026-08-24 08:07:00,Tarija,CAM-12,CHO-082,130,130.0,24,17.0,1,1,1,,False
1931,ORD-2026-01931,CLI-074,PROD-033,2026-08-11 19:30:00,La Paz,CAM-27,CHO-148,427,427.0,24,19.0,1,1,1,,False
1932,ORD-2026-01932,CLI-022,PROD-028,2026-08-04 16:07:00,Oruro,CAM-24,CHO-003,40,40.0,48,40.1,1,1,1,,False
1933,ORD-2026-01933,CLI-038,PROD-041,2026-08-08 14:14:00,Cochabamba,CAM-08,CHO-125,393,393.0,48,39.8,1,1,1,,False
1934,ORD-2026-01934,CLI-087,PROD-043,2026-08-19 02:01:00,Cochabamba,CAM-08,CHO-108,388,388.0,48,24.9,1,1,1,,False
1935,ORD-2026-01935,CLI-083,PROD-011,2026-08-03 16:56:00,Oruro,CAM-05,CHO-098,284,284.0,24,23.6,1,1,1,,False
1936,ORD-2026-01936,CLI-042,PROD-039,2026-08-07 16:31:00,Tarija,CAM-26,CHO-031,399,399.0,72,71.7,1,1,1,,False
1937,ORD-2026-01937,CLI-023,PROD-034,2026-08-27 12:13:00,Santa Cruz,CAM-04,CHO-129,287,287.0,24,16.2,1,1,1,,False
1938,ORD-2026-01938,CLI-022,PROD-022,2026-08-13 14:10:00,Oruro,CAM-05,CHO-118,455,455.0,48,32.4,1,1,1,,False
1939,ORD-2026-01939,CLI-097,PROD-014,2026-08-02 21:17:00,Tarija,CAM-26,CHO-026,227,227.0,24,15.8,1,1,1,,False
1940,ORD-2026-01940,CLI-023,PROD-041,2026-08-01 17:01:00,Tarija,CAM-26,CHO-031,269,269.0,24,21.3,1,1,1,,False
1941,ORD-2026-01941,CLI-073,PROD-036,2026-08-28 00:58:00,Santa Cruz,CAM-13,CHO-113,382,382.0,72,63.3,1,1,1,,False
1942,ORD-2026-01942,CLI-099,PROD-049,2026-08-13 07:13:00,Cochabamba,CAM-08,CHO-112,147,147.0,24,18.3,1,1,1,,False
1943,ORD-2026-01943,CLI-001,PROD-042,2026-08-28 19:16:00,La Paz,CAM-09,CHO-071,458,458.0,24,17.5,1,1,1,,False
1944,ORD-2026-01944,CLI-086,PROD-035,2026-08-14 10:49:00,Oruro,CAM-24,CHO-003,41,41.0,24,24.0,1,1,1,,False
1945,ORD-2026-01945,CLI-025,PROD-005,2026-08-05 12:32:00,Oruro,CAM-02,CHO-144,160,160.0,24,25.5,0,1,0,,False
1946,ORD-2026-01946,CLI-081,PROD-028,2026-08-09 22:15:00,Oruro,CAM-24,CHO-038,316,316.0,48,38.7,1,1,1,,False
1947,ORD-2026-01947,CLI-011,PROD-028,2026-08-06 14:34:00,Santa Cruz,CAM-13,CHO-121,191,191.0,72,49.3,1,1,1,,False
1948,ORD-2026-01948,CLI-100,PROD-004,2026-08-21 17:21:00,Oruro,CAM-24,CHO-119,245,245.0,24,27.7,0,1,0,,False
1949,ORD-2026-01949,CLI-046,PROD-055,2026-08-05 20:54:00,Santa Cruz,CAM-20,CHO-075,96,96.0,24,24.4,0,1,0,,False
1950,ORD-2026-01950,CLI-009,PROD-026,2026-08-20 19:46:00,Cochabamba,CAM-19,CHO-073,414,414.0,24,20.3,1,1,1,,False
1951,ORD-2026-01951,CLI-099,PROD-034,2026-08-27 13:30:00,Tarija,CAM-26,CHO-044,123,123.0,72,62.3,1,1,1,,False
1952,ORD-2026-01952,CLI-074,PROD-043,2026-08-24 02:53:00,La Paz,CAM-09,CHO-127,182,182.0,48,32.0,1,1,1,,False
1953,ORD-2026-01953,CLI-065,PROD-038,2026-08-29 13:25:00,Oruro,CAM-16,CHO-119,150,150.0,24,13.3,1,1,1,,False
1954,ORD-2026-01954,CLI-007,PROD-012,2026-08-16 19:06:00,La Paz,CAM-28,CHO-002,278,269.0,24,21.5,1,0,0,,False
1955,ORD-2026-01955,CLI-068,PROD-028,2026-08-27 10:11:00,Cochabamba,CAM-22,CHO-069,462,462.0,24,12.4,1,1,1,,False
1956,ORD-2026-01956,CLI-004,PROD-005,2026-08-22 21:49:00,Tarija,CAM-03,CHO-146,134,134.0,24,20.2,1,1,1,,False
1957,ORD-2026-01957,CLI-066,PROD-047,2026-08-26 15:17:00,Cochabamba,CAM-17,CHO-094,345,345.0,48,21.4,1,1,1,,False
1958,ORD-2026-01958,CLI-091,PROD-020,2026-08-23 14:53:00,Cochabamba,CAM-08,CHO-033,435,435.0,48,43.4,1,1,1,,False
1959,ORD-2026-01959,CLI-027,PROD-022,2026-08-30 11:07:00,La Paz,CAM-28,CHO-083,447,447.0,48,36.9,1,1,1,,False
1960,ORD-2026-01960,CLI-028,PROD-058,2026-08-07 23:46:00,La Paz,CAM-15,CHO-139,124,124.0,48,28.4,1,1,1,,False
1961,ORD-2026-01961,CLI-026,PROD-045,2026-08-08 02:04:00,Oruro,CAM-16,CHO-038,387,387.0,72,60.7,1,1,1,,False
1962,ORD-2026-01962,CLI-012,PROD-037,2026-08-27 04:48:00,Cochabamba,CAM-08,CHO-135,353,343.0,72,70.9,1,0,0,,False
1963,ORD-2026-01963,CLI-086,PROD-037,2026-08-30 14:27:00,Cochabamba,CAM-19,CHO-054,242,242.0,24,24.6,0,1,0,,False
1964,ORD-2026-01964,CLI-078,PROD-029,2026-08-17 07:01:00,Tarija,CAM-03,CHO-012,236,229.0,48,50.2,0,0,0,,False
1965,ORD-2026-01965,CLI-001,PROD-019,2026-08-22 06:27:00,Santa Cruz,CAM-20,CHO-123,435,435.0,48,30.9,1,1,1,,False
1966,ORD-2026-01966,CLI-092,PROD-001,2026-08-17 01:09:00,Santa Cruz,CAM-20,CHO-100,cincuenta,279.0,48,49.0,0,0,0,cantidad_solicitada,True
1967,ORD-2026-01967,CLI-027,PROD-032,2026-08-24 21:28:00,La Paz,CAM-27,CHO-071,389,389.0,24,26.0,0,1,0,,False
1968,ORD-2026-01968,CLI-012,PROD-058,2026-08-18 09:23:00,Santa Cruz,CAM-18,CHO-109,45,45.0,72,53.7,1,1,1,,False
1969,ORD-2026-01969,CLI-062,PROD-040,2026-08-24 04:05:00,Cochabamba,CAM-01,CHO-145,295,295.0,72,41.8,1,1,1,,False
1970,ORD-2026-01970,CLI-028,PROD-032,2026-08-16 00:10:00,La Paz,CAM-09,CHO-148,467,454.0,24,23.9,1,0,0,,False
1971,ORD-2026-01971,CLI-065,PROD-009,2026-08-22 21:44:00,Tarija,CAM-12,CHO-012,339,339.0,48,43.5,1,1,1,,False
1972,ORD-2026-01972,CLI-046,PROD-014,2026-08-30 04:26:00,Santa Cruz,CAM-06,CHO-060,293,293.0,48,41.9,1,1,1,,False
1973,ORD-2026-01973,CLI-064,PROD-039,2026-08-29 13:10:00,Tarija,CAM-03,CHO-031,497,497.0,24,16.4,1,1,1,,False
1974,ORD-2026-01974,CLI-093,PROD-032,2026-08-27 05:43:00,La Paz,CAM-30,CHO-027,39,36.0,48,47.9,1,0,0,,False
1975,ORD-2026-01975,CLI-076,PROD-016,2026-08-13 17:52:00,Oruro,CAM-24,CHO-150,478,478.0,72,63.0,1,1,1,,False
1976,ORD-2026-01976,CLI-012,PROD-019,2026-08-11 20:25:00,La Paz,CAM-09,CHO-052,67,67.0,48,38.4,1,1,1,,False
1977,ORD-2026-01977,CLI-067,PROD-029,2026-08-11 19:29:00,Oruro,CAM-02,CHO-117,474,463.0,24,20.1,1,0,0,,False
1978,ORD-2026-01978,CLI-094,PROD-038,2026-08-10 02:58:00,Oruro,CAM-24,CHO-117,470,470.0,72,81.1,0,1,0,,False
1979,ORD-2026-01979,CLI-041,PROD-050,2026-08-27 22:17:00,Cochabamba,CAM-23,CHO-138,106,106.0,48,50.7,0,1,0,,False
1980,ORD-2026-01980,CLI-020,PROD-036,2026-08-26 02:00:00,La Paz,CAM-09,CHO-057,483,483.0,24,17.9,1,1,1,,False
1981,ORD-2026-01981,CLI-081,PROD-034,2026-08-29 15:50:00,Cochabamba,CAM-22,CHO-125,455,455.0,24,20.0,1,1,1,,False
1982,ORD-2026-01982,CLI-086,PROD-053,2026-08-19 06:38:00,Oruro,CAM-24,CHO-032,160,160.0,72,58.1,1,1,1,,False
1983,ORD-2026-01983,CLI-022,PROD-008,2026-08-28 06:42:00,Oruro,CAM-05,CHO-144,154,154.0,24,17.6,1,1,1,,False
1984,ORD-2026-01984,CLI-078,PROD-051,2026-08-01 05:51:00,Santa Cruz,CAM-13,CHO-092,378,378.0,48,38.0,1,1,1,,False
1985,ORD-2026-01985,CLI-100,PROD-005,2026-08-22 09:50:00,Oruro,CAM-02,CHO-051,289,289.0,72,69.1,1,1,1,,False
1986,ORD-2026-01986,CLI-087,PROD-041,2026-08-19 11:40:00,La Paz,CAM-15,CHO-102,189,189.0,48,42.9,1,1,1,,False
1987,ORD-2026-01987,CLI-098,PROD-033,2026-08-15 14:16:00,Santa Cruz,CAM-14,CHO-025,59,59.0,24,18.6,1,1,1,,False
1988,ORD-2026-01988,CLI-026,PROD-015,2026-08-09 14:56:00,Santa Cruz,CAM-14,CHO-004,468,468.0,48,56.6,0,1,0,,False
1989,ORD-2026-01989,CLI-090,PROD-016,2026-08-03 01:15:00,Cochabamba,CAM-23,CHO-111,343,343.0,72,56.4,1,1,1,,False
1990,ORD-2026-01990,CLI-088,PROD-025,2026-08-11 13:07:00,Cochabamba,CAM-01,CHO-047,129,129.0,72,65.1,1,1,1,,False
1991,ORD-2026-01991,CLI-078,PROD-040,2026-08-30 00:24:00,Tarija,CAM-03,CHO-036,211,211.0,48,37.5,1,1,1,,False
1992,ORD-2026-01992,CLI-019,PROD-045,2026-08-18 00:53:00,La Paz,CAM-30,CHO-134,305,305.0,24,24.1,0,1,0,,False
1993,ORD-2026-01993,CLI-021,PROD-031,2026-08-26 07:29:00,Oruro,CAM-05,CHO-022,284,284.0,24,18.3,1,1,1,,False
1994,ORD-2026-01994,CLI-003,PROD-029,2026-08-25 20:05:00,Tarija,CAM-03,CHO-056,230,230.0,72,42.3,1,1,1,,False
1995,ORD-2026-01995,CLI-086,PROD-052,2026-08-09 21:19:00,Oruro,CAM-05,CHO-022,245,235.0,48,36.0,1,0,0,,False
1996,ORD-2026-01996,CLI-015,PROD-016,2026-08-28 15:12:00,Cochabamba,CAM-23,CHO-112,130,130.0,48,39.1,1,1,1,,False
1997,ORD-2026-01997,CLI-047,PROD-006,2026-08-29 01:41:00,Tarija,CAM-26,CHO-105,422,421.0,72,71.0,1,0,0,,False
1998,ORD-2026-01998,CLI-023,PROD-059,2026-08-07 18:42:00,La Paz,CAM-09,CHO-063,471,469.0,24,18.3,1,0,0,,False
1999,ORD-2026-01999,CLI-093,PROD-027,2026-08-15 06:44:00,Tarija,CAM-26,CHO-026,412,412.0,48,39.7,1,1,1,,False
2000,ORD-2026-02000,CLI-010,PROD-048,2026-08-22 19:37:00,Santa Cruz,CAM-20,CHO-074,185,185.0,48,31.2,1,1,1,,False
2001,ORD-2026-02001,CLI-061,PROD-023,2026-08-06 00:15:00,Oruro,CAM-05,CHO-117,437,437.0,72,59.1,1,1,1,,False
2002,ORD-2026-02002,CLI-031,PROD-004,2026-08-04 23:40:00,Tarija,CAM-12,CHO-010,161,161.0,24,17.4,1,1,1,,False
2003,ORD-2026-02003,CLI-075,PROD-047,2026-08-27 18:56:00,Oruro,CAM-16,CHO-051,216,216.0,24,18.5,1,1,1,,False
2004,ORD-2026-02004,CLI-072,PROD-028,2026-08-09 20:58:00,Santa Cruz,CAM-21,CHO-099,240,240.0,72,65.4,1,1,1,,False
2005,ORD-2026-02005,CLI-083,PROD-048,2026-08-18 09:15:00,Cochabamba,CAM-08,CHO-006,242,242.0,24,17.7,1,1,1,,False
2006,ORD-2026-02006,CLI-008,PROD-029,2026-08-11 12:12:00,Santa Cruz,CAM-29,CHO-104,98,98.0,48,35.5,1,1,1,,False
2007,ORD-2026-02007,CLI-007,PROD-039,2026-08-24 11:47:00,Cochabamba,CAM-19,CHO-068,201,194.0,48,54.6,0,0,0,,False
2008,ORD-2026-02008,CLI-098,PROD-008,2026-08-06 22:09:00,La Paz,CAM-28,CHO-139,312,312.0,72,54.0,1,1,1,,False
2009,ORD-2026-02009,CLI-060,PROD-044,2026-08-02 09:16:00,Tarija,CAM-12,CHO-082,23,23.0,48,60.4,0,1,0,,False
2010,ORD-2026-02010,CLI-087,PROD-047,2026-08-26 17:39:00,La Paz,CAM-27,CHO-027,73,73.0,24,25.7,0,1,0,,False
2011,ORD-2026-02011,CLI-032,PROD-060,2026-08-13 22:54:00,Oruro,CAM-05,CHO-110,233,233.0,72,65.7,1,1,1,,False
2012,ORD-2026-02012,CLI-075,PROD-030,2026-08-20 09:56:00,Oruro,CAM-16,CHO-022,292,292.0,48,26.9,1,1,1,,False
2013,ORD-2026-02013,CLI-003,PROD-025,2026-08-09 16:43:00,Santa Cruz,CAM-20,CHO-046,408,408.0,48,42.7,1,1,1,,False
2014,ORD-2026-02014,CLI-073,PROD-043,2026-08-17 04:56:00,Oruro,CAM-05,CHO-022,342,342.0,48,37.8,1,1,1,,False
2015,ORD-2026-02015,CLI-018,PROD-013,2026-08-09 19:27:00,Santa Cruz,CAM-13,CHO-103,70,70.0,72,78.9,0,1,0,,False
2016,ORD-2026-02016,CLI-017,PROD-023,2026-08-21 23:58:00,Tarija,CAM-12,CHO-122,144,144.0,72,46.9,1,1,1,,False
2017,ORD-2026-02017,CLI-036,PROD-015,2026-08-04 08:55:00,La Paz,CAM-09,CHO-039,83,83.0,72,77.2,0,1,0,,False
2018,ORD-2026-02018,CLI-057,PROD-060,2026-08-18 20:40:00,Cochabamba,CAM-08,CHO-069,28,28.0,72,67.6,1,1,1,,False
2019,ORD-2026-02019,CLI-099,PROD-021,2026-08-30 10:05:00,Tarija,CAM-12,CHO-010,161,161.0,24,17.2,1,1,1,,False
2020,ORD-2026-02020,CLI-073,PROD-025,2026-08-04 01:18:00,Cochabamba,CAM-01,CHO-138,17,17.0,72,53.0,1,1,1,,False
2021,ORD-2026-02021,CLI-031,PROD-046,2026-08-05 00:58:00,La Paz,CAM-09,CHO-148,20,20.0,72,59.9,1,1,1,,False
2022,ORD-2026-02022,CLI-012,PROD-035,2026-08-21 01:14:00,La Paz,CAM-28,CHO-137,133,133.0,48,41.9,1,1,1,,False
2023,ORD-2026-02023,CLI-058,PROD-056,2026-08-24 11:21:00,Cochabamba,CAM-01,CHO-058,251,251.0,48,41.5,1,1,1,,False
2024,ORD-2026-02024,CLI-014,PROD-031,2026-08-11 04:17:00,La Paz,CAM-28,CHO-091,273,273.0,48,44.1,1,1,1,,False
2025,ORD-2026-02025,CLI-069,PROD-045,2026-08-21 21:53:00,Cochabamba,CAM-23,CHO-019,305,305.0,48,30.2,1,1,1,,False
2026,ORD-2026-02026,CLI-029,PROD-029,2026-08-14 10:06:00,La Paz,CAM-28,CHO-049,28,28.0,24,23.1,1,1,1,,False
2027,ORD-2026-02027,CLI-052,PROD-036,2026-08-25 12:48:00,Cochabamba,CAM-01,CHO-145,382,382.0,72,59.6,1,1,1,,False
2028,ORD-2026-02028,CLI-069,PROD-017,2026-08-21 09:31:00,Cochabamba,CAM-22,CHO-069,85,85.0,48,41.6,1,1,1,,False
2029,ORD-2026-02029,CLI-039,PROD-049,2026-08-22 06:09:00,Oruro,CAM-05,CHO-032,228,228.0,48,53.4,0,1,0,,False
2030,ORD-2026-02030,CLI-009,PROD-033,2026-08-04 02:11:00,La Paz,CAM-15,CHO-042,480,480.0,48,41.7,1,1,1,,False
2031,ORD-2026-02031,CLI-085,PROD-032,2026-08-01 23:08:00,Oruro,CAM-05,CHO-119,377,377.0,24,20.3,1,1,1,,False
2032,ORD-2026-02032,CLI-002,PROD-048,2026-08-11 11:06:00,Oruro,CAM-07,CHO-110,230,230.0,72,78.1,0,1,0,,False
2033,ORD-2026-02033,CLI-078,PROD-037,2026-08-08 19:21:00,Santa Cruz,CAM-04,CHO-029,480,480.0,24,21.7,1,1,1,,False
2034,ORD-2026-02034,CLI-027,PROD-055,2026-08-03 03:17:00,Oruro,CAM-02,CHO-067,423,423.0,72,53.9,1,1,1,,False
2035,ORD-2026-02035,CLI-006,PROD-013,2026-08-08 06:38:00,Tarija,CAM-12,CHO-008,161,161.0,24,18.6,1,1,1,,False
2036,ORD-2026-02036,CLI-058,PROD-058,2026-08-28 19:17:00,La Paz,CAM-15,CHO-091,378,378.0,24,20.2,1,1,1,,False
2037,ORD-2026-02037,CLI-073,PROD-053,2026-08-27 22:49:00,Santa Cruz,CAM-13,CHO-081,178,178.0,24,23.7,1,1,1,,False
2038,ORD-2026-02038,CLI-019,PROD-008,2026-08-25 05:29:00,Tarija,CAM-12,CHO-008,306,306.0,72,53.7,1,1,1,,False
2039,ORD-2026-02039,CLI-004,PROD-043,2026-08-01 15:54:00,Oruro,CAM-05,CHO-117,221,221.0,48,48.5,0,1,0,,False
2040,ORD-2026-02040,CLI-041,PROD-015,2026-08-26 20:51:00,Oruro,CAM-05,CHO-150,124,124.0,24,17.0,1,1,1,,False
2041,ORD-2026-02041,CLI-085,PROD-057,2026-08-13 00:57:00,Oruro,CAM-07,CHO-032,113,113.0,72,73.8,0,1,0,,False
2042,ORD-2026-02042,CLI-090,PROD-037,2026-08-09 11:18:00,Santa Cruz,CAM-21,CHO-011,24,24.0,48,54.0,0,1,0,,False
2043,ORD-2026-02043,CLI-033,PROD-014,2026-08-25 10:23:00,Santa Cruz,CAM-04,CHO-101,134,134.0,72,78.2,0,1,0,,False
2044,ORD-2026-02044,CLI-073,PROD-039,2026-08-12 13:19:00,Oruro,CAM-07,CHO-032,292,292.0,24,20.2,1,1,1,,False
2045,ORD-2026-02045,CLI-078,PROD-040,2026-08-26 01:51:00,Tarija,CAM-03,CHO-050,490,490.0,72,35.5,1,1,1,,False
2046,ORD-2026-02046,CLI-014,PROD-005,2026-08-15 18:13:00,Santa Cruz,CAM-20,CHO-123,262,262.0,24,18.2,1,1,1,,False
2047,ORD-2026-02047,CLI-070,PROD-044,2026-08-16 16:43:00,Oruro,CAM-24,CHO-117,287,287.0,72,59.2,1,1,1,,False
2048,ORD-2026-02048,CLI-048,PROD-013,2026-08-22 10:11:00,Oruro,CAM-02,CHO-136,268,268.0,48,44.3,1,1,1,,False
2049,ORD-2026-02049,CLI-048,PROD-039,2026-08-16 16:56:00,Santa Cruz,CAM-14,CHO-028,205,205.0,72,73.5,0,1,0,,False
2050,ORD-2026-02050,CLI-017,PROD-006,2026-08-25 02:31:00,Cochabamba,CAM-22,CHO-016,465,465.0,48,27.3,1,1,1,,False
2051,ORD-2026-02051,CLI-054,PROD-021,2026-08-13 16:52:00,Cochabamba,CAM-17,CHO-145,87,87.0,48,43.8,1,1,1,,False
2052,ORD-2026-02052,CLI-099,PROD-030,2026-08-18 07:06:00,Cochabamba,CAM-08,CHO-068,343,343.0,24,22.9,1,1,1,,False
2053,ORD-2026-02053,CLI-097,PROD-025,2026-08-25 19:25:00,Cochabamba,CAM-08,CHO-014,250,250.0,24,17.5,1,1,1,,False
2054, ord-2026-02054 ,CLI-065,PROD-004,2026-08-15 08:25:00,Tarija,CAM-26,CHO-044,41,41.0,72,62.8,1,1,1,order_id,True
2055,ORD-2026-02055,CLI-067,PROD-048,2026-08-29 08:00:00,Santa Cruz,CAM-14,CHO-114,140,140.0,48,37.3,1,1,1,,False
2056,ORD-2026-02056,CLI-015,PROD-021,2026-08-17 09:08:00,La Paz,CAM-09,CHO-126,150,150.0,24,18.6,1,1,1,,False
2057,ORD-2026-02057,CLI-100,PROD-008,2026-08-02 09:56:00,Cochabamba,CAM-01,CHO-019,265,265.0,72,62.4,1,1,1,,False
2058,ORD-2026-02058,CLI-011,PROD-039,2026-08-12 15:44:00,Cochabamba,CAM-23,CHO-087,321,321.0,48,44.0,1,1,1,,False
2059,ORD-2026-02059,CLI-013,PROD-037,2026-08-13 08:43:00,Santa Cruz,CAM-14,CHO-121,26,26.0,24,21.0,1,1,1,,False
2060,ORD-2026-02060,CLI-095,PROD-001,2026-08-30 21:36:00,Santa Cruz,CAM-13,CHO-114,187,187.0,48,34.7,1,1,1,,False
2061,ORD-2026-02061,CLI-005,PROD-031,2026-08-02 03:02:00,Santa Cruz,CAM-20,CHO-099,457,,24,20.0,1,1,1,cantidad_entregada,True
2062,ORD-2026-02062,CLI-010,PROD-020,2026-08-16 13:54:00,La Paz,CAM-28,CHO-005,262,262.0,48,32.1,1,1,1,,False
2063,ORD-2026-02063,CLI-099,PROD-028,2026-08-23 21:47:00,Cochabamba,CAM-19,CHO-115,491,491.0,24,20.6,1,1,1,,False
2064,ORD-2026-02064,CLI-072,PROD-060,2026-08-21 14:03:00,Cochabamba,CAM-22,CHO-068,349,349.0,48,61.5,0,1,0,,False
2065,ORD-2026-02065,CLI-016,PROD-037,2026-08-23 21:52:00,Oruro,CAM-24,CHO-144,203,203.0,24,18.4,1,1,1,,False
2066,ORD-2026-02066,CLI-077,PROD-017,2026-08-29 22:35:00,Cochabamba,CAM-23,CHO-065,189,189.0,48,48.5,0,1,0,,False
2067,ORD-2026-02067,CLI-030,PROD-007,2026-08-14 20:06:00,Oruro,CAM-07,CHO-118,128,128.0,72,71.1,1,1,1,,False
2068,ORD-2026-02068,CLI-097,PROD-044,2026-08-11 21:57:00,Cochabamba,CAM-17,CHO-147,101,101.0,24,16.4,1,1,1,,False
2069,ORD-2026-02069,CLI-044,PROD-025,2026-08-11 22:13:00,La Paz,CAM-28,CHO-027,225,215.0,48,35.6,1,0,0,,False
2070,ORD-2026-02070,CLI-047,PROD-003,2026-08-23 19:45:00,La Paz,CAM-28,CHO-134,469,469.0,72,64.0,1,1,1,,False
2071,ORD-2026-02071,CLI-073,PROD-021,2026-08-25 12:09:00,Oruro,CAM-16,CHO-067,360,360.0,24,25.2,0,1,0,,False
2072,ORD-2026-02072,CLI-009,PROD-041,2026-08-02 23:55:00,Oruro,CAM-02,CHO-136,447,,48,48.2,0,1,0,cantidad_entregada,True
2073,ORD-2026-02073,CLI-083,PROD-030,2026-08-20 23:06:00,La Paz,CAM-30,CHO-027,218,216.0,24,21.6,1,0,0,,False
2074,ORD-2026-02074,CLI-004,PROD-033,2026-08-20 14:18:00,Oruro,CAM-07,CHO-003,125,125.0,48,36.2,1,1,1,,False
2075,ORD-2026-02075,CLI-019,PROD-014,2026-08-27 21:17:00,La Paz,CAM-28,CHO-040,329,310.0,24,24.6,0,0,0,,False
2076,ORD-2026-02076,CLI-018,PROD-053,2026-08-19 00:34:00,Santa Cruz,CAM-06,CHO-076,483,483.0,24,24.1,0,1,0,,False
2077,ORD-2026-02077,CLI-039,PROD-023,2026-08-08 11:43:00,Cochabamba,CAM-01,CHO-094,290,290.0,24,16.2,1,1,1,,False
2078,ORD-2026-02078,CLI-057, prod-038 ,2026-08-06 11:59:00,Santa Cruz,CAM-29,CHO-149,46,46.0,24,19.7,1,1,1,producto_id,True
2079,ORD-2026-02079,CLI-021,PROD-056,2026-08-12 13:19:00,Cochabamba,CAM-23,CHO-077,493,493.0,24,18.1,1,1,1,,False
2080,ORD-2026-02080,CLI-006,PROD-011,2026-08-23 07:41:00,La Paz,CAM-30,CHO-040,165,165.0,72,60.8,1,1,1,,False
2081,ORD-2026-02081,CLI-068,PROD-055,2026-08-27 00:53:00,Cochabamba,CAM-01,CHO-111,404,404.0,48,45.1,1,1,1,,False
2082,ORD-2026-02082,CLI-060,PROD-040,2026-08-23 07:40:00,Cochabamba,CAM-22,CHO-108,340,335.0,24,24.5,0,0,0,,False
2083,ORD-2026-02083,CLI-045,PROD-060,2026-08-10 17:25:00,Oruro,CAM-05,CHO-110,442,442.0,72,63.8,1,1,1,,False
2084,ORD-2026-02084,CLI-019,PROD-046,2026-08-01 23:41:00,Oruro,CAM-05,CHO-119,25,25.0,24,18.8,1,1,1,,False
2085,ORD-2026-02085,CLI-043,PROD-035,2026-08-24 19:32:00,Santa Cruz,CAM-20,CHO-020,408,408.0,72,76.7,0,1,0,,False
2086,ORD-2026-02086,CLI-080,PROD-056,2026-08-01 05:56:00,Oruro,CAM-05,CHO-098,88,88.0,48,35.2,1,1,1,,False
2087,ORD-2026-02087,CLI-013,PROD-013,2026-08-21 00:18:00,Tarija,CAM-12,CHO-036,398,398.0,48,26.1,1,1,1,,False
2088,ORD-2026-02088,CLI-057,PROD-009,2026-08-14 16:53:00,Oruro,CAM-05,CHO-144,332,319.0,72,47.7,1,0,0,,False
2089,ORD-2026-02089,CLI-027,PROD-019,2026-08-19 05:18:00,La Paz,CAM-09,CHO-064,174,174.0,24,19.1,1,1,1,,False
2090,ORD-2026-02090,CLI-016,PROD-024,2026-08-25 12:08:00,La Paz,CAM-30,CHO-084,49,49.0,72,64.7,1,1,1,,False
2091,ORD-2026-02091,CLI-032,PROD-031,2026-08-25 03:02:00,Tarija,CAM-03,CHO-082,374,374.0,48,44.8,1,1,1,,False
2092,ORD-2026-02092,CLI-081,PROD-060,2026-08-09 15:52:00,Oruro,CAM-05,CHO-067,170,170.0,24,22.1,1,1,1,,False
2093,ORD-2026-02093,CLI-059,PROD-039,2026-08-03 05:33:00,Tarija,CAM-26,CHO-122,428,428.0,72,68.9,1,1,1,,False
2094,ORD-2026-02094,CLI-007,PROD-038,2026-08-24 10:33:00,La Paz,CAM-15,CHO-007,148,148.0,48,33.3,1,1,1,,False
2095,ORD-2026-02095,CLI-099,PROD-025,2026-08-07 08:15:00,Cochabamba,CAM-08,CHO-130,488,488.0,72,72.5,0,1,0,,False
2096,ORD-2026-02096,CLI-007,PROD-058,2026-08-30 16:57:00,Oruro,CAM-24,CHO-136,211,203.0,24,12.4,1,0,0,,False
2097,ORD-2026-02097,CLI-037,PROD-058,2026-08-14 06:40:00,Cochabamba,CAM-19,CHO-068,381,381.0,72,78.4,0,1,0,,False
2098,ORD-2026-02098,CLI-056,PROD-053,2026-08-25 21:24:00,Cochabamba,CAM-17,CHO-111,488,488.0,24,19.1,1,1,1,,False
2099,ORD-2026-02099,CLI-028,PROD-024,2026-08-08 02:03:00,Cochabamba,CAM-17,CHO-115,246,246.0,48,29.8,1,1,1,,False
2100,ORD-2026-02100,CLI-052,PROD-010,2026-08-01 14:57:00,Oruro,CAM-05,CHO-032,381,381.0,24,19.0,1,1,1,,False
2101,ORD-2026-02101,CLI-012,PROD-050,2026-08-09 22:18:00,La Paz,CAM-09,CHO-107,381,381.0,48,42.6,1,1,1,,False
2102,ORD-2026-02102,CLI-089,PROD-010,2026-08-27 04:13:00,Santa Cruz,CAM-25,CHO-024,41,41.0,48,53.6,0,1,0,,False
2103,ORD-2026-02103,CLI-050,PROD-021,2026-08-10 08:55:00,Oruro,CAM-05,CHO-110,352,352.0,48,40.9,1,1,1,,False
2104,ORD-2026-02104,CLI-027,PROD-003,2026-08-06 14:03:00,Cochabamba,CAM-01,CHO-115,83,83.0,72,38.4,1,1,1,,False
2105,ORD-2026-02105,CLI-053,PROD-047,2026-08-10 22:50:00,Cochabamba,CAM-23,CHO-019,341,341.0,24,17.4,1,1,1,,False
2106,ORD-2026-02106,CLI-008,PROD-041,2026-08-05 05:34:00,Santa Cruz,CAM-14,CHO-070,269,269.0,24,21.2,1,1,1,,False
2107,ORD-2026-02107,CLI-092,PROD-033,2026-08-03 10:35:00,Oruro,CAM-16,CHO-136,184,184.0,48,28.1,1,1,1,,False
2108,ORD-2026-02108,CLI-063,PROD-007,2026-08-22 00:37:00,Oruro,CAM-24,CHO-022,391,391.0,72,70.0,1,1,1,,False
2109,ORD-2026-02109,CLI-082,PROD-003,2026-08-10 21:05:00,Oruro,CAM-05,CHO-022,100,100.0,24,25.7,0,1,0,,False
2110,ORD-2026-02110,CLI-095,PROD-054,2026-08-08 10:36:00,Cochabamba,CAM-08,CHO-086,210,210.0,48,45.7,1,1,1,,False
2111,ORD-2026-02111,CLI-083,PROD-016,2026-08-19 07:38:00,Tarija,CAM-26,CHO-146,190,190.0,24,20.6,1,1,1,,False
2112,ORD-2026-02112,CLI-024,PROD-040,2026-08-19 22:50:00,Oruro,CAM-05,CHO-098,167,153.0,48,29.9,1,0,0,,False
2113,ORD-2026-02113,CLI-010,PROD-058,2026-08-23 08:12:00,Tarija,CAM-26,CHO-008,354,354.0,24,19.5,1,1,1,,False
2114,ORD-2026-02114,CLI-027,PROD-029,2026-08-02 02:28:00,La Paz,CAM-30,CHO-063,485,485.0,24,19.7,1,1,1,,False
2115,ORD-2026-02115,CLI-006,PROD-030,2026-08-20 14:34:00,La Paz,CAM-09,CHO-127,33,33.0,24,23.7,1,1,1,,False
2116,ORD-2026-02116,CLI-035,PROD-038,2026-08-02 17:11:00,La Paz,CAM-28,CHO-064,49,49.0,48,36.1,1,1,1,,False
2117,ORD-2026-02117,CLI-074,PROD-030,2026-08-09 04:01:00,Santa Cruz,CAM-06,CHO-149,497,497.0,24,14.5,1,1,1,,False
2118,ORD-2026-02118,CLI-050,PROD-022,2026-08-07 10:17:00,Tarija,CAM-03,CHO-146,268,263.0,24,13.6,1,0,0,,False
2119,ORD-2026-02119,CLI-052,PROD-024,2026-08-27 01:03:00,Oruro,CAM-02,CHO-003,436,436.0,24,27.2,0,1,0,,False
2120,ORD-2026-02120,CLI-060,PROD-042,2026-08-07 11:02:00,Oruro,CAM-02,CHO-003,436,436.0,48,34.4,1,1,1,,False
2121,ORD-2026-02121,CLI-060,PROD-024,2026-08-06 19:52:00,Cochabamba,CAM-22,CHO-068,194,194.0,24,23.6,1,1,1,,False
2122, ord-2026-02122 ,CLI-054,PROD-030,2026-08-20 23:06:00,Tarija,CAM-12,CHO-012,98,98.0,48,30.8,1,1,1,order_id,True
2123,ORD-2026-02123,CLI-078,PROD-007,2026-08-16 19:56:00,Oruro,CAM-24,CHO-022,498,498.0,48,46.2,1,1,1,,False
2124,ORD-2026-02124,CLI-026,PROD-030,2026-08-20 23:45:00,La Paz,CAM-27,CHO-049,437,437.0,24,14.5,1,1,1,,False
2125,ORD-2026-02125,CLI-069,PROD-028,2026-08-09 14:04:00,Santa Cruz,CAM-06,CHO-024,441,441.0,24,17.2,1,1,1,,False
2126,ORD-2026-02126,CLI-072,PROD-005,2026-08-11 07:43:00,Tarija,CAM-12,CHO-050,391,391.0,72,57.7,1,1,1,,False
2127,ORD-2026-02127,CLI-084,PROD-012,2026-08-07 06:00:00,Tarija,CAM-03,CHO-082,121,121.0,72,57.9,1,1,1,,False
2128,ORD-2026-02128,CLI-010,PROD-023,2026-08-29 02:15:00,Tarija,CAM-03,CHO-009,329,329.0,48,50.8,0,1,0,,False
2129,ORD-2026-02129,CLI-027,PROD-006,2026-08-26 21:17:00,La Paz,CAM-30,CHO-007,283,265.0,24,29.9,0,0,0,,False
2130,ORD-2026-02130,CLI-079,PROD-048,2026-08-21 05:26:00,Cochabamba,CAM-23,CHO-131,437,437.0,48,36.9,1,1,1,,False
2131,ORD-2026-02131,CLI-012,PROD-033,2026-08-22 03:05:00,La Paz,CAM-15,CHO-071,239,225.0,48,46.6,1,0,0,,False
2132,ORD-2026-02132,CLI-094,PROD-012,2026-08-11 18:11:00,Cochabamba,CAM-23,CHO-131,117,117.0,48,33.1,1,1,1,,False
2133,ORD-2026-02133,CLI-055,PROD-058,2026-08-25 16:21:00,Oruro,CAM-24,CHO-110,47,47.0,48,39.5,1,1,1,,False
2134, ord-2026-02134 ,CLI-005,PROD-053,2026-08-11 22:32:00,Santa Cruz,CAM-10,CHO-142,434,434.0,72,54.1,1,1,1,order_id,True
2135,ORD-2026-02135,CLI-067,PROD-053,2026-08-07 14:08:00,La Paz,CAM-09,CHO-002,316,316.0,24,16.0,1,1,1,,False
2136,ORD-2026-02136,CLI-063,PROD-038,2026-08-14 12:02:00,Tarija,CAM-26,CHO-050,85,85.0,72,83.0,0,1,0,,False
2137,ORD-2026-02137,CLI-029,PROD-033,2026-08-10 08:04:00,Tarija,CAM-03,CHO-061,43,43.0,48,40.1,1,1,1,,False
2138,ORD-2026-02138,CLI-052,PROD-031,2026-08-17 04:59:00,Oruro,CAM-05,CHO-144,400,400.0,24,21.2,1,1,1,,False
2139,ORD-2026-02139,CLI-074,PROD-052,2026-08-23 18:02:00,Santa Cruz,CAM-20,CHO-024,91,91.0,48,41.8,1,1,1,,False
2140,ORD-2026-02140,CLI-046,PROD-029,2026-08-26 10:54:00,La Paz,CAM-27,CHO-084,382,382.0,48,46.6,1,1,1,,False
2141,ORD-2026-02141,CLI-068,PROD-036,2026-08-06 01:51:00,Santa Cruz,CAM-20,CHO-103,46,46.0,72,80.4,0,1,0,,False
2142,ORD-2026-02142,CLI-043,PROD-034,2026-08-05 16:19:00,Santa Cruz,CAM-29,CHO-079,395,395.0,48,26.8,1,1,1,,False
2143,ORD-2026-02143,CLI-034,PROD-011,2026-08-08 19:38:00,Cochabamba,CAM-08,CHO-112,342,342.0,24,16.4,1,1,1,,False
2144,ORD-2026-02144,CLI-071,PROD-043,2026-08-19 16:32:00,Tarija,CAM-12,CHO-008,195,195.0,24,21.6,1,1,1,,False
2145,ORD-2026-02145,CLI-045,PROD-015,2026-08-22 17:38:00,Tarija,CAM-03,CHO-132,142,142.0,72,68.0,1,1,1,,False
2146,ORD-2026-02146,CLI-052,PROD-018,2026-08-15 19:37:00,La Paz,CAM-09,CHO-107,397,397.0,24,17.2,1,1,1,,False
2147,ORD-2026-02147,CLI-090,PROD-006,2026-08-02 05:57:00,Santa Cruz,CAM-10,CHO-113,495,491.0,24,15.9,1,0,0,,False
2148,ORD-2026-02148,CLI-067,PROD-049,2026-08-26 09:25:00,Tarija,CAM-03,CHO-008,122,122.0,24,21.7,1,1,1,,False
2149,ORD-2026-02149,CLI-057,PROD-041,2026-08-06 04:41:00,Cochabamba,CAM-19,CHO-086,389,389.0,72,53.3,1,1,1,,False
2150,ORD-2026-02150,CLI-046,PROD-002,2026-08-03 04:04:00,Cochabamba,CAM-23,CHO-131,147,147.0,48,43.6,1,1,1,,False
2151,ORD-2026-02151,CLI-023,PROD-034,2026-08-24 00:45:00,La Paz,CAM-09,CHO-137,430,430.0,48,50.9,0,1,0,,False
2152,ORD-2026-02152,CLI-089,PROD-019,2026-08-10 01:41:00,Santa Cruz,CAM-13,CHO-123,247,247.0,72,67.2,1,1,1,,False
2153,ORD-2026-02153,CLI-092,PROD-037,2026-08-22 08:37:00,Cochabamba,CAM-17,CHO-130,432,432.0,24,20.7,1,1,1,,False
2154,ORD-2026-02154,CLI-016,PROD-033,2026-08-09 06:28:00,Tarija,CAM-12,CHO-088,296,,72,58.2,1,1,1,cantidad_entregada,True
2155,ORD-2026-02155,CLI-016,PROD-037,2026-08-09 16:51:00,La Paz,CAM-30,CHO-107,403,403.0,72,77.1,0,1,0,,False
2156,ORD-2026-02156,CLI-068,PROD-054,2026-08-12 06:04:00,Santa Cruz,CAM-25,CHO-114,275,275.0,24,21.4,1,1,1,,False
2157,ORD-2026-02157,CLI-038,PROD-015,2026-08-15 12:35:00,Tarija,CAM-03,CHO-026,423,423.0,72,70.3,1,1,1,,False
2158,ORD-2026-02158,CLI-008,PROD-055,2026-08-17 03:35:00,Cochabamba,CAM-08,CHO-033,174,174.0,48,35.5,1,1,1,,False
2159,ORD-2026-02159,CLI-080,PROD-060,2026-08-05 23:04:00,La Paz,CAM-09,CHO-071,52,40.0,48,36.9,1,0,0,,False
2160,ORD-2026-02160,CLI-092,PROD-035,2026-08-03 14:10:00,La Paz,CAM-28,CHO-066,340,340.0,48,25.8,1,1,1,,False
2161,ORD-2026-02161,CLI-018,PROD-009,2026-08-22 07:11:00,Santa Cruz,CAM-14,CHO-120,13,13.0,48,27.0,1,1,1,,False
2162,ORD-2026-02162,CLI-015,PROD-032,2026-08-17 00:51:00,Tarija,CAM-12,CHO-045,402,402.0,48,35.5,1,1,1,,False
2163,ORD-2026-02163,CLI-023,PROD-023,2026-08-16 05:48:00,Santa Cruz,CAM-13,CHO-101,429,429.0,72,66.3,1,1,1,,False
2164,ORD-2026-02164,CLI-008,PROD-019,2026-08-13 16:50:00,Oruro,CAM-05,CHO-067,76,75.0,48,35.5,1,0,0,,False
2165,ORD-2026-02165,CLI-019,PROD-020,2026-08-09 22:00:00,La Paz,CAM-09,CHO-064,336,336.0,72,50.6,1,1,1,,False
2166,ORD-2026-02166,CLI-006,PROD-004,2026-08-22 23:01:00,Oruro,CAM-07,CHO-022,296,296.0,24,20.0,1,1,1,,False
2167,ORD-2026-02167,CLI-024,PROD-031,2026-08-26 04:25:00,La Paz,CAM-27,CHO-017,177,177.0,48,37.5,1,1,1,,False
2168,ORD-2026-02168,CLI-028,PROD-052,2026-08-26 08:33:00,Oruro,CAM-05,CHO-150,420,420.0,72,94.5,0,1,0,,False
2169,ORD-2026-02169,CLI-028,PROD-033,2026-08-12 04:37:00,Oruro,CAM-05,CHO-150,39,39.0,24,24.5,0,1,0,,False
2170,ORD-2026-02170,CLI-077,PROD-041,2026-08-24 14:59:00,Santa Cruz,CAM-21,CHO-096,374,374.0,24,26.0,0,1,0,,False
2171,ORD-2026-02171,CLI-009,PROD-013,2026-08-18 19:56:00,Oruro,CAM-05,CHO-098,186,186.0,48,49.0,0,1,0,,False
2172,ORD-2026-02172,CLI-054,PROD-035,2026-08-03 23:21:00,Oruro,CAM-05,CHO-003,242,242.0,72,73.3,0,1,0,,False
2173,ORD-2026-02173,CLI-058,PROD-060,2026-08-04 11:12:00,Cochabamba,CAM-08,CHO-068,495,495.0,72,92.2,0,1,0,,False
2174,ORD-2026-02174,CLI-034,PROD-027,2026-08-27 12:28:00,Tarija,CAM-26,CHO-015,447,447.0,24,23.1,1,1,1,,False
2175,ORD-2026-02175,CLI-014,PROD-007,2026-08-29 11:21:00,Tarija,CAM-12,CHO-105,244,244.0,24,21.7,1,1,1,,False
2176,ORD-2026-02176,CLI-077,PROD-047,2026-08-09 22:26:00,Tarija,CAM-12,CHO-043,414,414.0,24,14.7,1,1,1,,False
2177,ORD-2026-02177,CLI-027,PROD-020,2026-08-14 01:44:00,La Paz,CAM-09,CHO-002,80,80.0,24,19.1,1,1,1,,False
2178,ORD-2026-02178,CLI-031,PROD-043,2026-08-06 01:43:00,Oruro,CAM-05,CHO-144,169,169.0,48,37.9,1,1,1,,False
2179,ORD-2026-02179,CLI-006,PROD-044,2026-08-19 01:56:00,La Paz,CAM-28,CHO-139,184,184.0,24,22.3,1,1,1,,False
2180,ORD-2026-02180,CLI-057,PROD-059,2026-08-02 19:32:00,La Paz,CAM-28,CHO-049,376,376.0,24,22.3,1,1,1,,False
2181,ORD-2026-02181,CLI-002,PROD-044,2026-08-30 13:09:00,Tarija,CAM-26,CHO-043,238,238.0,72,41.9,1,1,1,,False
2182,ORD-2026-02182,CLI-041,PROD-049,2026-08-03 19:55:00,La Paz,CAM-28,CHO-066,378,378.0,48,40.9,1,1,1,,False
2183,ORD-2026-02183,CLI-022,PROD-017,2026-08-28 23:00:00,Oruro,CAM-02,CHO-110,187,187.0,24,20.5,1,1,1,,False
2184,ORD-2026-02184,CLI-066,PROD-044,2026-08-22 03:21:00,La Paz,CAM-27,CHO-042,244,244.0,48,40.6,1,1,1,,False
2185,ORD-2026-02185,CLI-091,PROD-056,2026-08-16 15:48:00,Santa Cruz,CAM-20,CHO-081,201,201.0,48,48.1,0,1,0,,False
2186,ORD-2026-02186,CLI-022,PROD-020,2026-08-26 04:32:00,La Paz,CAM-09,CHO-017,290,290.0,48,38.2,1,1,1,,False
2187,ORD-2026-02187,CLI-028,PROD-021,2026-08-11 19:33:00,Cochabamba,CAM-19,CHO-151,184,184.0,72,58.8,1,1,1,,False
2188,ORD-2026-02188,CLI-070,PROD-021,2026-08-14 08:08:00,Oruro,CAM-24,CHO-067,124,124.0,24,22.1,1,1,1,,False
2189,ORD-2026-02189,CLI-056,PROD-041,2026-08-08 03:50:00,La Paz,CAM-28,CHO-091,444,444.0,72,42.1,1,1,1,,False
2190,ORD-2026-02190,CLI-091,PROD-024,2026-08-14 12:26:00,Oruro,CAM-24,CHO-022,174,174.0,24,20.6,1,1,1,,False
2191,ORD-2026-02191,CLI-028,PROD-041,2026-08-28 08:25:00,Santa Cruz,CAM-21,CHO-080,310,310.0,24,16.4,1,1,1,,False
2192,ORD-2026-02192,CLI-037,PROD-005,2026-08-25 07:02:00,Cochabamba,CAM-01,CHO-055,214,214.0,24,16.0,1,1,1,,False
2193,ORD-2026-02193,CLI-079,PROD-022,2026-08-21 09:02:00,La Paz,CAM-28,CHO-093,236,236.0,48,42.7,1,1,1,,False
2194,ORD-2026-02194,CLI-085,PROD-019,2026-08-09 22:15:00,Santa Cruz,CAM-11,CHO-074,84,84.0,72,38.3,1,1,1,,False
2195,ORD-2026-02195,CLI-026,PROD-016,2026-08-21 11:43:00,Santa Cruz,CAM-25,CHO-120,130,130.0,24,25.5,0,1,0,,False
2196,ORD-2026-02196,CLI-043,PROD-007,2026-08-11 21:58:00,Cochabamba,CAM-19,CHO-069,286,286.0,48,45.1,1,1,1,,False
2197,ORD-2026-02197,CLI-001,PROD-002,2026-08-05 07:32:00,La Paz,CAM-28,CHO-071,20,20.0,24,18.8,1,1,1,,False
2198,ORD-2026-02198,CLI-090,PROD-045,2026-08-14 15:03:00,Cochabamba,CAM-01,CHO-138,281,281.0,24,21.8,1,1,1,,False
2199,ORD-2026-02199,CLI-083,PROD-060,2026-08-22 11:38:00,Tarija,CAM-26,CHO-026,335,335.0,72,51.9,1,1,1,,False
2200,ORD-2026-02200,CLI-079,PROD-027,2026-08-07 15:33:00,Santa Cruz,CAM-11,CHO-109,392,392.0,48,30.1,1,1,1,,False
2201,ORD-2026-02201,CLI-005,PROD-040,2026-08-21 09:28:00,Oruro,CAM-05,CHO-150,289,289.0,72,49.8,1,1,1,,False
2202,ORD-2026-02202,CLI-059,PROD-053,2026-08-21 20:10:00,Tarija,CAM-26,CHO-122,323,,24,14.5,1,1,1,cantidad_entregada,True
2203,ORD-2026-02203,CLI-027,PROD-050,2026-08-18 20:27:00,Cochabamba,CAM-01,CHO-108,468,468.0,72,66.1,1,1,1,,False
2204,ORD-2026-02204,CLI-053,PROD-017,2026-08-01 23:07:00,Tarija,CAM-12,CHO-008,181,181.0,48,29.2,1,1,1,,False
2205,ORD-2026-02205,CLI-019,PROD-025,2026-08-29 00:03:00,Cochabamba,CAM-23,CHO-131,487,487.0,24,17.5,1,1,1,,False
2206,ORD-2026-02206,CLI-017,PROD-045,2026-08-05 12:16:00,Tarija,CAM-03,CHO-026,35,35.0,48,38.2,1,1,1,,False
2207,ORD-2026-02207,CLI-072,PROD-050,2026-08-15 20:42:00,Cochabamba,CAM-01,CHO-111,141,123.0,48,37.2,1,0,0,,False
2208,ORD-2026-02208,CLI-001,PROD-010,2026-08-19 18:40:00,Cochabamba,CAM-22,CHO-087,409,409.0,48,45.6,1,1,1,,False
2209,ORD-2026-02209,CLI-008,PROD-029,2026-08-04 17:52:00,La Paz,CAM-28,CHO-093,75,75.0,24,30.7,0,1,0,,False
2210,ORD-2026-02210,CLI-081,PROD-023,2026-08-03 10:57:00,Santa Cruz,CAM-14,CHO-011,110,110.0,48,45.8,1,1,1,,False
2211,ORD-2026-02211,CLI-027,PROD-046,2026-08-01 21:17:00,Oruro,CAM-05,CHO-144,352,352.0,48,40.0,1,1,1,,False
2212,ORD-2026-02212,CLI-093,PROD-026,2026-08-05 04:25:00,Santa Cruz,CAM-29,CHO-079,326,326.0,48,47.0,1,1,1,,False
2213,ORD-2026-02213,CLI-008,PROD-006,2026-08-25 15:07:00,Oruro,CAM-16,CHO-098,418,418.0,48,56.6,0,1,0,,False
2214,ORD-2026-02214,CLI-009,PROD-027,2026-08-16 23:20:00,Cochabamba,CAM-23,CHO-112,130,130.0,48,28.4,1,1,1,,False
2215,ORD-2026-02215,CLI-079,PROD-018,2026-08-09 05:37:00,Oruro,CAM-05,CHO-098,395,395.0,72,58.0,1,1,1,,False
2216,ORD-2026-02216,CLI-032,PROD-011,2026-08-05 04:55:00,Tarija,CAM-12,CHO-082,383,383.0,48,52.7,0,1,0,,False
2217,ORD-2026-02217,CLI-020,PROD-027,2026-08-13 11:32:00,Santa Cruz,CAM-14,CHO-123,277,277.0,24,16.9,1,1,1,,False
2218,ORD-2026-02218,CLI-056,PROD-014,2026-08-18 03:03:00,La Paz,CAM-30,CHO-027,327,327.0,24,18.2,1,1,1,,False
2219,ORD-2026-02219,CLI-025,PROD-044,2026-08-15 17:16:00,Oruro,CAM-05,CHO-119,232,232.0,24,13.7,1,1,1,,False
2220,ORD-2026-02220,CLI-041,PROD-002,2026-08-20 09:18:00,Oruro,CAM-16,CHO-117,477,477.0,72,26.6,1,1,1,,False
2221,ORD-2026-02221,CLI-069,PROD-051,2026-08-18 18:10:00,Tarija,CAM-26,CHO-122,142,142.0,24,22.4,1,1,1,,False
2222,ORD-2026-02222,CLI-087,PROD-052,2026-08-26 15:56:00,Cochabamba,CAM-01,CHO-147,83,76.0,48,30.4,1,0,0,,False
2223,ORD-2026-02223,CLI-024,PROD-033,2026-08-10 11:09:00,La Paz,CAM-15,CHO-134,17,17.0,48,45.9,1,1,1,,False
2224,ORD-2026-02224,CLI-028,PROD-026,2026-08-15 16:24:00,La Paz,CAM-15,CHO-107,330,330.0,48,35.0,1,1,1,,False
2225,ORD-2026-02225,CLI-022,PROD-031,2026-08-04 13:22:00,Santa Cruz,CAM-20,CHO-028,79,79.0,72,57.3,1,1,1,,False
2226,ORD-2026-02226,CLI-043,PROD-040,2026-08-15 09:05:00,La Paz,CAM-09,CHO-148,117,117.0,72,64.2,1,1,1,,False
2227,ORD-2026-02227,CLI-062,PROD-023,2026-08-02 10:50:00,Oruro,CAM-05,CHO-119,215,208.0,24,22.9,1,0,0,,False
2228,ORD-2026-02228,CLI-027,PROD-046,2026-08-07 09:25:00,La Paz,CAM-27,CHO-134,411,411.0,24,25.2,0,1,0,,False
2229,ORD-2026-02229,CLI-035,PROD-031,2026-08-02 15:09:00,La Paz,CAM-09,CHO-001,92,92.0,48,30.0,1,1,1,,False
2230,ORD-2026-02230,CLI-006,PROD-039,2026-08-17 23:43:00,Tarija,CAM-03,CHO-015,105,105.0,48,30.1,1,1,1,,False
2231,ORD-2026-02231,CLI-076,PROD-047,2026-08-06 18:55:00,Santa Cruz,CAM-10,CHO-078,47,39.0,24,30.1,0,0,0,,False
2232,ORD-2026-02232,CLI-095,PROD-055,2026-08-19 19:35:00,La Paz,CAM-09,CHO-093,171,171.0,48,52.9,0,1,0,,False
2233,ORD-2026-02233,CLI-072,PROD-056,2026-08-09 22:02:00,Oruro,CAM-05,CHO-038,409,409.0,72,57.9,1,1,1,,False
2234,ORD-2026-02234,CLI-068,PROD-057,2026-08-02 00:38:00,Cochabamba,CAM-22,CHO-086,48,48.0,72,42.7,1,1,1,,False
2235,ORD-2026-02235,CLI-052,PROD-037,2026-08-24 06:03:00,Tarija,CAM-26,CHO-031,467,467.0,48,31.8,1,1,1,,False
2236,ORD-2026-02236,CLI-072,PROD-045,2026-08-17 19:48:00,Cochabamba,CAM-17,CHO-047,382,382.0,48,43.2,1,1,1,,False
2237,ORD-2026-02237,CLI-019,PROD-024,2026-08-02 11:55:00,La Paz,CAM-15,CHO-093,127,127.0,24,24.7,0,1,0,,False
2238,ORD-2026-02238,CLI-010,PROD-019,2026-08-27 17:44:00,Santa Cruz,CAM-14,CHO-018,252,252.0,24,15.7,1,1,1,,False
2239,ORD-2026-02239,CLI-093,PROD-018,2026-08-08 04:54:00,La Paz,CAM-09,CHO-049,67,67.0,72,42.0,1,1,1,,False
2240,ORD-2026-02240,CLI-097,PROD-009,2026-08-24 21:09:00,Tarija,CAM-03,CHO-031,464,464.0,48,52.6,0,1,0,,False
2241,ORD-2026-02241,CLI-087,PROD-041,2026-08-27 15:36:00,Cochabamba,CAM-01,CHO-140,471,462.0,24,22.2,1,0,0,,False
2242,ORD-2026-02242,CLI-009,PROD-050,2026-08-05 17:37:00,Cochabamba,CAM-08,CHO-058,402,402.0,24,14.3,1,1,1,,False
2243,ORD-2026-02243,CLI-067,PROD-035,2026-08-07 23:16:00,Tarija,CAM-03,CHO-122,413,413.0,48,35.9,1,1,1,,False
2244,ORD-2026-02244,CLI-032,PROD-010,2026-08-14 10:06:00,Santa Cruz,CAM-18,CHO-076,344,344.0,48,53.8,0,1,0,,False
2245,ORD-2026-02245,CLI-025,PROD-012,2026-08-21 21:46:00,Oruro,CAM-02,CHO-022,335,335.0,24,17.1,1,1,1,,False
2246,ORD-2026-02246,CLI-003,PROD-049,2026-08-18 01:39:00,Oruro,CAM-02,CHO-119,352,352.0,24,23.3,1,1,1,,False
2247,ORD-2026-02247,CLI-006,PROD-020,2026-08-08 13:16:00,Oruro,CAM-05,CHO-118,352,352.0,24,18.3,1,1,1,,False
2248,ORD-2026-02248,CLI-073,PROD-039,2026-08-12 22:52:00,Santa Cruz,CAM-06,CHO-004,252,252.0,48,52.0,0,1,0,,False
2249,ORD-2026-02249,CLI-098,PROD-033,2026-08-28 01:44:00,Oruro,CAM-24,CHO-051,231,231.0,24,21.4,1,1,1,,False
2250,ORD-2026-02250,CLI-005,PROD-012,2026-08-16 04:54:00,Santa Cruz,CAM-20,CHO-029,214,214.0,48,36.7,1,1,1,,False
2251,ORD-2026-02251,CLI-006,PROD-060,2026-08-04 10:06:00,Oruro,CAM-05,CHO-032,305,305.0,48,46.3,1,1,1,,False
2252,ORD-2026-02252,CLI-060,PROD-049,2026-08-15 23:36:00,Cochabamba,CAM-22,CHO-086,246,246.0,24,16.7,1,1,1,,False
2253,ORD-2026-02253,CLI-029,PROD-024,2026-08-10 18:47:00,Cochabamba,CAM-08,CHO-143,96,96.0,48,53.7,0,1,0,,False
2254,ORD-2026-02254,CLI-004,PROD-050,2026-08-19 02:21:00,Cochabamba,CAM-23,CHO-055,13,13.0,24,20.3,1,1,1,,False
2255,ORD-2026-02255,CLI-086,PROD-032,2026-08-17 23:27:00,Oruro,CAM-02,CHO-003,236,236.0,72,65.7,1,1,1,,False
2256,ORD-2026-02256,CLI-082,PROD-053,2026-08-05 00:28:00,La Paz,CAM-28,CHO-137,219,219.0,24,23.2,1,1,1,,False
2257,ORD-2026-02257,CLI-014,PROD-047,2026-08-02 15:35:00,Santa Cruz,CAM-20,CHO-099,499,499.0,48,30.9,1,1,1,,False
2258,ORD-2026-02258,CLI-095,PROD-025,2026-08-19 07:52:00,Santa Cruz,CAM-13,CHO-142,355,355.0,72,52.5,1,1,1,,False
2259,ORD-2026-02259,CLI-028,PROD-017,2026-08-15 15:39:00,Santa Cruz,CAM-14,CHO-053,428,428.0,72,70.2,1,1,1,,False
2260,ORD-2026-02260,CLI-075,PROD-001,2026-08-26 02:29:00,Santa Cruz,CAM-13,CHO-109,433,433.0,48,42.0,1,1,1,,False
2261,ORD-2026-02261,CLI-058,PROD-012,2026-08-10 07:20:00,Oruro,CAM-05,CHO-038,330,320.0,24,24.7,0,0,0,,False
2262,ORD-2026-02262,CLI-069,PROD-046,2026-08-16 10:29:00,Tarija,CAM-12,CHO-026,185,185.0,72,58.2,1,1,1,,False
2263,ORD-2026-02263,CLI-064,PROD-015,2026-08-02 09:38:00,Oruro,CAM-05,CHO-067,308,308.0,48,40.4,1,1,1,,False
2264,ORD-2026-02264,CLI-058,PROD-010,2026-08-25 01:41:00,Oruro,CAM-24,CHO-038,494,481.0,24,17.7,1,0,0,,False
2265,ORD-2026-02265,CLI-020,PROD-021,2026-08-11 20:30:00,Cochabamba,CAM-08,CHO-143,55,55.0,48,53.1,0,1,0,,False
2266,ORD-2026-02266,CLI-069,PROD-024,2026-08-09 03:06:00,La Paz,CAM-09,CHO-134,133,,48,44.2,1,1,1,cantidad_entregada,True
2267,ORD-2026-02267,CLI-046,PROD-004,2026-08-07 10:04:00,La Paz,CAM-15,CHO-039,466,453.0,48,46.8,1,0,0,,False
2268,ORD-2026-02268,CLI-096,PROD-024,2026-08-28 12:18:00,Santa Cruz,CAM-25,CHO-129,365,365.0,24,18.9,1,1,1,,False
2269,ORD-2026-02269,CLI-049,PROD-053,2026-08-08 20:01:00,Oruro,CAM-07,CHO-022,322,311.0,72,83.1,0,0,0,,False
2270,ORD-2026-02270,CLI-085,PROD-052,2026-08-03 06:31:00,Santa Cruz,CAM-20,CHO-074,470,470.0,48,21.3,1,1,1,,False
2271,ORD-2026-02271,CLI-094,PROD-001,2026-08-30 22:12:00,Cochabamba,CAM-08,CHO-069,117,104.0,72,41.5,1,0,0,,False
2272,ORD-2026-02272,CLI-044,PROD-032,2026-08-06 01:32:00,Cochabamba,CAM-17,CHO-108,308,308.0,24,26.2,0,1,0,,False
2273,ORD-2026-02273,CLI-080,PROD-041,2026-08-13 22:28:00,Oruro,CAM-16,CHO-110,449,449.0,24,28.3,0,1,0,,False
2274,ORD-2026-02274,CLI-032,PROD-007,2026-08-25 17:22:00,Santa Cruz,CAM-14,CHO-120,88,88.0,48,30.6,1,1,1,,False
2275,ORD-2026-02275,CLI-014,PROD-045,2026-08-22 19:36:00,Tarija,CAM-03,CHO-036,133,133.0,48,39.9,1,1,1,,False
2276,ORD-2026-02276,CLI-028,PROD-019,2026-08-21 23:53:00,Santa Cruz,CAM-13,CHO-025,76,76.0,24,20.6,1,1,1,,False
2277,ORD-2026-02277,CLI-061,PROD-059,2026-08-17 22:24:00,Oruro,CAM-05,CHO-144,264,264.0,48,48.5,0,1,0,,False
2278,ORD-2026-02278,CLI-044,PROD-032,2026-08-14 20:08:00,La Paz,CAM-15,CHO-091,183,,48,37.9,1,1,1,cantidad_entregada,True
2279,ORD-2026-02279,CLI-049,PROD-015,2026-08-10 13:52:00,Cochabamba,CAM-22,CHO-151,465,465.0,48,30.1,1,1,1,,False
2280,ORD-2026-02280,CLI-016,PROD-052,2026-08-03 00:32:00,Santa Cruz,CAM-20,CHO-020,332,332.0,48,45.3,1,1,1,,False
2281,ORD-2026-02281,CLI-003,PROD-012,2026-08-04 09:23:00,La Paz,CAM-09,CHO-023,379,379.0,48,36.6,1,1,1,,False
2282,ORD-2026-02282,CLI-048,PROD-027,2026-08-25 15:43:00,Oruro,CAM-05,CHO-150,110,110.0,72,59.3,1,1,1,,False
2283,ORD-2026-02283,CLI-051,PROD-049,2026-08-21 16:44:00,Tarija,CAM-12,CHO-048,240,240.0,24,22.6,1,1,1,,False
2284,ORD-2026-02284,CLI-047,PROD-018,2026-08-28 18:32:00,La Paz,CAM-15,CHO-049,41,41.0,72,37.6,1,1,1,,False
2285,ORD-2026-02285,CLI-075,PROD-011,2026-08-05 14:06:00,Oruro,CAM-05,CHO-136,211,211.0,48,27.9,1,1,1,,False
2286,ORD-2026-02286,CLI-053,PROD-056,2026-08-05 12:42:00,Santa Cruz,CAM-20,CHO-121,282,282.0,24,24.3,0,1,0,,False
2287,ORD-2026-02287,CLI-011,PROD-006,2026-08-15 14:57:00,Tarija,CAM-03,CHO-105,211,211.0,48,52.0,0,1,0,,False
2288,ORD-2026-02288,CLI-051,PROD-039,2026-08-28 15:04:00,Santa Cruz,CAM-10,CHO-109,335,335.0,48,33.5,1,1,1,,False
2289,ORD-2026-02289,CLI-026,PROD-001,2026-08-30 20:51:00,Oruro,CAM-05,CHO-119,107,107.0,72,70.2,1,1,1,,False
2290,ORD-2026-02290,CLI-092,PROD-054,2026-08-16 00:21:00,Tarija,CAM-26,CHO-015,70,70.0,72,54.9,1,1,1,,False
2291,ORD-2026-02291,CLI-023,PROD-059,2026-08-24 20:56:00,Santa Cruz,CAM-13,CHO-120,431,431.0,48,33.9,1,1,1,,False
2292,ORD-2026-02292,CLI-083,PROD-052,2026-08-24 07:50:00,La Paz,CAM-28,CHO-017,250,250.0,24,20.9,1,1,1,,False
2293,ORD-2026-02293,CLI-015,PROD-010,2026-08-04 10:33:00,Cochabamba,CAM-23,CHO-094,61,61.0,48,44.9,1,1,1,,False
2294,ORD-2026-02294,CLI-001,PROD-046,2026-08-11 11:28:00,Cochabamba,CAM-19,CHO-016,320,320.0,72,54.1,1,1,1,,False
2295,ORD-2026-02295,CLI-085,PROD-027,2026-08-18 00:13:00,Santa Cruz,CAM-14,CHO-070,376,376.0,48,34.3,1,1,1,,False
2296,ORD-2026-02296,CLI-003,PROD-053,2026-08-05 09:15:00,La Paz,CAM-27,CHO-005,403,403.0,24,19.5,1,1,1,,False
2297,ORD-2026-02297,CLI-041,PROD-022,2026-08-06 11:25:00,Cochabamba,CAM-22,CHO-047,165,165.0,48,26.7,1,1,1,,False
2298,ORD-2026-02298,CLI-053,PROD-046,2026-08-04 20:51:00,Tarija,CAM-12,CHO-044,166,166.0,48,43.7,1,1,1,,False
2299,ORD-2026-02299,CLI-070,PROD-020,2026-08-12 11:12:00,La Paz,CAM-28,CHO-023,398,398.0,24,14.7,1,1,1,,False
2300,ORD-2026-02300,CLI-038,PROD-056,2026-08-27 22:32:00,Oruro,CAM-05,CHO-067,266,266.0,24,20.7,1,1,1,,False
2301,ORD-2026-02301,CLI-060,PROD-042,2026-08-06 07:12:00,Tarija,CAM-12,CHO-026,135,135.0,48,48.0,1,1,1,,False
2302,ORD-2026-02302,CLI-074,PROD-046,2026-08-19 14:34:00,La Paz,CAM-27,CHO-057,19,19.0,72,73.2,0,1,0,,False
2303,ORD-2026-02303,CLI-034,PROD-007,2026-08-03 05:58:00,Tarija,CAM-26,CHO-132,376,376.0,48,39.5,1,1,1,,False
2304,ORD-2026-02304,CLI-098,PROD-031,2026-08-21 17:16:00,Oruro,CAM-05,CHO-150,389,389.0,24,18.7,1,1,1,,False
2305,ORD-2026-02305,CLI-039,PROD-045,2026-08-05 23:12:00,La Paz,CAM-27,CHO-057,221,221.0,48,51.3,0,1,0,,False
2306,ORD-2026-02306,CLI-090,PROD-046,2026-08-21 09:02:00,Santa Cruz,CAM-18,CHO-028,459,459.0,72,70.7,1,1,1,,False
2307,ORD-2026-02307,CLI-096,PROD-002,2026-08-19 17:14:00,Oruro,CAM-05,CHO-022,373,373.0,48,56.5,0,1,0,,False
2308,ORD-2026-02308,CLI-096,PROD-008,2026-08-11 16:51:00,Santa Cruz,CAM-20,CHO-133,177,177.0,24,19.0,1,1,1,,False
2309,ORD-2026-02309,CLI-070,PROD-016,2026-08-07 01:46:00,La Paz,CAM-09,CHO-057,435,435.0,24,14.8,1,1,1,,False
2310,ORD-2026-02310,CLI-044,PROD-033,2026-08-27 06:16:00,Tarija,CAM-12,CHO-012,115,115.0,72,48.2,1,1,1,,False
2311,ORD-2026-02311,CLI-051,PROD-015,2026-08-15 09:24:00,La Paz,CAM-28,CHO-093,199,199.0,72,65.0,1,1,1,,False
2312,ORD-2026-02312,CLI-038,PROD-007,2026-08-02 17:25:00,Cochabamba,CAM-19,CHO-143,380,380.0,48,30.8,1,1,1,,False
2313,ORD-2026-02313,CLI-038,PROD-040,2026-08-27 05:49:00,Oruro,CAM-05,CHO-032,131,131.0,24,17.0,1,1,1,,False
2314,ORD-2026-02314,CLI-082,PROD-046,2026-08-27 23:51:00,La Paz,CAM-28,CHO-084,490,490.0,48,43.3,1,1,1,,False
2315,ORD-2026-02315,CLI-086,PROD-035,2026-08-30 22:48:00,La Paz,CAM-09,CHO-064,323,323.0,48,29.2,1,1,1,,False
2316,ORD-2026-02316,CLI-023,PROD-025,2026-08-15 00:35:00,La Paz,CAM-28,CHO-039,267,267.0,48,40.1,1,1,1,,False
2317,ORD-2026-02317,CLI-036,PROD-057,2026-08-02 06:08:00,Santa Cruz,CAM-13,CHO-103,289,289.0,24,17.3,1,1,1,,False
2318,ORD-2026-02318,CLI-050,PROD-045,2026-08-06 23:32:00,La Paz,CAM-15,CHO-005,220,220.0,24,20.8,1,1,1,,False
2319,ORD-2026-02319,CLI-046,PROD-031,2026-08-26 17:20:00,Tarija,CAM-03,CHO-061,487,487.0,48,28.0,1,1,1,,False
2320,ORD-2026-02320,CLI-021,PROD-013,2026-08-11 14:43:00,Tarija,CAM-12,CHO-009,162,162.0,48,31.1,1,1,1,,False
2321,ORD-2026-02321,CLI-065,PROD-020,2026-08-08 01:52:00,La Paz,CAM-09,CHO-039,78,78.0,24,20.0,1,1,1,,False
2322,ORD-2026-02322,CLI-063,PROD-016,2026-08-08 06:52:00,Oruro,CAM-05,CHO-051,171,171.0,24,15.6,1,1,1,,False
2323,ORD-2026-02323,CLI-004,PROD-048,2026-08-25 07:20:00,Cochabamba,CAM-01,CHO-041,117,117.0,72,46.0,1,1,1,,False
2324,ORD-2026-02324,CLI-059,PROD-010,2026-08-16 10:15:00,Santa Cruz,CAM-25,CHO-076,352,352.0,24,28.1,0,1,0,,False
2325,ORD-2026-02325,CLI-063,PROD-057,2026-08-02 00:56:00,La Paz,CAM-30,CHO-021,423,423.0,24,18.6,1,1,1,,False
2326, ord-2026-02326 ,CLI-047,PROD-006,2026-08-14 15:09:00,La Paz,CAM-30,CHO-040,123,115.0,72,48.9,1,0,0,order_id,True
2327,ORD-2026-02327,CLI-069,PROD-023,2026-08-22 22:16:00,Cochabamba,CAM-08,CHO-130,376,376.0,72,-62.1,1,1,1,tiempo_entrega_real_hrs,True
2328,ORD-2026-02328,CLI-002,PROD-049,2026-08-19 20:57:00,La Paz,CAM-09,CHO-063,232,232.0,48,32.5,1,1,1,,False
2329,ORD-2026-02329,CLI-013,PROD-018,2026-08-06 18:33:00,Cochabamba,CAM-01,CHO-124,114,114.0,72,61.0,1,1,1,,False
2330,ORD-2026-02330,CLI-046,PROD-039,2026-08-16 00:39:00,Santa Cruz,CAM-14,CHO-097,484,484.0,24,21.8,1,1,1,,False
2331,ORD-2026-02331,CLI-081,PROD-040,2026-08-09 11:55:00,Cochabamba,CAM-01,CHO-138,294,294.0,48,46.9,1,1,1,,False
2332,ORD-2026-02332,CLI-058,PROD-047,2026-08-05 19:56:00,Tarija,CAM-03,CHO-012,64,64.0,24,22.4,1,1,1,,False
2333,ORD-2026-02333,CLI-031,PROD-055,2026-08-09 21:53:00,Oruro,CAM-02,CHO-118,106,106.0,48,47.6,1,1,1,,False
2334,ORD-2026-02334,CLI-045,PROD-055,2026-08-06 06:09:00,Oruro,CAM-07,CHO-032,51,51.0,48,40.2,1,1,1,,False
2335,ORD-2026-02335,CLI-020,PROD-024,2026-08-22 05:13:00,Tarija,CAM-03,CHO-132,303,303.0,24,17.4,1,1,1,,False
2336,ORD-2026-02336,CLI-019,PROD-032,2026-08-25 09:07:00,Oruro,CAM-05,CHO-150,98,98.0,48,48.0,1,1,1,,False
2337,ORD-2026-02337,CLI-052,PROD-043,2026-08-29 18:23:00,Tarija,CAM-26,CHO-056,433,431.0,24,19.4,1,0,0,,False
2338,ORD-2026-02338,CLI-081,PROD-012,2026-08-14 12:33:00,La Paz,CAM-09,CHO-005,446,446.0,24,22.3,1,1,1,,False
2339,ORD-2026-02339,CLI-002,PROD-014,2026-08-08 21:34:00,Cochabamba,CAM-22,CHO-135,41,41.0,24,15.2,1,1,1,,False
2340,ORD-2026-02340,CLI-094,PROD-027,2026-08-12 01:29:00,Santa Cruz,CAM-10,CHO-080,103,103.0,72,56.8,1,1,1,,False
2341,ORD-2026-02341,CLI-044,PROD-057,2026-08-12 19:08:00,Santa Cruz,CAM-04,CHO-060,31,31.0,72,50.6,1,1,1,,False
2342,ORD-2026-02342,CLI-046,PROD-012,2026-08-19 15:23:00,Tarija,CAM-03,CHO-061,319,319.0,48,38.0,1,1,1,,False
2343,ORD-2026-02343,CLI-046,PROD-004,2026-08-12 06:22:00,Cochabamba,CAM-22,CHO-131,409,409.0,72,65.6,1,1,1,,False
2344,ORD-2026-02344,CLI-014,PROD-021,2026-08-01 20:23:00,La Paz,CAM-28,CHO-134,196,196.0,48,44.4,1,1,1,,False
2345,ORD-2026-02345,CLI-025,PROD-059,2026-08-05 12:14:00,Tarija,CAM-03,CHO-132,466,466.0,48,41.3,1,1,1,,False
2346,ORD-2026-02346,CLI-015,PROD-036,2026-08-26 04:29:00,La Paz,CAM-09,CHO-052,434,434.0,72,56.8,1,1,1,,False
2347,ORD-2026-02347,CLI-004,PROD-031,2026-08-21 08:14:00,Cochabamba,CAM-23,CHO-047,288,288.0,48,40.6,1,1,1,,False
2348,ORD-2026-02348,CLI-070,PROD-041,2026-08-21 23:08:00,Cochabamba,CAM-08,CHO-115,181,181.0,48,50.7,0,1,0,,False
2349,ORD-2026-02349,CLI-065,PROD-058,2026-08-28 06:41:00,Tarija,CAM-03,CHO-045,24,24.0,48,41.5,1,1,1,,False
2350,ORD-2026-02350,CLI-089,PROD-022,2026-08-17 20:58:00,La Paz,CAM-09,CHO-137,126,126.0,72,41.0,1,1,1,,False
2351,ORD-2026-02351,CLI-021,PROD-021,2026-08-23 05:35:00,Tarija,CAM-26,CHO-050,63,63.0,48,-34.3,1,1,1,tiempo_entrega_real_hrs,True
2352,ORD-2026-02352,CLI-055,PROD-003,2026-08-17 02:14:00,Oruro,CAM-05,CHO-022,376,376.0,24,17.2,1,1,1,,False
2353,ORD-2026-02353,CLI-043,PROD-041,2026-08-04 19:11:00,Oruro,CAM-05,CHO-038,10,10.0,48,47.7,1,1,1,,False
2354,ORD-2026-02354,CLI-004,PROD-060,2026-08-21 22:28:00,Tarija,CAM-12,CHO-031,243,243.0,48,34.3,1,1,1,,False
2355,ORD-2026-02355,CLI-079,PROD-024,2026-08-26 01:22:00,La Paz,CAM-09,CHO-002,327,327.0,24,17.9,1,1,1,,False
2356,ORD-2026-02356,CLI-072,PROD-038,11/08/2026 20:57,Oruro,CAM-05,CHO-051,37,37.0,48,38.2,1,1,1,fecha_despacho,True
2357,ORD-2026-02357,CLI-018,PROD-057,2026-08-28 01:47:00,Tarija,CAM-26,CHO-050,409,409.0,48,39.0,1,1,1,,False
2358,ORD-2026-02358,CLI-013,PROD-030,2026-08-06 04:06:00,Oruro,CAM-16,CHO-067,181,176.0,72,62.1,1,0,0,,False
2359,ORD-2026-02359,CLI-064,PROD-004,2026-08-06 10:32:00,Oruro,CAM-16,CHO-118,61,61.0,48,27.8,1,1,1,,False
2360,ORD-2026-02360,CLI-057,PROD-016,2026-08-13 22:32:00,Santa Cruz,CAM-10,CHO-133,105,105.0,48,40.7,1,1,1,,False
2361,ORD-2026-02361,CLI-076,PROD-010,2026-08-21 03:40:00,Santa Cruz,CAM-14,CHO-141,340,340.0,72,64.6,1,1,1,,False
2362,ORD-2026-02362,CLI-074,PROD-032,2026-08-23 04:12:00,Oruro,CAM-05,CHO-117,437,437.0,24,20.4,1,1,1,,False
2363,ORD-2026-02363,CLI-023,PROD-018,2026-08-09 20:36:00,Oruro,CAM-02,CHO-003,344,344.0,72,55.4,1,1,1,,False
2364,ORD-2026-02364,CLI-019,PROD-029,2026-08-04 01:05:00,Santa Cruz,CAM-10,CHO-129,306,306.0,48,31.8,1,1,1,,False
2365,ORD-2026-02365,CLI-031,PROD-007,2026-08-11 23:40:00,La Paz,CAM-27,CHO-021,388,388.0,24,22.3,1,1,1,,False
2366,ORD-2026-02366,CLI-081,PROD-041,2026-08-22 20:47:00,Tarija,CAM-12,CHO-146,306,306.0,24,17.6,1,1,1,,False
2367,ORD-2026-02367,CLI-020,PROD-024,2026-08-30 20:27:00,Tarija,CAM-26,CHO-026,164,164.0,24,12.9,1,1,1,,False
2368,ORD-2026-02368,CLI-013,PROD-031,2026-08-07 08:50:00,Oruro,CAM-05,CHO-150,427,427.0,24,10.4,1,1,1,,False
2369,ORD-2026-02369,CLI-021,PROD-056,2026-08-09 12:37:00,La Paz,CAM-28,CHO-134,102,102.0,72,60.7,1,1,1,,False
2370,ORD-2026-02370,CLI-055,PROD-017,2026-08-20 14:34:00,La Paz,CAM-28,CHO-102,371,371.0,24,21.3,1,1,1,,False
2371,ORD-2026-02371,CLI-012,PROD-015,2026-08-17 16:40:00,Cochabamba,CAM-22,CHO-124,50,50.0,72,47.0,1,1,1,,False
2372,ORD-2026-02372,CLI-088,PROD-027,2026-08-24 00:54:00,Oruro,CAM-24,CHO-022,236,236.0,48,48.3,0,1,0,,False
2373,ORD-2026-02373,CLI-088,PROD-026,2026-08-20 14:22:00,Cochabamba,CAM-19,CHO-041,183,183.0,72,63.7,1,1,1,,False
2374,ORD-2026-02374,CLI-043,PROD-020,2026-08-05 20:20:00,Tarija,CAM-12,CHO-008,427,422.0,48,41.2,1,0,0,,False
2375,ORD-2026-02375,CLI-092,PROD-055,2026-08-10 20:35:00,Cochabamba,CAM-22,CHO-089,269,269.0,24,15.1,1,1,1,,False
2376,ORD-2026-02376,CLI-096,PROD-029,2026-08-06 21:41:00,Santa Cruz,CAM-29,CHO-095,270,270.0,48,33.8,1,1,1,,False
2377,ORD-2026-02377,CLI-017,PROD-035,2026-08-03 14:47:00,Santa Cruz,CAM-04,CHO-106,119,119.0,72,48.9,1,1,1,,False
2378,ORD-2026-02378,CLI-040,PROD-023,2026-08-23 06:06:00,La Paz,CAM-09,CHO-093,328,328.0,48,38.1,1,1,1,,False
2379,ORD-2026-02379,CLI-075,PROD-014,2026-08-22 22:26:00,Santa Cruz,CAM-14,CHO-129,268,268.0,48,39.6,1,1,1,,False
2380,ORD-2026-02380,CLI-060,PROD-027,2026-08-28 09:25:00,Oruro,CAM-05,CHO-022,158,158.0,48,39.2,1,1,1,,False
2381,ORD-2026-02381,CLI-008,PROD-035,2026-08-21 12:14:00,Santa Cruz,CAM-13,CHO-099,194,185.0,48,49.6,0,0,0,,False
2382,ORD-2026-02382,CLI-043,PROD-017,2026-08-28 03:21:00,Santa Cruz,CAM-13,CHO-080,302,302.0,48,51.9,0,1,0,,False
2383,ORD-2026-02383,CLI-038,PROD-047,2026-08-28 04:45:00,Tarija,CAM-26,CHO-061,315,315.0,72,48.8,1,1,1,,False
2384,ORD-2026-02384,CLI-037,PROD-018,2026-08-25 01:06:00,La Paz,CAM-28,CHO-083,467,467.0,48,31.8,1,1,1,,False
2385,ORD-2026-02385,CLI-082,PROD-058,2026-08-18 03:11:00,Cochabamba,CAM-23,CHO-087,309,309.0,48,39.5,1,1,1,,False
2386,ORD-2026-02386,CLI-003,PROD-021,2026-08-14 10:46:00,Tarija,CAM-26,CHO-048,455,455.0,24,17.9,1,1,1,,False
2387,ORD-2026-02387,CLI-002,PROD-040,2026-08-11 08:57:00,Cochabamba,CAM-08,CHO-145,150,150.0,72,57.1,1,1,1,,False
2388,ORD-2026-02388,CLI-026,PROD-032,2026-08-25 17:08:00,Oruro,CAM-24,CHO-144,406,406.0,72,72.2,0,1,0,,False
2389,ORD-2026-02389,CLI-038,PROD-038,2026-08-29 17:46:00,Santa Cruz,CAM-10,CHO-149,234,234.0,72,69.8,1,1,1,,False
2390,ORD-2026-02390,CLI-072,PROD-043,2026-08-18 12:38:00,Tarija,CAM-03,CHO-044,185,185.0,48,41.5,1,1,1,,False
2391,ORD-2026-02391,CLI-031,PROD-010,2026-08-25 03:38:00,Tarija,CAM-03,CHO-050,292,292.0,24,26.5,0,1,0,,False
2392,ORD-2026-02392,CLI-085,PROD-011,2026-08-01 11:39:00,La Paz,CAM-09,CHO-127,322,322.0,48,43.2,1,1,1,,False
2393,ORD-2026-02393,CLI-080,PROD-012,2026-08-21 07:23:00,Cochabamba,CAM-01,CHO-090,273,273.0,48,45.0,1,1,1,,False
2394,ORD-2026-02394,CLI-073,PROD-020,2026-08-19 17:17:00,La Paz,CAM-28,CHO-102,286,286.0,48,36.6,1,1,1,,False
2395,ORD-2026-02395,CLI-011,PROD-030,2026-08-14 13:04:00,Santa Cruz,CAM-14,CHO-141,449,449.0,24,24.7,0,1,0,,False
2396,ORD-2026-02396,CLI-009,PROD-043,2026-08-07 13:03:00,Santa Cruz,CAM-20,CHO-011,146,146.0,24,19.0,1,1,1,,False
2397,ORD-2026-02397,CLI-002,PROD-051,2026-08-10 11:25:00,La Paz,CAM-09,CHO-023,123,123.0,24,11.0,1,1,1,,False
2398,ORD-2026-02398,CLI-031,PROD-048,2026-08-10 03:01:00,Santa Cruz,CAM-29,CHO-079,72,72.0,48,44.8,1,1,1,,False
2399,ORD-2026-02399,CLI-026,PROD-044,2026-08-24 21:48:00,Cochabamba,CAM-22,CHO-016,456,456.0,24,17.1,1,1,1,,False
2400,ORD-2026-02400,CLI-059,PROD-053,2026-08-07 14:33:00,Santa Cruz,CAM-04,CHO-100,241,222.0,24,25.7,0,0,0,,False
2401,ORD-2026-02401,CLI-037,PROD-017,2026-08-21 08:05:00,Tarija,CAM-12,CHO-082,196,196.0,24,23.0,1,1,1,,False
2402,ORD-2026-02402,CLI-067,PROD-004,2026-08-07 16:02:00,Oruro,CAM-24,CHO-150,137,137.0,72,65.1,1,1,1,,False
2403,ORD-2026-02403,CLI-053,PROD-011,2026-08-04 10:58:00,Oruro,CAM-05,CHO-136,233,,48,51.5,0,1,0,cantidad_entregada,True
2404,ORD-2026-02404,CLI-046,PROD-038,2026-08-12 02:27:00,Tarija,CAM-26,CHO-031,486,486.0,72,62.6,1,1,1,,False
2405,ORD-2026-02405,CLI-061,PROD-045,2026-08-05 08:38:00,La Paz,CAM-27,CHO-083,127,127.0,48,32.8,1,1,1,,False
2406,ORD-2026-02406,CLI-004,PROD-046,2026-08-17 10:37:00,Santa Cruz,CAM-10,CHO-070,207,207.0,72,46.2,1,1,1,,False
2407,ORD-2026-02407,CLI-006,PROD-022,2026-08-10 05:07:00,Oruro,CAM-05,CHO-038,79,79.0,48,40.4,1,1,1,,False
2408,ORD-2026-02408,CLI-050,PROD-012,2026-08-26 08:48:00,Tarija,CAM-03,CHO-044,33,33.0,72,66.2,1,1,1,,False
2409,ORD-2026-02409,CLI-084,PROD-025,2026-08-09 00:34:00,Cochabamba,CAM-22,CHO-054,238,238.0,48,41.6,1,1,1,,False
2410,ORD-2026-02410,CLI-072,PROD-030,2026-08-30 09:30:00,Oruro,CAM-02,CHO-003,94,94.0,72,48.4,1,1,1,,False
2411,ORD-2026-02411,CLI-053,PROD-013,2026-08-03 15:55:00,Oruro,CAM-05,CHO-067,62,62.0,48,49.5,0,1,0,,False
2412,ORD-2026-02412,CLI-031,PROD-051,2026-08-29 19:50:00,Oruro,CAM-05,CHO-032,337,337.0,72,71.6,1,1,1,,False
2413,ORD-2026-02413,CLI-002,PROD-029,2026-08-18 01:10:00,Oruro,CAM-05,CHO-117,176,176.0,72,59.8,1,1,1,,False
2414,ORD-2026-02414,CLI-006,PROD-032,2026-08-10 11:53:00,Cochabamba,CAM-19,CHO-087,68,68.0,72,45.5,1,1,1,,False
2415,ORD-2026-02415,CLI-033,PROD-060,2026-08-17 10:40:00,Santa Cruz,CAM-13,CHO-028,14,14.0,24,24.8,0,1,0,,False
2416,ORD-2026-02416,CLI-063,PROD-018,2026-08-25 03:49:00,Tarija,CAM-12,CHO-056,269,269.0,48,36.7,1,1,1,,False
2417,ORD-2026-02417,CLI-018,PROD-013,2026-08-11 23:20:00,Cochabamba,CAM-22,CHO-115,287,287.0,48,44.0,1,1,1,,False
2418,ORD-2026-02418,CLI-047,PROD-001,2026-08-21 23:09:00,Oruro,CAM-05,CHO-119,376,376.0,72,78.8,0,1,0,,False
2419,ORD-2026-02419,CLI-076,PROD-045,2026-08-19 12:17:00,Santa Cruz,CAM-25,CHO-092,147,147.0,24,13.2,1,1,1,,False
2420,ORD-2026-02420,CLI-073,PROD-047,2026-08-02 22:55:00,Santa Cruz,CAM-25,CHO-076,356,356.0,48,47.5,1,1,1,,False
2421,ORD-2026-02421,CLI-082,PROD-044,2026-08-16 04:34:00,La Paz,CAM-09,CHO-064,471,471.0,48,51.9,0,1,0,,False
2422,ORD-2026-02422,CLI-015,PROD-030,2026-08-12 11:52:00,Oruro,CAM-16,CHO-098,98,98.0,48,36.9,1,1,1,,False
2423,ORD-2026-02423,CLI-098,PROD-002,2026-08-21 13:02:00,Oruro,CAM-05,CHO-150,333,333.0,24,23.3,1,1,1,,False
2424,ORD-2026-02424,CLI-056,PROD-054,2026-08-01 11:57:00,La Paz,CAM-27,CHO-063,426,426.0,48,42.2,1,1,1,,False
2425,ORD-2026-02425,CLI-049,PROD-023,2026-08-21 22:05:00,Santa Cruz,CAM-14,CHO-035,360,360.0,48,43.0,1,1,1,,False
2426,ORD-2026-02426,CLI-056,PROD-014,2026-08-30 06:24:00,La Paz,CAM-15,CHO-027,14,14.0,48,41.8,1,1,1,,False
2427,ORD-2026-02427,CLI-036,PROD-026,2026-08-28 13:58:00,Tarija,CAM-26,CHO-026,234,234.0,72,85.1,0,1,0,,False
2428,ORD-2026-02428,CLI-079,PROD-048,2026-08-09 08:30:00,La Paz,CAM-30,CHO-134,137,137.0,72,76.2,0,1,0,,False
2429,ORD-2026-02429,CLI-068,PROD-046,2026-08-12 04:23:00,Oruro,CAM-02,CHO-038,164,164.0,24,16.9,1,1,1,,False
2430,ORD-2026-02430,CLI-051,PROD-043,2026-08-16 02:46:00,La Paz,CAM-28,CHO-107,68,68.0,48,29.3,1,1,1,,False
2431,ORD-2026-02431,CLI-079,PROD-020,2026-08-01 12:09:00,Cochabamba,CAM-01,CHO-135,206,206.0,48,47.8,1,1,1,,False
2432,ORD-2026-02432,CLI-042,PROD-045,2026-08-18 05:22:00,Oruro,CAM-02,CHO-136,47,,48,38.8,1,1,1,cantidad_entregada,True
2433,ORD-2026-02433,CLI-015,PROD-027,2026-08-23 07:15:00,Tarija,CAM-26,CHO-146,118,118.0,48,40.5,1,1,1,,False
2434,ORD-2026-02434,CLI-001,PROD-026,2026-08-03 15:44:00,Cochabamba,CAM-08,CHO-143,341,341.0,48,47.8,1,1,1,,False
2435,ORD-2026-02435,CLI-095,PROD-025,2026-08-08 17:08:00,Santa Cruz,CAM-13,CHO-106,34,34.0,72,57.1,1,1,1,,False
2436,ORD-2026-02436,CLI-005,PROD-047,2026-08-16 10:47:00,Oruro,CAM-07,CHO-067,476,476.0,48,35.9,1,1,1,,False
2437,ORD-2026-02437,CLI-077,PROD-023,2026-08-28 18:39:00,Oruro,CAM-05,CHO-136,383,383.0,48,51.3,0,1,0,,False
2438,ORD-2026-02438,CLI-032,PROD-016,2026-08-18 20:11:00,Santa Cruz,CAM-11,CHO-095,25,,48,41.8,1,1,1,cantidad_entregada,True
2439,ORD-2026-02439,CLI-015,PROD-042,2026-08-11 11:29:00,La Paz,CAM-27,CHO-057,38,38.0,48,53.7,0,1,0,,False
2440,ORD-2026-02440,CLI-023,PROD-017,2026-08-22 22:13:00,Cochabamba,CAM-22,CHO-073,314,314.0,72,65.7,1,1,1,,False
2441,ORD-2026-02441,CLI-085,PROD-051,2026-08-07 00:49:00,Oruro,CAM-05,CHO-003,272,272.0,24,21.2,1,1,1,,False
2442,ORD-2026-02442,CLI-014,PROD-026,2026-08-13 04:26:00,Cochabamba,CAM-22,CHO-069,463,463.0,48,24.8,1,1,1,,False
2443, ord-2026-02443 ,CLI-024,PROD-025,2026-08-14 20:04:00,Oruro,CAM-05,CHO-038,166,166.0,24,22.0,1,1,1,order_id,True
2444,ORD-2026-02444,CLI-076,PROD-012,2026-08-15 20:26:00,Santa Cruz,CAM-13,CHO-121,319,319.0,24,19.2,1,1,1,,False
2445,ORD-2026-02445,CLI-069,PROD-003,2026-08-30 10:39:00,La Paz,CAM-28,CHO-040,82,82.0,48,45.6,1,1,1,,False
2446,ORD-2026-02446,CLI-082,PROD-002,2026-08-18 19:51:00,Cochabamba,CAM-19,CHO-006,129,129.0,24,-19.0,1,1,1,tiempo_entrega_real_hrs,True
2447,ORD-2026-02447,CLI-058,PROD-022,2026-08-22 10:10:00,Oruro,CAM-24,CHO-117,396,396.0,24,12.2,1,1,1,,False
2448,ORD-2026-02448,CLI-002,PROD-018,2026-08-09 20:03:00,Cochabamba,CAM-22,CHO-006,464,464.0,24,15.0,1,1,1,,False
2449,ORD-2026-02449,CLI-043,PROD-060,2026-08-30 07:49:00,La Paz,CAM-28,CHO-102,203,203.0,24,23.1,1,1,1,,False
2450,ORD-2026-02450,CLI-049,PROD-009,2026-08-09 06:48:00,Santa Cruz,CAM-10,CHO-034,125,125.0,48,36.9,1,1,1,,False
2451,ORD-2026-02451,CLI-050,PROD-022,2026-08-27 18:24:00,Tarija,CAM-12,CHO-015,78,78.0,72,38.8,1,1,1,,False
2452,ORD-2026-02452,CLI-025,PROD-015,2026-08-14 06:13:00,Santa Cruz,CAM-20,CHO-085,371,371.0,48,33.9,1,1,1,,False
2453,ORD-2026-02453,CLI-004,PROD-047,2026-08-17 20:16:00,La Paz,CAM-09,CHO-084,102,102.0,24,16.3,1,1,1,,False
2454,ORD-2026-02454,CLI-023,PROD-056,2026-08-22 02:54:00,Tarija,CAM-12,CHO-132,27,27.0,72,56.3,1,1,1,,False
2455,ORD-2026-02455,CLI-033,PROD-024,2026-08-22 11:37:00,Oruro,CAM-07,CHO-067,313,313.0,48,44.8,1,1,1,,False
2456,ORD-2026-02456,CLI-063,PROD-011,2026-08-25 10:04:00,Tarija,CAM-03,CHO-056,348,,48,49.6,0,1,0,cantidad_entregada,True
2457,ORD-2026-02457,CLI-042,PROD-018,2026-08-21 11:25:00,Santa Cruz,CAM-10,CHO-129,231,231.0,48,44.5,1,1,1,,False
2458,ORD-2026-02458,CLI-054,PROD-029,2026-08-07 18:40:00,Santa Cruz,CAM-25,CHO-037,311,311.0,48,37.2,1,1,1,,False
2459,ORD-2026-02459,CLI-006,PROD-051,2026-08-17 15:28:00,La Paz,CAM-28,CHO-002,439,439.0,48,37.3,1,1,1,,False
2460,ORD-2026-02460,CLI-074,PROD-043,2026-08-14 05:07:00,Oruro,CAM-05,CHO-136,357,357.0,24,16.5,1,1,1,,False
2461,ORD-2026-02461,CLI-097,PROD-034,2026-08-19 13:54:00,Oruro,CAM-02,CHO-022,113,113.0,48,32.5,1,1,1,,False
2462,ORD-2026-02462,CLI-003,PROD-027,2026-08-01 17:55:00,La Paz,CAM-30,CHO-134,381,381.0,24,16.6,1,1,1,,False
2463,ORD-2026-02463,CLI-083,PROD-045,2026-08-20 02:17:00,Cochabamba,CAM-19,CHO-124,412,397.0,48,47.1,1,0,0,,False
2464,ORD-2026-02464,CLI-065,PROD-057,2026-08-24 17:53:00,Tarija,CAM-12,CHO-015,417,417.0,72,63.0,1,1,1,,False
2465,ORD-2026-02465,CLI-030,PROD-036,2026-08-04 02:42:00,La Paz,CAM-28,CHO-042,376,376.0,24,19.4,1,1,1,,False
2466,ORD-2026-02466,CLI-059,PROD-050,2026-08-18 22:17:00,Oruro,CAM-05,CHO-119,393,393.0,48,33.6,1,1,1,,False
2467,ORD-2026-02467,CLI-042,PROD-004,2026-08-02 19:49:00,Oruro,CAM-05,CHO-150,226,225.0,48,41.8,1,0,0,,False
2468,ORD-2026-02468,CLI-058,PROD-015,2026-08-04 06:31:00,Oruro,CAM-05,CHO-110,150,150.0,48,35.2,1,1,1,,False
2469,ORD-2026-02469,CLI-029,PROD-047,2026-08-04 23:39:00,La Paz,CAM-30,CHO-064,246,246.0,72,76.8,0,1,0,,False
2470,ORD-2026-02470,CLI-068,PROD-025,2026-08-06 11:25:00,Tarija,CAM-12,CHO-026,169,169.0,24,11.9,1,1,1,,False
2471,ORD-2026-02471,CLI-049,PROD-020,2026-08-12 06:36:00,La Paz,CAM-28,CHO-005,198,198.0,24,23.7,1,1,1,,False
2472,ORD-2026-02472,CLI-093,PROD-051,2026-08-19 04:13:00,Tarija,CAM-12,CHO-012,348,348.0,48,48.8,0,1,0,,False
2473,ORD-2026-02473,CLI-062,PROD-048,2026-08-05 15:06:00,Oruro,CAM-05,CHO-144,57,57.0,72,56.6,1,1,1,,False
2474,ORD-2026-02474,CLI-027,PROD-042,2026-08-01 03:53:00,Cochabamba,CAM-22,CHO-016,130,130.0,72,53.0,1,1,1,,False
2475,ORD-2026-02475,CLI-002,PROD-023,2026-08-11 14:07:00,La Paz,CAM-09,CHO-107,34,34.0,48,35.7,1,1,1,,False
2476,ORD-2026-02476,CLI-099,PROD-023,2026-08-05 01:05:00,Oruro,CAM-05,CHO-067,65,65.0,24,19.5,1,1,1,,False
2477,ORD-2026-02477,CLI-076,PROD-017,2026-08-17 17:48:00,Oruro,CAM-05,CHO-032,366,366.0,72,64.2,1,1,1,,False
2478,ORD-2026-02478,CLI-038,PROD-003,2026-08-28 04:43:00,Cochabamba,CAM-08,CHO-124,184,184.0,72,59.9,1,1,1,,False
2479,ORD-2026-02479,CLI-023,PROD-022,2026-08-10 19:12:00,Oruro,CAM-05,CHO-136,162,162.0,48,38.2,1,1,1,,False
2480,ORD-2026-02480,CLI-062,PROD-043,2026-08-02 08:51:00,Tarija,CAM-03,CHO-045,144,144.0,48,44.3,1,1,1,,False
2481,ORD-2026-02481,CLI-002,PROD-009,2026-08-28 20:17:00,Santa Cruz,CAM-29,CHO-024,372,372.0,48,46.9,1,1,1,,False
2482,ORD-2026-02482,CLI-070,PROD-045,2026-08-05 06:40:00,Tarija,CAM-26,CHO-045,370,370.0,48,46.5,1,1,1,,False
2483,ORD-2026-02483,CLI-081,PROD-059,2026-08-09 20:08:00,Santa Cruz,CAM-13,CHO-101,296,296.0,48,51.2,0,1,0,,False
2484,ORD-2026-02484,CLI-062,PROD-026,2026-08-12 13:56:00,Oruro,CAM-24,CHO-003,146,146.0,24,26.1,0,1,0,,False
2485,ORD-2026-02485,CLI-048,PROD-034,2026-08-30 11:59:00,Santa Cruz,CAM-20,CHO-079,279,279.0,48,49.3,0,1,0,,False
2486,ORD-2026-02486,CLI-085,PROD-054,2026-08-01 03:36:00,La Paz,CAM-27,CHO-052,426,422.0,48,29.3,1,0,0,,False
2487,ORD-2026-02487,CLI-019,PROD-027,2026-08-07 19:21:00,Oruro,CAM-05,CHO-119,488,471.0,48,34.2,1,0,0,,False
2488,ORD-2026-02488,CLI-079,PROD-054,2026-08-02 00:30:00,Tarija,CAM-12,CHO-044,260,260.0,24,20.3,1,1,1,,False
2489,ORD-2026-02489,CLI-021,PROD-052,2026-08-29 11:38:00,Santa Cruz,CAM-13,CHO-095,310,310.0,72,53.4,1,1,1,,False
2490,ORD-2026-02490,CLI-065,PROD-015,05/08/2026 03:57,Oruro,CAM-05,CHO-118,499,499.0,24,19.0,1,1,1,fecha_despacho,True
2491,ORD-2026-02491,CLI-006,PROD-037,2026-08-08 14:09:00,Tarija,CAM-12,CHO-031,181,181.0,24,23.1,1,1,1,,False
2492,ORD-2026-02492,CLI-078,PROD-051,2026-08-08 18:02:00,Santa Cruz,CAM-20,CHO-025,287,270.0,24,23.7,1,0,0,,False
2493,ORD-2026-02493,CLI-062,PROD-022,2026-08-19 12:43:00,Santa Cruz,CAM-14,CHO-097,38,38.0,72,58.2,1,1,1,,False
2494,ORD-2026-02494,CLI-007,PROD-031,2026-08-21 18:15:00,Tarija,CAM-03,CHO-036,225,225.0,48,27.9,1,1,1,,False
2495,ORD-2026-02495,CLI-094,PROD-034,2026-08-07 08:56:00,Tarija,CAM-12,CHO-044,448,448.0,72,48.5,1,1,1,,False
2496,ORD-2026-02496,CLI-024,PROD-046,2026-08-05 04:57:00,Cochabamba,CAM-17,CHO-151,411,411.0,48,36.9,1,1,1,,False
2497,ORD-2026-02497,CLI-061,PROD-050,2026-08-16 11:41:00,Santa Cruz,CAM-14,CHO-060,135,135.0,24,21.0,1,1,1,,False
2498,ORD-2026-02498,CLI-026,PROD-032,2026-08-17 11:48:00,Tarija,CAM-12,CHO-012,431,431.0,48,46.3,1,1,1,,False
2499,ORD-2026-02499,CLI-010,PROD-017,2026-08-10 16:53:00,La Paz,CAM-09,CHO-084,231,231.0,24,19.9,1,1,1,,False
2500,ORD-2026-02500,CLI-075,PROD-018,2026-08-18 20:02:00,Tarija,CAM-26,CHO-015,47,47.0,48,44.2,1,1,1,,False
2501,ORD-2026-02501,CLI-001,PROD-010,2026-08-14 17:00:00,Oruro,CAM-05,CHO-136,320,320.0,72,53.5,1,1,1,,False
2502,ORD-2026-02502,CLI-046,PROD-023,2026-08-11 07:10:00,Santa Cruz,CAM-13,CHO-109,64,64.0,48,39.9,1,1,1,,False
2503,ORD-2026-02503, cli-034 ,PROD-037,2026-08-07 18:33:00,Santa Cruz,CAM-21,CHO-128,484,484.0,24,19.9,1,1,1,cliente_id,True
2504,ORD-2026-02504,CLI-088,PROD-002,2026-08-07 19:17:00,Cochabamba,CAM-08,CHO-047,249,249.0,24,17.7,1,1,1,,False
2505,ORD-2026-02505,CLI-093,PROD-050,2026-08-20 03:36:00,La Paz,CAM-28,CHO-017,150,150.0,24,26.4,0,1,0,,False
2506,ORD-2026-02506,CLI-018,PROD-034,2026-08-08 03:27:00,La Paz,CAM-15,CHO-137,36,36.0,72,63.3,1,1,1,,False
2507,ORD-2026-02507,CLI-006,PROD-057,2026-08-10 17:25:00,Santa Cruz,CAM-11,CHO-059,373,370.0,48,17.8,1,0,0,,False
2508,ORD-2026-02508,CLI-066,PROD-006,2026-08-13 07:03:00,Cochabamba,CAM-17,CHO-145,486,486.0,48,41.5,1,1,1,,False
2509,ORD-2026-02509,CLI-025,PROD-024,2026-08-22 22:49:00,Oruro,CAM-05,CHO-150,331,331.0,48,16.8,1,1,1,,False
2510,ORD-2026-02510,CLI-053,PROD-033,2026-08-03 08:48:00,La Paz,CAM-27,CHO-027,163,163.0,48,31.3,1,1,1,,False
2511, ord-2026-02511 ,CLI-087,PROD-038,2026-08-20 15:26:00,Santa Cruz,CAM-20,CHO-004,130,130.0,24,22.1,1,1,1,order_id,True
2512,ORD-2026-02512,CLI-042,PROD-042,2026-08-09 19:01:00,Oruro,CAM-07,CHO-144,66,66.0,24,20.5,1,1,1,,False
2513,ORD-2026-02513,CLI-028,PROD-042,2026-08-08 05:40:00,Oruro,CAM-02,CHO-067,29,29.0,72,58.6,1,1,1,,False
2514,ORD-2026-02514,CLI-098,PROD-022,2026-08-03 14:53:00,Tarija,CAM-03,CHO-031,384,384.0,48,30.2,1,1,1,,False
2515,ORD-2026-02515,CLI-024,PROD-006,2026-08-18 14:34:00,Cochabamba,CAM-22,CHO-055,111,111.0,72,44.9,1,1,1,,False
2516,ORD-2026-02516,CLI-044,PROD-054,2026-08-25 17:47:00,Oruro,CAM-16,CHO-003,285,285.0,48,54.0,0,1,0,,False
2517,ORD-2026-02517,CLI-091,PROD-033,2026-08-10 11:43:00,Oruro,CAM-05,CHO-144,431,431.0,48,39.5,1,1,1,,False
2518,ORD-2026-02518,CLI-011,PROD-043,2026-08-15 22:15:00,Santa Cruz,CAM-20,CHO-020,237,237.0,48,34.9,1,1,1,,False
2519,ORD-2026-02519,CLI-070,PROD-050,2026-08-09 21:26:00,Oruro,CAM-05,CHO-136,60,60.0,48,44.9,1,1,1,,False
2520,ORD-2026-02520,CLI-055,PROD-049,2026-08-24 05:10:00,Santa Cruz,CAM-13,CHO-149,241,241.0,48,47.2,1,1,1,,False
2521,ORD-2026-02521,CLI-005,PROD-040,2026-08-04 13:41:00,Cochabamba,CAM-23,CHO-094,386,386.0,72,44.1,1,1,1,,False
2522,ORD-2026-02522,CLI-014,PROD-051,2026-08-28 00:26:00,Oruro,CAM-05,CHO-098,270,270.0,24,15.8,1,1,1,,False
2523,ORD-2026-02523,CLI-078,PROD-044,2026-08-11 04:58:00,Cochabamba,CAM-19,CHO-124,287,287.0,72,50.2,1,1,1,,False
2524,ORD-2026-02524,CLI-088,PROD-015,2026-08-07 21:32:00,La Paz,CAM-15,CHO-001,193,193.0,72,45.7,1,1,1,,False
2525,ORD-2026-02525,CLI-011,PROD-025,2026-08-15 01:25:00,Oruro,CAM-05,CHO-051,104,104.0,24,15.9,1,1,1,,False
2526,ORD-2026-02526,CLI-006,PROD-023,2026-08-29 10:09:00,La Paz,CAM-28,CHO-127,330,330.0,48,47.7,1,1,1,,False
2527,ORD-2026-02527,CLI-016,PROD-018,2026-08-06 04:27:00,Tarija,CAM-26,CHO-010,367,367.0,24,24.2,0,1,0,,False
2528,ORD-2026-02528,CLI-065,PROD-005,2026-08-28 02:17:00,Santa Cruz,CAM-06,CHO-079,413,413.0,48,48.6,0,1,0,,False
2529,ORD-2026-02529,CLI-018,PROD-020,2026-08-30 02:05:00,La Paz,CAM-28,CHO-066,69,69.0,72,82.7,0,1,0,,False
2530,ORD-2026-02530,CLI-003,PROD-006,2026-08-18 06:55:00,Cochabamba,CAM-23,CHO-068,470,470.0,24,25.7,0,1,0,,False
2531,ORD-2026-02531,CLI-068,PROD-049,2026-08-02 14:45:00,Tarija,CAM-12,CHO-105,41,41.0,48,31.3,1,1,1,,False
2532,ORD-2026-02532,CLI-052,PROD-041,2026-08-28 10:21:00,Tarija,CAM-26,CHO-048,290,290.0,72,51.8,1,1,1,,False
2533,ORD-2026-02533,CLI-062,PROD-040,2026-08-13 12:25:00,Cochabamba,CAM-22,CHO-124,196,196.0,72,71.5,1,1,1,,False
2534,ORD-2026-02534,CLI-032,PROD-028,2026-08-04 22:30:00,Tarija,CAM-12,CHO-132,223,223.0,24,23.0,1,1,1,,False
2535,ORD-2026-02535,CLI-017,PROD-047,2026-08-03 18:32:00,La Paz,CAM-09,CHO-107,33,33.0,48,31.9,1,1,1,,False
2536,ORD-2026-02536,CLI-094,PROD-042,2026-08-02 07:22:00,Tarija,CAM-03,CHO-056,302,302.0,48,52.7,0,1,0,,False
2537,ORD-2026-02537,CLI-016,PROD-051,2026-08-26 12:38:00,La Paz,CAM-28,CHO-148,494,494.0,48,43.1,1,1,1,,False
2538,ORD-2026-02538,CLI-078,PROD-059,2026-08-19 15:23:00,Tarija,CAM-03,CHO-043,68,68.0,48,51.9,0,1,0,,False
2539,ORD-2026-02539,CLI-043,PROD-044,2026-08-03 03:48:00,Santa Cruz,CAM-06,CHO-020,232,232.0,48,32.4,1,1,1,,False
2540,ORD-2026-02540,CLI-012,PROD-033,2026-08-22 23:42:00,Santa Cruz,CAM-18,CHO-129,154,154.0,72,68.5,1,1,1,,False
2541,ORD-2026-02541,CLI-065,PROD-054,2026-08-02 04:37:00,La Paz,CAM-28,CHO-064,131,131.0,48,40.0,1,1,1,,False
2542,ORD-2026-02542,CLI-069,PROD-023,2026-08-06 00:35:00,La Paz,CAM-28,CHO-002,82,82.0,24,15.2,1,1,1,,False
2543,ORD-2026-02543,CLI-007,PROD-057,2026-08-05 21:23:00,Cochabamba,CAM-08,CHO-054,312,312.0,72,70.0,1,1,1,,False
2544,ORD-2026-02544,CLI-023,PROD-050,2026-08-28 05:48:00,Oruro,CAM-05,CHO-150,398,398.0,48,47.7,1,1,1,,False
2545,ORD-2026-02545,CLI-022,PROD-040,2026-08-22 10:28:00,Cochabamba,CAM-23,CHO-130,29,29.0,72,59.1,1,1,1,,False
2546,ORD-2026-02546,CLI-013,PROD-024,2026-08-04 21:46:00,Tarija,CAM-12,CHO-010,249,249.0,48,40.1,1,1,1,,False
2547, ord-2026-02547 ,CLI-051,PROD-012,2026-08-22 20:50:00,Tarija,CAM-12,CHO-056,329,316.0,72,60.9,1,0,0,order_id,True
2548,ORD-2026-02548, cli-075 ,PROD-055,2026-08-02 02:48:00,Cochabamba,CAM-01,CHO-112,358,358.0,48,42.5,1,1,1,cliente_id,True
2549,ORD-2026-02549,CLI-091,PROD-045,2026-08-29 19:02:00,La Paz,CAM-28,CHO-126,257,257.0,48,54.6,0,1,0,,False
2550,ORD-2026-02550,CLI-099,PROD-001,2026-08-15 21:49:00,Tarija,CAM-12,CHO-056,118,118.0,72,65.0,1,1,1,,False
2551,ORD-2026-02551,CLI-074,PROD-025,2026-08-08 15:24:00,Cochabamba,CAM-23,CHO-112,386,386.0,24,16.7,1,1,1,,False
2552,ORD-2026-02552,CLI-064,PROD-055,2026-08-11 23:51:00,La Paz,CAM-28,CHO-137,341,341.0,72,49.9,1,1,1,,False
2553,ORD-2026-02553,CLI-061,PROD-049,2026-08-06 01:01:00,Santa Cruz,CAM-13,CHO-053,329,329.0,72,64.2,1,1,1,,False
2554,ORD-2026-02554,CLI-089,PROD-035,2026-08-28 03:21:00,Santa Cruz,CAM-13,CHO-004,489,489.0,48,35.5,1,1,1,,False
2555,ORD-2026-02555,CLI-012,PROD-056,2026-08-15 14:51:00,Cochabamba,CAM-08,CHO-125,224,224.0,48,31.2,1,1,1,,False
2556,ORD-2026-02556,CLI-014,PROD-040,2026-08-27 10:58:00,Tarija,CAM-12,CHO-050,441,441.0,48,49.0,0,1,0,,False
2557,ORD-2026-02557,CLI-001,PROD-048,2026-08-22 04:19:00,Oruro,CAM-02,CHO-067,98,98.0,72,54.7,1,1,1,,False
2558,ORD-2026-02558,CLI-044,PROD-041,2026-08-17 22:51:00,Cochabamba,CAM-01,CHO-077,384,383.0,48,31.0,1,0,0,,False
2559,ORD-2026-02559,CLI-049,PROD-036,2026-08-21 07:15:00,Oruro,CAM-05,CHO-118,151,151.0,72,62.6,1,1,1,,False
2560,ORD-2026-02560,CLI-067,PROD-028,2026-08-03 04:23:00,La Paz,CAM-15,CHO-066,92,92.0,24,11.7,1,1,1,,False
2561,ORD-2026-02561,CLI-029,PROD-041,2026-08-17 01:28:00,La Paz,CAM-28,CHO-072,49,49.0,48,49.6,0,1,0,,False
2562,ORD-2026-02562,CLI-003,PROD-036,2026-08-15 12:36:00,Oruro,CAM-05,CHO-032,307,307.0,24,16.3,1,1,1,,False
2563,ORD-2026-02563,CLI-064,PROD-055,2026-08-27 14:43:00,Santa Cruz,CAM-13,CHO-020,360,360.0,48,40.7,1,1,1,,False
2564,ORD-2026-02564,CLI-081,PROD-019,2026-08-17 04:10:00,Santa Cruz,CAM-13,CHO-037,138,138.0,24,22.7,1,1,1,,False
2565,ORD-2026-02565,CLI-025,PROD-022,2026-08-29 15:20:00,Cochabamba,CAM-23,CHO-094,477,477.0,48,42.1,1,1,1,,False
2566,ORD-2026-02566,CLI-087,PROD-003,2026-08-12 22:19:00,Tarija,CAM-12,CHO-088,259,259.0,48,45.3,1,1,1,,False
2567,ORD-2026-02567,CLI-017,PROD-013,2026-08-29 09:20:00,La Paz,CAM-09,CHO-102,79,79.0,48,36.5,1,1,1,,False
2568,ORD-2026-02568,CLI-040,PROD-056,2026-08-21 18:20:00,Santa Cruz,CAM-13,CHO-099,77,77.0,72,44.0,1,1,1,,False
2569,ORD-2026-02569,CLI-084,PROD-003,2026-08-24 01:13:00,Santa Cruz,CAM-13,CHO-149,458,458.0,48,47.1,1,1,1,,False
2570,ORD-2026-02570,CLI-091,PROD-050,2026-08-23 19:22:00,Oruro,CAM-05,CHO-144,93,93.0,48,33.6,1,1,1,,False
2571,ORD-2026-02571,CLI-050,PROD-009,2026-08-29 16:15:00,Tarija,CAM-12,CHO-026,422,422.0,48,55.5,0,1,0,,False
2572,ORD-2026-02572,CLI-036,PROD-049,2026-08-21 19:57:00,Santa Cruz,CAM-14,CHO-149,218,218.0,24,16.8,1,1,1,,False
2573,ORD-2026-02573,CLI-037,PROD-001,2026-08-01 10:54:00,Oruro,CAM-05,CHO-051,20,20.0,48,37.9,1,1,1,,False
2574,ORD-2026-02574,CLI-037,PROD-049,2026-08-24 02:33:00,Cochabamba,CAM-01,CHO-111,12,12.0,48,41.5,1,1,1,,False
2575,ORD-2026-02575,CLI-023,PROD-037,2026-08-07 05:00:00,Santa Cruz,CAM-25,CHO-059,203,203.0,48,36.9,1,1,1,,False
2576,ORD-2026-02576,CLI-067,PROD-050,2026-08-02 05:03:00,Tarija,CAM-03,CHO-082,316,316.0,24,17.6,1,1,1,,False
2577,ORD-2026-02577,CLI-038,PROD-022,2026-08-17 04:55:00,Tarija,CAM-03,CHO-031,381,366.0,24,24.6,0,0,0,,False
2578,ORD-2026-02578, cli-023 ,PROD-011,2026-08-05 15:46:00,Cochabamba,CAM-22,CHO-019,180,180.0,72,58.4,1,1,1,cliente_id,True
2579,ORD-2026-02579,CLI-031,PROD-004,2026-08-23 06:48:00,Tarija,CAM-12,CHO-012,403,403.0,24,17.3,1,1,1,,False
2580,ORD-2026-02580,CLI-010,PROD-055,2026-08-28 19:36:00,Oruro,CAM-16,CHO-144,159,159.0,24,22.0,1,1,1,,False
2581,ORD-2026-02581,CLI-090,PROD-009,2026-08-15 09:39:00,Santa Cruz,CAM-04,CHO-060,142,142.0,72,62.8,1,1,1,,False
2582,ORD-2026-02582,CLI-046,PROD-012,2026-08-21 01:49:00,Oruro,CAM-05,CHO-110,310,310.0,48,42.6,1,1,1,,False
2583,ORD-2026-02583,CLI-008,PROD-033,2026-08-14 22:35:00,La Paz,CAM-30,CHO-023,141,141.0,24,14.0,1,1,1,,False
2584, ord-2026-02584 ,CLI-028,PROD-015,2026-08-29 00:38:00,Cochabamba,CAM-08,CHO-087,69,69.0,24,17.6,1,1,1,order_id,True
2585,ORD-2026-02585,CLI-091,PROD-050,2026-08-18 21:27:00,Tarija,CAM-12,CHO-012,479,479.0,24,20.4,1,1,1,,False
2586,ORD-2026-02586,CLI-040,PROD-019,2026-08-09 06:35:00,Tarija,CAM-12,CHO-045,404,404.0,24,17.9,1,1,1,,False
2587,ORD-2026-02587,CLI-043,PROD-035,2026-08-30 14:28:00,Tarija,CAM-12,CHO-082,80,68.0,24,21.4,1,0,0,,False
2588,ORD-2026-02588,CLI-090,PROD-002,2026-08-12 21:15:00,Oruro,CAM-05,CHO-118,160,160.0,24,18.7,1,1,1,,False
2589,ORD-2026-02589,CLI-051,PROD-036,2026-08-14 13:41:00,Tarija,CAM-12,CHO-008,79,79.0,24,21.6,1,1,1,,False
2590,ORD-2026-02590,CLI-047,PROD-006,2026-08-06 02:12:00,Santa Cruz,CAM-20,CHO-099,391,391.0,24,19.7,1,1,1,,False
2591,ORD-2026-02591,CLI-087,PROD-055,2026-08-27 13:57:00,Tarija,CAM-12,CHO-082,248,248.0,24,19.1,1,1,1,,False
2592,ORD-2026-02592,CLI-077,PROD-009,2026-08-07 06:19:00,Cochabamba,CAM-01,CHO-135,495,495.0,24,18.4,1,1,1,,False
2593,ORD-2026-02593,CLI-082,PROD-051,2026-08-13 13:42:00,Cochabamba,CAM-08,CHO-047,480,480.0,72,76.3,0,1,0,,False
2594,ORD-2026-02594,CLI-039,PROD-018,2026-08-27 18:43:00,Oruro,CAM-24,CHO-051,309,309.0,48,42.4,1,1,1,,False
2595,ORD-2026-02595,CLI-090,PROD-020,2026-08-27 05:37:00,Cochabamba,CAM-01,CHO-145,328,328.0,24,14.5,1,1,1,,False
2596,ORD-2026-02596,CLI-029,PROD-027,2026-08-28 11:39:00,Tarija,CAM-03,CHO-010,118,118.0,24,11.9,1,1,1,,False
2597,ORD-2026-02597,CLI-077,PROD-043,2026-08-03 10:58:00,Santa Cruz,CAM-14,CHO-020,442,442.0,24,18.0,1,1,1,,False
2598,ORD-2026-02598,CLI-005,PROD-032,2026-08-24 23:59:00,Oruro,CAM-02,CHO-136,244,244.0,48,40.7,1,1,1,,False
2599,ORD-2026-02599,CLI-040,PROD-001,2026-08-16 12:03:00,Tarija,CAM-03,CHO-031,22,22.0,24,21.2,1,1,1,,False
2600,ORD-2026-02600,CLI-034,PROD-022,2026-08-16 06:45:00,Cochabamba,CAM-23,CHO-090,480,480.0,24,16.9,1,1,1,,False
2601,ORD-2026-02601,CLI-037,PROD-045,2026-08-18 13:18:00,Cochabamba,CAM-19,CHO-073,345,345.0,48,31.7,1,1,1,,False
2602,ORD-2026-02602,CLI-066,PROD-013,2026-08-08 14:20:00,La Paz,CAM-09,CHO-063,358,358.0,72,62.5,1,1,1,,False
2603,ORD-2026-02603,CLI-043,PROD-054,2026-08-02 14:51:00,La Paz,CAM-28,CHO-148,489,489.0,72,63.7,1,1,1,,False
2604,ORD-2026-02604,CLI-016,PROD-027,2026-08-25 13:05:00,Oruro,CAM-07,CHO-119,468,468.0,48,59.3,0,1,0,,False
2605,ORD-2026-02605,CLI-072,PROD-032,2026-08-23 01:17:00,Oruro,CAM-07,CHO-098,179,179.0,24,17.5,1,1,1,,False
2606, ord-2026-02606 ,CLI-031,PROD-035,2026-08-29 03:45:00,Santa Cruz,CAM-20,CHO-028,119,119.0,48,34.7,1,1,1,order_id,True
2607,ORD-2026-02607,CLI-013,PROD-056,2026-08-30 00:43:00,Oruro,CAM-05,CHO-022,29,15.0,24,21.8,1,0,0,,False
2608,ORD-2026-02608,CLI-056,PROD-016,2026-08-05 04:19:00,Oruro,CAM-16,CHO-110,289,289.0,72,47.4,1,1,1,,False
2609,ORD-2026-02609,CLI-066,PROD-055,2026-08-27 02:41:00,Tarija,CAM-03,CHO-122,91,91.0,24,20.5,1,1,1,,False
2610,ORD-2026-02610,CLI-038,PROD-012,2026-08-05 02:40:00,Oruro,CAM-05,CHO-118,489,489.0,24,24.2,0,1,0,,False
2611,ORD-2026-02611,CLI-010,PROD-001,2026-08-12 03:40:00,La Paz,CAM-28,CHO-040,205,205.0,24,18.8,1,1,1,,False
2612,ORD-2026-02612,CLI-026,PROD-049,2026-08-24 22:42:00,La Paz,CAM-28,CHO-127,334,334.0,24,22.6,1,1,1,,False
2613,ORD-2026-02613,CLI-039,PROD-046,2026-08-23 05:10:00,La Paz,CAM-09,CHO-007,68,64.0,48,44.7,1,0,0,,False
2614,ORD-2026-02614,CLI-059,PROD-050,2026-08-28 07:26:00,Santa Cruz,CAM-13,CHO-070,440,440.0,24,23.7,1,1,1,,False
2615,ORD-2026-02615,CLI-062,PROD-045,2026-08-13 02:08:00,Santa Cruz,CAM-04,CHO-070,244,244.0,48,26.7,1,1,1,,False
2616,ORD-2026-02616,CLI-095,PROD-051,2026-08-08 00:45:00,Oruro,CAM-05,CHO-150,28,25.0,48,52.9,0,0,0,,False
2617,ORD-2026-02617,CLI-050,PROD-040,2026-08-19 08:04:00,Santa Cruz,CAM-14,CHO-029,227,227.0,24,12.2,1,1,1,,False
2618,ORD-2026-02618,CLI-070,PROD-032,2026-08-07 20:37:00,Oruro,CAM-16,CHO-118,156,156.0,72,40.4,1,1,1,,False
2619,ORD-2026-02619,CLI-015,PROD-001,2026-08-14 16:30:00,Cochabamba,CAM-23,CHO-065,348,348.0,48,51.5,0,1,0,,False
2620,ORD-2026-02620,CLI-085,PROD-044,2026-08-17 18:12:00,Santa Cruz,CAM-20,CHO-104,482,482.0,48,35.9,1,1,1,,False
2621,ORD-2026-02621,CLI-026,PROD-019,2026-08-18 17:48:00,Tarija,CAM-03,CHO-132,59,59.0,24,20.3,1,1,1,,False
2622,ORD-2026-02622,CLI-057,PROD-047,2026-08-26 05:59:00,La Paz,CAM-30,CHO-139,468,468.0,48,55.8,0,1,0,,False
2623, ord-2026-02623 ,CLI-073,PROD-015,2026-08-02 23:41:00,Tarija,CAM-03,CHO-132,125,125.0,48,46.4,1,1,1,order_id,True
2624,ORD-2026-02624,CLI-055,PROD-030,2026-08-28 15:47:00,Oruro,CAM-02,CHO-110,29,29.0,24,15.9,1,1,1,,False
2625,ORD-2026-02625,CLI-097,PROD-042,2026-08-25 07:23:00,Santa Cruz,CAM-11,CHO-099,430,430.0,48,51.4,0,1,0,,False
2626,ORD-2026-02626,CLI-037,PROD-024,2026-08-18 20:55:00,La Paz,CAM-27,CHO-023,282,282.0,48,30.3,1,1,1,,False
2627,ORD-2026-02627,CLI-008,PROD-042,2026-08-07 02:31:00,Tarija,CAM-03,CHO-043,359,359.0,48,27.8,1,1,1,,False
2628,ORD-2026-02628,CLI-067,PROD-028,2026-08-01 01:09:00,Tarija,CAM-26,CHO-009,202,202.0,48,43.8,1,1,1,,False
2629,ORD-2026-02629,CLI-063,PROD-022,2026-08-08 08:24:00,Cochabamba,CAM-23,CHO-055,139,139.0,24,22.5,1,1,1,,False
2630,ORD-2026-02630,CLI-087,PROD-057,2026-08-06 13:00:00,Santa Cruz,CAM-04,CHO-029,325,325.0,24,15.9,1,1,1,,False
2631, ord-2026-02631 ,CLI-066,PROD-027,2026-08-05 01:08:00,Tarija,CAM-12,CHO-009,295,295.0,24,19.1,1,1,1,order_id,True
2632,ORD-2026-02632,CLI-019,PROD-013,2026-08-13 14:25:00,Oruro,CAM-05,CHO-003,53,53.0,48,47.1,1,1,1,,False
2633,ORD-2026-02633,CLI-036,PROD-028,2026-08-08 10:55:00,Cochabamba,CAM-23,CHO-116,143,143.0,24,15.2,1,1,1,,False
2634,ORD-2026-02634,CLI-048,PROD-038,2026-08-25 22:59:00,Oruro,CAM-24,CHO-136,242,242.0,24,12.0,1,1,1,,False
2635,ORD-2026-02635,CLI-030,PROD-015,2026-08-18 01:00:00,Santa Cruz,CAM-13,CHO-104,173,173.0,24,12.2,1,1,1,,False
2636,ORD-2026-02636,CLI-038,PROD-032,2026-08-03 14:24:00,Cochabamba,CAM-22,CHO-112,21,21.0,72,74.1,0,1,0,,False
2637,ORD-2026-02637,CLI-059,PROD-015,2026-08-13 20:13:00,Oruro,CAM-05,CHO-022,165,165.0,24,16.6,1,1,1,,False
2638,ORD-2026-02638,CLI-046,PROD-056,2026-08-16 19:44:00,Cochabamba,CAM-08,CHO-143,303,303.0,48,35.8,1,1,1,,False
2639,ORD-2026-02639,CLI-072,PROD-023,2026-08-17 13:24:00,Oruro,CAM-05,CHO-118,314,305.0,48,51.5,0,0,0,,False
2640,ORD-2026-02640,CLI-036,PROD-036,2026-08-25 05:42:00,La Paz,CAM-28,CHO-126,494,494.0,72,57.2,1,1,1,,False
2641,ORD-2026-02641,CLI-014,PROD-023,2026-08-26 17:11:00,Oruro,CAM-05,CHO-022,327,,48,46.4,1,1,1,cantidad_entregada,True
2642,ORD-2026-02642,CLI-084,PROD-046,2026-08-12 06:45:00,Oruro,CAM-05,CHO-067,176,160.0,72,45.6,1,0,0,,False
2643,ORD-2026-02643,CLI-090,PROD-047,2026-08-11 21:14:00,Cochabamba,CAM-08,CHO-054,135,135.0,24,18.3,1,1,1,,False
2644,ORD-2026-02644,CLI-059,PROD-033,2026-08-24 22:02:00,Tarija,CAM-03,CHO-061,293,293.0,24,23.0,1,1,1,,False
2645,ORD-2026-02645,CLI-079,PROD-007,2026-08-01 08:08:00,La Paz,CAM-27,CHO-066,412,412.0,48,31.8,1,1,1,,False
2646,ORD-2026-02646,CLI-017,PROD-055,2026-08-22 22:56:00,Cochabamba,CAM-23,CHO-065,81,81.0,24,26.7,0,1,0,,False
2647,ORD-2026-02647,CLI-015,PROD-022,2026-08-25 18:21:00,La Paz,CAM-09,CHO-042,63,46.0,72,56.0,1,0,0,,False
2648,ORD-2026-02648,CLI-042,PROD-004,2026-08-08 12:33:00,La Paz,CAM-30,CHO-093,411,411.0,72,62.5,1,1,1,,False
2649,ORD-2026-02649,CLI-080,PROD-041,2026-08-14 07:21:00,La Paz,CAM-15,CHO-072,495,495.0,24,22.1,1,1,1,,False
2650,ORD-2026-02650,CLI-057,PROD-044,2026-08-11 11:20:00,Tarija,CAM-03,CHO-026,425,425.0,24,22.1,1,1,1,,False
2651,ORD-2026-02651,CLI-099,PROD-030,2026-08-13 08:54:00,Tarija,CAM-03,CHO-061,14,14.0,48,28.3,1,1,1,,False
2652,ORD-2026-02652,CLI-094,PROD-058,2026-08-15 15:29:00,Oruro,CAM-05,CHO-022,278,278.0,48,33.5,1,1,1,,False
2653,ORD-2026-02653,CLI-026,PROD-053,2026-08-05 09:50:00,Cochabamba,CAM-01,CHO-111,381,381.0,72,68.6,1,1,1,,False
2654,ORD-2026-02654,CLI-021,PROD-055,2026-08-11 09:23:00,Oruro,CAM-16,CHO-051,131,131.0,24,24.1,0,1,0,,False
2655,ORD-2026-02655,CLI-024,PROD-007,2026-08-16 00:24:00,Cochabamba,CAM-23,CHO-047,477,477.0,24,22.6,1,1,1,,False
2656,ORD-2026-02656,CLI-022,PROD-050,2026-08-07 16:35:00,Santa Cruz,CAM-20,CHO-028,224,224.0,48,43.6,1,1,1,,False
2657,ORD-2026-02657,CLI-021,PROD-038,2026-08-11 07:38:00,Oruro,CAM-24,CHO-117,180,180.0,24,17.1,1,1,1,,False
2658,ORD-2026-02658,CLI-037,PROD-007,2026-08-08 23:53:00,Cochabamba,CAM-19,CHO-041,88,88.0,24,18.2,1,1,1,,False
2659,ORD-2026-02659,CLI-076,PROD-008,2026-08-30 03:41:00,La Paz,CAM-28,CHO-093,170,170.0,72,61.7,1,1,1,,False
2660,ORD-2026-02660,CLI-100,PROD-032,2026-08-13 01:02:00,Cochabamba,CAM-08,CHO-054,127,124.0,24,13.7,1,0,0,,False
2661,ORD-2026-02661,CLI-078,PROD-012,2026-08-04 15:30:00,La Paz,CAM-09,CHO-066,253,253.0,24,23.1,1,1,1,,False
2662,ORD-2026-02662,CLI-008,PROD-009,2026-08-01 12:42:00,Cochabamba,CAM-17,CHO-089,33,33.0,48,46.8,1,1,1,,False
2663,ORD-2026-02663,CLI-048,PROD-009,2026-08-03 22:22:00,Cochabamba,CAM-08,CHO-115,22,22.0,48,28.2,1,1,1,,False
2664,ORD-2026-02664,CLI-092,PROD-009,2026-08-14 01:31:00,Tarija,CAM-26,CHO-105,390,390.0,72,67.7,1,1,1,,False
2665,ORD-2026-02665,CLI-097,PROD-021,2026-08-26 08:10:00,Cochabamba,CAM-17,CHO-089,316,316.0,48,39.6,1,1,1,,False
2666,ORD-2026-02666,CLI-032,PROD-021,2026-08-09 06:46:00,Santa Cruz,CAM-06,CHO-113,241,241.0,72,40.2,1,1,1,,False
2667,ORD-2026-02667,CLI-084,PROD-045,2026-08-28 12:32:00,Tarija,CAM-26,CHO-036,333,333.0,72,53.2,1,1,1,,False
2668,ORD-2026-02668,CLI-058,PROD-027,2026-08-21 01:46:00,Oruro,CAM-05,CHO-110,399,399.0,24,19.6,1,1,1,,False
2669,ORD-2026-02669,CLI-092,PROD-036,2026-08-25 16:18:00,La Paz,CAM-28,CHO-071,401,401.0,24,22.4,1,1,1,,False
2670,ORD-2026-02670,CLI-051,PROD-047,2026-08-01 01:18:00,Oruro,CAM-16,CHO-118,377,377.0,72,64.1,1,1,1,,False
2671,ORD-2026-02671,CLI-057,PROD-032,2026-08-04 11:15:00,Santa Cruz,CAM-29,CHO-062,287,287.0,48,24.4,1,1,1,,False
2672,ORD-2026-02672,CLI-075,PROD-001,2026-08-04 03:33:00,Santa Cruz,CAM-20,CHO-080,244,234.0,72,64.2,1,0,0,,False
2673,ORD-2026-02673,CLI-043,PROD-036,2026-08-25 13:48:00,Tarija,CAM-12,CHO-008,207,207.0,48,36.8,1,1,1,,False
2674,ORD-2026-02674,CLI-014,PROD-057,2026-08-02 04:09:00,Santa Cruz,CAM-20,CHO-004,124,124.0,48,30.3,1,1,1,,False
2675,ORD-2026-02675,CLI-059,PROD-033,2026-08-21 06:00:00,Santa Cruz,CAM-14,CHO-024,69,69.0,48,31.2,1,1,1,,False
2676,ORD-2026-02676,CLI-015,PROD-014,2026-08-20 12:20:00,Santa Cruz,CAM-10,CHO-037,318,318.0,48,36.4,1,1,1,,False
2677,ORD-2026-02677,CLI-090,PROD-046,2026-08-29 01:08:00,Oruro,CAM-02,CHO-110,382,382.0,72,70.4,1,1,1,,False
2678,ORD-2026-02678,CLI-044,PROD-051,2026-08-01 01:01:00,Tarija,CAM-12,CHO-045,28,28.0,48,34.3,1,1,1,,False
2679,ORD-2026-02679,CLI-013,PROD-049,2026-08-29 16:51:00,Cochabamba,CAM-22,CHO-047,246,246.0,48,27.4,1,1,1,,False
2680,ORD-2026-02680,CLI-069,PROD-043,2026-08-08 08:30:00,La Paz,CAM-09,CHO-001,111,97.0,48,54.3,0,0,0,,False
2681,ORD-2026-02681,CLI-055,PROD-012,2026-08-13 14:45:00,La Paz,CAM-28,CHO-040,462,462.0,48,33.2,1,1,1,,False
2682,ORD-2026-02682,CLI-061,PROD-058,2026-08-10 06:27:00,Santa Cruz,CAM-29,CHO-142,361,361.0,24,22.8,1,1,1,,False
2683, ord-2026-02683 ,CLI-058,PROD-045,2026-08-15 12:29:00,Tarija,CAM-12,CHO-043,474,474.0,48,54.0,0,1,0,order_id,True
2684,ORD-2026-02684,CLI-008,PROD-022,2026-08-21 12:27:00,Cochabamba,CAM-19,CHO-131,230,230.0,48,37.6,1,1,1,,False
2685,ORD-2026-02685,CLI-007,PROD-035,2026-08-24 04:17:00,Tarija,CAM-12,CHO-045,336,336.0,24,8.4,1,1,1,,False
2686,ORD-2026-02686,CLI-020,PROD-019,2026-08-20 20:45:00,Tarija,CAM-03,CHO-015,253,251.0,48,33.5,1,0,0,,False
2687,ORD-2026-02687,CLI-050,PROD-039,2026-08-30 00:10:00,Cochabamba,CAM-19,CHO-068,409,409.0,48,44.8,1,1,1,,False
2688,ORD-2026-02688,CLI-052,PROD-027,2026-08-08 09:52:00,Cochabamba,CAM-22,CHO-125,346,346.0,72,63.2,1,1,1,,False
2689,ORD-2026-02689,CLI-023,PROD-059,2026-08-22 11:47:00,Cochabamba,CAM-08,CHO-130,405,405.0,24,21.8,1,1,1,,False
2690,ORD-2026-02690,CLI-019,PROD-031,2026-08-09 02:29:00,Tarija,CAM-03,CHO-043,157,157.0,48,40.0,1,1,1,,False
2691,ORD-2026-02691,CLI-097,PROD-049,2026-08-28 22:24:00,Oruro,CAM-05,CHO-144,496,496.0,24,16.9,1,1,1,,False
2692,ORD-2026-02692,CLI-040,PROD-001,2026-08-22 01:15:00,Tarija,CAM-03,CHO-132,303,303.0,48,52.8,0,1,0,,False
2693,ORD-2026-02693,CLI-054,PROD-016,2026-08-16 21:11:00,Santa Cruz,CAM-13,CHO-092,318,318.0,24,19.6,1,1,1,,False
2694,ORD-2026-02694,CLI-098,PROD-008,2026-08-07 20:51:00,Cochabamba,CAM-23,CHO-077,257,257.0,48,47.4,1,1,1,,False
2695,ORD-2026-02695,CLI-065,PROD-045,2026-08-22 19:08:00,Tarija,CAM-03,CHO-031,35,35.0,48,37.8,1,1,1,,False
2696,ORD-2026-02696,CLI-012,PROD-046,2026-08-14 03:16:00,Cochabamba,CAM-01,CHO-077,43,37.0,24,22.0,1,0,0,,False
2697,ORD-2026-02697,CLI-042,PROD-056,2026-08-22 19:09:00,La Paz,CAM-28,CHO-063,250,250.0,72,45.7,1,1,1,,False
2698,ORD-2026-02698,CLI-085,PROD-032,2026-08-19 10:49:00,Oruro,CAM-05,CHO-098,247,234.0,48,22.3,1,0,0,,False
2699,ORD-2026-02699,CLI-029,PROD-002,2026-08-30 22:23:00,Tarija,CAM-12,CHO-056,213,213.0,24,19.1,1,1,1,,False
2700,ORD-2026-02700,CLI-092,PROD-030,2026-08-30 22:04:00,La Paz,CAM-28,CHO-091,212,212.0,48,49.1,0,1,0,,False
2701,ORD-2026-02701,CLI-048,PROD-043,2026-08-24 15:40:00,Tarija,CAM-03,CHO-056,496,496.0,24,22.0,1,1,1,,False
2702,ORD-2026-02702,CLI-042,PROD-010,2026-08-20 23:17:00,Santa Cruz,CAM-29,CHO-034,240,240.0,24,21.2,1,1,1,,False
2703,ORD-2026-02703,CLI-080,PROD-051,2026-08-10 05:36:00,Tarija,CAM-03,CHO-050,328,309.0,48,29.5,1,0,0,,False
2704,ORD-2026-02704,CLI-061,PROD-001,2026-08-16 14:55:00,Tarija,CAM-03,CHO-026,448,448.0,72,70.7,1,1,1,,False
2705,ORD-2026-02705,CLI-049,PROD-025,2026-08-07 04:01:00,La Paz,CAM-09,CHO-102,187,181.0,72,47.0,1,0,0,,False
2706,ORD-2026-02706,CLI-059,PROD-012,2026-08-15 04:42:00,La Paz,CAM-28,CHO-083,49,49.0,72,49.1,1,1,1,,False
2707,ORD-2026-02707,CLI-016,PROD-031,2026-08-05 22:05:00,La Paz,CAM-28,CHO-071,154,154.0,72,42.9,1,1,1,,False
2708,ORD-2026-02708,CLI-048,PROD-054,2026-08-18 04:12:00,Cochabamba,CAM-01,CHO-145,363,363.0,24,22.3,1,1,1,,False
2709,ORD-2026-02709,CLI-087,PROD-025,2026-08-24 05:13:00,Santa Cruz,CAM-20,CHO-062,331,321.0,72,53.3,1,0,0,,False
2710,ORD-2026-02710,CLI-031,PROD-060,2026-08-03 04:35:00,Santa Cruz,CAM-14,CHO-081,285,285.0,24,16.0,1,1,1,,False
2711,ORD-2026-02711,CLI-033,PROD-015,2026-08-25 14:47:00,La Paz,CAM-28,CHO-066,376,376.0,48,38.2,1,1,1,,False
2712,ORD-2026-02712,CLI-044,PROD-008,2026-08-18 13:44:00,La Paz,CAM-28,CHO-063,156,156.0,72,56.2,1,1,1,,False
2713,ORD-2026-02713,CLI-043,PROD-003,2026-08-14 19:28:00,Tarija,CAM-12,CHO-010,437,437.0,72,66.9,1,1,1,,False
2714,ORD-2026-02714,CLI-075,PROD-030,2026-08-09 00:26:00,Santa Cruz,CAM-10,CHO-011,447,447.0,24,15.8,1,1,1,,False
2715,ORD-2026-02715,CLI-018,PROD-058,2026-08-25 22:16:00,Santa Cruz,CAM-10,CHO-123,137,137.0,48,38.9,1,1,1,,False
2716,ORD-2026-02716,CLI-053,PROD-007,2026-08-05 22:14:00,Tarija,CAM-12,CHO-031,42,42.0,24,15.5,1,1,1,,False
2717,ORD-2026-02717,CLI-080,PROD-051,2026-08-13 11:15:00,Tarija,CAM-03,CHO-045,431,431.0,48,26.2,1,1,1,,False
2718,ORD-2026-02718,CLI-074,PROD-025,2026-08-05 06:01:00,La Paz,CAM-28,CHO-001,366,366.0,48,56.0,0,1,0,,False
2719,ORD-2026-02719,CLI-056,PROD-032,2026-08-07 07:17:00,Tarija,CAM-26,CHO-082,207,207.0,24,19.9,1,1,1,,False
2720,ORD-2026-02720,CLI-045,PROD-035,2026-08-12 13:03:00,Oruro,CAM-05,CHO-119,226,226.0,24,19.6,1,1,1,,False
2721,ORD-2026-02721,CLI-036,PROD-042,2026-08-25 00:53:00,Tarija,CAM-03,CHO-132,205,205.0,48,25.7,1,1,1,,False
2722,ORD-2026-02722,CLI-057,PROD-015,2026-08-19 13:50:00,La Paz,CAM-09,CHO-084,388,388.0,48,42.8,1,1,1,,False
2723,ORD-2026-02723,CLI-093,PROD-018,2026-08-11 15:20:00,Tarija,CAM-12,CHO-031,12,12.0,24,12.3,1,1,1,,False
2724,ORD-2026-02724,CLI-008,PROD-018,2026-08-15 03:17:00,Cochabamba,CAM-08,CHO-151,74,74.0,72,72.5,0,1,0,,False
2725,ORD-2026-02725,CLI-004,PROD-001,2026-08-10 02:28:00,Santa Cruz,CAM-13,CHO-025,219,219.0,24,26.7,0,1,0,,False
2726,ORD-2026-02726,CLI-023,PROD-034,2026-08-28 11:57:00,Tarija,CAM-26,CHO-146,351,351.0,72,58.0,1,1,1,,False
2727,ORD-2026-02727,CLI-047,PROD-058,2026-08-24 01:22:00,La Paz,CAM-28,CHO-126,185,185.0,48,40.1,1,1,1,,False
2728,ORD-2026-02728,CLI-098,PROD-042,2026-08-08 18:24:00,Tarija,CAM-12,CHO-088,336,336.0,48,36.2,1,1,1,,False
2729,ORD-2026-02729,CLI-093,PROD-060,2026-08-29 23:34:00,Santa Cruz,CAM-06,CHO-099,377,377.0,24,15.0,1,1,1,,False
2730,ORD-2026-02730,CLI-059,PROD-035,2026-08-20 18:13:00,Santa Cruz,CAM-20,CHO-114,35,35.0,48,45.2,1,1,1,,False
2731,ORD-2026-02731,CLI-047,PROD-014,2026-08-17 18:48:00,La Paz,CAM-09,CHO-107,225,225.0,24,18.2,1,1,1,,False
2732,ORD-2026-02732,CLI-089,PROD-034,2026-08-01 13:40:00,Tarija,CAM-26,CHO-082,88,88.0,72,65.5,1,1,1,,False
2733,ORD-2026-02733,CLI-053,PROD-013,2026-08-02 09:57:00,Tarija,CAM-26,CHO-045,12,12.0,24,25.6,0,1,0,,False
2734,ORD-2026-02734,CLI-019,PROD-024,2026-08-26 22:11:00,Tarija,CAM-12,CHO-088,303,303.0,24,19.9,1,1,1,,False
2735,ORD-2026-02735,CLI-093,PROD-013,2026-08-07 00:47:00,Oruro,CAM-02,CHO-051,272,272.0,24,25.1,0,1,0,,False
2736,ORD-2026-02736,CLI-070,PROD-060,2026-08-21 17:16:00,Tarija,CAM-12,CHO-061,38,38.0,72,83.5,0,1,0,,False
2737,ORD-2026-02737,CLI-020,PROD-044,2026-08-05 16:45:00,Tarija,CAM-03,CHO-043,263,263.0,72,56.1,1,1,1,,False
2738,ORD-2026-02738,CLI-050,PROD-032,2026-08-20 12:13:00,Cochabamba,CAM-22,CHO-108,263,263.0,24,13.4,1,1,1,,False
2739, ord-2026-02739 ,CLI-012,PROD-029,2026-08-28 03:19:00,Cochabamba,CAM-01,CHO-108,236,236.0,72,88.3,0,1,0,order_id,True
2740,ORD-2026-02740,CLI-048,PROD-041,2026-08-06 02:10:00,Oruro,CAM-16,CHO-003,41,41.0,48,35.6,1,1,1,,False
2741,ORD-2026-02741,CLI-001,PROD-004,2026-08-21 01:43:00,Oruro,CAM-07,CHO-150,300,300.0,72,57.1,1,1,1,,False
2742,ORD-2026-02742,CLI-017,PROD-056,2026-08-21 23:39:00,Oruro,CAM-05,CHO-110,54,54.0,24,21.3,1,1,1,,False
2743,ORD-2026-02743,CLI-041,PROD-018,2026-08-25 10:28:00,Tarija,CAM-26,CHO-026,235,235.0,48,48.1,0,1,0,,False
2744,ORD-2026-02744,CLI-004,PROD-011,2026-08-18 23:36:00,Oruro,CAM-05,CHO-098,13,13.0,72,54.1,1,1,1,,False
2745,ORD-2026-02745,CLI-070,PROD-006,2026-08-24 23:03:00,Cochabamba,CAM-01,CHO-073,478,478.0,72,78.5,0,1,0,,False
2746,ORD-2026-02746,CLI-055,PROD-045,2026-08-07 19:55:00,Tarija,CAM-12,CHO-045,305,305.0,24,16.4,1,1,1,,False
2747,ORD-2026-02747,CLI-065,PROD-020,2026-08-23 10:47:00,Tarija,CAM-12,CHO-045,304,304.0,48,37.6,1,1,1,,False
2748,ORD-2026-02748,CLI-077,PROD-003,2026-08-28 21:06:00,Tarija,CAM-03,CHO-122,394,394.0,72,51.6,1,1,1,,False
2749,ORD-2026-02749,CLI-062,PROD-030,2026-08-10 17:28:00,La Paz,CAM-27,CHO-021,148,148.0,72,55.2,1,1,1,,False
2750,ORD-2026-02750,CLI-035,PROD-046,2026-08-23 19:05:00,Oruro,CAM-24,CHO-144,400,400.0,24,18.0,1,1,1,,False
2751,ORD-2026-02751,CLI-028,PROD-018,2026-08-13 10:33:00,Santa Cruz,CAM-14,CHO-141,221,221.0,48,43.6,1,1,1,,False
2752,ORD-2026-02752,CLI-078,PROD-027,2026-08-17 00:50:00,Oruro,CAM-24,CHO-117,374,364.0,24,24.6,0,0,0,,False
2753,ORD-2026-02753,CLI-064,PROD-004,2026-08-22 11:18:00,Cochabamba,CAM-22,CHO-077,306,306.0,24,24.3,0,1,0,,False
2754,ORD-2026-02754,CLI-064,PROD-048,2026-08-16 22:02:00,Tarija,CAM-12,CHO-146,238,238.0,72,39.4,1,1,1,,False
2755,ORD-2026-02755,CLI-002,PROD-030,2026-08-18 09:32:00,Oruro,CAM-02,CHO-144,46,46.0,48,50.1,0,1,0,,False
2756,ORD-2026-02756,CLI-023,PROD-057,2026-08-15 23:16:00,Santa Cruz,CAM-14,CHO-011,422,413.0,48,34.6,1,0,0,,False
2757,ORD-2026-02757,CLI-043,PROD-009,2026-08-20 17:52:00,Oruro,CAM-05,CHO-144,247,247.0,72,57.3,1,1,1,,False
2758,ORD-2026-02758,CLI-089,PROD-030,2026-08-24 02:10:00,Santa Cruz,CAM-10,CHO-059,239,239.0,24,21.5,1,1,1,,False
2759,ORD-2026-02759,CLI-036,PROD-049,2026-08-01 18:00:00,La Paz,CAM-28,CHO-139,410,410.0,48,50.1,0,1,0,,False
2760,ORD-2026-02760,CLI-039,PROD-026,2026-08-27 08:06:00,Cochabamba,CAM-17,CHO-069,275,275.0,48,31.9,1,1,1,,False
2761,ORD-2026-02761,CLI-056,PROD-002,2026-08-27 15:30:00,Cochabamba,CAM-23,CHO-019,369,369.0,48,40.5,1,1,1,,False
2762,ORD-2026-02762,CLI-024,PROD-045,2026-08-29 02:29:00,Oruro,CAM-16,CHO-032,306,306.0,72,70.6,1,1,1,,False
2763,ORD-2026-02763,CLI-090,PROD-035,2026-08-21 19:36:00,Santa Cruz,CAM-14,CHO-095,73,73.0,24,19.5,1,1,1,,False
2764,ORD-2026-02764,CLI-094,PROD-033,2026-08-02 04:30:00,Cochabamba,CAM-19,CHO-138,420,420.0,72,61.7,1,1,1,,False
2765,ORD-2026-02765,CLI-053,PROD-002,2026-08-09 10:20:00,Oruro,CAM-05,CHO-051,118,118.0,72,53.3,1,1,1,,False
2766,ORD-2026-02766,CLI-063,PROD-015,2026-08-23 08:03:00,Santa Cruz,CAM-13,CHO-075,139,139.0,24,18.5,1,1,1,,False
2767,ORD-2026-02767,CLI-015,PROD-017,2026-08-15 23:43:00,Tarija,CAM-03,CHO-012,370,370.0,72,60.5,1,1,1,,False
2768,ORD-2026-02768,CLI-045,PROD-033,2026-08-04 14:55:00,Tarija,CAM-26,CHO-050,76,76.0,24,21.7,1,1,1,,False
2769,ORD-2026-02769,CLI-060,PROD-039,2026-08-30 07:08:00,Cochabamba,CAM-23,CHO-125,323,323.0,48,33.5,1,1,1,,False
2770,ORD-2026-02770,CLI-027,PROD-011,2026-08-06 07:24:00,Tarija,CAM-03,CHO-009,155,138.0,48,40.5,1,0,0,,False
2771,ORD-2026-02771,CLI-045,PROD-042,2026-08-26 16:06:00,Tarija,CAM-26,CHO-056,371,371.0,48,41.3,1,1,1,,False
2772,ORD-2026-02772,CLI-019,PROD-001,2026-08-11 13:34:00,Cochabamba,CAM-23,CHO-124,92,92.0,48,38.2,1,1,1,,False
2773,ORD-2026-02773,CLI-002,PROD-042,2026-08-03 17:39:00,Santa Cruz,CAM-29,CHO-075,291,291.0,72,29.9,1,1,1,,False
2774,ORD-2026-02774,CLI-051,PROD-059,2026-08-02 10:59:00,Tarija,CAM-03,CHO-009,79,79.0,48,44.5,1,1,1,,False
2775,ORD-2026-02775,CLI-016,PROD-047,2026-08-17 13:06:00,Oruro,CAM-07,CHO-038,473,473.0,24,20.0,1,1,1,,False
2776,ORD-2026-02776,CLI-094,PROD-021,2026-08-17 21:19:00,Oruro,CAM-05,CHO-051,140,140.0,48,37.2,1,1,1,,False
2777,ORD-2026-02777,CLI-055,PROD-017,2026-08-13 10:52:00,Tarija,CAM-03,CHO-008,78,78.0,72,44.5,1,1,1,,False
2778,ORD-2026-02778,CLI-077,PROD-012,2026-08-22 00:42:00,Santa Cruz,CAM-13,CHO-095,436,436.0,72,58.9,1,1,1,,False
2779,ORD-2026-02779,CLI-079,PROD-022,2026-08-01 06:17:00,La Paz,CAM-28,CHO-057,112,112.0,72,48.9,1,1,1,,False
2780,ORD-2026-02780,CLI-056,PROD-025,2026-08-29 18:37:00,Santa Cruz,CAM-20,CHO-081,121,121.0,48,48.3,0,1,0,,False
2781,ORD-2026-02781,CLI-030,PROD-026,2026-08-05 21:46:00,Cochabamba,CAM-23,CHO-115,24,24.0,48,31.9,1,1,1,,False
2782,ORD-2026-02782,CLI-004,PROD-027,2026-08-17 12:06:00,Santa Cruz,CAM-25,CHO-095,159,159.0,48,26.6,1,1,1,,False
2783,ORD-2026-02783,CLI-072,PROD-028,2026-08-29 23:00:00,Tarija,CAM-03,CHO-008,231,231.0,24,21.5,1,1,1,,False
2784,ORD-2026-02784,CLI-014,PROD-029,2026-02-31 08:00:00,La Paz,CAM-30,CHO-071,423,423.0,48,36.1,1,1,1,fecha_despacho,True
2785,ORD-2026-02785,CLI-097,PROD-007,2026-08-26 03:51:00,Oruro,CAM-05,CHO-118,12,12.0,48,31.2,1,1,1,,False
2786,ORD-2026-02786,CLI-005,PROD-047,2026-08-18 05:33:00,La Paz,CAM-27,CHO-049,234,234.0,24,20.5,1,1,1,,False
2787,ORD-2026-02787,CLI-014,PROD-039,2026-08-10 19:10:00,La Paz,CAM-27,CHO-057,370,370.0,24,21.1,1,1,1,,False
2788,ORD-2026-02788,CLI-052,PROD-045,2026-08-02 14:15:00,La Paz,CAM-30,CHO-071,406,406.0,48,44.7,1,1,1,,False
2789,ORD-2026-02789,CLI-067,PROD-038,2026-08-30 20:32:00,Oruro,CAM-24,CHO-067,99,99.0,24,17.5,1,1,1,,False
2790,ORD-2026-02790,CLI-053,PROD-049,2026-08-04 20:24:00,Santa Cruz,CAM-13,CHO-004,364,364.0,48,31.3,1,1,1,,False
2791,ORD-2026-02791,CLI-041,PROD-014,2026-08-11 02:18:00,Oruro,CAM-05,CHO-110,383,383.0,24,23.8,1,1,1,,False
2792,ORD-2026-02792,CLI-047,PROD-023,2026-08-26 02:26:00,Cochabamba,CAM-08,CHO-089,292,292.0,24,19.0,1,1,1,,False
2793,ORD-2026-02793,CLI-034,PROD-047,2026-08-19 15:33:00,Cochabamba,CAM-17,CHO-130,253,253.0,24,20.7,1,1,1,,False
2794,ORD-2026-02794,CLI-080,PROD-058,2026-08-01 02:43:00,Cochabamba,CAM-19,CHO-073,147,147.0,48,34.1,1,1,1,,False
2795,ORD-2026-02795,CLI-048,PROD-024,2026-08-20 20:52:00,La Paz,CAM-15,CHO-148,495,495.0,72,64.4,1,1,1,,False
2796,ORD-2026-02796,CLI-052,PROD-013,2026-08-01 02:50:00,La Paz,CAM-28,CHO-040,427,427.0,72,48.5,1,1,1,,False
2797,ORD-2026-02797,CLI-079,PROD-051,2026-08-02 22:41:00,La Paz,CAM-09,CHO-042,294,294.0,72,59.5,1,1,1,,False
2798,ORD-2026-02798,CLI-012,PROD-060,2026-08-03 22:25:00,Cochabamba,CAM-22,CHO-145,185,173.0,72,52.3,1,0,0,,False
2799,ORD-2026-02799,CLI-041,PROD-033,2026-08-01 03:58:00,Santa Cruz,CAM-10,CHO-024,39,39.0,48,41.5,1,1,1,,False
2800,ORD-2026-02800,CLI-052,PROD-053,2026-08-04 21:00:00,La Paz,CAM-30,CHO-005,93,93.0,48,30.8,1,1,1,,False
2801,ORD-2026-02801,CLI-007,PROD-007,2026-08-25 15:02:00,Tarija,CAM-26,CHO-056,352,352.0,72,65.7,1,1,1,,False
2802,ORD-2026-02802,CLI-012,PROD-051,2026-08-03 15:20:00,Santa Cruz,CAM-13,CHO-100,203,203.0,48,20.7,1,1,1,,False
2803,ORD-2026-02803,CLI-080,PROD-043,2026-08-18 19:40:00,Tarija,CAM-03,CHO-105,236,236.0,24,15.8,1,1,1,,False
2804,ORD-2026-02804,CLI-063,PROD-035,2026-08-08 04:18:00,Cochabamba,CAM-08,CHO-047,82,82.0,24,19.8,1,1,1,,False
2805,ORD-2026-02805,CLI-029,PROD-050,2026-08-19 07:23:00,Santa Cruz,CAM-20,CHO-103,205,205.0,24,20.2,1,1,1,,False
2806,ORD-2026-02806,CLI-064,PROD-023,2026-08-27 17:38:00,Cochabamba,CAM-22,CHO-073,419,419.0,24,19.1,1,1,1,,False
2807,ORD-2026-02807,CLI-017,PROD-049,2026-08-27 04:29:00,Tarija,CAM-03,CHO-061,26,17.0,48,32.7,1,0,0,,False
2808,ORD-2026-02808,CLI-011,PROD-036,2026-08-29 01:06:00,Oruro,CAM-05,CHO-118,131,131.0,48,45.8,1,1,1,,False
2809,ORD-2026-02809,CLI-090,PROD-047,2026-08-17 12:30:00,Oruro,CAM-07,CHO-022,433,433.0,48,30.4,1,1,1,,False
2810,ORD-2026-02810,CLI-096,PROD-057,2026-08-16 19:09:00,Cochabamba,CAM-17,CHO-016,78,78.0,48,40.5,1,1,1,,False
2811,ORD-2026-02811,CLI-073,PROD-025,2026-08-29 20:12:00,La Paz,CAM-28,CHO-134,348,348.0,72,45.7,1,1,1,,False
2812,ORD-2026-02812,CLI-056,PROD-049,2026-08-24 01:19:00,Oruro,CAM-05,CHO-051,113,113.0,48,35.6,1,1,1,,False
2813,ORD-2026-02813,CLI-055,PROD-024,2026-08-29 13:10:00,Cochabamba,CAM-22,CHO-115,256,256.0,24,22.4,1,1,1,,False
2814,ORD-2026-02814,CLI-051,PROD-030,2026-08-01 18:29:00,Oruro,CAM-05,CHO-150,130,130.0,24,13.9,1,1,1,,False
2815,ORD-2026-02815,CLI-092,PROD-048,2026-08-02 09:26:00,Cochabamba,CAM-19,CHO-014,146,146.0,72,62.1,1,1,1,,False
2816,ORD-2026-02816,CLI-010,PROD-056,2026-08-19 22:55:00,Oruro,CAM-05,CHO-003,202,202.0,24,16.6,1,1,1,,False
2817,ORD-2026-02817,CLI-037,PROD-037,2026-08-10 12:54:00,La Paz,CAM-28,CHO-137,255,255.0,48,34.8,1,1,1,,False
2818,ORD-2026-02818,CLI-032,PROD-059,2026-08-26 22:27:00,Cochabamba,CAM-23,CHO-054,479,479.0,72,39.2,1,1,1,,False
2819,ORD-2026-02819,CLI-062,PROD-043,2026-08-29 18:29:00,La Paz,CAM-09,CHO-042,459,459.0,48,34.0,1,1,1,,False
2820,ORD-2026-02820,CLI-100,PROD-026,2026-08-30 17:12:00,Santa Cruz,CAM-04,CHO-109,56,56.0,48,51.3,0,1,0,,False
2821,ORD-2026-02821,CLI-082,PROD-024,2026-08-04 11:59:00,Tarija,CAM-26,CHO-050,452,452.0,48,44.3,1,1,1,,False
2822,ORD-2026-02822,CLI-089,PROD-014,2026-08-15 16:31:00,Oruro,CAM-16,CHO-110,416,416.0,72,67.8,1,1,1,,False
2823,ORD-2026-02823,CLI-022,PROD-023,2026-08-30 03:51:00,Cochabamba,CAM-01,CHO-094,222,222.0,48,46.0,1,1,1,,False
2824,ORD-2026-02824,CLI-005,PROD-058,2026-08-27 02:23:00,La Paz,CAM-09,CHO-091,494,494.0,24,26.8,0,1,0,,False
2825,ORD-2026-02825,CLI-074,PROD-040,2026-08-21 13:18:00,Cochabamba,CAM-23,CHO-145,143,143.0,24,17.4,1,1,1,,False
2826,ORD-2026-02826,CLI-068,PROD-019,2026-08-14 20:25:00,Cochabamba,CAM-23,CHO-047,350,350.0,48,32.7,1,1,1,,False
2827,ORD-2026-02827,CLI-009,PROD-013,2026-08-17 14:42:00,Cochabamba,CAM-22,CHO-147,401,401.0,72,32.3,1,1,1,,False
2828,ORD-2026-02828,CLI-012,PROD-021,2026-08-06 05:00:00,Tarija,CAM-26,CHO-031,240,240.0,24,17.9,1,1,1,,False
2829,ORD-2026-02829,CLI-001,PROD-012,2026-08-20 06:47:00,Santa Cruz,CAM-13,CHO-059,376,376.0,48,34.4,1,1,1,,False
2830,ORD-2026-02830,CLI-007,PROD-032,2026-08-21 00:30:00,La Paz,CAM-30,CHO-057,358,358.0,48,33.8,1,1,1,,False
2831,ORD-2026-02831,CLI-012,PROD-047,2026-08-09 05:28:00,Tarija,CAM-12,CHO-146,140,140.0,24,25.5,0,1,0,,False
2832,ORD-2026-02832,CLI-033,PROD-028,2026-08-29 15:43:00,Tarija,CAM-03,CHO-061,220,220.0,48,19.9,1,1,1,,False
2833,ORD-2026-02833,CLI-067,PROD-041,2026-08-14 05:07:00,La Paz,CAM-15,CHO-107,274,274.0,48,22.9,1,1,1,,False
2834,ORD-2026-02834,CLI-018,PROD-052,2026-08-27 11:47:00,Oruro,CAM-05,CHO-144,210,210.0,24,22.8,1,1,1,,False
2835,ORD-2026-02835,CLI-089,PROD-015,2026-08-26 15:08:00,Tarija,CAM-03,CHO-010,347,347.0,24,11.9,1,1,1,,False
2836,ORD-2026-02836,CLI-067,PROD-011,2026-08-22 14:01:00,Oruro,CAM-05,CHO-038,37,37.0,24,16.5,1,1,1,,False
2837,ORD-2026-02837,CLI-005,PROD-017,2026-08-14 03:50:00,Tarija,CAM-12,CHO-122,405,405.0,48,43.0,1,1,1,,False
2838,ORD-2026-02838,CLI-081,PROD-059,2026-08-03 03:30:00,Oruro,CAM-05,CHO-038,163,,48,30.4,1,1,1,cantidad_entregada,True
2839,ORD-2026-02839,CLI-076,PROD-038,2026-08-24 13:53:00,Oruro,CAM-16,CHO-051,279,272.0,24,25.4,0,0,0,,False
2840,ORD-2026-02840,CLI-039,PROD-054,2026-08-24 04:10:00,La Paz,CAM-15,CHO-091,72,72.0,48,37.0,1,1,1,,False
2841,ORD-2026-02841,CLI-083,PROD-014,2026-08-01 21:28:00,Cochabamba,CAM-17,CHO-131,185,185.0,48,43.9,1,1,1,,False
2842,ORD-2026-02842,CLI-035,PROD-025,2026-08-15 06:09:00,Santa Cruz,CAM-20,CHO-106,177,177.0,72,50.6,1,1,1,,False
2843,ORD-2026-02843,CLI-056,PROD-022,2026-08-20 18:58:00,La Paz,CAM-28,CHO-001,100,100.0,48,38.7,1,1,1,,False
2844,ORD-2026-02844,CLI-046,PROD-009,2026-08-01 06:15:00,Cochabamba,CAM-08,CHO-140,102,102.0,24,22.3,1,1,1,,False
2845,ORD-2026-02845,CLI-041,PROD-031,2026-08-13 15:04:00,Cochabamba,CAM-22,CHO-058,394,394.0,24,27.2,0,1,0,,False
2846,ORD-2026-02846,CLI-043,PROD-039,2026-08-25 07:13:00,Oruro,CAM-05,CHO-117,116,116.0,48,28.5,1,1,1,,False
2847,ORD-2026-02847,CLI-060,PROD-024,2026-08-21 20:41:00,Oruro,CAM-16,CHO-150,361,361.0,24,24.1,0,1,0,,False
2848,ORD-2026-02848,CLI-059,PROD-035,2026-08-12 13:13:00,Tarija,CAM-12,CHO-044,359,359.0,24,16.5,1,1,1,,False
2849,ORD-2026-02849,CLI-027,PROD-034,2026-08-25 11:57:00,Santa Cruz,CAM-20,CHO-103,158,158.0,48,43.8,1,1,1,,False
2850,ORD-2026-02850,CLI-016,PROD-002,2026-08-19 16:14:00,Santa Cruz,CAM-14,CHO-096,30,30.0,48,47.1,1,1,1,,False
2851,ORD-2026-02851,CLI-048,PROD-046,2026-08-19 11:14:00,Tarija,CAM-26,CHO-082,454,454.0,24,23.5,1,1,1,,False
2852,ORD-2026-02852,CLI-077,PROD-059,2026-08-12 13:46:00,Tarija,CAM-12,CHO-045,126,126.0,48,40.1,1,1,1,,False
2853,ORD-2026-02853,CLI-036,PROD-007,2026-08-01 19:06:00,Cochabamba,CAM-01,CHO-087,457,457.0,24,19.4,1,1,1,,False
2854,ORD-2026-02854,CLI-001,PROD-032,2026-08-05 02:12:00,Oruro,CAM-05,CHO-117,86,86.0,24,14.1,1,1,1,,False
2855,ORD-2026-02855,CLI-069,PROD-015,2026-08-29 11:43:00,Cochabamba,CAM-23,CHO-089,435,435.0,72,50.6,1,1,1,,False
2856,ORD-2026-02856,CLI-046,PROD-040,2026-08-13 07:10:00,La Paz,CAM-09,CHO-039,196,196.0,48,33.8,1,1,1,,False
2857,ORD-2026-02857,CLI-042,PROD-055,2026-08-13 18:16:00,La Paz,CAM-15,CHO-066,459,459.0,24,23.0,1,1,1,,False
2858,ORD-2026-02858,CLI-074,PROD-006,2026-08-17 16:23:00,La Paz,CAM-15,CHO-002,69,69.0,24,24.6,0,1,0,,False
2859,ORD-2026-02859,CLI-083,PROD-045,2026-08-25 11:08:00,Tarija,CAM-03,CHO-088,117,117.0,48,40.6,1,1,1,,False
2860,ORD-2026-02860,CLI-049,PROD-041,2026-08-22 03:40:00,Oruro,CAM-24,CHO-003,142,142.0,48,37.3,1,1,1,,False
2861,ORD-2026-02861,CLI-077,PROD-008,2026-08-30 05:27:00,Oruro,CAM-05,CHO-110,118,118.0,72,62.5,1,1,1,,False
2862,ORD-2026-02862,CLI-013,PROD-016,2026-08-27 11:20:00,Tarija,CAM-12,CHO-122,383,383.0,48,42.7,1,1,1,,False
2863,ORD-2026-02863,CLI-074,PROD-027,2026-08-28 07:56:00,Oruro,CAM-07,CHO-117,18,18.0,24,22.1,1,1,1,,False
2864,ORD-2026-02864,CLI-087,PROD-027,2026-08-04 14:50:00,Tarija,CAM-03,CHO-026,457,457.0,72,41.7,1,1,1,,False
2865,ORD-2026-02865,CLI-077,PROD-049,2026-08-21 17:01:00,Tarija,CAM-12,CHO-061,99,99.0,24,14.2,1,1,1,,False
2866,ORD-2026-02866,CLI-023,PROD-008,2026-08-19 18:04:00,La Paz,CAM-09,CHO-071,264,264.0,24,17.9,1,1,1,,False
2867,ORD-2026-02867,CLI-083,PROD-049,2026-08-23 22:05:00,La Paz,CAM-09,CHO-040,272,272.0,72,62.7,1,1,1,,False
2868,ORD-2026-02868,CLI-069,PROD-003,2026-08-11 19:46:00,Tarija,CAM-03,CHO-010,417,417.0,24,21.6,1,1,1,,False
2869,ORD-2026-02869,CLI-029,PROD-008,2026-08-15 23:07:00,Tarija,CAM-12,CHO-026,435,435.0,48,37.5,1,1,1,,False
2870,ORD-2026-02870,CLI-053,PROD-019,2026-08-02 16:56:00,Tarija,CAM-03,CHO-088,113,105.0,24,18.7,1,0,0,,False
2871,ORD-2026-02871,CLI-031,PROD-010,2026-08-11 15:24:00,Tarija,CAM-03,CHO-045,374,359.0,72,49.5,1,0,0,,False
2872,ORD-2026-02872,CLI-052,PROD-054,2026-08-19 10:52:00,Santa Cruz,CAM-29,CHO-121,472,472.0,48,31.8,1,1,1,,False
2873,ORD-2026-02873,CLI-035,PROD-032,2026-08-18 15:43:00,La Paz,CAM-28,CHO-057,402,402.0,24,26.2,0,1,0,,False
2874,ORD-2026-02874,CLI-030,PROD-040,2026-08-15 17:55:00,Tarija,CAM-12,CHO-044,127,127.0,24,24.0,1,1,1,,False
2875,ORD-2026-02875,CLI-078,PROD-054,2026-08-08 23:07:00,Cochabamba,CAM-17,CHO-087,250,250.0,72,62.7,1,1,1,,False
2876,ORD-2026-02876,CLI-035,PROD-031,2026-08-05 14:22:00,Cochabamba,CAM-22,CHO-006,378,378.0,24,13.4,1,1,1,,False
2877,ORD-2026-02877,CLI-028,PROD-009,2026-08-06 18:29:00,La Paz,CAM-30,CHO-083,407,407.0,48,30.0,1,1,1,,False
2878,ORD-2026-02878,CLI-006,PROD-030,2026-08-23 01:30:00,Oruro,CAM-02,CHO-150,195,195.0,72,69.2,1,1,1,,False
2879,ORD-2026-02879,CLI-091,PROD-020,2026-08-30 17:30:00,Tarija,CAM-12,CHO-056,55,55.0,48,38.4,1,1,1,,False
2880,ORD-2026-02880,CLI-065,PROD-003,2026-08-11 04:48:00,La Paz,CAM-28,CHO-007,33,33.0,48,36.0,1,1,1,,False
2881,ORD-2026-02881,CLI-048,PROD-033,2026-08-22 23:00:00,Oruro,CAM-02,CHO-067,381,381.0,72,41.0,1,1,1,,False
2882,ORD-2026-02882,CLI-071,PROD-004,2026-08-01 19:18:00,Cochabamba,CAM-08,CHO-055,230,230.0,24,17.7,1,1,1,,False
2883,ORD-2026-02883,CLI-041,PROD-034,2026-08-03 17:13:00,Cochabamba,CAM-08,CHO-112,345,345.0,24,19.1,1,1,1,,False
2884,ORD-2026-02884,CLI-023,PROD-018,2026-08-14 07:32:00,Cochabamba,CAM-08,CHO-047,310,310.0,24,20.8,1,1,1,,False
2885,ORD-2026-02885,CLI-059,PROD-011,2026-08-08 14:02:00,Cochabamba,CAM-08,CHO-077,363,363.0,24,21.5,1,1,1,,False
2886,ORD-2026-02886,CLI-002,PROD-030,2026-08-01 00:58:00,La Paz,CAM-27,CHO-148,72,72.0,72,53.5,1,1,1,,False
2887,ORD-2026-02887,CLI-051,PROD-019,2026-08-27 03:15:00,Tarija,CAM-03,CHO-010,43,43.0,24,23.2,1,1,1,,False
2888,ORD-2026-02888,CLI-052,PROD-023,2026-08-15 01:36:00,Cochabamba,CAM-01,CHO-111,168,165.0,48,38.9,1,0,0,,False
2889,ORD-2026-02889,CLI-059,PROD-058,2026-08-18 06:27:00,Oruro,CAM-24,CHO-098,166,166.0,48,38.2,1,1,1,,False
2890,ORD-2026-02890,CLI-025,PROD-001,2026-08-15 08:42:00,Santa Cruz,CAM-14,CHO-123,492,492.0,24,22.8,1,1,1,,False
2891,ORD-2026-02891,CLI-007,PROD-045,2026-08-02 10:17:00,Santa Cruz,CAM-29,CHO-076,103,103.0,48,37.4,1,1,1,,False
2892,ORD-2026-02892,CLI-007,PROD-009,2026-08-09 14:40:00,Santa Cruz,CAM-06,CHO-099,399,398.0,72,43.3,1,0,0,,False
2893,ORD-2026-02893,CLI-050,PROD-002,2026-08-16 08:08:00,La Paz,CAM-28,CHO-063,414,414.0,48,42.8,1,1,1,,False
2894,ORD-2026-02894,CLI-062,PROD-052,2026-08-17 14:47:00,Cochabamba,CAM-01,CHO-006,286,286.0,48,39.6,1,1,1,,False
2895,ORD-2026-02895,CLI-077,PROD-035,2026-08-17 03:07:00,Santa Cruz,CAM-13,CHO-037,23,23.0,24,24.0,1,1,1,,False
2896,ORD-2026-02896,CLI-079,PROD-048,2026-08-08 22:39:00,Cochabamba,CAM-22,CHO-087,341,341.0,24,15.0,1,1,1,,False
2897,ORD-2026-02897,CLI-051,PROD-038,2026-08-19 15:16:00,Oruro,CAM-24,CHO-117,18,18.0,72,55.8,1,1,1,,False
2898,ORD-2026-02898,CLI-006,PROD-031,2026-08-28 03:14:00,Tarija,CAM-03,CHO-048,429,429.0,24,18.1,1,1,1,,False
2899,ORD-2026-02899,CLI-088,PROD-017,2026-08-12 06:04:00,Cochabamba,CAM-23,CHO-047,151,151.0,72,72.2,0,1,0,,False
2900,ORD-2026-02900,CLI-095,PROD-054,2026-08-04 00:25:00,Oruro,CAM-16,CHO-144,377,377.0,24,20.8,1,1,1,,False
2901,ORD-2026-02901,CLI-065,PROD-031,2026-08-11 21:16:00,Oruro,CAM-05,CHO-051,422,422.0,24,19.2,1,1,1,,False
2902,ORD-2026-02902,CLI-053,PROD-013,2026-08-02 06:17:00,Santa Cruz,CAM-20,CHO-081,114,114.0,24,18.1,1,1,1,,False
2903,ORD-2026-02903,CLI-006,PROD-025,2026-08-25 16:43:00,Tarija,CAM-12,CHO-132,87,87.0,24,16.5,1,1,1,,False
2904,ORD-2026-02904,CLI-014,PROD-021,2026-08-19 04:16:00,La Paz,CAM-27,CHO-064,44,44.0,24,22.4,1,1,1,,False
2905,ORD-2026-02905,CLI-072,PROD-042,2026-08-05 09:01:00,Tarija,CAM-03,CHO-015,287,287.0,24,22.1,1,1,1,,False
2906,ORD-2026-02906,CLI-025,PROD-024,2026-08-15 01:42:00,Oruro,CAM-24,CHO-136,88,71.0,24,21.7,1,0,0,,False
2907,ORD-2026-02907,CLI-031,PROD-055,2026-08-14 17:18:00,La Paz,CAM-15,CHO-039,54,54.0,72,75.0,0,1,0,,False
2908,ORD-2026-02908,CLI-081,PROD-011,2026-08-28 19:30:00,Cochabamba,CAM-23,CHO-058,42,42.0,24,24.1,0,1,0,,False
2909,ORD-2026-02909,CLI-020,PROD-033,2026-08-30 02:12:00,Santa Cruz,CAM-20,CHO-120,359,359.0,24,16.4,1,1,1,,False
2910,ORD-2026-02910,CLI-023,PROD-046,2026-08-22 21:40:00,Tarija,CAM-12,CHO-010,402,402.0,24,22.5,1,1,1,,False
2911,ORD-2026-02911,CLI-052,PROD-036,2026-08-29 01:50:00,Cochabamba,CAM-01,CHO-147,310,310.0,48,43.8,1,1,1,,False
2912,ORD-2026-02912,CLI-024,PROD-042,2026-08-01 22:00:00,Santa Cruz,CAM-10,CHO-035,118,109.0,72,60.9,1,0,0,,False
2913,ORD-2026-02913,CLI-031,PROD-035,2026-08-21 19:03:00,Oruro,CAM-05,CHO-003,32,32.0,24,17.5,1,1,1,,False
2914,ORD-2026-02914,CLI-056,PROD-018,2026-08-27 09:05:00,Santa Cruz,CAM-14,CHO-080,473,473.0,48,38.5,1,1,1,,False
2915,ORD-2026-02915,CLI-007,PROD-015,2026-08-29 23:17:00,Santa Cruz,CAM-20,CHO-103,389,389.0,24,27.0,0,1,0,,False
2916,ORD-2026-02916,CLI-037,PROD-037,2026-08-05 14:33:00,Santa Cruz,CAM-25,CHO-103,149,149.0,48,38.2,1,1,1,,False
2917,ORD-2026-02917,CLI-087,PROD-043,2026-08-16 05:37:00,Cochabamba,CAM-19,CHO-054,408,408.0,48,40.8,1,1,1,,False
2918,ORD-2026-02918,CLI-010,PROD-003,2026-08-06 03:13:00,Tarija,CAM-12,CHO-132,260,260.0,24,21.9,1,1,1,,False
2919,ORD-2026-02919,CLI-100,PROD-050,2026-08-16 02:55:00,Tarija,CAM-12,CHO-122,119,100.0,72,69.9,1,0,0,,False
2920,ORD-2026-02920,CLI-100,PROD-019,2026-08-12 06:12:00,Oruro,CAM-05,CHO-051,87,87.0,24,22.8,1,1,1,,False
2921,ORD-2026-02921,CLI-074,PROD-033,2026-08-09 21:04:00,Tarija,CAM-12,CHO-045,276,276.0,24,22.8,1,1,1,,False
2922,ORD-2026-02922,CLI-089,PROD-053,2026-08-21 13:57:00,La Paz,CAM-27,CHO-002,50,50.0,24,17.7,1,1,1,,False
2923,ORD-2026-02923,CLI-025,PROD-013,2026-08-28 06:39:00,La Paz,CAM-09,CHO-027,467,461.0,48,46.5,1,0,0,,False
2924,ORD-2026-02924,CLI-073,PROD-038,2026-08-16 02:37:00,Cochabamba,CAM-17,CHO-019,265,259.0,48,50.5,0,0,0,,False
2925,ORD-2026-02925,CLI-099,PROD-018,2026-08-06 13:47:00,Cochabamba,CAM-01,CHO-019,375,375.0,72,43.4,1,1,1,,False
2926,ORD-2026-02926,CLI-041,PROD-028,2026-08-04 01:52:00,Oruro,CAM-05,CHO-022,39,39.0,24,18.2,1,1,1,,False
2927,ORD-2026-02927,CLI-029,PROD-003,2026-08-02 10:37:00,Tarija,CAM-12,CHO-082,492,492.0,24,14.7,1,1,1,,False
2928,ORD-2026-02928,CLI-029,PROD-040,2026-08-14 22:44:00,La Paz,CAM-09,CHO-126,168,168.0,48,39.1,1,1,1,,False
2929,ORD-2026-02929,CLI-072,PROD-002,2026-08-13 14:50:00,Santa Cruz,CAM-06,CHO-004,140,140.0,72,26.2,1,1,1,,False
2930,ORD-2026-02930,CLI-015,PROD-034,2026-08-29 07:04:00,Santa Cruz,CAM-10,CHO-046,44,44.0,48,39.9,1,1,1,,False
2931,ORD-2026-02931,CLI-005,PROD-040,2026-08-07 01:24:00,La Paz,CAM-28,CHO-107,116,116.0,24,13.7,1,1,1,,False
2932,ORD-2026-02932,CLI-015,PROD-024,2026-08-22 00:53:00,Santa Cruz,CAM-06,CHO-149,82,82.0,72,66.9,1,1,1,,False
2933,ORD-2026-02933,CLI-016,PROD-014,2026-08-21 13:00:00,Oruro,CAM-05,CHO-032,179,179.0,48,33.5,1,1,1,,False
2934,ORD-2026-02934,CLI-094,PROD-027,2026-08-21 05:11:00,Tarija,CAM-26,CHO-061,314,314.0,24,19.1,1,1,1,,False
2935,ORD-2026-02935,CLI-099,PROD-022,2026-08-12 10:51:00,La Paz,CAM-28,CHO-052,283,283.0,48,33.7,1,1,1,,False
2936,ORD-2026-02936,CLI-006,PROD-056,2026-08-10 08:12:00,Oruro,CAM-05,CHO-144,331,331.0,72,62.2,1,1,1,,False
2937,ORD-2026-02937,CLI-044,PROD-007,2026-08-25 21:55:00,Cochabamba,CAM-17,CHO-089,497,497.0,72,59.6,1,1,1,,False
2938,ORD-2026-02938,CLI-070,PROD-031,2026-08-29 17:08:00,Santa Cruz,CAM-14,CHO-081,272,272.0,72,80.7,0,1,0,,False
2939,ORD-2026-02939,CLI-067,PROD-034,2026-08-15 18:46:00,Tarija,CAM-03,CHO-043,367,367.0,72,63.2,1,1,1,,False
2940,ORD-2026-02940,CLI-018,PROD-019,2026-08-18 01:56:00,La Paz,CAM-30,CHO-042,168,168.0,48,34.2,1,1,1,,False
2941,ORD-2026-02941,CLI-004,PROD-048,2026-08-30 23:39:00,Cochabamba,CAM-22,CHO-087,129,129.0,72,64.6,1,1,1,,False
2942,ORD-2026-02942,CLI-084,PROD-022,2026-08-17 18:30:00,Santa Cruz,CAM-13,CHO-097,412,412.0,24,17.9,1,1,1,,False
2943,ORD-2026-02943,CLI-055,PROD-013,2026-08-07 11:22:00,Tarija,CAM-12,CHO-015,310,294.0,24,24.1,0,0,0,,False
2944,ORD-2026-02944,CLI-007,PROD-004,2026-08-22 07:33:00,Oruro,CAM-02,CHO-038,214,203.0,48,32.3,1,0,0,,False
2945,ORD-2026-02945,CLI-009,PROD-045,2026-08-29 11:10:00,La Paz,CAM-09,CHO-148,316,316.0,72,63.1,1,1,1,,False
2946,ORD-2026-02946,CLI-089,PROD-038,2026-08-16 00:57:00,Tarija,CAM-03,CHO-008,64,64.0,24,18.9,1,1,1,,False
2947,ORD-2026-02947,CLI-032,PROD-055,2026-08-23 16:33:00,Oruro,CAM-05,CHO-150,74,74.0,48,37.4,1,1,1,,False
2948,ORD-2026-02948,CLI-060,PROD-028,2026-08-20 01:36:00,Santa Cruz,CAM-20,CHO-030,68,68.0,72,71.2,1,1,1,,False
2949,ORD-2026-02949,CLI-032,PROD-030,2026-08-12 21:51:00,Cochabamba,CAM-08,CHO-111,92,92.0,72,62.4,1,1,1,,False
2950,ORD-2026-02950,CLI-031,PROD-007,2026-08-29 19:01:00,Santa Cruz,CAM-10,CHO-078,31,31.0,24,21.2,1,1,1,,False
2951,ORD-2026-02951,CLI-051,PROD-025,2026-08-04 14:34:00,Tarija,CAM-12,CHO-036,173,161.0,48,39.4,1,0,0,,False
2952,ORD-2026-02952,CLI-047,PROD-043,2026-08-01 06:31:00,Santa Cruz,CAM-10,CHO-059,40,40.0,72,50.7,1,1,1,,False
2953,ORD-2026-02953,CLI-001,PROD-007,2026-08-06 16:02:00,Tarija,CAM-26,CHO-088,495,495.0,24,23.1,1,1,1,,False
2954,ORD-2026-02954,CLI-025,PROD-057,2026-08-26 09:20:00,Oruro,CAM-05,CHO-150,198,198.0,24,-21.1,1,1,1,tiempo_entrega_real_hrs,True
2955,ORD-2026-02955,CLI-079,PROD-057,2026-08-29 01:38:00,La Paz,CAM-15,CHO-107,248,248.0,48,48.9,0,1,0,,False
2956,ORD-2026-02956,CLI-047,PROD-011,2026-08-08 09:54:00,La Paz,CAM-28,CHO-042,161,161.0,24,17.7,1,1,1,,False
2957,ORD-2026-02957,CLI-093,PROD-059,2026-08-16 19:05:00,Santa Cruz,CAM-13,CHO-101,37,37.0,48,48.9,0,1,0,,False
2958,ORD-2026-02958,CLI-010,PROD-042,2026-08-25 05:14:00,La Paz,CAM-30,CHO-071,218,218.0,24,24.0,1,1,1,,False
2959,ORD-2026-02959,CLI-003,PROD-011,2026-08-17 16:40:00,Oruro,CAM-07,CHO-144,448,448.0,24,23.7,1,1,1,,False
2960,ORD-2026-02960,CLI-043,PROD-030,2026-08-28 17:03:00,Oruro,CAM-07,CHO-144,242,242.0,24,17.6,1,1,1,,False
2961,ORD-2026-02961,CLI-043,PROD-031,2026-08-12 08:54:00,Cochabamba,CAM-23,CHO-019,55,55.0,24,18.9,1,1,1,,False
2962,ORD-2026-02962,CLI-046,PROD-017,2026-08-14 14:52:00,Cochabamba,CAM-22,CHO-019,61,61.0,48,41.1,1,1,1,,False
2963,ORD-2026-02963,CLI-082,PROD-035,2026-08-11 11:43:00,Oruro,CAM-05,CHO-032,284,284.0,72,62.1,1,1,1,,False
2964,ORD-2026-02964,CLI-013,PROD-045,2026-08-02 02:38:00,Cochabamba,CAM-01,CHO-016,405,405.0,48,40.9,1,1,1,,False
2965,ORD-2026-02965,CLI-001,PROD-014,2026-08-01 15:10:00,La Paz,CAM-30,CHO-066,121,121.0,72,66.4,1,1,1,,False
2966,ORD-2026-02966,CLI-001,PROD-030,2026-08-22 17:57:00,Oruro,CAM-07,CHO-032,95,95.0,48,45.8,1,1,1,,False
2967,ORD-2026-02967,CLI-099,PROD-056,2026-08-16 01:22:00,Oruro,CAM-05,CHO-150,225,225.0,24,22.2,1,1,1,,False
2968,ORD-2026-02968,CLI-014,PROD-042,2026-08-02 13:10:00,La Paz,CAM-09,CHO-005,475,475.0,24,23.8,1,1,1,,False
2969,ORD-2026-02969,CLI-019,PROD-035,2026-08-16 19:22:00,Santa Cruz,CAM-13,CHO-099,31,31.0,48,38.7,1,1,1,,False
2970,ORD-2026-02970,CLI-024,PROD-040,2026-08-21 08:31:00,Santa Cruz,CAM-14,CHO-074,429,429.0,24,21.6,1,1,1,,False
2971,ORD-2026-02971,CLI-082,PROD-041,2026-08-05 18:32:00,Tarija,CAM-03,CHO-015,146,146.0,48,40.2,1,1,1,,False
2972,ORD-2026-02972,CLI-041,PROD-041,2026-08-20 18:24:00,Oruro,CAM-07,CHO-051,450,437.0,24,23.3,1,0,0,,False
2973,ORD-2026-02973,CLI-088,PROD-048,2026-08-22 05:39:00,Santa Cruz,CAM-11,CHO-121,427,427.0,72,44.5,1,1,1,,False
2974,ORD-2026-02974,CLI-064,PROD-021,2026-08-14 13:47:00,Tarija,CAM-03,CHO-105,439,439.0,48,35.6,1,1,1,,False
2975,ORD-2026-02975,CLI-076,PROD-021,2026-08-28 14:11:00,La Paz,CAM-15,CHO-042,43,43.0,48,41.2,1,1,1,,False
2976,ORD-2026-02976,CLI-031,PROD-058,2026-08-18 22:27:00,Oruro,CAM-16,CHO-038,279,279.0,24,12.9,1,1,1,,False
2977,ORD-2026-02977,CLI-081,PROD-060,2026-08-05 16:47:00,Tarija,CAM-03,CHO-132,58,58.0,24,24.9,0,1,0,,False
2978,ORD-2026-02978,CLI-004,PROD-035,2026-08-07 21:33:00,Cochabamba,CAM-08,CHO-014,385,385.0,72,61.4,1,1,1,,False
2979,ORD-2026-02979,CLI-034,PROD-016,2026-08-25 23:23:00,La Paz,CAM-28,CHO-021,354,354.0,48,53.9,0,1,0,,False
2980,ORD-2026-02980,CLI-041,PROD-033,2026-08-19 04:14:00,Oruro,CAM-02,CHO-051,107,107.0,72,59.7,1,1,1,,False
2981,ORD-2026-02981,CLI-052,PROD-048,2026-08-13 14:11:00,Tarija,CAM-03,CHO-009,145,145.0,48,30.8,1,1,1,,False
2982,ORD-2026-02982,CLI-031,PROD-040,2026-08-16 11:56:00,Tarija,CAM-12,CHO-026,44,44.0,48,34.8,1,1,1,,False
2983,ORD-2026-02983,CLI-004,PROD-050,2026-08-25 00:51:00,La Paz,CAM-09,CHO-126,478,466.0,72,59.0,1,0,0,,False
2984,ORD-2026-02984,CLI-019,PROD-059,2026-08-04 17:38:00,Cochabamba,CAM-08,CHO-073,363,363.0,24,24.4,0,1,0,,False
2985,ORD-2026-02985,CLI-013,PROD-026,2026-08-11 22:35:00,La Paz,CAM-09,CHO-002,53,53.0,24,16.9,1,1,1,,False
2986,ORD-2026-02986,CLI-017,PROD-013,2026-08-03 20:19:00,Tarija,CAM-12,CHO-043,195,195.0,72,68.5,1,1,1,,False
2987,ORD-2026-02987,CLI-040,PROD-044,2026-08-16 12:38:00,La Paz,CAM-15,CHO-064,230,230.0,72,81.7,0,1,0,,False
2988,ORD-2026-02988,CLI-054,PROD-051,2026-08-16 01:52:00,La Paz,CAM-28,CHO-063,130,130.0,24,14.3,1,1,1,,False
2989,ORD-2026-02989,CLI-014,PROD-036,2026-08-13 06:55:00,Santa Cruz,CAM-14,CHO-104,295,295.0,72,65.8,1,1,1,,False
2990,ORD-2026-02990,CLI-070,PROD-029,2026-08-01 02:51:00,Oruro,CAM-24,CHO-032,468,468.0,24,20.0,1,1,1,,False
2991,ORD-2026-02991,CLI-040,PROD-007,2026-08-27 08:46:00,Oruro,CAM-05,CHO-117,343,343.0,48,52.0,0,1,0,,False
2992,ORD-2026-02992,CLI-052,PROD-031,2026-08-04 00:32:00,Cochabamba,CAM-23,CHO-131,257,257.0,24,19.7,1,1,1,,False
2993,ORD-2026-02993,CLI-096,PROD-010,2026-08-07 10:37:00,La Paz,CAM-15,CHO-093,356,356.0,48,38.5,1,1,1,,False
2994,ORD-2026-02994,CLI-045,PROD-050,2026-08-26 01:24:00,Santa Cruz,CAM-13,CHO-079,392,392.0,72,62.3,1,1,1,,False
2995,ORD-2026-02995,CLI-063,PROD-012,2026-08-08 15:38:00,Tarija,CAM-12,CHO-009,246,246.0,48,32.1,1,1,1,,False
2996,ORD-2026-02996,CLI-006,PROD-058,2026-08-06 12:59:00,Tarija,CAM-12,CHO-009,389,389.0,72,63.5,1,1,1,,False
2997,ORD-2026-02997,CLI-044,PROD-023,2026-08-10 18:24:00,La Paz,CAM-28,CHO-002,348,348.0,24,21.3,1,1,1,,False
2998,ORD-2026-02998,CLI-024,PROD-007,2026-08-13 02:09:00,Tarija,CAM-26,CHO-043,70,70.0,24,22.7,1,1,1,,False
2999,ORD-2026-02999,CLI-012,PROD-030,2026-08-18 15:44:00,Oruro,CAM-05,CHO-032,213,213.0,72,48.1,1,1,1,,False
3000,ORD-2026-03000,CLI-095,PROD-036,2026-08-26 03:58:00,Oruro,CAM-05,CHO-038,486,486.0,48,37.3,1,1,1,,False
3001,ORD-2026-03001,CLI-044,PROD-013,2026-08-23 17:40:00,Santa Cruz,CAM-13,CHO-053,236,236.0,24,18.7,1,1,1,,False
3002,ORD-2026-03002,CLI-039,PROD-037,2026-08-26 21:02:00,Cochabamba,CAM-22,CHO-130,254,254.0,48,35.8,1,1,1,,False
3003,ORD-2026-03003,CLI-025,PROD-002,2026-08-12 21:34:00,Santa Cruz,CAM-13,CHO-074,179,179.0,72,45.1,1,1,1,,False
3004,ORD-2026-03004,CLI-004,PROD-039,2026-08-28 13:25:00,La Paz,CAM-15,CHO-084,120,120.0,48,38.5,1,1,1,,False
3005,ORD-2026-03005,CLI-012,PROD-012,2026-08-14 22:55:00,Oruro,CAM-05,CHO-051,421,421.0,24,16.1,1,1,1,,False
3006,ORD-2026-03006,CLI-086,PROD-026,2026-08-17 18:33:00,La Paz,CAM-27,CHO-091,357,352.0,24,23.4,1,0,0,,False
3007,ORD-2026-03007,CLI-054,PROD-006,2026-08-20 08:19:00,Cochabamba,CAM-22,CHO-143,69,69.0,24,21.5,1,1,1,,False
3008,ORD-2026-03008,CLI-015,PROD-037,2026-08-01 12:23:00,Oruro,CAM-02,CHO-022,267,267.0,48,37.4,1,1,1,,False
3009,ORD-2026-03009,CLI-026,PROD-043,2026-08-04 09:00:00,Tarija,CAM-12,CHO-045,153,153.0,72,64.3,1,1,1,,False
3010,ORD-2026-03010,CLI-031,PROD-039,2026-08-19 06:58:00,Cochabamba,CAM-19,CHO-090,225,225.0,72,75.0,0,1,0,,False
3011,ORD-2026-03011,CLI-018,PROD-003,2026-08-06 20:14:00,Cochabamba,CAM-22,CHO-055,393,393.0,24,23.9,1,1,1,,False
3012,ORD-2026-03012,CLI-031,PROD-002,2026-08-15 08:34:00,Cochabamba,CAM-01,CHO-111,384,384.0,72,48.7,1,1,1,,False
3013,ORD-2026-03013,CLI-010,PROD-026,2026-08-01 06:45:00,Cochabamba,CAM-17,CHO-055,300,300.0,48,54.7,0,1,0,,False
3014,ORD-2026-03014,CLI-086,PROD-035,2026-08-26 23:30:00,Cochabamba,CAM-08,CHO-090,383,383.0,48,48.0,1,1,1,,False
3015,ORD-2026-03015,CLI-056,PROD-049,24/08/2026 13:09,La Paz,CAM-09,CHO-071,161,161.0,48,39.6,1,1,1,fecha_despacho,True
3016,ORD-2026-03016,CLI-026,PROD-014,2026-08-11 21:32:00,Santa Cruz,CAM-25,CHO-104,300,300.0,24,16.6,1,1,1,,False
3017,ORD-2026-03017,CLI-090,PROD-028,2026-08-13 04:52:00,La Paz,CAM-09,CHO-040,26,26.0,24,26.1,0,1,0,,False
3018,ORD-2026-03018,CLI-088,PROD-020,2026-08-15 21:01:00,Oruro,CAM-05,CHO-150,176,176.0,48,31.0,1,1,1,,False
3019,ORD-2026-03019,CLI-027,PROD-034,2026-08-19 19:39:00,Tarija,CAM-03,CHO-044,365,365.0,48,45.0,1,1,1,,False
3020,ORD-2026-03020,CLI-054,PROD-011,2026-08-06 18:49:00,Tarija,CAM-12,CHO-015,482,482.0,24,24.9,0,1,0,,False
3021,ORD-2026-03021,CLI-053,PROD-010,2026-08-18 00:57:00,Santa Cruz,CAM-14,CHO-149,44,44.0,48,39.1,1,1,1,,False
3022,ORD-2026-03022,CLI-064,PROD-003,2026-08-30 06:16:00,Tarija,CAM-03,CHO-132,96,96.0,24,16.7,1,1,1,,False
3023,ORD-2026-03023,CLI-055,PROD-027,2026-08-11 14:48:00,Tarija,CAM-03,CHO-026,366,366.0,72,60.2,1,1,1,,False
3024,ORD-2026-03024,CLI-051,PROD-041,2026-08-25 10:37:00,La Paz,CAM-28,CHO-021,396,396.0,48,49.8,0,1,0,,False
3025,ORD-2026-03025,CLI-018,PROD-057,2026-08-01 19:15:00,Oruro,CAM-16,CHO-038,149,149.0,24,16.5,1,1,1,,False
3026,ORD-2026-03026,CLI-015,PROD-043,2026-08-08 04:24:00,La Paz,CAM-09,CHO-005,133,133.0,72,62.9,1,1,1,,False
3027,ORD-2026-03027,CLI-068,PROD-052,2026-08-26 14:59:00,Tarija,CAM-03,CHO-036,94,94.0,72,68.4,1,1,1,,False
3028,ORD-2026-03028,CLI-067,PROD-011,2026-08-17 09:32:00,Oruro,CAM-05,CHO-022,217,217.0,48,41.2,1,1,1,,False
3029,ORD-2026-03029,CLI-021,PROD-036,2026-08-27 19:44:00,Cochabamba,CAM-22,CHO-089,253,253.0,24,21.1,1,1,1,,False
3030,ORD-2026-03030,CLI-069,PROD-018,2026-08-05 00:17:00,Tarija,CAM-03,CHO-146,451,451.0,48,36.6,1,1,1,,False
3031,ORD-2026-03031,CLI-095,PROD-035,2026-08-03 10:07:00,Oruro,CAM-05,CHO-098,461,461.0,24,22.3,1,1,1,,False
3032,ORD-2026-03032,CLI-009,PROD-060,2026-08-27 22:31:00,Santa Cruz,CAM-14,CHO-128,302,302.0,24,16.4,1,1,1,,False
3033,ORD-2026-03033,CLI-060,PROD-023,2026-08-23 00:02:00,Cochabamba,CAM-23,CHO-138,353,353.0,72,81.5,0,1,0,,False
3034,ORD-2026-03034,CLI-090,PROD-046,2026-08-14 18:32:00,La Paz,CAM-27,CHO-005,410,410.0,72,72.3,0,1,0,,False
3035,ORD-2026-03035,CLI-014,PROD-010,2026-08-04 01:41:00,Oruro,CAM-05,CHO-032,486,486.0,24,18.2,1,1,1,,False
3036,ORD-2026-03036,CLI-068,PROD-002,2026-08-21 05:03:00,Cochabamba,CAM-23,CHO-115,148,148.0,48,36.2,1,1,1,,False
3037,ORD-2026-03037,CLI-010,PROD-018,2026-08-14 05:13:00,Cochabamba,CAM-23,CHO-138,435,435.0,72,50.5,1,1,1,,False
3038,ORD-2026-03038,CLI-003,PROD-030,2026-08-07 22:40:00,Oruro,CAM-24,CHO-136,283,270.0,24,14.7,1,0,0,,False
3039,ORD-2026-03039,CLI-085,PROD-005,2026-08-04 18:44:00,Cochabamba,CAM-17,CHO-138,321,321.0,24,19.2,1,1,1,,False
3040,ORD-2026-03040,CLI-053,PROD-028,2026-08-26 14:02:00,Tarija,CAM-12,CHO-036,464,464.0,24,20.3,1,1,1,,False
3041,ORD-2026-03041,CLI-023,PROD-009,2026-08-29 04:54:00,Oruro,CAM-02,CHO-119,38,38.0,72,60.0,1,1,1,,False
3042,ORD-2026-03042,CLI-084,PROD-017,2026-08-27 08:08:00,La Paz,CAM-28,CHO-134,193,193.0,24,20.7,1,1,1,,False
3043,ORD-2026-03043,CLI-099,PROD-060,2026-08-26 13:13:00,Cochabamba,CAM-22,CHO-135,471,471.0,48,45.0,1,1,1,,False
3044,ORD-2026-03044,CLI-015,PROD-053,2026-08-24 14:48:00,Cochabamba,CAM-01,CHO-138,138,138.0,72,86.2,0,1,0,,False
3045,ORD-2026-03045,CLI-052,PROD-042,2026-08-27 22:10:00,Cochabamba,CAM-19,CHO-073,164,164.0,48,55.8,0,1,0,,False
3046,ORD-2026-03046,CLI-009,PROD-024,2026-08-27 23:25:00,Tarija,CAM-12,CHO-036,86,86.0,48,49.5,0,1,0,,False
3047,ORD-2026-03047,CLI-008,PROD-023,2026-08-27 13:36:00,La Paz,CAM-28,CHO-072,215,215.0,48,39.2,1,1,1,,False
3048,ORD-2026-03048,CLI-021,PROD-057,2026-08-19 01:14:00,La Paz,CAM-27,CHO-091,270,270.0,72,48.9,1,1,1,,False
3049,ORD-2026-03049,CLI-057,PROD-004,2026-08-06 17:26:00,Oruro,CAM-05,CHO-110,482,482.0,72,61.1,1,1,1,,False
3050,ORD-2026-03050,CLI-089,PROD-053,2026-08-20 21:08:00,Cochabamba,CAM-17,CHO-089,426,426.0,24,16.6,1,1,1,,False
3051,ORD-2026-03051,CLI-059,PROD-049,2026-08-19 20:35:00,Cochabamba,CAM-23,CHO-087,386,386.0,24,23.7,1,1,1,,False
3052,ORD-2026-03052,CLI-093,PROD-035,2026-08-04 05:11:00,Tarija,CAM-03,CHO-056,287,287.0,72,68.6,1,1,1,,False
3053,ORD-2026-03053,CLI-080,PROD-043,2026-08-06 20:26:00,Tarija,CAM-12,CHO-056,334,324.0,48,41.8,1,0,0,,False
3054,ORD-2026-03054,CLI-100,PROD-024,2026-08-15 08:47:00,La Paz,CAM-30,CHO-102,112,98.0,24,21.3,1,0,0,,False
3055,ORD-2026-03055,CLI-093,PROD-012,2026-08-19 03:47:00,Cochabamba,CAM-23,CHO-033,283,283.0,48,47.9,1,1,1,,False
3056,ORD-2026-03056,CLI-010,PROD-029,2026-08-04 05:55:00,La Paz,CAM-28,CHO-084,353,353.0,72,64.9,1,1,1,,False
3057,ORD-2026-03057,CLI-080,PROD-002,2026-08-21 10:05:00,Cochabamba,CAM-01,CHO-069,497,497.0,24,21.1,1,1,1,,False
3058,ORD-2026-03058,CLI-009,PROD-009,2026-08-06 14:26:00,Cochabamba,CAM-17,CHO-108,43,43.0,72,74.5,0,1,0,,False
3059,ORD-2026-03059,CLI-087,PROD-038,2026-08-15 09:46:00,Oruro,CAM-07,CHO-110,267,264.0,48,39.5,1,0,0,,False
3060,ORD-2026-03060,CLI-081,PROD-055,2026-08-09 19:16:00,Oruro,CAM-16,CHO-144,435,435.0,24,20.1,1,1,1,,False
3061,ORD-2026-03061,CLI-006,PROD-048,2026-08-05 17:46:00,Oruro,CAM-05,CHO-118,170,170.0,48,44.7,1,1,1,,False
3062,ORD-2026-03062,CLI-079,PROD-057,2026-08-30 13:31:00,Oruro,CAM-24,CHO-022,288,276.0,48,56.3,0,0,0,,False
3063,ORD-2026-03063,CLI-089,PROD-034,2026-08-27 02:21:00,Tarija,CAM-12,CHO-082,289,289.0,48,44.4,1,1,1,,False
3064,ORD-2026-03064,CLI-007,PROD-023,2026-08-12 12:30:00,La Paz,CAM-09,CHO-091,195,195.0,24,24.6,0,1,0,,False
3065,ORD-2026-03065,CLI-091,PROD-006,2026-08-24 11:03:00,La Paz,CAM-15,CHO-001,145,145.0,24,29.8,0,1,0,,False
3066,ORD-2026-03066,CLI-084,PROD-024,2026-08-02 01:43:00,La Paz,CAM-09,CHO-017,102,102.0,24,23.7,1,1,1,,False
3067,ORD-2026-03067,CLI-065,PROD-050,2026-08-02 21:11:00,Santa Cruz,CAM-13,CHO-029,211,211.0,72,78.7,0,1,0,,False
3068,ORD-2026-03068,CLI-015,PROD-043,2026-08-19 15:34:00,Cochabamba,CAM-01,CHO-077,133,133.0,24,14.8,1,1,1,,False
3069,ORD-2026-03069,CLI-012,PROD-017,2026-08-26 12:46:00,Tarija,CAM-03,CHO-045,105,105.0,24,18.6,1,1,1,,False
3070,ORD-2026-03070,CLI-029,PROD-022,2026-08-08 04:16:00,La Paz,CAM-09,CHO-102,411,411.0,48,41.0,1,1,1,,False
3071,ORD-2026-03071,CLI-084,PROD-014,2026-08-26 02:10:00,Tarija,CAM-03,CHO-043,264,264.0,72,78.3,0,1,0,,False
3072,ORD-2026-03072,CLI-019,PROD-047,2026-08-16 01:02:00,Tarija,CAM-03,CHO-043,148,148.0,72,57.7,1,1,1,,False
3073,ORD-2026-03073,CLI-020,PROD-049,2026-08-05 22:19:00,Oruro,CAM-05,CHO-098,454,454.0,24,19.5,1,1,1,,False
3074,ORD-2026-03074,CLI-031,PROD-037,2026-08-03 02:46:00,La Paz,CAM-15,CHO-023,131,131.0,72,73.5,0,1,0,,False
3075,ORD-2026-03075,CLI-050,PROD-034,2026-08-30 14:26:00,La Paz,CAM-15,CHO-064,201,201.0,72,74.7,0,1,0,,False
3076,ORD-2026-03076,CLI-021,PROD-040,2026-08-26 16:27:00,Cochabamba,CAM-23,CHO-014,212,202.0,72,50.2,1,0,0,,False
3077,ORD-2026-03077,CLI-059,PROD-030,2026-08-17 22:21:00,Santa Cruz,CAM-11,CHO-004,114,114.0,72,63.6,1,1,1,,False
3078,ORD-2026-03078,CLI-057,PROD-016,2026-08-15 15:31:00,Oruro,CAM-24,CHO-136,28,28.0,24,19.6,1,1,1,,False
3079,ORD-2026-03079,CLI-085,PROD-049,2026-08-11 22:57:00,Cochabamba,CAM-23,CHO-033,38,38.0,48,30.4,1,1,1,,False
3080,ORD-2026-03080,CLI-094,PROD-002,2026-08-16 10:34:00,Cochabamba,CAM-22,CHO-047,410,410.0,48,47.7,1,1,1,,False
3081,ORD-2026-03081,CLI-020,PROD-027,2026-08-26 01:33:00,Tarija,CAM-03,CHO-031,187,187.0,72,80.0,0,1,0,,False
3082,ORD-2026-03082,CLI-055,PROD-018,2026-02-31 08:00:00,Santa Cruz,CAM-11,CHO-046,169,169.0,24,21.6,1,1,1,fecha_despacho,True
3083,ORD-2026-03083,CLI-087,PROD-023,2026-08-30 22:41:00,La Paz,CAM-28,CHO-007,364,,48,43.2,1,1,1,cantidad_entregada,True
3084,ORD-2026-03084,CLI-034,PROD-053,2026-08-28 20:43:00,Santa Cruz,CAM-06,CHO-076,453,453.0,48,50.7,0,1,0,,False
3085,ORD-2026-03085,CLI-094,PROD-016,2026-08-15 11:53:00,La Paz,CAM-27,CHO-071,464,464.0,48,29.7,1,1,1,,False
3086,ORD-2026-03086,CLI-016,PROD-005,2026-08-05 07:18:00,Santa Cruz,CAM-11,CHO-123,94,94.0,48,38.3,1,1,1,,False
3087,ORD-2026-03087,CLI-081,PROD-024,2026-08-25 02:48:00,Santa Cruz,CAM-13,CHO-142,87,87.0,24,19.1,1,1,1,,False
3088,ORD-2026-03088,CLI-070,PROD-025,2026-08-26 20:05:00,Santa Cruz,CAM-20,CHO-034,373,373.0,48,50.9,0,1,0,,False
3089,ORD-2026-03089,CLI-054,PROD-010,2026-08-08 15:16:00,Tarija,CAM-03,CHO-045,87,87.0,72,71.3,1,1,1,,False
3090,ORD-2026-03090,CLI-008,PROD-038,2026-08-01 09:11:00,La Paz,CAM-30,CHO-063,42,42.0,48,36.7,1,1,1,,False
3091,ORD-2026-03091,CLI-085,PROD-042,2026-08-19 02:01:00,Tarija,CAM-03,CHO-031,225,225.0,24,21.1,1,1,1,,False
3092,ORD-2026-03092,CLI-072,PROD-009,2026-08-16 08:11:00,Oruro,CAM-05,CHO-003,10,10.0,24,16.5,1,1,1,,False
3093,ORD-2026-03093,CLI-005,PROD-037,2026-08-17 23:34:00,Tarija,CAM-12,CHO-082,430,430.0,24,15.4,1,1,1,,False
3094,ORD-2026-03094,CLI-076,PROD-019,2026-08-09 06:20:00,Cochabamba,CAM-08,CHO-111,304,304.0,72,49.5,1,1,1,,False
3095,ORD-2026-03095,CLI-057,PROD-024,2026-08-11 08:58:00,Cochabamba,CAM-01,CHO-124,333,333.0,48,36.3,1,1,1,,False
3096,ORD-2026-03096,CLI-096,PROD-024,2026-08-28 07:27:00,Oruro,CAM-07,CHO-119,451,451.0,48,36.8,1,1,1,,False
3097,ORD-2026-03097,CLI-017,PROD-007,2026-08-16 02:25:00,La Paz,CAM-30,CHO-083,11,11.0,48,30.1,1,1,1,,False
3098,ORD-2026-03098,CLI-029,PROD-043,2026-08-27 17:42:00,Cochabamba,CAM-08,CHO-124,186,186.0,24,19.3,1,1,1,,False
3099,ORD-2026-03099,CLI-033,PROD-036,2026-08-19 07:05:00,Tarija,CAM-03,CHO-061,196,196.0,48,52.2,0,1,0,,False
3100,ORD-2026-03100,CLI-080,PROD-021,2026-08-25 20:46:00,Oruro,CAM-24,CHO-003,369,369.0,72,49.3,1,1,1,,False
3101,ORD-2026-03101,CLI-083,PROD-031,2026-08-15 08:22:00,Cochabamba,CAM-23,CHO-151,155,155.0,72,72.1,0,1,0,,False
3102,ORD-2026-03102,CLI-012,PROD-039,2026-08-19 15:02:00,La Paz,CAM-09,CHO-021,333,333.0,48,38.3,1,1,1,,False
3103,ORD-2026-03103,CLI-065,PROD-007,2026-08-13 02:48:00,Santa Cruz,CAM-14,CHO-120,473,473.0,24,25.7,0,1,0,,False
3104,ORD-2026-03104,CLI-064,PROD-060,2026-08-02 23:21:00,Cochabamba,CAM-22,CHO-069,259,259.0,72,49.1,1,1,1,,False
3105,ORD-2026-03105,CLI-035,PROD-043,2026-08-03 08:56:00,Santa Cruz,CAM-14,CHO-092,19,19.0,72,66.7,1,1,1,,False
3106,ORD-2026-03106,CLI-030,PROD-005,2026-08-11 10:14:00,Tarija,CAM-03,CHO-044,338,338.0,24,17.3,1,1,1,,False
3107,ORD-2026-03107,CLI-059,PROD-026,2026-08-10 14:37:00,Santa Cruz,CAM-18,CHO-141,434,423.0,72,67.7,1,0,0,,False
3108,ORD-2026-03108,CLI-049,PROD-019,2026-08-30 00:07:00,Cochabamba,CAM-01,CHO-115,270,270.0,24,21.9,1,1,1,,False
3109,ORD-2026-03109,CLI-072,PROD-030,2026-08-07 11:20:00,Santa Cruz,CAM-21,CHO-096,77,77.0,48,38.0,1,1,1,,False
3110,ORD-2026-03110,CLI-092,PROD-028,2026-08-11 02:19:00,Oruro,CAM-07,CHO-136,29,29.0,48,37.7,1,1,1,,False
3111,ORD-2026-03111,CLI-069,PROD-050,2026-08-20 14:23:00,Cochabamba,CAM-22,CHO-125,495,495.0,72,73.9,0,1,0,,False
3112,ORD-2026-03112,CLI-092,PROD-021,2026-08-29 06:15:00,La Paz,CAM-09,CHO-039,355,355.0,48,55.7,0,1,0,,False
3113,ORD-2026-03113,CLI-039,PROD-010,2026-08-30 05:22:00,Oruro,CAM-07,CHO-051,379,379.0,48,46.9,1,1,1,,False
3114,ORD-2026-03114,CLI-020,PROD-011,2026-08-09 14:55:00,Cochabamba,CAM-08,CHO-058,151,151.0,48,43.9,1,1,1,,False
3115,ORD-2026-03115,CLI-048,PROD-003,2026-08-29 08:07:00,Santa Cruz,CAM-13,CHO-100,445,445.0,48,42.9,1,1,1,,False
3116,ORD-2026-03116,CLI-007,PROD-022,2026-08-29 12:12:00,Oruro,CAM-05,CHO-118,421,421.0,24,20.6,1,1,1,,False
3117,ORD-2026-03117,CLI-004,PROD-019,2026-08-29 19:37:00,Tarija,CAM-12,CHO-010,141,141.0,48,25.3,1,1,1,,False
3118,ORD-2026-03118,CLI-011,PROD-034,2026-08-25 20:40:00,Cochabamba,CAM-19,CHO-069,13,13.0,24,20.7,1,1,1,,False
3119,ORD-2026-03119,CLI-037,PROD-011,2026-08-03 00:07:00,Santa Cruz,CAM-13,CHO-076,176,176.0,48,52.7,0,1,0,,False
3120,ORD-2026-03120,CLI-040,PROD-046,2026-08-09 23:26:00,Santa Cruz,CAM-04,CHO-129,340,340.0,48,31.3,1,1,1,,False
3121,ORD-2026-03121,CLI-084,PROD-029,2026-08-22 03:20:00,La Paz,CAM-30,CHO-139,304,304.0,24,17.6,1,1,1,,False
3122,ORD-2026-03122,CLI-087,PROD-013,2026-08-16 13:14:00,Tarija,CAM-12,CHO-015,85,66.0,48,41.0,1,0,0,,False
3123,ORD-2026-03123,CLI-022,PROD-020,2026-08-02 23:26:00,Cochabamba,CAM-01,CHO-147,126,126.0,24,20.9,1,1,1,,False
3124,ORD-2026-03124,CLI-060,PROD-050,2026-08-13 11:47:00,Tarija,CAM-12,CHO-015,487,,72,43.5,1,1,1,cantidad_entregada,True
3125,ORD-2026-03125,CLI-036,PROD-017,2026-08-12 17:00:00,La Paz,CAM-09,CHO-017,253,253.0,48,49.2,0,1,0,,False
3126,ORD-2026-03126,CLI-015,PROD-052,2026-08-22 14:14:00,Santa Cruz,CAM-20,CHO-004,216,216.0,72,54.7,1,1,1,,False
3127,ORD-2026-03127,CLI-096,PROD-050,2026-08-10 07:27:00,Santa Cruz,CAM-20,CHO-018,223,223.0,48,36.4,1,1,1,,False
3128,ORD-2026-03128,CLI-060,PROD-023,2026-08-15 06:47:00,Tarija,CAM-12,CHO-026,78,78.0,24,16.5,1,1,1,,False
3129,ORD-2026-03129,CLI-033,PROD-034,2026-08-08 08:27:00,Tarija,CAM-03,CHO-036,141,132.0,24,17.0,1,0,0,,False
3130,ORD-2026-03130,CLI-023,PROD-047,2026-08-19 22:29:00,Oruro,CAM-02,CHO-144,438,438.0,24,20.3,1,1,1,,False
3131,ORD-2026-03131,CLI-083,PROD-057,2026-08-18 08:32:00,La Paz,CAM-15,CHO-148,428,428.0,48,36.1,1,1,1,,False
3132,ORD-2026-03132,CLI-035,PROD-056,2026-08-24 12:34:00,Cochabamba,CAM-22,CHO-094,57,57.0,72,64.8,1,1,1,,False
3133,ORD-2026-03133,CLI-097,PROD-055,2026-08-17 00:14:00,Santa Cruz,CAM-11,CHO-037,213,213.0,24,14.4,1,1,1,,False
3134,ORD-2026-03134,CLI-041,PROD-056,2026-08-18 20:44:00,Oruro,CAM-05,CHO-117,441,441.0,48,39.7,1,1,1,,False
3135,ORD-2026-03135,CLI-014,PROD-004,2026-08-10 20:05:00,Oruro,CAM-02,CHO-032,276,276.0,24,20.0,1,1,1,,False
3136,ORD-2026-03136,CLI-013,PROD-056,2026-08-27 01:56:00,Santa Cruz,CAM-13,CHO-129,160,160.0,24,19.8,1,1,1,,False
3137,ORD-2026-03137,CLI-082,PROD-004,2026-08-18 19:57:00,Oruro,CAM-16,CHO-119,485,485.0,72,44.0,1,1,1,,False
3138,ORD-2026-03138,CLI-081,PROD-032,2026-08-02 23:18:00,Cochabamba,CAM-17,CHO-006,249,249.0,72,62.4,1,1,1,,False
3139,ORD-2026-03139,CLI-071,PROD-047,2026-08-26 18:48:00,La Paz,CAM-15,CHO-126,14,14.0,48,20.7,1,1,1,,False
3140,ORD-2026-03140,CLI-038,PROD-020,2026-08-23 02:58:00,Cochabamba,CAM-08,CHO-135,481,481.0,72,55.7,1,1,1,,False
3141,ORD-2026-03141,CLI-041,PROD-035,2026-08-15 22:11:00,La Paz,CAM-28,CHO-066,371,,24,22.4,1,1,1,cantidad_entregada,True
3142,ORD-2026-03142,CLI-061,PROD-052,2026-08-04 22:08:00,La Paz,CAM-28,CHO-063,388,388.0,24,19.1,1,1,1,,False
3143,ORD-2026-03143,CLI-054,PROD-036,2026-08-26 19:50:00,Tarija,CAM-12,CHO-043,377,377.0,72,54.1,1,1,1,,False
3144,ORD-2026-03144,CLI-005,PROD-055,2026-08-16 04:15:00,La Paz,CAM-15,CHO-027,257,257.0,24,22.5,1,1,1,,False
3145,ORD-2026-03145,CLI-001,PROD-046,2026-08-21 11:01:00,Cochabamba,CAM-17,CHO-135,130,130.0,48,33.7,1,1,1,,False
3146,ORD-2026-03146,CLI-013,PROD-012,2026-08-25 17:11:00,Oruro,CAM-05,CHO-144,181,181.0,48,46.2,1,1,1,,False
3147,ORD-2026-03147,CLI-035,PROD-008,2026-08-30 10:01:00,La Paz,CAM-28,CHO-049,47,47.0,72,62.7,1,1,1,,False
3148,ORD-2026-03148,CLI-078,PROD-045,2026-08-23 04:45:00,La Paz,CAM-09,CHO-091,138,138.0,48,31.7,1,1,1,,False
3149,ORD-2026-03149,CLI-007,PROD-029,2026-08-04 02:46:00,La Paz,CAM-09,CHO-039,398,398.0,24,15.7,1,1,1,,False
3150,ORD-2026-03150,CLI-027,PROD-042,2026-08-17 04:28:00,Tarija,CAM-03,CHO-012,226,226.0,72,61.1,1,1,1,,False
3151,ORD-2026-03151,CLI-047,PROD-013,2026-08-06 10:56:00,Cochabamba,CAM-22,CHO-151,16,16.0,48,54.1,0,1,0,,False
3152,ORD-2026-03152,CLI-085,PROD-058,2026-08-21 06:27:00,Santa Cruz,CAM-21,CHO-113,342,342.0,48,46.8,1,1,1,,False
3153,ORD-2026-03153,CLI-051,PROD-012,2026-08-18 09:55:00,La Paz,CAM-28,CHO-102,89,89.0,72,68.5,1,1,1,,False
3154,ORD-2026-03154,CLI-078,PROD-034,2026-08-27 15:28:00,La Paz,CAM-15,CHO-063,335,320.0,72,58.9,1,0,0,,False
3155,ORD-2026-03155,CLI-074,PROD-056,2026-08-02 17:24:00,Cochabamba,CAM-01,CHO-069,269,269.0,72,58.8,1,1,1,,False
3156,ORD-2026-03156,CLI-038,PROD-019,2026-08-28 17:22:00,Santa Cruz,CAM-13,CHO-081,177,177.0,48,36.3,1,1,1,,False
3157,ORD-2026-03157,CLI-056,PROD-005,2026-08-09 11:02:00,Tarija,CAM-26,CHO-146,53,53.0,48,46.0,1,1,1,,False
3158,ORD-2026-03158,CLI-049,PROD-013,2026-08-06 11:13:00,Santa Cruz,CAM-14,CHO-075,256,256.0,72,55.6,1,1,1,,False
3159,ORD-2026-03159,CLI-002,PROD-056,2026-08-23 10:56:00,Cochabamba,CAM-23,CHO-131,231,231.0,24,25.0,0,1,0,,False
3160,ORD-2026-03160,CLI-091,PROD-028,2026-08-19 16:11:00,Santa Cruz,CAM-04,CHO-085,141,141.0,48,35.1,1,1,1,,False
3161,ORD-2026-03161,CLI-059,PROD-022,2026-08-16 13:15:00,Tarija,CAM-03,CHO-122,181,181.0,72,80.7,0,1,0,,False
3162,ORD-2026-03162,CLI-044,PROD-006,2026-08-30 12:43:00,La Paz,CAM-30,CHO-063,42,42.0,48,35.0,1,1,1,,False
3163,ORD-2026-03163,CLI-055,PROD-014,2026-08-20 03:27:00,La Paz,CAM-09,CHO-057,161,161.0,48,36.8,1,1,1,,False
3164,ORD-2026-03164,CLI-026,PROD-001,2026-08-21 11:33:00,Cochabamba,CAM-01,CHO-016,368,368.0,72,66.7,1,1,1,,False
3165,ORD-2026-03165,CLI-028,PROD-017,2026-08-18 17:06:00,Santa Cruz,CAM-13,CHO-081,110,110.0,72,71.6,1,1,1,,False
3166,ORD-2026-03166,CLI-073,PROD-008,2026-08-21 17:24:00,Oruro,CAM-05,CHO-067,438,438.0,24,24.7,0,1,0,,False
3167,ORD-2026-03167,CLI-013,PROD-059,2026-08-03 08:54:00,Tarija,CAM-12,CHO-009,365,365.0,24,15.5,1,1,1,,False
3168,ORD-2026-03168,CLI-091,PROD-056,2026-08-02 23:29:00,Santa Cruz,CAM-20,CHO-096,370,370.0,48,35.0,1,1,1,,False
3169,ORD-2026-03169,CLI-061,PROD-036,2026-08-04 17:52:00,Cochabamba,CAM-22,CHO-041,264,264.0,48,44.8,1,1,1,,False
3170,ORD-2026-03170,CLI-072,PROD-001,2026-08-25 08:48:00,Cochabamba,CAM-23,CHO-041,80,80.0,48,35.8,1,1,1,,False
3171,ORD-2026-03171,CLI-057,PROD-042,2026-08-02 01:36:00,Tarija,CAM-26,CHO-146,419,419.0,48,45.0,1,1,1,,False
3172,ORD-2026-03172,CLI-083,PROD-057,2026-08-02 01:49:00,Santa Cruz,CAM-14,CHO-046,188,188.0,48,42.1,1,1,1,,False
3173,ORD-2026-03173,CLI-043,PROD-008,2026-08-06 23:10:00,La Paz,CAM-28,CHO-063,14,14.0,24,25.6,0,1,0,,False
3174,ORD-2026-03174,CLI-007,PROD-021,2026-08-28 11:46:00,Cochabamba,CAM-01,CHO-094,220,220.0,48,50.9,0,1,0,,False
3175,ORD-2026-03175,CLI-019,PROD-048,2026-08-07 18:39:00,Santa Cruz,CAM-11,CHO-100,154,154.0,48,50.8,0,1,0,,False
3176, ord-2026-03176 ,CLI-014,PROD-004,2026-08-07 22:44:00,Santa Cruz,CAM-29,CHO-076,106,106.0,72,60.6,1,1,1,order_id,True
3177,ORD-2026-03177,CLI-081,PROD-028,2026-08-29 07:19:00,Santa Cruz,CAM-14,CHO-060,169,169.0,48,38.6,1,1,1,,False
3178,ORD-2026-03178,CLI-085,PROD-009,2026-08-26 06:43:00,Cochabamba,CAM-23,CHO-086,55,55.0,48,39.2,1,1,1,,False
3179,ORD-2026-03179,CLI-029,PROD-032,2026-08-22 22:47:00,Tarija,CAM-26,CHO-031,147,147.0,24,15.6,1,1,1,,False
3180,ORD-2026-03180,CLI-038,PROD-030,2026-08-05 13:30:00,La Paz,CAM-27,CHO-071,345,345.0,24,18.6,1,1,1,,False
3181,ORD-2026-03181,CLI-016,PROD-025,2026-08-26 02:13:00,Cochabamba,CAM-08,CHO-124,370,363.0,72,67.8,1,0,0,,False
3182,ORD-2026-03182,CLI-055,PROD-029,2026-08-16 10:17:00,Cochabamba,CAM-22,CHO-125,494,494.0,48,36.1,1,1,1,,False
3183,ORD-2026-03183,CLI-097,PROD-046,2026-08-26 21:39:00,Cochabamba,CAM-08,CHO-077,482,482.0,48,39.4,1,1,1,,False
3184,ORD-2026-03184,CLI-079,PROD-035,2026-08-01 23:55:00,La Paz,CAM-09,CHO-072,126,126.0,24,13.5,1,1,1,,False
3185,ORD-2026-03185,CLI-050,PROD-025,2026-08-12 10:53:00,Oruro,CAM-05,CHO-144,90,90.0,72,71.8,1,1,1,,False
3186,ORD-2026-03186,CLI-022,PROD-051,2026-08-01 05:06:00,Santa Cruz,CAM-14,CHO-149,155,155.0,72,68.8,1,1,1,,False
3187,ORD-2026-03187,CLI-087,PROD-045,2026-08-04 12:23:00,Tarija,CAM-12,CHO-061,266,266.0,72,81.0,0,1,0,,False
3188,ORD-2026-03188,CLI-010,PROD-055,2026-08-25 09:18:00,Oruro,CAM-07,CHO-098,443,,72,70.2,1,1,1,cantidad_entregada,True
3189,ORD-2026-03189,CLI-062,PROD-021,2026-08-27 13:05:00,Oruro,CAM-07,CHO-051,412,412.0,24,22.8,1,1,1,,False
3190,ORD-2026-03190,CLI-064,PROD-022,2026-08-01 14:05:00,Oruro,CAM-05,CHO-003,307,307.0,48,40.2,1,1,1,,False
3191,ORD-2026-03191,CLI-025,PROD-057,2026-08-16 13:28:00,Santa Cruz,CAM-06,CHO-024,490,490.0,48,27.4,1,1,1,,False
3192,ORD-2026-03192,CLI-064,PROD-034,2026-08-30 03:41:00,Oruro,CAM-02,CHO-067,458,458.0,48,24.8,1,1,1,,False
3193,ORD-2026-03193,CLI-037,PROD-033,2026-08-14 23:11:00,Cochabamba,CAM-08,CHO-086,77,63.0,48,53.6,0,0,0,,False
3194, ord-2026-03194 ,CLI-053,PROD-010,2026-08-07 09:29:00,Santa Cruz,CAM-20,CHO-097,91,91.0,24,22.0,1,1,1,order_id,True
3195,ORD-2026-03195,CLI-049,PROD-033,2026-08-01 13:31:00,Oruro,CAM-05,CHO-136,119,119.0,48,38.7,1,1,1,,False
3196,ORD-2026-03196,CLI-007,PROD-006,2026-08-18 01:21:00,Oruro,CAM-16,CHO-110,237,237.0,48,29.2,1,1,1,,False
3197,ORD-2026-03197,CLI-014,PROD-042,2026-08-09 07:01:00,Santa Cruz,CAM-18,CHO-109,261,261.0,24,22.3,1,1,1,,False
3198,ORD-2026-03198,CLI-060,PROD-058,2026-08-04 19:31:00,Santa Cruz,CAM-14,CHO-013,371,371.0,24,23.3,1,1,1,,False
3199,ORD-2026-03199,CLI-046,PROD-016,2026-08-04 08:39:00,La Paz,CAM-27,CHO-139,307,307.0,48,47.3,1,1,1,,False
3200,ORD-2026-03200,CLI-073,PROD-035,2026-08-01 11:27:00,Santa Cruz,CAM-13,CHO-053,161,161.0,48,46.6,1,1,1,,False
3201,ORD-2026-03201,CLI-095,PROD-051,2026-08-14 01:22:00,Tarija,CAM-03,CHO-008,469,469.0,48,49.0,0,1,0,,False
3202,ORD-2026-03202,CLI-073,PROD-022,2026-08-24 17:47:00,Cochabamba,CAM-08,CHO-131,278,278.0,48,38.0,1,1,1,,False
3203,ORD-2026-03203,CLI-020,PROD-051,2026-08-30 13:31:00,Cochabamba,CAM-08,CHO-077,394,394.0,24,17.8,1,1,1,,False
3204,ORD-2026-03204,CLI-002,PROD-036,2026-08-15 12:38:00,Santa Cruz,CAM-06,CHO-123,481,477.0,48,42.1,1,0,0,,False
3205,ORD-2026-03205,CLI-041,PROD-033,2026-08-10 05:12:00,Cochabamba,CAM-22,CHO-130,416,416.0,24,17.0,1,1,1,,False
3206,ORD-2026-03206,CLI-054,PROD-044,2026-08-16 21:17:00,Tarija,CAM-26,CHO-043,496,496.0,48,41.9,1,1,1,,False
3207,ORD-2026-03207,CLI-006,PROD-012,2026-08-25 03:44:00,Tarija,CAM-03,CHO-015,414,414.0,24,14.2,1,1,1,,False
3208,ORD-2026-03208,CLI-069,PROD-016,2026-08-21 05:07:00,Oruro,CAM-07,CHO-110,66,66.0,72,58.9,1,1,1,,False
3209,ORD-2026-03209,CLI-096,PROD-006,2026-08-30 01:06:00,Santa Cruz,CAM-06,CHO-025,98,98.0,24,22.9,1,1,1,,False
3210,ORD-2026-03210,CLI-042,PROD-034,2026-08-01 19:12:00,Oruro,CAM-24,CHO-136,148,148.0,24,25.2,0,1,0,,False
3211,ORD-2026-03211,CLI-060,PROD-025,2026-08-12 20:12:00,Cochabamba,CAM-08,CHO-115,181,181.0,72,62.8,1,1,1,,False
3212,ORD-2026-03212,CLI-036,PROD-027,2026-08-21 04:56:00,Santa Cruz,CAM-21,CHO-070,165,165.0,72,65.9,1,1,1,,False
3213,ORD-2026-03213,CLI-043,PROD-027,2026-08-15 10:53:00,Oruro,CAM-07,CHO-119,312,312.0,72,60.5,1,1,1,,False
3214,ORD-2026-03214,CLI-062,PROD-044,2026-08-25 23:01:00,La Paz,CAM-15,CHO-052,52,52.0,48,46.4,1,1,1,,False
3215,ORD-2026-03215,CLI-028,PROD-035,2026-08-13 07:49:00,Oruro,CAM-05,CHO-144,495,495.0,48,39.6,1,1,1,,False
3216,ORD-2026-03216,CLI-045,PROD-005,2026-08-08 17:10:00,Santa Cruz,CAM-10,CHO-128,395,395.0,48,45.1,1,1,1,,False
3217,ORD-2026-03217,CLI-004,PROD-008,2026-08-19 22:05:00,Cochabamba,CAM-22,CHO-124,328,328.0,24,16.2,1,1,1,,False
3218,ORD-2026-03218,CLI-047,PROD-014,2026-08-27 05:35:00,La Paz,CAM-28,CHO-139,101,101.0,48,32.0,1,1,1,,False
3219,ORD-2026-03219,CLI-056,PROD-058,2026-08-16 22:20:00,Cochabamba,CAM-22,CHO-016,266,266.0,72,62.5,1,1,1,,False
3220,ORD-2026-03220,CLI-065,PROD-001,2026-08-21 08:19:00,Oruro,CAM-05,CHO-117,220,220.0,24,21.7,1,1,1,,False
3221,ORD-2026-03221,CLI-056,PROD-002,2026-08-07 20:00:00,Santa Cruz,CAM-20,CHO-109,219,219.0,72,50.5,1,1,1,,False
3222,ORD-2026-03222,CLI-010,PROD-001,2026-08-18 14:48:00,Tarija,CAM-12,CHO-008,181,181.0,24,21.1,1,1,1,,False
3223,ORD-2026-03223,CLI-056,PROD-038,2026-08-07 17:39:00,Tarija,CAM-12,CHO-031,184,184.0,48,33.3,1,1,1,,False
3224,ORD-2026-03224,CLI-096,PROD-033,2026-08-04 16:50:00,La Paz,CAM-15,CHO-066,83,83.0,24,18.6,1,1,1,,False
3225,ORD-2026-03225,CLI-095,PROD-037,2026-08-15 13:01:00,La Paz,CAM-15,CHO-126,477,477.0,48,45.1,1,1,1,,False
3226,ORD-2026-03226,CLI-043,PROD-013,2026-08-29 22:30:00,Santa Cruz,CAM-14,CHO-096,475,457.0,24,20.8,1,0,0,,False
3227,ORD-2026-03227,CLI-041,PROD-036,2026-08-18 13:12:00,La Paz,CAM-09,CHO-049,336,336.0,72,41.6,1,1,1,,False
3228,ORD-2026-03228,CLI-009,PROD-027,2026-08-05 08:01:00,La Paz,CAM-15,CHO-040,229,,72,74.1,0,1,0,cantidad_entregada,True
3229,ORD-2026-03229,CLI-004,PROD-057,2026-08-15 12:02:00,Santa Cruz,CAM-10,CHO-034,208,208.0,24,18.7,1,1,1,,False
3230,ORD-2026-03230,CLI-037,PROD-054,2026-08-17 23:52:00,La Paz,CAM-28,CHO-066,387,387.0,72,40.5,1,1,1,,False
3231,ORD-2026-03231,CLI-087,PROD-010,2026-08-06 01:48:00,Tarija,CAM-26,CHO-043,62,62.0,48,43.5,1,1,1,,False
3232,ORD-2026-03232,CLI-037,PROD-040,2026-08-06 21:42:00,Tarija,CAM-03,CHO-031,26,26.0,24,21.1,1,1,1,,False
3233,ORD-2026-03233,CLI-049,PROD-034,2026-08-30 02:27:00,Tarija,CAM-03,CHO-045,106,106.0,72,49.5,1,1,1,,False
3234,ORD-2026-03234,CLI-068,PROD-044,2026-08-07 23:58:00,Tarija,CAM-03,CHO-105,204,204.0,48,39.2,1,1,1,,False
3235,ORD-2026-03235,CLI-084,PROD-009,2026-08-19 02:59:00,La Paz,CAM-28,CHO-139,375,375.0,48,50.2,0,1,0,,False
3236,ORD-2026-03236,CLI-013,PROD-004,2026-08-07 03:25:00,La Paz,CAM-28,CHO-023,477,477.0,48,44.3,1,1,1,,False
3237,ORD-2026-03237,CLI-098,PROD-033,2026-08-08 18:03:00,Oruro,CAM-24,CHO-038,297,282.0,24,26.9,0,0,0,,False
3238,ORD-2026-03238,CLI-009,PROD-023,2026-08-14 02:13:00,Santa Cruz,CAM-29,CHO-128,37,37.0,72,64.6,1,1,1,,False
3239,ORD-2026-03239,CLI-068,PROD-006,2026-08-03 06:52:00,Cochabamba,CAM-22,CHO-112,196,196.0,72,62.3,1,1,1,,False
3240,ORD-2026-03240,CLI-049,PROD-046,2026-08-25 05:43:00,Santa Cruz,CAM-29,CHO-018,360,360.0,24,25.3,0,1,0,,False
3241,ORD-2026-03241,CLI-081,PROD-011,2026-08-01 18:50:00,Cochabamba,CAM-22,CHO-019,471,471.0,24,17.0,1,1,1,,False
3242,ORD-2026-03242,CLI-025,PROD-048,2026-08-15 03:10:00,La Paz,CAM-30,CHO-083,454,,48,38.7,1,1,1,cantidad_entregada,True
3243,ORD-2026-03243,CLI-076,PROD-053,2026-08-05 03:16:00,Cochabamba,CAM-17,CHO-090,398,398.0,24,22.9,1,1,1,,False
3244,ORD-2026-03244,CLI-039,PROD-005,2026-08-23 04:04:00,Oruro,CAM-02,CHO-118,296,296.0,48,40.9,1,1,1,,False
3245,ORD-2026-03245,CLI-088,PROD-005,2026-08-08 20:03:00,La Paz,CAM-15,CHO-066,170,170.0,48,47.3,1,1,1,,False
3246,ORD-2026-03246,CLI-003,PROD-006,2026-08-10 21:31:00,Oruro,CAM-24,CHO-067,11,11.0,48,40.4,1,1,1,,False
3247,ORD-2026-03247,CLI-011,PROD-014,2026-08-20 05:54:00,La Paz,CAM-30,CHO-052,141,,24,23.1,1,1,1,cantidad_entregada,True
3248,ORD-2026-03248,CLI-050,PROD-047,2026-08-15 00:52:00,Tarija,CAM-26,CHO-132,150,139.0,24,16.8,1,0,0,,False
3249,ORD-2026-03249,CLI-072,PROD-038,2026-08-14 16:38:00,Tarija,CAM-03,CHO-009,401,401.0,24,19.5,1,1,1,,False
3250,ORD-2026-03250,CLI-033,PROD-005,2026-08-24 18:21:00,Tarija,CAM-12,CHO-036,270,270.0,72,51.9,1,1,1,,False
3251,ORD-2026-03251,CLI-088,PROD-052,2026-08-08 01:27:00,Cochabamba,CAM-22,CHO-054,240,240.0,24,18.2,1,1,1,,False
3252,ORD-2026-03252,CLI-082,PROD-026,2026-08-17 02:21:00,La Paz,CAM-27,CHO-107,374,374.0,24,12.9,1,1,1,,False
3253,ORD-2026-03253,CLI-028,PROD-005,2026-08-09 22:55:00,Tarija,CAM-26,CHO-132,356,356.0,48,36.3,1,1,1,,False
3254,ORD-2026-03254,CLI-100,PROD-033,2026-08-15 11:22:00,La Paz,CAM-28,CHO-126,230,230.0,48,44.4,1,1,1,,False
3255,ORD-2026-03255,CLI-035,PROD-057,2026-08-21 17:48:00,Cochabamba,CAM-22,CHO-058,88,88.0,48,30.9,1,1,1,,False
3256,ORD-2026-03256,CLI-039,PROD-043,2026-08-23 10:57:00,Tarija,CAM-12,CHO-043,309,309.0,24,14.6,1,1,1,,False
3257,ORD-2026-03257,CLI-085,PROD-008,2026-08-05 05:48:00,La Paz,CAM-27,CHO-052,399,399.0,24,17.0,1,1,1,,False
3258,ORD-2026-03258,CLI-036,PROD-053,2026-08-22 19:30:00,Tarija,CAM-12,CHO-082,25,25.0,24,14.3,1,1,1,,False
3259,ORD-2026-03259,CLI-037,PROD-048,2026-08-29 19:11:00,Oruro,CAM-07,CHO-118,190,190.0,24,25.1,0,1,0,,False
3260,ORD-2026-03260,CLI-099,PROD-044,2026-08-29 02:12:00,Oruro,CAM-24,CHO-119,12,12.0,48,36.5,1,1,1,,False
3261,ORD-2026-03261,CLI-037,PROD-051,2026-08-28 13:39:00,La Paz,CAM-09,CHO-137,74,59.0,72,74.0,0,0,0,,False
3262,ORD-2026-03262,CLI-055,PROD-045,2026-08-07 11:57:00,La Paz,CAM-15,CHO-002,138,138.0,24,20.8,1,1,1,,False
3263,ORD-2026-03263,CLI-074,PROD-006,2026-08-19 05:48:00,Oruro,CAM-16,CHO-067,141,141.0,48,40.1,1,1,1,,False
3264,ORD-2026-03264,CLI-014,PROD-019,2026-08-30 18:07:00,Santa Cruz,CAM-13,CHO-030,220,220.0,48,36.9,1,1,1,,False
3265,ORD-2026-03265,CLI-087,PROD-051,2026-08-02 07:23:00,Oruro,CAM-05,CHO-032,480,,24,16.9,1,0,0,cantidad_entregada,True
3266,ORD-2026-03266,CLI-004,PROD-026,2026-08-18 14:41:00,Cochabamba,CAM-23,CHO-089,421,409.0,24,12.1,1,0,0,,False
3267,ORD-2026-03267,CLI-011,PROD-036,2026-08-23 20:27:00,Tarija,CAM-03,CHO-009,391,391.0,72,58.4,1,1,1,,False
3268,ORD-2026-03268,CLI-012,PROD-051,2026-08-05 03:34:00,La Paz,CAM-28,CHO-083,420,420.0,48,39.0,1,1,1,,False
3269,ORD-2026-03269,CLI-048,PROD-050,2026-08-06 22:30:00,Santa Cruz,CAM-14,CHO-028,492,492.0,48,45.6,1,1,1,,False
3270,ORD-2026-03270,CLI-059,PROD-012,2026-08-18 22:46:00,Oruro,CAM-05,CHO-118,370,370.0,48,40.0,1,1,1,,False
3271,ORD-2026-03271,CLI-096,PROD-036,2026-08-23 06:24:00,Santa Cruz,CAM-14,CHO-097,474,474.0,24,19.5,1,1,1,,False
3272,ORD-2026-03272,CLI-067,PROD-010,2026-08-11 12:53:00,Cochabamba,CAM-01,CHO-058,420,420.0,24,20.7,1,1,1,,False
3273,ORD-2026-03273,CLI-038,PROD-016,2026-08-27 12:29:00,Tarija,CAM-26,CHO-105,176,176.0,48,42.5,1,1,1,,False
3274,ORD-2026-03274,CLI-015,PROD-009,2026-08-30 09:29:00,Oruro,CAM-02,CHO-119,226,226.0,48,36.5,1,1,1,,False
3275,ORD-2026-03275,CLI-065,PROD-019,2026-08-10 23:27:00,La Paz,CAM-28,CHO-107,359,359.0,24,20.4,1,1,1,,False
3276,ORD-2026-03276,CLI-030,PROD-015,2026-08-17 09:27:00,Tarija,CAM-12,CHO-082,87,87.0,48,36.7,1,1,1,,False
3277,ORD-2026-03277,CLI-019,PROD-048,2026-08-23 06:28:00,Cochabamba,CAM-01,CHO-019,269,269.0,72,43.2,1,1,1,,False
3278,ORD-2026-03278,CLI-062,PROD-033,2026-08-10 13:05:00,Cochabamba,CAM-08,CHO-130,320,320.0,48,36.0,1,1,1,,False
3279,ORD-2026-03279,CLI-053,PROD-030,2026-08-06 00:17:00,Oruro,CAM-24,CHO-022,370,370.0,48,42.8,1,1,1,,False
3280,ORD-2026-03280,CLI-022,PROD-037,2026-08-04 15:06:00,Cochabamba,CAM-23,CHO-014,395,395.0,48,44.1,1,1,1,,False
3281,ORD-2026-03281,CLI-045,PROD-046,2026-08-08 14:43:00,Cochabamba,CAM-19,CHO-016,347,347.0,48,51.0,0,1,0,,False
3282,ORD-2026-03282,CLI-090,PROD-036,2026-08-15 20:57:00,La Paz,CAM-09,CHO-072,419,419.0,48,46.2,1,1,1,,False
3283,ORD-2026-03283,CLI-051,PROD-009,2026-08-14 14:34:00,Oruro,CAM-16,CHO-022,221,221.0,48,39.7,1,1,1,,False
3284,ORD-2026-03284,CLI-006,PROD-035,2026-08-03 23:53:00,Cochabamba,CAM-08,CHO-047,212,212.0,24,15.1,1,1,1,,False
3285,ORD-2026-03285,CLI-053,PROD-052,2026-08-07 08:47:00,Cochabamba,CAM-22,CHO-130,66,66.0,24,23.3,1,1,1,,False
3286,ORD-2026-03286,CLI-059,PROD-006,2026-08-27 08:22:00,Oruro,CAM-24,CHO-144,68,68.0,48,55.9,0,1,0,,False
3287,ORD-2026-03287,CLI-027,PROD-006,2026-08-24 09:02:00,Tarija,CAM-03,CHO-043,384,384.0,72,55.2,1,1,1,,False
3288,ORD-2026-03288,CLI-074,PROD-013,2026-08-12 17:37:00,Santa Cruz,CAM-14,CHO-029,101,101.0,48,38.6,1,1,1,,False
3289,ORD-2026-03289,CLI-097,PROD-060,2026-08-21 13:22:00,Cochabamba,CAM-01,CHO-151,485,485.0,24,21.0,1,1,1,,False
3290,ORD-2026-03290,CLI-029,PROD-046,2026-08-02 02:02:00,Tarija,CAM-12,CHO-146,254,254.0,48,33.2,1,1,1,,False
3291,ORD-2026-03291,CLI-097,PROD-033,2026-08-25 02:03:00,Oruro,CAM-02,CHO-067,102,102.0,24,18.7,1,1,1,,False
3292,ORD-2026-03292,CLI-067,PROD-055,2026-08-02 21:00:00,La Paz,CAM-28,CHO-017,134,134.0,24,21.1,1,1,1,,False
3293,ORD-2026-03293,CLI-092,PROD-002,2026-08-06 06:59:00,Cochabamba,CAM-22,CHO-086,86,86.0,48,51.9,0,1,0,,False
3294,ORD-2026-03294,CLI-058,PROD-042,2026-08-22 06:12:00,Cochabamba,CAM-01,CHO-087,64,64.0,24,15.8,1,1,1,,False
3295,ORD-2026-03295,CLI-080,PROD-046,2026-08-27 05:01:00,Tarija,CAM-12,CHO-056,471,471.0,48,32.9,1,1,1,,False
3296,ORD-2026-03296,CLI-035,PROD-004,2026-08-21 01:58:00,La Paz,CAM-30,CHO-139,98,98.0,48,40.4,1,1,1,,False
3297,ORD-2026-03297,CLI-049,PROD-029,2026-08-23 07:18:00,Oruro,CAM-07,CHO-144,231,231.0,24,18.0,1,1,1,,False
3298,ORD-2026-03298,CLI-022,PROD-033,2026-08-21 09:33:00,Tarija,CAM-26,CHO-088,186,174.0,24,17.6,1,0,0,,False
3299,ORD-2026-03299,CLI-086,PROD-055,2026-08-29 08:32:00,Cochabamba,CAM-01,CHO-006,326,326.0,48,35.3,1,1,1,,False
3300,ORD-2026-03300,CLI-088,PROD-043,2026-08-06 22:22:00,Santa Cruz,CAM-13,CHO-053,60,60.0,48,31.9,1,1,1,,False
3301,ORD-2026-03301,CLI-006,PROD-057,2026-08-09 19:27:00,La Paz,CAM-09,CHO-040,331,331.0,48,46.2,1,1,1,,False
3302,ORD-2026-03302,CLI-068,PROD-056,2026-08-22 06:23:00,Oruro,CAM-05,CHO-136,261,261.0,72,52.2,1,1,1,,False
3303,ORD-2026-03303,CLI-022,PROD-037,2026-08-28 11:09:00,Cochabamba,CAM-17,CHO-006,435,427.0,48,42.2,1,0,0,,False
3304,ORD-2026-03304,CLI-100,PROD-046,2026-08-24 17:29:00,Santa Cruz,CAM-10,CHO-059,40,40.0,24,10.6,1,1,1,,False
3305,ORD-2026-03305,CLI-015,PROD-027,2026-08-29 05:35:00,Tarija,CAM-12,CHO-122,135,135.0,24,26.6,0,1,0,,False
3306,ORD-2026-03306,CLI-036,PROD-013,2026-08-16 22:28:00,Cochabamba,CAM-22,CHO-016,238,238.0,72,42.5,1,1,1,,False
3307,ORD-2026-03307,CLI-035,PROD-052,2026-08-08 10:53:00,Cochabamba,CAM-01,CHO-140,269,269.0,24,19.1,1,1,1,,False
3308,ORD-2026-03308,CLI-062,PROD-005,2026-08-25 03:50:00,Tarija,CAM-03,CHO-026,138,138.0,24,21.1,1,1,1,,False
3309,ORD-2026-03309,CLI-043,PROD-038,2026-08-29 05:36:00,Cochabamba,CAM-22,CHO-135,95,95.0,48,37.2,1,1,1,,False
3310,ORD-2026-03310,CLI-073,PROD-010,2026-08-22 14:29:00,Tarija,CAM-12,CHO-012,417,417.0,72,56.9,1,1,1,,False
3311,ORD-2026-03311,CLI-053,PROD-043,2026-08-22 09:51:00,Tarija,CAM-03,CHO-050,81,81.0,24,15.2,1,1,1,,False
3312,ORD-2026-03312,CLI-035,PROD-028,2026-08-21 13:31:00,La Paz,CAM-09,CHO-064,203,203.0,48,43.0,1,1,1,,False
3313,ORD-2026-03313,CLI-049,PROD-009,2026-08-22 22:43:00,La Paz,CAM-09,CHO-134,73,55.0,48,33.8,1,0,0,,False
3314,ORD-2026-03314,CLI-094,PROD-045,2026-08-16 12:06:00,Santa Cruz,CAM-11,CHO-097,334,334.0,48,43.7,1,1,1,,False
3315,ORD-2026-03315,CLI-033,PROD-040,2026-08-17 16:23:00,Oruro,CAM-05,CHO-032,285,285.0,24,21.3,1,1,1,,False
3316,ORD-2026-03316,CLI-016,PROD-050,2026-08-09 02:42:00,La Paz,CAM-28,CHO-102,349,349.0,48,45.0,1,1,1,,False
3317,ORD-2026-03317,CLI-049,PROD-060,2026-08-09 14:02:00,Tarija,CAM-12,CHO-009,240,240.0,48,37.7,1,1,1,,False
3318,ORD-2026-03318,CLI-038,PROD-006,2026-08-25 02:42:00,La Paz,CAM-30,CHO-148,462,462.0,48,38.4,1,1,1,,False
3319,ORD-2026-03319,CLI-032,PROD-016,2026-08-13 03:04:00,Oruro,CAM-05,CHO-118,194,194.0,24,19.8,1,1,1,,False
3320,ORD-2026-03320,CLI-089,PROD-051,2026-08-28 00:40:00,Tarija,CAM-03,CHO-012,305,305.0,72,89.2,0,1,0,,False
3321,ORD-2026-03321,CLI-030,PROD-025,2026-08-23 01:44:00,Cochabamba,CAM-23,CHO-068,219,219.0,48,40.5,1,1,1,,False
3322,ORD-2026-03322,CLI-053,PROD-033,2026-08-18 19:32:00,La Paz,CAM-30,CHO-134,51,51.0,48,44.9,1,1,1,,False
3323,ORD-2026-03323,CLI-092,PROD-058,2026-08-09 15:53:00,Oruro,CAM-07,CHO-003,292,292.0,24,20.5,1,1,1,,False
3324, ord-2026-03324 ,CLI-010,PROD-022,2026-08-06 14:05:00,Cochabamba,CAM-22,CHO-115,408,395.0,72,52.2,1,0,0,order_id,True
3325,ORD-2026-03325,CLI-022,PROD-060,2026-08-21 10:38:00,Tarija,CAM-03,CHO-012,299,299.0,72,28.9,1,1,1,,False
3326,ORD-2026-03326,CLI-024,PROD-057,2026-08-28 02:16:00,La Paz,CAM-09,CHO-107,294,294.0,48,51.1,0,1,0,,False
3327,ORD-2026-03327,CLI-077,PROD-054,2026-08-12 03:22:00,Tarija,CAM-26,CHO-010,481,481.0,48,47.1,1,1,1,,False
3328,ORD-2026-03328,CLI-029,PROD-029,2026-08-10 09:04:00,Cochabamba,CAM-01,CHO-145,298,298.0,72,64.6,1,1,1,,False
3329,ORD-2026-03329,CLI-019,PROD-005,2026-08-03 22:02:00,Cochabamba,CAM-19,CHO-130,400,400.0,24,29.8,0,1,0,,False
3330,ORD-2026-03330,CLI-060,PROD-053,2026-08-24 11:34:00,Santa Cruz,CAM-18,CHO-035,246,246.0,24,25.2,0,1,0,,False
3331,ORD-2026-03331,CLI-019,PROD-028,2026-08-24 11:43:00,Cochabamba,CAM-23,CHO-019,449,449.0,24,15.1,1,1,1,,False
3332,ORD-2026-03332,CLI-088,PROD-045,2026-08-08 02:52:00,Cochabamba,CAM-19,CHO-125,248,248.0,72,59.7,1,1,1,,False
3333,ORD-2026-03333,CLI-023,PROD-060,2026-08-08 17:40:00,Tarija,CAM-12,CHO-048,336,336.0,48,45.7,1,1,1,,False
3334,ORD-2026-03334,CLI-054,PROD-012,2026-08-24 13:30:00,La Paz,CAM-28,CHO-005,209,209.0,24,23.7,1,1,1,,False
3335,ORD-2026-03335,CLI-014,PROD-011,2026-08-02 18:19:00,Tarija,CAM-12,CHO-146,494,494.0,48,41.4,1,1,1,,False
3336,ORD-2026-03336,CLI-004,PROD-020,2026-08-20 20:57:00,Santa Cruz,CAM-13,CHO-076,62,62.0,72,55.8,1,1,1,,False
3337,ORD-2026-03337,CLI-016,PROD-035,2026-08-27 15:58:00,La Paz,CAM-09,CHO-027,89,89.0,48,31.4,1,1,1,,False
3338,ORD-2026-03338,CLI-066,PROD-045,2026-08-10 18:54:00,La Paz,CAM-15,CHO-072,436,436.0,72,68.1,1,1,1,,False
3339,ORD-2026-03339,CLI-002,PROD-050,2026-08-21 19:08:00,La Paz,CAM-09,CHO-083,48,48.0,48,41.0,1,1,1,,False
3340,ORD-2026-03340,CLI-047,PROD-009,2026-08-07 10:41:00,Cochabamba,CAM-08,CHO-124,249,249.0,24,15.6,1,1,1,,False
3341,ORD-2026-03341,CLI-068,PROD-016,2026-08-03 05:02:00,Tarija,CAM-03,CHO-122,388,388.0,24,26.1,0,1,0,,False
3342,ORD-2026-03342,CLI-001,PROD-034,2026-08-14 12:25:00,Santa Cruz,CAM-21,CHO-046,164,164.0,48,43.0,1,1,1,,False
3343,ORD-2026-03343,CLI-069,PROD-019,2026-08-13 05:53:00,Cochabamba,CAM-22,CHO-140,163,163.0,24,26.0,0,1,0,,False
3344,ORD-2026-03344,CLI-023,PROD-019,2026-08-19 12:15:00,Tarija,CAM-12,CHO-088,406,406.0,72,50.9,1,1,1,,False
3345,ORD-2026-03345,CLI-010,PROD-047,2026-08-09 05:50:00,Santa Cruz,CAM-06,CHO-046,280,274.0,24,19.5,1,0,0,,False
3346,ORD-2026-03346,CLI-076,PROD-051,2026-08-12 22:04:00,Cochabamba,CAM-22,CHO-006,423,423.0,24,14.1,1,1,1,,False
3347,ORD-2026-03347,CLI-092,PROD-023,2026-08-19 10:41:00,La Paz,CAM-28,CHO-063,294,275.0,72,48.1,1,0,0,,False
3348,ORD-2026-03348,CLI-099,PROD-015,2026-08-07 14:24:00,Cochabamba,CAM-23,CHO-055,363,363.0,24,18.4,1,1,1,,False
3349,ORD-2026-03349,CLI-085,PROD-025,2026-08-19 14:14:00,La Paz,CAM-28,CHO-002,446,446.0,72,77.9,0,1,0,,False
3350,ORD-2026-03350,CLI-028,PROD-003,2026-08-29 13:05:00,Oruro,CAM-05,CHO-136,259,259.0,72,49.9,1,1,1,,False
3351,ORD-2026-03351,CLI-004,PROD-014,2026-08-06 09:25:00,Tarija,CAM-03,CHO-122,491,491.0,48,41.8,1,1,1,,False
3352,ORD-2026-03352,CLI-046,PROD-007,2026-08-15 15:53:00,La Paz,CAM-09,CHO-064,299,299.0,48,23.2,1,1,1,,False
3353,ORD-2026-03353,CLI-005,PROD-034,2026-08-08 14:49:00,Oruro,CAM-16,CHO-118,368,368.0,72,42.7,1,1,1,,False
3354,ORD-2026-03354,CLI-005,PROD-039,2026-08-01 15:00:00,Oruro,CAM-07,CHO-032,262,262.0,48,57.7,0,1,0,,False
3355,ORD-2026-03355,CLI-036,PROD-048,2026-08-21 03:43:00,Oruro,CAM-02,CHO-038,144,144.0,48,43.2,1,1,1,,False
3356,ORD-2026-03356,CLI-008,PROD-047,2026-08-30 22:36:00,Cochabamba,CAM-17,CHO-090,445,445.0,24,16.5,1,1,1,,False
3357,ORD-2026-03357,CLI-038,PROD-047,2026-08-01 08:27:00,Tarija,CAM-03,CHO-026,140,140.0,24,14.7,1,1,1,,False
3358,ORD-2026-03358,CLI-031,PROD-008,2026-08-12 11:28:00,Cochabamba,CAM-08,CHO-145,66,66.0,48,35.9,1,1,1,,False
3359,ORD-2026-03359,CLI-045,PROD-013,2026-08-08 23:40:00,Cochabamba,CAM-19,CHO-016,37,37.0,24,21.5,1,1,1,,False
3360,ORD-2026-03360,CLI-051,PROD-033,2026-08-08 22:10:00,Santa Cruz,CAM-29,CHO-030,35,35.0,48,47.8,1,1,1,,False
3361,ORD-2026-03361,CLI-059,PROD-048,2026-08-20 09:10:00,Santa Cruz,CAM-20,CHO-096,38,38.0,48,35.9,1,1,1,,False
3362,ORD-2026-03362,CLI-044,PROD-035,2026-08-09 15:27:00,La Paz,CAM-28,CHO-027,350,350.0,48,44.9,1,1,1,,False
3363,ORD-2026-03363,CLI-002,PROD-017,2026-08-25 20:21:00,Tarija,CAM-03,CHO-008,423,423.0,72,61.3,1,1,1,,False
3364,ORD-2026-03364,CLI-018,PROD-050,2026-08-03 08:06:00,Santa Cruz,CAM-14,CHO-141,158,158.0,24,14.3,1,1,1,,False
3365,ORD-2026-03365,CLI-011,PROD-035,2026-08-16 06:57:00,Tarija,CAM-12,CHO-044,131,131.0,48,47.7,1,1,1,,False
3366,ORD-2026-03366,CLI-053,PROD-030,2026-08-05 13:44:00,Santa Cruz,CAM-14,CHO-133,442,433.0,24,22.0,1,0,0,,False
3367,ORD-2026-03367,CLI-089,PROD-032,2026-08-22 16:51:00,Cochabamba,CAM-01,CHO-073,183,183.0,24,32.1,0,1,0,,False
3368,ORD-2026-03368,CLI-041,PROD-023,2026-08-16 14:40:00,Tarija,CAM-12,CHO-122,74,74.0,48,40.5,1,1,1,,False
3369,ORD-2026-03369,CLI-064,PROD-057,2026-08-13 12:31:00,Tarija,CAM-12,CHO-036,44,44.0,24,14.2,1,1,1,,False
3370,ORD-2026-03370,CLI-052,PROD-016,2026-08-19 20:35:00,Cochabamba,CAM-19,CHO-131,149,149.0,48,42.2,1,1,1,,False
3371,ORD-2026-03371,CLI-066,PROD-032,2026-08-04 03:31:00,Cochabamba,CAM-08,CHO-131,478,478.0,48,35.8,1,1,1,,False
3372,ORD-2026-03372,CLI-055,PROD-016,2026-08-12 04:00:00,La Paz,CAM-15,CHO-107,315,315.0,24,16.1,1,1,1,,False
3373,ORD-2026-03373,CLI-033,PROD-058,2026-08-18 04:00:00,Oruro,CAM-02,CHO-003,90,90.0,48,34.8,1,1,1,,False
3374,ORD-2026-03374,CLI-030,PROD-053,2026-08-15 18:24:00,La Paz,CAM-09,CHO-093,276,276.0,72,55.5,1,1,1,,False
3375,ORD-2026-03375,CLI-051,PROD-033,2026-08-12 02:59:00,Oruro,CAM-02,CHO-098,56,56.0,48,49.7,0,1,0,,False
3376,ORD-2026-03376,CLI-010,PROD-012,2026-08-09 05:53:00,Cochabamba,CAM-22,CHO-041,320,320.0,72,59.9,1,1,1,,False
3377,ORD-2026-03377,CLI-040,PROD-008,2026-08-16 14:55:00,Santa Cruz,CAM-14,CHO-062,314,314.0,48,29.4,1,1,1,,False
3378,ORD-2026-03378,CLI-098,PROD-041,2026-08-12 00:44:00,La Paz,CAM-15,CHO-007,484,484.0,48,41.5,1,1,1,,False
3379,ORD-2026-03379,CLI-055,PROD-039,2026-08-15 18:16:00,Santa Cruz,CAM-18,CHO-034,461,461.0,48,38.1,1,1,1,,False
3380,ORD-2026-03380,CLI-017,PROD-038,2026-08-15 13:34:00,Tarija,CAM-26,CHO-008,315,315.0,24,21.7,1,1,1,,False
3381,ORD-2026-03381,CLI-006,PROD-006,2026-08-05 07:43:00,Santa Cruz,CAM-04,CHO-128,83,83.0,72,67.0,1,1,1,,False
3382,ORD-2026-03382,CLI-082,PROD-038,2026-08-14 13:15:00,Oruro,CAM-07,CHO-067,243,243.0,72,81.0,0,1,0,,False
3383,ORD-2026-03383,CLI-044,PROD-026,2026-08-25 22:38:00,Santa Cruz,CAM-04,CHO-101,66,66.0,48,38.0,1,1,1,,False
3384,ORD-2026-03384,CLI-082,PROD-002,2026-08-02 23:31:00,Oruro,CAM-05,CHO-098,261,261.0,72,61.9,1,1,1,,False
3385,ORD-2026-03385,CLI-079, prod-056 ,2026-08-16 20:31:00,La Paz,CAM-28,CHO-093,480,480.0,24,18.4,1,1,1,producto_id,True
3386,ORD-2026-03386,CLI-093,PROD-012,2026-08-24 21:57:00,La Paz,CAM-28,CHO-134,362,359.0,48,42.0,1,0,0,,False
3387,ORD-2026-03387,CLI-080,PROD-025,2026-08-30 17:15:00,Oruro,CAM-05,CHO-117,488,488.0,72,57.3,1,1,1,,False
3388,ORD-2026-03388,CLI-049,PROD-031,2026-08-10 22:33:00,Cochabamba,CAM-22,CHO-131,136,136.0,24,21.0,1,1,1,,False
3389,ORD-2026-03389,CLI-007,PROD-014,2026-08-20 23:52:00,La Paz,CAM-15,CHO-005,73,73.0,72,56.8,1,1,1,,False
3390,ORD-2026-03390,CLI-037,PROD-059,2026-08-12 09:00:00,Cochabamba,CAM-23,CHO-047,191,191.0,48,37.4,1,1,1,,False
3391,ORD-2026-03391,CLI-090,PROD-048,2026-08-05 06:57:00,Santa Cruz,CAM-13,CHO-101,376,376.0,48,36.4,1,1,1,,False
3392,ORD-2026-03392,CLI-041,PROD-045,2026-08-12 19:26:00,Tarija,CAM-03,CHO-026,330,330.0,72,40.9,1,1,1,,False
3393,ORD-2026-03393,CLI-097,PROD-028,2026-08-07 06:38:00,Santa Cruz,CAM-14,CHO-133,331,331.0,24,24.3,0,1,0,,False
3394,ORD-2026-03394,CLI-094,PROD-012,2026-08-17 18:19:00,Tarija,CAM-12,CHO-010,218,218.0,24,19.1,1,1,1,,False
3395,ORD-2026-03395,CLI-027,PROD-008,2026-08-12 21:49:00,Cochabamba,CAM-23,CHO-019,128,128.0,48,47.1,1,1,1,,False
3396,ORD-2026-03396,CLI-064,PROD-016,2026-08-01 03:36:00,La Paz,CAM-28,CHO-017,100,82.0,72,35.9,1,0,0,,False
3397,ORD-2026-03397,CLI-068,PROD-051,2026-08-23 20:15:00,Tarija,CAM-03,CHO-088,101,101.0,72,49.0,1,1,1,,False
3398,ORD-2026-03398,CLI-059,PROD-045,2026-08-18 03:46:00,Santa Cruz,CAM-20,CHO-100,289,289.0,72,43.4,1,1,1,,False
3399,ORD-2026-03399,CLI-014,PROD-007,2026-08-01 13:05:00,Santa Cruz,CAM-10,CHO-095,356,356.0,48,33.6,1,1,1,,False
3400,ORD-2026-03400,CLI-026,PROD-034,2026-08-18 01:43:00,Santa Cruz,CAM-11,CHO-037,486,486.0,24,25.2,0,1,0,,False
3401,ORD-2026-03401,CLI-095,PROD-023,2026-08-13 16:56:00,Cochabamba,CAM-22,CHO-138,10,10.0,24,19.3,1,1,1,,False
3402,ORD-2026-03402,CLI-052,PROD-053,2026-08-15 04:19:00,Tarija,CAM-03,CHO-088,108,108.0,48,39.6,1,1,1,,False
3403,ORD-2026-03403,CLI-081,PROD-002,2026-08-22 07:35:00,Tarija,CAM-03,CHO-045,365,365.0,48,37.7,1,1,1,,False
3404,ORD-2026-03404,CLI-015,PROD-040,2026-08-30 06:00:00,Tarija,CAM-03,CHO-009,177,177.0,24,20.5,1,1,1,,False
3405,ORD-2026-03405,CLI-024,PROD-022,2026-08-07 07:04:00,Tarija,CAM-12,CHO-026,179,179.0,72,65.3,1,1,1,,False
3406,ORD-2026-03406,CLI-038,PROD-022,2026-08-11 04:33:00,Oruro,CAM-05,CHO-038,295,295.0,48,42.6,1,1,1,,False
3407,ORD-2026-03407,CLI-085,PROD-033,2026-08-07 11:51:00,La Paz,CAM-09,CHO-072,65,65.0,48,38.3,1,1,1,,False
3408,ORD-2026-03408,CLI-084,PROD-020,2026-08-18 19:13:00,Santa Cruz,CAM-20,CHO-013,202,202.0,24,21.8,1,1,1,,False
3409,ORD-2026-03409,CLI-039,PROD-035,2026-08-15 05:39:00,Tarija,CAM-03,CHO-009,410,410.0,72,55.4,1,1,1,,False
3410,ORD-2026-03410,CLI-039,PROD-022,2026-08-18 19:06:00,La Paz,CAM-09,CHO-102,67,67.0,48,46.1,1,1,1,,False
3411,ORD-2026-03411,CLI-042,PROD-027,2026-08-21 02:41:00,Tarija,CAM-03,CHO-026,209,201.0,48,33.3,1,0,0,,False
3412,ORD-2026-03412,CLI-053,PROD-033,2026-08-07 20:14:00,La Paz,CAM-09,CHO-064,481,481.0,48,41.1,1,1,1,,False
3413,ORD-2026-03413,CLI-060,PROD-013,2026-08-29 12:38:00,Cochabamba,CAM-23,CHO-151,41,41.0,72,64.0,1,1,1,,False
3414,ORD-2026-03414,CLI-038,PROD-030,2026-08-15 20:49:00,Oruro,CAM-05,CHO-117,151,151.0,24,14.1,1,1,1,,False
3415,ORD-2026-03415,CLI-012,PROD-030,2026-08-15 09:08:00,Oruro,CAM-05,CHO-022,128,128.0,72,55.5,1,1,1,,False
3416,ORD-2026-03416,CLI-099,PROD-035,2026-08-28 15:42:00,Oruro,CAM-05,CHO-117,344,344.0,24,22.5,1,1,1,,False
3417,ORD-2026-03417,CLI-086,PROD-019,2026-08-19 23:21:00,Tarija,CAM-12,CHO-082,366,366.0,24,16.8,1,1,1,,False
3418,ORD-2026-03418,CLI-012,PROD-018,2026-08-24 05:46:00,La Paz,CAM-15,CHO-039,26,26.0,72,52.9,1,1,1,,False
3419,ORD-2026-03419,CLI-099,PROD-001,2026-08-04 12:27:00,La Paz,CAM-15,CHO-017,43,43.0,72,75.4,0,1,0,,False
3420,ORD-2026-03420,CLI-058,PROD-034,2026-08-19 06:24:00,Oruro,CAM-07,CHO-098,400,400.0,48,33.4,1,1,1,,False
3421,ORD-2026-03421,CLI-090,PROD-025,2026-08-19 07:23:00,La Paz,CAM-09,CHO-064,426,426.0,24,21.2,1,1,1,,False
3422,ORD-2026-03422,CLI-094,PROD-058,2026-08-09 19:47:00,Oruro,CAM-24,CHO-022,209,209.0,48,27.9,1,1,1,,False
3423,ORD-2026-03423,CLI-010,PROD-056,2026-08-20 20:22:00,Cochabamba,CAM-08,CHO-151,159,159.0,48,29.7,1,1,1,,False
3424,ORD-2026-03424,CLI-085,PROD-047,2026-08-07 18:27:00,Santa Cruz,CAM-18,CHO-034,386,386.0,24,16.0,1,1,1,,False
3425,ORD-2026-03425,CLI-056,PROD-043,2026-08-29 06:15:00,Tarija,CAM-12,CHO-008,373,373.0,24,30.5,0,1,0,,False
3426,ORD-2026-03426,CLI-092,PROD-052,2026-08-01 19:21:00,Tarija,CAM-12,CHO-045,369,369.0,24,19.9,1,1,1,,False
3427,ORD-2026-03427,CLI-036,PROD-014,2026-08-27 23:02:00,Santa Cruz,CAM-06,CHO-028,164,164.0,48,31.6,1,1,1,,False
3428,ORD-2026-03428,CLI-003,PROD-037,2026-08-26 04:04:00,Oruro,CAM-05,CHO-022,19,19.0,48,39.6,1,1,1,,False
3429,ORD-2026-03429,CLI-047,PROD-019,2026-08-21 16:15:00,Oruro,CAM-05,CHO-032,96,96.0,24,18.9,1,1,1,,False
3430,ORD-2026-03430,CLI-040,PROD-016,2026-08-07 11:14:00,La Paz,CAM-30,CHO-007,298,298.0,24,19.3,1,1,1,,False
3431,ORD-2026-03431,CLI-094,PROD-028,2026-08-15 18:47:00,La Paz,CAM-30,CHO-021,125,125.0,48,38.7,1,1,1,,False
3432,ORD-2026-03432,CLI-021,PROD-005,2026-08-27 07:19:00,Santa Cruz,CAM-25,CHO-096,413,413.0,24,16.7,1,1,1,,False
3433,ORD-2026-03433,CLI-093,PROD-047,2026-08-13 05:22:00,Oruro,CAM-07,CHO-067,451,451.0,24,32.1,0,1,0,,False
3434,ORD-2026-03434,CLI-056,PROD-037,2026-08-02 16:18:00,Cochabamba,CAM-19,CHO-019,211,211.0,48,46.5,1,1,1,,False
3435,ORD-2026-03435,CLI-100,PROD-032,2026-08-12 17:11:00,Tarija,CAM-26,CHO-082,297,297.0,24,16.5,1,1,1,,False
3436,ORD-2026-03436,CLI-098,PROD-042,2026-08-10 04:01:00,Tarija,CAM-12,CHO-048,217,217.0,24,24.9,0,1,0,,False
3437,ORD-2026-03437,CLI-051,PROD-038,2026-08-09 23:43:00,Tarija,CAM-12,CHO-010,317,317.0,48,43.1,1,1,1,,False
3438,ORD-2026-03438,CLI-021,PROD-027,2026-08-22 22:01:00,Santa Cruz,CAM-06,CHO-141,216,216.0,72,60.5,1,1,1,,False
3439,ORD-2026-03439,CLI-074,PROD-017,2026-08-22 12:48:00,Cochabamba,CAM-08,CHO-068,153,153.0,48,46.2,1,1,1,,False
3440,ORD-2026-03440,CLI-023,PROD-059,2026-08-11 17:31:00,La Paz,CAM-28,CHO-057,274,274.0,24,21.6,1,1,1,,False
3441,ORD-2026-03441,CLI-068,PROD-051,2026-08-08 15:55:00,Santa Cruz,CAM-14,CHO-011,57,57.0,24,16.8,1,1,1,,False
3442,ORD-2026-03442,CLI-008,PROD-055,2026-08-08 15:40:00,Oruro,CAM-16,CHO-003,366,366.0,48,41.8,1,1,1,,False
3443,ORD-2026-03443,CLI-061,PROD-058,2026-08-28 03:49:00,Tarija,CAM-12,CHO-008,355,355.0,72,68.5,1,1,1,,False
3444,ORD-2026-03444,CLI-100,PROD-002,2026-08-11 12:22:00,Oruro,CAM-05,CHO-119,481,481.0,24,17.2,1,1,1,,False
3445,ORD-2026-03445,CLI-034,PROD-010,2026-08-18 01:48:00,La Paz,CAM-27,CHO-091,216,197.0,24,20.3,1,0,0,,False
3446,ORD-2026-03446,CLI-035,PROD-001,2026-08-30 07:18:00,Oruro,CAM-05,CHO-110,286,286.0,48,24.6,1,1,1,,False
3447,ORD-2026-03447,CLI-078,PROD-058,2026-08-01 11:32:00,La Paz,CAM-27,CHO-093,407,407.0,72,39.2,1,1,1,,False
3448,ORD-2026-03448,CLI-094,PROD-023,2026-08-14 14:01:00,Santa Cruz,CAM-14,CHO-025,461,461.0,72,63.2,1,1,1,,False
3449,ORD-2026-03449,CLI-014,PROD-028,2026-08-04 09:51:00,Tarija,CAM-26,CHO-009,318,318.0,24,23.4,1,1,1,,False
3450,ORD-2026-03450,CLI-025,PROD-006,2026-08-27 12:26:00,Santa Cruz,CAM-25,CHO-096,152,152.0,24,18.6,1,1,1,,False
3451,ORD-2026-03451,CLI-032,PROD-024,2026-08-03 13:46:00,Santa Cruz,CAM-13,CHO-095,408,408.0,24,24.2,0,1,0,,False
3452,ORD-2026-03452,CLI-040,PROD-013,2026-08-29 00:13:00,Santa Cruz,CAM-14,CHO-030,21,21.0,48,59.7,0,1,0,,False
3453,ORD-2026-03453,CLI-022,PROD-053,2026-08-10 15:02:00,La Paz,CAM-30,CHO-023,98,98.0,24,18.7,1,1,1,,False
3454,ORD-2026-03454,CLI-014,PROD-018,2026-08-08 21:36:00,Oruro,CAM-02,CHO-136,35,35.0,24,18.2,1,1,1,,False
3455,ORD-2026-03455,CLI-039,PROD-011,2026-08-20 08:43:00,La Paz,CAM-09,CHO-066,222,222.0,24,8.5,1,1,1,,False
3456,ORD-2026-03456,CLI-025,PROD-029,2026-08-17 20:00:00,La Paz,CAM-27,CHO-040,398,398.0,24,22.6,1,1,1,,False
3457,ORD-2026-03457,CLI-001,PROD-008,2026-08-25 21:25:00,Oruro,CAM-05,CHO-136,108,108.0,48,37.3,1,1,1,,False
3458,ORD-2026-03458,CLI-073,PROD-048,2026-08-26 10:43:00,Tarija,CAM-03,CHO-015,374,374.0,48,48.6,0,1,0,,False
3459,ORD-2026-03459,CLI-029,PROD-022,2026-08-20 10:04:00,Cochabamba,CAM-23,CHO-135,390,390.0,24,22.2,1,1,1,,False
3460,ORD-2026-03460,CLI-026,PROD-048,2026-08-13 17:18:00,La Paz,CAM-15,CHO-064,63,63.0,48,38.3,1,1,1,,False
3461,ORD-2026-03461,CLI-038,PROD-031,2026-08-18 22:46:00,Cochabamba,CAM-22,CHO-077,319,319.0,24,20.1,1,1,1,,False
3462,ORD-2026-03462,CLI-056,PROD-057,2026-08-13 09:52:00,La Paz,CAM-09,CHO-052,62,62.0,48,42.3,1,1,1,,False
3463,ORD-2026-03463,CLI-078,PROD-036,2026-08-04 07:48:00,Santa Cruz,CAM-13,CHO-096,152,152.0,24,23.4,1,1,1,,False
3464,ORD-2026-03464,CLI-025,PROD-034,2026-08-20 15:53:00,Tarija,CAM-03,CHO-010,132,132.0,72,65.3,1,1,1,,False
3465,ORD-2026-03465,CLI-022,PROD-058,2026-08-04 07:41:00,Tarija,CAM-03,CHO-105,421,421.0,72,61.2,1,1,1,,False
3466,ORD-2026-03466,CLI-070,PROD-022,2026-08-13 15:48:00,Santa Cruz,CAM-20,CHO-074,349,349.0,48,34.4,1,1,1,,False
3467,ORD-2026-03467,CLI-068,PROD-008,2026-08-05 10:07:00,Santa Cruz,CAM-14,CHO-123,20,20.0,24,18.0,1,1,1,,False
3468,ORD-2026-03468,CLI-057,PROD-052,2026-08-19 13:10:00,Cochabamba,CAM-22,CHO-115,498,498.0,48,31.7,1,1,1,,False
3469,ORD-2026-03469,CLI-065,PROD-005,2026-08-21 15:02:00,Cochabamba,CAM-19,CHO-108,217,217.0,48,16.8,1,1,1,,False
3470,ORD-2026-03470,CLI-042,PROD-019,2026-08-20 04:27:00,Oruro,CAM-05,CHO-118,409,409.0,48,39.0,1,1,1,,False
3471,ORD-2026-03471,CLI-047,PROD-001,2026-08-07 00:51:00,Santa Cruz,CAM-20,CHO-129,177,177.0,72,56.6,1,1,1,,False
3472,ORD-2026-03472,CLI-070,PROD-029,2026-08-25 00:55:00,Santa Cruz,CAM-25,CHO-070,466,466.0,48,45.4,1,1,1,,False
3473,ORD-2026-03473,CLI-022,PROD-033,2026-08-27 14:32:00,Santa Cruz,CAM-25,CHO-096,76,76.0,24,14.2,1,1,1,,False
3474,ORD-2026-03474,CLI-090,PROD-038,2026-08-04 18:33:00,Tarija,CAM-26,CHO-010,107,107.0,24,16.9,1,1,1,,False
3475,ORD-2026-03475,CLI-042,PROD-035,2026-08-17 11:03:00,Santa Cruz,CAM-14,CHO-100,245,245.0,24,23.2,1,1,1,,False
3476,ORD-2026-03476,CLI-056,PROD-036,2026-08-07 14:05:00,Santa Cruz,CAM-20,CHO-101,132,132.0,72,51.7,1,1,1,,False
3477,ORD-2026-03477,CLI-020,PROD-051,2026-08-07 13:55:00,Oruro,CAM-05,CHO-119,364,364.0,72,76.6,0,1,0,,False
3478,ORD-2026-03478,CLI-072,PROD-055,2026-08-28 12:27:00,Oruro,CAM-02,CHO-144,314,314.0,48,47.6,1,1,1,,False
3479,ORD-2026-03479,CLI-067,PROD-035,2026-08-18 02:22:00,La Paz,CAM-15,CHO-066,369,369.0,24,26.4,0,1,0,,False
3480,ORD-2026-03480,CLI-017,PROD-003,2026-08-11 01:22:00,Oruro,CAM-05,CHO-022,94,94.0,48,44.1,1,1,1,,False
3481,ORD-2026-03481,CLI-028,PROD-031,2026-08-10 07:16:00,Santa Cruz,CAM-20,CHO-011,268,268.0,48,48.7,0,1,0,,False
3482,ORD-2026-03482,CLI-070,PROD-006,2026-08-27 01:04:00,Oruro,CAM-02,CHO-051,100,96.0,48,43.9,1,0,0,,False
3483,ORD-2026-03483,CLI-098,PROD-054,2026-08-23 00:36:00,Cochabamba,CAM-17,CHO-111,272,272.0,24,17.7,1,1,1,,False
3484,ORD-2026-03484,CLI-051,PROD-002,2026-08-08 06:16:00,Tarija,CAM-12,CHO-015,329,329.0,24,16.7,1,1,1,,False
3485,ORD-2026-03485,CLI-034,PROD-001,2026-08-16 04:07:00,Cochabamba,CAM-22,CHO-124,164,164.0,24,26.2,0,1,0,,False
3486,ORD-2026-03486,CLI-099,PROD-016,2026-08-10 23:55:00,Cochabamba,CAM-23,CHO-041,467,467.0,48,40.0,1,1,1,,False
3487,ORD-2026-03487,CLI-053,PROD-033,2026-08-25 20:08:00,Tarija,CAM-12,CHO-045,466,459.0,24,19.5,1,0,0,,False
3488,ORD-2026-03488,CLI-074,PROD-059,2026-08-09 18:46:00,Oruro,CAM-05,CHO-032,492,492.0,24,26.4,0,1,0,,False
3489,ORD-2026-03489,CLI-023,PROD-041,2026-08-13 13:43:00,Oruro,CAM-07,CHO-117,444,444.0,24,21.4,1,1,1,,False
3490,ORD-2026-03490,CLI-050,PROD-054,2026-08-16 14:13:00,Tarija,CAM-12,CHO-105,120,120.0,72,58.2,1,1,1,,False
3491,ORD-2026-03491,CLI-095,PROD-047,2026-08-22 20:09:00,Tarija,CAM-03,CHO-008,389,389.0,72,50.9,1,1,1,,False
3492,ORD-2026-03492,CLI-094,PROD-048,2026-08-28 23:51:00,Cochabamba,CAM-23,CHO-073,120,120.0,72,67.1,1,1,1,,False
3493,ORD-2026-03493,CLI-090,PROD-041,2026-08-28 03:42:00,Santa Cruz,CAM-20,CHO-081,483,483.0,72,60.9,1,1,1,,False
3494,ORD-2026-03494,CLI-085,PROD-042,2026-08-04 19:28:00,Oruro,CAM-02,CHO-098,341,341.0,24,16.7,1,1,1,,False
3495,ORD-2026-03495,CLI-091,PROD-042,2026-08-08 05:24:00,Oruro,CAM-05,CHO-032,409,409.0,24,26.7,0,1,0,,False
3496,ORD-2026-03496,CLI-013,PROD-041,2026-08-14 12:48:00,Cochabamba,CAM-23,CHO-089,182,182.0,48,37.8,1,1,1,,False
3497,ORD-2026-03497,CLI-099,PROD-037,2026-08-08 13:30:00,La Paz,CAM-28,CHO-066,53,53.0,72,74.2,0,1,0,,False
3498,ORD-2026-03498,CLI-016,PROD-028,2026-08-05 15:01:00,Cochabamba,CAM-19,CHO-016,cincuenta,205.0,48,41.5,1,1,1,cantidad_solicitada,True
3499,ORD-2026-03499,CLI-028,PROD-059,2026-08-17 15:07:00,Cochabamba,CAM-23,CHO-016,298,298.0,48,53.1,0,1,0,,False
3500,ORD-2026-03500,CLI-088,PROD-030,2026-08-01 12:56:00,Santa Cruz,CAM-25,CHO-062,18,18.0,72,46.0,1,1,1,,False
3501,ORD-2026-03501,CLI-093,PROD-012,2026-08-14 14:39:00,La Paz,CAM-28,CHO-139,319,319.0,24,20.0,1,1,1,,False
3502,ORD-2026-03502,CLI-076,PROD-013,2026-08-29 04:04:00,Santa Cruz,CAM-13,CHO-106,158,158.0,72,65.0,1,1,1,,False
3503,ORD-2026-03503,CLI-057,PROD-031,2026-08-15 14:59:00,Oruro,CAM-05,CHO-119,273,273.0,24,23.6,1,1,1,,False
3504,ORD-2026-03504,CLI-055,PROD-034,2026-08-03 23:15:00,Cochabamba,CAM-19,CHO-130,86,86.0,48,28.5,1,1,1,,False
3505,ORD-2026-03505,CLI-022,PROD-039,2026-08-07 14:35:00,Cochabamba,CAM-08,CHO-138,469,469.0,48,33.8,1,1,1,,False
3506,ORD-2026-03506,CLI-026,PROD-059,2026-08-10 16:51:00,Cochabamba,CAM-08,CHO-116,70,70.0,48,49.9,0,1,0,,False
3507,ORD-2026-03507,CLI-091,PROD-058,2026-08-25 13:53:00,Santa Cruz,CAM-11,CHO-103,396,396.0,72,49.8,1,1,1,,False
3508,ORD-2026-03508,CLI-040,PROD-013,2026-08-19 11:59:00,Santa Cruz,CAM-20,CHO-024,278,278.0,48,37.3,1,1,1,,False
3509,ORD-2026-03509,CLI-045,PROD-008,2026-08-28 10:15:00,Santa Cruz,CAM-20,CHO-101,18,18.0,72,47.1,1,1,1,,False
3510,ORD-2026-03510,CLI-049,PROD-026,2026-08-20 11:14:00,Oruro,CAM-07,CHO-067,249,249.0,72,58.6,1,1,1,,False
3511,ORD-2026-03511,CLI-030,PROD-044,2026-08-16 01:03:00,La Paz,CAM-30,CHO-137,430,430.0,48,39.6,1,1,1,,False
3512,ORD-2026-03512,CLI-021,PROD-043,2026-08-20 08:36:00,Santa Cruz,CAM-18,CHO-142,82,82.0,72,47.6,1,1,1,,False
3513,ORD-2026-03513,CLI-026,PROD-033,2026-08-10 17:40:00,Cochabamba,CAM-19,CHO-073,414,414.0,72,58.7,1,1,1,,False
3514,ORD-2026-03514,CLI-077,PROD-004,2026-08-14 03:08:00,Tarija,CAM-26,CHO-012,111,111.0,72,31.6,1,1,1,,False
3515,ORD-2026-03515,CLI-033,PROD-026,2026-08-07 21:32:00,La Paz,CAM-09,CHO-023,192,192.0,48,33.6,1,1,1,,False
3516,ORD-2026-03516,CLI-084,PROD-033,2026-08-16 09:46:00,Cochabamba,CAM-17,CHO-033,423,423.0,48,27.6,1,1,1,,False
3517,ORD-2026-03517,CLI-081,PROD-030,2026-08-13 22:09:00,Tarija,CAM-12,CHO-044,205,205.0,72,77.3,0,1,0,,False
3518,ORD-2026-03518,CLI-048,PROD-023,2026-08-14 11:10:00,Santa Cruz,CAM-14,CHO-109,358,358.0,48,47.4,1,1,1,,False
3519,ORD-2026-03519,CLI-018,PROD-029,2026-08-27 19:19:00,Tarija,CAM-26,CHO-015,69,69.0,24,18.3,1,1,1,,False
3520,ORD-2026-03520,CLI-009,PROD-006,2026-08-10 12:57:00,Cochabamba,CAM-08,CHO-069,128,128.0,48,39.3,1,1,1,,False
3521,ORD-2026-03521,CLI-001,PROD-040,2026-08-03 02:41:00,La Paz,CAM-28,CHO-052,18,18.0,48,41.8,1,1,1,,False
3522,ORD-2026-03522,CLI-028,PROD-006,2026-08-17 08:59:00,La Paz,CAM-15,CHO-042,96,96.0,72,36.8,1,1,1,,False
3523,ORD-2026-03523,CLI-089,PROD-017,2026-08-21 09:20:00,Tarija,CAM-03,CHO-082,247,247.0,24,24.8,0,1,0,,False
3524,ORD-2026-03524,CLI-098,PROD-059,2026-08-06 18:48:00,Cochabamba,CAM-01,CHO-006,391,391.0,48,34.9,1,1,1,,False
3525,ORD-2026-03525,CLI-099,PROD-011,2026-08-15 17:43:00,Tarija,CAM-03,CHO-015,50,50.0,24,18.9,1,1,1,,False
3526,ORD-2026-03526,CLI-068,PROD-015,2026-08-11 09:14:00,Oruro,CAM-05,CHO-144,64,64.0,48,40.8,1,1,1,,False
3527,ORD-2026-03527,CLI-074,PROD-004,2026-08-24 12:40:00,Tarija,CAM-03,CHO-009,273,273.0,24,17.4,1,1,1,,False
3528,ORD-2026-03528,CLI-051,PROD-043,2026-08-23 00:15:00,Tarija,CAM-12,CHO-008,427,416.0,24,15.3,1,0,0,,False
3529,ORD-2026-03529,CLI-077,PROD-002,2026-08-29 15:26:00,La Paz,CAM-09,CHO-021,427,427.0,72,50.4,1,1,1,,False
3530,ORD-2026-03530,CLI-054,PROD-050,2026-08-05 23:15:00,Oruro,CAM-05,CHO-003,26,26.0,48,35.5,1,1,1,,False
3531,ORD-2026-03531,CLI-091,PROD-033,2026-08-16 08:10:00,Santa Cruz,CAM-18,CHO-096,284,284.0,24,17.1,1,1,1,,False
3532,ORD-2026-03532,CLI-027,PROD-005,2026-08-13 23:18:00,La Paz,CAM-28,CHO-126,262,262.0,48,39.5,1,1,1,,False
3533,ORD-2026-03533,CLI-033,PROD-021,2026-08-09 03:43:00,Cochabamba,CAM-19,CHO-087,266,266.0,48,41.0,1,1,1,,False
3534,ORD-2026-03534,CLI-014,PROD-026,2026-08-26 11:17:00,Oruro,CAM-02,CHO-067,467,467.0,24,24.2,0,1,0,,False
3535,ORD-2026-03535,CLI-092,PROD-048,2026-08-19 11:45:00,Santa Cruz,CAM-20,CHO-095,329,329.0,48,37.5,1,1,1,,False
3536,ORD-2026-03536,CLI-039,PROD-060,2026-08-12 05:26:00,La Paz,CAM-09,CHO-066,96,96.0,24,25.1,0,1,0,,False
3537,ORD-2026-03537,CLI-012,PROD-038,2026-08-13 09:34:00,La Paz,CAM-28,CHO-021,143,143.0,72,51.0,1,1,1,,False
3538,ORD-2026-03538,CLI-023,PROD-034,2026-08-01 00:45:00,Santa Cruz,CAM-14,CHO-013,164,164.0,48,30.8,1,1,1,,False
3539,ORD-2026-03539,CLI-073,PROD-026,2026-08-05 03:42:00,Cochabamba,CAM-08,CHO-054,192,192.0,48,47.0,1,1,1,,False
3540,ORD-2026-03540,CLI-089,PROD-015,2026-08-05 02:47:00,Santa Cruz,CAM-13,CHO-053,273,273.0,72,45.1,1,1,1,,False
3541,ORD-2026-03541,CLI-086,PROD-042,2026-08-23 19:46:00,Santa Cruz,CAM-29,CHO-018,372,372.0,48,34.3,1,1,1,,False
3542,ORD-2026-03542,CLI-089,PROD-044,2026-08-02 23:17:00,Cochabamba,CAM-23,CHO-090,272,257.0,48,65.0,0,0,0,,False
3543,ORD-2026-03543,CLI-074,PROD-052,2026-08-02 19:46:00,Oruro,CAM-05,CHO-098,410,410.0,24,23.6,1,1,1,,False
3544,ORD-2026-03544,CLI-046, prod-023 ,2026-08-17 14:57:00,Cochabamba,CAM-22,CHO-131,16,16.0,48,53.6,0,1,0,producto_id,True
3545,ORD-2026-03545,CLI-015,PROD-060,2026-08-12 00:37:00,Tarija,CAM-03,CHO-050,330,330.0,72,65.0,1,1,1,,False
3546,ORD-2026-03546,CLI-035,PROD-049,2026-08-23 13:44:00,Oruro,CAM-05,CHO-144,330,330.0,48,37.9,1,1,1,,False
3547,ORD-2026-03547,CLI-002,PROD-057,2026-08-15 00:22:00,Tarija,CAM-03,CHO-012,478,478.0,24,19.9,1,1,1,,False
3548,ORD-2026-03548,CLI-080,PROD-025,2026-08-27 11:51:00,Oruro,CAM-05,CHO-022,300,300.0,48,49.2,0,1,0,,False
3549,ORD-2026-03549,CLI-006,PROD-055,2026-08-08 21:10:00,Tarija,CAM-12,CHO-061,323,323.0,48,29.9,1,1,1,,False
3550,ORD-2026-03550,CLI-076,PROD-017,2026-08-09 17:39:00,Cochabamba,CAM-01,CHO-151,200,200.0,48,41.2,1,1,1,,False
3551,ORD-2026-03551,CLI-015,PROD-057,2026-08-29 00:38:00,La Paz,CAM-28,CHO-063,209,209.0,24,14.8,1,1,1,,False
3552,ORD-2026-03552,CLI-093,PROD-059,2026-08-17 08:07:00,Santa Cruz,CAM-20,CHO-095,10,10.0,24,20.2,1,1,1,,False
3553,ORD-2026-03553,CLI-010,PROD-017,2026-08-07 04:10:00,Santa Cruz,CAM-13,CHO-060,347,347.0,72,50.3,1,1,1,,False
3554,ORD-2026-03554,CLI-038,PROD-017,2026-08-19 04:36:00,Cochabamba,CAM-22,CHO-065,244,244.0,24,19.6,1,1,1,,False
3555,ORD-2026-03555,CLI-073,PROD-028,2026-08-17 12:31:00,La Paz,CAM-09,CHO-084,478,478.0,48,53.1,0,1,0,,False
3556,ORD-2026-03556,CLI-025,PROD-056,2026-08-09 21:38:00,Tarija,CAM-03,CHO-031,30,30.0,48,30.3,1,1,1,,False
3557,ORD-2026-03557,CLI-026,PROD-022,2026-08-02 12:51:00,Santa Cruz,CAM-18,CHO-046,402,402.0,72,46.6,1,1,1,,False
3558,ORD-2026-03558,CLI-070,PROD-009,2026-08-17 18:58:00,Tarija,CAM-12,CHO-031,491,491.0,48,37.5,1,1,1,,False
3559,ORD-2026-03559,CLI-020,PROD-009,2026-08-03 21:03:00,La Paz,CAM-28,CHO-127,243,243.0,24,23.9,1,1,1,,False
3560,ORD-2026-03560,CLI-070,PROD-019,2026-08-01 12:20:00,Tarija,CAM-03,CHO-009,361,361.0,48,39.0,1,1,1,,False
3561,ORD-2026-03561,CLI-004,PROD-011,2026-08-14 07:40:00,Oruro,CAM-07,CHO-144,404,404.0,72,54.6,1,1,1,,False
3562,ORD-2026-03562,CLI-036,PROD-019,2026-08-22 08:34:00,Tarija,CAM-03,CHO-031,384,384.0,48,51.9,0,1,0,,False
3563,ORD-2026-03563,CLI-002,PROD-002,2026-08-04 21:31:00,Oruro,CAM-05,CHO-119,45,45.0,48,36.4,1,1,1,,False
3564,ORD-2026-03564,CLI-034,PROD-029,2026-08-03 22:26:00,La Paz,CAM-09,CHO-064,402,402.0,48,30.8,1,1,1,,False
3565,ORD-2026-03565, cli-009 ,PROD-040,2026-08-06 16:18:00,Oruro,CAM-05,CHO-022,339,339.0,24,16.1,1,1,1,cliente_id,True
3566,ORD-2026-03566,CLI-067,PROD-017,2026-08-09 14:38:00,Tarija,CAM-12,CHO-105,279,279.0,72,63.0,1,1,1,,False
3567,ORD-2026-03567,CLI-044,PROD-014,2026-08-27 07:58:00,La Paz,CAM-09,CHO-137,242,242.0,48,37.4,1,1,1,,False
3568,ORD-2026-03568,CLI-051,PROD-021,2026-08-21 11:19:00,Cochabamba,CAM-17,CHO-131,419,419.0,48,53.3,0,1,0,,False
3569,ORD-2026-03569,CLI-051,PROD-009,2026-08-03 18:52:00,Cochabamba,CAM-22,CHO-124,150,150.0,72,38.2,1,1,1,,False
3570,ORD-2026-03570,CLI-090,PROD-047,2026-08-21 09:20:00,La Paz,CAM-15,CHO-057,385,373.0,48,47.6,1,0,0,,False
3571,ORD-2026-03571,CLI-099,PROD-033,2026-08-05 06:02:00,La Paz,CAM-27,CHO-039,305,305.0,72,46.8,1,1,1,,False
3572,ORD-2026-03572,CLI-086,PROD-036,2026-08-30 07:00:00,Oruro,CAM-05,CHO-144,455,455.0,72,65.6,1,1,1,,False
3573,ORD-2026-03573,CLI-045,PROD-003,2026-08-12 20:58:00,Tarija,CAM-26,CHO-008,435,435.0,48,47.2,1,1,1,,False
3574,ORD-2026-03574,CLI-047,PROD-042,2026-08-08 03:57:00,Santa Cruz,CAM-20,CHO-028,393,393.0,48,47.9,1,1,1,,False
3575,ORD-2026-03575,CLI-074,PROD-053,2026-08-25 21:26:00,Oruro,CAM-16,CHO-117,231,231.0,24,22.2,1,1,1,,False
3576,ORD-2026-03576,CLI-097,PROD-010,2026-08-16 16:27:00,Tarija,CAM-03,CHO-048,213,213.0,72,58.9,1,1,1,,False
3577,ORD-2026-03577,CLI-008,PROD-047,2026-08-16 10:45:00,Oruro,CAM-07,CHO-098,304,304.0,48,42.0,1,1,1,,False
3578,ORD-2026-03578,CLI-026,PROD-059,2026-08-19 15:54:00,La Paz,CAM-09,CHO-039,113,113.0,48,32.7,1,1,1,,False
3579,ORD-2026-03579,CLI-064,PROD-040,2026-08-29 21:24:00,Tarija,CAM-12,CHO-031,475,475.0,72,25.9,1,1,1,,False
3580,ORD-2026-03580,CLI-033,PROD-004,2026-08-12 17:23:00,Tarija,CAM-26,CHO-044,192,192.0,24,22.0,1,1,1,,False
3581,ORD-2026-03581,CLI-026,PROD-014,2026-08-15 23:05:00,La Paz,CAM-30,CHO-040,124,124.0,48,34.0,1,1,1,,False
3582,ORD-2026-03582,CLI-003,PROD-060,2026-08-16 23:35:00,Cochabamba,CAM-22,CHO-058,348,346.0,24,17.4,1,0,0,,False
3583,ORD-2026-03583,CLI-035,PROD-002,2026-08-13 14:41:00,Oruro,CAM-05,CHO-067,160,157.0,72,64.8,1,0,0,,False
3584,ORD-2026-03584,CLI-044,PROD-048,2026-08-04 17:01:00,Oruro,CAM-24,CHO-117,26,26.0,24,17.0,1,1,1,,False
3585,ORD-2026-03585,CLI-056,PROD-001,2026-08-10 14:32:00,Oruro,CAM-05,CHO-110,43,43.0,72,54.1,1,1,1,,False
3586,ORD-2026-03586,CLI-080,PROD-038,2026-08-16 21:06:00,Cochabamba,CAM-19,CHO-090,58,58.0,72,73.0,0,1,0,,False
3587,ORD-2026-03587,CLI-073,PROD-010,2026-08-16 06:56:00,Tarija,CAM-03,CHO-132,82,82.0,72,81.5,0,1,0,,False
3588,ORD-2026-03588,CLI-024,PROD-043,2026-08-15 13:41:00,Cochabamba,CAM-22,CHO-087,29,29.0,72,76.0,0,1,0,,False
3589,ORD-2026-03589,CLI-005,PROD-042,2026-08-12 15:12:00,La Paz,CAM-30,CHO-127,293,293.0,24,22.1,1,1,1,,False
3590,ORD-2026-03590,CLI-059,PROD-018,2026-08-09 13:36:00,Tarija,CAM-26,CHO-031,102,102.0,24,21.1,1,1,1,,False
3591,ORD-2026-03591,CLI-033,PROD-046,2026-08-21 14:42:00,Oruro,CAM-24,CHO-038,181,181.0,48,47.6,1,1,1,,False
3592,ORD-2026-03592,CLI-033,PROD-055,2026-08-24 15:25:00,La Paz,CAM-09,CHO-021,107,107.0,48,42.9,1,1,1,,False
3593,ORD-2026-03593,CLI-066,PROD-003,2026-08-14 19:02:00,Cochabamba,CAM-23,CHO-112,319,319.0,24,18.8,1,1,1,,False
3594,ORD-2026-03594,CLI-006,PROD-033,2026-08-12 07:26:00,Tarija,CAM-26,CHO-048,303,303.0,48,35.1,1,1,1,,False
3595,ORD-2026-03595,CLI-011,PROD-057,2026-08-21 05:57:00,Santa Cruz,CAM-20,CHO-096,93,93.0,48,45.4,1,1,1,,False
3596,ORD-2026-03596,CLI-016,PROD-031,2026-08-17 18:21:00,Tarija,CAM-12,CHO-015,150,150.0,24,19.2,1,1,1,,False
3597,ORD-2026-03597,CLI-049,PROD-055,2026-08-10 05:29:00,La Paz,CAM-15,CHO-057,456,456.0,48,40.0,1,1,1,,False
3598,ORD-2026-03598,CLI-014,PROD-008,2026-08-15 09:32:00,Cochabamba,CAM-01,CHO-116,491,491.0,24,15.7,1,1,1,,False
3599,ORD-2026-03599,CLI-099,PROD-012,2026-08-02 08:19:00,Tarija,CAM-12,CHO-026,281,281.0,48,54.8,0,1,0,,False
3600,ORD-2026-03600,CLI-018,PROD-025,2026-08-03 21:10:00,Santa Cruz,CAM-20,CHO-099,454,454.0,72,65.7,1,1,1,,False
3601,ORD-2026-03601,CLI-094,PROD-055,2026-08-04 18:34:00,La Paz,CAM-15,CHO-002,151,151.0,48,35.8,1,1,1,,False
3602,ORD-2026-03602,CLI-099,PROD-039,2026-08-21 18:14:00,La Paz,CAM-28,CHO-064,488,488.0,72,63.5,1,1,1,,False
3603,ORD-2026-03603,CLI-017,PROD-051,2026-08-18 02:18:00,Cochabamba,CAM-01,CHO-138,48,48.0,48,41.1,1,1,1,,False
3604,ORD-2026-03604,CLI-044,PROD-012,2026-08-09 04:05:00,La Paz,CAM-28,CHO-023,129,129.0,48,52.1,0,1,0,,False
3605,ORD-2026-03605,CLI-030,PROD-029,2026-08-04 17:37:00,Cochabamba,CAM-01,CHO-086,216,216.0,72,55.8,1,1,1,,False
3606,ORD-2026-03606,CLI-057,PROD-046,2026-08-25 07:42:00,La Paz,CAM-27,CHO-023,251,251.0,24,19.5,1,1,1,,False
3607,ORD-2026-03607,CLI-100,PROD-029,2026-08-07 11:54:00,Oruro,CAM-02,CHO-032,348,348.0,48,37.4,1,1,1,,False
3608,ORD-2026-03608,CLI-029,PROD-002,2026-08-01 18:36:00,Cochabamba,CAM-22,CHO-116,264,264.0,24,10.6,1,1,1,,False
3609,ORD-2026-03609,CLI-065,PROD-052,2026-08-04 13:40:00,Santa Cruz,CAM-06,CHO-095,91,91.0,24,22.1,1,1,1,,False
3610,ORD-2026-03610,CLI-068,PROD-028,2026-08-25 09:55:00,Tarija,CAM-03,CHO-031,288,288.0,48,55.4,0,1,0,,False
3611,ORD-2026-03611,CLI-036,PROD-029,2026-08-06 05:12:00,Cochabamba,CAM-08,CHO-108,306,306.0,48,32.7,1,1,1,,False
3612,ORD-2026-03612,CLI-039,PROD-040,2026-08-06 13:48:00,Oruro,CAM-05,CHO-003,174,174.0,24,19.6,1,1,1,,False
3613,ORD-2026-03613,CLI-093,PROD-005,2026-08-11 09:40:00,La Paz,CAM-15,CHO-005,244,244.0,72,72.6,0,1,0,,False
3614,ORD-2026-03614,CLI-071,PROD-022,2026-08-07 08:06:00,Oruro,CAM-05,CHO-136,18,18.0,24,20.7,1,1,1,,False
3615,ORD-2026-03615,CLI-049,PROD-033,2026-08-06 15:40:00,Cochabamba,CAM-01,CHO-143,184,184.0,48,46.9,1,1,1,,False
3616,ORD-2026-03616,CLI-032,PROD-059,2026-08-27 08:49:00,Cochabamba,CAM-22,CHO-131,129,129.0,24,22.5,1,1,1,,False
3617,ORD-2026-03617,CLI-018,PROD-007,2026-08-14 07:38:00,Oruro,CAM-16,CHO-118,339,339.0,48,45.2,1,1,1,,False
3618,ORD-2026-03618,CLI-097,PROD-030,2026-08-13 13:31:00,La Paz,CAM-30,CHO-137,343,327.0,48,35.1,1,0,0,,False
3619,ORD-2026-03619,CLI-090,PROD-055,2026-08-05 02:05:00,Cochabamba,CAM-01,CHO-055,381,381.0,24,16.5,1,1,1,,False
3620,ORD-2026-03620,CLI-016,PROD-057,2026-08-02 00:38:00,Oruro,CAM-05,CHO-136,213,213.0,72,55.8,1,1,1,,False
3621,ORD-2026-03621,CLI-064,PROD-013,2026-08-10 11:10:00,Oruro,CAM-05,CHO-118,68,68.0,72,48.6,1,1,1,,False
3622,ORD-2026-03622,CLI-007,PROD-042,2026-08-30 11:26:00,Cochabamba,CAM-17,CHO-087,390,390.0,72,55.9,1,1,1,,False
3623,ORD-2026-03623,CLI-062,PROD-036,2026-08-17 05:49:00,Tarija,CAM-12,CHO-061,371,371.0,48,36.8,1,1,1,,False
3624,ORD-2026-03624,CLI-026,PROD-048,2026-08-08 22:28:00,Cochabamba,CAM-08,CHO-068,359,359.0,24,20.1,1,1,1,,False
3625,ORD-2026-03625,CLI-007,PROD-025,2026-08-10 22:32:00,Tarija,CAM-12,CHO-056,183,183.0,48,49.9,0,1,0,,False
3626,ORD-2026-03626,CLI-084,PROD-033,2026-08-15 14:54:00,Tarija,CAM-26,CHO-105,263,263.0,48,36.7,1,1,1,,False
3627,ORD-2026-03627,CLI-021,PROD-010,2026-08-22 22:41:00,Cochabamba,CAM-19,CHO-077,131,131.0,48,31.4,1,1,1,,False
3628,ORD-2026-03628,CLI-017,PROD-001,2026-08-24 09:55:00,Oruro,CAM-05,CHO-032,486,486.0,48,31.4,1,1,1,,False
3629,ORD-2026-03629,CLI-045,PROD-005,2026-08-01 13:17:00,Oruro,CAM-02,CHO-136,132,132.0,72,74.6,0,1,0,,False
3630,ORD-2026-03630,CLI-059,PROD-032,2026-08-19 02:04:00,La Paz,CAM-09,CHO-002,260,260.0,24,26.7,0,1,0,,False
3631,ORD-2026-03631,CLI-045,PROD-014,2026-08-17 17:25:00,Oruro,CAM-16,CHO-119,265,265.0,48,37.0,1,1,1,,False
3632,ORD-2026-03632,CLI-001,PROD-027,2026-08-20 19:16:00,Cochabamba,CAM-19,CHO-094,415,415.0,48,41.7,1,1,1,,False
3633,ORD-2026-03633,CLI-019,PROD-049,2026-08-20 04:17:00,La Paz,CAM-28,CHO-126,496,496.0,24,27.4,0,1,0,,False
3634,ORD-2026-03634,CLI-047,PROD-059,2026-08-30 20:19:00,La Paz,CAM-28,CHO-148,115,115.0,48,32.1,1,1,1,,False
3635,ORD-2026-03635,CLI-085,PROD-023,2026-08-09 22:05:00,Cochabamba,CAM-01,CHO-019,125,125.0,48,49.3,0,1,0,,False
3636,ORD-2026-03636,CLI-080,PROD-022,2026-08-30 22:46:00,Tarija,CAM-03,CHO-082,54,54.0,72,59.3,1,1,1,,False
3637,ORD-2026-03637,CLI-092,PROD-014,2026-08-24 08:14:00,La Paz,CAM-28,CHO-049,478,478.0,72,63.0,1,1,1,,False
3638,ORD-2026-03638,CLI-079,PROD-016,2026-08-14 19:18:00,Cochabamba,CAM-17,CHO-138,428,428.0,48,32.8,1,1,1,,False
3639,ORD-2026-03639,CLI-009,PROD-002,2026-08-27 17:24:00,La Paz,CAM-28,CHO-072,371,371.0,24,16.3,1,1,1,,False
3640,ORD-2026-03640,CLI-038,PROD-002,2026-08-20 01:51:00,Tarija,CAM-12,CHO-026,47,47.0,72,53.4,1,1,1,,False
3641,ORD-2026-03641,CLI-030,PROD-046,2026-08-18 11:23:00,Oruro,CAM-02,CHO-118,458,458.0,48,37.1,1,1,1,,False
3642,ORD-2026-03642,CLI-015,PROD-030,2026-08-08 11:32:00,Santa Cruz,CAM-14,CHO-092,269,257.0,24,19.2,1,0,0,,False
3643,ORD-2026-03643,CLI-040,PROD-001,2026-08-14 11:14:00,Cochabamba,CAM-23,CHO-089,425,425.0,48,33.6,1,1,1,,False
3644,ORD-2026-03644,CLI-031,PROD-018,2026-08-12 15:59:00,Cochabamba,CAM-01,CHO-090,267,267.0,48,31.3,1,1,1,,False
3645,ORD-2026-03645,CLI-017,PROD-060,2026-08-23 10:18:00,Cochabamba,CAM-08,CHO-006,275,275.0,48,43.7,1,1,1,,False
3646,ORD-2026-03646,CLI-079,PROD-025,2026-08-22 08:26:00,Cochabamba,CAM-01,CHO-055,373,373.0,48,29.2,1,1,1,,False
3647,ORD-2026-03647,CLI-095,PROD-052,2026-08-18 15:04:00,Santa Cruz,CAM-20,CHO-018,353,353.0,48,59.4,0,1,0,,False
3648,ORD-2026-03648,CLI-089,PROD-044,2026-08-09 23:58:00,Santa Cruz,CAM-14,CHO-101,279,279.0,48,41.5,1,1,1,,False
3649,ORD-2026-03649,CLI-052,PROD-055,2026-08-05 02:22:00,Oruro,CAM-05,CHO-032,398,398.0,24,24.1,0,1,0,,False
3650,ORD-2026-03650,CLI-046,PROD-012,2026-08-08 22:16:00,Tarija,CAM-12,CHO-146,316,316.0,48,40.9,1,1,1,,False
3651,ORD-2026-03651,CLI-047,PROD-059,2026-08-13 01:05:00,Cochabamba,CAM-22,CHO-143,347,347.0,48,34.2,1,1,1,,False
3652,ORD-2026-03652,CLI-021,PROD-043,2026-08-22 15:18:00,Oruro,CAM-05,CHO-118,10,10.0,48,33.3,1,1,1,,False
3653,ORD-2026-03653,CLI-092,PROD-019,2026-08-19 04:43:00,Cochabamba,CAM-08,CHO-115,176,176.0,48,46.7,1,1,1,,False
3654,ORD-2026-03654,CLI-022,PROD-030,2026-08-14 01:53:00,Tarija,CAM-26,CHO-082,212,212.0,48,32.7,1,1,1,,False
3655,ORD-2026-03655,CLI-046,PROD-011,2026-08-14 22:34:00,Oruro,CAM-05,CHO-098,430,430.0,48,45.8,1,1,1,,False
3656,ORD-2026-03656,CLI-033,PROD-043,2026-08-15 16:13:00,Oruro,CAM-05,CHO-119,409,409.0,24,18.1,1,1,1,,False
3657,ORD-2026-03657,CLI-022,PROD-014,2026-08-10 10:43:00,Tarija,CAM-03,CHO-008,70,70.0,24,16.6,1,1,1,,False
3658,ORD-2026-03658,CLI-038,PROD-033,2026-08-04 04:59:00,La Paz,CAM-28,CHO-091,96,96.0,48,45.5,1,1,1,,False
3659,ORD-2026-03659,CLI-053,PROD-032,2026-08-24 04:20:00,Santa Cruz,CAM-21,CHO-011,447,447.0,48,40.5,1,1,1,,False
3660,ORD-2026-03660,CLI-069,PROD-046,2026-08-22 15:13:00,Cochabamba,CAM-08,CHO-006,433,433.0,72,70.7,1,1,1,,False
3661,ORD-2026-03661,CLI-080,PROD-015,2026-08-02 00:10:00,Tarija,CAM-12,CHO-045,191,191.0,72,66.6,1,1,1,,False
3662,ORD-2026-03662,CLI-015,PROD-056,2026-08-13 05:52:00,Cochabamba,CAM-08,CHO-065,62,45.0,48,44.6,1,0,0,,False
3663,ORD-2026-03663,CLI-074,PROD-025,2026-08-18 17:14:00,Cochabamba,CAM-22,CHO-069,383,383.0,48,23.7,1,1,1,,False
3664,ORD-2026-03664,CLI-009,PROD-055,2026-08-07 17:34:00,Cochabamba,CAM-01,CHO-147,378,378.0,48,42.1,1,1,1,,False
3665,ORD-2026-03665,CLI-031,PROD-041,2026-08-29 09:58:00,Tarija,CAM-12,CHO-009,94,94.0,48,43.1,1,1,1,,False
3666,ORD-2026-03666,CLI-038,PROD-020,2026-08-26 15:14:00,Santa Cruz,CAM-13,CHO-113,214,214.0,24,28.9,0,1,0,,False
3667,ORD-2026-03667,CLI-012,PROD-032,2026-08-09 00:09:00,Cochabamba,CAM-17,CHO-143,141,141.0,24,21.8,1,1,1,,False
3668,ORD-2026-03668,CLI-065,PROD-020,2026-08-27 18:47:00,Oruro,CAM-05,CHO-136,273,273.0,48,31.4,1,1,1,,False
3669,ORD-2026-03669,CLI-044,PROD-047,2026-08-25 02:25:00,Cochabamba,CAM-01,CHO-124,95,95.0,72,82.9,0,1,0,,False
3670,ORD-2026-03670,CLI-073,PROD-027,2026-08-28 11:10:00,Santa Cruz,CAM-10,CHO-104,176,176.0,48,35.6,1,1,1,,False
3671,ORD-2026-03671,CLI-034,PROD-049,2026-08-09 10:01:00,Santa Cruz,CAM-14,CHO-053,91,91.0,48,37.3,1,1,1,,False
3672,ORD-2026-03672,CLI-028,PROD-028,2026-08-22 04:22:00,Santa Cruz,CAM-29,CHO-034,492,492.0,24,21.8,1,1,1,,False
3673,ORD-2026-03673,CLI-059,PROD-003,2026-08-05 21:20:00,Oruro,CAM-05,CHO-038,360,360.0,24,18.5,1,1,1,,False
3674,ORD-2026-03674,CLI-064,PROD-024,2026-08-08 18:32:00,Tarija,CAM-26,CHO-088,150,150.0,48,33.5,1,1,1,,False
3675,ORD-2026-03675,CLI-099,PROD-015,2026-08-03 20:11:00,Santa Cruz,CAM-13,CHO-114,58,58.0,48,40.4,1,1,1,,False
3676,ORD-2026-03676,CLI-083,PROD-041,2026-08-14 23:57:00,Cochabamba,CAM-17,CHO-140,69,69.0,24,17.0,1,1,1,,False
3677,ORD-2026-03677,CLI-086,PROD-051,2026-08-06 04:35:00,Santa Cruz,CAM-14,CHO-128,454,454.0,72,39.5,1,1,1,,False
3678,ORD-2026-03678,CLI-017,PROD-001,2026-08-21 07:14:00,Santa Cruz,CAM-14,CHO-142,428,428.0,48,38.1,1,1,1,,False
3679,ORD-2026-03679,CLI-033,PROD-059,2026-08-10 10:42:00,Santa Cruz,CAM-13,CHO-074,366,,24,15.9,1,1,1,cantidad_entregada,True
3680,ORD-2026-03680,CLI-058,PROD-043,2026-08-03 02:37:00,La Paz,CAM-09,CHO-021,470,470.0,24,17.2,1,1,1,,False
3681,ORD-2026-03681,CLI-089,PROD-004,2026-08-09 11:42:00,Tarija,CAM-12,CHO-088,324,324.0,24,17.2,1,1,1,,False
3682,ORD-2026-03682,CLI-099,PROD-049,2026-08-28 19:20:00,Cochabamba,CAM-17,CHO-087,442,442.0,24,18.3,1,1,1,,False
3683,ORD-2026-03683,CLI-002,PROD-007,2026-08-12 14:31:00,Tarija,CAM-12,CHO-146,205,205.0,48,55.0,0,1,0,,False
3684,ORD-2026-03684,CLI-039,PROD-013,2026-08-10 12:31:00,Tarija,CAM-12,CHO-044,498,498.0,24,16.6,1,1,1,,False
3685,ORD-2026-03685,CLI-023,PROD-020,2026-08-01 08:32:00,Santa Cruz,CAM-13,CHO-053,230,230.0,24,30.3,0,1,0,,False
3686,ORD-2026-03686,CLI-068,PROD-053,2026-08-15 19:13:00,La Paz,CAM-30,CHO-126,233,233.0,72,70.5,1,1,1,,False
3687,ORD-2026-03687,CLI-033,PROD-010,2026-08-17 11:40:00,Cochabamba,CAM-01,CHO-068,161,161.0,48,32.2,1,1,1,,False
3688,ORD-2026-03688,CLI-042,PROD-032,2026-08-04 11:18:00,Santa Cruz,CAM-06,CHO-142,80,80.0,24,19.4,1,1,1,,False
3689,ORD-2026-03689,CLI-009,PROD-057,2026-08-20 07:45:00,Cochabamba,CAM-01,CHO-069,435,435.0,48,36.7,1,1,1,,False
3690,ORD-2026-03690,CLI-061,PROD-053,2026-08-27 17:21:00,Cochabamba,CAM-22,CHO-138,181,181.0,72,64.7,1,1,1,,False
3691,ORD-2026-03691,CLI-074,PROD-017,2026-08-26 15:35:00,Tarija,CAM-12,CHO-061,466,463.0,24,18.8,1,0,0,,False
3692,ORD-2026-03692,CLI-004,PROD-003,2026-08-13 01:38:00,Santa Cruz,CAM-14,CHO-133,258,258.0,48,36.8,1,1,1,,False
3693,ORD-2026-03693,CLI-002,PROD-007,2026-08-18 15:28:00,Santa Cruz,CAM-06,CHO-142,408,408.0,24,21.1,1,1,1,,False
3694,ORD-2026-03694,CLI-035,PROD-041,2026-08-17 05:06:00,Tarija,CAM-26,CHO-010,499,499.0,48,43.9,1,1,1,,False
3695,ORD-2026-03695,CLI-093,PROD-009,2026-08-05 10:57:00,Santa Cruz,CAM-29,CHO-081,381,376.0,24,18.3,1,0,0,,False
3696,ORD-2026-03696,CLI-060,PROD-043,2026-08-11 06:32:00,Tarija,CAM-12,CHO-010,32,32.0,72,48.3,1,1,1,,False
3697,ORD-2026-03697,CLI-046,PROD-015,2026-08-01 16:29:00,Tarija,CAM-03,CHO-043,72,72.0,72,62.2,1,1,1,,False
3698,ORD-2026-03698,CLI-097,PROD-025,2026-08-18 02:10:00,La Paz,CAM-09,CHO-039,248,248.0,48,38.7,1,1,1,,False
3699,ORD-2026-03699,CLI-010,PROD-026,2026-08-24 10:16:00,Tarija,CAM-26,CHO-010,109,109.0,48,34.1,1,1,1,,False
3700,ORD-2026-03700,CLI-067,PROD-007,2026-08-23 08:03:00,Oruro,CAM-02,CHO-022,172,172.0,24,19.8,1,1,1,,False
3701,ORD-2026-03701,CLI-043,PROD-033,2026-08-14 15:47:00,Tarija,CAM-26,CHO-105,60,60.0,72,63.7,1,1,1,,False
3702,ORD-2026-03702,CLI-060,PROD-040,2026-08-13 01:40:00,Cochabamba,CAM-22,CHO-130,457,457.0,48,42.1,1,1,1,,False
3703,ORD-2026-03703,CLI-061,PROD-037,2026-08-30 09:59:00,Tarija,CAM-26,CHO-043,313,313.0,72,59.7,1,1,1,,False
3704,ORD-2026-03704,CLI-033,PROD-046,2026-08-17 08:08:00,Santa Cruz,CAM-11,CHO-046,231,231.0,24,20.4,1,1,1,,False
3705,ORD-2026-03705,CLI-078,PROD-058,2026-08-22 09:12:00,La Paz,CAM-09,CHO-102,406,406.0,24,29.0,0,1,0,,False
3706,ORD-2026-03706,CLI-088,PROD-037,2026-08-05 16:16:00,Oruro,CAM-07,CHO-003,319,319.0,72,70.3,1,1,1,,False
3707,ORD-2026-03707,CLI-030,PROD-058,2026-08-26 06:34:00,Tarija,CAM-26,CHO-088,89,89.0,24,25.3,0,1,0,,False
3708,ORD-2026-03708,CLI-061,PROD-053,2026-08-17 01:12:00,Tarija,CAM-26,CHO-012,146,146.0,48,55.2,0,1,0,,False
3709,ORD-2026-03709,CLI-054,PROD-037,2026-08-06 18:06:00,La Paz,CAM-28,CHO-083,50,50.0,48,30.6,1,1,1,,False
3710,ORD-2026-03710,CLI-044,PROD-003,2026-08-04 04:50:00,La Paz,CAM-09,CHO-107,405,405.0,72,64.5,1,1,1,,False
3711,ORD-2026-03711,CLI-087,PROD-004,2026-08-29 04:39:00,La Paz,CAM-28,CHO-134,117,105.0,48,36.5,1,0,0,,False
3712,ORD-2026-03712,CLI-099,PROD-001,2026-08-08 07:26:00,Oruro,CAM-05,CHO-136,318,318.0,48,43.9,1,1,1,,False
3713,ORD-2026-03713,CLI-005,PROD-024,2026-08-21 11:28:00,Oruro,CAM-16,CHO-032,321,321.0,48,31.1,1,1,1,,False
3714,ORD-2026-03714,CLI-044,PROD-051,2026-08-05 18:40:00,Oruro,CAM-05,CHO-119,430,430.0,24,22.3,1,1,1,,False
3715,ORD-2026-03715,CLI-084,PROD-015,2026-08-14 16:09:00,Cochabamba,CAM-22,CHO-112,76,76.0,48,43.4,1,1,1,,False
3716,ORD-2026-03716,CLI-071,PROD-047,2026-08-09 00:24:00,La Paz,CAM-27,CHO-063,426,426.0,72,60.6,1,1,1,,False
3717,ORD-2026-03717,CLI-017,PROD-038,2026-08-23 05:07:00,La Paz,CAM-27,CHO-093,448,448.0,48,43.6,1,1,1,,False
3718,ORD-2026-03718,CLI-096,PROD-006,2026-08-24 21:21:00,Oruro,CAM-07,CHO-067,65,65.0,48,27.8,1,1,1,,False
3719,ORD-2026-03719,CLI-042,PROD-015,2026-08-02 17:54:00,Tarija,CAM-03,CHO-036,177,177.0,24,16.6,1,1,1,,False
3720,ORD-2026-03720,CLI-048,PROD-053,2026-08-19 19:02:00,Tarija,CAM-12,CHO-088,250,250.0,48,45.2,1,1,1,,False
3721,ORD-2026-03721,CLI-040,PROD-014,2026-08-23 21:29:00,La Paz,CAM-30,CHO-057,357,357.0,72,56.7,1,1,1,,False
3722,ORD-2026-03722,CLI-039,PROD-013,2026-08-21 19:56:00,La Paz,CAM-09,CHO-057,375,375.0,72,71.7,1,1,1,,False
3723,ORD-2026-03723,CLI-049,PROD-025,2026-08-08 18:58:00,Cochabamba,CAM-08,CHO-116,325,325.0,48,38.2,1,1,1,,False
3724,ORD-2026-03724,CLI-034,PROD-025,2026-08-19 05:34:00,Oruro,CAM-05,CHO-098,136,136.0,48,48.8,0,1,0,,False
3725,ORD-2026-03725,CLI-020,PROD-028,2026-08-12 02:06:00,Oruro,CAM-16,CHO-150,404,404.0,72,57.4,1,1,1,,False
3726,ORD-2026-03726,CLI-074,PROD-006,2026-08-16 16:23:00,Cochabamba,CAM-08,CHO-094,311,311.0,48,35.9,1,1,1,,False
3727,ORD-2026-03727,CLI-019,PROD-031,2026-08-24 19:34:00,La Paz,CAM-09,CHO-072,431,431.0,24,20.5,1,1,1,,False
3728,ORD-2026-03728,CLI-022,PROD-060,2026-08-19 20:01:00,Santa Cruz,CAM-20,CHO-141,204,204.0,72,55.3,1,1,1,,False
3729,ORD-2026-03729,CLI-067,PROD-060,2026-08-23 23:01:00,Oruro,CAM-05,CHO-051,268,268.0,48,42.7,1,1,1,,False
3730,ORD-2026-03730,CLI-089,PROD-008,2026-08-29 18:38:00,Cochabamba,CAM-23,CHO-016,111,111.0,24,21.7,1,1,1,,False
3731,ORD-2026-03731,CLI-058,PROD-049,2026-08-22 10:56:00,Cochabamba,CAM-23,CHO-014,237,237.0,24,21.6,1,1,1,,False
3732,ORD-2026-03732,CLI-046,PROD-042,2026-08-25 01:33:00,Cochabamba,CAM-08,CHO-014,177,177.0,72,45.5,1,1,1,,False
3733,ORD-2026-03733,CLI-017,PROD-006,2026-08-11 09:42:00,Oruro,CAM-05,CHO-032,400,400.0,24,20.1,1,1,1,,False
3734,ORD-2026-03734,CLI-038,PROD-018,2026-08-20 19:21:00,Cochabamba,CAM-19,CHO-147,36,36.0,24,15.7,1,1,1,,False
3735,ORD-2026-03735,CLI-046,PROD-019,2026-08-03 17:51:00,Cochabamba,CAM-01,CHO-047,196,196.0,48,47.2,1,1,1,,False
3736,ORD-2026-03736,CLI-017,PROD-023,2026-08-29 00:06:00,Santa Cruz,CAM-13,CHO-081,216,216.0,24,21.0,1,1,1,,False
3737,ORD-2026-03737,CLI-035,PROD-045,2026-08-25 11:26:00,Tarija,CAM-26,CHO-082,312,312.0,24,18.7,1,1,1,,False
3738,ORD-2026-03738,CLI-044,PROD-010,2026-08-26 08:12:00,Santa Cruz,CAM-20,CHO-076,376,376.0,24,24.1,0,1,0,,False
3739,ORD-2026-03739,CLI-077,PROD-022,2026-08-23 08:12:00,La Paz,CAM-09,CHO-023,329,329.0,48,45.1,1,1,1,,False
3740,ORD-2026-03740,CLI-039,PROD-021,2026-08-10 02:00:00,Santa Cruz,CAM-13,CHO-081,459,459.0,24,27.5,0,1,0,,False
3741,ORD-2026-03741,CLI-020,PROD-020,2026-08-13 01:03:00,La Paz,CAM-28,CHO-049,46,46.0,72,30.1,1,1,1,,False
3742,ORD-2026-03742,CLI-038,PROD-013,2026-08-15 23:51:00,La Paz,CAM-28,CHO-042,195,195.0,24,22.7,1,1,1,,False
3743,ORD-2026-03743,CLI-084,PROD-047,2026-08-27 21:35:00,Tarija,CAM-26,CHO-009,24,24.0,48,32.5,1,1,1,,False
3744,ORD-2026-03744,CLI-086,PROD-050,2026-08-10 01:26:00,La Paz,CAM-28,CHO-052,316,316.0,48,42.8,1,1,1,,False
3745,ORD-2026-03745,CLI-075,PROD-023,2026-08-09 22:27:00,Santa Cruz,CAM-20,CHO-103,142,142.0,24,23.1,1,1,1,,False
3746,ORD-2026-03746,CLI-077,PROD-046,2026-08-24 10:52:00,Tarija,CAM-26,CHO-048,129,129.0,72,76.0,0,1,0,,False
3747,ORD-2026-03747,CLI-016,PROD-023,2026-08-22 18:08:00,Oruro,CAM-05,CHO-038,26,26.0,24,23.3,1,1,1,,False
3748,ORD-2026-03748,CLI-063,PROD-040,2026-08-14 14:03:00,Oruro,CAM-05,CHO-136,138,138.0,24,16.0,1,1,1,,False
3749,ORD-2026-03749,CLI-066,PROD-056,2026-08-23 19:42:00,La Paz,CAM-28,CHO-072,144,144.0,72,54.5,1,1,1,,False
3750,ORD-2026-03750,CLI-098,PROD-025,2026-08-21 05:11:00,Santa Cruz,CAM-20,CHO-097,56,56.0,24,14.2,1,1,1,,False
3751,ORD-2026-03751,CLI-016,PROD-006,2026-08-30 10:51:00,Oruro,CAM-16,CHO-098,192,192.0,24,20.2,1,1,1,,False
3752,ORD-2026-03752,CLI-017,PROD-039,2026-08-12 07:54:00,Tarija,CAM-03,CHO-056,43,43.0,24,18.0,1,1,1,,False
3753,ORD-2026-03753,CLI-052,PROD-023,2026-08-21 07:25:00,Cochabamba,CAM-08,CHO-077,259,259.0,24,14.7,1,1,1,,False
3754,ORD-2026-03754,CLI-068,PROD-012,2026-08-23 10:22:00,Cochabamba,CAM-22,CHO-089,435,435.0,24,18.3,1,1,1,,False
3755,ORD-2026-03755,CLI-011,PROD-004,2026-08-23 00:56:00,Tarija,CAM-26,CHO-012,190,190.0,72,73.4,0,1,0,,False
3756,ORD-2026-03756,CLI-068,PROD-012,2026-08-23 18:09:00,Oruro,CAM-05,CHO-067,134,134.0,24,21.8,1,1,1,,False
3757,ORD-2026-03757,CLI-027,PROD-004,2026-08-11 08:23:00,Cochabamba,CAM-19,CHO-089,266,266.0,24,26.8,0,1,0,,False
3758,ORD-2026-03758,CLI-007,PROD-058,2026-08-11 00:47:00,Cochabamba,CAM-01,CHO-077,473,473.0,24,20.9,1,1,1,,False
3759,ORD-2026-03759,CLI-008,PROD-029,2026-08-21 02:29:00,Santa Cruz,CAM-13,CHO-059,492,489.0,48,25.8,1,0,0,,False
3760,ORD-2026-03760,CLI-059,PROD-015,2026-08-11 00:22:00,La Paz,CAM-30,CHO-126,408,408.0,48,47.4,1,1,1,,False
3761,ORD-2026-03761,CLI-079,PROD-013,2026-08-17 05:36:00,Santa Cruz,CAM-13,CHO-129,448,447.0,48,38.1,1,0,0,,False
3762,ORD-2026-03762,CLI-051,PROD-005,2026-08-17 18:14:00,La Paz,CAM-15,CHO-137,281,281.0,48,38.5,1,1,1,,False
3763,ORD-2026-03763,CLI-057,PROD-040,2026-08-23 02:16:00,Cochabamba,CAM-22,CHO-124,440,431.0,72,52.9,1,0,0,,False
3764,ORD-2026-03764,CLI-055,PROD-023,2026-08-04 08:44:00,Oruro,CAM-05,CHO-136,475,475.0,48,40.4,1,1,1,,False
3765,ORD-2026-03765,CLI-034,PROD-034,2026-08-01 15:59:00,Santa Cruz,CAM-20,CHO-092,344,344.0,48,41.3,1,1,1,,False
3766,ORD-2026-03766,CLI-099,PROD-031,2026-08-05 07:50:00,Oruro,CAM-05,CHO-022,255,255.0,48,36.8,1,1,1,,False
3767,ORD-2026-03767,CLI-050,PROD-025,2026-08-18 21:21:00,La Paz,CAM-28,CHO-139,109,92.0,48,35.0,1,0,0,,False
3768,ORD-2026-03768,CLI-037,PROD-023,2026-08-06 14:04:00,La Paz,CAM-28,CHO-093,273,273.0,48,38.9,1,1,1,,False
3769,ORD-2026-03769,CLI-074,PROD-012,2026-08-03 00:33:00,Cochabamba,CAM-22,CHO-033,224,224.0,24,22.7,1,1,1,,False
3770,ORD-2026-03770,CLI-017,PROD-005,2026-08-09 22:23:00,La Paz,CAM-27,CHO-005,308,299.0,24,17.6,1,0,0,,False
3771,ORD-2026-03771,CLI-036,PROD-034,2026-08-03 09:35:00,Cochabamba,CAM-17,CHO-108,288,288.0,48,44.7,1,1,1,,False
3772,ORD-2026-03772,CLI-053,PROD-036,2026-08-05 09:00:00,Santa Cruz,CAM-20,CHO-080,497,497.0,48,45.7,1,1,1,,False
3773,ORD-2026-03773,CLI-087,PROD-046,2026-08-22 07:21:00,Oruro,CAM-05,CHO-119,171,171.0,72,57.5,1,1,1,,False
3774,ORD-2026-03774,CLI-028,PROD-025,2026-08-13 03:52:00,Santa Cruz,CAM-20,CHO-020,219,219.0,72,70.4,1,1,1,,False
3775,ORD-2026-03775,CLI-014,PROD-020,2026-08-17 19:50:00,Cochabamba,CAM-23,CHO-073,242,242.0,24,26.4,0,1,0,,False
3776,ORD-2026-03776,CLI-008,PROD-046,2026-08-07 11:34:00,Tarija,CAM-12,CHO-026,349,349.0,72,67.0,1,1,1,,False
3777,ORD-2026-03777,CLI-061,PROD-027,2026-08-06 11:39:00,Cochabamba,CAM-08,CHO-033,142,142.0,72,31.7,1,1,1,,False
3778,ORD-2026-03778,CLI-039,PROD-052,2026-08-26 05:14:00,Cochabamba,CAM-01,CHO-087,134,134.0,24,24.7,0,1,0,,False
3779,ORD-2026-03779,CLI-029,PROD-004,2026-08-20 06:02:00,Santa Cruz,CAM-06,CHO-128,316,316.0,24,23.7,1,1,1,,False
3780,ORD-2026-03780,CLI-083,PROD-018,2026-08-03 03:22:00,Santa Cruz,CAM-11,CHO-109,389,389.0,48,37.2,1,1,1,,False
3781,ORD-2026-03781,CLI-039,PROD-051,2026-08-14 07:44:00,Oruro,CAM-05,CHO-038,cincuenta,,24,22.2,1,1,1,cantidad_entregada|cantidad_solicitada,True
3782,ORD-2026-03782,CLI-055,PROD-014,2026-08-28 18:10:00,Santa Cruz,CAM-10,CHO-060,76,76.0,24,17.7,1,1,1,,False
3783,ORD-2026-03783,CLI-094,PROD-029,2026-08-11 04:08:00,Cochabamba,CAM-08,CHO-086,31,31.0,24,14.3,1,1,1,,False
3784,ORD-2026-03784,CLI-020,PROD-036,2026-08-26 18:52:00,Santa Cruz,CAM-20,CHO-004,170,170.0,48,32.2,1,1,1,,False
3785,ORD-2026-03785,CLI-029,PROD-037,2026-08-27 17:47:00,Tarija,CAM-03,CHO-061,406,406.0,24,15.1,1,1,1,,False
3786,ORD-2026-03786,CLI-035,PROD-028,2026-08-01 15:22:00,Oruro,CAM-16,CHO-119,180,180.0,48,50.4,0,1,0,,False
3787,ORD-2026-03787,CLI-071,PROD-010,2026-08-08 22:14:00,Santa Cruz,CAM-14,CHO-121,468,468.0,24,25.0,0,1,0,,False
3788,ORD-2026-03788,CLI-042,PROD-030,2026-08-24 13:33:00,Santa Cruz,CAM-18,CHO-062,190,184.0,24,28.8,0,0,0,,False
3789,ORD-2026-03789,CLI-050,PROD-045,2026-08-05 18:05:00,La Paz,CAM-27,CHO-002,312,301.0,48,42.8,1,0,0,,False
3790,ORD-2026-03790,CLI-086,PROD-052,2026-08-27 00:40:00,Cochabamba,CAM-22,CHO-041,194,186.0,48,39.0,1,0,0,,False
3791, ord-2026-03791 ,CLI-025,PROD-007,2026-08-18 15:15:00,Cochabamba,CAM-19,CHO-019,354,354.0,24,23.4,1,1,1,order_id,True
3792,ORD-2026-03792,CLI-066,PROD-045,2026-08-07 02:57:00,Santa Cruz,CAM-04,CHO-025,130,130.0,48,35.0,1,1,1,,False
3793,ORD-2026-03793,CLI-047,PROD-017,2026-08-08 19:30:00,La Paz,CAM-30,CHO-071,488,488.0,72,88.6,0,1,0,,False
3794,ORD-2026-03794,CLI-008,PROD-036,2026-08-25 14:25:00,Tarija,CAM-03,CHO-009,278,278.0,72,49.3,1,1,1,,False
3795,ORD-2026-03795,CLI-016,PROD-016,2026-08-26 08:57:00,Cochabamba,CAM-17,CHO-094,68,68.0,48,36.1,1,1,1,,False
3796,ORD-2026-03796,CLI-058,PROD-032,2026-08-12 23:33:00,Santa Cruz,CAM-13,CHO-004,33,33.0,24,19.5,1,1,1,,False
3797,ORD-2026-03797,CLI-067,PROD-052,2026-08-30 14:36:00,Tarija,CAM-12,CHO-050,342,333.0,48,53.6,0,0,0,,False
3798,ORD-2026-03798,CLI-093,PROD-016,2026-08-03 12:04:00,Tarija,CAM-12,CHO-026,367,367.0,24,15.6,1,1,1,,False
3799,ORD-2026-03799,CLI-062,PROD-050,2026-08-23 03:45:00,Tarija,CAM-03,CHO-088,93,93.0,48,47.8,1,1,1,,False
3800,ORD-2026-03800,CLI-069,PROD-016,2026-08-11 13:04:00,Cochabamba,CAM-23,CHO-143,218,218.0,72,58.8,1,1,1,,False
3801,ORD-2026-03801,CLI-006,PROD-023,2026-08-22 10:47:00,Tarija,CAM-12,CHO-036,442,442.0,48,52.8,0,1,0,,False
3802,ORD-2026-03802,CLI-020,PROD-013,2026-08-23 07:26:00,Oruro,CAM-05,CHO-110,145,145.0,24,21.1,1,1,1,,False
3803,ORD-2026-03803,CLI-063,PROD-012,2026-08-02 10:08:00,Cochabamba,CAM-01,CHO-019,409,409.0,72,57.6,1,1,1,,False
3804,ORD-2026-03804,CLI-015,PROD-001,2026-08-13 12:48:00,Santa Cruz,CAM-14,CHO-121,285,285.0,48,46.0,1,1,1,,False
3805,ORD-2026-03805,CLI-045,PROD-059,2026-08-27 19:18:00,Santa Cruz,CAM-13,CHO-046,401,401.0,48,36.4,1,1,1,,False
3806,ORD-2026-03806,CLI-021,PROD-015,2026-08-16 23:33:00,Oruro,CAM-24,CHO-144,99,99.0,24,12.0,1,1,1,,False
3807,ORD-2026-03807,CLI-051,PROD-041,2026-08-09 04:17:00,La Paz,CAM-30,CHO-052,12,12.0,72,64.2,1,1,1,,False
3808,ORD-2026-03808,CLI-036,PROD-034,2026-08-20 18:10:00,Oruro,CAM-02,CHO-136,276,276.0,24,13.4,1,1,1,,False
3809,ORD-2026-03809,CLI-009,PROD-052,2026-08-16 15:00:00,La Paz,CAM-28,CHO-027,488,,24,27.1,0,1,0,cantidad_entregada,True
3810,ORD-2026-03810,CLI-025,PROD-045,2026-08-10 01:18:00,Oruro,CAM-02,CHO-136,204,197.0,48,46.8,1,0,0,,False
3811,ORD-2026-03811,CLI-018,PROD-010,2026-08-18 00:15:00,Cochabamba,CAM-08,CHO-125,243,243.0,24,18.4,1,1,1,,False
3812,ORD-2026-03812,CLI-032,PROD-043,2026-08-21 16:54:00,Oruro,CAM-05,CHO-098,160,160.0,48,40.7,1,1,1,,False
3813,ORD-2026-03813,CLI-011,PROD-023,2026-08-29 15:57:00,Oruro,CAM-05,CHO-119,130,130.0,48,35.3,1,1,1,,False
3814,ORD-2026-03814,CLI-085,PROD-052,2026-08-30 06:15:00,Cochabamba,CAM-08,CHO-143,185,185.0,48,36.8,1,1,1,,False
3815,ORD-2026-03815,CLI-099,PROD-059,2026-08-25 18:50:00,Tarija,CAM-12,CHO-048,376,376.0,24,20.7,1,1,1,,False
3816,ORD-2026-03816,CLI-083,PROD-013,2026-08-24 21:02:00,Tarija,CAM-03,CHO-105,398,398.0,24,30.1,0,1,0,,False
3817,ORD-2026-03817,CLI-070,PROD-050,2026-08-26 10:21:00,Santa Cruz,CAM-14,CHO-096,271,271.0,72,67.7,1,1,1,,False
3818,ORD-2026-03818,CLI-091,PROD-058,2026-08-14 19:31:00,Oruro,CAM-07,CHO-117,266,266.0,48,43.2,1,1,1,,False
3819,ORD-2026-03819,CLI-053,PROD-010,2026-08-21 10:31:00,Oruro,CAM-02,CHO-136,310,310.0,48,40.2,1,1,1,,False
3820,ORD-2026-03820,CLI-081,PROD-026,2026-08-28 03:55:00,La Paz,CAM-27,CHO-139,234,234.0,72,76.3,0,1,0,,False
3821,ORD-2026-03821,CLI-051,PROD-002,2026-08-23 11:03:00,Cochabamba,CAM-22,CHO-094,102,102.0,72,67.3,1,1,1,,False
3822,ORD-2026-03822,CLI-080,PROD-036,2026-08-17 03:45:00,Tarija,CAM-03,CHO-048,98,98.0,48,51.3,0,1,0,,False
3823,ORD-2026-03823,CLI-066,PROD-020,2026-08-09 10:38:00,Cochabamba,CAM-22,CHO-140,108,108.0,72,62.1,1,1,1,,False
3824,ORD-2026-03824,CLI-016,PROD-003,2026-08-25 04:13:00,La Paz,CAM-27,CHO-021,225,225.0,72,68.4,1,1,1,,False
3825,ORD-2026-03825,CLI-058,PROD-057,2026-08-03 07:09:00,La Paz,CAM-28,CHO-023,286,286.0,48,36.5,1,1,1,,False
3826,ORD-2026-03826,CLI-013,PROD-017,2026-08-13 19:45:00,Oruro,CAM-05,CHO-038,90,86.0,48,45.6,1,0,0,,False
3827,ORD-2026-03827,CLI-085,PROD-023,2026-08-12 09:02:00,Cochabamba,CAM-08,CHO-055,154,154.0,72,52.7,1,1,1,,False
3828,ORD-2026-03828,CLI-060,PROD-029,2026-08-04 18:48:00,Santa Cruz,CAM-11,CHO-149,286,286.0,24,19.3,1,1,1,,False
3829,ORD-2026-03829,CLI-004,PROD-039,2026-08-16 05:38:00,La Paz,CAM-30,CHO-017,55,55.0,48,44.5,1,1,1,,False
3830,ORD-2026-03830,CLI-086,PROD-026,2026-08-18 01:54:00,La Paz,CAM-27,CHO-049,163,163.0,24,19.1,1,1,1,,False
3831,ORD-2026-03831,CLI-044,PROD-043,2026-08-10 11:47:00,Oruro,CAM-05,CHO-117,119,119.0,48,43.4,1,1,1,,False
3832,ORD-2026-03832,CLI-031,PROD-045,2026-08-08 02:45:00,Cochabamba,CAM-01,CHO-016,120,120.0,48,43.0,1,1,1,,False
3833,ORD-2026-03833,CLI-047,PROD-040,2026-08-06 03:51:00,Oruro,CAM-05,CHO-117,111,111.0,24,20.4,1,1,1,,False
3834,ORD-2026-03834,CLI-084,PROD-003,2026-08-09 10:59:00,Oruro,CAM-05,CHO-110,30,30.0,48,38.4,1,1,1,,False
3835,ORD-2026-03835,CLI-094,PROD-025,2026-08-14 04:56:00,Cochabamba,CAM-01,CHO-047,405,405.0,48,29.8,1,1,1,,False
3836,ORD-2026-03836,CLI-080,PROD-039,2026-08-30 02:21:00,Santa Cruz,CAM-20,CHO-103,70,70.0,24,22.5,1,1,1,,False
3837,ORD-2026-03837,CLI-030,PROD-035,2026-08-13 04:50:00,Cochabamba,CAM-01,CHO-047,16,16.0,48,50.4,0,1,0,,False
3838,ORD-2026-03838,CLI-058,PROD-003,2026-08-21 18:19:00,La Paz,CAM-28,CHO-139,116,116.0,72,61.5,1,1,1,,False
3839,ORD-2026-03839,CLI-048,PROD-017,2026-08-08 21:35:00,La Paz,CAM-09,CHO-107,409,409.0,48,37.5,1,1,1,,False
3840,ORD-2026-03840,CLI-046,PROD-038,2026-08-12 18:55:00,Tarija,CAM-03,CHO-015,432,432.0,24,26.5,0,1,0,,False
3841,ORD-2026-03841,CLI-013,PROD-021,2026-08-11 21:13:00,Tarija,CAM-26,CHO-045,256,256.0,48,49.4,0,1,0,,False
3842,ORD-2026-03842,CLI-009,PROD-057,2026-08-07 05:00:00,Cochabamba,CAM-17,CHO-055,248,248.0,48,34.9,1,1,1,,False
3843,ORD-2026-03843,CLI-035,PROD-023,2026-08-14 21:13:00,Tarija,CAM-03,CHO-050,411,411.0,48,49.3,0,1,0,,False
3844,ORD-2026-03844,CLI-067,PROD-031,2026-08-21 12:50:00,Cochabamba,CAM-22,CHO-138,137,,24,17.1,1,1,1,cantidad_entregada,True
3845,ORD-2026-03845,CLI-061,PROD-028,2026-08-08 23:55:00,La Paz,CAM-28,CHO-139,345,345.0,72,67.5,1,1,1,,False
3846,ORD-2026-03846,CLI-029,PROD-013,2026-08-06 10:36:00,La Paz,CAM-28,CHO-057,422,422.0,72,71.0,1,1,1,,False
3847,ORD-2026-03847,CLI-068,PROD-036,2026-08-05 05:01:00,Cochabamba,CAM-23,CHO-014,301,301.0,72,73.5,0,1,0,,False
3848,ORD-2026-03848,CLI-061,PROD-022,2026-08-15 18:19:00,Tarija,CAM-12,CHO-031,253,253.0,24,26.0,0,1,0,,False
3849,ORD-2026-03849,CLI-056,PROD-006,2026-08-20 02:02:00,La Paz,CAM-27,CHO-107,418,418.0,24,23.5,1,1,1,,False
3850,ORD-2026-03850,CLI-062,PROD-010,2026-08-02 14:46:00,Oruro,CAM-02,CHO-144,260,260.0,48,29.7,1,1,1,,False
3851,ORD-2026-03851,CLI-068,PROD-044,2026-08-16 17:44:00,Tarija,CAM-12,CHO-105,495,495.0,24,17.5,1,1,1,,False
3852,ORD-2026-03852,CLI-012,PROD-001,2026-08-30 20:34:00,Tarija,CAM-03,CHO-036,35,35.0,48,41.4,1,1,1,,False
3853,ORD-2026-03853,CLI-092,PROD-046,2026-08-28 18:08:00,Cochabamba,CAM-22,CHO-087,327,327.0,24,25.8,0,1,0,,False
3854,ORD-2026-03854,CLI-035,PROD-013,2026-08-21 08:46:00,Oruro,CAM-05,CHO-032,341,341.0,48,45.3,1,1,1,,False
3855,ORD-2026-03855,CLI-048,PROD-026,2026-08-10 06:15:00,La Paz,CAM-30,CHO-002,471,471.0,48,45.6,1,1,1,,False
3856,ORD-2026-03856,CLI-064,PROD-018,2026-08-30 16:45:00,Tarija,CAM-03,CHO-105,400,400.0,24,20.5,1,1,1,,False
3857,ORD-2026-03857,CLI-009,PROD-021,2026-08-08 16:07:00,La Paz,CAM-09,CHO-064,173,173.0,72,60.6,1,1,1,,False
3858,ORD-2026-03858,CLI-002,PROD-021,2026-08-12 08:53:00,Cochabamba,CAM-01,CHO-077,476,476.0,48,38.9,1,1,1,,False
3859,ORD-2026-03859,CLI-094,PROD-023,2026-08-28 16:40:00,Santa Cruz,CAM-13,CHO-092,453,453.0,24,22.8,1,1,1,,False
3860,ORD-2026-03860,CLI-087,PROD-057,2026-08-17 12:23:00,Oruro,CAM-16,CHO-067,121,121.0,24,21.4,1,1,1,,False
3861,ORD-2026-03861,CLI-065,PROD-036,2026-08-11 09:30:00,La Paz,CAM-09,CHO-066,37,26.0,48,38.5,1,0,0,,False
3862,ORD-2026-03862,CLI-078,PROD-022,2026-08-13 17:17:00,Oruro,CAM-05,CHO-022,299,299.0,48,39.5,1,1,1,,False
3863,ORD-2026-03863,CLI-094,PROD-010,2026-08-30 11:36:00,Santa Cruz,CAM-14,CHO-113,324,324.0,24,20.4,1,1,1,,False
3864,ORD-2026-03864,CLI-028,PROD-056,2026-08-14 07:09:00,Oruro,CAM-05,CHO-144,146,146.0,72,53.3,1,1,1,,False
3865,ORD-2026-03865,CLI-091,PROD-001,2026-08-12 21:30:00,La Paz,CAM-09,CHO-091,319,319.0,24,13.3,1,1,1,,False
3866,ORD-2026-03866,CLI-089,PROD-035,2026-08-28 11:22:00,Cochabamba,CAM-23,CHO-068,157,157.0,48,35.0,1,1,1,,False
3867,ORD-2026-03867,CLI-043,PROD-041,2026-08-19 12:42:00,Cochabamba,CAM-08,CHO-124,241,241.0,24,24.5,0,1,0,,False
3868,ORD-2026-03868,CLI-093,PROD-060,2026-08-09 16:11:00,Santa Cruz,CAM-13,CHO-120,146,146.0,48,48.2,0,1,0,,False
3869,ORD-2026-03869,CLI-058,PROD-040,2026-08-30 22:07:00,Oruro,CAM-05,CHO-150,451,451.0,48,41.6,1,1,1,,False
3870,ORD-2026-03870,CLI-086,PROD-007,2026-08-24 01:04:00,Tarija,CAM-26,CHO-105,186,170.0,48,34.0,1,0,0,,False
3871,ORD-2026-03871,CLI-038,PROD-010,2026-08-23 16:02:00,Cochabamba,CAM-22,CHO-068,71,71.0,48,35.6,1,1,1,,False
3872,ORD-2026-03872, cli-068 ,PROD-035,2026-08-09 20:12:00,Tarija,CAM-03,CHO-026,258,258.0,24,10.9,1,1,1,cliente_id,True
3873,ORD-2026-03873,CLI-080,PROD-046,2026-08-10 18:40:00,Tarija,CAM-03,CHO-132,28,28.0,72,40.1,1,1,1,,False
3874,ORD-2026-03874,CLI-007,PROD-045,2026-08-26 11:01:00,Cochabamba,CAM-08,CHO-131,345,345.0,72,71.1,1,1,1,,False
3875,ORD-2026-03875,CLI-092,PROD-023,2026-08-05 05:20:00,Tarija,CAM-12,CHO-044,367,367.0,24,18.1,1,1,1,,False
3876,ORD-2026-03876,CLI-006,PROD-031,2026-08-08 23:20:00,La Paz,CAM-28,CHO-091,414,414.0,24,25.4,0,1,0,,False
3877,ORD-2026-03877,CLI-040,PROD-003,2026-08-27 08:21:00,La Paz,CAM-28,CHO-040,36,36.0,72,63.5,1,1,1,,False
3878,ORD-2026-03878,CLI-055, prod-053 ,2026-08-22 19:52:00,Cochabamba,CAM-08,CHO-130,296,296.0,24,20.7,1,1,1,producto_id,True
3879,ORD-2026-03879,CLI-080,PROD-009,2026-08-25 15:51:00,La Paz,CAM-09,CHO-107,67,67.0,24,13.7,1,1,1,,False
3880,ORD-2026-03880,CLI-098,PROD-020,2026-08-23 14:36:00,La Paz,CAM-09,CHO-139,366,366.0,48,43.4,1,1,1,,False
3881,ORD-2026-03881,CLI-087,PROD-008,2026-08-12 18:50:00,Oruro,CAM-05,CHO-003,49,49.0,48,47.8,1,1,1,,False
3882,ORD-2026-03882,CLI-100,PROD-035,2026-08-23 18:09:00,Santa Cruz,CAM-20,CHO-100,57,57.0,24,23.5,1,1,1,,False
3883,ORD-2026-03883,CLI-086,PROD-018,2026-08-28 07:05:00,La Paz,CAM-28,CHO-002,138,138.0,48,21.9,1,1,1,,False
3884,ORD-2026-03884,CLI-060,PROD-005,2026-08-26 23:00:00,Tarija,CAM-26,CHO-132,241,241.0,48,37.5,1,1,1,,False
3885, ord-2026-03885 ,CLI-020,PROD-054,2026-08-05 14:42:00,Tarija,CAM-26,CHO-122,381,381.0,24,23.0,1,1,1,order_id,True
3886,ORD-2026-03886,CLI-044,PROD-035,2026-08-12 16:55:00,La Paz,CAM-09,CHO-134,65,65.0,24,22.0,1,1,1,,False
3887,ORD-2026-03887,CLI-079,PROD-058,2026-08-28 11:53:00,Santa Cruz,CAM-20,CHO-149,68,68.0,48,22.4,1,1,1,,False
3888,ORD-2026-03888,CLI-045,PROD-035,2026-08-04 11:45:00,Oruro,CAM-05,CHO-022,286,286.0,48,16.8,1,1,1,,False
3889,ORD-2026-03889,CLI-062,PROD-055,2026-08-18 08:23:00,Santa Cruz,CAM-06,CHO-106,326,326.0,48,30.1,1,1,1,,False
3890,ORD-2026-03890,CLI-008,PROD-024,2026-08-14 16:15:00,Santa Cruz,CAM-04,CHO-149,209,209.0,24,18.7,1,1,1,,False
3891,ORD-2026-03891,CLI-036,PROD-021,2026-08-23 10:27:00,La Paz,CAM-15,CHO-071,228,228.0,48,49.2,0,1,0,,False
3892,ORD-2026-03892,CLI-052,PROD-050,2026-08-18 06:39:00,Oruro,CAM-05,CHO-119,51,51.0,24,21.1,1,1,1,,False
3893,ORD-2026-03893,CLI-073,PROD-010,2026-08-19 22:42:00,Santa Cruz,CAM-20,CHO-121,275,275.0,72,46.4,1,1,1,,False
3894,ORD-2026-03894,CLI-092,PROD-058,2026-08-28 15:13:00,La Paz,CAM-09,CHO-042,158,158.0,24,21.0,1,1,1,,False
3895,ORD-2026-03895,CLI-041, prod-029 ,2026-08-15 20:50:00,Oruro,CAM-24,CHO-136,231,231.0,72,48.9,1,1,1,producto_id,True
3896,ORD-2026-03896,CLI-084,PROD-001,2026-08-10 08:07:00,Cochabamba,CAM-01,CHO-090,231,231.0,72,72.0,1,1,1,,False
3897,ORD-2026-03897,CLI-034,PROD-030,2026-08-11 11:40:00,Oruro,CAM-02,CHO-144,258,258.0,72,49.5,1,1,1,,False
3898,ORD-2026-03898,CLI-055,PROD-032,2026-08-19 23:39:00,La Paz,CAM-15,CHO-072,70,70.0,24,20.1,1,1,1,,False
3899,ORD-2026-03899,CLI-014,PROD-004,2026-08-12 23:16:00,Cochabamba,CAM-23,CHO-065,412,412.0,48,36.2,1,1,1,,False
3900,ORD-2026-03900,CLI-078,PROD-013,2026-08-21 14:03:00,Oruro,CAM-05,CHO-117,102,102.0,24,15.4,1,1,1,,False
3901,ORD-2026-03901,CLI-093,PROD-060,2026-08-06 03:20:00,La Paz,CAM-09,CHO-005,464,464.0,24,25.8,0,1,0,,False
3902,ORD-2026-03902,CLI-096,PROD-024,2026-08-28 11:06:00,La Paz,CAM-30,CHO-134,279,279.0,48,37.7,1,1,1,,False
3903,ORD-2026-03903,CLI-079,PROD-054,2026-08-22 12:28:00,Cochabamba,CAM-17,CHO-147,392,392.0,24,16.5,1,1,1,,False
3904,ORD-2026-03904,CLI-067,PROD-038,2026-08-26 11:01:00,Cochabamba,CAM-08,CHO-006,304,304.0,48,43.9,1,1,1,,False
3905,ORD-2026-03905, cli-088 ,PROD-024,2026-08-28 03:28:00,La Paz,CAM-27,CHO-148,179,179.0,48,38.3,1,1,1,cliente_id,True
3906,ORD-2026-03906,CLI-059,PROD-043,2026-08-29 20:09:00,Santa Cruz,CAM-14,CHO-060,81,81.0,24,19.1,1,1,1,,False
3907,ORD-2026-03907,CLI-026,PROD-020,2026-08-03 18:22:00,Oruro,CAM-05,CHO-144,330,330.0,48,37.8,1,1,1,,False
3908,ORD-2026-03908,CLI-086,PROD-043,2026-08-10 05:19:00,Cochabamba,CAM-23,CHO-111,374,374.0,48,26.8,1,1,1,,False
3909,ORD-2026-03909,CLI-083,PROD-034,2026-08-01 20:32:00,Santa Cruz,CAM-18,CHO-096,323,323.0,72,70.6,1,1,1,,False
3910,ORD-2026-03910,CLI-074,PROD-029,2026-08-06 13:19:00,La Paz,CAM-30,CHO-042,85,85.0,72,43.2,1,1,1,,False
3911,ORD-2026-03911,CLI-034,PROD-044,2026-08-23 04:05:00,Santa Cruz,CAM-21,CHO-035,346,346.0,48,37.9,1,1,1,,False
3912,ORD-2026-03912,CLI-066,PROD-005,2026-08-20 10:25:00,Cochabamba,CAM-19,CHO-089,288,288.0,24,14.9,1,1,1,,False
3913,ORD-2026-03913,CLI-087,PROD-036,2026-08-03 09:25:00,Cochabamba,CAM-08,CHO-014,402,402.0,72,41.8,1,1,1,,False
3914,ORD-2026-03914,CLI-007,PROD-055,2026-08-02 13:42:00,Tarija,CAM-03,CHO-009,458,458.0,48,46.7,1,1,1,,False
3915,ORD-2026-03915,CLI-063,PROD-049,2026-08-22 03:17:00,Santa Cruz,CAM-13,CHO-025,274,274.0,48,47.0,1,1,1,,False
3916,ORD-2026-03916,CLI-042,PROD-059,2026-08-18 18:31:00,Oruro,CAM-05,CHO-144,169,169.0,24,20.5,1,1,1,,False
3917,ORD-2026-03917,CLI-025,PROD-047,2026-08-11 03:34:00,Tarija,CAM-12,CHO-026,238,238.0,72,71.7,1,1,1,,False
3918,ORD-2026-03918,CLI-015,PROD-035,2026-08-23 11:51:00,Cochabamba,CAM-01,CHO-055,49,49.0,24,25.5,0,1,0,,False
3919,ORD-2026-03919,CLI-097,PROD-007,2026-08-10 19:28:00,Oruro,CAM-07,CHO-150,329,312.0,48,36.7,1,0,0,,False
3920,ORD-2026-03920,CLI-005,PROD-033,2026-08-21 02:52:00,Tarija,CAM-03,CHO-132,90,90.0,48,53.9,0,1,0,,False
3921,ORD-2026-03921,CLI-020,PROD-027,2026-08-02 22:48:00,Cochabamba,CAM-17,CHO-130,276,276.0,24,19.4,1,1,1,,False
3922,ORD-2026-03922,CLI-004,PROD-015,2026-08-11 02:25:00,Oruro,CAM-05,CHO-098,331,331.0,48,48.5,0,1,0,,False
3923,ORD-2026-03923,CLI-038,PROD-044,2026-08-19 11:06:00,Cochabamba,CAM-17,CHO-058,35,35.0,48,33.0,1,1,1,,False
3924,ORD-2026-03924,CLI-065,PROD-012,2026-08-06 17:37:00,La Paz,CAM-28,CHO-002,108,108.0,24,14.5,1,1,1,,False
3925,ORD-2026-03925,CLI-009,PROD-015,2026-08-29 12:49:00,Oruro,CAM-05,CHO-144,323,323.0,24,20.2,1,1,1,,False
3926,ORD-2026-03926,CLI-016,PROD-039,2026-08-28 23:35:00,Oruro,CAM-16,CHO-003,352,352.0,48,32.2,1,1,1,,False
3927,ORD-2026-03927,CLI-075,PROD-005,2026-08-26 12:48:00,La Paz,CAM-15,CHO-127,420,420.0,24,24.1,0,1,0,,False
3928,ORD-2026-03928,CLI-003,PROD-032,2026-08-14 17:26:00,Cochabamba,CAM-22,CHO-006,381,381.0,72,59.5,1,1,1,,False
3929,ORD-2026-03929,CLI-036,PROD-014,2026-08-08 20:15:00,Santa Cruz,CAM-06,CHO-059,347,347.0,48,40.0,1,1,1,,False
3930,ORD-2026-03930,CLI-048,PROD-018,2026-08-25 16:58:00,Cochabamba,CAM-01,CHO-090,44,44.0,24,21.8,1,1,1,,False
3931,ORD-2026-03931,CLI-017,PROD-030,2026-08-24 10:04:00,Santa Cruz,CAM-14,CHO-034,297,297.0,72,54.7,1,1,1,,False
3932,ORD-2026-03932,CLI-009,PROD-001,2026-08-19 01:10:00,Tarija,CAM-12,CHO-105,276,276.0,48,43.9,1,1,1,,False
3933,ORD-2026-03933,CLI-061,PROD-038,2026-08-23 06:42:00,Cochabamba,CAM-17,CHO-086,314,314.0,24,9.3,1,1,1,,False
3934,ORD-2026-03934,CLI-066,PROD-038,2026-08-09 03:03:00,Oruro,CAM-05,CHO-098,357,357.0,48,34.4,1,1,1,,False
3935,ORD-2026-03935,CLI-070,PROD-034,2026-08-12 01:38:00,Cochabamba,CAM-01,CHO-135,480,480.0,24,17.1,1,1,1,,False
3936,ORD-2026-03936,CLI-037,PROD-033,2026-08-21 01:06:00,Oruro,CAM-07,CHO-022,137,137.0,72,50.9,1,1,1,,False
3937,ORD-2026-03937,CLI-053,PROD-043,2026-08-01 12:52:00,Cochabamba,CAM-01,CHO-138,51,32.0,24,24.0,1,0,0,,False
3938,ORD-2026-03938,CLI-068,PROD-055,2026-08-13 15:15:00,Oruro,CAM-07,CHO-150,18,18.0,48,32.6,1,1,1,,False
3939,ORD-2026-03939,CLI-041,PROD-049,2026-08-29 12:50:00,Oruro,CAM-05,CHO-117,424,424.0,48,48.1,0,1,0,,False
3940,ORD-2026-03940,CLI-023,PROD-047,2026-08-28 07:56:00,Santa Cruz,CAM-04,CHO-011,228,209.0,24,24.1,0,0,0,,False
3941,ORD-2026-03941,CLI-048,PROD-021,2026-08-10 23:18:00,Santa Cruz,CAM-14,CHO-129,20,20.0,24,14.6,1,1,1,,False
3942,ORD-2026-03942,CLI-012,PROD-017,2026-08-08 17:51:00,Tarija,CAM-03,CHO-082,94,94.0,72,66.6,1,1,1,,False
3943,ORD-2026-03943,CLI-069,PROD-050,2026-08-03 04:15:00,La Paz,CAM-28,CHO-083,403,403.0,48,31.5,1,1,1,,False
3944,ORD-2026-03944,CLI-061,PROD-058,2026-08-30 02:37:00,Cochabamba,CAM-08,CHO-055,369,369.0,48,49.0,0,1,0,,False
3945,ORD-2026-03945,CLI-092,PROD-020,2026-08-09 00:35:00,Oruro,CAM-05,CHO-110,371,371.0,24,24.4,0,1,0,,False
3946,ORD-2026-03946,CLI-067,PROD-021,2026-08-12 10:22:00,La Paz,CAM-15,CHO-102,296,296.0,24,18.2,1,1,1,,False
3947,ORD-2026-03947,CLI-066,PROD-009,2026-08-20 13:13:00,Tarija,CAM-03,CHO-010,163,163.0,24,17.6,1,1,1,,False
3948,ORD-2026-03948,CLI-009,PROD-003,2026-08-03 15:39:00,Santa Cruz,CAM-14,CHO-075,17,17.0,24,20.9,1,1,1,,False
3949,ORD-2026-03949,CLI-086,PROD-046,2026-08-30 14:04:00,La Paz,CAM-30,CHO-005,147,147.0,48,42.9,1,1,1,,False
3950,ORD-2026-03950,CLI-035,PROD-047,2026-08-16 09:52:00,Tarija,CAM-12,CHO-044,161,161.0,48,32.9,1,1,1,,False
3951,ORD-2026-03951,CLI-040,PROD-042,2026-08-08 22:58:00,La Paz,CAM-28,CHO-072,390,390.0,72,63.4,1,1,1,,False
3952,ORD-2026-03952,CLI-021,PROD-010,2026-08-17 18:07:00,La Paz,CAM-27,CHO-072,496,496.0,48,43.6,1,1,1,,False
3953,ORD-2026-03953,CLI-079,PROD-060,2026-08-27 16:28:00,Cochabamba,CAM-22,CHO-111,209,209.0,72,57.7,1,1,1,,False
3954,ORD-2026-03954,CLI-035,PROD-018,2026-08-05 09:39:00,Tarija,CAM-26,CHO-105,423,423.0,24,28.3,0,1,0,,False
3955,ORD-2026-03955,CLI-064,PROD-030,2026-08-18 11:59:00,Oruro,CAM-05,CHO-150,431,429.0,72,69.2,1,0,0,,False
3956,ORD-2026-03956,CLI-024,PROD-052,2026-08-20 06:29:00,Tarija,CAM-03,CHO-036,265,265.0,48,42.2,1,1,1,,False
3957,ORD-2026-03957,CLI-023,PROD-006,2026-08-16 10:05:00,Cochabamba,CAM-23,CHO-145,229,229.0,24,18.5,1,1,1,,False
3958,ORD-2026-03958,CLI-070,PROD-051,2026-08-07 02:58:00,Oruro,CAM-05,CHO-110,202,202.0,72,51.7,1,1,1,,False
3959,ORD-2026-03959,CLI-051,PROD-042,2026-08-13 09:25:00,Oruro,CAM-05,CHO-003,233,233.0,24,13.5,1,1,1,,False
3960,ORD-2026-03960,CLI-085,PROD-056,2026-08-30 15:13:00,Tarija,CAM-03,CHO-061,408,408.0,48,36.2,1,1,1,,False
3961,ORD-2026-03961,CLI-070,PROD-013,2026-08-27 06:34:00,Cochabamba,CAM-23,CHO-033,303,303.0,48,23.8,1,1,1,,False
3962,ORD-2026-03962,CLI-016,PROD-042,2026-08-10 20:30:00,La Paz,CAM-30,CHO-071,402,402.0,48,29.2,1,1,1,,False
3963,ORD-2026-03963,CLI-026,PROD-041,2026-08-04 22:46:00,Oruro,CAM-02,CHO-136,323,323.0,48,34.6,1,1,1,,False
3964,ORD-2026-03964,CLI-077,PROD-020,2026-08-07 05:17:00,Cochabamba,CAM-23,CHO-033,387,387.0,72,70.1,1,1,1,,False
3965,ORD-2026-03965,CLI-072,PROD-029,2026-08-29 04:09:00,Santa Cruz,CAM-04,CHO-106,152,152.0,48,42.8,1,1,1,,False
3966,ORD-2026-03966,CLI-089,PROD-030,2026-08-21 23:22:00,La Paz,CAM-09,CHO-005,425,425.0,48,43.9,1,1,1,,False
3967,ORD-2026-03967,CLI-056,PROD-049,2026-08-09 20:05:00,La Paz,CAM-09,CHO-057,391,391.0,48,45.3,1,1,1,,False
3968,ORD-2026-03968,CLI-010,PROD-039,2026-08-08 00:57:00,Tarija,CAM-12,CHO-082,411,411.0,24,22.2,1,1,1,,False
3969,ORD-2026-03969,CLI-013,PROD-027,2026-08-30 15:57:00,Oruro,CAM-02,CHO-022,285,273.0,24,15.5,1,0,0,,False
3970,ORD-2026-03970,CLI-027,PROD-046,2026-08-23 04:19:00,Oruro,CAM-24,CHO-038,404,404.0,24,11.6,1,1,1,,False
3971,ORD-2026-03971,CLI-076,PROD-013,2026-08-22 05:41:00,Santa Cruz,CAM-13,CHO-092,97,97.0,24,20.2,1,1,1,,False
3972,ORD-2026-03972,CLI-021,PROD-008,2026-08-18 18:12:00,Cochabamba,CAM-22,CHO-131,478,478.0,24,22.5,1,1,1,,False
3973,ORD-2026-03973,CLI-009,PROD-048,2026-08-02 01:47:00,Cochabamba,CAM-01,CHO-014,421,421.0,24,17.9,1,1,1,,False
3974,ORD-2026-03974,CLI-056,PROD-039,2026-08-10 05:10:00,Oruro,CAM-24,CHO-022,66,66.0,24,19.0,1,1,1,,False
3975,ORD-2026-03975,CLI-099,PROD-048,2026-08-09 18:52:00,Santa Cruz,CAM-18,CHO-101,240,240.0,24,18.8,1,1,1,,False
3976,ORD-2026-03976,CLI-031,PROD-002,2026-08-01 12:34:00,La Paz,CAM-09,CHO-063,234,234.0,24,21.5,1,1,1,,False
3977,ORD-2026-03977,CLI-060,PROD-060,2026-08-11 12:30:00,Oruro,CAM-05,CHO-003,125,125.0,24,16.5,1,1,1,,False
3978,ORD-2026-03978,CLI-093,PROD-057,2026-08-09 14:12:00,Santa Cruz,CAM-21,CHO-075,48,48.0,72,81.1,0,1,0,,False
3979,ORD-2026-03979,CLI-099,PROD-038,2026-08-21 11:04:00,Tarija,CAM-26,CHO-045,227,219.0,72,57.7,1,0,0,,False
3980,ORD-2026-03980,CLI-066,PROD-013,2026-08-08 22:33:00,La Paz,CAM-28,CHO-002,168,164.0,72,53.9,1,0,0,,False
3981,ORD-2026-03981,CLI-074,PROD-033,2026-08-02 19:24:00,Cochabamba,CAM-22,CHO-145,461,461.0,24,19.0,1,1,1,,False
3982,ORD-2026-03982,CLI-069,PROD-003,2026-08-02 17:21:00,Cochabamba,CAM-23,CHO-108,89,,24,23.7,1,1,1,cantidad_entregada,True
3983,ORD-2026-03983,CLI-067,PROD-042,2026-08-24 05:01:00,Tarija,CAM-12,CHO-031,463,463.0,48,36.8,1,1,1,,False
3984,ORD-2026-03984,CLI-053,PROD-040,2026-08-04 21:05:00,Santa Cruz,CAM-20,CHO-092,253,253.0,72,50.8,1,1,1,,False
3985,ORD-2026-03985,CLI-037,PROD-004,2026-08-29 07:24:00,La Paz,CAM-27,CHO-083,487,487.0,48,39.4,1,1,1,,False
3986,ORD-2026-03986,CLI-099,PROD-057,2026-08-08 09:29:00,Tarija,CAM-26,CHO-031,365,365.0,24,19.5,1,1,1,,False
3987,ORD-2026-03987,CLI-028,PROD-002,2026-08-17 22:40:00,Cochabamba,CAM-01,CHO-077,453,453.0,72,55.3,1,1,1,,False
3988,ORD-2026-03988,CLI-013,PROD-053,2026-08-23 14:49:00,Oruro,CAM-24,CHO-032,260,260.0,72,55.5,1,1,1,,False
3989,ORD-2026-03989,CLI-020,PROD-035,2026-08-30 07:46:00,Cochabamba,CAM-08,CHO-068,52,52.0,24,19.1,1,1,1,,False
3990,ORD-2026-03990,CLI-064,PROD-005,2026-08-23 13:26:00,Oruro,CAM-05,CHO-150,126,121.0,24,14.5,1,0,0,,False
3991,ORD-2026-03991,CLI-045,PROD-030,2026-08-07 09:39:00,Tarija,CAM-12,CHO-008,65,65.0,48,42.6,1,1,1,,False
3992,ORD-2026-03992,CLI-031,PROD-013,2026-08-05 18:31:00,Cochabamba,CAM-23,CHO-054,271,271.0,48,36.4,1,1,1,,False
3993,ORD-2026-03993,CLI-058,PROD-051,2026-08-16 18:44:00,Tarija,CAM-03,CHO-009,222,222.0,24,25.6,0,1,0,,False
3994,ORD-2026-03994,CLI-018,PROD-045,2026-08-22 20:10:00,La Paz,CAM-30,CHO-102,379,379.0,72,77.4,0,1,0,,False
3995,ORD-2026-03995,CLI-005,PROD-041,2026-08-01 21:22:00,Cochabamba,CAM-19,CHO-138,207,207.0,72,66.8,1,1,1,,False
3996,ORD-2026-03996,CLI-042,PROD-033,2026-08-16 19:35:00,La Paz,CAM-15,CHO-021,294,294.0,72,69.8,1,1,1,,False
3997,ORD-2026-03997,CLI-007,PROD-027,2026-08-02 16:12:00,Santa Cruz,CAM-29,CHO-020,147,147.0,48,42.1,1,1,1,,False
3998,ORD-2026-03998,CLI-053,PROD-036,2026-08-05 05:43:00,Tarija,CAM-03,CHO-045,12,12.0,48,39.2,1,1,1,,False
3999,ORD-2026-03999,CLI-026,PROD-059,2026-08-15 20:57:00,Cochabamba,CAM-01,CHO-124,299,299.0,24,24.5,0,1,0,,False
4000,ORD-2026-04000,CLI-046,PROD-019,2026-08-17 06:08:00,Santa Cruz,CAM-20,CHO-059,145,145.0,24,18.2,1,1,1,,False
4001,ORD-2026-04001,CLI-037,PROD-013,2026-08-19 02:55:00,Oruro,CAM-05,CHO-098,300,293.0,24,21.5,1,0,0,,False
4002,ORD-2026-04002,CLI-020,PROD-001,2026-08-16 08:58:00,Tarija,CAM-26,CHO-061,159,159.0,24,16.2,1,1,1,,False
4003,ORD-2026-04003,CLI-067,PROD-017,2026-08-15 16:51:00,Tarija,CAM-03,CHO-044,155,155.0,72,58.8,1,1,1,,False
4004,ORD-2026-04004,CLI-019,PROD-048,2026-08-27 04:47:00,Cochabamba,CAM-23,CHO-086,441,441.0,72,53.9,1,1,1,,False
4005,ORD-2026-04005,CLI-093,PROD-055,2026-08-30 11:01:00,Cochabamba,CAM-19,CHO-086,215,215.0,48,52.8,0,1,0,,False
4006,ORD-2026-04006, cli-007 ,PROD-035,2026-08-28 09:09:00,Oruro,CAM-05,CHO-117,410,410.0,48,53.2,0,1,0,cliente_id,True
4007,ORD-2026-04007,CLI-005,PROD-015,2026-08-21 17:52:00,Tarija,CAM-03,CHO-132,22,22.0,24,19.2,1,1,1,,False
4008,ORD-2026-04008,CLI-050,PROD-040,2026-08-26 21:04:00,Tarija,CAM-03,CHO-088,53,53.0,72,54.2,1,1,1,,False
4009,ORD-2026-04009,CLI-098,PROD-052,2026-08-07 02:51:00,Cochabamba,CAM-01,CHO-131,115,115.0,48,38.1,1,1,1,,False
4010,ORD-2026-04010,CLI-086,PROD-014,2026-08-07 19:41:00,Cochabamba,CAM-23,CHO-116,148,148.0,24,21.7,1,1,1,,False
4011,ORD-2026-04011,CLI-005,PROD-060,2026-08-20 06:19:00,Oruro,CAM-05,CHO-118,354,354.0,72,52.7,1,1,1,,False
4012,ORD-2026-04012,CLI-054,PROD-021,2026-08-29 13:02:00,Cochabamba,CAM-08,CHO-086,167,167.0,24,21.6,1,1,1,,False
4013,ORD-2026-04013,CLI-052,PROD-007,2026-08-13 21:17:00,Santa Cruz,CAM-21,CHO-037,67,67.0,48,46.7,1,1,1,,False
4014,ORD-2026-04014,CLI-048,PROD-055,2026-08-21 07:31:00,Santa Cruz,CAM-06,CHO-103,344,344.0,24,23.6,1,1,1,,False
4015,ORD-2026-04015,CLI-082,PROD-018,2026-08-01 16:06:00,La Paz,CAM-28,CHO-023,223,223.0,72,65.0,1,1,1,,False
4016,ORD-2026-04016,CLI-025,PROD-045,2026-08-27 19:03:00,La Paz,CAM-30,CHO-071,108,96.0,48,38.5,1,0,0,,False
4017,ORD-2026-04017,CLI-075,PROD-049,2026-08-23 23:10:00,Oruro,CAM-05,CHO-144,458,458.0,24,23.3,1,1,1,,False
4018,ORD-2026-04018,CLI-029,PROD-021,2026-08-30 05:58:00,La Paz,CAM-30,CHO-072,176,176.0,24,26.8,0,1,0,,False
4019,ORD-2026-04019,CLI-100,PROD-016,2026-08-11 06:22:00,Cochabamba,CAM-19,CHO-125,196,196.0,48,37.6,1,1,1,,False
4020,ORD-2026-04020,CLI-082,PROD-052,2026-08-15 10:51:00,Tarija,CAM-12,CHO-048,108,108.0,24,16.8,1,1,1,,False
4021,ORD-2026-04021,CLI-091,PROD-009,2026-08-16 12:44:00,Santa Cruz,CAM-18,CHO-096,56,56.0,72,53.1,1,1,1,,False
4022,ORD-2026-04022,CLI-035,PROD-056,2026-08-21 09:42:00,Oruro,CAM-05,CHO-022,207,207.0,48,42.1,1,1,1,,False
4023,ORD-2026-04023,CLI-016,PROD-004,2026-08-14 17:18:00,La Paz,CAM-27,CHO-102,393,393.0,24,23.9,1,1,1,,False
4024,ORD-2026-04024,CLI-019,PROD-005,2026-08-04 13:09:00,Cochabamba,CAM-19,CHO-068,104,104.0,24,20.1,1,1,1,,False
4025,ORD-2026-04025,CLI-079,PROD-048,2026-08-14 16:51:00,Cochabamba,CAM-23,CHO-041,27,27.0,72,56.3,1,1,1,,False
4026,ORD-2026-04026,CLI-031,PROD-040,2026-08-18 13:32:00,Cochabamba,CAM-08,CHO-089,201,201.0,72,53.7,1,1,1,,False
4027,ORD-2026-04027,CLI-011,PROD-009,2026-08-21 19:59:00,Santa Cruz,CAM-11,CHO-011,136,136.0,24,23.0,1,1,1,,False
4028,ORD-2026-04028,CLI-082,PROD-050,2026-08-17 03:42:00,Tarija,CAM-03,CHO-045,325,325.0,24,20.7,1,1,1,,False
4029,ORD-2026-04029,CLI-032,PROD-044,2026-08-26 09:08:00,Tarija,CAM-03,CHO-008,285,285.0,24,25.2,0,1,0,,False
4030,ORD-2026-04030,CLI-065,PROD-050,2026-08-28 02:29:00,Santa Cruz,CAM-20,CHO-104,448,448.0,24,17.2,1,1,1,,False
4031,ORD-2026-04031,CLI-059,PROD-045,2026-08-06 23:45:00,Santa Cruz,CAM-21,CHO-004,257,257.0,24,23.0,1,1,1,,False
4032,ORD-2026-04032,CLI-010,PROD-004,2026-08-27 17:05:00,Cochabamba,CAM-17,CHO-041,495,495.0,48,36.9,1,1,1,,False
4033,ORD-2026-04033,CLI-077,PROD-033,2026-08-28 14:50:00,Oruro,CAM-05,CHO-051,321,321.0,24,20.8,1,1,1,,False
4034,ORD-2026-04034,CLI-003,PROD-020,2026-08-05 14:44:00,Oruro,CAM-05,CHO-118,110,110.0,24,16.3,1,1,1,,False
4035,ORD-2026-04035,CLI-085,PROD-025,2026-08-12 19:44:00,Oruro,CAM-05,CHO-136,242,242.0,24,18.8,1,1,1,,False
4036,ORD-2026-04036,CLI-039,PROD-047,2026-08-21 06:34:00,Oruro,CAM-24,CHO-003,307,307.0,48,48.5,0,1,0,,False
4037,ORD-2026-04037,CLI-091,PROD-002,2026-08-06 10:37:00,Santa Cruz,CAM-25,CHO-142,473,473.0,72,51.9,1,1,1,,False
4038,ORD-2026-04038,CLI-049,PROD-046,2026-08-18 16:38:00,La Paz,CAM-27,CHO-107,319,318.0,48,30.8,1,0,0,,False
4039,ORD-2026-04039,CLI-057,PROD-008,2026-08-06 06:10:00,Cochabamba,CAM-23,CHO-116,187,187.0,24,18.6,1,1,1,,False
4040,ORD-2026-04040,CLI-021,PROD-015,2026-08-03 23:43:00,Oruro,CAM-05,CHO-150,22,22.0,72,64.9,1,1,1,,False
4041,ORD-2026-04041,CLI-054,PROD-024,2026-08-19 03:33:00,Santa Cruz,CAM-04,CHO-097,479,479.0,48,54.9,0,1,0,,False
4042,ORD-2026-04042,CLI-063,PROD-038,2026-08-26 09:14:00,Cochabamba,CAM-17,CHO-033,41,41.0,48,32.0,1,1,1,,False
4043,ORD-2026-04043,CLI-007,PROD-057,2026-08-15 07:27:00,La Paz,CAM-09,CHO-134,401,401.0,48,28.9,1,1,1,,False
4044,ORD-2026-04044,CLI-078,PROD-060,2026-08-07 02:11:00,Tarija,CAM-03,CHO-056,129,129.0,48,50.8,0,1,0,,False
4045,ORD-2026-04045,CLI-051,PROD-038,2026-08-01 04:59:00,La Paz,CAM-27,CHO-052,479,479.0,24,21.3,1,1,1,,False
4046,ORD-2026-04046,CLI-066,PROD-037,2026-08-18 02:15:00,La Paz,CAM-28,CHO-107,160,160.0,72,68.2,1,1,1,,False
4047,ORD-2026-04047,CLI-056,PROD-049,2026-08-12 17:00:00,Santa Cruz,CAM-20,CHO-074,51,51.0,72,63.0,1,1,1,,False
4048,ORD-2026-04048,CLI-073,PROD-048,2026-08-15 08:43:00,La Paz,CAM-28,CHO-102,349,349.0,72,54.2,1,1,1,,False
4049,ORD-2026-04049,CLI-058,PROD-033,2026-08-09 19:50:00,Cochabamba,CAM-22,CHO-055,480,480.0,48,45.6,1,1,1,,False
4050,ORD-2026-04050,CLI-088,PROD-053,2026-08-03 23:46:00,Tarija,CAM-26,CHO-082,410,410.0,48,33.8,1,1,1,,False
4051,ORD-2026-04051,CLI-096,PROD-026,2026-08-18 11:30:00,La Paz,CAM-15,CHO-063,283,283.0,48,39.3,1,1,1,,False
4052,ORD-2026-04052,CLI-034,PROD-035,2026-08-01 18:44:00,Oruro,CAM-05,CHO-110,411,398.0,24,20.1,1,0,0,,False
4053,ORD-2026-04053,CLI-038,PROD-004,2026-08-09 08:16:00,Santa Cruz,CAM-14,CHO-133,52,52.0,24,18.7,1,1,1,,False
4054,ORD-2026-04054,CLI-026,PROD-011,2026-08-23 03:22:00,La Paz,CAM-28,CHO-042,381,381.0,24,21.3,1,1,1,,False
4055,ORD-2026-04055,CLI-055,PROD-018,2026-08-04 00:38:00,Tarija,CAM-12,CHO-045,436,436.0,48,36.4,1,1,1,,False
4056,ORD-2026-04056,CLI-085,PROD-049,2026-08-15 11:50:00,Cochabamba,CAM-23,CHO-116,422,422.0,24,17.1,1,1,1,,False
4057,ORD-2026-04057,CLI-021,PROD-034,2026-08-23 02:48:00,Cochabamba,CAM-22,CHO-069,124,124.0,24,27.9,0,1,0,,False
4058,ORD-2026-04058,CLI-037,PROD-011,2026-08-21 11:04:00,Cochabamba,CAM-23,CHO-111,251,251.0,24,27.8,0,1,0,,False
4059,ORD-2026-04059,CLI-098,PROD-016,2026-08-21 02:21:00,Oruro,CAM-16,CHO-098,217,217.0,48,22.4,1,1,1,,False
4060,ORD-2026-04060,CLI-078,PROD-031,2026-08-02 11:01:00,Tarija,CAM-12,CHO-122,133,133.0,48,50.6,0,1,0,,False
4061,ORD-2026-04061,CLI-086,PROD-041,2026-08-28 13:31:00,Tarija,CAM-26,CHO-045,154,154.0,48,33.4,1,1,1,,False
4062,ORD-2026-04062,CLI-067,PROD-010,2026-08-23 02:37:00,La Paz,CAM-28,CHO-001,319,319.0,24,31.3,0,1,0,,False
4063,ORD-2026-04063,CLI-089,PROD-046,2026-08-11 02:20:00,Oruro,CAM-07,CHO-051,214,214.0,48,43.6,1,1,1,,False
4064,ORD-2026-04064,CLI-069,PROD-042,2026-08-29 05:30:00,La Paz,CAM-28,CHO-057,479,479.0,48,38.7,1,1,1,,False
4065,ORD-2026-04065,CLI-035,PROD-057,2026-08-27 22:51:00,La Paz,CAM-27,CHO-091,444,441.0,24,15.2,1,0,0,,False
4066, ord-2026-04066 ,CLI-028,PROD-038,2026-08-08 03:17:00,Cochabamba,CAM-01,CHO-112,422,422.0,24,16.5,1,1,1,order_id,True
4067,ORD-2026-04067,CLI-075,PROD-013,2026-08-13 07:55:00,Tarija,CAM-12,CHO-082,237,237.0,48,45.3,1,1,1,,False
4068,ORD-2026-04068,CLI-073,PROD-037,2026-08-25 06:21:00,Santa Cruz,CAM-04,CHO-074,29,25.0,48,40.9,1,0,0,,False
4069,ORD-2026-04069,CLI-035,PROD-045,2026-08-26 17:18:00,Cochabamba,CAM-19,CHO-145,406,406.0,24,13.3,1,1,1,,False
4070,ORD-2026-04070,CLI-064,PROD-051,2026-08-11 23:09:00,Oruro,CAM-05,CHO-067,225,225.0,48,31.1,1,1,1,,False
4071,ORD-2026-04071,CLI-086,PROD-008,2026-08-20 08:21:00,Cochabamba,CAM-08,CHO-033,22,22.0,72,57.4,1,1,1,,False
4072,ORD-2026-04072,CLI-008,PROD-052,2026-08-30 22:50:00,Oruro,CAM-05,CHO-098,203,194.0,24,29.5,0,0,0,,False
4073,ORD-2026-04073,CLI-011,PROD-046,2026-08-19 21:50:00,Cochabamba,CAM-22,CHO-112,170,170.0,48,35.9,1,1,1,,False
4074,ORD-2026-04074,CLI-018,PROD-056,2026-08-28 21:19:00,Cochabamba,CAM-22,CHO-019,117,117.0,48,32.6,1,1,1,,False
4075,ORD-2026-04075,CLI-029,PROD-029,2026-08-21 23:41:00,Cochabamba,CAM-19,CHO-140,143,143.0,24,18.2,1,1,1,,False
4076,ORD-2026-04076,CLI-036,PROD-007,2026-08-17 03:45:00,La Paz,CAM-15,CHO-002,40,40.0,48,55.8,0,1,0,,False
4077,ORD-2026-04077,CLI-010,PROD-035,2026-08-13 10:44:00,Tarija,CAM-26,CHO-010,461,461.0,72,90.7,0,1,0,,False
4078,ORD-2026-04078,CLI-007,PROD-036,2026-08-19 07:24:00,Tarija,CAM-03,CHO-010,327,327.0,48,33.1,1,1,1,,False
4079,ORD-2026-04079,CLI-017,PROD-060,2026-08-14 21:58:00,Santa Cruz,CAM-20,CHO-060,470,470.0,48,39.2,1,1,1,,False
4080,ORD-2026-04080,CLI-051,PROD-006,2026-08-23 14:53:00,Santa Cruz,CAM-04,CHO-096,33,33.0,24,12.9,1,1,1,,False
4081,ORD-2026-04081,CLI-017,PROD-051,2026-08-25 13:02:00,Oruro,CAM-05,CHO-118,415,415.0,72,62.0,1,1,1,,False
4082,ORD-2026-04082,CLI-046,PROD-021,2026-08-08 16:22:00,Tarija,CAM-03,CHO-048,168,168.0,24,20.4,1,1,1,,False
4083,ORD-2026-04083,CLI-006,PROD-013,2026-08-05 07:26:00,Oruro,CAM-05,CHO-144,294,294.0,24,21.4,1,1,1,,False
4084,ORD-2026-04084,CLI-094,PROD-039,2026-08-03 05:56:00,La Paz,CAM-28,CHO-066,442,442.0,24,22.2,1,1,1,,False
4085,ORD-2026-04085,CLI-030,PROD-046,2026-08-17 17:13:00,Cochabamba,CAM-22,CHO-147,425,425.0,48,38.0,1,1,1,,False
4086,ORD-2026-04086,CLI-022,PROD-035,2026-08-26 22:57:00,La Paz,CAM-09,CHO-083,417,417.0,24,13.8,1,1,1,,False
4087,ORD-2026-04087,CLI-063,PROD-019,2026-08-08 18:43:00,Oruro,CAM-05,CHO-117,203,203.0,48,39.0,1,1,1,,False
4088,ORD-2026-04088,CLI-023,PROD-059,2026-08-03 06:57:00,Cochabamba,CAM-23,CHO-073,243,243.0,48,28.8,1,1,1,,False
4089,ORD-2026-04089,CLI-013,PROD-004,2026-08-29 21:40:00,Oruro,CAM-16,CHO-098,105,105.0,72,29.9,1,1,1,,False
4090,ORD-2026-04090,CLI-099,PROD-039,2026-08-06 16:13:00,Cochabamba,CAM-22,CHO-033,75,75.0,48,43.0,1,1,1,,False
4091,ORD-2026-04091,CLI-071,PROD-023,2026-08-14 20:02:00,Oruro,CAM-05,CHO-051,420,420.0,24,18.4,1,1,1,,False
4092,ORD-2026-04092,CLI-022,PROD-046,2026-08-02 22:29:00,Tarija,CAM-26,CHO-015,287,287.0,72,53.1,1,1,1,,False
4093,ORD-2026-04093,CLI-087,PROD-047,2026-08-09 07:47:00,Santa Cruz,CAM-25,CHO-099,285,285.0,72,62.2,1,1,1,,False
4094,ORD-2026-04094,CLI-093,PROD-026,2026-08-30 03:24:00,Santa Cruz,CAM-18,CHO-121,480,480.0,72,57.9,1,1,1,,False
4095,ORD-2026-04095,CLI-048,PROD-022,2026-08-21 13:10:00,Santa Cruz,CAM-20,CHO-121,132,132.0,72,48.5,1,1,1,,False
4096,ORD-2026-04096,CLI-066,PROD-018,2026-08-27 15:18:00,Santa Cruz,CAM-29,CHO-004,194,194.0,24,19.2,1,1,1,,False
4097,ORD-2026-04097,CLI-003,PROD-051,2026-08-22 08:22:00,Oruro,CAM-05,CHO-136,384,384.0,72,54.6,1,1,1,,False
4098,ORD-2026-04098,CLI-098,PROD-050,2026-08-01 04:03:00,La Paz,CAM-28,CHO-148,365,365.0,48,42.8,1,1,1,,False
4099,ORD-2026-04099,CLI-049,PROD-034,2026-08-11 04:04:00,La Paz,CAM-30,CHO-040,315,315.0,48,34.8,1,1,1,,False
4100,ORD-2026-04100,CLI-043,PROD-025,2026-08-28 09:29:00,Cochabamba,CAM-08,CHO-058,145,145.0,24,18.2,1,1,1,,False
4101,ORD-2026-04101,CLI-017,PROD-026,2026-08-27 22:06:00,Cochabamba,CAM-17,CHO-115,433,433.0,48,34.9,1,1,1,,False
4102,ORD-2026-04102,CLI-041,PROD-011,2026-08-03 03:25:00,La Paz,CAM-09,CHO-007,48,48.0,48,25.9,1,1,1,,False
4103,ORD-2026-04103,CLI-043,PROD-040,2026-08-27 14:41:00,La Paz,CAM-09,CHO-137,58,58.0,48,45.3,1,1,1,,False
4104,ORD-2026-04104,CLI-021,PROD-047,2026-08-07 11:46:00,Tarija,CAM-12,CHO-061,190,190.0,48,37.1,1,1,1,,False
4105,ORD-2026-04105,CLI-022,PROD-015,2026-08-30 12:17:00,Santa Cruz,CAM-13,CHO-099,314,314.0,48,42.7,1,1,1,,False
4106,ORD-2026-04106,CLI-005,PROD-046,2026-08-11 01:50:00,Cochabamba,CAM-01,CHO-124,187,187.0,24,20.1,1,1,1,,False
4107,ORD-2026-04107,CLI-016,PROD-049,2026-08-04 21:05:00,Tarija,CAM-03,CHO-010,96,96.0,72,58.7,1,1,1,,False
4108,ORD-2026-04108,CLI-040,PROD-019,2026-08-05 13:35:00,Santa Cruz,CAM-14,CHO-076,335,335.0,48,43.6,1,1,1,,False
4109,ORD-2026-04109,CLI-070,PROD-036,2026-08-19 23:52:00,Tarija,CAM-03,CHO-061,120,120.0,24,19.0,1,1,1,,False
4110,ORD-2026-04110,CLI-018,PROD-022,2026-08-05 03:31:00,Tarija,CAM-12,CHO-015,411,407.0,48,37.0,1,0,0,,False
4111,ORD-2026-04111,CLI-079,PROD-055,2026-08-27 15:44:00,La Paz,CAM-09,CHO-063,255,255.0,48,56.3,0,1,0,,False
4112,ORD-2026-04112,CLI-092,PROD-020,2026-08-23 12:11:00,Oruro,CAM-05,CHO-119,496,496.0,24,15.3,1,1,1,,False
4113,ORD-2026-04113,CLI-042,PROD-052,2026-08-20 21:50:00,Cochabamba,CAM-23,CHO-054,407,407.0,72,53.0,1,1,1,,False
4114,ORD-2026-04114,CLI-048,PROD-026,2026-08-27 17:38:00,La Paz,CAM-28,CHO-127,428,420.0,48,43.9,1,0,0,,False
4115,ORD-2026-04115,CLI-088, prod-041 ,2026-08-26 09:05:00,Oruro,CAM-05,CHO-118,149,149.0,24,22.5,1,1,1,producto_id,True
4116,ORD-2026-04116,CLI-059,PROD-015,2026-08-04 19:47:00,Tarija,CAM-03,CHO-048,194,194.0,48,41.6,1,1,1,,False
4117,ORD-2026-04117,CLI-036,PROD-037,2026-08-02 05:46:00,Tarija,CAM-03,CHO-088,268,268.0,48,47.1,1,1,1,,False
4118,ORD-2026-04118,CLI-096,PROD-046,2026-08-15 16:42:00,Santa Cruz,CAM-21,CHO-013,143,143.0,24,19.9,1,1,1,,False
4119,ORD-2026-04119,CLI-002,PROD-009,2026-08-13 02:03:00,Cochabamba,CAM-22,CHO-055,456,456.0,48,29.5,1,1,1,,False
4120,ORD-2026-04120,CLI-097,PROD-022,2026-08-15 01:17:00,Cochabamba,CAM-22,CHO-087,167,167.0,24,20.0,1,1,1,,False
4121,ORD-2026-04121,CLI-062,PROD-032,2026-08-15 03:31:00,La Paz,CAM-15,CHO-040,53,53.0,48,43.7,1,1,1,,False
4122,ORD-2026-04122,CLI-075,PROD-024,2026-08-11 05:38:00,La Paz,CAM-30,CHO-007,377,377.0,24,18.5,1,1,1,,False
4123,ORD-2026-04123,CLI-005,PROD-060,2026-08-30 09:48:00,Cochabamba,CAM-08,CHO-094,126,126.0,48,34.2,1,1,1,,False
4124,ORD-2026-04124,CLI-062,PROD-027,2026-08-22 22:59:00,Santa Cruz,CAM-21,CHO-096,241,241.0,48,43.1,1,1,1,,False
4125,ORD-2026-04125,CLI-006,PROD-027,2026-08-06 01:12:00,Santa Cruz,CAM-11,CHO-035,139,139.0,72,33.6,1,1,1,,False
4126,ORD-2026-04126,CLI-020,PROD-050,2026-08-19 06:56:00,Oruro,CAM-05,CHO-067,307,,24,25.3,0,1,0,cantidad_entregada,True
4127,ORD-2026-04127,CLI-071,PROD-029,2026-08-18 16:43:00,La Paz,CAM-28,CHO-091,351,351.0,48,34.2,1,1,1,,False
4128,ORD-2026-04128,CLI-067,PROD-005,2026-08-30 10:00:00,Santa Cruz,CAM-18,CHO-096,482,482.0,24,19.5,1,1,1,,False
4129,ORD-2026-04129,CLI-083,PROD-016,2026-08-07 10:23:00,La Paz,CAM-15,CHO-137,382,366.0,72,44.1,1,0,0,,False
4130,ORD-2026-04130,CLI-031,PROD-019,2026-08-28 03:39:00,La Paz,CAM-09,CHO-126,342,342.0,48,41.1,1,1,1,,False
4131,ORD-2026-04131,CLI-083,PROD-026,2026-08-06 10:36:00,La Paz,CAM-28,CHO-148,476,476.0,72,65.6,1,1,1,,False
4132,ORD-2026-04132,CLI-095,PROD-024,2026-08-12 08:36:00,Santa Cruz,CAM-20,CHO-030,489,489.0,24,22.1,1,1,1,,False
4133,ORD-2026-04133,CLI-014,PROD-054,2026-08-27 11:01:00,Cochabamba,CAM-08,CHO-140,320,320.0,72,55.2,1,1,1,,False
4134,ORD-2026-04134,CLI-076,PROD-017,2026-08-02 11:50:00,La Paz,CAM-09,CHO-023,163,163.0,48,23.7,1,1,1,,False
4135,ORD-2026-04135,CLI-047,PROD-052,2026-08-13 05:33:00,Santa Cruz,CAM-14,CHO-149,44,44.0,48,32.6,1,1,1,,False
4136,ORD-2026-04136,CLI-076,PROD-055,2026-08-20 03:40:00,Tarija,CAM-03,CHO-031,64,64.0,48,51.8,0,1,0,,False
4137,ORD-2026-04137,CLI-062,PROD-037,2026-08-29 17:23:00,Cochabamba,CAM-19,CHO-058,432,413.0,48,42.2,1,0,0,,False
4138,ORD-2026-04138,CLI-014,PROD-048,2026-08-01 10:25:00,Tarija,CAM-03,CHO-146,396,396.0,48,33.4,1,1,1,,False
4139,ORD-2026-04139,CLI-072,PROD-001,2026-08-19 08:18:00,La Paz,CAM-09,CHO-007,123,123.0,24,19.3,1,1,1,,False
4140,ORD-2026-04140,CLI-031,PROD-002,2026-08-05 05:06:00,La Paz,CAM-09,CHO-063,432,432.0,72,58.3,1,1,1,,False
4141,ORD-2026-04141,CLI-093,PROD-024,2026-08-04 18:47:00,Oruro,CAM-05,CHO-022,46,46.0,48,32.0,1,1,1,,False
4142,ORD-2026-04142,CLI-058,PROD-039,2026-08-19 02:35:00,La Paz,CAM-28,CHO-063,236,236.0,48,32.4,1,1,1,,False
4143,ORD-2026-04143,CLI-050,PROD-032,2026-08-29 09:11:00,Oruro,CAM-24,CHO-119,187,187.0,24,26.5,0,1,0,,False
4144,ORD-2026-04144,CLI-081,PROD-026,2026-08-22 05:10:00,La Paz,CAM-15,CHO-091,445,445.0,72,70.0,1,1,1,,False
4145,ORD-2026-04145,CLI-006,PROD-055,2026-08-01 10:17:00,Santa Cruz,CAM-10,CHO-123,325,325.0,24,13.8,1,1,1,,False
4146,ORD-2026-04146,CLI-034,PROD-049,2026-08-21 23:52:00,Oruro,CAM-05,CHO-119,446,446.0,48,32.9,1,1,1,,False
4147,ORD-2026-04147,CLI-002,PROD-007,2026-08-01 12:03:00,Tarija,CAM-26,CHO-045,453,453.0,24,18.7,1,1,1,,False
4148,ORD-2026-04148,CLI-046,PROD-025,2026-08-10 19:58:00,Cochabamba,CAM-22,CHO-090,122,122.0,48,34.0,1,1,1,,False
4149,ORD-2026-04149,CLI-022,PROD-051,2026-08-18 22:25:00,La Paz,CAM-28,CHO-040,86,86.0,72,45.6,1,1,1,,False
4150,ORD-2026-04150,CLI-036,PROD-007,2026-08-01 20:45:00,Tarija,CAM-03,CHO-008,244,244.0,24,23.7,1,1,1,,False
4151,ORD-2026-04151,CLI-024,PROD-026,2026-08-20 19:01:00,Tarija,CAM-26,CHO-061,36,36.0,48,38.7,1,1,1,,False
4152,ORD-2026-04152,CLI-012,PROD-053,2026-08-19 18:28:00,Cochabamba,CAM-22,CHO-131,14,14.0,48,46.8,1,1,1,,False
4153,ORD-2026-04153,CLI-010,PROD-021,2026-08-16 22:21:00,Tarija,CAM-26,CHO-012,415,415.0,48,36.5,1,1,1,,False
4154,ORD-2026-04154,CLI-050,PROD-059,2026-08-09 02:04:00,Oruro,CAM-05,CHO-098,440,440.0,24,16.7,1,1,1,,False
4155,ORD-2026-04155,CLI-046,PROD-055,2026-08-13 15:33:00,Santa Cruz,CAM-13,CHO-070,211,211.0,48,35.2,1,1,1,,False
4156,ORD-2026-04156,CLI-064,PROD-050,2026-08-18 19:58:00,La Paz,CAM-28,CHO-139,461,461.0,72,44.4,1,1,1,,False
4157,ORD-2026-04157,CLI-084,PROD-015,2026-08-24 16:21:00,Oruro,CAM-05,CHO-110,191,191.0,24,19.7,1,1,1,,False
4158,ORD-2026-04158,CLI-065,PROD-001,2026-08-11 03:16:00,La Paz,CAM-09,CHO-139,148,148.0,72,56.4,1,1,1,,False
4159,ORD-2026-04159,CLI-001,PROD-029,2026-08-24 13:02:00,La Paz,CAM-28,CHO-027,78,78.0,72,58.2,1,1,1,,False
4160,ORD-2026-04160,CLI-033,PROD-048,2026-08-05 15:30:00,La Paz,CAM-28,CHO-042,167,167.0,24,12.0,1,1,1,,False
4161,ORD-2026-04161,CLI-084,PROD-022,2026-08-30 10:52:00,La Paz,CAM-28,CHO-139,142,127.0,48,41.5,1,0,0,,False
4162,ORD-2026-04162,CLI-084,PROD-008,2026-08-21 14:08:00,Oruro,CAM-05,CHO-003,41,41.0,72,80.0,0,1,0,,False
4163,ORD-2026-04163,CLI-097,PROD-023,2026-08-27 03:07:00,Santa Cruz,CAM-14,CHO-078,204,204.0,24,17.7,1,1,1,,False
4164,ORD-2026-04164,CLI-040,PROD-049,13/08/2026 10:03,La Paz,CAM-28,CHO-064,398,398.0,72,48.5,1,1,1,fecha_despacho,True
4165,ORD-2026-04165,CLI-049,PROD-041,2026-08-14 10:56:00,Oruro,CAM-24,CHO-119,106,106.0,72,49.1,1,1,1,,False
4166,ORD-2026-04166,CLI-028,PROD-053,2026-08-02 05:15:00,Oruro,CAM-16,CHO-067,195,195.0,72,83.1,0,1,0,,False
4167,ORD-2026-04167,CLI-087,PROD-012,2026-08-21 09:14:00,Santa Cruz,CAM-20,CHO-101,67,67.0,48,46.2,1,1,1,,False
4168,ORD-2026-04168,CLI-049,PROD-030,2026-08-28 21:52:00,Santa Cruz,CAM-18,CHO-128,56,56.0,24,26.7,0,1,0,,False
4169,ORD-2026-04169,CLI-027,PROD-056,2026-08-29 21:47:00,La Paz,CAM-28,CHO-127,446,446.0,72,65.4,1,1,1,,False
4170,ORD-2026-04170,CLI-075,PROD-014,2026-08-05 22:02:00,Tarija,CAM-03,CHO-036,353,353.0,72,36.5,1,1,1,,False
4171,ORD-2026-04171,CLI-045,PROD-057,2026-08-17 02:46:00,Santa Cruz,CAM-20,CHO-133,179,162.0,24,18.9,1,0,0,,False
4172,ORD-2026-04172,CLI-060,PROD-029,2026-08-23 08:17:00,Cochabamba,CAM-08,CHO-069,442,442.0,48,39.6,1,1,1,,False
4173,ORD-2026-04173,CLI-097,PROD-040,2026-08-13 07:59:00,Santa Cruz,CAM-13,CHO-103,299,299.0,24,12.9,1,1,1,,False
4174,ORD-2026-04174,CLI-024,PROD-002,2026-08-23 12:11:00,Cochabamba,CAM-23,CHO-147,297,289.0,48,43.0,1,0,0,,False
4175,ORD-2026-04175,CLI-095,PROD-020,2026-08-02 14:55:00,La Paz,CAM-09,CHO-039,216,216.0,24,19.0,1,1,1,,False
4176,ORD-2026-04176,CLI-001,PROD-034,2026-08-13 22:59:00,La Paz,CAM-15,CHO-064,80,80.0,72,59.1,1,1,1,,False
4177,ORD-2026-04177,CLI-071,PROD-014,2026-08-11 12:30:00,Cochabamba,CAM-08,CHO-108,478,478.0,24,19.9,1,1,1,,False
4178,ORD-2026-04178,CLI-051,PROD-030,2026-08-23 15:21:00,Tarija,CAM-12,CHO-010,15,8.0,72,62.9,1,0,0,,False
4179,ORD-2026-04179,CLI-072,PROD-036,2026-08-14 17:09:00,Oruro,CAM-02,CHO-022,74,74.0,24,20.6,1,1,1,,False
4180,ORD-2026-04180,CLI-018,PROD-042,2026-08-16 10:41:00,La Paz,CAM-27,CHO-023,397,397.0,72,58.6,1,1,1,,False
4181,ORD-2026-04181,CLI-036,PROD-019,2026-08-04 01:43:00,Oruro,CAM-05,CHO-022,443,443.0,48,49.2,0,1,0,,False
4182,ORD-2026-04182,CLI-025,PROD-007,2026-08-04 04:40:00,Santa Cruz,CAM-21,CHO-030,258,258.0,72,74.0,0,1,0,,False
4183,ORD-2026-04183,CLI-051,PROD-060,2026-08-09 01:02:00,La Paz,CAM-09,CHO-066,31,31.0,48,52.4,0,1,0,,False
4184,ORD-2026-04184,CLI-046,PROD-030,2026-08-03 14:11:00,Oruro,CAM-02,CHO-150,373,373.0,48,35.1,1,1,1,,False
4185,ORD-2026-04185,CLI-020,PROD-016,2026-08-26 12:46:00,Tarija,CAM-03,CHO-031,256,256.0,24,19.3,1,1,1,,False
4186,ORD-2026-04186,CLI-080,PROD-028,2026-08-19 19:54:00,Oruro,CAM-07,CHO-051,491,491.0,48,43.9,1,1,1,,False
4187,ORD-2026-04187,CLI-031,PROD-050,2026-08-06 22:48:00,Tarija,CAM-12,CHO-043,357,357.0,48,36.0,1,1,1,,False
4188,ORD-2026-04188,CLI-002,PROD-015,2026-08-26 14:39:00,La Paz,CAM-28,CHO-023,376,376.0,72,73.9,0,1,0,,False
4189,ORD-2026-04189,CLI-056,PROD-018,2026-08-11 03:54:00,Tarija,CAM-03,CHO-088,162,162.0,48,39.9,1,1,1,,False
4190,ORD-2026-04190,CLI-044,PROD-007,2026-08-02 19:26:00,Oruro,CAM-05,CHO-067,229,229.0,48,31.6,1,1,1,,False
4191,ORD-2026-04191,CLI-014,PROD-050,2026-08-03 22:46:00,Santa Cruz,CAM-13,CHO-070,438,438.0,48,41.1,1,1,1,,False
4192,ORD-2026-04192,CLI-010,PROD-022,2026-08-29 02:08:00,Cochabamba,CAM-01,CHO-135,386,386.0,24,18.8,1,1,1,,False
4193,ORD-2026-04193,CLI-051,PROD-047,2026-08-20 18:38:00,Santa Cruz,CAM-21,CHO-029,162,162.0,24,23.4,1,1,1,,False
4194,ORD-2026-04194,CLI-029,PROD-025,2026-08-09 10:32:00,Cochabamba,CAM-01,CHO-086,83,83.0,48,45.4,1,1,1,,False
4195,ORD-2026-04195,CLI-026,PROD-044,2026-08-28 16:21:00,Cochabamba,CAM-01,CHO-041,136,128.0,72,57.6,1,0,0,,False
4196,ORD-2026-04196,CLI-014,PROD-015,2026-08-15 01:54:00,Cochabamba,CAM-23,CHO-006,107,107.0,72,53.1,1,1,1,,False
4197,ORD-2026-04197,CLI-041,PROD-032,2026-08-19 07:48:00,Oruro,CAM-05,CHO-144,287,287.0,24,17.0,1,1,1,,False
4198,ORD-2026-04198,CLI-053,PROD-006,2026-08-28 02:14:00,La Paz,CAM-09,CHO-063,267,267.0,48,32.7,1,1,1,,False
4199,ORD-2026-04199,CLI-049,PROD-014,2026-08-18 13:58:00,Oruro,CAM-05,CHO-119,31,31.0,72,37.8,1,1,1,,False
4200,ORD-2026-04200,CLI-086,PROD-050,2026-08-12 08:29:00,Cochabamba,CAM-08,CHO-033,489,489.0,48,35.8,1,1,1,,False
4201,ORD-2026-04201,CLI-018,PROD-055,2026-08-22 19:34:00,Cochabamba,CAM-17,CHO-089,12,12.0,72,41.6,1,1,1,,False
4202,ORD-2026-04202,CLI-003,PROD-015,2026-08-06 00:29:00,La Paz,CAM-28,CHO-134,87,87.0,72,81.8,0,1,0,,False
4203,ORD-2026-04203,CLI-014,PROD-025,2026-08-10 19:01:00,Oruro,CAM-05,CHO-003,426,426.0,48,32.7,1,1,1,,False
4204,ORD-2026-04204,CLI-079,PROD-009,2026-08-27 11:06:00,Santa Cruz,CAM-21,CHO-053,121,121.0,48,29.8,1,1,1,,False
4205,ORD-2026-04205,CLI-027,PROD-001,2026-08-16 02:15:00,Tarija,CAM-12,CHO-082,260,260.0,24,25.0,0,1,0,,False
4206,ORD-2026-04206,CLI-084,PROD-054,2026-08-01 03:14:00,Santa Cruz,CAM-20,CHO-092,485,485.0,24,16.3,1,1,1,,False
4207,ORD-2026-04207,CLI-064,PROD-028,2026-08-24 04:59:00,La Paz,CAM-09,CHO-027,274,274.0,72,78.4,0,1,0,,False
4208,ORD-2026-04208,CLI-044,PROD-007,2026-08-03 05:36:00,Cochabamba,CAM-19,CHO-058,32,32.0,24,19.8,1,1,1,,False
4209,ORD-2026-04209,CLI-048,PROD-046,2026-08-30 21:10:00,Santa Cruz,CAM-21,CHO-099,473,473.0,24,23.7,1,1,1,,False
4210,ORD-2026-04210,CLI-003,PROD-016,2026-08-19 18:52:00,Tarija,CAM-03,CHO-008,129,129.0,48,35.3,1,1,1,,False
4211,ORD-2026-04211,CLI-089,PROD-026,2026-08-05 00:56:00,La Paz,CAM-09,CHO-148,141,141.0,72,74.4,0,1,0,,False
4212,ORD-2026-04212,CLI-011,PROD-025,2026-08-10 04:34:00,Oruro,CAM-05,CHO-150,179,179.0,72,68.8,1,1,1,,False
4213,ORD-2026-04213,CLI-041,PROD-047,2026-08-17 05:02:00,Cochabamba,CAM-19,CHO-033,272,272.0,48,40.9,1,1,1,,False
4214,ORD-2026-04214,CLI-056,PROD-019,2026-08-23 03:09:00,Oruro,CAM-05,CHO-119,294,294.0,24,17.8,1,1,1,,False
4215,ORD-2026-04215,CLI-047,PROD-052,2026-08-17 23:30:00,Tarija,CAM-12,CHO-008,433,433.0,48,47.4,1,1,1,,False
4216,ORD-2026-04216,CLI-077,PROD-022,2026-08-01 11:31:00,Oruro,CAM-05,CHO-110,112,112.0,24,18.4,1,1,1,,False
4217,ORD-2026-04217,CLI-037,PROD-015,2026-08-04 23:41:00,La Paz,CAM-09,CHO-107,461,461.0,24,23.9,1,1,1,,False
4218,ORD-2026-04218,CLI-005,PROD-052,2026-08-22 17:58:00,Santa Cruz,CAM-13,CHO-020,163,163.0,72,74.5,0,1,0,,False
4219,ORD-2026-04219,CLI-088,PROD-059,2026-08-05 09:19:00,Santa Cruz,CAM-13,CHO-141,478,478.0,72,58.4,1,1,1,,False
4220,ORD-2026-04220,CLI-041,PROD-001,2026-08-17 06:13:00,La Paz,CAM-09,CHO-017,362,362.0,24,23.6,1,1,1,,False
4221,ORD-2026-04221,CLI-013,PROD-003,2026-08-30 04:19:00,Santa Cruz,CAM-14,CHO-100,38,36.0,24,24.4,0,0,0,,False
4222,ORD-2026-04222,CLI-079,PROD-053,2026-08-21 19:08:00,La Paz,CAM-15,CHO-091,230,230.0,72,75.2,0,1,0,,False
4223,ORD-2026-04223,CLI-057,PROD-041,2026-08-16 06:18:00,Tarija,CAM-26,CHO-061,429,429.0,72,64.3,1,1,1,,False
4224,ORD-2026-04224,CLI-020,PROD-054,2026-08-25 19:19:00,Oruro,CAM-07,CHO-118,457,457.0,72,47.2,1,1,1,,False
4225,ORD-2026-04225,CLI-060,PROD-006,2026-08-09 09:38:00,Tarija,CAM-03,CHO-008,117,117.0,24,17.1,1,1,1,,False
4226,ORD-2026-04226,CLI-005,PROD-011,2026-08-26 12:01:00,Santa Cruz,CAM-14,CHO-100,262,262.0,24,25.8,0,1,0,,False
4227, ord-2026-04227 ,CLI-085,PROD-011,2026-08-27 07:52:00,La Paz,CAM-28,CHO-093,104,104.0,48,32.2,1,1,1,order_id,True
4228,ORD-2026-04228,CLI-098,PROD-010,2026-08-28 13:46:00,Cochabamba,CAM-01,CHO-147,94,94.0,48,44.4,1,1,1,,False
4229,ORD-2026-04229,CLI-095,PROD-004,2026-08-19 00:15:00,Oruro,CAM-02,CHO-150,143,143.0,72,75.0,0,1,0,,False
4230,ORD-2026-04230,CLI-023,PROD-029,2026-08-05 08:40:00,Oruro,CAM-24,CHO-136,173,173.0,48,48.0,1,1,1,,False
4231,ORD-2026-04231,CLI-032,PROD-039,2026-08-03 11:54:00,Cochabamba,CAM-08,CHO-111,95,95.0,48,50.7,0,1,0,,False
4232,ORD-2026-04232,CLI-083,PROD-058,2026-08-15 01:45:00,La Paz,CAM-15,CHO-107,370,370.0,48,48.0,1,1,1,,False
4233,ORD-2026-04233,CLI-050,PROD-022,2026-08-07 09:42:00,La Paz,CAM-15,CHO-107,366,366.0,48,35.1,1,1,1,,False
4234,ORD-2026-04234,CLI-100,PROD-016,2026-08-05 22:36:00,Oruro,CAM-07,CHO-117,255,255.0,48,41.1,1,1,1,,False
4235,ORD-2026-04235,CLI-019,PROD-033,2026-08-25 01:22:00,La Paz,CAM-30,CHO-001,158,158.0,48,38.9,1,1,1,,False
4236,ORD-2026-04236,CLI-003,PROD-011,2026-08-27 06:54:00,Santa Cruz,CAM-13,CHO-004,297,297.0,72,52.8,1,1,1,,False
4237,ORD-2026-04237,CLI-004,PROD-042,2026-08-12 22:14:00,Cochabamba,CAM-08,CHO-047,289,289.0,24,24.3,0,1,0,,False
4238,ORD-2026-04238,CLI-018,PROD-016,2026-08-25 14:58:00,Tarija,CAM-03,CHO-082,383,383.0,24,15.9,1,1,1,,False
4239,ORD-2026-04239,CLI-018,PROD-034,2026-08-04 15:59:00,La Paz,CAM-27,CHO-064,374,374.0,48,41.8,1,1,1,,False
4240,ORD-2026-04240,CLI-048,PROD-008,2026-08-09 04:00:00,La Paz,CAM-09,CHO-049,267,267.0,72,64.2,1,1,1,,False
4241,ORD-2026-04241,CLI-059,PROD-008,2026-08-10 00:55:00,La Paz,CAM-28,CHO-052,129,129.0,24,15.9,1,1,1,,False
4242,ORD-2026-04242,CLI-065,PROD-028,2026-08-20 19:36:00,Tarija,CAM-26,CHO-015,308,308.0,72,48.9,1,1,1,,False
4243,ORD-2026-04243,CLI-087,PROD-021,2026-08-20 06:05:00,La Paz,CAM-27,CHO-021,147,147.0,24,18.0,1,1,1,,False
4244,ORD-2026-04244,CLI-007,PROD-056,2026-08-28 06:28:00,Oruro,CAM-05,CHO-032,105,105.0,24,20.2,1,1,1,,False
4245,ORD-2026-04245,CLI-083,PROD-026,2026-08-26 10:05:00,Santa Cruz,CAM-25,CHO-149,359,359.0,24,20.1,1,1,1,,False
4246,ORD-2026-04246,CLI-006,PROD-042,2026-08-09 10:51:00,La Paz,CAM-15,CHO-040,100,100.0,72,61.8,1,1,1,,False
4247,ORD-2026-04247,CLI-042,PROD-001,2026-08-06 02:04:00,Cochabamba,CAM-22,CHO-140,435,435.0,48,43.1,1,1,1,,False
4248,ORD-2026-04248,CLI-031,PROD-047,2026-08-12 19:33:00,Santa Cruz,CAM-14,CHO-053,97,97.0,24,23.4,1,1,1,,False
4249,ORD-2026-04249,CLI-010,PROD-019,2026-08-25 04:40:00,Tarija,CAM-03,CHO-045,282,282.0,24,18.2,1,1,1,,False
4250,ORD-2026-04250,CLI-036,PROD-035,2026-08-07 18:02:00,Oruro,CAM-05,CHO-022,442,442.0,24,16.0,1,1,1,,False
4251,ORD-2026-04251,CLI-081,PROD-030,2026-08-12 19:15:00,La Paz,CAM-27,CHO-001,344,344.0,48,50.2,0,1,0,,False
4252,ORD-2026-04252,CLI-046,PROD-060,2026-08-08 04:50:00,Tarija,CAM-03,CHO-050,43,43.0,48,25.9,1,1,1,,False
4253,ORD-2026-04253,CLI-070,PROD-026,2026-08-05 23:07:00,Cochabamba,CAM-19,CHO-151,102,102.0,72,53.9,1,1,1,,False
4254,ORD-2026-04254,CLI-036,PROD-010,2026-08-03 18:18:00,Oruro,CAM-05,CHO-032,441,441.0,72,60.1,1,1,1,,False
4255,ORD-2026-04255,CLI-066,PROD-027,2026-08-16 08:37:00,Santa Cruz,CAM-13,CHO-106,73,73.0,72,69.0,1,1,1,,False
4256,ORD-2026-04256,CLI-055,PROD-045,2026-08-04 13:22:00,La Paz,CAM-30,CHO-052,228,228.0,72,69.9,1,1,1,,False
4257,ORD-2026-04257,CLI-010,PROD-055,2026-08-28 10:46:00,Tarija,CAM-03,CHO-082,388,388.0,24,24.2,0,1,0,,False
4258,ORD-2026-04258,CLI-040,PROD-015,2026-08-24 14:09:00,Tarija,CAM-03,CHO-146,384,384.0,48,41.7,1,1,1,,False
4259,ORD-2026-04259,CLI-026,PROD-030,2026-08-21 18:50:00,La Paz,CAM-09,CHO-072,190,190.0,48,45.0,1,1,1,,False
4260,ORD-2026-04260,CLI-081,PROD-007,2026-08-04 18:45:00,Santa Cruz,CAM-11,CHO-062,349,349.0,72,40.6,1,1,1,,False
4261,ORD-2026-04261,CLI-061,PROD-037,2026-08-30 11:32:00,Cochabamba,CAM-22,CHO-140,167,167.0,24,23.2,1,1,1,,False
4262,ORD-2026-04262,CLI-085,PROD-038,2026-08-03 17:05:00,Cochabamba,CAM-23,CHO-108,163,163.0,24,17.2,1,1,1,,False
4263,ORD-2026-04263,CLI-021,PROD-054,2026-08-04 14:34:00,Cochabamba,CAM-08,CHO-090,112,112.0,72,50.3,1,1,1,,False
4264,ORD-2026-04264,CLI-035,PROD-038,2026-08-30 10:12:00,Cochabamba,CAM-19,CHO-111,177,177.0,24,16.7,1,1,1,,False
4265,ORD-2026-04265,CLI-078,PROD-020,2026-08-12 06:24:00,Oruro,CAM-05,CHO-067,298,298.0,48,36.6,1,1,1,,False
4266,ORD-2026-04266,CLI-053,PROD-038,2026-08-04 10:20:00,La Paz,CAM-30,CHO-042,481,481.0,48,36.2,1,1,1,,False
4267,ORD-2026-04267,CLI-018,PROD-052,2026-08-20 05:09:00,Cochabamba,CAM-23,CHO-130,112,112.0,48,44.2,1,1,1,,False
4268,ORD-2026-04268,CLI-095,PROD-018,2026-08-30 13:59:00,Oruro,CAM-02,CHO-038,482,482.0,72,48.1,1,1,1,,False
4269,ORD-2026-04269,CLI-071,PROD-005,2026-08-24 10:12:00,La Paz,CAM-28,CHO-127,85,85.0,48,50.5,0,1,0,,False
4270,ORD-2026-04270,CLI-067,PROD-051,2026-08-25 23:10:00,Santa Cruz,CAM-20,CHO-109,370,352.0,24,24.8,0,0,0,,False
4271,ORD-2026-04271,CLI-004,PROD-056,2026-08-22 03:43:00,Oruro,CAM-05,CHO-051,321,321.0,24,15.7,1,1,1,,False
4272,ORD-2026-04272,CLI-016,PROD-032,2026-08-22 20:12:00,Tarija,CAM-03,CHO-082,94,94.0,24,21.0,1,1,1,,False
4273,ORD-2026-04273,CLI-016,PROD-001,2026-08-10 05:21:00,Cochabamba,CAM-01,CHO-094,249,249.0,24,23.4,1,1,1,,False
4274,ORD-2026-04274,CLI-065,PROD-056,2026-08-28 23:45:00,Santa Cruz,CAM-13,CHO-028,35,35.0,24,16.4,1,1,1,,False
4275,ORD-2026-04275,CLI-034,PROD-015,2026-08-05 03:06:00,Oruro,CAM-05,CHO-118,73,73.0,24,19.6,1,1,1,,False
4276,ORD-2026-04276,CLI-045,PROD-040,2026-08-28 17:01:00,Oruro,CAM-02,CHO-022,235,235.0,48,33.8,1,1,1,,False
4277,ORD-2026-04277,CLI-084,PROD-046,2026-08-19 08:21:00,Cochabamba,CAM-22,CHO-006,390,390.0,48,26.3,1,1,1,,False
4278,ORD-2026-04278,CLI-093,PROD-013,2026-08-21 01:39:00,Tarija,CAM-12,CHO-061,383,369.0,24,23.8,1,0,0,,False
4279,ORD-2026-04279,CLI-090,PROD-055,2026-08-11 22:03:00,Cochabamba,CAM-22,CHO-090,171,171.0,48,35.3,1,1,1,,False
4280,ORD-2026-04280,CLI-094,PROD-015,2026-08-03 20:37:00,Tarija,CAM-12,CHO-043,383,383.0,48,43.7,1,1,1,,False
4281,ORD-2026-04281,CLI-085,PROD-004,2026-08-29 23:41:00,La Paz,CAM-09,CHO-002,335,335.0,48,49.6,0,1,0,,False
4282,ORD-2026-04282,CLI-053,PROD-037,2026-08-30 07:58:00,Oruro,CAM-16,CHO-067,242,242.0,48,50.4,0,1,0,,False
4283,ORD-2026-04283,CLI-081,PROD-032,2026-08-27 10:46:00,Cochabamba,CAM-01,CHO-111,200,200.0,48,42.7,1,1,1,,False
4284,ORD-2026-04284,CLI-098,PROD-015,2026-08-05 02:59:00,La Paz,CAM-30,CHO-007,35,35.0,72,49.8,1,1,1,,False
4285,ORD-2026-04285,CLI-041,PROD-013,2026-08-22 22:02:00,La Paz,CAM-28,CHO-071,289,289.0,24,21.1,1,1,1,,False
4286,ORD-2026-04286,CLI-064,PROD-004,2026-08-23 08:33:00,Tarija,CAM-03,CHO-088,403,403.0,72,65.4,1,1,1,,False
4287,ORD-2026-04287,CLI-097,PROD-028,2026-08-17 04:47:00,Tarija,CAM-26,CHO-010,380,366.0,24,19.9,1,0,0,,False
4288,ORD-2026-04288,CLI-078,PROD-057,2026-08-03 07:00:00,La Paz,CAM-28,CHO-057,21,21.0,48,31.5,1,1,1,,False
4289,ORD-2026-04289,CLI-097,PROD-046,2026-08-12 00:20:00,Oruro,CAM-02,CHO-136,480,480.0,72,90.0,0,1,0,,False
4290,ORD-2026-04290,CLI-036,PROD-045,2026-08-19 14:14:00,La Paz,CAM-28,CHO-066,29,29.0,48,37.9,1,1,1,,False
4291,ORD-2026-04291,CLI-034,PROD-008,2026-08-04 00:09:00,Oruro,CAM-05,CHO-032,162,152.0,48,40.6,1,0,0,,False
4292,ORD-2026-04292,CLI-025,PROD-047,2026-08-10 20:26:00,Santa Cruz,CAM-13,CHO-100,109,109.0,48,38.0,1,1,1,,False
4293,ORD-2026-04293,CLI-011,PROD-057,2026-08-02 11:31:00,Santa Cruz,CAM-21,CHO-079,245,245.0,48,41.1,1,1,1,,False
4294,ORD-2026-04294,CLI-092,PROD-039,2026-08-05 05:41:00,Tarija,CAM-12,CHO-026,227,227.0,48,55.1,0,1,0,,False
4295,ORD-2026-04295,CLI-079,PROD-049,2026-08-09 14:27:00,Oruro,CAM-05,CHO-144,207,207.0,24,22.8,1,1,1,,False
4296,ORD-2026-04296,CLI-006,PROD-027,2026-08-12 02:55:00,Santa Cruz,CAM-18,CHO-074,78,78.0,48,39.4,1,1,1,,False
4297,ORD-2026-04297,CLI-093,PROD-051,2026-08-13 00:59:00,Oruro,CAM-05,CHO-110,72,72.0,48,39.1,1,1,1,,False
4298,ORD-2026-04298,CLI-077,PROD-013,2026-08-25 04:42:00,La Paz,CAM-27,CHO-023,323,323.0,48,43.6,1,1,1,,False
4299,ORD-2026-04299,CLI-072,PROD-047,2026-08-05 13:53:00,La Paz,CAM-15,CHO-071,378,378.0,72,67.6,1,1,1,,False
4300,ORD-2026-04300,CLI-094,PROD-038,2026-08-27 22:37:00,La Paz,CAM-15,CHO-001,111,111.0,48,33.5,1,1,1,,False
4301,ORD-2026-04301,CLI-080,PROD-013,2026-08-09 20:28:00,Tarija,CAM-12,CHO-056,415,415.0,24,16.6,1,1,1,,False
4302,ORD-2026-04302,CLI-091,PROD-013,2026-08-05 01:40:00,La Paz,CAM-09,CHO-091,475,475.0,48,36.5,1,1,1,,False
4303,ORD-2026-04303,CLI-033,PROD-045,2026-08-12 08:03:00,Oruro,CAM-02,CHO-098,328,328.0,48,38.2,1,1,1,,False
4304,ORD-2026-04304,CLI-007, prod-001 ,2026-08-09 05:30:00,Tarija,CAM-12,CHO-050,385,385.0,72,43.3,1,1,1,producto_id,True
4305,ORD-2026-04305,CLI-072,PROD-054,2026-08-10 22:47:00,Oruro,CAM-02,CHO-136,448,448.0,24,25.1,0,1,0,,False
4306,ORD-2026-04306,CLI-012,PROD-057,2026-08-13 22:31:00,Tarija,CAM-03,CHO-088,152,152.0,48,46.1,1,1,1,,False
4307,ORD-2026-04307,CLI-034,PROD-003,2026-08-22 05:14:00,La Paz,CAM-28,CHO-023,146,146.0,24,17.9,1,1,1,,False
4308,ORD-2026-04308,CLI-059,PROD-044,2026-08-22 14:50:00,Tarija,CAM-03,CHO-031,180,180.0,24,11.8,1,1,1,,False
4309,ORD-2026-04309,CLI-019,PROD-020,2026-08-12 12:24:00,Oruro,CAM-05,CHO-098,122,122.0,48,38.2,1,1,1,,False
4310,ORD-2026-04310,CLI-096,PROD-029,2026-08-24 13:48:00,Oruro,CAM-05,CHO-051,87,87.0,24,24.2,0,1,0,,False
4311,ORD-2026-04311,CLI-026,PROD-031,2026-08-22 03:24:00,Oruro,CAM-05,CHO-098,491,491.0,72,55.4,1,1,1,,False
4312,ORD-2026-04312,CLI-014,PROD-050,2026-08-03 02:26:00,Oruro,CAM-05,CHO-098,327,327.0,24,25.9,0,1,0,,False
4313,ORD-2026-04313,CLI-049,PROD-004,2026-08-13 14:02:00,Santa Cruz,CAM-04,CHO-070,66,66.0,48,31.6,1,1,1,,False
4314,ORD-2026-04314,CLI-066,PROD-031,2026-08-01 08:07:00,Cochabamba,CAM-22,CHO-041,330,330.0,72,54.0,1,1,1,,False
4315,ORD-2026-04315,CLI-090,PROD-021,2026-08-26 02:31:00,Cochabamba,CAM-01,CHO-019,476,476.0,72,46.1,1,1,1,,False
4316,ORD-2026-04316,CLI-028,PROD-015,2026-08-24 18:23:00,La Paz,CAM-09,CHO-127,335,335.0,48,41.1,1,1,1,,False
4317,ORD-2026-04317,CLI-082,PROD-036,2026-08-21 09:11:00,Cochabamba,CAM-01,CHO-089,227,227.0,48,46.0,1,1,1,,False
4318,ORD-2026-04318,CLI-032,PROD-044,2026-08-25 14:21:00,La Paz,CAM-28,CHO-007,62,62.0,24,19.8,1,1,1,,False
4319,ORD-2026-04319,CLI-072,PROD-033,2026-08-27 02:15:00,La Paz,CAM-30,CHO-027,47,47.0,48,37.1,1,1,1,,False
4320,ORD-2026-04320,CLI-038,PROD-021,2026-08-19 10:37:00,Oruro,CAM-07,CHO-051,193,193.0,48,46.1,1,1,1,,False
4321,ORD-2026-04321,CLI-060,PROD-047,2026-08-08 20:40:00,Tarija,CAM-03,CHO-031,102,102.0,48,43.7,1,1,1,,False
4322,ORD-2026-04322,CLI-056,PROD-049,2026-08-04 03:38:00,Cochabamba,CAM-08,CHO-111,431,431.0,72,60.0,1,1,1,,False
4323,ORD-2026-04323,CLI-095,PROD-012,2026-08-12 11:04:00,Santa Cruz,CAM-20,CHO-062,230,230.0,24,26.9,0,1,0,,False
4324,ORD-2026-04324,CLI-029,PROD-030,2026-08-02 05:43:00,Santa Cruz,CAM-21,CHO-128,313,313.0,48,46.0,1,1,1,,False
4325,ORD-2026-04325,CLI-001,PROD-048,2026-08-13 19:13:00,Tarija,CAM-03,CHO-036,423,423.0,24,18.6,1,1,1,,False
4326,ORD-2026-04326,CLI-010,PROD-050,2026-08-09 10:29:00,Oruro,CAM-02,CHO-150,402,402.0,24,14.0,1,1,1,,False
4327,ORD-2026-04327,CLI-032,PROD-048,2026-08-18 19:07:00,La Paz,CAM-30,CHO-005,234,234.0,48,38.0,1,1,1,,False
4328,ORD-2026-04328,CLI-042,PROD-040,2026-08-01 12:33:00,Tarija,CAM-12,CHO-031,51,51.0,24,21.1,1,1,1,,False
4329,ORD-2026-04329,CLI-091,PROD-039,2026-08-29 04:14:00,Santa Cruz,CAM-11,CHO-081,441,441.0,24,16.7,1,1,1,,False
4330,ORD-2026-04330,CLI-005,PROD-024,2026-08-25 20:04:00,Oruro,CAM-24,CHO-117,58,58.0,48,25.3,1,1,1,,False
4331,ORD-2026-04331,CLI-050,PROD-010,2026-08-08 19:58:00,La Paz,CAM-15,CHO-139,62,62.0,72,53.3,1,1,1,,False
4332,ORD-2026-04332,CLI-043,PROD-058,2026-08-08 01:58:00,Cochabamba,CAM-01,CHO-151,211,211.0,48,44.4,1,1,1,,False
4333,ORD-2026-04333,CLI-078,PROD-033,2026-08-15 22:45:00,Oruro,CAM-02,CHO-032,406,406.0,72,91.0,0,1,0,,False
4334,ORD-2026-04334,CLI-061,PROD-037,2026-08-24 04:23:00,Santa Cruz,CAM-14,CHO-141,219,219.0,24,14.4,1,1,1,,False
4335,ORD-2026-04335,CLI-076,PROD-026,2026-08-15 06:42:00,Oruro,CAM-24,CHO-098,74,74.0,48,40.5,1,1,1,,False
4336,ORD-2026-04336,CLI-057,PROD-060,2026-08-21 23:10:00,Tarija,CAM-03,CHO-050,440,440.0,48,27.6,1,1,1,,False
4337,ORD-2026-04337,CLI-033,PROD-021,2026-08-15 00:11:00,Oruro,CAM-16,CHO-118,374,374.0,24,22.1,1,1,1,,False
4338,ORD-2026-04338,CLI-048,PROD-037,2026-08-13 05:30:00,Santa Cruz,CAM-21,CHO-113,292,292.0,24,16.1,1,1,1,,False
4339,ORD-2026-04339,CLI-049,PROD-006,2026-08-13 20:06:00,Oruro,CAM-07,CHO-051,494,494.0,24,17.6,1,1,1,,False
4340,ORD-2026-04340,CLI-057,PROD-028,2026-08-15 04:03:00,Tarija,CAM-26,CHO-050,493,493.0,72,83.1,0,1,0,,False
4341,ORD-2026-04341,CLI-002,PROD-060,2026-08-26 19:43:00,Santa Cruz,CAM-13,CHO-095,132,132.0,72,42.0,1,1,1,,False
4342,ORD-2026-04342,CLI-034,PROD-039,2026-08-22 14:32:00,Tarija,CAM-26,CHO-044,119,119.0,48,48.3,0,1,0,,False
4343,ORD-2026-04343,CLI-091,PROD-041,2026-08-11 23:48:00,Santa Cruz,CAM-06,CHO-128,cincuenta,442.0,72,52.4,1,1,1,cantidad_solicitada,True
4344,ORD-2026-04344,CLI-019,PROD-025,2026-08-26 13:44:00,Cochabamba,CAM-23,CHO-054,186,186.0,48,33.0,1,1,1,,False
4345,ORD-2026-04345,CLI-051,PROD-013,2026-08-13 15:08:00,La Paz,CAM-09,CHO-071,212,212.0,48,38.2,1,1,1,,False
4346,ORD-2026-04346,CLI-087,PROD-006,2026-08-13 22:21:00,La Paz,CAM-30,CHO-137,370,370.0,48,37.4,1,1,1,,False
4347,ORD-2026-04347,CLI-032,PROD-036,2026-08-06 21:50:00,La Paz,CAM-28,CHO-021,466,466.0,24,19.3,1,1,1,,False
4348,ORD-2026-04348,CLI-016,PROD-031,2026-08-28 10:58:00,Tarija,CAM-03,CHO-146,48,48.0,48,44.9,1,1,1,,False
4349,ORD-2026-04349,CLI-014,PROD-014,2026-08-25 03:06:00,Cochabamba,CAM-01,CHO-140,154,154.0,48,43.0,1,1,1,,False
4350,ORD-2026-04350,CLI-043,PROD-016,2026-08-12 04:53:00,Cochabamba,CAM-17,CHO-135,225,225.0,72,57.5,1,1,1,,False
4351,ORD-2026-04351,CLI-034,PROD-030,2026-08-05 13:05:00,Santa Cruz,CAM-18,CHO-149,327,327.0,72,51.4,1,1,1,,False
4352,ORD-2026-04352,CLI-098,PROD-017,2026-08-08 17:23:00,La Paz,CAM-28,CHO-093,255,255.0,48,48.8,0,1,0,,False
4353,ORD-2026-04353,CLI-099,PROD-043,2026-08-28 03:46:00,Tarija,CAM-26,CHO-132,306,306.0,72,49.0,1,1,1,,False
4354,ORD-2026-04354,CLI-040,PROD-009,2026-08-19 00:44:00,Oruro,CAM-05,CHO-118,128,128.0,48,50.5,0,1,0,,False
4355,ORD-2026-04355,CLI-051,PROD-045,2026-08-13 08:53:00,La Paz,CAM-28,CHO-093,225,225.0,24,19.6,1,1,1,,False
4356,ORD-2026-04356, cli-061 ,PROD-005,2026-08-24 18:27:00,Cochabamba,CAM-22,CHO-111,313,313.0,48,40.9,1,1,1,cliente_id,True
4357,ORD-2026-04357,CLI-042,PROD-026,2026-08-20 09:08:00,Cochabamba,CAM-19,CHO-089,476,465.0,24,23.7,1,0,0,,False
4358,ORD-2026-04358,CLI-048,PROD-018,2026-08-03 20:33:00,Santa Cruz,CAM-11,CHO-028,168,168.0,24,19.9,1,1,1,,False
4359,ORD-2026-04359,CLI-089,PROD-017,2026-08-23 12:55:00,Tarija,CAM-12,CHO-045,283,283.0,48,35.4,1,1,1,,False
4360,ORD-2026-04360,CLI-025,PROD-032,2026-08-28 10:38:00,Tarija,CAM-03,CHO-088,70,70.0,48,45.8,1,1,1,,False
4361,ORD-2026-04361,CLI-031,PROD-029,2026-08-02 21:53:00,Tarija,CAM-26,CHO-061,238,238.0,24,26.4,0,1,0,,False
4362,ORD-2026-04362,CLI-083,PROD-037,2026-08-15 19:16:00,Oruro,CAM-02,CHO-150,272,272.0,48,35.6,1,1,1,,False
4363,ORD-2026-04363,CLI-038,PROD-001,2026-08-07 04:56:00,Santa Cruz,CAM-20,CHO-099,465,465.0,72,72.1,0,1,0,,False
4364,ORD-2026-04364,CLI-013,PROD-027,2026-08-17 22:36:00,Cochabamba,CAM-08,CHO-145,197,197.0,24,18.7,1,1,1,,False
4365,ORD-2026-04365,CLI-098,PROD-015,2026-08-11 09:22:00,Tarija,CAM-12,CHO-045,354,354.0,24,17.2,1,1,1,,False
4366,ORD-2026-04366,CLI-012,PROD-048,2026-08-16 04:44:00,Santa Cruz,CAM-04,CHO-070,348,348.0,24,16.9,1,1,1,,False
4367,ORD-2026-04367,CLI-072,PROD-039,2026-08-25 20:26:00,Santa Cruz,CAM-10,CHO-085,325,325.0,72,65.8,1,1,1,,False
4368,ORD-2026-04368,CLI-045,PROD-017,2026-08-05 15:05:00,Oruro,CAM-05,CHO-003,50,50.0,48,43.7,1,1,1,,False
4369,ORD-2026-04369,CLI-013,PROD-010,2026-08-12 11:58:00,Cochabamba,CAM-22,CHO-131,122,122.0,24,16.1,1,1,1,,False
4370,ORD-2026-04370,CLI-100,PROD-059,2026-08-09 01:45:00,Tarija,CAM-12,CHO-012,163,163.0,48,36.6,1,1,1,,False
4371,ORD-2026-04371,CLI-004,PROD-025,2026-08-02 15:17:00,Cochabamba,CAM-23,CHO-112,192,192.0,72,54.3,1,1,1,,False
4372,ORD-2026-04372,CLI-084,PROD-049,2026-08-09 13:24:00,La Paz,CAM-09,CHO-091,253,253.0,48,41.6,1,1,1,,False
4373,ORD-2026-04373,CLI-046,PROD-008,2026-08-13 19:57:00,Tarija,CAM-12,CHO-008,203,203.0,24,20.0,1,1,1,,False
4374,ORD-2026-04374,CLI-028,PROD-048,2026-08-30 05:08:00,Cochabamba,CAM-01,CHO-115,129,118.0,48,39.6,1,0,0,,False
4375,ORD-2026-04375,CLI-077,PROD-011,2026-08-29 03:28:00,Oruro,CAM-05,CHO-067,69,69.0,48,18.4,1,1,1,,False
4376, ord-2026-04376 ,CLI-071,PROD-049,2026-08-11 23:45:00,Cochabamba,CAM-23,CHO-068,88,88.0,72,60.3,1,1,1,order_id,True
4377,ORD-2026-04377,CLI-046,PROD-055,2026-08-28 15:33:00,Cochabamba,CAM-17,CHO-147,457,444.0,72,65.6,1,0,0,,False
4378,ORD-2026-04378,CLI-046,PROD-048,2026-08-22 22:55:00,Oruro,CAM-07,CHO-136,59,59.0,48,53.0,0,1,0,,False
4379,ORD-2026-04379,CLI-007,PROD-014,2026-08-11 16:57:00,Tarija,CAM-03,CHO-048,430,430.0,24,25.5,0,1,0,,False
4380,ORD-2026-04380,CLI-088,PROD-004,2026-08-01 17:38:00,Oruro,CAM-24,CHO-032,290,290.0,72,60.8,1,1,1,,False
4381,ORD-2026-04381,CLI-035,PROD-059,2026-08-19 00:15:00,Santa Cruz,CAM-14,CHO-020,123,123.0,48,35.6,1,1,1,,False
4382,ORD-2026-04382,CLI-097,PROD-009,2026-08-12 05:45:00,Tarija,CAM-12,CHO-082,467,467.0,72,68.0,1,1,1,,False
4383,ORD-2026-04383,CLI-080,PROD-039,2026-08-27 13:43:00,Tarija,CAM-03,CHO-012,463,463.0,48,31.6,1,1,1,,False
4384,ORD-2026-04384,CLI-095,PROD-022,2026-08-07 06:17:00,Tarija,CAM-12,CHO-146,108,108.0,72,45.9,1,1,1,,False
4385,ORD-2026-04385,CLI-071,PROD-004,2026-08-02 21:10:00,Santa Cruz,CAM-13,CHO-100,202,198.0,72,66.5,1,0,0,,False
4386,ORD-2026-04386,CLI-030,PROD-026,2026-08-14 22:46:00,Oruro,CAM-05,CHO-117,143,143.0,24,21.3,1,1,1,,False
4387,ORD-2026-04387,CLI-068,PROD-028,2026-08-12 05:16:00,Oruro,CAM-02,CHO-038,80,80.0,48,34.6,1,1,1,,False
4388,ORD-2026-04388,CLI-092,PROD-007,2026-08-10 04:26:00,Oruro,CAM-24,CHO-022,215,215.0,24,13.0,1,1,1,,False
4389,ORD-2026-04389,CLI-087,PROD-048,2026-08-20 22:11:00,Oruro,CAM-02,CHO-003,149,149.0,48,51.6,0,1,0,,False
4390,ORD-2026-04390,CLI-080,PROD-005,2026-08-24 20:38:00,Cochabamba,CAM-08,CHO-058,96,96.0,48,41.8,1,1,1,,False
4391, ord-2026-04391 ,CLI-021,PROD-045,2026-08-27 23:04:00,Oruro,CAM-24,CHO-038,103,103.0,48,31.7,1,1,1,order_id,True
4392,ORD-2026-04392,CLI-099,PROD-028,2026-08-14 15:15:00,Oruro,CAM-24,CHO-098,198,198.0,72,58.8,1,1,1,,False
4393,ORD-2026-04393,CLI-044,PROD-008,2026-08-20 22:26:00,Santa Cruz,CAM-14,CHO-046,195,195.0,48,41.6,1,1,1,,False
4394,ORD-2026-04394,CLI-044,PROD-042,2026-08-24 18:04:00,La Paz,CAM-27,CHO-107,232,232.0,72,50.1,1,1,1,,False
4395,ORD-2026-04395,CLI-034,PROD-012,2026-08-29 12:41:00,La Paz,CAM-09,CHO-021,304,304.0,48,31.0,1,1,1,,False
4396,ORD-2026-04396,CLI-049,PROD-036,2026-08-28 22:04:00,Cochabamba,CAM-22,CHO-016,154,154.0,48,39.2,1,1,1,,False
4397,ORD-2026-04397,CLI-089,PROD-047,2026-08-10 03:35:00,Cochabamba,CAM-17,CHO-143,33,33.0,72,63.2,1,1,1,,False
4398,ORD-2026-04398,CLI-083,PROD-021,2026-08-09 13:21:00,La Paz,CAM-27,CHO-139,100,83.0,24,23.9,1,0,0,,False
4399,ORD-2026-04399,CLI-029,PROD-036,2026-08-16 11:22:00,Santa Cruz,CAM-20,CHO-076,256,256.0,24,17.6,1,1,1,,False
4400,ORD-2026-04400,CLI-079,PROD-059,2026-08-06 10:28:00,Santa Cruz,CAM-14,CHO-092,322,304.0,48,39.5,1,0,0,,False
4401,ORD-2026-04401,CLI-093,PROD-024,2026-08-20 23:31:00,Cochabamba,CAM-08,CHO-014,274,274.0,48,51.2,0,1,0,,False
4402,ORD-2026-04402,CLI-036,PROD-044,2026-08-04 05:43:00,Oruro,CAM-02,CHO-003,175,175.0,72,44.4,1,1,1,,False
4403,ORD-2026-04403,CLI-025,PROD-046,2026-08-23 08:34:00,Cochabamba,CAM-23,CHO-016,69,68.0,72,63.1,1,0,0,,False
4404,ORD-2026-04404,CLI-064,PROD-028,2026-08-02 23:03:00,Tarija,CAM-03,CHO-122,290,290.0,24,22.7,1,1,1,,False
4405,ORD-2026-04405,CLI-083,PROD-019,2026-08-16 13:46:00,Tarija,CAM-03,CHO-132,377,377.0,48,51.3,0,1,0,,False
4406,ORD-2026-04406,CLI-019,PROD-059,2026-08-07 00:23:00,Tarija,CAM-26,CHO-146,459,459.0,48,49.6,0,1,0,,False
4407,ORD-2026-04407,CLI-073,PROD-050,2026-08-23 17:19:00,Santa Cruz,CAM-20,CHO-120,263,263.0,24,18.2,1,1,1,,False
4408,ORD-2026-04408,CLI-042,PROD-031,2026-08-18 03:36:00,Cochabamba,CAM-08,CHO-065,237,237.0,24,23.0,1,1,1,,False
4409,ORD-2026-04409,CLI-027,PROD-013,2026-08-28 14:41:00,La Paz,CAM-28,CHO-052,13,13.0,48,49.9,0,1,0,,False
4410,ORD-2026-04410,CLI-070,PROD-046,2026-08-09 15:38:00,Tarija,CAM-26,CHO-015,414,414.0,48,37.9,1,1,1,,False
4411,ORD-2026-04411,CLI-017,PROD-037,2026-08-18 10:42:00,Cochabamba,CAM-17,CHO-087,460,460.0,48,47.1,1,1,1,,False
4412,ORD-2026-04412,CLI-083,PROD-034,2026-08-08 20:45:00,La Paz,CAM-27,CHO-134,134,130.0,72,70.2,1,0,0,,False
4413,ORD-2026-04413,CLI-088,PROD-033,2026-08-11 14:17:00,Cochabamba,CAM-19,CHO-145,417,407.0,48,24.8,1,0,0,,False
4414,ORD-2026-04414,CLI-041,PROD-058,2026-08-26 07:01:00,La Paz,CAM-28,CHO-027,50,50.0,48,39.3,1,1,1,,False
4415,ORD-2026-04415,CLI-016,PROD-018,2026-08-07 20:33:00,Santa Cruz,CAM-18,CHO-100,203,203.0,48,39.5,1,1,1,,False
4416,ORD-2026-04416,CLI-074,PROD-002,2026-08-13 06:45:00,Cochabamba,CAM-08,CHO-130,368,349.0,48,49.1,0,0,0,,False
4417,ORD-2026-04417,CLI-098,PROD-040,2026-08-21 02:03:00,Tarija,CAM-03,CHO-088,75,75.0,48,36.8,1,1,1,,False
4418,ORD-2026-04418,CLI-037,PROD-040,2026-08-30 11:56:00,Oruro,CAM-05,CHO-032,49,49.0,24,17.3,1,1,1,,False
4419,ORD-2026-04419,CLI-095,PROD-058,2026-08-08 16:21:00,La Paz,CAM-15,CHO-139,493,493.0,24,25.3,0,1,0,,False
4420,ORD-2026-04420,CLI-089,PROD-033,2026-08-01 16:06:00,Santa Cruz,CAM-20,CHO-025,23,23.0,48,26.3,1,1,1,,False
4421,ORD-2026-04421,CLI-075,PROD-001,2026-08-22 01:11:00,La Paz,CAM-09,CHO-017,127,127.0,72,58.5,1,1,1,,False
4422,ORD-2026-04422,CLI-083,PROD-036,2026-08-20 12:36:00,Tarija,CAM-03,CHO-056,256,256.0,72,57.6,1,1,1,,False
4423,ORD-2026-04423,CLI-030,PROD-043,2026-08-02 00:28:00,Oruro,CAM-05,CHO-110,143,143.0,24,16.6,1,1,1,,False
4424,ORD-2026-04424,CLI-031,PROD-034,2026-08-20 23:26:00,Tarija,CAM-26,CHO-048,177,177.0,72,71.4,1,1,1,,False
4425,ORD-2026-04425,CLI-003,PROD-042,2026-08-27 10:42:00,Santa Cruz,CAM-14,CHO-070,316,316.0,48,43.4,1,1,1,,False
4426,ORD-2026-04426,CLI-064,PROD-054,2026-08-26 16:20:00,Oruro,CAM-16,CHO-118,410,410.0,72,60.3,1,1,1,,False
4427,ORD-2026-04427,CLI-011,PROD-035,2026-08-20 14:17:00,Santa Cruz,CAM-11,CHO-104,170,170.0,72,72.9,0,1,0,,False
4428,ORD-2026-04428,CLI-091,PROD-036,2026-08-25 03:47:00,Tarija,CAM-03,CHO-088,115,115.0,72,82.3,0,1,0,,False
4429,ORD-2026-04429,CLI-010,PROD-019,2026-08-06 00:20:00,La Paz,CAM-09,CHO-052,94,94.0,72,42.0,1,1,1,,False
4430,ORD-2026-04430,CLI-012,PROD-044,2026-08-01 14:46:00,La Paz,CAM-30,CHO-126,483,483.0,48,25.3,1,1,1,,False
4431,ORD-2026-04431,CLI-042,PROD-026,2026-08-13 09:05:00,Oruro,CAM-16,CHO-118,74,74.0,24,24.7,0,1,0,,False
4432,ORD-2026-04432,CLI-097,PROD-025,2026-08-16 16:39:00,Santa Cruz,CAM-14,CHO-076,59,59.0,48,43.1,1,1,1,,False
4433,ORD-2026-04433,CLI-035,PROD-005,2026-08-21 08:29:00,La Paz,CAM-15,CHO-001,166,166.0,72,61.6,1,1,1,,False
4434,ORD-2026-04434,CLI-007,PROD-014,2026-08-26 14:14:00,Tarija,CAM-26,CHO-146,338,338.0,72,49.7,1,1,1,,False
4435,ORD-2026-04435,CLI-042,PROD-045,2026-08-12 06:33:00,Tarija,CAM-12,CHO-105,396,396.0,48,36.3,1,1,1,,False
4436,ORD-2026-04436,CLI-064,PROD-016,2026-08-29 07:05:00,Santa Cruz,CAM-06,CHO-004,154,154.0,48,32.8,1,1,1,,False
4437,ORD-2026-04437,CLI-068,PROD-027,2026-08-21 17:21:00,La Paz,CAM-28,CHO-134,368,368.0,24,14.9,1,1,1,,False
4438,ORD-2026-04438,CLI-035,PROD-054,2026-08-17 03:40:00,Cochabamba,CAM-01,CHO-065,168,168.0,72,70.1,1,1,1,,False
4439,ORD-2026-04439,CLI-033,PROD-006,2026-08-17 21:58:00,Cochabamba,CAM-22,CHO-090,308,308.0,24,13.9,1,1,1,,False
4440,ORD-2026-04440,CLI-023,PROD-022,2026-08-25 13:35:00,La Paz,CAM-28,CHO-072,206,206.0,48,41.6,1,1,1,,False
4441,ORD-2026-04441,CLI-076,PROD-025,2026-08-20 04:31:00,La Paz,CAM-28,CHO-127,239,229.0,72,61.4,1,0,0,,False
4442,ORD-2026-04442,CLI-092,PROD-014,2026-08-26 22:15:00,La Paz,CAM-27,CHO-083,445,445.0,72,60.6,1,1,1,,False
4443,ORD-2026-04443,CLI-016,PROD-053,2026-08-16 05:16:00,Oruro,CAM-02,CHO-144,174,174.0,48,37.6,1,1,1,,False
4444,ORD-2026-04444,CLI-085,PROD-019,2026-08-03 04:33:00,Cochabamba,CAM-17,CHO-124,240,240.0,48,30.6,1,1,1,,False
4445,ORD-2026-04445,CLI-028,PROD-022,2026-08-13 23:03:00,Tarija,CAM-12,CHO-044,440,440.0,48,39.6,1,1,1,,False
4446,ORD-2026-04446,CLI-042,PROD-029,2026-08-11 11:10:00,Tarija,CAM-26,CHO-048,157,157.0,24,20.5,1,1,1,,False
4447,ORD-2026-04447,CLI-045,PROD-038,2026-08-29 08:40:00,La Paz,CAM-30,CHO-093,96,96.0,72,53.3,1,1,1,,False
4448,ORD-2026-04448,CLI-084,PROD-057,2026-08-17 07:17:00,Oruro,CAM-05,CHO-003,459,459.0,48,40.1,1,1,1,,False
4449,ORD-2026-04449,CLI-032,PROD-024,2026-08-19 11:53:00,Oruro,CAM-07,CHO-051,373,373.0,48,39.6,1,1,1,,False
4450,ORD-2026-04450,CLI-017,PROD-017,2026-08-20 02:14:00,Tarija,CAM-03,CHO-043,317,306.0,72,39.3,1,0,0,,False
4451,ORD-2026-04451,CLI-010,PROD-038,2026-08-21 23:35:00,Santa Cruz,CAM-29,CHO-099,352,352.0,72,81.0,0,1,0,,False
4452,ORD-2026-04452,CLI-092,PROD-043,2026-08-29 05:02:00,Tarija,CAM-12,CHO-088,19,19.0,24,20.3,1,1,1,,False
4453,ORD-2026-04453,CLI-032,PROD-057,2026-08-28 12:56:00,Oruro,CAM-16,CHO-144,454,454.0,72,43.4,1,1,1,,False
4454,ORD-2026-04454,CLI-009,PROD-058,2026-08-11 18:41:00,Santa Cruz,CAM-29,CHO-004,379,379.0,24,20.3,1,1,1,,False
4455,ORD-2026-04455,CLI-032,PROD-044,2026-08-08 01:36:00,Santa Cruz,CAM-29,CHO-059,129,129.0,72,61.4,1,1,1,,False
4456,ORD-2026-04456,CLI-043,PROD-012,2026-08-01 01:46:00,Tarija,CAM-03,CHO-056,257,257.0,24,20.4,1,1,1,,False
4457,ORD-2026-04457,CLI-029,PROD-004,2026-08-16 09:35:00,Tarija,CAM-26,CHO-146,118,118.0,24,22.5,1,1,1,,False
4458,ORD-2026-04458,CLI-020,PROD-049,2026-08-22 23:10:00,La Paz,CAM-28,CHO-021,69,69.0,48,44.3,1,1,1,,False
4459,ORD-2026-04459,CLI-015,PROD-044,2026-08-16 07:07:00,Oruro,CAM-05,CHO-067,276,276.0,48,40.2,1,1,1,,False
4460,ORD-2026-04460,CLI-075,PROD-014,2026-08-10 12:51:00,La Paz,CAM-09,CHO-083,380,380.0,72,56.7,1,1,1,,False
4461,ORD-2026-04461,CLI-025,PROD-054,2026-08-03 22:04:00,Cochabamba,CAM-08,CHO-033,21,15.0,24,20.0,1,0,0,,False
4462,ORD-2026-04462,CLI-099,PROD-039,2026-08-11 04:52:00,Oruro,CAM-24,CHO-119,493,482.0,24,22.4,1,0,0,,False
4463,ORD-2026-04463,CLI-052,PROD-054,2026-08-17 23:28:00,Cochabamba,CAM-01,CHO-094,134,134.0,48,55.3,0,1,0,,False
4464,ORD-2026-04464,CLI-067,PROD-032,2026-08-28 10:13:00,La Paz,CAM-15,CHO-107,490,490.0,48,45.8,1,1,1,,False
4465,ORD-2026-04465,CLI-047,PROD-043,2026-08-23 06:46:00,Tarija,CAM-03,CHO-043,278,278.0,24,24.1,0,1,0,,False
4466,ORD-2026-04466,CLI-066,PROD-025,2026-08-02 01:20:00,Tarija,CAM-12,CHO-082,313,313.0,48,40.4,1,1,1,,False
4467,ORD-2026-04467,CLI-058,PROD-056,2026-08-04 16:13:00,Cochabamba,CAM-23,CHO-016,24,24.0,72,79.0,0,1,0,,False
4468,ORD-2026-04468,CLI-061,PROD-010,2026-08-27 14:21:00,Tarija,CAM-26,CHO-008,176,176.0,24,17.3,1,1,1,,False
4469,ORD-2026-04469,CLI-039,PROD-056,2026-08-17 11:16:00,Oruro,CAM-05,CHO-067,336,336.0,48,47.3,1,1,1,,False
4470,ORD-2026-04470,CLI-094,PROD-030,2026-08-20 12:40:00,Oruro,CAM-24,CHO-110,398,398.0,24,12.9,1,1,1,,False
4471,ORD-2026-04471,CLI-026,PROD-005,2026-08-04 14:58:00,Tarija,CAM-12,CHO-045,336,336.0,72,52.0,1,1,1,,False
4472,ORD-2026-04472,CLI-045,PROD-014,2026-08-30 05:36:00,Tarija,CAM-26,CHO-009,236,236.0,24,17.7,1,1,1,,False
4473,ORD-2026-04473,CLI-043,PROD-018,2026-08-06 04:11:00,Oruro,CAM-16,CHO-136,449,449.0,24,25.7,0,1,0,,False
4474,ORD-2026-04474,CLI-057,PROD-042,2026-08-05 14:01:00,La Paz,CAM-27,CHO-091,25,25.0,48,45.9,1,1,1,,False
4475,ORD-2026-04475,CLI-016,PROD-006,2026-08-02 16:22:00,Santa Cruz,CAM-29,CHO-078,129,129.0,48,30.9,1,1,1,,False
4476,ORD-2026-04476,CLI-098,PROD-026,2026-08-02 19:59:00,Oruro,CAM-05,CHO-038,222,222.0,48,55.8,0,1,0,,False
4477,ORD-2026-04477,CLI-020,PROD-013,2026-08-25 15:52:00,Tarija,CAM-12,CHO-043,371,371.0,48,34.5,1,1,1,,False
4478,ORD-2026-04478,CLI-055,PROD-017,2026-08-19 16:50:00,La Paz,CAM-28,CHO-040,451,451.0,24,25.8,0,1,0,,False
4479,ORD-2026-04479,CLI-029,PROD-014,2026-08-28 09:10:00,Cochabamba,CAM-23,CHO-006,44,44.0,24,21.1,1,1,1,,False
4480,ORD-2026-04480,CLI-099,PROD-045,2026-08-09 01:32:00,Tarija,CAM-03,CHO-146,26,17.0,24,25.5,0,0,0,,False
4481,ORD-2026-04481,CLI-090,PROD-016,2026-08-13 18:33:00,Santa Cruz,CAM-20,CHO-013,467,467.0,48,23.5,1,1,1,,False
4482,ORD-2026-04482,CLI-085,PROD-009,2026-08-13 02:44:00,Cochabamba,CAM-19,CHO-073,291,291.0,72,62.4,1,1,1,,False
4483,ORD-2026-04483,CLI-062,PROD-043,2026-08-19 19:52:00,Santa Cruz,CAM-13,CHO-120,499,499.0,72,71.4,1,1,1,,False
4484,ORD-2026-04484,CLI-032,PROD-014,2026-08-01 18:42:00,Santa Cruz,CAM-11,CHO-121,303,303.0,72,56.6,1,1,1,,False
4485,ORD-2026-04485,CLI-012,PROD-013,2026-08-15 13:11:00,Cochabamba,CAM-17,CHO-111,321,321.0,48,44.1,1,1,1,,False
4486,ORD-2026-04486,CLI-100,PROD-012,2026-08-02 07:19:00,La Paz,CAM-28,CHO-005,429,429.0,72,71.8,1,1,1,,False
4487,ORD-2026-04487,CLI-022,PROD-011,2026-08-19 15:29:00,Oruro,CAM-05,CHO-119,310,310.0,24,21.2,1,1,1,,False
4488,ORD-2026-04488,CLI-043,PROD-036,2026-08-17 00:41:00,La Paz,CAM-09,CHO-040,30,30.0,24,12.8,1,1,1,,False
4489,ORD-2026-04489,CLI-028,PROD-043,2026-08-20 13:20:00,Tarija,CAM-12,CHO-082,61,61.0,24,22.7,1,1,1,,False
4490,ORD-2026-04490,CLI-096,PROD-006,2026-08-20 09:05:00,Oruro,CAM-24,CHO-098,247,247.0,48,31.1,1,1,1,,False
4491,ORD-2026-04491,CLI-088,PROD-053,2026-08-21 10:46:00,Tarija,CAM-03,CHO-056,453,453.0,48,39.0,1,1,1,,False
4492,ORD-2026-04492,CLI-094,PROD-056,2026-08-18 00:35:00,La Paz,CAM-28,CHO-057,337,337.0,48,34.8,1,1,1,,False
4493,ORD-2026-04493,CLI-039,PROD-036,2026-08-08 15:31:00,Tarija,CAM-03,CHO-082,131,131.0,48,16.8,1,1,1,,False
4494,ORD-2026-04494,CLI-009,PROD-046,2026-08-20 06:57:00,Cochabamba,CAM-22,CHO-108,88,88.0,48,28.4,1,1,1,,False
4495,ORD-2026-04495,CLI-070,PROD-016,2026-08-20 10:04:00,Oruro,CAM-05,CHO-098,96,96.0,48,42.9,1,1,1,,False
4496,ORD-2026-04496,CLI-064,PROD-052,2026-08-25 19:18:00,Santa Cruz,CAM-13,CHO-029,133,133.0,72,54.1,1,1,1,,False
4497,ORD-2026-04497,CLI-076,PROD-048,2026-08-11 07:19:00,Santa Cruz,CAM-25,CHO-120,296,296.0,24,21.7,1,1,1,,False
4498,ORD-2026-04498,CLI-019,PROD-037,2026-08-22 09:08:00,Cochabamba,CAM-08,CHO-090,28,28.0,48,34.3,1,1,1,,False
4499,ORD-2026-04499,CLI-093,PROD-031,2026-08-14 21:57:00,Tarija,CAM-26,CHO-012,279,279.0,24,16.7,1,1,1,,False
4500,ORD-2026-04500,CLI-083,PROD-059,2026-08-05 23:42:00,Tarija,CAM-12,CHO-010,95,95.0,24,19.1,1,1,1,,False
4501,ORD-2026-04501,CLI-052,PROD-035,2026-08-11 08:43:00,La Paz,CAM-28,CHO-057,322,322.0,48,27.9,1,1,1,,False
4502,ORD-2026-04502,CLI-015,PROD-024,2026-08-05 05:27:00,Tarija,CAM-03,CHO-056,40,40.0,24,15.0,1,1,1,,False
4503,ORD-2026-04503,CLI-063,PROD-018,2026-08-01 06:11:00,Cochabamba,CAM-23,CHO-077,470,470.0,48,22.0,1,1,1,,False
4504,ORD-2026-04504,CLI-085,PROD-018,2026-08-09 02:02:00,Oruro,CAM-16,CHO-119,377,377.0,48,44.2,1,1,1,,False
4505,ORD-2026-04505,CLI-066,PROD-040,2026-08-30 20:02:00,Tarija,CAM-03,CHO-122,166,166.0,72,70.2,1,1,1,,False
4506,ORD-2026-04506,CLI-015,PROD-030,2026-08-27 10:17:00,Cochabamba,CAM-22,CHO-130,351,351.0,24,13.3,1,1,1,,False
4507,ORD-2026-04507,CLI-076,PROD-041,2026-08-08 19:49:00,Cochabamba,CAM-01,CHO-006,20,20.0,24,21.0,1,1,1,,False
4508,ORD-2026-04508,CLI-053,PROD-010,2026-08-08 20:54:00,Santa Cruz,CAM-21,CHO-129,221,221.0,72,76.2,0,1,0,,False
4509,ORD-2026-04509,CLI-055,PROD-024,2026-08-11 12:12:00,Cochabamba,CAM-23,CHO-147,111,111.0,24,19.6,1,1,1,,False
4510,ORD-2026-04510,CLI-100,PROD-003,2026-08-04 20:43:00,Cochabamba,CAM-22,CHO-143,423,423.0,48,47.2,1,1,1,,False
4511,ORD-2026-04511,CLI-081,PROD-026,2026-08-03 01:17:00,Oruro,CAM-16,CHO-119,216,216.0,48,42.1,1,1,1,,False
4512,ORD-2026-04512,CLI-020,PROD-047,2026-08-24 00:49:00,Oruro,CAM-02,CHO-110,385,385.0,48,33.9,1,1,1,,False
4513,ORD-2026-04513,CLI-078,PROD-057,2026-08-22 09:13:00,Cochabamba,CAM-23,CHO-069,355,355.0,72,50.6,1,1,1,,False
4514,ORD-2026-04514,CLI-066,PROD-045,2026-08-04 10:57:00,Oruro,CAM-24,CHO-022,151,151.0,24,16.0,1,1,1,,False
4515,ORD-2026-04515,CLI-094,PROD-048,2026-08-30 17:19:00,Oruro,CAM-02,CHO-144,326,326.0,72,83.3,0,1,0,,False
4516,ORD-2026-04516,CLI-011,PROD-005,2026-08-01 23:41:00,Cochabamba,CAM-01,CHO-019,247,247.0,24,20.8,1,1,1,,False
4517,ORD-2026-04517,CLI-025,PROD-029,2026-08-05 00:54:00,Oruro,CAM-07,CHO-003,335,335.0,72,79.0,0,1,0,,False
4518,ORD-2026-04518,CLI-082,PROD-049,2026-08-29 06:20:00,Oruro,CAM-05,CHO-022,51,51.0,72,29.9,1,1,1,,False
4519,ORD-2026-04519,CLI-085,PROD-001,2026-08-09 06:57:00,Santa Cruz,CAM-13,CHO-034,471,471.0,24,15.1,1,1,1,,False
4520,ORD-2026-04520,CLI-012,PROD-044,2026-08-13 11:42:00,La Paz,CAM-30,CHO-071,314,314.0,24,20.3,1,1,1,,False
4521,ORD-2026-04521,CLI-050,PROD-052,2026-08-14 02:20:00,Oruro,CAM-05,CHO-098,442,442.0,24,15.8,1,1,1,,False
4522,ORD-2026-04522,CLI-093,PROD-027,2026-08-20 03:03:00,Cochabamba,CAM-01,CHO-058,25,25.0,24,15.5,1,1,1,,False
4523,ORD-2026-04523,CLI-072,PROD-004,2026-08-23 07:34:00,Tarija,CAM-03,CHO-009,312,312.0,24,12.1,1,1,1,,False
4524,ORD-2026-04524,CLI-021,PROD-017,2026-08-27 08:36:00,Santa Cruz,CAM-20,CHO-053,156,156.0,48,38.7,1,1,1,,False
4525,ORD-2026-04525,CLI-038,PROD-011,2026-08-29 22:31:00,Santa Cruz,CAM-14,CHO-114,484,466.0,48,40.9,1,0,0,,False
4526,ORD-2026-04526,CLI-050,PROD-044,2026-08-04 23:58:00,Cochabamba,CAM-01,CHO-055,475,475.0,72,78.0,0,1,0,,False
4527,ORD-2026-04527,CLI-086,PROD-050,2026-08-20 03:25:00,Oruro,CAM-05,CHO-118,88,88.0,48,46.3,1,1,1,,False
4528,ORD-2026-04528,CLI-056,PROD-005,2026-08-08 21:12:00,Tarija,CAM-03,CHO-044,340,340.0,48,40.8,1,1,1,,False
4529,ORD-2026-04529,CLI-074,PROD-039,2026-08-10 06:18:00,Cochabamba,CAM-23,CHO-094,118,118.0,24,22.6,1,1,1,,False
4530,ORD-2026-04530,CLI-012,PROD-020,2026-08-15 19:57:00,Cochabamba,CAM-22,CHO-151,447,447.0,24,23.6,1,1,1,,False
4531,ORD-2026-04531,CLI-088,PROD-005,2026-08-20 10:24:00,La Paz,CAM-27,CHO-148,319,319.0,48,40.7,1,1,1,,False
4532,ORD-2026-04532,CLI-078,PROD-022,2026-08-30 11:42:00,La Paz,CAM-09,CHO-039,474,474.0,24,21.0,1,1,1,,False
4533,ORD-2026-04533,CLI-097,PROD-023,2026-08-29 12:42:00,Tarija,CAM-12,CHO-088,457,457.0,48,30.5,1,1,1,,False
4534,ORD-2026-04534,CLI-074,PROD-017,2026-08-27 21:47:00,Oruro,CAM-05,CHO-067,361,361.0,24,17.5,1,1,1,,False
4535,ORD-2026-04535,CLI-032,PROD-039,2026-08-19 08:41:00,Tarija,CAM-12,CHO-043,477,477.0,24,26.0,0,1,0,,False
4536,ORD-2026-04536,CLI-078,PROD-049,2026-08-05 12:13:00,Cochabamba,CAM-08,CHO-065,154,154.0,48,40.9,1,1,1,,False
4537,ORD-2026-04537,CLI-081,PROD-016,2026-08-07 13:53:00,Santa Cruz,CAM-25,CHO-103,292,292.0,24,23.4,1,1,1,,False
4538,ORD-2026-04538,CLI-080,PROD-019,2026-08-01 18:44:00,Santa Cruz,CAM-13,CHO-149,252,252.0,48,49.8,0,1,0,,False
4539,ORD-2026-04539,CLI-028,PROD-029,2026-08-25 20:21:00,Cochabamba,CAM-08,CHO-089,cincuenta,336.0,48,42.5,1,1,1,cantidad_solicitada,True
4540,ORD-2026-04540,CLI-021,PROD-027,2026-08-14 17:17:00,La Paz,CAM-30,CHO-066,75,75.0,48,45.9,1,1,1,,False
4541,ORD-2026-04541,CLI-098,PROD-041,2026-08-11 13:52:00,La Paz,CAM-30,CHO-137,134,134.0,24,24.6,0,1,0,,False
4542,ORD-2026-04542,CLI-091,PROD-025,2026-08-27 03:17:00,Cochabamba,CAM-22,CHO-014,29,29.0,24,26.5,0,1,0,,False
4543,ORD-2026-04543,CLI-018,PROD-033,2026-08-13 18:38:00,Oruro,CAM-24,CHO-051,201,201.0,24,20.7,1,1,1,,False
4544,ORD-2026-04544,CLI-027,PROD-008,2026-08-26 21:59:00,La Paz,CAM-09,CHO-001,57,57.0,48,41.7,1,1,1,,False
4545,ORD-2026-04545,CLI-082,PROD-010,2026-08-09 13:05:00,Tarija,CAM-12,CHO-010,62,62.0,24,16.4,1,1,1,,False
4546,ORD-2026-04546,CLI-092,PROD-035,2026-08-03 01:28:00,Tarija,CAM-12,CHO-105,494,494.0,72,37.9,1,1,1,,False
4547,ORD-2026-04547,CLI-091,PROD-057,2026-08-19 16:46:00,Santa Cruz,CAM-06,CHO-101,254,254.0,48,38.2,1,1,1,,False
4548,ORD-2026-04548,CLI-052,PROD-047,2026-08-06 23:43:00,Santa Cruz,CAM-20,CHO-013,143,143.0,48,30.3,1,1,1,,False
4549,ORD-2026-04549,CLI-068,PROD-003,2026-08-18 02:24:00,La Paz,CAM-09,CHO-071,185,185.0,48,31.7,1,1,1,,False
4550,ORD-2026-04550,CLI-076,PROD-050,2026-08-03 23:06:00,Oruro,CAM-05,CHO-110,439,439.0,48,43.6,1,1,1,,False
4551,ORD-2026-04551,CLI-066, prod-042 ,2026-08-01 12:27:00,La Paz,CAM-27,CHO-127,370,370.0,72,67.2,1,1,1,producto_id,True
4552,ORD-2026-04552,CLI-010,PROD-023,2026-08-26 18:05:00,Santa Cruz,CAM-20,CHO-100,80,80.0,48,20.3,1,1,1,,False
4553,ORD-2026-04553,CLI-078,PROD-015,2026-08-17 22:26:00,Tarija,CAM-12,CHO-008,23,23.0,24,21.1,1,1,1,,False
4554,ORD-2026-04554,CLI-026,PROD-038,2026-08-20 04:06:00,La Paz,CAM-15,CHO-083,48,48.0,48,42.3,1,1,1,,False
4555,ORD-2026-04555,CLI-060,PROD-008,2026-08-22 19:47:00,Cochabamba,CAM-23,CHO-124,172,157.0,72,61.7,1,0,0,,False
4556,ORD-2026-04556,CLI-096,PROD-016,2026-08-05 11:17:00,La Paz,CAM-30,CHO-021,157,157.0,48,54.4,0,1,0,,False
4557,ORD-2026-04557,CLI-079,PROD-045,2026-08-13 01:45:00,Santa Cruz,CAM-10,CHO-059,407,,48,49.3,0,1,0,cantidad_entregada,True
4558,ORD-2026-04558,CLI-087,PROD-010,2026-08-21 22:23:00,Santa Cruz,CAM-11,CHO-070,375,375.0,72,54.9,1,1,1,,False
4559,ORD-2026-04559,CLI-054,PROD-040,2026-08-17 23:10:00,La Paz,CAM-28,CHO-064,374,374.0,24,20.4,1,1,1,,False
4560,ORD-2026-04560,CLI-040,PROD-012,2026-08-26 19:14:00,Santa Cruz,CAM-20,CHO-062,254,254.0,72,52.8,1,1,1,,False
4561,ORD-2026-04561,CLI-039,PROD-021,2026-08-08 10:48:00,Cochabamba,CAM-23,CHO-135,236,236.0,48,34.1,1,1,1,,False
4562,ORD-2026-04562,CLI-065,PROD-058,2026-08-30 07:03:00,La Paz,CAM-15,CHO-042,423,423.0,48,39.5,1,1,1,,False
4563,ORD-2026-04563,CLI-035,PROD-036,2026-08-04 14:31:00,Tarija,CAM-12,CHO-045,73,73.0,48,29.7,1,1,1,,False
4564,ORD-2026-04564,CLI-078,PROD-051,2026-08-10 14:57:00,Cochabamba,CAM-22,CHO-108,67,67.0,24,19.3,1,1,1,,False
4565,ORD-2026-04565,CLI-096,PROD-032,2026-08-07 09:47:00,Oruro,CAM-16,CHO-150,280,280.0,48,50.2,0,1,0,,False
4566,ORD-2026-04566,CLI-099,PROD-043,2026-08-08 15:59:00,Tarija,CAM-12,CHO-009,463,463.0,48,47.4,1,1,1,,False
4567,ORD-2026-04567,CLI-033,PROD-025,2026-08-01 02:15:00,Cochabamba,CAM-22,CHO-116,195,195.0,72,38.8,1,1,1,,False
4568,ORD-2026-04568,CLI-015,PROD-045,2026-08-28 20:19:00,Santa Cruz,CAM-25,CHO-149,83,83.0,24,20.4,1,1,1,,False
4569,ORD-2026-04569,CLI-069,PROD-045,2026-08-07 04:14:00,La Paz,CAM-09,CHO-057,452,452.0,24,20.6,1,1,1,,False
4570,ORD-2026-04570,CLI-083,PROD-027,2026-08-21 22:57:00,Santa Cruz,CAM-20,CHO-075,55,55.0,72,56.6,1,1,1,,False
4571,ORD-2026-04571,CLI-086,PROD-044,2026-08-20 00:44:00,Santa Cruz,CAM-14,CHO-099,102,102.0,48,43.1,1,1,1,,False
4572,ORD-2026-04572,CLI-027,PROD-022,2026-08-18 16:38:00,Santa Cruz,CAM-13,CHO-103,296,296.0,24,16.6,1,1,1,,False
4573,ORD-2026-04573,CLI-079,PROD-049,2026-08-24 22:31:00,Tarija,CAM-03,CHO-031,155,155.0,48,42.3,1,1,1,,False
4574,ORD-2026-04574,CLI-007,PROD-037,2026-08-03 09:20:00,Oruro,CAM-16,CHO-150,76,76.0,72,59.1,1,1,1,,False
4575,ORD-2026-04575,CLI-035,PROD-032,2026-08-12 19:07:00,Tarija,CAM-12,CHO-122,419,419.0,72,40.3,1,1,1,,False
4576,ORD-2026-04576,CLI-037,PROD-003,2026-08-15 01:51:00,La Paz,CAM-09,CHO-102,170,170.0,48,42.5,1,1,1,,False
4577,ORD-2026-04577,CLI-017,PROD-060,2026-08-06 15:06:00,La Paz,CAM-09,CHO-001,180,180.0,72,51.1,1,1,1,,False
4578,ORD-2026-04578,CLI-021,PROD-021,2026-08-22 19:15:00,Oruro,CAM-05,CHO-110,99,99.0,72,56.6,1,1,1,,False
4579,ORD-2026-04579,CLI-072,PROD-010,2026-08-20 12:29:00,Santa Cruz,CAM-11,CHO-076,165,165.0,48,38.9,1,1,1,,False
4580,ORD-2026-04580,CLI-092,PROD-026,2026-08-10 16:15:00,La Paz,CAM-09,CHO-084,192,192.0,24,22.7,1,1,1,,False
4581,ORD-2026-04581,CLI-052,PROD-059,2026-08-05 09:16:00,La Paz,CAM-09,CHO-021,340,340.0,24,26.1,0,1,0,,False
4582,ORD-2026-04582,CLI-033,PROD-021,2026-08-17 12:20:00,La Paz,CAM-30,CHO-063,239,239.0,24,22.0,1,1,1,,False
4583,ORD-2026-04583,CLI-098,PROD-024,2026-08-18 00:02:00,Tarija,CAM-26,CHO-050,41,41.0,24,21.7,1,1,1,,False
4584,ORD-2026-04584,CLI-059,PROD-004,2026-08-20 18:11:00,Tarija,CAM-26,CHO-082,217,217.0,24,21.6,1,1,1,,False
4585,ORD-2026-04585,CLI-082,PROD-049,2026-08-13 13:25:00,Tarija,CAM-12,CHO-036,391,385.0,72,39.9,1,0,0,,False
4586,ORD-2026-04586,CLI-039,PROD-030,2026-08-15 02:26:00,Cochabamba,CAM-17,CHO-089,313,304.0,72,46.1,1,0,0,,False
4587,ORD-2026-04587,CLI-029,PROD-052,2026-08-30 16:28:00,Santa Cruz,CAM-13,CHO-013,447,447.0,72,71.8,1,1,1,,False
4588,ORD-2026-04588,CLI-043,PROD-032,2026-08-06 17:35:00,Cochabamba,CAM-01,CHO-047,173,173.0,48,34.4,1,1,1,,False
4589,ORD-2026-04589,CLI-088,PROD-034,2026-08-21 11:20:00,Oruro,CAM-02,CHO-118,397,397.0,48,56.2,0,1,0,,False
4590,ORD-2026-04590,CLI-065,PROD-033,2026-08-11 08:17:00,Santa Cruz,CAM-10,CHO-149,191,191.0,72,61.8,1,1,1,,False
4591,ORD-2026-04591,CLI-097,PROD-017,2026-08-04 16:04:00,La Paz,CAM-28,CHO-057,352,352.0,48,37.5,1,1,1,,False
4592,ORD-2026-04592,CLI-002,PROD-049,2026-08-03 14:30:00,Cochabamba,CAM-08,CHO-145,149,149.0,24,24.6,0,1,0,,False
4593,ORD-2026-04593,CLI-047,PROD-031,2026-08-19 10:49:00,Tarija,CAM-03,CHO-122,162,162.0,72,55.1,1,1,1,,False
4594,ORD-2026-04594,CLI-090,PROD-014,2026-08-16 03:53:00,La Paz,CAM-27,CHO-071,439,439.0,24,18.4,1,1,1,,False
4595, ord-2026-04595 ,CLI-047,PROD-017,2026-08-04 10:16:00,Santa Cruz,CAM-13,CHO-103,238,238.0,72,65.6,1,1,1,order_id,True
4596,ORD-2026-04596,CLI-090,PROD-011,2026-08-19 07:41:00,Oruro,CAM-05,CHO-150,342,342.0,24,18.2,1,1,1,,False
4597,ORD-2026-04597,CLI-051,PROD-059,2026-08-25 05:49:00,Oruro,CAM-05,CHO-110,217,217.0,48,45.2,1,1,1,,False
4598,ORD-2026-04598,CLI-009,PROD-016,2026-08-06 16:00:00,La Paz,CAM-28,CHO-091,344,344.0,24,22.0,1,1,1,,False
4599,ORD-2026-04599,CLI-045,PROD-018,2026-08-09 01:52:00,Tarija,CAM-12,CHO-009,132,132.0,72,60.3,1,1,1,,False
4600,ORD-2026-04600,CLI-049,PROD-025,2026-08-17 08:02:00,Oruro,CAM-24,CHO-144,63,63.0,48,29.4,1,1,1,,False
4601,ORD-2026-04601,CLI-091,PROD-056,2026-08-10 21:44:00,La Paz,CAM-09,CHO-102,111,111.0,24,17.8,1,1,1,,False
4602,ORD-2026-04602,CLI-080,PROD-026,2026-08-21 22:03:00,La Paz,CAM-09,CHO-148,493,493.0,72,49.2,1,1,1,,False
4603,ORD-2026-04603,CLI-015,PROD-047,2026-08-04 11:12:00,Santa Cruz,CAM-14,CHO-030,104,104.0,72,62.2,1,1,1,,False
4604,ORD-2026-04604,CLI-016,PROD-051,2026-08-30 22:50:00,Cochabamba,CAM-01,CHO-089,116,116.0,48,50.9,0,1,0,,False
4605,ORD-2026-04605,CLI-090,PROD-037,2026-08-23 18:04:00,Tarija,CAM-03,CHO-008,109,109.0,72,31.6,1,1,1,,False
4606,ORD-2026-04606,CLI-090,PROD-045,2026-08-25 03:59:00,La Paz,CAM-30,CHO-137,456,456.0,24,16.5,1,1,1,,False
4607,ORD-2026-04607,CLI-027,PROD-059,2026-08-19 22:57:00,Cochabamba,CAM-22,CHO-138,472,472.0,48,48.2,0,1,0,,False
4608,ORD-2026-04608,CLI-065,PROD-023,2026-08-06 18:42:00,La Paz,CAM-09,CHO-039,187,187.0,24,22.9,1,1,1,,False
4609,ORD-2026-04609,CLI-091,PROD-052,2026-08-05 11:57:00,La Paz,CAM-09,CHO-063,76,76.0,48,31.9,1,1,1,,False
4610,ORD-2026-04610,CLI-089,PROD-016,2026-08-28 01:14:00,Tarija,CAM-26,CHO-031,230,230.0,48,55.2,0,1,0,,False
4611,ORD-2026-04611,CLI-068,PROD-027,2026-08-02 23:14:00,Cochabamba,CAM-01,CHO-094,495,495.0,24,15.2,1,1,1,,False
4612,ORD-2026-04612,CLI-018,PROD-030,2026-08-19 20:12:00,La Paz,CAM-09,CHO-072,445,445.0,48,48.6,0,1,0,,False
4613,ORD-2026-04613,CLI-050,PROD-027,2026-08-06 02:43:00,Cochabamba,CAM-19,CHO-151,182,182.0,48,33.7,1,1,1,,False
4614,ORD-2026-04614,CLI-015,PROD-052,2026-08-12 05:18:00,Santa Cruz,CAM-14,CHO-141,197,197.0,48,32.8,1,1,1,,False
4615,ORD-2026-04615,CLI-082,PROD-003,2026-08-14 09:22:00,Cochabamba,CAM-01,CHO-006,139,139.0,48,37.4,1,1,1,,False
4616,ORD-2026-04616,CLI-018,PROD-034,2026-08-25 11:26:00,Santa Cruz,CAM-06,CHO-024,16,16.0,48,39.1,1,1,1,,False
4617,ORD-2026-04617,CLI-050,PROD-038,2026-08-17 05:41:00,La Paz,CAM-27,CHO-007,256,256.0,24,20.6,1,1,1,,False
4618,ORD-2026-04618,CLI-046,PROD-052,2026-08-10 22:55:00,Cochabamba,CAM-22,CHO-108,389,389.0,48,37.0,1,1,1,,False
4619,ORD-2026-04619,CLI-028,PROD-055,2026-08-02 05:10:00,La Paz,CAM-30,CHO-064,93,93.0,48,49.9,0,1,0,,False
4620,ORD-2026-04620,CLI-095,PROD-001,2026-08-13 22:20:00,Oruro,CAM-05,CHO-118,288,288.0,48,46.2,1,1,1,,False
4621,ORD-2026-04621,CLI-027,PROD-048,2026-08-02 05:51:00,Tarija,CAM-12,CHO-045,472,472.0,48,37.4,1,1,1,,False
4622,ORD-2026-04622,CLI-020,PROD-027,2026-08-28 10:53:00,Oruro,CAM-05,CHO-038,90,90.0,48,50.4,0,1,0,,False
4623,ORD-2026-04623,CLI-088,PROD-006,2026-08-29 13:05:00,Oruro,CAM-02,CHO-119,479,479.0,48,53.5,0,1,0,,False
4624,ORD-2026-04624,CLI-006,PROD-055,2026-08-30 12:25:00,Tarija,CAM-03,CHO-050,392,392.0,48,46.5,1,1,1,,False
4625,ORD-2026-04625,CLI-041,PROD-049,2026-08-25 17:59:00,Santa Cruz,CAM-13,CHO-004,176,176.0,24,18.3,1,1,1,,False
4626,ORD-2026-04626,CLI-054,PROD-034,2026-08-01 22:49:00,Tarija,CAM-12,CHO-010,29,23.0,72,74.7,0,0,0,,False
4627,ORD-2026-04627,CLI-012,PROD-032,2026-08-26 04:45:00,Santa Cruz,CAM-10,CHO-060,375,375.0,48,38.2,1,1,1,,False
4628,ORD-2026-04628,CLI-003,PROD-032,2026-08-28 05:19:00,Cochabamba,CAM-22,CHO-087,372,372.0,72,72.5,0,1,0,,False
4629,ORD-2026-04629,CLI-001,PROD-040,2026-08-07 08:33:00,Cochabamba,CAM-22,CHO-073,94,94.0,48,36.0,1,1,1,,False
4630,ORD-2026-04630,CLI-099,PROD-029,2026-08-24 03:35:00,Tarija,CAM-12,CHO-061,425,425.0,24,20.9,1,1,1,,False
4631,ORD-2026-04631,CLI-003,PROD-026,2026-08-12 05:03:00,Cochabamba,CAM-01,CHO-089,477,477.0,24,15.5,1,1,1,,False
4632,ORD-2026-04632,CLI-068,PROD-021,2026-08-18 16:46:00,Oruro,CAM-02,CHO-117,198,198.0,24,26.2,0,1,0,,False
4633,ORD-2026-04633,CLI-097,PROD-050,2026-08-15 01:08:00,Cochabamba,CAM-01,CHO-112,361,361.0,24,21.5,1,1,1,,False
4634,ORD-2026-04634,CLI-073,PROD-032,2026-08-18 15:42:00,Cochabamba,CAM-23,CHO-065,22,22.0,72,74.1,0,1,0,,False
4635,ORD-2026-04635,CLI-094,PROD-008,2026-08-14 13:02:00,Cochabamba,CAM-08,CHO-089,292,292.0,48,36.9,1,1,1,,False
4636,ORD-2026-04636,CLI-024,PROD-010,2026-08-05 11:12:00,La Paz,CAM-15,CHO-042,398,398.0,72,60.7,1,1,1,,False
4637,ORD-2026-04637,CLI-085,PROD-013,2026-08-07 05:21:00,Santa Cruz,CAM-20,CHO-029,311,311.0,48,44.6,1,1,1,,False
4638,ORD-2026-04638,CLI-071,PROD-047,2026-08-29 03:10:00,Tarija,CAM-03,CHO-009,242,242.0,24,19.0,1,1,1,,False
4639,ORD-2026-04639,CLI-007,PROD-015,2026-08-19 23:20:00,Oruro,CAM-05,CHO-003,246,246.0,48,39.1,1,1,1,,False
4640,ORD-2026-04640,CLI-070,PROD-008,2026-08-24 13:24:00,Santa Cruz,CAM-20,CHO-085,41,41.0,48,47.0,1,1,1,,False
4641, ord-2026-04641 ,CLI-090,PROD-007,2026-08-11 20:08:00,Tarija,CAM-26,CHO-122,410,410.0,24,14.5,1,1,1,order_id,True
4642,ORD-2026-04642,CLI-050,PROD-024,2026-08-27 17:24:00,Tarija,CAM-03,CHO-012,390,389.0,72,80.5,0,0,0,,False
4643,ORD-2026-04643,CLI-098,PROD-052,2026-08-06 05:10:00,Oruro,CAM-05,CHO-022,347,347.0,24,17.4,1,1,1,,False
4644,ORD-2026-04644,CLI-054,PROD-030,2026-08-13 16:44:00,Cochabamba,CAM-01,CHO-140,242,242.0,72,41.3,1,1,1,,False
4645,ORD-2026-04645,CLI-059,PROD-055,2026-08-23 10:16:00,Santa Cruz,CAM-10,CHO-024,311,311.0,72,72.0,1,1,1,,False
4646,ORD-2026-04646,CLI-077,PROD-013,2026-08-25 03:28:00,Tarija,CAM-12,CHO-044,69,69.0,72,74.6,0,1,0,,False
4647,ORD-2026-04647,CLI-001,PROD-003,2026-08-21 15:19:00,Santa Cruz,CAM-13,CHO-020,362,362.0,24,25.0,0,1,0,,False
4648,ORD-2026-04648,CLI-036,PROD-046,2026-08-02 23:59:00,Tarija,CAM-26,CHO-061,310,310.0,72,51.7,1,1,1,,False
4649,ORD-2026-04649,CLI-076,PROD-007,2026-08-10 20:48:00,Tarija,CAM-12,CHO-132,466,466.0,24,18.3,1,1,1,,False
4650,ORD-2026-04650,CLI-061,PROD-040,2026-08-19 16:09:00,Oruro,CAM-05,CHO-119,377,377.0,48,38.1,1,1,1,,False
4651,ORD-2026-04651,CLI-009,PROD-054,2026-08-27 07:25:00,Tarija,CAM-03,CHO-036,24,24.0,72,39.9,1,1,1,,False
4652,ORD-2026-04652,CLI-014,PROD-051,2026-08-25 15:45:00,Oruro,CAM-05,CHO-038,170,170.0,48,27.7,1,1,1,,False
4653,ORD-2026-04653,CLI-077,PROD-007,2026-08-11 02:56:00,La Paz,CAM-28,CHO-007,405,405.0,48,34.4,1,1,1,,False
4654,ORD-2026-04654,CLI-080,PROD-005,2026-08-14 07:07:00,Cochabamba,CAM-17,CHO-086,447,447.0,48,41.4,1,1,1,,False
4655,ORD-2026-04655,CLI-058,PROD-031,2026-08-27 01:07:00,Tarija,CAM-03,CHO-010,208,208.0,48,37.1,1,1,1,,False
4656,ORD-2026-04656,CLI-052,PROD-040,2026-08-12 00:14:00,La Paz,CAM-09,CHO-021,346,346.0,24,20.8,1,1,1,,False
4657,ORD-2026-04657,CLI-006,PROD-020,2026-08-05 13:32:00,La Paz,CAM-15,CHO-083,307,307.0,48,46.1,1,1,1,,False
4658,ORD-2026-04658,CLI-087,PROD-059,2026-08-28 22:16:00,Oruro,CAM-05,CHO-098,125,125.0,48,38.1,1,1,1,,False
4659,ORD-2026-04659,CLI-039,PROD-058,2026-08-06 16:45:00,Cochabamba,CAM-23,CHO-047,94,94.0,48,31.1,1,1,1,,False
4660,ORD-2026-04660,CLI-022,PROD-018,2026-08-28 16:02:00,Santa Cruz,CAM-13,CHO-025,198,198.0,24,20.1,1,1,1,,False
4661,ORD-2026-04661,CLI-040,PROD-047,2026-08-28 13:39:00,Oruro,CAM-02,CHO-118,440,440.0,48,45.8,1,1,1,,False
4662,ORD-2026-04662,CLI-081,PROD-041,2026-08-03 10:36:00,Oruro,CAM-05,CHO-110,166,166.0,24,15.1,1,1,1,,False
4663,ORD-2026-04663,CLI-083,PROD-025,2026-08-03 04:57:00,Tarija,CAM-12,CHO-012,409,409.0,24,20.4,1,1,1,,False
4664,ORD-2026-04664,CLI-096,PROD-041,2026-08-07 01:01:00,Santa Cruz,CAM-20,CHO-104,191,191.0,24,16.5,1,1,1,,False
4665,ORD-2026-04665,CLI-100,PROD-043,2026-08-22 06:21:00,Santa Cruz,CAM-20,CHO-013,66,66.0,24,23.4,1,1,1,,False
4666,ORD-2026-04666,CLI-008,PROD-060,2026-08-12 01:03:00,Oruro,CAM-05,CHO-003,287,287.0,48,35.0,1,1,1,,False
4667,ORD-2026-04667,CLI-037,PROD-009,2026-08-10 20:58:00,Oruro,CAM-07,CHO-051,250,250.0,24,18.1,1,1,1,,False
4668,ORD-2026-04668,CLI-027,PROD-029,2026-08-18 02:57:00,La Paz,CAM-09,CHO-063,235,235.0,24,13.9,1,1,1,,False
4669,ORD-2026-04669,CLI-100,PROD-016,2026-08-20 08:28:00,Cochabamba,CAM-23,CHO-069,439,439.0,24,12.1,1,1,1,,False
4670,ORD-2026-04670,CLI-022,PROD-016,2026-08-06 10:29:00,Oruro,CAM-24,CHO-067,54,54.0,48,46.1,1,1,1,,False
4671,ORD-2026-04671,CLI-007,PROD-051,2026-08-24 01:33:00,Cochabamba,CAM-22,CHO-019,71,71.0,72,49.0,1,1,1,,False
4672,ORD-2026-04672,CLI-019,PROD-042,2026-08-07 04:14:00,Santa Cruz,CAM-06,CHO-100,36,36.0,72,58.7,1,1,1,,False
4673,ORD-2026-04673,CLI-093,PROD-039,2026-08-15 04:12:00,La Paz,CAM-28,CHO-007,428,428.0,24,23.5,1,1,1,,False
4674,ORD-2026-04674,CLI-007,PROD-050,2026-08-30 05:16:00,La Paz,CAM-28,CHO-083,166,166.0,24,24.3,0,1,0,,False
4675,ORD-2026-04675,CLI-011,PROD-004,2026-08-24 13:04:00,Santa Cruz,CAM-06,CHO-129,451,451.0,48,27.8,1,1,1,,False
4676,ORD-2026-04676,CLI-030,PROD-026,2026-08-05 12:37:00,Santa Cruz,CAM-21,CHO-013,412,412.0,48,33.3,1,1,1,,False
4677,ORD-2026-04677,CLI-010,PROD-052,2026-08-19 22:40:00,Tarija,CAM-12,CHO-008,222,222.0,72,70.9,1,1,1,,False
4678,ORD-2026-04678,CLI-098,PROD-042,2026-08-20 07:38:00,Cochabamba,CAM-08,CHO-147,471,471.0,48,45.2,1,1,1,,False
4679,ORD-2026-04679,CLI-056,PROD-047,2026-08-03 01:42:00,Oruro,CAM-02,CHO-051,344,334.0,24,18.9,1,0,0,,False
4680,ORD-2026-04680,CLI-019,PROD-049,2026-08-22 03:16:00,Santa Cruz,CAM-18,CHO-035,58,58.0,72,47.9,1,1,1,,False
4681,ORD-2026-04681,CLI-036,PROD-033,2026-08-15 08:43:00,Tarija,CAM-26,CHO-015,461,461.0,48,35.9,1,1,1,,False
4682,ORD-2026-04682,CLI-082,PROD-043,2026-08-29 10:54:00,Tarija,CAM-26,CHO-009,42,42.0,48,34.6,1,1,1,,False
4683,ORD-2026-04683,CLI-021,PROD-018,2026-08-30 18:03:00,Oruro,CAM-24,CHO-038,466,466.0,24,16.8,1,1,1,,False
4684,ORD-2026-04684,CLI-047,PROD-021,2026-08-17 20:11:00,Cochabamba,CAM-08,CHO-033,180,180.0,48,44.5,1,1,1,,False
4685,ORD-2026-04685,CLI-036,PROD-012,2026-08-21 10:43:00,Tarija,CAM-12,CHO-082,114,114.0,24,16.2,1,1,1,,False
4686,ORD-2026-04686,CLI-019,PROD-012,2026-08-03 02:43:00,Tarija,CAM-03,CHO-088,306,306.0,48,45.4,1,1,1,,False
4687,ORD-2026-04687,CLI-039,PROD-002,2026-08-17 07:31:00,Tarija,CAM-03,CHO-036,98,94.0,72,74.1,0,0,0,,False
4688,ORD-2026-04688,CLI-025,PROD-013,2026-08-17 10:57:00,La Paz,CAM-09,CHO-084,199,199.0,48,50.5,0,1,0,,False
4689,ORD-2026-04689,CLI-034,PROD-012,2026-08-10 21:32:00,Cochabamba,CAM-01,CHO-077,182,182.0,72,58.3,1,1,1,,False
4690,ORD-2026-04690,CLI-004,PROD-052,2026-08-20 11:12:00,Cochabamba,CAM-08,CHO-151,355,355.0,72,37.0,1,1,1,,False
4691,ORD-2026-04691,CLI-006,PROD-030,2026-08-12 06:58:00,Tarija,CAM-26,CHO-010,112,112.0,72,69.0,1,1,1,,False
4692,ORD-2026-04692,CLI-060,PROD-022,2026-08-28 18:08:00,Tarija,CAM-03,CHO-122,408,408.0,48,34.1,1,1,1,,False
4693,ORD-2026-04693,CLI-082,PROD-050,2026-08-16 08:32:00,Oruro,CAM-05,CHO-038,348,348.0,48,29.3,1,1,1,,False
4694,ORD-2026-04694,CLI-010,PROD-019,2026-08-11 08:04:00,Santa Cruz,CAM-13,CHO-109,211,211.0,72,64.8,1,1,1,,False
4695,ORD-2026-04695,CLI-011,PROD-020,2026-08-02 04:56:00,Tarija,CAM-03,CHO-048,417,417.0,24,10.2,1,1,1,,False
4696,ORD-2026-04696,CLI-020,PROD-035,2026-08-18 01:45:00,Cochabamba,CAM-22,CHO-033,415,415.0,24,18.3,1,1,1,,False
4697,ORD-2026-04697,CLI-017,PROD-036,2026-08-28 05:08:00,Tarija,CAM-12,CHO-009,172,172.0,24,21.2,1,1,1,,False
4698,ORD-2026-04698,CLI-070,PROD-007,2026-08-23 06:36:00,Oruro,CAM-02,CHO-098,248,248.0,72,59.9,1,1,1,,False
4699,ORD-2026-04699,CLI-073,PROD-004,2026-08-15 10:17:00,Santa Cruz,CAM-25,CHO-013,58,58.0,72,57.9,1,1,1,,False
4700, ord-2026-04700 ,CLI-084,PROD-015,2026-08-24 02:19:00,Santa Cruz,CAM-14,CHO-034,283,283.0,48,37.5,1,1,1,order_id,True
4701,ORD-2026-04701,CLI-026,PROD-025,2026-08-09 15:39:00,Cochabamba,CAM-23,CHO-014,414,414.0,48,44.2,1,1,1,,False
4702,ORD-2026-04702,CLI-055,PROD-058,2026-08-10 04:25:00,Santa Cruz,CAM-06,CHO-011,294,294.0,24,18.2,1,1,1,,False
4703,ORD-2026-04703,CLI-092,PROD-056,2026-08-21 08:07:00,Santa Cruz,CAM-14,CHO-011,285,285.0,48,46.5,1,1,1,,False
4704,ORD-2026-04704,CLI-002,PROD-047,2026-08-15 04:46:00,Cochabamba,CAM-23,CHO-041,319,319.0,48,50.7,0,1,0,,False
4705,ORD-2026-04705,CLI-064,PROD-006,07/08/2026 01:35,Santa Cruz,CAM-10,CHO-070,371,371.0,48,41.7,1,1,1,fecha_despacho,True
4706,ORD-2026-04706,CLI-041,PROD-035,2026-08-25 21:35:00,Oruro,CAM-05,CHO-119,227,227.0,72,59.5,1,1,1,,False
4707,ORD-2026-04707,CLI-081,PROD-057,2026-08-27 23:46:00,Tarija,CAM-03,CHO-010,99,99.0,48,39.0,1,1,1,,False
4708,ORD-2026-04708,CLI-028,PROD-044,2026-08-22 21:06:00,Santa Cruz,CAM-14,CHO-103,302,302.0,72,63.2,1,1,1,,False
4709,ORD-2026-04709,CLI-057,PROD-013,2026-08-24 10:04:00,La Paz,CAM-09,CHO-001,215,215.0,48,39.9,1,1,1,,False
4710,ORD-2026-04710,CLI-031,PROD-030,2026-08-08 16:22:00,Cochabamba,CAM-17,CHO-140,371,371.0,48,44.9,1,1,1,,False
4711,ORD-2026-04711,CLI-050,PROD-019,2026-08-04 13:28:00,Oruro,CAM-05,CHO-098,436,436.0,24,18.1,1,1,1,,False
4712,ORD-2026-04712,CLI-025,PROD-054,2026-08-14 13:16:00,Tarija,CAM-12,CHO-132,306,306.0,24,16.6,1,1,1,,False
4713,ORD-2026-04713,CLI-028,PROD-040,2026-08-04 03:52:00,Cochabamba,CAM-08,CHO-131,314,314.0,24,19.7,1,1,1,,False
4714,ORD-2026-04714,CLI-077,PROD-049,2026-08-25 16:14:00,Tarija,CAM-03,CHO-122,445,445.0,24,16.1,1,1,1,,False
4715,ORD-2026-04715,CLI-024,PROD-025,2026-08-28 03:39:00,Santa Cruz,CAM-14,CHO-104,444,444.0,48,45.6,1,1,1,,False
4716,ORD-2026-04716,CLI-014,PROD-052,2026-08-19 16:35:00,La Paz,CAM-09,CHO-039,19,19.0,72,54.5,1,1,1,,False
4717,ORD-2026-04717,CLI-015,PROD-027,2026-08-20 12:43:00,La Paz,CAM-28,CHO-093,113,113.0,72,50.3,1,1,1,,False
4718,ORD-2026-04718,CLI-056,PROD-035,2026-08-23 14:53:00,Tarija,CAM-03,CHO-012,85,85.0,48,34.3,1,1,1,,False
4719,ORD-2026-04719,CLI-004,PROD-052,2026-08-15 16:05:00,Oruro,CAM-07,CHO-119,109,109.0,24,18.6,1,1,1,,False
4720,ORD-2026-04720,CLI-029,PROD-026,2026-08-23 00:14:00,La Paz,CAM-15,CHO-107,387,387.0,48,50.1,0,1,0,,False
4721,ORD-2026-04721,CLI-014,PROD-004,2026-08-11 09:29:00,La Paz,CAM-15,CHO-083,225,,48,42.7,1,1,1,cantidad_entregada,True
4722,ORD-2026-04722,CLI-061,PROD-042,2026-08-24 04:41:00,Santa Cruz,CAM-04,CHO-114,370,370.0,48,38.0,1,1,1,,False
4723,ORD-2026-04723,CLI-062,PROD-019,2026-08-05 00:42:00,Cochabamba,CAM-01,CHO-115,137,137.0,48,31.1,1,1,1,,False
4724,ORD-2026-04724,CLI-052,PROD-053,2026-08-22 19:49:00,Santa Cruz,CAM-14,CHO-096,434,424.0,48,41.2,1,0,0,,False
4725,ORD-2026-04725,CLI-004,PROD-020,2026-08-26 03:31:00,Oruro,CAM-05,CHO-022,415,415.0,48,37.6,1,1,1,,False
4726,ORD-2026-04726,CLI-032,PROD-039,2026-08-08 15:17:00,Cochabamba,CAM-17,CHO-130,346,346.0,48,30.8,1,1,1,,False
4727,ORD-2026-04727,CLI-047,PROD-005,2026-08-11 12:16:00,Cochabamba,CAM-19,CHO-055,154,154.0,72,61.8,1,1,1,,False
4728,ORD-2026-04728,CLI-100,PROD-051,2026-08-12 11:27:00,Tarija,CAM-03,CHO-010,320,320.0,72,57.5,1,1,1,,False
4729,ORD-2026-04729,CLI-083,PROD-037,2026-08-22 12:51:00,Cochabamba,CAM-19,CHO-006,119,119.0,48,44.5,1,1,1,,False
4730,ORD-2026-04730,CLI-059,PROD-014,2026-08-24 16:18:00,Santa Cruz,CAM-04,CHO-120,146,146.0,72,45.2,1,1,1,,False
4731,ORD-2026-04731,CLI-050,PROD-014,2026-08-16 18:13:00,Cochabamba,CAM-19,CHO-058,336,336.0,24,13.6,1,1,1,,False
4732,ORD-2026-04732,CLI-085,PROD-015,2026-08-21 17:01:00,Tarija,CAM-03,CHO-026,193,193.0,24,22.9,1,1,1,,False
4733,ORD-2026-04733,CLI-097,PROD-021,2026-08-02 14:37:00,Santa Cruz,CAM-20,CHO-106,111,111.0,48,35.6,1,1,1,,False
4734,ORD-2026-04734,CLI-070,PROD-035,2026-08-16 08:01:00,Cochabamba,CAM-22,CHO-140,137,137.0,24,24.9,0,1,0,,False
4735,ORD-2026-04735,CLI-041,PROD-015,2026-08-22 08:16:00,Oruro,CAM-05,CHO-110,340,340.0,72,57.1,1,1,1,,False
4736,ORD-2026-04736,CLI-048,PROD-039,2026-08-02 00:23:00,Tarija,CAM-03,CHO-056,441,441.0,48,28.2,1,1,1,,False
4737,ORD-2026-04737,CLI-093,PROD-001,2026-08-12 22:59:00,La Paz,CAM-28,CHO-072,400,400.0,24,17.7,1,1,1,,False
4738,ORD-2026-04738,CLI-036,PROD-059,2026-08-04 22:25:00,Tarija,CAM-03,CHO-043,127,109.0,24,18.8,1,0,0,,False
4739,ORD-2026-04739,CLI-067,PROD-024,2026-08-03 10:38:00,Oruro,CAM-24,CHO-117,470,470.0,48,45.8,1,1,1,,False
4740,ORD-2026-04740,CLI-038,PROD-025,2026-08-08 22:12:00,La Paz,CAM-28,CHO-057,20,6.0,72,60.0,1,0,0,,False
4741,ORD-2026-04741,CLI-015,PROD-031,2026-08-05 13:11:00,Tarija,CAM-12,CHO-122,170,170.0,24,25.1,0,1,0,,False
4742,ORD-2026-04742,CLI-099,PROD-054,2026-08-20 12:59:00,Tarija,CAM-03,CHO-026,407,407.0,48,41.2,1,1,1,,False
4743,ORD-2026-04743,CLI-068,PROD-027,2026-08-26 13:31:00,Cochabamba,CAM-19,CHO-068,240,240.0,24,21.3,1,1,1,,False
4744,ORD-2026-04744,CLI-013,PROD-013,2026-08-10 14:30:00,La Paz,CAM-28,CHO-107,77,77.0,48,46.3,1,1,1,,False
4745,ORD-2026-04745,CLI-004,PROD-053,2026-08-18 15:57:00,Oruro,CAM-16,CHO-150,181,172.0,72,70.9,1,0,0,,False
4746,ORD-2026-04746,CLI-014,PROD-041,2026-08-30 07:41:00,Oruro,CAM-05,CHO-098,196,196.0,48,51.9,0,1,0,,False
4747,ORD-2026-04747,CLI-006,PROD-057,2026-08-28 00:52:00,La Paz,CAM-28,CHO-052,14,14.0,24,12.1,1,1,1,,False
4748,ORD-2026-04748,CLI-095,PROD-058,2026-08-14 14:46:00,Cochabamba,CAM-01,CHO-111,227,227.0,48,43.7,1,1,1,,False
4749,ORD-2026-04749,CLI-010,PROD-042,2026-08-20 22:30:00,Oruro,CAM-07,CHO-117,296,289.0,48,51.3,0,0,0,,False
4750,ORD-2026-04750,CLI-056,PROD-024,2026-08-26 13:57:00,Santa Cruz,CAM-25,CHO-100,316,316.0,48,30.9,1,1,1,,False
4751,ORD-2026-04751,CLI-046,PROD-026,2026-08-18 01:26:00,Santa Cruz,CAM-13,CHO-013,426,426.0,48,37.9,1,1,1,,False
4752,ORD-2026-04752, cli-058 ,PROD-057,2026-08-03 16:44:00,Santa Cruz,CAM-18,CHO-070,132,132.0,72,50.7,1,1,1,cliente_id,True
4753,ORD-2026-04753,CLI-096,PROD-005,2026-08-10 23:18:00,Santa Cruz,CAM-14,CHO-113,395,395.0,72,65.0,1,1,1,,False
4754,ORD-2026-04754,CLI-093,PROD-023,2026-08-10 03:45:00,Cochabamba,CAM-23,CHO-086,182,182.0,48,40.0,1,1,1,,False
4755,ORD-2026-04755,CLI-052,PROD-037,2026-08-12 11:27:00,Tarija,CAM-26,CHO-146,396,396.0,24,15.3,1,1,1,,False
4756,ORD-2026-04756,CLI-069,PROD-023,2026-08-29 15:37:00,Tarija,CAM-12,CHO-012,242,242.0,24,18.0,1,1,1,,False
4757,ORD-2026-04757,CLI-084,PROD-005,2026-08-22 12:38:00,La Paz,CAM-28,CHO-091,189,189.0,48,35.1,1,1,1,,False
4758,ORD-2026-04758,CLI-017,PROD-022,2026-08-08 13:25:00,Oruro,CAM-05,CHO-136,42,42.0,48,38.7,1,1,1,,False
4759,ORD-2026-04759,CLI-012,PROD-019,2026-08-28 07:10:00,Cochabamba,CAM-22,CHO-019,408,408.0,24,15.5,1,1,1,,False
4760,ORD-2026-04760,CLI-058,PROD-040,2026-08-20 02:39:00,La Paz,CAM-28,CHO-139,135,135.0,48,45.7,1,1,1,,False
4761,ORD-2026-04761,CLI-016,PROD-053,2026-08-15 12:20:00,Tarija,CAM-26,CHO-036,437,418.0,72,70.7,1,0,0,,False
4762,ORD-2026-04762,CLI-023,PROD-047,2026-08-04 17:53:00,Tarija,CAM-12,CHO-008,410,,48,50.6,0,1,0,cantidad_entregada,True
4763,ORD-2026-04763,CLI-033,PROD-046,2026-08-28 05:42:00,La Paz,CAM-27,CHO-049,186,186.0,48,49.2,0,1,0,,False
4764,ORD-2026-04764,CLI-069,PROD-005,2026-08-02 00:41:00,Oruro,CAM-05,CHO-022,27,27.0,72,70.9,1,1,1,,False
4765,ORD-2026-04765,CLI-031,PROD-019,2026-08-19 02:48:00,Oruro,CAM-05,CHO-118,114,114.0,72,56.1,1,1,1,,False
4766,ORD-2026-04766,CLI-003,PROD-014,2026-08-28 02:21:00,La Paz,CAM-09,CHO-107,380,380.0,48,47.6,1,1,1,,False
4767,ORD-2026-04767,CLI-072,PROD-055,2026-08-12 04:56:00,Santa Cruz,CAM-04,CHO-099,357,357.0,48,47.2,1,1,1,,False
4768,ORD-2026-04768,CLI-009,PROD-023,2026-08-18 17:53:00,Tarija,CAM-03,CHO-045,282,282.0,72,48.9,1,1,1,,False
4769,ORD-2026-04769,CLI-014,PROD-025,2026-08-19 10:15:00,Oruro,CAM-05,CHO-118,226,226.0,48,39.3,1,1,1,,False
4770,ORD-2026-04770,CLI-005,PROD-015,2026-08-30 21:01:00,Tarija,CAM-12,CHO-082,354,354.0,24,15.4,1,1,1,,False
4771,ORD-2026-04771,CLI-059,PROD-021,2026-08-03 22:16:00,Santa Cruz,CAM-21,CHO-120,121,121.0,72,61.0,1,1,1,,False
4772,ORD-2026-04772,CLI-010,PROD-057,2026-08-12 00:04:00,Cochabamba,CAM-01,CHO-111,57,57.0,24,19.2,1,1,1,,False
4773,ORD-2026-04773,CLI-008,PROD-043,2026-08-07 07:03:00,Oruro,CAM-05,CHO-067,146,146.0,48,42.6,1,1,1,,False
4774,ORD-2026-04774,CLI-066,PROD-043,2026-08-24 22:25:00,Oruro,CAM-05,CHO-150,39,39.0,24,15.9,1,1,1,,False
4775,ORD-2026-04775,CLI-014,PROD-053,2026-08-01 12:58:00,La Paz,CAM-30,CHO-071,124,124.0,24,18.1,1,1,1,,False
4776,ORD-2026-04776,CLI-018,PROD-051,2026-08-24 16:14:00,Tarija,CAM-12,CHO-009,160,160.0,72,67.0,1,1,1,,False
4777,ORD-2026-04777,CLI-001,PROD-041,2026-08-19 12:13:00,Tarija,CAM-03,CHO-056,443,443.0,72,82.4,0,1,0,,False
4778,ORD-2026-04778,CLI-095,PROD-046,2026-08-16 09:37:00,Cochabamba,CAM-17,CHO-111,458,458.0,48,42.1,1,1,1,,False
4779,ORD-2026-04779,CLI-010,PROD-052,2026-08-01 22:12:00,La Paz,CAM-09,CHO-127,18,18.0,24,21.7,1,1,1,,False
4780,ORD-2026-04780,CLI-054,PROD-024,2026-08-06 13:55:00,Tarija,CAM-26,CHO-105,448,448.0,24,23.6,1,1,1,,False
4781,ORD-2026-04781,CLI-005,PROD-028,2026-08-28 07:44:00,La Paz,CAM-27,CHO-071,204,204.0,48,30.6,1,1,1,,False
4782,ORD-2026-04782,CLI-093,PROD-037,2026-08-09 09:08:00,Cochabamba,CAM-22,CHO-016,117,104.0,24,19.9,1,0,0,,False
4783,ORD-2026-04783,CLI-011,PROD-011,2026-08-13 19:22:00,Cochabamba,CAM-01,CHO-068,12,12.0,48,28.3,1,1,1,,False
4784,ORD-2026-04784,CLI-017,PROD-028,2026-08-15 07:56:00,Santa Cruz,CAM-25,CHO-062,87,87.0,24,-24.3,0,1,0,tiempo_entrega_real_hrs,True
4785,ORD-2026-04785,CLI-029,PROD-020,2026-08-22 10:05:00,Tarija,CAM-12,CHO-056,57,57.0,72,58.7,1,1,1,,False
4786,ORD-2026-04786,CLI-069,PROD-020,2026-08-13 18:28:00,Cochabamba,CAM-08,CHO-147,89,89.0,72,36.9,1,1,1,,False
4787,ORD-2026-04787,CLI-021,PROD-021,2026-08-14 05:11:00,Cochabamba,CAM-01,CHO-033,483,483.0,24,24.3,0,1,0,,False
4788,ORD-2026-04788,CLI-072,PROD-013,2026-08-19 23:35:00,La Paz,CAM-28,CHO-066,185,185.0,72,57.0,1,1,1,,False
4789,ORD-2026-04789,CLI-062,PROD-031,2026-08-16 04:52:00,Tarija,CAM-12,CHO-010,113,113.0,24,19.3,1,1,1,,False
4790,ORD-2026-04790,CLI-039,PROD-017,2026-08-01 15:53:00,Oruro,CAM-05,CHO-098,158,158.0,24,16.7,1,1,1,,False
4791,ORD-2026-04791,CLI-023,PROD-039,2026-08-09 14:44:00,Tarija,CAM-12,CHO-031,351,351.0,48,39.8,1,1,1,,False
4792,ORD-2026-04792,CLI-056,PROD-017,2026-08-14 00:53:00,Cochabamba,CAM-23,CHO-016,236,236.0,72,58.9,1,1,1,,False
4793,ORD-2026-04793,CLI-007,PROD-055,2026-08-12 10:41:00,Santa Cruz,CAM-11,CHO-133,125,125.0,24,18.2,1,1,1,,False
4794,ORD-2026-04794,CLI-094,PROD-007,2026-08-21 11:56:00,Cochabamba,CAM-19,CHO-073,30,30.0,48,35.0,1,1,1,,False
4795,ORD-2026-04795,CLI-029,PROD-046,2026-08-23 15:03:00,Oruro,CAM-07,CHO-119,277,277.0,48,25.5,1,1,1,,False
4796,ORD-2026-04796,CLI-025,PROD-017,2026-08-26 01:37:00,Tarija,CAM-03,CHO-031,171,171.0,24,26.9,0,1,0,,False
4797,ORD-2026-04797,CLI-067,PROD-041,2026-08-28 22:02:00,Santa Cruz,CAM-25,CHO-035,232,232.0,72,65.1,1,1,1,,False
4798,ORD-2026-04798,CLI-044,PROD-042,2026-08-06 08:28:00,Cochabamba,CAM-22,CHO-145,412,412.0,24,14.9,1,1,1,,False
4799,ORD-2026-04799,CLI-016,PROD-049,2026-08-28 04:03:00,Santa Cruz,CAM-13,CHO-133,420,420.0,72,63.5,1,1,1,,False
4800,ORD-2026-04800,CLI-037,PROD-022,2026-08-14 10:34:00,La Paz,CAM-09,CHO-040,56,56.0,48,41.1,1,1,1,,False
4801,ORD-2026-04801,CLI-058,PROD-019,2026-08-20 03:04:00,Oruro,CAM-05,CHO-117,167,167.0,48,44.6,1,1,1,,False
4802,ORD-2026-04802,CLI-085,PROD-019,2026-08-25 18:12:00,Cochabamba,CAM-01,CHO-089,300,300.0,72,53.2,1,1,1,,False
4803,ORD-2026-04803,CLI-062,PROD-015,2026-08-22 05:13:00,Santa Cruz,CAM-13,CHO-103,185,185.0,48,31.2,1,1,1,,False
4804,ORD-2026-04804,CLI-047,PROD-017,2026-08-22 19:03:00,La Paz,CAM-28,CHO-137,436,436.0,72,83.5,0,1,0,,False
4805,ORD-2026-04805,CLI-006,PROD-037,2026-08-19 02:39:00,Oruro,CAM-05,CHO-110,307,307.0,72,67.0,1,1,1,,False
4806,ORD-2026-04806,CLI-098,PROD-019,2026-08-18 17:18:00,Tarija,CAM-12,CHO-044,224,224.0,48,41.3,1,1,1,,False
4807,ORD-2026-04807,CLI-048,PROD-038,2026-08-15 09:30:00,Oruro,CAM-16,CHO-032,304,304.0,48,35.0,1,1,1,,False
4808,ORD-2026-04808,CLI-017,PROD-053,2026-08-14 20:54:00,La Paz,CAM-09,CHO-042,273,273.0,48,39.1,1,1,1,,False
4809,ORD-2026-04809,CLI-022,PROD-051,2026-08-20 13:01:00,Tarija,CAM-03,CHO-082,312,312.0,48,42.9,1,1,1,,False
4810,ORD-2026-04810,CLI-018,PROD-030,2026-08-24 02:26:00,Cochabamba,CAM-23,CHO-143,380,374.0,72,57.4,1,0,0,,False
4811,ORD-2026-04811,CLI-001,PROD-031,2026-08-29 20:26:00,Cochabamba,CAM-08,CHO-143,367,367.0,24,23.9,1,1,1,,False
4812,ORD-2026-04812,CLI-084,PROD-006,2026-08-08 16:09:00,Oruro,CAM-07,CHO-119,39,33.0,24,19.2,1,0,0,,False
4813,ORD-2026-04813,CLI-056,PROD-029,2026-08-23 08:10:00,Tarija,CAM-26,CHO-008,134,134.0,24,14.8,1,1,1,,False
4814,ORD-2026-04814,CLI-046,PROD-053,2026-08-09 06:52:00,Oruro,CAM-02,CHO-051,119,119.0,24,17.7,1,1,1,,False
4815,ORD-2026-04815,CLI-085,PROD-031,2026-08-10 17:17:00,Cochabamba,CAM-23,CHO-125,140,140.0,24,12.2,1,1,1,,False
4816,ORD-2026-04816,CLI-050,PROD-007,2026-08-28 20:57:00,Tarija,CAM-03,CHO-048,452,452.0,24,20.4,1,1,1,,False
4817,ORD-2026-04817,CLI-034,PROD-022,2026-08-29 04:47:00,Oruro,CAM-05,CHO-144,306,306.0,24,14.0,1,1,1,,False
4818,ORD-2026-04818,CLI-078,PROD-043,2026-08-11 20:31:00,Tarija,CAM-03,CHO-008,470,470.0,24,18.8,1,1,1,,False
4819,ORD-2026-04819,CLI-001,PROD-029,2026-08-08 06:09:00,Oruro,CAM-07,CHO-032,44,44.0,24,23.4,1,1,1,,False
4820,ORD-2026-04820,CLI-022,PROD-005,2026-08-02 12:57:00,La Paz,CAM-27,CHO-137,463,454.0,72,34.7,1,0,0,,False
4821,ORD-2026-04821,CLI-097,PROD-017,2026-08-10 00:09:00,Tarija,CAM-12,CHO-044,384,384.0,48,47.0,1,1,1,,False
4822,ORD-2026-04822,CLI-053,PROD-051,2026-08-29 20:19:00,Tarija,CAM-12,CHO-050,434,434.0,72,59.5,1,1,1,,False
4823,ORD-2026-04823,CLI-033,PROD-057,2026-08-15 05:51:00,La Paz,CAM-09,CHO-139,312,312.0,24,21.5,1,1,1,,False
4824,ORD-2026-04824,CLI-055,PROD-016,2026-08-02 08:30:00,Tarija,CAM-26,CHO-008,224,224.0,48,49.3,0,1,0,,False
4825,ORD-2026-04825,CLI-073,PROD-052,2026-08-22 10:34:00,Cochabamba,CAM-23,CHO-077,294,294.0,24,20.9,1,1,1,,False
4826,ORD-2026-04826,CLI-081,PROD-020,2026-08-23 05:37:00,Tarija,CAM-12,CHO-122,450,450.0,72,69.6,1,1,1,,False
4827,ORD-2026-04827,CLI-065,PROD-022,2026-08-06 10:14:00,La Paz,CAM-09,CHO-017,67,67.0,24,16.8,1,1,1,,False
4828,ORD-2026-04828,CLI-006,PROD-038,2026-08-23 05:41:00,Oruro,CAM-02,CHO-067,67,67.0,24,21.7,1,1,1,,False
4829,ORD-2026-04829,CLI-025,PROD-053,2026-08-15 07:16:00,Oruro,CAM-16,CHO-117,347,347.0,48,38.1,1,1,1,,False
4830,ORD-2026-04830,CLI-089,PROD-057,2026-08-07 07:36:00,Oruro,CAM-16,CHO-150,225,225.0,48,42.1,1,1,1,,False
4831,ORD-2026-04831,CLI-028,PROD-045,2026-08-28 21:37:00,Santa Cruz,CAM-13,CHO-046,20,20.0,48,38.6,1,1,1,,False
4832,ORD-2026-04832,CLI-089,PROD-041,2026-08-08 12:34:00,La Paz,CAM-27,CHO-005,11,11.0,48,36.3,1,1,1,,False
4833,ORD-2026-04833,CLI-062,PROD-054,2026-08-01 12:29:00,La Paz,CAM-15,CHO-137,254,254.0,48,39.8,1,1,1,,False
4834,ORD-2026-04834,CLI-048,PROD-005,2026-08-23 04:42:00,Cochabamba,CAM-19,CHO-111,496,496.0,48,35.9,1,1,1,,False
4835,ORD-2026-04835,CLI-021,PROD-017,2026-08-02 22:16:00,Cochabamba,CAM-22,CHO-094,298,298.0,48,43.0,1,1,1,,False
4836,ORD-2026-04836,CLI-025,PROD-029,2026-08-09 00:30:00,Cochabamba,CAM-17,CHO-014,69,69.0,24,18.5,1,1,1,,False
4837,ORD-2026-04837,CLI-076,PROD-005,2026-08-05 17:14:00,Santa Cruz,CAM-11,CHO-109,389,389.0,48,29.5,1,1,1,,False
4838,ORD-2026-04838,CLI-035,PROD-019,2026-08-28 16:00:00,Santa Cruz,CAM-14,CHO-080,120,120.0,24,16.1,1,1,1,,False
4839,ORD-2026-04839,CLI-074,PROD-019,2026-08-10 08:46:00,Cochabamba,CAM-22,CHO-065,194,194.0,24,16.4,1,1,1,,False
4840,ORD-2026-04840,CLI-017,PROD-003,2026-08-24 17:12:00,Tarija,CAM-03,CHO-045,405,405.0,72,59.7,1,1,1,,False
4841,ORD-2026-04841,CLI-097,PROD-034,2026-08-08 15:45:00,La Paz,CAM-30,CHO-107,179,179.0,48,40.8,1,1,1,,False
4842,ORD-2026-04842,CLI-068,PROD-021,2026-08-14 18:24:00,Santa Cruz,CAM-10,CHO-080,385,385.0,24,17.3,1,1,1,,False
4843,ORD-2026-04843,CLI-037,PROD-044,2026-08-17 23:11:00,Cochabamba,CAM-22,CHO-006,38,38.0,48,33.4,1,1,1,,False
4844,ORD-2026-04844,CLI-019,PROD-005,2026-08-22 00:49:00,Tarija,CAM-26,CHO-082,438,438.0,24,17.7,1,1,1,,False
4845,ORD-2026-04845,CLI-013,PROD-014,2026-08-06 20:51:00,La Paz,CAM-30,CHO-071,376,376.0,72,39.5,1,1,1,,False
4846,ORD-2026-04846,CLI-009,PROD-032,2026-08-11 19:39:00,Tarija,CAM-26,CHO-012,197,197.0,48,44.3,1,1,1,,False
4847,ORD-2026-04847,CLI-006,PROD-002,2026-08-23 15:20:00,Oruro,CAM-05,CHO-136,51,51.0,24,23.0,1,1,1,,False
4848,ORD-2026-04848,CLI-051,PROD-035,2026-08-02 00:56:00,La Paz,CAM-28,CHO-052,171,171.0,24,12.9,1,1,1,,False
4849,ORD-2026-04849,CLI-080,PROD-055,2026-08-11 22:47:00,Santa Cruz,CAM-18,CHO-128,343,,72,78.2,0,1,0,cantidad_entregada,True
4850,ORD-2026-04850,CLI-028,PROD-019,2026-08-25 02:53:00,Santa Cruz,CAM-13,CHO-018,493,493.0,72,81.8,0,1,0,,False
4851,ORD-2026-04851,CLI-053,PROD-025,2026-08-12 12:43:00,La Paz,CAM-09,CHO-052,348,334.0,24,12.7,1,0,0,,False
4852,ORD-2026-04852,CLI-065,PROD-023,2026-08-24 07:45:00,Santa Cruz,CAM-14,CHO-024,23,23.0,48,26.8,1,1,1,,False
4853,ORD-2026-04853,CLI-097,PROD-038,2026-08-11 15:07:00,Tarija,CAM-26,CHO-088,496,496.0,24,14.4,1,1,1,,False
4854,ORD-2026-04854,CLI-087,PROD-021,2026-08-21 16:49:00,Tarija,CAM-26,CHO-050,65,65.0,48,32.5,1,1,1,,False
4855,ORD-2026-04855,CLI-029,PROD-016,2026-08-09 12:28:00,La Paz,CAM-28,CHO-126,435,419.0,48,39.4,1,0,0,,False
4856,ORD-2026-04856,CLI-096,PROD-049,2026-08-13 03:16:00,Oruro,CAM-05,CHO-110,369,369.0,48,45.8,1,1,1,,False
4857,ORD-2026-04857,CLI-061,PROD-043,2026-08-26 05:33:00,Oruro,CAM-05,CHO-003,162,162.0,72,51.8,1,1,1,,False
4858,ORD-2026-04858,CLI-073,PROD-019,2026-08-04 11:05:00,La Paz,CAM-09,CHO-084,196,196.0,48,41.8,1,1,1,,False
4859,ORD-2026-04859,CLI-025,PROD-043,2026-08-11 15:29:00,Santa Cruz,CAM-04,CHO-121,348,348.0,48,41.3,1,1,1,,False
4860,ORD-2026-04860,CLI-006,PROD-004,2026-08-10 10:02:00,La Paz,CAM-28,CHO-102,28,28.0,72,47.5,1,1,1,,False
4861,ORD-2026-04861,CLI-003,PROD-006,2026-08-30 10:44:00,Oruro,CAM-07,CHO-118,393,393.0,72,69.5,1,1,1,,False
4862,ORD-2026-04862,CLI-048,PROD-054,2026-08-18 15:01:00,Oruro,CAM-07,CHO-032,296,296.0,72,53.3,1,1,1,,False
4863,ORD-2026-04863,CLI-033,PROD-049,2026-08-07 01:04:00,Santa Cruz,CAM-13,CHO-120,397,397.0,72,34.9,1,1,1,,False
4864,ORD-2026-04864,CLI-084,PROD-015,2026-08-14 09:26:00,Santa Cruz,CAM-13,CHO-024,183,183.0,24,17.2,1,1,1,,False
4865,ORD-2026-04865,CLI-054,PROD-008,2026-08-10 20:49:00,Oruro,CAM-05,CHO-022,168,168.0,48,43.3,1,1,1,,False
4866,ORD-2026-04866,CLI-007,PROD-023,2026-08-02 16:00:00,Tarija,CAM-03,CHO-056,45,45.0,24,16.9,1,1,1,,False
4867,ORD-2026-04867,CLI-037,PROD-013,2026-08-07 06:23:00,La Paz,CAM-09,CHO-091,19,19.0,72,69.9,1,1,1,,False
4868,ORD-2026-04868,CLI-029,PROD-034,2026-08-28 11:28:00,Cochabamba,CAM-23,CHO-068,304,304.0,48,45.0,1,1,1,,False
4869,ORD-2026-04869,CLI-009,PROD-039,2026-08-17 05:51:00,La Paz,CAM-27,CHO-084,61,61.0,48,33.6,1,1,1,,False
4870,ORD-2026-04870,CLI-055,PROD-012,2026-08-12 00:43:00,Tarija,CAM-03,CHO-132,301,301.0,24,14.9,1,1,1,,False
4871,ORD-2026-04871,CLI-049,PROD-027,2026-08-15 03:02:00,La Paz,CAM-09,CHO-021,297,297.0,48,32.1,1,1,1,,False
4872,ORD-2026-04872,CLI-069,PROD-020,2026-08-16 16:24:00,Oruro,CAM-05,CHO-136,307,307.0,48,41.8,1,1,1,,False
4873,ORD-2026-04873,CLI-094,PROD-017,2026-08-21 21:17:00,Santa Cruz,CAM-14,CHO-128,312,297.0,72,68.5,1,0,0,,False
4874,ORD-2026-04874,CLI-052,PROD-004,2026-08-11 09:47:00,Cochabamba,CAM-19,CHO-073,467,467.0,48,38.3,1,1,1,,False
4875,ORD-2026-04875,CLI-012,PROD-040,2026-08-11 11:18:00,La Paz,CAM-28,CHO-042,355,355.0,24,18.2,1,1,1,,False
4876,ORD-2026-04876,CLI-032,PROD-012,2026-08-14 15:28:00,Santa Cruz,CAM-13,CHO-029,332,332.0,48,20.9,1,1,1,,False
4877,ORD-2026-04877,CLI-049,PROD-010,2026-08-29 11:27:00,Cochabamba,CAM-08,CHO-041,312,,24,19.3,1,1,1,cantidad_entregada,True
4878,ORD-2026-04878,CLI-078,PROD-015,2026-08-10 16:00:00,Cochabamba,CAM-23,CHO-112,255,255.0,48,30.9,1,1,1,,False
4879,ORD-2026-04879,CLI-082,PROD-007,2026-08-14 14:49:00,Oruro,CAM-16,CHO-136,327,327.0,72,36.3,1,1,1,,False
4880,ORD-2026-04880,CLI-080,PROD-003,2026-08-17 20:21:00,Oruro,CAM-05,CHO-117,165,,24,18.7,1,1,1,cantidad_entregada,True
4881,ORD-2026-04881,CLI-069,PROD-054,2026-08-12 08:52:00,Cochabamba,CAM-01,CHO-019,190,190.0,24,12.3,1,1,1,,False
4882,ORD-2026-04882,CLI-085,PROD-006,2026-08-13 21:47:00,Santa Cruz,CAM-13,CHO-100,205,205.0,24,19.9,1,1,1,,False
4883,ORD-2026-04883,CLI-037,PROD-006,2026-08-27 22:33:00,Cochabamba,CAM-23,CHO-151,268,268.0,24,21.6,1,1,1,,False
4884,ORD-2026-04884,CLI-095,PROD-048,2026-08-15 15:10:00,Oruro,CAM-02,CHO-003,129,129.0,48,38.0,1,1,1,,False
4885,ORD-2026-04885,CLI-023,PROD-050,2026-08-05 20:32:00,Tarija,CAM-03,CHO-026,cincuenta,320.0,48,32.8,1,1,1,cantidad_solicitada,True
4886,ORD-2026-04886,CLI-093,PROD-054,2026-08-08 08:17:00,Santa Cruz,CAM-21,CHO-123,80,,48,33.3,1,1,1,cantidad_entregada,True
4887,ORD-2026-04887,CLI-002,PROD-058,2026-08-20 23:01:00,Cochabamba,CAM-01,CHO-111,181,181.0,72,50.4,1,1,1,,False
4888,ORD-2026-04888,CLI-070,PROD-055,2026-08-08 22:35:00,Tarija,CAM-12,CHO-088,417,417.0,24,20.0,1,1,1,,False
4889,ORD-2026-04889,CLI-059,PROD-059,2026-08-25 00:58:00,La Paz,CAM-09,CHO-021,340,340.0,24,23.7,1,1,1,,False
4890,ORD-2026-04890,CLI-056,PROD-047,2026-08-29 10:12:00,La Paz,CAM-28,CHO-127,328,328.0,72,56.1,1,1,1,,False
4891,ORD-2026-04891,CLI-096,PROD-002,2026-08-21 11:54:00,Tarija,CAM-03,CHO-008,384,384.0,48,32.6,1,1,1,,False
4892,ORD-2026-04892,CLI-035,PROD-007,2026-08-13 21:48:00,Santa Cruz,CAM-25,CHO-020,24,24.0,72,75.9,0,1,0,,False
4893,ORD-2026-04893,CLI-091,PROD-044,2026-08-02 14:50:00,Oruro,CAM-02,CHO-136,300,300.0,72,68.0,1,1,1,,False
4894,ORD-2026-04894,CLI-064,PROD-055,2026-08-09 01:13:00,Oruro,CAM-16,CHO-098,342,342.0,72,53.4,1,1,1,,False
4895,ORD-2026-04895,CLI-030,PROD-033,2026-08-04 19:47:00,Santa Cruz,CAM-25,CHO-062,220,220.0,24,21.8,1,1,1,,False
4896,ORD-2026-04896,CLI-003,PROD-030,2026-08-27 18:13:00,Santa Cruz,CAM-10,CHO-080,334,334.0,24,28.3,0,1,0,,False
4897,ORD-2026-04897,CLI-073,PROD-054,2026-08-28 08:02:00,Santa Cruz,CAM-21,CHO-104,259,259.0,72,59.8,1,1,1,,False
4898,ORD-2026-04898,CLI-030,PROD-017,2026-08-23 05:11:00,Santa Cruz,CAM-20,CHO-095,397,397.0,24,21.9,1,1,1,,False
4899,ORD-2026-04899,CLI-010,PROD-021,2026-08-17 00:40:00,Cochabamba,CAM-17,CHO-058,337,337.0,72,63.4,1,1,1,,False
4900,ORD-2026-04900,CLI-002,PROD-015,2026-08-17 00:09:00,Santa Cruz,CAM-14,CHO-141,450,450.0,48,42.0,1,1,1,,False
4901,ORD-2026-04901,CLI-080,PROD-016,2026-08-16 10:00:00,La Paz,CAM-15,CHO-005,194,194.0,24,20.6,1,1,1,,False
4902,ORD-2026-04902,CLI-043,PROD-029,2026-08-28 14:39:00,Oruro,CAM-16,CHO-022,334,334.0,48,42.5,1,1,1,,False
4903,ORD-2026-04903,CLI-063,PROD-057,2026-08-30 06:41:00,La Paz,CAM-15,CHO-023,434,434.0,48,36.9,1,1,1,,False
4904,ORD-2026-04904,CLI-026,PROD-054,2026-08-19 23:49:00,Cochabamba,CAM-23,CHO-016,92,92.0,72,38.7,1,1,1,,False
4905,ORD-2026-04905,CLI-094,PROD-039,2026-08-28 09:03:00,Cochabamba,CAM-23,CHO-094,295,295.0,48,18.6,1,1,1,,False
4906,ORD-2026-04906,CLI-016,PROD-016,2026-08-23 03:13:00,Santa Cruz,CAM-21,CHO-035,279,279.0,24,17.8,1,1,1,,False
4907,ORD-2026-04907,CLI-051,PROD-040,2026-08-11 14:36:00,Santa Cruz,CAM-14,CHO-149,86,86.0,72,65.9,1,1,1,,False
4908,ORD-2026-04908,CLI-079,PROD-005,2026-08-29 23:34:00,Cochabamba,CAM-23,CHO-041,197,197.0,24,21.1,1,1,1,,False
4909,ORD-2026-04909,CLI-074,PROD-026,2026-08-05 04:52:00,Cochabamba,CAM-17,CHO-014,207,207.0,48,44.9,1,1,1,,False
4910,ORD-2026-04910,CLI-025,PROD-028,2026-08-05 09:43:00,Santa Cruz,CAM-21,CHO-100,146,146.0,72,54.3,1,1,1,,False
4911,ORD-2026-04911,CLI-024,PROD-042,2026-08-08 16:04:00,Cochabamba,CAM-08,CHO-086,22,22.0,24,21.0,1,1,1,,False
4912,ORD-2026-04912,CLI-068,PROD-051,2026-08-22 16:03:00,La Paz,CAM-28,CHO-083,492,492.0,48,31.1,1,1,1,,False
4913,ORD-2026-04913,CLI-083,PROD-003,2026-08-29 11:48:00,La Paz,CAM-28,CHO-134,204,204.0,24,21.8,1,1,1,,False
4914,ORD-2026-04914,CLI-053,PROD-007,2026-08-18 17:50:00,Santa Cruz,CAM-25,CHO-020,165,165.0,72,67.3,1,1,1,,False
4915,ORD-2026-04915,CLI-031,PROD-047,2026-08-03 19:15:00,Tarija,CAM-26,CHO-105,393,393.0,48,38.2,1,1,1,,False
4916,ORD-2026-04916,CLI-085,PROD-008,2026-08-05 10:38:00,Oruro,CAM-05,CHO-022,116,116.0,48,39.5,1,1,1,,False
4917,ORD-2026-04917,CLI-091,PROD-035,2026-08-16 15:27:00,La Paz,CAM-09,CHO-134,36,36.0,72,51.4,1,1,1,,False
4918,ORD-2026-04918,CLI-031,PROD-024,2026-08-13 14:04:00,La Paz,CAM-30,CHO-002,269,269.0,24,27.4,0,1,0,,False
4919,ORD-2026-04919,CLI-049,PROD-036,2026-08-14 19:59:00,Santa Cruz,CAM-20,CHO-114,338,338.0,48,38.3,1,1,1,,False
4920,ORD-2026-04920,CLI-040,PROD-018,2026-08-23 03:49:00,Tarija,CAM-26,CHO-026,418,418.0,72,65.0,1,1,1,,False
4921,ORD-2026-04921,CLI-077,PROD-004,2026-08-13 18:35:00,Santa Cruz,CAM-04,CHO-035,238,238.0,48,28.1,1,1,1,,False
4922,ORD-2026-04922,CLI-034,PROD-001,2026-08-28 20:39:00,La Paz,CAM-28,CHO-005,411,411.0,24,22.1,1,1,1,,False
4923,ORD-2026-04923,CLI-032,PROD-032,2026-08-03 06:44:00,Cochabamba,CAM-08,CHO-140,35,35.0,48,48.1,0,1,0,,False
4924,ORD-2026-04924,CLI-004,PROD-002,2026-08-06 13:08:00,Cochabamba,CAM-08,CHO-130,280,280.0,72,70.4,1,1,1,,False
4925,ORD-2026-04925,CLI-061,PROD-008,2026-08-18 09:45:00,Santa Cruz,CAM-13,CHO-092,242,242.0,24,22.5,1,1,1,,False
4926,ORD-2026-04926,CLI-049,PROD-057,2026-08-16 05:19:00,Oruro,CAM-07,CHO-038,277,277.0,48,41.4,1,1,1,,False
4927,ORD-2026-04927,CLI-082,PROD-036,2026-08-20 13:05:00,Oruro,CAM-05,CHO-118,34,34.0,72,63.2,1,1,1,,False
4928,ORD-2026-04928,CLI-027,PROD-041,2026-08-10 14:49:00,La Paz,CAM-15,CHO-139,420,420.0,24,20.4,1,1,1,,False
4929,ORD-2026-04929,CLI-015,PROD-054,2026-08-18 00:10:00,Oruro,CAM-24,CHO-117,61,61.0,72,72.2,0,1,0,,False
4930,ORD-2026-04930,CLI-069,PROD-026,2026-08-06 20:54:00,Cochabamba,CAM-17,CHO-116,61,61.0,48,39.6,1,1,1,,False
4931,ORD-2026-04931,CLI-069,PROD-004,2026-08-13 19:58:00,Oruro,CAM-02,CHO-067,492,492.0,24,17.0,1,1,1,,False
4932,ORD-2026-04932,CLI-004,PROD-040,2026-08-15 11:14:00,Cochabamba,CAM-01,CHO-033,352,352.0,72,67.0,1,1,1,,False
4933,ORD-2026-04933,CLI-001,PROD-009,2026-08-04 13:54:00,Tarija,CAM-12,CHO-132,409,409.0,48,49.6,0,1,0,,False
4934,ORD-2026-04934,CLI-091,PROD-036,2026-08-05 11:42:00,Santa Cruz,CAM-11,CHO-078,180,180.0,48,33.4,1,1,1,,False
4935,ORD-2026-04935,CLI-025,PROD-012,2026-08-18 12:17:00,La Paz,CAM-28,CHO-102,481,481.0,48,27.8,1,1,1,,False
4936,ORD-2026-04936,CLI-036,PROD-029,2026-08-24 19:30:00,Cochabamba,CAM-01,CHO-054,106,106.0,48,40.0,1,1,1,,False
4937,ORD-2026-04937,CLI-004,PROD-033,2026-08-19 08:15:00,Oruro,CAM-24,CHO-051,227,227.0,24,21.1,1,1,1,,False
4938,ORD-2026-04938,CLI-055,PROD-011,2026-08-24 21:30:00,Cochabamba,CAM-08,CHO-069,402,402.0,24,20.3,1,1,1,,False
4939,ORD-2026-04939,CLI-097,PROD-030,2026-08-13 04:38:00,Cochabamba,CAM-08,CHO-112,305,305.0,24,19.1,1,1,1,,False
4940,ORD-2026-04940,CLI-045,PROD-041,2026-08-14 08:13:00,Tarija,CAM-26,CHO-048,79,79.0,48,27.3,1,1,1,,False
4941,ORD-2026-04941,CLI-069,PROD-042,2026-08-12 15:26:00,La Paz,CAM-30,CHO-023,400,400.0,48,39.1,1,1,1,,False
4942,ORD-2026-04942,CLI-025,PROD-046,2026-08-04 12:16:00,Oruro,CAM-24,CHO-098,13,13.0,48,40.8,1,1,1,,False
4943,ORD-2026-04943,CLI-010,PROD-030,2026-08-17 10:01:00,Cochabamba,CAM-17,CHO-140,465,465.0,72,49.7,1,1,1,,False
4944,ORD-2026-04944,CLI-018,PROD-008,2026-08-20 14:46:00,Santa Cruz,CAM-20,CHO-095,301,301.0,24,19.8,1,1,1,,False
4945,ORD-2026-04945,CLI-036,PROD-008,2026-08-02 10:12:00,Santa Cruz,CAM-20,CHO-109,249,249.0,48,47.5,1,1,1,,False
4946,ORD-2026-04946,CLI-083,PROD-047,2026-08-27 14:26:00,Oruro,CAM-16,CHO-117,427,427.0,24,21.3,1,1,1,,False
4947,ORD-2026-04947,CLI-032,PROD-017,2026-08-11 15:17:00,Oruro,CAM-05,CHO-038,413,413.0,24,20.0,1,1,1,,False
4948,ORD-2026-04948,CLI-043,PROD-007,2026-08-07 05:02:00,Tarija,CAM-12,CHO-050,343,343.0,24,12.7,1,1,1,,False
4949,ORD-2026-04949,CLI-089,PROD-037,2026-08-08 12:23:00,Cochabamba,CAM-08,CHO-089,350,350.0,72,39.1,1,1,1,,False
4950,ORD-2026-04950,CLI-096,PROD-054,2026-08-21 10:08:00,Santa Cruz,CAM-21,CHO-123,309,309.0,72,58.3,1,1,1,,False
4951,ORD-2026-04951,CLI-052,PROD-052,2026-08-07 07:10:00,Tarija,CAM-12,CHO-026,148,148.0,48,52.2,0,1,0,,False
4952,ORD-2026-04952,CLI-039,PROD-006,2026-08-04 21:57:00,Santa Cruz,CAM-10,CHO-100,439,439.0,72,59.4,1,1,1,,False
4953,ORD-2026-04953,CLI-018,PROD-052,2026-08-12 03:09:00,Tarija,CAM-12,CHO-031,428,428.0,48,35.4,1,1,1,,False
4954,ORD-2026-04954,CLI-002, prod-031 ,2026-08-12 08:03:00,Santa Cruz,CAM-20,CHO-114,222,222.0,24,18.0,1,1,1,producto_id,True
4955,ORD-2026-04955,CLI-046,PROD-011,2026-08-17 14:33:00,Santa Cruz,CAM-14,CHO-011,336,336.0,48,47.7,1,1,1,,False
4956,ORD-2026-04956,CLI-014,PROD-032,2026-08-08 01:17:00,Santa Cruz,CAM-18,CHO-018,356,356.0,72,75.9,0,1,0,,False
4957,ORD-2026-04957,CLI-067,PROD-024,2026-08-09 18:36:00,Oruro,CAM-05,CHO-136,485,485.0,72,72.5,0,1,0,,False
4958,ORD-2026-04958,CLI-080,PROD-024,2026-08-28 03:53:00,Cochabamba,CAM-19,CHO-054,242,242.0,72,62.1,1,1,1,,False
4959,ORD-2026-04959,CLI-096,PROD-038,2026-08-18 19:37:00,Oruro,CAM-24,CHO-098,371,371.0,24,15.4,1,1,1,,False
4960,ORD-2026-04960,CLI-035,PROD-050,2026-08-26 11:55:00,Cochabamba,CAM-19,CHO-124,139,139.0,24,23.4,1,1,1,,False
4961,ORD-2026-04961,CLI-015,PROD-006,2026-08-18 16:37:00,Santa Cruz,CAM-04,CHO-142,270,270.0,48,39.1,1,1,1,,False
4962,ORD-2026-04962,CLI-011,PROD-031,2026-08-19 15:10:00,Cochabamba,CAM-01,CHO-089,254,254.0,48,34.2,1,1,1,,False
4963,ORD-2026-04963,CLI-069,PROD-039,2026-08-25 16:28:00,La Paz,CAM-15,CHO-137,19,19.0,24,16.1,1,1,1,,False
4964,ORD-2026-04964,CLI-100,PROD-019,2026-08-02 14:54:00,Tarija,CAM-03,CHO-048,448,437.0,48,34.8,1,0,0,,False
4965,ORD-2026-04965,CLI-061,PROD-022,2026-08-01 06:29:00,Oruro,CAM-05,CHO-038,17,17.0,24,17.6,1,1,1,,False
4966,ORD-2026-04966,CLI-063,PROD-014,2026-08-02 16:47:00,Santa Cruz,CAM-18,CHO-004,498,491.0,48,46.5,1,0,0,,False
4967,ORD-2026-04967,CLI-026,PROD-032,2026-08-01 06:24:00,Cochabamba,CAM-22,CHO-068,cincuenta,11.0,24,15.2,1,1,1,cantidad_solicitada,True
4968,ORD-2026-04968,CLI-096,PROD-045,2026-08-05 06:49:00,Cochabamba,CAM-17,CHO-111,374,374.0,24,19.8,1,1,1,,False
4969,ORD-2026-04969,CLI-090,PROD-033,2026-08-07 11:04:00,Santa Cruz,CAM-14,CHO-013,45,45.0,72,50.8,1,1,1,,False
4970,ORD-2026-04970,CLI-020,PROD-030,2026-08-16 01:56:00,Santa Cruz,CAM-13,CHO-085,422,422.0,48,25.2,1,1,1,,False
4971,ORD-2026-04971,CLI-035,PROD-038,2026-08-16 07:34:00,Oruro,CAM-24,CHO-117,458,458.0,48,35.2,1,1,1,,False
4972,ORD-2026-04972,CLI-065,PROD-009,2026-08-19 21:48:00,Tarija,CAM-12,CHO-146,141,141.0,48,30.6,1,1,1,,False
4973,ORD-2026-04973,CLI-020,PROD-018,2026-08-26 21:09:00,Santa Cruz,CAM-04,CHO-030,249,249.0,48,39.7,1,1,1,,False
4974,ORD-2026-04974,CLI-059,PROD-043,2026-08-05 22:55:00,Tarija,CAM-03,CHO-031,421,421.0,72,61.1,1,1,1,,False
4975,ORD-2026-04975,CLI-099,PROD-022,2026-08-04 12:45:00,Santa Cruz,CAM-20,CHO-034,393,393.0,72,36.0,1,1,1,,False
4976,ORD-2026-04976,CLI-086,PROD-025,2026-08-25 23:12:00,Oruro,CAM-07,CHO-067,180,180.0,24,21.9,1,1,1,,False
4977,ORD-2026-04977,CLI-019,PROD-011,2026-08-20 15:02:00,Oruro,CAM-05,CHO-118,68,68.0,24,25.3,0,1,0,,False
4978,ORD-2026-04978,CLI-020,PROD-019,2026-08-06 04:41:00,La Paz,CAM-09,CHO-023,25,25.0,48,27.3,1,1,1,,False
4979,ORD-2026-04979,CLI-017,PROD-031,2026-08-06 12:55:00,Tarija,CAM-03,CHO-008,268,268.0,48,35.8,1,1,1,,False
4980,ORD-2026-04980,CLI-071,PROD-015,2026-08-17 23:20:00,Cochabamba,CAM-22,CHO-143,190,190.0,72,56.3,1,1,1,,False
4981,ORD-2026-04981,CLI-080,PROD-041,2026-08-21 20:08:00,Cochabamba,CAM-17,CHO-094,149,149.0,48,35.2,1,1,1,,False
4982,ORD-2026-04982,CLI-063,PROD-001,2026-08-21 12:25:00,Santa Cruz,CAM-20,CHO-149,223,223.0,72,80.7,0,1,0,,False
4983,ORD-2026-04983,CLI-016,PROD-024,2026-08-24 06:52:00,La Paz,CAM-09,CHO-039,398,398.0,48,42.8,1,1,1,,False
4984,ORD-2026-04984,CLI-035,PROD-048,2026-08-05 04:50:00,Santa Cruz,CAM-18,CHO-037,208,195.0,24,18.6,1,0,0,,False
4985,ORD-2026-04985,CLI-004,PROD-055,2026-08-06 08:54:00,La Paz,CAM-27,CHO-134,350,350.0,24,23.0,1,1,1,,False
4986,ORD-2026-04986,CLI-010,PROD-034,2026-08-06 06:46:00,Oruro,CAM-02,CHO-051,130,130.0,48,45.8,1,1,1,,False
4987,ORD-2026-04987,CLI-022,PROD-023,2026-08-07 23:08:00,Oruro,CAM-05,CHO-117,20,20.0,72,62.1,1,1,1,,False
4988,ORD-2026-04988,CLI-080,PROD-009,2026-08-30 15:14:00,Cochabamba,CAM-22,CHO-077,499,499.0,48,52.6,0,1,0,,False
4989,ORD-2026-04989,CLI-048,PROD-019,2026-08-24 02:59:00,Oruro,CAM-05,CHO-032,471,471.0,48,33.0,1,1,1,,False
4990,ORD-2026-04990,CLI-003,PROD-016,2026-08-13 19:03:00,La Paz,CAM-15,CHO-023,46,46.0,24,18.5,1,1,1,,False
4991,ORD-2026-04991,CLI-081,PROD-032,2026-08-07 06:26:00,Tarija,CAM-03,CHO-082,447,447.0,24,19.7,1,1,1,,False
4992,ORD-2026-04992,CLI-006,PROD-011,2026-08-09 14:35:00,Santa Cruz,CAM-14,CHO-104,352,352.0,48,46.8,1,1,1,,False
4993,ORD-2026-04993,CLI-048,PROD-051,2026-08-20 17:29:00,Oruro,CAM-05,CHO-117,449,449.0,24,19.9,1,1,1,,False
4994,ORD-2026-04994,CLI-058,PROD-008,2026-08-11 14:41:00,Tarija,CAM-12,CHO-056,22,22.0,24,14.8,1,1,1,,False
4995,ORD-2026-04995,CLI-098,PROD-040,2026-08-26 21:26:00,La Paz,CAM-09,CHO-148,325,325.0,72,51.9,1,1,1,,False
4996,ORD-2026-04996,CLI-013,PROD-054,2026-08-19 17:12:00,Cochabamba,CAM-23,CHO-111,400,400.0,48,47.5,1,1,1,,False
4997,ORD-2026-04997,CLI-031,PROD-014,2026-08-28 23:34:00,La Paz,CAM-30,CHO-066,278,278.0,48,47.3,1,1,1,,False
4998,ORD-2026-04998,CLI-047,PROD-018,2026-08-18 11:39:00,Tarija,CAM-12,CHO-036,129,129.0,72,46.1,1,1,1,,False
4999,ORD-2026-04999,CLI-039,PROD-013,2026-08-26 18:00:00,Cochabamba,CAM-23,CHO-073,142,142.0,72,55.7,1,1,1,,False
5000,ORD-2026-05000,CLI-063,PROD-059,2026-08-03 05:02:00,Santa Cruz,CAM-14,CHO-142,10,10.0,48,35.4,1,1,1,,False
5001,ORD-2026-05001,CLI-068,PROD-020,2026-08-09 07:08:00,Cochabamba,CAM-22,CHO-069,489,489.0,48,44.1,1,1,1,,False
5002,ORD-2026-05002,CLI-035,PROD-003,2026-08-29 08:12:00,Oruro,CAM-05,CHO-150,122,105.0,48,36.6,1,0,0,,False
5003,ORD-2026-05003,CLI-056,PROD-020,2026-08-26 11:20:00,Santa Cruz,CAM-14,CHO-109,74,74.0,24,19.7,1,1,1,,False
5004, ord-2026-05004 ,CLI-029,PROD-050,2026-08-22 19:24:00,Cochabamba,CAM-22,CHO-124,234,234.0,72,68.1,1,1,1,order_id,True
5005,ORD-2026-05005,CLI-032,PROD-037,2026-08-19 03:38:00,Santa Cruz,CAM-13,CHO-076,194,194.0,48,40.7,1,1,1,,False
5006,ORD-2026-05006,CLI-024,PROD-032,2026-08-16 11:34:00,La Paz,CAM-28,CHO-127,244,244.0,24,16.2,1,1,1,,False
5007,ORD-2026-05007,CLI-062,PROD-034,2026-08-24 08:26:00,La Paz,CAM-15,CHO-091,233,233.0,48,28.6,1,1,1,,False
5008,ORD-2026-05008,CLI-067,PROD-019,2026-08-11 01:52:00,La Paz,CAM-28,CHO-134,135,135.0,72,68.7,1,1,1,,False
5009,ORD-2026-05009,CLI-061,PROD-045,2026-08-04 19:14:00,La Paz,CAM-27,CHO-064,384,384.0,72,66.6,1,1,1,,False
5010,ORD-2026-05010,CLI-064,PROD-044,2026-08-08 15:48:00,Tarija,CAM-26,CHO-056,359,356.0,48,32.4,1,0,0,,False
5011,ORD-2026-05011,CLI-043,PROD-007,2026-08-02 08:15:00,Santa Cruz,CAM-14,CHO-060,138,138.0,72,50.7,1,1,1,,False
5012,ORD-2026-05012, cli-002 ,PROD-052,2026-08-26 09:15:00,Oruro,CAM-05,CHO-032,208,208.0,48,51.2,0,1,0,cliente_id,True
5013,ORD-2026-05013,CLI-088,PROD-052,2026-08-14 01:49:00,Cochabamba,CAM-08,CHO-087,35,35.0,48,35.3,1,1,1,,False
5014,ORD-2026-05014,CLI-091,PROD-052,2026-08-14 01:43:00,Tarija,CAM-03,CHO-056,291,291.0,48,46.3,1,1,1,,False
5015,ORD-2026-05015,CLI-009,PROD-012,2026-08-07 18:33:00,Cochabamba,CAM-23,CHO-054,101,101.0,24,16.8,1,1,1,,False
5016,ORD-2026-05016,CLI-099,PROD-042,2026-08-23 23:19:00,Santa Cruz,CAM-10,CHO-046,451,451.0,48,28.8,1,1,1,,False
5017,ORD-2026-05017,CLI-100,PROD-045,2026-08-10 02:50:00,Santa Cruz,CAM-13,CHO-037,279,279.0,72,59.6,1,1,1,,False
5018,ORD-2026-05018,CLI-071,PROD-022,2026-08-24 19:14:00,Cochabamba,CAM-08,CHO-151,491,491.0,72,42.0,1,1,1,,False
5019,ORD-2026-05019,CLI-078,PROD-055,2026-08-01 14:36:00,Cochabamba,CAM-23,CHO-143,148,148.0,72,57.8,1,1,1,,False
5020,ORD-2026-05020,CLI-057,PROD-043,2026-08-03 18:14:00,Oruro,CAM-07,CHO-119,149,149.0,48,40.7,1,1,1,,False
5021,ORD-2026-05021,CLI-010,PROD-025,2026-08-25 07:49:00,Santa Cruz,CAM-13,CHO-101,17,3.0,72,52.2,1,0,0,,False
5022,ORD-2026-05022,CLI-067,PROD-053,2026-08-29 07:10:00,Oruro,CAM-05,CHO-119,277,277.0,24,19.2,1,1,1,,False
5023,ORD-2026-05023,CLI-062,PROD-060,2026-08-20 23:32:00,Oruro,CAM-05,CHO-110,251,251.0,24,23.2,1,1,1,,False
5024,ORD-2026-05024,CLI-084,PROD-053,2026-08-12 12:41:00,Cochabamba,CAM-19,CHO-135,243,243.0,24,22.8,1,1,1,,False
5025,ORD-2026-05025,CLI-007,PROD-030,2026-08-01 00:07:00,La Paz,CAM-30,CHO-017,299,299.0,24,17.6,1,1,1,,False
5026,ORD-2026-05026,CLI-072,PROD-013,2026-08-07 22:59:00,La Paz,CAM-09,CHO-002,162,,24,13.2,1,1,1,cantidad_entregada,True
5027,ORD-2026-05027,CLI-034,PROD-046,2026-08-03 17:58:00,Santa Cruz,CAM-06,CHO-100,90,90.0,72,65.9,1,1,1,,False
5028,ORD-2026-05028,CLI-018,PROD-018,2026-08-06 07:07:00,Cochabamba,CAM-17,CHO-145,48,48.0,72,63.3,1,1,1,,False
5029,ORD-2026-05029,CLI-077,PROD-053,2026-08-29 17:03:00,La Paz,CAM-30,CHO-083,455,455.0,72,82.5,0,1,0,,False
5030,ORD-2026-05030,CLI-085,PROD-045,2026-08-24 07:57:00,La Paz,CAM-15,CHO-134,122,122.0,48,29.4,1,1,1,,False
5031, ord-2026-05031 ,CLI-006,PROD-004,2026-08-20 15:48:00,Tarija,CAM-03,CHO-048,171,171.0,24,21.3,1,1,1,order_id,True
5032,ORD-2026-05032,CLI-060,PROD-045,2026-08-09 00:11:00,Santa Cruz,CAM-04,CHO-081,106,106.0,48,28.6,1,1,1,,False
5033,ORD-2026-05033,CLI-074,PROD-034,2026-08-30 05:59:00,La Paz,CAM-15,CHO-064,319,319.0,48,46.5,1,1,1,,False
5034,ORD-2026-05034,CLI-090,PROD-031,2026-08-27 22:52:00,La Paz,CAM-09,CHO-040,180,180.0,72,58.4,1,1,1,,False
5035,ORD-2026-05035,CLI-060,PROD-045,2026-08-19 20:56:00,Tarija,CAM-12,CHO-043,49,49.0,72,61.4,1,1,1,,False
5036,ORD-2026-05036,CLI-095,PROD-017,2026-08-14 18:46:00,Oruro,CAM-05,CHO-136,250,250.0,24,26.4,0,1,0,,False
5037,ORD-2026-05037,CLI-053,PROD-014,2026-08-03 22:51:00,Tarija,CAM-12,CHO-048,337,337.0,48,37.9,1,1,1,,False
5038,ORD-2026-05038,CLI-088,PROD-012,2026-08-13 03:40:00,La Paz,CAM-28,CHO-066,19,19.0,48,36.5,1,1,1,,False
5039,ORD-2026-05039,CLI-033,PROD-059,2026-08-17 09:22:00,La Paz,CAM-28,CHO-071,477,477.0,48,37.4,1,1,1,,False
5040,ORD-2026-05040,CLI-077,PROD-039,2026-08-14 22:32:00,Santa Cruz,CAM-11,CHO-018,37,37.0,72,65.2,1,1,1,,False
5041,ORD-2026-05041,CLI-002,PROD-011,2026-08-22 05:10:00,Oruro,CAM-05,CHO-067,129,129.0,24,18.2,1,1,1,,False
5042,ORD-2026-05042,CLI-033,PROD-043,2026-08-09 08:35:00,Santa Cruz,CAM-14,CHO-114,345,345.0,48,35.2,1,1,1,,False
5043,ORD-2026-05043,CLI-084,PROD-043,2026-08-01 08:58:00,Cochabamba,CAM-01,CHO-138,234,234.0,48,38.4,1,1,1,,False
5044,ORD-2026-05044,CLI-085,PROD-031,2026-08-12 01:42:00,Oruro,CAM-05,CHO-051,38,38.0,24,22.2,1,1,1,,False
5045,ORD-2026-05045,CLI-002,PROD-034,2026-08-07 03:47:00,Oruro,CAM-24,CHO-032,165,165.0,48,36.9,1,1,1,,False
5046,ORD-2026-05046,CLI-086,PROD-059,2026-08-13 21:28:00,Cochabamba,CAM-01,CHO-054,278,278.0,48,40.9,1,1,1,,False
5047,ORD-2026-05047,CLI-089,PROD-010,2026-08-03 05:32:00,La Paz,CAM-28,CHO-134,138,138.0,48,44.0,1,1,1,,False
5048,ORD-2026-05048,CLI-021,PROD-022,2026-08-24 09:03:00,La Paz,CAM-09,CHO-049,259,259.0,48,42.5,1,1,1,,False
5049,ORD-2026-05049,CLI-052,PROD-056,2026-08-15 01:51:00,La Paz,CAM-09,CHO-005,368,368.0,48,40.4,1,1,1,,False
5050,ORD-2026-05050,CLI-023,PROD-049,2026-08-08 11:16:00,Oruro,CAM-05,CHO-119,144,144.0,48,37.2,1,1,1,,False
5051,ORD-2026-05051,CLI-019,PROD-016,2026-08-06 03:19:00,Santa Cruz,CAM-21,CHO-103,195,177.0,48,43.7,1,0,0,,False
5052,ORD-2026-05052,CLI-087,PROD-037,2026-08-05 09:00:00,Oruro,CAM-07,CHO-150,474,474.0,48,45.3,1,1,1,,False
5053,ORD-2026-05053,CLI-017,PROD-038,2026-08-18 17:45:00,La Paz,CAM-27,CHO-137,403,403.0,48,31.4,1,1,1,,False
5054,ORD-2026-05054,CLI-047,PROD-020,2026-08-30 01:07:00,Tarija,CAM-12,CHO-048,324,324.0,24,23.0,1,1,1,,False
5055,ORD-2026-05055,CLI-043,PROD-050,2026-08-19 23:27:00,Tarija,CAM-12,CHO-122,178,178.0,48,37.2,1,1,1,,False
5056,ORD-2026-05056,CLI-072,PROD-057,2026-08-08 03:56:00,Santa Cruz,CAM-21,CHO-149,478,478.0,72,40.2,1,1,1,,False
5057,ORD-2026-05057,CLI-066,PROD-013,2026-08-30 18:05:00,Oruro,CAM-05,CHO-144,202,202.0,72,48.7,1,1,1,,False
5058,ORD-2026-05058,CLI-085,PROD-037,2026-08-22 09:21:00,Tarija,CAM-03,CHO-088,335,335.0,72,56.1,1,1,1,,False
5059,ORD-2026-05059,CLI-045,PROD-035,2026-08-13 11:33:00,Cochabamba,CAM-01,CHO-145,367,367.0,72,78.2,0,1,0,,False
5060,ORD-2026-05060,CLI-099,PROD-039,2026-08-04 11:02:00,Oruro,CAM-05,CHO-003,287,287.0,24,17.2,1,1,1,,False
5061,ORD-2026-05061,CLI-093,PROD-045,2026-08-27 04:56:00,Cochabamba,CAM-01,CHO-108,481,481.0,48,31.3,1,1,1,,False
5062,ORD-2026-05062,CLI-077,PROD-036,2026-08-10 00:09:00,Tarija,CAM-12,CHO-122,171,171.0,72,65.3,1,1,1,,False
5063,ORD-2026-05063,CLI-017,PROD-045,2026-08-18 13:18:00,Tarija,CAM-26,CHO-015,212,212.0,48,50.7,0,1,0,,False
5064,ORD-2026-05064,CLI-069,PROD-058,2026-08-14 03:52:00,Tarija,CAM-12,CHO-122,317,317.0,48,51.4,0,1,0,,False
5065,ORD-2026-05065,CLI-032,PROD-019,2026-08-11 03:00:00,La Paz,CAM-09,CHO-063,155,155.0,48,38.1,1,1,1,,False
5066,ORD-2026-05066,CLI-072,PROD-034,2026-08-14 07:07:00,La Paz,CAM-27,CHO-137,91,91.0,24,14.9,1,1,1,,False
5067,ORD-2026-05067,CLI-052,PROD-008,2026-08-12 10:13:00,Cochabamba,CAM-01,CHO-087,303,303.0,48,34.1,1,1,1,,False
5068,ORD-2026-05068,CLI-013,PROD-024,2026-08-20 14:22:00,Tarija,CAM-12,CHO-088,165,165.0,72,54.4,1,1,1,,False
5069,ORD-2026-05069,CLI-097, prod-040 ,2026-08-11 02:54:00,Oruro,CAM-05,CHO-118,113,105.0,24,16.4,1,0,0,producto_id,True
5070,ORD-2026-05070,CLI-088,PROD-048,2026-08-22 07:12:00,Tarija,CAM-26,CHO-048,62,62.0,24,21.4,1,1,1,,False
5071,ORD-2026-05071,CLI-063,PROD-023,2026-08-04 22:10:00,Santa Cruz,CAM-14,CHO-059,78,78.0,72,89.6,0,1,0,,False
5072,ORD-2026-05072,CLI-017,PROD-045,2026-08-14 22:05:00,Cochabamba,CAM-08,CHO-069,96,96.0,24,13.9,1,1,1,,False
5073,ORD-2026-05073,CLI-077,PROD-057,2026-08-11 17:33:00,Tarija,CAM-03,CHO-009,157,157.0,72,62.3,1,1,1,,False
5074,ORD-2026-05074,CLI-028,PROD-020,2026-08-15 10:16:00,Cochabamba,CAM-08,CHO-130,13,13.0,24,16.9,1,1,1,,False
5075,ORD-2026-05075,CLI-051,PROD-028,2026-08-15 05:04:00,Santa Cruz,CAM-10,CHO-106,169,169.0,72,40.4,1,1,1,,False
5076,ORD-2026-05076,CLI-058,PROD-027,2026-08-17 10:39:00,Tarija,CAM-12,CHO-132,51,51.0,48,50.5,0,1,0,,False
5077,ORD-2026-05077,CLI-023,PROD-050,2026-08-20 17:30:00,Cochabamba,CAM-08,CHO-089,463,463.0,72,56.8,1,1,1,,False
5078,ORD-2026-05078,CLI-073,PROD-038,2026-08-26 18:29:00,Tarija,CAM-26,CHO-010,492,492.0,24,18.5,1,1,1,,False
5079,ORD-2026-05079,CLI-039,PROD-037,2026-08-15 14:09:00,Cochabamba,CAM-23,CHO-058,371,368.0,24,28.3,0,0,0,,False
5080,ORD-2026-05080,CLI-040,PROD-035,2026-08-05 21:44:00,Cochabamba,CAM-23,CHO-047,212,212.0,72,52.3,1,1,1,,False
5081,ORD-2026-05081,CLI-069,PROD-059,2026-08-30 09:43:00,Santa Cruz,CAM-13,CHO-062,421,421.0,72,70.6,1,1,1,,False
5082,ORD-2026-05082,CLI-065,PROD-038,2026-08-30 01:09:00,Cochabamba,CAM-08,CHO-143,62,62.0,72,56.7,1,1,1,,False
5083,ORD-2026-05083,CLI-018,PROD-012,2026-08-11 09:14:00,Tarija,CAM-12,CHO-050,333,333.0,48,39.5,1,1,1,,False
5084,ORD-2026-05084,CLI-072,PROD-054,2026-08-07 11:44:00,Cochabamba,CAM-19,CHO-065,418,418.0,72,57.1,1,1,1,,False
5085,ORD-2026-05085,CLI-095,PROD-032,2026-08-09 10:39:00,Oruro,CAM-07,CHO-136,443,443.0,48,48.0,1,1,1,,False
5086,ORD-2026-05086,CLI-031,PROD-010,2026-08-14 14:09:00,Santa Cruz,CAM-13,CHO-114,438,438.0,24,24.4,0,1,0,,False
5087,ORD-2026-05087,CLI-064,PROD-022,2026-08-01 22:58:00,Tarija,CAM-03,CHO-088,434,434.0,24,25.2,0,1,0,,False
5088,ORD-2026-05088,CLI-028,PROD-059,2026-08-03 12:59:00,Cochabamba,CAM-22,CHO-115,290,290.0,72,77.1,0,1,0,,False
5089,ORD-2026-05089,CLI-009,PROD-014,2026-08-09 14:35:00,Santa Cruz,CAM-10,CHO-106,375,375.0,72,85.2,0,1,0,,False
5090,ORD-2026-05090,CLI-007,PROD-025,2026-08-03 11:04:00,Cochabamba,CAM-23,CHO-065,83,83.0,24,18.1,1,1,1,,False
5091,ORD-2026-05091,CLI-008,PROD-046,2026-08-10 16:14:00,Oruro,CAM-02,CHO-119,414,414.0,48,40.1,1,1,1,,False
5092,ORD-2026-05092,CLI-029,PROD-054,2026-08-28 16:02:00,Santa Cruz,CAM-25,CHO-013,120,120.0,48,42.8,1,1,1,,False
5093,ORD-2026-05093,CLI-061,PROD-060,2026-08-27 14:17:00,Cochabamba,CAM-01,CHO-014,312,312.0,48,48.2,0,1,0,,False
5094,ORD-2026-05094,CLI-058,PROD-023,2026-08-12 21:22:00,La Paz,CAM-28,CHO-072,172,172.0,48,28.3,1,1,1,,False
5095,ORD-2026-05095,CLI-026,PROD-018,2026-08-30 06:38:00,Santa Cruz,CAM-10,CHO-092,35,35.0,72,57.9,1,1,1,,False
5096,ORD-2026-05096,CLI-060,PROD-035,03/08/2026 13:33,La Paz,CAM-09,CHO-066,292,292.0,24,16.8,1,1,1,fecha_despacho,True
5097,ORD-2026-05097,CLI-017,PROD-026,2026-08-03 22:19:00,Santa Cruz,CAM-06,CHO-097,449,449.0,24,22.3,1,1,1,,False
5098,ORD-2026-05098,CLI-006,PROD-051,2026-08-24 06:37:00,Santa Cruz,CAM-14,CHO-104,98,98.0,72,51.9,1,1,1,,False
5099,ORD-2026-05099,CLI-072,PROD-044,2026-08-19 16:49:00,La Paz,CAM-27,CHO-052,416,416.0,48,46.6,1,1,1,,False
5100,ORD-2026-05100,CLI-043,PROD-020,2026-08-15 04:25:00,Cochabamba,CAM-01,CHO-143,164,164.0,24,17.4,1,1,1,,False
5101,ORD-2026-05101,CLI-060,PROD-019,2026-08-14 00:57:00,Santa Cruz,CAM-13,CHO-097,279,279.0,24,20.5,1,1,1,,False
5102,ORD-2026-05102,CLI-005,PROD-047,2026-08-05 05:16:00,Cochabamba,CAM-19,CHO-014,342,342.0,72,47.2,1,1,1,,False
5103,ORD-2026-05103,CLI-030,PROD-031,2026-08-30 19:28:00,Santa Cruz,CAM-14,CHO-101,156,156.0,48,32.6,1,1,1,,False
5104,ORD-2026-05104,CLI-062,PROD-048,2026-08-19 04:49:00,Santa Cruz,CAM-06,CHO-011,416,416.0,24,19.5,1,1,1,,False
5105,ORD-2026-05105,CLI-074,PROD-037,2026-08-16 06:08:00,Santa Cruz,CAM-18,CHO-106,99,99.0,48,53.1,0,1,0,,False
5106,ORD-2026-05106,CLI-082,PROD-037,2026-08-27 12:27:00,Tarija,CAM-12,CHO-012,150,150.0,72,73.5,0,1,0,,False
5107,ORD-2026-05107,CLI-061,PROD-018,2026-08-27 03:08:00,La Paz,CAM-30,CHO-107,44,44.0,48,48.5,0,1,0,,False
5108,ORD-2026-05108,CLI-088,PROD-019,2026-08-16 23:32:00,La Paz,CAM-09,CHO-139,112,112.0,24,20.0,1,1,1,,False
5109,ORD-2026-05109,CLI-046,PROD-013,2026-08-15 13:00:00,Santa Cruz,CAM-20,CHO-114,399,399.0,72,57.1,1,1,1,,False
5110,ORD-2026-05110,CLI-035,PROD-003,2026-08-28 19:43:00,Tarija,CAM-03,CHO-010,78,78.0,48,48.3,0,1,0,,False
5111,ORD-2026-05111,CLI-069,PROD-008,2026-08-13 16:08:00,Tarija,CAM-12,CHO-043,435,435.0,72,69.4,1,1,1,,False
5112,ORD-2026-05112,CLI-024,PROD-005,2026-08-21 08:45:00,La Paz,CAM-28,CHO-049,118,,24,20.5,1,1,1,cantidad_entregada,True
5113,ORD-2026-05113,CLI-042,PROD-060,2026-08-16 16:20:00,La Paz,CAM-28,CHO-021,125,125.0,24,20.1,1,1,1,,False
5114,ORD-2026-05114,CLI-003,PROD-026,2026-08-28 19:43:00,Cochabamba,CAM-19,CHO-014,448,448.0,48,54.0,0,1,0,,False
5115,ORD-2026-05115,CLI-076,PROD-022,2026-08-05 14:38:00,La Paz,CAM-28,CHO-063,404,404.0,24,17.1,1,1,1,,False
5116,ORD-2026-05116,CLI-099,PROD-048,2026-08-11 23:40:00,Oruro,CAM-24,CHO-144,234,234.0,72,67.0,1,1,1,,False
5117,ORD-2026-05117,CLI-100,PROD-056,2026-08-08 08:49:00,Oruro,CAM-05,CHO-118,24,24.0,24,22.7,1,1,1,,False
5118,ORD-2026-05118,CLI-094,PROD-043,2026-08-18 00:40:00,Tarija,CAM-03,CHO-008,494,494.0,48,43.0,1,1,1,,False
5119,ORD-2026-05119,CLI-074,PROD-052,2026-08-19 01:04:00,Oruro,CAM-05,CHO-118,202,202.0,24,16.7,1,1,1,,False
5120,ORD-2026-05120,CLI-018,PROD-036,2026-02-31 08:00:00,Santa Cruz,CAM-13,CHO-059,463,463.0,48,44.5,1,1,1,fecha_despacho,True
5121,ORD-2026-05121,CLI-008,PROD-017,2026-08-19 18:53:00,Tarija,CAM-03,CHO-008,470,470.0,24,19.9,1,1,1,,False
5122,ORD-2026-05122,CLI-009,PROD-009,2026-08-04 05:54:00,Tarija,CAM-12,CHO-008,60,60.0,48,40.9,1,1,1,,False
5123,ORD-2026-05123,CLI-049,PROD-040,2026-08-29 01:33:00,La Paz,CAM-28,CHO-063,133,133.0,24,24.6,0,1,0,,False
5124,ORD-2026-05124,CLI-057,PROD-034,2026-08-04 16:50:00,Santa Cruz,CAM-18,CHO-046,497,497.0,48,42.0,1,1,1,,False
5125,ORD-2026-05125,CLI-030,PROD-009,2026-08-17 11:20:00,La Paz,CAM-28,CHO-072,25,25.0,48,37.8,1,1,1,,False
5126,ORD-2026-05126,CLI-008,PROD-020,2026-08-24 22:56:00,Tarija,CAM-12,CHO-008,370,370.0,72,73.0,0,1,0,,False
5127,ORD-2026-05127,CLI-081,PROD-027,2026-08-12 15:08:00,Cochabamba,CAM-22,CHO-090,396,396.0,48,44.1,1,1,1,,False
5128,ORD-2026-05128,CLI-085,PROD-052,2026-08-19 17:05:00,Tarija,CAM-03,CHO-122,163,163.0,24,13.0,1,1,1,,False
5129,ORD-2026-05129,CLI-058,PROD-042,2026-08-29 18:44:00,Santa Cruz,CAM-18,CHO-013,110,110.0,72,67.4,1,1,1,,False
5130,ORD-2026-05130,CLI-079,PROD-048,2026-08-22 10:00:00,Cochabamba,CAM-08,CHO-068,184,184.0,72,50.3,1,1,1,,False
5131,ORD-2026-05131,CLI-065,PROD-048,2026-08-02 17:37:00,Tarija,CAM-26,CHO-061,465,465.0,24,16.8,1,1,1,,False
5132,ORD-2026-05132,CLI-040,PROD-031,2026-08-18 06:21:00,Cochabamba,CAM-22,CHO-047,280,280.0,48,31.9,1,1,1,,False
5133,ORD-2026-05133,CLI-075,PROD-012,2026-08-27 02:00:00,La Paz,CAM-09,CHO-002,80,80.0,24,24.1,0,1,0,,False
5134,ORD-2026-05134,CLI-006,PROD-013,2026-08-23 19:18:00,Oruro,CAM-05,CHO-067,11,11.0,48,42.1,1,1,1,,False
5135,ORD-2026-05135,CLI-046,PROD-054,2026-08-10 13:56:00,Oruro,CAM-16,CHO-022,296,279.0,24,25.4,0,0,0,,False
5136,ORD-2026-05136,CLI-016,PROD-046,2026-08-25 19:30:00,Cochabamba,CAM-19,CHO-077,283,283.0,48,32.7,1,1,1,,False
5137,ORD-2026-05137,CLI-012,PROD-060,2026-08-24 20:48:00,Tarija,CAM-12,CHO-132,452,452.0,24,21.1,1,1,1,,False
5138,ORD-2026-05138,CLI-097,PROD-029,2026-08-21 21:01:00,La Paz,CAM-27,CHO-148,389,389.0,24,19.8,1,1,1,,False
5139,ORD-2026-05139,CLI-068,PROD-034,2026-08-02 20:34:00,Cochabamba,CAM-22,CHO-016,263,263.0,48,52.3,0,1,0,,False
5140,ORD-2026-05140,CLI-067,PROD-044,2026-08-14 14:52:00,Tarija,CAM-03,CHO-015,84,84.0,48,32.5,1,1,1,,False
5141,ORD-2026-05141,CLI-070,PROD-053,2026-08-07 23:35:00,La Paz,CAM-27,CHO-071,115,115.0,72,66.2,1,1,1,,False
5142,ORD-2026-05142,CLI-009,PROD-002,2026-08-09 18:15:00,Tarija,CAM-12,CHO-061,441,441.0,48,38.8,1,1,1,,False
5143,ORD-2026-05143,CLI-079,PROD-034,2026-08-09 14:17:00,La Paz,CAM-27,CHO-127,481,481.0,72,68.0,1,1,1,,False
5144,ORD-2026-05144,CLI-037,PROD-042,2026-08-14 08:18:00,La Paz,CAM-15,CHO-064,280,280.0,48,37.4,1,1,1,,False
5145,ORD-2026-05145,CLI-002,PROD-030,2026-08-30 11:29:00,Santa Cruz,CAM-10,CHO-109,239,232.0,24,18.2,1,0,0,,False
5146, ord-2026-05146 ,CLI-097,PROD-048,2026-08-27 09:07:00,La Paz,CAM-30,CHO-002,53,53.0,72,51.9,1,1,1,order_id,True
5147,ORD-2026-05147,CLI-024,PROD-034,2026-08-07 12:33:00,Santa Cruz,CAM-04,CHO-079,45,45.0,48,36.1,1,1,1,,False
5148,ORD-2026-05148,CLI-099,PROD-039,2026-08-10 11:36:00,Tarija,CAM-03,CHO-009,175,175.0,72,57.3,1,1,1,,False
5149,ORD-2026-05149,CLI-098,PROD-036,2026-08-23 00:47:00,Santa Cruz,CAM-14,CHO-133,363,363.0,48,32.8,1,1,1,,False
5150,ORD-2026-05150,CLI-085,PROD-037,2026-08-16 10:24:00,La Paz,CAM-28,CHO-021,354,354.0,24,18.4,1,1,1,,False
5151,ORD-2026-05151,CLI-005,PROD-008,2026-08-14 07:39:00,Tarija,CAM-03,CHO-009,474,474.0,48,32.2,1,1,1,,False
5152,ORD-2026-05152,CLI-055,PROD-025,2026-08-18 03:32:00,Tarija,CAM-12,CHO-082,115,115.0,48,46.6,1,1,1,,False
5153,ORD-2026-05153,CLI-093,PROD-050,2026-08-05 22:09:00,Cochabamba,CAM-23,CHO-131,385,385.0,24,17.1,1,1,1,,False
5154,ORD-2026-05154,CLI-037,PROD-030,2026-08-10 13:16:00,Oruro,CAM-02,CHO-110,210,210.0,48,40.4,1,1,1,,False
5155,ORD-2026-05155,CLI-041,PROD-045,2026-08-28 17:37:00,Oruro,CAM-16,CHO-098,60,60.0,24,25.8,0,1,0,,False
5156,ORD-2026-05156,CLI-053,PROD-015,2026-08-28 02:51:00,La Paz,CAM-09,CHO-021,174,174.0,48,41.4,1,1,1,,False
5157,ORD-2026-05157,CLI-050,PROD-049,2026-08-17 06:06:00,Santa Cruz,CAM-13,CHO-046,269,269.0,24,18.6,1,1,1,,False
5158,ORD-2026-05158,CLI-062,PROD-056,2026-08-10 11:26:00,Cochabamba,CAM-08,CHO-089,344,344.0,72,69.3,1,1,1,,False
5159,ORD-2026-05159,CLI-091,PROD-058,2026-08-27 18:32:00,Santa Cruz,CAM-18,CHO-070,325,325.0,48,22.6,1,1,1,,False
5160,ORD-2026-05160,CLI-084,PROD-058,2026-08-29 23:48:00,Cochabamba,CAM-19,CHO-014,239,239.0,24,20.7,1,1,1,,False
5161,ORD-2026-05161,CLI-054,PROD-044,2026-08-16 16:42:00,Oruro,CAM-07,CHO-110,20,20.0,72,46.4,1,1,1,,False
5162,ORD-2026-05162,CLI-017,PROD-018,2026-08-20 13:44:00,Santa Cruz,CAM-13,CHO-075,199,199.0,24,10.8,1,1,1,,False
5163,ORD-2026-05163,CLI-038,PROD-009,2026-08-12 15:26:00,Tarija,CAM-26,CHO-044,313,313.0,48,43.7,1,1,1,,False
5164,ORD-2026-05164,CLI-075,PROD-049,2026-08-26 13:23:00,Tarija,CAM-03,CHO-146,494,494.0,24,26.3,0,1,0,,False
5165,ORD-2026-05165,CLI-075,PROD-033,2026-08-26 14:47:00,La Paz,CAM-30,CHO-071,54,54.0,24,23.8,1,1,1,,False
5166,ORD-2026-05166,CLI-028,PROD-031,2026-08-22 16:12:00,Oruro,CAM-05,CHO-032,21,21.0,24,14.9,1,1,1,,False
5167,ORD-2026-05167,CLI-064,PROD-042,2026-08-26 03:14:00,Cochabamba,CAM-23,CHO-054,286,286.0,24,18.1,1,1,1,,False
5168,ORD-2026-05168,CLI-068,PROD-014,2026-08-27 08:02:00,Cochabamba,CAM-22,CHO-073,458,458.0,48,45.1,1,1,1,,False
5169,ORD-2026-05169,CLI-012,PROD-012,2026-08-27 18:01:00,La Paz,CAM-09,CHO-064,407,406.0,24,18.7,1,0,0,,False
5170,ORD-2026-05170,CLI-053,PROD-057,2026-08-27 07:29:00,Oruro,CAM-16,CHO-067,215,215.0,24,23.7,1,1,1,,False
5171,ORD-2026-05171,CLI-095,PROD-060,2026-08-24 17:24:00,Tarija,CAM-12,CHO-045,285,285.0,48,51.5,0,1,0,,False
5172,ORD-2026-05172,CLI-073,PROD-029,2026-08-20 09:38:00,Tarija,CAM-03,CHO-044,405,405.0,48,57.5,0,1,0,,False
5173,ORD-2026-05173,CLI-013,PROD-014,2026-08-07 13:08:00,Tarija,CAM-12,CHO-043,55,55.0,24,16.7,1,1,1,,False
5174,ORD-2026-05174,CLI-098,PROD-034,2026-08-14 19:14:00,Cochabamba,CAM-23,CHO-112,406,406.0,48,29.5,1,1,1,,False
5175,ORD-2026-05175,CLI-064,PROD-020,2026-08-12 19:13:00,Tarija,CAM-03,CHO-026,333,333.0,48,48.1,0,1,0,,False
5176,ORD-2026-05176,CLI-052,PROD-048,2026-08-30 13:56:00,Tarija,CAM-26,CHO-010,129,129.0,48,31.0,1,1,1,,False
5177,ORD-2026-05177,CLI-056,PROD-015,2026-08-11 03:02:00,La Paz,CAM-09,CHO-134,cincuenta,175.0,48,43.3,1,1,1,cantidad_solicitada,True
5178,ORD-2026-05178,CLI-092,PROD-023,2026-08-08 10:26:00,Santa Cruz,CAM-14,CHO-081,369,369.0,24,22.1,1,1,1,,False
5179,ORD-2026-05179,CLI-080,PROD-009,2026-08-27 06:11:00,La Paz,CAM-15,CHO-057,420,420.0,72,41.0,1,1,1,,False
5180,ORD-2026-05180,CLI-064,PROD-053,2026-08-29 09:03:00,Santa Cruz,CAM-18,CHO-011,229,229.0,48,47.5,1,1,1,,False
5181,ORD-2026-05181,CLI-060,PROD-034,2026-08-16 13:13:00,La Paz,CAM-27,CHO-040,251,251.0,24,22.3,1,1,1,,False
5182,ORD-2026-05182,CLI-089,PROD-051,2026-08-17 04:00:00,Oruro,CAM-05,CHO-136,461,461.0,24,13.6,1,1,1,,False
5183,ORD-2026-05183,CLI-080,PROD-053,2026-08-14 02:28:00,La Paz,CAM-15,CHO-139,33,33.0,48,32.0,1,1,1,,False
5184,ORD-2026-05184,CLI-090,PROD-022,2026-08-14 07:37:00,Santa Cruz,CAM-20,CHO-035,323,323.0,48,54.0,0,1,0,,False
5185,ORD-2026-05185,CLI-070,PROD-036,2026-08-06 11:40:00,Santa Cruz,CAM-13,CHO-011,24,24.0,48,40.3,1,1,1,,False
5186,ORD-2026-05186,CLI-016,PROD-048,2026-08-10 18:58:00,Santa Cruz,CAM-20,CHO-096,129,129.0,24,25.3,0,1,0,,False
5187,ORD-2026-05187,CLI-093,PROD-060,2026-08-13 11:52:00,Oruro,CAM-05,CHO-110,387,387.0,72,58.6,1,1,1,,False
5188,ORD-2026-05188,CLI-080,PROD-046,2026-08-22 07:00:00,Oruro,CAM-16,CHO-136,411,411.0,24,21.9,1,1,1,,False
5189,ORD-2026-05189,CLI-098,PROD-060,2026-08-15 02:48:00,Tarija,CAM-03,CHO-088,33,33.0,48,33.1,1,1,1,,False
5190,ORD-2026-05190,CLI-026,PROD-002,2026-08-04 08:50:00,La Paz,CAM-09,CHO-049,452,452.0,48,33.6,1,1,1,,False
5191,ORD-2026-05191,CLI-066,PROD-040,2026-08-07 00:53:00,Cochabamba,CAM-22,CHO-033,360,360.0,24,15.4,1,1,1,,False
5192,ORD-2026-05192,CLI-054,PROD-036,2026-08-20 11:07:00,La Paz,CAM-09,CHO-042,248,248.0,24,21.7,1,1,1,,False
5193,ORD-2026-05193,CLI-069,PROD-042,2026-08-07 23:19:00,La Paz,CAM-30,CHO-093,490,490.0,24,21.8,1,1,1,,False
5194,ORD-2026-05194,CLI-058,PROD-029,2026-08-07 20:02:00,La Paz,CAM-30,CHO-066,423,423.0,24,20.5,1,1,1,,False
5195,ORD-2026-05195,CLI-018,PROD-060,2026-08-10 05:58:00,Oruro,CAM-05,CHO-136,189,189.0,72,69.9,1,1,1,,False
5196,ORD-2026-05196,CLI-043,PROD-040,2026-08-30 10:55:00,Oruro,CAM-05,CHO-150,279,279.0,48,48.7,0,1,0,,False
5197,ORD-2026-05197,CLI-005,PROD-046,2026-08-22 02:20:00,Santa Cruz,CAM-20,CHO-078,195,195.0,24,23.7,1,1,1,,False
5198,ORD-2026-05198,CLI-088,PROD-023,2026-08-25 06:23:00,Santa Cruz,CAM-20,CHO-106,126,126.0,48,36.8,1,1,1,,False
5199,ORD-2026-05199,CLI-072,PROD-053,2026-08-08 16:08:00,Oruro,CAM-16,CHO-051,433,433.0,48,48.2,0,1,0,,False
5200,ORD-2026-05200,CLI-026,PROD-027,2026-08-30 00:20:00,Cochabamba,CAM-23,CHO-125,480,475.0,24,22.9,1,0,0,,False
5201,ORD-2026-05201,CLI-054,PROD-006,2026-08-10 10:27:00,La Paz,CAM-30,CHO-102,88,88.0,72,49.4,1,1,1,,False
5202,ORD-2026-05202,CLI-079,PROD-052,2026-08-13 09:15:00,Santa Cruz,CAM-11,CHO-030,360,360.0,24,15.6,1,1,1,,False
5203,ORD-2026-05203,CLI-084,PROD-003,2026-08-28 06:24:00,Cochabamba,CAM-08,CHO-094,120,110.0,24,22.8,1,0,0,,False
5204,ORD-2026-05204,CLI-036,PROD-010,2026-08-17 14:35:00,La Paz,CAM-15,CHO-042,87,87.0,24,19.7,1,1,1,,False
5205,ORD-2026-05205,CLI-073,PROD-043,2026-08-25 11:14:00,Oruro,CAM-05,CHO-003,185,185.0,24,26.0,0,1,0,,False
5206,ORD-2026-05206,CLI-017,PROD-033,2026-08-04 14:52:00,Santa Cruz,CAM-25,CHO-133,452,439.0,72,59.2,1,0,0,,False
5207,ORD-2026-05207,CLI-088,PROD-011,2026-08-23 17:13:00,Tarija,CAM-12,CHO-061,243,243.0,72,55.3,1,1,1,,False
5208,ORD-2026-05208,CLI-099,PROD-004,2026-08-26 14:07:00,Oruro,CAM-24,CHO-067,58,58.0,72,76.7,0,1,0,,False
5209,ORD-2026-05209,CLI-057,PROD-011,2026-08-05 12:37:00,La Paz,CAM-30,CHO-072,85,85.0,24,14.9,1,1,1,,False
5210,ORD-2026-05210,CLI-019,PROD-028,2026-08-04 10:01:00,Santa Cruz,CAM-04,CHO-100,215,215.0,48,46.8,1,1,1,,False
5211,ORD-2026-05211,CLI-039,PROD-057,2026-08-12 04:12:00,Oruro,CAM-02,CHO-150,26,26.0,24,20.6,1,1,1,,False
5212,ORD-2026-05212,CLI-059,PROD-057,2026-08-15 07:21:00,La Paz,CAM-27,CHO-127,188,188.0,24,14.5,1,1,1,,False
5213,ORD-2026-05213,CLI-079,PROD-048,2026-08-18 01:22:00,Cochabamba,CAM-19,CHO-143,105,105.0,48,35.7,1,1,1,,False
5214,ORD-2026-05214,CLI-064,PROD-059,2026-08-28 19:27:00,La Paz,CAM-28,CHO-021,163,163.0,48,33.5,1,1,1,,False
5215,ORD-2026-05215,CLI-009,PROD-020,2026-08-20 22:22:00,Cochabamba,CAM-08,CHO-065,289,289.0,72,64.8,1,1,1,,False
5216,ORD-2026-05216,CLI-080,PROD-051,2026-08-18 03:50:00,Santa Cruz,CAM-14,CHO-121,170,170.0,72,62.1,1,1,1,,False
5217,ORD-2026-05217,CLI-066,PROD-008,2026-08-07 10:05:00,La Paz,CAM-28,CHO-071,485,485.0,72,33.1,1,1,1,,False
5218,ORD-2026-05218,CLI-019,PROD-040,2026-08-23 03:46:00,Cochabamba,CAM-23,CHO-108,214,214.0,48,44.1,1,1,1,,False
5219,ORD-2026-05219,CLI-020,PROD-058,2026-08-14 01:12:00,Cochabamba,CAM-19,CHO-014,477,477.0,48,44.0,1,1,1,,False
5220,ORD-2026-05220,CLI-010,PROD-010,2026-08-15 16:39:00,Santa Cruz,CAM-04,CHO-092,331,331.0,48,35.6,1,1,1,,False
5221,ORD-2026-05221,CLI-095,PROD-038,2026-08-16 13:56:00,Tarija,CAM-12,CHO-056,294,294.0,24,18.8,1,1,1,,False
5222,ORD-2026-05222,CLI-013,PROD-060,2026-08-18 00:46:00,La Paz,CAM-28,CHO-064,95,95.0,72,70.0,1,1,1,,False
5223,ORD-2026-05223,CLI-016,PROD-015,2026-08-05 10:15:00,La Paz,CAM-28,CHO-134,185,185.0,48,37.8,1,1,1,,False
5224,ORD-2026-05224,CLI-066,PROD-028,2026-08-25 20:21:00,Oruro,CAM-05,CHO-038,302,302.0,48,31.1,1,1,1,,False
5225,ORD-2026-05225,CLI-086,PROD-028,2026-08-20 08:50:00,Oruro,CAM-24,CHO-110,390,390.0,48,41.1,1,1,1,,False
5226,ORD-2026-05226,CLI-015,PROD-033,2026-08-02 22:05:00,Tarija,CAM-12,CHO-132,223,223.0,24,21.4,1,1,1,,False
5227,ORD-2026-05227,CLI-011,PROD-002,2026-08-12 17:50:00,Oruro,CAM-05,CHO-032,184,184.0,24,18.5,1,1,1,,False
5228, ord-2026-05228 ,CLI-054,PROD-006,2026-08-24 03:13:00,Santa Cruz,CAM-10,CHO-113,190,190.0,24,17.4,1,1,1,order_id,True
5229,ORD-2026-05229,CLI-091,PROD-060,2026-08-29 15:45:00,Cochabamba,CAM-22,CHO-019,406,406.0,72,71.9,1,1,1,,False
5230,ORD-2026-05230,CLI-036,PROD-012,2026-08-18 19:39:00,Oruro,CAM-05,CHO-117,91,91.0,24,16.7,1,1,1,,False
5231,ORD-2026-05231,CLI-060,PROD-056,2026-08-28 06:34:00,Santa Cruz,CAM-13,CHO-129,196,196.0,24,21.0,1,1,1,,False
5232,ORD-2026-05232,CLI-099,PROD-035,2026-08-08 08:02:00,Tarija,CAM-12,CHO-056,65,65.0,48,50.2,0,1,0,,False
5233,ORD-2026-05233,CLI-022,PROD-018,2026-08-25 16:15:00,Cochabamba,CAM-23,CHO-143,140,,48,35.3,1,1,1,cantidad_entregada,True
5234,ORD-2026-05234,CLI-016,PROD-005,2026-08-29 05:17:00,Santa Cruz,CAM-04,CHO-029,432,420.0,24,13.6,1,0,0,,False
5235,ORD-2026-05235,CLI-065,PROD-025,2026-08-08 21:50:00,Tarija,CAM-03,CHO-050,59,50.0,48,38.4,1,0,0,,False
5236,ORD-2026-05236,CLI-074,PROD-019,2026-08-28 02:31:00,Santa Cruz,CAM-06,CHO-078,128,128.0,24,17.8,1,1,1,,False
5237,ORD-2026-05237,CLI-023,PROD-054,2026-08-13 01:48:00,Santa Cruz,CAM-11,CHO-011,219,219.0,24,20.1,1,1,1,,False
5238,ORD-2026-05238,CLI-067,PROD-002,2026-08-04 05:38:00,La Paz,CAM-09,CHO-042,59,59.0,48,44.7,1,1,1,,False
5239,ORD-2026-05239,CLI-051,PROD-011,2026-08-17 16:49:00,Cochabamba,CAM-08,CHO-116,441,441.0,24,16.1,1,1,1,,False
5240,ORD-2026-05240,CLI-066,PROD-051,2026-08-19 12:35:00,Santa Cruz,CAM-13,CHO-123,363,363.0,24,19.0,1,1,1,,False
5241,ORD-2026-05241,CLI-031,PROD-026,2026-08-29 06:28:00,Oruro,CAM-05,CHO-051,479,479.0,72,61.8,1,1,1,,False
5242,ORD-2026-05242,CLI-046,PROD-015,2026-08-04 20:39:00,Tarija,CAM-03,CHO-056,470,470.0,24,18.2,1,1,1,,False
5243,ORD-2026-05243,CLI-001,PROD-025,2026-08-15 20:13:00,Tarija,CAM-12,CHO-044,288,288.0,48,48.5,0,1,0,,False
5244,ORD-2026-05244,CLI-011,PROD-030,2026-08-18 18:13:00,Santa Cruz,CAM-20,CHO-114,175,165.0,72,37.3,1,0,0,,False
5245,ORD-2026-05245,CLI-060,PROD-012,2026-08-12 11:05:00,Santa Cruz,CAM-14,CHO-128,107,107.0,72,79.0,0,1,0,,False
5246,ORD-2026-05246,CLI-078,PROD-038,2026-08-09 19:29:00,Cochabamba,CAM-19,CHO-041,334,334.0,48,50.9,0,1,0,,False
5247,ORD-2026-05247,CLI-027,PROD-024,2026-08-01 20:48:00,Santa Cruz,CAM-25,CHO-074,162,162.0,48,44.4,1,1,1,,False
5248,ORD-2026-05248,CLI-002,PROD-025,2026-08-12 17:11:00,Tarija,CAM-03,CHO-010,379,376.0,24,19.1,1,0,0,,False
5249,ORD-2026-05249,CLI-059,PROD-010,2026-08-05 03:28:00,Tarija,CAM-12,CHO-036,179,179.0,24,19.7,1,1,1,,False
5250,ORD-2026-05250,CLI-003,PROD-036,2026-08-06 21:17:00,Santa Cruz,CAM-10,CHO-079,371,371.0,72,80.7,0,1,0,,False
5251,ORD-2026-05251,CLI-035,PROD-030,2026-08-17 02:33:00,Tarija,CAM-12,CHO-031,469,469.0,72,69.2,1,1,1,,False
5252,ORD-2026-05252,CLI-076,PROD-021,2026-08-29 04:05:00,Santa Cruz,CAM-10,CHO-020,110,110.0,72,79.5,0,1,0,,False
5253,ORD-2026-05253,CLI-040,PROD-046,2026-08-28 17:07:00,Santa Cruz,CAM-06,CHO-123,424,424.0,24,18.8,1,1,1,,False
5254,ORD-2026-05254,CLI-046,PROD-038,2026-08-13 23:45:00,La Paz,CAM-28,CHO-134,321,321.0,48,35.0,1,1,1,,False
5255,ORD-2026-05255,CLI-004,PROD-036,2026-08-07 12:50:00,Santa Cruz,CAM-14,CHO-095,382,375.0,24,20.8,1,0,0,,False
5256,ORD-2026-05256,CLI-081,PROD-014,2026-08-05 10:24:00,Cochabamba,CAM-22,CHO-112,292,292.0,48,36.5,1,1,1,,False
5257,ORD-2026-05257,CLI-051,PROD-035,2026-08-28 14:08:00,Tarija,CAM-03,CHO-132,212,212.0,24,22.3,1,1,1,,False
5258,ORD-2026-05258,CLI-090,PROD-043,2026-08-29 09:40:00,Santa Cruz,CAM-20,CHO-100,175,175.0,24,14.9,1,1,1,,False
5259,ORD-2026-05259,CLI-057,PROD-023,2026-08-20 13:44:00,Tarija,CAM-12,CHO-009,197,179.0,24,24.7,0,0,0,,False
5260,ORD-2026-05260,CLI-057,PROD-013,2026-08-24 20:02:00,La Paz,CAM-09,CHO-001,85,85.0,72,59.0,1,1,1,,False
5261,ORD-2026-05261,CLI-077,PROD-024,2026-08-02 19:46:00,Tarija,CAM-12,CHO-031,159,159.0,48,44.7,1,1,1,,False
5262,ORD-2026-05262,CLI-026,PROD-006,2026-08-11 22:38:00,Santa Cruz,CAM-29,CHO-076,405,405.0,72,47.9,1,1,1,,False
5263,ORD-2026-05263,CLI-075,PROD-053,2026-08-14 10:42:00,La Paz,CAM-30,CHO-042,54,54.0,72,50.8,1,1,1,,False
5264,ORD-2026-05264,CLI-089,PROD-040,2026-08-30 08:42:00,Oruro,CAM-05,CHO-067,441,441.0,72,58.3,1,1,1,,False
5265,ORD-2026-05265,CLI-079,PROD-023,2026-08-05 12:16:00,La Paz,CAM-28,CHO-057,232,232.0,72,65.0,1,1,1,,False
5266,ORD-2026-05266,CLI-009,PROD-001,2026-08-11 04:11:00,Cochabamba,CAM-17,CHO-014,353,353.0,48,33.4,1,1,1,,False
5267,ORD-2026-05267,CLI-100,PROD-015,2026-08-19 11:00:00,Tarija,CAM-03,CHO-056,351,351.0,24,24.5,0,1,0,,False
5268,ORD-2026-05268,CLI-088,PROD-028,2026-08-25 03:47:00,Cochabamba,CAM-08,CHO-115,177,177.0,24,26.8,0,1,0,,False
5269,ORD-2026-05269,CLI-059,PROD-005,2026-08-02 06:45:00,Cochabamba,CAM-08,CHO-073,21,21.0,72,56.0,1,1,1,,False
5270,ORD-2026-05270,CLI-012,PROD-018,2026-08-21 18:01:00,La Paz,CAM-09,CHO-063,389,389.0,24,22.2,1,1,1,,False
5271,ORD-2026-05271,CLI-003,PROD-007,2026-08-28 14:50:00,La Paz,CAM-15,CHO-139,92,90.0,48,30.5,1,0,0,,False
5272,ORD-2026-05272,CLI-016,PROD-004,2026-08-02 08:12:00,Cochabamba,CAM-19,CHO-087,111,111.0,48,40.4,1,1,1,,False
5273,ORD-2026-05273,CLI-096,PROD-002,2026-08-30 22:58:00,Oruro,CAM-05,CHO-136,226,226.0,24,22.6,1,1,1,,False
5274,ORD-2026-05274,CLI-072,PROD-013,2026-08-22 08:01:00,Cochabamba,CAM-01,CHO-090,499,499.0,72,61.6,1,1,1,,False
5275,ORD-2026-05275,CLI-070,PROD-049,2026-08-30 15:42:00,La Paz,CAM-28,CHO-127,150,150.0,48,40.4,1,1,1,,False
5276,ORD-2026-05276,CLI-026,PROD-054,2026-08-29 08:54:00,Cochabamba,CAM-17,CHO-073,491,491.0,48,42.9,1,1,1,,False
5277,ORD-2026-05277,CLI-048,PROD-041,2026-08-22 16:44:00,Tarija,CAM-12,CHO-061,309,309.0,48,34.1,1,1,1,,False
5278,ORD-2026-05278,CLI-072,PROD-044,2026-08-17 10:50:00,La Paz,CAM-15,CHO-102,16,16.0,24,12.6,1,1,1,,False
5279,ORD-2026-05279,CLI-092,PROD-015,2026-08-25 01:49:00,Cochabamba,CAM-01,CHO-094,495,495.0,72,72.2,0,1,0,,False
5280,ORD-2026-05280,CLI-063,PROD-003,2026-08-12 09:56:00,La Paz,CAM-28,CHO-005,154,154.0,24,28.4,0,1,0,,False
5281,ORD-2026-05281,CLI-038,PROD-007,2026-08-04 12:26:00,Santa Cruz,CAM-29,CHO-085,65,54.0,72,54.7,1,0,0,,False
5282,ORD-2026-05282,CLI-090,PROD-011,2026-08-22 05:04:00,Santa Cruz,CAM-13,CHO-121,119,106.0,72,75.8,0,0,0,,False
5283,ORD-2026-05283,CLI-005,PROD-010,2026-08-05 06:37:00,Tarija,CAM-12,CHO-122,33,33.0,72,64.5,1,1,1,,False
5284,ORD-2026-05284,CLI-068,PROD-053,2026-08-16 22:31:00,La Paz,CAM-09,CHO-083,110,110.0,48,29.4,1,1,1,,False
5285,ORD-2026-05285,CLI-080,PROD-005,2026-08-27 10:17:00,Santa Cruz,CAM-13,CHO-121,484,484.0,24,16.7,1,1,1,,False
5286,ORD-2026-05286,CLI-016,PROD-016,2026-08-07 14:14:00,Oruro,CAM-07,CHO-067,175,175.0,72,55.2,1,1,1,,False
5287,ORD-2026-05287,CLI-013,PROD-026,2026-08-22 04:32:00,La Paz,CAM-28,CHO-039,196,196.0,48,57.2,0,1,0,,False
5288,ORD-2026-05288,CLI-085,PROD-007,2026-08-20 01:57:00,Santa Cruz,CAM-13,CHO-035,453,453.0,72,66.8,1,1,1,,False
5289,ORD-2026-05289,CLI-004,PROD-049,2026-08-01 03:46:00,Santa Cruz,CAM-13,CHO-097,30,30.0,48,49.3,0,1,0,,False
5290,ORD-2026-05290,CLI-050,PROD-059,2026-08-18 13:51:00,La Paz,CAM-09,CHO-137,47,47.0,24,18.1,1,1,1,,False
5291,ORD-2026-05291,CLI-001,PROD-057,2026-08-21 21:42:00,La Paz,CAM-30,CHO-134,289,289.0,72,82.6,0,1,0,,False
5292,ORD-2026-05292,CLI-046,PROD-017,2026-08-13 22:27:00,Cochabamba,CAM-01,CHO-151,326,326.0,24,23.5,1,1,1,,False
5293,ORD-2026-05293,CLI-071,PROD-043,2026-08-03 11:06:00,La Paz,CAM-09,CHO-084,338,327.0,24,21.9,1,0,0,,False
5294,ORD-2026-05294,CLI-038,PROD-035,2026-08-18 00:15:00,Tarija,CAM-12,CHO-036,326,326.0,24,20.3,1,1,1,,False
5295,ORD-2026-05295,CLI-073,PROD-047,2026-08-01 23:34:00,La Paz,CAM-28,CHO-007,431,431.0,24,20.6,1,1,1,,False
5296,ORD-2026-05296,CLI-059,PROD-006,2026-08-15 12:07:00,Tarija,CAM-03,CHO-105,322,322.0,72,47.3,1,1,1,,False
5297,ORD-2026-05297,CLI-037,PROD-007,2026-08-13 07:21:00,Santa Cruz,CAM-06,CHO-114,309,309.0,72,49.0,1,1,1,,False
5298,ORD-2026-05298,CLI-036,PROD-002,2026-08-10 20:50:00,Oruro,CAM-16,CHO-136,396,396.0,72,56.3,1,1,1,,False
5299,ORD-2026-05299,CLI-036,PROD-009,2026-08-11 00:15:00,Cochabamba,CAM-19,CHO-016,143,143.0,24,22.1,1,1,1,,False
5300,ORD-2026-05300,CLI-020,PROD-002,2026-08-23 15:24:00,La Paz,CAM-28,CHO-039,339,339.0,24,20.0,1,1,1,,False
5301,ORD-2026-05301,CLI-044,PROD-035,2026-08-22 06:57:00,Oruro,CAM-05,CHO-038,87,87.0,24,18.0,1,1,1,,False
5302,ORD-2026-05302,CLI-019,PROD-041,2026-08-17 12:43:00,Tarija,CAM-12,CHO-056,253,253.0,48,32.8,1,1,1,,False
5303,ORD-2026-05303,CLI-030,PROD-008,2026-08-14 05:36:00,Cochabamba,CAM-01,CHO-115,103,103.0,24,14.5,1,1,1,,False
5304,ORD-2026-05304,CLI-001,PROD-032,2026-08-04 10:39:00,La Paz,CAM-09,CHO-139,76,76.0,72,60.6,1,1,1,,False
5305,ORD-2026-05305,CLI-040,PROD-005,2026-08-12 15:11:00,Tarija,CAM-12,CHO-043,247,247.0,72,72.5,0,1,0,,False
5306,ORD-2026-05306,CLI-086,PROD-030,2026-08-04 02:07:00,La Paz,CAM-30,CHO-064,108,108.0,72,49.6,1,1,1,,False
5307,ORD-2026-05307,CLI-081,PROD-001,2026-08-17 15:03:00,Tarija,CAM-12,CHO-015,474,474.0,24,21.6,1,1,1,,False
5308,ORD-2026-05308,CLI-034,PROD-039,2026-08-14 09:03:00,Cochabamba,CAM-08,CHO-058,409,409.0,24,14.6,1,1,1,,False
5309,ORD-2026-05309,CLI-090,PROD-025,2026-08-15 18:47:00,La Paz,CAM-09,CHO-071,359,359.0,72,64.5,1,1,1,,False
5310,ORD-2026-05310,CLI-024,PROD-006,2026-08-16 12:25:00,Cochabamba,CAM-17,CHO-016,270,270.0,48,55.6,0,1,0,,False
5311,ORD-2026-05311,CLI-094,PROD-049,2026-08-12 20:27:00,Tarija,CAM-03,CHO-008,430,430.0,72,79.2,0,1,0,,False
5312,ORD-2026-05312,CLI-055,PROD-033,2026-08-08 22:32:00,Oruro,CAM-02,CHO-067,68,68.0,24,19.7,1,1,1,,False
5313,ORD-2026-05313,CLI-055,PROD-058,2026-08-13 08:20:00,Oruro,CAM-02,CHO-117,486,482.0,72,75.4,0,0,0,,False
5314,ORD-2026-05314,CLI-096,PROD-012,2026-08-08 11:49:00,Cochabamba,CAM-01,CHO-145,441,441.0,48,20.4,1,1,1,,False
5315,ORD-2026-05315,CLI-016,PROD-014,2026-08-14 09:50:00,Tarija,CAM-26,CHO-015,323,323.0,72,57.1,1,1,1,,False
5316,ORD-2026-05316,CLI-047,PROD-020,2026-08-03 17:46:00,Santa Cruz,CAM-14,CHO-123,473,473.0,24,8.8,1,1,1,,False
5317,ORD-2026-05317,CLI-082,PROD-002,2026-08-14 02:52:00,La Paz,CAM-09,CHO-066,437,437.0,48,32.9,1,1,1,,False
5318,ORD-2026-05318,CLI-072,PROD-043,2026-08-02 23:26:00,Tarija,CAM-12,CHO-031,73,54.0,24,21.0,1,0,0,,False
5319,ORD-2026-05319,CLI-086,PROD-017,2026-08-17 09:20:00,La Paz,CAM-09,CHO-052,430,430.0,24,24.5,0,1,0,,False
5320,ORD-2026-05320,CLI-076,PROD-016,2026-08-02 03:39:00,Oruro,CAM-05,CHO-003,75,75.0,24,24.6,0,1,0,,False
5321,ORD-2026-05321,CLI-083,PROD-052,2026-08-23 19:23:00,Cochabamba,CAM-01,CHO-055,124,124.0,24,26.3,0,1,0,,False
5322,ORD-2026-05322,CLI-008,PROD-004,2026-08-03 17:29:00,Santa Cruz,CAM-13,CHO-075,105,105.0,48,43.5,1,1,1,,False
5323,ORD-2026-05323,CLI-026,PROD-007,2026-08-07 13:52:00,Cochabamba,CAM-08,CHO-147,297,297.0,48,31.2,1,1,1,,False
5324,ORD-2026-05324,CLI-054,PROD-042,2026-08-08 23:12:00,La Paz,CAM-28,CHO-107,357,357.0,24,25.9,0,1,0,,False
5325,ORD-2026-05325,CLI-093,PROD-012,2026-08-13 07:38:00,Oruro,CAM-05,CHO-144,337,337.0,24,16.4,1,1,1,,False
5326,ORD-2026-05326,CLI-029,PROD-011,2026-08-30 22:10:00,Oruro,CAM-05,CHO-022,475,475.0,24,21.9,1,1,1,,False
5327,ORD-2026-05327,CLI-009,PROD-022,2026-08-03 22:09:00,La Paz,CAM-09,CHO-040,486,486.0,48,45.7,1,1,1,,False
5328,ORD-2026-05328,CLI-025,PROD-041,2026-08-08 04:56:00,La Paz,CAM-28,CHO-027,27,27.0,48,41.5,1,1,1,,False
5329,ORD-2026-05329,CLI-038,PROD-048,2026-08-08 21:58:00,La Paz,CAM-28,CHO-093,410,410.0,48,39.5,1,1,1,,False
5330,ORD-2026-05330,CLI-014,PROD-049,2026-08-13 20:42:00,La Paz,CAM-09,CHO-091,17,17.0,24,20.5,1,1,1,,False
5331,ORD-2026-05331,CLI-011,PROD-027,2026-08-26 12:57:00,La Paz,CAM-15,CHO-134,105,105.0,48,43.4,1,1,1,,False
5332,ORD-2026-05332,CLI-074,PROD-040,2026-08-15 19:32:00,Cochabamba,CAM-23,CHO-041,235,235.0,48,44.4,1,1,1,,False
5333,ORD-2026-05333,CLI-030,PROD-035,2026-08-15 12:22:00,Santa Cruz,CAM-13,CHO-104,352,352.0,24,14.9,1,1,1,,False
5334,ORD-2026-05334,CLI-092,PROD-021,2026-08-12 06:39:00,Tarija,CAM-26,CHO-009,414,414.0,48,29.5,1,1,1,,False
5335,ORD-2026-05335,CLI-027,PROD-011,2026-08-12 12:26:00,Oruro,CAM-05,CHO-110,160,160.0,48,53.1,0,1,0,,False
5336,ORD-2026-05336,CLI-089,PROD-042,2026-08-15 02:08:00,Santa Cruz,CAM-11,CHO-059,487,487.0,48,34.7,1,1,1,,False
5337,ORD-2026-05337,CLI-094,PROD-052,2026-08-30 06:14:00,Cochabamba,CAM-01,CHO-090,217,217.0,72,61.7,1,1,1,,False
5338,ORD-2026-05338,CLI-060,PROD-047,2026-08-07 10:22:00,Oruro,CAM-24,CHO-051,216,216.0,24,20.6,1,1,1,,False
5339,ORD-2026-05339,CLI-009,PROD-042,2026-08-25 22:14:00,La Paz,CAM-28,CHO-027,465,465.0,48,36.0,1,1,1,,False
5340,ORD-2026-05340,CLI-041,PROD-010,2026-08-21 18:09:00,Santa Cruz,CAM-14,CHO-062,75,75.0,72,46.9,1,1,1,,False
5341,ORD-2026-05341,CLI-087,PROD-048,2026-08-05 11:51:00,Santa Cruz,CAM-10,CHO-020,217,217.0,24,22.3,1,1,1,,False
5342,ORD-2026-05342,CLI-010,PROD-017,2026-08-07 21:54:00,Oruro,CAM-05,CHO-119,247,247.0,72,52.3,1,1,1,,False
5343,ORD-2026-05343,CLI-012,PROD-058,2026-08-11 04:31:00,Cochabamba,CAM-17,CHO-073,43,,24,17.7,1,1,1,cantidad_entregada,True
5344,ORD-2026-05344,CLI-065,PROD-051,2026-08-27 06:13:00,La Paz,CAM-28,CHO-102,318,318.0,24,15.8,1,1,1,,False
5345,ORD-2026-05345,CLI-027,PROD-052,2026-08-10 16:16:00,Oruro,CAM-05,CHO-150,308,308.0,24,26.8,0,1,0,,False
5346,ORD-2026-05346,CLI-060,PROD-012,2026-08-16 15:35:00,Tarija,CAM-12,CHO-088,154,154.0,72,73.7,0,1,0,,False
5347,ORD-2026-05347,CLI-045,PROD-047,2026-08-12 10:30:00,Santa Cruz,CAM-10,CHO-109,183,183.0,48,41.6,1,1,1,,False
5348,ORD-2026-05348,CLI-084,PROD-018,2026-08-23 08:23:00,Oruro,CAM-05,CHO-144,234,234.0,24,23.0,1,1,1,,False
5349,ORD-2026-05349,CLI-032,PROD-036,2026-08-29 03:07:00,Tarija,CAM-03,CHO-061,238,238.0,24,20.8,1,1,1,,False
5350,ORD-2026-05350,CLI-004,PROD-060,2026-08-30 17:10:00,Santa Cruz,CAM-14,CHO-113,472,472.0,48,31.3,1,1,1,,False
5351,ORD-2026-05351,CLI-024,PROD-047,2026-08-27 01:05:00,Oruro,CAM-05,CHO-067,32,32.0,48,61.3,0,1,0,,False
5352,ORD-2026-05352,CLI-058,PROD-048,2026-08-22 09:18:00,Tarija,CAM-12,CHO-008,351,351.0,48,40.2,1,1,1,,False
5353,ORD-2026-05353,CLI-008,PROD-057,2026-08-09 04:26:00,La Paz,CAM-30,CHO-084,72,72.0,72,65.1,1,1,1,,False
5354,ORD-2026-05354,CLI-034,PROD-053,2026-08-11 19:17:00,La Paz,CAM-09,CHO-107,259,259.0,72,59.8,1,1,1,,False
5355,ORD-2026-05355,CLI-089,PROD-034,2026-08-11 22:59:00,Cochabamba,CAM-22,CHO-073,440,440.0,24,13.5,1,1,1,,False
5356,ORD-2026-05356,CLI-054,PROD-015,2026-08-10 00:56:00,Santa Cruz,CAM-13,CHO-025,228,228.0,72,39.2,1,1,1,,False
5357,ORD-2026-05357,CLI-075,PROD-001,2026-08-27 18:22:00,Cochabamba,CAM-23,CHO-115,203,203.0,48,37.8,1,1,1,,False
5358,ORD-2026-05358,CLI-073,PROD-047,2026-08-14 13:17:00,Oruro,CAM-02,CHO-118,452,452.0,24,19.1,1,1,1,,False
5359,ORD-2026-05359,CLI-032,PROD-046,2026-08-30 21:43:00,Oruro,CAM-07,CHO-110,359,359.0,24,16.3,1,1,1,,False
5360,ORD-2026-05360,CLI-050,PROD-026,2026-08-09 04:38:00,Tarija,CAM-26,CHO-044,45,45.0,48,53.6,0,1,0,,False
5361,ORD-2026-05361,CLI-033,PROD-019,2026-08-10 23:38:00,Santa Cruz,CAM-14,CHO-080,35,35.0,48,39.1,1,1,1,,False
5362,ORD-2026-05362,CLI-019,PROD-044,2026-08-03 22:26:00,Tarija,CAM-12,CHO-122,64,64.0,72,45.8,1,1,1,,False
5363,ORD-2026-05363,CLI-029,PROD-051,2026-08-12 07:31:00,Tarija,CAM-03,CHO-008,479,479.0,24,22.8,1,1,1,,False
5364,ORD-2026-05364,CLI-031,PROD-047,2026-08-04 05:54:00,La Paz,CAM-27,CHO-063,478,478.0,24,16.0,1,1,1,,False
5365,ORD-2026-05365,CLI-004,PROD-013,2026-08-22 04:31:00,La Paz,CAM-28,CHO-039,214,214.0,48,42.2,1,1,1,,False
5366,ORD-2026-05366,CLI-040,PROD-055,2026-08-08 07:39:00,Oruro,CAM-07,CHO-032,236,236.0,48,56.5,0,1,0,,False
5367,ORD-2026-05367,CLI-080,PROD-013,2026-08-24 23:03:00,Oruro,CAM-05,CHO-032,487,487.0,48,39.0,1,1,1,,False
5368,ORD-2026-05368,CLI-018,PROD-051,2026-08-05 15:59:00,Santa Cruz,CAM-20,CHO-025,347,347.0,48,47.4,1,1,1,,False
5369,ORD-2026-05369,CLI-066,PROD-029,2026-08-22 10:05:00,Cochabamba,CAM-08,CHO-112,276,276.0,48,58.8,0,1,0,,False
5370,ORD-2026-05370,CLI-091,PROD-023,2026-08-03 21:39:00,La Paz,CAM-28,CHO-066,484,484.0,48,36.6,1,1,1,,False
5371,ORD-2026-05371,CLI-069,PROD-045,2026-08-01 01:13:00,La Paz,CAM-27,CHO-052,32,26.0,48,32.9,1,0,0,,False
5372,ORD-2026-05372,CLI-057,PROD-036,2026-08-04 17:06:00,Tarija,CAM-12,CHO-088,284,284.0,48,30.1,1,1,1,,False
5373,ORD-2026-05373,CLI-001,PROD-016,2026-08-27 13:49:00,Tarija,CAM-26,CHO-009,152,152.0,72,73.2,0,1,0,,False
5374,ORD-2026-05374,CLI-099,PROD-042,2026-08-24 01:55:00,Santa Cruz,CAM-21,CHO-018,164,164.0,48,53.8,0,1,0,,False
5375,ORD-2026-05375,CLI-022,PROD-046,2026-08-16 23:14:00,Cochabamba,CAM-19,CHO-086,216,216.0,24,25.5,0,1,0,,False
5376,ORD-2026-05376,CLI-077,PROD-019,2026-08-16 17:28:00,Santa Cruz,CAM-13,CHO-104,80,80.0,48,40.1,1,1,1,,False
5377,ORD-2026-05377,CLI-078,PROD-035,2026-08-17 13:25:00,Cochabamba,CAM-08,CHO-047,42,42.0,48,42.3,1,1,1,,False
5378,ORD-2026-05378,CLI-023,PROD-014,2026-08-30 08:42:00,La Paz,CAM-28,CHO-023,364,364.0,48,39.1,1,1,1,,False
5379,ORD-2026-05379,CLI-033,PROD-002,2026-08-02 08:50:00,Oruro,CAM-05,CHO-119,433,433.0,72,61.2,1,1,1,,False
5380,ORD-2026-05380,CLI-027,PROD-045,2026-08-30 20:25:00,Cochabamba,CAM-23,CHO-069,432,432.0,48,48.3,0,1,0,,False
5381,ORD-2026-05381,CLI-093,PROD-022,2026-08-19 12:33:00,La Paz,CAM-09,CHO-005,435,435.0,48,39.2,1,1,1,,False
5382,ORD-2026-05382,CLI-039,PROD-054,2026-08-18 01:43:00,Oruro,CAM-24,CHO-051,275,275.0,24,18.4,1,1,1,,False
5383,ORD-2026-05383,CLI-097,PROD-001,2026-08-24 08:17:00,La Paz,CAM-09,CHO-066,143,143.0,72,52.1,1,1,1,,False
5384,ORD-2026-05384,CLI-029,PROD-029,2026-08-26 20:41:00,La Paz,CAM-15,CHO-027,198,198.0,48,41.1,1,1,1,,False
5385,ORD-2026-05385,CLI-055,PROD-004,2026-08-06 03:34:00,La Paz,CAM-09,CHO-126,276,276.0,24,15.0,1,1,1,,False
5386,ORD-2026-05386,CLI-020,PROD-031,2026-08-23 21:38:00,La Paz,CAM-28,CHO-052,18,18.0,48,43.5,1,1,1,,False
5387,ORD-2026-05387,CLI-058,PROD-002,2026-08-19 04:31:00,Santa Cruz,CAM-13,CHO-013,418,418.0,24,22.3,1,1,1,,False
5388,ORD-2026-05388,CLI-029,PROD-028,2026-08-07 05:22:00,Oruro,CAM-07,CHO-067,203,203.0,48,26.6,1,1,1,,False
5389,ORD-2026-05389,CLI-041,PROD-016,2026-08-11 12:20:00,Oruro,CAM-16,CHO-003,201,201.0,72,51.2,1,1,1,,False
5390,ORD-2026-05390,CLI-094,PROD-060,2026-08-01 11:54:00,Tarija,CAM-12,CHO-031,311,311.0,72,64.3,1,1,1,,False
5391,ORD-2026-05391,CLI-058,PROD-024,2026-08-28 11:45:00,Tarija,CAM-26,CHO-015,291,291.0,24,19.1,1,1,1,,False
5392,ORD-2026-05392,CLI-097,PROD-012,2026-08-27 09:12:00,Tarija,CAM-03,CHO-036,227,227.0,48,31.2,1,1,1,,False
5393,ORD-2026-05393,CLI-016,PROD-004,2026-08-21 06:52:00,Santa Cruz,CAM-13,CHO-079,346,346.0,72,39.7,1,1,1,,False
5394,ORD-2026-05394,CLI-039,PROD-047,2026-08-06 01:08:00,Cochabamba,CAM-19,CHO-087,436,436.0,48,46.3,1,1,1,,False
5395,ORD-2026-05395,CLI-078,PROD-031,2026-08-08 23:41:00,Cochabamba,CAM-08,CHO-094,66,66.0,24,25.3,0,1,0,,False
5396,ORD-2026-05396,CLI-020,PROD-008,2026-08-30 20:06:00,Santa Cruz,CAM-14,CHO-079,64,64.0,72,53.7,1,1,1,,False
5397,ORD-2026-05397,CLI-009,PROD-037,2026-08-24 03:55:00,Oruro,CAM-16,CHO-038,377,364.0,24,14.9,1,0,0,,False
5398,ORD-2026-05398,CLI-099,PROD-020,2026-08-01 01:18:00,La Paz,CAM-09,CHO-072,20,20.0,24,25.5,0,1,0,,False
5399,ORD-2026-05399,CLI-092,PROD-024,2026-08-06 01:26:00,Santa Cruz,CAM-25,CHO-079,120,116.0,24,21.8,1,0,0,,False
5400,ORD-2026-05400,CLI-046,PROD-025,2026-08-14 15:27:00,Oruro,CAM-05,CHO-118,482,482.0,24,19.6,1,1,1,,False
5401,ORD-2026-05401,CLI-038,PROD-033,2026-08-06 06:26:00,Cochabamba,CAM-19,CHO-151,85,85.0,48,36.5,1,1,1,,False
5402,ORD-2026-05402,CLI-059,PROD-036,2026-08-21 04:54:00,Cochabamba,CAM-08,CHO-089,362,350.0,48,48.4,0,0,0,,False
5403,ORD-2026-05403,CLI-089,PROD-036,2026-08-07 11:03:00,Cochabamba,CAM-08,CHO-086,251,251.0,72,59.7,1,1,1,,False
5404,ORD-2026-05404,CLI-018,PROD-052,2026-08-13 08:28:00,Cochabamba,CAM-22,CHO-143,282,282.0,48,39.2,1,1,1,,False
5405,ORD-2026-05405,CLI-059,PROD-057,2026-08-23 07:40:00,La Paz,CAM-30,CHO-001,194,194.0,24,17.9,1,1,1,,False
5406,ORD-2026-05406,CLI-078,PROD-029,2026-08-16 10:15:00,Santa Cruz,CAM-29,CHO-103,212,212.0,24,18.0,1,1,1,,False
5407,ORD-2026-05407,CLI-020,PROD-050,2026-08-26 10:02:00,Oruro,CAM-05,CHO-117,324,324.0,24,17.8,1,1,1,,False
5408,ORD-2026-05408,CLI-055,PROD-007,2026-08-06 00:58:00,Oruro,CAM-07,CHO-003,110,110.0,72,47.2,1,1,1,,False
5409,ORD-2026-05409,CLI-033,PROD-022,2026-08-13 07:23:00,Cochabamba,CAM-23,CHO-143,40,40.0,72,67.7,1,1,1,,False
5410,ORD-2026-05410,CLI-055,PROD-006,2026-08-15 07:55:00,Tarija,CAM-12,CHO-146,130,130.0,24,18.3,1,1,1,,False
5411,ORD-2026-05411,CLI-050,PROD-045,2026-08-02 19:47:00,Tarija,CAM-12,CHO-146,138,138.0,48,33.0,1,1,1,,False
5412,ORD-2026-05412,CLI-096,PROD-035,2026-08-23 00:57:00,Oruro,CAM-05,CHO-051,199,199.0,24,15.5,1,1,1,,False
5413,ORD-2026-05413,CLI-015,PROD-011,2026-08-10 00:17:00,Cochabamba,CAM-22,CHO-006,452,439.0,48,32.9,1,0,0,,False
5414,ORD-2026-05414,CLI-045,PROD-027,2026-08-03 02:19:00,Santa Cruz,CAM-21,CHO-025,173,173.0,48,30.3,1,1,1,,False
5415,ORD-2026-05415,CLI-003,PROD-025,2026-08-14 02:43:00,La Paz,CAM-09,CHO-093,455,455.0,48,28.1,1,1,1,,False
5416,ORD-2026-05416,CLI-031,PROD-024,2026-08-06 17:25:00,Oruro,CAM-02,CHO-038,262,262.0,24,20.1,1,1,1,,False
5417,ORD-2026-05417,CLI-011,PROD-047,2026-08-19 22:45:00,Cochabamba,CAM-08,CHO-112,192,192.0,48,30.2,1,1,1,,False
5418,ORD-2026-05418,CLI-019,PROD-052,2026-08-11 17:52:00,La Paz,CAM-28,CHO-023,271,271.0,24,25.1,0,1,0,,False
5419,ORD-2026-05419,CLI-016,PROD-019,2026-08-24 23:28:00,Cochabamba,CAM-01,CHO-090,52,52.0,24,15.2,1,1,1,,False
5420,ORD-2026-05420,CLI-001,PROD-035,2026-08-12 08:11:00,Cochabamba,CAM-23,CHO-125,190,190.0,24,19.5,1,1,1,,False
5421,ORD-2026-05421,CLI-030,PROD-025,2026-08-22 03:27:00,La Paz,CAM-09,CHO-084,288,288.0,48,41.6,1,1,1,,False
5422,ORD-2026-05422,CLI-052,PROD-057,2026-08-21 23:30:00,Oruro,CAM-02,CHO-144,360,360.0,24,20.3,1,1,1,,False
5423,ORD-2026-05423,CLI-056,PROD-030,2026-08-23 05:28:00,Oruro,CAM-24,CHO-117,364,364.0,48,23.8,1,1,1,,False
5424,ORD-2026-05424,CLI-046,PROD-002,2026-08-09 01:45:00,Tarija,CAM-03,CHO-043,300,300.0,48,31.8,1,1,1,,False
5425,ORD-2026-05425,CLI-097,PROD-049,2026-08-14 17:04:00,Santa Cruz,CAM-14,CHO-121,103,103.0,24,18.8,1,1,1,,False
5426,ORD-2026-05426,CLI-011,PROD-009,2026-08-21 14:52:00,Santa Cruz,CAM-25,CHO-142,333,333.0,24,15.8,1,1,1,,False
5427,ORD-2026-05427,CLI-040,PROD-059,2026-08-05 11:14:00,Santa Cruz,CAM-13,CHO-096,103,103.0,24,21.3,1,1,1,,False
5428,ORD-2026-05428,CLI-081,PROD-003,2026-08-10 19:15:00,Cochabamba,CAM-23,CHO-058,78,78.0,48,41.4,1,1,1,,False
5429,ORD-2026-05429, cli-029 ,PROD-036,2026-08-27 02:15:00,Cochabamba,CAM-01,CHO-033,321,321.0,48,34.9,1,1,1,cliente_id,True
5430,ORD-2026-05430,CLI-056,PROD-001,2026-08-03 12:17:00,Oruro,CAM-05,CHO-022,338,338.0,24,21.2,1,1,1,,False
5431,ORD-2026-05431,CLI-011,PROD-055,2026-08-05 13:30:00,Santa Cruz,CAM-20,CHO-109,154,154.0,48,29.9,1,1,1,,False
5432,ORD-2026-05432,CLI-087,PROD-008,2026-08-21 15:29:00,Santa Cruz,CAM-10,CHO-060,403,403.0,72,60.5,1,1,1,,False
5433,ORD-2026-05433,CLI-059,PROD-030,2026-08-14 08:22:00,La Paz,CAM-27,CHO-023,459,459.0,48,45.9,1,1,1,,False
5434,ORD-2026-05434,CLI-039,PROD-010,2026-08-10 13:20:00,La Paz,CAM-09,CHO-072,336,336.0,72,65.3,1,1,1,,False
5435,ORD-2026-05435,CLI-022,PROD-006,2026-08-23 18:09:00,Oruro,CAM-05,CHO-144,139,139.0,48,33.7,1,1,1,,False
5436,ORD-2026-05436,CLI-066,PROD-054,2026-08-29 07:32:00,La Paz,CAM-15,CHO-021,474,474.0,48,44.9,1,1,1,,False
5437,ORD-2026-05437,CLI-033,PROD-033,2026-08-16 14:25:00,Cochabamba,CAM-08,CHO-014,37,37.0,48,-48.6,0,1,0,tiempo_entrega_real_hrs,True
5438,ORD-2026-05438,CLI-097,PROD-050,2026-08-14 23:47:00,Tarija,CAM-12,CHO-050,275,275.0,72,78.1,0,1,0,,False
5439,ORD-2026-05439,CLI-079,PROD-056,2026-08-11 06:06:00,Cochabamba,CAM-23,CHO-143,308,308.0,24,21.2,1,1,1,,False
5440,ORD-2026-05440,CLI-015,PROD-034,2026-08-10 13:16:00,Oruro,CAM-02,CHO-136,197,197.0,72,58.7,1,1,1,,False
5441,ORD-2026-05441,CLI-008,PROD-046,2026-08-12 01:53:00,La Paz,CAM-27,CHO-017,444,444.0,48,57.1,0,1,0,,False
5442,ORD-2026-05442,CLI-097,PROD-050,2026-08-03 10:51:00,La Paz,CAM-09,CHO-134,350,350.0,24,16.6,1,1,1,,False
5443, ord-2026-05443 ,CLI-008,PROD-011,2026-08-02 11:10:00,La Paz,CAM-09,CHO-057,255,255.0,48,43.2,1,1,1,order_id,True
5444,ORD-2026-05444,CLI-074,PROD-037,2026-08-28 21:31:00,Oruro,CAM-02,CHO-098,36,36.0,24,27.8,0,1,0,,False
5445,ORD-2026-05445,CLI-091,PROD-031,2026-08-17 05:26:00,Cochabamba,CAM-08,CHO-138,363,363.0,24,13.9,1,1,1,,False
5446,ORD-2026-05446,CLI-035,PROD-024,2026-08-19 06:15:00,Oruro,CAM-16,CHO-032,39,39.0,48,35.7,1,1,1,,False
5447,ORD-2026-05447,CLI-009,PROD-009,2026-08-24 00:40:00,Tarija,CAM-26,CHO-061,341,341.0,48,24.2,1,1,1,,False
5448,ORD-2026-05448,CLI-054,PROD-031,2026-08-04 19:20:00,Cochabamba,CAM-23,CHO-055,343,343.0,24,20.1,1,1,1,,False
5449,ORD-2026-05449,CLI-055,PROD-002,2026-08-25 02:53:00,Tarija,CAM-12,CHO-105,107,107.0,48,27.3,1,1,1,,False
5450,ORD-2026-05450,CLI-051,PROD-009,2026-08-11 12:03:00,Oruro,CAM-24,CHO-003,274,274.0,72,54.2,1,1,1,,False
5451,ORD-2026-05451,CLI-068,PROD-007,2026-08-13 10:51:00,Santa Cruz,CAM-18,CHO-141,248,248.0,24,18.8,1,1,1,,False
5452,ORD-2026-05452,CLI-053,PROD-045,2026-08-14 14:06:00,Oruro,CAM-24,CHO-038,327,327.0,72,61.3,1,1,1,,False
5453,ORD-2026-05453,CLI-022,PROD-015,2026-08-18 11:28:00,Oruro,CAM-05,CHO-067,108,108.0,48,46.5,1,1,1,,False
5454,ORD-2026-05454,CLI-083,PROD-052,2026-08-28 22:27:00,Oruro,CAM-05,CHO-038,179,179.0,24,16.4,1,1,1,,False
5455,ORD-2026-05455,CLI-026,PROD-048,2026-08-18 12:16:00,La Paz,CAM-09,CHO-064,246,246.0,48,37.7,1,1,1,,False
5456,ORD-2026-05456,CLI-077,PROD-050,2026-08-15 20:01:00,La Paz,CAM-09,CHO-040,104,104.0,72,55.7,1,1,1,,False
5457,ORD-2026-05457,CLI-035,PROD-060,2026-08-15 21:03:00,Oruro,CAM-02,CHO-051,249,249.0,24,19.0,1,1,1,,False
5458,ORD-2026-05458,CLI-058,PROD-052,2026-08-11 10:52:00,Tarija,CAM-03,CHO-045,220,220.0,48,26.9,1,1,1,,False
5459,ORD-2026-05459,CLI-022,PROD-012,2026-08-29 11:01:00,Cochabamba,CAM-01,CHO-058,88,88.0,72,69.4,1,1,1,,False
5460,ORD-2026-05460,CLI-093,PROD-022,2026-08-26 22:33:00,Cochabamba,CAM-22,CHO-131,479,474.0,24,19.0,1,0,0,,False
5461,ORD-2026-05461,CLI-031,PROD-008,2026-08-07 08:24:00,Oruro,CAM-05,CHO-032,284,284.0,24,18.2,1,1,1,,False
5462,ORD-2026-05462,CLI-095,PROD-050,2026-08-28 12:14:00,La Paz,CAM-28,CHO-040,209,209.0,48,54.9,0,1,0,,False
5463,ORD-2026-05463,CLI-043,PROD-054,2026-08-16 20:01:00,Santa Cruz,CAM-20,CHO-079,129,117.0,24,23.0,1,0,0,,False
5464,ORD-2026-05464,CLI-069,PROD-030,2026-08-09 18:18:00,Tarija,CAM-26,CHO-061,53,53.0,72,70.5,1,1,1,,False
5465,ORD-2026-05465,CLI-023,PROD-002,2026-08-29 07:13:00,Santa Cruz,CAM-20,CHO-075,48,48.0,48,44.3,1,1,1,,False
5466,ORD-2026-05466,CLI-043,PROD-047,2026-08-22 08:58:00,Oruro,CAM-07,CHO-022,41,41.0,48,35.8,1,1,1,,False
5467,ORD-2026-05467,CLI-005,PROD-004,2026-08-04 19:51:00,Santa Cruz,CAM-11,CHO-085,14,14.0,24,17.4,1,1,1,,False
5468,ORD-2026-05468,CLI-010,PROD-032,2026-08-05 20:14:00,Cochabamba,CAM-08,CHO-033,82,65.0,24,21.4,1,0,0,,False
5469,ORD-2026-05469,CLI-071,PROD-011,2026-08-10 02:10:00,La Paz,CAM-09,CHO-027,64,64.0,72,61.3,1,1,1,,False
5470,ORD-2026-05470,CLI-076,PROD-012,2026-08-09 22:59:00,Santa Cruz,CAM-20,CHO-011,59,59.0,24,19.0,1,1,1,,False
5471,ORD-2026-05471,CLI-041,PROD-055,2026-08-13 08:31:00,Santa Cruz,CAM-21,CHO-030,189,189.0,24,22.2,1,1,1,,False
5472,ORD-2026-05472,CLI-083,PROD-056,2026-08-26 05:02:00,Oruro,CAM-05,CHO-136,83,83.0,48,45.7,1,1,1,,False
5473,ORD-2026-05473,CLI-044,PROD-040,2026-08-22 15:29:00,Cochabamba,CAM-08,CHO-124,387,387.0,48,50.3,0,1,0,,False
5474,ORD-2026-05474,CLI-010,PROD-052,2026-08-25 01:43:00,Santa Cruz,CAM-29,CHO-024,185,185.0,24,16.9,1,1,1,,False
5475,ORD-2026-05475,CLI-006,PROD-014,2026-08-11 21:24:00,Oruro,CAM-05,CHO-110,46,46.0,72,62.0,1,1,1,,False
5476,ORD-2026-05476,CLI-016,PROD-037,2026-08-16 14:40:00,Santa Cruz,CAM-18,CHO-018,21,21.0,24,26.9,0,1,0,,False
5477,ORD-2026-05477,CLI-018,PROD-006,2026-08-27 20:26:00,La Paz,CAM-15,CHO-063,235,235.0,48,40.7,1,1,1,,False
5478,ORD-2026-05478,CLI-055,PROD-057,2026-08-06 02:08:00,Tarija,CAM-12,CHO-036,409,409.0,72,40.5,1,1,1,,False
5479,ORD-2026-05479,CLI-020,PROD-005,2026-08-25 06:21:00,Oruro,CAM-24,CHO-003,418,418.0,48,25.6,1,1,1,,False
5480,ORD-2026-05480,CLI-066,PROD-027,2026-08-22 18:32:00,Tarija,CAM-12,CHO-010,250,250.0,24,17.6,1,1,1,,False
5481,ORD-2026-05481,CLI-024,PROD-047,2026-08-20 21:50:00,Santa Cruz,CAM-29,CHO-078,257,257.0,72,65.0,1,1,1,,False
5482,ORD-2026-05482,CLI-026,PROD-056,2026-08-17 15:19:00,Cochabamba,CAM-08,CHO-065,122,120.0,48,46.4,1,0,0,,False
5483,ORD-2026-05483,CLI-067,PROD-005,2026-08-15 23:00:00,Tarija,CAM-26,CHO-088,177,177.0,48,47.1,1,1,1,,False
5484,ORD-2026-05484,CLI-051,PROD-033,2026-08-06 11:17:00,La Paz,CAM-27,CHO-007,335,335.0,48,40.7,1,1,1,,False
5485,ORD-2026-05485,CLI-070,PROD-058,2026-08-07 18:07:00,Santa Cruz,CAM-18,CHO-029,79,79.0,48,33.5,1,1,1,,False
5486,ORD-2026-05486,CLI-027,PROD-026,2026-08-08 19:45:00,La Paz,CAM-28,CHO-102,192,192.0,24,22.0,1,1,1,,False
5487,ORD-2026-05487,CLI-008,PROD-001,2026-08-04 05:21:00,Tarija,CAM-12,CHO-088,485,485.0,48,45.8,1,1,1,,False
5488,ORD-2026-05488,CLI-022,PROD-035,2026-08-30 00:53:00,Santa Cruz,CAM-14,CHO-028,190,190.0,24,18.7,1,1,1,,False
5489,ORD-2026-05489,CLI-035,PROD-043,2026-08-16 17:08:00,Cochabamba,CAM-22,CHO-073,385,385.0,48,42.7,1,1,1,,False
5490,ORD-2026-05490,CLI-085,PROD-014,2026-08-28 19:42:00,La Paz,CAM-09,CHO-001,34,34.0,48,48.7,0,1,0,,False
5491,ORD-2026-05491,CLI-020,PROD-041,2026-08-11 19:18:00,Santa Cruz,CAM-20,CHO-101,358,358.0,48,35.6,1,1,1,,False
5492,ORD-2026-05492,CLI-096,PROD-036,2026-08-26 08:22:00,Oruro,CAM-05,CHO-032,81,81.0,72,79.1,0,1,0,,False
5493,ORD-2026-05493,CLI-060,PROD-047,2026-08-06 01:09:00,La Paz,CAM-28,CHO-017,212,212.0,48,47.4,1,1,1,,False
5494,ORD-2026-05494,CLI-040,PROD-048,2026-08-07 01:14:00,Santa Cruz,CAM-20,CHO-020,270,270.0,48,41.9,1,1,1,,False
5495,ORD-2026-05495,CLI-057,PROD-026,2026-08-03 11:39:00,Cochabamba,CAM-01,CHO-130,350,350.0,72,53.7,1,1,1,,False
5496,ORD-2026-05496,CLI-047,PROD-047,2026-08-20 22:39:00,Oruro,CAM-05,CHO-118,395,395.0,24,24.4,0,1,0,,False
5497,ORD-2026-05497,CLI-032,PROD-015,2026-08-12 17:44:00,Santa Cruz,CAM-20,CHO-020,119,119.0,48,44.0,1,1,1,,False
5498,ORD-2026-05498,CLI-073,PROD-056,2026-08-06 18:48:00,Cochabamba,CAM-08,CHO-086,10,10.0,48,35.6,1,1,1,,False
5499,ORD-2026-05499,CLI-028,PROD-040,2026-08-07 07:44:00,Oruro,CAM-05,CHO-051,118,118.0,72,62.1,1,1,1,,False
5500,ORD-2026-05500,CLI-044,PROD-015,2026-08-29 00:59:00,Cochabamba,CAM-08,CHO-138,313,313.0,24,14.5,1,1,1,,False
5501,ORD-2026-05501,CLI-028,PROD-012,2026-08-13 12:01:00,Tarija,CAM-12,CHO-009,201,201.0,48,31.7,1,1,1,,False
5502,ORD-2026-05502,CLI-028,PROD-029,2026-08-17 14:33:00,Oruro,CAM-24,CHO-118,63,63.0,24,18.0,1,1,1,,False
5503,ORD-2026-05503,CLI-079,PROD-019,2026-08-10 05:28:00,Cochabamba,CAM-08,CHO-151,66,66.0,48,46.8,1,1,1,,False
5504,ORD-2026-05504,CLI-048,PROD-044,2026-08-16 21:36:00,Santa Cruz,CAM-04,CHO-109,342,342.0,48,40.0,1,1,1,,False
5505,ORD-2026-05505,CLI-044,PROD-038,2026-08-08 08:25:00,Oruro,CAM-05,CHO-119,314,314.0,72,58.0,1,1,1,,False
5506,ORD-2026-05506,CLI-033,PROD-021,2026-08-30 09:27:00,Oruro,CAM-16,CHO-038,242,242.0,24,17.3,1,1,1,,False
5507,ORD-2026-05507,CLI-015,PROD-027,2026-08-05 18:25:00,Oruro,CAM-05,CHO-032,496,496.0,24,20.0,1,1,1,,False
5508,ORD-2026-05508,CLI-028,PROD-031,2026-08-09 19:00:00,Oruro,CAM-05,CHO-051,111,111.0,48,43.4,1,1,1,,False
5509,ORD-2026-05509,CLI-097,PROD-006,2026-08-30 12:01:00,Santa Cruz,CAM-25,CHO-020,207,207.0,48,32.1,1,1,1,,False
5510,ORD-2026-05510,CLI-050,PROD-022,2026-08-17 01:00:00,Oruro,CAM-05,CHO-098,311,311.0,48,43.8,1,1,1,,False
5511,ORD-2026-05511,CLI-098,PROD-018,2026-08-03 21:55:00,La Paz,CAM-09,CHO-040,158,158.0,48,39.4,1,1,1,,False
5512,ORD-2026-05512,CLI-046,PROD-047,2026-08-25 14:33:00,Cochabamba,CAM-19,CHO-124,182,182.0,48,58.6,0,1,0,,False
5513,ORD-2026-05513,CLI-072,PROD-029,2026-08-16 02:54:00,Cochabamba,CAM-22,CHO-077,299,299.0,24,22.9,1,1,1,,False
5514,ORD-2026-05514,CLI-039,PROD-033,2026-08-20 16:28:00,Oruro,CAM-07,CHO-119,208,208.0,24,18.4,1,1,1,,False
5515,ORD-2026-05515,CLI-010,PROD-036,2026-08-26 11:32:00,La Paz,CAM-28,CHO-007,172,172.0,72,68.2,1,1,1,,False
5516,ORD-2026-05516,CLI-070,PROD-006,2026-08-29 16:41:00,Oruro,CAM-07,CHO-067,374,374.0,24,18.4,1,1,1,,False
5517,ORD-2026-05517,CLI-014,PROD-004,2026-08-01 16:35:00,Santa Cruz,CAM-11,CHO-046,164,164.0,24,18.2,1,1,1,,False
5518,ORD-2026-05518,CLI-042,PROD-035,2026-08-15 18:16:00,Cochabamba,CAM-22,CHO-138,356,356.0,24,18.1,1,1,1,,False
5519,ORD-2026-05519,CLI-011,PROD-054,2026-08-26 12:15:00,La Paz,CAM-15,CHO-017,496,496.0,24,12.6,1,1,1,,False
5520,ORD-2026-05520,CLI-044,PROD-022,2026-08-18 04:50:00,Cochabamba,CAM-22,CHO-058,22,22.0,24,20.5,1,1,1,,False
5521,ORD-2026-05521,CLI-050,PROD-037,2026-08-25 03:09:00,Tarija,CAM-12,CHO-045,270,270.0,24,14.3,1,1,1,,False
5522,ORD-2026-05522,CLI-070,PROD-049,2026-08-06 04:59:00,Santa Cruz,CAM-13,CHO-070,20,20.0,72,59.7,1,1,1,,False
5523,ORD-2026-05523,CLI-042,PROD-011,2026-08-27 13:39:00,Santa Cruz,CAM-20,CHO-025,32,32.0,24,16.2,1,1,1,,False
5524,ORD-2026-05524,CLI-026,PROD-002,2026-08-27 18:20:00,Oruro,CAM-05,CHO-051,326,326.0,24,16.8,1,1,1,,False
5525,ORD-2026-05525,CLI-064,PROD-020,2026-08-02 09:56:00,Tarija,CAM-12,CHO-015,318,318.0,48,47.3,1,1,1,,False
5526,ORD-2026-05526,CLI-046, prod-004 ,2026-08-02 21:15:00,Tarija,CAM-12,CHO-050,46,46.0,72,69.7,1,1,1,producto_id,True
5527,ORD-2026-05527,CLI-042,PROD-057,2026-08-07 16:42:00,Tarija,CAM-12,CHO-036,302,302.0,48,23.0,1,1,1,,False
5528,ORD-2026-05528,CLI-020,PROD-022,2026-08-15 02:51:00,Oruro,CAM-05,CHO-098,88,88.0,72,75.0,0,1,0,,False
5529,ORD-2026-05529,CLI-049,PROD-019,2026-08-24 20:24:00,Cochabamba,CAM-08,CHO-124,189,189.0,24,15.9,1,1,1,,False
5530,ORD-2026-05530,CLI-082,PROD-051,2026-08-26 01:34:00,La Paz,CAM-28,CHO-023,241,241.0,72,60.4,1,1,1,,False
5531,ORD-2026-05531,CLI-079,PROD-022,2026-08-24 06:38:00,La Paz,CAM-28,CHO-148,373,373.0,72,77.9,0,1,0,,False
5532,ORD-2026-05532,CLI-052,PROD-010,2026-08-11 02:54:00,Cochabamba,CAM-19,CHO-111,146,146.0,24,17.8,1,1,1,,False
5533,ORD-2026-05533,CLI-078,PROD-012,2026-08-30 16:04:00,Santa Cruz,CAM-14,CHO-097,262,262.0,72,56.0,1,1,1,,False
5534,ORD-2026-05534,CLI-080,PROD-012,2026-08-05 02:01:00,Cochabamba,CAM-23,CHO-138,205,205.0,72,81.5,0,1,0,,False
5535,ORD-2026-05535,CLI-056,PROD-013,2026-08-29 18:38:00,Santa Cruz,CAM-13,CHO-142,403,403.0,72,48.1,1,1,1,,False
5536,ORD-2026-05536,CLI-031,PROD-037,2026-08-09 19:28:00,La Paz,CAM-30,CHO-049,486,486.0,24,17.3,1,1,1,,False
5537,ORD-2026-05537,CLI-038,PROD-004,2026-08-11 18:32:00,Cochabamba,CAM-08,CHO-065,166,166.0,48,43.2,1,1,1,,False
5538,ORD-2026-05538,CLI-011,PROD-023,2026-08-25 20:10:00,La Paz,CAM-30,CHO-017,86,86.0,72,62.7,1,1,1,,False
5539,ORD-2026-05539,CLI-031,PROD-002,2026-08-13 11:14:00,La Paz,CAM-28,CHO-127,305,305.0,24,16.8,1,1,1,,False
5540,ORD-2026-05540,CLI-043,PROD-058,2026-08-20 23:49:00,Santa Cruz,CAM-14,CHO-099,355,355.0,48,48.7,0,1,0,,False
5541, ord-2026-05541 ,CLI-026,PROD-030,2026-08-27 11:01:00,Santa Cruz,CAM-18,CHO-018,468,468.0,72,55.0,1,1,1,order_id,True
5542,ORD-2026-05542,CLI-059,PROD-017,2026-08-20 23:56:00,La Paz,CAM-28,CHO-071,94,94.0,24,16.6,1,1,1,,False
5543,ORD-2026-05543,CLI-086,PROD-016,2026-08-06 16:51:00,Santa Cruz,CAM-10,CHO-103,466,466.0,24,20.3,1,1,1,,False
5544,ORD-2026-05544,CLI-089,PROD-001,2026-08-25 00:48:00,Oruro,CAM-05,CHO-117,459,459.0,24,13.4,1,1,1,,False
5545,ORD-2026-05545,CLI-075,PROD-004,2026-08-04 11:40:00,Oruro,CAM-16,CHO-038,411,411.0,48,24.8,1,1,1,,False
5546,ORD-2026-05546,CLI-005,PROD-010,2026-08-26 07:04:00,Tarija,CAM-03,CHO-088,191,191.0,72,80.2,0,1,0,,False
5547,ORD-2026-05547,CLI-006,PROD-040,2026-08-27 17:59:00,Tarija,CAM-03,CHO-061,347,347.0,72,51.2,1,1,1,,False
5548,ORD-2026-05548,CLI-084,PROD-012,2026-08-04 04:26:00,Oruro,CAM-05,CHO-117,10,10.0,24,17.4,1,1,1,,False
5549,ORD-2026-05549,CLI-007,PROD-051,2026-08-13 23:38:00,Santa Cruz,CAM-13,CHO-018,275,261.0,24,22.5,1,0,0,,False
5550,ORD-2026-05550,CLI-006,PROD-026,2026-08-20 05:29:00,Cochabamba,CAM-01,CHO-111,371,371.0,24,18.9,1,1,1,,False
5551,ORD-2026-05551,CLI-061,PROD-013,2026-08-17 23:17:00,Oruro,CAM-05,CHO-118,306,306.0,48,46.8,1,1,1,,False
5552,ORD-2026-05552,CLI-021,PROD-009,2026-08-28 04:37:00,Oruro,CAM-16,CHO-117,409,409.0,72,50.3,1,1,1,,False
5553,ORD-2026-05553,CLI-092,PROD-048,2026-08-30 06:35:00,Cochabamba,CAM-01,CHO-145,468,468.0,48,23.4,1,1,1,,False
5554,ORD-2026-05554,CLI-030,PROD-044,2026-08-14 22:25:00,Santa Cruz,CAM-20,CHO-101,168,,48,41.1,1,0,0,cantidad_entregada,True
5555,ORD-2026-05555,CLI-010,PROD-035,2026-08-29 16:33:00,Tarija,CAM-03,CHO-045,323,323.0,48,38.4,1,1,1,,False
5556,ORD-2026-05556,CLI-016,PROD-020,2026-08-16 17:44:00,Tarija,CAM-03,CHO-050,275,275.0,48,25.7,1,1,1,,False
5557,ORD-2026-05557,CLI-091,PROD-007,2026-08-20 20:07:00,Santa Cruz,CAM-29,CHO-025,485,485.0,48,36.5,1,1,1,,False
5558,ORD-2026-05558,CLI-042,PROD-020,2026-08-21 23:13:00,Oruro,CAM-05,CHO-022,132,132.0,48,34.9,1,1,1,,False
5559,ORD-2026-05559,CLI-050,PROD-029,2026-08-18 21:45:00,Tarija,CAM-03,CHO-146,202,202.0,48,46.3,1,1,1,,False
5560,ORD-2026-05560,CLI-028,PROD-014,2026-08-28 14:02:00,Cochabamba,CAM-08,CHO-006,54,54.0,48,50.6,0,1,0,,False
5561,ORD-2026-05561,CLI-022,PROD-012,2026-08-11 15:57:00,Tarija,CAM-03,CHO-061,81,81.0,48,35.3,1,1,1,,False
5562,ORD-2026-05562,CLI-010,PROD-007,2026-08-18 11:54:00,Cochabamba,CAM-22,CHO-019,62,62.0,48,30.6,1,1,1,,False
5563,ORD-2026-05563,CLI-016,PROD-002,2026-08-20 03:07:00,Cochabamba,CAM-22,CHO-090,368,368.0,24,20.6,1,1,1,,False
5564,ORD-2026-05564,CLI-005,PROD-019,2026-08-26 02:43:00,Tarija,CAM-03,CHO-122,366,366.0,48,54.7,0,1,0,,False
5565,ORD-2026-05565,CLI-088,PROD-035,2026-08-21 03:04:00,Cochabamba,CAM-23,CHO-041,100,100.0,48,48.4,0,1,0,,False
5566,ORD-2026-05566,CLI-092,PROD-047,2026-08-23 20:59:00,Cochabamba,CAM-17,CHO-140,176,172.0,48,38.7,1,0,0,,False
5567,ORD-2026-05567,CLI-022,PROD-002,2026-08-12 12:45:00,Santa Cruz,CAM-13,CHO-141,42,42.0,48,40.7,1,1,1,,False
5568,ORD-2026-05568,CLI-089,PROD-055,2026-08-06 00:17:00,La Paz,CAM-27,CHO-134,111,111.0,72,64.6,1,1,1,,False
5569,ORD-2026-05569,CLI-085,PROD-009,2026-08-27 01:40:00,Tarija,CAM-03,CHO-044,275,275.0,48,41.8,1,1,1,,False
5570,ORD-2026-05570,CLI-064,PROD-025,2026-08-14 04:14:00,Oruro,CAM-05,CHO-051,22,22.0,72,79.0,0,1,0,,False
5571,ORD-2026-05571,CLI-060,PROD-015,2026-08-19 06:03:00,Cochabamba,CAM-22,CHO-143,332,327.0,24,14.7,1,0,0,,False
5572,ORD-2026-05572,CLI-060,PROD-035,2026-08-03 04:53:00,La Paz,CAM-28,CHO-137,94,94.0,72,66.0,1,1,1,,False
5573,ORD-2026-05573,CLI-035,PROD-050,2026-08-09 12:42:00,Tarija,CAM-12,CHO-146,50,50.0,72,46.2,1,1,1,,False
5574,ORD-2026-05574,CLI-047,PROD-051,2026-08-05 15:13:00,La Paz,CAM-09,CHO-023,100,95.0,48,37.9,1,0,0,,False
5575,ORD-2026-05575,CLI-055,PROD-024,2026-08-24 03:29:00,Oruro,CAM-16,CHO-117,471,471.0,24,33.4,0,1,0,,False
5576,ORD-2026-05576,CLI-006,PROD-035,2026-08-07 12:10:00,Santa Cruz,CAM-14,CHO-120,421,421.0,72,65.6,1,1,1,,False
5577,ORD-2026-05577,CLI-074,PROD-025,2026-08-14 21:37:00,La Paz,CAM-09,CHO-007,433,433.0,48,44.5,1,1,1,,False
5578,ORD-2026-05578,CLI-031,PROD-025,2026-08-05 05:59:00,Cochabamba,CAM-22,CHO-125,336,336.0,72,54.0,1,1,1,,False
5579,ORD-2026-05579,CLI-025,PROD-058,2026-08-06 03:25:00,Santa Cruz,CAM-20,CHO-097,131,131.0,48,23.9,1,1,1,,False
5580,ORD-2026-05580,CLI-017,PROD-032,2026-08-03 14:16:00,Santa Cruz,CAM-06,CHO-078,339,339.0,24,27.9,0,1,0,,False
5581,ORD-2026-05581,CLI-060,PROD-034,2026-08-20 09:57:00,Santa Cruz,CAM-04,CHO-141,78,78.0,24,22.1,1,1,1,,False
5582,ORD-2026-05582,CLI-006,PROD-049,2026-08-17 23:02:00,Tarija,CAM-12,CHO-082,464,456.0,24,18.4,1,0,0,,False
5583,ORD-2026-05583,CLI-095,PROD-015,2026-08-23 03:49:00,Oruro,CAM-05,CHO-136,277,277.0,72,62.3,1,1,1,,False
5584,ORD-2026-05584,CLI-019,PROD-032,23/08/2026 06:43,Tarija,CAM-03,CHO-044,116,116.0,48,45.9,1,1,1,fecha_despacho,True
5585,ORD-2026-05585,CLI-056,PROD-055,2026-08-27 21:46:00,Oruro,CAM-16,CHO-038,497,497.0,48,34.4,1,1,1,,False
5586,ORD-2026-05586,CLI-019,PROD-048,2026-08-12 18:05:00,Oruro,CAM-07,CHO-119,16,16.0,48,37.6,1,1,1,,False
5587,ORD-2026-05587,CLI-083,PROD-042,2026-08-12 18:46:00,La Paz,CAM-15,CHO-066,30,11.0,24,21.4,1,0,0,,False
5588,ORD-2026-05588,CLI-046,PROD-056,2026-08-06 10:34:00,La Paz,CAM-09,CHO-039,229,229.0,72,39.4,1,1,1,,False
5589,ORD-2026-05589,CLI-042,PROD-026,2026-08-26 10:07:00,Oruro,CAM-05,CHO-144,284,284.0,24,15.7,1,1,1,,False
5590,ORD-2026-05590,CLI-024,PROD-038,2026-08-10 05:52:00,Santa Cruz,CAM-25,CHO-018,432,432.0,48,32.1,1,1,1,,False
5591,ORD-2026-05591,CLI-021,PROD-021,2026-08-28 03:54:00,Cochabamba,CAM-08,CHO-073,299,283.0,24,24.9,0,0,0,,False
5592,ORD-2026-05592,CLI-032,PROD-009,2026-08-18 11:18:00,Santa Cruz,CAM-04,CHO-103,208,191.0,48,33.9,1,0,0,,False
5593,ORD-2026-05593, cli-089 ,PROD-031,2026-08-12 18:52:00,Oruro,CAM-05,CHO-032,202,202.0,48,38.4,1,1,1,cliente_id,True
5594,ORD-2026-05594,CLI-095,PROD-052,2026-08-09 05:24:00,Cochabamba,CAM-22,CHO-087,149,149.0,72,46.2,1,1,1,,False
5595,ORD-2026-05595,CLI-042,PROD-036,2026-08-12 04:52:00,Oruro,CAM-05,CHO-136,190,190.0,24,18.4,1,1,1,,False
5596,ORD-2026-05596,CLI-012,PROD-020,2026-08-28 08:39:00,Cochabamba,CAM-01,CHO-089,223,223.0,48,34.3,1,1,1,,False
5597,ORD-2026-05597,CLI-060,PROD-015,2026-08-02 10:47:00,La Paz,CAM-28,CHO-083,73,73.0,48,24.5,1,1,1,,False
5598,ORD-2026-05598,CLI-091,PROD-010,2026-08-07 21:29:00,Santa Cruz,CAM-29,CHO-104,397,397.0,48,39.8,1,1,1,,False
5599,ORD-2026-05599,CLI-026,PROD-023,2026-08-16 00:18:00,Oruro,CAM-05,CHO-150,50,50.0,24,21.2,1,1,1,,False
5600,ORD-2026-05600,CLI-088,PROD-024,2026-08-25 08:47:00,Oruro,CAM-05,CHO-067,134,134.0,24,12.4,1,1,1,,False
5601,ORD-2026-05601,CLI-009,PROD-044,2026-08-16 22:21:00,Oruro,CAM-07,CHO-118,366,366.0,48,54.1,0,1,0,,False
5602,ORD-2026-05602,CLI-039,PROD-060,2026-08-30 03:46:00,Cochabamba,CAM-01,CHO-054,70,70.0,72,61.9,1,1,1,,False
5603,ORD-2026-05603,CLI-086,PROD-021,2026-08-27 01:26:00,Oruro,CAM-24,CHO-022,248,248.0,48,31.9,1,1,1,,False
5604,ORD-2026-05604,CLI-008,PROD-015,2026-08-03 01:34:00,Santa Cruz,CAM-20,CHO-013,421,421.0,48,48.2,0,1,0,,False
5605,ORD-2026-05605,CLI-032,PROD-017,2026-08-05 05:24:00,Oruro,CAM-05,CHO-136,60,60.0,24,12.2,1,1,1,,False
5606,ORD-2026-05606,CLI-038,PROD-024,2026-08-21 08:58:00,Tarija,CAM-12,CHO-082,479,479.0,24,25.0,0,1,0,,False
5607,ORD-2026-05607,CLI-086,PROD-017,2026-08-19 10:54:00,Oruro,CAM-05,CHO-067,83,83.0,24,22.9,1,1,1,,False
5608,ORD-2026-05608,CLI-005,PROD-016,2026-08-02 06:37:00,Tarija,CAM-03,CHO-048,172,172.0,72,51.1,1,1,1,,False
5609,ORD-2026-05609,CLI-066,PROD-045,2026-08-02 07:46:00,Santa Cruz,CAM-04,CHO-078,60,60.0,72,61.0,1,1,1,,False
5610,ORD-2026-05610,CLI-023,PROD-058,2026-08-30 22:51:00,Tarija,CAM-12,CHO-045,107,94.0,72,59.8,1,0,0,,False
5611,ORD-2026-05611,CLI-063,PROD-017,2026-08-15 05:34:00,Oruro,CAM-05,CHO-110,262,262.0,24,18.9,1,1,1,,False
5612,ORD-2026-05612,CLI-011,PROD-052,2026-08-05 07:34:00,La Paz,CAM-28,CHO-021,412,412.0,72,53.4,1,1,1,,False
5613,ORD-2026-05613,CLI-045,PROD-006,2026-08-14 03:31:00,Cochabamba,CAM-23,CHO-065,270,270.0,72,54.2,1,1,1,,False
5614,ORD-2026-05614,CLI-080,PROD-053,2026-08-19 22:50:00,Tarija,CAM-03,CHO-088,368,368.0,48,42.6,1,1,1,,False
5615,ORD-2026-05615,CLI-002,PROD-058,2026-08-07 18:31:00,Cochabamba,CAM-22,CHO-014,91,91.0,24,21.8,1,1,1,,False
5616,ORD-2026-05616,CLI-013,PROD-012,2026-08-08 05:56:00,La Paz,CAM-28,CHO-127,185,185.0,24,26.2,0,1,0,,False
5617,ORD-2026-05617,CLI-008,PROD-010,2026-08-01 23:04:00,La Paz,CAM-28,CHO-002,300,300.0,72,69.6,1,1,1,,False
5618,ORD-2026-05618,CLI-043,PROD-048,2026-08-05 23:17:00,Santa Cruz,CAM-10,CHO-030,281,281.0,24,20.8,1,1,1,,False
5619,ORD-2026-05619,CLI-033,PROD-022,2026-08-16 04:23:00,La Paz,CAM-09,CHO-063,275,275.0,24,23.4,1,1,1,,False
5620,ORD-2026-05620,CLI-062,PROD-020,2026-08-15 01:02:00,La Paz,CAM-28,CHO-027,135,135.0,48,31.3,1,1,1,,False
5621,ORD-2026-05621,CLI-091,PROD-003,2026-08-15 17:06:00,Oruro,CAM-05,CHO-118,142,136.0,48,36.0,1,0,0,,False
5622,ORD-2026-05622,CLI-054,PROD-056,2026-08-04 03:48:00,Cochabamba,CAM-08,CHO-130,380,380.0,72,72.2,0,1,0,,False
5623,ORD-2026-05623,CLI-008,PROD-028,2026-08-17 10:54:00,Santa Cruz,CAM-06,CHO-101,252,252.0,72,58.4,1,1,1,,False
5624,ORD-2026-05624,CLI-075,PROD-045,2026-08-27 08:05:00,Oruro,CAM-24,CHO-119,398,398.0,72,55.3,1,1,1,,False
5625,ORD-2026-05625,CLI-100,PROD-002,2026-08-11 17:08:00,Santa Cruz,CAM-14,CHO-080,177,177.0,72,42.7,1,1,1,,False
5626,ORD-2026-05626,CLI-037,PROD-024,2026-08-28 06:27:00,La Paz,CAM-27,CHO-039,160,160.0,72,65.0,1,1,1,,False
5627,ORD-2026-05627,CLI-099,PROD-055,2026-08-17 16:17:00,La Paz,CAM-27,CHO-127,232,232.0,24,23.9,1,1,1,,False
5628,ORD-2026-05628,CLI-100,PROD-010,2026-08-27 18:01:00,Cochabamba,CAM-23,CHO-111,61,61.0,24,26.6,0,1,0,,False
5629,ORD-2026-05629,CLI-003,PROD-030,2026-08-09 22:20:00,Cochabamba,CAM-22,CHO-073,16,16.0,24,20.8,1,1,1,,False
5630,ORD-2026-05630,CLI-036,PROD-050,2026-08-03 15:46:00,Tarija,CAM-03,CHO-044,407,407.0,24,25.2,0,1,0,,False
5631,ORD-2026-05631,CLI-044,PROD-030,2026-08-02 06:19:00,La Paz,CAM-09,CHO-052,19,19.0,48,48.2,0,1,0,,False
5632,ORD-2026-05632,CLI-050,PROD-037,2026-08-16 09:17:00,Santa Cruz,CAM-06,CHO-035,301,301.0,72,56.3,1,1,1,,False
5633,ORD-2026-05633,CLI-011,PROD-036,2026-08-04 14:05:00,Oruro,CAM-05,CHO-098,430,430.0,24,22.8,1,1,1,,False
5634,ORD-2026-05634,CLI-093,PROD-039,2026-08-09 21:14:00,Cochabamba,CAM-01,CHO-016,23,23.0,24,18.6,1,1,1,,False
5635,ORD-2026-05635,CLI-020,PROD-018,2026-08-17 05:21:00,Oruro,CAM-24,CHO-110,192,192.0,24,20.5,1,1,1,,False
5636,ORD-2026-05636,CLI-012,PROD-021,2026-08-07 10:07:00,Cochabamba,CAM-23,CHO-086,123,117.0,72,70.1,1,0,0,,False
5637,ORD-2026-05637,CLI-050,PROD-030,2026-08-19 15:19:00,La Paz,CAM-28,CHO-064,34,34.0,72,61.3,1,1,1,,False
5638,ORD-2026-05638,CLI-087,PROD-031,2026-08-17 08:07:00,La Paz,CAM-27,CHO-127,276,276.0,24,18.4,1,1,1,,False
5639,ORD-2026-05639,CLI-042,PROD-007,2026-08-17 16:02:00,Tarija,CAM-03,CHO-056,51,34.0,48,34.3,1,0,0,,False
5640,ORD-2026-05640,CLI-084,PROD-055,2026-08-16 05:46:00,Tarija,CAM-12,CHO-050,430,430.0,24,22.8,1,1,1,,False
5641,ORD-2026-05641,CLI-040,PROD-039,2026-08-27 05:16:00,La Paz,CAM-28,CHO-148,296,296.0,48,38.5,1,1,1,,False
5642,ORD-2026-05642,CLI-030,PROD-024,2026-08-26 05:36:00,Santa Cruz,CAM-25,CHO-046,208,208.0,72,65.3,1,1,1,,False
5643,ORD-2026-05643,CLI-004,PROD-020,2026-08-15 14:53:00,Oruro,CAM-05,CHO-110,83,83.0,48,26.2,1,1,1,,False
5644,ORD-2026-05644,CLI-021,PROD-034,2026-08-10 07:58:00,Cochabamba,CAM-01,CHO-055,273,273.0,24,16.0,1,1,1,,False
5645,ORD-2026-05645,CLI-010,PROD-048,2026-08-12 04:38:00,La Paz,CAM-15,CHO-023,68,68.0,24,24.9,0,1,0,,False
5646,ORD-2026-05646,CLI-063,PROD-031,2026-08-01 06:25:00,La Paz,CAM-09,CHO-093,429,429.0,48,27.5,1,1,1,,False
5647,ORD-2026-05647,CLI-013,PROD-055,2026-08-12 16:06:00,Santa Cruz,CAM-13,CHO-020,51,51.0,72,56.3,1,1,1,,False
5648,ORD-2026-05648,CLI-087,PROD-014,2026-08-17 11:21:00,Tarija,CAM-03,CHO-061,38,38.0,48,40.3,1,1,1,,False
5649,ORD-2026-05649,CLI-041,PROD-027,2026-08-11 12:46:00,Oruro,CAM-16,CHO-098,45,45.0,72,47.6,1,1,1,,False
5650,ORD-2026-05650,CLI-064,PROD-036,2026-08-06 13:44:00,Oruro,CAM-05,CHO-144,383,383.0,24,18.7,1,1,1,,False
5651,ORD-2026-05651,CLI-054,PROD-023,2026-08-04 05:39:00,Santa Cruz,CAM-13,CHO-011,167,167.0,72,58.8,1,1,1,,False
5652,ORD-2026-05652,CLI-022,PROD-023,2026-08-01 10:22:00,Oruro,CAM-05,CHO-003,436,436.0,24,19.0,1,1,1,,False
5653,ORD-2026-05653,CLI-004,PROD-002,2026-08-12 22:32:00,Santa Cruz,CAM-14,CHO-113,38,38.0,48,59.2,0,1,0,,False
5654,ORD-2026-05654,CLI-055,PROD-050,2026-08-29 02:45:00,Tarija,CAM-03,CHO-050,284,284.0,24,17.5,1,1,1,,False
5655,ORD-2026-05655,CLI-021,PROD-048,2026-08-16 01:25:00,Tarija,CAM-12,CHO-036,94,94.0,72,70.9,1,1,1,,False
5656,ORD-2026-05656,CLI-031,PROD-023,2026-08-04 05:51:00,Tarija,CAM-03,CHO-088,144,144.0,24,20.7,1,1,1,,False
5657,ORD-2026-05657,CLI-034,PROD-021,2026-08-09 10:47:00,Cochabamba,CAM-22,CHO-069,460,460.0,48,38.1,1,1,1,,False
5658,ORD-2026-05658,CLI-074,PROD-053,2026-08-10 15:45:00,Oruro,CAM-16,CHO-098,16,16.0,24,20.8,1,1,1,,False
5659,ORD-2026-05659,CLI-051,PROD-057,2026-08-25 23:37:00,La Paz,CAM-28,CHO-001,452,452.0,24,22.9,1,1,1,,False
5660,ORD-2026-05660,CLI-093,PROD-032,2026-08-18 08:15:00,Cochabamba,CAM-22,CHO-125,237,237.0,48,51.1,0,1,0,,False
5661,ORD-2026-05661,CLI-059,PROD-013,2026-08-03 09:30:00,Tarija,CAM-03,CHO-061,303,303.0,72,33.6,1,1,1,,False
5662,ORD-2026-05662,CLI-013,PROD-040,2026-08-21 16:59:00,La Paz,CAM-09,CHO-134,48,48.0,48,43.2,1,1,1,,False
5663, ord-2026-05663 ,CLI-051,PROD-038,2026-08-30 09:11:00,Santa Cruz,CAM-13,CHO-020,151,151.0,48,44.6,1,1,1,order_id,True
5664,ORD-2026-05664,CLI-010,PROD-024,2026-08-13 05:30:00,Cochabamba,CAM-19,CHO-055,92,92.0,48,40.9,1,1,1,,False
5665,ORD-2026-05665,CLI-042,PROD-055,2026-08-27 13:04:00,Tarija,CAM-26,CHO-045,497,497.0,24,20.0,1,1,1,,False
5666,ORD-2026-05666,CLI-099,PROD-035,2026-08-07 18:15:00,Santa Cruz,CAM-20,CHO-142,396,396.0,48,40.6,1,1,1,,False
5667,ORD-2026-05667,CLI-016,PROD-014,2026-08-17 04:33:00,La Paz,CAM-27,CHO-064,156,156.0,24,18.0,1,1,1,,False
5668,ORD-2026-05668,CLI-054,PROD-041,2026-08-25 13:37:00,Cochabamba,CAM-22,CHO-014,10,1.0,24,14.1,1,0,0,,False
5669,ORD-2026-05669,CLI-093,PROD-028,2026-08-16 22:54:00,Cochabamba,CAM-23,CHO-124,255,255.0,48,39.7,1,1,1,,False
5670,ORD-2026-05670,CLI-018,PROD-006,2026-08-10 22:46:00,La Paz,CAM-15,CHO-052,368,368.0,72,34.6,1,1,1,,False
5671,ORD-2026-05671,CLI-043,PROD-009,2026-08-09 13:51:00,La Paz,CAM-28,CHO-071,123,123.0,48,29.7,1,1,1,,False
5672,ORD-2026-05672,CLI-035,PROD-013,2026-08-19 02:45:00,Cochabamba,CAM-01,CHO-019,234,234.0,72,59.5,1,1,1,,False
5673,ORD-2026-05673,CLI-027,PROD-010,2026-08-06 13:19:00,Tarija,CAM-26,CHO-008,446,446.0,24,26.6,0,1,0,,False
5674,ORD-2026-05674,CLI-081,PROD-022,2026-08-08 21:15:00,Cochabamba,CAM-22,CHO-147,449,449.0,72,60.5,1,1,1,,False
5675,ORD-2026-05675,CLI-089,PROD-049,2026-08-22 02:55:00,Oruro,CAM-05,CHO-051,392,380.0,24,11.0,1,0,0,,False
5676,ORD-2026-05676,CLI-078,PROD-056,2026-08-17 23:46:00,Cochabamba,CAM-08,CHO-087,185,185.0,72,52.2,1,1,1,,False
5677,ORD-2026-05677,CLI-084,PROD-011,2026-08-30 23:42:00,La Paz,CAM-09,CHO-001,285,285.0,48,49.5,0,1,0,,False
5678,ORD-2026-05678,CLI-015,PROD-037,2026-08-02 00:42:00,Oruro,CAM-05,CHO-032,41,41.0,48,33.1,1,1,1,,False
5679,ORD-2026-05679,CLI-090,PROD-050,2026-08-09 00:47:00,La Paz,CAM-28,CHO-042,362,362.0,72,58.6,1,1,1,,False
5680,ORD-2026-05680,CLI-083,PROD-017,2026-08-14 12:08:00,Cochabamba,CAM-22,CHO-125,267,267.0,24,18.3,1,1,1,,False
5681,ORD-2026-05681,CLI-032,PROD-052,2026-08-10 14:32:00,Santa Cruz,CAM-13,CHO-085,452,452.0,72,63.0,1,1,1,,False
5682,ORD-2026-05682,CLI-059,PROD-023,2026-08-10 08:03:00,Tarija,CAM-12,CHO-015,446,446.0,72,56.8,1,1,1,,False
5683,ORD-2026-05683,CLI-099,PROD-045,2026-08-04 17:44:00,Santa Cruz,CAM-04,CHO-004,491,491.0,24,16.7,1,1,1,,False
5684,ORD-2026-05684,CLI-067,PROD-011,2026-08-30 08:03:00,Cochabamba,CAM-01,CHO-112,246,246.0,72,55.4,1,1,1,,False
5685,ORD-2026-05685,CLI-066,PROD-029,2026-08-28 16:09:00,Oruro,CAM-02,CHO-150,309,309.0,72,67.9,1,1,1,,False
5686,ORD-2026-05686,CLI-100,PROD-038,2026-08-06 16:15:00,Tarija,CAM-26,CHO-012,333,333.0,48,42.9,1,1,1,,False
5687,ORD-2026-05687,CLI-040,PROD-004,2026-08-06 00:08:00,Cochabamba,CAM-23,CHO-077,270,270.0,24,26.5,0,1,0,,False
5688,ORD-2026-05688,CLI-044,PROD-045,2026-08-10 18:44:00,Cochabamba,CAM-17,CHO-089,69,69.0,24,15.1,1,1,1,,False
5689,ORD-2026-05689,CLI-002,PROD-025,2026-08-14 20:30:00,La Paz,CAM-28,CHO-057,114,114.0,72,52.0,1,1,1,,False
5690,ORD-2026-05690,CLI-015,PROD-048,2026-08-15 22:42:00,Santa Cruz,CAM-25,CHO-100,145,145.0,24,16.8,1,1,1,,False
5691,ORD-2026-05691,CLI-078,PROD-015,2026-08-05 19:30:00,Santa Cruz,CAM-21,CHO-103,481,481.0,24,11.7,1,1,1,,False
5692,ORD-2026-05692,CLI-054,PROD-049,2026-08-24 17:56:00,Santa Cruz,CAM-20,CHO-013,108,108.0,72,50.5,1,1,1,,False
5693,ORD-2026-05693,CLI-028,PROD-046,2026-08-12 06:29:00,Tarija,CAM-12,CHO-026,276,276.0,24,18.0,1,1,1,,False
5694,ORD-2026-05694,CLI-039,PROD-022,2026-08-14 22:51:00,Oruro,CAM-05,CHO-118,277,277.0,48,30.8,1,1,1,,False
5695,ORD-2026-05695,CLI-082,PROD-015,2026-08-16 17:25:00,Cochabamba,CAM-22,CHO-115,435,431.0,24,17.1,1,0,0,,False
5696,ORD-2026-05696,CLI-086,PROD-039,2026-08-17 21:51:00,Santa Cruz,CAM-21,CHO-011,232,232.0,48,51.1,0,1,0,,False
5697,ORD-2026-05697,CLI-051,PROD-018,2026-08-19 07:15:00,Cochabamba,CAM-19,CHO-125,289,289.0,48,48.6,0,1,0,,False
5698,ORD-2026-05698,CLI-017,PROD-040,2026-08-30 06:27:00,La Paz,CAM-28,CHO-139,191,191.0,24,19.0,1,1,1,,False
5699,ORD-2026-05699,CLI-014,PROD-045,2026-08-12 17:41:00,Oruro,CAM-02,CHO-022,59,56.0,72,50.4,1,0,0,,False
5700,ORD-2026-05700,CLI-070,PROD-014,2026-08-26 14:34:00,Cochabamba,CAM-17,CHO-094,85,75.0,48,39.0,1,0,0,,False
5701,ORD-2026-05701,CLI-034,PROD-021,2026-08-06 19:30:00,Santa Cruz,CAM-11,CHO-092,58,58.0,24,24.7,0,1,0,,False
5702,ORD-2026-05702,CLI-088,PROD-019,2026-08-10 14:30:00,Tarija,CAM-26,CHO-088,374,374.0,24,19.3,1,1,1,,False
5703,ORD-2026-05703,CLI-070,PROD-057,2026-08-21 11:32:00,Oruro,CAM-02,CHO-119,441,441.0,48,34.7,1,1,1,,False
5704,ORD-2026-05704,CLI-024,PROD-042,2026-08-01 09:56:00,Cochabamba,CAM-01,CHO-115,299,290.0,24,23.9,1,0,0,,False
5705,ORD-2026-05705,CLI-025,PROD-039,2026-08-08 18:24:00,Santa Cruz,CAM-13,CHO-060,179,179.0,48,31.3,1,1,1,,False
5706,ORD-2026-05706,CLI-078,PROD-039,2026-08-18 20:15:00,Cochabamba,CAM-22,CHO-033,172,172.0,48,25.8,1,1,1,,False
5707,ORD-2026-05707,CLI-004,PROD-028,2026-08-29 19:33:00,Tarija,CAM-26,CHO-056,95,95.0,48,38.1,1,1,1,,False
5708,ORD-2026-05708,CLI-028,PROD-042,2026-08-19 06:28:00,Santa Cruz,CAM-04,CHO-059,63,63.0,48,28.0,1,1,1,,False
5709,ORD-2026-05709,CLI-029,PROD-042,2026-08-23 10:19:00,La Paz,CAM-28,CHO-066,308,308.0,48,46.0,1,1,1,,False
5710,ORD-2026-05710,CLI-067,PROD-052,2026-08-04 20:15:00,Tarija,CAM-12,CHO-056,244,244.0,24,20.8,1,1,1,,False
5711,ORD-2026-05711,CLI-055,PROD-040,2026-08-07 13:40:00,Tarija,CAM-12,CHO-122,454,454.0,24,23.7,1,1,1,,False
5712,ORD-2026-05712,CLI-004,PROD-048,2026-08-16 15:57:00,Santa Cruz,CAM-10,CHO-011,430,411.0,48,44.0,1,0,0,,False
5713,ORD-2026-05713,CLI-091,PROD-050,2026-08-22 20:29:00,Cochabamba,CAM-22,CHO-138,71,71.0,24,16.2,1,1,1,,False
5714,ORD-2026-05714,CLI-093,PROD-021,2026-08-26 14:11:00,La Paz,CAM-28,CHO-102,133,133.0,72,54.8,1,1,1,,False
5715,ORD-2026-05715,CLI-100,PROD-060,2026-08-20 23:35:00,Tarija,CAM-12,CHO-015,127,127.0,24,19.7,1,1,1,,False
5716,ORD-2026-05716,CLI-094,PROD-059,2026-08-22 20:48:00,La Paz,CAM-09,CHO-005,404,404.0,48,40.9,1,1,1,,False
5717,ORD-2026-05717,CLI-030,PROD-027,2026-08-15 22:54:00,Cochabamba,CAM-19,CHO-087,299,299.0,72,54.8,1,1,1,,False
5718,ORD-2026-05718,CLI-013,PROD-021,2026-08-23 05:03:00,Tarija,CAM-12,CHO-050,26,26.0,72,43.6,1,1,1,,False
5719,ORD-2026-05719,CLI-054,PROD-055,2026-08-03 13:13:00,Cochabamba,CAM-23,CHO-089,355,355.0,72,68.4,1,1,1,,False
5720,ORD-2026-05720,CLI-097,PROD-038,2026-08-17 17:10:00,Cochabamba,CAM-17,CHO-033,374,374.0,72,70.0,1,1,1,,False
5721,ORD-2026-05721,CLI-034,PROD-051,2026-08-08 15:02:00,Oruro,CAM-05,CHO-118,453,453.0,48,44.4,1,1,1,,False
5722,ORD-2026-05722,CLI-011,PROD-043,2026-08-03 14:45:00,Tarija,CAM-12,CHO-048,279,279.0,24,17.4,1,1,1,,False
5723,ORD-2026-05723,CLI-091,PROD-027,2026-08-27 08:47:00,Oruro,CAM-07,CHO-098,102,100.0,72,60.2,1,0,0,,False
5724,ORD-2026-05724,CLI-046,PROD-006,2026-08-21 05:21:00,Tarija,CAM-26,CHO-009,72,62.0,24,22.8,1,0,0,,False
5725,ORD-2026-05725,CLI-004,PROD-058,2026-08-20 08:41:00,Santa Cruz,CAM-14,CHO-128,96,96.0,48,45.3,1,1,1,,False
5726,ORD-2026-05726,CLI-023,PROD-014,2026-08-04 09:56:00,Santa Cruz,CAM-14,CHO-095,24,24.0,48,43.7,1,1,1,,False
5727,ORD-2026-05727,CLI-018,PROD-058,2026-08-05 13:55:00,Santa Cruz,CAM-06,CHO-059,294,294.0,24,24.3,0,1,0,,False
5728,ORD-2026-05728,CLI-073,PROD-043,2026-08-11 15:31:00,Santa Cruz,CAM-13,CHO-101,216,216.0,72,58.1,1,1,1,,False
5729,ORD-2026-05729,CLI-013,PROD-054,2026-08-07 16:04:00,Cochabamba,CAM-22,CHO-016,325,325.0,24,23.1,1,1,1,,False
5730,ORD-2026-05730,CLI-071,PROD-037,2026-08-06 11:44:00,Santa Cruz,CAM-10,CHO-133,398,398.0,24,15.5,1,1,1,,False
5731,ORD-2026-05731,CLI-018,PROD-040,2026-08-07 15:19:00,Santa Cruz,CAM-13,CHO-120,339,339.0,72,68.9,1,1,1,,False
5732,ORD-2026-05732,CLI-100, prod-011 ,2026-08-12 00:45:00,Santa Cruz,CAM-20,CHO-085,155,155.0,24,19.5,1,1,1,producto_id,True
5733,ORD-2026-05733,CLI-023,PROD-015,2026-08-02 03:56:00,Santa Cruz,CAM-13,CHO-011,156,156.0,48,34.1,1,1,1,,False
5734,ORD-2026-05734,CLI-011,PROD-020,2026-08-09 23:48:00,Santa Cruz,CAM-13,CHO-097,16,16.0,24,20.2,1,1,1,,False
5735,ORD-2026-05735,CLI-094,PROD-029,2026-08-27 21:53:00,Santa Cruz,CAM-14,CHO-106,328,328.0,24,23.0,1,1,1,,False
5736,ORD-2026-05736,CLI-099,PROD-041,2026-08-14 21:28:00,Santa Cruz,CAM-13,CHO-097,407,407.0,48,40.2,1,1,1,,False
5737,ORD-2026-05737,CLI-046,PROD-012,2026-08-17 19:47:00,Oruro,CAM-05,CHO-118,32,32.0,24,20.4,1,1,1,,False
5738, ord-2026-05738 ,CLI-019,PROD-052,2026-08-05 22:58:00,La Paz,CAM-28,CHO-084,257,257.0,48,43.1,1,1,1,order_id,True
5739,ORD-2026-05739,CLI-048,PROD-013,2026-08-18 02:30:00,Oruro,CAM-05,CHO-144,450,450.0,48,44.6,1,1,1,,False
5740,ORD-2026-05740,CLI-011,PROD-012,2026-08-09 03:57:00,Oruro,CAM-05,CHO-150,495,495.0,48,39.7,1,1,1,,False
5741,ORD-2026-05741,CLI-031,PROD-011,2026-08-24 21:17:00,Oruro,CAM-05,CHO-003,348,348.0,48,55.3,0,1,0,,False
5742,ORD-2026-05742,CLI-047,PROD-006,2026-08-19 21:58:00,Santa Cruz,CAM-06,CHO-081,382,382.0,48,42.4,1,1,1,,False
5743,ORD-2026-05743,CLI-073,PROD-041,2026-08-29 21:18:00,Cochabamba,CAM-22,CHO-073,213,197.0,24,23.6,1,0,0,,False
5744,ORD-2026-05744,CLI-017,PROD-059,2026-08-24 18:40:00,Cochabamba,CAM-22,CHO-111,26,26.0,72,56.5,1,1,1,,False
5745,ORD-2026-05745,CLI-057,PROD-053,2026-08-17 23:29:00,Santa Cruz,CAM-04,CHO-121,88,88.0,48,32.7,1,1,1,,False
5746,ORD-2026-05746,CLI-012,PROD-051,2026-08-17 04:08:00,Tarija,CAM-03,CHO-132,84,84.0,48,50.6,0,1,0,,False
5747,ORD-2026-05747,CLI-077,PROD-033,2026-08-10 00:02:00,Santa Cruz,CAM-21,CHO-141,322,322.0,24,16.9,1,1,1,,False
5748,ORD-2026-05748,CLI-033,PROD-039,2026-08-18 14:51:00,Santa Cruz,CAM-21,CHO-018,472,466.0,72,58.8,1,0,0,,False
5749,ORD-2026-05749,CLI-074,PROD-020,2026-08-06 21:01:00,La Paz,CAM-09,CHO-071,453,453.0,24,18.4,1,1,1,,False
5750,ORD-2026-05750,CLI-088,PROD-043,2026-08-19 14:19:00,Cochabamba,CAM-01,CHO-041,136,136.0,48,43.4,1,1,1,,False
5751,ORD-2026-05751,CLI-015,PROD-031,2026-08-11 05:34:00,La Paz,CAM-28,CHO-063,460,460.0,48,27.5,1,1,1,,False
5752,ORD-2026-05752,CLI-077,PROD-007,2026-08-09 06:50:00,La Paz,CAM-30,CHO-001,469,469.0,72,69.1,1,1,1,,False
5753,ORD-2026-05753,CLI-025,PROD-044,2026-08-12 10:52:00,La Paz,CAM-09,CHO-072,332,332.0,48,33.1,1,1,1,,False
5754,ORD-2026-05754,CLI-079,PROD-027,2026-08-10 20:17:00,Oruro,CAM-07,CHO-003,64,64.0,24,18.2,1,1,1,,False
5755,ORD-2026-05755,CLI-045,PROD-023,2026-08-27 13:02:00,Tarija,CAM-03,CHO-088,226,226.0,24,19.0,1,1,1,,False
5756,ORD-2026-05756,CLI-071,PROD-030,2026-08-03 14:49:00,Cochabamba,CAM-17,CHO-058,114,114.0,72,72.1,0,1,0,,False
5757,ORD-2026-05757,CLI-028,PROD-011,2026-08-03 08:01:00,Tarija,CAM-12,CHO-122,436,436.0,48,43.3,1,1,1,,False
5758,ORD-2026-05758,CLI-059,PROD-044,2026-08-08 20:36:00,Santa Cruz,CAM-29,CHO-025,296,296.0,48,46.4,1,1,1,,False
5759,ORD-2026-05759,CLI-082,PROD-049,2026-08-10 14:41:00,Cochabamba,CAM-08,CHO-016,102,102.0,72,71.0,1,1,1,,False
5760,ORD-2026-05760,CLI-013,PROD-047,2026-08-16 02:15:00,La Paz,CAM-15,CHO-107,32,32.0,24,18.8,1,1,1,,False
5761,ORD-2026-05761,CLI-074,PROD-040,2026-08-25 11:15:00,Oruro,CAM-05,CHO-144,434,434.0,48,36.9,1,1,1,,False
5762,ORD-2026-05762,CLI-024,PROD-030,2026-08-20 05:46:00,Cochabamba,CAM-23,CHO-054,161,161.0,72,61.2,1,1,1,,False
5763,ORD-2026-05763,CLI-046,PROD-060,2026-08-03 13:37:00,Santa Cruz,CAM-13,CHO-121,288,288.0,72,73.6,0,1,0,,False
5764,ORD-2026-05764,CLI-045,PROD-010,2026-08-26 22:03:00,Oruro,CAM-07,CHO-117,377,377.0,48,34.4,1,1,1,,False
5765,ORD-2026-05765,CLI-086,PROD-005,2026-08-02 13:32:00,Tarija,CAM-12,CHO-026,289,289.0,48,43.6,1,1,1,,False
5766,ORD-2026-05766,CLI-066,PROD-005,2026-08-03 18:24:00,Oruro,CAM-05,CHO-098,368,368.0,24,20.3,1,1,1,,False
5767,ORD-2026-05767,CLI-013,PROD-055,2026-08-22 08:08:00,Tarija,CAM-12,CHO-048,365,365.0,48,40.2,1,1,1,,False
5768,ORD-2026-05768,CLI-025,PROD-056,2026-08-23 08:24:00,Santa Cruz,CAM-13,CHO-080,476,476.0,48,27.1,1,1,1,,False
5769,ORD-2026-05769,CLI-084,PROD-032,2026-08-24 12:01:00,Oruro,CAM-16,CHO-117,254,254.0,48,34.8,1,1,1,,False
5770,ORD-2026-05770,CLI-060,PROD-047,2026-08-26 05:55:00,La Paz,CAM-28,CHO-042,256,256.0,48,52.4,0,1,0,,False
5771,ORD-2026-05771,CLI-027,PROD-054,2026-08-15 12:13:00,Oruro,CAM-05,CHO-038,119,119.0,72,52.4,1,1,1,,False
5772,ORD-2026-05772,CLI-041,PROD-026,2026-08-30 23:03:00,Tarija,CAM-12,CHO-105,420,420.0,72,48.4,1,1,1,,False
5773,ORD-2026-05773,CLI-049,PROD-060,2026-08-25 09:07:00,La Paz,CAM-28,CHO-139,439,420.0,48,32.4,1,0,0,,False
5774,ORD-2026-05774,CLI-009,PROD-019,2026-08-06 20:51:00,Tarija,CAM-03,CHO-043,302,302.0,24,26.7,0,1,0,,False
5775,ORD-2026-05775,CLI-015,PROD-022,2026-08-28 10:00:00,Oruro,CAM-05,CHO-144,36,36.0,72,68.6,1,1,1,,False
5776,ORD-2026-05776,CLI-029,PROD-023,2026-08-13 03:37:00,Cochabamba,CAM-01,CHO-116,187,187.0,72,62.5,1,1,1,,False
5777,ORD-2026-05777,CLI-085,PROD-013,2026-08-03 20:52:00,Tarija,CAM-12,CHO-044,415,410.0,48,32.1,1,0,0,,False
5778,ORD-2026-05778,CLI-047,PROD-004,2026-08-24 18:31:00,Tarija,CAM-03,CHO-048,419,419.0,48,49.2,0,1,0,,False
5779,ORD-2026-05779,CLI-030,PROD-053,2026-08-24 02:42:00,Oruro,CAM-07,CHO-117,488,488.0,48,43.3,1,1,1,,False
5780,ORD-2026-05780,CLI-065,PROD-012,2026-08-21 22:54:00,La Paz,CAM-28,CHO-093,50,50.0,48,29.6,1,1,1,,False
5781,ORD-2026-05781,CLI-001,PROD-011,2026-08-08 23:06:00,Cochabamba,CAM-22,CHO-124,92,92.0,72,61.1,1,1,1,,False
5782,ORD-2026-05782,CLI-017,PROD-004,2026-08-16 04:30:00,Tarija,CAM-26,CHO-122,154,154.0,48,39.6,1,1,1,,False
5783,ORD-2026-05783,CLI-049,PROD-026,2026-08-20 18:50:00,Cochabamba,CAM-17,CHO-069,222,222.0,24,21.2,1,1,1,,False
5784,ORD-2026-05784,CLI-080,PROD-024,2026-08-26 15:12:00,Oruro,CAM-24,CHO-067,204,204.0,72,65.2,1,1,1,,False
5785,ORD-2026-05785,CLI-088,PROD-030,2026-08-24 14:22:00,Tarija,CAM-12,CHO-088,458,442.0,48,40.1,1,0,0,,False
5786,ORD-2026-05786,CLI-046,PROD-038,2026-08-15 22:33:00,Tarija,CAM-26,CHO-010,294,285.0,24,20.7,1,0,0,,False
5787,ORD-2026-05787,CLI-043,PROD-055,2026-08-02 21:21:00,La Paz,CAM-30,CHO-084,326,326.0,72,65.6,1,1,1,,False
5788,ORD-2026-05788,CLI-094,PROD-035,2026-08-03 18:27:00,Cochabamba,CAM-01,CHO-124,79,79.0,48,37.0,1,1,1,,False
5789,ORD-2026-05789,CLI-059,PROD-002,2026-08-09 14:53:00,Santa Cruz,CAM-14,CHO-081,404,404.0,72,55.7,1,1,1,,False
5790,ORD-2026-05790,CLI-002,PROD-018,2026-08-07 19:14:00,Cochabamba,CAM-19,CHO-124,330,330.0,48,31.1,1,1,1,,False
5791,ORD-2026-05791,CLI-086,PROD-050,2026-08-12 21:23:00,Santa Cruz,CAM-14,CHO-141,383,383.0,48,38.2,1,1,1,,False
5792,ORD-2026-05792,CLI-007,PROD-059,2026-08-17 00:10:00,Santa Cruz,CAM-14,CHO-113,238,238.0,72,68.6,1,1,1,,False
5793,ORD-2026-05793,CLI-024,PROD-015,2026-08-14 16:17:00,Oruro,CAM-05,CHO-003,284,279.0,48,42.6,1,0,0,,False
5794,ORD-2026-05794,CLI-042,PROD-049,2026-08-23 04:58:00,Tarija,CAM-03,CHO-146,307,307.0,48,42.8,1,1,1,,False
5795,ORD-2026-05795,CLI-002,PROD-041,2026-08-14 20:10:00,Tarija,CAM-12,CHO-044,193,193.0,72,38.0,1,1,1,,False
5796,ORD-2026-05796,CLI-054,PROD-058,2026-08-13 12:33:00,Tarija,CAM-12,CHO-048,246,246.0,24,18.7,1,1,1,,False
5797,ORD-2026-05797,CLI-058,PROD-039,2026-08-14 15:36:00,La Paz,CAM-15,CHO-063,452,452.0,48,36.1,1,1,1,,False
5798,ORD-2026-05798,CLI-022,PROD-011,2026-08-06 13:54:00,Santa Cruz,CAM-20,CHO-037,113,113.0,72,57.2,1,1,1,,False
5799,ORD-2026-05799,CLI-069,PROD-032,2026-08-07 20:57:00,Tarija,CAM-03,CHO-008,345,345.0,48,38.1,1,1,1,,False
5800,ORD-2026-05800,CLI-031,PROD-045,2026-08-24 21:54:00,Tarija,CAM-26,CHO-026,126,126.0,24,24.3,0,1,0,,False
5801,ORD-2026-05801,CLI-083,PROD-041,2026-08-03 22:00:00,Santa Cruz,CAM-20,CHO-076,285,285.0,48,25.2,1,1,1,,False
5802,ORD-2026-05802,CLI-001,PROD-008,2026-08-08 05:54:00,Santa Cruz,CAM-20,CHO-095,162,162.0,72,56.2,1,1,1,,False
5803,ORD-2026-05803,CLI-021,PROD-041,2026-08-20 18:20:00,La Paz,CAM-28,CHO-148,292,292.0,48,33.1,1,1,1,,False
5804,ORD-2026-05804,CLI-053,PROD-057,2026-08-03 11:36:00,Santa Cruz,CAM-25,CHO-095,173,173.0,72,61.6,1,1,1,,False
5805,ORD-2026-05805,CLI-017,PROD-015,2026-08-01 12:20:00,Santa Cruz,CAM-14,CHO-046,418,418.0,24,14.9,1,1,1,,False
5806,ORD-2026-05806,CLI-038,PROD-030,2026-08-23 00:02:00,Cochabamba,CAM-01,CHO-140,483,483.0,48,33.5,1,1,1,,False
5807,ORD-2026-05807,CLI-052,PROD-022,2026-08-26 19:40:00,Oruro,CAM-05,CHO-136,95,95.0,24,20.5,1,1,1,,False
5808,ORD-2026-05808,CLI-020,PROD-009,2026-08-02 09:29:00,Santa Cruz,CAM-04,CHO-085,461,461.0,24,19.7,1,1,1,,False
5809,ORD-2026-05809,CLI-089,PROD-039,2026-08-05 22:44:00,Cochabamba,CAM-22,CHO-065,27,27.0,72,68.7,1,1,1,,False
5810,ORD-2026-05810,CLI-033,PROD-013,2026-08-16 11:10:00,Santa Cruz,CAM-13,CHO-095,117,117.0,24,20.4,1,1,1,,False
5811,ORD-2026-05811,CLI-080,PROD-031,2026-08-14 05:08:00,Tarija,CAM-03,CHO-045,103,103.0,48,42.1,1,1,1,,False
5812,ORD-2026-05812,CLI-010,PROD-036,2026-08-02 16:34:00,Cochabamba,CAM-01,CHO-112,270,270.0,48,47.2,1,1,1,,False
5813,ORD-2026-05813,CLI-008,PROD-034,2026-08-14 08:02:00,Cochabamba,CAM-17,CHO-108,56,56.0,24,20.0,1,1,1,,False
5814,ORD-2026-05814,CLI-022,PROD-012,2026-08-28 22:08:00,Tarija,CAM-12,CHO-048,238,238.0,48,52.7,0,1,0,,False
5815,ORD-2026-05815,CLI-063,PROD-007,2026-08-26 00:47:00,La Paz,CAM-15,CHO-063,421,421.0,24,21.7,1,1,1,,False
5816,ORD-2026-05816,CLI-097,PROD-057,2026-08-06 13:44:00,Santa Cruz,CAM-29,CHO-101,421,419.0,48,39.9,1,0,0,,False
5817,ORD-2026-05817,CLI-063,PROD-047,2026-08-12 21:01:00,La Paz,CAM-27,CHO-107,123,123.0,48,34.5,1,1,1,,False
5818,ORD-2026-05818,CLI-026,PROD-042,2026-08-21 19:27:00,Oruro,CAM-24,CHO-117,26,26.0,24,23.7,1,1,1,,False
5819,ORD-2026-05819,CLI-059,PROD-006,2026-08-29 05:37:00,Oruro,CAM-05,CHO-144,313,313.0,72,68.2,1,1,1,,False
5820,ORD-2026-05820,CLI-061,PROD-028,2026-08-05 19:19:00,Cochabamba,CAM-01,CHO-016,402,402.0,24,26.4,0,1,0,,False
5821,ORD-2026-05821,CLI-031,PROD-048,2026-08-03 17:30:00,Tarija,CAM-12,CHO-015,196,196.0,72,58.0,1,1,1,,False
5822,ORD-2026-05822,CLI-057,PROD-045,2026-08-27 23:29:00,Cochabamba,CAM-17,CHO-140,67,67.0,48,38.9,1,1,1,,False
5823,ORD-2026-05823,CLI-024,PROD-014,2026-08-14 09:07:00,Tarija,CAM-26,CHO-146,73,73.0,72,55.8,1,1,1,,False
5824,ORD-2026-05824,CLI-049,PROD-016,01/08/2026 23:42,Cochabamba,CAM-08,CHO-130,79,79.0,48,31.9,1,1,1,fecha_despacho,True
5825,ORD-2026-05825,CLI-053,PROD-013,2026-08-26 12:51:00,Cochabamba,CAM-08,CHO-058,452,452.0,72,51.7,1,1,1,,False
5826,ORD-2026-05826,CLI-044,PROD-057,2026-08-30 23:32:00,Santa Cruz,CAM-20,CHO-076,176,176.0,48,38.7,1,1,1,,False
5827,ORD-2026-05827,CLI-011,PROD-013,2026-08-05 03:09:00,Cochabamba,CAM-01,CHO-054,93,93.0,48,32.3,1,1,1,,False
5828,ORD-2026-05828,CLI-048,PROD-003,2026-08-20 11:47:00,Tarija,CAM-03,CHO-010,424,414.0,24,26.8,0,0,0,,False
5829,ORD-2026-05829,CLI-044,PROD-016,2026-08-16 00:13:00,Oruro,CAM-24,CHO-110,444,,48,38.1,1,1,1,cantidad_entregada,True
5830,ORD-2026-05830,CLI-069,PROD-017,2026-08-17 21:58:00,Cochabamba,CAM-01,CHO-058,320,320.0,24,18.3,1,1,1,,False
5831,ORD-2026-05831,CLI-052,PROD-048,2026-08-04 23:30:00,Tarija,CAM-26,CHO-015,40,40.0,24,23.5,1,1,1,,False
5832,ORD-2026-05832,CLI-063,PROD-051,2026-08-07 06:16:00,Santa Cruz,CAM-20,CHO-024,275,275.0,48,42.3,1,1,1,,False
5833,ORD-2026-05833,CLI-077,PROD-050,2026-08-22 23:10:00,La Paz,CAM-09,CHO-102,117,117.0,24,19.1,1,1,1,,False
5834,ORD-2026-05834,CLI-054,PROD-031,2026-08-28 21:20:00,La Paz,CAM-28,CHO-040,193,193.0,24,20.0,1,1,1,,False
5835,ORD-2026-05835,CLI-027,PROD-014,2026-08-25 06:38:00,Tarija,CAM-12,CHO-008,269,250.0,24,18.2,1,0,0,,False
5836,ORD-2026-05836,CLI-039,PROD-045,2026-08-27 09:12:00,La Paz,CAM-27,CHO-063,70,70.0,48,38.7,1,1,1,,False
5837,ORD-2026-05837,CLI-041,PROD-044,2026-08-19 19:55:00,Tarija,CAM-03,CHO-082,89,89.0,24,20.8,1,1,1,,False
5838,ORD-2026-05838,CLI-034,PROD-021,2026-08-21 09:18:00,Tarija,CAM-26,CHO-056,427,427.0,24,19.6,1,1,1,,False
5839,ORD-2026-05839,CLI-082,PROD-013,2026-08-28 08:53:00,Cochabamba,CAM-08,CHO-068,61,61.0,24,14.1,1,1,1,,False
5840,ORD-2026-05840,CLI-019,PROD-032,2026-08-05 10:59:00,Oruro,CAM-07,CHO-144,67,60.0,24,20.7,1,0,0,,False
5841,ORD-2026-05841,CLI-096,PROD-025,2026-08-05 05:42:00,La Paz,CAM-15,CHO-148,113,113.0,48,41.1,1,1,1,,False
5842,ORD-2026-05842,CLI-072,PROD-027,2026-08-17 18:29:00,La Paz,CAM-28,CHO-063,84,84.0,24,20.3,1,1,1,,False
5843,ORD-2026-05843,CLI-030,PROD-013,2026-08-26 06:57:00,Tarija,CAM-03,CHO-043,455,455.0,48,31.4,1,1,1,,False
5844,ORD-2026-05844,CLI-040,PROD-045,2026-08-27 08:13:00,Tarija,CAM-12,CHO-132,266,266.0,24,21.1,1,1,1,,False
5845,ORD-2026-05845,CLI-031,PROD-035,2026-08-10 05:55:00,Santa Cruz,CAM-20,CHO-060,291,291.0,72,78.5,0,1,0,,False
5846,ORD-2026-05846,CLI-005,PROD-034,2026-08-27 06:37:00,Tarija,CAM-12,CHO-043,474,474.0,24,9.1,1,1,1,,False
5847,ORD-2026-05847,CLI-014,PROD-019,2026-08-12 08:35:00,Tarija,CAM-03,CHO-012,365,365.0,48,16.8,1,1,1,,False
5848,ORD-2026-05848,CLI-067,PROD-006,2026-08-12 03:59:00,Cochabamba,CAM-23,CHO-073,48,48.0,72,74.7,0,1,0,,False
5849,ORD-2026-05849,CLI-058,PROD-003,2026-08-29 14:18:00,Oruro,CAM-05,CHO-119,264,,24,20.8,1,1,1,cantidad_entregada,True
5850,ORD-2026-05850,CLI-047,PROD-047,2026-08-03 07:44:00,Cochabamba,CAM-01,CHO-006,331,331.0,24,20.5,1,1,1,,False
5851,ORD-2026-05851,CLI-019,PROD-030,2026-08-25 12:12:00,Oruro,CAM-05,CHO-032,388,388.0,24,17.0,1,1,1,,False
5852,ORD-2026-05852,CLI-037,PROD-007,2026-08-25 05:08:00,Oruro,CAM-02,CHO-136,161,161.0,72,64.0,1,1,1,,False
5853,ORD-2026-05853,CLI-059,PROD-021,2026-08-30 03:29:00,Oruro,CAM-02,CHO-038,187,187.0,48,41.0,1,1,1,,False
5854,ORD-2026-05854,CLI-095,PROD-054,2026-08-22 03:42:00,Tarija,CAM-26,CHO-010,298,298.0,48,33.5,1,1,1,,False
5855,ORD-2026-05855,CLI-076,PROD-004,2026-08-01 12:15:00,Tarija,CAM-03,CHO-015,495,495.0,48,37.5,1,1,1,,False
5856,ORD-2026-05856,CLI-097,PROD-031,2026-08-12 23:22:00,Oruro,CAM-05,CHO-144,344,344.0,72,67.0,1,1,1,,False
5857,ORD-2026-05857,CLI-027,PROD-038,2026-08-30 21:48:00,Cochabamba,CAM-19,CHO-111,269,269.0,24,25.2,0,1,0,,False
5858,ORD-2026-05858,CLI-076,PROD-005,2026-08-16 23:45:00,Santa Cruz,CAM-20,CHO-060,79,79.0,72,65.0,1,1,1,,False
5859,ORD-2026-05859,CLI-046,PROD-009,2026-08-09 09:26:00,Cochabamba,CAM-19,CHO-130,87,87.0,24,14.6,1,1,1,,False
5860,ORD-2026-05860,CLI-034,PROD-015,2026-08-03 17:43:00,Oruro,CAM-05,CHO-118,39,39.0,48,26.1,1,1,1,,False
5861,ORD-2026-05861,CLI-037,PROD-006,2026-08-19 06:19:00,Tarija,CAM-12,CHO-105,301,301.0,48,33.6,1,1,1,,False
5862,ORD-2026-05862,CLI-036,PROD-033,2026-08-04 15:45:00,Santa Cruz,CAM-10,CHO-013,352,352.0,24,19.7,1,1,1,,False
5863,ORD-2026-05863,CLI-054,PROD-047,2026-08-18 18:22:00,Santa Cruz,CAM-06,CHO-062,489,470.0,72,62.8,1,0,0,,False
5864,ORD-2026-05864,CLI-007,PROD-013,2026-08-02 06:39:00,Santa Cruz,CAM-13,CHO-128,118,118.0,24,19.2,1,1,1,,False
5865,ORD-2026-05865,CLI-093,PROD-004,2026-08-03 20:40:00,Cochabamba,CAM-23,CHO-094,155,155.0,24,13.4,1,1,1,,False
5866,ORD-2026-05866,CLI-018,PROD-042,2026-08-30 15:57:00,Oruro,CAM-02,CHO-150,217,217.0,72,63.4,1,1,1,,False
5867,ORD-2026-05867,CLI-032,PROD-013,2026-08-09 09:43:00,Santa Cruz,CAM-14,CHO-075,153,153.0,48,40.4,1,1,1,,False
5868,ORD-2026-05868,CLI-044,PROD-043,2026-08-23 13:07:00,Tarija,CAM-03,CHO-010,251,251.0,48,35.6,1,1,1,,False
5869,ORD-2026-05869,CLI-073,PROD-032,2026-08-13 09:33:00,Oruro,CAM-24,CHO-150,104,101.0,48,31.7,1,0,0,,False
5870,ORD-2026-05870,CLI-062,PROD-001,2026-08-07 10:54:00,Santa Cruz,CAM-13,CHO-013,403,403.0,48,40.7,1,1,1,,False
5871,ORD-2026-05871,CLI-070,PROD-047,2026-08-05 03:25:00,Cochabamba,CAM-08,CHO-140,350,350.0,48,43.8,1,1,1,,False
5872,ORD-2026-05872,CLI-036,PROD-010,2026-08-05 09:39:00,Santa Cruz,CAM-21,CHO-037,458,458.0,48,33.1,1,1,1,,False
5873,ORD-2026-05873,CLI-025,PROD-039,2026-08-04 09:15:00,Cochabamba,CAM-08,CHO-111,290,290.0,48,27.3,1,1,1,,False
5874,ORD-2026-05874,CLI-008,PROD-022,2026-08-09 08:38:00,Tarija,CAM-12,CHO-031,306,306.0,72,53.4,1,1,1,,False
5875,ORD-2026-05875,CLI-049,PROD-002,2026-08-13 22:08:00,Oruro,CAM-05,CHO-150,282,282.0,24,21.1,1,1,1,,False
5876,ORD-2026-05876,CLI-028,PROD-039,2026-08-18 06:56:00,La Paz,CAM-27,CHO-021,486,486.0,72,38.3,1,1,1,,False
5877,ORD-2026-05877,CLI-072,PROD-008,2026-08-13 08:14:00,Cochabamba,CAM-22,CHO-068,125,125.0,24,15.4,1,1,1,,False
5878,ORD-2026-05878,CLI-050,PROD-038,2026-08-29 09:03:00,La Paz,CAM-09,CHO-137,266,266.0,72,64.4,1,1,1,,False
5879,ORD-2026-05879,CLI-092,PROD-004,2026-08-13 00:56:00,Oruro,CAM-16,CHO-051,31,31.0,48,31.0,1,1,1,,False
5880,ORD-2026-05880,CLI-036,PROD-003,2026-08-29 01:03:00,Cochabamba,CAM-22,CHO-069,116,116.0,48,35.5,1,1,1,,False
5881,ORD-2026-05881,CLI-099,PROD-007,2026-08-13 13:04:00,La Paz,CAM-27,CHO-042,125,125.0,24,20.0,1,1,1,,False
5882,ORD-2026-05882,CLI-061,PROD-019,2026-08-29 20:28:00,La Paz,CAM-09,CHO-042,427,427.0,24,18.0,1,1,1,,False
5883,ORD-2026-05883,CLI-079,PROD-048,2026-08-29 11:38:00,La Paz,CAM-27,CHO-063,393,393.0,48,38.3,1,1,1,,False
5884,ORD-2026-05884,CLI-025,PROD-011,2026-08-30 00:05:00,Oruro,CAM-05,CHO-119,333,333.0,48,44.5,1,1,1,,False
5885,ORD-2026-05885,CLI-050,PROD-005,2026-08-14 20:54:00,Cochabamba,CAM-22,CHO-073,96,96.0,72,68.3,1,1,1,,False
5886,ORD-2026-05886,CLI-080,PROD-048,2026-08-18 03:34:00,Santa Cruz,CAM-13,CHO-121,309,309.0,24,20.6,1,1,1,,False
5887,ORD-2026-05887,CLI-017,PROD-049,2026-08-02 21:34:00,Tarija,CAM-12,CHO-026,326,326.0,48,25.5,1,1,1,,False
5888,ORD-2026-05888,CLI-029,PROD-019,2026-08-11 03:32:00,Cochabamba,CAM-19,CHO-131,70,70.0,48,46.6,1,1,1,,False
5889,ORD-2026-05889,CLI-008,PROD-003,2026-08-09 09:40:00,Santa Cruz,CAM-14,CHO-128,242,242.0,48,42.4,1,1,1,,False
5890,ORD-2026-05890,CLI-034,PROD-021,2026-08-03 06:41:00,La Paz,CAM-27,CHO-039,239,239.0,24,17.1,1,1,1,,False
5891,ORD-2026-05891,CLI-059,PROD-034,2026-08-04 09:26:00,La Paz,CAM-28,CHO-091,246,246.0,72,57.2,1,1,1,,False
5892,ORD-2026-05892,CLI-078,PROD-007,2026-08-24 05:14:00,Santa Cruz,CAM-04,CHO-096,162,162.0,24,18.8,1,1,1,,False
5893,ORD-2026-05893,CLI-042,PROD-037,2026-08-05 00:42:00,Santa Cruz,CAM-29,CHO-035,174,174.0,72,-51.8,1,1,1,tiempo_entrega_real_hrs,True
5894,ORD-2026-05894,CLI-086,PROD-032,2026-08-22 23:47:00,La Paz,CAM-09,CHO-137,166,166.0,24,16.3,1,1,1,,False
5895,ORD-2026-05895,CLI-060,PROD-035,2026-08-29 15:32:00,Cochabamba,CAM-01,CHO-094,320,320.0,24,21.0,1,1,1,,False
5896,ORD-2026-05896,CLI-047,PROD-029,2026-08-01 08:09:00,Oruro,CAM-02,CHO-032,424,424.0,48,47.3,1,1,1,,False
5897,ORD-2026-05897,CLI-053,PROD-031,2026-08-10 13:50:00,Santa Cruz,CAM-13,CHO-121,349,349.0,48,39.9,1,1,1,,False
5898,ORD-2026-05898,CLI-009,PROD-027,2026-08-02 07:19:00,Santa Cruz,CAM-29,CHO-034,175,175.0,48,40.2,1,1,1,,False
5899,ORD-2026-05899,CLI-015,PROD-020,2026-08-19 21:12:00,Tarija,CAM-03,CHO-043,164,164.0,24,18.9,1,1,1,,False
5900,ORD-2026-05900,CLI-041,PROD-059,2026-08-19 11:47:00,Oruro,CAM-05,CHO-110,246,246.0,48,40.0,1,1,1,,False
5901,ORD-2026-05901,CLI-099,PROD-055,2026-08-17 16:34:00,Cochabamba,CAM-23,CHO-065,304,304.0,72,75.3,0,1,0,,False
5902,ORD-2026-05902,CLI-093,PROD-020,2026-08-30 20:54:00,Santa Cruz,CAM-14,CHO-106,92,92.0,24,12.6,1,1,1,,False
5903,ORD-2026-05903,CLI-060,PROD-018,2026-08-19 18:03:00,Cochabamba,CAM-22,CHO-090,406,406.0,24,23.0,1,1,1,,False
5904,ORD-2026-05904,CLI-090,PROD-006,2026-08-29 16:47:00,La Paz,CAM-28,CHO-023,87,87.0,48,26.9,1,1,1,,False
5905,ORD-2026-05905,CLI-040,PROD-003,2026-08-14 21:10:00,La Paz,CAM-09,CHO-084,43,43.0,48,31.0,1,1,1,,False
5906,ORD-2026-05906,CLI-052,PROD-047,2026-08-20 02:16:00,Tarija,CAM-12,CHO-132,382,382.0,48,38.9,1,1,1,,False
5907,ORD-2026-05907,CLI-017,PROD-028,2026-08-15 07:16:00,Santa Cruz,CAM-04,CHO-103,108,94.0,24,26.6,0,0,0,,False
5908,ORD-2026-05908,CLI-094,PROD-047,2026-08-28 17:07:00,Oruro,CAM-24,CHO-098,435,435.0,24,21.4,1,1,1,,False
5909,ORD-2026-05909,CLI-060,PROD-001,2026-08-21 12:48:00,Oruro,CAM-05,CHO-003,262,262.0,48,31.3,1,1,1,,False
5910,ORD-2026-05910,CLI-095,PROD-051,2026-08-19 08:56:00,Oruro,CAM-05,CHO-110,248,248.0,48,41.3,1,1,1,,False
5911,ORD-2026-05911,CLI-005,PROD-022,2026-08-22 09:10:00,Cochabamba,CAM-01,CHO-131,128,128.0,24,26.5,0,1,0,,False
5912,ORD-2026-05912,CLI-046,PROD-027,2026-08-18 01:03:00,Cochabamba,CAM-19,CHO-055,363,363.0,48,46.9,1,1,1,,False
5913,ORD-2026-05913,CLI-092,PROD-040,2026-08-10 14:02:00,Cochabamba,CAM-08,CHO-112,97,97.0,24,22.8,1,1,1,,False
5914,ORD-2026-05914,CLI-056,PROD-037,2026-08-23 01:02:00,Oruro,CAM-07,CHO-150,201,201.0,72,55.9,1,1,1,,False
5915,ORD-2026-05915,CLI-056,PROD-058,2026-08-11 10:02:00,Santa Cruz,CAM-10,CHO-030,14,14.0,72,33.0,1,1,1,,False
5916,ORD-2026-05916,CLI-064,PROD-002,2026-08-27 02:29:00,La Paz,CAM-30,CHO-091,143,143.0,24,16.7,1,1,1,,False
5917,ORD-2026-05917,CLI-061,PROD-006,2026-08-09 07:38:00,Tarija,CAM-26,CHO-026,118,118.0,24,26.9,0,1,0,,False
5918,ORD-2026-05918,CLI-094,PROD-006,2026-08-14 02:24:00,Oruro,CAM-07,CHO-038,205,187.0,48,41.3,1,0,0,,False
5919,ORD-2026-05919,CLI-024,PROD-022,2026-08-05 10:02:00,La Paz,CAM-28,CHO-093,442,442.0,48,39.0,1,1,1,,False
5920,ORD-2026-05920,CLI-061,PROD-039,2026-08-13 16:13:00,Cochabamba,CAM-01,CHO-116,354,354.0,48,33.1,1,1,1,,False
5921,ORD-2026-05921,CLI-049,PROD-019,2026-08-13 03:37:00,Santa Cruz,CAM-20,CHO-095,327,327.0,24,28.4,0,1,0,,False
5922,ORD-2026-05922,CLI-025,PROD-014,2026-08-14 11:11:00,Santa Cruz,CAM-18,CHO-100,19,19.0,24,21.8,1,1,1,,False
5923,ORD-2026-05923,CLI-063,PROD-028,2026-08-19 16:32:00,Tarija,CAM-26,CHO-088,249,249.0,48,45.7,1,1,1,,False
5924,ORD-2026-05924,CLI-076,PROD-056,2026-08-24 21:11:00,La Paz,CAM-09,CHO-002,347,347.0,24,18.2,1,1,1,,False
5925,ORD-2026-05925,CLI-043,PROD-002,2026-08-25 15:14:00,Oruro,CAM-05,CHO-117,499,499.0,48,28.5,1,1,1,,False
5926,ORD-2026-05926,CLI-094,PROD-026,2026-08-12 07:16:00,La Paz,CAM-15,CHO-063,174,174.0,48,41.4,1,1,1,,False
5927,ORD-2026-05927,CLI-067,PROD-039,2026-08-16 00:11:00,Santa Cruz,CAM-18,CHO-059,326,326.0,48,37.0,1,1,1,,False
5928,ORD-2026-05928,CLI-018,PROD-039,2026-08-25 04:20:00,Tarija,CAM-12,CHO-056,354,354.0,48,38.9,1,1,1,,False
5929,ORD-2026-05929,CLI-037,PROD-011,2026-08-30 22:01:00,Cochabamba,CAM-22,CHO-016,193,193.0,48,39.2,1,1,1,,False
5930,ORD-2026-05930,CLI-069,PROD-011,2026-08-12 04:09:00,Cochabamba,CAM-22,CHO-138,326,315.0,24,22.0,1,0,0,,False
5931,ORD-2026-05931,CLI-100,PROD-050,2026-08-02 09:49:00,Santa Cruz,CAM-20,CHO-020,280,280.0,72,59.0,1,1,1,,False
5932,ORD-2026-05932,CLI-087,PROD-056,2026-08-15 14:56:00,Cochabamba,CAM-23,CHO-094,156,156.0,24,22.6,1,1,1,,False
5933,ORD-2026-05933,CLI-084,PROD-038,2026-08-26 13:41:00,Oruro,CAM-07,CHO-032,126,126.0,48,37.6,1,1,1,,False
5934,ORD-2026-05934,CLI-070,PROD-015,2026-08-11 05:33:00,Santa Cruz,CAM-13,CHO-076,368,368.0,24,13.7,1,1,1,,False
5935,ORD-2026-05935,CLI-019,PROD-017,2026-08-21 20:54:00,Tarija,CAM-12,CHO-012,24,24.0,24,18.8,1,1,1,,False
5936,ORD-2026-05936,CLI-056,PROD-020,2026-08-26 07:14:00,Oruro,CAM-07,CHO-022,479,479.0,48,32.4,1,1,1,,False
5937,ORD-2026-05937,CLI-001,PROD-026,2026-08-23 01:32:00,Cochabamba,CAM-19,CHO-047,58,58.0,48,43.6,1,1,1,,False
5938,ORD-2026-05938,CLI-077,PROD-060,2026-08-25 15:18:00,Santa Cruz,CAM-20,CHO-004,365,365.0,48,46.8,1,1,1,,False
5939,ORD-2026-05939,CLI-096,PROD-038,2026-08-02 04:22:00,Cochabamba,CAM-22,CHO-087,313,295.0,48,33.9,1,0,0,,False
5940,ORD-2026-05940,CLI-022,PROD-009,2026-08-16 18:23:00,Tarija,CAM-12,CHO-050,242,242.0,48,37.7,1,1,1,,False
5941,ORD-2026-05941,CLI-066,PROD-002,2026-08-16 19:24:00,Oruro,CAM-05,CHO-032,62,62.0,24,22.5,1,1,1,,False
5942, ord-2026-05942 ,CLI-012,PROD-003,2026-08-02 11:15:00,Oruro,CAM-05,CHO-003,289,289.0,24,19.2,1,1,1,order_id,True
5943,ORD-2026-05943,CLI-015,PROD-006,2026-08-22 06:59:00,Oruro,CAM-07,CHO-003,69,69.0,48,50.0,0,1,0,,False
5944,ORD-2026-05944,CLI-058,PROD-002,2026-08-08 22:10:00,Cochabamba,CAM-22,CHO-130,447,447.0,24,15.3,1,1,1,,False
5945,ORD-2026-05945,CLI-026,PROD-030,2026-08-28 08:01:00,Cochabamba,CAM-08,CHO-094,464,464.0,72,60.7,1,1,1,,False
5946,ORD-2026-05946,CLI-023,PROD-047,2026-08-29 07:55:00,Santa Cruz,CAM-13,CHO-059,298,298.0,48,34.6,1,1,1,,False
5947,ORD-2026-05947,CLI-083,PROD-011,2026-08-07 14:31:00,Cochabamba,CAM-23,CHO-138,164,164.0,48,44.0,1,1,1,,False
5948,ORD-2026-05948,CLI-034,PROD-009,2026-08-18 23:31:00,Oruro,CAM-05,CHO-051,46,46.0,72,68.4,1,1,1,,False
5949,ORD-2026-05949,CLI-046,PROD-010,2026-08-07 12:36:00,La Paz,CAM-28,CHO-039,23,23.0,72,66.8,1,1,1,,False
5950,ORD-2026-05950,CLI-090,PROD-011,2026-08-26 14:29:00,Tarija,CAM-03,CHO-009,219,219.0,24,20.3,1,1,1,,False
5951,ORD-2026-05951,CLI-066,PROD-057,2026-08-18 09:11:00,La Paz,CAM-27,CHO-134,293,293.0,24,17.1,1,1,1,,False
5952,ORD-2026-05952,CLI-023,PROD-007,2026-08-19 14:54:00,Santa Cruz,CAM-20,CHO-149,235,235.0,24,23.9,1,1,1,,False
5953,ORD-2026-05953,CLI-086,PROD-004,2026-08-23 11:39:00,Tarija,CAM-12,CHO-008,183,183.0,48,43.8,1,1,1,,False
5954,ORD-2026-05954,CLI-038,PROD-060,2026-08-04 23:54:00,Tarija,CAM-03,CHO-015,483,483.0,24,13.1,1,1,1,,False
5955,ORD-2026-05955,CLI-047,PROD-021,2026-08-29 23:06:00,Oruro,CAM-24,CHO-032,60,60.0,24,17.8,1,1,1,,False
5956,ORD-2026-05956,CLI-014,PROD-003,2026-08-13 14:56:00,La Paz,CAM-09,CHO-057,131,131.0,48,24.3,1,1,1,,False
5957,ORD-2026-05957,CLI-038,PROD-021,2026-08-29 07:50:00,Oruro,CAM-16,CHO-144,417,417.0,72,82.9,0,1,0,,False
5958,ORD-2026-05958,CLI-052,PROD-055,2026-08-26 22:36:00,Cochabamba,CAM-23,CHO-006,175,175.0,72,51.3,1,1,1,,False
5959,ORD-2026-05959,CLI-098,PROD-025,2026-08-28 03:29:00,Santa Cruz,CAM-13,CHO-149,477,477.0,48,43.6,1,1,1,,False
5960,ORD-2026-05960,CLI-008,PROD-013,2026-08-20 13:57:00,Santa Cruz,CAM-13,CHO-142,321,321.0,48,35.5,1,1,1,,False
5961,ORD-2026-05961,CLI-020,PROD-011,2026-08-07 03:57:00,Tarija,CAM-26,CHO-031,94,94.0,48,39.7,1,1,1,,False
5962,ORD-2026-05962,CLI-046,PROD-035,2026-08-06 03:45:00,Santa Cruz,CAM-11,CHO-100,454,454.0,48,35.3,1,1,1,,False
5963,ORD-2026-05963,CLI-078,PROD-025,2026-08-27 16:23:00,Cochabamba,CAM-22,CHO-135,125,125.0,24,10.2,1,1,1,,False
5964,ORD-2026-05964,CLI-049,PROD-032,2026-08-15 17:15:00,Oruro,CAM-16,CHO-144,29,29.0,24,9.8,1,1,1,,False
5965,ORD-2026-05965,CLI-067,PROD-013,2026-08-19 13:43:00,Cochabamba,CAM-08,CHO-019,445,440.0,72,58.0,1,0,0,,False
5966,ORD-2026-05966,CLI-019,PROD-039,2026-08-01 13:21:00,La Paz,CAM-15,CHO-040,174,174.0,24,21.9,1,1,1,,False
5967,ORD-2026-05967,CLI-100,PROD-002,2026-08-09 02:02:00,Oruro,CAM-05,CHO-098,417,411.0,24,14.8,1,0,0,,False
5968,ORD-2026-05968,CLI-005,PROD-004,2026-08-18 12:10:00,Tarija,CAM-26,CHO-061,240,240.0,24,17.5,1,1,1,,False
5969,ORD-2026-05969, cli-087 ,PROD-057,2026-08-06 14:10:00,Tarija,CAM-12,CHO-010,22,22.0,72,55.1,1,1,1,cliente_id,True
5970,ORD-2026-05970,CLI-074,PROD-019,2026-08-26 15:08:00,Santa Cruz,CAM-13,CHO-149,132,132.0,24,18.1,1,1,1,,False
5971,ORD-2026-05971,CLI-040,PROD-003,2026-08-05 03:12:00,Tarija,CAM-12,CHO-031,220,220.0,48,44.8,1,1,1,,False
5972,ORD-2026-05972,CLI-046,PROD-004,2026-08-14 01:09:00,Cochabamba,CAM-22,CHO-094,262,262.0,48,36.3,1,1,1,,False
5973,ORD-2026-05973,CLI-055,PROD-003,2026-08-30 20:17:00,Santa Cruz,CAM-13,CHO-096,429,429.0,48,33.6,1,1,1,,False
5974,ORD-2026-05974,CLI-038,PROD-039,2026-08-22 18:26:00,Cochabamba,CAM-23,CHO-111,321,321.0,48,45.8,1,1,1,,False
5975,ORD-2026-05975,CLI-020,PROD-053,2026-08-07 08:32:00,Cochabamba,CAM-01,CHO-094,347,347.0,24,25.6,0,1,0,,False
5976,ORD-2026-05976,CLI-076,PROD-030,2026-08-13 19:15:00,Oruro,CAM-16,CHO-067,374,374.0,48,36.3,1,1,1,,False
5977,ORD-2026-05977,CLI-079,PROD-039,2026-08-14 20:01:00,Santa Cruz,CAM-21,CHO-097,112,112.0,24,12.8,1,1,1,,False
5978,ORD-2026-05978,CLI-044,PROD-019,2026-08-06 00:25:00,Tarija,CAM-12,CHO-044,207,207.0,48,51.1,0,1,0,,False
5979,ORD-2026-05979,CLI-051,PROD-014,2026-08-26 17:39:00,Tarija,CAM-26,CHO-082,321,321.0,24,25.1,0,1,0,,False
5980,ORD-2026-05980,CLI-078,PROD-028,2026-08-11 07:30:00,Cochabamba,CAM-22,CHO-115,187,187.0,24,20.9,1,1,1,,False
5981,ORD-2026-05981,CLI-051,PROD-012,2026-08-05 15:05:00,Santa Cruz,CAM-14,CHO-142,478,478.0,24,15.7,1,1,1,,False
5982,ORD-2026-05982,CLI-085,PROD-001,2026-08-11 00:51:00,Oruro,CAM-05,CHO-118,495,495.0,24,28.4,0,1,0,,False
5983,ORD-2026-05983,CLI-069,PROD-060,2026-08-08 13:02:00,Cochabamba,CAM-08,CHO-090,48,48.0,24,13.4,1,1,1,,False
5984,ORD-2026-05984,CLI-079,PROD-009,2026-08-24 17:34:00,Cochabamba,CAM-17,CHO-014,448,448.0,48,35.7,1,1,1,,False
5985,ORD-2026-05985,CLI-054,PROD-048,2026-08-26 01:22:00,Tarija,CAM-12,CHO-061,467,467.0,72,60.5,1,1,1,,False
5986,ORD-2026-05986,CLI-035,PROD-060,2026-08-23 01:47:00,Cochabamba,CAM-08,CHO-054,493,493.0,72,73.8,0,1,0,,False
5987,ORD-2026-05987,CLI-060,PROD-058,2026-08-03 04:44:00,La Paz,CAM-27,CHO-091,125,106.0,24,18.7,1,0,0,,False
5988,ORD-2026-05988,CLI-066,PROD-040,2026-08-24 16:31:00,Tarija,CAM-12,CHO-036,109,109.0,24,14.4,1,1,1,,False
5989,ORD-2026-05989,CLI-047,PROD-013,2026-08-10 07:28:00,Santa Cruz,CAM-20,CHO-011,393,393.0,72,65.7,1,1,1,,False
5990,ORD-2026-05990,CLI-044,PROD-032,2026-08-19 03:30:00,La Paz,CAM-15,CHO-091,98,98.0,48,45.4,1,1,1,,False
5991,ORD-2026-05991,CLI-006,PROD-039,2026-08-28 23:37:00,Oruro,CAM-07,CHO-110,344,344.0,48,40.2,1,1,1,,False
5992,ORD-2026-05992,CLI-003,PROD-009,2026-08-17 23:48:00,La Paz,CAM-28,CHO-126,31,26.0,72,61.5,1,0,0,,False
5993,ORD-2026-05993,CLI-050,PROD-036,2026-08-06 08:51:00,Santa Cruz,CAM-13,CHO-095,263,263.0,24,18.3,1,1,1,,False
5994,ORD-2026-05994,CLI-015,PROD-007,2026-08-26 09:09:00,Oruro,CAM-02,CHO-118,499,499.0,72,64.6,1,1,1,,False
5995,ORD-2026-05995,CLI-092,PROD-027,2026-08-27 10:48:00,Santa Cruz,CAM-25,CHO-100,154,154.0,48,40.8,1,1,1,,False
5996,ORD-2026-05996,CLI-034,PROD-043,2026-08-08 15:02:00,Santa Cruz,CAM-20,CHO-099,243,243.0,48,39.0,1,1,1,,False
5997,ORD-2026-05997,CLI-003,PROD-002,2026-08-12 11:30:00,Cochabamba,CAM-08,CHO-124,45,45.0,24,20.6,1,1,1,,False
5998,ORD-2026-05998,CLI-011,PROD-052,2026-08-10 19:28:00,Cochabamba,CAM-23,CHO-116,363,363.0,24,20.3,1,1,1,,False
5999,ORD-2026-05999,CLI-026,PROD-027,2026-08-16 21:49:00,La Paz,CAM-09,CHO-107,137,137.0,24,15.6,1,1,1,,False
6000,ORD-2026-06000,CLI-018,PROD-011,2026-08-03 13:00:00,Cochabamba,CAM-23,CHO-111,344,344.0,48,33.7,1,1,1,,False
6001,ORD-2026-06001,CLI-088,PROD-052,2026-08-28 13:56:00,Cochabamba,CAM-22,CHO-151,332,331.0,72,61.2,1,0,0,,False
6002,ORD-2026-06002,CLI-006,PROD-043,2026-08-23 04:53:00,Oruro,CAM-05,CHO-118,271,263.0,48,18.9,1,0,0,,False
6003,ORD-2026-06003,CLI-075,PROD-019,2026-08-16 16:31:00,La Paz,CAM-28,CHO-064,408,408.0,24,12.3,1,1,1,,False
6004,ORD-2026-06004,CLI-033,PROD-017,2026-08-01 03:23:00,Tarija,CAM-12,CHO-010,56,42.0,24,16.7,1,0,0,,False
6005,ORD-2026-06005,CLI-078,PROD-050,09/08/2026 04:29,Santa Cruz,CAM-14,CHO-034,126,126.0,48,45.3,1,1,1,fecha_despacho,True
6006,ORD-2026-06006,CLI-058,PROD-042,2026-08-10 12:19:00,La Paz,CAM-28,CHO-039,375,375.0,72,76.7,0,1,0,,False
6007,ORD-2026-06007,CLI-035,PROD-019,2026-08-23 20:13:00,Santa Cruz,CAM-20,CHO-074,138,138.0,24,15.1,1,1,1,,False
6008,ORD-2026-06008,CLI-087,PROD-043,2026-08-19 23:20:00,Tarija,CAM-12,CHO-012,133,133.0,24,18.4,1,1,1,,False
6009,ORD-2026-06009,CLI-080,PROD-017,2026-08-21 09:38:00,Santa Cruz,CAM-14,CHO-120,469,469.0,48,39.6,1,1,1,,False
6010,ORD-2026-06010,CLI-091,PROD-003,2026-08-19 00:51:00,Tarija,CAM-03,CHO-010,13,13.0,24,27.2,0,1,0,,False
6011,ORD-2026-06011,CLI-059,PROD-042,2026-08-07 22:05:00,Santa Cruz,CAM-10,CHO-028,75,75.0,24,21.1,1,1,1,,False
6012,ORD-2026-06012,CLI-004,PROD-054,2026-08-24 16:52:00,Cochabamba,CAM-19,CHO-147,385,385.0,72,77.5,0,1,0,,False
6013,ORD-2026-06013,CLI-030,PROD-033,2026-08-11 22:35:00,La Paz,CAM-15,CHO-007,450,450.0,24,19.1,1,1,1,,False
6014,ORD-2026-06014,CLI-018,PROD-055,2026-08-09 11:02:00,Santa Cruz,CAM-25,CHO-081,192,192.0,48,46.8,1,1,1,,False
6015,ORD-2026-06015,CLI-081,PROD-057,2026-08-25 19:44:00,Cochabamba,CAM-17,CHO-089,129,129.0,48,44.1,1,1,1,,False
6016,ORD-2026-06016,CLI-058,PROD-009,2026-08-18 14:18:00,La Paz,CAM-09,CHO-084,85,85.0,72,42.6,1,1,1,,False
6017,ORD-2026-06017,CLI-080,PROD-013,2026-08-13 04:11:00,Cochabamba,CAM-23,CHO-089,174,174.0,24,20.8,1,1,1,,False
6018,ORD-2026-06018,CLI-005,PROD-038,2026-08-03 11:29:00,Tarija,CAM-03,CHO-061,282,282.0,72,60.6,1,1,1,,False
6019,ORD-2026-06019,CLI-003,PROD-011,2026-08-26 14:42:00,Cochabamba,CAM-19,CHO-116,55,55.0,48,34.5,1,1,1,,False
6020,ORD-2026-06020,CLI-001,PROD-027,2026-08-03 23:04:00,Santa Cruz,CAM-29,CHO-123,470,470.0,72,48.8,1,1,1,,False
6021,ORD-2026-06021,CLI-029,PROD-029,2026-08-28 21:37:00,Oruro,CAM-16,CHO-022,148,148.0,72,69.6,1,1,1,,False
6022,ORD-2026-06022,CLI-033,PROD-045,2026-08-28 08:35:00,Tarija,CAM-12,CHO-008,39,39.0,48,41.3,1,1,1,,False
6023,ORD-2026-06023,CLI-027,PROD-006,2026-08-17 15:25:00,La Paz,CAM-30,CHO-001,366,366.0,72,78.1,0,1,0,,False
6024,ORD-2026-06024,CLI-057,PROD-014,2026-08-20 21:18:00,Tarija,CAM-03,CHO-056,478,478.0,48,49.3,0,1,0,,False
6025,ORD-2026-06025,CLI-097,PROD-046,2026-08-14 09:23:00,Santa Cruz,CAM-11,CHO-078,467,467.0,24,20.0,1,1,1,,False
6026,ORD-2026-06026,CLI-097,PROD-003,2026-08-26 22:49:00,Santa Cruz,CAM-14,CHO-095,455,455.0,48,43.1,1,1,1,,False
6027,ORD-2026-06027,CLI-013,PROD-026,2026-08-28 04:54:00,Santa Cruz,CAM-21,CHO-085,467,467.0,48,39.6,1,1,1,,False
6028,ORD-2026-06028,CLI-052,PROD-022,2026-08-07 03:46:00,Cochabamba,CAM-08,CHO-143,199,199.0,48,34.7,1,1,1,,False
6029,ORD-2026-06029,CLI-028,PROD-037,2026-08-30 06:29:00,La Paz,CAM-28,CHO-049,358,358.0,72,73.7,0,1,0,,False
6030,ORD-2026-06030,CLI-059,PROD-018,2026-08-11 04:48:00,Tarija,CAM-12,CHO-146,33,,48,49.7,0,1,0,cantidad_entregada,True
6031,ORD-2026-06031,CLI-020,PROD-011,2026-08-12 03:32:00,La Paz,CAM-28,CHO-023,192,192.0,48,47.0,1,1,1,,False
6032,ORD-2026-06032,CLI-013,PROD-039,2026-08-14 19:40:00,La Paz,CAM-30,CHO-023,461,461.0,72,62.7,1,1,1,,False
6033,ORD-2026-06033,CLI-062,PROD-047,2026-08-01 06:23:00,Tarija,CAM-26,CHO-056,414,414.0,48,40.1,1,1,1,,False
6034,ORD-2026-06034,CLI-016,PROD-016,2026-08-09 20:31:00,Cochabamba,CAM-23,CHO-019,165,165.0,72,85.9,0,1,0,,False
6035,ORD-2026-06035,CLI-056,PROD-023,2026-08-17 10:30:00,Cochabamba,CAM-01,CHO-138,198,198.0,24,21.7,1,1,1,,False
6036,ORD-2026-06036,CLI-005,PROD-041,2026-08-16 17:22:00,La Paz,CAM-27,CHO-001,121,121.0,48,43.5,1,1,1,,False
6037,ORD-2026-06037,CLI-026,PROD-004,2026-08-07 04:45:00,La Paz,CAM-27,CHO-064,483,483.0,72,57.2,1,1,1,,False
6038,ORD-2026-06038,CLI-042,PROD-010,2026-08-03 23:12:00,Tarija,CAM-12,CHO-082,433,433.0,48,43.2,1,1,1,,False
6039,ORD-2026-06039,CLI-076,PROD-032,2026-08-13 10:19:00,Santa Cruz,CAM-18,CHO-025,83,83.0,48,42.7,1,1,1,,False
6040,ORD-2026-06040,CLI-043,PROD-035,2026-08-10 17:57:00,Tarija,CAM-12,CHO-008,317,317.0,24,26.7,0,1,0,,False
6041,ORD-2026-06041,CLI-075,PROD-013,2026-08-09 19:23:00,La Paz,CAM-28,CHO-134,370,370.0,24,24.2,0,1,0,,False
6042,ORD-2026-06042,CLI-013,PROD-050,2026-08-15 21:26:00,Tarija,CAM-03,CHO-010,364,364.0,24,21.1,1,1,1,,False
6043,ORD-2026-06043,CLI-050,PROD-001,2026-08-11 05:58:00,Cochabamba,CAM-22,CHO-138,468,468.0,48,38.7,1,1,1,,False
6044,ORD-2026-06044,CLI-040,PROD-046,2026-08-05 06:30:00,Cochabamba,CAM-23,CHO-130,49,49.0,72,67.0,1,1,1,,False
6045,ORD-2026-06045,CLI-057,PROD-041,2026-08-04 20:02:00,Cochabamba,CAM-17,CHO-151,494,494.0,48,47.0,1,1,1,,False
6046,ORD-2026-06046,CLI-066,PROD-025,2026-08-01 19:35:00,Tarija,CAM-03,CHO-088,148,148.0,48,34.7,1,1,1,,False
6047,ORD-2026-06047,CLI-011,PROD-058,2026-08-15 12:09:00,Oruro,CAM-16,CHO-117,397,397.0,24,23.7,1,1,1,,False
6048,ORD-2026-06048,CLI-079,PROD-019,2026-08-12 16:15:00,Santa Cruz,CAM-20,CHO-092,119,119.0,48,32.1,1,1,1,,False
6049,ORD-2026-06049,CLI-092,PROD-028,2026-08-01 09:50:00,Cochabamba,CAM-22,CHO-145,494,494.0,48,38.9,1,1,1,,False
6050,ORD-2026-06050,CLI-011,PROD-043,2026-08-08 11:58:00,Tarija,CAM-12,CHO-050,306,306.0,48,50.8,0,1,0,,False
6051,ORD-2026-06051,CLI-047,PROD-006,2026-08-12 05:00:00,Oruro,CAM-16,CHO-118,60,60.0,48,36.7,1,1,1,,False
6052,ORD-2026-06052,CLI-037,PROD-033,2026-08-01 02:09:00,Cochabamba,CAM-22,CHO-014,377,377.0,24,10.1,1,1,1,,False
6053,ORD-2026-06053,CLI-025,PROD-040,2026-08-20 17:13:00,Santa Cruz,CAM-13,CHO-079,46,46.0,48,54.4,0,1,0,,False
6054,ORD-2026-06054,CLI-011,PROD-056,2026-08-10 13:58:00,Santa Cruz,CAM-13,CHO-142,32,32.0,24,16.3,1,1,1,,False
6055,ORD-2026-06055,CLI-004,PROD-024,2026-08-13 03:26:00,La Paz,CAM-15,CHO-083,137,137.0,48,37.2,1,1,1,,False
6056,ORD-2026-06056,CLI-012,PROD-015,2026-08-01 00:51:00,Santa Cruz,CAM-20,CHO-004,314,314.0,24,12.7,1,1,1,,False
6057,ORD-2026-06057,CLI-029,PROD-039,2026-08-22 18:23:00,Tarija,CAM-12,CHO-010,60,53.0,48,43.0,1,0,0,,False
6058,ORD-2026-06058,CLI-033,PROD-054,2026-08-15 08:14:00,Cochabamba,CAM-08,CHO-014,481,481.0,48,30.5,1,1,1,,False
6059,ORD-2026-06059,CLI-057,PROD-021,2026-08-28 12:43:00,Tarija,CAM-12,CHO-045,146,146.0,48,48.2,0,1,0,,False
6060,ORD-2026-06060,CLI-077,PROD-046,2026-08-09 05:11:00,Oruro,CAM-05,CHO-119,427,427.0,48,30.8,1,1,1,,False
6061,ORD-2026-06061,CLI-047,PROD-055,2026-08-30 22:05:00,Oruro,CAM-05,CHO-136,248,248.0,24,22.3,1,1,1,,False
6062,ORD-2026-06062,CLI-068,PROD-054,2026-08-28 02:52:00,Tarija,CAM-03,CHO-048,39,39.0,72,56.2,1,1,1,,False
6063,ORD-2026-06063,CLI-094,PROD-047,2026-08-23 08:31:00,Oruro,CAM-24,CHO-038,483,483.0,24,17.9,1,1,1,,False
6064,ORD-2026-06064,CLI-088,PROD-037,2026-08-22 11:05:00,La Paz,CAM-15,CHO-127,94,94.0,72,73.4,0,1,0,,False
6065,ORD-2026-06065,CLI-066,PROD-040,2026-08-02 22:34:00,Cochabamba,CAM-23,CHO-065,378,378.0,48,35.7,1,1,1,,False
6066,ORD-2026-06066,CLI-072,PROD-049,2026-08-19 05:25:00,Tarija,CAM-03,CHO-105,64,64.0,48,39.4,1,1,1,,False
6067,ORD-2026-06067,CLI-037,PROD-043,2026-08-21 12:54:00,Santa Cruz,CAM-10,CHO-018,156,156.0,48,25.1,1,1,1,,False
6068,ORD-2026-06068,CLI-044,PROD-007,2026-08-29 17:26:00,Cochabamba,CAM-23,CHO-033,233,233.0,72,56.9,1,1,1,,False
6069,ORD-2026-06069, cli-062 ,PROD-021,2026-08-08 13:10:00,Oruro,CAM-16,CHO-144,434,434.0,48,28.3,1,1,1,cliente_id,True
6070,ORD-2026-06070,CLI-051,PROD-039,2026-08-29 04:54:00,La Paz,CAM-09,CHO-023,154,154.0,48,52.0,0,1,0,,False
6071,ORD-2026-06071,CLI-090,PROD-052,2026-08-10 19:29:00,Oruro,CAM-05,CHO-022,105,105.0,24,25.1,0,1,0,,False
6072,ORD-2026-06072,CLI-045,PROD-003,2026-08-12 14:26:00,Santa Cruz,CAM-14,CHO-079,46,46.0,24,23.2,1,1,1,,False
6073,ORD-2026-06073,CLI-074,PROD-038,2026-08-26 00:19:00,Tarija,CAM-12,CHO-082,63,63.0,24,23.6,1,1,1,,False
6074,ORD-2026-06074,CLI-068,PROD-007,2026-08-25 05:33:00,Tarija,CAM-03,CHO-043,12,12.0,72,59.0,1,1,1,,False
6075,ORD-2026-06075,CLI-032,PROD-032,2026-08-20 10:17:00,Santa Cruz,CAM-04,CHO-106,444,444.0,24,22.9,1,1,1,,False
6076,ORD-2026-06076,CLI-045,PROD-026,2026-08-12 12:14:00,La Paz,CAM-27,CHO-093,142,142.0,24,22.4,1,1,1,,False
6077,ORD-2026-06077,CLI-031,PROD-031,2026-08-08 11:09:00,Cochabamba,CAM-23,CHO-094,78,78.0,48,32.0,1,1,1,,False
6078,ORD-2026-06078,CLI-038,PROD-053,2026-08-06 23:56:00,La Paz,CAM-30,CHO-049,325,325.0,24,14.3,1,1,1,,False
6079,ORD-2026-06079,CLI-048,PROD-039,2026-08-10 19:26:00,Tarija,CAM-12,CHO-050,307,307.0,24,15.0,1,1,1,,False
6080,ORD-2026-06080,CLI-078,PROD-052,2026-08-04 07:40:00,Tarija,CAM-26,CHO-132,432,432.0,48,43.8,1,1,1,,False
6081,ORD-2026-06081,CLI-059,PROD-039,2026-08-22 19:26:00,Santa Cruz,CAM-06,CHO-085,80,80.0,24,20.1,1,1,1,,False
6082,ORD-2026-06082,CLI-014,PROD-058,2026-08-21 20:45:00,Oruro,CAM-24,CHO-118,452,452.0,48,35.2,1,1,1,,False
6083,ORD-2026-06083,CLI-026,PROD-016,2026-08-05 00:49:00,Cochabamba,CAM-22,CHO-087,183,183.0,48,38.7,1,1,1,,False
6084,ORD-2026-06084,CLI-004,PROD-058,2026-08-24 09:19:00,Oruro,CAM-05,CHO-110,434,431.0,24,25.3,0,0,0,,False
6085,ORD-2026-06085,CLI-032,PROD-005,2026-08-08 00:42:00,Cochabamba,CAM-17,CHO-047,34,34.0,48,54.9,0,1,0,,False
6086,ORD-2026-06086,CLI-068,PROD-043,2026-08-20 14:53:00,Cochabamba,CAM-23,CHO-135,107,107.0,24,15.4,1,1,1,,False
6087,ORD-2026-06087,CLI-008,PROD-056,2026-08-13 05:38:00,Oruro,CAM-05,CHO-003,280,280.0,48,56.0,0,1,0,,False
6088,ORD-2026-06088,CLI-057,PROD-005,2026-08-23 02:04:00,Oruro,CAM-07,CHO-118,446,446.0,48,43.1,1,1,1,,False
6089,ORD-2026-06089,CLI-079,PROD-021,2026-08-23 04:42:00,Tarija,CAM-03,CHO-146,177,177.0,48,38.2,1,1,1,,False
6090,ORD-2026-06090,CLI-085,PROD-024,2026-08-09 16:16:00,La Paz,CAM-15,CHO-021,183,183.0,48,37.6,1,1,1,,False
6091,ORD-2026-06091,CLI-004,PROD-054,2026-08-18 08:02:00,Cochabamba,CAM-22,CHO-019,178,178.0,24,16.2,1,1,1,,False
6092,ORD-2026-06092,CLI-057,PROD-059,2026-08-29 20:03:00,Santa Cruz,CAM-13,CHO-097,58,58.0,72,51.0,1,1,1,,False
6093,ORD-2026-06093,CLI-095,PROD-060,2026-08-09 06:23:00,La Paz,CAM-27,CHO-083,169,169.0,24,19.2,1,1,1,,False
6094,ORD-2026-06094,CLI-039,PROD-051,2026-08-03 13:08:00,La Paz,CAM-09,CHO-005,253,253.0,24,18.2,1,1,1,,False
6095,ORD-2026-06095,CLI-092,PROD-042,2026-08-07 02:52:00,Santa Cruz,CAM-25,CHO-149,493,493.0,24,16.7,1,1,1,,False
6096,ORD-2026-06096,CLI-004,PROD-027,2026-08-02 23:22:00,Santa Cruz,CAM-25,CHO-011,213,213.0,72,57.1,1,1,1,,False
6097,ORD-2026-06097,CLI-037,PROD-056,2026-08-02 20:01:00,Oruro,CAM-05,CHO-003,213,213.0,24,8.4,1,1,1,,False
6098,ORD-2026-06098,CLI-058,PROD-033,2026-08-04 22:49:00,Tarija,CAM-12,CHO-122,112,97.0,24,24.0,1,0,0,,False
6099,ORD-2026-06099,CLI-026,PROD-003,2026-08-24 02:01:00,Santa Cruz,CAM-13,CHO-085,145,145.0,48,38.2,1,1,1,,False
6100,ORD-2026-06100,CLI-091,PROD-057,2026-08-17 21:24:00,Santa Cruz,CAM-18,CHO-080,383,383.0,72,36.8,1,1,1,,False
6101,ORD-2026-06101,CLI-056,PROD-048,2026-08-30 17:11:00,Oruro,CAM-05,CHO-150,166,166.0,72,55.5,1,1,1,,False
6102,ORD-2026-06102,CLI-075,PROD-021,2026-08-14 11:38:00,Santa Cruz,CAM-06,CHO-113,212,212.0,48,31.9,1,1,1,,False
6103,ORD-2026-06103,CLI-020,PROD-022,2026-08-08 11:27:00,Cochabamba,CAM-22,CHO-147,75,75.0,24,23.6,1,1,1,,False
6104,ORD-2026-06104,CLI-070,PROD-040,2026-08-28 04:28:00,La Paz,CAM-09,CHO-039,81,75.0,72,62.3,1,0,0,,False
6105,ORD-2026-06105,CLI-042,PROD-019,2026-08-21 21:19:00,Santa Cruz,CAM-20,CHO-129,54,54.0,48,28.2,1,1,1,,False
6106,ORD-2026-06106,CLI-047,PROD-015,2026-08-17 14:15:00,Oruro,CAM-05,CHO-144,367,367.0,72,61.7,1,1,1,,False
6107,ORD-2026-06107,CLI-013,PROD-055,2026-08-07 23:28:00,Santa Cruz,CAM-20,CHO-029,191,191.0,24,14.7,1,1,1,,False
6108,ORD-2026-06108,CLI-061,PROD-060,2026-08-29 12:19:00,Tarija,CAM-03,CHO-056,392,382.0,24,19.0,1,0,0,,False
6109,ORD-2026-06109,CLI-071,PROD-045,2026-08-23 19:47:00,Tarija,CAM-03,CHO-132,99,99.0,24,14.8,1,1,1,,False
6110,ORD-2026-06110,CLI-077,PROD-017,2026-08-03 15:33:00,La Paz,CAM-28,CHO-107,457,457.0,24,22.6,1,1,1,,False
6111,ORD-2026-06111,CLI-097,PROD-036,2026-08-03 00:29:00,La Paz,CAM-30,CHO-017,140,123.0,48,43.2,1,0,0,,False
6112,ORD-2026-06112,CLI-047,PROD-020,2026-08-18 03:31:00,La Paz,CAM-09,CHO-049,68,68.0,48,37.7,1,1,1,,False
6113,ORD-2026-06113,CLI-013,PROD-022,2026-08-22 00:14:00,Tarija,CAM-12,CHO-012,293,293.0,48,44.2,1,1,1,,False
6114,ORD-2026-06114,CLI-027,PROD-015,2026-08-24 13:57:00,Santa Cruz,CAM-29,CHO-121,191,191.0,72,55.6,1,1,1,,False
6115,ORD-2026-06115,CLI-048,PROD-010,2026-08-16 08:07:00,Cochabamba,CAM-22,CHO-089,251,251.0,24,20.0,1,1,1,,False
6116,ORD-2026-06116,CLI-065,PROD-001,2026-08-04 11:53:00,Cochabamba,CAM-22,CHO-058,495,495.0,24,14.2,1,1,1,,False
6117,ORD-2026-06117,CLI-058,PROD-038,2026-08-30 00:06:00,Tarija,CAM-12,CHO-045,322,322.0,48,40.9,1,1,1,,False
6118,ORD-2026-06118,CLI-037,PROD-009,2026-08-17 23:41:00,Cochabamba,CAM-01,CHO-033,341,341.0,48,52.8,0,1,0,,False
6119,ORD-2026-06119,CLI-091,PROD-055,2026-08-20 13:37:00,La Paz,CAM-30,CHO-002,332,332.0,48,41.2,1,1,1,,False
6120,ORD-2026-06120,CLI-063,PROD-052,2026-08-09 03:50:00,Cochabamba,CAM-08,CHO-089,332,332.0,48,41.9,1,1,1,,False
6121,ORD-2026-06121,CLI-021,PROD-023,2026-08-02 12:15:00,La Paz,CAM-28,CHO-064,106,99.0,48,39.2,1,0,0,,False
6122,ORD-2026-06122,CLI-011,PROD-060,2026-08-01 16:24:00,Santa Cruz,CAM-13,CHO-080,486,486.0,72,41.7,1,1,1,,False
6123,ORD-2026-06123,CLI-027,PROD-014,2026-08-18 01:43:00,La Paz,CAM-30,CHO-083,101,82.0,48,36.6,1,0,0,,False
6124,ORD-2026-06124,CLI-001,PROD-030,2026-08-23 17:42:00,La Paz,CAM-28,CHO-083,18,18.0,72,73.5,0,1,0,,False
6125,ORD-2026-06125,CLI-092,PROD-020,2026-08-16 08:46:00,Cochabamba,CAM-01,CHO-054,196,196.0,48,31.3,1,1,1,,False
6126,ORD-2026-06126,CLI-056,PROD-052,2026-08-30 15:30:00,Tarija,CAM-03,CHO-048,293,293.0,24,17.6,1,1,1,,False
6127,ORD-2026-06127,CLI-097,PROD-021,2026-08-06 07:00:00,Tarija,CAM-12,CHO-048,438,438.0,24,17.7,1,1,1,,False
6128,ORD-2026-06128,CLI-078,PROD-020,2026-08-24 11:56:00,La Paz,CAM-09,CHO-063,101,101.0,72,49.7,1,1,1,,False
6129,ORD-2026-06129,CLI-042,PROD-029,2026-08-26 07:04:00,Santa Cruz,CAM-06,CHO-053,156,156.0,48,48.1,0,1,0,,False
6130,ORD-2026-06130,CLI-067,PROD-017,2026-08-12 18:15:00,La Paz,CAM-28,CHO-039,329,329.0,72,58.2,1,1,1,,False
6131,ORD-2026-06131,CLI-047,PROD-028,2026-08-23 01:11:00,Tarija,CAM-26,CHO-061,156,156.0,24,18.7,1,1,1,,False
6132,ORD-2026-06132,CLI-047,PROD-025,2026-08-24 08:39:00,Cochabamba,CAM-08,CHO-069,214,214.0,24,9.4,1,1,1,,False
6133,ORD-2026-06133,CLI-004,PROD-040,2026-08-11 05:45:00,Santa Cruz,CAM-13,CHO-121,119,119.0,48,47.3,1,1,1,,False
6134,ORD-2026-06134,CLI-022,PROD-042,2026-08-20 22:18:00,Cochabamba,CAM-08,CHO-087,244,244.0,24,14.0,1,1,1,,False
6135,ORD-2026-06135,CLI-004,PROD-004,2026-08-23 10:11:00,La Paz,CAM-28,CHO-023,269,,72,70.0,1,1,1,cantidad_entregada,True
6136,ORD-2026-06136,CLI-045,PROD-020,2026-08-29 19:22:00,Santa Cruz,CAM-14,CHO-142,483,483.0,24,24.0,1,1,1,,False
6137,ORD-2026-06137,CLI-028,PROD-025,2026-08-08 01:53:00,Oruro,CAM-05,CHO-150,58,58.0,72,54.4,1,1,1,,False
6138,ORD-2026-06138,CLI-045,PROD-028,2026-08-04 16:54:00,Santa Cruz,CAM-13,CHO-035,26,26.0,24,25.8,0,1,0,,False
6139,ORD-2026-06139,CLI-044,PROD-011,2026-08-20 09:53:00,Oruro,CAM-05,CHO-003,388,388.0,72,65.7,1,1,1,,False
6140,ORD-2026-06140,CLI-034,PROD-029,2026-08-23 14:15:00,La Paz,CAM-09,CHO-083,118,118.0,48,32.3,1,1,1,,False
6141,ORD-2026-06141,CLI-027,PROD-035,2026-08-30 22:17:00,La Paz,CAM-28,CHO-107,314,314.0,48,53.3,0,1,0,,False
6142,ORD-2026-06142,CLI-094,PROD-030,2026-08-29 07:15:00,Santa Cruz,CAM-14,CHO-024,323,323.0,24,18.0,1,1,1,,False
6143,ORD-2026-06143,CLI-057,PROD-032,2026-08-20 23:09:00,Santa Cruz,CAM-04,CHO-075,430,430.0,72,49.3,1,1,1,,False
6144,ORD-2026-06144,CLI-022,PROD-027,2026-08-04 10:43:00,Tarija,CAM-03,CHO-082,137,137.0,24,16.0,1,1,1,,False
6145,ORD-2026-06145,CLI-011,PROD-034,2026-08-24 15:53:00,Cochabamba,CAM-22,CHO-086,494,494.0,24,20.9,1,1,1,,False
6146,ORD-2026-06146,CLI-010,PROD-035,2026-08-03 22:41:00,Cochabamba,CAM-01,CHO-112,426,426.0,72,59.3,1,1,1,,False
6147,ORD-2026-06147,CLI-054,PROD-011,2026-08-07 00:27:00,La Paz,CAM-28,CHO-017,380,380.0,72,48.6,1,1,1,,False
6148,ORD-2026-06148,CLI-012,PROD-025,2026-08-08 20:55:00,Santa Cruz,CAM-14,CHO-096,24,24.0,72,50.1,1,1,1,,False
6149,ORD-2026-06149,CLI-024,PROD-025,2026-08-07 16:28:00,La Paz,CAM-28,CHO-084,cincuenta,462.0,72,78.1,0,1,0,cantidad_solicitada,True
6150,ORD-2026-06150,CLI-025,PROD-028,2026-08-30 11:00:00,Tarija,CAM-03,CHO-050,460,460.0,24,20.8,1,1,1,,False
6151,ORD-2026-06151,CLI-028,PROD-024,2026-08-23 07:06:00,Oruro,CAM-16,CHO-118,317,317.0,24,17.1,1,1,1,,False
6152,ORD-2026-06152,CLI-020,PROD-047,2026-08-14 15:08:00,Santa Cruz,CAM-10,CHO-053,138,138.0,24,15.6,1,1,1,,False
6153,ORD-2026-06153,CLI-090,PROD-025,2026-08-13 08:14:00,Santa Cruz,CAM-06,CHO-053,94,94.0,72,63.6,1,1,1,,False
6154,ORD-2026-06154,CLI-046,PROD-050,2026-08-07 23:00:00,Cochabamba,CAM-23,CHO-019,281,281.0,72,49.2,1,1,1,,False
6155,ORD-2026-06155,CLI-006,PROD-034,2026-08-23 20:54:00,Tarija,CAM-03,CHO-012,153,153.0,48,37.2,1,1,1,,False
6156,ORD-2026-06156,CLI-051,PROD-005,2026-08-23 00:40:00,Santa Cruz,CAM-13,CHO-029,340,340.0,24,21.4,1,1,1,,False
6157,ORD-2026-06157,CLI-097,PROD-013,2026-08-24 13:49:00,La Paz,CAM-28,CHO-066,499,499.0,48,43.6,1,1,1,,False
6158,ORD-2026-06158,CLI-095,PROD-048,2026-08-02 01:52:00,Tarija,CAM-03,CHO-044,266,266.0,72,53.7,1,1,1,,False
6159,ORD-2026-06159,CLI-063,PROD-038,2026-08-29 15:24:00,Oruro,CAM-16,CHO-117,76,76.0,72,31.9,1,1,1,,False
6160,ORD-2026-06160,CLI-085,PROD-043,2026-08-30 02:31:00,Oruro,CAM-05,CHO-032,26,26.0,24,23.8,1,1,1,,False
6161,ORD-2026-06161,CLI-052,PROD-025,2026-08-15 01:46:00,Tarija,CAM-03,CHO-088,252,240.0,24,23.3,1,0,0,,False
6162,ORD-2026-06162,CLI-055,PROD-019,2026-08-03 19:54:00,Santa Cruz,CAM-14,CHO-059,137,137.0,48,43.9,1,1,1,,False
6163,ORD-2026-06163,CLI-008,PROD-045,2026-08-03 07:33:00,Oruro,CAM-05,CHO-150,17,17.0,72,61.9,1,1,1,,False
6164,ORD-2026-06164,CLI-055,PROD-025,2026-08-10 14:18:00,Cochabamba,CAM-23,CHO-041,220,220.0,48,49.1,0,1,0,,False
6165,ORD-2026-06165,CLI-011,PROD-034,2026-08-11 05:15:00,Santa Cruz,CAM-13,CHO-113,219,219.0,48,44.3,1,1,1,,False
6166,ORD-2026-06166,CLI-077,PROD-021,2026-08-28 23:28:00,La Paz,CAM-28,CHO-023,118,118.0,48,37.6,1,1,1,,False
6167,ORD-2026-06167,CLI-064,PROD-001,2026-08-14 03:17:00,Cochabamba,CAM-23,CHO-073,14,14.0,48,42.6,1,1,1,,False
6168,ORD-2026-06168,CLI-012,PROD-014,2026-08-11 10:10:00,Tarija,CAM-12,CHO-082,211,211.0,72,63.8,1,1,1,,False
6169,ORD-2026-06169,CLI-045,PROD-037,2026-08-10 03:32:00,Oruro,CAM-02,CHO-051,149,149.0,24,24.4,0,1,0,,False
6170,ORD-2026-06170,CLI-047,PROD-014,2026-08-13 12:08:00,Tarija,CAM-12,CHO-045,189,189.0,48,53.0,0,1,0,,False
6171,ORD-2026-06171,CLI-072,PROD-060,2026-08-08 17:57:00,Tarija,CAM-12,CHO-088,422,422.0,24,25.2,0,1,0,,False
6172,ORD-2026-06172,CLI-059,PROD-039,2026-08-29 08:55:00,Oruro,CAM-24,CHO-038,182,182.0,24,25.4,0,1,0,,False
6173,ORD-2026-06173,CLI-033,PROD-024,2026-08-14 22:32:00,Cochabamba,CAM-17,CHO-115,298,297.0,24,20.8,1,0,0,,False
6174,ORD-2026-06174,CLI-089,PROD-011,2026-08-14 05:23:00,Oruro,CAM-24,CHO-032,304,285.0,24,24.3,0,0,0,,False
6175,ORD-2026-06175,CLI-020,PROD-028,2026-08-21 17:56:00,Tarija,CAM-12,CHO-122,415,415.0,48,37.9,1,1,1,,False
6176,ORD-2026-06176,CLI-003,PROD-009,2026-08-09 17:32:00,La Paz,CAM-28,CHO-102,344,343.0,72,43.3,1,0,0,,False
6177,ORD-2026-06177,CLI-087,PROD-051,2026-08-06 05:06:00,Oruro,CAM-05,CHO-051,116,116.0,24,24.1,0,1,0,,False
6178,ORD-2026-06178,CLI-039,PROD-037,2026-08-01 06:57:00,Santa Cruz,CAM-20,CHO-011,176,176.0,24,19.5,1,1,1,,False
6179,ORD-2026-06179,CLI-086,PROD-005,2026-08-30 05:51:00,Tarija,CAM-12,CHO-044,189,,24,25.2,0,1,0,cantidad_entregada,True
6180,ORD-2026-06180,CLI-057,PROD-004,2026-08-04 20:43:00,Tarija,CAM-26,CHO-026,63,63.0,24,24.4,0,1,0,,False
6181,ORD-2026-06181,CLI-010,PROD-050,2026-08-27 22:58:00,La Paz,CAM-28,CHO-002,372,372.0,48,59.0,0,1,0,,False
6182,ORD-2026-06182,CLI-047,PROD-058,2026-08-28 23:15:00,Oruro,CAM-16,CHO-098,176,176.0,24,18.6,1,1,1,,False
6183,ORD-2026-06183,CLI-056,PROD-011,2026-08-16 21:45:00,La Paz,CAM-28,CHO-126,145,145.0,48,35.9,1,1,1,,False
6184,ORD-2026-06184,CLI-008,PROD-001,2026-08-21 02:28:00,Tarija,CAM-12,CHO-056,124,124.0,48,40.4,1,1,1,,False
6185,ORD-2026-06185,CLI-029,PROD-043,2026-08-13 14:38:00,Cochabamba,CAM-01,CHO-014,198,198.0,48,37.7,1,1,1,,False
6186,ORD-2026-06186,CLI-003,PROD-027,2026-08-18 06:54:00,Tarija,CAM-26,CHO-015,299,299.0,48,47.9,1,1,1,,False
6187,ORD-2026-06187,CLI-083,PROD-022,2026-08-29 02:54:00,Tarija,CAM-12,CHO-122,156,156.0,24,16.1,1,1,1,,False
6188,ORD-2026-06188,CLI-032,PROD-049,2026-08-06 00:10:00,Oruro,CAM-05,CHO-110,240,240.0,72,67.8,1,1,1,,False
6189,ORD-2026-06189,CLI-088,PROD-014,2026-08-28 13:25:00,Tarija,CAM-12,CHO-036,436,436.0,48,30.9,1,1,1,,False
6190,ORD-2026-06190,CLI-071,PROD-052,2026-08-05 17:59:00,Santa Cruz,CAM-20,CHO-059,195,195.0,72,51.1,1,1,1,,False
6191,ORD-2026-06191,CLI-087,PROD-049,2026-08-10 16:10:00,Tarija,CAM-03,CHO-056,334,334.0,24,19.7,1,1,1,,False
6192,ORD-2026-06192,CLI-095,PROD-029,2026-08-20 10:32:00,Tarija,CAM-26,CHO-088,367,367.0,48,41.8,1,1,1,,False
6193,ORD-2026-06193,CLI-040,PROD-032,2026-08-09 13:31:00,La Paz,CAM-27,CHO-023,465,465.0,72,63.1,1,1,1,,False
6194,ORD-2026-06194,CLI-093,PROD-036,2026-08-28 20:32:00,La Paz,CAM-09,CHO-042,265,265.0,48,38.6,1,1,1,,False
6195,ORD-2026-06195,CLI-058,PROD-005,2026-08-17 14:39:00,Cochabamba,CAM-22,CHO-143,234,234.0,24,20.8,1,1,1,,False
6196,ORD-2026-06196,CLI-021,PROD-012,2026-08-25 02:46:00,Cochabamba,CAM-08,CHO-054,213,213.0,24,19.3,1,1,1,,False
6197,ORD-2026-06197,CLI-023,PROD-037,2026-08-25 13:34:00,Santa Cruz,CAM-25,CHO-029,291,291.0,24,12.7,1,1,1,,False
6198,ORD-2026-06198,CLI-094,PROD-009,2026-08-24 05:04:00,Tarija,CAM-03,CHO-088,182,182.0,48,58.7,0,1,0,,False
6199,ORD-2026-06199,CLI-083,PROD-047,2026-08-24 17:29:00,La Paz,CAM-27,CHO-064,300,,72,51.9,1,1,1,cantidad_entregada,True
6200,ORD-2026-06200,CLI-032,PROD-031,2026-08-25 05:25:00,La Paz,CAM-09,CHO-063,171,171.0,48,37.5,1,1,1,,False
6201,ORD-2026-06201,CLI-074,PROD-021,2026-08-18 08:07:00,Santa Cruz,CAM-25,CHO-053,415,415.0,72,59.4,1,1,1,,False
6202,ORD-2026-06202,CLI-026,PROD-050,2026-08-24 13:46:00,Tarija,CAM-03,CHO-132,12,12.0,24,21.7,1,1,1,,False
6203,ORD-2026-06203,CLI-068,PROD-049,2026-08-30 10:41:00,Tarija,CAM-12,CHO-146,290,290.0,72,60.2,1,1,1,,False
6204,ORD-2026-06204,CLI-049,PROD-037,2026-08-14 04:24:00,Oruro,CAM-02,CHO-144,159,159.0,48,32.1,1,1,1,,False
6205,ORD-2026-06205,CLI-098,PROD-016,2026-08-30 03:28:00,Santa Cruz,CAM-29,CHO-092,87,87.0,24,19.0,1,1,1,,False
6206,ORD-2026-06206,CLI-089,PROD-047,2026-08-24 05:41:00,La Paz,CAM-27,CHO-071,101,101.0,48,39.5,1,1,1,,False
6207,ORD-2026-06207,CLI-042,PROD-043,2026-08-06 01:07:00,La Paz,CAM-27,CHO-084,355,355.0,72,64.8,1,1,1,,False
6208,ORD-2026-06208,CLI-033,PROD-029,2026-08-18 11:55:00,Tarija,CAM-26,CHO-045,476,476.0,72,56.3,1,1,1,,False
6209,ORD-2026-06209,CLI-049,PROD-055,2026-08-21 06:16:00,Cochabamba,CAM-19,CHO-068,260,260.0,48,42.8,1,1,1,,False
6210,ORD-2026-06210,CLI-090,PROD-013,2026-08-24 12:37:00,Oruro,CAM-05,CHO-022,168,168.0,24,14.0,1,1,1,,False
6211,ORD-2026-06211,CLI-008,PROD-042,2026-08-24 20:57:00,Tarija,CAM-12,CHO-045,137,137.0,24,18.2,1,1,1,,False
6212,ORD-2026-06212,CLI-028,PROD-037,2026-08-06 08:36:00,La Paz,CAM-09,CHO-071,222,222.0,24,24.9,0,1,0,,False
6213,ORD-2026-06213,CLI-070,PROD-053,2026-08-26 23:54:00,La Paz,CAM-09,CHO-002,238,238.0,48,39.2,1,1,1,,False
6214,ORD-2026-06214,CLI-002,PROD-051,2026-08-12 21:37:00,Tarija,CAM-12,CHO-009,398,398.0,24,15.7,1,1,1,,False
6215,ORD-2026-06215,CLI-089,PROD-046,2026-08-26 06:32:00,Tarija,CAM-12,CHO-132,257,257.0,48,32.6,1,1,1,,False
6216,ORD-2026-06216,CLI-006,PROD-020,2026-08-04 08:53:00,Santa Cruz,CAM-13,CHO-024,389,389.0,48,52.1,0,1,0,,False
6217,ORD-2026-06217,CLI-082,PROD-041,2026-08-03 05:55:00,Santa Cruz,CAM-18,CHO-059,360,360.0,24,17.6,1,1,1,,False
6218,ORD-2026-06218,CLI-045,PROD-058,2026-08-13 08:41:00,La Paz,CAM-09,CHO-148,245,245.0,72,55.6,1,1,1,,False
6219,ORD-2026-06219,CLI-009,PROD-011,2026-08-09 10:56:00,La Paz,CAM-28,CHO-027,30,30.0,48,47.3,1,1,1,,False
6220,ORD-2026-06220,CLI-009,PROD-002,2026-08-16 21:31:00,Cochabamba,CAM-08,CHO-108,294,278.0,48,34.3,1,0,0,,False
6221,ORD-2026-06221,CLI-031,PROD-019,2026-08-11 23:58:00,Tarija,CAM-03,CHO-122,205,205.0,48,31.9,1,1,1,,False
6222,ORD-2026-06222,CLI-091,PROD-024,2026-08-20 10:43:00,Cochabamba,CAM-01,CHO-058,232,232.0,24,18.8,1,1,1,,False
6223,ORD-2026-06223,CLI-081,PROD-020,2026-08-18 10:05:00,Oruro,CAM-05,CHO-003,301,301.0,72,58.4,1,1,1,,False
6224,ORD-2026-06224,CLI-034,PROD-003,2026-08-19 12:17:00,Tarija,CAM-03,CHO-015,218,218.0,24,16.9,1,1,1,,False
6225,ORD-2026-06225,CLI-026,PROD-019,2026-08-06 04:02:00,Santa Cruz,CAM-13,CHO-101,252,252.0,24,15.9,1,1,1,,False
6226,ORD-2026-06226,CLI-093,PROD-037,2026-08-11 02:13:00,Santa Cruz,CAM-20,CHO-099,251,251.0,72,70.5,1,1,1,,False
6227,ORD-2026-06227,CLI-064,PROD-034,2026-08-03 13:43:00,Cochabamba,CAM-22,CHO-145,210,210.0,48,35.5,1,1,1,,False
6228,ORD-2026-06228,CLI-009,PROD-024,2026-08-09 15:40:00,Cochabamba,CAM-22,CHO-108,195,195.0,72,58.8,1,1,1,,False
6229,ORD-2026-06229,CLI-072,PROD-054,2026-08-20 08:01:00,Santa Cruz,CAM-25,CHO-128,170,170.0,24,14.4,1,1,1,,False
6230,ORD-2026-06230,CLI-088,PROD-016,2026-08-22 13:59:00,Oruro,CAM-05,CHO-022,334,334.0,48,46.4,1,1,1,,False
6231,ORD-2026-06231,CLI-044,PROD-008,2026-08-11 08:33:00,La Paz,CAM-28,CHO-071,474,474.0,72,53.4,1,1,1,,False
6232,ORD-2026-06232,CLI-094,PROD-008,2026-08-28 08:10:00,La Paz,CAM-27,CHO-002,496,496.0,48,40.0,1,1,1,,False
6233,ORD-2026-06233,CLI-091,PROD-007,2026-08-06 04:30:00,La Paz,CAM-15,CHO-021,64,64.0,72,44.5,1,1,1,,False
6234,ORD-2026-06234,CLI-099,PROD-030,2026-08-20 16:35:00,Cochabamba,CAM-19,CHO-147,52,52.0,48,37.4,1,1,1,,False
6235,ORD-2026-06235,CLI-021,PROD-009,2026-08-06 23:33:00,Cochabamba,CAM-01,CHO-041,482,477.0,24,15.7,1,0,0,,False
6236,ORD-2026-06236,CLI-009,PROD-027,2026-08-15 20:31:00,Oruro,CAM-24,CHO-118,15,15.0,48,35.5,1,1,1,,False
6237,ORD-2026-06237,CLI-044,PROD-040,2026-08-14 06:01:00,Santa Cruz,CAM-13,CHO-074,68,68.0,24,20.1,1,1,1,,False
6238,ORD-2026-06238,CLI-089,PROD-019,2026-08-30 00:47:00,Cochabamba,CAM-08,CHO-087,406,392.0,24,19.5,1,0,0,,False
6239,ORD-2026-06239,CLI-071,PROD-059,2026-08-30 20:50:00,La Paz,CAM-28,CHO-040,429,429.0,48,33.3,1,1,1,,False
6240,ORD-2026-06240,CLI-003,PROD-018,2026-08-24 15:40:00,Tarija,CAM-03,CHO-048,405,405.0,24,17.4,1,1,1,,False
6241,ORD-2026-06241,CLI-092,PROD-003,2026-08-24 20:53:00,Tarija,CAM-12,CHO-009,438,438.0,24,16.3,1,1,1,,False
6242,ORD-2026-06242,CLI-087,PROD-039,2026-08-29 01:10:00,Oruro,CAM-24,CHO-022,105,105.0,24,25.9,0,1,0,,False
6243,ORD-2026-06243,CLI-007,PROD-030,2026-08-17 03:41:00,Santa Cruz,CAM-21,CHO-059,300,300.0,24,20.0,1,1,1,,False
6244,ORD-2026-06244,CLI-086,PROD-004,2026-08-16 05:39:00,La Paz,CAM-27,CHO-107,85,85.0,24,18.4,1,1,1,,False
6245,ORD-2026-06245,CLI-002,PROD-027,2026-08-17 06:15:00,La Paz,CAM-28,CHO-126,190,190.0,72,54.6,1,1,1,,False
6246,ORD-2026-06246,CLI-023,PROD-004,2026-08-01 00:43:00,Oruro,CAM-24,CHO-136,142,142.0,24,24.6,0,1,0,,False
6247,ORD-2026-06247,CLI-084,PROD-030,2026-08-18 18:55:00,Santa Cruz,CAM-20,CHO-101,270,270.0,24,20.1,1,1,1,,False
6248,ORD-2026-06248,CLI-074,PROD-030,2026-08-30 02:55:00,Cochabamba,CAM-23,CHO-068,343,,24,19.4,1,1,1,cantidad_entregada,True
6249,ORD-2026-06249,CLI-048,PROD-059,2026-08-19 04:06:00,Oruro,CAM-05,CHO-098,499,499.0,24,20.1,1,1,1,,False
6250,ORD-2026-06250,CLI-036,PROD-042,2026-08-01 23:43:00,Cochabamba,CAM-08,CHO-058,56,56.0,24,21.8,1,1,1,,False
6251,ORD-2026-06251,CLI-021,PROD-040,2026-08-09 17:10:00,Santa Cruz,CAM-13,CHO-024,316,316.0,24,19.6,1,1,1,,False
6252,ORD-2026-06252,CLI-023,PROD-034,2026-08-06 06:58:00,Santa Cruz,CAM-20,CHO-029,355,355.0,48,18.7,1,1,1,,False
6253,ORD-2026-06253,CLI-057,PROD-046,2026-08-25 19:20:00,Oruro,CAM-16,CHO-117,439,439.0,48,47.2,1,1,1,,False
6254,ORD-2026-06254,CLI-048,PROD-027,2026-08-01 05:28:00,Santa Cruz,CAM-04,CHO-103,49,49.0,48,49.5,0,1,0,,False
6255,ORD-2026-06255,CLI-075,PROD-011,2026-08-01 18:53:00,Tarija,CAM-03,CHO-043,229,229.0,72,39.9,1,1,1,,False
6256,ORD-2026-06256,CLI-002,PROD-059,2026-08-26 04:42:00,Tarija,CAM-12,CHO-056,315,315.0,48,41.5,1,1,1,,False
6257,ORD-2026-06257,CLI-047,PROD-051,2026-08-09 10:53:00,Oruro,CAM-05,CHO-003,482,482.0,72,61.4,1,1,1,,False
6258,ORD-2026-06258,CLI-018,PROD-004,2026-08-06 04:42:00,Tarija,CAM-12,CHO-044,465,460.0,48,40.4,1,0,0,,False
6259,ORD-2026-06259,CLI-087,PROD-041,2026-08-25 00:26:00,Santa Cruz,CAM-25,CHO-004,36,36.0,48,41.3,1,1,1,,False
6260,ORD-2026-06260,CLI-044,PROD-007,2026-08-13 10:50:00,Cochabamba,CAM-17,CHO-115,39,39.0,48,32.6,1,1,1,,False
6261,ORD-2026-06261,CLI-086,PROD-012,2026-08-29 13:08:00,Santa Cruz,CAM-13,CHO-085,142,142.0,72,55.0,1,1,1,,False
6262,ORD-2026-06262,CLI-080,PROD-016,2026-08-07 14:21:00,Tarija,CAM-03,CHO-015,33,33.0,48,31.7,1,1,1,,False
6263,ORD-2026-06263,CLI-078,PROD-007,2026-08-29 07:17:00,Tarija,CAM-03,CHO-061,181,181.0,24,15.9,1,1,1,,False
6264,ORD-2026-06264,CLI-019,PROD-029,2026-08-12 01:45:00,Oruro,CAM-16,CHO-038,184,184.0,24,19.0,1,1,1,,False
6265,ORD-2026-06265,CLI-097,PROD-008,2026-08-11 01:00:00,La Paz,CAM-09,CHO-042,69,69.0,24,22.3,1,1,1,,False
6266,ORD-2026-06266,CLI-098,PROD-050,2026-08-07 15:03:00,Cochabamba,CAM-23,CHO-108,158,158.0,24,22.4,1,1,1,,False
6267,ORD-2026-06267,CLI-094,PROD-012,2026-08-28 21:27:00,Santa Cruz,CAM-06,CHO-025,193,193.0,72,73.9,0,1,0,,False
6268,ORD-2026-06268,CLI-045,PROD-027,2026-08-29 22:58:00,La Paz,CAM-15,CHO-093,165,165.0,24,19.5,1,1,1,,False
6269,ORD-2026-06269,CLI-057,PROD-060,2026-08-30 21:42:00,La Paz,CAM-28,CHO-002,109,109.0,48,42.9,1,1,1,,False
6270,ORD-2026-06270,CLI-052,PROD-008,2026-08-18 15:40:00,Oruro,CAM-05,CHO-119,484,484.0,72,73.7,0,1,0,,False
6271,ORD-2026-06271,CLI-031,PROD-014,2026-08-04 09:12:00,Oruro,CAM-16,CHO-110,291,291.0,72,71.2,1,1,1,,False
6272,ORD-2026-06272,CLI-053,PROD-040,2026-08-09 00:05:00,Oruro,CAM-24,CHO-118,454,454.0,48,44.6,1,1,1,,False
6273,ORD-2026-06273,CLI-011,PROD-023,2026-08-25 08:23:00,Tarija,CAM-03,CHO-036,159,159.0,72,50.6,1,1,1,,False
6274,ORD-2026-06274,CLI-095,PROD-038,2026-08-02 00:28:00,Oruro,CAM-24,CHO-022,220,220.0,48,29.6,1,1,1,,False
6275,ORD-2026-06275,CLI-009,PROD-017,2026-08-10 10:59:00,Oruro,CAM-05,CHO-051,47,40.0,48,44.7,1,0,0,,False
6276,ORD-2026-06276,CLI-099,PROD-010,2026-08-17 01:03:00,Santa Cruz,CAM-18,CHO-100,227,227.0,24,23.8,1,1,1,,False
6277,ORD-2026-06277,CLI-069,PROD-033,2026-08-19 23:06:00,La Paz,CAM-27,CHO-007,472,472.0,48,37.2,1,1,1,,False
6278,ORD-2026-06278,CLI-072,PROD-008,2026-08-20 06:21:00,Santa Cruz,CAM-14,CHO-018,420,420.0,48,32.2,1,1,1,,False
6279,ORD-2026-06279,CLI-051,PROD-020,2026-08-07 16:53:00,Cochabamba,CAM-23,CHO-086,450,450.0,72,61.5,1,1,1,,False
6280,ORD-2026-06280,CLI-008,PROD-002,2026-08-15 02:11:00,Tarija,CAM-12,CHO-015,296,296.0,24,10.7,1,1,1,,False
6281,ORD-2026-06281,CLI-047,PROD-041,2026-08-05 20:24:00,Tarija,CAM-12,CHO-009,379,376.0,48,40.6,1,0,0,,False
6282,ORD-2026-06282,CLI-089,PROD-050,2026-08-30 04:46:00,Tarija,CAM-12,CHO-008,263,263.0,24,16.5,1,1,1,,False
6283,ORD-2026-06283,CLI-037,PROD-050,2026-08-18 01:10:00,Santa Cruz,CAM-13,CHO-128,142,135.0,48,44.9,1,0,0,,False
6284,ORD-2026-06284,CLI-007,PROD-002,2026-08-20 08:19:00,Oruro,CAM-05,CHO-119,83,83.0,24,22.1,1,1,1,,False
6285, ord-2026-06285 ,CLI-055,PROD-057,2026-08-09 06:39:00,Tarija,CAM-26,CHO-009,230,230.0,72,32.0,1,1,1,order_id,True
6286,ORD-2026-06286,CLI-053,PROD-057,2026-08-13 03:01:00,La Paz,CAM-27,CHO-057,59,59.0,48,47.1,1,1,1,,False
6287,ORD-2026-06287,CLI-083,PROD-043,2026-08-08 09:44:00,Tarija,CAM-26,CHO-122,236,236.0,24,16.4,1,1,1,,False
6288,ORD-2026-06288,CLI-015,PROD-045,2026-08-12 23:31:00,Tarija,CAM-26,CHO-146,411,411.0,48,27.1,1,1,1,,False
6289,ORD-2026-06289,CLI-091,PROD-005,2026-08-07 17:31:00,La Paz,CAM-27,CHO-023,188,188.0,48,36.8,1,1,1,,False
6290,ORD-2026-06290,CLI-063,PROD-047,2026-08-10 09:04:00,Tarija,CAM-26,CHO-036,309,309.0,24,16.7,1,1,1,,False
6291,ORD-2026-06291,CLI-009,PROD-060,2026-08-17 23:50:00,Oruro,CAM-05,CHO-117,274,274.0,48,34.7,1,1,1,,False
6292,ORD-2026-06292,CLI-005,PROD-015,2026-08-13 05:48:00,Tarija,CAM-03,CHO-122,53,53.0,48,35.6,1,1,1,,False
6293, ord-2026-06293 ,CLI-029,PROD-058,2026-08-12 01:24:00,Oruro,CAM-02,CHO-003,46,46.0,24,18.9,1,1,1,order_id,True
6294,ORD-2026-06294,CLI-092,PROD-025,2026-08-30 10:54:00,Santa Cruz,CAM-20,CHO-074,181,181.0,24,17.1,1,1,1,,False
6295,ORD-2026-06295,CLI-064,PROD-010,2026-08-14 20:34:00,Tarija,CAM-03,CHO-026,175,175.0,24,25.5,0,1,0,,False
6296,ORD-2026-06296,CLI-085,PROD-050,2026-08-11 22:12:00,Tarija,CAM-03,CHO-056,322,322.0,24,16.8,1,1,1,,False
6297,ORD-2026-06297,CLI-044,PROD-060,2026-08-07 10:32:00,La Paz,CAM-27,CHO-072,382,382.0,48,50.8,0,1,0,,False
6298,ORD-2026-06298,CLI-098,PROD-040,2026-08-30 10:04:00,La Paz,CAM-09,CHO-007,128,128.0,24,24.7,0,1,0,,False
6299,ORD-2026-06299,CLI-078,PROD-016,2026-08-02 05:31:00,Cochabamba,CAM-01,CHO-138,407,407.0,72,67.7,1,1,1,,False
6300,ORD-2026-06300,CLI-079,PROD-013,2026-08-30 17:27:00,Santa Cruz,CAM-13,CHO-100,351,351.0,48,52.5,0,1,0,,False
6301,ORD-2026-06301,CLI-015,PROD-046,2026-08-28 01:32:00,Santa Cruz,CAM-29,CHO-013,235,235.0,48,30.7,1,1,1,,False
6302,ORD-2026-06302,CLI-036,PROD-056,2026-08-28 01:48:00,Santa Cruz,CAM-14,CHO-011,279,279.0,24,19.9,1,1,1,,False
6303,ORD-2026-06303,CLI-013,PROD-050,2026-08-10 13:18:00,Santa Cruz,CAM-14,CHO-079,84,84.0,48,27.3,1,1,1,,False
6304,ORD-2026-06304,CLI-058,PROD-016,2026-08-02 14:44:00,Tarija,CAM-03,CHO-008,241,241.0,72,63.9,1,1,1,,False
6305,ORD-2026-06305,CLI-087,PROD-036,2026-08-15 03:39:00,Cochabamba,CAM-01,CHO-077,136,136.0,24,19.3,1,1,1,,False
6306,ORD-2026-06306,CLI-069,PROD-042,2026-08-03 20:36:00,Oruro,CAM-16,CHO-119,258,258.0,48,37.1,1,1,1,,False
6307,ORD-2026-06307,CLI-070,PROD-057,2026-08-04 21:38:00,Santa Cruz,CAM-13,CHO-103,350,350.0,72,62.3,1,1,1,,False
6308,ORD-2026-06308,CLI-011,PROD-038,2026-08-13 10:27:00,Cochabamba,CAM-01,CHO-033,238,238.0,48,55.0,0,1,0,,False
6309,ORD-2026-06309,CLI-096,PROD-001,2026-08-12 12:51:00,La Paz,CAM-28,CHO-027,145,145.0,72,70.2,1,1,1,,False
6310,ORD-2026-06310,CLI-080,PROD-030,2026-08-18 14:42:00,Santa Cruz,CAM-18,CHO-081,380,380.0,72,47.8,1,1,1,,False
6311,ORD-2026-06311,CLI-032,PROD-013,2026-08-10 14:42:00,Oruro,CAM-05,CHO-119,348,348.0,24,16.8,1,1,1,,False
6312,ORD-2026-06312,CLI-017,PROD-036,2026-08-21 17:16:00,Tarija,CAM-12,CHO-044,425,425.0,48,37.3,1,1,1,,False
6313,ORD-2026-06313,CLI-100,PROD-017,2026-08-22 21:31:00,La Paz,CAM-09,CHO-127,378,378.0,72,61.5,1,1,1,,False
6314,ORD-2026-06314,CLI-040,PROD-051,2026-08-02 18:00:00,Tarija,CAM-12,CHO-036,440,440.0,48,32.4,1,1,1,,False
6315,ORD-2026-06315,CLI-004,PROD-007,17/08/2026 23:52,Oruro,CAM-24,CHO-051,304,304.0,24,16.0,1,1,1,fecha_despacho,True
6316,ORD-2026-06316,CLI-035,PROD-009,2026-08-24 08:11:00,La Paz,CAM-15,CHO-023,94,94.0,48,21.2,1,1,1,,False
6317,ORD-2026-06317,CLI-013,PROD-057,2026-08-13 22:32:00,Cochabamba,CAM-19,CHO-131,91,91.0,48,39.6,1,1,1,,False
6318,ORD-2026-06318,CLI-039,PROD-055,2026-08-28 20:54:00,Santa Cruz,CAM-14,CHO-018,435,435.0,48,42.3,1,1,1,,False
6319,ORD-2026-06319,CLI-068,PROD-040,2026-08-16 07:18:00,La Paz,CAM-28,CHO-049,258,258.0,48,35.6,1,1,1,,False
6320,ORD-2026-06320,CLI-030,PROD-057,2026-08-14 07:55:00,La Paz,CAM-30,CHO-134,246,246.0,24,21.8,1,1,1,,False
6321,ORD-2026-06321,CLI-002,PROD-017,2026-08-24 02:34:00,Santa Cruz,CAM-13,CHO-079,320,320.0,72,51.0,1,1,1,,False
6322,ORD-2026-06322,CLI-079,PROD-016,2026-08-27 23:11:00,Santa Cruz,CAM-13,CHO-078,482,482.0,72,75.6,0,1,0,,False
6323,ORD-2026-06323,CLI-010,PROD-014,2026-08-03 09:26:00,La Paz,CAM-28,CHO-083,57,57.0,72,76.8,0,1,0,,False
6324,ORD-2026-06324,CLI-028,PROD-040,2026-08-10 03:14:00,Cochabamba,CAM-01,CHO-087,443,424.0,48,35.3,1,0,0,,False
6325,ORD-2026-06325,CLI-020,PROD-010,2026-08-29 10:30:00,Cochabamba,CAM-22,CHO-087,193,193.0,24,15.2,1,1,1,,False
6326,ORD-2026-06326,CLI-013,PROD-050,2026-08-15 14:27:00,Cochabamba,CAM-22,CHO-047,389,389.0,24,18.2,1,1,1,,False
6327,ORD-2026-06327,CLI-098,PROD-057,2026-08-02 02:01:00,Santa Cruz,CAM-25,CHO-099,152,152.0,48,44.9,1,1,1,,False
6328,ORD-2026-06328,CLI-005,PROD-042,2026-08-03 07:11:00,Oruro,CAM-02,CHO-098,323,323.0,72,45.4,1,1,1,,False
6329,ORD-2026-06329,CLI-052,PROD-032,2026-08-25 04:53:00,Tarija,CAM-26,CHO-015,37,,48,39.7,1,0,0,cantidad_entregada,True
6330,ORD-2026-06330,CLI-042,PROD-004,2026-08-26 07:11:00,Tarija,CAM-12,CHO-036,455,455.0,72,58.7,1,1,1,,False
6331,ORD-2026-06331,CLI-022,PROD-045,2026-08-16 05:45:00,Cochabamba,CAM-19,CHO-112,66,66.0,48,44.8,1,1,1,,False
6332,ORD-2026-06332,CLI-095,PROD-023,2026-08-08 13:02:00,Oruro,CAM-05,CHO-022,183,167.0,48,17.7,1,0,0,,False
6333,ORD-2026-06333,CLI-097,PROD-004,2026-08-12 06:45:00,Cochabamba,CAM-23,CHO-041,51,,72,82.8,0,0,0,cantidad_entregada,True
6334,ORD-2026-06334,CLI-079,PROD-044,2026-08-04 04:11:00,Tarija,CAM-03,CHO-008,262,262.0,24,19.1,1,1,1,,False
6335,ORD-2026-06335,CLI-100,PROD-017,2026-08-13 22:12:00,Cochabamba,CAM-22,CHO-116,185,185.0,48,33.6,1,1,1,,False
6336,ORD-2026-06336,CLI-037,PROD-030,2026-08-04 10:22:00,Oruro,CAM-24,CHO-119,131,131.0,24,21.6,1,1,1,,False
6337,ORD-2026-06337,CLI-072,PROD-024,2026-08-07 21:32:00,Cochabamba,CAM-08,CHO-138,132,132.0,24,23.0,1,1,1,,False
6338,ORD-2026-06338,CLI-025,PROD-052,2026-08-14 16:44:00,La Paz,CAM-09,CHO-134,335,335.0,72,78.5,0,1,0,,False
6339,ORD-2026-06339,CLI-046,PROD-040,2026-08-07 01:58:00,Cochabamba,CAM-01,CHO-116,355,355.0,24,17.1,1,1,1,,False
6340,ORD-2026-06340,CLI-042,PROD-056,2026-08-14 02:08:00,Oruro,CAM-05,CHO-022,64,47.0,24,25.5,0,0,0,,False
6341,ORD-2026-06341,CLI-062,PROD-022,2026-08-20 10:08:00,Tarija,CAM-26,CHO-056,227,227.0,24,16.8,1,1,1,,False
6342,ORD-2026-06342,CLI-096,PROD-026,2026-08-08 17:21:00,Oruro,CAM-02,CHO-098,241,241.0,24,13.9,1,1,1,,False
6343,ORD-2026-06343,CLI-041,PROD-042,2026-08-10 07:09:00,Tarija,CAM-26,CHO-008,228,228.0,24,15.1,1,1,1,,False
6344,ORD-2026-06344,CLI-083,PROD-056,2026-08-18 10:45:00,Oruro,CAM-05,CHO-119,88,88.0,24,12.5,1,1,1,,False
6345,ORD-2026-06345,CLI-092,PROD-004,2026-08-05 19:21:00,La Paz,CAM-15,CHO-027,347,347.0,72,72.9,0,1,0,,False
6346,ORD-2026-06346,CLI-007,PROD-038,2026-08-25 02:38:00,Cochabamba,CAM-22,CHO-047,122,122.0,72,68.3,1,1,1,,False
6347,ORD-2026-06347,CLI-056,PROD-034,2026-08-21 02:42:00,Oruro,CAM-05,CHO-051,275,275.0,24,20.1,1,1,1,,False
6348,ORD-2026-06348,CLI-022,PROD-002,2026-08-20 20:07:00,Santa Cruz,CAM-20,CHO-059,365,346.0,48,46.0,1,0,0,,False
6349,ORD-2026-06349,CLI-085,PROD-051,2026-08-09 10:24:00,Tarija,CAM-03,CHO-009,259,259.0,24,9.3,1,1,1,,False
6350,ORD-2026-06350,CLI-075,PROD-034,2026-08-09 23:13:00,La Paz,CAM-15,CHO-107,490,484.0,48,41.7,1,0,0,,False
6351,ORD-2026-06351,CLI-076,PROD-031,2026-08-12 05:42:00,Oruro,CAM-24,CHO-118,122,122.0,24,17.8,1,1,1,,False
6352,ORD-2026-06352,CLI-073,PROD-008,2026-08-22 21:01:00,Oruro,CAM-05,CHO-098,317,317.0,24,15.8,1,1,1,,False
6353,ORD-2026-06353,CLI-051,PROD-011,2026-08-23 18:11:00,La Paz,CAM-28,CHO-005,258,258.0,24,13.3,1,1,1,,False
6354,ORD-2026-06354,CLI-073,PROD-046,2026-08-22 01:19:00,Santa Cruz,CAM-25,CHO-078,378,378.0,48,42.6,1,1,1,,False
6355,ORD-2026-06355,CLI-033,PROD-001,2026-08-10 05:03:00,Oruro,CAM-05,CHO-098,21,21.0,24,26.2,0,1,0,,False
6356,ORD-2026-06356,CLI-098,PROD-019,2026-08-22 13:29:00,Tarija,CAM-26,CHO-044,308,308.0,24,14.6,1,1,1,,False
6357,ORD-2026-06357,CLI-009,PROD-029,2026-08-28 05:00:00,Santa Cruz,CAM-06,CHO-075,486,486.0,48,54.0,0,1,0,,False
6358,ORD-2026-06358,CLI-062,PROD-037,2026-08-19 02:37:00,La Paz,CAM-30,CHO-007,411,411.0,48,35.2,1,1,1,,False
6359,ORD-2026-06359,CLI-026,PROD-008,2026-08-21 15:33:00,Oruro,CAM-05,CHO-067,416,416.0,24,17.9,1,1,1,,False
6360,ORD-2026-06360,CLI-085,PROD-054,2026-08-26 09:18:00,Santa Cruz,CAM-20,CHO-101,62,62.0,24,21.2,1,1,1,,False
6361,ORD-2026-06361,CLI-032,PROD-006,2026-08-02 04:42:00,Oruro,CAM-16,CHO-038,114,114.0,72,65.0,1,1,1,,False
6362,ORD-2026-06362,CLI-048,PROD-018,2026-08-30 22:20:00,Cochabamba,CAM-01,CHO-073,496,496.0,24,16.7,1,1,1,,False
6363,ORD-2026-06363,CLI-091,PROD-059,2026-08-30 00:09:00,Tarija,CAM-03,CHO-105,241,241.0,24,14.4,1,1,1,,False
6364,ORD-2026-06364,CLI-036,PROD-049,2026-08-08 13:24:00,Oruro,CAM-05,CHO-144,149,149.0,48,44.2,1,1,1,,False
6365,ORD-2026-06365,CLI-026, prod-053 ,2026-08-08 19:55:00,Santa Cruz,CAM-06,CHO-097,186,186.0,48,48.9,0,1,0,producto_id,True
6366,ORD-2026-06366,CLI-034,PROD-060,2026-08-16 13:44:00,Santa Cruz,CAM-14,CHO-114,453,453.0,48,28.6,1,1,1,,False
6367,ORD-2026-06367,CLI-021,PROD-042,2026-08-19 01:52:00,La Paz,CAM-27,CHO-066,180,178.0,24,17.9,1,0,0,,False
6368,ORD-2026-06368,CLI-057,PROD-041,2026-08-08 00:30:00,Santa Cruz,CAM-20,CHO-141,106,106.0,72,-70.0,1,1,1,tiempo_entrega_real_hrs,True
6369,ORD-2026-06369,CLI-049,PROD-009,2026-08-19 21:33:00,Santa Cruz,CAM-20,CHO-080,249,249.0,24,20.9,1,1,1,,False
6370,ORD-2026-06370,CLI-047,PROD-030,2026-08-15 13:40:00,La Paz,CAM-27,CHO-021,336,336.0,72,61.5,1,1,1,,False
6371,ORD-2026-06371,CLI-079,PROD-025,2026-08-11 14:45:00,Oruro,CAM-05,CHO-144,436,436.0,48,43.7,1,1,1,,False
6372,ORD-2026-06372,CLI-027,PROD-022,2026-08-01 20:14:00,Santa Cruz,CAM-20,CHO-046,50,50.0,24,23.9,1,1,1,,False
6373,ORD-2026-06373,CLI-019,PROD-051,2026-08-25 08:33:00,Santa Cruz,CAM-20,CHO-018,330,330.0,72,78.3,0,1,0,,False
6374,ORD-2026-06374,CLI-071,PROD-049,2026-08-06 01:27:00,Tarija,CAM-12,CHO-132,450,450.0,48,46.6,1,1,1,,False
6375,ORD-2026-06375,CLI-062,PROD-054,2026-08-17 08:07:00,La Paz,CAM-15,CHO-137,455,455.0,24,25.0,0,1,0,,False
6376,ORD-2026-06376,CLI-099,PROD-008,2026-08-15 22:06:00,La Paz,CAM-28,CHO-057,367,367.0,72,66.9,1,1,1,,False
6377,ORD-2026-06377,CLI-092,PROD-002,2026-08-02 04:20:00,Oruro,CAM-05,CHO-067,483,483.0,48,25.6,1,1,1,,False
6378,ORD-2026-06378,CLI-035,PROD-016,2026-08-30 22:57:00,Santa Cruz,CAM-25,CHO-114,71,71.0,48,35.1,1,1,1,,False
6379,ORD-2026-06379,CLI-026,PROD-015,2026-08-11 04:39:00,Cochabamba,CAM-23,CHO-090,235,235.0,48,51.8,0,1,0,,False
6380,ORD-2026-06380,CLI-090,PROD-027,2026-08-16 12:17:00,Cochabamba,CAM-01,CHO-019,76,76.0,24,29.2,0,1,0,,False
6381,ORD-2026-06381,CLI-007,PROD-012,2026-08-06 16:31:00,Oruro,CAM-05,CHO-144,260,245.0,72,46.7,1,0,0,,False
6382,ORD-2026-06382,CLI-015,PROD-059,2026-08-26 03:47:00,Tarija,CAM-12,CHO-045,155,,48,31.2,1,1,1,cantidad_entregada,True
6383,ORD-2026-06383,CLI-031,PROD-048,2026-08-24 00:24:00,La Paz,CAM-15,CHO-084,319,319.0,72,63.4,1,1,1,,False
6384,ORD-2026-06384,CLI-013,PROD-050,2026-08-18 14:52:00,Tarija,CAM-03,CHO-061,212,212.0,24,15.0,1,1,1,,False
6385,ORD-2026-06385,CLI-036,PROD-050,2026-08-10 04:20:00,Tarija,CAM-03,CHO-061,481,481.0,48,26.1,1,1,1,,False
6386,ORD-2026-06386,CLI-038,PROD-011,2026-08-04 18:08:00,Tarija,CAM-03,CHO-045,321,307.0,24,20.6,1,0,0,,False
6387,ORD-2026-06387,CLI-036,PROD-001,2026-08-12 02:56:00,Cochabamba,CAM-01,CHO-068,447,447.0,72,61.7,1,1,1,,False
6388,ORD-2026-06388,CLI-008,PROD-050,12/08/2026 16:33,Oruro,CAM-05,CHO-110,346,346.0,24,20.3,1,1,1,fecha_despacho,True
6389,ORD-2026-06389,CLI-074,PROD-021,2026-08-14 10:02:00,Cochabamba,CAM-19,CHO-086,297,297.0,24,20.5,1,1,1,,False
6390,ORD-2026-06390,CLI-092,PROD-054,2026-08-11 23:17:00,Oruro,CAM-02,CHO-110,291,291.0,24,10.4,1,1,1,,False
6391,ORD-2026-06391,CLI-072,PROD-051,2026-08-21 20:46:00,La Paz,CAM-28,CHO-049,138,138.0,24,20.6,1,1,1,,False
6392,ORD-2026-06392,CLI-010,PROD-040,2026-08-10 12:17:00,Tarija,CAM-12,CHO-082,390,390.0,72,72.1,0,1,0,,False
6393,ORD-2026-06393,CLI-082,PROD-027,2026-08-15 18:42:00,Santa Cruz,CAM-06,CHO-035,103,103.0,24,17.0,1,1,1,,False
6394,ORD-2026-06394,CLI-018,PROD-043,2026-08-21 21:42:00,Tarija,CAM-03,CHO-048,370,370.0,48,54.5,0,1,0,,False
6395,ORD-2026-06395,CLI-053,PROD-031,2026-08-18 22:33:00,Oruro,CAM-05,CHO-051,411,411.0,24,21.7,1,1,1,,False
6396,ORD-2026-06396,CLI-012,PROD-034,2026-08-19 11:42:00,La Paz,CAM-27,CHO-134,414,414.0,48,36.1,1,1,1,,False
6397,ORD-2026-06397,CLI-066,PROD-049,2026-08-22 15:40:00,La Paz,CAM-09,CHO-091,229,229.0,72,66.6,1,1,1,,False
6398,ORD-2026-06398,CLI-067,PROD-020,2026-08-12 07:32:00,Cochabamba,CAM-22,CHO-140,224,224.0,24,22.0,1,1,1,,False
6399,ORD-2026-06399,CLI-068,PROD-058,2026-08-20 10:00:00,Oruro,CAM-07,CHO-118,37,37.0,48,28.4,1,1,1,,False
6400,ORD-2026-06400,CLI-048,PROD-023,2026-08-11 12:44:00,Oruro,CAM-05,CHO-150,158,158.0,24,20.9,1,1,1,,False
6401,ORD-2026-06401,CLI-038,PROD-019,2026-08-13 18:09:00,Santa Cruz,CAM-20,CHO-109,213,213.0,24,17.3,1,1,1,,False
6402,ORD-2026-06402,CLI-019,PROD-019,2026-08-16 02:51:00,Tarija,CAM-12,CHO-031,447,447.0,48,55.2,0,1,0,,False
6403,ORD-2026-06403,CLI-020,PROD-047,2026-08-17 06:10:00,La Paz,CAM-30,CHO-134,472,472.0,72,83.5,0,1,0,,False
6404,ORD-2026-06404,CLI-089,PROD-026,2026-08-20 08:03:00,La Paz,CAM-28,CHO-052,382,382.0,48,48.9,0,1,0,,False
6405,ORD-2026-06405,CLI-087,PROD-048,2026-08-12 20:06:00,Santa Cruz,CAM-20,CHO-028,178,178.0,24,17.8,1,1,1,,False
6406,ORD-2026-06406,CLI-033,PROD-036,2026-08-13 05:33:00,La Paz,CAM-09,CHO-049,344,344.0,48,36.0,1,1,1,,False
6407,ORD-2026-06407,CLI-087,PROD-038,2026-08-06 19:46:00,Santa Cruz,CAM-14,CHO-133,447,447.0,48,34.7,1,1,1,,False
6408,ORD-2026-06408,CLI-074,PROD-015,2026-08-07 04:37:00,La Paz,CAM-28,CHO-064,183,183.0,24,17.5,1,1,1,,False
6409,ORD-2026-06409,CLI-029,PROD-033,2026-08-04 07:04:00,Tarija,CAM-12,CHO-050,228,228.0,48,48.7,0,1,0,,False
6410,ORD-2026-06410,CLI-055,PROD-003,2026-08-06 02:57:00,La Paz,CAM-28,CHO-126,483,483.0,48,44.9,1,1,1,,False
6411,ORD-2026-06411,CLI-020,PROD-047,2026-08-29 08:20:00,Oruro,CAM-24,CHO-136,331,331.0,48,34.7,1,1,1,,False
6412,ORD-2026-06412,CLI-097,PROD-028,2026-08-19 06:37:00,Santa Cruz,CAM-06,CHO-035,14,14.0,48,19.6,1,1,1,,False
6413,ORD-2026-06413,CLI-070,PROD-017,2026-08-11 18:33:00,Santa Cruz,CAM-18,CHO-096,50,50.0,72,71.5,1,1,1,,False
6414,ORD-2026-06414,CLI-079,PROD-042,2026-08-11 04:26:00,Cochabamba,CAM-17,CHO-019,129,129.0,24,17.7,1,1,1,,False
6415,ORD-2026-06415,CLI-056,PROD-012,2026-08-25 14:50:00,Santa Cruz,CAM-14,CHO-053,380,380.0,72,72.3,0,1,0,,False
6416,ORD-2026-06416,CLI-085,PROD-010,2026-08-03 08:01:00,Santa Cruz,CAM-04,CHO-079,475,475.0,24,12.0,1,1,1,,False
6417,ORD-2026-06417,CLI-079,PROD-010,2026-08-12 01:25:00,La Paz,CAM-28,CHO-057,93,93.0,48,27.9,1,1,1,,False
6418,ORD-2026-06418,CLI-048,PROD-032,2026-08-13 12:16:00,Santa Cruz,CAM-04,CHO-053,270,270.0,24,21.0,1,1,1,,False
6419,ORD-2026-06419,CLI-051,PROD-050,2026-08-13 15:21:00,Oruro,CAM-05,CHO-003,130,130.0,48,67.2,0,1,0,,False
6420,ORD-2026-06420,CLI-038,PROD-008,2026-08-16 07:57:00,Santa Cruz,CAM-20,CHO-114,427,427.0,24,16.5,1,1,1,,False
6421,ORD-2026-06421,CLI-028,PROD-008,2026-08-12 11:53:00,La Paz,CAM-09,CHO-049,122,122.0,72,40.5,1,1,1,,False
6422,ORD-2026-06422,CLI-064,PROD-040,2026-08-06 16:49:00,Santa Cruz,CAM-20,CHO-030,31,31.0,48,35.7,1,1,1,,False
6423,ORD-2026-06423,CLI-063,PROD-005,2026-08-26 11:18:00,Santa Cruz,CAM-29,CHO-097,498,498.0,72,43.1,1,1,1,,False
6424,ORD-2026-06424,CLI-070,PROD-042,2026-08-20 18:28:00,Oruro,CAM-24,CHO-150,430,430.0,24,21.3,1,1,1,,False
6425,ORD-2026-06425,CLI-010,PROD-029,2026-08-11 23:23:00,Oruro,CAM-24,CHO-136,195,195.0,48,44.8,1,1,1,,False
6426,ORD-2026-06426,CLI-007,PROD-032,2026-08-07 18:15:00,Cochabamba,CAM-01,CHO-019,286,286.0,24,16.4,1,1,1,,False
6427,ORD-2026-06427,CLI-079,PROD-056,2026-08-14 01:22:00,Oruro,CAM-05,CHO-022,468,468.0,72,42.9,1,1,1,,False
6428,ORD-2026-06428,CLI-097,PROD-030,2026-08-08 22:19:00,Santa Cruz,CAM-06,CHO-011,165,165.0,72,68.1,1,1,1,,False
6429,ORD-2026-06429,CLI-049,PROD-025,2026-08-14 19:58:00,La Paz,CAM-09,CHO-127,450,440.0,48,40.4,1,0,0,,False
6430,ORD-2026-06430,CLI-093,PROD-050,2026-08-19 22:32:00,La Paz,CAM-09,CHO-052,328,328.0,24,19.2,1,1,1,,False
6431,ORD-2026-06431,CLI-052,PROD-055,2026-08-27 14:17:00,Santa Cruz,CAM-10,CHO-059,199,199.0,24,17.5,1,1,1,,False
6432,ORD-2026-06432,CLI-044,PROD-039,2026-08-22 08:05:00,Santa Cruz,CAM-13,CHO-011,248,248.0,48,43.0,1,1,1,,False
6433,ORD-2026-06433,CLI-010,PROD-017,2026-08-24 03:44:00,Tarija,CAM-12,CHO-008,450,450.0,24,13.2,1,1,1,,False
6434,ORD-2026-06434,CLI-063,PROD-048,2026-08-28 10:07:00,Santa Cruz,CAM-25,CHO-062,393,393.0,48,32.6,1,1,1,,False
6435,ORD-2026-06435,CLI-062,PROD-002,2026-08-23 17:25:00,Oruro,CAM-05,CHO-098,407,407.0,24,21.7,1,1,1,,False
6436,ORD-2026-06436,CLI-007,PROD-007,2026-08-01 15:44:00,Tarija,CAM-26,CHO-043,450,450.0,48,28.5,1,1,1,,False
6437,ORD-2026-06437,CLI-020,PROD-023,2026-08-13 01:17:00,Tarija,CAM-03,CHO-009,406,387.0,48,45.9,1,0,0,,False
6438,ORD-2026-06438,CLI-029,PROD-040,2026-08-08 08:52:00,La Paz,CAM-28,CHO-126,119,119.0,72,67.2,1,1,1,,False
6439,ORD-2026-06439,CLI-041,PROD-023,2026-08-24 02:33:00,La Paz,CAM-28,CHO-064,421,421.0,48,48.5,0,1,0,,False
6440,ORD-2026-06440,CLI-027,PROD-039,2026-08-03 02:46:00,Cochabamba,CAM-19,CHO-006,202,202.0,24,19.4,1,1,1,,False
6441,ORD-2026-06441,CLI-059,PROD-009,2026-08-29 04:14:00,Oruro,CAM-02,CHO-119,21,21.0,24,19.7,1,1,1,,False
6442,ORD-2026-06442,CLI-074,PROD-013,2026-08-02 03:20:00,Cochabamba,CAM-01,CHO-016,478,478.0,24,16.4,1,1,1,,False
6443,ORD-2026-06443,CLI-007,PROD-019,2026-08-13 12:45:00,Oruro,CAM-05,CHO-032,393,393.0,24,18.3,1,1,1,,False
6444,ORD-2026-06444,CLI-012,PROD-029,2026-08-04 16:59:00,Tarija,CAM-26,CHO-012,87,87.0,48,30.8,1,1,1,,False
6445,ORD-2026-06445,CLI-047,PROD-047,2026-08-07 01:56:00,Tarija,CAM-26,CHO-105,317,317.0,24,20.9,1,1,1,,False
6446,ORD-2026-06446,CLI-057,PROD-056,2026-08-09 19:54:00,La Paz,CAM-28,CHO-102,284,284.0,72,56.9,1,1,1,,False
6447,ORD-2026-06447,CLI-008,PROD-031,2026-08-01 17:15:00,Tarija,CAM-12,CHO-010,437,437.0,72,58.3,1,1,1,,False
6448,ORD-2026-06448,CLI-094,PROD-051,2026-08-24 13:40:00,Santa Cruz,CAM-13,CHO-037,49,49.0,24,23.7,1,1,1,,False
6449,ORD-2026-06449,CLI-028,PROD-027,2026-08-29 08:16:00,Tarija,CAM-03,CHO-088,333,333.0,48,41.8,1,1,1,,False
6450,ORD-2026-06450,CLI-016,PROD-049,2026-08-05 02:38:00,La Paz,CAM-09,CHO-001,173,173.0,48,52.8,0,1,0,,False
6451,ORD-2026-06451,CLI-100,PROD-042,2026-08-29 10:40:00,Tarija,CAM-12,CHO-026,13,5.0,48,40.3,1,0,0,,False
6452,ORD-2026-06452,CLI-021,PROD-020,2026-08-07 18:15:00,Oruro,CAM-05,CHO-110,416,416.0,24,19.4,1,1,1,,False
6453,ORD-2026-06453,CLI-001,PROD-007,2026-08-11 11:35:00,Oruro,CAM-07,CHO-003,55,55.0,24,21.3,1,1,1,,False
6454,ORD-2026-06454,CLI-026,PROD-002,2026-08-03 03:27:00,Tarija,CAM-12,CHO-012,372,372.0,48,42.4,1,1,1,,False
6455,ORD-2026-06455,CLI-084,PROD-011,2026-08-22 08:00:00,Santa Cruz,CAM-13,CHO-095,25,25.0,48,36.9,1,1,1,,False
6456,ORD-2026-06456,CLI-081,PROD-014,2026-08-15 00:19:00,Cochabamba,CAM-23,CHO-143,335,335.0,24,17.9,1,1,1,,False
6457,ORD-2026-06457,CLI-038,PROD-054,2026-08-02 10:43:00,Cochabamba,CAM-22,CHO-145,233,233.0,72,68.1,1,1,1,,False
6458,ORD-2026-06458,CLI-015,PROD-008,2026-08-08 02:33:00,Tarija,CAM-03,CHO-122,276,276.0,48,28.8,1,1,1,,False
6459,ORD-2026-06459,CLI-002,PROD-031,2026-08-22 00:13:00,Santa Cruz,CAM-14,CHO-028,391,391.0,24,13.4,1,1,1,,False
6460,ORD-2026-06460,CLI-058,PROD-011,2026-08-27 21:17:00,Tarija,CAM-12,CHO-036,371,371.0,48,36.5,1,1,1,,False
6461,ORD-2026-06461,CLI-014,PROD-004,2026-08-25 07:59:00,La Paz,CAM-30,CHO-134,476,476.0,48,41.5,1,1,1,,False
6462,ORD-2026-06462,CLI-070,PROD-042,2026-08-07 18:19:00,Tarija,CAM-03,CHO-082,93,93.0,72,83.9,0,1,0,,False
6463,ORD-2026-06463,CLI-096,PROD-003,2026-08-01 10:29:00,Oruro,CAM-05,CHO-038,389,389.0,24,18.5,1,1,1,,False
6464,ORD-2026-06464,CLI-080,PROD-037,2026-08-06 06:58:00,Cochabamba,CAM-23,CHO-108,323,323.0,72,58.4,1,1,1,,False
6465,ORD-2026-06465,CLI-069,PROD-041,2026-08-23 23:21:00,Santa Cruz,CAM-20,CHO-074,288,288.0,72,47.7,1,1,1,,False
6466,ORD-2026-06466,CLI-096,PROD-029,2026-08-13 22:01:00,Tarija,CAM-12,CHO-122,158,158.0,72,52.0,1,1,1,,False
6467,ORD-2026-06467,CLI-099,PROD-035,2026-08-21 01:09:00,Santa Cruz,CAM-20,CHO-034,114,114.0,24,19.8,1,1,1,,False
6468,ORD-2026-06468,CLI-095,PROD-003,2026-08-06 02:49:00,Oruro,CAM-05,CHO-150,449,449.0,48,38.2,1,1,1,,False
6469,ORD-2026-06469,CLI-057,PROD-030,2026-08-23 02:13:00,Tarija,CAM-12,CHO-132,229,229.0,24,22.0,1,1,1,,False
6470,ORD-2026-06470,CLI-014,PROD-008,2026-08-15 19:43:00,La Paz,CAM-09,CHO-064,302,302.0,24,24.8,0,1,0,,False
6471,ORD-2026-06471,CLI-065,PROD-025,2026-08-21 16:07:00,Tarija,CAM-03,CHO-088,428,428.0,72,73.5,0,1,0,,False
6472,ORD-2026-06472,CLI-085,PROD-018,2026-08-07 16:21:00,Tarija,CAM-12,CHO-105,157,157.0,48,34.6,1,1,1,,False
6473,ORD-2026-06473,CLI-044,PROD-010,2026-08-14 18:03:00,La Paz,CAM-15,CHO-139,411,411.0,48,25.9,1,1,1,,False
6474,ORD-2026-06474,CLI-006,PROD-010,2026-08-24 23:58:00,Cochabamba,CAM-19,CHO-145,341,341.0,48,35.3,1,1,1,,False
6475,ORD-2026-06475,CLI-086,PROD-033,2026-08-22 01:51:00,Cochabamba,CAM-17,CHO-069,148,148.0,48,32.4,1,1,1,,False
6476,ORD-2026-06476,CLI-001,PROD-046,2026-08-26 08:17:00,Cochabamba,CAM-22,CHO-094,241,241.0,48,46.8,1,1,1,,False
6477,ORD-2026-06477,CLI-073,PROD-050,2026-08-14 11:33:00,Santa Cruz,CAM-20,CHO-046,81,81.0,24,16.5,1,1,1,,False
6478,ORD-2026-06478,CLI-039,PROD-049,2026-08-10 03:10:00,Tarija,CAM-12,CHO-050,282,267.0,24,9.0,1,0,0,,False
6479,ORD-2026-06479,CLI-010,PROD-008,2026-08-14 02:11:00,Cochabamba,CAM-22,CHO-089,250,250.0,48,43.6,1,1,1,,False
6480,ORD-2026-06480,CLI-067,PROD-041,2026-08-24 20:03:00,Cochabamba,CAM-17,CHO-014,89,89.0,48,52.2,0,1,0,,False
6481,ORD-2026-06481,CLI-050,PROD-019,2026-08-18 19:26:00,Oruro,CAM-05,CHO-067,286,286.0,48,33.1,1,1,1,,False
6482,ORD-2026-06482,CLI-086,PROD-007,2026-08-17 22:33:00,Santa Cruz,CAM-04,CHO-133,137,137.0,72,49.3,1,1,1,,False
6483,ORD-2026-06483,CLI-062,PROD-033,2026-08-23 05:01:00,Santa Cruz,CAM-14,CHO-142,386,386.0,72,60.9,1,1,1,,False
6484,ORD-2026-06484,CLI-064,PROD-034,2026-08-24 06:53:00,Tarija,CAM-03,CHO-088,271,271.0,72,61.3,1,1,1,,False
6485,ORD-2026-06485,CLI-001,PROD-060,2026-08-01 07:27:00,La Paz,CAM-28,CHO-126,101,101.0,72,54.4,1,1,1,,False
6486,ORD-2026-06486,CLI-086,PROD-014,2026-08-26 08:25:00,Cochabamba,CAM-17,CHO-033,437,437.0,24,21.4,1,1,1,,False
6487,ORD-2026-06487,CLI-043,PROD-010,2026-08-22 18:24:00,Santa Cruz,CAM-11,CHO-035,31,31.0,24,17.9,1,1,1,,False
6488,ORD-2026-06488,CLI-034,PROD-020,2026-08-10 21:05:00,Oruro,CAM-05,CHO-003,142,142.0,48,46.8,1,1,1,,False
6489,ORD-2026-06489,CLI-078,PROD-019,2026-08-16 02:11:00,Oruro,CAM-05,CHO-119,154,154.0,48,46.5,1,1,1,,False
6490,ORD-2026-06490,CLI-092,PROD-053,2026-08-09 21:23:00,Oruro,CAM-02,CHO-098,290,290.0,24,17.3,1,1,1,,False
6491,ORD-2026-06491,CLI-028,PROD-038,2026-08-01 19:52:00,Santa Cruz,CAM-20,CHO-106,472,472.0,24,24.5,0,1,0,,False
6492,ORD-2026-06492,CLI-036,PROD-016,2026-08-12 12:32:00,Cochabamba,CAM-22,CHO-065,409,409.0,72,64.8,1,1,1,,False
6493,ORD-2026-06493,CLI-007,PROD-012,2026-08-15 15:57:00,Oruro,CAM-05,CHO-098,83,83.0,48,40.2,1,1,1,,False
6494,ORD-2026-06494,CLI-065,PROD-029,2026-08-26 19:58:00,Oruro,CAM-16,CHO-038,308,308.0,24,21.9,1,1,1,,False
6495,ORD-2026-06495,CLI-023,PROD-020,2026-08-16 01:16:00,Santa Cruz,CAM-14,CHO-142,41,41.0,24,21.3,1,1,1,,False
6496,ORD-2026-06496,CLI-036,PROD-015,2026-08-19 12:09:00,Oruro,CAM-05,CHO-150,372,372.0,24,18.2,1,1,1,,False
6497,ORD-2026-06497,CLI-001,PROD-024,2026-08-11 03:50:00,Cochabamba,CAM-08,CHO-143,450,450.0,72,64.4,1,1,1,,False
6498,ORD-2026-06498,CLI-083,PROD-060,2026-08-23 16:21:00,La Paz,CAM-28,CHO-023,344,344.0,24,20.6,1,1,1,,False
6499, ord-2026-06499 ,CLI-032,PROD-048,2026-08-18 00:54:00,Cochabamba,CAM-08,CHO-145,280,280.0,24,16.2,1,1,1,order_id,True
6500,ORD-2026-06500,CLI-086,PROD-053,2026-08-23 20:30:00,Oruro,CAM-16,CHO-118,24,24.0,72,50.3,1,1,1,,False
6501,ORD-2026-06501,CLI-066,PROD-009,2026-08-14 04:37:00,Oruro,CAM-16,CHO-119,415,402.0,24,21.5,1,0,0,,False
6502,ORD-2026-06502,CLI-081,PROD-059,2026-08-02 04:47:00,Cochabamba,CAM-08,CHO-087,366,366.0,72,36.3,1,1,1,,False
6503,ORD-2026-06503,CLI-073,PROD-053,2026-08-28 13:22:00,La Paz,CAM-15,CHO-064,274,262.0,72,60.7,1,0,0,,False
6504,ORD-2026-06504,CLI-011,PROD-021,2026-08-26 09:13:00,Tarija,CAM-12,CHO-036,201,201.0,24,13.8,1,1,1,,False
6505,ORD-2026-06505,CLI-011,PROD-008,2026-08-05 08:53:00,Oruro,CAM-05,CHO-119,83,83.0,48,25.1,1,1,1,,False
6506,ORD-2026-06506,CLI-004,PROD-008,2026-08-02 08:42:00,Oruro,CAM-05,CHO-098,99,99.0,48,41.3,1,1,1,,False
6507,ORD-2026-06507,CLI-034,PROD-013,2026-08-22 09:37:00,Cochabamba,CAM-23,CHO-108,178,178.0,72,61.3,1,1,1,,False
6508,ORD-2026-06508,CLI-065,PROD-016,2026-08-09 14:56:00,Cochabamba,CAM-08,CHO-108,287,287.0,48,40.9,1,1,1,,False
6509,ORD-2026-06509,CLI-006,PROD-040,2026-08-11 02:58:00,Tarija,CAM-03,CHO-043,260,260.0,48,39.0,1,1,1,,False
6510,ORD-2026-06510,CLI-051,PROD-016,2026-08-13 16:43:00,Santa Cruz,CAM-06,CHO-078,430,426.0,48,42.3,1,0,0,,False
6511,ORD-2026-06511,CLI-052,PROD-015,2026-08-06 03:58:00,Oruro,CAM-05,CHO-136,289,289.0,72,78.6,0,1,0,,False
6512,ORD-2026-06512,CLI-027,PROD-024,2026-08-26 09:19:00,Oruro,CAM-07,CHO-098,191,191.0,48,49.9,0,1,0,,False
6513,ORD-2026-06513,CLI-094,PROD-051,2026-08-08 08:52:00,Cochabamba,CAM-23,CHO-108,166,166.0,24,23.1,1,1,1,,False
6514,ORD-2026-06514,CLI-036,PROD-027,2026-08-28 16:15:00,Santa Cruz,CAM-04,CHO-123,167,167.0,72,55.4,1,1,1,,False
6515,ORD-2026-06515,CLI-037,PROD-022,2026-08-18 20:45:00,Santa Cruz,CAM-14,CHO-123,64,64.0,24,15.9,1,1,1,,False
6516,ORD-2026-06516,CLI-048,PROD-048,2026-08-18 01:10:00,Santa Cruz,CAM-13,CHO-085,350,350.0,24,18.4,1,1,1,,False
6517,ORD-2026-06517,CLI-098,PROD-054,2026-08-18 18:44:00,La Paz,CAM-27,CHO-107,401,401.0,48,26.8,1,1,1,,False
6518,ORD-2026-06518,CLI-098,PROD-023,2026-08-23 02:05:00,La Paz,CAM-09,CHO-148,116,116.0,72,63.1,1,1,1,,False
6519,ORD-2026-06519,CLI-056,PROD-012,2026-08-13 03:51:00,Oruro,CAM-05,CHO-098,266,266.0,48,35.6,1,1,1,,False
6520,ORD-2026-06520,CLI-044,PROD-002,2026-08-12 13:31:00,Tarija,CAM-03,CHO-050,231,231.0,48,28.1,1,1,1,,False
6521,ORD-2026-06521,CLI-006,PROD-015,2026-08-24 15:28:00,La Paz,CAM-27,CHO-040,411,411.0,72,69.2,1,1,1,,False
6522,ORD-2026-06522,CLI-067,PROD-056,2026-08-09 06:26:00,Tarija,CAM-03,CHO-015,204,204.0,24,16.8,1,1,1,,False
6523,ORD-2026-06523,CLI-047,PROD-030,2026-08-15 11:17:00,Santa Cruz,CAM-18,CHO-030,497,497.0,24,26.3,0,1,0,,False
6524,ORD-2026-06524,CLI-095,PROD-031,2026-08-24 01:08:00,Tarija,CAM-12,CHO-026,49,49.0,72,63.9,1,1,1,,False
6525,ORD-2026-06525,CLI-015,PROD-002,2026-08-13 00:34:00,Tarija,CAM-03,CHO-043,323,323.0,24,16.4,1,1,1,,False
6526,ORD-2026-06526,CLI-054,PROD-056,2026-08-05 00:08:00,Cochabamba,CAM-19,CHO-116,123,123.0,24,18.5,1,1,1,,False
6527,ORD-2026-06527,CLI-077,PROD-003,2026-08-28 14:31:00,Oruro,CAM-05,CHO-067,420,420.0,72,73.3,0,1,0,,False
6528,ORD-2026-06528,CLI-020,PROD-047,2026-08-08 12:20:00,La Paz,CAM-15,CHO-063,57,57.0,24,22.7,1,1,1,,False
6529,ORD-2026-06529,CLI-055,PROD-021,2026-08-21 11:55:00,Oruro,CAM-16,CHO-032,425,425.0,48,33.8,1,1,1,,False
6530,ORD-2026-06530,CLI-069,PROD-022,2026-08-20 17:51:00,Tarija,CAM-03,CHO-031,cincuenta,431.0,24,21.3,1,1,1,cantidad_solicitada,True
6531,ORD-2026-06531,CLI-056,PROD-002,2026-08-02 02:57:00,Santa Cruz,CAM-14,CHO-133,434,434.0,24,24.7,0,1,0,,False
6532,ORD-2026-06532,CLI-057,PROD-017,2026-08-02 15:40:00,Oruro,CAM-05,CHO-117,58,58.0,24,23.1,1,1,1,,False
6533,ORD-2026-06533,CLI-095,PROD-004,2026-08-04 10:08:00,Tarija,CAM-26,CHO-082,233,233.0,72,68.0,1,1,1,,False
6534,ORD-2026-06534,CLI-021,PROD-034,2026-08-15 19:55:00,La Paz,CAM-09,CHO-126,196,196.0,48,28.3,1,1,1,,False
6535,ORD-2026-06535,CLI-050,PROD-027,2026-08-09 11:14:00,Cochabamba,CAM-17,CHO-077,495,495.0,48,31.8,1,1,1,,False
6536,ORD-2026-06536,CLI-014,PROD-037,2026-08-06 08:16:00,Oruro,CAM-07,CHO-110,243,243.0,72,77.3,0,1,0,,False
6537,ORD-2026-06537,CLI-089,PROD-059,2026-08-25 05:15:00,Cochabamba,CAM-01,CHO-135,150,150.0,48,36.0,1,1,1,,False
6538,ORD-2026-06538,CLI-019,PROD-015,2026-08-22 18:35:00,Santa Cruz,CAM-14,CHO-099,449,449.0,72,65.6,1,1,1,,False
6539,ORD-2026-06539,CLI-016,PROD-016,2026-08-25 16:33:00,La Paz,CAM-28,CHO-040,489,489.0,48,38.5,1,1,1,,False
6540,ORD-2026-06540,CLI-031,PROD-021,2026-08-30 14:05:00,La Paz,CAM-28,CHO-137,207,207.0,48,42.6,1,1,1,,False
6541,ORD-2026-06541,CLI-013,PROD-051,2026-08-07 22:26:00,La Paz,CAM-28,CHO-007,90,90.0,72,73.1,0,1,0,,False
6542,ORD-2026-06542,CLI-075,PROD-028,2026-08-17 02:36:00,Oruro,CAM-24,CHO-110,130,130.0,24,24.1,0,1,0,,False
6543,ORD-2026-06543,CLI-002,PROD-012,2026-08-26 21:33:00,La Paz,CAM-28,CHO-134,402,402.0,24,16.4,1,1,1,,False
6544,ORD-2026-06544,CLI-040,PROD-001,2026-08-25 18:18:00,Cochabamba,CAM-08,CHO-112,402,402.0,48,49.0,0,1,0,,False
6545,ORD-2026-06545,CLI-026,PROD-018,2026-08-05 09:07:00,Oruro,CAM-05,CHO-098,460,460.0,48,41.1,1,1,1,,False
6546,ORD-2026-06546,CLI-082,PROD-051,2026-08-01 08:28:00,Tarija,CAM-12,CHO-043,323,323.0,24,20.5,1,1,1,,False
6547,ORD-2026-06547,CLI-051,PROD-014,2026-08-03 11:58:00,Santa Cruz,CAM-20,CHO-128,422,422.0,24,18.8,1,1,1,,False
6548,ORD-2026-06548,CLI-072,PROD-001,2026-08-22 19:33:00,Oruro,CAM-16,CHO-110,271,271.0,48,29.8,1,1,1,,False
6549,ORD-2026-06549,CLI-005,PROD-041,2026-08-29 05:41:00,La Paz,CAM-09,CHO-049,178,178.0,72,78.8,0,1,0,,False
6550,ORD-2026-06550,CLI-042,PROD-013,2026-08-15 00:40:00,La Paz,CAM-15,CHO-084,75,59.0,48,47.6,1,0,0,,False
6551,ORD-2026-06551,CLI-020,PROD-035,2026-08-24 20:04:00,La Paz,CAM-28,CHO-139,436,436.0,72,74.2,0,1,0,,False
6552,ORD-2026-06552,CLI-083,PROD-022,2026-08-28 00:18:00,La Paz,CAM-09,CHO-007,136,136.0,48,32.4,1,1,1,,False
6553,ORD-2026-06553,CLI-051,PROD-027,2026-08-20 00:59:00,Oruro,CAM-05,CHO-119,381,381.0,48,43.1,1,1,1,,False
6554,ORD-2026-06554,CLI-086,PROD-030,2026-08-18 14:55:00,La Paz,CAM-27,CHO-148,435,435.0,24,20.7,1,1,1,,False
6555,ORD-2026-06555,CLI-032,PROD-013,2026-08-09 03:12:00,Tarija,CAM-12,CHO-015,111,111.0,24,18.1,1,1,1,,False
6556,ORD-2026-06556,CLI-078,PROD-005,2026-08-10 00:42:00,Tarija,CAM-26,CHO-008,125,125.0,24,20.1,1,1,1,,False
6557,ORD-2026-06557,CLI-051,PROD-055,2026-08-12 16:07:00,Santa Cruz,CAM-06,CHO-129,145,134.0,48,45.0,1,0,0,,False
6558,ORD-2026-06558,CLI-074,PROD-013,2026-08-02 20:01:00,Tarija,CAM-12,CHO-132,48,48.0,24,22.8,1,1,1,,False
6559,ORD-2026-06559,CLI-030,PROD-018,2026-08-14 19:19:00,Santa Cruz,CAM-10,CHO-109,48,48.0,72,64.9,1,1,1,,False
6560,ORD-2026-06560,CLI-076,PROD-013,2026-08-23 19:20:00,Cochabamba,CAM-01,CHO-116,290,290.0,48,35.1,1,1,1,,False
6561,ORD-2026-06561,CLI-043,PROD-053,2026-08-03 21:33:00,La Paz,CAM-27,CHO-002,55,55.0,48,34.8,1,1,1,,False
6562,ORD-2026-06562,CLI-030,PROD-027,2026-08-23 07:16:00,Santa Cruz,CAM-04,CHO-046,421,421.0,48,36.6,1,1,1,,False
6563,ORD-2026-06563,CLI-045,PROD-029,2026-08-14 07:40:00,La Paz,CAM-15,CHO-072,143,143.0,24,26.9,0,1,0,,False
6564,ORD-2026-06564,CLI-048,PROD-059,2026-08-08 18:01:00,Santa Cruz,CAM-13,CHO-129,362,362.0,24,16.9,1,1,1,,False
6565,ORD-2026-06565,CLI-043,PROD-032,2026-08-10 20:56:00,Cochabamba,CAM-08,CHO-090,103,87.0,48,40.3,1,0,0,,False
6566,ORD-2026-06566,CLI-007,PROD-047,2026-08-02 04:08:00,Tarija,CAM-03,CHO-043,290,290.0,48,37.3,1,1,1,,False
6567,ORD-2026-06567,CLI-091,PROD-017,2026-08-12 19:32:00,Santa Cruz,CAM-14,CHO-060,17,17.0,48,38.8,1,1,1,,False
6568,ORD-2026-06568,CLI-008,PROD-028,2026-08-30 00:59:00,Cochabamba,CAM-08,CHO-090,353,353.0,48,29.3,1,1,1,,False
6569,ORD-2026-06569,CLI-085,PROD-005,2026-08-23 00:28:00,Santa Cruz,CAM-25,CHO-062,396,396.0,72,70.3,1,1,1,,False
6570,ORD-2026-06570,CLI-055,PROD-035,2026-08-23 18:39:00,La Paz,CAM-28,CHO-084,465,465.0,48,30.9,1,1,1,,False
6571,ORD-2026-06571,CLI-050,PROD-044,2026-08-22 17:55:00,Oruro,CAM-07,CHO-032,83,77.0,72,68.8,1,0,0,,False
6572,ORD-2026-06572,CLI-046,PROD-056,2026-08-27 01:11:00,Tarija,CAM-12,CHO-082,237,237.0,48,33.4,1,1,1,,False
6573,ORD-2026-06573,CLI-077,PROD-059,2026-08-11 16:48:00,Cochabamba,CAM-01,CHO-054,376,376.0,24,22.9,1,1,1,,False
6574,ORD-2026-06574,CLI-026,PROD-002,2026-08-20 14:26:00,Oruro,CAM-05,CHO-117,483,483.0,48,48.9,0,1,0,,False
6575,ORD-2026-06575,CLI-090,PROD-028,2026-08-06 14:35:00,Oruro,CAM-24,CHO-119,327,327.0,48,49.0,0,1,0,,False
6576,ORD-2026-06576,CLI-013,PROD-030,2026-08-03 09:11:00,Tarija,CAM-03,CHO-012,198,198.0,72,65.8,1,1,1,,False
6577,ORD-2026-06577,CLI-094,PROD-016,2026-08-21 23:05:00,La Paz,CAM-09,CHO-017,272,272.0,24,21.9,1,1,1,,False
6578,ORD-2026-06578,CLI-006,PROD-033,2026-08-04 02:16:00,La Paz,CAM-30,CHO-052,120,120.0,48,44.3,1,1,1,,False
6579,ORD-2026-06579,CLI-038,PROD-044,2026-08-13 09:52:00,La Paz,CAM-28,CHO-084,455,455.0,48,32.8,1,1,1,,False
6580,ORD-2026-06580,CLI-010,PROD-056,2026-08-14 20:06:00,La Paz,CAM-28,CHO-102,92,92.0,48,47.1,1,1,1,,False
6581,ORD-2026-06581,CLI-004,PROD-031,2026-08-28 21:41:00,Santa Cruz,CAM-20,CHO-113,334,334.0,24,24.3,0,1,0,,False
6582,ORD-2026-06582,CLI-055,PROD-035,2026-08-10 17:10:00,Cochabamba,CAM-01,CHO-019,253,253.0,24,18.0,1,1,1,,False
6583,ORD-2026-06583,CLI-014,PROD-028,2026-08-18 15:04:00,Tarija,CAM-12,CHO-132,195,195.0,48,32.0,1,1,1,,False
6584,ORD-2026-06584,CLI-046,PROD-049,2026-08-24 20:10:00,Oruro,CAM-05,CHO-067,179,179.0,48,38.7,1,1,1,,False
6585,ORD-2026-06585,CLI-081,PROD-060,2026-08-15 18:56:00,La Paz,CAM-09,CHO-064,341,341.0,24,19.3,1,1,1,,False
6586,ORD-2026-06586,CLI-059,PROD-045,2026-08-14 19:22:00,Santa Cruz,CAM-20,CHO-114,281,281.0,48,46.5,1,1,1,,False
6587,ORD-2026-06587,CLI-018,PROD-017,2026-08-22 16:47:00,Tarija,CAM-03,CHO-050,265,265.0,72,52.8,1,1,1,,False
6588,ORD-2026-06588,CLI-092,PROD-002,2026-08-22 19:23:00,Santa Cruz,CAM-14,CHO-080,238,238.0,24,23.1,1,1,1,,False
6589,ORD-2026-06589,CLI-034,PROD-058,2026-08-06 08:23:00,Cochabamba,CAM-22,CHO-135,58,58.0,48,46.5,1,1,1,,False
6590,ORD-2026-06590,CLI-045,PROD-058,2026-08-01 20:46:00,Oruro,CAM-05,CHO-118,380,380.0,24,21.1,1,1,1,,False
6591,ORD-2026-06591,CLI-036,PROD-021,2026-08-23 02:12:00,Oruro,CAM-16,CHO-038,69,69.0,48,35.0,1,1,1,,False
6592,ORD-2026-06592,CLI-020,PROD-043,2026-08-07 20:38:00,Tarija,CAM-03,CHO-061,236,236.0,48,48.0,1,1,1,,False
6593,ORD-2026-06593,CLI-077,PROD-054,2026-08-30 00:40:00,Tarija,CAM-26,CHO-122,54,54.0,48,35.7,1,1,1,,False
6594,ORD-2026-06594,CLI-024,PROD-014,2026-08-20 17:31:00,La Paz,CAM-30,CHO-021,15,15.0,72,49.1,1,1,1,,False
6595,ORD-2026-06595,CLI-064,PROD-045,2026-08-16 22:31:00,Cochabamba,CAM-17,CHO-065,335,335.0,24,18.3,1,1,1,,False
6596,ORD-2026-06596,CLI-085,PROD-013,2026-08-21 23:04:00,Santa Cruz,CAM-20,CHO-070,25,25.0,24,18.4,1,1,1,,False
6597,ORD-2026-06597,CLI-002,PROD-022,2026-08-08 02:39:00,Tarija,CAM-03,CHO-050,93,85.0,48,42.2,1,0,0,,False
6598,ORD-2026-06598,CLI-034,PROD-006,2026-08-14 18:01:00,Cochabamba,CAM-22,CHO-041,127,127.0,48,35.6,1,1,1,,False
6599,ORD-2026-06599,CLI-047,PROD-015,2026-08-03 07:25:00,Oruro,CAM-05,CHO-051,195,195.0,72,57.3,1,1,1,,False
6600,ORD-2026-06600,CLI-017,PROD-029,2026-08-26 22:52:00,Santa Cruz,CAM-04,CHO-123,176,176.0,24,29.5,0,1,0,,False
6601,ORD-2026-06601,CLI-098,PROD-023,2026-08-19 08:07:00,La Paz,CAM-15,CHO-049,465,465.0,24,14.0,1,1,1,,False
6602,ORD-2026-06602,CLI-004,PROD-023,2026-08-14 09:56:00,Oruro,CAM-05,CHO-003,144,130.0,48,46.5,1,0,0,,False
6603,ORD-2026-06603,CLI-097,PROD-060,2026-08-07 05:17:00,Santa Cruz,CAM-20,CHO-074,79,79.0,24,14.4,1,1,1,,False
6604,ORD-2026-06604,CLI-079,PROD-030,2026-08-16 07:49:00,Tarija,CAM-12,CHO-146,152,152.0,24,19.0,1,1,1,,False
6605,ORD-2026-06605,CLI-079,PROD-010,2026-08-05 21:50:00,La Paz,CAM-28,CHO-066,491,477.0,48,51.9,0,0,0,,False
6606,ORD-2026-06606,CLI-030,PROD-047,2026-08-09 20:43:00,Cochabamba,CAM-01,CHO-086,170,170.0,24,23.4,1,1,1,,False
6607,ORD-2026-06607,CLI-081,PROD-038,2026-08-05 13:19:00,Oruro,CAM-07,CHO-051,196,196.0,24,13.1,1,1,1,,False
6608,ORD-2026-06608,CLI-052,PROD-051,2026-08-19 03:19:00,Cochabamba,CAM-22,CHO-068,143,143.0,72,65.3,1,1,1,,False
6609,ORD-2026-06609,CLI-009,PROD-019,2026-08-08 07:33:00,Tarija,CAM-03,CHO-043,428,428.0,48,41.3,1,1,1,,False
6610,ORD-2026-06610,CLI-015,PROD-049,2026-08-13 10:01:00,La Paz,CAM-28,CHO-040,246,246.0,48,50.4,0,1,0,,False
6611,ORD-2026-06611,CLI-097,PROD-022,2026-08-14 19:35:00,Oruro,CAM-05,CHO-003,356,356.0,72,52.3,1,1,1,,False
6612,ORD-2026-06612,CLI-042,PROD-003,2026-08-20 16:05:00,Oruro,CAM-05,CHO-110,423,423.0,72,58.5,1,1,1,,False
6613,ORD-2026-06613,CLI-081,PROD-034,2026-08-11 23:50:00,La Paz,CAM-28,CHO-039,29,29.0,72,50.0,1,1,1,,False
6614,ORD-2026-06614,CLI-061,PROD-021,2026-08-03 17:30:00,Oruro,CAM-24,CHO-117,156,156.0,24,21.7,1,1,1,,False
6615,ORD-2026-06615,CLI-091,PROD-056,2026-08-28 03:33:00,La Paz,CAM-09,CHO-005,116,116.0,24,14.6,1,1,1,,False
6616,ORD-2026-06616,CLI-050,PROD-004,2026-08-01 15:00:00,La Paz,CAM-09,CHO-005,168,149.0,48,53.4,0,0,0,,False
6617,ORD-2026-06617,CLI-005,PROD-040,2026-08-08 19:58:00,Oruro,CAM-05,CHO-038,91,91.0,48,39.5,1,1,1,,False
6618,ORD-2026-06618,CLI-062,PROD-025,2026-08-06 19:19:00,Cochabamba,CAM-08,CHO-131,127,127.0,48,37.4,1,1,1,,False
6619,ORD-2026-06619,CLI-002,PROD-003,2026-08-03 15:16:00,Tarija,CAM-12,CHO-132,362,362.0,24,25.9,0,1,0,,False
6620,ORD-2026-06620,CLI-061,PROD-032,2026-08-07 21:36:00,Cochabamba,CAM-22,CHO-131,307,307.0,48,35.3,1,1,1,,False
6621,ORD-2026-06621,CLI-056,PROD-019,2026-08-19 15:32:00,Oruro,CAM-05,CHO-022,355,355.0,72,63.0,1,1,1,,False
6622,ORD-2026-06622,CLI-012,PROD-040,2026-08-03 12:20:00,Cochabamba,CAM-01,CHO-111,375,375.0,72,50.7,1,1,1,,False
6623,ORD-2026-06623,CLI-074,PROD-011,2026-08-10 10:09:00,Cochabamba,CAM-08,CHO-016,349,349.0,72,49.5,1,1,1,,False
6624,ORD-2026-06624,CLI-047,PROD-034,2026-08-19 03:24:00,Cochabamba,CAM-01,CHO-108,494,494.0,72,62.0,1,1,1,,False
6625,ORD-2026-06625,CLI-027,PROD-036,2026-08-02 20:25:00,Tarija,CAM-03,CHO-122,50,50.0,48,46.1,1,1,1,,False
6626,ORD-2026-06626,CLI-001,PROD-041,2026-08-21 04:05:00,La Paz,CAM-30,CHO-052,67,67.0,48,39.1,1,1,1,,False
6627,ORD-2026-06627,CLI-071,PROD-041,2026-08-08 03:58:00,Oruro,CAM-16,CHO-150,240,240.0,48,40.2,1,1,1,,False
6628,ORD-2026-06628,CLI-100,PROD-022,2026-08-28 03:52:00,La Paz,CAM-09,CHO-084,353,353.0,48,41.6,1,1,1,,False
6629,ORD-2026-06629,CLI-037,PROD-009,2026-08-12 09:19:00,Oruro,CAM-24,CHO-032,211,192.0,24,22.7,1,0,0,,False
6630,ORD-2026-06630,CLI-010,PROD-022,2026-08-12 15:26:00,Oruro,CAM-05,CHO-098,436,436.0,72,59.6,1,1,1,,False
6631,ORD-2026-06631,CLI-015,PROD-030,2026-08-12 16:06:00,Oruro,CAM-02,CHO-110,212,212.0,72,49.7,1,1,1,,False
6632,ORD-2026-06632,CLI-076,PROD-013,2026-08-07 05:51:00,Tarija,CAM-03,CHO-122,22,22.0,72,41.5,1,1,1,,False
6633,ORD-2026-06633,CLI-034,PROD-021,2026-08-15 07:48:00,Oruro,CAM-24,CHO-110,47,47.0,72,48.9,1,1,1,,False
6634,ORD-2026-06634,CLI-037,PROD-047,2026-08-12 10:22:00,Tarija,CAM-12,CHO-088,419,419.0,48,49.5,0,1,0,,False
6635,ORD-2026-06635,CLI-033,PROD-017,2026-08-23 12:00:00,Oruro,CAM-05,CHO-051,157,157.0,48,39.8,1,1,1,,False
6636,ORD-2026-06636,CLI-094,PROD-052,2026-08-19 02:55:00,La Paz,CAM-09,CHO-137,268,268.0,24,15.8,1,1,1,,False
6637,ORD-2026-06637,CLI-016,PROD-057,2026-08-24 02:10:00,Tarija,CAM-26,CHO-031,331,331.0,72,62.2,1,1,1,,False
6638,ORD-2026-06638,CLI-084,PROD-024,2026-08-20 10:49:00,Tarija,CAM-26,CHO-122,45,45.0,72,74.2,0,1,0,,False
6639,ORD-2026-06639,CLI-099,PROD-016,2026-08-07 07:30:00,La Paz,CAM-15,CHO-083,168,168.0,48,35.1,1,1,1,,False
6640,ORD-2026-06640,CLI-020,PROD-059,2026-08-15 03:11:00,Santa Cruz,CAM-14,CHO-075,33,33.0,72,62.2,1,1,1,,False
6641,ORD-2026-06641,CLI-010,PROD-016,2026-08-20 22:49:00,Tarija,CAM-12,CHO-044,214,214.0,24,13.5,1,1,1,,False
6642,ORD-2026-06642,CLI-096,PROD-040,2026-08-19 19:46:00,Tarija,CAM-03,CHO-146,202,202.0,72,60.4,1,1,1,,False
6643,ORD-2026-06643,CLI-080,PROD-019,2026-08-23 21:06:00,Santa Cruz,CAM-13,CHO-059,382,376.0,72,51.5,1,0,0,,False
6644,ORD-2026-06644,CLI-074,PROD-013,2026-08-10 16:19:00,Oruro,CAM-05,CHO-117,233,233.0,48,41.1,1,1,1,,False
6645,ORD-2026-06645,CLI-067,PROD-055,2026-08-14 14:31:00,Cochabamba,CAM-08,CHO-041,40,40.0,24,24.4,0,1,0,,False
6646,ORD-2026-06646,CLI-009,PROD-047,2026-08-01 11:07:00,Santa Cruz,CAM-14,CHO-081,314,314.0,48,34.7,1,1,1,,False
6647,ORD-2026-06647,CLI-062,PROD-003,2026-08-22 09:16:00,Cochabamba,CAM-01,CHO-047,480,480.0,48,49.1,0,1,0,,False
6648,ORD-2026-06648,CLI-029,PROD-004,2026-08-04 07:37:00,Tarija,CAM-12,CHO-012,121,121.0,24,17.2,1,1,1,,False
6649,ORD-2026-06649,CLI-004,PROD-038,2026-08-20 03:17:00,Cochabamba,CAM-01,CHO-087,35,35.0,24,28.0,0,1,0,,False
6650,ORD-2026-06650,CLI-066,PROD-019,2026-08-06 17:40:00,La Paz,CAM-15,CHO-042,219,219.0,24,18.3,1,1,1,,False
6651,ORD-2026-06651,CLI-086,PROD-003,2026-08-22 00:20:00,Oruro,CAM-05,CHO-067,349,349.0,24,16.5,1,1,1,,False
6652,ORD-2026-06652,CLI-039,PROD-004,2026-08-25 18:36:00,Tarija,CAM-12,CHO-043,274,267.0,48,35.4,1,0,0,,False
6653,ORD-2026-06653,CLI-001,PROD-022,2026-08-08 23:12:00,Santa Cruz,CAM-13,CHO-011,85,81.0,24,24.6,0,0,0,,False
6654,ORD-2026-06654,CLI-009,PROD-003,2026-08-19 20:51:00,La Paz,CAM-09,CHO-005,388,388.0,24,17.4,1,1,1,,False
6655,ORD-2026-06655,CLI-085,PROD-036,2026-08-01 16:50:00,Oruro,CAM-05,CHO-022,38,38.0,48,38.6,1,1,1,,False
6656,ORD-2026-06656,CLI-049,PROD-058,2026-08-27 11:04:00,Cochabamba,CAM-19,CHO-014,424,424.0,72,46.9,1,1,1,,False
6657,ORD-2026-06657,CLI-011,PROD-021,2026-08-08 06:17:00,Santa Cruz,CAM-20,CHO-076,438,438.0,24,18.5,1,1,1,,False
6658,ORD-2026-06658,CLI-076,PROD-009,2026-08-08 10:06:00,La Paz,CAM-28,CHO-127,272,272.0,48,26.5,1,1,1,,False
6659,ORD-2026-06659,CLI-013,PROD-017,2026-08-05 08:25:00,Tarija,CAM-12,CHO-061,219,219.0,24,19.5,1,1,1,,False
6660,ORD-2026-06660,CLI-040,PROD-015,2026-08-05 14:40:00,Tarija,CAM-12,CHO-050,304,304.0,24,19.9,1,1,1,,False
6661,ORD-2026-06661,CLI-070,PROD-031,2026-08-21 00:27:00,Cochabamba,CAM-22,CHO-041,127,127.0,24,15.9,1,1,1,,False
6662,ORD-2026-06662,CLI-068,PROD-048,2026-08-07 13:10:00,La Paz,CAM-27,CHO-139,241,241.0,48,30.5,1,1,1,,False
6663,ORD-2026-06663,CLI-017,PROD-034,2026-08-13 03:10:00,Oruro,CAM-05,CHO-118,31,31.0,48,38.4,1,1,1,,False
6664,ORD-2026-06664,CLI-031,PROD-052,2026-08-28 01:21:00,Santa Cruz,CAM-11,CHO-037,271,271.0,48,35.8,1,1,1,,False
6665,ORD-2026-06665,CLI-091,PROD-006,2026-08-29 06:15:00,Oruro,CAM-16,CHO-022,355,355.0,72,49.7,1,1,1,,False
6666,ORD-2026-06666,CLI-088,PROD-043,2026-08-11 00:38:00,Oruro,CAM-05,CHO-144,74,74.0,72,71.3,1,1,1,,False
6667,ORD-2026-06667,CLI-034,PROD-018,2026-08-03 08:40:00,Tarija,CAM-03,CHO-015,226,226.0,72,53.4,1,1,1,,False
6668,ORD-2026-06668,CLI-092,PROD-016,2026-08-20 07:25:00,Oruro,CAM-16,CHO-003,349,349.0,24,17.5,1,1,1,,False
6669,ORD-2026-06669,CLI-025,PROD-015,2026-08-18 19:13:00,Santa Cruz,CAM-20,CHO-113,243,243.0,48,30.9,1,1,1,,False
6670,ORD-2026-06670,CLI-099,PROD-014,2026-08-25 06:30:00,Cochabamba,CAM-17,CHO-019,92,92.0,24,16.4,1,1,1,,False
6671,ORD-2026-06671,CLI-010,PROD-007,2026-08-07 09:10:00,Oruro,CAM-05,CHO-038,416,416.0,24,18.7,1,1,1,,False
6672,ORD-2026-06672,CLI-056,PROD-034,2026-08-08 17:11:00,Santa Cruz,CAM-25,CHO-123,191,191.0,72,77.8,0,1,0,,False
6673,ORD-2026-06673,CLI-062,PROD-007,2026-08-17 03:31:00,Oruro,CAM-07,CHO-051,28,28.0,24,23.6,1,1,1,,False
6674,ORD-2026-06674,CLI-063,PROD-033,2026-08-17 22:15:00,Santa Cruz,CAM-29,CHO-133,360,360.0,72,55.6,1,1,1,,False
6675,ORD-2026-06675,CLI-092,PROD-037,2026-08-24 23:28:00,Tarija,CAM-03,CHO-082,165,165.0,72,46.5,1,1,1,,False
6676,ORD-2026-06676,CLI-035,PROD-038,2026-08-18 13:42:00,Oruro,CAM-24,CHO-098,69,69.0,72,57.8,1,1,1,,False
6677,ORD-2026-06677,CLI-075,PROD-024,2026-08-26 04:57:00,La Paz,CAM-30,CHO-102,366,366.0,48,28.7,1,1,1,,False
6678,ORD-2026-06678,CLI-017,PROD-004,2026-08-13 17:52:00,Cochabamba,CAM-19,CHO-130,264,264.0,48,40.3,1,1,1,,False
6679,ORD-2026-06679,CLI-033,PROD-021,2026-08-11 05:09:00,La Paz,CAM-30,CHO-021,337,337.0,48,41.4,1,1,1,,False
6680, ord-2026-06680 ,CLI-065,PROD-054,2026-08-18 12:08:00,Santa Cruz,CAM-10,CHO-104,93,93.0,24,18.9,1,1,1,order_id,True
6681,ORD-2026-06681,CLI-035,PROD-049,2026-08-05 23:26:00,La Paz,CAM-28,CHO-072,232,232.0,48,37.5,1,1,1,,False
6682,ORD-2026-06682,CLI-081,PROD-027,2026-08-02 11:13:00,La Paz,CAM-27,CHO-063,10,10.0,48,47.7,1,1,1,,False
6683,ORD-2026-06683,CLI-084,PROD-003,2026-08-16 08:53:00,Cochabamba,CAM-01,CHO-111,140,140.0,72,59.5,1,1,1,,False
6684,ORD-2026-06684,CLI-073,PROD-009,2026-08-28 13:43:00,Santa Cruz,CAM-18,CHO-034,393,393.0,48,39.2,1,1,1,,False
6685,ORD-2026-06685,CLI-025,PROD-032,2026-08-01 00:49:00,Santa Cruz,CAM-04,CHO-030,385,385.0,24,22.9,1,1,1,,False
6686,ORD-2026-06686,CLI-064,PROD-032,2026-08-16 03:17:00,La Paz,CAM-15,CHO-005,492,492.0,24,25.6,0,1,0,,False
6687,ORD-2026-06687,CLI-099,PROD-035,2026-08-04 17:56:00,Oruro,CAM-24,CHO-136,134,134.0,48,43.1,1,1,1,,False
6688,ORD-2026-06688,CLI-081,PROD-038,2026-08-27 21:15:00,Cochabamba,CAM-23,CHO-069,331,316.0,48,33.9,1,0,0,,False
6689,ORD-2026-06689,CLI-034,PROD-035,2026-08-19 08:14:00,Oruro,CAM-05,CHO-051,30,30.0,48,43.8,1,1,1,,False
6690,ORD-2026-06690,CLI-039,PROD-049,2026-08-20 06:34:00,Cochabamba,CAM-23,CHO-115,28,27.0,72,53.2,1,0,0,,False
6691,ORD-2026-06691,CLI-097,PROD-012,2026-08-24 02:07:00,Tarija,CAM-12,CHO-036,395,395.0,48,42.9,1,1,1,,False
6692,ORD-2026-06692,CLI-079,PROD-013,2026-08-10 14:24:00,La Paz,CAM-28,CHO-107,389,389.0,24,27.1,0,1,0,,False
6693,ORD-2026-06693,CLI-034,PROD-044,2026-08-17 12:23:00,Cochabamba,CAM-17,CHO-143,307,307.0,72,87.1,0,1,0,,False
6694,ORD-2026-06694,CLI-067,PROD-054,2026-08-10 14:10:00,Cochabamba,CAM-19,CHO-014,119,119.0,48,37.4,1,1,1,,False
6695,ORD-2026-06695,CLI-054,PROD-033,2026-08-24 16:23:00,Tarija,CAM-26,CHO-031,282,282.0,24,11.6,1,1,1,,False
6696,ORD-2026-06696,CLI-056,PROD-036,2026-08-05 03:20:00,Santa Cruz,CAM-14,CHO-020,73,73.0,24,18.4,1,1,1,,False
6697,ORD-2026-06697,CLI-047,PROD-016,2026-08-19 07:24:00,Santa Cruz,CAM-14,CHO-106,34,34.0,48,35.6,1,1,1,,False
6698,ORD-2026-06698,CLI-054,PROD-034,2026-08-13 06:03:00,Santa Cruz,CAM-21,CHO-035,341,341.0,48,29.0,1,1,1,,False
6699,ORD-2026-06699,CLI-022,PROD-012,2026-08-24 09:54:00,Cochabamba,CAM-08,CHO-068,453,453.0,48,35.1,1,1,1,,False
6700,ORD-2026-06700,CLI-012,PROD-007,2026-08-16 15:14:00,La Paz,CAM-30,CHO-071,185,185.0,72,52.0,1,1,1,,False
6701,ORD-2026-06701,CLI-036,PROD-001,2026-08-11 06:35:00,Santa Cruz,CAM-18,CHO-095,134,134.0,24,18.9,1,1,1,,False
6702,ORD-2026-06702,CLI-019,PROD-057,2026-08-21 13:32:00,Santa Cruz,CAM-11,CHO-114,219,219.0,24,21.1,1,1,1,,False
6703,ORD-2026-06703,CLI-071,PROD-021,2026-08-13 18:10:00,Cochabamba,CAM-22,CHO-014,227,227.0,48,39.3,1,1,1,,False
6704,ORD-2026-06704,CLI-071,PROD-019,2026-08-28 23:15:00,Oruro,CAM-05,CHO-032,483,483.0,48,50.6,0,1,0,,False
6705,ORD-2026-06705,CLI-027,PROD-058,2026-08-15 22:28:00,La Paz,CAM-28,CHO-049,118,118.0,24,28.5,0,1,0,,False
6706,ORD-2026-06706,CLI-095,PROD-048,2026-08-17 17:55:00,Santa Cruz,CAM-14,CHO-121,107,107.0,24,18.2,1,1,1,,False
6707,ORD-2026-06707,CLI-097,PROD-049,2026-08-28 20:26:00,Oruro,CAM-05,CHO-150,428,428.0,24,19.7,1,1,1,,False
6708,ORD-2026-06708,CLI-072,PROD-059,2026-08-15 04:32:00,La Paz,CAM-15,CHO-127,107,107.0,24,25.5,0,1,0,,False
6709,ORD-2026-06709,CLI-055,PROD-034,2026-08-16 04:18:00,Tarija,CAM-26,CHO-082,91,91.0,72,61.2,1,1,1,,False
6710,ORD-2026-06710,CLI-037,PROD-029,2026-08-04 03:58:00,Oruro,CAM-16,CHO-144,402,402.0,72,54.1,1,1,1,,False
6711,ORD-2026-06711,CLI-069,PROD-019,2026-08-13 15:38:00,Santa Cruz,CAM-14,CHO-149,229,229.0,48,51.4,0,1,0,,False
6712,ORD-2026-06712,CLI-088,PROD-016,2026-08-05 18:46:00,Santa Cruz,CAM-18,CHO-095,134,131.0,48,30.7,1,0,0,,False
6713,ORD-2026-06713,CLI-075,PROD-053,2026-08-25 07:15:00,Santa Cruz,CAM-21,CHO-079,453,453.0,72,64.1,1,1,1,,False
6714,ORD-2026-06714,CLI-007,PROD-056,2026-08-05 06:50:00,La Paz,CAM-28,CHO-072,170,170.0,24,19.9,1,1,1,,False
6715,ORD-2026-06715,CLI-030,PROD-020,2026-08-09 01:53:00,La Paz,CAM-28,CHO-127,226,226.0,48,29.3,1,1,1,,False
6716,ORD-2026-06716,CLI-076,PROD-056,2026-08-09 23:16:00,Oruro,CAM-05,CHO-003,407,407.0,48,43.5,1,1,1,,False
6717,ORD-2026-06717,CLI-001,PROD-033,2026-08-16 00:52:00,La Paz,CAM-30,CHO-001,208,208.0,24,18.0,1,1,1,,False
6718,ORD-2026-06718,CLI-057,PROD-057,2026-08-11 04:54:00,Oruro,CAM-24,CHO-118,303,296.0,48,46.5,1,0,0,,False
6719,ORD-2026-06719,CLI-023,PROD-022,2026-08-14 02:42:00,Oruro,CAM-05,CHO-150,53,53.0,48,30.8,1,1,1,,False
6720,ORD-2026-06720,CLI-028,PROD-043,2026-08-05 17:19:00,Oruro,CAM-05,CHO-022,67,67.0,48,53.7,0,1,0,,False
6721,ORD-2026-06721,CLI-018,PROD-033,2026-08-29 00:32:00,Tarija,CAM-12,CHO-122,403,403.0,72,58.1,1,1,1,,False
6722,ORD-2026-06722,CLI-027,PROD-057,2026-08-25 14:07:00,Oruro,CAM-24,CHO-098,424,414.0,48,35.4,1,0,0,,False
6723,ORD-2026-06723,CLI-006,PROD-053,2026-08-04 13:57:00,Oruro,CAM-24,CHO-118,62,62.0,72,66.8,1,1,1,,False
6724,ORD-2026-06724,CLI-072,PROD-001,2026-08-26 04:26:00,Tarija,CAM-12,CHO-010,103,103.0,24,20.1,1,1,1,,False
6725,ORD-2026-06725,CLI-098,PROD-048,2026-08-05 23:38:00,Cochabamba,CAM-23,CHO-143,457,457.0,24,25.1,0,1,0,,False
6726,ORD-2026-06726,CLI-042,PROD-020,2026-08-21 10:41:00,La Paz,CAM-28,CHO-139,464,445.0,48,51.9,0,0,0,,False
6727,ORD-2026-06727,CLI-060,PROD-014,2026-08-04 21:00:00,Cochabamba,CAM-17,CHO-069,324,324.0,24,13.8,1,1,1,,False
6728,ORD-2026-06728,CLI-055,PROD-034,2026-08-08 00:34:00,Oruro,CAM-05,CHO-003,257,257.0,48,36.7,1,1,1,,False
6729,ORD-2026-06729,CLI-100,PROD-006,2026-08-05 05:59:00,Cochabamba,CAM-17,CHO-151,479,479.0,48,44.8,1,1,1,,False
6730,ORD-2026-06730,CLI-031,PROD-027,2026-08-02 10:13:00,Santa Cruz,CAM-25,CHO-149,191,191.0,24,20.7,1,1,1,,False
6731,ORD-2026-06731,CLI-062,PROD-033,2026-08-26 11:12:00,Cochabamba,CAM-22,CHO-145,318,318.0,24,18.4,1,1,1,,False
6732,ORD-2026-06732,CLI-004,PROD-019,2026-08-02 00:10:00,Cochabamba,CAM-01,CHO-089,448,448.0,48,45.3,1,1,1,,False
6733,ORD-2026-06733,CLI-036,PROD-045,2026-08-17 19:26:00,La Paz,CAM-27,CHO-002,24,24.0,48,45.8,1,1,1,,False
6734,ORD-2026-06734,CLI-080,PROD-040,2026-08-21 04:31:00,Oruro,CAM-05,CHO-144,329,329.0,72,51.8,1,1,1,,False
6735,ORD-2026-06735,CLI-049,PROD-051,2026-08-24 08:38:00,Santa Cruz,CAM-14,CHO-078,154,154.0,48,34.1,1,1,1,,False
6736,ORD-2026-06736,CLI-030,PROD-020,2026-08-08 07:53:00,Tarija,CAM-12,CHO-105,342,342.0,24,14.9,1,1,1,,False
6737,ORD-2026-06737,CLI-028,PROD-018,2026-08-18 11:47:00,Santa Cruz,CAM-25,CHO-037,91,91.0,48,50.6,0,1,0,,False
6738,ORD-2026-06738,CLI-034,PROD-040,2026-08-18 20:13:00,Oruro,CAM-05,CHO-110,275,275.0,48,37.1,1,1,1,,False
6739,ORD-2026-06739,CLI-071,PROD-031,2026-08-13 07:17:00,Santa Cruz,CAM-14,CHO-075,338,338.0,48,47.1,1,1,1,,False
6740,ORD-2026-06740,CLI-007,PROD-009,2026-08-04 21:19:00,La Paz,CAM-15,CHO-023,479,479.0,24,14.0,1,1,1,,False
6741,ORD-2026-06741,CLI-053,PROD-020,2026-08-09 06:16:00,Cochabamba,CAM-01,CHO-112,389,389.0,48,35.7,1,1,1,,False
6742,ORD-2026-06742,CLI-055,PROD-009,2026-08-18 12:56:00,Tarija,CAM-26,CHO-122,38,38.0,48,36.0,1,1,1,,False
6743,ORD-2026-06743,CLI-098,PROD-049,2026-08-03 14:16:00,Cochabamba,CAM-23,CHO-138,461,461.0,48,32.3,1,1,1,,False
6744,ORD-2026-06744,CLI-092,PROD-033,2026-08-23 02:29:00,Oruro,CAM-24,CHO-144,411,411.0,24,21.4,1,1,1,,False
6745,ORD-2026-06745,CLI-002,PROD-020,2026-08-09 20:17:00,La Paz,CAM-09,CHO-137,289,272.0,48,37.0,1,0,0,,False
6746,ORD-2026-06746,CLI-072,PROD-048,2026-08-28 21:50:00,Cochabamba,CAM-08,CHO-090,174,174.0,48,48.8,0,1,0,,False
6747,ORD-2026-06747,CLI-003,PROD-015,2026-08-30 22:22:00,Cochabamba,CAM-08,CHO-006,419,419.0,72,62.1,1,1,1,,False
6748,ORD-2026-06748,CLI-066,PROD-007,2026-08-24 03:38:00,Oruro,CAM-02,CHO-136,146,146.0,48,36.0,1,1,1,,False
6749,ORD-2026-06749,CLI-011,PROD-044,2026-08-11 20:45:00,Oruro,CAM-16,CHO-118,71,71.0,24,26.0,0,1,0,,False
6750,ORD-2026-06750,CLI-074,PROD-025,2026-08-24 20:07:00,La Paz,CAM-09,CHO-021,245,245.0,48,49.5,0,1,0,,False
6751,ORD-2026-06751,CLI-068,PROD-034,2026-08-16 12:09:00,Santa Cruz,CAM-06,CHO-059,140,140.0,24,10.5,1,1,1,,False
6752,ORD-2026-06752,CLI-021,PROD-001,2026-08-23 09:38:00,Santa Cruz,CAM-13,CHO-085,53,53.0,24,21.1,1,1,1,,False
6753,ORD-2026-06753,CLI-060,PROD-054,2026-08-10 17:50:00,Cochabamba,CAM-17,CHO-086,452,452.0,48,41.1,1,1,1,,False
6754,ORD-2026-06754,CLI-078,PROD-023,2026-08-29 14:48:00,Tarija,CAM-12,CHO-009,351,351.0,72,63.8,1,1,1,,False
6755,ORD-2026-06755,CLI-007,PROD-007,2026-08-09 08:08:00,Oruro,CAM-07,CHO-032,201,201.0,24,16.1,1,1,1,,False
6756,ORD-2026-06756,CLI-035,PROD-050,2026-08-21 03:19:00,Santa Cruz,CAM-20,CHO-123,90,78.0,72,72.5,0,0,0,,False
6757,ORD-2026-06757,CLI-083,PROD-009,2026-08-21 13:31:00,Tarija,CAM-03,CHO-012,133,133.0,24,18.8,1,1,1,,False
6758,ORD-2026-06758,CLI-014,PROD-023,2026-08-05 01:41:00,Oruro,CAM-05,CHO-032,228,228.0,24,13.3,1,1,1,,False
6759,ORD-2026-06759,CLI-093,PROD-019,2026-08-07 00:14:00,Cochabamba,CAM-23,CHO-140,121,121.0,48,38.5,1,1,1,,False
6760,ORD-2026-06760,CLI-062,PROD-017,2026-08-13 14:01:00,Tarija,CAM-12,CHO-088,21,21.0,24,17.6,1,1,1,,False
6761,ORD-2026-06761,CLI-075,PROD-033,2026-08-02 07:19:00,Cochabamba,CAM-23,CHO-014,176,176.0,48,35.4,1,1,1,,False
6762,ORD-2026-06762,CLI-021,PROD-003,2026-08-17 06:09:00,Santa Cruz,CAM-13,CHO-075,474,474.0,24,24.4,0,1,0,,False
6763,ORD-2026-06763,CLI-017,PROD-039,2026-08-21 11:46:00,Oruro,CAM-16,CHO-098,103,103.0,48,45.5,1,1,1,,False
6764,ORD-2026-06764,CLI-081,PROD-028,2026-08-04 03:56:00,Santa Cruz,CAM-14,CHO-128,386,386.0,48,56.5,0,1,0,,False
6765,ORD-2026-06765,CLI-005,PROD-046,2026-08-29 04:31:00,La Paz,CAM-28,CHO-137,160,160.0,48,54.9,0,1,0,,False
6766,ORD-2026-06766,CLI-038,PROD-029,2026-08-12 04:21:00,Santa Cruz,CAM-10,CHO-109,197,197.0,24,16.1,1,1,1,,False
6767,ORD-2026-06767,CLI-094,PROD-013,2026-08-15 07:11:00,Cochabamba,CAM-08,CHO-125,300,300.0,48,44.2,1,1,1,,False
6768,ORD-2026-06768,CLI-064,PROD-047,2026-08-27 09:59:00,La Paz,CAM-28,CHO-005,256,256.0,72,62.6,1,1,1,,False
6769,ORD-2026-06769,CLI-095,PROD-045,2026-08-12 19:41:00,Cochabamba,CAM-17,CHO-135,349,349.0,48,37.4,1,1,1,,False
6770,ORD-2026-06770,CLI-090,PROD-014,2026-08-21 14:08:00,La Paz,CAM-27,CHO-083,293,293.0,72,72.0,1,1,1,,False
6771,ORD-2026-06771,CLI-073,PROD-012,2026-08-12 09:09:00,La Paz,CAM-09,CHO-063,210,210.0,48,33.8,1,1,1,,False
6772,ORD-2026-06772,CLI-001,PROD-042,2026-08-30 22:05:00,Oruro,CAM-16,CHO-118,403,403.0,72,37.2,1,1,1,,False
6773,ORD-2026-06773,CLI-020,PROD-017,2026-08-19 20:13:00,Oruro,CAM-05,CHO-038,129,129.0,48,35.2,1,1,1,,False
6774,ORD-2026-06774,CLI-031,PROD-019,2026-08-23 18:47:00,La Paz,CAM-28,CHO-084,89,89.0,48,30.0,1,1,1,,False
6775,ORD-2026-06775,CLI-095,PROD-053,2026-08-01 06:13:00,La Paz,CAM-28,CHO-137,29,29.0,24,20.5,1,1,1,,False
6776,ORD-2026-06776,CLI-051,PROD-024,2026-08-14 10:30:00,La Paz,CAM-09,CHO-107,279,279.0,48,54.7,0,1,0,,False
6777,ORD-2026-06777,CLI-076,PROD-027,2026-08-19 18:00:00,La Paz,CAM-27,CHO-005,207,207.0,48,36.3,1,1,1,,False
6778,ORD-2026-06778,CLI-095,PROD-056,2026-08-20 20:03:00,Oruro,CAM-05,CHO-032,49,49.0,24,20.1,1,1,1,,False
6779,ORD-2026-06779,CLI-072,PROD-032,2026-08-08 14:45:00,Santa Cruz,CAM-04,CHO-085,204,204.0,72,66.8,1,1,1,,False
6780,ORD-2026-06780,CLI-001,PROD-015,2026-08-20 20:45:00,Oruro,CAM-05,CHO-136,476,476.0,48,42.8,1,1,1,,False
6781,ORD-2026-06781,CLI-092,PROD-053,2026-08-16 05:35:00,Oruro,CAM-05,CHO-098,381,381.0,72,57.9,1,1,1,,False
6782,ORD-2026-06782,CLI-065,PROD-004,2026-08-20 20:18:00,Tarija,CAM-12,CHO-088,116,116.0,72,71.7,1,1,1,,False
6783,ORD-2026-06783,CLI-077,PROD-001,2026-08-18 06:25:00,La Paz,CAM-09,CHO-066,149,149.0,24,17.8,1,1,1,,False
6784,ORD-2026-06784,CLI-085,PROD-016,2026-08-18 15:48:00,Santa Cruz,CAM-29,CHO-053,147,147.0,48,49.8,0,1,0,,False
6785,ORD-2026-06785,CLI-010,PROD-019,2026-08-12 18:39:00,Tarija,CAM-03,CHO-105,245,245.0,24,19.4,1,1,1,,False
6786,ORD-2026-06786,CLI-051,PROD-020,2026-08-22 19:51:00,Cochabamba,CAM-01,CHO-112,71,71.0,48,45.3,1,1,1,,False
6787,ORD-2026-06787,CLI-060,PROD-006,2026-08-13 05:56:00,Santa Cruz,CAM-20,CHO-142,477,477.0,48,35.6,1,1,1,,False
6788,ORD-2026-06788,CLI-095,PROD-035,2026-08-08 13:46:00,Tarija,CAM-12,CHO-082,42,42.0,72,60.3,1,1,1,,False
6789,ORD-2026-06789,CLI-086,PROD-004,2026-08-12 04:02:00,La Paz,CAM-30,CHO-107,497,497.0,24,12.3,1,1,1,,False
6790,ORD-2026-06790,CLI-094,PROD-060,2026-08-18 17:41:00,Oruro,CAM-05,CHO-144,144,144.0,24,20.0,1,1,1,,False
6791,ORD-2026-06791,CLI-032,PROD-005,2026-08-03 12:13:00,Cochabamba,CAM-08,CHO-058,121,121.0,48,39.7,1,1,1,,False
6792,ORD-2026-06792,CLI-083,PROD-034,2026-08-09 07:00:00,Tarija,CAM-03,CHO-031,418,418.0,48,34.0,1,1,1,,False
6793,ORD-2026-06793,CLI-013,PROD-029,2026-08-15 21:36:00,Cochabamba,CAM-01,CHO-077,76,76.0,72,75.4,0,1,0,,False
6794,ORD-2026-06794,CLI-097,PROD-049,2026-08-19 02:33:00,Oruro,CAM-05,CHO-150,388,388.0,24,18.4,1,1,1,,False
6795,ORD-2026-06795,CLI-070,PROD-022,2026-08-12 23:51:00,Oruro,CAM-05,CHO-051,237,237.0,48,33.1,1,1,1,,False
6796,ORD-2026-06796,CLI-017,PROD-057,2026-08-21 10:29:00,Santa Cruz,CAM-20,CHO-024,213,213.0,72,51.3,1,1,1,,False
6797,ORD-2026-06797,CLI-076,PROD-031,2026-08-19 04:04:00,La Paz,CAM-09,CHO-071,249,249.0,24,14.5,1,1,1,,False
6798,ORD-2026-06798,CLI-031,PROD-036,2026-08-15 09:30:00,La Paz,CAM-09,CHO-002,302,302.0,48,35.3,1,1,1,,False
6799,ORD-2026-06799,CLI-084,PROD-056,2026-08-05 04:26:00,Cochabamba,CAM-22,CHO-033,476,476.0,24,11.6,1,1,1,,False
6800,ORD-2026-06800,CLI-008,PROD-010,2026-08-28 16:47:00,Oruro,CAM-05,CHO-051,263,263.0,72,60.9,1,1,1,,False
6801,ORD-2026-06801,CLI-079,PROD-056,2026-08-03 11:33:00,La Paz,CAM-09,CHO-137,275,275.0,48,33.3,1,1,1,,False
6802,ORD-2026-06802,CLI-098,PROD-014,2026-08-04 23:57:00,La Paz,CAM-30,CHO-071,385,385.0,48,31.6,1,1,1,,False
6803,ORD-2026-06803,CLI-018,PROD-006,2026-08-04 18:20:00,Cochabamba,CAM-22,CHO-131,402,402.0,24,29.7,0,1,0,,False
6804,ORD-2026-06804,CLI-095,PROD-021,2026-08-04 08:21:00,Cochabamba,CAM-08,CHO-068,297,297.0,48,38.5,1,1,1,,False
6805,ORD-2026-06805,CLI-048,PROD-024,2026-08-29 19:20:00,Oruro,CAM-16,CHO-118,427,427.0,24,23.3,1,1,1,,False
6806,ORD-2026-06806,CLI-010,PROD-014,2026-08-07 13:58:00,La Paz,CAM-28,CHO-139,265,265.0,24,25.3,0,1,0,,False
6807,ORD-2026-06807,CLI-036,PROD-002,2026-08-28 15:25:00,La Paz,CAM-28,CHO-148,297,297.0,24,25.3,0,1,0,,False
6808,ORD-2026-06808,CLI-037,PROD-026,2026-08-01 04:29:00,Santa Cruz,CAM-13,CHO-078,405,405.0,72,75.7,0,1,0,,False
6809,ORD-2026-06809,CLI-002,PROD-037,2026-08-20 06:02:00,Santa Cruz,CAM-20,CHO-095,139,139.0,72,48.0,1,1,1,,False
6810,ORD-2026-06810,CLI-083,PROD-042,2026-08-27 06:25:00,Oruro,CAM-05,CHO-038,110,110.0,72,68.1,1,1,1,,False
6811,ORD-2026-06811,CLI-020,PROD-044,2026-08-06 05:32:00,La Paz,CAM-30,CHO-023,228,228.0,48,36.1,1,1,1,,False
6812,ORD-2026-06812,CLI-043,PROD-024,2026-08-24 22:51:00,Tarija,CAM-26,CHO-010,204,204.0,24,24.0,1,1,1,,False
6813,ORD-2026-06813,CLI-047,PROD-039,2026-08-30 11:22:00,La Paz,CAM-30,CHO-071,320,320.0,48,32.2,1,1,1,,False
6814,ORD-2026-06814,CLI-060,PROD-017,2026-08-13 20:46:00,Oruro,CAM-05,CHO-119,162,162.0,72,54.8,1,1,1,,False
6815,ORD-2026-06815,CLI-100,PROD-016,2026-08-11 04:47:00,Santa Cruz,CAM-20,CHO-024,376,376.0,72,73.3,0,1,0,,False
6816,ORD-2026-06816,CLI-081,PROD-017,2026-08-02 07:01:00,La Paz,CAM-09,CHO-002,189,189.0,24,22.6,1,1,1,,False
6817,ORD-2026-06817,CLI-035,PROD-033,2026-08-23 06:44:00,La Paz,CAM-28,CHO-107,392,392.0,72,55.2,1,1,1,,False
6818,ORD-2026-06818,CLI-076,PROD-014,2026-08-21 10:05:00,Santa Cruz,CAM-14,CHO-097,52,52.0,24,15.0,1,1,1,,False
6819,ORD-2026-06819,CLI-049,PROD-022,2026-08-14 22:17:00,Tarija,CAM-12,CHO-008,428,428.0,48,45.5,1,1,1,,False
6820,ORD-2026-06820,CLI-045,PROD-022,2026-08-17 19:08:00,Santa Cruz,CAM-14,CHO-076,237,237.0,72,60.3,1,1,1,,False
6821,ORD-2026-06821,CLI-089,PROD-014,2026-08-28 00:48:00,Tarija,CAM-12,CHO-061,227,227.0,48,35.4,1,1,1,,False
6822,ORD-2026-06822,CLI-026,PROD-050,2026-08-06 14:00:00,Oruro,CAM-05,CHO-110,37,37.0,48,48.9,0,1,0,,False
6823,ORD-2026-06823,CLI-010,PROD-033,2026-08-29 15:45:00,Santa Cruz,CAM-21,CHO-113,12,12.0,48,31.7,1,1,1,,False
6824,ORD-2026-06824,CLI-092,PROD-023,2026-08-09 06:59:00,Oruro,CAM-05,CHO-144,32,32.0,72,47.1,1,1,1,,False
6825,ORD-2026-06825,CLI-062,PROD-011,2026-08-18 08:12:00,Tarija,CAM-03,CHO-010,185,185.0,72,53.0,1,1,1,,False
6826,ORD-2026-06826,CLI-089,PROD-003,2026-08-19 13:49:00,Santa Cruz,CAM-13,CHO-129,403,403.0,24,12.3,1,1,1,,False
6827,ORD-2026-06827,CLI-056,PROD-043,2026-08-17 07:47:00,Cochabamba,CAM-22,CHO-094,484,475.0,24,18.4,1,0,0,,False
6828,ORD-2026-06828,CLI-058,PROD-021,2026-08-26 11:18:00,Tarija,CAM-03,CHO-088,101,100.0,24,20.3,1,0,0,,False
6829,ORD-2026-06829,CLI-081,PROD-033,2026-08-16 09:22:00,La Paz,CAM-09,CHO-126,363,350.0,48,43.3,1,0,0,,False
6830,ORD-2026-06830,CLI-024,PROD-056,2026-08-13 18:20:00,Cochabamba,CAM-01,CHO-145,55,55.0,48,35.6,1,1,1,,False
6831,ORD-2026-06831,CLI-076,PROD-021,2026-08-14 20:50:00,La Paz,CAM-27,CHO-083,435,435.0,24,9.7,1,1,1,,False
6832,ORD-2026-06832,CLI-045,PROD-003,2026-08-11 21:52:00,Cochabamba,CAM-23,CHO-033,136,136.0,48,41.5,1,1,1,,False
6833,ORD-2026-06833,CLI-098,PROD-020,2026-08-07 08:43:00,La Paz,CAM-09,CHO-091,204,204.0,48,42.7,1,1,1,,False
6834,ORD-2026-06834,CLI-067,PROD-060,2026-08-20 09:04:00,Oruro,CAM-05,CHO-032,387,387.0,24,18.0,1,1,1,,False
6835,ORD-2026-06835,CLI-089,PROD-052,2026-08-28 17:44:00,Santa Cruz,CAM-14,CHO-128,232,232.0,48,43.7,1,1,1,,False
6836,ORD-2026-06836,CLI-005,PROD-033,2026-08-07 05:24:00,La Paz,CAM-15,CHO-139,365,365.0,72,72.5,0,1,0,,False
6837,ORD-2026-06837,CLI-004,PROD-007,2026-08-04 09:10:00,Tarija,CAM-26,CHO-050,89,89.0,48,37.9,1,1,1,,False
6838,ORD-2026-06838,CLI-019,PROD-041,2026-08-25 08:04:00,La Paz,CAM-15,CHO-063,345,330.0,24,18.2,1,0,0,,False
6839,ORD-2026-06839,CLI-051,PROD-051,2026-08-25 02:33:00,Tarija,CAM-12,CHO-048,388,388.0,72,75.9,0,1,0,,False
6840,ORD-2026-06840,CLI-099,PROD-021,2026-08-05 18:17:00,Cochabamba,CAM-17,CHO-073,48,48.0,48,41.1,1,1,1,,False
6841,ORD-2026-06841,CLI-018,PROD-058,2026-08-12 02:01:00,Santa Cruz,CAM-14,CHO-142,373,373.0,72,42.9,1,1,1,,False
6842,ORD-2026-06842,CLI-042,PROD-030,2026-08-11 16:15:00,Santa Cruz,CAM-10,CHO-101,210,210.0,48,38.7,1,1,1,,False
6843,ORD-2026-06843,CLI-006,PROD-001,2026-08-25 05:39:00,Santa Cruz,CAM-20,CHO-080,361,361.0,48,45.0,1,1,1,,False
6844,ORD-2026-06844,CLI-060,PROD-029,2026-08-24 09:52:00,Cochabamba,CAM-17,CHO-124,36,36.0,72,70.8,1,1,1,,False
6845,ORD-2026-06845,CLI-076,PROD-058,2026-08-17 07:08:00,Cochabamba,CAM-01,CHO-116,177,177.0,24,25.7,0,1,0,,False
6846,ORD-2026-06846,CLI-055,PROD-023,2026-08-27 22:10:00,Cochabamba,CAM-01,CHO-116,89,89.0,72,61.6,1,1,1,,False
6847,ORD-2026-06847,CLI-041,PROD-020,2026-08-03 18:26:00,Tarija,CAM-12,CHO-132,226,226.0,24,18.1,1,1,1,,False
6848,ORD-2026-06848,CLI-007,PROD-004,2026-08-22 01:35:00,Oruro,CAM-24,CHO-038,318,318.0,48,37.2,1,1,1,,False
6849,ORD-2026-06849,CLI-018,PROD-013,2026-08-30 21:26:00,Cochabamba,CAM-23,CHO-068,194,194.0,72,61.7,1,1,1,,False
6850,ORD-2026-06850,CLI-027,PROD-043,2026-08-22 01:43:00,Cochabamba,CAM-01,CHO-130,332,332.0,48,43.7,1,1,1,,False
6851,ORD-2026-06851,CLI-073,PROD-038,2026-08-13 17:26:00,Santa Cruz,CAM-14,CHO-129,275,275.0,24,18.7,1,1,1,,False
6852,ORD-2026-06852,CLI-035,PROD-003,2026-08-03 09:51:00,Cochabamba,CAM-01,CHO-065,57,57.0,72,49.0,1,1,1,,False
6853,ORD-2026-06853,CLI-063,PROD-054,2026-08-10 12:46:00,Cochabamba,CAM-23,CHO-111,474,474.0,72,60.3,1,1,1,,False
6854,ORD-2026-06854,CLI-078,PROD-023,2026-08-11 20:07:00,La Paz,CAM-28,CHO-126,422,422.0,48,27.4,1,1,1,,False
6855,ORD-2026-06855,CLI-043,PROD-033,2026-08-19 19:31:00,La Paz,CAM-28,CHO-137,386,386.0,24,16.8,1,1,1,,False
6856, ord-2026-06856 ,CLI-005,PROD-005,2026-08-02 06:34:00,Tarija,CAM-26,CHO-043,408,408.0,24,15.8,1,1,1,order_id,True
6857,ORD-2026-06857,CLI-076,PROD-016,2026-08-18 06:07:00,Tarija,CAM-12,CHO-122,382,382.0,24,20.6,1,1,1,,False
6858,ORD-2026-06858,CLI-077,PROD-019,2026-08-22 11:39:00,Oruro,CAM-05,CHO-003,491,477.0,72,63.9,1,0,0,,False
6859,ORD-2026-06859,CLI-025,PROD-043,2026-08-23 21:56:00,Cochabamba,CAM-19,CHO-087,160,160.0,72,62.8,1,1,1,,False
6860,ORD-2026-06860,CLI-035,PROD-055,2026-08-01 04:17:00,Santa Cruz,CAM-14,CHO-020,411,411.0,72,53.2,1,1,1,,False
6861,ORD-2026-06861,CLI-073,PROD-036,2026-08-08 17:20:00,La Paz,CAM-28,CHO-126,42,42.0,72,41.1,1,1,1,,False
6862,ORD-2026-06862,CLI-090,PROD-039,2026-08-10 11:05:00,La Paz,CAM-28,CHO-017,117,117.0,24,14.5,1,1,1,,False
6863,ORD-2026-06863,CLI-081,PROD-001,2026-08-19 11:26:00,Tarija,CAM-03,CHO-012,478,478.0,48,39.6,1,1,1,,False
6864,ORD-2026-06864,CLI-017,PROD-016,2026-08-30 03:50:00,Santa Cruz,CAM-29,CHO-104,38,23.0,72,46.9,1,0,0,,False
6865,ORD-2026-06865,CLI-065,PROD-029,2026-08-22 16:31:00,Oruro,CAM-02,CHO-003,399,399.0,48,36.2,1,1,1,,False
6866,ORD-2026-06866,CLI-092,PROD-007,2026-08-07 06:07:00,Cochabamba,CAM-22,CHO-077,427,427.0,48,31.8,1,1,1,,False
6867,ORD-2026-06867,CLI-030,PROD-037,2026-08-30 21:29:00,Tarija,CAM-12,CHO-043,465,465.0,72,60.0,1,1,1,,False
6868,ORD-2026-06868,CLI-052,PROD-027,2026-08-30 07:15:00,Tarija,CAM-26,CHO-043,72,72.0,48,32.4,1,1,1,,False
6869,ORD-2026-06869,CLI-080,PROD-025,2026-08-14 15:29:00,Santa Cruz,CAM-14,CHO-100,446,438.0,24,22.5,1,0,0,,False
6870,ORD-2026-06870,CLI-099,PROD-028,2026-08-02 19:14:00,Oruro,CAM-16,CHO-117,238,238.0,24,16.7,1,1,1,,False
6871,ORD-2026-06871,CLI-048,PROD-052,2026-08-12 14:29:00,Tarija,CAM-12,CHO-036,194,194.0,48,33.6,1,1,1,,False
6872,ORD-2026-06872,CLI-027,PROD-060,2026-08-01 01:11:00,Oruro,CAM-05,CHO-136,350,350.0,24,21.7,1,1,1,,False
6873,ORD-2026-06873,CLI-096,PROD-028,2026-08-05 14:07:00,Cochabamba,CAM-08,CHO-151,167,167.0,48,39.9,1,1,1,,False
6874,ORD-2026-06874,CLI-039,PROD-015,2026-08-29 09:18:00,Oruro,CAM-05,CHO-003,123,123.0,48,39.2,1,1,1,,False
6875,ORD-2026-06875,CLI-021,PROD-032,2026-08-06 17:42:00,Cochabamba,CAM-08,CHO-058,321,321.0,24,21.3,1,1,1,,False
6876,ORD-2026-06876,CLI-083,PROD-042,2026-08-18 23:41:00,La Paz,CAM-15,CHO-126,44,44.0,72,56.1,1,1,1,,False
6877,ORD-2026-06877,CLI-056,PROD-024,2026-08-06 15:55:00,La Paz,CAM-15,CHO-107,195,195.0,48,55.8,0,1,0,,False
6878,ORD-2026-06878,CLI-044,PROD-018,2026-08-01 08:32:00,Oruro,CAM-05,CHO-032,480,480.0,48,44.8,1,1,1,,False
6879,ORD-2026-06879,CLI-046,PROD-015,2026-08-27 09:39:00,Tarija,CAM-12,CHO-009,246,246.0,24,12.3,1,1,1,,False
6880,ORD-2026-06880,CLI-088,PROD-004,2026-08-06 23:50:00,Oruro,CAM-02,CHO-110,385,385.0,72,49.5,1,1,1,,False
6881,ORD-2026-06881,CLI-090,PROD-044,2026-08-14 21:18:00,La Paz,CAM-15,CHO-021,422,,24,17.6,1,1,1,cantidad_entregada,True
6882,ORD-2026-06882,CLI-037,PROD-034,2026-08-25 17:41:00,Cochabamba,CAM-17,CHO-087,62,62.0,48,28.6,1,1,1,,False
6883,ORD-2026-06883,CLI-049,PROD-023,2026-08-21 16:56:00,Oruro,CAM-05,CHO-110,337,337.0,48,35.6,1,1,1,,False
6884,ORD-2026-06884,CLI-093,PROD-031,2026-08-21 14:19:00,Cochabamba,CAM-01,CHO-055,434,434.0,24,19.7,1,1,1,,False
6885,ORD-2026-06885,CLI-009,PROD-041,2026-08-15 23:50:00,Oruro,CAM-07,CHO-032,217,217.0,72,65.4,1,1,1,,False
6886,ORD-2026-06886,CLI-048,PROD-012,2026-08-20 07:35:00,Tarija,CAM-12,CHO-088,173,173.0,48,33.3,1,1,1,,False
6887,ORD-2026-06887,CLI-087,PROD-013,2026-08-23 18:42:00,Cochabamba,CAM-08,CHO-073,216,216.0,72,72.1,0,1,0,,False
6888,ORD-2026-06888,CLI-006,PROD-049,2026-08-01 17:02:00,Santa Cruz,CAM-20,CHO-142,281,281.0,48,38.7,1,1,1,,False
6889,ORD-2026-06889,CLI-042,PROD-055,2026-08-22 13:13:00,Cochabamba,CAM-01,CHO-033,380,380.0,24,26.2,0,1,0,,False
6890,ORD-2026-06890,CLI-099,PROD-014,2026-08-07 10:03:00,La Paz,CAM-27,CHO-134,37,20.0,24,17.0,1,0,0,,False
6891,ORD-2026-06891,CLI-031,PROD-025,2026-08-20 15:57:00,Oruro,CAM-05,CHO-098,373,373.0,48,33.3,1,1,1,,False
6892,ORD-2026-06892,CLI-056,PROD-028,2026-08-30 21:31:00,La Paz,CAM-30,CHO-001,496,496.0,48,47.1,1,1,1,,False
6893,ORD-2026-06893,CLI-038,PROD-052,2026-08-22 19:58:00,La Paz,CAM-09,CHO-091,86,86.0,72,89.8,0,1,0,,False
6894,ORD-2026-06894,CLI-040,PROD-049,2026-08-13 15:47:00,Santa Cruz,CAM-14,CHO-011,256,256.0,24,16.2,1,1,1,,False
6895,ORD-2026-06895,CLI-016,PROD-020,2026-08-08 10:10:00,La Paz,CAM-09,CHO-083,73,73.0,24,20.5,1,1,1,,False
6896,ORD-2026-06896,CLI-077,PROD-030,2026-08-27 10:09:00,Tarija,CAM-26,CHO-061,149,149.0,24,17.3,1,1,1,,False
6897,ORD-2026-06897,CLI-075,PROD-034,2026-08-06 05:11:00,Santa Cruz,CAM-25,CHO-141,334,334.0,48,37.9,1,1,1,,False
6898,ORD-2026-06898,CLI-040,PROD-022,2026-08-29 15:36:00,Oruro,CAM-05,CHO-144,31,31.0,48,35.1,1,1,1,,False
6899,ORD-2026-06899,CLI-097,PROD-023,2026-08-20 14:43:00,La Paz,CAM-30,CHO-084,182,182.0,48,25.7,1,1,1,,False
6900,ORD-2026-06900,CLI-071,PROD-057,2026-08-27 02:54:00,Santa Cruz,CAM-21,CHO-092,96,96.0,24,21.8,1,1,1,,False
6901,ORD-2026-06901,CLI-047,PROD-011,2026-08-14 13:23:00,Oruro,CAM-05,CHO-117,381,381.0,48,36.9,1,1,1,,False
6902,ORD-2026-06902,CLI-088,PROD-060,2026-08-26 23:54:00,Cochabamba,CAM-01,CHO-147,231,231.0,24,18.9,1,1,1,,False
6903,ORD-2026-06903,CLI-094,PROD-022,2026-08-11 14:55:00,La Paz,CAM-28,CHO-017,127,127.0,24,14.9,1,1,1,,False
6904,ORD-2026-06904,CLI-079,PROD-050,2026-08-05 20:30:00,Cochabamba,CAM-22,CHO-047,398,398.0,48,42.3,1,1,1,,False
6905,ORD-2026-06905,CLI-083,PROD-052,2026-08-13 00:51:00,Santa Cruz,CAM-14,CHO-053,107,107.0,72,46.9,1,1,1,,False
6906,ORD-2026-06906,CLI-075,PROD-031,2026-08-11 22:49:00,Cochabamba,CAM-22,CHO-087,59,59.0,24,28.3,0,1,0,,False
6907,ORD-2026-06907,CLI-005,PROD-055,2026-08-04 00:56:00,La Paz,CAM-09,CHO-091,180,180.0,24,17.8,1,1,1,,False
6908,ORD-2026-06908,CLI-001,PROD-009,2026-08-12 10:32:00,La Paz,CAM-27,CHO-072,334,334.0,48,44.0,1,1,1,,False
6909,ORD-2026-06909,CLI-024,PROD-041,2026-08-23 03:22:00,Tarija,CAM-26,CHO-044,176,176.0,24,23.9,1,1,1,,False
6910,ORD-2026-06910,CLI-088,PROD-021,2026-08-03 05:58:00,Cochabamba,CAM-22,CHO-143,486,486.0,72,43.4,1,1,1,,False
6911,ORD-2026-06911,CLI-037,PROD-057,2026-08-22 13:52:00,La Paz,CAM-27,CHO-066,408,408.0,48,31.0,1,1,1,,False
6912,ORD-2026-06912,CLI-055,PROD-039,2026-08-03 23:37:00,Santa Cruz,CAM-10,CHO-074,404,404.0,24,18.4,1,1,1,,False
6913,ORD-2026-06913,CLI-090,PROD-014,2026-08-18 01:00:00,Santa Cruz,CAM-10,CHO-046,83,83.0,48,36.7,1,1,1,,False
6914,ORD-2026-06914,CLI-047,PROD-029,2026-08-15 14:10:00,Oruro,CAM-07,CHO-003,180,171.0,24,16.5,1,0,0,,False
6915,ORD-2026-06915,CLI-015,PROD-050,2026-08-05 08:30:00,La Paz,CAM-09,CHO-066,239,239.0,72,46.8,1,1,1,,False
6916,ORD-2026-06916,CLI-039,PROD-004,2026-08-16 08:52:00,Oruro,CAM-02,CHO-098,177,177.0,48,46.2,1,1,1,,False
6917,ORD-2026-06917,CLI-017,PROD-056,2026-08-27 23:29:00,Santa Cruz,CAM-14,CHO-113,162,162.0,24,17.8,1,1,1,,False
6918,ORD-2026-06918,CLI-035,PROD-020,2026-08-16 23:56:00,La Paz,CAM-09,CHO-148,102,102.0,72,45.6,1,1,1,,False
6919,ORD-2026-06919,CLI-045,PROD-029,2026-08-12 16:05:00,Cochabamba,CAM-01,CHO-140,429,429.0,24,15.9,1,1,1,,False
6920,ORD-2026-06920,CLI-039,PROD-047,2026-08-07 22:04:00,Oruro,CAM-24,CHO-003,295,295.0,48,43.2,1,1,1,,False
6921,ORD-2026-06921,CLI-091,PROD-047,2026-08-20 01:15:00,Oruro,CAM-07,CHO-144,240,240.0,72,63.5,1,1,1,,False
6922,ORD-2026-06922,CLI-071,PROD-011,2026-08-13 11:56:00,Tarija,CAM-12,CHO-082,239,239.0,48,20.3,1,1,1,,False
6923,ORD-2026-06923,CLI-054,PROD-035,2026-08-16 18:36:00,Santa Cruz,CAM-20,CHO-113,143,143.0,72,58.8,1,1,1,,False
6924,ORD-2026-06924,CLI-089,PROD-054,2026-08-17 14:48:00,La Paz,CAM-15,CHO-102,396,396.0,48,34.1,1,1,1,,False
6925,ORD-2026-06925,CLI-098,PROD-046,2026-08-04 09:03:00,Tarija,CAM-12,CHO-088,284,284.0,72,76.3,0,1,0,,False
6926,ORD-2026-06926,CLI-034,PROD-005,2026-08-25 08:28:00,Cochabamba,CAM-19,CHO-112,387,387.0,48,52.9,0,1,0,,False
6927,ORD-2026-06927,CLI-013,PROD-019,2026-08-19 05:18:00,Oruro,CAM-05,CHO-119,492,492.0,72,56.6,1,1,1,,False
6928,ORD-2026-06928,CLI-056,PROD-031,2026-08-05 20:11:00,Oruro,CAM-05,CHO-003,201,201.0,24,20.1,1,1,1,,False
6929,ORD-2026-06929,CLI-036,PROD-020,2026-08-06 04:01:00,Tarija,CAM-03,CHO-036,222,222.0,24,23.8,1,1,1,,False
6930,ORD-2026-06930,CLI-067,PROD-001,2026-08-15 09:00:00,Santa Cruz,CAM-14,CHO-099,299,299.0,72,69.7,1,1,1,,False
6931,ORD-2026-06931,CLI-099,PROD-022,2026-08-19 02:13:00,Cochabamba,CAM-08,CHO-090,228,228.0,48,41.1,1,1,1,,False
6932,ORD-2026-06932,CLI-100,PROD-001,2026-08-20 19:51:00,Santa Cruz,CAM-14,CHO-034,440,440.0,72,56.8,1,1,1,,False
6933,ORD-2026-06933,CLI-032,PROD-033,2026-08-06 00:22:00,Cochabamba,CAM-08,CHO-138,141,141.0,48,34.0,1,1,1,,False
6934,ORD-2026-06934,CLI-035,PROD-060,2026-08-04 10:06:00,Cochabamba,CAM-22,CHO-065,367,367.0,24,28.4,0,1,0,,False
6935,ORD-2026-06935,CLI-002,PROD-049,2026-08-18 09:50:00,Tarija,CAM-03,CHO-105,374,374.0,72,72.3,0,1,0,,False
6936,ORD-2026-06936,CLI-027,PROD-060,2026-08-30 00:12:00,La Paz,CAM-28,CHO-017,143,143.0,72,69.7,1,1,1,,False
6937,ORD-2026-06937,CLI-059,PROD-046,2026-08-11 20:34:00,Oruro,CAM-24,CHO-003,422,422.0,72,95.3,0,1,0,,False
6938,ORD-2026-06938,CLI-017,PROD-046,2026-08-22 02:28:00,Tarija,CAM-26,CHO-009,43,43.0,24,20.6,1,1,1,,False
6939,ORD-2026-06939,CLI-006,PROD-043,2026-08-21 21:56:00,Oruro,CAM-05,CHO-117,462,462.0,48,33.3,1,1,1,,False
6940,ORD-2026-06940,CLI-017,PROD-059,2026-08-22 07:43:00,La Paz,CAM-28,CHO-040,239,239.0,72,53.7,1,1,1,,False
6941,ORD-2026-06941,CLI-071,PROD-005,2026-08-06 20:20:00,La Paz,CAM-28,CHO-023,111,111.0,48,29.4,1,1,1,,False
6942,ORD-2026-06942,CLI-088,PROD-026,2026-08-14 19:11:00,Santa Cruz,CAM-18,CHO-092,391,391.0,48,42.1,1,1,1,,False
6943,ORD-2026-06943,CLI-039,PROD-014,2026-08-21 07:15:00,La Paz,CAM-27,CHO-042,179,179.0,72,46.5,1,1,1,,False
6944,ORD-2026-06944,CLI-036,PROD-022,2026-08-09 23:15:00,Oruro,CAM-05,CHO-038,48,48.0,24,21.6,1,1,1,,False
6945,ORD-2026-06945,CLI-006,PROD-033,2026-08-30 22:20:00,Cochabamba,CAM-22,CHO-145,275,275.0,48,50.9,0,1,0,,False
6946,ORD-2026-06946,CLI-044,PROD-033,2026-08-06 07:19:00,Oruro,CAM-05,CHO-136,348,348.0,24,23.3,1,1,1,,False
6947,ORD-2026-06947,CLI-002,PROD-028,2026-08-13 13:32:00,Tarija,CAM-03,CHO-009,301,283.0,24,19.5,1,0,0,,False
6948,ORD-2026-06948,CLI-061,PROD-002,2026-08-06 22:59:00,Tarija,CAM-03,CHO-036,108,108.0,24,17.2,1,1,1,,False
6949,ORD-2026-06949,CLI-097,PROD-041,2026-08-13 03:45:00,Cochabamba,CAM-01,CHO-151,26,26.0,48,41.1,1,1,1,,False
6950,ORD-2026-06950,CLI-052,PROD-014,2026-08-26 16:53:00,Santa Cruz,CAM-21,CHO-030,231,231.0,24,22.1,1,1,1,,False
6951,ORD-2026-06951,CLI-096,PROD-005,2026-08-08 01:30:00,Oruro,CAM-02,CHO-098,164,164.0,72,44.8,1,1,1,,False
6952,ORD-2026-06952,CLI-067,PROD-028,2026-08-15 11:21:00,Oruro,CAM-05,CHO-150,118,118.0,48,42.4,1,1,1,,False
6953,ORD-2026-06953,CLI-059,PROD-020,2026-08-11 16:10:00,Santa Cruz,CAM-14,CHO-079,216,216.0,24,17.5,1,1,1,,False
6954,ORD-2026-06954,CLI-014,PROD-039,2026-08-18 20:04:00,Oruro,CAM-05,CHO-022,357,357.0,48,29.6,1,1,1,,False
6955,ORD-2026-06955,CLI-042,PROD-056,2026-08-26 22:15:00,Cochabamba,CAM-08,CHO-115,337,337.0,48,31.3,1,1,1,,False
6956,ORD-2026-06956,CLI-017,PROD-058,2026-08-27 16:02:00,Oruro,CAM-02,CHO-144,46,46.0,24,12.1,1,1,1,,False
6957,ORD-2026-06957,CLI-071,PROD-035,2026-08-03 01:02:00,Santa Cruz,CAM-20,CHO-128,11,11.0,48,27.0,1,1,1,,False
6958,ORD-2026-06958,CLI-059,PROD-034,2026-08-22 23:41:00,Cochabamba,CAM-17,CHO-087,392,383.0,72,67.8,1,0,0,,False
6959,ORD-2026-06959,CLI-067,PROD-025,2026-08-25 21:46:00,La Paz,CAM-09,CHO-017,39,39.0,48,46.7,1,1,1,,False
6960,ORD-2026-06960,CLI-017,PROD-057,2026-08-08 00:23:00,La Paz,CAM-09,CHO-005,342,338.0,48,35.6,1,0,0,,False
6961,ORD-2026-06961,CLI-096,PROD-020,2026-08-27 08:59:00,Tarija,CAM-03,CHO-122,118,118.0,24,22.3,1,1,1,,False
6962,ORD-2026-06962,CLI-070,PROD-054,2026-08-11 07:08:00,Santa Cruz,CAM-13,CHO-070,197,197.0,24,16.8,1,1,1,,False
6963,ORD-2026-06963,CLI-028,PROD-039,2026-08-16 17:59:00,Tarija,CAM-26,CHO-105,43,43.0,24,19.0,1,1,1,,False
6964,ORD-2026-06964,CLI-008,PROD-013,2026-08-10 03:04:00,Santa Cruz,CAM-20,CHO-092,342,342.0,72,63.7,1,1,1,,False
6965,ORD-2026-06965,CLI-099,PROD-009,2026-08-30 05:58:00,La Paz,CAM-27,CHO-071,62,47.0,24,22.0,1,0,0,,False
6966,ORD-2026-06966,CLI-007,PROD-009,2026-08-28 18:59:00,Cochabamba,CAM-22,CHO-090,159,159.0,24,16.8,1,1,1,,False
6967,ORD-2026-06967,CLI-011,PROD-012,2026-08-08 16:22:00,Santa Cruz,CAM-14,CHO-046,375,375.0,48,34.5,1,1,1,,False
6968,ORD-2026-06968,CLI-077,PROD-040,2026-08-14 07:41:00,Oruro,CAM-05,CHO-136,205,205.0,24,22.4,1,1,1,,False
6969,ORD-2026-06969,CLI-018,PROD-017,2026-08-21 23:22:00,Santa Cruz,CAM-13,CHO-078,410,410.0,24,13.3,1,1,1,,False
6970,ORD-2026-06970,CLI-003,PROD-038,2026-08-03 15:23:00,Tarija,CAM-26,CHO-105,427,427.0,72,59.3,1,1,1,,False
6971,ORD-2026-06971,CLI-043,PROD-055,2026-08-03 05:29:00,Cochabamba,CAM-01,CHO-124,64,64.0,24,20.4,1,1,1,,False
6972,ORD-2026-06972,CLI-058,PROD-050,2026-08-17 14:24:00,Tarija,CAM-03,CHO-061,197,197.0,48,42.4,1,1,1,,False
6973,ORD-2026-06973,CLI-053,PROD-020,2026-08-05 15:36:00,La Paz,CAM-09,CHO-083,473,473.0,72,76.7,0,1,0,,False
6974,ORD-2026-06974,CLI-051,PROD-005,2026-08-04 19:07:00,Tarija,CAM-26,CHO-056,237,237.0,24,25.5,0,1,0,,False
6975,ORD-2026-06975,CLI-033,PROD-041,2026-08-02 18:08:00,Cochabamba,CAM-22,CHO-143,278,278.0,24,20.6,1,1,1,,False
6976,ORD-2026-06976,CLI-083,PROD-002,2026-08-25 09:31:00,Santa Cruz,CAM-13,CHO-085,232,232.0,48,40.9,1,1,1,,False
6977,ORD-2026-06977,CLI-011,PROD-038,2026-08-05 00:37:00,Santa Cruz,CAM-06,CHO-129,196,196.0,24,20.3,1,1,1,,False
6978,ORD-2026-06978,CLI-035,PROD-011,2026-08-26 22:17:00,Oruro,CAM-05,CHO-150,96,96.0,48,41.8,1,1,1,,False
6979,ORD-2026-06979,CLI-098,PROD-030,2026-08-16 15:04:00,Oruro,CAM-02,CHO-110,101,101.0,48,50.3,0,1,0,,False
6980,ORD-2026-06980,CLI-064,PROD-009,2026-08-10 06:45:00,Santa Cruz,CAM-11,CHO-037,48,48.0,24,17.6,1,1,1,,False
6981,ORD-2026-06981,CLI-087,PROD-027,2026-08-14 05:28:00,Oruro,CAM-24,CHO-051,352,352.0,48,39.6,1,1,1,,False
6982,ORD-2026-06982,CLI-077,PROD-044,2026-08-29 20:46:00,La Paz,CAM-28,CHO-064,211,211.0,72,63.4,1,1,1,,False
6983,ORD-2026-06983,CLI-012,PROD-039,2026-08-29 09:49:00,Santa Cruz,CAM-20,CHO-120,313,313.0,48,51.4,0,1,0,,False
6984,ORD-2026-06984,CLI-098,PROD-040,2026-08-04 03:06:00,Cochabamba,CAM-01,CHO-111,371,371.0,48,26.5,1,1,1,,False
6985,ORD-2026-06985,CLI-078,PROD-011,2026-08-28 13:26:00,Oruro,CAM-05,CHO-003,56,56.0,24,9.4,1,1,1,,False
6986,ORD-2026-06986,CLI-053,PROD-054,2026-08-04 17:54:00,La Paz,CAM-27,CHO-057,129,129.0,48,43.7,1,1,1,,False
6987,ORD-2026-06987,CLI-090,PROD-050,2026-08-08 20:14:00,Oruro,CAM-05,CHO-038,105,105.0,24,18.0,1,1,1,,False
6988,ORD-2026-06988,CLI-033,PROD-002,2026-08-10 03:59:00,Tarija,CAM-12,CHO-056,436,436.0,24,16.9,1,1,1,,False
6989,ORD-2026-06989,CLI-064,PROD-023,2026-08-11 22:49:00,La Paz,CAM-09,CHO-040,193,180.0,24,18.9,1,0,0,,False
6990,ORD-2026-06990,CLI-090,PROD-029,2026-08-27 18:30:00,Tarija,CAM-26,CHO-036,369,369.0,72,57.4,1,1,1,,False
6991,ORD-2026-06991,CLI-091,PROD-058,2026-08-14 00:06:00,Tarija,CAM-03,CHO-010,360,360.0,72,48.0,1,1,1,,False
6992,ORD-2026-06992,CLI-001,PROD-041,2026-08-25 06:44:00,Cochabamba,CAM-17,CHO-087,325,325.0,48,37.2,1,1,1,,False
6993,ORD-2026-06993,CLI-045,PROD-034,2026-08-12 09:42:00,Oruro,CAM-24,CHO-150,240,240.0,48,41.7,1,1,1,,False
6994,ORD-2026-06994,CLI-090,PROD-024,2026-08-07 16:02:00,Cochabamba,CAM-19,CHO-077,199,199.0,48,48.5,0,1,0,,False
6995,ORD-2026-06995,CLI-050,PROD-057,2026-08-28 02:43:00,Oruro,CAM-05,CHO-022,181,181.0,48,47.5,1,1,1,,False
6996,ORD-2026-06996,CLI-008,PROD-023,2026-08-20 22:39:00,La Paz,CAM-09,CHO-064,412,412.0,24,22.0,1,1,1,,False
6997,ORD-2026-06997,CLI-058,PROD-056,2026-08-24 12:56:00,Santa Cruz,CAM-20,CHO-103,16,16.0,72,51.2,1,1,1,,False
6998,ORD-2026-06998,CLI-012,PROD-036,2026-08-04 00:03:00,Santa Cruz,CAM-13,CHO-020,242,242.0,72,49.0,1,1,1,,False
6999,ORD-2026-06999,CLI-074,PROD-035,2026-08-11 11:14:00,Santa Cruz,CAM-20,CHO-114,299,299.0,24,22.1,1,1,1,,False
7000,ORD-2026-07000,CLI-080,PROD-038,2026-08-15 21:47:00,Santa Cruz,CAM-18,CHO-081,464,464.0,48,44.4,1,1,1,,False
7001,ORD-2026-07001,CLI-085,PROD-057,2026-08-27 02:42:00,Santa Cruz,CAM-04,CHO-024,304,304.0,48,46.0,1,1,1,,False
7002,ORD-2026-07002,CLI-033,PROD-057,2026-08-11 06:29:00,Cochabamba,CAM-19,CHO-135,357,357.0,24,19.6,1,1,1,,False
7003,ORD-2026-07003,CLI-070,PROD-060,2026-08-08 16:35:00,Tarija,CAM-03,CHO-012,418,418.0,48,59.0,0,1,0,,False
7004,ORD-2026-07004,CLI-042,PROD-048,2026-08-19 20:01:00,Oruro,CAM-05,CHO-032,74,74.0,48,38.0,1,1,1,,False
7005,ORD-2026-07005,CLI-057,PROD-012,2026-08-10 07:57:00,Tarija,CAM-03,CHO-008,304,304.0,48,41.4,1,1,1,,False
7006,ORD-2026-07006,CLI-058,PROD-033,2026-08-17 20:02:00,Tarija,CAM-03,CHO-082,82,82.0,72,50.8,1,1,1,,False
7007,ORD-2026-07007,CLI-047,PROD-014,2026-08-13 19:40:00,La Paz,CAM-27,CHO-040,161,161.0,48,46.6,1,1,1,,False
7008,ORD-2026-07008,CLI-082,PROD-016,2026-08-17 02:10:00,Oruro,CAM-24,CHO-117,460,460.0,24,22.8,1,1,1,,False
7009,ORD-2026-07009,CLI-038,PROD-017,2026-08-23 04:07:00,Cochabamba,CAM-08,CHO-140,119,119.0,48,43.8,1,1,1,,False
7010,ORD-2026-07010,CLI-031,PROD-004,2026-08-24 15:36:00,Tarija,CAM-03,CHO-061,362,362.0,48,32.5,1,1,1,,False
7011,ORD-2026-07011,CLI-089,PROD-034,2026-08-07 13:21:00,Tarija,CAM-26,CHO-008,377,377.0,72,76.5,0,1,0,,False
7012,ORD-2026-07012,CLI-079,PROD-058,2026-08-15 20:17:00,Tarija,CAM-26,CHO-008,50,50.0,72,71.0,1,1,1,,False
7013,ORD-2026-07013,CLI-086,PROD-031,2026-08-23 05:43:00,La Paz,CAM-28,CHO-072,298,298.0,24,26.0,0,1,0,,False
7014,ORD-2026-07014,CLI-009,PROD-040,2026-08-08 08:14:00,Cochabamba,CAM-08,CHO-073,459,459.0,72,53.2,1,1,1,,False
7015,ORD-2026-07015,CLI-056,PROD-042,2026-08-24 08:42:00,Tarija,CAM-26,CHO-122,cincuenta,55.0,24,19.1,1,1,1,cantidad_solicitada,True
7016,ORD-2026-07016,CLI-060,PROD-049,2026-08-22 17:08:00,La Paz,CAM-28,CHO-017,343,343.0,72,58.2,1,1,1,,False
7017,ORD-2026-07017,CLI-023,PROD-042,2026-08-26 18:20:00,Oruro,CAM-05,CHO-022,309,309.0,48,31.2,1,1,1,,False
7018,ORD-2026-07018,CLI-019,PROD-004,2026-08-27 15:58:00,Tarija,CAM-03,CHO-088,259,259.0,24,19.7,1,1,1,,False
7019,ORD-2026-07019,CLI-035,PROD-043,2026-08-02 16:29:00,La Paz,CAM-28,CHO-007,132,132.0,24,16.7,1,1,1,,False
7020,ORD-2026-07020,CLI-003,PROD-020,2026-08-03 21:41:00,La Paz,CAM-28,CHO-139,470,470.0,72,60.4,1,1,1,,False
7021,ORD-2026-07021,CLI-050,PROD-050,2026-08-30 07:05:00,Tarija,CAM-12,CHO-009,36,36.0,24,21.4,1,1,1,,False
7022,ORD-2026-07022,CLI-093,PROD-049,2026-08-14 07:34:00,Santa Cruz,CAM-14,CHO-128,104,104.0,24,20.2,1,1,1,,False
7023,ORD-2026-07023,CLI-016,PROD-012,2026-08-06 23:43:00,Cochabamba,CAM-08,CHO-130,79,79.0,72,48.2,1,1,1,,False
7024,ORD-2026-07024,CLI-069,PROD-020,2026-08-07 10:53:00,Tarija,CAM-03,CHO-010,138,138.0,24,23.5,1,1,1,,False
7025,ORD-2026-07025,CLI-069,PROD-019,2026-08-25 04:24:00,Oruro,CAM-05,CHO-136,173,156.0,24,22.0,1,0,0,,False
7026,ORD-2026-07026,CLI-023,PROD-037,2026-08-03 05:18:00,Tarija,CAM-03,CHO-048,287,287.0,24,16.3,1,1,1,,False
7027,ORD-2026-07027,CLI-072,PROD-042,2026-08-07 06:21:00,Santa Cruz,CAM-13,CHO-059,442,442.0,24,20.2,1,1,1,,False
7028,ORD-2026-07028,CLI-055,PROD-002,2026-08-03 19:49:00,Santa Cruz,CAM-20,CHO-120,17,17.0,24,22.4,1,1,1,,False
7029,ORD-2026-07029,CLI-090,PROD-020,2026-08-11 15:24:00,Cochabamba,CAM-08,CHO-086,326,326.0,24,18.6,1,1,1,,False
7030,ORD-2026-07030,CLI-011,PROD-041,2026-08-26 17:24:00,Oruro,CAM-02,CHO-067,290,289.0,24,17.1,1,0,0,,False
7031,ORD-2026-07031,CLI-041,PROD-039,2026-08-10 13:03:00,Cochabamba,CAM-17,CHO-147,274,274.0,48,32.4,1,1,1,,False
7032,ORD-2026-07032,CLI-028,PROD-024,2026-08-27 13:12:00,Oruro,CAM-24,CHO-098,476,476.0,24,20.6,1,1,1,,False
7033,ORD-2026-07033,CLI-040,PROD-030,2026-08-15 16:46:00,Cochabamba,CAM-01,CHO-147,209,209.0,72,69.1,1,1,1,,False
7034,ORD-2026-07034,CLI-082,PROD-057,2026-08-24 21:47:00,Oruro,CAM-24,CHO-110,54,54.0,72,61.6,1,1,1,,False
7035,ORD-2026-07035,CLI-089,PROD-016,2026-08-09 00:16:00,Tarija,CAM-26,CHO-048,30,30.0,24,23.5,1,1,1,,False
7036,ORD-2026-07036,CLI-087,PROD-019,2026-08-11 21:01:00,Cochabamba,CAM-23,CHO-055,246,246.0,48,35.1,1,1,1,,False
7037,ORD-2026-07037,CLI-005,PROD-054,2026-08-11 06:22:00,Tarija,CAM-26,CHO-122,475,475.0,24,21.2,1,1,1,,False
7038,ORD-2026-07038,CLI-020,PROD-028,2026-08-12 03:42:00,La Paz,CAM-09,CHO-091,270,270.0,72,68.8,1,1,1,,False
7039,ORD-2026-07039,CLI-057,PROD-025,2026-08-08 13:21:00,La Paz,CAM-09,CHO-064,97,97.0,48,45.2,1,1,1,,False
7040,ORD-2026-07040,CLI-077,PROD-005,2026-08-11 12:08:00,La Paz,CAM-09,CHO-005,299,299.0,48,35.0,1,1,1,,False
7041,ORD-2026-07041,CLI-037,PROD-028,2026-08-03 02:02:00,Oruro,CAM-16,CHO-144,274,274.0,24,18.2,1,1,1,,False
7042,ORD-2026-07042,CLI-071,PROD-019,2026-08-09 11:09:00,La Paz,CAM-28,CHO-023,275,275.0,48,30.6,1,1,1,,False
7043,ORD-2026-07043,CLI-077,PROD-047,2026-08-07 21:10:00,Oruro,CAM-24,CHO-038,319,319.0,72,62.2,1,1,1,,False
7044,ORD-2026-07044,CLI-050,PROD-015,2026-08-09 22:54:00,Tarija,CAM-12,CHO-009,424,424.0,48,35.8,1,1,1,,False
7045,ORD-2026-07045,CLI-071,PROD-006,2026-08-24 01:25:00,Cochabamba,CAM-08,CHO-125,86,86.0,48,54.4,0,1,0,,False
7046,ORD-2026-07046,CLI-037,PROD-023,2026-08-13 13:18:00,Cochabamba,CAM-08,CHO-115,152,152.0,48,47.8,1,1,1,,False
7047,ORD-2026-07047,CLI-071,PROD-050,2026-08-13 00:41:00,Cochabamba,CAM-22,CHO-135,101,101.0,24,17.4,1,1,1,,False
7048,ORD-2026-07048,CLI-098,PROD-019,2026-08-17 06:30:00,Oruro,CAM-05,CHO-136,428,428.0,72,53.9,1,1,1,,False
7049,ORD-2026-07049,CLI-026,PROD-029,2026-08-19 23:08:00,Tarija,CAM-12,CHO-026,492,492.0,48,48.9,0,1,0,,False
7050,ORD-2026-07050,CLI-062,PROD-017,2026-08-28 02:35:00,Santa Cruz,CAM-14,CHO-030,231,231.0,24,23.3,1,1,1,,False
7051,ORD-2026-07051,CLI-042,PROD-026,2026-08-23 01:38:00,Santa Cruz,CAM-18,CHO-149,319,319.0,48,39.9,1,1,1,,False
7052,ORD-2026-07052,CLI-037,PROD-054,2026-08-08 18:46:00,Santa Cruz,CAM-11,CHO-142,48,48.0,72,56.6,1,1,1,,False
7053,ORD-2026-07053,CLI-050,PROD-023,2026-08-19 04:59:00,Tarija,CAM-12,CHO-012,435,435.0,24,13.9,1,1,1,,False
7054,ORD-2026-07054,CLI-064,PROD-036,2026-08-06 07:14:00,Tarija,CAM-03,CHO-146,110,110.0,24,19.6,1,1,1,,False
7055,ORD-2026-07055,CLI-019,PROD-036,2026-08-30 17:18:00,Oruro,CAM-05,CHO-003,355,344.0,24,18.9,1,0,0,,False
7056,ORD-2026-07056,CLI-006,PROD-039,2026-08-07 11:50:00,Tarija,CAM-03,CHO-048,113,113.0,48,37.5,1,1,1,,False
7057,ORD-2026-07057,CLI-039,PROD-051,2026-08-23 19:00:00,Oruro,CAM-05,CHO-136,345,345.0,48,45.0,1,1,1,,False
7058,ORD-2026-07058,CLI-050,PROD-058,2026-08-11 20:31:00,Santa Cruz,CAM-13,CHO-053,458,458.0,24,13.5,1,1,1,,False
7059,ORD-2026-07059,CLI-053,PROD-052,2026-08-12 08:31:00,Santa Cruz,CAM-13,CHO-142,370,370.0,24,23.6,1,1,1,,False
7060,ORD-2026-07060,CLI-018,PROD-038,2026-08-28 03:12:00,La Paz,CAM-09,CHO-107,210,210.0,72,49.7,1,1,1,,False
7061,ORD-2026-07061,CLI-056,PROD-028,2026-08-21 08:00:00,Oruro,CAM-05,CHO-110,79,79.0,48,36.5,1,1,1,,False
7062,ORD-2026-07062,CLI-039,PROD-017,2026-08-05 05:17:00,La Paz,CAM-09,CHO-084,494,494.0,48,40.8,1,1,1,,False
7063,ORD-2026-07063,CLI-057,PROD-027,2026-08-15 20:14:00,Tarija,CAM-12,CHO-105,76,76.0,72,75.1,0,1,0,,False
7064,ORD-2026-07064,CLI-096,PROD-027,2026-08-23 20:20:00,Cochabamba,CAM-17,CHO-094,376,376.0,24,22.5,1,1,1,,False
7065,ORD-2026-07065,CLI-057,PROD-032,2026-08-02 12:31:00,Cochabamba,CAM-01,CHO-065,490,490.0,72,66.8,1,1,1,,False
7066,ORD-2026-07066,CLI-049,PROD-021,2026-08-23 11:11:00,Cochabamba,CAM-01,CHO-094,388,388.0,24,24.2,0,1,0,,False
7067,ORD-2026-07067,CLI-050,PROD-044,2026-08-22 05:51:00,La Paz,CAM-27,CHO-040,108,96.0,72,54.1,1,0,0,,False
7068,ORD-2026-07068,CLI-010,PROD-003,2026-08-23 07:53:00,Oruro,CAM-05,CHO-098,239,239.0,48,32.4,1,1,1,,False
7069,ORD-2026-07069,CLI-011,PROD-004,2026-08-16 01:37:00,Santa Cruz,CAM-14,CHO-101,320,320.0,24,20.4,1,1,1,,False
7070,ORD-2026-07070,CLI-059,PROD-033,2026-08-04 10:16:00,La Paz,CAM-28,CHO-066,472,472.0,72,65.3,1,1,1,,False
7071,ORD-2026-07071,CLI-031,PROD-020,2026-08-30 07:08:00,La Paz,CAM-28,CHO-126,376,376.0,72,48.2,1,1,1,,False
7072,ORD-2026-07072,CLI-066,PROD-024,2026-08-25 03:49:00,Oruro,CAM-16,CHO-067,16,16.0,48,56.0,0,1,0,,False
7073,ORD-2026-07073,CLI-088,PROD-040,2026-08-25 11:22:00,La Paz,CAM-09,CHO-102,123,123.0,48,42.2,1,1,1,,False
7074,ORD-2026-07074,CLI-035,PROD-011,2026-08-03 15:50:00,Santa Cruz,CAM-14,CHO-013,174,174.0,48,29.0,1,1,1,,False
7075,ORD-2026-07075,CLI-003,PROD-057,2026-08-23 13:03:00,Santa Cruz,CAM-06,CHO-121,323,315.0,48,47.2,1,0,0,,False
7076,ORD-2026-07076,CLI-078,PROD-034,2026-08-12 01:14:00,Cochabamba,CAM-19,CHO-147,88,88.0,24,21.6,1,1,1,,False
7077,ORD-2026-07077,CLI-032,PROD-051,2026-08-13 15:31:00,La Paz,CAM-09,CHO-083,51,51.0,48,30.7,1,1,1,,False
7078,ORD-2026-07078,CLI-003,PROD-028,2026-08-29 20:05:00,Tarija,CAM-03,CHO-043,415,415.0,48,44.5,1,1,1,,False
7079,ORD-2026-07079,CLI-022,PROD-032,2026-08-17 14:51:00,Tarija,CAM-12,CHO-132,128,128.0,24,18.0,1,1,1,,False
7080,ORD-2026-07080,CLI-042,PROD-021,2026-08-12 21:45:00,Cochabamba,CAM-17,CHO-086,36,36.0,72,54.1,1,1,1,,False
7081,ORD-2026-07081,CLI-045,PROD-055,2026-08-15 06:24:00,Santa Cruz,CAM-25,CHO-104,213,213.0,72,62.3,1,1,1,,False
7082,ORD-2026-07082,CLI-057,PROD-036,2026-08-07 04:36:00,Tarija,CAM-12,CHO-015,315,315.0,72,57.0,1,1,1,,False
7083,ORD-2026-07083,CLI-005,PROD-040,2026-08-02 20:56:00,Oruro,CAM-05,CHO-150,266,266.0,24,24.9,0,1,0,,False
7084,ORD-2026-07084,CLI-021,PROD-021,2026-08-24 10:31:00,Santa Cruz,CAM-21,CHO-079,451,433.0,24,22.4,1,0,0,,False
7085,ORD-2026-07085,CLI-016,PROD-006,2026-08-15 08:20:00,Oruro,CAM-07,CHO-032,125,125.0,72,38.9,1,1,1,,False
7086,ORD-2026-07086,CLI-048,PROD-003,2026-08-26 22:48:00,Cochabamba,CAM-08,CHO-135,438,420.0,24,20.2,1,0,0,,False
7087,ORD-2026-07087,CLI-046,PROD-003,2026-08-15 19:22:00,Oruro,CAM-05,CHO-051,365,365.0,24,17.2,1,1,1,,False
7088,ORD-2026-07088,CLI-033,PROD-014,2026-08-25 07:14:00,Oruro,CAM-16,CHO-119,155,155.0,48,49.7,0,1,0,,False
7089,ORD-2026-07089,CLI-084,PROD-028,2026-08-28 04:07:00,La Paz,CAM-09,CHO-017,382,382.0,48,37.8,1,1,1,,False
7090,ORD-2026-07090,CLI-095,PROD-024,2026-08-05 09:50:00,La Paz,CAM-27,CHO-017,242,242.0,72,49.8,1,1,1,,False
7091,ORD-2026-07091,CLI-040,PROD-028,2026-08-27 01:05:00,Cochabamba,CAM-19,CHO-069,379,379.0,48,32.3,1,1,1,,False
7092,ORD-2026-07092,CLI-032,PROD-028,2026-08-02 13:56:00,Cochabamba,CAM-23,CHO-058,115,115.0,72,59.8,1,1,1,,False
7093,ORD-2026-07093,CLI-033,PROD-048,2026-08-13 09:16:00,Santa Cruz,CAM-11,CHO-078,239,239.0,72,44.2,1,1,1,,False
7094,ORD-2026-07094,CLI-045,PROD-047,2026-08-03 03:57:00,Tarija,CAM-12,CHO-044,299,299.0,48,31.6,1,1,1,,False
7095,ORD-2026-07095,CLI-048,PROD-036,2026-08-13 10:15:00,Oruro,CAM-05,CHO-003,223,223.0,48,52.2,0,1,0,,False
7096,ORD-2026-07096,CLI-032,PROD-036,2026-08-24 23:42:00,Tarija,CAM-12,CHO-082,227,227.0,72,68.0,1,1,1,,False
7097,ORD-2026-07097,CLI-068,PROD-035,2026-08-30 07:59:00,Santa Cruz,CAM-13,CHO-029,272,272.0,72,62.8,1,1,1,,False
7098,ORD-2026-07098,CLI-060,PROD-041,2026-08-22 00:33:00,Santa Cruz,CAM-21,CHO-004,15,15.0,72,65.4,1,1,1,,False
7099,ORD-2026-07099,CLI-010,PROD-014,2026-08-16 16:21:00,Cochabamba,CAM-17,CHO-140,97,97.0,72,51.3,1,1,1,,False
7100,ORD-2026-07100,CLI-015,PROD-037,2026-08-03 17:00:00,Tarija,CAM-03,CHO-008,158,158.0,24,19.0,1,1,1,,False
7101,ORD-2026-07101,CLI-038,PROD-012,2026-08-09 04:59:00,Tarija,CAM-12,CHO-012,40,40.0,48,41.5,1,1,1,,False
7102,ORD-2026-07102,CLI-018,PROD-022,2026-08-16 03:31:00,Cochabamba,CAM-22,CHO-116,374,374.0,48,50.7,0,1,0,,False
7103,ORD-2026-07103,CLI-009,PROD-024,2026-08-20 22:29:00,Santa Cruz,CAM-20,CHO-028,460,456.0,48,52.0,0,0,0,,False
7104,ORD-2026-07104,CLI-043,PROD-036,2026-08-30 22:12:00,La Paz,CAM-09,CHO-027,305,305.0,24,24.0,1,1,1,,False
7105,ORD-2026-07105,CLI-036,PROD-018,2026-08-03 16:40:00,Tarija,CAM-26,CHO-045,321,321.0,24,19.9,1,1,1,,False
7106,ORD-2026-07106,CLI-050,PROD-049,2026-08-12 02:02:00,Tarija,CAM-03,CHO-146,112,112.0,24,17.1,1,1,1,,False
7107,ORD-2026-07107,CLI-021,PROD-052,2026-08-24 05:51:00,Cochabamba,CAM-23,CHO-041,493,485.0,48,40.1,1,0,0,,False
7108,ORD-2026-07108,CLI-019,PROD-041,2026-08-04 00:34:00,Tarija,CAM-03,CHO-045,198,198.0,48,26.9,1,1,1,,False
7109,ORD-2026-07109,CLI-033,PROD-009,2026-08-29 13:46:00,Santa Cruz,CAM-14,CHO-062,219,219.0,24,21.6,1,1,1,,False
7110,ORD-2026-07110,CLI-071,PROD-019,2026-08-05 04:25:00,Santa Cruz,CAM-04,CHO-059,465,465.0,24,21.1,1,1,1,,False
7111,ORD-2026-07111,CLI-060,PROD-059,2026-08-22 01:41:00,Tarija,CAM-03,CHO-146,340,340.0,72,87.7,0,1,0,,False
7112,ORD-2026-07112,CLI-018,PROD-003,2026-08-11 01:07:00,Oruro,CAM-05,CHO-110,363,363.0,24,21.1,1,1,1,,False
7113,ORD-2026-07113,CLI-057,PROD-008,2026-08-05 09:34:00,Oruro,CAM-05,CHO-118,78,78.0,24,18.1,1,1,1,,False
7114,ORD-2026-07114,CLI-080,PROD-017,2026-08-01 14:05:00,Cochabamba,CAM-23,CHO-094,198,198.0,24,20.8,1,1,1,,False
7115,ORD-2026-07115,CLI-078,PROD-006,2026-08-20 23:50:00,La Paz,CAM-28,CHO-021,193,193.0,72,51.4,1,1,1,,False
7116,ORD-2026-07116,CLI-024,PROD-034,2026-08-19 17:25:00,La Paz,CAM-30,CHO-137,142,142.0,72,57.9,1,1,1,,False
7117,ORD-2026-07117,CLI-032,PROD-060,2026-08-20 22:51:00,Cochabamba,CAM-23,CHO-143,492,482.0,72,45.4,1,0,0,,False
7118,ORD-2026-07118,CLI-011,PROD-009,2026-08-21 09:52:00,Oruro,CAM-05,CHO-032,358,358.0,72,62.6,1,1,1,,False
7119,ORD-2026-07119,CLI-053,PROD-028,2026-08-27 07:43:00,Santa Cruz,CAM-06,CHO-092,337,337.0,24,15.7,1,1,1,,False
7120,ORD-2026-07120,CLI-052,PROD-037,2026-08-28 07:51:00,Santa Cruz,CAM-13,CHO-059,257,257.0,48,44.2,1,1,1,,False
7121,ORD-2026-07121,CLI-009,PROD-001,2026-08-26 12:40:00,Tarija,CAM-03,CHO-031,130,130.0,24,28.9,0,1,0,,False
7122,ORD-2026-07122,CLI-001,PROD-007,2026-08-16 08:04:00,Oruro,CAM-24,CHO-119,376,376.0,72,51.9,1,1,1,,False
7123,ORD-2026-07123,CLI-017,PROD-009,2026-08-30 03:23:00,Santa Cruz,CAM-20,CHO-142,240,240.0,72,63.8,1,1,1,,False
7124,ORD-2026-07124,CLI-036,PROD-049,2026-08-16 04:30:00,Cochabamba,CAM-01,CHO-055,339,339.0,48,45.1,1,1,1,,False
7125,ORD-2026-07125,CLI-026,PROD-014,2026-08-03 15:32:00,Tarija,CAM-26,CHO-105,427,427.0,48,44.2,1,1,1,,False
7126,ORD-2026-07126,CLI-014,PROD-052,2026-08-01 03:15:00,Oruro,CAM-05,CHO-067,25,25.0,24,22.2,1,1,1,,False
7127,ORD-2026-07127,CLI-050,PROD-005,2026-08-20 00:12:00,Santa Cruz,CAM-21,CHO-129,302,302.0,48,23.3,1,1,1,,False
7128,ORD-2026-07128,CLI-053,PROD-054,2026-08-02 18:44:00,Tarija,CAM-03,CHO-009,41,41.0,48,36.8,1,1,1,,False
7129,ORD-2026-07129,CLI-069,PROD-007,2026-08-18 07:24:00,Cochabamba,CAM-01,CHO-131,360,360.0,24,12.7,1,1,1,,False
7130,ORD-2026-07130,CLI-069,PROD-036,2026-08-29 03:39:00,Santa Cruz,CAM-14,CHO-142,276,276.0,24,13.2,1,1,1,,False
7131,ORD-2026-07131,CLI-094,PROD-052,2026-08-27 21:34:00,Tarija,CAM-12,CHO-015,176,176.0,24,25.5,0,1,0,,False
7132,ORD-2026-07132,CLI-021,PROD-036,2026-08-12 02:56:00,Cochabamba,CAM-22,CHO-143,233,233.0,24,23.5,1,1,1,,False
7133,ORD-2026-07133,CLI-021,PROD-020,2026-08-20 10:03:00,Tarija,CAM-12,CHO-012,401,401.0,48,50.7,0,1,0,,False
7134,ORD-2026-07134,CLI-018,PROD-028,2026-08-04 22:12:00,Oruro,CAM-02,CHO-067,454,454.0,48,42.3,1,1,1,,False
7135,ORD-2026-07135,CLI-016,PROD-051,2026-08-18 18:22:00,Santa Cruz,CAM-13,CHO-013,323,323.0,72,71.8,1,1,1,,False
7136,ORD-2026-07136,CLI-067,PROD-036,2026-08-03 22:34:00,La Paz,CAM-09,CHO-002,125,125.0,48,28.3,1,1,1,,False
7137,ORD-2026-07137,CLI-060,PROD-013,2026-08-24 19:49:00,Tarija,CAM-03,CHO-132,247,247.0,24,18.1,1,1,1,,False
7138,ORD-2026-07138,CLI-070,PROD-051,2026-08-27 17:47:00,Tarija,CAM-12,CHO-048,387,387.0,24,23.0,1,1,1,,False
7139,ORD-2026-07139,CLI-003,PROD-005,2026-08-05 14:39:00,La Paz,CAM-15,CHO-005,382,382.0,48,45.0,1,1,1,,False
7140,ORD-2026-07140,CLI-030,PROD-016,2026-08-16 05:29:00,Oruro,CAM-16,CHO-144,147,147.0,48,31.5,1,1,1,,False
7141,ORD-2026-07141,CLI-050,PROD-017,2026-08-12 05:00:00,La Paz,CAM-28,CHO-040,350,350.0,24,23.8,1,1,1,,False
7142,ORD-2026-07142,CLI-045,PROD-008,2026-08-07 12:58:00,Oruro,CAM-05,CHO-038,471,471.0,24,19.8,1,1,1,,False
7143,ORD-2026-07143,CLI-063,PROD-026,2026-08-11 10:34:00,Tarija,CAM-26,CHO-048,498,,72,45.4,1,1,1,cantidad_entregada,True
7144,ORD-2026-07144,CLI-045,PROD-026,2026-08-18 11:07:00,Oruro,CAM-02,CHO-144,370,370.0,48,33.3,1,1,1,,False
7145,ORD-2026-07145,CLI-031,PROD-036,2026-08-16 21:59:00,Oruro,CAM-05,CHO-051,24,24.0,72,42.5,1,1,1,,False
7146,ORD-2026-07146,CLI-069,PROD-039,2026-08-08 20:41:00,Oruro,CAM-02,CHO-067,190,189.0,48,32.0,1,0,0,,False
7147,ORD-2026-07147,CLI-008,PROD-028,2026-08-05 23:39:00,Cochabamba,CAM-22,CHO-138,348,348.0,48,31.6,1,1,1,,False
7148,ORD-2026-07148,CLI-064,PROD-041,2026-08-09 21:03:00,Cochabamba,CAM-01,CHO-116,173,173.0,72,58.2,1,1,1,,False
7149,ORD-2026-07149,CLI-008,PROD-033,2026-08-07 05:10:00,Cochabamba,CAM-17,CHO-016,121,121.0,48,32.2,1,1,1,,False
7150,ORD-2026-07150,CLI-044,PROD-031,2026-08-19 13:26:00,Cochabamba,CAM-01,CHO-130,88,88.0,72,57.6,1,1,1,,False
7151, ord-2026-07151 ,CLI-038,PROD-054,2026-08-29 18:03:00,Santa Cruz,CAM-29,CHO-030,51,51.0,48,35.8,1,1,1,order_id,True
7152,ORD-2026-07152,CLI-037,PROD-038,2026-08-18 16:34:00,Tarija,CAM-12,CHO-056,289,289.0,24,18.7,1,1,1,,False
7153,ORD-2026-07153,CLI-022,PROD-011,2026-08-24 17:36:00,La Paz,CAM-30,CHO-093,133,133.0,72,63.1,1,1,1,,False
7154,ORD-2026-07154,CLI-031,PROD-011,2026-08-12 15:18:00,Tarija,CAM-03,CHO-146,492,492.0,48,40.1,1,1,1,,False
7155,ORD-2026-07155,CLI-085,PROD-024,2026-08-23 21:21:00,Cochabamba,CAM-01,CHO-016,135,135.0,72,66.7,1,1,1,,False
7156,ORD-2026-07156,CLI-042,PROD-004,2026-08-01 17:14:00,La Paz,CAM-28,CHO-002,288,288.0,72,53.9,1,1,1,,False
7157,ORD-2026-07157,CLI-045,PROD-008,2026-08-05 02:21:00,Santa Cruz,CAM-14,CHO-104,203,203.0,48,26.9,1,1,1,,False
7158,ORD-2026-07158,CLI-047,PROD-027,2026-08-07 15:07:00,Cochabamba,CAM-23,CHO-090,382,382.0,48,50.8,0,1,0,,False
7159,ORD-2026-07159,CLI-068,PROD-032,2026-08-20 14:02:00,Oruro,CAM-02,CHO-117,234,234.0,24,22.7,1,1,1,,False
7160,ORD-2026-07160,CLI-064,PROD-045,2026-08-02 05:47:00,Cochabamba,CAM-17,CHO-145,71,71.0,24,20.3,1,1,1,,False
7161,ORD-2026-07161,CLI-034,PROD-024,2026-08-17 19:25:00,La Paz,CAM-28,CHO-134,230,212.0,24,20.0,1,0,0,,False
7162,ORD-2026-07162,CLI-071,PROD-028,2026-08-13 16:06:00,Tarija,CAM-12,CHO-031,316,316.0,24,24.1,0,1,0,,False
7163,ORD-2026-07163,CLI-064,PROD-057,2026-08-11 14:45:00,La Paz,CAM-30,CHO-137,64,64.0,24,24.7,0,1,0,,False
7164,ORD-2026-07164,CLI-024,PROD-037,2026-08-01 02:16:00,Tarija,CAM-03,CHO-043,355,355.0,48,39.4,1,1,1,,False
7165,ORD-2026-07165,CLI-096,PROD-033,2026-08-20 22:43:00,Santa Cruz,CAM-25,CHO-106,444,444.0,24,21.1,1,1,1,,False
7166,ORD-2026-07166,CLI-049,PROD-024,2026-08-29 19:01:00,La Paz,CAM-30,CHO-023,130,130.0,48,32.5,1,1,1,,False
7167,ORD-2026-07167,CLI-038,PROD-059,2026-08-28 21:07:00,La Paz,CAM-09,CHO-093,399,399.0,48,30.3,1,1,1,,False
7168,ORD-2026-07168,CLI-021,PROD-004,2026-08-26 16:52:00,Oruro,CAM-16,CHO-003,316,316.0,24,17.9,1,1,1,,False
7169,ORD-2026-07169,CLI-005,PROD-016,2026-08-08 06:19:00,Santa Cruz,CAM-14,CHO-141,41,41.0,24,17.2,1,1,1,,False
7170,ORD-2026-07170,CLI-026,PROD-059,2026-08-16 02:28:00,Oruro,CAM-05,CHO-038,442,442.0,24,20.1,1,1,1,,False
7171,ORD-2026-07171,CLI-029,PROD-051,2026-08-30 04:01:00,La Paz,CAM-09,CHO-066,297,297.0,24,18.2,1,1,1,,False
7172,ORD-2026-07172,CLI-005,PROD-036,2026-08-10 12:32:00,Cochabamba,CAM-01,CHO-116,30,30.0,48,42.3,1,1,1,,False
7173,ORD-2026-07173,CLI-076,PROD-020,2026-08-10 20:34:00,Cochabamba,CAM-23,CHO-130,324,324.0,24,24.0,1,1,1,,False
7174,ORD-2026-07174,CLI-010,PROD-058,2026-08-10 02:03:00,La Paz,CAM-27,CHO-083,433,433.0,48,26.0,1,1,1,,False
7175,ORD-2026-07175,CLI-044,PROD-007,2026-08-12 07:43:00,Santa Cruz,CAM-14,CHO-092,404,404.0,48,45.9,1,1,1,,False
7176,ORD-2026-07176,CLI-084,PROD-008,2026-08-27 14:36:00,Oruro,CAM-05,CHO-150,386,386.0,24,17.2,1,1,1,,False
7177,ORD-2026-07177,CLI-051,PROD-028,2026-08-27 13:08:00,Cochabamba,CAM-22,CHO-094,130,130.0,48,59.3,0,1,0,,False
7178,ORD-2026-07178,CLI-031,PROD-010,2026-08-24 13:21:00,Tarija,CAM-26,CHO-012,438,438.0,48,42.3,1,1,1,,False
7179,ORD-2026-07179,CLI-049,PROD-036,2026-08-29 10:36:00,Oruro,CAM-05,CHO-032,408,408.0,48,44.1,1,1,1,,False
7180,ORD-2026-07180,CLI-053,PROD-022,2026-08-08 11:12:00,Oruro,CAM-05,CHO-136,427,427.0,48,23.6,1,1,1,,False
7181,ORD-2026-07181,CLI-021,PROD-050,2026-08-17 00:25:00,Cochabamba,CAM-23,CHO-115,82,82.0,24,12.5,1,1,1,,False
7182,ORD-2026-07182,CLI-010,PROD-017,2026-08-11 16:07:00,La Paz,CAM-28,CHO-007,314,314.0,48,50.8,0,1,0,,False
7183,ORD-2026-07183,CLI-059,PROD-051,2026-08-08 12:46:00,Santa Cruz,CAM-13,CHO-081,167,167.0,48,37.7,1,1,1,,False
7184,ORD-2026-07184,CLI-042,PROD-010,2026-08-02 00:09:00,Santa Cruz,CAM-14,CHO-142,420,420.0,48,54.6,0,1,0,,False
7185,ORD-2026-07185,CLI-070,PROD-035,2026-08-06 23:40:00,Oruro,CAM-05,CHO-150,235,235.0,48,49.0,0,1,0,,False
7186,ORD-2026-07186,CLI-090,PROD-049,2026-08-23 11:38:00,Tarija,CAM-12,CHO-105,75,75.0,24,20.6,1,1,1,,False
7187,ORD-2026-07187,CLI-001,PROD-014,2026-08-26 08:36:00,Cochabamba,CAM-22,CHO-116,98,98.0,48,38.5,1,1,1,,False
7188,ORD-2026-07188,CLI-004,PROD-055,2026-08-22 05:27:00,Santa Cruz,CAM-13,CHO-037,98,98.0,24,18.5,1,1,1,,False
7189,ORD-2026-07189,CLI-058,PROD-057,2026-08-01 22:20:00,Tarija,CAM-12,CHO-050,245,245.0,48,45.2,1,1,1,,False
7190,ORD-2026-07190,CLI-045,PROD-001,2026-08-06 12:14:00,Oruro,CAM-05,CHO-067,24,24.0,24,19.2,1,1,1,,False
7191,ORD-2026-07191,CLI-027,PROD-039,2026-08-22 14:39:00,Santa Cruz,CAM-25,CHO-096,364,364.0,48,38.0,1,1,1,,False
7192,ORD-2026-07192,CLI-004,PROD-009,2026-08-26 23:39:00,Cochabamba,CAM-23,CHO-016,201,201.0,48,50.1,0,1,0,,False
7193,ORD-2026-07193,CLI-042,PROD-053,2026-08-18 14:59:00,Cochabamba,CAM-22,CHO-087,141,141.0,24,18.8,1,1,1,,False
7194,ORD-2026-07194,CLI-054,PROD-042,2026-08-28 19:52:00,Cochabamba,CAM-08,CHO-138,411,411.0,72,74.1,0,1,0,,False
7195,ORD-2026-07195,CLI-055,PROD-016,2026-08-09 06:10:00,Cochabamba,CAM-01,CHO-065,15,15.0,48,34.3,1,1,1,,False
7196,ORD-2026-07196,CLI-097,PROD-008,2026-08-08 01:27:00,La Paz,CAM-09,CHO-134,252,252.0,48,37.9,1,1,1,,False
7197,ORD-2026-07197,CLI-067,PROD-016,2026-08-24 12:41:00,Santa Cruz,CAM-18,CHO-103,336,336.0,72,61.9,1,1,1,,False
7198,ORD-2026-07198,CLI-070,PROD-037,2026-08-18 08:31:00,Cochabamba,CAM-19,CHO-115,257,257.0,48,27.7,1,1,1,,False
7199,ORD-2026-07199,CLI-012,PROD-036,2026-08-18 21:38:00,Cochabamba,CAM-01,CHO-041,391,391.0,48,41.3,1,1,1,,False
7200,ORD-2026-07200,CLI-014,PROD-010,2026-08-21 06:07:00,La Paz,CAM-28,CHO-091,422,422.0,24,-22.8,1,1,1,tiempo_entrega_real_hrs,True
7201,ORD-2026-07201,CLI-066,PROD-058,2026-08-05 06:33:00,Oruro,CAM-24,CHO-150,283,272.0,48,19.2,1,0,0,,False
7202,ORD-2026-07202,CLI-062,PROD-014,2026-08-18 08:16:00,La Paz,CAM-30,CHO-002,59,59.0,72,73.5,0,1,0,,False
7203,ORD-2026-07203,CLI-061,PROD-008,2026-08-29 14:31:00,Cochabamba,CAM-23,CHO-125,499,499.0,24,24.0,1,1,1,,False
7204,ORD-2026-07204,CLI-037,PROD-026,2026-08-23 23:16:00,Cochabamba,CAM-23,CHO-047,27,27.0,48,38.5,1,1,1,,False
7205,ORD-2026-07205,CLI-083,PROD-054,2026-08-02 16:53:00,La Paz,CAM-15,CHO-102,391,391.0,48,41.6,1,1,1,,False
7206,ORD-2026-07206,CLI-055,PROD-012,2026-08-13 15:32:00,Tarija,CAM-12,CHO-132,468,468.0,48,33.7,1,1,1,,False
7207,ORD-2026-07207,CLI-097,PROD-002,2026-08-02 10:39:00,Tarija,CAM-12,CHO-008,446,427.0,48,37.5,1,0,0,,False
7208,ORD-2026-07208,CLI-057,PROD-034,2026-08-17 15:35:00,Oruro,CAM-05,CHO-144,161,161.0,24,16.0,1,1,1,,False
7209,ORD-2026-07209,CLI-016,PROD-031,2026-08-02 05:33:00,Tarija,CAM-12,CHO-009,269,269.0,72,54.6,1,1,1,,False
7210,ORD-2026-07210,CLI-077,PROD-038,2026-08-07 02:45:00,La Paz,CAM-15,CHO-083,175,175.0,24,20.5,1,1,1,,False
7211,ORD-2026-07211,CLI-066,PROD-054,2026-08-20 18:04:00,Cochabamba,CAM-19,CHO-041,492,492.0,24,24.5,0,1,0,,False
7212,ORD-2026-07212,CLI-050,PROD-014,2026-08-05 01:09:00,La Paz,CAM-15,CHO-072,261,,24,21.0,1,1,1,cantidad_entregada,True
7213,ORD-2026-07213,CLI-047,PROD-031,2026-08-02 06:19:00,La Paz,CAM-28,CHO-042,490,490.0,24,18.8,1,1,1,,False
7214,ORD-2026-07214,CLI-087,PROD-026,2026-08-17 20:09:00,Oruro,CAM-07,CHO-117,464,464.0,48,25.3,1,1,1,,False
7215,ORD-2026-07215,CLI-002,PROD-004,2026-08-16 09:43:00,Oruro,CAM-02,CHO-022,214,214.0,24,14.8,1,1,1,,False
7216,ORD-2026-07216,CLI-046,PROD-042,2026-08-23 07:22:00,Cochabamba,CAM-22,CHO-073,361,361.0,48,38.6,1,1,1,,False
7217,ORD-2026-07217,CLI-001,PROD-053,2026-08-17 23:25:00,La Paz,CAM-30,CHO-072,209,209.0,48,48.4,0,1,0,,False
7218,ORD-2026-07218,CLI-084,PROD-047,2026-08-19 09:09:00,Santa Cruz,CAM-11,CHO-142,243,243.0,48,51.3,0,1,0,,False
7219,ORD-2026-07219,CLI-031,PROD-017,2026-08-06 13:45:00,Cochabamba,CAM-01,CHO-108,60,60.0,24,25.4,0,1,0,,False
7220,ORD-2026-07220,CLI-057,PROD-059,2026-08-26 02:56:00,Tarija,CAM-03,CHO-105,52,40.0,48,42.6,1,0,0,,False
7221,ORD-2026-07221,CLI-082,PROD-003,2026-08-17 15:23:00,Oruro,CAM-05,CHO-110,145,145.0,72,52.7,1,1,1,,False
7222,ORD-2026-07222,CLI-083,PROD-045,2026-08-03 07:47:00,Oruro,CAM-02,CHO-038,147,147.0,48,38.5,1,1,1,,False
7223,ORD-2026-07223,CLI-043,PROD-032,2026-08-07 16:16:00,Santa Cruz,CAM-10,CHO-079,458,458.0,24,16.5,1,1,1,,False
7224,ORD-2026-07224,CLI-059,PROD-007,2026-08-27 13:35:00,Santa Cruz,CAM-11,CHO-011,450,442.0,48,47.2,1,0,0,,False
7225,ORD-2026-07225,CLI-002,PROD-023,2026-08-01 06:17:00,Tarija,CAM-12,CHO-082,172,172.0,24,14.3,1,1,1,,False
7226,ORD-2026-07226,CLI-037,PROD-016,2026-08-15 06:18:00,Oruro,CAM-16,CHO-022,277,277.0,24,17.9,1,1,1,,False
7227,ORD-2026-07227,CLI-029,PROD-026,2026-08-29 21:10:00,Tarija,CAM-26,CHO-012,115,115.0,24,17.7,1,1,1,,False
7228,ORD-2026-07228,CLI-099,PROD-032,2026-08-23 19:34:00,Tarija,CAM-26,CHO-026,241,241.0,48,33.2,1,1,1,,False
7229,ORD-2026-07229,CLI-068,PROD-008,2026-08-01 03:56:00,La Paz,CAM-09,CHO-126,470,470.0,48,45.4,1,1,1,,False
7230,ORD-2026-07230,CLI-048,PROD-047,2026-08-17 08:34:00,Cochabamba,CAM-17,CHO-047,45,45.0,72,67.2,1,1,1,,False
7231,ORD-2026-07231,CLI-084,PROD-049,2026-08-03 22:19:00,Tarija,CAM-03,CHO-048,217,217.0,48,32.0,1,1,1,,False
7232,ORD-2026-07232,CLI-070,PROD-033,2026-08-12 22:13:00,Santa Cruz,CAM-10,CHO-149,387,387.0,48,34.4,1,1,1,,False
7233,ORD-2026-07233,CLI-048,PROD-032,2026-08-30 03:27:00,La Paz,CAM-09,CHO-083,75,75.0,72,62.2,1,1,1,,False
7234,ORD-2026-07234,CLI-044,PROD-026,2026-08-09 02:24:00,Oruro,CAM-05,CHO-098,98,98.0,24,15.7,1,1,1,,False
7235,ORD-2026-07235,CLI-087,PROD-031,2026-08-15 13:11:00,Tarija,CAM-12,CHO-026,245,245.0,24,20.2,1,1,1,,False
7236,ORD-2026-07236,CLI-066,PROD-019,2026-08-06 00:12:00,La Paz,CAM-28,CHO-107,219,219.0,72,67.5,1,1,1,,False
7237,ORD-2026-07237,CLI-088,PROD-009,2026-08-21 08:43:00,Tarija,CAM-03,CHO-146,436,436.0,48,44.2,1,1,1,,False
7238,ORD-2026-07238,CLI-066,PROD-017,2026-08-22 20:05:00,La Paz,CAM-09,CHO-091,133,133.0,24,24.7,0,1,0,,False
7239,ORD-2026-07239,CLI-065,PROD-041,2026-08-05 02:58:00,Cochabamba,CAM-19,CHO-019,471,471.0,48,44.0,1,1,1,,False
7240,ORD-2026-07240,CLI-045,PROD-036,2026-08-01 17:55:00,Cochabamba,CAM-23,CHO-151,414,414.0,72,60.3,1,1,1,,False
7241,ORD-2026-07241,CLI-037,PROD-034,2026-08-14 05:24:00,Cochabamba,CAM-22,CHO-151,303,303.0,72,75.0,0,1,0,,False
7242,ORD-2026-07242,CLI-054,PROD-026,2026-08-08 16:02:00,Tarija,CAM-03,CHO-015,230,230.0,24,21.8,1,1,1,,False
7243,ORD-2026-07243,CLI-002,PROD-014,2026-08-25 12:50:00,Tarija,CAM-26,CHO-010,460,460.0,72,78.5,0,1,0,,False
7244,ORD-2026-07244,CLI-044,PROD-049,2026-08-04 22:38:00,Tarija,CAM-12,CHO-082,337,337.0,48,25.2,1,1,1,,False
7245,ORD-2026-07245,CLI-010,PROD-009,2026-08-10 01:00:00,Oruro,CAM-16,CHO-022,116,116.0,72,70.9,1,1,1,,False
7246,ORD-2026-07246,CLI-021,PROD-060,2026-08-23 20:20:00,Cochabamba,CAM-01,CHO-073,347,347.0,72,55.4,1,1,1,,False
7247,ORD-2026-07247,CLI-023,PROD-050,2026-08-01 20:10:00,Tarija,CAM-03,CHO-043,148,148.0,48,54.0,0,1,0,,False
7248,ORD-2026-07248, cli-028 ,PROD-004,2026-08-10 12:52:00,Oruro,CAM-16,CHO-051,281,281.0,48,36.0,1,1,1,cliente_id,True
7249,ORD-2026-07249,CLI-083,PROD-001,2026-08-03 04:44:00,Oruro,CAM-05,CHO-136,85,85.0,72,64.7,1,1,1,,False
7250,ORD-2026-07250,CLI-079,PROD-034,2026-08-08 09:39:00,Santa Cruz,CAM-14,CHO-020,259,259.0,48,40.8,1,1,1,,False
7251,ORD-2026-07251,CLI-062,PROD-015,2026-08-28 16:42:00,Oruro,CAM-05,CHO-136,105,105.0,48,47.8,1,1,1,,False
7252,ORD-2026-07252,CLI-083,PROD-001,2026-08-26 15:39:00,Oruro,CAM-05,CHO-150,192,192.0,24,18.8,1,1,1,,False
7253,ORD-2026-07253,CLI-045,PROD-006,2026-08-20 08:01:00,La Paz,CAM-09,CHO-057,198,198.0,48,39.3,1,1,1,,False
7254,ORD-2026-07254,CLI-052,PROD-004,2026-08-11 03:44:00,Cochabamba,CAM-19,CHO-058,231,231.0,72,50.7,1,1,1,,False
7255,ORD-2026-07255,CLI-011,PROD-056,2026-08-02 17:24:00,Oruro,CAM-05,CHO-144,16,1.0,72,71.2,1,0,0,,False
7256,ORD-2026-07256,CLI-097,PROD-042,2026-08-11 13:42:00,Cochabamba,CAM-19,CHO-077,148,132.0,24,23.3,1,0,0,,False
7257,ORD-2026-07257,CLI-088,PROD-050,2026-08-17 23:04:00,Santa Cruz,CAM-20,CHO-114,341,341.0,24,21.8,1,1,1,,False
7258,ORD-2026-07258,CLI-037,PROD-001,2026-08-09 10:32:00,La Paz,CAM-09,CHO-071,408,408.0,48,51.2,0,1,0,,False
7259,ORD-2026-07259,CLI-045,PROD-024,2026-08-10 13:36:00,Cochabamba,CAM-23,CHO-041,296,296.0,72,43.2,1,1,1,,False
7260,ORD-2026-07260,CLI-094,PROD-027,2026-08-01 02:04:00,Santa Cruz,CAM-18,CHO-011,471,471.0,48,36.3,1,1,1,,False
7261,ORD-2026-07261,CLI-068,PROD-023,2026-08-29 18:21:00,Tarija,CAM-03,CHO-015,225,225.0,48,57.8,0,1,0,,False
7262,ORD-2026-07262,CLI-071,PROD-060,2026-08-10 13:37:00,Santa Cruz,CAM-13,CHO-059,326,326.0,72,54.9,1,1,1,,False
7263,ORD-2026-07263,CLI-087,PROD-017,2026-08-29 21:18:00,Tarija,CAM-12,CHO-009,234,234.0,24,12.3,1,1,1,,False
7264,ORD-2026-07264,CLI-089,PROD-010,2026-08-14 01:01:00,Santa Cruz,CAM-13,CHO-074,356,356.0,24,25.8,0,1,0,,False
7265,ORD-2026-07265,CLI-096,PROD-023,2026-08-24 11:17:00,Tarija,CAM-12,CHO-050,247,247.0,48,53.1,0,1,0,,False
7266,ORD-2026-07266,CLI-021,PROD-060,2026-08-25 13:47:00,Tarija,CAM-12,CHO-045,89,89.0,24,22.5,1,1,1,,False
7267,ORD-2026-07267,CLI-049,PROD-015,2026-08-04 15:40:00,Oruro,CAM-05,CHO-144,112,112.0,72,59.1,1,1,1,,False
7268,ORD-2026-07268,CLI-074,PROD-051,2026-08-20 20:10:00,Cochabamba,CAM-23,CHO-147,430,430.0,72,66.7,1,1,1,,False
7269,ORD-2026-07269,CLI-007,PROD-006,2026-08-25 09:22:00,Cochabamba,CAM-22,CHO-055,74,74.0,24,23.3,1,1,1,,False
7270,ORD-2026-07270,CLI-046,PROD-055,2026-08-14 14:57:00,Tarija,CAM-26,CHO-026,163,163.0,48,49.2,0,1,0,,False
7271,ORD-2026-07271,CLI-065,PROD-038,2026-08-15 16:21:00,La Paz,CAM-30,CHO-091,463,463.0,72,47.6,1,1,1,,False
7272,ORD-2026-07272,CLI-092,PROD-037,2026-08-13 00:59:00,Tarija,CAM-12,CHO-082,26,26.0,24,22.4,1,1,1,,False
7273,ORD-2026-07273,CLI-083,PROD-033,2026-08-08 05:03:00,Santa Cruz,CAM-21,CHO-104,312,312.0,24,18.6,1,1,1,,False
7274,ORD-2026-07274,CLI-020,PROD-003,2026-08-20 15:07:00,Cochabamba,CAM-23,CHO-019,184,184.0,24,12.7,1,1,1,,False
7275,ORD-2026-07275,CLI-003,PROD-010,2026-08-09 20:40:00,La Paz,CAM-30,CHO-005,190,190.0,48,29.8,1,1,1,,False
7276,ORD-2026-07276,CLI-014,PROD-023,2026-08-02 01:24:00,Oruro,CAM-05,CHO-150,276,276.0,72,48.3,1,1,1,,False
7277,ORD-2026-07277,CLI-007,PROD-018,2026-08-25 00:27:00,La Paz,CAM-30,CHO-127,95,95.0,48,56.9,0,1,0,,False
7278,ORD-2026-07278,CLI-083,PROD-028,2026-08-09 20:06:00,Cochabamba,CAM-17,CHO-077,215,215.0,72,57.6,1,1,1,,False
7279,ORD-2026-07279,CLI-054,PROD-030,2026-08-21 16:06:00,Oruro,CAM-05,CHO-098,317,317.0,72,55.3,1,1,1,,False
7280,ORD-2026-07280,CLI-087,PROD-042,2026-08-30 18:00:00,Tarija,CAM-12,CHO-012,378,378.0,24,20.3,1,1,1,,False
7281,ORD-2026-07281,CLI-049,PROD-026,2026-08-20 00:00:00,La Paz,CAM-09,CHO-139,276,276.0,72,66.9,1,1,1,,False
7282,ORD-2026-07282,CLI-092,PROD-031,2026-08-16 13:26:00,Cochabamba,CAM-08,CHO-145,146,146.0,48,38.9,1,1,1,,False
7283,ORD-2026-07283,CLI-067,PROD-047,2026-08-27 14:11:00,Tarija,CAM-12,CHO-146,495,491.0,72,85.5,0,0,0,,False
7284,ORD-2026-07284,CLI-050,PROD-033,2026-08-26 04:24:00,Tarija,CAM-26,CHO-132,407,407.0,72,67.1,1,1,1,,False
7285,ORD-2026-07285,CLI-080,PROD-004,2026-08-26 10:55:00,Oruro,CAM-02,CHO-150,284,284.0,48,28.6,1,1,1,,False
7286,ORD-2026-07286,CLI-087,PROD-032,2026-08-06 18:08:00,Cochabamba,CAM-08,CHO-086,371,371.0,72,54.9,1,1,1,,False
7287,ORD-2026-07287,CLI-056,PROD-012,2026-08-21 13:10:00,Tarija,CAM-12,CHO-036,424,424.0,72,41.9,1,1,1,,False
7288,ORD-2026-07288,CLI-020,PROD-060,2026-08-12 15:23:00,Cochabamba,CAM-22,CHO-125,381,381.0,48,44.7,1,1,1,,False
7289,ORD-2026-07289,CLI-022,PROD-026,2026-08-02 15:46:00,Oruro,CAM-16,CHO-067,351,351.0,24,16.7,1,1,1,,False
7290,ORD-2026-07290,CLI-019,PROD-025,2026-08-27 20:32:00,Santa Cruz,CAM-13,CHO-011,315,315.0,24,26.4,0,1,0,,False
7291,ORD-2026-07291,CLI-050,PROD-004,2026-08-19 07:36:00,La Paz,CAM-09,CHO-084,134,134.0,48,26.0,1,1,1,,False
7292,ORD-2026-07292,CLI-080,PROD-026,2026-08-29 00:58:00,Tarija,CAM-03,CHO-044,293,293.0,24,20.7,1,1,1,,False
7293,ORD-2026-07293,CLI-098,PROD-010,2026-08-30 10:56:00,La Paz,CAM-30,CHO-023,47,47.0,72,76.5,0,1,0,,False
7294,ORD-2026-07294,CLI-031,PROD-026,2026-08-12 05:53:00,Oruro,CAM-05,CHO-119,336,336.0,24,26.2,0,1,0,,False
7295,ORD-2026-07295,CLI-040,PROD-006,2026-08-17 22:59:00,Santa Cruz,CAM-14,CHO-097,342,342.0,48,40.6,1,1,1,,False
7296,ORD-2026-07296,CLI-005,PROD-050,2026-08-04 11:00:00,Oruro,CAM-05,CHO-038,481,481.0,72,59.6,1,1,1,,False
7297,ORD-2026-07297,CLI-039,PROD-051,2026-08-03 12:46:00,Santa Cruz,CAM-14,CHO-037,180,180.0,24,18.7,1,1,1,,False
7298,ORD-2026-07298,CLI-009,PROD-034,2026-08-27 14:19:00,Santa Cruz,CAM-04,CHO-024,177,177.0,24,21.0,1,1,1,,False
7299,ORD-2026-07299,CLI-004,PROD-027,2026-08-22 03:29:00,Tarija,CAM-03,CHO-008,151,151.0,72,73.0,0,1,0,,False
7300,ORD-2026-07300,CLI-076,PROD-035,2026-08-08 05:46:00,Oruro,CAM-05,CHO-098,29,29.0,72,45.1,1,1,1,,False
7301,ORD-2026-07301,CLI-052,PROD-002,2026-08-19 21:53:00,La Paz,CAM-09,CHO-091,410,409.0,48,44.2,1,0,0,,False
7302,ORD-2026-07302,CLI-002,PROD-035,2026-08-24 14:22:00,Oruro,CAM-05,CHO-119,494,494.0,48,54.7,0,1,0,,False
7303,ORD-2026-07303,CLI-086,PROD-053,2026-08-06 05:03:00,Oruro,CAM-05,CHO-117,325,325.0,72,47.1,1,1,1,,False
7304,ORD-2026-07304,CLI-045,PROD-054,2026-08-20 16:27:00,Santa Cruz,CAM-21,CHO-078,326,326.0,48,46.4,1,1,1,,False
7305,ORD-2026-07305,CLI-088,PROD-048,2026-08-09 11:55:00,Cochabamba,CAM-08,CHO-108,134,134.0,24,13.5,1,1,1,,False
7306,ORD-2026-07306,CLI-079,PROD-003,2026-08-13 08:53:00,La Paz,CAM-09,CHO-083,177,177.0,24,25.9,0,1,0,,False
7307,ORD-2026-07307,CLI-062,PROD-027,2026-08-30 02:21:00,Tarija,CAM-26,CHO-146,288,288.0,48,29.2,1,1,1,,False
7308,ORD-2026-07308,CLI-059,PROD-055,2026-08-27 21:26:00,La Paz,CAM-15,CHO-052,187,187.0,48,46.7,1,1,1,,False
7309,ORD-2026-07309,CLI-067,PROD-021,2026-08-09 17:47:00,La Paz,CAM-28,CHO-039,74,74.0,72,58.2,1,1,1,,False
7310,ORD-2026-07310,CLI-099,PROD-013,2026-08-30 16:45:00,Santa Cruz,CAM-14,CHO-029,272,272.0,24,20.6,1,1,1,,False
7311,ORD-2026-07311,CLI-070,PROD-038,2026-08-25 18:33:00,La Paz,CAM-27,CHO-021,493,493.0,72,61.2,1,1,1,,False
7312,ORD-2026-07312,CLI-074,PROD-006,2026-08-08 09:15:00,Tarija,CAM-03,CHO-082,350,350.0,48,53.7,0,1,0,,False
7313,ORD-2026-07313,CLI-019,PROD-010,2026-08-18 17:25:00,Santa Cruz,CAM-21,CHO-034,491,482.0,48,41.4,1,0,0,,False
7314,ORD-2026-07314,CLI-075,PROD-001,2026-08-07 16:26:00,Oruro,CAM-05,CHO-150,456,456.0,48,48.4,0,1,0,,False
7315,ORD-2026-07315,CLI-038,PROD-008,2026-08-08 23:51:00,Santa Cruz,CAM-20,CHO-079,357,357.0,24,21.5,1,1,1,,False
7316,ORD-2026-07316,CLI-005,PROD-001,2026-08-23 04:39:00,Cochabamba,CAM-01,CHO-047,301,301.0,48,41.7,1,1,1,,False
7317,ORD-2026-07317,CLI-054,PROD-006,2026-08-11 21:30:00,Cochabamba,CAM-08,CHO-041,475,475.0,24,20.1,1,1,1,,False
7318,ORD-2026-07318,CLI-001,PROD-058,2026-08-30 22:28:00,Santa Cruz,CAM-10,CHO-100,364,364.0,24,17.8,1,1,1,,False
7319,ORD-2026-07319,CLI-099,PROD-042,2026-08-03 05:08:00,Santa Cruz,CAM-20,CHO-075,243,243.0,48,36.2,1,1,1,,False
7320,ORD-2026-07320,CLI-085,PROD-020,2026-08-17 02:29:00,La Paz,CAM-30,CHO-002,120,120.0,24,17.1,1,1,1,,False
7321,ORD-2026-07321,CLI-057,PROD-001,2026-08-29 19:45:00,Oruro,CAM-05,CHO-117,338,338.0,24,23.0,1,1,1,,False
7322,ORD-2026-07322,CLI-027,PROD-059,2026-08-16 06:25:00,Tarija,CAM-12,CHO-036,289,289.0,48,32.7,1,1,1,,False
7323,ORD-2026-07323,CLI-034,PROD-038,2026-08-27 22:42:00,Cochabamba,CAM-22,CHO-016,482,482.0,72,58.4,1,1,1,,False
7324,ORD-2026-07324,CLI-071,PROD-028,2026-02-31 08:00:00,La Paz,CAM-28,CHO-005,106,105.0,48,34.9,1,0,0,fecha_despacho,True
7325,ORD-2026-07325, cli-057 ,PROD-006,2026-08-08 17:11:00,La Paz,CAM-27,CHO-064,168,168.0,48,34.3,1,1,1,cliente_id,True
7326,ORD-2026-07326,CLI-094,PROD-043,2026-08-05 19:56:00,La Paz,CAM-09,CHO-052,396,396.0,72,58.5,1,1,1,,False
7327,ORD-2026-07327,CLI-034,PROD-060,2026-08-29 04:58:00,Oruro,CAM-05,CHO-051,37,37.0,72,67.0,1,1,1,,False
7328,ORD-2026-07328,CLI-028,PROD-033,2026-08-09 07:02:00,Tarija,CAM-12,CHO-050,433,433.0,48,47.9,1,1,1,,False
7329,ORD-2026-07329,CLI-069,PROD-027,2026-08-13 01:20:00,Oruro,CAM-24,CHO-150,424,424.0,48,19.9,1,1,1,,False
7330,ORD-2026-07330,CLI-005,PROD-004,2026-08-16 06:09:00,Oruro,CAM-24,CHO-051,457,457.0,24,15.6,1,1,1,,False
7331,ORD-2026-07331,CLI-012,PROD-047,2026-08-25 00:42:00,La Paz,CAM-30,CHO-023,368,368.0,48,34.1,1,1,1,,False
7332,ORD-2026-07332,CLI-011,PROD-013,2026-08-07 13:06:00,Tarija,CAM-12,CHO-050,171,171.0,48,40.9,1,1,1,,False
7333,ORD-2026-07333,CLI-059,PROD-054,2026-08-24 02:05:00,Tarija,CAM-26,CHO-061,106,106.0,72,61.0,1,1,1,,False
7334,ORD-2026-07334,CLI-004,PROD-019,2026-08-18 01:39:00,Santa Cruz,CAM-20,CHO-149,13,13.0,48,48.2,0,1,0,,False
7335,ORD-2026-07335,CLI-067,PROD-025,2026-08-07 07:18:00,Oruro,CAM-05,CHO-144,242,242.0,24,17.3,1,1,1,,False
7336,ORD-2026-07336,CLI-063,PROD-045,2026-08-27 12:52:00,Oruro,CAM-16,CHO-150,151,151.0,48,46.9,1,1,1,,False
7337,ORD-2026-07337,CLI-067,PROD-024,2026-08-02 06:05:00,Tarija,CAM-26,CHO-036,100,100.0,48,35.6,1,1,1,,False
7338,ORD-2026-07338,CLI-066,PROD-060,2026-08-29 12:03:00,Tarija,CAM-03,CHO-050,218,218.0,48,26.2,1,1,1,,False
7339,ORD-2026-07339,CLI-004,PROD-011,2026-08-24 15:15:00,Oruro,CAM-02,CHO-144,79,79.0,72,65.3,1,1,1,,False
7340,ORD-2026-07340,CLI-071,PROD-010,2026-08-20 00:44:00,Santa Cruz,CAM-14,CHO-123,102,102.0,48,45.7,1,1,1,,False
7341,ORD-2026-07341,CLI-096,PROD-021,2026-08-14 05:19:00,Tarija,CAM-26,CHO-105,323,320.0,24,20.8,1,0,0,,False
7342,ORD-2026-07342,CLI-032,PROD-033,2026-08-27 04:53:00,Tarija,CAM-26,CHO-015,93,93.0,48,38.5,1,1,1,,False
7343,ORD-2026-07343,CLI-046,PROD-051,2026-08-04 15:45:00,La Paz,CAM-09,CHO-134,22,22.0,48,35.7,1,1,1,,False
7344,ORD-2026-07344,CLI-001,PROD-042,2026-08-16 12:42:00,Tarija,CAM-12,CHO-036,183,183.0,48,31.1,1,1,1,,False
7345,ORD-2026-07345,CLI-047,PROD-049,2026-08-11 18:09:00,Oruro,CAM-16,CHO-110,279,279.0,48,33.7,1,1,1,,False
7346,ORD-2026-07346,CLI-071,PROD-010,2026-08-26 12:40:00,Santa Cruz,CAM-29,CHO-141,403,403.0,48,55.1,0,1,0,,False
7347,ORD-2026-07347,CLI-034,PROD-031,2026-08-27 10:24:00,Oruro,CAM-05,CHO-118,197,197.0,72,76.7,0,1,0,,False
7348,ORD-2026-07348,CLI-052,PROD-044,2026-08-19 00:49:00,Cochabamba,CAM-08,CHO-069,278,278.0,24,20.2,1,1,1,,False
7349,ORD-2026-07349,CLI-051,PROD-056,2026-08-08 11:53:00,La Paz,CAM-09,CHO-063,435,435.0,48,48.8,0,1,0,,False
7350,ORD-2026-07350,CLI-049,PROD-059,2026-08-21 09:49:00,Tarija,CAM-12,CHO-088,114,114.0,72,42.4,1,1,1,,False
7351,ORD-2026-07351,CLI-084,PROD-046,2026-08-28 09:12:00,Oruro,CAM-05,CHO-117,416,416.0,24,16.8,1,1,1,,False
7352,ORD-2026-07352,CLI-007,PROD-059,2026-08-29 15:47:00,Santa Cruz,CAM-13,CHO-133,183,183.0,72,50.7,1,1,1,,False
7353,ORD-2026-07353,CLI-068,PROD-008,2026-08-30 11:28:00,Cochabamba,CAM-22,CHO-047,473,473.0,48,38.0,1,1,1,,False
7354,ORD-2026-07354,CLI-043,PROD-045,2026-08-06 12:01:00,La Paz,CAM-15,CHO-084,154,154.0,48,37.1,1,1,1,,False
7355,ORD-2026-07355,CLI-080,PROD-012,2026-08-13 07:06:00,Santa Cruz,CAM-20,CHO-020,221,221.0,72,70.2,1,1,1,,False
7356,ORD-2026-07356,CLI-017,PROD-026,2026-08-03 03:09:00,Tarija,CAM-26,CHO-105,354,354.0,48,43.6,1,1,1,,False
7357,ORD-2026-07357,CLI-008,PROD-007,2026-08-08 10:39:00,Cochabamba,CAM-22,CHO-033,57,57.0,24,18.4,1,1,1,,False
7358,ORD-2026-07358,CLI-065,PROD-029,2026-08-26 13:11:00,Santa Cruz,CAM-14,CHO-081,409,409.0,48,35.6,1,1,1,,False
7359,ORD-2026-07359,CLI-011,PROD-049,2026-08-23 19:18:00,Tarija,CAM-03,CHO-122,111,111.0,24,20.7,1,1,1,,False
7360,ORD-2026-07360,CLI-013,PROD-002,2026-08-01 18:38:00,Cochabamba,CAM-23,CHO-116,234,234.0,48,44.5,1,1,1,,False
7361,ORD-2026-07361,CLI-026,PROD-050,2026-08-06 04:35:00,Santa Cruz,CAM-20,CHO-149,200,200.0,24,22.6,1,1,1,,False
7362,ORD-2026-07362,CLI-006,PROD-055,2026-08-23 12:46:00,La Paz,CAM-27,CHO-027,76,76.0,24,12.1,1,1,1,,False
7363,ORD-2026-07363,CLI-036,PROD-013,2026-08-26 11:17:00,Santa Cruz,CAM-14,CHO-030,202,202.0,24,23.6,1,1,1,,False
7364,ORD-2026-07364,CLI-083,PROD-011,2026-08-20 03:02:00,La Paz,CAM-09,CHO-127,400,400.0,24,22.5,1,1,1,,False
7365,ORD-2026-07365,CLI-032,PROD-040,2026-08-18 19:29:00,Santa Cruz,CAM-04,CHO-018,187,187.0,48,40.6,1,1,1,,False
7366,ORD-2026-07366,CLI-063,PROD-006,2026-08-01 05:29:00,Tarija,CAM-12,CHO-045,249,249.0,72,56.1,1,1,1,,False
7367,ORD-2026-07367,CLI-011,PROD-046,2026-08-23 09:54:00,La Paz,CAM-30,CHO-042,98,98.0,24,19.1,1,1,1,,False
7368,ORD-2026-07368,CLI-039,PROD-031,2026-08-13 11:33:00,Cochabamba,CAM-22,CHO-077,53,42.0,72,64.3,1,0,0,,False
7369,ORD-2026-07369,CLI-088,PROD-033,2026-08-23 21:41:00,Tarija,CAM-03,CHO-061,440,440.0,24,20.7,1,1,1,,False
7370,ORD-2026-07370,CLI-055,PROD-058,2026-08-23 21:26:00,Oruro,CAM-16,CHO-022,209,209.0,72,67.3,1,1,1,,False
7371,ORD-2026-07371,CLI-040,PROD-054,2026-08-19 14:17:00,Oruro,CAM-05,CHO-022,470,470.0,48,37.0,1,1,1,,False
7372,ORD-2026-07372,CLI-079,PROD-037,2026-08-10 01:44:00,La Paz,CAM-28,CHO-107,412,412.0,48,48.0,1,1,1,,False
7373,ORD-2026-07373,CLI-085,PROD-016,2026-08-09 07:05:00,La Paz,CAM-09,CHO-127,53,53.0,24,15.8,1,1,1,,False
7374,ORD-2026-07374,CLI-072,PROD-055,2026-08-15 08:53:00,Santa Cruz,CAM-13,CHO-121,360,360.0,48,44.0,1,1,1,,False
7375,ORD-2026-07375,CLI-099,PROD-017,2026-08-07 17:01:00,Tarija,CAM-03,CHO-036,98,98.0,24,14.1,1,1,1,,False
7376,ORD-2026-07376,CLI-086,PROD-055,2026-08-09 05:10:00,Santa Cruz,CAM-20,CHO-037,152,152.0,72,84.4,0,1,0,,False
7377,ORD-2026-07377,CLI-036,PROD-056,2026-08-21 01:28:00,Santa Cruz,CAM-20,CHO-004,80,80.0,48,54.2,0,1,0,,False
7378,ORD-2026-07378,CLI-009,PROD-028,2026-08-16 16:37:00,Cochabamba,CAM-08,CHO-058,168,162.0,24,21.1,1,0,0,,False
7379,ORD-2026-07379,CLI-003,PROD-022,2026-08-06 19:16:00,Tarija,CAM-03,CHO-132,357,357.0,24,17.3,1,1,1,,False
7380,ORD-2026-07380,CLI-070,PROD-021,2026-08-24 09:07:00,Cochabamba,CAM-17,CHO-145,360,360.0,72,59.2,1,1,1,,False
7381,ORD-2026-07381,CLI-032,PROD-049,2026-08-12 08:08:00,Tarija,CAM-12,CHO-088,154,154.0,24,23.1,1,1,1,,False
7382,ORD-2026-07382,CLI-036,PROD-003,2026-08-26 19:04:00,Tarija,CAM-03,CHO-048,221,221.0,24,21.0,1,1,1,,False
7383,ORD-2026-07383,CLI-008, prod-026 ,2026-08-12 10:18:00,Oruro,CAM-05,CHO-067,259,259.0,72,71.8,1,1,1,producto_id,True
7384,ORD-2026-07384,CLI-065,PROD-050,2026-08-03 01:27:00,Tarija,CAM-12,CHO-045,457,457.0,72,59.8,1,1,1,,False
7385,ORD-2026-07385,CLI-051,PROD-006,2026-08-01 09:26:00,Santa Cruz,CAM-10,CHO-101,469,469.0,48,31.9,1,1,1,,False
7386,ORD-2026-07386,CLI-099,PROD-014,2026-08-05 01:55:00,Oruro,CAM-07,CHO-067,158,158.0,24,24.4,0,1,0,,False
7387,ORD-2026-07387,CLI-082,PROD-035,2026-08-11 13:54:00,Tarija,CAM-03,CHO-045,323,323.0,24,19.0,1,1,1,,False
7388,ORD-2026-07388,CLI-048,PROD-019,2026-08-26 19:06:00,Tarija,CAM-03,CHO-061,335,335.0,24,19.0,1,1,1,,False
7389,ORD-2026-07389,CLI-083,PROD-027,2026-08-30 21:33:00,Cochabamba,CAM-01,CHO-019,385,385.0,24,21.9,1,1,1,,False
7390,ORD-2026-07390,CLI-069,PROD-054,2026-08-05 05:18:00,Santa Cruz,CAM-18,CHO-099,222,222.0,24,23.2,1,1,1,,False
7391,ORD-2026-07391,CLI-004,PROD-055,2026-08-14 02:54:00,La Paz,CAM-09,CHO-091,477,477.0,24,19.6,1,1,1,,False
7392,ORD-2026-07392,CLI-008,PROD-048,2026-08-24 19:26:00,La Paz,CAM-30,CHO-072,481,481.0,72,70.3,1,1,1,,False
7393,ORD-2026-07393,CLI-095,PROD-024,2026-08-21 08:10:00,La Paz,CAM-09,CHO-084,30,30.0,24,24.4,0,1,0,,False
7394,ORD-2026-07394,CLI-095,PROD-054,2026-08-17 18:49:00,Cochabamba,CAM-17,CHO-058,310,310.0,48,44.4,1,1,1,,False
7395,ORD-2026-07395,CLI-002,PROD-055,2026-08-22 09:27:00,Santa Cruz,CAM-04,CHO-104,125,125.0,48,33.5,1,1,1,,False
7396,ORD-2026-07396,CLI-041,PROD-013,2026-08-18 08:25:00,Tarija,CAM-12,CHO-048,466,466.0,24,13.7,1,1,1,,False
7397,ORD-2026-07397,CLI-048,PROD-028,2026-08-28 10:07:00,Santa Cruz,CAM-21,CHO-075,112,112.0,72,57.1,1,1,1,,False
7398,ORD-2026-07398,CLI-036,PROD-047,2026-08-26 06:37:00,Cochabamba,CAM-17,CHO-145,347,347.0,48,50.9,0,1,0,,False
7399,ORD-2026-07399,CLI-051,PROD-039,2026-08-30 14:06:00,Cochabamba,CAM-08,CHO-135,423,423.0,24,24.5,0,1,0,,False
7400,ORD-2026-07400,CLI-036,PROD-048,2026-08-20 00:45:00,La Paz,CAM-28,CHO-107,86,86.0,72,59.8,1,1,1,,False
7401,ORD-2026-07401,CLI-029,PROD-002,2026-08-17 15:18:00,Santa Cruz,CAM-20,CHO-034,63,63.0,24,19.8,1,1,1,,False
7402,ORD-2026-07402,CLI-065,PROD-009,2026-08-09 00:35:00,Cochabamba,CAM-22,CHO-054,94,94.0,24,19.5,1,1,1,,False
7403,ORD-2026-07403,CLI-039,PROD-036,2026-08-29 10:08:00,Tarija,CAM-12,CHO-050,434,434.0,48,40.6,1,1,1,,False
7404,ORD-2026-07404,CLI-088,PROD-005,2026-08-19 02:31:00,Oruro,CAM-24,CHO-117,42,42.0,72,70.8,1,1,1,,False
7405,ORD-2026-07405,CLI-090,PROD-033,2026-08-04 11:48:00,Cochabamba,CAM-23,CHO-055,82,82.0,48,23.9,1,1,1,,False
7406,ORD-2026-07406,CLI-078,PROD-041,2026-08-21 04:14:00,Tarija,CAM-03,CHO-056,232,232.0,48,50.8,0,1,0,,False
7407,ORD-2026-07407,CLI-025,PROD-028,2026-08-11 17:41:00,Cochabamba,CAM-01,CHO-069,173,173.0,72,62.5,1,1,1,,False
7408,ORD-2026-07408,CLI-022,PROD-036,2026-08-07 16:25:00,La Paz,CAM-28,CHO-107,444,444.0,24,25.0,0,1,0,,False
7409,ORD-2026-07409,CLI-042,PROD-041,2026-08-08 16:20:00,Oruro,CAM-24,CHO-110,280,280.0,48,48.1,0,1,0,,False
7410,ORD-2026-07410,CLI-028,PROD-024,2026-08-05 01:35:00,Tarija,CAM-03,CHO-061,257,252.0,48,39.3,1,0,0,,False
7411,ORD-2026-07411,CLI-069,PROD-045,2026-08-05 16:26:00,Tarija,CAM-03,CHO-082,134,134.0,72,63.9,1,1,1,,False
7412,ORD-2026-07412,CLI-082,PROD-051,2026-08-06 23:05:00,Cochabamba,CAM-08,CHO-073,241,241.0,48,24.1,1,1,1,,False
7413,ORD-2026-07413,CLI-100,PROD-029,2026-08-08 12:13:00,La Paz,CAM-09,CHO-071,16,16.0,72,89.3,0,1,0,,False
7414,ORD-2026-07414,CLI-092,PROD-013,2026-08-26 17:05:00,Cochabamba,CAM-01,CHO-145,499,499.0,48,35.1,1,1,1,,False
7415,ORD-2026-07415,CLI-005,PROD-013,2026-08-16 04:52:00,La Paz,CAM-09,CHO-139,449,449.0,72,40.0,1,1,1,,False
7416,ORD-2026-07416,CLI-062,PROD-028,2026-08-18 08:44:00,Oruro,CAM-05,CHO-098,312,312.0,24,14.8,1,1,1,,False
7417,ORD-2026-07417,CLI-092,PROD-042,2026-08-11 07:32:00,Cochabamba,CAM-23,CHO-145,360,360.0,48,38.0,1,1,1,,False
7418,ORD-2026-07418,CLI-048,PROD-003,2026-08-13 02:32:00,Tarija,CAM-12,CHO-036,324,324.0,48,49.0,0,1,0,,False
7419,ORD-2026-07419,CLI-009,PROD-049,2026-08-12 19:21:00,Tarija,CAM-03,CHO-026,371,371.0,48,39.2,1,1,1,,False
7420,ORD-2026-07420,CLI-094,PROD-049,2026-08-19 00:57:00,Oruro,CAM-05,CHO-117,54,54.0,48,25.3,1,1,1,,False
7421,ORD-2026-07421,CLI-001,PROD-050,2026-08-26 16:21:00,Cochabamba,CAM-23,CHO-090,160,160.0,24,18.0,1,1,1,,False
7422,ORD-2026-07422,CLI-032,PROD-009,2026-08-15 09:52:00,Santa Cruz,CAM-11,CHO-121,132,132.0,24,21.5,1,1,1,,False
7423,ORD-2026-07423,CLI-009,PROD-057,2026-08-09 13:29:00,Cochabamba,CAM-08,CHO-041,388,388.0,24,17.3,1,1,1,,False
7424,ORD-2026-07424,CLI-050,PROD-034,2026-08-29 07:10:00,Tarija,CAM-03,CHO-043,337,337.0,72,55.9,1,1,1,,False
7425,ORD-2026-07425,CLI-018,PROD-057,2026-08-23 06:23:00,La Paz,CAM-28,CHO-007,363,363.0,72,76.4,0,1,0,,False
7426,ORD-2026-07426,CLI-086,PROD-015,2026-08-27 18:01:00,Cochabamba,CAM-22,CHO-140,117,117.0,48,41.9,1,1,1,,False
7427,ORD-2026-07427,CLI-048,PROD-003,2026-08-17 13:15:00,Santa Cruz,CAM-20,CHO-034,123,123.0,48,40.9,1,1,1,,False
7428,ORD-2026-07428,CLI-059,PROD-029,2026-08-03 02:46:00,Tarija,CAM-26,CHO-026,449,449.0,24,19.0,1,1,1,,False
7429,ORD-2026-07429,CLI-014,PROD-033,2026-08-13 05:25:00,La Paz,CAM-09,CHO-007,268,268.0,48,42.0,1,1,1,,False
7430,ORD-2026-07430,CLI-073,PROD-036,2026-08-22 23:21:00,La Paz,CAM-09,CHO-139,95,95.0,24,18.4,1,1,1,,False
7431,ORD-2026-07431,CLI-087,PROD-058,2026-08-10 11:14:00,Cochabamba,CAM-23,CHO-077,173,173.0,48,34.6,1,1,1,,False
7432,ORD-2026-07432,CLI-059,PROD-050,2026-08-23 11:55:00,Oruro,CAM-05,CHO-051,489,489.0,48,33.5,1,1,1,,False
7433,ORD-2026-07433,CLI-091,PROD-032,2026-08-09 01:48:00,La Paz,CAM-15,CHO-102,341,341.0,48,36.7,1,1,1,,False
7434,ORD-2026-07434,CLI-031,PROD-030,2026-08-25 23:43:00,Santa Cruz,CAM-18,CHO-074,215,215.0,72,59.5,1,1,1,,False
7435,ORD-2026-07435,CLI-061,PROD-003,2026-08-27 08:21:00,Tarija,CAM-12,CHO-122,404,404.0,48,31.9,1,1,1,,False
7436,ORD-2026-07436,CLI-019,PROD-003,2026-08-18 22:21:00,Tarija,CAM-12,CHO-010,486,486.0,72,72.0,1,1,1,,False
7437,ORD-2026-07437,CLI-021,PROD-048,2026-08-28 09:09:00,Santa Cruz,CAM-21,CHO-024,345,345.0,48,33.5,1,1,1,,False
7438,ORD-2026-07438,CLI-099,PROD-027,2026-08-11 03:00:00,Tarija,CAM-12,CHO-010,332,332.0,72,65.9,1,1,1,,False
7439,ORD-2026-07439,CLI-091,PROD-003,2026-08-09 13:22:00,Tarija,CAM-12,CHO-045,56,56.0,24,22.1,1,1,1,,False
7440,ORD-2026-07440,CLI-065,PROD-049,02/08/2026 02:48,La Paz,CAM-28,CHO-126,354,354.0,24,14.2,1,1,1,fecha_despacho,True
7441,ORD-2026-07441,CLI-072,PROD-043,2026-08-16 20:57:00,Santa Cruz,CAM-14,CHO-004,359,359.0,48,27.5,1,1,1,,False
7442,ORD-2026-07442,CLI-054,PROD-002,2026-08-21 00:38:00,Tarija,CAM-12,CHO-082,350,335.0,48,29.1,1,0,0,,False
7443,ORD-2026-07443,CLI-076,PROD-052,2026-08-03 20:46:00,Santa Cruz,CAM-14,CHO-085,417,417.0,24,23.9,1,1,1,,False
7444,ORD-2026-07444,CLI-057,PROD-007,2026-08-15 05:49:00,Oruro,CAM-07,CHO-144,82,82.0,72,76.5,0,1,0,,False
7445,ORD-2026-07445,CLI-068,PROD-005,2026-08-23 07:34:00,Cochabamba,CAM-08,CHO-143,368,368.0,72,63.4,1,1,1,,False
7446,ORD-2026-07446,CLI-003,PROD-010,2026-08-07 14:04:00,La Paz,CAM-15,CHO-091,373,373.0,48,37.0,1,1,1,,False
7447,ORD-2026-07447,CLI-083,PROD-007,2026-08-29 13:27:00,Cochabamba,CAM-08,CHO-087,203,203.0,48,23.3,1,1,1,,False
7448,ORD-2026-07448,CLI-021,PROD-051,2026-08-21 12:01:00,La Paz,CAM-09,CHO-057,255,255.0,72,42.2,1,1,1,,False
7449,ORD-2026-07449,CLI-093,PROD-054,2026-08-14 05:08:00,La Paz,CAM-15,CHO-071,76,76.0,72,55.8,1,1,1,,False
7450,ORD-2026-07450,CLI-001,PROD-051,2026-08-20 14:11:00,Oruro,CAM-05,CHO-022,267,267.0,24,27.9,0,1,0,,False
7451,ORD-2026-07451,CLI-041,PROD-015,2026-08-24 21:04:00,Oruro,CAM-05,CHO-117,400,400.0,48,41.5,1,1,1,,False
7452,ORD-2026-07452,CLI-031,PROD-011,2026-08-21 17:34:00,Cochabamba,CAM-23,CHO-014,127,127.0,24,10.8,1,1,1,,False
7453,ORD-2026-07453,CLI-087,PROD-021,2026-08-19 19:46:00,Santa Cruz,CAM-21,CHO-029,376,365.0,24,21.9,1,0,0,,False
7454,ORD-2026-07454,CLI-042,PROD-045,2026-08-05 08:29:00,Tarija,CAM-26,CHO-050,65,65.0,24,21.7,1,1,1,,False
7455,ORD-2026-07455,CLI-013,PROD-028,2026-08-25 18:04:00,La Paz,CAM-27,CHO-148,240,,24,18.7,1,1,1,cantidad_entregada,True
7456,ORD-2026-07456,CLI-014,PROD-045,2026-08-10 23:35:00,Cochabamba,CAM-22,CHO-058,344,344.0,48,37.0,1,1,1,,False
7457,ORD-2026-07457,CLI-004,PROD-045,2026-08-01 10:25:00,Cochabamba,CAM-01,CHO-068,242,242.0,48,35.0,1,1,1,,False
7458,ORD-2026-07458,CLI-049,PROD-052,2026-08-01 06:19:00,Tarija,CAM-12,CHO-009,16,16.0,48,36.0,1,1,1,,False
7459,ORD-2026-07459,CLI-016,PROD-043,2026-08-21 02:59:00,Santa Cruz,CAM-20,CHO-100,53,53.0,48,41.8,1,1,1,,False
7460,ORD-2026-07460,CLI-058,PROD-007,2026-08-23 15:26:00,Cochabamba,CAM-17,CHO-108,226,226.0,24,20.9,1,1,1,,False
7461,ORD-2026-07461,CLI-097,PROD-051,2026-08-25 02:23:00,Oruro,CAM-05,CHO-051,146,146.0,48,50.1,0,1,0,,False
7462,ORD-2026-07462,CLI-071,PROD-051,2026-08-05 03:21:00,Santa Cruz,CAM-13,CHO-013,280,280.0,24,25.5,0,1,0,,False
7463,ORD-2026-07463,CLI-091,PROD-039,2026-08-22 09:13:00,Oruro,CAM-07,CHO-150,491,491.0,24,17.3,1,1,1,,False
7464,ORD-2026-07464,CLI-038,PROD-015,2026-08-28 07:44:00,Santa Cruz,CAM-14,CHO-035,160,160.0,24,31.4,0,1,0,,False
7465,ORD-2026-07465, cli-099 ,PROD-048,2026-08-18 22:03:00,Oruro,CAM-24,CHO-117,390,390.0,24,25.5,0,1,0,cliente_id,True
7466,ORD-2026-07466,CLI-003,PROD-002,2026-08-05 09:59:00,Oruro,CAM-05,CHO-032,237,237.0,72,63.8,1,1,1,,False
7467,ORD-2026-07467,CLI-034,PROD-006,2026-08-06 20:09:00,Santa Cruz,CAM-21,CHO-020,187,187.0,48,34.0,1,1,1,,False
7468,ORD-2026-07468,CLI-013,PROD-058,2026-08-07 06:35:00,La Paz,CAM-27,CHO-052,151,151.0,48,65.4,0,1,0,,False
7469,ORD-2026-07469,CLI-015,PROD-059,2026-08-12 21:44:00,Cochabamba,CAM-08,CHO-125,404,395.0,24,12.9,1,0,0,,False
7470,ORD-2026-07470,CLI-051,PROD-058,2026-08-21 11:05:00,La Paz,CAM-27,CHO-039,251,251.0,72,62.7,1,1,1,,False
7471,ORD-2026-07471,CLI-011,PROD-019,2026-08-25 02:40:00,Tarija,CAM-12,CHO-009,97,97.0,24,20.6,1,1,1,,False
7472,ORD-2026-07472,CLI-083,PROD-051,2026-08-07 05:59:00,Santa Cruz,CAM-14,CHO-075,313,294.0,72,40.2,1,0,0,,False
7473,ORD-2026-07473,CLI-025,PROD-034,2026-08-14 09:14:00,Cochabamba,CAM-08,CHO-058,171,171.0,48,41.4,1,1,1,,False
7474,ORD-2026-07474,CLI-097,PROD-021,2026-08-09 12:58:00,Oruro,CAM-07,CHO-051,32,32.0,48,37.0,1,1,1,,False
7475,ORD-2026-07475,CLI-064,PROD-046,2026-08-21 04:22:00,Cochabamba,CAM-17,CHO-058,414,414.0,24,18.6,1,1,1,,False
7476,ORD-2026-07476,CLI-014,PROD-057,2026-08-27 08:33:00,Santa Cruz,CAM-21,CHO-099,211,211.0,24,19.3,1,1,1,,False
7477,ORD-2026-07477,CLI-074,PROD-002,2026-08-13 23:08:00,Oruro,CAM-05,CHO-098,390,390.0,72,39.1,1,1,1,,False
7478,ORD-2026-07478,CLI-052,PROD-024,2026-08-14 17:28:00,La Paz,CAM-27,CHO-002,469,469.0,24,15.8,1,1,1,,False
7479,ORD-2026-07479,CLI-017,PROD-016,2026-08-28 11:44:00,Tarija,CAM-03,CHO-043,12,12.0,48,51.5,0,1,0,,False
7480,ORD-2026-07480,CLI-063,PROD-043,2026-08-29 03:09:00,Oruro,CAM-05,CHO-150,194,194.0,24,24.7,0,1,0,,False
7481,ORD-2026-07481,CLI-080,PROD-044,2026-08-30 17:19:00,Oruro,CAM-02,CHO-119,252,252.0,48,35.7,1,1,1,,False
7482,ORD-2026-07482,CLI-037,PROD-054,2026-08-28 00:39:00,Oruro,CAM-07,CHO-051,405,405.0,48,37.9,1,1,1,,False
7483,ORD-2026-07483,CLI-035,PROD-001,2026-08-19 22:51:00,Santa Cruz,CAM-14,CHO-011,320,320.0,48,42.4,1,1,1,,False
7484,ORD-2026-07484,CLI-069,PROD-019,2026-08-05 22:38:00,La Paz,CAM-28,CHO-148,125,125.0,72,90.5,0,1,0,,False
7485,ORD-2026-07485,CLI-095,PROD-001,2026-08-13 03:07:00,Santa Cruz,CAM-20,CHO-099,126,126.0,24,18.4,1,1,1,,False
7486,ORD-2026-07486,CLI-010,PROD-023,2026-08-10 17:49:00,Cochabamba,CAM-23,CHO-140,482,482.0,24,18.5,1,1,1,,False
7487,ORD-2026-07487,CLI-060,PROD-037,2026-08-14 16:57:00,Tarija,CAM-03,CHO-088,310,297.0,48,38.1,1,0,0,,False
7488,ORD-2026-07488,CLI-055,PROD-002,2026-08-25 01:21:00,Tarija,CAM-12,CHO-036,147,147.0,24,24.8,0,1,0,,False
7489,ORD-2026-07489,CLI-061,PROD-048,2026-08-11 03:24:00,La Paz,CAM-27,CHO-107,100,100.0,72,59.8,1,1,1,,False
7490,ORD-2026-07490,CLI-015,PROD-055,2026-08-05 15:11:00,Cochabamba,CAM-08,CHO-058,293,293.0,24,-19.0,1,1,1,tiempo_entrega_real_hrs,True
7491,ORD-2026-07491,CLI-055,PROD-013,2026-08-19 03:26:00,Oruro,CAM-05,CHO-117,292,287.0,48,37.2,1,0,0,,False
7492,ORD-2026-07492,CLI-004,PROD-036,2026-08-07 07:06:00,Santa Cruz,CAM-20,CHO-079,460,460.0,48,43.9,1,1,1,,False
7493,ORD-2026-07493,CLI-075,PROD-023,2026-08-10 05:34:00,Oruro,CAM-05,CHO-118,373,373.0,48,38.4,1,1,1,,False
7494,ORD-2026-07494,CLI-066,PROD-043,2026-08-21 21:34:00,Cochabamba,CAM-01,CHO-054,26,26.0,24,13.0,1,1,1,,False
7495,ORD-2026-07495,CLI-011,PROD-036,2026-08-27 15:12:00,Santa Cruz,CAM-14,CHO-037,448,448.0,48,44.9,1,1,1,,False
7496,ORD-2026-07496,CLI-091,PROD-010,2026-08-04 21:06:00,Cochabamba,CAM-17,CHO-143,48,48.0,48,44.4,1,1,1,,False
7497,ORD-2026-07497,CLI-029,PROD-049,2026-08-16 21:44:00,Oruro,CAM-05,CHO-098,208,208.0,24,20.4,1,1,1,,False
7498,ORD-2026-07498,CLI-044,PROD-024,2026-08-21 16:19:00,Oruro,CAM-16,CHO-022,23,23.0,48,36.0,1,1,1,,False
7499,ORD-2026-07499,CLI-069,PROD-059,2026-08-16 06:37:00,Oruro,CAM-05,CHO-051,167,167.0,24,18.6,1,1,1,,False
7500,ORD-2026-07500,CLI-008,PROD-005,2026-08-21 21:59:00,La Paz,CAM-27,CHO-139,396,396.0,24,19.2,1,1,1,,False
7501,ORD-2026-00866,CLI-007,PROD-057,2026-08-05 00:56:00,Santa Cruz,CAM-11,CHO-030,206,206.0,72,63.2,1,1,1,order_id,True
7502,ORD-2026-06883,CLI-049,PROD-023,2026-08-21 16:56:00,Oruro,CAM-05,CHO-110,337,337.0,48,35.6,1,1,1,order_id,True
7503,ORD-2026-04429,CLI-010,PROD-019,2026-08-06 00:20:00,La Paz,CAM-09,CHO-052,94,94.0,72,42.0,1,1,1,order_id,True
7504,ORD-2026-03573,CLI-045,PROD-003,2026-08-12 20:58:00,Tarija,CAM-26,CHO-008,435,435.0,48,47.2,1,1,1,order_id,True
7505,ORD-2026-01161,CLI-037,PROD-007,2026-08-09 08:13:00,Cochabamba,CAM-22,CHO-112,451,451.0,48,31.1,1,1,1,order_id,True
7506,ORD-2026-00505,CLI-006,PROD-034,2026-08-04 11:01:00,Cochabamba,CAM-08,CHO-068,331,331.0,24,19.3,1,1,1,order_id,True
7507,ORD-2026-03394,CLI-094,PROD-012,2026-08-17 18:19:00,Tarija,CAM-12,CHO-010,218,218.0,24,19.1,1,1,1,order_id,True
7508,ORD-2026-02354,CLI-004,PROD-060,2026-08-21 22:28:00,Tarija,CAM-12,CHO-031,243,243.0,48,34.3,1,1,1,order_id,True
7509,ORD-2026-06785,CLI-010,PROD-019,2026-08-12 18:39:00,Tarija,CAM-03,CHO-105,245,245.0,24,19.4,1,1,1,order_id,True
7510,ORD-2026-04855,CLI-029,PROD-016,2026-08-09 12:28:00,La Paz,CAM-28,CHO-126,435,419.0,48,39.4,1,0,0,order_id,True
7511,ORD-2026-00959,CLI-012,PROD-045,2026-08-10 13:56:00,Oruro,CAM-07,CHO-150,121,121.0,48,38.6,1,1,1,order_id,True
7512,ORD-2026-00634,CLI-090,PROD-038,2026-08-07 20:34:00,Cochabamba,CAM-19,CHO-140,347,347.0,48,52.5,0,1,0,order_id,True
7513,ORD-2026-02996,CLI-006,PROD-058,2026-08-06 12:59:00,Tarija,CAM-12,CHO-009,389,389.0,72,63.5,1,1,1,order_id,True
7514,ORD-2026-01428,CLI-093,PROD-046,2026-08-29 04:08:00,Santa Cruz,CAM-06,CHO-129,296,296.0,72,70.8,1,1,1,order_id,True
7515,ORD-2026-05440,CLI-015,PROD-034,2026-08-10 13:16:00,Oruro,CAM-02,CHO-136,197,197.0,72,58.7,1,1,1,order_id,True
7516,ORD-2026-01466,CLI-035,PROD-033,2026-08-19 13:09:00,La Paz,CAM-09,CHO-137,486,486.0,72,87.2,0,1,0,order_id,True
7517,ORD-2026-05397,CLI-009,PROD-037,24/08/2026 03:55,Oruro,CAM-16,CHO-038,377,364.0,24,14.9,1,0,0,fecha_despacho|order_id,True
7518,ORD-2026-00963,CLI-025,PROD-053,2026-08-16 07:58:00,Oruro,CAM-02,CHO-032,364,364.0,72,70.3,1,1,1,order_id,True
7519,ORD-2026-02362,CLI-074,PROD-032,2026-08-23 04:12:00,Oruro,CAM-05,CHO-117,437,437.0,24,20.4,1,1,1,order_id,True
7520,ORD-2026-01743,CLI-069,PROD-021,2026-08-24 13:22:00,Tarija,CAM-12,CHO-132,346,346.0,72,62.0,1,1,1,order_id,True
7521,ORD-2026-06102,CLI-075,PROD-021,2026-08-14 11:38:00,Santa Cruz,CAM-06,CHO-113,212,212.0,48,31.9,1,1,1,order_id,True
7522,ORD-2026-02799,CLI-041,PROD-033,2026-08-01 03:58:00,Santa Cruz,CAM-10,CHO-024,39,39.0,48,41.5,1,1,1,order_id,True
7523,ORD-2026-05945,CLI-026,PROD-030,2026-08-28 08:01:00,Cochabamba,CAM-08,CHO-094,464,464.0,72,60.7,1,1,1,order_id,True
7524,ORD-2026-03487,CLI-053,PROD-033,2026-08-25 20:08:00,Tarija,CAM-12,CHO-045,466,459.0,24,19.5,1,0,0,order_id,True
7525,ORD-2026-06587,CLI-018,PROD-017,2026-08-22 16:47:00,Tarija,CAM-03,CHO-050,265,265.0,72,52.8,1,1,1,order_id,True
7526,ORD-2026-01910,CLI-096,PROD-012,2026-08-29 10:28:00,Santa Cruz,CAM-20,CHO-024,251,251.0,48,47.3,1,1,1,order_id,True
7527,ORD-2026-04468,CLI-061,PROD-010,2026-08-27 14:21:00,Tarija,CAM-26,CHO-008,176,176.0,24,17.3,1,1,1,order_id,True
7528,ORD-2026-03584,CLI-044,PROD-048,2026-08-04 17:01:00,Oruro,CAM-24,CHO-117,26,26.0,24,17.0,1,1,1,order_id,True
7529,ORD-2026-06978,CLI-035,PROD-011,2026-08-26 22:17:00,Oruro,CAM-05,CHO-150,96,96.0,48,41.8,1,1,1,order_id,True
7530,ORD-2026-04440,CLI-023,PROD-022,2026-08-25 13:35:00,La Paz,CAM-28,CHO-072,206,206.0,48,41.6,1,1,1,order_id,True
7531,ORD-2026-00316,CLI-048,PROD-030,2026-08-05 16:41:00,Santa Cruz,CAM-13,CHO-106,151,151.0,72,75.7,0,1,0,order_id,True
7532,ORD-2026-03160,CLI-091,PROD-028,2026-08-19 16:11:00,Santa Cruz,CAM-04,CHO-085,141,141.0,48,35.1,1,1,1,order_id,True
7533,ORD-2026-00363,CLI-042,PROD-008,2026-08-04 09:19:00,Cochabamba,CAM-23,CHO-140,487,471.0,72,48.9,1,0,0,order_id,True
7534,ORD-2026-01565,CLI-068,PROD-015,2026-08-09 07:11:00,La Paz,CAM-28,CHO-072,292,292.0,48,48.1,0,1,0,order_id,True
7535,ORD-2026-04279,CLI-090,PROD-055,2026-08-11 22:03:00,Cochabamba,CAM-22,CHO-090,171,171.0,48,35.3,1,1,1,order_id,True
7536,ORD-2026-00707,CLI-095,PROD-048,2026-08-11 15:37:00,Cochabamba,CAM-19,CHO-090,366,366.0,72,67.8,1,1,1,order_id,True
7537,ORD-2026-02597,CLI-077,PROD-043,2026-08-03 10:58:00,Santa Cruz,CAM-14,CHO-020,442,442.0,24,18.0,1,1,1,order_id,True
7538,ORD-2026-07407,CLI-025,PROD-028,2026-08-11 17:41:00,Cochabamba,CAM-01,CHO-069,173,173.0,72,62.5,1,1,1,order_id,True
7539,ORD-2026-01327,CLI-086,PROD-026,2026-08-04 06:50:00,La Paz,CAM-15,CHO-148,205,205.0,24,13.8,1,1,1,order_id,True
7540,ORD-2026-02320,CLI-021,PROD-013,2026-08-11 14:43:00,Tarija,CAM-12,CHO-009,162,162.0,48,31.1,1,1,1,order_id,True
7541,ORD-2026-00077,CLI-055,PROD-014,2026-08-29 09:30:00,Oruro,CAM-16,CHO-110,236,217.0,48,46.9,1,0,0,order_id,True
7542,ORD-2026-06953,CLI-059,PROD-020,2026-08-11 16:10:00,Santa Cruz,CAM-14,CHO-079,216,216.0,24,17.5,1,1,1,order_id,True
7543,ORD-2026-00738,CLI-042,PROD-060,2026-08-29 03:06:00,Tarija,CAM-12,CHO-122,130,130.0,24,19.5,1,1,1,order_id,True
7544,ORD-2026-04965,CLI-061,PROD-022,2026-08-01 06:29:00,Oruro,CAM-05,CHO-038,17,17.0,24,17.6,1,1,1,order_id,True
7545,ORD-2026-03955,CLI-064,PROD-030,2026-08-18 11:59:00,Oruro,CAM-05,CHO-150,431,429.0,72,69.2,1,0,0,order_id,True
7546,ORD-2026-04759,CLI-012,PROD-019,2026-08-28 07:10:00,Cochabamba,CAM-22,CHO-019,408,408.0,24,15.5,1,1,1,order_id,True
7547,ORD-2026-01598,CLI-071,PROD-039,2026-08-30 23:43:00,Tarija,CAM-26,CHO-036,444,439.0,24,16.3,1,0,0,order_id,True
7548,ORD-2026-00139,CLI-070,PROD-054,2026-08-06 13:41:00,Cochabamba,CAM-08,CHO-135,397,397.0,72,71.6,1,1,1,order_id,True
7549,ORD-2026-04209,CLI-048,PROD-046,2026-08-30 21:10:00,Santa Cruz,CAM-21,CHO-099,473,473.0,24,23.7,1,1,1,order_id,True
7550,ORD-2026-05949,CLI-046,PROD-010,2026-08-07 12:36:00,La Paz,CAM-28,CHO-039,23,23.0,72,66.8,1,1,1,order_id,True
