viaje_id,camion_id,producto_id,categoria_logistica,tipo_camion,centro_distribucion,lecturas,duracion_min,temp_media_c,temp_std_c,temp_min_c,temp_max_c,humedad_media_pct,humedad_std_pct,desvio_actual_medio_c,desvio_actual_max_c,pendiente_abs_media,pendiente_abs_max,capacidad_kg,cantidad_solicitada,entrega_prometida_hrs,eventos_previos_24h_max,alertas_temp_previas_24h_max,fallas_motor_previas_24h_max,eventos_alta_previos_24h_max,lecturas_con_evento_previo_pct,tuvo_desviacion_futura,tasa_lecturas_desviacion_futura,max_desvio_futuro_c,cluster_mejor,cluster_k3
VIA-00001,CAM-20,PROD-045,Fresco,Refrigerado,Oruro,24,690.0,4.89375,2.502162217137323,2.13,9.9,80.13958333333333,6.383350952599895,-0.27374999999999994,3.9,0.044608695652173874,0.2,12000,349.0,72.0,1,0,0,0,0.125,1,0.25,3.9,0,0
VIA-00002,CAM-12,PROD-029,Seco,Seco,La Paz,24,690.0,19.297916666666666,1.5063055269697796,17.12,24.32,50.4375,7.817083438102787,-3.71875,-0.6799999999999997,0.05447826086956516,0.172,8000,479.0,24.0,1,0,0,0,1.0,0,0.0,-0.6799999999999997,2,2
VIA-00003,CAM-29,PROD-057,Seco,Seco,Santa Cruz,24,690.0,19.99833333333333,1.6274377478688409,16.67,22.64,48.17916666666667,7.167315862069054,-3.6391666666666667,-1.6700000000000017,0.0668405797101449,0.1399999999999999,5000,275.0,72.0,0,0,0,0,0.0,0,0.0,-1.6700000000000017,2,2
VIA-00004,CAM-10,PROD-048,Seco,Refrigerado,La Paz,24,690.0,19.515833333333333,1.900814280127396,15.99,23.92,48.60833333333333,6.618939667260957,-3.4808333333333334,-0.9900000000000002,0.056884057971014444,0.1933333333333333,12000,72.0,72.0,0,0,0,0,0.0,0,0.0,-0.9900000000000002,2,2
VIA-00005,CAM-25,PROD-009,Fresco,Refrigerado,Cochabamba,24,690.0,3.9483333333333337,1.06325041701161,2.04,6.91,78.00833333333334,8.557220021289256,-1.1508333333333334,0.91,0.03652173913043475,0.1193333333333333,2000,338.0,48.0,1,0,0,0,1.0,1,0.08333333333333333,0.91,1,1
VIA-00006,CAM-26,PROD-060,Congelado,Refrigerado,Tarija,23,660.0,-18.093961352657004,0.7231464037260243,-19.06111111111112,-16.4,68.74347826086957,5.6458211486627645,-1.4025603864734297,-0.3999999999999986,0.03226094276094275,0.063,8000,336.0,72.0,0,0,0,0,0.0,0,0.0,-0.3999999999999986,1,1
VIA-00008,CAM-28,PROD-004,Fresco,Refrigerado,La Paz,24,690.0,5.364999999999999,2.772634910662795,3.06,11.32,79.4375,7.672526509793126,-0.2875,5.32,0.040652173913043425,0.2523333333333333,2000,441.0,48.0,0,0,0,0,0.0,1,0.25,5.32,0,0
VIA-00009,CAM-20,PROD-043,Congelado,Refrigerado,Oruro,24,690.0,-18.069583333333334,0.8015120448071975,-20.07,-16.87,70.52708333333334,6.691736941714121,-1.3862499999999998,0.0700000000000002,0.03171014492753619,0.0813333333333333,12000,15.0,48.0,1,0,0,0,1.0,1,0.08333333333333333,0.0700000000000002,1,1
VIA-00010,CAM-14,PROD-059,Seco,Seco,Cochabamba,23,690.0,19.915434782608695,1.6243648500284364,15.3,22.72,49.33043478260869,7.460223904914816,-3.805869565217391,-0.3000000000000007,0.05995454545454541,0.2473333333333332,8000,130.0,72.0,0,0,0,0,0.0,0,0.0,-0.3000000000000007,2,2
VIA-00011,CAM-15,PROD-058,Congelado,Refrigerado,La Paz,24,690.0,-17.881666666666664,0.6943102092484802,-19.14,-16.81,72.04583333333333,7.024613816813154,-1.4016666666666666,-0.8099999999999987,0.026188405797101407,0.0653333333333333,2000,89.0,72.0,1,0,0,0,0.5,0,0.0,-0.8099999999999987,1,1
VIA-00013,CAM-01,PROD-052,Fresco,Refrigerado,Cochabamba,24,690.0,4.1875,0.879744281027163,2.08,5.63,79.60000000000001,6.938048842371352,-1.2975,-0.08,0.036101449275362275,0.1116666666666666,5000,404.0,72.0,0,0,0,0,0.0,0,0.0,-0.08,1,1
VIA-00015,CAM-15,PROD-037,Fresco,Refrigerado,La Paz,24,690.0,4.0125,1.0606734939978302,1.68,6.14,77.44583333333334,7.247367088132414,-1.1108333333333333,0.3200000000000003,0.041623188405797054,0.1233333333333333,2000,333.0,48.0,0,0,0,0,0.0,1,0.125,0.3200000000000003,1,1
VIA-00017,CAM-03,PROD-059,Seco,Seco,Oruro,24,690.0,20.175416666666667,2.1222772411741584,16.11,25.63,44.73333333333333,5.441520461005015,-3.452083333333333,0.629999999999999,0.08589855072463763,0.2206666666666667,12000,344.0,48.0,0,0,0,0,0.0,1,0.08333333333333333,0.629999999999999,2,2
VIA-00018,CAM-08,PROD-052,Fresco,Refrigerado,Santa Cruz,24,690.0,3.7564583333333332,0.833281203079607,1.46,4.99,79.62916666666666,6.8570800710979904,-1.350625,0.54,0.03133333333333329,0.086,5000,448.0,72.0,0,0,0,0,0.0,1,0.08333333333333333,0.54,1,1
VIA-00019,CAM-21,PROD-017,Seco,Seco,Tarija,24,690.0,19.93162037037037,1.3534583435899472,18.05,22.69,47.6875,6.059797133926829,-3.86662037037037,-2.3099999999999987,0.05536231884057967,0.1546666666666666,12000,355.0,48.0,1,0,0,0,0.6666666666666666,0,0.0,-2.3099999999999987,2,2
VIA-00023,CAM-12,PROD-012,Seco,Seco,La Paz,24,690.0,20.221666666666668,1.3705208995968952,18.09,23.4,48.05625,7.013268674448456,-3.9008333333333334,-1.6000000000000014,0.04746376811594197,0.1386666666666666,8000,207.0,24.0,1,0,0,0,0.2916666666666667,0,0.0,-1.6000000000000014,2,2
VIA-00025,CAM-24,PROD-052,Fresco,Refrigerado,Oruro,23,690.0,4.009130434782609,0.8492077219036056,2.24,5.24,78.42173913043479,7.905921631153742,-1.2856521739130435,-0.2400000000000002,0.02906818181818177,0.088,2000,376.0,72.0,0,0,0,0,0.0,0,0.0,-0.2400000000000002,1,1
VIA-00029,CAM-21,PROD-038,Seco,Seco,Tarija,24,690.0,19.682083333333335,1.46487268824073,16.44,22.42,50.57916666666667,6.133016788460328,-3.800416666666667,-1.4400000000000013,0.064695652173913,0.1590000000000001,12000,243.0,72.0,0,0,0,0,0.0,0,0.0,-1.4400000000000013,2,2
VIA-00030,CAM-16,PROD-012,Seco,Seco,Oruro,24,690.0,19.60875,1.894310273699501,16.31,23.57,44.21666666666667,6.519180174295502,-3.44875,-1.3099999999999987,0.08155072463768112,0.213,5000,262.0,48.0,2,1,0,0,0.7916666666666666,0,0.0,-1.3099999999999987,2,2
VIA-00033,CAM-19,PROD-035,Congelado,Refrigerado,Tarija,24,690.0,-18.089583333333334,0.7305476157243821,-19.83,-16.8,69.89583333333333,4.733550847216959,-1.42375,-0.1700000000000017,0.031246376811594135,0.0606666666666665,2000,10.0,48.0,0,0,0,0,0.0,0,0.0,-0.1700000000000017,1,1
VIA-00037,CAM-01,PROD-001,Fresco,Refrigerado,Cochabamba,24,690.0,3.9025,0.7515505710659566,2.36,5.46,76.41666666666667,7.395337348137243,-1.4116666666666668,-0.3599999999999999,0.02576811594202894,0.0826666666666666,5000,495.0,48.0,0,0,0,0,0.0,0,0.0,-0.3599999999999999,1,1
VIA-00039,CAM-30,PROD-039,Seco,Seco,Cochabamba,24,690.0,19.267500000000002,1.8239332796721632,15.73,22.61,47.62916666666666,6.673925848545523,-3.47,-0.7300000000000004,0.07011594202898545,0.1579999999999999,8000,140.0,48.0,2,0,0,0,1.0,0,0.0,-0.7300000000000004,2,2
VIA-00040,CAM-20,PROD-060,Congelado,Refrigerado,Oruro,24,690.0,-17.791666666666668,0.8730290431279635,-18.92,-15.04,72.68333333333334,7.728246702936526,-1.333333333333333,0.9600000000000009,0.03691304347826083,0.12,12000,166.0,24.0,1,0,0,0,0.5,1,0.08333333333333333,0.9600000000000009,1,1
VIA-00041,CAM-24,PROD-026,Fresco,Refrigerado,Oruro,24,690.0,3.810833333333333,0.7109143938353751,2.44,5.01,76.75833333333334,6.936664821121149,-1.4116666666666668,-0.4399999999999999,0.024144927536231826,0.0629999999999999,2000,268.0,72.0,0,0,0,0,0.0,0,0.0,-0.4399999999999999,1,1
VIA-00042,CAM-26,PROD-058,Congelado,Refrigerado,Tarija,24,690.0,-17.832916666666666,0.9240952292667803,-19.64,-16.34,70.3625,6.4383236070863346,-1.2545833333333334,-0.3399999999999998,0.0375507246376811,0.1036666666666666,8000,140.0,24.0,0,0,0,0,0.0,0,0.0,-0.3399999999999998,1,1
VIA-00043,CAM-19,PROD-034,Fresco,Refrigerado,Tarija,24,690.0,3.6666666666666665,0.93125285720795,2.04,5.43,77.83333333333333,4.943829414063792,-1.21,-0.04,0.03701449275362314,0.1129999999999999,2000,400.0,48.0,0,0,0,0,0.0,0,0.0,-0.3500000000000001,1,1
VIA-00045,CAM-22,PROD-039,Seco,Refrigerado,Cochabamba,24,690.0,19.793958333333332,1.688417691963761,16.17,22.36,50.17083333333333,6.59713239196406,-3.5810416666666662,-1.1700000000000017,0.06962318840579707,0.1869999999999999,8000,266.0,24.0,0,0,0,0,0.0,0,0.0,-1.1700000000000017,2,2
VIA-00046,CAM-09,PROD-033,Seco,Seco,Santa Cruz,23,690.0,19.869565217391305,1.8656499678051992,16.31,23.24,47.626086956521746,8.797324871867911,-3.54,-1.3099999999999987,0.0782954545454545,0.1616666666666667,8000,156.0,24.0,0,0,0,0,0.0,0,0.0,-1.7600000000000016,2,2
VIA-00048,CAM-03,PROD-051,Congelado,Seco,Oruro,24,690.0,-18.209629629629628,0.8708513283806952,-19.79,-15.94,69.08749999999999,6.8979715039687735,-1.3112037037037034,0.0600000000000005,0.029710144927536184,0.0786666666666666,12000,217.0,48.0,0,0,0,0,0.0,1,0.08333333333333333,0.0600000000000005,1,1
VIA-00049,CAM-08,PROD-016,Seco,Refrigerado,Santa Cruz,24,690.0,19.674375,1.7604133114623715,17.46,24.12,48.39166666666667,7.255997019956883,-3.6002083333333332,-0.879999999999999,0.06043478260869561,0.1876666666666667,5000,107.0,24.0,0,0,0,0,0.0,0,0.0,-0.879999999999999,2,2
VIA-00051,CAM-28,PROD-025,Congelado,Refrigerado,La Paz,23,690.0,-16.04304347826087,3.5914335385274883,-19.56,-8.17,68.70869565217392,6.55611533008258,0.34130434782608676,7.83,0.050189393939393874,0.2493333333333333,2000,194.0,24.0,0,0,0,0,0.0,1,0.21739130434782608,7.83,0,0
VIA-00053,CAM-19,PROD-011,Congelado,Refrigerado,Tarija,24,690.0,-18.22791666666667,0.6390344562164731,-19.46,-16.86,69.1875,7.310225863399367,-1.4437499999999999,-0.5399999999999991,0.02285507246376806,0.0519999999999999,2000,73.0,48.0,0,0,0,0,0.0,0,0.0,-0.5399999999999991,1,1
VIA-00054,CAM-10,PROD-041,Congelado,Refrigerado,La Paz,23,690.0,-16.315217391304348,3.191262032438545,-19.93,-9.75,70.40869565217392,7.945491176731975,0.16565217391304327,6.25,0.0510075757575757,0.2596666666666666,12000,386.0,24.0,0,0,0,0,0.0,1,0.21739130434782608,6.25,0,0
VIA-00055,CAM-20,PROD-025,Congelado,Refrigerado,Oruro,24,690.0,-18.00916666666667,0.9323785229963891,-20.39,-16.18,66.6875,8.254027343745861,-1.2874999999999999,0.3900000000000005,0.03855072463768111,0.1403333333333333,12000,112.0,72.0,0,0,0,0,0.0,1,0.08333333333333333,0.3900000000000005,1,1
VIA-00056,CAM-11,PROD-006,Seco,Refrigerado,Cochabamba,23,690.0,19.918695652173913,1.9182219616277851,16.97,24.21,49.50869565217391,7.11776989100827,-3.5195652173913037,-0.7899999999999991,0.06633333333333331,0.1836666666666667,2000,191.0,24.0,0,0,0,0,0.0,0,0.0,-0.7899999999999991,2,2
VIA-00060,CAM-27,PROD-006,Seco,Refrigerado,Cochabamba,24,690.0,20.29375,1.9540099516902034,15.02,23.61,47.975,6.539262689458126,-3.4687499999999996,-0.0199999999999995,0.06985507246376808,0.258,5000,372.0,24.0,1,1,0,0,1.0,0,0.0,-1.3900000000000006,2,2
VIA-00065,CAM-08,PROD-019,Seco,Refrigerado,Santa Cruz,24,690.0,19.77,1.8130205399445616,15.41,23.32,47.36666666666667,6.007217880738692,-3.641666666666666,-0.4100000000000001,0.07627536231884054,0.181,5000,330.0,72.0,0,0,0,0,0.0,0,0.0,-0.4100000000000001,2,2
VIA-00066,CAM-23,PROD-046,Seco,Seco,Santa Cruz,24,690.0,20.031666666666666,1.907770532793999,16.2,24.23,47.93333333333334,7.071108803444121,-3.6050000000000004,-0.7699999999999996,0.07882608695652167,0.2453333333333333,5000,221.0,24.0,0,0,0,0,0.0,0,0.0,-0.7699999999999996,2,2
VIA-00067,CAM-20,PROD-014,Seco,Refrigerado,Oruro,24,690.0,19.807083333333335,1.2533692997075025,16.35,21.67,49.979166666666664,6.240469545228752,-4.070416666666667,-1.3500000000000014,0.05102898550724633,0.1773333333333333,12000,389.0,48.0,1,0,0,0,1.0,0,0.0,-1.3500000000000014,2,2
VIA-00068,CAM-10,PROD-042,Seco,Refrigerado,La Paz,24,690.0,19.935,1.5317196928261068,17.26,23.54,46.76666666666667,7.707572034477954,-3.7925000000000004,-1.4600000000000009,0.04185507246376805,0.0893333333333333,12000,110.0,48.0,0,0,0,0,0.0,0,0.0,-1.4600000000000009,2,2
VIA-00069,CAM-19,PROD-027,Fresco,Refrigerado,Tarija,24,690.0,3.7883333333333336,0.7571322707178177,2.6,5.6,79.58333333333333,6.0461749796096695,-1.3708333333333333,-0.4000000000000003,0.028623188405797053,0.0909999999999999,2000,349.0,24.0,0,0,0,0,0.0,0,0.0,-0.4000000000000003,1,1
VIA-00071,CAM-10,PROD-026,Fresco,Refrigerado,La Paz,24,690.0,5.092083333333333,2.883622388543643,2.4,10.98,78.71249999999999,5.30752644426024,-0.10708333333333324,4.98,0.04414492753623184,0.2656666666666666,12000,243.0,48.0,0,0,0,0,0.0,1,0.25,4.98,0,0
VIA-00072,CAM-21,PROD-046,Seco,Seco,Tarija,24,690.0,20.333333333333332,2.110264081283105,15.55,24.07,47.24583333333334,6.133583899261129,-3.323333333333333,-0.5500000000000007,0.06515942028985501,0.1633333333333332,12000,164.0,48.0,0,0,0,0,0.0,0,0.0,-0.5500000000000007,2,2
VIA-00073,CAM-13,PROD-018,Seco,Seco,Cochabamba,24,690.0,20.372291666666666,1.629751901075121,17.68,23.83,47.90833333333333,8.00314702594177,-3.601875,-1.1700000000000017,0.056623188405797054,0.1739999999999999,12000,96.0,48.0,0,0,0,0,0.0,0,0.0,-1.1700000000000017,2,2
VIA-00074,CAM-15,PROD-032,Seco,Refrigerado,La Paz,24,690.0,19.69125,2.180738431975658,16.09,25.23,45.887499999999996,5.684709659520307,-3.2262500000000003,0.2300000000000004,0.08237681159420288,0.2243333333333333,2000,431.0,24.0,0,0,0,0,0.0,0,0.0,-1.09,2,2
VIA-00075,CAM-08,PROD-057,Seco,Refrigerado,Santa Cruz,24,690.0,19.802083333333332,1.7521514208107913,17.15,23.34,51.637499999999996,4.6714500588333285,-3.5812500000000003,-1.66,0.08220289855072459,0.1823333333333333,5000,252.0,24.0,0,0,0,0,0.0,0,0.0,-1.66,2,2
VIA-00076,CAM-01,PROD-024,Seco,Refrigerado,Cochabamba,24,690.0,20.705833333333334,3.460722363230301,16.87,28.6,47.199999999999996,6.484697706742087,-2.720833333333333,3.6000000000000014,0.08360869565217385,0.2653333333333333,5000,108.0,48.0,0,0,0,0,0.0,1,0.25,3.6000000000000014,2,2
VIA-00077,CAM-24,PROD-022,Fresco,Refrigerado,Oruro,24,690.0,4.0975,0.7300342457720735,2.68,5.53,78.02083333333333,5.742062889927633,-1.4483333333333333,-0.4699999999999997,0.024492753623188365,0.0876666666666666,2000,226.0,48.0,0,0,0,0,0.0,0,0.0,-0.4699999999999997,1,1
VIA-00078,CAM-10,PROD-036,Fresco,Refrigerado,La Paz,24,690.0,3.935416666666667,0.9155325329230959,2.25,5.31,79.10000000000001,7.562263291300858,-1.2470833333333333,-0.25,0.03617391304347821,0.0846666666666666,12000,189.0,24.0,1,1,0,0,0.4166666666666667,0,0.0,-0.25,1,1
VIA-00079,CAM-30,PROD-016,Seco,Seco,Cochabamba,24,690.0,19.603333333333335,2.209840967456544,14.97,23.91,48.63333333333333,5.184816181947022,-3.114166666666667,0.0299999999999993,0.07788405797101444,0.2029999999999999,8000,177.0,24.0,0,0,0,0,0.0,1,0.08333333333333333,0.0299999999999993,2,2
VIA-00080,CAM-13,PROD-005,Seco,Seco,Cochabamba,24,690.0,20.223333333333333,1.134290303561493,17.81,22.12,47.92083333333333,6.768467758444407,-4.0625,-2.8099999999999987,0.049115942028985476,0.1173333333333333,12000,248.0,24.0,0,0,0,0,0.0,0,0.0,-2.8099999999999987,2,2
VIA-00081,CAM-19,PROD-007,Seco,Refrigerado,Tarija,24,690.0,20.025833333333335,1.9494679690415124,16.3,23.58,48.112500000000004,6.478950028998592,-3.571666666666667,-1.3000000000000007,0.08740579710144925,0.2153333333333332,2000,400.0,48.0,0,0,0,0,0.0,0,0.0,-1.3000000000000007,2,2
VIA-00082,CAM-18,PROD-033,Seco,Seco,Santa Cruz,24,690.0,19.723541666666666,1.7594641471609842,15.66,23.09,50.02916666666667,6.5564093544552575,-3.622291666666666,-0.6600000000000001,0.06833333333333329,0.1959999999999999,2000,450.0,48.0,0,0,0,0,0.0,0,0.0,-0.6600000000000001,2,2
VIA-00083,CAM-29,PROD-038,Seco,Seco,Santa Cruz,24,690.0,19.725833333333334,1.3532566730625815,17.3,23.02,45.94583333333333,6.817048906755874,-3.9675,-1.9800000000000004,0.05534782608695648,0.1223333333333333,5000,334.0,72.0,0,0,0,0,0.0,0,0.0,-1.9800000000000004,2,2
VIA-00084,CAM-05,PROD-039,Seco,Seco,Cochabamba,24,690.0,19.858333333333334,1.8555994382846535,15.75,23.72,49.97083333333333,6.050402729439239,-3.608333333333333,-0.75,0.07891304347826082,0.2026666666666666,8000,223.0,48.0,0,0,0,0,0.0,0,0.0,-0.75,2,2
VIA-00085,CAM-19,PROD-056,Fresco,Refrigerado,Tarija,24,690.0,4.103750000000001,0.7078738066117128,2.66,5.61,77.22500000000001,6.306673484078798,-1.44125,-0.3899999999999997,0.030405797101449233,0.0643333333333333,2000,166.0,24.0,0,0,0,0,0.0,0,0.0,-0.3899999999999997,1,1
VIA-00086,CAM-20,PROD-054,Congelado,Refrigerado,Oruro,24,690.0,-16.334166666666665,3.2431317616138275,-19.33,-8.53,70.22916666666667,6.197859319549574,0.09583333333333337,7.470000000000001,0.05331884057971009,0.2939999999999999,12000,198.0,24.0,1,0,0,0,1.0,1,0.25,7.470000000000001,0,0
VIA-00088,CAM-18,PROD-014,Seco,Seco,Santa Cruz,24,690.0,20.654166666666665,2.065955756642867,17.18,24.5,47.050000000000004,7.89727525933718,-3.2325,-0.5,0.08781159420289851,0.188,2000,267.0,48.0,0,0,0,0,0.0,0,0.0,-0.5,2,2
VIA-00091,CAM-26,PROD-053,Fresco,Refrigerado,Tarija,23,660.0,4.046956521739131,0.8679832150796919,2.32,5.17,77.17391304347827,7.12398110043588,-1.28,-0.3199999999999998,0.034272727272727226,0.0913333333333333,8000,122.0,24.0,0,0,0,0,0.0,0,0.0,-0.3199999999999998,1,1
VIA-00092,CAM-28,PROD-060,Congelado,Refrigerado,La Paz,24,690.0,-17.955000000000002,0.7356511460574587,-20.11,-16.21,71.04166666666667,6.277628787082413,-1.485,0.1099999999999994,0.025898550724637644,0.1299999999999999,2000,230.0,24.0,0,0,0,0,0.0,1,0.08333333333333333,0.1099999999999994,1,1
VIA-00096,CAM-24,PROD-041,Congelado,Refrigerado,Oruro,24,690.0,-18.02875,0.6219556289220518,-18.89,-17.0,68.89999999999999,6.951946865259495,-1.4745833333333336,-1.0,0.01823188405797096,0.0589999999999999,2000,379.0,48.0,1,0,1,1,0.7083333333333334,0,0.0,-1.0,1,1
VIA-00097,CAM-20,PROD-054,Congelado,Refrigerado,Oruro,24,690.0,-17.903333333333332,0.7831189962699413,-19.61,-16.61,69.60416666666667,6.9823678036127195,-1.3666666666666665,-0.3900000000000005,0.03250724637681154,0.0949999999999999,12000,159.0,48.0,0,0,0,0,0.0,0,0.0,-0.3900000000000005,1,1
VIA-00099,CAM-25,PROD-050,Seco,Refrigerado,Cochabamba,24,690.0,19.759583333333335,1.48894032691087,17.23,22.91,48.487500000000004,6.376608918880616,-3.78125,-2.09,0.06646376811594198,0.1683333333333333,2000,242.0,24.0,0,0,0,0,0.0,0,0.0,-2.09,2,2
VIA-00100,CAM-26,PROD-044,Fresco,Refrigerado,Tarija,24,690.0,3.973333333333333,0.8122200744104778,2.43,6.01,81.95,5.741761583952828,-1.3783333333333332,0.0099999999999997,0.03215942028985502,0.1096666666666666,8000,336.0,24.0,0,0,0,0,0.0,1,0.08333333333333333,0.0099999999999997,1,1
VIA-00102,CAM-07,PROD-002,Seco,Seco,La Paz,24,690.0,20.114166666666666,1.679777202272778,16.32,23.76,48.82916666666667,8.537715770609264,-3.7075,-1.2399999999999984,0.06333333333333328,0.248,12000,191.0,48.0,0,0,0,0,0.0,0,0.0,-1.2399999999999984,2,2
VIA-00103,CAM-28,PROD-008,Congelado,Refrigerado,La Paz,24,690.0,-16.41,3.3072857648583645,-19.25,-9.38,70.71249999999999,8.884344437658667,0.06916666666666678,6.619999999999999,0.05320289855072459,0.2726666666666666,2000,357.0,24.0,1,0,1,1,0.375,1,0.25,6.619999999999999,0,0
VIA-00105,CAM-01,PROD-034,Fresco,Refrigerado,Cochabamba,24,690.0,3.827083333333333,1.0238099312676736,2.17,6.29,78.10000000000001,7.533403872954344,-1.1979166666666667,0.29,0.03286956521739124,0.0916666666666666,5000,311.0,24.0,0,0,0,0,0.0,1,0.08333333333333333,0.29,1,1
VIA-00107,CAM-08,PROD-025,Congelado,Refrigerado,Santa Cruz,24,690.0,-17.995416666666667,0.8332909047169891,-19.41,-16.24,73.44166666666666,7.519188015058348,-1.3029166666666663,-0.2399999999999984,0.03343478260869562,0.1056666666666667,5000,178.0,72.0,0,0,0,0,0.0,0,0.0,-0.2399999999999984,1,1
VIA-00109,CAM-18,PROD-005,Seco,Seco,Santa Cruz,24,690.0,20.16175925925926,1.4128457867132769,18.03,23.21,48.62708333333333,6.819074576488378,-3.790740740740741,-1.7899999999999991,0.05239774557165854,0.114,2000,305.0,72.0,0,0,0,0,0.0,0,0.0,-1.7899999999999991,2,2
VIA-00110,CAM-28,PROD-015,Fresco,Refrigerado,La Paz,24,690.0,4.095416666666667,0.7623589201868144,2.95,5.72,76.54166666666667,6.951441306080635,-1.36125,-0.2800000000000002,0.026449275362318794,0.0823333333333333,2000,373.0,48.0,0,0,0,0,0.0,0,0.0,-0.2800000000000002,1,1
VIA-00111,CAM-10,PROD-008,Congelado,Refrigerado,La Paz,24,690.0,-17.91875,0.853959129965934,-19.22,-16.49,68.60833333333333,8.416697517521303,-1.2554166666666666,-0.4899999999999984,0.026985507246376755,0.0686666666666666,12000,30.0,48.0,0,0,0,0,0.0,0,0.0,-0.5,1,1
VIA-00112,CAM-25,PROD-056,Fresco,Refrigerado,Cochabamba,24,690.0,5.3308333333333335,2.7719666800599025,2.25,12.1,77.11666666666666,7.6263083933279905,-0.2016666666666667,6.1,0.04905797101449271,0.2723333333333333,2000,253.0,24.0,0,0,0,0,0.0,1,0.25,6.1,0,0
VIA-00115,CAM-10,PROD-003,Seco,Refrigerado,La Paz,24,690.0,20.365,1.9725110899561502,16.15,24.33,47.550000000000004,7.656937746395351,-3.44,-0.6700000000000017,0.07799999999999996,0.1823333333333334,12000,182.0,24.0,0,0,0,0,0.0,0,0.0,-0.6700000000000017,2,2
VIA-00117,CAM-26,PROD-036,Fresco,Refrigerado,Tarija,24,690.0,4.218333333333333,0.776349689624276,2.4,5.77,78.77708333333334,7.432770844546214,-1.36,-0.2300000000000004,0.026840579710144873,0.0493333333333333,8000,318.0,48.0,0,0,0,0,0.0,0,0.0,-0.2300000000000004,1,1
VIA-00118,CAM-23,PROD-014,Seco,Seco,Santa Cruz,24,690.0,19.92657407407407,1.5984613816705346,16.87,23.78,47.45416666666667,7.3785811742453244,-3.6799074074074074,-1.2199999999999989,0.06944122383252815,0.1869999999999999,5000,37.0,24.0,0,0,0,0,0.0,0,0.0,-1.2199999999999989,2,2
VIA-00121,CAM-27,PROD-015,Fresco,Refrigerado,Cochabamba,24,690.0,4.1325,0.8884683938984673,2.57,5.79,77.82083333333334,5.966499167756631,-1.2941666666666667,-0.2099999999999999,0.034478260869565173,0.09,5000,201.0,48.0,0,0,0,0,0.0,0,0.0,-0.2099999999999999,1,1
VIA-00123,CAM-10,PROD-054,Congelado,Refrigerado,La Paz,24,690.0,-18.18166666666667,0.7270348754667323,-19.53,-17.0,68.67916666666666,8.605154126233408,-1.3933333333333338,-0.4699999999999988,0.02355072463768112,0.0663333333333332,12000,255.0,24.0,0,0,0,0,0.0,0,0.0,-0.4699999999999988,1,1
VIA-00124,CAM-18,PROD-029,Seco,Seco,Santa Cruz,23,690.0,20.08608695652174,1.9602289734769496,16.12,23.12,48.839130434782604,6.161075697874576,-3.4400000000000004,-1.120000000000001,0.07978030303030298,0.1766666666666667,2000,253.0,24.0,1,1,0,0,0.6086956521739131,0,0.0,-1.120000000000001,2,2
VIA-00126,CAM-20,PROD-036,Fresco,Refrigerado,Oruro,24,690.0,5.1137500000000005,2.7556153143843507,2.06,11.15,73.02291666666666,7.876767974993557,-0.21958333333333335,5.15,0.05476811594202894,0.2236666666666666,12000,148.0,72.0,1,0,1,0,1.0,1,0.25,5.15,0,0
VIA-00127,CAM-04,PROD-003,Seco,Seco,La Paz,24,690.0,19.995833333333334,1.568150161029304,17.27,22.03,48.99583333333334,6.1370208865799745,-3.689166666666667,-2.27,0.06452173913043473,0.1566666666666666,2000,303.0,72.0,0,0,0,0,0.0,0,0.0,-2.27,2,2
VIA-00128,CAM-06,PROD-019,Seco,Seco,Cochabamba,24,690.0,21.012083333333333,1.7692665617895649,16.41,24.4,47.77916666666667,5.795648980178947,-3.407083333333334,-0.6000000000000014,0.06153623188405792,0.1449999999999999,5000,27.0,72.0,0,0,0,0,0.0,0,0.0,-0.6000000000000014,2,2
VIA-00130,CAM-10,PROD-010,Seco,Refrigerado,La Paz,24,690.0,19.722916666666666,1.421950525546318,16.98,21.94,46.791666666666664,7.219413240439411,-3.8229166666666665,-1.9800000000000004,0.05189855072463762,0.106,12000,161.0,24.0,0,0,0,0,0.0,0,0.0,-1.9800000000000004,2,2
VIA-00131,CAM-02,PROD-058,Congelado,Refrigerado,Cochabamba,24,690.0,-17.909583333333334,0.7193081166417261,-19.54,-16.62,71.35000000000001,6.267792066693372,-1.4345833333333333,-0.4600000000000008,0.022753623188405757,0.0699999999999999,5000,401.0,48.0,1,1,0,0,1.0,0,0.0,-0.4600000000000008,1,1
VIA-00134,CAM-04,PROD-030,Seco,Seco,La Paz,24,690.0,20.552916666666665,1.8531183569668546,16.86,23.74,48.03541666666666,6.683504664579003,-3.497916666666667,-1.2600000000000016,0.0661884057971014,0.1539999999999999,2000,379.0,48.0,0,0,0,0,0.0,0,0.0,-1.2600000000000016,2,2
VIA-00135,CAM-12,PROD-010,Seco,Seco,La Paz,24,690.0,20.315,1.8414195847108075,17.38,23.86,45.824999999999996,7.384546143070029,-3.5575000000000006,-1.1400000000000006,0.055362318840579655,0.1866666666666666,8000,252.0,48.0,0,0,0,0,0.0,0,0.0,-1.1400000000000006,2,2
VIA-00136,CAM-05,PROD-052,Fresco,Seco,Cochabamba,24,690.0,5.07,2.624224937336571,2.25,11.14,78.8125,7.704279584298809,-0.34333333333333327,5.140000000000001,0.0390724637681159,0.2066666666666666,8000,229.0,24.0,1,0,0,0,0.6666666666666666,1,0.25,5.140000000000001,0,0
VIA-00139,CAM-23,PROD-002,Seco,Seco,Santa Cruz,24,690.0,19.936666666666667,1.156631791647314,18.17,22.23,50.416666666666664,9.10182335610822,-4.070833333333334,-2.77,0.045202898550724575,0.1183333333333332,5000,492.0,48.0,0,0,0,0,0.0,0,0.0,-2.77,2,2
VIA-00140,CAM-15,PROD-027,Fresco,Refrigerado,La Paz,23,690.0,3.962173913043478,0.7596348196920266,2.46,5.08,77.06304347826087,7.390783840077521,-1.3291304347826087,-0.4599999999999999,0.029568181818181768,0.0623333333333333,2000,60.0,48.0,0,0,0,0,0.0,0,0.0,-0.4599999999999999,1,1
VIA-00141,CAM-17,PROD-006,Seco,Seco,Cochabamba,24,690.0,21.426666666666666,2.850781230327645,15.77,29.18,47.8375,7.040615863625172,-2.839166666666667,4.18,0.06494202898550722,0.1843333333333333,8000,335.0,72.0,1,0,0,0,0.4583333333333333,1,0.25,4.18,2,2
VIA-00142,CAM-06,PROD-017,Seco,Seco,Cochabamba,24,690.0,20.032083333333333,1.787414891051774,16.77,24.12,49.36666666666667,6.501816914402143,-3.5420833333333337,-0.879999999999999,0.05795652173913039,0.1936666666666667,5000,279.0,48.0,0,0,0,0,0.0,0,0.0,-0.879999999999999,2,2
VIA-00143,CAM-19,PROD-047,Fresco,Refrigerado,Tarija,24,690.0,4.015324074074074,0.5385910307031762,2.96,5.15,76.60833333333333,5.335925547576105,-1.5638425925925923,-0.8499999999999996,0.02057326892109496,0.055,2000,459.0,24.0,0,0,0,0,0.0,0,0.0,-0.8499999999999996,1,1
VIA-00144,CAM-19,PROD-026,Fresco,Refrigerado,Tarija,24,690.0,5.09875,2.7904734092669807,2.25,11.44,78.92916666666666,7.109422967269302,-0.2562499999999999,5.44,0.04599999999999995,0.282,2000,376.0,72.0,0,0,0,0,0.0,1,0.25,5.44,0,0
VIA-00146,CAM-01,PROD-027,Fresco,Refrigerado,Cochabamba,24,690.0,5.049166666666667,2.409573147597555,2.11,9.98,78.94583333333334,4.987460725935958,-0.36166666666666664,3.98,0.048681159420289825,0.2036666666666667,5000,172.0,72.0,0,0,0,0,0.0,1,0.25,3.98,0,0
VIA-00147,CAM-18,PROD-051,Congelado,Seco,Santa Cruz,24,690.0,-16.618750000000002,3.3555707251232767,-20.17,-9.98,69.125,6.581148968009343,0.08541666666666677,6.02,0.05189855072463763,0.2716666666666666,2000,165.0,24.0,1,1,0,0,1.0,1,0.3333333333333333,6.02,0,0
VIA-00152,CAM-04,PROD-024,Seco,Seco,La Paz,24,690.0,20.195,2.0240424467107796,16.32,23.71,48.29583333333333,7.832678433925098,-3.3149999999999995,-1.2899999999999991,0.08604347826086953,0.1783333333333333,2000,117.0,48.0,0,0,0,0,0.0,0,0.0,-1.2899999999999991,2,2
VIA-00153,CAM-21,PROD-020,Seco,Seco,Tarija,24,690.0,19.480416666666667,1.890089666993436,15.21,23.24,46.93333333333334,7.379210907894448,-3.4804166666666663,-0.2100000000000008,0.05447826086956518,0.1613333333333333,12000,178.0,24.0,1,0,1,0,0.041666666666666664,0,0.0,-0.2100000000000008,2,2
VIA-00154,CAM-25,PROD-021,Fresco,Refrigerado,Cochabamba,24,690.0,4.225833333333333,0.736991042755236,2.56,5.41,76.82916666666667,6.133831993748789,-1.3691666666666666,-0.56,0.02297101449275356,0.0673333333333333,2000,236.0,24.0,0,0,0,0,0.0,0,0.0,-0.56,1,1
VIA-00155,CAM-02,PROD-036,Fresco,Refrigerado,Cochabamba,24,690.0,3.7745833333333336,0.7998966192260569,1.86,5.15,79.0125,5.68990811418129,-1.3545833333333333,0.1399999999999996,0.027463768115942002,0.0683333333333333,5000,333.0,48.0,1,0,0,0,1.0,1,0.08333333333333333,0.1399999999999996,1,1
VIA-00156,CAM-07,PROD-018,Seco,Seco,La Paz,24,690.0,19.611666666666668,2.055295740206296,13.84,23.18,47.05833333333334,6.361768735915774,-3.4225,1.16,0.08640579710144923,0.292,12000,206.0,24.0,0,0,0,0,0.0,1,0.08333333333333333,1.16,2,2
VIA-00157,CAM-20,PROD-014,Seco,Refrigerado,Oruro,24,690.0,20.12,1.8760550654753319,15.18,22.52,49.333333333333336,9.118240994872846,-3.4608333333333334,-0.1799999999999997,0.0652028985507246,0.1773333333333333,12000,57.0,48.0,0,0,0,0,0.0,0,0.0,-0.1799999999999997,2,2
VIA-00162,CAM-26,PROD-034,Fresco,Refrigerado,Tarija,24,690.0,5.3687499999999995,2.5597202844808273,2.75,10.92,77.74166666666666,7.843297701896804,-0.23458333333333345,4.92,0.05085507246376807,0.2203333333333333,8000,164.0,48.0,0,0,0,0,0.0,1,0.25,4.92,0,0
VIA-00163,CAM-29,PROD-024,Seco,Seco,Santa Cruz,24,690.0,19.822916666666668,1.552292775966841,17.38,22.67,47.887499999999996,10.011398395133767,-3.74625,-2.3299999999999983,0.060289855072463754,0.144,5000,233.0,72.0,0,0,0,0,0.0,0,0.0,-2.3299999999999983,2,2
VIA-00164,CAM-21,PROD-018,Seco,Seco,Tarija,24,690.0,20.542083333333334,1.7169563038340152,16.69,23.65,51.074999999999996,7.34434121116979,-3.5679166666666666,-1.3500000000000014,0.07115942028985502,0.1956666666666665,12000,351.0,48.0,1,1,0,0,0.08333333333333333,0,0.0,-1.3500000000000014,2,2
VIA-00165,CAM-26,PROD-052,Fresco,Refrigerado,Tarija,24,690.0,3.8525000000000005,0.7197961667994144,2.41,5.19,77.22083333333333,7.4293764245709735,-1.4283333333333335,-0.4100000000000001,0.023449275362318802,0.064,8000,377.0,72.0,2,1,0,0,0.375,0,0.0,-0.6800000000000002,1,1
VIA-00167,CAM-19,PROD-044,Fresco,Refrigerado,Tarija,24,690.0,5.126666666666667,2.659958591810205,1.89,10.83,78.39166666666667,6.6726512993201474,-0.1583333333333334,4.83,0.04949275362318836,0.2,2000,73.0,48.0,0,0,0,0,0.0,1,0.3333333333333333,4.83,0,0
VIA-00168,CAM-19,PROD-020,Seco,Refrigerado,Tarija,24,690.0,20.51125,1.7339583077581415,17.43,25.48,47.99166666666667,6.969056867553055,-3.6679166666666667,0.4800000000000004,0.07055072463768113,0.2683333333333333,2000,189.0,72.0,2,0,0,0,1.0,1,0.08333333333333333,0.4800000000000004,2,2
VIA-00170,CAM-01,PROD-045,Fresco,Refrigerado,Cochabamba,22,690.0,3.989949494949495,0.8541495681016009,1.66,5.91,78.35454545454546,6.285109179847027,-1.3845959595959596,0.3399999999999998,0.02448059964726627,0.0746666666666666,5000,470.0,24.0,0,0,0,0,0.0,1,0.045454545454545456,0.3399999999999998,1,1
VIA-00172,CAM-20,PROD-048,Seco,Refrigerado,Oruro,24,690.0,19.955416666666668,1.710415609719174,16.32,23.61,48.237500000000004,9.16647068301692,-3.6054166666666667,-1.3200000000000005,0.06602898550724634,0.1733333333333333,12000,262.0,48.0,1,0,0,0,1.0,0,0.0,-1.3200000000000005,2,2
VIA-00173,CAM-10,PROD-060,Congelado,Refrigerado,La Paz,24,690.0,-17.9875,0.6670261711833196,-19.23,-16.78,68.41666666666667,4.699645376692445,-1.4308333333333334,-0.7699999999999996,0.028913043478260823,0.055,12000,55.0,24.0,0,0,0,0,0.0,0,0.0,-0.7699999999999996,1,1
VIA-00175,CAM-29,PROD-029,Seco,Seco,Santa Cruz,24,690.0,21.33666666666667,3.2449394268703955,17.69,28.97,48.7875,6.755500979073341,-2.48,3.969999999999999,0.09669565217391299,0.2676666666666667,5000,388.0,24.0,1,0,0,0,0.5833333333333334,1,0.25,3.969999999999999,2,2
VIA-00176,CAM-08,PROD-056,Fresco,Refrigerado,Santa Cruz,24,690.0,3.8920833333333333,0.7106517471990774,2.55,5.33,76.41666666666667,8.139632865701367,-1.4045833333333333,-0.5499999999999998,0.026405797101449226,0.0683333333333333,5000,56.0,24.0,0,0,0,0,0.0,0,0.0,-0.5499999999999998,1,1
VIA-00178,CAM-19,PROD-045,Fresco,Refrigerado,Tarija,24,690.0,5.13,2.682064422272029,2.04,11.77,76.65416666666667,7.59089724699872,-0.30749999999999994,5.77,0.051028985507246334,0.263,2000,233.0,48.0,0,0,0,0,0.0,1,0.25,5.77,0,0
VIA-00182,CAM-23,PROD-030,Seco,Seco,Santa Cruz,24,690.0,20.219166666666666,1.837057942487925,15.16,22.8,48.395833333333336,5.378579024132729,-3.5475,-0.1600000000000001,0.053521739130434745,0.198,5000,384.0,72.0,0,0,0,0,0.0,0,0.0,-0.1600000000000001,2,2
VIA-00183,CAM-26,PROD-048,Seco,Refrigerado,Tarija,24,690.0,20.34208333333333,1.5407309929879462,18.04,23.8,48.38333333333333,7.6593033323032635,-3.720416666666667,-1.1999999999999993,0.06217391304347821,0.192,8000,302.0,24.0,3,2,0,0,0.9166666666666666,0,0.0,-1.1999999999999993,2,2
VIA-00186,CAM-11,PROD-034,Fresco,Refrigerado,Cochabamba,24,690.0,3.7745833333333336,0.8872722202084449,2.19,6.25,77.52083333333333,7.565481056957872,-1.2854166666666667,0.25,0.028507246376811547,0.0933333333333333,2000,426.0,24.0,0,0,0,0,0.0,1,0.08333333333333333,0.25,1,1
VIA-00187,CAM-20,PROD-060,Congelado,Refrigerado,Oruro,24,690.0,-17.993333333333336,0.6451670944105447,-19.49,-16.94,68.36666666666666,6.894589350994053,-1.4783333333333335,-0.5100000000000016,0.02171014492753618,0.0663333333333334,12000,373.0,24.0,0,0,0,0,0.0,0,0.0,-0.5100000000000016,1,1
VIA-00188,CAM-12,PROD-020,Seco,Seco,La Paz,24,690.0,20.00583333333333,1.7762342106305948,16.78,24.23,46.82083333333333,6.839080739567186,-3.723333333333333,-0.7699999999999996,0.06678260869565214,0.2133333333333334,8000,361.0,72.0,1,0,0,0,1.0,0,0.0,-0.7699999999999996,2,2
VIA-00190,CAM-28,PROD-051,Congelado,Refrigerado,La Paz,23,660.0,-17.763478260869565,0.8095936618039955,-19.21,-16.17,69.52173913043478,7.14435292074282,-1.2817391304347825,-0.1700000000000017,0.026606060606060536,0.073,2000,220.0,48.0,0,0,0,0,0.0,0,0.0,-0.1700000000000017,1,1
VIA-00191,CAM-21,PROD-003,Seco,Seco,Tarija,24,690.0,19.46708333333333,2.0601234221504194,14.93,22.9,47.70416666666667,5.5837091588848455,-3.240416666666667,0.0700000000000002,0.0820724637681159,0.2309999999999999,12000,16.0,24.0,0,0,0,0,0.0,1,0.08333333333333333,0.0700000000000002,2,2
VIA-00194,CAM-16,PROD-030,Seco,Seco,Oruro,24,690.0,20.03375,2.058198478830666,15.9,24.37,46.666666666666664,6.879437961539202,-3.362083333333333,-0.629999999999999,0.0785507246376811,0.1873333333333333,5000,193.0,48.0,0,0,0,0,0.0,0,0.0,-0.629999999999999,2,2
VIA-00196,CAM-19,PROD-044,Fresco,Refrigerado,Tarija,24,690.0,5.287916666666667,2.5436655836507422,3.05,11.35,77.85000000000001,6.394358926972781,-0.27375,5.35,0.039942028985507194,0.1686666666666667,2000,405.0,24.0,0,0,0,0,0.0,1,0.25,5.35,0,0
VIA-00197,CAM-19,PROD-005,Seco,Refrigerado,Tarija,24,690.0,19.822083333333335,1.7155933925047038,15.39,23.78,46.583333333333336,7.663332608380419,-3.7395833333333335,-0.3900000000000005,0.06536231884057968,0.2136666666666666,2000,496.0,72.0,0,0,0,0,0.0,0,0.0,-0.3900000000000005,2,2
VIA-00200,CAM-04,PROD-012,Seco,Seco,La Paz,24,690.0,20.33791666666667,2.1053141440002574,16.95,24.3,50.387499999999996,6.26600992935557,-3.339583333333333,-0.6999999999999993,0.08392753623188405,0.2146666666666667,2000,222.0,48.0,0,0,0,0,0.0,0,0.0,-0.6999999999999993,2,2
VIA-00201,CAM-29,PROD-033,Seco,Seco,Santa Cruz,24,690.0,19.354166666666668,1.803937521010677,16.35,23.84,48.74583333333334,7.040502647981312,-3.4875000000000003,-1.16,0.07439130434782604,0.2496666666666666,5000,285.0,48.0,0,0,0,0,0.0,0,0.0,-1.3500000000000014,2,2
VIA-00202,CAM-30,PROD-018,Seco,Seco,Cochabamba,24,690.0,20.094375,2.2569551017957212,16.16,26.11,50.050000000000004,5.620150083095801,-3.2239583333333335,1.1099999999999994,0.0943043478260869,0.1946666666666666,8000,132.0,48.0,0,0,0,0,0.0,1,0.08333333333333333,1.1099999999999994,2,2
VIA-00203,CAM-20,PROD-051,Congelado,Refrigerado,Oruro,24,690.0,-16.214166666666667,3.3198217823652327,-18.78,-9.53,70.85416666666667,7.116544054199506,0.045833333333333386,6.470000000000001,0.039159420289855036,0.2379999999999999,12000,251.0,24.0,1,0,1,0,0.5416666666666666,1,0.25,6.470000000000001,0,0
VIA-00207,CAM-10,PROD-033,Seco,Refrigerado,La Paz,24,690.0,20.267083333333332,1.4424721507873561,17.44,23.11,46.94583333333333,6.956322064616236,-3.8845833333333335,-1.8900000000000008,0.052333333333333266,0.1533333333333332,12000,55.0,48.0,0,0,0,0,0.0,0,0.0,-1.8900000000000008,2,2
VIA-00208,CAM-10,PROD-050,Seco,Refrigerado,La Paz,24,690.0,20.285833333333333,2.128414222243706,15.04,24.15,47.574999999999996,7.301533489914829,-3.3416666666666663,-0.0399999999999991,0.08423188405797098,0.3036666666666666,12000,435.0,72.0,0,0,0,0,0.0,0,0.0,-0.0399999999999991,2,2
VIA-00210,CAM-15,PROD-037,Fresco,Refrigerado,La Paz,24,690.0,3.7816666666666663,0.8272671965530566,2.33,5.29,75.27499999999999,8.303181684568665,-1.3233333333333335,-0.33,0.03342028985507241,0.0923333333333333,2000,338.0,72.0,1,1,0,0,0.7083333333333334,0,0.0,-0.33,1,1
VIA-00211,CAM-08,PROD-038,Seco,Refrigerado,Santa Cruz,23,690.0,20.726473429951692,2.6062477737460896,13.93888888888889,25.71,48.07826086956521,5.917382446636592,-2.987342995169082,1.06111111111111,0.08282154882154878,0.3187037037037036,5000,337.0,72.0,1,1,0,0,0.08695652173913043,1,0.13043478260869565,1.06111111111111,2,2
VIA-00213,CAM-01,PROD-037,Fresco,Refrigerado,Cochabamba,24,690.0,3.8395833333333336,0.848817485204214,1.53,5.45,78.21666666666667,5.170877199711161,-1.3754166666666665,0.4699999999999997,0.03185507246376807,0.1009999999999999,5000,171.0,24.0,0,0,0,0,0.0,1,0.08333333333333333,0.4699999999999997,1,1
VIA-00214,CAM-08,PROD-047,Fresco,Refrigerado,Santa Cruz,23,660.0,5.590434782608696,2.5021581198871097,3.56,10.89,78.0304347826087,6.394559817291336,-0.25652173913043474,4.890000000000001,0.03749999999999996,0.193,5000,269.0,72.0,0,0,0,0,0.0,1,0.2608695652173913,4.890000000000001,0,0
VIA-00216,CAM-08,PROD-060,Congelado,Refrigerado,Santa Cruz,23,660.0,-17.902608695652173,0.9430473688638069,-19.32,-16.14,69.8695652173913,7.959581691990004,-1.2095652173913043,-0.1400000000000005,0.03978787878787874,0.0953333333333333,5000,392.0,24.0,0,0,0,0,0.0,0,0.0,-0.1400000000000005,1,1
VIA-00217,CAM-28,PROD-036,Fresco,Refrigerado,La Paz,24,690.0,4.015833333333333,0.9922347051705698,2.0,6.31,77.46249999999999,5.6741069015691625,-1.3025,0.3099999999999996,0.04326086956521734,0.1379999999999999,2000,416.0,72.0,1,0,1,0,0.625,1,0.08333333333333333,0.3099999999999996,1,1
VIA-00220,CAM-19,PROD-044,Fresco,Refrigerado,Tarija,24,690.0,4.145833333333333,0.7434462447551805,2.65,5.65,74.6375,7.4062730461941895,-1.4083333333333332,-0.3499999999999996,0.026333333333333295,0.0683333333333333,2000,151.0,24.0,0,0,0,0,0.0,0,0.0,-0.3499999999999996,1,1
VIA-00226,CAM-19,PROD-012,Seco,Refrigerado,Tarija,24,690.0,20.0225,1.6231913011102548,17.63,22.78,46.57916666666667,6.66450553739518,-3.638333333333333,-2.219999999999999,0.07139130434782605,0.1693333333333334,2000,339.0,24.0,0,0,0,0,0.0,0,0.0,-2.629999999999999,2,2
VIA-00228,CAM-16,PROD-048,Seco,Seco,Oruro,24,690.0,20.11,2.0164497427948436,16.71,25.9,46.94583333333333,5.944963463277982,-3.4916666666666667,0.8999999999999986,0.062362318840579654,0.1776666666666666,5000,290.0,24.0,0,0,0,0,0.0,1,0.08333333333333333,0.8999999999999986,2,2
VIA-00229,CAM-10,PROD-042,Seco,Refrigerado,La Paz,24,690.0,21.36916666666667,3.33914323385983,16.01,28.19,48.862500000000004,6.9528731940237405,-2.3124999999999996,3.1900000000000013,0.08524637681159417,0.3633333333333334,12000,402.0,24.0,0,0,0,0,0.0,1,0.20833333333333334,3.1900000000000013,2,2
VIA-00230,CAM-08,PROD-021,Fresco,Refrigerado,Santa Cruz,24,690.0,3.6420833333333333,0.6639079242515923,2.47,4.98,80.69583333333334,5.60795081280503,-1.41375,-0.4700000000000002,0.024782608695652134,0.0746666666666666,5000,90.0,48.0,1,0,0,1,0.5416666666666666,0,0.0,-0.4700000000000002,1,1
VIA-00231,CAM-08,PROD-052,Fresco,Refrigerado,Santa Cruz,24,690.0,5.1775,2.517257392999114,2.53,10.29,78.42916666666666,7.801643035795155,-0.2825,4.289999999999999,0.05244927536231878,0.2586666666666666,5000,470.0,48.0,0,0,0,0,0.0,1,0.25,4.289999999999999,0,0
VIA-00232,CAM-20,PROD-015,Fresco,Refrigerado,Oruro,24,690.0,3.9595833333333332,0.6873735720379653,3.15,5.6,76.50416666666666,7.733691349159079,-1.4920833333333334,-0.4000000000000003,0.024782608695652124,0.0816666666666666,12000,46.0,24.0,1,0,1,0,0.125,0,0.0,-0.4000000000000003,1,1
VIA-00234,CAM-03,PROD-010,Seco,Seco,Oruro,24,690.0,20.030208333333334,1.540718691112991,16.97,22.24,49.333333333333336,6.631195489743039,-3.7239583333333335,-1.9699999999999989,0.07140579710144926,0.1466666666666666,12000,468.0,48.0,0,0,0,0,0.0,0,0.0,-1.9699999999999989,2,2
VIA-00236,CAM-29,PROD-050,Seco,Seco,Santa Cruz,24,690.0,20.016666666666666,1.9551218502373104,15.77,23.44,46.3125,7.564235787141901,-3.3991666666666664,-0.7699999999999996,0.07534782608695649,0.1916666666666666,5000,476.0,24.0,0,0,0,0,0.0,0,0.0,-0.7699999999999996,2,2
VIA-00237,CAM-08,PROD-022,Fresco,Refrigerado,Santa Cruz,24,690.0,3.8541666666666665,0.8460440766946749,2.45,5.58,76.52499999999999,5.433811217536555,-1.2816666666666667,-0.4199999999999999,0.03733333333333329,0.1043333333333333,5000,300.0,72.0,1,1,0,0,1.0,0,0.0,-0.4199999999999999,1,1
VIA-00238,CAM-15,PROD-002,Seco,Refrigerado,La Paz,24,690.0,20.284166666666668,1.7492803903485488,17.41,24.42,49.61666666666667,7.787987777544878,-3.5475,-0.5799999999999983,0.06288405797101448,0.1676666666666667,2000,376.0,24.0,0,0,0,0,0.0,0,0.0,-0.5799999999999983,2,2
VIA-00240,CAM-25,PROD-057,Seco,Refrigerado,Cochabamba,24,690.0,19.921666666666667,1.8141632798061758,16.03,22.92,48.6625,6.601766068060223,-3.536666666666667,-1.0300000000000011,0.05515942028985503,0.1493333333333332,2000,212.0,24.0,1,0,0,0,0.375,0,0.0,-1.0300000000000011,2,2
VIA-00241,CAM-26,PROD-051,Congelado,Refrigerado,Tarija,24,690.0,-16.25125,3.3829268425047463,-19.53,-8.93,69.75416666666666,6.751166029185117,0.022083333333333104,7.07,0.04408695652173909,0.253,8000,281.0,72.0,3,2,0,0,0.7083333333333334,1,0.25,7.07,0,0
VIA-00242,CAM-27,PROD-004,Fresco,Refrigerado,Cochabamba,24,690.0,3.9566666666666666,0.8222538837095039,2.23,5.32,77.70416666666667,7.631939702538828,-1.31,-0.2299999999999999,0.03357971014492749,0.103,5000,54.0,48.0,1,1,0,0,0.625,0,0.0,-0.2299999999999999,1,1
VIA-00243,CAM-24,PROD-058,Congelado,Refrigerado,Oruro,23,690.0,-17.999565217391304,0.8891951327969154,-19.59,-16.08,70.65217391304348,7.581788561188007,-1.2769565217391303,-0.0799999999999983,0.036212121212121175,0.0806666666666666,2000,491.0,24.0,0,0,0,0,0.0,0,0.0,-0.4100000000000001,1,1
VIA-00244,CAM-08,PROD-027,Fresco,Refrigerado,Santa Cruz,23,660.0,5.398260869565218,2.773685851278228,2.56,11.11,78.58260869565218,7.009451552524896,-0.1782608695652174,5.109999999999999,0.04586363636363631,0.2136666666666666,5000,13.0,48.0,0,0,0,0,0.0,1,0.2608695652173913,5.109999999999999,0,0
VIA-00245,CAM-24,PROD-009,Fresco,Refrigerado,Oruro,24,690.0,3.90875,0.5804144883278409,2.89,4.71,76.90833333333333,7.492948375794327,-1.5112500000000002,-0.8900000000000001,0.01802898550724632,0.0539999999999999,2000,24.0,48.0,0,0,0,0,0.0,0,0.0,-0.8900000000000001,1,1
VIA-00246,CAM-24,PROD-038,Seco,Refrigerado,Oruro,24,690.0,20.15625,2.2255528135919307,15.65,26.2,49.15,7.644150932462081,-3.3395833333333336,1.1999999999999993,0.10198550724637676,0.213,2000,329.0,48.0,0,0,0,0,0.0,1,0.08333333333333333,1.1999999999999993,2,2
VIA-00250,CAM-20,PROD-049,Fresco,Refrigerado,Oruro,24,690.0,4.055833333333333,0.8541352945811778,1.88,5.59,80.0125,7.303978219168438,-1.336666666666667,0.1200000000000001,0.027710144927536182,0.0769999999999999,12000,434.0,24.0,0,0,0,0,0.0,1,0.08333333333333333,0.1200000000000001,1,1
VIA-00251,CAM-19,PROD-045,Fresco,Refrigerado,Tarija,24,690.0,4.462916666666667,0.7176803161797626,3.04,6.0,80.67083333333333,5.7508773747759685,-1.3354166666666665,0.0,0.02659420289855068,0.0986666666666666,2000,324.0,72.0,1,0,0,0,0.125,0,0.0,0.0,1,1
VIA-00252,CAM-08,PROD-004,Fresco,Refrigerado,Santa Cruz,24,690.0,5.25375,2.4612665747890685,2.79,10.42,78.30833333333334,5.9673689976088475,-0.2595833333333332,4.42,0.041956521739130385,0.1653333333333333,5000,151.0,24.0,1,0,0,1,0.25,1,0.25,4.42,0,0
VIA-00253,CAM-08,PROD-035,Congelado,Refrigerado,Santa Cruz,24,690.0,-17.912916666666664,0.7438646391980703,-19.93,-16.72,70.67916666666666,6.10259952925741,-1.4145833333333329,-0.0700000000000002,0.0288550724637681,0.0933333333333333,5000,401.0,48.0,1,0,0,1,0.625,0,0.0,-0.0700000000000002,1,1
VIA-00254,CAM-21,PROD-028,Seco,Seco,Tarija,24,690.0,19.640833333333333,1.4505618601579617,16.31,23.0,48.762499999999996,5.1856669102775825,-3.8658333333333332,-1.3099999999999987,0.05194202898550719,0.1239999999999999,12000,305.0,72.0,0,0,0,0,0.0,0,0.0,-1.3099999999999987,2,2
VIA-00255,CAM-28,PROD-060,Congelado,Refrigerado,La Paz,24,690.0,-16.436249999999998,3.371447647395765,-19.37,-9.49,67.99583333333334,6.055718042849481,0.13958333333333295,6.51,0.048101449275362265,0.2603333333333333,2000,278.0,72.0,1,0,1,1,0.9583333333333334,1,0.25,6.51,0,0
VIA-00257,CAM-17,PROD-029,Seco,Seco,Cochabamba,24,690.0,19.951666666666664,1.7012135480979116,16.74,22.63,44.74583333333334,6.562275531012664,-3.5941666666666667,-1.7399999999999984,0.0685507246376811,0.1339999999999999,8000,435.0,48.0,0,0,0,0,0.0,0,0.0,-1.7399999999999984,2,2
VIA-00258,CAM-08,PROD-058,Congelado,Refrigerado,Santa Cruz,24,690.0,-17.779374999999998,0.6714104435407993,-19.23,-16.61,69.45,6.137766198955732,-1.4410416666666663,-0.6099999999999994,0.02669565217391302,0.058,5000,97.0,48.0,0,0,0,0,0.0,0,0.0,-0.6099999999999994,1,1
VIA-00259,CAM-28,PROD-028,Seco,Refrigerado,La Paz,24,690.0,19.825833333333332,2.164501984424988,15.26,23.85,47.824999999999996,6.710682593415163,-3.3158333333333334,-0.2599999999999998,0.0908260869565217,0.233,2000,78.0,24.0,0,0,0,0,0.0,0,0.0,-0.2599999999999998,2,2
VIA-00260,CAM-30,PROD-002,Seco,Seco,Cochabamba,24,690.0,19.594583333333333,2.060592947940337,16.28,23.51,47.42083333333333,6.362319727806878,-3.297916666666667,-1.2800000000000011,0.06769565217391302,0.1680000000000001,8000,70.0,72.0,0,0,0,0,0.0,0,0.0,-1.2800000000000011,2,2
VIA-00261,CAM-29,PROD-016,Seco,Seco,Santa Cruz,24,690.0,21.2175,3.4176590640760036,15.96,28.56,46.31666666666666,7.703565897442032,-2.3775,3.5599999999999987,0.12326086956521735,0.3286666666666666,5000,73.0,72.0,0,0,0,0,0.0,1,0.25,3.5599999999999987,2,2
VIA-00262,CAM-15,PROD-060,Congelado,Refrigerado,La Paz,24,690.0,-17.90041666666667,0.6150961689861594,-18.87,-16.63,72.10833333333333,7.448718399637717,-1.47625,-0.629999999999999,0.02297101449275359,0.0726666666666666,2000,213.0,72.0,0,0,0,0,0.0,0,0.0,-0.629999999999999,1,1
VIA-00263,CAM-19,PROD-004,Fresco,Refrigerado,Tarija,24,690.0,3.9637499999999997,1.0294144071942701,2.1,6.19,78.575,5.9457145692616695,-1.16375,0.1900000000000004,0.04260869565217385,0.1023333333333333,2000,338.0,24.0,0,0,0,0,0.0,1,0.08333333333333333,0.1900000000000004,1,1
VIA-00264,CAM-20,PROD-034,Fresco,Refrigerado,Oruro,24,690.0,3.938333333333333,0.8647928461005365,2.23,5.47,78.73333333333333,8.19377635858416,-1.2683333333333335,-0.2299999999999999,0.03772463768115937,0.0983333333333333,12000,296.0,72.0,0,0,0,0,0.0,0,0.0,-0.2299999999999999,1,1
VIA-00267,CAM-03,PROD-012,Seco,Seco,Oruro,23,690.0,19.838695652173914,1.636140981777843,16.77,23.5,45.44347826086957,7.306337603064922,-3.743913043478261,-1.5,0.07252272727272722,0.2243333333333333,12000,98.0,72.0,0,0,0,0,0.0,0,0.0,-1.5,2,2
VIA-00268,CAM-19,PROD-022,Fresco,Refrigerado,Tarija,24,690.0,5.439583333333334,2.6049960012765214,2.73,10.63,77.32083333333334,7.059990095242877,-0.16125,4.630000000000001,0.04817391304347823,0.2286666666666666,2000,373.0,24.0,0,0,0,0,0.0,1,0.25,4.630000000000001,0,0
VIA-00269,CAM-05,PROD-029,Seco,Seco,Cochabamba,24,690.0,19.074583333333333,2.06025321188961,14.7,21.93,45.99583333333334,7.271712863625358,-3.155416666666666,0.3000000000000007,0.09115942028985503,0.222,8000,66.0,24.0,2,1,0,0,1.0,1,0.08333333333333333,0.3000000000000007,2,2
VIA-00270,CAM-08,PROD-004,Fresco,Refrigerado,Santa Cruz,24,690.0,4.263125,0.8062309148398356,2.28,5.55,79.03125,6.888109043536704,-1.3152083333333333,-0.2799999999999998,0.03813043478260865,0.0806666666666666,5000,295.0,48.0,0,0,0,0,0.0,0,0.0,-0.2799999999999998,1,1
VIA-00271,CAM-05,PROD-050,Seco,Seco,Cochabamba,24,690.0,20.497916666666665,1.9839091388000842,16.5,24.59,48.94583333333333,6.757345707782956,-3.2937499999999997,-0.4100000000000001,0.04953623188405793,0.1913333333333332,8000,373.0,24.0,2,1,0,0,1.0,0,0.0,-0.4100000000000001,2,2
VIA-00273,CAM-24,PROD-016,Seco,Refrigerado,Oruro,24,690.0,19.305833333333336,1.2850881095377715,17.07,21.28,47.5625,5.34714978933312,-3.8216666666666668,-2.0700000000000003,0.04434782608695648,0.1343333333333333,2000,266.0,48.0,0,0,0,0,0.0,0,0.0,-2.0700000000000003,2,2
VIA-00277,CAM-04,PROD-033,Seco,Seco,La Paz,24,690.0,20.191666666666666,2.0703867873601207,17.0,24.42,47.48333333333333,5.680528654720566,-3.2433333333333336,-0.5799999999999983,0.10142028985507244,0.218,2000,361.0,48.0,0,0,0,0,0.0,0,0.0,-0.5799999999999983,2,2
VIA-00280,CAM-15,PROD-049,Fresco,Refrigerado,La Paz,24,690.0,3.858333333333333,0.7355191403336161,2.78,5.37,79.85416666666667,8.3723135427414,-1.3983333333333334,-0.6299999999999999,0.029072463768115897,0.0813333333333333,2000,403.0,48.0,0,0,0,0,0.0,0,0.0,-0.6299999999999999,1,1
VIA-00284,CAM-13,PROD-046,Seco,Seco,Cochabamba,24,690.0,20.280833333333334,1.9336739455079373,16.54,23.39,49.73333333333333,7.422566453297888,-3.435,-1.5399999999999991,0.08326086956521736,0.2126666666666667,12000,77.0,48.0,0,0,0,0,0.0,0,0.0,-1.5399999999999991,2,2
VIA-00288,CAM-26,PROD-021,Fresco,Refrigerado,Tarija,24,690.0,4.02375,0.6865339061895093,2.66,5.14,78.39999999999999,7.068054279952003,-1.4479166666666667,-0.6600000000000001,0.020637681159420246,0.0586666666666666,8000,426.0,48.0,0,0,0,0,0.0,0,0.0,-0.6600000000000001,1,1
VIA-00289,CAM-19,PROD-058,Congelado,Refrigerado,Tarija,24,690.0,-18.07125,0.9049588628651921,-19.78,-16.21,71.04166666666667,6.863382146781107,-1.2912499999999998,-0.2100000000000008,0.02785507246376806,0.0636666666666666,2000,175.0,24.0,0,0,0,0,0.0,0,0.0,-0.2100000000000008,1,1
VIA-00290,CAM-12,PROD-050,Seco,Seco,La Paz,24,690.0,19.819166666666668,2.1873190194284935,15.88,23.21,47.67083333333333,5.95457289868863,-3.231666666666666,-0.8800000000000008,0.07615942028985506,0.208,8000,211.0,72.0,0,0,0,0,0.0,0,0.0,-0.9399999999999996,2,2
VIA-00292,CAM-01,PROD-058,Congelado,Refrigerado,Cochabamba,24,690.0,-17.995,0.7325476687264261,-19.19,-16.57,73.80416666666666,8.028995235566752,-1.413333333333333,-0.5700000000000003,0.025347826086956477,0.0636666666666666,5000,277.0,72.0,0,0,0,0,0.0,0,0.0,-0.8099999999999987,1,1
VIA-00293,CAM-08,PROD-052,Fresco,Refrigerado,Santa Cruz,24,690.0,3.8841666666666668,0.777710780413268,2.03,5.58,73.14999999999999,8.389537998369573,-1.455,-0.0299999999999998,0.027753623188405744,0.111,5000,48.0,72.0,0,0,0,0,0.0,0,0.0,-0.0299999999999998,1,1
VIA-00294,CAM-02,PROD-011,Congelado,Refrigerado,Cochabamba,24,690.0,-18.109166666666667,0.945478561441203,-19.98,-16.32,69.04583333333333,6.549143931223687,-1.2566666666666666,-0.0199999999999995,0.03595652173913039,0.0793333333333333,5000,472.0,48.0,0,0,0,0,0.0,0,0.0,-0.0199999999999995,1,1
VIA-00297,CAM-03,PROD-024,Seco,Seco,Oruro,24,690.0,19.638333333333332,1.848516835939999,17.05,24.5,48.06666666666666,6.343477764202183,-3.473333333333333,-0.5,0.06626086956521735,0.1386666666666666,12000,261.0,24.0,0,0,0,0,0.0,0,0.0,-0.5,2,2
VIA-00299,CAM-08,PROD-043,Congelado,Refrigerado,Santa Cruz,24,690.0,-17.97125,0.9498847184058016,-20.0,-16.06,67.68958333333333,6.383367980569687,-1.2437500000000001,0.0,0.03952173913043474,0.098,5000,255.0,24.0,0,0,0,0,0.0,0,0.0,0.0,1,1
VIA-00300,CAM-20,PROD-021,Fresco,Refrigerado,Oruro,24,690.0,4.05,0.7655745214060399,2.48,5.31,77.87083333333334,5.470591667123933,-1.3575,-0.48,0.0381884057971014,0.0736666666666666,12000,31.0,48.0,0,0,0,0,0.0,0,0.0,-0.48,1,1
VIA-00303,CAM-02,PROD-044,Fresco,Refrigerado,Cochabamba,24,690.0,4.027916666666667,0.6100818132353887,2.83,5.42,77.67916666666666,5.98519762244407,-1.5270833333333333,-0.5800000000000001,0.01757971014492748,0.0463333333333333,5000,95.0,24.0,0,0,0,0,0.0,0,0.0,-0.5800000000000001,1,1
VIA-00306,CAM-24,PROD-045,Fresco,Refrigerado,Oruro,23,690.0,3.8995652173913045,0.7799561657896934,2.68,5.45,77.38695652173914,9.282256012405709,-1.3699999999999999,-0.5499999999999998,0.033583333333333285,0.0753333333333333,2000,213.0,24.0,0,0,0,0,0.0,0,0.0,-0.5499999999999998,1,1
VIA-00308,CAM-01,PROD-053,Fresco,Refrigerado,Cochabamba,23,690.0,4.026521739130435,0.9254169020975072,1.81,5.9,75.9391304347826,6.400336577118053,-1.2899999999999998,0.1899999999999999,0.03246969696969693,0.0793333333333333,5000,395.0,24.0,0,0,0,0,0.0,1,0.08695652173913043,0.1899999999999999,1,1
VIA-00309,CAM-12,PROD-055,Seco,Seco,La Paz,24,690.0,19.850416666666664,2.1371526754003836,15.28,24.25,50.074999999999996,6.995666360403917,-3.3312499999999994,-0.2799999999999993,0.08723188405797098,0.2239999999999999,8000,152.0,24.0,1,0,0,0,1.0,0,0.0,-0.2799999999999993,2,2
VIA-00310,CAM-26,PROD-030,Seco,Refrigerado,Tarija,24,690.0,19.406666666666666,2.013758473205215,14.36,23.07,46.737500000000004,7.312515328857957,-3.3666666666666667,0.6400000000000006,0.06301449275362316,0.2466666666666667,8000,417.0,24.0,0,0,0,0,0.0,1,0.08333333333333333,0.6400000000000006,2,2
VIA-00311,CAM-24,PROD-024,Seco,Refrigerado,Oruro,24,690.0,20.938750000000002,1.2963504373901908,18.51,23.77,48.24375,6.853455372545901,-3.7379166666666666,-1.2300000000000004,0.061043478260869505,0.1346666666666666,2000,470.0,72.0,0,0,0,0,0.0,0,0.0,-1.2300000000000004,2,2
VIA-00312,CAM-19,PROD-043,Congelado,Refrigerado,Tarija,24,690.0,-18.038541666666667,0.6425754551643802,-19.05,-16.86,72.175,5.714607521994386,-1.458125,-0.8599999999999994,0.02698550724637677,0.0619999999999999,2000,496.0,24.0,0,0,0,0,0.0,0,0.0,-0.8599999999999994,1,1
VIA-00316,CAM-11,PROD-021,Fresco,Refrigerado,Cochabamba,23,690.0,3.9508695652173915,0.8725819213610639,2.1,5.77,78.59565217391305,8.717874963172953,-1.2891304347826087,-0.1,0.02817424242424238,0.108,2000,28.0,24.0,0,0,0,0,0.0,0,0.0,-0.1,1,1
VIA-00317,CAM-09,PROD-030,Seco,Seco,Santa Cruz,24,690.0,19.759166666666665,1.8481198828672547,15.62,24.36,48.44166666666666,7.341301665571816,-3.640833333333333,-0.6199999999999992,0.0617101449275362,0.202,8000,260.0,24.0,0,0,0,0,0.0,0,0.0,-0.6199999999999992,2,2
VIA-00319,CAM-10,PROD-040,Seco,Refrigerado,La Paz,24,690.0,20.19,1.607401359472731,17.27,23.79,47.6,6.1041682123953125,-3.6491666666666664,-1.2100000000000009,0.06288405797101446,0.1633333333333334,12000,84.0,24.0,0,0,0,0,0.0,0,0.0,-1.2100000000000009,2,2
VIA-00321,CAM-21,PROD-005,Seco,Seco,Tarija,23,660.0,19.16304347826087,1.7679017732447395,15.47,22.89,48.626086956521746,8.152200895871024,-3.420434782608696,-0.4700000000000006,0.0696666666666666,0.1476666666666666,12000,407.0,48.0,2,0,0,1,1.0,0,0.0,-0.4700000000000006,2,2
VIA-00323,CAM-24,PROD-002,Seco,Refrigerado,Oruro,23,690.0,20.39,2.003158869022988,17.0,25.48,49.082608695652176,6.746692938962632,-3.4795652173913045,0.4800000000000004,0.0674242424242424,0.1836666666666667,2000,112.0,24.0,0,0,0,0,0.0,1,0.08695652173913043,0.4800000000000004,2,2
VIA-00324,CAM-03,PROD-057,Seco,Seco,Oruro,23,660.0,19.97391304347826,1.6835966347253422,15.26,22.95,47.54782608695652,6.23041437154117,-3.7060869565217396,-0.2599999999999998,0.04962121212121207,0.2133333333333333,12000,104.0,72.0,1,1,0,0,0.9565217391304348,0,0.0,-0.2599999999999998,2,2
VIA-00326,CAM-13,PROD-005,Seco,Seco,Cochabamba,24,690.0,19.75875,1.7486151352725814,16.15,22.64,49.074999999999996,6.211087561422088,-3.5654166666666662,-1.1499999999999986,0.06211594202898546,0.1679999999999999,12000,380.0,24.0,0,0,0,0,0.0,0,0.0,-1.1499999999999986,2,2
VIA-00328,CAM-19,PROD-054,Congelado,Refrigerado,Tarija,24,690.0,-17.870833333333334,0.8376515653465568,-19.71,-16.34,72.97500000000001,6.55400640829714,-1.3408333333333333,-0.2899999999999991,0.035318840579710103,0.0986666666666667,2000,258.0,48.0,0,0,0,0,0.0,0,0.0,-0.2899999999999991,1,1
VIA-00329,CAM-28,PROD-012,Seco,Refrigerado,La Paz,24,690.0,20.360416666666666,1.490166256165564,17.6,22.91,48.916666666666664,5.749454920604036,-3.7904166666666668,-2.09,0.06234782608695648,0.1566666666666666,2000,353.0,24.0,0,0,0,0,0.0,0,0.0,-2.2,2,2
VIA-00330,CAM-19,PROD-044,Fresco,Refrigerado,Tarija,24,690.0,4.196666666666666,0.6075586689628285,3.13,5.22,76.90416666666667,7.136219871750798,-1.4366666666666668,-0.7800000000000002,0.02443478260869561,0.0579999999999999,2000,350.0,24.0,1,0,0,0,0.041666666666666664,0,0.0,-0.7800000000000002,1,1
VIA-00331,CAM-22,PROD-043,Congelado,Refrigerado,Cochabamba,24,690.0,-18.172916666666666,1.064928979737174,-20.59,-16.6,69.58541666666666,8.219032514293545,-1.1837499999999999,0.5899999999999999,0.04352173913043473,0.1236666666666666,8000,354.0,48.0,0,0,0,0,0.0,1,0.16666666666666666,0.5899999999999999,1,1
VIA-00333,CAM-20,PROD-018,Seco,Refrigerado,Oruro,24,690.0,20.215416666666666,1.6980243741955883,16.41,23.34,48.48333333333333,7.064772784226939,-3.695416666666667,-1.41,0.07143478260869558,0.1916666666666666,12000,297.0,48.0,0,0,0,0,0.0,0,0.0,-1.41,2,2
VIA-00334,CAM-04,PROD-014,Seco,Seco,La Paz,24,690.0,20.514583333333334,1.8827015260608582,17.88,25.26,46.27916666666667,8.66306398084603,-3.4612499999999997,0.2600000000000015,0.07079710144927534,0.164,2000,144.0,72.0,0,0,0,0,0.0,1,0.08333333333333333,0.2600000000000015,2,2
VIA-00336,CAM-28,PROD-026,Fresco,Refrigerado,La Paz,24,690.0,3.80875,1.1111619946078382,2.17,6.16,80.56666666666666,5.633646333813716,-1.0570833333333334,0.1600000000000001,0.046550724637681104,0.1146666666666666,2000,184.0,48.0,0,0,0,0,0.0,1,0.08333333333333333,0.1600000000000001,1,1
VIA-00339,CAM-15,PROD-041,Congelado,Refrigerado,La Paz,24,690.0,-18.007916666666667,0.69217979045826,-19.51,-16.8,70.07083333333334,6.864621283240527,-1.50125,-0.4899999999999984,0.030246376811594155,0.0896666666666667,2000,132.0,24.0,0,0,0,0,0.0,0,0.0,-0.4899999999999984,1,1
VIA-00341,CAM-19,PROD-056,Fresco,Refrigerado,Tarija,24,690.0,4.076666666666667,0.8464897681225876,1.71,5.66,76.65416666666667,5.873594497310874,-1.3691666666666666,0.29,0.02688405797101445,0.0776666666666666,2000,395.0,24.0,0,0,0,0,0.0,1,0.08333333333333333,0.29,1,1
VIA-00342,CAM-26,PROD-047,Fresco,Refrigerado,Tarija,24,690.0,5.434583333333333,2.586350423761783,2.89,11.27,78.925,6.2546156869390765,-0.27375,5.27,0.04143478260869561,0.164,8000,223.0,72.0,2,1,0,0,0.3333333333333333,1,0.25,5.27,0,0
VIA-00343,CAM-08,PROD-036,Fresco,Refrigerado,Santa Cruz,23,660.0,4.176521739130435,0.8195708893608574,2.98,5.77,77.0391304347826,8.210787755941723,-1.3721739130434782,-0.2300000000000004,0.03457575757575753,0.088,5000,481.0,24.0,0,0,0,0,0.0,0,0.0,-0.2300000000000004,1,1
VIA-00344,CAM-20,PROD-054,Congelado,Refrigerado,Oruro,24,690.0,-17.963333333333335,0.9849770099575562,-19.66,-15.5,72.20416666666667,7.1498543108700225,-1.2433333333333334,0.5,0.03943478260869562,0.1206666666666667,12000,488.0,48.0,0,0,0,0,0.0,1,0.08333333333333333,0.5,1,1
VIA-00345,CAM-20,PROD-021,Fresco,Refrigerado,Oruro,24,690.0,3.8791666666666664,0.6158410062082065,2.69,4.83,78.45833333333333,6.460779106784774,-1.5233333333333334,-0.69,0.026869565217391245,0.0683333333333333,12000,201.0,72.0,0,0,0,0,0.0,0,0.0,-0.69,1,1
VIA-00347,CAM-26,PROD-025,Congelado,Refrigerado,Tarija,24,690.0,-18.168333333333333,1.020228732523577,-21.63,-16.79,70.99583333333334,7.612202970098144,-1.2875000000000003,1.629999999999999,0.03860869565217387,0.1613333333333333,8000,239.0,72.0,1,0,1,0,0.9166666666666666,1,0.08333333333333333,1.629999999999999,1,1
VIA-00348,CAM-27,PROD-024,Seco,Refrigerado,Cochabamba,24,690.0,20.00125,1.7685275440074557,16.23,23.13,47.987500000000004,6.516888594760673,-3.579583333333334,-1.2300000000000004,0.0646811594202898,0.1906666666666666,5000,171.0,48.0,1,0,0,0,0.5,0,0.0,-1.2300000000000004,2,2
VIA-00350,CAM-21,PROD-018,Seco,Seco,Tarija,24,690.0,19.772708333333334,1.9287926946818235,15.26,23.63,49.75,8.450057885060287,-3.685625,-0.2599999999999998,0.06747826086956517,0.1663333333333333,12000,21.0,48.0,0,0,0,0,0.0,0,0.0,-0.2599999999999998,2,2
VIA-00351,CAM-24,PROD-008,Congelado,Refrigerado,Oruro,24,690.0,-18.21875,0.8221198077293057,-19.71,-17.03,72.16666666666667,8.705953318758713,-1.2987499999999996,-0.2899999999999991,0.03250724637681157,0.0813333333333333,2000,64.0,24.0,0,0,0,0,0.0,0,0.0,-0.2899999999999991,1,1
VIA-00352,CAM-28,PROD-009,Fresco,Refrigerado,La Paz,24,690.0,4.04375,0.8901236479813647,2.13,5.94,78.85000000000001,8.41473862261666,-1.36125,-0.0599999999999996,0.029333333333333277,0.0809999999999999,2000,110.0,72.0,0,0,0,0,0.0,0,0.0,-0.0599999999999996,1,1
VIA-00353,CAM-28,PROD-031,Seco,Refrigerado,La Paz,24,690.0,19.647083333333335,2.0359326015295824,15.21,23.92,48.65416666666667,7.762226213986644,-3.4495833333333334,-0.2100000000000008,0.08239130434782606,0.2026666666666667,2000,89.0,24.0,0,0,0,0,0.0,0,0.0,-0.2100000000000008,2,2
VIA-00355,CAM-10,PROD-009,Fresco,Refrigerado,La Paz,24,690.0,5.372916666666666,2.2576314621391553,2.42,10.47,80.0125,5.1937514715113275,-0.32041666666666657,4.470000000000001,0.03763768115942024,0.1546666666666666,12000,31.0,48.0,1,0,0,0,0.16666666666666666,1,0.25,4.470000000000001,0,0
VIA-00357,CAM-19,PROD-043,Congelado,Refrigerado,Tarija,24,690.0,-17.713912037037037,0.5954380940650679,-18.78,-16.31,68.77916666666667,5.586550554810121,-1.4722453703703702,-0.3099999999999987,0.020101449275362296,0.0576666666666666,2000,21.0,72.0,0,0,0,0,0.0,0,0.0,-0.3099999999999987,1,1
VIA-00358,CAM-27,PROD-039,Seco,Refrigerado,Cochabamba,24,690.0,19.690833333333334,1.961039911942611,15.17,22.91,48.14166666666667,5.4522366106003695,-3.4716666666666662,-0.1699999999999999,0.08379710144927532,0.2466666666666666,5000,320.0,48.0,1,0,1,0,1.0,0,0.0,-0.1699999999999999,2,2
VIA-00359,CAM-11,PROD-057,Seco,Refrigerado,Cochabamba,24,690.0,21.324583333333333,2.602066033929104,17.58,27.23,47.93333333333334,7.897532177380071,-2.90875,2.2300000000000004,0.07924637681159416,0.2053333333333333,2000,143.0,24.0,1,0,0,0,0.9166666666666666,1,0.20833333333333334,2.2300000000000004,2,2
VIA-00360,CAM-19,PROD-003,Seco,Refrigerado,Tarija,24,690.0,20.04,1.5902966636011246,16.62,22.35,49.77916666666667,7.9270576353160935,-3.660833333333334,-1.620000000000001,0.06334782608695647,0.191,2000,393.0,72.0,1,0,0,0,0.9166666666666666,0,0.0,-1.620000000000001,2,2
VIA-00361,CAM-24,PROD-053,Fresco,Refrigerado,Oruro,24,690.0,4.0275,0.8106907950738008,2.03,5.34,77.15416666666667,5.266050344602117,-1.3683333333333332,-0.0299999999999998,0.03285507246376806,0.1103333333333333,2000,303.0,72.0,0,0,0,0,0.0,0,0.0,-0.0299999999999998,1,1
VIA-00362,CAM-10,PROD-044,Fresco,Refrigerado,La Paz,24,690.0,4.954166666666667,2.8477953588341105,1.72,11.02,77.74166666666666,7.591466414260201,-0.17916666666666667,5.02,0.0520724637681159,0.2473333333333333,12000,121.0,72.0,1,0,0,0,0.20833333333333334,1,0.3333333333333333,5.02,0,0
VIA-00363,CAM-10,PROD-001,Fresco,Refrigerado,La Paz,23,690.0,3.9208695652173917,0.6368310254225303,2.46,4.93,76.90434782608695,7.37899218672168,-1.5139130434782608,-0.4599999999999999,0.022621212121212073,0.0746666666666666,12000,319.0,24.0,1,1,0,0,0.9130434782608695,0,0.0,-0.4599999999999999,1,1
VIA-00365,CAM-21,PROD-038,Seco,Seco,Tarija,24,690.0,19.872083333333332,1.5101856470003276,17.67,24.35,46.1875,7.6695508909952,-3.8345833333333332,-0.6499999999999986,0.05976811594202895,0.1913333333333334,12000,212.0,72.0,1,0,1,0,0.8333333333333334,0,0.0,-0.6499999999999986,2,2
VIA-00367,CAM-01,PROD-060,Congelado,Refrigerado,Cochabamba,24,690.0,-18.190416666666668,0.7402495417478965,-19.8,-16.78,69.68333333333334,8.025268066316034,-1.4354166666666668,-0.1999999999999993,0.031043478260869506,0.0883333333333332,5000,306.0,24.0,0,0,0,0,0.0,0,0.0,-0.1999999999999993,1,1
VIA-00370,CAM-10,PROD-006,Seco,Refrigerado,La Paz,24,690.0,20.390324074074073,1.6721462412053247,17.03,24.16,46.487500000000004,7.052678337988373,-3.606342592592593,-0.8399999999999999,0.06432689210950075,0.1546666666666666,12000,66.0,48.0,0,0,0,0,0.0,0,0.0,-0.8399999999999999,2,2
VIA-00372,CAM-08,PROD-054,Congelado,Refrigerado,Santa Cruz,24,690.0,-18.052083333333332,0.952716843588887,-19.62,-15.9,70.69583333333334,6.218449350026143,-1.2170833333333333,0.0999999999999996,0.03736231884057967,0.088,5000,451.0,48.0,0,0,0,0,0.0,1,0.08333333333333333,0.0999999999999996,1,1
VIA-00374,CAM-10,PROD-028,Seco,Refrigerado,La Paz,24,690.0,20.366666666666667,1.6981848792336987,17.15,23.1,47.84166666666667,8.04470750497367,-3.614166666666666,-1.8999999999999984,0.06252173913043474,0.1773333333333333,12000,292.0,48.0,0,0,0,0,0.0,0,0.0,-1.8999999999999984,2,2
VIA-00375,CAM-22,PROD-038,Seco,Refrigerado,Cochabamba,24,690.0,19.856666666666666,1.7590947935667431,16.65,23.39,50.0625,7.5521268239627295,-3.6141666666666663,-1.6099999999999994,0.05891304347826083,0.1993333333333333,8000,112.0,24.0,0,0,0,0,0.0,0,0.0,-1.6099999999999994,2,2
VIA-00376,CAM-19,PROD-013,Fresco,Refrigerado,Tarija,24,690.0,3.8804166666666666,0.8270191584272983,2.39,5.31,76.89999999999999,5.617751368188399,-1.2895833333333333,-0.3900000000000001,0.033811594202898504,0.0843333333333333,2000,305.0,24.0,0,0,0,0,0.0,0,0.0,-0.3900000000000001,1,1
VIA-00377,CAM-24,PROD-051,Congelado,Refrigerado,Oruro,24,690.0,-18.209583333333335,0.658109804282503,-19.76,-16.94,72.6125,6.941138391785097,-1.5037499999999995,-0.2399999999999984,0.024550724637681116,0.061,2000,224.0,24.0,1,0,1,1,1.0,0,0.0,-0.2399999999999984,1,1
VIA-00378,CAM-24,PROD-056,Fresco,Refrigerado,Oruro,24,690.0,5.121666666666667,2.759517391118247,2.32,10.79,78.61666666666666,9.281944448962363,-0.1241666666666666,4.789999999999999,0.04399999999999996,0.2206666666666667,2000,402.0,48.0,0,0,0,0,0.0,1,0.25,4.789999999999999,0,0
VIA-00379,CAM-08,PROD-008,Congelado,Refrigerado,Santa Cruz,24,690.0,-17.899166666666666,0.8175515761773964,-19.64,-16.48,69.34166666666667,5.434344620032425,-1.3608333333333336,-0.3599999999999994,0.029869565217391248,0.0619999999999999,5000,454.0,72.0,1,0,0,1,0.6666666666666666,0,0.0,-0.3599999999999994,1,1
VIA-00380,CAM-08,PROD-004,Fresco,Refrigerado,Santa Cruz,24,690.0,4.189166666666666,0.8913054259449117,2.75,6.21,76.25416666666668,5.9347157850461025,-1.3091666666666668,0.2099999999999999,0.0320579710144927,0.1153333333333333,5000,334.0,48.0,1,1,0,0,1.0,1,0.041666666666666664,0.2099999999999999,1,1
VIA-00381,CAM-19,PROD-031,Seco,Refrigerado,Tarija,24,690.0,20.34375,1.5118914514175834,17.18,22.61,47.90833333333333,7.348286796293386,-3.76375,-2.18,0.057855072463768066,0.1339999999999999,2000,337.0,48.0,0,0,0,0,0.0,0,0.0,-2.18,2,2
VIA-00382,CAM-19,PROD-052,Fresco,Refrigerado,Tarija,24,690.0,4.139583333333333,0.7267167330844443,3.05,5.64,79.65833333333333,6.730392886436651,-1.39625,-0.3600000000000003,0.028405797101449227,0.0696666666666666,2000,15.0,48.0,0,0,0,0,0.0,0,0.0,-0.3600000000000003,1,1
VIA-00383,CAM-26,PROD-060,Congelado,Refrigerado,Tarija,24,690.0,-17.820416666666667,0.6984484616800218,-19.2,-16.4,73.38333333333334,6.747602902330296,-1.47375,-0.3999999999999986,0.02479710144927531,0.0933333333333333,8000,56.0,72.0,1,0,1,0,0.5416666666666666,0,0.0,-0.3999999999999986,1,1
VIA-00384,CAM-06,PROD-014,Seco,Seco,Cochabamba,23,690.0,19.97869565217391,1.885982513048754,16.75,23.89,48.06521739130435,7.52490463217443,-3.4526086956521738,-1.1099999999999994,0.06617424242424239,0.1826666666666666,5000,160.0,48.0,0,0,0,0,0.0,0,0.0,-1.1099999999999994,2,2
VIA-00385,CAM-01,PROD-059,Seco,Refrigerado,Cochabamba,24,690.0,20.522916666666667,1.2647683381850445,17.73,22.16,48.525,8.095637579961629,-3.8520833333333333,-2.7300000000000004,0.042434782608695584,0.1383333333333332,5000,229.0,72.0,0,0,0,0,0.0,0,0.0,-2.7300000000000004,2,2
VIA-00388,CAM-10,PROD-004,Fresco,Refrigerado,La Paz,24,690.0,3.8733333333333335,0.7929617934031256,2.06,4.99,75.91666666666667,5.9000859733357816,-1.3783333333333332,-0.06,0.027159420289855036,0.071,12000,153.0,48.0,1,1,0,0,0.5416666666666666,0,0.0,-0.06,1,1
VIA-00390,CAM-12,PROD-028,Seco,Seco,La Paz,24,690.0,20.223333333333333,1.726521173434847,17.37,24.48,46.43333333333334,7.120433955184538,-3.5875000000000004,-0.5199999999999996,0.07302898550724632,0.237,8000,333.0,24.0,2,1,0,0,1.0,0,0.0,-0.5199999999999996,2,2
VIA-00391,CAM-19,PROD-028,Seco,Refrigerado,Tarija,24,690.0,20.128958333333333,1.8563100256239211,16.81,23.67,46.55416666666667,7.200542199794019,-3.6322916666666667,-1.3299999999999983,0.07402898550724635,0.1519999999999999,2000,122.0,24.0,0,0,0,0,0.0,0,0.0,-1.3299999999999983,2,2
VIA-00393,CAM-18,PROD-032,Seco,Seco,Santa Cruz,24,690.0,20.26,2.0432667790660095,16.12,24.54,49.918749999999996,6.522383075093097,-3.4058333333333337,-0.4600000000000008,0.07575362318840577,0.2489999999999999,2000,25.0,72.0,0,0,0,0,0.0,0,0.0,-0.4600000000000008,2,2
VIA-00396,CAM-12,PROD-046,Seco,Seco,La Paz,24,690.0,19.66625,1.8937811555766921,16.11,23.82,47.13333333333333,5.25139043009329,-3.4729166666666664,-1.1099999999999994,0.07478260869565212,0.2016666666666667,8000,84.0,72.0,0,0,0,0,0.0,0,0.0,-1.1099999999999994,2,2
VIA-00398,CAM-08,PROD-003,Seco,Refrigerado,Santa Cruz,24,690.0,20.454583333333336,1.8139171621147676,17.23,23.42,45.37083333333334,8.210570025578463,-3.41625,-1.5799999999999983,0.0629420289855072,0.1636666666666666,5000,419.0,48.0,0,0,0,0,0.0,0,0.0,-1.5799999999999983,2,2
VIA-00400,CAM-25,PROD-037,Fresco,Refrigerado,Cochabamba,24,690.0,4.3575,0.6968328974413605,2.53,5.66,77.11666666666666,7.2558621976911954,-1.3533333333333333,-0.3399999999999998,0.02718840579710139,0.0756666666666666,2000,172.0,24.0,0,0,0,0,0.0,0,0.0,-0.3399999999999998,1,1
VIA-00401,CAM-10,PROD-049,Fresco,Refrigerado,La Paz,24,690.0,4.0720833333333335,0.6193122354091968,3.2,5.31,78.70416666666667,7.490659642785674,-1.5004166666666665,-0.6900000000000004,0.02162318840579706,0.053,12000,376.0,48.0,0,0,0,0,0.0,0,0.0,-0.6900000000000004,1,1
VIA-00402,CAM-29,PROD-029,Seco,Seco,Santa Cruz,24,690.0,20.27375,1.7208991898827573,16.77,23.32,48.71666666666667,7.945065007349815,-3.6470833333333332,-1.6799999999999995,0.06214492753623184,0.1476666666666666,5000,149.0,72.0,0,0,0,0,0.0,0,0.0,-1.6799999999999995,2,2
VIA-00403,CAM-15,PROD-038,Seco,Refrigerado,La Paz,24,690.0,19.659583333333334,1.764875852676987,16.15,22.93,48.17916666666667,6.449332905621805,-3.5629166666666667,-1.1499999999999986,0.06342028985507243,0.1663333333333334,2000,279.0,72.0,0,0,0,0,0.0,0,0.0,-1.1499999999999986,2,2
VIA-00404,CAM-19,PROD-056,Fresco,Refrigerado,Tarija,24,690.0,3.969583333333333,0.67556404238408,2.21,5.36,80.02499999999999,7.287228255803019,-1.48375,-0.2099999999999999,0.027681159420289803,0.0803333333333333,2000,257.0,48.0,1,0,0,0,0.5833333333333334,0,0.0,-0.2099999999999999,1,1
VIA-00405,CAM-19,PROD-044,Fresco,Refrigerado,Tarija,24,690.0,4.132083333333333,0.7599769971728645,2.9,5.93,79.425,6.124594041560064,-1.4170833333333333,-0.0700000000000002,0.02362318840579706,0.0773333333333333,2000,15.0,24.0,0,0,0,0,0.0,0,0.0,-0.0700000000000002,1,1
VIA-00406,CAM-20,PROD-046,Seco,Refrigerado,Oruro,24,690.0,19.886458333333334,1.4070432142916074,17.13,22.24,48.083333333333336,6.938967888837563,-3.8506249999999995,-2.129999999999999,0.05701449275362318,0.167,12000,221.0,48.0,1,0,0,0,0.75,0,0.0,-2.129999999999999,2,2
VIA-00407,CAM-07,PROD-032,Seco,Seco,La Paz,24,690.0,20.35875,1.6958986651945622,17.7,24.79,47.4,5.777918987497745,-3.609583333333333,-0.2100000000000008,0.06301449275362317,0.1946666666666666,12000,72.0,24.0,0,0,0,0,0.0,0,0.0,-0.2100000000000008,2,2
VIA-00408,CAM-28,PROD-054,Congelado,Refrigerado,La Paz,24,690.0,-18.256249999999998,0.969777260396741,-20.46,-17.03,71.23333333333333,7.5147198545756595,-1.2037500000000003,0.4600000000000008,0.03910144927536226,0.1063333333333333,2000,176.0,24.0,1,0,1,1,0.75,1,0.16666666666666666,0.4600000000000008,1,1
VIA-00409,CAM-28,PROD-003,Seco,Refrigerado,La Paz,24,690.0,19.940833333333334,1.92618098537126,16.18,24.3,44.55416666666667,7.194017996053124,-3.4491666666666667,-0.6999999999999993,0.09053623188405792,0.2053333333333333,2000,378.0,24.0,0,0,0,0,0.0,0,0.0,-0.6999999999999993,2,2
VIA-00412,CAM-09,PROD-005,Seco,Seco,Santa Cruz,24,690.0,19.827083333333334,1.6408891523027775,16.94,24.18,49.11666666666667,7.5769482595261435,-3.78375,-0.8200000000000003,0.06484057971014487,0.1833333333333333,8000,51.0,24.0,2,1,0,0,1.0,0,0.0,-0.8200000000000003,2,2
VIA-00414,CAM-26,PROD-039,Seco,Refrigerado,Tarija,24,690.0,19.892916666666668,1.6303786681164825,17.25,22.71,48.324999999999996,6.319827322902451,-3.6512499999999997,-2.25,0.07289855072463762,0.173,8000,251.0,24.0,0,0,0,0,0.0,0,0.0,-2.25,2,2
VIA-00415,CAM-05,PROD-010,Seco,Seco,Cochabamba,24,690.0,19.373749999999998,1.4022398619475847,16.5,22.22,49.51666666666667,7.190069641476038,-3.86375,-1.5,0.057333333333333264,0.1359999999999999,8000,88.0,24.0,0,0,0,0,0.0,0,0.0,-1.5,2,2
VIA-00416,CAM-22,PROD-015,Fresco,Refrigerado,Cochabamba,24,690.0,3.999166666666667,0.9821003077551466,1.64,5.65,78.03333333333333,8.154362218371572,-1.3116666666666665,0.3600000000000003,0.032579710144927505,0.0796666666666666,8000,461.0,24.0,0,0,0,0,0.0,1,0.08333333333333333,0.3600000000000003,1,1
VIA-00417,CAM-23,PROD-032,Seco,Seco,Santa Cruz,24,690.0,19.943749999999998,1.977083518501541,16.06,23.84,45.86666666666667,7.402623898301883,-3.4129166666666664,-1.0599999999999987,0.08086956521739128,0.151,5000,363.0,72.0,0,0,0,0,0.0,0,0.0,-1.0599999999999987,2,2
VIA-00418,CAM-09,PROD-005,Seco,Seco,Santa Cruz,24,690.0,20.067708333333332,2.0659327713117164,16.15,23.72,46.71666666666667,7.2998908072039965,-3.3977083333333336,-1.1499999999999986,0.04843478260869561,0.1476666666666666,8000,89.0,72.0,1,0,0,0,1.0,0,0.0,-1.1499999999999986,2,2
VIA-00419,CAM-08,PROD-022,Fresco,Refrigerado,Santa Cruz,24,690.0,5.100416666666667,2.6426509732968264,2.59,10.48,76.32083333333334,6.677540497926561,-0.33874999999999994,4.48,0.040608695652173864,0.214,5000,447.0,72.0,1,0,0,1,0.4166666666666667,1,0.25,4.48,0,0
VIA-00420,CAM-15,PROD-035,Congelado,Refrigerado,La Paz,23,660.0,-17.97478260869565,0.7982644217028119,-19.89,-16.26,71.50434782608696,7.030419505191164,-1.409565217391304,-0.1099999999999994,0.024606060606060565,0.0663333333333332,2000,192.0,48.0,1,1,0,0,1.0,0,0.0,-0.1099999999999994,1,1
VIA-00423,CAM-26,PROD-011,Congelado,Refrigerado,Tarija,24,690.0,-18.02541666666667,0.8096106373176996,-19.87,-16.21,70.65833333333333,6.751355204805126,-1.4012499999999999,-0.129999999999999,0.03179710144927533,0.0926666666666665,8000,148.0,48.0,0,0,0,0,0.0,0,0.0,-0.129999999999999,1,1
VIA-00424,CAM-29,PROD-059,Seco,Seco,Santa Cruz,24,690.0,20.021296296296295,1.6508977913922793,17.33,23.08,48.52916666666667,6.515164862718808,-3.603703703703704,-1.9200000000000017,0.06517391304347821,0.166,5000,262.0,24.0,1,1,0,0,0.375,0,0.0,-1.9200000000000017,2,2
VIA-00425,CAM-19,PROD-030,Seco,Refrigerado,Tarija,24,690.0,19.931250000000002,1.7716200213364037,15.51,23.58,49.17916666666667,8.64356906791888,-3.6620833333333334,-0.5099999999999998,0.06984057971014487,0.1753333333333333,2000,87.0,24.0,0,0,0,0,0.0,0,0.0,-0.5099999999999998,2,2
VIA-00426,CAM-26,PROD-002,Seco,Refrigerado,Tarija,24,690.0,19.298750000000002,1.514771650175007,16.84,21.39,46.29583333333333,7.384500758296078,-3.6054166666666667,-1.84,0.06226086956521735,0.1423333333333333,8000,426.0,24.0,0,0,0,0,0.0,0,0.0,-1.84,2,2
VIA-00427,CAM-18,PROD-006,Seco,Seco,Santa Cruz,24,690.0,20.124583333333334,2.0111233701951075,16.64,24.73,46.01458333333333,8.520658771820235,-3.392916666666667,-0.2699999999999996,0.07975362318840576,0.1913333333333332,2000,439.0,24.0,1,1,0,0,1.0,0,0.0,-0.2699999999999996,2,2
VIA-00428,CAM-19,PROD-025,Congelado,Refrigerado,Tarija,24,690.0,-16.132083333333334,3.4530490359865356,-19.32,-9.46,70.44583333333334,6.8910767232557415,0.28625000000000006,6.539999999999999,0.04779710144927532,0.266,2000,287.0,48.0,0,0,0,0,0.0,1,0.3333333333333333,6.539999999999999,0,0
VIA-00429,CAM-24,PROD-013,Fresco,Refrigerado,Oruro,24,690.0,3.8233333333333337,0.831800909847536,2.68,5.71,78.17916666666666,7.395179344426466,-1.2958333333333334,-0.29,0.03631884057971009,0.0963333333333333,2000,262.0,24.0,0,0,0,0,0.0,0,0.0,-0.29,1,1
VIA-00430,CAM-20,PROD-041,Congelado,Refrigerado,Oruro,24,690.0,-18.03708333333333,0.8032460187680157,-19.41,-16.58,68.08125,5.653525496845156,-1.3554166666666665,-0.5799999999999983,0.025811594202898497,0.0713333333333333,12000,196.0,24.0,1,0,0,0,1.0,0,0.0,-0.5799999999999983,1,1
VIA-00431,CAM-28,PROD-038,Seco,Refrigerado,La Paz,24,690.0,20.260416666666668,1.7626375473103957,16.66,23.2,46.57083333333333,6.406483072819194,-3.50125,-1.66,0.07862318840579706,0.175,2000,160.0,48.0,0,0,0,0,0.0,0,0.0,-1.66,2,2
VIA-00432,CAM-01,PROD-024,Seco,Refrigerado,Cochabamba,24,690.0,20.595416666666665,2.006788434001098,17.04,23.63,50.0875,7.325554586514253,-3.1662500000000002,-1.370000000000001,0.07966666666666662,0.2196666666666666,5000,151.0,24.0,2,2,0,0,0.7916666666666666,0,0.0,-1.370000000000001,2,2
VIA-00435,CAM-19,PROD-038,Seco,Refrigerado,Tarija,24,690.0,19.8225,2.3270773795546167,14.7,23.57,48.5625,5.614795090922151,-3.159166666666667,0.3000000000000007,0.09202898550724634,0.2243333333333334,2000,233.0,24.0,1,0,0,0,0.5833333333333334,1,0.08333333333333333,0.3000000000000007,2,2
VIA-00436,CAM-10,PROD-019,Seco,Refrigerado,La Paz,24,690.0,19.999166666666667,1.8463616788905048,16.56,23.71,50.80416666666667,6.4668034685963125,-3.534166666666667,-1.2899999999999991,0.06695652173913039,0.1516666666666667,12000,25.0,24.0,0,0,0,0,0.0,0,0.0,-1.2899999999999991,2,2
VIA-00437,CAM-08,PROD-049,Fresco,Refrigerado,Santa Cruz,24,690.0,3.9775000000000005,0.7690098094020138,2.8,5.59,76.25,5.228683432259274,-1.3908333333333334,-0.4100000000000001,0.027782608695652116,0.093,5000,386.0,48.0,0,0,0,0,0.0,0,0.0,-0.4100000000000001,1,1
VIA-00438,CAM-12,PROD-016,Seco,Seco,La Paz,24,690.0,20.422916666666666,2.0610286143756857,16.07,23.59,46.7125,6.90282314646003,-3.2504166666666676,-1.0700000000000005,0.08634782608695646,0.2003333333333332,8000,90.0,24.0,0,0,0,0,0.0,0,0.0,-1.0700000000000005,2,2
VIA-00439,CAM-15,PROD-020,Seco,Refrigerado,La Paz,24,690.0,19.752083333333335,1.7193805233449548,16.55,22.94,45.34166666666667,7.335021215503338,-3.5554166666666664,-1.5500000000000007,0.050695652173913,0.15,2000,150.0,24.0,0,0,0,0,0.0,0,0.0,-1.5500000000000007,2,2
VIA-00440,CAM-24,PROD-023,Fresco,Refrigerado,Oruro,24,690.0,4.127083333333333,1.0882314298565061,2.03,5.87,77.79166666666667,4.920932808944349,-1.1220833333333333,-0.0299999999999998,0.04336231884057967,0.091,2000,298.0,72.0,0,0,0,0,0.0,0,0.0,-0.0299999999999998,1,1
VIA-00442,CAM-24,PROD-059,Seco,Refrigerado,Oruro,24,690.0,19.167407407407406,1.7746780242678637,14.64,22.04,47.28333333333333,5.889391100634419,-3.5282407407407406,0.3599999999999994,0.07522383252818031,0.2466666666666666,2000,150.0,48.0,0,0,0,0,0.0,1,0.08333333333333333,0.3599999999999994,2,2
VIA-00443,CAM-19,PROD-021,Fresco,Refrigerado,Tarija,24,690.0,4.142083333333333,0.7780576661688118,2.65,6.29,76.52083333333333,7.669645372827057,-1.3804166666666668,0.29,0.03075362318840574,0.0696666666666666,2000,149.0,72.0,0,0,0,0,0.0,1,0.08333333333333333,0.29,1,1
VIA-00444,CAM-08,PROD-036,Fresco,Refrigerado,Santa Cruz,24,690.0,3.76,0.9491689729075823,2.47,5.75,79.53750000000001,6.573319755549371,-1.16,-0.25,0.04075362318840576,0.09,5000,461.0,24.0,1,0,0,1,0.9166666666666666,0,0.0,-0.25,1,1
VIA-00445,CAM-08,PROD-022,Fresco,Refrigerado,Santa Cruz,24,690.0,3.924583333333333,0.8167484800782584,2.3,5.27,76.8875,8.71452123956231,-1.3170833333333334,-0.2999999999999998,0.030391304347826036,0.0749999999999999,5000,81.0,24.0,1,0,0,1,0.25,0,0.0,-0.2999999999999998,1,1
VIA-00446,CAM-08,PROD-008,Congelado,Refrigerado,Santa Cruz,24,690.0,-17.922083333333333,0.6367647792222577,-19.49,-16.75,65.6125,6.825101528150714,-1.48125,-0.5100000000000016,0.027826086956521705,0.0616666666666666,5000,165.0,48.0,0,0,0,0,0.0,0,0.0,-0.5100000000000016,1,1
VIA-00447,CAM-28,PROD-054,Congelado,Refrigerado,La Paz,24,690.0,-17.96708333333333,0.8390081057113068,-19.7,-16.47,68.75,8.304425221583339,-1.2920833333333333,-0.3000000000000007,0.03521739130434778,0.0993333333333333,2000,11.0,48.0,0,0,0,0,0.0,0,0.0,-0.3000000000000007,1,1
VIA-00448,CAM-08,PROD-013,Fresco,Refrigerado,Santa Cruz,24,690.0,3.90875,0.970913117950672,2.1,5.9,78.23333333333333,5.818013008091237,-1.24875,-0.0999999999999996,0.033985507246376764,0.1266666666666666,5000,453.0,72.0,1,0,0,1,0.041666666666666664,0,0.0,-0.0999999999999996,1,1
VIA-00449,CAM-19,PROD-024,Seco,Refrigerado,Tarija,24,690.0,20.155833333333334,1.5214578725587555,17.1,23.03,47.270833333333336,6.228020773377621,-3.7291666666666674,-1.9699999999999989,0.07224637681159414,0.152,2000,215.0,48.0,0,0,0,0,0.0,0,0.0,-1.9699999999999989,2,2
VIA-00450,CAM-29,PROD-048,Seco,Seco,Santa Cruz,24,690.0,20.065,2.119727217889338,15.87,23.84,45.387499999999996,6.643945429454188,-3.2375000000000003,-0.8699999999999992,0.08201449275362313,0.1666666666666666,5000,106.0,72.0,0,0,0,0,0.0,0,0.0,-1.16,2,2
VIA-00451,CAM-08,PROD-051,Congelado,Refrigerado,Santa Cruz,24,690.0,-18.0575,0.6478878727466457,-19.02,-16.72,68.98333333333333,6.672309206333858,-1.4599999999999997,-0.7199999999999989,0.022289855072463727,0.0590000000000001,5000,94.0,24.0,1,0,0,1,0.041666666666666664,0,0.0,-0.7199999999999989,1,1
VIA-00452,CAM-25,PROD-015,Fresco,Refrigerado,Cochabamba,24,690.0,4.050416666666666,0.6294751379326767,2.99,5.32,75.51666666666667,6.665007039799711,-1.48625,-0.6799999999999997,0.022782608695652136,0.063,2000,319.0,48.0,0,0,0,0,0.0,0,0.0,-0.6799999999999997,1,1
VIA-00453,CAM-29,PROD-059,Seco,Seco,Santa Cruz,24,690.0,19.828333333333333,1.7958591662286711,16.26,23.6,47.32083333333333,6.425220630058359,-3.581666666666667,-1.2600000000000016,0.07215942028985502,0.207,5000,118.0,72.0,0,0,0,0,0.0,0,0.0,-1.2600000000000016,2,2
VIA-00454,CAM-19,PROD-046,Seco,Refrigerado,Tarija,24,690.0,20.214166666666667,1.467265770261036,17.02,22.68,46.99166666666667,7.003099727770656,-3.830833333333333,-2.02,0.0630869565217391,0.1753333333333334,2000,65.0,72.0,0,0,0,0,0.0,0,0.0,-2.02,2,2
VIA-00455,CAM-19,PROD-009,Fresco,Refrigerado,Tarija,24,690.0,4.255416666666666,0.7710804343464334,2.83,5.67,77.48333333333333,6.627916366575461,-1.3270833333333332,-0.33,0.028942028985507202,0.09,2000,489.0,72.0,2,0,1,2,1.0,0,0.0,-0.33,1,1
VIA-00456,CAM-23,PROD-019,Seco,Seco,Santa Cruz,24,690.0,19.87875,1.4899410916280338,16.99,23.12,50.5,5.326227149885172,-3.7887500000000003,-1.879999999999999,0.0588260869565217,0.2043333333333334,5000,461.0,72.0,2,0,0,0,1.0,0,0.0,-1.879999999999999,2,2
VIA-00457,CAM-23,PROD-020,Seco,Seco,Santa Cruz,23,660.0,19.669565217391302,1.4991042120997384,16.46,23.26,47.334782608695654,6.941221316143421,-3.8008695652173907,-1.4600000000000009,0.06372727272727269,0.175,5000,132.0,48.0,1,0,0,0,0.6521739130434783,0,0.0,-1.4600000000000009,2,2
VIA-00458,CAM-03,PROD-031,Seco,Seco,Oruro,24,690.0,21.113333333333333,3.3974794578726555,16.18,28.51,49.612500000000004,6.289073513020333,-2.563333333333333,3.5100000000000016,0.09698550724637679,0.3936666666666666,12000,369.0,48.0,0,0,0,0,0.0,1,0.25,3.5100000000000016,2,2
VIA-00461,CAM-27,PROD-044,Fresco,Refrigerado,Cochabamba,24,690.0,4.038333333333333,0.8221586997266597,2.07,5.76,77.79166666666667,8.047355313159215,-1.4283333333333335,-0.0699999999999998,0.0315652173913043,0.0823333333333333,5000,383.0,72.0,0,0,0,0,0.0,0,0.0,-0.0699999999999998,1,1
VIA-00462,CAM-06,PROD-018,Seco,Seco,Cochabamba,24,690.0,20.167916666666667,1.5915400776733768,15.89,22.01,49.14166666666667,6.981710060029623,-3.71625,-0.8900000000000006,0.05765217391304343,0.2036666666666666,5000,88.0,48.0,0,0,0,0,0.0,0,0.0,-0.8900000000000006,2,2
VIA-00463,CAM-28,PROD-026,Fresco,Refrigerado,La Paz,24,690.0,3.754583333333333,0.7838144144068059,2.38,4.97,79.20416666666667,5.4798825095836285,-1.3087499999999999,-0.3799999999999999,0.026695652173912995,0.0736666666666666,2000,163.0,48.0,0,0,0,0,0.0,0,0.0,-0.3799999999999999,1,1
VIA-00464,CAM-23,PROD-014,Seco,Seco,Santa Cruz,24,690.0,19.357916666666664,1.7664924203105137,15.76,23.29,49.75833333333333,8.00417916203598,-3.48625,-0.7599999999999998,0.08330434782608691,0.1706666666666665,5000,279.0,72.0,0,0,0,0,0.0,0,0.0,-0.7599999999999998,2,2
VIA-00466,CAM-19,PROD-027,Fresco,Refrigerado,Tarija,24,690.0,4.027083333333334,0.8654703630254259,2.34,5.2,78.32083333333334,6.691264855191343,-1.2545833333333334,-0.3399999999999998,0.03330434782608691,0.0826666666666666,2000,483.0,72.0,0,0,0,0,0.0,0,0.0,-0.3399999999999998,1,1
VIA-00467,CAM-26,PROD-053,Fresco,Refrigerado,Tarija,23,660.0,4.38,0.8909851544523879,2.58,5.86,78.47826086956522,7.077040760717275,-1.211304347826087,-0.1399999999999996,0.04190909090909087,0.0933333333333333,8000,101.0,48.0,0,0,0,0,0.0,0,0.0,-0.1399999999999996,1,1
VIA-00468,CAM-22,PROD-009,Fresco,Refrigerado,Cochabamba,24,690.0,4.057916666666666,0.8188325685769459,2.32,5.76,77.88333333333334,5.8809690614259535,-1.3554166666666667,-0.2400000000000002,0.03184057971014489,0.0573333333333333,8000,154.0,72.0,0,0,0,0,0.0,0,0.0,-0.2400000000000002,1,1
VIA-00469,CAM-27,PROD-057,Seco,Refrigerado,Cochabamba,24,690.0,19.940833333333334,1.643709793138062,16.53,23.08,48.40208333333334,7.393041369315188,-3.6658333333333335,-1.5300000000000011,0.07434782608695648,0.1589999999999999,5000,405.0,72.0,1,1,0,0,0.3333333333333333,0,0.0,-1.5300000000000011,2,2
VIA-00472,CAM-11,PROD-049,Fresco,Refrigerado,Cochabamba,24,690.0,3.9308333333333336,0.800195175466948,2.83,5.32,77.15833333333333,7.742818084138227,-1.3133333333333332,-0.6799999999999997,0.02723188405797098,0.072,2000,356.0,48.0,0,0,0,0,0.0,0,0.0,-0.6799999999999997,1,1
VIA-00473,CAM-19,PROD-003,Seco,Refrigerado,Tarija,24,690.0,19.679583333333333,1.4784935904837222,16.89,22.33,45.479166666666664,7.521215163537862,-3.7345833333333336,-1.8900000000000008,0.06452173913043473,0.147,2000,463.0,48.0,2,0,1,2,0.5416666666666666,0,0.0,-1.8900000000000008,2,2
VIA-00474,CAM-22,PROD-060,Congelado,Refrigerado,Cochabamba,24,690.0,-16.507291666666667,3.250613647474107,-19.61,-9.29,69.21041666666666,7.759734127654383,0.16687499999999986,6.710000000000001,0.056318840579710094,0.2693333333333332,8000,313.0,48.0,0,0,0,0,0.0,1,0.25,6.710000000000001,0,0
VIA-00476,CAM-25,PROD-009,Fresco,Refrigerado,Cochabamba,24,690.0,5.2004166666666665,2.7634689591898436,2.72,11.66,75.96666666666667,6.688449918990238,-0.18291666666666664,5.66,0.04944927536231881,0.2723333333333333,2000,417.0,48.0,1,0,0,0,1.0,1,0.25,5.66,0,0
VIA-00477,CAM-24,PROD-035,Congelado,Refrigerado,Oruro,24,690.0,-18.125833333333333,0.8476356716679975,-20.24,-16.77,69.85416666666667,4.953960134528004,-1.3475000000000004,0.2399999999999984,0.032333333333333276,0.0856666666666665,2000,291.0,48.0,0,0,0,0,0.0,1,0.08333333333333333,0.2399999999999984,1,1
VIA-00478,CAM-26,PROD-013,Fresco,Refrigerado,Tarija,24,690.0,4.1433333333333335,0.6988914617895391,2.76,5.39,80.71249999999999,7.014600456563255,-1.4024999999999999,-0.6100000000000003,0.027478260869565174,0.0733333333333333,8000,32.0,24.0,0,0,0,0,0.0,0,0.0,-0.6100000000000003,1,1
VIA-00479,CAM-06,PROD-005,Seco,Seco,Cochabamba,24,690.0,20.175416666666667,2.3453691267217853,16.86,26.25,47.13333333333333,9.129058557426802,-3.2095833333333332,1.25,0.09289855072463762,0.313,5000,372.0,72.0,0,0,0,0,0.0,1,0.08333333333333333,1.25,2,2
VIA-00480,CAM-26,PROD-016,Seco,Refrigerado,Tarija,24,690.0,20.216666666666665,2.229668851736911,14.17,23.43,46.1875,5.715677334428908,-3.2091666666666665,0.8300000000000001,0.08359420289855068,0.2116666666666666,8000,408.0,72.0,0,0,0,0,0.0,1,0.08333333333333333,0.8300000000000001,2,2
VIA-00481,CAM-28,PROD-041,Congelado,Refrigerado,La Paz,24,690.0,-17.993333333333332,0.7585206807915039,-19.32,-15.95,72.1375,5.642988146132445,-1.4825,0.0500000000000007,0.02837681159420286,0.079,2000,127.0,48.0,1,0,1,0,0.9583333333333334,1,0.08333333333333333,0.0500000000000007,1,1
VIA-00482,CAM-06,PROD-012,Seco,Seco,Cochabamba,24,690.0,19.747083333333332,1.525913779451133,17.34,22.14,48.80416666666667,6.178115596105383,-3.7387499999999996,-2.34,0.049115942028985456,0.136,5000,171.0,24.0,2,1,1,0,1.0,0,0.0,-2.34,2,2
VIA-00484,CAM-24,PROD-041,Congelado,Refrigerado,Oruro,24,690.0,-17.638125,0.9428804300836784,-19.18,-16.26,69.94583333333334,7.29031395320064,-1.1806250000000003,-0.2600000000000015,0.03915942028985504,0.0869999999999999,2000,480.0,48.0,0,0,0,0,0.0,0,0.0,-0.2600000000000015,1,1
VIA-00485,CAM-24,PROD-052,Fresco,Refrigerado,Oruro,24,690.0,4.160416666666666,0.8468996099156985,2.56,5.46,79.54583333333333,4.627796843335759,-1.2579166666666668,-0.54,0.03050724637681155,0.081,2000,401.0,48.0,0,0,0,0,0.0,0,0.0,-0.54,1,1
VIA-00486,CAM-08,PROD-053,Fresco,Refrigerado,Santa Cruz,24,690.0,4.129583333333334,1.1544563153528034,2.05,6.35,79.2125,6.257330483729359,-1.08375,0.3499999999999996,0.03917391304347821,0.1119999999999999,5000,154.0,72.0,0,0,0,0,0.0,1,0.16666666666666666,0.3499999999999996,1,1
VIA-00487,CAM-24,PROD-028,Seco,Refrigerado,Oruro,24,690.0,19.745833333333334,2.0113156340341374,16.34,24.8,48.112500000000004,6.300332116849769,-3.5208333333333335,-0.1999999999999993,0.06265217391304344,0.1503333333333332,2000,36.0,24.0,1,1,0,0,0.2916666666666667,0,0.0,-0.1999999999999993,2,2
VIA-00488,CAM-19,PROD-035,Congelado,Refrigerado,Tarija,24,690.0,-18.05875,0.8515883497273222,-19.68,-16.45,70.69166666666666,8.686517121962344,-1.2695833333333335,-0.3200000000000003,0.03437681159420287,0.089,2000,53.0,48.0,0,0,0,0,0.0,0,0.0,-0.4499999999999993,1,1
VIA-00489,CAM-10,PROD-013,Fresco,Refrigerado,La Paz,24,690.0,3.9925,0.8276223146171047,2.43,5.2,79.07916666666667,6.89158145330491,-1.3283333333333334,-0.4300000000000001,0.0295797101449275,0.0613333333333333,12000,100.0,48.0,0,0,0,0,0.0,0,0.0,-0.4300000000000001,1,1
VIA-00490,CAM-22,PROD-052,Fresco,Refrigerado,Cochabamba,24,690.0,3.6766666666666663,1.0064818910946431,1.86,5.7,77.74166666666666,8.159332702183898,-1.1624999999999999,0.1399999999999996,0.02808695652173908,0.11,8000,42.0,72.0,0,0,0,0,0.0,1,0.08333333333333333,0.1399999999999996,1,1
VIA-00492,CAM-20,PROD-023,Fresco,Refrigerado,Oruro,24,690.0,4.135416666666667,1.0380959960916183,1.77,5.55,80.94166666666666,6.322830727276915,-1.1812500000000001,0.2299999999999999,0.03875362318840576,0.117,12000,30.0,72.0,1,0,0,0,0.4166666666666667,0,0.0,-0.06,1,1
VIA-00493,CAM-25,PROD-008,Congelado,Refrigerado,Cochabamba,24,690.0,-18.06,0.8228318017146906,-19.35,-16.51,68.71249999999999,7.405480491119249,-1.3133333333333332,-0.5100000000000016,0.03384057971014488,0.0736666666666667,2000,386.0,24.0,0,0,0,0,0.0,0,0.0,-0.5100000000000016,1,1
VIA-00495,CAM-26,PROD-039,Seco,Refrigerado,Tarija,24,690.0,20.011666666666667,1.6934391727735776,17.18,23.42,48.23333333333333,7.918150127982884,-3.645,-1.5799999999999983,0.06494202898550723,0.1913333333333334,8000,161.0,48.0,0,0,0,0,0.0,0,0.0,-1.5799999999999983,2,2
VIA-00496,CAM-28,PROD-017,Seco,Refrigerado,La Paz,24,690.0,21.2925,2.993085146742766,18.08,29.69,49.541666666666664,6.027178780986262,-2.8208333333333333,4.690000000000001,0.07863768115942026,0.3273333333333333,2000,147.0,24.0,1,0,0,0,1.0,1,0.20833333333333334,4.690000000000001,2,2
VIA-00497,CAM-03,PROD-033,Seco,Seco,Oruro,23,690.0,20.198695652173914,1.9577057638234383,17.65,24.39,47.63478260869565,6.705940968184458,-3.395217391304348,-0.6099999999999994,0.07287878787878782,0.2133333333333333,12000,223.0,72.0,0,0,0,0,0.0,0,0.0,-0.6099999999999994,2,2
VIA-00498,CAM-03,PROD-003,Seco,Seco,Oruro,24,690.0,20.01037037037037,2.2061408383104784,15.56,25.09,44.8375,6.93063849872434,-3.3387962962962963,0.0899999999999998,0.08531561996779383,0.2466666666666666,12000,363.0,24.0,0,0,0,0,0.0,1,0.08333333333333333,0.0899999999999998,2,2
VIA-00500,CAM-03,PROD-016,Seco,Seco,Oruro,24,690.0,19.581666666666667,1.6898743628799289,16.95,22.31,50.20416666666667,7.037630478621562,-3.5741666666666667,-1.9499999999999995,0.06739130434782603,0.1553333333333333,12000,245.0,48.0,0,0,0,0,0.0,0,0.0,-1.9499999999999995,2,2
VIA-00501,CAM-25,PROD-040,Seco,Refrigerado,Cochabamba,24,690.0,19.922083333333333,1.7319729367467578,14.22,23.35,49.574999999999996,8.063457560258314,-3.854583333333333,0.7799999999999994,0.0673333333333333,0.2333333333333332,2000,215.0,48.0,0,0,0,0,0.0,1,0.08333333333333333,0.7799999999999994,2,2
VIA-00502,CAM-08,PROD-047,Fresco,Refrigerado,Santa Cruz,24,690.0,5.1875,2.3913780818671864,2.84,10.15,78.50833333333334,7.506050699365762,-0.3233333333333333,4.15,0.039463768115941995,0.1783333333333333,5000,487.0,48.0,1,1,0,0,0.16666666666666666,1,0.25,4.15,0,0
VIA-00504,CAM-20,PROD-048,Seco,Refrigerado,,24,690.0,20.795833333333334,1.8238418997715569,16.63,24.17,47.36666666666667,7.97417934535486,-3.3675,-0.8299999999999983,0.0561014492753623,0.1303333333333333,12000,,,0,0,0,0,0.0,0,0.0,-0.8299999999999983,2,2
VIA-00505,CAM-23,PROD-029,Seco,Seco,Santa Cruz,23,660.0,19.286521739130436,1.7039542479337253,15.88,22.36,46.22173913043478,6.347795359717716,-3.5126086956521734,-0.8800000000000008,0.05963636363636359,0.161,5000,250.0,72.0,0,0,0,0,0.0,0,0.0,-0.8800000000000008,2,2
VIA-00507,CAM-27,PROD-044,Fresco,Refrigerado,Cochabamba,24,690.0,3.9895833333333335,0.8892814841044508,1.83,5.48,78.56666666666666,7.514372701792831,-1.3529166666666665,0.1699999999999999,0.030855072463768066,0.0763333333333333,5000,358.0,48.0,0,0,0,0,0.0,1,0.08333333333333333,0.1699999999999999,1,1
VIA-00508,CAM-27,PROD-042,Seco,Refrigerado,Cochabamba,24,690.0,20.065416666666668,1.483175146263163,17.47,23.02,49.225,7.857439011922841,-3.817916666666667,-1.9800000000000004,0.05633333333333328,0.1503333333333332,5000,70.0,72.0,0,0,0,0,0.0,0,0.0,-1.9800000000000004,2,2
VIA-00509,CAM-27,PROD-030,Seco,Refrigerado,Cochabamba,23,690.0,19.99608695652174,2.249653991840513,15.74,23.8,46.25217391304348,7.111250341741943,-3.2317391304347827,-0.7400000000000002,0.09906060606060603,0.2349999999999999,5000,197.0,72.0,1,0,1,0,0.782608695652174,0,0.0,-1.0,2,2
VIA-00510,CAM-24,PROD-053,Fresco,Refrigerado,Oruro,24,690.0,3.5004166666666667,0.7977766886338159,2.01,4.69,78.50416666666666,4.616179407133195,-1.2629166666666667,-0.0099999999999997,0.03156521739130431,0.0793333333333333,2000,344.0,48.0,0,0,0,0,0.0,0,0.0,-0.0099999999999997,1,1
VIA-00511,CAM-08,PROD-026,Fresco,Refrigerado,Santa Cruz,24,690.0,3.8354166666666667,0.6756187448597006,2.77,4.96,75.19583333333334,6.638522567865381,-1.4145833333333335,-0.77,0.016637681159420242,0.0553333333333333,5000,413.0,24.0,0,0,0,0,0.0,0,0.0,-0.77,1,1
VIA-00512,CAM-11,PROD-037,Fresco,Refrigerado,Cochabamba,24,690.0,4.12,0.7024800786282592,2.76,5.7,78.85000000000001,5.604966741552804,-1.4508333333333334,-0.2999999999999998,0.028014492753623135,0.0656666666666666,2000,314.0,24.0,0,0,0,0,0.0,0,0.0,-0.6600000000000001,1,1
VIA-00513,CAM-12,PROD-003,Seco,Seco,La Paz,24,690.0,19.68,1.8070177208534126,16.23,22.33,50.762499999999996,7.470801860227763,-3.5141666666666667,-1.2300000000000004,0.0640434782608695,0.1889999999999999,8000,264.0,24.0,0,0,0,0,0.0,0,0.0,-1.2300000000000004,2,2
VIA-00514,CAM-26,PROD-024,Seco,Refrigerado,Tarija,24,690.0,20.577083333333334,2.030758006191321,16.32,24.2,47.199999999999996,4.667649999918496,-3.30125,-0.8000000000000007,0.06217391304347822,0.1516666666666667,8000,244.0,24.0,1,1,0,0,0.08333333333333333,0,0.0,-0.8000000000000007,2,2
VIA-00515,CAM-17,PROD-012,Seco,Seco,Cochabamba,24,690.0,19.72375,1.8701053504386145,14.59,23.35,50.50416666666666,4.714868172500475,-3.6912499999999997,0.4100000000000001,0.08066666666666665,0.2053333333333333,8000,248.0,48.0,2,0,0,0,1.0,1,0.08333333333333333,0.4100000000000001,2,2
VIA-00521,CAM-19,PROD-053,Fresco,Refrigerado,Tarija,24,690.0,3.8779166666666662,0.7029006928848279,2.0,4.89,78.81666666666666,7.275250879682354,-1.4854166666666666,0.0,0.02050724637681155,0.0799999999999999,2000,449.0,24.0,0,0,0,0,0.0,0,0.0,0.0,1,1
VIA-00522,CAM-08,PROD-045,Fresco,Refrigerado,Santa Cruz,24,690.0,4.351666666666667,0.8130386731625815,2.43,6.04,80.69166666666666,7.291920285444387,-1.3108333333333333,0.04,0.03307246376811591,0.1076666666666666,5000,460.0,24.0,0,0,0,0,0.0,1,0.08333333333333333,0.04,1,1
VIA-00523,CAM-09,PROD-055,Seco,Seco,Santa Cruz,24,690.0,19.8025,1.6569491346395069,15.62,23.05,44.52916666666667,7.156844043757463,-3.8766666666666665,-0.6199999999999992,0.05728985507246375,0.1906666666666666,8000,176.0,24.0,0,0,0,0,0.0,0,0.0,-0.6199999999999992,2,2
VIA-00524,CAM-07,PROD-003,Seco,Seco,La Paz,24,690.0,19.89708333333333,1.919212880248084,17.48,25.38,48.60833333333333,7.320009305450646,-3.474583333333333,0.379999999999999,0.07369565217391304,0.2633333333333333,12000,236.0,72.0,1,0,1,0,1.0,1,0.08333333333333333,0.379999999999999,2,2
VIA-00527,CAM-20,PROD-035,Congelado,Refrigerado,Oruro,24,690.0,-17.83625,0.8946352790990831,-20.04,-16.08,69.78333333333333,8.188840055177252,-1.3220833333333335,0.0399999999999991,0.03594202898550719,0.0836666666666667,12000,265.0,24.0,0,0,0,0,0.0,1,0.08333333333333333,0.0399999999999991,1,1
VIA-00528,CAM-16,PROD-024,Seco,Seco,Oruro,24,690.0,20.04375,1.458301014134628,16.05,21.95,46.53333333333333,5.359482994750008,-3.914583333333334,-1.0500000000000007,0.06465217391304341,0.1426666666666665,5000,107.0,48.0,0,0,0,0,0.0,0,0.0,-1.0500000000000007,2,2
VIA-00529,CAM-09,PROD-028,Seco,Seco,Santa Cruz,24,690.0,19.29125,1.9823006232329061,14.69,22.53,48.01666666666667,6.878869135236559,-3.237083333333333,0.3100000000000005,0.0643043478260869,0.256,8000,97.0,24.0,1,0,0,0,0.5833333333333334,1,0.08333333333333333,0.3100000000000005,2,2
VIA-00530,CAM-20,PROD-006,Seco,Refrigerado,Oruro,24,690.0,20.392916666666668,2.003647715210103,16.81,24.54,49.237500000000004,7.394993165178955,-3.354583333333333,-0.4600000000000008,0.0845652173913043,0.2576666666666666,12000,388.0,24.0,0,0,0,0,0.0,0,0.0,-0.4600000000000008,2,2
VIA-00531,CAM-08,PROD-058,Congelado,Refrigerado,Santa Cruz,24,690.0,-18.00583333333333,0.6789820812559534,-18.98,-16.31,71.75416666666668,7.149033328795711,-1.4808333333333332,-0.3099999999999987,0.028536231884057933,0.0776666666666667,5000,173.0,72.0,1,0,0,1,0.9166666666666666,0,0.0,-0.3099999999999987,1,1
VIA-00533,CAM-11,PROD-017,Seco,Refrigerado,Cochabamba,23,690.0,19.793260869565216,1.9615402161981919,16.27,24.34,48.39565217391304,6.86330680045371,-3.444565217391304,-0.6600000000000001,0.07534090909090906,0.2523333333333333,2000,103.0,72.0,0,0,0,0,0.0,0,0.0,-0.6600000000000001,2,2
VIA-00534,CAM-19,PROD-058,Congelado,Refrigerado,Tarija,24,690.0,-16.347083333333334,3.572518876533531,-20.48,-9.01,70.45833333333333,7.078683042995244,0.3570833333333335,6.99,0.05984057971014489,0.376,2000,348.0,48.0,1,0,0,0,0.2916666666666667,1,0.2916666666666667,6.99,0,0
VIA-00537,CAM-24,PROD-011,Congelado,Refrigerado,Oruro,24,690.0,-17.76875,0.8646754228937698,-18.97,-15.34,71.075,4.812506352339116,-1.4095833333333332,0.6600000000000001,0.031246376811594166,0.0886666666666666,2000,131.0,48.0,1,1,0,0,0.9583333333333334,1,0.16666666666666666,0.6600000000000001,1,1
VIA-00538,CAM-09,PROD-016,Seco,Seco,Santa Cruz,24,690.0,19.714583333333334,1.964391661927243,16.09,23.81,46.645833333333336,7.552021276606606,-3.4170833333333337,-1.09,0.08172463768115935,0.1886666666666666,8000,490.0,48.0,0,0,0,0,0.0,0,0.0,-1.09,2,2
VIA-00539,CAM-12,PROD-041,Congelado,Seco,La Paz,24,690.0,-16.450208333333332,3.1159876929372223,-19.76,-9.77,69.64166666666667,7.453503212914553,-0.024374999999999963,6.23,0.04410144927536228,0.2289999999999999,8000,173.0,24.0,0,0,0,0,0.0,1,0.25,6.23,0,0
VIA-00540,CAM-15,PROD-026,Fresco,Refrigerado,La Paz,24,690.0,4.050416666666667,0.7782392566426537,2.85,5.99,77.68333333333334,7.747351113468544,-1.3845833333333333,-0.0099999999999997,0.024971014492753584,0.088,2000,173.0,24.0,0,0,0,0,0.0,0,0.0,-0.0099999999999997,1,1
VIA-00541,CAM-04,PROD-055,Seco,Seco,La Paz,24,690.0,20.325833333333332,1.709528072856383,17.44,23.1,47.67916666666667,6.725032999218646,-3.474166666666667,-1.8999999999999984,0.06698550724637675,0.1363333333333333,2000,456.0,24.0,0,0,0,0,0.0,0,0.0,-1.8999999999999984,2,2
VIA-00542,CAM-08,PROD-001,Fresco,Refrigerado,Santa Cruz,24,690.0,5.105416666666667,2.5230829643369908,2.44,10.42,79.3625,7.711922587785747,-0.36624999999999996,4.42,0.03879710144927532,0.2123333333333333,5000,406.0,24.0,1,0,0,1,1.0,1,0.25,4.42,0,0
VIA-00544,CAM-08,PROD-019,Seco,Refrigerado,Santa Cruz,24,690.0,20.151666666666667,1.4747340708446877,16.9,22.63,47.09375,6.866242445915158,-3.825833333333333,-1.8999999999999984,0.0570579710144927,0.1483333333333333,5000,122.0,48.0,0,0,0,0,0.0,0,0.0,-1.8999999999999984,2,2
VIA-00545,CAM-19,PROD-026,Fresco,Refrigerado,Tarija,24,690.0,3.879166666666667,0.6662805041008838,2.73,4.84,78.9875,6.750479049023437,-1.4308333333333334,-0.73,0.021536231884057927,0.0486666666666666,2000,132.0,24.0,0,0,0,0,0.0,0,0.0,-0.73,1,1
VIA-00546,CAM-03,PROD-040,Seco,Seco,Oruro,24,690.0,20.107499999999998,1.5770700681960836,16.75,23.22,50.387499999999996,6.825802230284475,-3.7549999999999994,-1.75,0.05949275362318836,0.1923333333333333,12000,61.0,72.0,0,0,0,0,0.0,0,0.0,-1.75,2,2
VIA-00547,CAM-30,PROD-028,Seco,Seco,Cochabamba,24,690.0,20.11854166666667,1.5720157920206521,16.73,23.16,49.67916666666667,7.491094954890667,-3.8085416666666667,-1.7300000000000004,0.052521739130434716,0.1603333333333333,8000,447.0,48.0,0,0,0,0,0.0,0,0.0,-1.7300000000000004,2,2
VIA-00548,CAM-02,PROD-021,Fresco,Refrigerado,Cochabamba,24,690.0,5.245,2.6520525275144258,2.2,10.63,77.53750000000001,7.075420559016723,-0.20999999999999994,4.630000000000001,0.051202898550724595,0.2466666666666666,5000,184.0,24.0,0,0,0,0,0.0,1,0.25,4.630000000000001,0,0
VIA-00550,CAM-01,PROD-043,Congelado,Refrigerado,Cochabamba,24,690.0,-18.0975,0.7466228312701891,-19.28,-16.99,70.0625,7.148232527056573,-1.3383333333333332,-0.7199999999999989,0.022449275362318805,0.0633333333333334,5000,297.0,48.0,0,0,0,0,0.0,0,0.0,-0.7199999999999989,1,1
VIA-00552,CAM-16,PROD-042,Seco,Seco,Oruro,24,690.0,20.079166666666666,1.7940455053766944,17.43,23.54,47.92916666666667,6.435193937597586,-3.455833333333334,-1.4600000000000009,0.07853623188405792,0.1693333333333332,5000,418.0,24.0,0,0,0,0,0.0,0,0.0,-1.4600000000000009,2,2
VIA-00555,CAM-20,PROD-021,Fresco,Refrigerado,Oruro,23,690.0,4.071739130434783,0.7118966483589202,2.46,5.15,78.41739130434782,7.866075154733837,-1.423913043478261,-0.4599999999999999,0.025022727272727217,0.051,12000,410.0,48.0,1,0,0,0,1.0,0,0.0,-0.4599999999999999,1,1
VIA-00558,CAM-04,PROD-028,Seco,Seco,,24,690.0,21.322083333333335,2.660934747768922,17.28,26.51,46.75,7.927497549120046,-2.59375,1.5100000000000016,0.09495652173913038,0.2526666666666666,2000,,,0,0,0,0,0.0,1,0.25,1.5100000000000016,2,2
VIA-00559,CAM-12,PROD-014,Seco,Seco,La Paz,24,690.0,19.496666666666666,2.0082150124505804,16.03,23.42,44.708333333333336,7.46306363637479,-3.284166666666667,-1.0300000000000011,0.08613043478260865,0.216,8000,151.0,72.0,0,0,0,0,0.0,0,0.0,-1.0300000000000011,2,2
VIA-00560,CAM-12,PROD-046,Seco,Seco,La Paz,23,660.0,20.308695652173913,1.572803820477147,17.11,23.9,46.88260869565217,5.879212391121872,-3.7226086956521742,-1.1000000000000014,0.06646969696969691,0.2263333333333333,8000,267.0,72.0,2,1,0,0,1.0,0,0.0,-1.1000000000000014,2,2
VIA-00563,CAM-24,PROD-052,Fresco,Refrigerado,Oruro,24,690.0,3.8937500000000003,0.9458504914487875,1.8,6.15,78.33333333333333,6.604851093780576,-1.2354166666666666,0.2000000000000001,0.03720289855072459,0.1116666666666666,2000,138.0,24.0,0,0,0,0,0.0,1,0.16666666666666666,0.2000000000000001,1,1
VIA-00566,CAM-10,PROD-016,Seco,Refrigerado,La Paz,24,690.0,20.0425,1.8007878710502627,17.25,23.0,47.7875,7.436941429518384,-3.4291666666666667,-2.0,0.06827536231884053,0.1776666666666666,12000,351.0,24.0,0,0,0,0,0.0,0,0.0,-2.0,2,2
VIA-00568,CAM-16,PROD-007,Seco,Seco,Oruro,24,690.0,20.019675925925927,1.4885951645945892,17.32,23.072222222222223,47.475,7.530127893134118,-3.7836574074074076,-1.9277777777777767,0.06264412238325277,0.162074074074074,5000,118.0,48.0,0,0,0,0,0.0,0,0.0,-1.9277777777777767,2,2
VIA-00569,CAM-28,PROD-002,Seco,Refrigerado,La Paz,24,690.0,20.255,1.4686136615722059,17.97,23.06,46.85833333333333,5.8413009767901265,-3.8733333333333335,-1.9400000000000013,0.04959420289855067,0.1246666666666667,2000,430.0,24.0,0,0,0,0,0.0,0,0.0,-1.9400000000000013,2,2
VIA-00570,CAM-11,PROD-001,Fresco,Refrigerado,Cochabamba,24,690.0,4.00875,0.7849138003074244,2.35,5.6,77.53750000000001,7.589283777858721,-1.397916666666667,-0.3500000000000001,0.032057971014492696,0.0866666666666666,2000,141.0,24.0,0,0,0,0,0.0,0,0.0,-0.3500000000000001,1,1
VIA-00571,CAM-19,PROD-049,Fresco,Refrigerado,Tarija,23,690.0,5.139565217391305,2.4800961826305876,2.45,10.4,76.31739130434782,6.98073011119722,-0.3578260869565217,4.4,0.041696969696969656,0.1896666666666666,2000,477.0,48.0,2,0,1,2,0.8260869565217391,1,0.21739130434782608,4.4,0,0
VIA-00572,CAM-26,PROD-048,Seco,Refrigerado,Tarija,24,690.0,20.449166666666667,1.9386367165718743,16.17,23.58,47.32916666666667,5.478295447900994,-3.331666666666667,-1.1700000000000017,0.07157971014492745,0.1786666666666666,8000,382.0,48.0,2,0,2,0,1.0,0,0.0,-1.1700000000000017,2,2
VIA-00574,CAM-16,PROD-024,Seco,Seco,Oruro,24,690.0,20.103333333333335,1.6695135106727474,17.79,24.2,49.291666666666664,6.678968721921508,-3.6091666666666664,-0.8000000000000007,0.06653623188405794,0.1903333333333333,5000,170.0,48.0,0,0,0,0,0.0,0,0.0,-0.8000000000000007,2,2
VIA-00578,CAM-16,PROD-033,Seco,Seco,Oruro,24,690.0,19.826666666666664,1.533157204755192,17.13,23.39,49.24166666666667,7.209770946531467,-3.733333333333333,-1.6099999999999994,0.0748260869565217,0.1513333333333333,5000,231.0,24.0,1,0,0,0,0.5416666666666666,0,0.0,-1.6099999999999994,2,2
VIA-00580,CAM-20,PROD-013,Fresco,Refrigerado,Oruro,24,690.0,4.130833333333333,0.6782837463626196,2.39,5.11,78.36666666666666,6.8158808589981925,-1.4333333333333333,-0.3900000000000001,0.023869565217391267,0.053,12000,324.0,24.0,0,0,0,0,0.0,0,0.0,-0.3900000000000001,1,1
VIA-00581,CAM-05,PROD-057,Seco,Seco,Cochabamba,24,690.0,19.91,1.8908337245546067,15.52,23.16,50.61666666666667,6.50101441359709,-3.496666666666666,-0.5199999999999996,0.07088405797101446,0.2366666666666667,8000,495.0,24.0,0,0,0,0,0.0,0,0.0,-0.5199999999999996,2,2
VIA-00583,CAM-22,PROD-060,Congelado,Refrigerado,Cochabamba,24,690.0,-18.294907407407408,0.5539530430255432,-19.66,-16.9,67.49166666666666,5.850151738401223,-1.5499074074074075,-0.3399999999999998,0.023774557165861437,0.0579999999999999,8000,133.0,48.0,0,0,0,0,0.0,0,0.0,-0.3399999999999998,1,1
VIA-00584,CAM-02,PROD-001,Fresco,Refrigerado,Cochabamba,24,690.0,3.845,0.9781126457755707,1.25,5.53,78.94583333333334,7.94393283207881,-1.2575,0.75,0.03527536231884053,0.101,5000,316.0,48.0,0,0,0,0,0.0,1,0.08333333333333333,0.75,1,1
VIA-00585,CAM-19,PROD-030,Seco,Refrigerado,Tarija,24,690.0,20.189583333333335,1.7319942744324148,16.04,24.01,49.18333333333334,5.71258463293156,-3.7237500000000003,-0.9899999999999984,0.06476811594202894,0.167,2000,39.0,48.0,0,0,0,0,0.0,0,0.0,-0.9899999999999984,2,2
VIA-00586,CAM-24,PROD-038,Seco,Refrigerado,Oruro,24,690.0,19.906666666666666,1.966171885684965,15.85,23.16,48.725,8.211246264568569,-3.394166666666667,-0.8499999999999996,0.0745652173913043,0.1916666666666667,2000,144.0,48.0,0,0,0,0,0.0,0,0.0,-0.8499999999999996,2,2
VIA-00587,CAM-23,PROD-003,Seco,Seco,Santa Cruz,24,690.0,21.809583333333332,2.7079520244396256,18.04,29.44,47.800000000000004,5.819233477088676,-2.79625,4.440000000000001,0.0760869565217391,0.2853333333333334,5000,339.0,24.0,0,0,0,0,0.0,1,0.25,4.440000000000001,2,2
VIA-00590,CAM-26,PROD-004,Fresco,Refrigerado,Tarija,24,690.0,4.220416666666666,0.7718102896362588,2.61,5.84,78.51666666666667,8.718329849364432,-1.35875,-0.1600000000000001,0.03127536231884053,0.077,8000,115.0,48.0,0,0,0,0,0.0,0,0.0,-0.1600000000000001,1,1
VIA-00591,CAM-08,PROD-051,Congelado,Refrigerado,Santa Cruz,23,690.0,-18.269565217391303,0.6017208523806722,-19.74,-17.3,69.39565217391304,7.452850477310956,-1.4547826086956526,-0.2600000000000015,0.021803030303030248,0.0656666666666666,5000,42.0,72.0,0,0,0,0,0.0,0,0.0,-0.2600000000000015,1,1
VIA-00593,CAM-08,PROD-027,Fresco,Refrigerado,Santa Cruz,24,690.0,5.130416666666666,2.6070130820816617,1.4,10.41,76.99583333333334,6.230324101184232,-0.14291666666666672,4.41,0.055318840579710093,0.1673333333333333,5000,418.0,72.0,0,0,0,0,0.0,1,0.4166666666666667,4.41,0,0
VIA-00594,CAM-08,PROD-011,Congelado,Refrigerado,Santa Cruz,24,690.0,-18.267916666666668,0.8089928207703524,-20.16,-16.42,70.99583333333334,6.843878837050805,-1.3354166666666671,0.1600000000000001,0.02801449275362316,0.0856666666666666,5000,143.0,24.0,0,0,0,0,0.0,1,0.08333333333333333,0.1600000000000001,1,1
VIA-00595,CAM-15,PROD-034,Fresco,Refrigerado,La Paz,24,690.0,3.9595833333333332,0.7801197186088292,2.91,6.07,79.91250000000001,7.465067197344545,-1.3979166666666665,0.0700000000000002,0.026130434782608646,0.0856666666666666,2000,367.0,48.0,1,1,0,0,0.75,1,0.08333333333333333,0.0700000000000002,1,1
VIA-00596,CAM-27,PROD-035,Congelado,Refrigerado,Cochabamba,24,690.0,-17.950416666666666,1.0123518857490759,-19.85,-16.21,71.03333333333333,5.116526221931258,-1.1587500000000002,-0.1499999999999985,0.04423188405797096,0.095,5000,325.0,24.0,0,0,0,0,0.0,0,0.0,-0.1499999999999985,1,1
VIA-00597,CAM-20,PROD-002,Seco,Refrigerado,Oruro,24,690.0,20.827916666666667,2.962884873794849,16.36,26.73,47.822916666666664,5.982837395174755,-2.929583333333333,1.7300000000000004,0.06788405797101445,0.1973333333333334,12000,215.0,48.0,1,0,0,0,0.5833333333333334,1,0.20833333333333334,1.7300000000000004,2,2
VIA-00598,CAM-26,PROD-006,Seco,Refrigerado,Tarija,24,690.0,19.661666666666665,1.8672524960641965,17.45,24.31,47.84583333333333,6.233568254892683,-3.374166666666666,-0.6900000000000013,0.09184057971014489,0.2079999999999999,8000,286.0,48.0,0,0,0,0,0.0,0,0.0,-0.6900000000000013,2,2
VIA-00600,CAM-23,PROD-028,Seco,Seco,Santa Cruz,24,690.0,19.927083333333332,2.2302573046461545,15.66,24.72,49.262499999999996,8.586380140259545,-3.2879166666666664,-0.2800000000000011,0.07943478260869562,0.2389999999999999,5000,271.0,48.0,0,0,0,0,0.0,0,0.0,-0.2800000000000011,2,2
VIA-00601,CAM-26,PROD-049,Fresco,Refrigerado,Tarija,23,690.0,4.990869565217391,2.310798588924849,2.61,10.92,76.7695652173913,6.766792901072704,-0.44652173913043475,4.92,0.044666666666666625,0.2196666666666666,8000,20.0,24.0,1,0,1,0,0.4782608695652174,1,0.30434782608695654,4.92,0,0
VIA-00603,CAM-08,PROD-041,Congelado,Refrigerado,Santa Cruz,24,690.0,-18.071250000000003,0.8412377655935742,-19.64,-16.42,69.325,6.034556285694697,-1.33125,-0.3599999999999994,0.03563768115942024,0.1073333333333333,5000,104.0,48.0,0,0,0,0,0.0,0,0.0,-0.4200000000000017,1,1
VIA-00604,CAM-24,PROD-049,Fresco,Refrigerado,Oruro,24,690.0,4.269166666666667,0.7952954969923011,2.17,5.7,78.97916666666667,5.9191640983493965,-1.3525,-0.1699999999999999,0.028956521739130388,0.0983333333333333,2000,291.0,24.0,0,0,0,0,0.0,0,0.0,-0.1699999999999999,1,1
VIA-00607,CAM-26,PROD-046,Seco,Refrigerado,Tarija,24,690.0,20.30125,1.9204535526343998,16.71,23.58,47.583333333333336,7.2417069010406445,-3.4120833333333334,-1.4200000000000017,0.0776811594202898,0.1996666666666666,8000,71.0,72.0,0,0,0,0,0.0,0,0.0,-1.4200000000000017,2,2
VIA-00611,CAM-08,PROD-056,Fresco,Refrigerado,Santa Cruz,24,690.0,4.1499999999999995,0.8322729485388585,2.44,6.11,80.50416666666668,6.568533630725433,-1.3633333333333333,0.1100000000000003,0.0329420289855072,0.101,5000,85.0,48.0,1,0,0,1,1.0,1,0.08333333333333333,0.1100000000000003,1,1
VIA-00612,CAM-19,PROD-003,Seco,Refrigerado,Tarija,24,690.0,21.325,2.69602444834741,16.37,26.45,46.145833333333336,7.587746366842805,-2.8200000000000003,1.4499999999999993,0.08555072463768112,0.253,2000,201.0,72.0,0,0,0,0,0.0,1,0.25,1.4499999999999993,2,2
VIA-00613,CAM-04,PROD-007,Seco,Seco,La Paz,24,690.0,19.980833333333333,1.5199339707244914,16.84,23.55,48.104166666666664,7.20805582945774,-3.778333333333333,-1.4499999999999993,0.05776811594202895,0.1473333333333334,2000,261.0,24.0,0,0,0,0,0.0,0,0.0,-1.4499999999999993,2,2
VIA-00614,CAM-08,PROD-030,Seco,Refrigerado,Santa Cruz,24,690.0,20.525833333333335,1.8118040892908416,17.16,24.2,47.15833333333333,6.824375535481276,-3.551666666666667,-0.8000000000000007,0.06904347826086953,0.2263333333333333,5000,139.0,24.0,0,0,0,0,0.0,0,0.0,-0.8000000000000007,2,2
VIA-00615,CAM-08,PROD-051,Congelado,Refrigerado,Santa Cruz,24,690.0,-18.012083333333333,0.7537383882827078,-19.1,-16.43,68.57291666666667,7.163630655377675,-1.37625,-0.4299999999999997,0.025637681159420257,0.0616666666666666,5000,144.0,24.0,1,0,0,1,1.0,0,0.0,-0.4299999999999997,1,1
VIA-00617,CAM-20,PROD-054,Congelado,Refrigerado,Oruro,24,690.0,-17.785833333333333,0.8063547426626152,-19.15,-16.09,70.72500000000001,6.249191252021965,-1.3516666666666666,-0.0899999999999998,0.03114492753623183,0.088,12000,205.0,72.0,0,0,0,0,0.0,0,0.0,-0.0899999999999998,1,1
VIA-00620,CAM-26,PROD-024,Seco,Refrigerado,Tarija,23,690.0,19.83695652173913,1.7293967281911515,17.19,23.72,48.80869565217391,7.766999715783453,-3.62304347826087,-1.2800000000000011,0.07434848484848479,0.1706666666666665,8000,378.0,24.0,0,0,0,0,0.0,0,0.0,-1.2800000000000011,2,2
VIA-00621,CAM-12,PROD-024,Seco,Seco,La Paz,24,690.0,20.107083333333332,1.8159522095959013,15.75,23.17,47.87083333333334,7.996383920066707,-3.6029166666666668,-0.75,0.06379710144927533,0.1583333333333333,8000,350.0,24.0,0,0,0,0,0.0,0,0.0,-0.75,2,2
VIA-00623,CAM-09,PROD-010,Seco,Seco,Santa Cruz,24,690.0,19.699583333333333,1.5345059512731631,16.11,21.97,46.4625,7.732810530179321,-3.82375,-1.1099999999999994,0.04862318840579707,0.1953333333333333,8000,67.0,24.0,2,1,0,0,0.08333333333333333,0,0.0,-1.1099999999999994,2,2
VIA-00625,CAM-18,PROD-020,Seco,Seco,Santa Cruz,24,690.0,20.133333333333333,2.005296609669907,16.1,24.21,46.541666666666664,7.8789712783965085,-3.410833333333333,-0.7899999999999991,0.07204347826086951,0.122,2000,26.0,24.0,0,0,0,0,0.0,0,0.0,-0.7899999999999991,2,2
VIA-00626,CAM-18,PROD-017,Seco,Seco,Santa Cruz,24,690.0,20.106041666666666,1.8498572090408978,17.26,25.16,47.916666666666664,5.858822159909727,-3.688125,0.1600000000000001,0.04691304347826082,0.1753333333333334,2000,203.0,24.0,1,0,0,0,0.041666666666666664,1,0.08333333333333333,0.1600000000000001,2,2
VIA-00627,CAM-20,PROD-027,Fresco,Refrigerado,Oruro,24,690.0,3.7767592592592596,0.8508046090225075,1.34,6.28,78.4375,6.332168561847686,-1.3992592592592592,0.6600000000000001,0.02573913043478257,0.0785925925925925,12000,181.0,24.0,0,0,0,0,0.0,1,0.08333333333333333,0.2800000000000002,1,1
VIA-00628,CAM-08,PROD-053,Fresco,Refrigerado,Santa Cruz,24,690.0,4.04125,0.6706279503764266,2.53,5.27,76.76666666666667,6.972908236551112,-1.4854166666666666,-0.5299999999999998,0.023913043478260832,0.0653333333333333,5000,292.0,72.0,0,0,0,0,0.0,0,0.0,-0.5299999999999998,1,1
VIA-00633,CAM-29,PROD-059,Seco,Seco,Santa Cruz,24,690.0,19.995,1.2387792027005773,18.0,22.36,49.25,6.9848905254251425,-3.9358333333333335,-2.640000000000001,0.05884057971014488,0.1179999999999999,5000,165.0,24.0,0,0,0,0,0.0,0,0.0,-2.640000000000001,2,2
VIA-00634,CAM-24,PROD-011,Congelado,Refrigerado,Oruro,24,690.0,-16.124166666666667,3.1536616629020258,-19.75,-9.9,69.56666666666666,6.798252119777403,0.21666666666666665,6.1,0.05362318840579706,0.2779999999999999,2000,380.0,24.0,0,0,0,0,0.0,1,0.25,6.1,0,0
VIA-00635,CAM-27,PROD-060,Congelado,Refrigerado,Cochabamba,24,690.0,-18.05,0.5934570787747212,-18.95,-16.76,70.36666666666666,7.335836200026772,-1.5066666666666668,-0.7600000000000016,0.024478260869565175,0.06,5000,15.0,48.0,0,0,0,0,0.0,0,0.0,-0.7600000000000016,1,1
VIA-00636,CAM-18,PROD-024,Seco,Seco,Santa Cruz,23,690.0,20.59565217391304,1.4772604438528543,17.88,22.93,49.59130434782608,7.351185003019348,-3.6956521739130435,-2.0700000000000003,0.048037878787878734,0.1336666666666666,2000,312.0,72.0,1,0,0,0,1.0,0,0.0,-2.0700000000000003,2,2
VIA-00637,CAM-26,PROD-010,Seco,Refrigerado,Tarija,24,690.0,19.475833333333334,1.5060311119445466,16.67,22.94,49.0,6.454253737214538,-3.6975,-1.6700000000000017,0.05885507246376808,0.181,8000,92.0,24.0,0,0,0,0,0.0,0,0.0,-1.6700000000000017,2,2
VIA-00638,CAM-15,PROD-056,Fresco,Refrigerado,La Paz,24,690.0,3.7933333333333334,0.7093393537937814,2.49,5.39,75.17916666666666,8.509073375529496,-1.3866666666666667,-0.4900000000000002,0.028159420289855026,0.0756666666666666,2000,236.0,72.0,1,1,0,0,0.6666666666666666,0,0.0,-0.4900000000000002,1,1
VIA-00639,CAM-26,PROD-034,Fresco,Refrigerado,Tarija,24,690.0,4.135833333333333,0.9116917703138331,1.64,5.53,79.45833333333333,6.532721429493401,-1.3025,0.3600000000000003,0.026840579710144884,0.1246666666666666,8000,106.0,48.0,3,2,0,0,1.0,1,0.08333333333333333,0.3600000000000003,1,1
VIA-00640,CAM-22,PROD-047,Fresco,Refrigerado,Cochabamba,24,690.0,3.99875,0.8537961904240431,2.46,5.74,77.80833333333334,8.892787339561579,-1.35875,-0.2599999999999998,0.03266666666666662,0.1043333333333333,8000,104.0,24.0,0,0,0,0,0.0,0,0.0,-0.2599999999999998,1,1
VIA-00641,CAM-26,PROD-013,Fresco,Refrigerado,Tarija,24,690.0,4.107916666666667,0.9786902479586048,1.99,5.62,77.31666666666666,5.734613945284309,-1.1545833333333333,0.0099999999999997,0.03326086956521734,0.0743333333333333,8000,143.0,48.0,0,0,0,0,0.0,1,0.08333333333333333,0.0099999999999997,1,1
VIA-00642,CAM-03,PROD-007,Seco,Seco,Oruro,24,690.0,20.53125,1.6566317648614086,18.06,23.02,49.237500000000004,7.278724954037056,-3.570416666666667,-1.9800000000000004,0.06262318840579705,0.1579999999999999,12000,303.0,72.0,1,1,0,0,0.20833333333333334,0,0.0,-1.9800000000000004,2,2
VIA-00643,CAM-01,PROD-031,Seco,Refrigerado,Cochabamba,24,690.0,20.045833333333334,2.246155975587329,14.76,24.45,48.375,7.9102162890233565,-3.2966666666666673,0.2400000000000002,0.07524637681159412,0.2233333333333333,5000,400.0,48.0,0,0,0,0,0.0,1,0.08333333333333333,0.2400000000000002,2,2
VIA-00644,CAM-22,PROD-030,Seco,Refrigerado,Cochabamba,24,690.0,19.385,1.582639512361219,16.68,22.6,47.5625,9.019293932646738,-3.638333333333333,-1.6799999999999995,0.06276811594202894,0.1756666666666667,8000,292.0,48.0,0,0,0,0,0.0,0,0.0,-1.6799999999999995,2,2
VIA-00645,CAM-15,PROD-045,Fresco,Refrigerado,La Paz,24,690.0,3.970416666666667,0.9376125053266556,2.21,6.0,78.30416666666666,7.826458978677875,-1.2595833333333333,0.0,0.03310144927536229,0.0579999999999999,2000,494.0,72.0,0,0,0,0,0.0,0,0.0,0.0,1,1
VIA-00646,CAM-15,PROD-009,Fresco,Refrigerado,La Paz,24,690.0,3.8295833333333333,0.7164980000376632,2.4,5.5,77.39166666666667,5.513770639650024,-1.4679166666666665,-0.3999999999999999,0.030594202898550686,0.095,2000,179.0,48.0,0,0,0,0,0.0,0,0.0,-0.3999999999999999,1,1
VIA-00647,CAM-11,PROD-014,Seco,Refrigerado,Cochabamba,24,690.0,20.165833333333335,1.835478652574845,16.56,23.84,48.15833333333333,7.347399224373128,-3.551666666666667,-1.16,0.05673913043478255,0.1496666666666666,2000,481.0,72.0,0,0,0,0,0.0,0,0.0,-1.16,2,2
VIA-00649,CAM-26,PROD-023,Fresco,Refrigerado,Tarija,24,690.0,5.134166666666666,2.6223851019994004,2.61,10.37,77.07916666666667,6.52533385230656,-0.29250000000000004,4.369999999999999,0.04350724637681154,0.2223333333333333,8000,430.0,48.0,3,2,0,0,1.0,1,0.25,4.369999999999999,0,0
VIA-00650,CAM-09,PROD-033,Seco,Seco,Santa Cruz,24,690.0,19.574583333333333,1.6532628586253744,16.58,21.98,50.27916666666667,5.788517807331778,-3.63625,-1.5799999999999983,0.0729855072463768,0.1663333333333332,8000,24.0,48.0,1,0,0,0,0.20833333333333334,0,0.0,-1.5799999999999983,2,2
VIA-00651,CAM-28,PROD-013,Fresco,Refrigerado,La Paz,24,690.0,3.99,0.8785363321778571,2.17,5.53,77.84583333333333,6.719535385508539,-1.2891666666666666,-0.1699999999999999,0.03979710144927533,0.112,2000,398.0,24.0,0,0,0,0,0.0,0,0.0,-0.1699999999999999,1,1
VIA-00652,CAM-22,PROD-060,Congelado,Refrigerado,Cochabamba,24,690.0,-17.742916666666666,0.8335178418927951,-19.36,-16.29,69.575,8.72020392661428,-1.27875,-0.2899999999999991,0.0359420289855072,0.0949999999999999,8000,306.0,48.0,0,0,0,0,0.0,0,0.0,-0.2899999999999991,1,1
VIA-00653,CAM-26,PROD-003,Seco,Refrigerado,Tarija,24,690.0,19.890416666666667,2.1558988424414958,16.66,24.54,47.4,5.610859036763871,-3.285416666666667,-0.4600000000000008,0.08834782608695646,0.1996666666666666,8000,426.0,72.0,0,0,0,0,0.0,0,0.0,-0.4600000000000008,2,2
VIA-00654,CAM-19,PROD-056,Fresco,Refrigerado,Tarija,24,690.0,3.8404166666666666,0.8536544416783065,2.58,5.53,76.94166666666666,6.6466674661665675,-1.25125,-0.4699999999999997,0.03891304347826083,0.082,2000,168.0,24.0,0,0,0,0,0.0,0,0.0,-0.4699999999999997,1,1
VIA-00655,CAM-29,PROD-032,Seco,Seco,Santa Cruz,24,690.0,20.44875,1.5366516747673222,17.91,22.84,47.2875,6.560773582436754,-3.6595833333333334,-2.16,0.07181159420289851,0.1483333333333333,5000,184.0,24.0,0,0,0,0,0.0,0,0.0,-2.16,2,2
VIA-00660,CAM-26,PROD-044,Fresco,Refrigerado,Tarija,24,690.0,3.6525,0.726936693613508,2.04,4.87,80.38958333333333,6.096720058442447,-1.3483333333333334,-0.04,0.021710144927536194,0.0543333333333333,8000,265.0,24.0,0,0,0,0,0.0,0,0.0,-0.04,1,1
VIA-00661,CAM-28,PROD-024,Seco,Refrigerado,La Paz,24,690.0,20.248749999999998,1.698035469747832,16.58,23.09,44.425000000000004,5.3065382148899065,-3.612916666666667,-1.5799999999999983,0.08346376811594199,0.217,2000,382.0,48.0,0,0,0,0,0.0,0,0.0,-1.5799999999999983,2,2
VIA-00662,CAM-10,PROD-058,Congelado,Refrigerado,La Paz,24,690.0,-17.798333333333336,0.84361884380518,-19.26,-16.01,70.99583333333334,7.644633193729223,-1.3275,-0.0100000000000015,0.03378260869565214,0.0683333333333333,12000,86.0,24.0,0,0,0,0,0.0,0,0.0,-0.0100000000000015,1,1
VIA-00665,CAM-24,PROD-048,Seco,Refrigerado,Oruro,24,690.0,19.722916666666666,1.8285762557761722,16.33,24.69,47.90833333333333,5.852455201371297,-3.6637500000000003,-0.3099999999999987,0.0640579710144927,0.154,2000,27.0,48.0,0,0,0,0,0.0,0,0.0,-0.3099999999999987,2,2
VIA-00667,CAM-03,PROD-024,Seco,Seco,Oruro,24,690.0,20.258333333333333,1.6520887087106657,16.1,23.39,47.362500000000004,6.532448272644997,-3.7900000000000005,-1.1000000000000014,0.061652173913043416,0.2053333333333333,12000,301.0,48.0,0,0,0,0,0.0,0,0.0,-1.1000000000000014,2,2
VIA-00668,CAM-08,PROD-050,Seco,Refrigerado,Santa Cruz,24,690.0,19.697083333333335,1.5173016070203933,15.33,22.43,49.06666666666666,5.942014492735949,-3.85875,-0.33,0.0524347826086956,0.1539999999999999,5000,278.0,48.0,0,0,0,0,0.0,0,0.0,-0.33,2,2
VIA-00669,CAM-20,PROD-050,Seco,Refrigerado,Oruro,24,690.0,19.7975,1.847831278765085,16.24,23.13,48.34583333333333,6.456138243136739,-3.4908333333333332,-1.2399999999999984,0.06689855072463764,0.1736666666666667,12000,220.0,72.0,1,0,0,0,0.08333333333333333,0,0.0,-1.2399999999999984,2,2
VIA-00671,CAM-20,PROD-006,Seco,Refrigerado,Oruro,24,690.0,19.906666666666666,1.6027820016856746,16.41,22.95,47.822916666666664,7.06716195369189,-3.7291666666666665,-1.41,0.05624637681159415,0.1156666666666666,12000,456.0,48.0,0,0,0,0,0.0,0,0.0,-2.0500000000000007,2,2
VIA-00672,CAM-24,PROD-037,Fresco,Refrigerado,Oruro,24,690.0,4.035,0.6671809610462581,2.46,5.24,78.12083333333334,5.14730652795747,-1.4625000000000001,-0.4599999999999999,0.02391304347826083,0.066,2000,149.0,48.0,0,0,0,0,0.0,0,0.0,-0.4599999999999999,1,1
VIA-00674,CAM-08,PROD-055,Seco,Refrigerado,Santa Cruz,24,690.0,20.39625,2.16162139728894,16.22,25.43,48.737500000000004,7.491723694387259,-3.2604166666666665,0.4299999999999997,0.09497101449275355,0.2889999999999999,5000,56.0,48.0,0,0,0,0,0.0,1,0.08333333333333333,0.4299999999999997,2,2
VIA-00675,CAM-04,PROD-024,Seco,Seco,La Paz,24,690.0,19.62375,2.011825501336059,15.71,24.24,46.9,6.566184783319432,-3.40375,-0.7100000000000009,0.0801884057971014,0.2546666666666665,2000,406.0,24.0,0,0,0,0,0.0,0,0.0,-0.7100000000000009,2,2
VIA-00679,CAM-08,PROD-004,Fresco,Refrigerado,Santa Cruz,24,690.0,4.104375,0.6905720887659802,3.04,5.46,76.64583333333333,7.487960142885996,-1.4347916666666667,-0.54,0.022159420289855018,0.0586666666666666,5000,256.0,48.0,1,0,0,1,0.9166666666666666,0,0.0,-0.54,1,1
VIA-00680,CAM-29,PROD-016,Seco,Seco,Santa Cruz,24,690.0,19.416666666666668,1.589447994599456,16.54,23.21,49.13333333333333,5.843812533572258,-3.6625,-1.5399999999999991,0.05975362318840577,0.1710000000000001,5000,175.0,48.0,0,0,0,0,0.0,0,0.0,-1.5399999999999991,2,2
VIA-00683,CAM-16,PROD-028,Seco,Seco,Oruro,24,690.0,19.945,1.860986180823863,16.53,22.88,47.625,5.741856236747682,-3.4166666666666674,-1.5300000000000011,0.06563768115942023,0.2116666666666666,5000,202.0,48.0,0,0,0,0,0.0,0,0.0,-1.5300000000000011,2,2
VIA-00685,CAM-08,PROD-051,Congelado,Refrigerado,Santa Cruz,24,690.0,-18.366041666666668,0.7623604350771452,-19.72,-16.95,67.67916666666666,7.48970186709531,-1.3877083333333333,-0.2800000000000011,0.02892753623188401,0.0896666666666667,5000,200.0,24.0,0,0,0,0,0.0,0,0.0,-0.2800000000000011,1,1
VIA-00686,CAM-08,PROD-053,Fresco,Refrigerado,Santa Cruz,24,690.0,5.5495833333333335,2.5430954762747846,2.72,10.97,77.78333333333333,6.083596381050954,-0.23291666666666666,4.970000000000001,0.04037681159420286,0.2066666666666667,5000,261.0,48.0,1,0,0,1,0.3333333333333333,1,0.3333333333333333,4.970000000000001,0,0
VIA-00687,CAM-15,PROD-016,Seco,Refrigerado,La Paz,23,660.0,20.80782608695652,2.637852012738153,16.97,25.97,47.81304347826087,4.967009741358576,-2.8704347826086956,0.9699999999999988,0.0794393939393939,0.1763333333333333,2000,97.0,72.0,0,0,0,0,0.0,1,0.21739130434782608,0.9699999999999988,2,2
VIA-00690,CAM-24,PROD-011,Congelado,Refrigerado,Oruro,24,690.0,-17.914166666666667,0.7353077833342189,-19.3,-16.8,71.32708333333333,4.951920557737665,-1.3708333333333336,-0.6999999999999993,0.0321739130434782,0.0699999999999999,2000,471.0,48.0,0,0,0,0,0.0,0,0.0,-0.6999999999999993,1,1
VIA-00691,CAM-15,PROD-040,Seco,Refrigerado,La Paz,23,690.0,20.823478260869564,3.116624935429717,15.95,26.92,50.24347826086956,8.210571128786935,-2.4808695652173913,1.9200000000000017,0.06571212121212118,0.1816666666666667,2000,165.0,72.0,0,0,0,0,0.0,1,0.21739130434782608,1.9200000000000017,2,2
VIA-00693,CAM-15,PROD-008,Congelado,Refrigerado,La Paz,24,690.0,-16.544999999999998,3.3518885007916244,-19.34,-8.91,74.27916666666667,8.292583337283808,0.13250000000000006,7.09,0.0554347826086956,0.3153333333333333,2000,234.0,24.0,1,0,0,0,1.0,1,0.25,7.09,0,0
VIA-00694,CAM-25,PROD-027,Fresco,Refrigerado,Cochabamba,24,690.0,3.8874999999999997,0.7236456615487037,2.62,5.14,77.62083333333334,9.504414496829154,-1.3816666666666666,-0.6200000000000001,0.026710144927536178,0.0839999999999999,2000,339.0,24.0,0,0,0,0,0.0,0,0.0,-0.6200000000000001,1,1
VIA-00695,CAM-21,PROD-039,Seco,Seco,Tarija,24,690.0,20.25,1.905390522564407,17.32,25.05,47.958333333333336,6.499559628337818,-3.5574999999999997,0.0500000000000007,0.06428985507246371,0.2433333333333333,12000,290.0,24.0,2,0,0,1,1.0,1,0.08333333333333333,0.0500000000000007,2,2
VIA-00696,CAM-16,PROD-046,Seco,Seco,Oruro,24,690.0,20.13375,2.4648411404847357,14.97,25.43,46.916666666666664,7.480564188596349,-3.0379166666666673,0.4299999999999997,0.08110144927536227,0.173,5000,360.0,24.0,0,0,0,0,0.0,1,0.16666666666666666,0.4299999999999997,2,2
VIA-00698,CAM-10,PROD-045,Fresco,Refrigerado,,23,660.0,4.054782608695652,0.7575970958786697,2.67,5.26,80.39565217391304,5.786856444554453,-1.414782608695652,-0.6699999999999999,0.027696969696969644,0.08,12000,,,0,0,0,0,0.0,0,0.0,-0.6699999999999999,1,1
VIA-00699,CAM-01,PROD-011,Congelado,Refrigerado,Cochabamba,24,690.0,-18.200833333333332,0.6442988549522289,-19.95,-17.25,71.41458333333334,6.496579018935691,-1.4725000000000001,-0.0500000000000007,0.022072463768115887,0.0876666666666666,5000,352.0,72.0,0,0,0,0,0.0,0,0.0,-0.0500000000000007,1,1
VIA-00700,CAM-28,PROD-045,Fresco,Refrigerado,La Paz,24,690.0,4.178333333333334,0.6746120731764014,2.95,5.96,77.64999999999999,9.701994416210201,-1.4508333333333334,-0.04,0.02514492753623184,0.0776666666666666,2000,119.0,24.0,0,0,0,0,0.0,0,0.0,-0.04,1,1
VIA-00701,CAM-10,PROD-002,Seco,Refrigerado,La Paz,24,690.0,20.317291666666666,1.923396553635321,17.12,23.83,48.12083333333334,10.120103933418292,-3.3818749999999995,-1.1700000000000017,0.06394202898550719,0.181,12000,377.0,48.0,0,0,0,0,0.0,0,0.0,-1.1700000000000017,2,2
VIA-00706,CAM-19,PROD-030,Seco,Refrigerado,Tarija,24,690.0,20.062083333333334,2.110954820365227,17.02,25.05,48.35,9.446462415841872,-3.3120833333333337,0.0500000000000007,0.07499999999999994,0.2139999999999999,2000,354.0,24.0,0,0,0,0,0.0,1,0.08333333333333333,0.0500000000000007,2,2
VIA-00707,CAM-24,PROD-058,Congelado,Refrigerado,Oruro,24,690.0,-17.7625,0.8099342431709313,-19.06,-16.15,70.46666666666667,6.9125384921747175,-1.3299999999999998,-0.1499999999999985,0.03330434782608691,0.063,2000,493.0,48.0,0,0,0,0,0.0,0,0.0,-0.1499999999999985,1,1
VIA-00708,CAM-05,PROD-029,Seco,Seco,Cochabamba,24,690.0,19.544999999999998,1.8938917833277906,15.7,24.08,48.63333333333333,8.656923174002396,-3.4475,-0.6999999999999993,0.06782608695652169,0.2043333333333333,8000,83.0,72.0,0,0,0,0,0.0,0,0.0,-0.6999999999999993,2,2
VIA-00709,CAM-02,PROD-024,Seco,Refrigerado,Cochabamba,24,690.0,20.628333333333334,1.416906203107953,17.75,23.62,47.42083333333333,7.8961178775542535,-3.81,-1.379999999999999,0.058449275362318795,0.1916666666666666,5000,25.0,24.0,0,0,0,0,0.0,0,0.0,-1.379999999999999,2,2
VIA-00710,CAM-26,PROD-030,Seco,Refrigerado,Tarija,23,660.0,19.836521739130436,1.7661916108746836,17.37,24.02,45.52173913043478,7.069779250876684,-3.5191304347826087,-0.9800000000000004,0.061787878787878746,0.2006666666666666,8000,25.0,24.0,1,1,0,0,0.13043478260869565,0,0.0,-0.9800000000000004,2,2
VIA-00711,CAM-08,PROD-026,Fresco,Refrigerado,Santa Cruz,24,690.0,4.064166666666667,0.7733997035487379,2.42,5.95,77.76666666666667,6.490036957533055,-1.4341666666666668,-0.0499999999999998,0.027855072463768064,0.0846666666666666,5000,232.0,48.0,0,0,0,0,0.0,0,0.0,-0.0499999999999998,1,1
VIA-00712,CAM-26,PROD-011,Congelado,Refrigerado,Tarija,24,690.0,-17.833333333333332,0.9273321559917098,-19.7,-15.48,69.24583333333334,8.144882584717879,-1.3283333333333338,0.5199999999999996,0.029913043478260827,0.0766666666666666,8000,88.0,48.0,0,0,0,0,0.0,1,0.08333333333333333,0.5199999999999996,1,1
VIA-00713,CAM-21,PROD-042,Seco,Seco,Tarija,24,690.0,19.563333333333333,1.7312214001195467,15.37,21.78,50.50416666666666,7.120666747400572,-3.6341666666666668,-0.3699999999999992,0.05955072463768114,0.1896666666666666,12000,37.0,72.0,2,0,0,1,0.9583333333333334,0,0.0,-0.3699999999999992,2,2
VIA-00714,CAM-16,PROD-002,Seco,Seco,Oruro,24,690.0,19.644583333333333,1.6739149091839785,15.26,23.26,46.854166666666664,5.9691947724868255,-3.727916666666666,-0.2599999999999998,0.0668115942028985,0.192,5000,297.0,72.0,0,0,0,0,0.0,0,0.0,-0.2599999999999998,2,2
VIA-00715,CAM-28,PROD-039,Seco,Refrigerado,La Paz,24,690.0,20.147083333333335,2.029398024188382,16.91,25.38,48.206250000000004,6.277674598891315,-3.3412500000000005,0.379999999999999,0.07678260869565212,0.2126666666666666,2000,284.0,24.0,1,0,1,0,0.5833333333333334,1,0.08333333333333333,0.379999999999999,2,2
VIA-00716,CAM-22,PROD-004,Fresco,Refrigerado,Cochabamba,24,690.0,3.9985416666666667,0.8571990271234852,2.62,5.78,78.60416666666667,5.911262586141713,-1.3139583333333331,-0.2199999999999997,0.028594202898550684,0.1043333333333333,8000,149.0,24.0,0,0,0,0,0.0,0,0.0,-0.2199999999999997,1,1
VIA-00718,CAM-21,PROD-038,Seco,Seco,Tarija,24,690.0,20.710416666666667,2.0706656757139017,16.81,25.26,45.87083333333334,6.383230691269978,-3.320416666666667,0.2600000000000015,0.07786956521739126,0.2003333333333334,12000,235.0,72.0,0,0,0,0,0.0,1,0.08333333333333333,0.2600000000000015,2,2
VIA-00720,CAM-24,PROD-018,Seco,Refrigerado,Oruro,24,690.0,19.095000000000002,2.1527373878087324,12.81,21.98,49.0375,6.326673176185165,-3.2775,2.1899999999999995,0.08262318840579704,0.2013333333333333,2000,11.0,24.0,0,0,0,0,0.0,1,0.08333333333333333,2.1899999999999995,2,2
VIA-00721,CAM-25,PROD-036,Fresco,Refrigerado,Cochabamba,24,690.0,3.720416666666667,0.9409453117531035,1.01,5.1,76.90833333333333,7.2557573341970025,-1.2629166666666667,0.9900000000000002,0.03197101449275357,0.0806666666666666,2000,242.0,24.0,1,0,0,0,0.08333333333333333,1,0.08333333333333333,0.9900000000000002,1,1
VIA-00723,CAM-16,PROD-018,Seco,Seco,Oruro,24,690.0,20.27875,1.5698665479144613,17.1,22.44,47.69583333333333,7.039298332539456,-3.7129166666666666,-2.1000000000000014,0.05276811594202894,0.1266666666666666,5000,119.0,72.0,0,0,0,0,0.0,0,0.0,-2.1000000000000014,2,2
VIA-00724,CAM-08,PROD-019,Seco,Refrigerado,Santa Cruz,23,690.0,19.74304347826087,2.487019820776025,16.08,25.15,46.20434782608696,5.869216941797384,-2.9804347826086954,0.1499999999999985,0.061999999999999944,0.2133333333333333,5000,240.0,48.0,0,0,0,0,0.0,1,0.08695652173913043,0.1499999999999985,2,2
VIA-00725,CAM-12,PROD-016,Seco,Seco,La Paz,24,690.0,20.432083333333335,1.4818994249938493,18.06,23.55,49.43333333333334,7.076333284521242,-3.74625,-1.4499999999999993,0.07014492753623183,0.1336666666666667,8000,156.0,72.0,0,0,0,0,0.0,0,0.0,-1.4499999999999993,2,2
VIA-00727,CAM-26,PROD-043,Congelado,Refrigerado,Tarija,24,690.0,-17.99125,0.7505204715801357,-19.86,-16.72,70.8875,6.03196647580351,-1.3970833333333335,-0.1400000000000005,0.03208695652173909,0.088,8000,182.0,72.0,0,0,0,0,0.0,0,0.0,-0.1400000000000005,1,1
VIA-00728,CAM-21,PROD-024,Seco,Seco,Tarija,24,690.0,20.146666666666665,2.034559383271467,16.97,24.05,50.1875,7.001509930318447,-3.3066666666666666,-0.9499999999999992,0.08924637681159417,0.2123333333333333,12000,230.0,48.0,0,0,0,0,0.0,0,0.0,-0.9499999999999992,2,2
VIA-00729,CAM-23,PROD-021,Fresco,Seco,Santa Cruz,24,690.0,5.358333333333333,2.406338851173431,2.58,10.23,76.24166666666666,5.376269651191133,-0.14333333333333328,4.23,0.04410144927536228,0.1586666666666666,5000,230.0,24.0,0,0,0,0,0.0,1,0.25,4.23,0,0
VIA-00730,CAM-22,PROD-016,Seco,Refrigerado,Cochabamba,24,690.0,21.431250000000002,2.9222702795868356,15.53,27.73,46.59583333333333,7.260702994270905,-2.6870833333333333,2.7300000000000004,0.057999999999999954,0.234,8000,313.0,72.0,0,0,0,0,0.0,1,0.25,2.7300000000000004,2,2
VIA-00731,CAM-25,PROD-036,Fresco,Refrigerado,Cochabamba,23,690.0,3.865217391304348,0.7335088123980601,2.51,5.52,80.11304347826086,6.703818745368268,-1.4182608695652172,-0.4800000000000004,0.0247954545454545,0.0673333333333333,2000,349.0,24.0,0,0,0,0,0.0,1,0.08695652173913043,-0.4800000000000004,1,1
VIA-00733,CAM-17,PROD-029,Seco,Seco,Cochabamba,24,690.0,19.200833333333332,2.2433242349665825,15.91,23.31,46.737500000000004,5.692620127238728,-3.0283333333333338,-0.91,0.09063768115942025,0.2216666666666666,8000,160.0,72.0,0,0,0,0,0.0,0,0.0,-0.91,2,2
VIA-00735,CAM-08,PROD-032,Seco,Refrigerado,Santa Cruz,24,690.0,20.016666666666666,1.8469238035803976,17.17,26.59,46.97083333333333,5.705487760017554,-3.768333333333333,1.59,0.0708115942028985,0.3139999999999999,5000,68.0,24.0,0,0,0,0,0.0,1,0.08333333333333333,1.59,2,2
VIA-00737,CAM-28,PROD-025,Congelado,Refrigerado,La Paz,24,690.0,-17.68625,0.6623529369176818,-19.28,-16.44,68.79166666666667,8.144932629324314,-1.4270833333333333,-0.4400000000000013,0.02582608695652171,0.0946666666666666,2000,276.0,48.0,0,0,0,0,0.0,0,0.0,-0.4400000000000013,1,1
VIA-00738,CAM-10,PROD-031,Seco,Refrigerado,La Paz,23,690.0,20.00391304347826,1.8689611580438694,14.78,23.3,47.539130434782614,6.810335669903424,-3.61695652173913,0.2200000000000006,0.06252272727272723,0.1976666666666667,12000,130.0,24.0,0,0,0,0,0.0,1,0.08695652173913043,0.2200000000000006,2,2
VIA-00740,CAM-16,PROD-059,Seco,Seco,Oruro,24,690.0,20.377083333333335,1.672604007727671,15.37,22.75,47.5375,8.717838408787992,-3.6795833333333334,-0.3699999999999992,0.05056521739130433,0.159,5000,75.0,24.0,0,0,0,0,0.0,0,0.0,-0.3699999999999992,2,2
VIA-00741,CAM-12,PROD-007,Seco,Seco,La Paz,24,690.0,20.27,2.1068170924096776,16.08,24.44,46.387499999999996,6.503531649268994,-3.3316666666666657,-0.5599999999999987,0.09685507246376811,0.2343333333333333,8000,226.0,72.0,0,0,0,0,0.0,0,0.0,-0.5599999999999987,2,2
VIA-00743,CAM-10,PROD-049,Fresco,Refrigerado,La Paz,24,690.0,4.117916666666667,0.7079362484603101,3.06,5.79,76.06666666666666,7.289997117352963,-1.4495833333333332,-0.2099999999999999,0.025637681159420236,0.0773333333333333,12000,297.0,24.0,0,0,0,0,0.0,0,0.0,-0.2099999999999999,1,1
VIA-00744,CAM-29,PROD-040,Seco,Seco,Santa Cruz,24,690.0,20.585416666666667,1.7450700226804572,17.95,24.02,50.1,6.861423353414553,-3.487916666666667,-0.9800000000000004,0.07860869565217386,0.2023333333333333,5000,393.0,24.0,0,0,0,0,0.0,0,0.0,-0.9800000000000004,2,2
VIA-00746,CAM-29,PROD-042,Seco,Seco,Santa Cruz,24,690.0,20.107083333333332,2.1271730151146353,15.78,23.41,48.15416666666667,5.669136823083439,-3.219583333333333,-0.7799999999999994,0.09247826086956519,0.2383333333333333,5000,347.0,48.0,1,0,0,0,1.0,0,0.0,-0.7799999999999994,2,2
VIA-00747,CAM-05,PROD-006,Seco,Seco,Cochabamba,24,690.0,20.57,1.7184168649484122,17.72,25.76,48.041666666666664,6.169131900502461,-3.630833333333334,0.7600000000000016,0.06642028985507242,0.2386666666666666,8000,295.0,72.0,0,0,0,0,0.0,1,0.08333333333333333,0.7600000000000016,2,2
VIA-00749,CAM-10,PROD-037,Fresco,Refrigerado,La Paz,24,690.0,3.99875,0.8236626182458763,2.5,5.41,79.04166666666667,6.460240718806657,-1.3187499999999999,-0.5,0.03527536231884053,0.0946666666666666,12000,53.0,48.0,0,0,0,0,0.0,0,0.0,-0.5,1,1
VIA-00750,CAM-26,PROD-056,Fresco,Refrigerado,Tarija,24,690.0,5.010416666666667,2.843828526547583,2.31,11.06,78.14166666666667,7.314186136582777,-0.14958333333333332,5.0600000000000005,0.04649275362318837,0.2453333333333333,8000,396.0,24.0,2,1,0,0,0.4166666666666667,1,0.25,5.0600000000000005,0,0
VIA-00751,CAM-09,PROD-048,Seco,Seco,Santa Cruz,24,690.0,19.44875,1.7922691774250386,16.13,23.38,52.12083333333334,6.56565365908182,-3.4762500000000003,-1.129999999999999,0.057956521739130386,0.2169999999999999,8000,123.0,24.0,1,0,0,0,0.08333333333333333,0,0.0,-1.129999999999999,2,2
VIA-00752,CAM-24,PROD-046,Seco,Refrigerado,Oruro,24,690.0,20.567083333333333,2.093709998536333,16.46,24.86,48.82916666666667,6.961039350598422,-3.290416666666667,-0.1400000000000005,0.08423188405797095,0.2079999999999999,2000,40.0,48.0,0,0,0,0,0.0,0,0.0,-0.1400000000000005,2,2
VIA-00754,CAM-08,PROD-054,Congelado,Refrigerado,Santa Cruz,24,690.0,-16.548750000000002,3.2927949176292803,-19.27,-9.65,71.38333333333334,7.354718489376125,0.04958333333333354,6.35,0.046884057971014456,0.309,5000,277.0,48.0,0,0,0,0,0.0,1,0.25,6.35,0,0
VIA-00755,CAM-14,PROD-032,Seco,Seco,Cochabamba,24,690.0,20.254166666666666,1.3112619764999252,17.75,23.15,47.70416666666667,7.818010375529317,-3.940000000000001,-1.8500000000000008,0.05323188405797096,0.1579999999999999,8000,371.0,48.0,1,0,1,0,0.3333333333333333,0,0.0,-1.8500000000000008,2,2
VIA-00759,CAM-24,PROD-014,Seco,Refrigerado,Oruro,24,690.0,20.12125,1.7755374262948989,16.28,23.28,49.76666666666667,7.386866527929775,-3.542083333333333,-1.2800000000000011,0.05950724637681157,0.127,2000,473.0,24.0,0,0,0,0,0.0,0,0.0,-1.2800000000000011,2,2
VIA-00760,CAM-09,PROD-018,Seco,Seco,Santa Cruz,23,690.0,19.832608695652173,1.8048525938080073,15.86,23.54,48.69565217391305,6.129546791853193,-3.601304347826087,-0.8599999999999994,0.06908333333333329,0.1653333333333333,8000,225.0,48.0,0,0,0,0,0.0,0,0.0,-0.8599999999999994,2,2
VIA-00762,CAM-04,PROD-050,Seco,Seco,La Paz,24,690.0,19.560416666666665,1.6131591451361,16.97,23.1,48.05833333333334,6.717848818902016,-3.69125,-1.8999999999999984,0.058347826086956496,0.1723333333333334,2000,269.0,24.0,0,0,0,0,0.0,0,0.0,-1.8999999999999984,2,2
VIA-00763,CAM-16,PROD-010,Seco,Seco,Oruro,24,690.0,20.93,1.8356730787844306,17.78,23.77,48.88333333333333,6.5246466948604676,-3.4308333333333336,-1.2300000000000004,0.0753043478260869,0.169,5000,102.0,72.0,0,0,0,0,0.0,0,0.0,-1.2300000000000004,2,2
VIA-00764,CAM-19,PROD-002,Seco,Refrigerado,Tarija,24,690.0,19.845833333333335,2.1172293557684148,14.97,23.98,47.40833333333333,5.53533445567943,-3.374166666666666,0.0299999999999993,0.062275362318840545,0.272,2000,348.0,24.0,0,0,0,0,0.0,1,0.08333333333333333,0.0299999999999993,2,2
VIA-00765,CAM-01,PROD-051,Congelado,Refrigerado,Cochabamba,24,690.0,-16.315324074074073,3.2555161821689,-20.02,-9.86,69.68333333333334,6.930190201710489,0.11800925925925904,6.140000000000001,0.05065217391304342,0.2686666666666666,5000,494.0,48.0,0,0,0,0,0.0,1,0.3333333333333333,6.140000000000001,0,0
VIA-00767,CAM-08,PROD-037,Fresco,Refrigerado,Santa Cruz,24,690.0,4.944583333333333,2.7704825810468576,2.4,10.49,78.7625,8.338272811455672,-0.2104166666666667,4.49,0.043101449275362275,0.2256666666666666,5000,312.0,48.0,0,0,0,0,0.0,1,0.25,4.49,0,0
VIA-00769,CAM-19,PROD-049,Fresco,Refrigerado,Tarija,24,690.0,3.809675925925926,0.679706962148069,2.27,5.1,79.24166666666666,7.850999197923604,-1.4613425925925927,-0.27,0.02435587761674713,0.0609999999999999,2000,404.0,24.0,0,0,0,0,0.0,0,0.0,-0.27,1,1
VIA-00771,CAM-20,PROD-059,Seco,Refrigerado,Oruro,24,690.0,19.742083333333333,1.8128238341392107,14.74,23.27,46.8375,5.144588756962103,-3.6704166666666667,0.2599999999999998,0.07276811594202895,0.171,12000,292.0,24.0,0,0,0,0,0.0,1,0.08333333333333333,0.2599999999999998,2,2
VIA-00772,CAM-02,PROD-012,Seco,Refrigerado,Cochabamba,24,690.0,20.232916666666668,1.4865644055620537,16.08,22.71,51.074999999999996,8.024161882280508,-3.8812499999999996,-1.0799999999999983,0.05642028985507243,0.1573333333333334,5000,349.0,24.0,1,1,0,0,0.041666666666666664,0,0.0,-2.289999999999999,2,2
VIA-00774,CAM-11,PROD-054,Congelado,Refrigerado,Cochabamba,24,690.0,-17.872916666666665,0.6903652414966054,-18.99,-16.49,68.10416666666667,8.696899955764682,-1.4470833333333333,-0.4899999999999984,0.028028985507246335,0.0566666666666667,2000,217.0,24.0,0,0,0,0,0.0,0,0.0,-0.4899999999999984,1,1
VIA-00775,CAM-24,PROD-046,Seco,Refrigerado,Oruro,24,690.0,19.86916666666667,1.748808082708028,16.85,22.62,47.26666666666667,7.969652584576104,-3.4958333333333336,-1.8500000000000008,0.07294202898550721,0.1856666666666666,2000,232.0,48.0,1,0,1,1,1.0,0,0.0,-1.8500000000000008,2,2
VIA-00776,CAM-28,PROD-023,Fresco,Refrigerado,La Paz,23,690.0,3.8817391304347826,0.650556769753368,2.6,4.94,78.7,6.959689125763644,-1.4756521739130435,-0.6000000000000001,0.028537878787878744,0.0556666666666666,2000,336.0,24.0,0,0,0,0,0.0,0,0.0,-0.6000000000000001,1,1
VIA-00777,CAM-03,PROD-020,Seco,Seco,Oruro,24,690.0,19.758541666666666,1.7264700599065195,16.67,23.81,46.543749999999996,7.410880844495096,-3.6168750000000003,-1.1900000000000013,0.06107246376811588,0.2379999999999999,12000,377.0,72.0,0,0,0,0,0.0,0,0.0,-1.1900000000000013,2,2
VIA-00778,CAM-22,PROD-030,Seco,Refrigerado,Cochabamba,24,690.0,19.1975,1.758587006909117,15.38,22.13,48.37916666666666,5.733955245170926,-3.6216666666666666,-0.3800000000000008,0.06782608695652169,0.1916666666666666,8000,398.0,48.0,0,0,0,0,0.0,0,0.0,-0.3800000000000008,2,2
VIA-00779,CAM-08,PROD-029,Seco,Refrigerado,Santa Cruz,24,690.0,20.01,1.807133208920308,17.07,24.72,47.74583333333334,6.61920651796998,-3.5866666666666664,-0.2800000000000011,0.06763768115942026,0.1836666666666666,5000,277.0,48.0,0,0,0,0,0.0,0,0.0,-0.2800000000000011,2,2
VIA-00780,CAM-10,PROD-056,Fresco,Refrigerado,La Paz,24,690.0,4.123333333333333,0.7723181742771826,2.43,6.02,77.47916666666667,8.091594090631107,-1.4191666666666667,0.0199999999999995,0.026666666666666606,0.0733333333333333,12000,414.0,24.0,3,0,0,0,1.0,1,0.08333333333333333,0.0199999999999995,1,1
VIA-00781,CAM-08,PROD-001,Fresco,Refrigerado,Santa Cruz,24,690.0,4.17875,0.7533883605014949,2.94,5.71,78.675,7.029951450138497,-1.3929166666666666,-0.29,0.03214492753623184,0.0726666666666666,5000,135.0,24.0,0,0,0,0,0.0,0,0.0,-0.29,1,1
VIA-00783,CAM-20,PROD-052,Fresco,Refrigerado,Oruro,23,690.0,3.9147826086956523,0.7705598293402567,2.17,5.7,77.59130434782608,8.164886741043697,-1.4860869565217392,-0.1699999999999999,0.026439393939393888,0.0743333333333333,12000,216.0,24.0,0,0,0,0,0.0,0,0.0,-0.1699999999999999,1,1
VIA-00785,CAM-24,PROD-011,Congelado,Refrigerado,Oruro,24,690.0,-18.169999999999998,0.564569863200988,-19.23,-17.33,69.7375,6.33045176628157,-1.5150000000000003,-0.7699999999999996,0.026811594202898494,0.0606666666666666,2000,27.0,48.0,0,0,0,0,0.0,0,0.0,-0.7699999999999996,1,1
VIA-00786,CAM-13,PROD-040,Seco,Seco,Cochabamba,24,690.0,20.993333333333332,1.3526388594366088,18.44,23.22,48.583333333333336,6.461704356313882,-3.6625,-1.7800000000000011,0.05878260869565214,0.125,12000,12.0,24.0,0,0,0,0,0.0,0,0.0,-1.7800000000000011,2,2
VIA-00788,CAM-24,PROD-046,Seco,Refrigerado,Oruro,24,690.0,20.12875,1.5982226881350312,15.84,23.88,46.34583333333333,7.598625686190931,-3.86375,-0.8399999999999999,0.05436231884057965,0.2679999999999999,2000,187.0,48.0,0,0,0,0,0.0,0,0.0,-0.8399999999999999,2,2
VIA-00789,CAM-09,PROD-042,Seco,Seco,Santa Cruz,24,690.0,20.19875,1.2979325114765508,17.65,21.92,48.166666666666664,9.367968860949002,-3.8829166666666666,-2.6499999999999986,0.05239130434782605,0.1256666666666667,8000,204.0,48.0,0,0,0,0,0.0,0,0.0,-2.8299999999999983,2,2
VIA-00790,CAM-26,PROD-032,Seco,Refrigerado,Tarija,24,690.0,19.099166666666665,1.7781253358930937,16.04,22.65,48.65,6.932030256588676,-3.3066666666666666,-1.0399999999999991,0.0708115942028985,0.1793333333333333,8000,46.0,72.0,0,0,0,0,0.0,0,0.0,-1.0399999999999991,2,2
VIA-00791,CAM-22,PROD-005,Seco,Refrigerado,Cochabamba,24,690.0,19.972083333333334,1.82145660575998,16.88,24.19,48.85833333333333,5.6918642675822575,-3.5545833333333334,-0.8099999999999987,0.07139130434782605,0.2436666666666667,8000,482.0,48.0,0,0,0,0,0.0,0,0.0,-0.8099999999999987,2,2
VIA-00792,CAM-08,PROD-049,Fresco,Refrigerado,Santa Cruz,24,690.0,5.528333333333333,2.3991568567287143,1.92,10.53,77.4375,8.742142434656742,-0.17666666666666672,4.529999999999999,0.0363188405797101,0.1823333333333333,5000,486.0,72.0,0,0,0,0,0.0,1,0.375,4.529999999999999,0,0
VIA-00793,CAM-15,PROD-003,Seco,Refrigerado,La Paz,24,690.0,19.94125,1.3130062170785621,17.32,22.74,49.80833333333334,7.008747122837581,-3.93875,-2.2600000000000016,0.0578260869565217,0.1266666666666666,2000,303.0,48.0,0,0,0,0,0.0,0,0.0,-2.2600000000000016,2,2
VIA-00798,CAM-02,PROD-011,Congelado,Refrigerado,Cochabamba,24,690.0,-17.836666666666666,0.8020282260384093,-19.91,-16.46,70.77083333333333,6.826449784966313,-1.3683333333333332,-0.0899999999999998,0.031391304347826034,0.0923333333333333,5000,77.0,48.0,1,0,0,0,1.0,0,0.0,-0.0899999999999998,1,1
VIA-00804,CAM-26,PROD-024,Seco,Refrigerado,Tarija,24,690.0,19.490416666666665,2.123271633007947,15.17,25.02,48.00416666666666,5.862962536989721,-3.4395833333333328,0.0199999999999995,0.08746376811594198,0.2876666666666666,8000,152.0,24.0,0,0,0,0,0.0,1,0.08333333333333333,0.0199999999999995,2,2
VIA-00806,CAM-08,PROD-008,Congelado,Refrigerado,Santa Cruz,24,690.0,-17.655833333333334,0.8387356772141529,-19.11,-15.99,68.2625,8.238816530672773,-1.2249999999999999,0.0099999999999997,0.03618840579710142,0.0736666666666667,5000,260.0,48.0,1,0,0,1,0.3333333333333333,1,0.08333333333333333,0.0099999999999997,1,1
VIA-00807,CAM-29,PROD-018,Seco,Seco,Santa Cruz,24,690.0,19.993333333333332,1.6349090299560658,16.77,23.64,46.80416666666667,7.122620375570549,-3.7066666666666666,-1.3599999999999994,0.07960869565217388,0.183,5000,229.0,24.0,0,0,0,0,0.0,0,0.0,-1.3599999999999994,2,2
VIA-00811,CAM-20,PROD-015,Fresco,Refrigerado,Oruro,24,690.0,3.90625,0.6867112075746948,2.49,5.14,77.46666666666667,6.386648210314928,-1.4195833333333334,-0.4900000000000002,0.03176811594202894,0.0676666666666666,12000,218.0,48.0,1,0,0,0,1.0,0,0.0,-0.4900000000000002,1,1
VIA-00812,CAM-25,PROD-047,Fresco,Refrigerado,Cochabamba,24,690.0,4.06,0.6596507639916614,2.52,5.05,80.50416666666666,7.1224372456933995,-1.4625000000000001,-0.52,0.028594202898550684,0.0633333333333333,2000,234.0,72.0,1,0,0,0,0.4166666666666667,0,0.0,-0.52,1,1
VIA-00813,CAM-28,PROD-003,Seco,Refrigerado,La Paz,24,690.0,20.773333333333333,1.8164841019820739,17.92,24.75,48.541666666666664,7.175314970615313,-3.438333333333333,-0.25,0.06785507246376807,0.2166666666666666,2000,224.0,72.0,0,0,0,0,0.0,0,0.0,-0.25,2,2
VIA-00814,CAM-08,PROD-016,Seco,Refrigerado,Santa Cruz,24,690.0,19.640833333333333,2.1244414440683848,13.79,23.99,49.4125,7.3116531468013735,-3.4258333333333333,1.2100000000000009,0.09624637681159416,0.3399999999999999,5000,373.0,72.0,0,0,0,0,0.0,1,0.08333333333333333,1.2100000000000009,2,2
VIA-00815,CAM-29,PROD-019,Seco,Seco,Santa Cruz,24,690.0,20.231666666666666,2.0680439543446485,17.0,24.73,47.208333333333336,4.486687232116871,-3.5,-0.2699999999999996,0.07827536231884054,0.213,5000,283.0,72.0,0,0,0,0,0.0,0,0.0,-0.2699999999999996,2,2
VIA-00816,CAM-20,PROD-010,Seco,Refrigerado,Oruro,24,690.0,19.646666666666665,1.4727692539438477,16.29,21.83,48.09583333333333,8.339715309845737,-3.784166666666667,-1.2899999999999991,0.052999999999999936,0.1503333333333333,12000,251.0,48.0,1,0,0,0,0.7916666666666666,0,0.0,-1.2899999999999991,2,2
VIA-00819,CAM-01,PROD-040,Seco,Refrigerado,Cochabamba,24,690.0,19.25916666666667,1.8131977917160758,16.4,22.39,50.043749999999996,7.265722270269878,-3.330833333333333,-1.3999999999999986,0.07385507246376806,0.175,5000,433.0,48.0,0,0,0,0,0.0,0,0.0,-1.3999999999999986,2,2
VIA-00821,CAM-19,PROD-036,Fresco,Refrigerado,Tarija,24,690.0,3.98625,0.9971385691502241,2.22,6.29,80.29166666666667,5.729475024639774,-1.2304166666666667,0.29,0.03246376811594199,0.0886666666666666,2000,258.0,72.0,0,0,0,0,0.0,1,0.08333333333333333,0.29,1,1
VIA-00822,CAM-28,PROD-032,Seco,Refrigerado,La Paz,24,690.0,19.84875,1.4353800057370056,15.95,22.31,48.05416666666667,8.790309841037988,-3.99875,-0.9499999999999992,0.05098550724637678,0.2043333333333333,2000,208.0,48.0,0,0,0,0,0.0,0,0.0,-0.9499999999999992,2,2
VIA-00823,CAM-19,PROD-044,Fresco,Refrigerado,Tarija,24,690.0,5.0737499999999995,2.6316746404226103,2.72,10.61,79.67083333333333,5.897344956523393,-0.22875,4.609999999999999,0.05008695652173908,0.2616666666666666,2000,396.0,48.0,0,0,0,0,0.0,1,0.25,4.609999999999999,0,0
VIA-00826,CAM-12,PROD-029,Seco,Seco,La Paz,24,690.0,19.731666666666666,1.5727645741804783,16.25,22.02,49.76666666666667,6.1257593436431925,-3.7083333333333335,-1.25,0.058855072463768074,0.1166666666666666,8000,326.0,48.0,0,0,0,0,0.0,0,0.0,-1.25,2,2
VIA-00829,CAM-24,PROD-041,Congelado,Refrigerado,Oruro,24,690.0,-18.047708333333333,0.8165329397315618,-19.35,-16.42,71.72916666666667,8.799282538275826,-1.3047916666666668,-0.4200000000000017,0.02831884057971008,0.0686666666666667,2000,71.0,72.0,0,0,0,0,0.0,0,0.0,-0.4200000000000017,1,1
VIA-00830,CAM-20,PROD-058,Congelado,Refrigerado,Oruro,24,690.0,-18.111250000000002,0.8067018871817582,-20.01,-16.24,65.89166666666667,6.504975798950181,-1.4612499999999997,0.0100000000000015,0.031420289855072434,0.1003333333333333,12000,372.0,48.0,0,0,0,0,0.0,1,0.08333333333333333,0.0100000000000015,1,1
VIA-00833,CAM-27,PROD-016,Seco,Refrigerado,Cochabamba,24,690.0,19.541666666666668,2.2097366883599627,14.26,22.68,48.1,6.232732668881213,-3.1233333333333335,0.7400000000000002,0.07999999999999995,0.2806666666666667,5000,485.0,48.0,0,0,0,0,0.0,1,0.08333333333333333,0.7400000000000002,2,2
VIA-00834,CAM-08,PROD-040,Seco,Refrigerado,Santa Cruz,24,690.0,20.605416666666667,2.4443652668885254,14.64,25.05,47.81666666666666,7.437371360475636,-3.032083333333333,0.3599999999999994,0.09265217391304344,0.2793333333333333,5000,281.0,72.0,0,0,0,0,0.0,1,0.16666666666666666,0.3599999999999994,2,2
VIA-00835,CAM-25,PROD-060,Congelado,Refrigerado,Cochabamba,23,690.0,-16.376521739130432,3.3836352273521824,-19.19,-9.64,70.31739130434782,7.643039148848451,0.1895652173913044,6.359999999999999,0.05545454545454542,0.3079999999999999,2000,449.0,72.0,1,0,0,0,1.0,1,0.2608695652173913,6.359999999999999,0,0
VIA-00837,CAM-15,PROD-055,Seco,Refrigerado,La Paz,23,690.0,20.136521739130433,1.9672999694913011,16.37,23.67,49.31304347826087,7.469775726694518,-3.3965217391304345,-1.3299999999999983,0.07946969696969693,0.175,2000,495.0,48.0,0,0,0,0,0.0,0,0.0,-1.3299999999999983,2,2
VIA-00838,CAM-20,PROD-046,Seco,Refrigerado,Oruro,24,690.0,19.969166666666666,1.628282415058397,16.72,23.09,47.354166666666664,5.329815982357844,-3.6950000000000003,-1.7199999999999989,0.05752173913043476,0.1603333333333333,12000,410.0,24.0,0,0,0,0,0.0,0,0.0,-1.7199999999999989,2,2
VIA-00839,CAM-25,PROD-056,Fresco,Refrigerado,Cochabamba,24,690.0,4.164583333333334,0.6216106649990649,2.83,5.33,77.1875,7.387081114439201,-1.5054166666666668,-0.6699999999999999,0.025913043478260817,0.0746666666666666,2000,305.0,48.0,0,0,0,0,0.0,0,0.0,-0.6699999999999999,1,1
VIA-00840,CAM-15,PROD-010,Seco,Refrigerado,La Paz,24,690.0,19.544999999999998,2.0705155837637874,15.44,23.36,47.270833333333336,7.838615625704339,-3.3125,-0.4399999999999995,0.08336231884057968,0.1663333333333334,2000,307.0,24.0,0,0,0,0,0.0,0,0.0,-0.4399999999999995,2,2
VIA-00841,CAM-10,PROD-011,Congelado,Refrigerado,La Paz,24,690.0,-17.976666666666667,0.834566623628912,-19.32,-16.5,70.21249999999999,6.5936934625641275,-1.3183333333333334,-0.5,0.03404347826086952,0.0826666666666666,12000,320.0,48.0,0,0,0,0,0.0,0,0.0,-0.5,1,1
VIA-00842,CAM-25,PROD-019,Seco,Refrigerado,Cochabamba,24,690.0,19.861666666666668,1.324132748719661,17.72,22.95,47.7875,6.985221200319379,-3.9274999999999998,-2.0500000000000007,0.05788405797101444,0.1239999999999999,2000,105.0,48.0,1,0,0,0,0.125,0,0.0,-2.0500000000000007,2,2
VIA-00844,CAM-10,PROD-054,Congelado,Refrigerado,La Paz,24,690.0,-18.01,0.6774376274834715,-19.14,-16.51,68.07916666666667,7.623418106282012,-1.4658333333333333,-0.5100000000000016,0.022999999999999955,0.0593333333333333,12000,166.0,48.0,0,0,0,0,0.0,0,0.0,-0.5100000000000016,1,1
VIA-00845,CAM-10,PROD-044,Fresco,Refrigerado,La Paz,24,690.0,4.139583333333333,1.0232534607454482,2.15,6.43,79.52499999999999,9.115741282552658,-1.2004166666666667,0.4299999999999997,0.03815942028985503,0.1073333333333333,12000,450.0,24.0,0,0,0,0,0.0,1,0.08333333333333333,0.4299999999999997,1,1
VIA-00846,CAM-28,PROD-046,Seco,Refrigerado,La Paz,24,690.0,19.91208333333333,1.7525285562808126,15.88,24.02,47.762499999999996,7.829921011317945,-3.7170833333333335,-0.8800000000000008,0.053724637681159364,0.1679999999999999,2000,89.0,48.0,0,0,0,0,0.0,0,0.0,-0.8800000000000008,2,2
VIA-00847,CAM-19,PROD-018,Seco,Refrigerado,Tarija,23,690.0,19.968260869565217,2.0760772716699796,17.36,25.03,45.7304347826087,6.741083995822568,-3.2804347826086957,0.0300000000000011,0.08866666666666662,0.1616666666666667,2000,293.0,72.0,0,0,0,0,0.0,1,0.08695652173913043,0.0300000000000011,2,2
VIA-00848,CAM-15,PROD-001,Fresco,Refrigerado,La Paz,24,690.0,4.16375,0.7657835572286331,2.74,5.68,78.52499999999999,7.408059653248411,-1.3629166666666668,-0.3200000000000003,0.03308695652173908,0.0829999999999999,2000,223.0,24.0,1,1,0,0,1.0,0,0.0,-0.3200000000000003,1,1
VIA-00849,CAM-24,PROD-012,Seco,Refrigerado,Oruro,24,690.0,19.649166666666666,2.1360547067303606,15.61,23.87,48.24583333333334,6.412961004136834,-3.3025,-0.6099999999999994,0.08275362318840575,0.2459999999999999,2000,26.0,48.0,1,1,0,0,0.75,0,0.0,-0.6099999999999994,2,2
VIA-00850,CAM-26,PROD-034,Fresco,Refrigerado,Tarija,23,690.0,5.000869565217391,2.5877770612201267,2.25,10.89,77.27391304347826,5.169773811766055,-0.34173913043478255,4.890000000000001,0.05228030303030298,0.2033333333333333,8000,143.0,48.0,2,1,0,0,0.34782608695652173,1,0.21739130434782608,4.890000000000001,0,0
VIA-00851,CAM-19,PROD-055,Seco,Refrigerado,Tarija,24,690.0,19.924166666666668,1.624820837391984,17.18,23.43,49.1875,6.700571844512843,-3.6591666666666662,-1.5700000000000005,0.05989855072463765,0.157,2000,269.0,48.0,0,0,0,0,0.0,0,0.0,-1.5700000000000005,2,2
VIA-00853,CAM-02,PROD-052,Fresco,Refrigerado,Cochabamba,23,690.0,5.298260869565217,2.7607568991359024,2.67,10.71,79.86086956521739,6.934612732874181,-0.14347826086956514,4.710000000000001,0.0415984848484848,0.2326666666666667,5000,54.0,72.0,0,0,0,0,0.0,1,0.2608695652173913,4.710000000000001,0,0
VIA-00854,CAM-24,PROD-017,Seco,Refrigerado,Oruro,24,690.0,19.775000000000002,1.4848188295282827,17.22,22.61,47.40416666666667,7.448284259196684,-3.7908333333333335,-2.219999999999999,0.043115942028985464,0.1796666666666667,2000,478.0,48.0,0,0,0,0,0.0,0,0.0,-2.219999999999999,2,2
VIA-00855,CAM-26,PROD-042,Seco,Refrigerado,Tarija,24,690.0,20.71166666666667,2.3159384738141804,15.74,24.09,47.35833333333333,4.946137418462899,-3.0058333333333334,-0.7400000000000002,0.0949420289855072,0.2783333333333333,8000,249.0,48.0,0,0,0,0,0.0,0,0.0,-0.7400000000000002,2,2
VIA-00856,CAM-28,PROD-024,Seco,Refrigerado,La Paz,24,690.0,19.847916666666666,1.6411607217127617,16.98,23.38,48.050000000000004,7.563700497599791,-3.702916666666667,-1.620000000000001,0.06975362318840574,0.1456666666666665,2000,253.0,24.0,0,0,0,0,0.0,0,0.0,-1.620000000000001,2,2
VIA-00857,CAM-08,PROD-004,Fresco,Refrigerado,Santa Cruz,24,690.0,3.938333333333333,0.8868099481049877,2.42,5.47,78.40833333333333,7.03079664399955,-1.2425,-0.4199999999999999,0.038463768115941974,0.0936666666666666,5000,199.0,48.0,0,0,0,0,0.0,0,0.0,-0.4199999999999999,1,1
VIA-00860,CAM-28,PROD-053,Fresco,Refrigerado,La Paz,24,690.0,4.1525,0.9348157223659691,1.69,5.96,77.17083333333333,6.123403370722828,-1.2466666666666666,0.31,0.03539130434782604,0.1126666666666666,2000,254.0,72.0,0,0,0,0,0.0,1,0.08333333333333333,0.31,1,1
VIA-00864,CAM-24,PROD-043,Congelado,Refrigerado,Oruro,24,690.0,-18.22458333333333,0.7494054406612987,-19.42,-16.43,68.62083333333334,8.102172503431552,-1.3470833333333332,-0.4299999999999997,0.027608695652173866,0.0650000000000001,2000,296.0,48.0,0,0,0,0,0.0,0,0.0,-0.5799999999999983,1,1
VIA-00865,CAM-04,PROD-020,Seco,Seco,La Paz,24,690.0,21.48625,2.553013245252516,17.21,27.62,47.8375,7.4344563556690435,-2.7837499999999995,2.620000000000001,0.07836231884057965,0.1303333333333333,2000,159.0,48.0,0,0,0,0,0.0,1,0.08333333333333333,2.620000000000001,2,2
VIA-00866,CAM-02,PROD-032,Seco,Refrigerado,Cochabamba,24,690.0,20.522916666666667,1.9536131056753965,17.29,24.65,47.80833333333334,7.338517600967522,-3.3545833333333337,-0.3500000000000014,0.07115942028985502,0.1669999999999999,5000,372.0,48.0,0,0,0,0,0.0,0,0.0,-0.3500000000000014,2,2
VIA-00867,CAM-19,PROD-021,Fresco,Refrigerado,Tarija,24,690.0,4.13125,0.9582107987194719,2.7,6.1,76.47500000000001,8.494051627078697,-1.2279166666666668,0.0999999999999996,0.03873913043478257,0.0873333333333333,2000,444.0,48.0,0,0,0,0,0.0,1,0.08333333333333333,0.0999999999999996,1,1
VIA-00868,CAM-24,PROD-026,Fresco,Refrigerado,Oruro,24,690.0,3.8775,0.8827883196957832,2.32,5.91,77.84583333333333,6.264945897727232,-1.2674999999999998,-0.0899999999999998,0.029797101449275325,0.0916666666666666,2000,315.0,48.0,0,0,0,0,0.0,0,0.0,-0.0899999999999998,1,1
VIA-00870,CAM-20,PROD-008,Congelado,Refrigerado,Oruro,24,690.0,-17.6875,0.8023728397154553,-19.25,-16.24,67.8625,8.192457427149202,-1.3358333333333332,-0.2399999999999984,0.03581159420289852,0.0806666666666667,12000,309.0,48.0,0,0,0,0,0.0,0,0.0,-0.2399999999999984,1,1
VIA-00871,CAM-24,PROD-030,Seco,Refrigerado,Oruro,24,690.0,19.87625,1.6125750740865423,17.16,22.99,48.637499999999996,5.629102368784998,-3.7079166666666663,-2.0100000000000016,0.05631884057971013,0.1796666666666667,2000,195.0,24.0,0,0,0,0,0.0,0,0.0,-2.0100000000000016,2,2
VIA-00872,CAM-08,PROD-013,Fresco,Refrigerado,Santa Cruz,24,690.0,3.9324999999999997,0.846836825306772,2.24,5.08,77.22083333333333,4.617827379855698,-1.3183333333333334,-0.2400000000000002,0.03949275362318837,0.0939999999999999,5000,475.0,24.0,1,0,0,1,0.9583333333333334,0,0.0,-0.2400000000000002,1,1
VIA-00873,CAM-19,PROD-027,Fresco,Refrigerado,Tarija,24,690.0,4.0441666666666665,0.852581331918681,2.59,5.48,77.92083333333333,5.991296525625398,-1.3566666666666667,-0.5199999999999996,0.03150724637681154,0.0906666666666666,2000,232.0,72.0,0,0,0,0,0.0,0,0.0,-0.5199999999999996,1,1
VIA-00877,CAM-03,PROD-007,Seco,Seco,Oruro,24,690.0,19.818749999999998,2.056902087035786,16.39,23.74,47.75833333333333,6.027755849377952,-3.41375,-1.2600000000000016,0.08528985507246375,0.2233333333333333,12000,392.0,24.0,0,0,0,0,0.0,0,0.0,-1.2600000000000016,2,2
VIA-00878,CAM-01,PROD-056,Fresco,Refrigerado,Cochabamba,23,690.0,4.138695652173913,0.6859651750226634,2.73,5.63,78.5304347826087,7.247158363650271,-1.483913043478261,-0.3700000000000001,0.020454545454545406,0.0753333333333333,5000,98.0,72.0,0,0,0,0,0.0,0,0.0,-0.3700000000000001,1,1
VIA-00879,CAM-01,PROD-020,Seco,Refrigerado,Cochabamba,23,690.0,20.24695652173913,1.9480466551782039,14.68,23.56,47.73913043478261,6.864714728260398,-3.5913043478260867,0.3200000000000003,0.06012878787878784,0.2253333333333333,5000,61.0,48.0,0,0,0,0,0.0,1,0.043478260869565216,0.3200000000000003,2,2
VIA-00880,CAM-26,PROD-049,Fresco,Refrigerado,Tarija,24,690.0,4.00375,0.7831253578367622,2.51,5.79,76.125,7.790253107458117,-1.38875,-0.2099999999999999,0.033971014492753575,0.0833333333333333,8000,125.0,24.0,0,0,0,0,0.0,0,0.0,-0.2099999999999999,1,1
VIA-00881,CAM-08,PROD-049,Fresco,Refrigerado,Santa Cruz,24,690.0,3.9295833333333334,0.7431395162280836,2.31,5.62,76.90833333333333,7.621589282322012,-1.4595833333333335,-0.31,0.02215942028985502,0.0586666666666666,5000,298.0,48.0,0,0,0,0,0.0,0,0.0,-0.3799999999999999,1,1
VIA-00883,CAM-19,PROD-012,Seco,Refrigerado,Tarija,24,690.0,21.025833333333335,1.230079236283676,17.68,23.32,48.67083333333333,8.168842138519876,-3.7300000000000004,-1.6799999999999995,0.03842028985507242,0.1393333333333333,2000,235.0,24.0,0,0,0,0,0.0,0,0.0,-1.6799999999999995,2,2
VIA-00884,CAM-02,PROD-009,Fresco,Refrigerado,Cochabamba,24,690.0,3.6816666666666666,0.8472957836125093,2.11,4.91,77.90833333333333,8.824024353836602,-1.2825,-0.1099999999999998,0.029681159420289812,0.0846666666666666,5000,102.0,24.0,1,0,0,0,1.0,0,0.0,-0.1099999999999998,1,1
VIA-00886,CAM-21,PROD-024,Seco,Seco,Tarija,24,690.0,19.750833333333333,2.282999393754641,13.94,25.02,46.725,5.881307899497837,-3.2791666666666663,1.0600000000000005,0.08713043478260868,0.2526666666666666,12000,201.0,48.0,1,1,0,0,0.7916666666666666,1,0.16666666666666666,1.0600000000000005,2,2
VIA-00889,CAM-07,PROD-060,Congelado,Seco,La Paz,24,690.0,-18.001875000000002,0.6321784497998202,-19.13,-16.26,68.37083333333334,7.559128036133972,-1.510625,-0.2600000000000015,0.021753623188405746,0.0753333333333332,12000,182.0,48.0,0,0,0,0,0.0,0,0.0,-0.2600000000000015,1,1
VIA-00890,CAM-30,PROD-019,Seco,Seco,Cochabamba,24,690.0,20.285,1.8846519687937777,16.44,24.68,47.82916666666667,7.231722337798549,-3.514166666666666,-0.3200000000000003,0.08155072463768115,0.2363333333333333,8000,119.0,24.0,1,1,0,1,0.7083333333333334,0,0.0,-0.3200000000000003,2,2
VIA-00892,CAM-08,PROD-034,Fresco,Refrigerado,Santa Cruz,24,690.0,4.006666666666667,0.7786926985920566,2.49,5.38,76.14999999999999,8.536520011869209,-1.3583333333333334,-0.4900000000000002,0.030782608695652126,0.0849999999999999,5000,388.0,48.0,1,0,0,1,0.7916666666666666,0,0.0,-0.4900000000000002,1,1
VIA-00893,CAM-10,PROD-049,Fresco,Refrigerado,La Paz,22,660.0,3.9079545454545452,0.9357434771230602,1.77,5.38,76.24545454545455,7.559461260265478,-1.263409090909091,0.2299999999999999,0.035611111111111066,0.0936666666666666,12000,59.0,48.0,0,0,0,0,0.0,1,0.045454545454545456,0.2299999999999999,1,1
VIA-00896,CAM-09,PROD-014,Seco,Seco,Santa Cruz,24,690.0,19.289166666666667,2.19364480630568,14.88,22.92,47.237500000000004,8.54582595799539,-3.0825,0.1199999999999992,0.09133333333333328,0.1833333333333333,8000,348.0,48.0,0,0,0,0,0.0,1,0.08333333333333333,0.1199999999999992,2,2
VIA-00898,CAM-06,PROD-032,Seco,Seco,Cochabamba,24,690.0,21.473333333333333,2.8483643920932815,16.9,26.75,47.43333333333334,6.381472275721105,-2.6441666666666666,1.75,0.08553623188405793,0.2643333333333333,5000,246.0,48.0,0,0,0,0,0.0,1,0.20833333333333334,1.75,2,2
VIA-00899,CAM-08,PROD-041,Congelado,Refrigerado,Santa Cruz,24,690.0,-17.982499999999998,0.7354989433385841,-19.79,-16.55,70.57083333333334,7.228775779851128,-1.4408333333333332,-0.2100000000000008,0.02626086956521735,0.0876666666666666,5000,445.0,72.0,0,0,0,0,0.0,0,0.0,-0.2100000000000008,1,1
VIA-00900,CAM-21,PROD-005,Seco,Seco,Tarija,24,690.0,21.102916666666665,1.3863636487829107,18.25,23.68,47.35833333333333,6.7812347642251884,-3.45875,-1.3200000000000005,0.062449275362318826,0.1583333333333333,12000,487.0,48.0,0,0,0,0,0.0,0,0.0,-1.3200000000000005,2,2
VIA-00901,CAM-20,PROD-054,Congelado,Refrigerado,Oruro,24,690.0,-16.15458333333333,3.5967037798114743,-19.23,-8.54,70.22083333333333,7.731639072901892,0.23125000000000018,7.460000000000001,0.043985507246376766,0.277,12000,276.0,24.0,1,0,0,0,0.75,1,0.25,7.460000000000001,0,0
VIA-00902,CAM-04,PROD-028,Seco,Seco,La Paz,24,690.0,20.513333333333332,1.7608734657319476,18.14,23.78,47.675000000000004,5.44643880459277,-3.5275,-1.2199999999999989,0.053405797101449236,0.1863333333333333,2000,495.0,48.0,0,0,0,0,0.0,0,0.0,-1.2199999999999989,2,2
VIA-00903,CAM-19,PROD-051,Congelado,Refrigerado,Tarija,24,690.0,-17.923750000000002,0.6983882843033478,-19.41,-16.09,69.32083333333334,6.812263823854529,-1.4637499999999999,-0.0899999999999998,0.027753623188405747,0.0693333333333334,2000,246.0,72.0,0,0,0,0,0.0,0,0.0,-0.0899999999999998,1,1
VIA-00904,CAM-29,PROD-032,Seco,Seco,Santa Cruz,24,690.0,20.065416666666668,1.703183666387532,16.15,22.34,50.708333333333336,6.992226532661681,-3.5920833333333335,-1.1499999999999986,0.07327536231884055,0.1579999999999999,5000,48.0,48.0,0,0,0,0,0.0,0,0.0,-1.1499999999999986,2,2
VIA-00905,CAM-28,PROD-040,Seco,Refrigerado,La Paz,24,690.0,19.708333333333332,1.975644455486046,15.96,24.35,49.00833333333333,6.637110205809301,-3.374166666666667,-0.6499999999999986,0.08336231884057967,0.1650000000000001,2000,76.0,48.0,0,0,0,0,0.0,0,0.0,-0.6499999999999986,2,2
VIA-00907,CAM-17,PROD-040,Seco,Seco,Cochabamba,23,690.0,19.417826086956524,1.6398141705187181,16.0,22.74,46.24782608695652,5.469491381141344,-3.6526086956521735,-1.0,0.06199242424242422,0.2079999999999999,8000,158.0,48.0,1,0,0,0,0.21739130434782608,0,0.0,-1.0,2,2
VIA-00909,CAM-01,PROD-034,Fresco,Refrigerado,Cochabamba,24,690.0,4.1554166666666665,0.7151708775236664,2.69,5.39,80.49583333333334,7.549458901811767,-1.38375,-0.6100000000000003,0.02839130434782603,0.0766666666666666,5000,306.0,24.0,0,0,0,0,0.0,0,0.0,-0.6100000000000003,1,1
VIA-00911,CAM-28,PROD-053,Fresco,Refrigerado,La Paz,24,690.0,3.768333333333333,0.9872785020346134,1.91,5.37,80.07083333333334,7.758220278134538,-1.2133333333333334,0.0899999999999998,0.032507246376811544,0.072,2000,366.0,72.0,1,0,0,0,1.0,1,0.16666666666666666,0.0899999999999998,1,1
VIA-00912,CAM-20,PROD-019,Seco,Refrigerado,Oruro,24,690.0,20.112916666666667,2.2220544335810284,15.49,24.63,48.00625,8.795803254467687,-3.342916666666667,-0.370000000000001,0.08688405797101446,0.2163333333333333,12000,134.0,48.0,0,0,0,0,0.0,0,0.0,-0.4900000000000002,2,2
VIA-00913,CAM-09,PROD-029,Seco,Seco,Santa Cruz,24,690.0,20.254166666666666,2.2381512492440616,14.5,25.78,47.166666666666664,9.325731894190335,-3.3825,0.7800000000000011,0.07324637681159413,0.2416666666666666,8000,329.0,24.0,1,0,0,0,1.0,1,0.16666666666666666,0.7800000000000011,2,2
VIA-00914,CAM-10,PROD-014,Seco,Refrigerado,La Paz,23,660.0,19.66304347826087,1.995486805000926,15.2,23.71,46.7304347826087,6.89238280360736,-3.476086956521739,-0.1999999999999993,0.06277272727272722,0.1609999999999999,12000,363.0,24.0,0,0,0,0,0.0,0,0.0,-0.1999999999999993,2,2
VIA-00917,CAM-08,PROD-044,Fresco,Refrigerado,Santa Cruz,24,690.0,3.903333333333333,0.6587845637606238,2.5,5.77,78.41250000000001,7.6545702460800475,-1.491666666666667,-0.2300000000000004,0.021840579710144862,0.0599999999999999,5000,302.0,72.0,0,0,0,0,0.0,0,0.0,-0.2300000000000004,1,1
VIA-00918,CAM-03,PROD-056,Fresco,Seco,Oruro,24,690.0,5.345416666666666,2.660670035203893,1.79,11.21,76.25416666666666,6.623080799398596,-0.22208333333333327,5.210000000000001,0.042637681159420245,0.2646666666666667,12000,156.0,48.0,0,0,0,0,0.0,1,0.3333333333333333,5.210000000000001,0,0
VIA-00922,CAM-27,PROD-022,Fresco,Refrigerado,Cochabamba,24,690.0,3.9599999999999995,0.9084674146485721,2.19,5.89,76.80833333333334,7.571451912148094,-1.2908333333333333,-0.1100000000000003,0.02981159420289851,0.0783333333333333,5000,202.0,72.0,1,1,0,0,1.0,0,0.0,-0.1100000000000003,1,1
VIA-00924,CAM-24,PROD-017,Seco,Refrigerado,Oruro,24,690.0,20.499583333333334,1.7489934475892541,16.6,24.62,51.375,6.285127372373333,-3.6354166666666665,-0.379999999999999,0.06894202898550722,0.158,2000,242.0,72.0,0,0,0,0,0.0,0,0.0,-0.379999999999999,2,2
VIA-00926,CAM-08,PROD-002,Seco,Refrigerado,Santa Cruz,24,690.0,20.06625,1.7764199770275633,16.86,24.3,47.54583333333333,4.692545352370924,-3.6304166666666666,-0.6999999999999993,0.05852173913043473,0.1603333333333333,5000,39.0,48.0,0,0,0,0,0.0,0,0.0,-0.6999999999999993,2,2
VIA-00928,CAM-20,PROD-023,Fresco,Refrigerado,Oruro,24,690.0,4.01875,0.8239687230239622,2.27,5.85,78.84583333333333,6.932217109840908,-1.4270833333333333,-0.1500000000000003,0.030652173913043427,0.0706666666666666,12000,455.0,48.0,1,0,0,0,0.3333333333333333,0,0.0,-0.1500000000000003,1,1
VIA-00929,CAM-30,PROD-029,Seco,Seco,Cochabamba,24,690.0,20.0225,1.7127000041886573,17.64,24.03,52.2875,6.3794720035029755,-3.6933333333333334,-0.9699999999999988,0.06173913043478256,0.1433333333333333,8000,398.0,72.0,0,0,0,0,0.0,0,0.0,-0.9699999999999988,2,2
VIA-00930,CAM-20,PROD-009,Fresco,Refrigerado,Oruro,24,690.0,4.0687500000000005,0.8369889745261049,2.92,5.82,78.01666666666667,6.134199686764479,-1.3229166666666667,-0.1799999999999997,0.03373913043478256,0.072,12000,247.0,48.0,0,0,0,0,0.0,0,0.0,-0.1799999999999997,1,1
VIA-00931,CAM-24,PROD-022,Fresco,Refrigerado,Oruro,24,690.0,3.98375,0.6857925437356972,2.41,5.14,77.8,7.731640244447823,-1.50125,-0.4100000000000001,0.025463768115941986,0.0833333333333333,2000,38.0,48.0,0,0,0,0,0.0,0,0.0,-0.4100000000000001,1,1
VIA-00933,CAM-19,PROD-008,Congelado,Refrigerado,Tarija,24,690.0,-18.14625,0.9157881495098137,-20.4,-16.74,68.65833333333333,7.099780564071754,-1.24875,0.3999999999999986,0.03502898550724632,0.103,2000,146.0,48.0,0,0,0,0,0.0,1,0.08333333333333333,0.3999999999999986,1,1
VIA-00935,CAM-11,PROD-017,Seco,Refrigerado,Cochabamba,24,690.0,20.467499999999998,1.3749347810619648,17.03,23.31,49.199999999999996,7.252525796905696,-3.8925,-1.6900000000000013,0.05672463768115938,0.2093333333333332,2000,350.0,72.0,1,1,0,0,1.0,0,0.0,-1.6900000000000013,2,2
VIA-00936,CAM-25,PROD-047,Fresco,Refrigerado,Cochabamba,24,690.0,3.737083333333333,0.7226670360045049,2.2,4.8,78.35416666666667,6.115268074515492,-1.3979166666666665,-0.2000000000000001,0.027478260869565174,0.0699999999999999,2000,173.0,24.0,0,0,0,0,0.0,0,0.0,-0.2000000000000001,1,1
VIA-00938,CAM-25,PROD-034,Fresco,Refrigerado,Cochabamba,24,690.0,4.002083333333333,0.9618278756195625,2.59,6.12,78.02499999999999,7.452997646118203,-1.1970833333333333,0.1200000000000001,0.03584057971014488,0.1176666666666666,2000,85.0,72.0,1,0,0,0,0.16666666666666666,1,0.08333333333333333,0.1200000000000001,1,1
VIA-00939,CAM-03,PROD-030,Seco,Seco,Oruro,24,690.0,20.180833333333336,1.5227375710032667,17.58,23.55,48.72083333333333,8.311698364963982,-3.790833333333333,-1.4499999999999993,0.06752173913043476,0.1990000000000001,12000,304.0,24.0,0,0,0,0,0.0,0,0.0,-1.4499999999999993,2,2
VIA-00940,CAM-24,PROD-030,Seco,Refrigerado,Oruro,24,690.0,20.1125,1.7797783203436373,15.61,23.48,49.487500000000004,7.202192450008297,-3.64,-0.6099999999999994,0.06524637681159416,0.2473333333333333,2000,46.0,48.0,0,0,0,0,0.0,0,0.0,-0.6099999999999994,2,2
VIA-00941,CAM-19,PROD-009,Fresco,Refrigerado,Tarija,24,690.0,4.068333333333333,0.6112685787461342,3.04,5.07,79.05416666666666,8.284662579608842,-1.4749999999999999,-0.9299999999999996,0.027014492753623155,0.0676666666666666,2000,378.0,72.0,0,0,0,0,0.0,0,0.0,-0.9299999999999996,1,1
VIA-00942,CAM-26,PROD-057,Seco,Refrigerado,Tarija,24,690.0,19.830000000000002,1.813341858462483,16.07,23.16,47.229166666666664,8.360490892944895,-3.5600000000000005,-1.0700000000000005,0.061666666666666606,0.2363333333333333,8000,205.0,72.0,0,0,0,0,0.0,0,0.0,-1.0700000000000005,2,2
VIA-00943,CAM-19,PROD-050,Seco,Refrigerado,Tarija,23,690.0,19.847826086956523,2.0868374430784,16.41,23.48,48.5304347826087,7.172956457962509,-3.2304347826086963,-1.41,0.09370454545454537,0.2356666666666666,2000,450.0,48.0,0,0,0,0,0.0,0,0.0,-1.41,2,2
VIA-00944,CAM-08,PROD-029,Seco,Refrigerado,Santa Cruz,24,690.0,19.689583333333335,1.4938962165415306,17.57,22.61,45.475,6.566267552058581,-3.7170833333333335,-2.390000000000001,0.05960869565217387,0.1583333333333333,5000,154.0,48.0,0,0,0,0,0.0,0,0.0,-2.390000000000001,2,2
VIA-00945,CAM-10,PROD-032,Seco,Refrigerado,La Paz,24,690.0,19.378333333333334,2.194504334778658,15.47,23.11,47.5,6.058267796627367,-3.1808333333333327,-0.4700000000000006,0.08863768115942026,0.237,12000,219.0,24.0,0,0,0,0,0.0,0,0.0,-0.4700000000000006,2,2
VIA-00946,CAM-20,PROD-053,Fresco,Refrigerado,Oruro,24,690.0,4.1075,0.6892229398892389,2.96,5.66,79.05416666666666,6.581791692545274,-1.4283333333333335,-0.3399999999999998,0.027492753623188367,0.0523333333333333,12000,251.0,48.0,1,0,0,0,1.0,0,0.0,-0.3399999999999998,1,1
VIA-00947,CAM-22,PROD-001,Fresco,Refrigerado,Cochabamba,24,690.0,4.28,0.7726915127740456,2.37,5.57,75.82083333333334,8.423258646858947,-1.3408333333333333,-0.3700000000000001,0.02252173913043474,0.0673333333333333,8000,283.0,48.0,0,0,0,0,0.0,0,0.0,-0.3700000000000001,1,1
VIA-00948,CAM-20,PROD-026,Fresco,Refrigerado,Oruro,24,690.0,3.9416666666666664,0.6276018307581764,2.96,5.33,77.1125,6.228707207620285,-1.485,-0.6699999999999999,0.019579710144927494,0.039,12000,428.0,72.0,0,0,0,0,0.0,0,0.0,-0.6699999999999999,1,1
VIA-00949,CAM-20,PROD-049,Fresco,Refrigerado,Oruro,24,690.0,3.830833333333333,0.8877275172751693,2.22,5.75,75.39999999999999,5.596349741999926,-1.2708333333333333,-0.2200000000000002,0.03337681159420286,0.0903333333333333,12000,31.0,24.0,1,0,0,0,0.75,0,0.0,-0.25,1,1
VIA-00950,CAM-09,PROD-040,Seco,Seco,Santa Cruz,24,690.0,19.974999999999998,2.171895585607791,15.41,24.59,49.34583333333333,7.968578465047776,-3.3049999999999997,-0.4100000000000001,0.08678260869565213,0.241,8000,31.0,48.0,0,0,0,0,0.0,0,0.0,-0.4100000000000001,2,2
VIA-00953,CAM-08,PROD-043,Congelado,Refrigerado,Santa Cruz,24,690.0,-16.52125,3.385283126686169,-19.28,-9.81,66.69583333333334,8.270454441363341,0.07375000000000026,6.19,0.047391304347826055,0.3096666666666667,5000,178.0,24.0,0,0,0,0,0.0,1,0.25,6.19,0,0
VIA-00954,CAM-20,PROD-012,Seco,Refrigerado,Oruro,24,690.0,20.274583333333336,1.650604577424434,17.38,23.06,50.42916666666667,6.804504848398892,-3.59375,-1.9400000000000013,0.048623188405797074,0.1476666666666666,12000,234.0,72.0,0,0,0,0,0.0,0,0.0,-1.9400000000000013,2,2
VIA-00955,CAM-20,PROD-052,Fresco,Refrigerado,Oruro,24,690.0,4.20875,0.8835959754469724,2.37,6.55,74.40833333333333,7.781634826931297,-1.3370833333333334,0.5499999999999998,0.03610144927536228,0.102,12000,347.0,24.0,0,0,0,0,0.0,1,0.041666666666666664,0.5499999999999998,1,1
VIA-00957,CAM-08,PROD-026,Fresco,Refrigerado,Santa Cruz,23,690.0,3.529565217391305,0.8936364842641022,1.5,5.11,77.2695652173913,8.040320820295708,-1.2469565217391305,0.5,0.03196212121212117,0.0869999999999999,5000,335.0,48.0,0,0,0,0,0.0,1,0.13043478260869565,0.5,1,1
VIA-00958,CAM-24,PROD-036,Fresco,Refrigerado,Oruro,24,690.0,4.118333333333333,0.712940430871342,2.75,5.69,78.93333333333334,7.071600683853979,-1.4400000000000002,-0.3099999999999996,0.026434782608695605,0.085,2000,164.0,48.0,0,0,0,0,0.0,0,0.0,-0.3099999999999996,1,1
VIA-00959,CAM-16,PROD-054,Congelado,Seco,Oruro,24,690.0,-16.422916666666666,3.2959757797319593,-19.29,-9.95,71.12083333333334,6.263557758742346,0.023749999999999865,6.050000000000001,0.044159420289855006,0.2629999999999999,5000,185.0,48.0,0,0,0,0,0.0,1,0.25,6.050000000000001,0,0
VIA-00960,CAM-20,PROD-039,Seco,Refrigerado,Oruro,24,690.0,19.742916666666666,1.797492164019121,17.19,24.1,45.80833333333334,6.986379087454615,-3.5820833333333337,-0.8999999999999986,0.06085507246376807,0.1503333333333333,12000,19.0,24.0,1,0,1,0,0.7916666666666666,0,0.0,-0.8999999999999986,2,2
VIA-00961,CAM-11,PROD-034,Fresco,Refrigerado,Cochabamba,24,690.0,4.137291666666667,0.55095762317644,3.08,5.24,77.13333333333334,7.909634557966612,-1.5397916666666667,-0.7599999999999998,0.018898550724637635,0.0593333333333333,2000,37.0,48.0,0,0,0,0,0.0,0,0.0,-0.7599999999999998,1,1
VIA-00962,CAM-18,PROD-050,Seco,Seco,Santa Cruz,24,690.0,19.72041666666667,2.16858294578594,15.97,24.39,47.87916666666666,8.038114594348855,-3.18375,-0.6099999999999994,0.08273913043478257,0.2806666666666667,2000,188.0,24.0,0,0,0,0,0.0,0,0.0,-0.6099999999999994,2,2
VIA-00963,CAM-03,PROD-031,Seco,Seco,Oruro,23,690.0,20.191739130434783,1.9956125789384547,16.96,25.39,50.05217391304348,8.373381502509082,-3.5126086956521747,0.3900000000000005,0.09250757575757569,0.2619999999999999,12000,207.0,48.0,0,0,0,0,0.0,1,0.08695652173913043,0.3900000000000005,2,2
VIA-00967,CAM-02,PROD-052,Fresco,Refrigerado,Cochabamba,24,690.0,4.02125,0.7361079345478814,2.95,6.29,79.66250000000001,7.678700778919177,-1.4495833333333332,0.29,0.029478260869565173,0.093,5000,385.0,48.0,0,0,0,0,0.0,1,0.08333333333333333,0.29,1,1
VIA-00969,CAM-18,PROD-029,Seco,Seco,Santa Cruz,24,690.0,20.19,1.6528341930046149,17.58,23.73,50.50833333333333,7.604170289854211,-3.6675,-1.2699999999999996,0.0578405797101449,0.1633333333333334,2000,12.0,48.0,1,1,0,0,0.625,0,0.0,-1.2699999999999996,2,2
VIA-00971,CAM-16,PROD-032,Seco,Seco,Oruro,24,690.0,21.24875,3.119139112695654,16.94,29.27,48.112500000000004,5.190569416698444,-2.5420833333333337,4.27,0.06860869565217385,0.1783333333333332,5000,373.0,48.0,0,0,0,0,0.0,1,0.20833333333333334,4.27,2,2
VIA-00972,CAM-24,PROD-012,Seco,Refrigerado,Oruro,24,690.0,20.039583333333333,2.422392778919703,15.07,24.82,47.3125,7.8227823639063,-3.140416666666667,-0.0700000000000002,0.08428985507246371,0.3153333333333333,2000,77.0,24.0,0,0,0,0,0.0,0,0.0,-0.0700000000000002,2,2
VIA-00973,CAM-08,PROD-025,Congelado,Refrigerado,Santa Cruz,24,690.0,-17.95,0.8046279183302809,-20.06,-16.59,71.24583333333334,5.2739704675655545,-1.3908333333333331,0.0599999999999987,0.028449275362318786,0.096,5000,133.0,48.0,0,0,0,0,0.0,1,0.08333333333333333,0.0599999999999987,1,1
VIA-00975,CAM-20,PROD-011,Congelado,Refrigerado,Oruro,24,690.0,-17.91375,0.7344848090890709,-19.68,-16.75,67.63333333333334,6.052643451717865,-1.44125,-0.3200000000000003,0.029753623188405735,0.0756666666666666,12000,433.0,48.0,0,0,0,0,0.0,0,0.0,-0.3200000000000003,1,1
VIA-00976,CAM-09,PROD-055,Seco,Seco,Santa Cruz,24,690.0,20.3425,1.9842077599844752,14.53,24.13,47.7125,6.713666302207112,-3.4958333333333336,0.4700000000000006,0.07842028985507243,0.2646666666666666,8000,197.0,72.0,0,0,0,0,0.0,1,0.08333333333333333,0.4700000000000006,2,2
VIA-00978,CAM-04,PROD-048,Seco,Seco,La Paz,24,690.0,19.638749999999998,1.76112195587877,17.0,24.18,45.74166666666667,5.634360167113354,-3.612083333333333,-0.8200000000000003,0.0724492753623188,0.1769999999999999,2000,116.0,24.0,1,0,1,0,0.08333333333333333,0,0.0,-0.8200000000000003,2,2
VIA-00979,CAM-27,PROD-016,Seco,Refrigerado,Cochabamba,24,690.0,19.94125,1.6131748672025332,16.49,23.49,48.8125,6.119414045549587,-3.7870833333333334,-1.4899999999999984,0.06526086956521734,0.1586666666666666,5000,123.0,72.0,1,0,1,0,0.4166666666666667,0,0.0,-1.4899999999999984,2,2
VIA-00980,CAM-26,PROD-007,Seco,Refrigerado,Tarija,24,690.0,20.10875,2.155208680504451,15.35,23.99,49.270833333333336,7.191146680447432,-3.37125,-0.3499999999999996,0.07384057971014489,0.2073333333333333,8000,210.0,24.0,0,0,0,0,0.0,0,0.0,-0.3499999999999996,2,2
VIA-00982,CAM-24,PROD-034,Fresco,Refrigerado,Oruro,24,690.0,4.0945833333333335,0.7380171976708748,1.96,5.34,77.0125,6.398254687293893,-1.4270833333333333,0.04,0.02727536231884053,0.1126666666666666,2000,246.0,72.0,0,0,0,0,0.0,1,0.08333333333333333,0.04,1,1
VIA-00984,CAM-24,PROD-058,Congelado,Refrigerado,Oruro,24,690.0,-18.147083333333335,0.778334225552663,-19.89,-16.91,68.71666666666667,8.011115466306345,-1.4079166666666667,-0.1099999999999994,0.026362318840579664,0.0649999999999999,2000,152.0,24.0,0,0,0,0,0.0,0,0.0,-0.1099999999999994,1,1
VIA-00985,CAM-19,PROD-058,Congelado,Refrigerado,Tarija,24,690.0,-18.110833333333336,0.946122138758668,-19.94,-16.04,70.45416666666667,7.871908180727028,-1.2466666666666668,-0.0399999999999991,0.03826086956521734,0.1006666666666666,2000,378.0,48.0,0,0,0,0,0.0,0,0.0,-0.0399999999999991,1,1
VIA-00986,CAM-27,PROD-014,Seco,Refrigerado,Cochabamba,24,690.0,20.055,1.6648096901291232,16.8,22.94,47.916666666666664,6.928684338795258,-3.6916666666666664,-1.8000000000000007,0.07453623188405797,0.1976666666666666,5000,243.0,48.0,0,0,0,0,0.0,0,0.0,-1.8000000000000007,2,2
VIA-00988,CAM-26,PROD-002,Seco,Refrigerado,Tarija,23,690.0,19.30391304347826,1.8394978048133244,15.14,23.52,47.01739130434783,7.33934925118229,-3.5526086956521743,-0.1400000000000005,0.06308333333333328,0.1816666666666666,8000,70.0,24.0,3,2,0,0,1.0,0,0.0,-0.1400000000000005,2,2
VIA-00989,CAM-21,PROD-012,Seco,Seco,Tarija,24,690.0,20.151666666666667,1.651533323563463,15.72,23.88,46.800000000000004,5.282127371165656,-3.801666666666667,-0.7200000000000006,0.05655072463768111,0.1546666666666666,12000,450.0,48.0,0,0,0,0,0.0,0,0.0,-0.7200000000000006,2,2
VIA-00991,CAM-03,PROD-029,Seco,Seco,Oruro,24,690.0,20.221666666666668,1.8252901298070436,16.41,23.75,48.3125,6.305298841312825,-3.5124999999999997,-1.25,0.07811594202898549,0.1963333333333333,12000,396.0,24.0,1,1,0,0,0.9166666666666666,0,0.0,-1.25,2,2
VIA-00992,CAM-28,PROD-056,Fresco,Refrigerado,La Paz,24,690.0,3.8041666666666667,0.8724673491669008,1.94,5.22,75.2,7.8945220413188775,-1.2483333333333333,0.06,0.03624637681159416,0.103,2000,343.0,48.0,0,0,0,0,0.0,1,0.08333333333333333,0.06,1,1
VIA-00995,CAM-28,PROD-055,Seco,Refrigerado,La Paz,24,690.0,19.507291666666667,1.8350316779440001,15.25,22.72,48.35,6.278257858604601,-3.480625,-0.25,0.07736231884057967,0.2443333333333332,2000,74.0,48.0,0,0,0,0,0.0,0,0.0,-0.25,2,2
VIA-00996,CAM-26,PROD-043,Congelado,Refrigerado,Tarija,24,690.0,-18.076249999999998,0.8218579825482393,-19.3,-16.65,68.8,6.867187260412026,-1.3012499999999998,-0.6499999999999986,0.03579710144927534,0.0683333333333333,8000,52.0,48.0,0,0,0,0,0.0,0,0.0,-0.6499999999999986,1,1
VIA-00997,CAM-04,PROD-003,Seco,Seco,La Paz,24,690.0,20.223333333333333,1.8361364604650925,17.35,25.0,46.625,6.517951798853218,-3.6474999999999995,0.0,0.08111594202898546,0.2109999999999999,2000,408.0,48.0,0,0,0,0,0.0,0,0.0,0.0,2,2
VIA-00998,CAM-08,PROD-039,Seco,Refrigerado,Santa Cruz,24,690.0,20.40375,1.545852269503925,16.8,23.6,50.3375,6.6228072663302315,-3.7604166666666665,-1.3999999999999986,0.07439130434782604,0.1776666666666667,5000,61.0,48.0,0,0,0,0,0.0,0,0.0,-1.3999999999999986,2,2
VIA-00999,CAM-28,PROD-054,Congelado,Refrigerado,La Paz,24,690.0,-17.991249999999997,0.6865750695204101,-18.91,-16.42,69.54583333333333,8.633049698770952,-1.4204166666666669,-0.4200000000000017,0.02104347826086952,0.0653333333333333,2000,453.0,48.0,1,0,0,0,1.0,0,0.0,-0.4200000000000017,1,1
VIA-01004,CAM-08,PROD-034,Fresco,Refrigerado,Santa Cruz,24,690.0,5.5879166666666675,2.6440992206053457,2.53,10.73,75.01666666666667,6.4135499677172385,-0.04125000000000003,4.73,0.04828985507246373,0.224,5000,20.0,24.0,1,1,0,0,0.7916666666666666,1,0.25,4.73,0,0
VIA-01005,CAM-16,PROD-007,Seco,Seco,Oruro,24,690.0,20.2775,1.7886386613482237,17.71,24.67,47.63333333333333,8.598466327689248,-3.6891666666666665,-0.3299999999999983,0.06444927536231879,0.1783333333333333,5000,197.0,24.0,0,0,0,0,0.0,0,0.0,-0.3299999999999983,2,2
VIA-01006,CAM-28,PROD-051,Congelado,Refrigerado,La Paz,24,690.0,-18.213333333333335,0.8108056469348557,-20.13,-16.37,68.43333333333334,6.349917265237585,-1.3233333333333335,0.129999999999999,0.03692753623188401,0.0916666666666666,2000,391.0,24.0,0,0,0,0,0.0,1,0.08333333333333333,0.129999999999999,1,1
VIA-01007,CAM-03,PROD-042,Seco,Seco,Oruro,24,690.0,19.984166666666667,1.822506436242387,16.71,23.8,49.895833333333336,6.0639690809314635,-3.5700000000000003,-1.1999999999999993,0.066695652173913,0.1266666666666666,12000,434.0,48.0,0,0,0,0,0.0,0,0.0,-1.1999999999999993,2,2
VIA-01008,CAM-18,PROD-014,Seco,Seco,Santa Cruz,24,690.0,20.59,1.6613640283762647,16.65,24.74,47.775,6.6540115393059995,-3.7241666666666666,-0.2600000000000015,0.05794202898550721,0.1706666666666665,2000,16.0,72.0,1,1,0,0,0.9583333333333334,0,0.0,-0.2600000000000015,2,2
VIA-01010,CAM-24,PROD-055,Seco,Refrigerado,Oruro,24,690.0,19.920833333333334,1.7151217897348248,16.87,23.87,49.09583333333333,7.076444646895764,-3.598333333333333,-1.129999999999999,0.0577971014492753,0.153,2000,89.0,24.0,0,0,0,0,0.0,0,0.0,-1.870000000000001,2,2
VIA-01011,CAM-19,PROD-030,Seco,Refrigerado,Tarija,24,690.0,20.02125,2.0582438958448552,15.93,24.13,48.300000000000004,9.5467271878901,-3.4804166666666667,-0.870000000000001,0.07355072463768111,0.2156666666666666,2000,279.0,48.0,0,0,0,0,0.0,0,0.0,-0.9299999999999996,2,2
VIA-01012,CAM-08,PROD-036,Fresco,Refrigerado,Santa Cruz,24,690.0,5.274583333333333,2.610580443813825,2.66,10.87,79.21249999999999,6.653362177190536,-0.25458333333333344,4.869999999999999,0.03544927536231879,0.18,5000,388.0,48.0,1,0,0,1,1.0,1,0.25,4.869999999999999,0,0
VIA-01015,CAM-19,PROD-023,Fresco,Refrigerado,Tarija,24,690.0,5.134166666666666,2.41401508706547,2.32,10.44,78.43333333333334,5.947572882143253,-0.46749999999999997,4.44,0.04468115942028981,0.2513333333333333,2000,309.0,24.0,2,0,0,0,0.6666666666666666,1,0.25,4.44,0,0
VIA-01016,CAM-08,PROD-044,Fresco,Refrigerado,Santa Cruz,24,690.0,4.078333333333333,0.7107966545067378,2.87,5.56,78.29583333333333,8.092104534489248,-1.4608333333333334,-0.4400000000000004,0.02566666666666662,0.0586666666666666,5000,496.0,48.0,0,0,0,0,0.0,0,0.0,-0.8499999999999996,1,1
VIA-01017,CAM-26,PROD-019,Seco,Refrigerado,Tarija,23,690.0,20.66391304347826,1.683818007684902,17.59,24.09,46.560869565217395,6.663110052604755,-3.59,-0.91,0.062469696969696946,0.1486666666666667,8000,249.0,24.0,0,0,0,0,0.0,0,0.0,-0.91,2,2
VIA-01018,CAM-27,PROD-003,Seco,Refrigerado,Cochabamba,24,690.0,20.322083333333335,1.5411824347238874,17.09,22.84,49.20416666666667,7.305178578102729,-3.7320833333333336,-2.09,0.07265217391304342,0.1916666666666666,5000,371.0,72.0,0,0,0,0,0.0,0,0.0,-2.09,2,2
VIA-01019,CAM-19,PROD-038,Seco,Refrigerado,Tarija,24,690.0,20.409166666666668,2.044011224053815,15.77,23.42,47.55416666666667,8.221762170508569,-3.2449999999999997,-0.7699999999999996,0.07699999999999996,0.2036666666666666,2000,74.0,48.0,0,0,0,0,0.0,0,0.0,-0.7699999999999996,2,2
VIA-01022,CAM-08,PROD-036,Fresco,Refrigerado,Santa Cruz,24,690.0,4.022916666666666,0.8846049433487818,1.94,5.78,75.83333333333333,7.644985094913478,-1.31375,0.06,0.0325652173913043,0.0776666666666666,5000,22.0,48.0,0,0,0,0,0.0,1,0.08333333333333333,0.06,1,1
VIA-01025,CAM-18,PROD-047,Fresco,Seco,Santa Cruz,23,690.0,5.372608695652175,2.544048701276452,2.96,10.98,75.90869565217392,7.285160074579896,-0.28652173913043477,4.98,0.04186363636363632,0.208,2000,431.0,48.0,0,0,0,0,0.0,1,0.2608695652173913,4.98,0,0
VIA-01027,CAM-19,PROD-054,Congelado,Refrigerado,Tarija,23,690.0,-18.285217391304347,0.9673246590713124,-20.27,-16.34,70.76086956521739,7.289889582056581,-1.1765217391304348,0.2699999999999996,0.03503787878787874,0.1083333333333333,2000,318.0,48.0,0,0,0,0,0.0,1,0.08695652173913043,0.2699999999999996,1,1
VIA-01028,CAM-15,PROD-034,Fresco,Refrigerado,La Paz,24,690.0,3.9170833333333337,0.7365458701537738,2.5,5.42,77.08749999999999,7.141447454062127,-1.4154166666666665,-0.5,0.02646376811594198,0.0673333333333333,2000,321.0,72.0,0,0,0,0,0.0,0,0.0,-0.5,1,1
VIA-01029,CAM-24,PROD-034,Fresco,Refrigerado,Oruro,24,690.0,4.206875,0.684260649072826,2.95,5.49,77.63333333333334,8.449834918205655,-1.4535416666666665,-0.5099999999999998,0.025927536231884013,0.0519999999999999,2000,359.0,48.0,0,0,0,0,0.0,0,0.0,-0.5099999999999998,1,1
VIA-01033,CAM-26,PROD-055,Seco,Refrigerado,Tarija,24,690.0,19.569583333333334,1.733805764074002,16.83,22.73,47.887499999999996,6.12552127329301,-3.477916666666667,-1.8299999999999983,0.06597101449275357,0.1456666666666665,8000,83.0,24.0,0,0,0,0,0.0,0,0.0,-1.8299999999999983,2,2
VIA-01034,CAM-19,PROD-051,Congelado,Refrigerado,Tarija,24,690.0,-17.853333333333335,0.8727899626144775,-19.58,-15.79,69.59166666666667,7.606914284224336,-1.2849999999999997,0.2100000000000008,0.03524637681159417,0.1263333333333333,2000,111.0,72.0,0,0,0,0,0.0,1,0.08333333333333333,0.2100000000000008,1,1
VIA-01035,CAM-10,PROD-014,Seco,Refrigerado,La Paz,24,690.0,19.576041666666665,1.8419324559009886,16.9,23.9,46.86875,6.506214629440671,-3.3277083333333337,-1.1000000000000014,0.07937681159420286,0.2113333333333333,12000,248.0,72.0,0,0,0,0,0.0,0,0.0,-1.1000000000000014,2,2
VIA-01036,CAM-19,PROD-051,Congelado,Refrigerado,Tarija,24,690.0,-17.819166666666664,0.7824594261833573,-19.01,-16.16,69.27083333333333,7.667462545331274,-1.3783333333333332,-0.1600000000000001,0.03107246376811591,0.095,2000,195.0,48.0,0,0,0,0,0.0,0,0.0,-0.1600000000000001,1,1
VIA-01037,CAM-24,PROD-039,Seco,Refrigerado,Oruro,24,690.0,19.247916666666665,1.822513742219715,14.71,21.84,46.3125,5.963024655615492,-3.5287500000000005,0.2899999999999991,0.057217391304347796,0.1343333333333333,2000,120.0,48.0,1,0,1,1,0.25,0,0.0,-0.25,2,2
VIA-01038,CAM-08,PROD-025,Congelado,Refrigerado,Santa Cruz,24,690.0,-18.293333333333333,0.8053822568880853,-19.34,-16.58,68.725,7.291940160502411,-1.2558333333333331,-0.5799999999999983,0.025623188405797036,0.0649999999999999,5000,408.0,24.0,0,0,0,0,0.0,0,0.0,-0.5799999999999983,1,1
VIA-01039,CAM-07,PROD-030,Seco,Seco,La Paz,24,690.0,20.050416666666667,1.7505563815334642,14.62,23.51,48.8375,6.849932560759746,-3.79125,0.3800000000000008,0.04860869565217389,0.176,12000,57.0,48.0,0,0,0,0,0.0,1,0.08333333333333333,0.3800000000000008,2,2
VIA-01040,CAM-08,PROD-013,Fresco,Refrigerado,Santa Cruz,24,690.0,4.122083333333333,0.7837090141376323,2.2,5.38,79.37916666666666,7.244426893446628,-1.3729166666666668,-0.2000000000000001,0.028130434782608644,0.106,5000,13.0,48.0,0,0,0,0,0.0,0,0.0,-0.2000000000000001,1,1
VIA-01041,CAM-24,PROD-059,Seco,Refrigerado,Oruro,24,690.0,21.128333333333334,2.9218556740041333,17.49,27.6,48.29583333333333,6.886248373872865,-2.9058333333333333,2.6000000000000014,0.0602028985507246,0.1716666666666667,2000,167.0,24.0,0,0,0,0,0.0,1,0.20833333333333334,2.6000000000000014,2,2
VIA-01042,CAM-05,PROD-019,Seco,Seco,Cochabamba,24,690.0,19.704583333333332,1.7926516166953854,16.78,23.34,48.96666666666667,5.442718843169936,-3.5362500000000003,-1.66,0.06620289855072457,0.1523333333333332,8000,483.0,24.0,1,0,1,1,0.041666666666666664,0,0.0,-1.66,2,2
VIA-01043,CAM-19,PROD-050,Seco,Refrigerado,Tarija,23,690.0,20.51608695652174,3.224630689397462,15.42,28.28,48.321739130434786,9.077842981765054,-2.6308695652173917,3.280000000000001,0.0893484848484848,0.3953333333333333,2000,251.0,48.0,1,0,0,0,1.0,1,0.2608695652173913,3.280000000000001,2,2
VIA-01049,CAM-02,PROD-022,Fresco,Refrigerado,Cochabamba,24,690.0,3.93625,0.845956173702921,1.53,5.54,77.84583333333333,6.430834631521092,-1.3729166666666668,0.4699999999999997,0.03702898550724633,0.11,5000,83.0,24.0,0,0,0,0,0.0,1,0.08333333333333333,0.4699999999999997,1,1
VIA-01050,CAM-21,PROD-030,Seco,Seco,Tarija,24,690.0,20.269166666666667,2.0641745727206966,16.83,24.94,48.395833333333336,7.5307762269045115,-3.3125,-0.0599999999999987,0.08150724637681155,0.2263333333333334,12000,75.0,48.0,0,0,0,0,0.0,0,0.0,-0.0599999999999987,2,2
VIA-01051,CAM-08,PROD-020,Seco,Refrigerado,Santa Cruz,24,690.0,20.34958333333333,1.705776577364122,17.29,24.07,47.3125,6.218437696986627,-3.66625,-0.9299999999999996,0.07213043478260867,0.1973333333333334,5000,307.0,72.0,0,0,0,0,0.0,0,0.0,-0.9299999999999996,2,2
VIA-01052,CAM-29,PROD-030,Seco,Seco,Santa Cruz,24,690.0,20.092916666666667,2.236753235435658,15.92,25.35,45.7125,5.960690979787639,-3.2045833333333333,0.3500000000000014,0.10140579710144923,0.298,5000,269.0,72.0,0,0,0,0,0.0,1,0.08333333333333333,0.3500000000000014,2,2
VIA-01054,CAM-29,PROD-031,Seco,Seco,Santa Cruz,24,690.0,20.360416666666666,1.8877810281240057,17.71,24.02,49.24583333333334,8.344223681120951,-3.435416666666667,-0.9800000000000004,0.06940579710144922,0.1793333333333333,5000,254.0,48.0,1,1,0,0,1.0,0,0.0,-0.9800000000000004,2,2
VIA-01056,CAM-28,PROD-008,Congelado,Refrigerado,La Paz,24,690.0,-18.058287037037037,0.6935944927415616,-19.39,-16.96,69.83333333333333,7.846442930823286,-1.4433796296296297,-0.6099999999999994,0.0236811594202898,0.0723333333333332,2000,144.0,24.0,0,0,0,0,0.0,0,0.0,-0.6099999999999994,1,1
VIA-01058,CAM-10,PROD-019,Seco,Refrigerado,La Paz,24,690.0,19.564166666666665,1.507704609134627,15.91,22.34,51.60833333333333,6.234400823109499,-3.7758333333333334,-0.91,0.06037681159420286,0.1363333333333333,12000,75.0,72.0,0,0,0,0,0.0,0,0.0,-0.91,2,2
VIA-01059,CAM-25,PROD-015,Fresco,Refrigerado,Cochabamba,24,690.0,3.9379166666666667,0.6914884963466207,2.37,5.32,76.97916666666667,9.586765295999465,-1.4787499999999998,-0.3700000000000001,0.027768115942028933,0.075,2000,109.0,72.0,0,0,0,0,0.0,0,0.0,-0.3700000000000001,1,1
VIA-01060,CAM-27,PROD-027,Fresco,Refrigerado,Cochabamba,24,690.0,3.685416666666667,0.8604093018248158,2.19,5.07,78.6875,7.079874261963796,-1.2345833333333334,-0.1899999999999999,0.03276811594202896,0.0703333333333333,5000,193.0,72.0,0,0,0,0,0.0,0,0.0,-0.1899999999999999,1,1
VIA-01061,CAM-10,PROD-025,Congelado,Refrigerado,La Paz,24,690.0,-17.86916666666667,0.7572313222274415,-19.23,-15.78,69.22500000000001,5.05364698273306,-1.4216666666666669,0.2200000000000006,0.027927536231884032,0.087,12000,430.0,48.0,1,0,0,0,0.9583333333333334,1,0.08333333333333333,0.2200000000000006,1,1
VIA-01062,CAM-20,PROD-009,Fresco,Refrigerado,Oruro,24,690.0,5.28125,2.678804588195849,2.44,11.28,74.60833333333333,7.540782837153013,-0.16124999999999998,5.279999999999999,0.049188405797101396,0.183,12000,254.0,72.0,0,0,0,0,0.0,1,0.25,5.279999999999999,0,0
VIA-01065,CAM-16,PROD-057,Seco,Seco,Oruro,24,690.0,20.348333333333333,1.8451031941605454,17.03,24.34,48.15833333333333,6.076964106659114,-3.625,-0.6600000000000001,0.06273913043478255,0.2403333333333332,5000,481.0,72.0,0,0,0,0,0.0,0,0.0,-0.6600000000000001,2,2
VIA-01066,CAM-24,PROD-020,Seco,Refrigerado,Oruro,24,690.0,19.990416666666665,2.1163842816313467,16.35,23.32,48.00833333333333,5.986064735240736,-3.2045833333333333,-1.3500000000000014,0.07889855072463767,0.2323333333333333,2000,12.0,48.0,0,0,0,0,0.0,0,0.0,-1.3500000000000014,2,2
VIA-01068,CAM-28,PROD-023,Fresco,Refrigerado,La Paz,23,690.0,5.044347826086956,2.9040721035485144,2.5,11.5,77.41304347826087,6.108883572145054,-0.1695652173913044,5.5,0.034939393939393895,0.176,2000,67.0,48.0,0,0,0,0,0.0,1,0.2608695652173913,5.5,0,0
VIA-01069,CAM-08,PROD-034,Fresco,Refrigerado,Santa Cruz,24,690.0,5.40125,2.751335347727022,2.13,12.02,75.88333333333334,7.517496499712412,-0.11124999999999997,6.02,0.048927536231884006,0.1483333333333333,5000,410.0,48.0,0,0,0,0,0.0,1,0.3333333333333333,6.02,0,0
VIA-01071,CAM-08,PROD-056,Fresco,Refrigerado,Santa Cruz,23,690.0,5.430434782608696,2.6800499965839673,2.16,11.38,77.34782608695652,8.380598241024941,0.011304347826087024,5.380000000000001,0.053348484848484805,0.1256666666666666,5000,127.0,24.0,1,0,0,1,0.8260869565217391,1,0.21739130434782608,5.380000000000001,0,0
VIA-01073,CAM-08,PROD-051,Congelado,Refrigerado,Santa Cruz,24,690.0,-18.230462962962964,0.8122321626615816,-20.01,-16.94,73.22500000000001,6.893049429300694,-1.3078703703703705,0.0100000000000015,0.028710144927536204,0.054962962962963,5000,332.0,48.0,0,0,0,0,0.0,1,0.08333333333333333,0.0100000000000015,1,1
VIA-01074,CAM-18,PROD-046,Seco,Seco,Santa Cruz,24,690.0,19.460833333333333,1.7596094345958826,15.51,24.89,48.2125,6.9725120231551765,-3.6891666666666665,-0.1099999999999994,0.05126086956521735,0.184,2000,291.0,48.0,1,1,0,0,0.9583333333333334,0,0.0,-0.1099999999999994,2,2
VIA-01075,CAM-10,PROD-046,Seco,Refrigerado,La Paz,24,690.0,20.566666666666666,1.8775670350255123,16.91,25.09,47.975,6.856621680504563,-3.4883333333333333,0.0899999999999998,0.0795507246376811,0.1856666666666666,12000,61.0,48.0,0,0,0,0,0.0,1,0.08333333333333333,0.0899999999999998,2,2
VIA-01082,CAM-25,PROD-048,Seco,Refrigerado,Cochabamba,24,690.0,19.80375,1.5103578974073881,17.4,22.4,49.54583333333333,7.7346751240994145,-3.759583333333333,-2.3999999999999986,0.06294202898550723,0.1603333333333333,2000,378.0,48.0,0,0,0,0,0.0,0,0.0,-2.530000000000001,2,2
VIA-01083,CAM-20,PROD-033,Seco,Refrigerado,Oruro,24,690.0,20.564583333333335,2.508472563423661,15.32,24.71,48.53333333333333,5.486637258448664,-2.93125,-0.2899999999999991,0.10227536231884053,0.2393333333333333,12000,429.0,48.0,1,0,0,0,1.0,0,0.0,-0.2899999999999991,2,2
VIA-01084,CAM-21,PROD-058,Congelado,Seco,Tarija,24,690.0,-16.414583333333333,3.484796768032929,-19.0,-7.79,68.39583333333333,8.357578137166326,0.04708333333333339,8.21,0.0495797101449275,0.341,12000,276.0,24.0,1,1,0,0,1.0,1,0.25,8.21,0,0
VIA-01088,CAM-25,PROD-033,Seco,Refrigerado,Cochabamba,23,690.0,19.628260869565217,1.8769720591079488,15.49,23.57,48.25869565217391,6.814200616325124,-3.467391304347826,-0.4900000000000002,0.07928030303030299,0.1896666666666667,2000,288.0,24.0,0,0,0,0,0.0,0,0.0,-0.4900000000000002,2,2
VIA-01090,CAM-01,PROD-024,Seco,Refrigerado,Cochabamba,22,690.0,20.363636363636363,1.5767312343203532,17.75,23.47,48.14545454545455,6.4584184465834085,-3.7781818181818183,-1.5300000000000011,0.0663412698412698,0.1906666666666666,5000,201.0,48.0,0,0,0,0,0.0,0,0.0,-1.5300000000000011,2,2
VIA-01091,CAM-21,PROD-007,Seco,Seco,Tarija,24,690.0,19.919583333333332,1.817110652433804,16.12,24.75,48.88333333333333,7.009724094717136,-3.6520833333333336,-0.25,0.06217391304347824,0.1526666666666666,12000,173.0,24.0,1,0,0,0,0.08333333333333333,0,0.0,-0.25,2,2
VIA-01092,CAM-26,PROD-023,Fresco,Refrigerado,Tarija,24,690.0,4.109583333333333,0.6795041617216934,2.14,5.32,76.89166666666667,4.8406715907273945,-1.4970833333333333,-0.1400000000000001,0.028521739130434737,0.0896666666666666,8000,202.0,72.0,1,0,1,0,1.0,0,0.0,-0.1400000000000001,1,1
VIA-01094,CAM-08,PROD-025,Congelado,Refrigerado,Santa Cruz,23,690.0,-17.94086956521739,0.8708037720899967,-19.35,-16.06,71.00869565217391,6.199113796157281,-1.3626086956521737,-0.0599999999999987,0.03746212121212119,0.1030000000000001,5000,422.0,72.0,0,0,0,0,0.0,0,0.0,-0.0599999999999987,1,1
VIA-01095,CAM-16,PROD-005,Seco,Seco,Oruro,24,690.0,20.344166666666666,1.6715364363276726,16.08,23.33,46.949999999999996,6.738726495607958,-3.728333333333333,-1.0799999999999983,0.06428985507246372,0.2416666666666666,5000,433.0,24.0,0,0,0,0,0.0,0,0.0,-1.0799999999999983,2,2
VIA-01097,CAM-08,PROD-056,Fresco,Refrigerado,Santa Cruz,24,690.0,4.2625,0.6337963601086365,3.22,5.69,78.87708333333333,5.180439362906747,-1.4525,-0.3099999999999996,0.025202898550724585,0.049,5000,148.0,48.0,0,0,0,0,0.0,0,0.0,-0.3099999999999996,1,1
VIA-01098,CAM-08,PROD-036,Fresco,Refrigerado,Santa Cruz,24,690.0,3.7433333333333336,0.610542642933792,2.73,4.8,78.72916666666667,6.897540782088914,-1.4491666666666667,-0.73,0.023536231884057922,0.059,5000,275.0,24.0,0,0,0,0,0.0,0,0.0,-0.73,1,1
VIA-01099,CAM-30,PROD-048,Seco,Seco,Cochabamba,23,660.0,19.93695652173913,1.90121357124292,15.96,24.7,46.98695652173913,8.184314507188075,-3.550869565217391,-0.3000000000000007,0.07006060606060599,0.2443333333333332,8000,469.0,48.0,0,0,0,0,0.0,0,0.0,-0.3000000000000007,2,2
VIA-01100,CAM-04,PROD-028,Seco,Seco,La Paz,24,690.0,19.833333333333332,1.4766756632696139,17.05,22.51,48.74583333333334,7.224474054373705,-3.806666666666666,-2.0500000000000007,0.056376811594202866,0.1256666666666667,2000,185.0,72.0,0,0,0,0,0.0,0,0.0,-2.0500000000000007,2,2
VIA-01101,CAM-23,PROD-048,Seco,Seco,Santa Cruz,24,690.0,20.68,1.7671864152055248,17.88,24.42,48.1625,7.159111707103234,-3.5033333333333334,-0.5799999999999983,0.048768115942028956,0.1653333333333333,5000,122.0,48.0,1,0,0,0,1.0,0,0.0,-0.5799999999999983,2,2
VIA-01102,CAM-19,PROD-014,Seco,Refrigerado,Tarija,23,660.0,19.959130434782608,1.9383519547273291,17.23,24.36,48.5,6.213036148439683,-3.4113043478260865,-0.6400000000000006,0.07146969696969693,0.2003333333333332,2000,420.0,72.0,0,0,0,0,0.0,0,0.0,-0.6400000000000006,2,2
VIA-01104,CAM-19,PROD-039,Seco,Refrigerado,Tarija,24,690.0,19.289166666666667,1.7481192792520632,16.26,22.29,48.59166666666667,6.820169363360968,-3.525,-1.2600000000000016,0.07108695652173908,0.1439999999999998,2000,430.0,72.0,2,0,1,2,0.8333333333333334,0,0.0,-1.2600000000000016,2,2
VIA-01105,CAM-20,PROD-001,Fresco,Refrigerado,Oruro,24,690.0,4.0675,0.9127609811421893,2.31,5.5,78.925,5.522621463226227,-1.2475,-0.31,0.03904347826086952,0.105,12000,407.0,72.0,1,0,1,0,0.2916666666666667,0,0.0,-0.31,1,1
VIA-01106,CAM-25,PROD-024,Seco,Refrigerado,Cochabamba,23,690.0,19.944347826086954,1.6786136760785026,16.84,23.86,48.73913043478261,7.31814302889089,-3.648695652173913,-1.1400000000000006,0.074280303030303,0.1593333333333332,2000,158.0,48.0,1,0,0,0,1.0,0,0.0,-1.1400000000000006,2,2
VIA-01107,CAM-01,PROD-011,Congelado,Refrigerado,Cochabamba,24,690.0,-18.078333333333333,0.7126537464427172,-19.13,-16.14,70.55,6.250008695646122,-1.4283333333333337,-0.1400000000000005,0.028289855072463704,0.0996666666666666,5000,361.0,48.0,0,0,0,0,0.0,0,0.0,-0.1400000000000005,1,1
VIA-01108,CAM-11,PROD-004,Fresco,Refrigerado,Cochabamba,24,690.0,4.210416666666666,0.7814116499430159,2.82,5.68,78.20833333333333,6.658366209492395,-1.3720833333333333,-0.3200000000000003,0.027753623188405747,0.0613333333333333,2000,125.0,72.0,0,0,0,0,0.0,0,0.0,-0.3200000000000003,1,1
VIA-01111,CAM-03,PROD-030,Seco,Seco,Oruro,24,690.0,19.924583333333334,1.8823666398092238,16.21,24.67,49.225,7.015216380808592,-3.530416666666667,-0.3299999999999983,0.06636231884057965,0.182,12000,170.0,48.0,0,0,0,0,0.0,0,0.0,-0.3299999999999983,2,2
VIA-01113,CAM-25,PROD-043,Congelado,Refrigerado,Cochabamba,24,690.0,-18.087500000000002,0.944076498374262,-19.9,-16.53,72.1625,7.719924109786932,-1.2325000000000002,-0.1000000000000014,0.03960869565217385,0.0723333333333332,2000,141.0,24.0,0,0,0,0,0.0,0,0.0,-0.370000000000001,1,1
VIA-01114,CAM-24,PROD-006,Seco,Refrigerado,Oruro,24,690.0,20.1875,1.434658723241842,17.27,22.39,48.62916666666666,4.6786730901034295,-3.8375000000000004,-2.27,0.054333333333333296,0.128,2000,186.0,24.0,1,1,0,0,0.875,0,0.0,-2.27,2,2
VIA-01115,CAM-20,PROD-058,Congelado,Refrigerado,Oruro,24,690.0,-16.117916666666666,3.5826756811399885,-19.82,-8.97,67.65833333333333,5.935443770572106,0.39875,7.029999999999999,0.04792753623188401,0.2933333333333333,12000,30.0,72.0,0,0,0,0,0.0,1,0.25,7.029999999999999,0,0
VIA-01119,CAM-22,PROD-035,Congelado,Refrigerado,Cochabamba,24,690.0,-18.15791666666667,0.7502809860119165,-19.51,-16.91,68.09583333333333,6.818228710862023,-1.3529166666666665,-0.4899999999999984,0.027318840579710103,0.0863333333333333,8000,264.0,24.0,0,0,0,0,0.0,0,0.0,-0.4899999999999984,1,1
VIA-01120,CAM-09,PROD-039,Seco,Seco,Santa Cruz,24,690.0,21.204583333333336,1.645264559581374,18.4,23.72,46.00416666666666,6.714713187352516,-3.26125,-1.2800000000000011,0.05678260869565211,0.1756666666666667,8000,170.0,24.0,0,0,0,0,0.0,0,0.0,-1.2800000000000011,2,2
VIA-01121,CAM-08,PROD-014,Seco,Refrigerado,Santa Cruz,24,690.0,20.105,1.6190388990143934,16.43,23.04,49.1,7.138140057344129,-3.746666666666666,-1.4299999999999995,0.06499999999999999,0.1916666666666666,5000,22.0,48.0,0,0,0,0,0.0,0,0.0,-1.4299999999999995,2,2
VIA-01122,CAM-26,PROD-055,Seco,Refrigerado,Tarija,24,690.0,19.674166666666668,1.742808619458251,15.78,22.96,49.74166666666667,5.993178489399185,-3.589166666666667,-0.7799999999999994,0.06540579710144921,0.1289999999999999,8000,125.0,48.0,0,0,0,0,0.0,0,0.0,-0.7799999999999994,2,2
VIA-01123,CAM-20,PROD-023,Fresco,Refrigerado,Oruro,24,690.0,3.9908333333333332,0.8242779009357307,2.42,5.56,77.66666666666667,5.3239137832063435,-1.335,-0.4199999999999999,0.03127536231884052,0.1046666666666666,12000,445.0,48.0,0,0,0,0,0.0,0,0.0,-0.4199999999999999,1,1
VIA-01124,CAM-20,PROD-021,Fresco,Refrigerado,Oruro,24,690.0,4.071666666666666,0.6484340110347904,3.07,5.63,78.71249999999999,5.378080512599268,-1.4566666666666668,-0.3700000000000001,0.020318840579710097,0.045,12000,84.0,72.0,1,0,0,0,1.0,0,0.0,-0.3700000000000001,1,1
VIA-01125,CAM-08,PROD-044,Fresco,Refrigerado,Santa Cruz,23,690.0,5.409130434782608,2.4673613308064337,2.69,10.17,79.58695652173913,7.991262521018934,-0.1482608695652173,4.17,0.04412878787878783,0.2123333333333333,5000,121.0,72.0,1,0,0,1,1.0,1,0.30434782608695654,4.17,0,0
VIA-01126,CAM-19,PROD-035,Congelado,Refrigerado,Tarija,24,690.0,-18.1925,0.6750732649449815,-19.82,-16.78,69.86666666666666,7.1493184027002465,-1.440833333333333,-0.1799999999999997,0.028304347826086932,0.064,2000,315.0,24.0,0,0,0,0,0.0,0,0.0,-0.1799999999999997,1,1
VIA-01127,CAM-26,PROD-041,Congelado,Refrigerado,Tarija,24,690.0,-16.147916666666667,3.1161974865791677,-19.13,-9.41,71.25416666666666,8.141839294744727,0.06291666666666651,6.59,0.04504347826086952,0.2206666666666667,8000,363.0,72.0,0,0,0,0,0.0,1,0.3333333333333333,6.59,0,0
VIA-01128,CAM-26,PROD-051,Congelado,Refrigerado,Tarija,24,690.0,-16.10625,3.2963073048224865,-18.64,-8.61,70.11666666666666,7.0435704055522175,0.14875000000000016,7.390000000000001,0.04794202898550723,0.2753333333333333,8000,174.0,24.0,0,0,0,0,0.0,1,0.25,7.390000000000001,0,0
VIA-01129,CAM-02,PROD-026,Fresco,Refrigerado,Cochabamba,24,690.0,3.9975,0.7413867734361649,2.11,5.42,76.08333333333333,7.1335500441143616,-1.4175000000000002,-0.1099999999999998,0.027420289855072413,0.1103333333333333,5000,158.0,72.0,1,0,0,0,0.9166666666666666,0,0.0,-0.1099999999999998,1,1
VIA-01130,CAM-09,PROD-030,Seco,Seco,Santa Cruz,24,690.0,20.341666666666665,1.7953918469398171,17.28,24.06,49.375,5.990735601199426,-3.5716666666666668,-0.9400000000000012,0.06281159420289849,0.1986666666666665,8000,441.0,48.0,0,0,0,0,0.0,0,0.0,-0.9400000000000012,2,2
VIA-01131,CAM-19,PROD-003,Seco,Refrigerado,Tarija,24,690.0,19.795833333333334,2.139083340179125,15.73,23.99,48.04583333333333,6.4605814226616305,-3.299166666666667,-0.7300000000000004,0.08485507246376806,0.1919999999999999,2000,215.0,48.0,0,0,0,0,0.0,0,0.0,-0.7300000000000004,2,2
VIA-01132,CAM-29,PROD-042,Seco,Seco,Santa Cruz,24,690.0,19.346666666666668,1.5204795200904515,16.05,22.46,49.375,8.201232675110756,-3.6391666666666667,-1.0500000000000007,0.0496666666666666,0.1223333333333332,5000,448.0,48.0,0,0,0,0,0.0,0,0.0,-1.0500000000000007,2,2
VIA-01133,CAM-21,PROD-003,Seco,Seco,Tarija,24,690.0,19.56,2.190201499564744,14.95,23.6,46.145833333333336,7.58619909221124,-3.3016666666666663,0.0500000000000007,0.06481159420289853,0.2186666666666667,12000,259.0,24.0,0,0,0,0,0.0,1,0.08333333333333333,0.0500000000000007,2,2
VIA-01134,CAM-09,PROD-012,Seco,Seco,Santa Cruz,24,690.0,20.216874999999998,1.4731553037317704,17.43,22.97,48.612500000000004,7.762748980814106,-3.8043750000000003,-2.030000000000001,0.06771014492753617,0.1433333333333332,8000,186.0,24.0,0,0,0,0,0.0,0,0.0,-2.030000000000001,2,2
VIA-01135,CAM-27,PROD-015,Fresco,Refrigerado,Cochabamba,24,690.0,3.8804166666666666,0.8354456200483494,1.9,5.29,79.60625,6.704546032357448,-1.3470833333333336,0.1,0.03426086956521735,0.0893333333333333,5000,333.0,72.0,0,0,0,0,0.0,1,0.08333333333333333,0.1,1,1
VIA-01136,CAM-19,PROD-022,Fresco,Refrigerado,Tarija,24,690.0,3.6775,0.655413908384883,2.69,5.33,78.22916666666667,7.221133186194087,-1.4175000000000002,-0.6699999999999999,0.028695652173913,0.07,2000,99.0,48.0,0,0,0,0,0.0,0,0.0,-0.6699999999999999,1,1
VIA-01137,CAM-08,PROD-039,Seco,Refrigerado,Santa Cruz,24,690.0,20.09125,1.812822235223779,15.7,22.42,46.949999999999996,6.181247939288354,-3.4787500000000002,-0.6999999999999993,0.06843478260869561,0.1896666666666667,5000,159.0,24.0,0,0,0,0,0.0,0,0.0,-0.6999999999999993,2,2
VIA-01140,CAM-10,PROD-023,Fresco,Refrigerado,La Paz,24,690.0,3.9179166666666667,0.8425323070397936,2.67,5.79,76.88333333333334,7.029667978223294,-1.3070833333333334,-0.2099999999999999,0.03701449275362314,0.0993333333333333,12000,379.0,48.0,1,0,0,0,0.625,0,0.0,-0.2099999999999999,1,1
VIA-01141,CAM-18,PROD-040,Seco,Seco,Santa Cruz,23,690.0,21.007826086956523,1.3643811668223245,18.97,23.61,49.39565217391304,6.611042983377376,-3.7252173913043474,-1.3900000000000006,0.059477272727272684,0.1156666666666666,2000,115.0,24.0,0,0,0,0,0.0,0,0.0,-1.6799999999999995,2,2
VIA-01142,CAM-28,PROD-008,Congelado,Refrigerado,La Paz,24,690.0,-17.818125,0.7027597964608808,-18.9,-16.22,69.40833333333333,6.295472263023068,-1.438125,-0.2199999999999988,0.027420289855072413,0.0806666666666667,2000,220.0,24.0,0,0,0,0,0.0,0,0.0,-0.2199999999999988,1,1
VIA-01143,CAM-27,PROD-019,Seco,Refrigerado,Cochabamba,24,690.0,19.330000000000002,1.7690454316185418,15.21,22.39,47.862500000000004,7.468124291599773,-3.6300000000000003,-0.2100000000000008,0.05917391304347821,0.1816666666666666,5000,39.0,72.0,0,0,0,0,0.0,0,0.0,-0.2100000000000008,2,2
VIA-01144,CAM-26,PROD-002,Seco,Refrigerado,Tarija,23,690.0,20.240434782608695,1.6770089127016088,17.81,24.36,46.460869565217386,5.5490981356052,-3.685652173913044,-0.6400000000000006,0.05343181818181814,0.1346666666666666,8000,438.0,72.0,3,2,0,0,0.43478260869565216,0,0.0,-1.8000000000000007,2,2
VIA-01145,CAM-13,PROD-006,Seco,Seco,Cochabamba,24,690.0,19.98,1.2423470074647107,17.33,23.59,48.27916666666667,6.251120189469118,-4.1866666666666665,-1.41,0.044695652173913025,0.1139999999999999,12000,340.0,48.0,0,0,0,0,0.0,0,0.0,-1.41,2,2
VIA-01146,CAM-08,PROD-036,Fresco,Refrigerado,Santa Cruz,24,690.0,4.060416666666667,0.7314100685701537,2.54,5.09,78.23958333333333,6.927653771325635,-1.3779166666666667,-0.54,0.026173913043478218,0.0596666666666666,5000,119.0,72.0,0,0,0,0,0.0,0,0.0,-0.54,1,1
VIA-01147,CAM-21,PROD-012,Seco,Seco,Tarija,24,690.0,19.355,1.0613076429779817,16.83,22.03,47.458333333333336,5.704530363374944,-4.044999999999999,-1.8299999999999983,0.03827536231884055,0.1733333333333334,12000,437.0,72.0,0,0,0,0,0.0,0,0.0,-1.8299999999999983,2,2
VIA-01148,CAM-19,PROD-047,Fresco,Refrigerado,Tarija,24,690.0,3.795208333333333,0.5795228156341902,2.7,4.81,76.59583333333333,6.525966806046687,-1.5060416666666667,-0.7000000000000002,0.017927536231884013,0.0619999999999999,2000,10.0,48.0,0,0,0,0,0.0,0,0.0,-0.7000000000000002,1,1
VIA-01149,CAM-23,PROD-005,Seco,Seco,Santa Cruz,24,690.0,19.535833333333333,1.7856089368510437,15.46,22.9,46.55833333333334,5.985701561922864,-3.499166666666667,-0.4600000000000008,0.05391304347826083,0.1456666666666665,5000,433.0,24.0,1,0,0,0,0.20833333333333334,0,0.0,-0.4600000000000008,2,2
VIA-01150,CAM-28,PROD-029,Seco,Refrigerado,La Paz,24,690.0,20.31,1.5503547981026804,17.17,23.26,49.01666666666667,8.05328270451501,-3.7325,-1.7399999999999984,0.06089855072463762,0.1336666666666666,2000,242.0,48.0,0,0,0,0,0.0,0,0.0,-1.7399999999999984,2,2
VIA-01151,CAM-28,PROD-037,Fresco,Refrigerado,La Paz,24,690.0,4.1925,0.6036789385671536,3.25,5.74,77.04583333333333,8.184714234562453,-1.5083333333333335,-0.2599999999999998,0.02373913043478255,0.0766666666666666,2000,63.0,48.0,0,0,0,0,0.0,0,0.0,-0.2599999999999998,1,1
VIA-01152,CAM-08,PROD-051,Congelado,Refrigerado,Santa Cruz,24,690.0,-16.073333333333334,3.314591806026756,-18.64,-9.37,71.00833333333334,7.349943310438976,0.09416666666666652,6.630000000000001,0.04197101449275359,0.2776666666666667,5000,451.0,24.0,0,0,0,0,0.0,1,0.25,6.630000000000001,0,0
VIA-01153,CAM-02,PROD-027,Fresco,Refrigerado,Cochabamba,24,690.0,4.015,0.9073276576082476,2.36,5.68,79.75416666666666,6.494946474771361,-1.3358333333333334,-0.3200000000000003,0.029942028985507213,0.088,5000,273.0,24.0,1,1,0,0,0.8333333333333334,0,0.0,-0.3200000000000003,1,1
VIA-01154,CAM-23,PROD-004,Fresco,Seco,Santa Cruz,24,690.0,5.332916666666667,2.7964643502678235,2.53,10.85,79.23333333333333,6.330991176376912,-0.04791666666666671,4.85,0.049217391304347775,0.2443333333333333,5000,109.0,48.0,1,0,0,0,0.9583333333333334,1,0.25,4.85,0,0
VIA-01155,CAM-24,PROD-058,Congelado,Refrigerado,Oruro,24,690.0,-18.11,0.8402432360050122,-19.72,-15.43,74.10416666666667,6.726099662260935,-1.4174999999999998,0.5700000000000003,0.03078260869565213,0.092,2000,412.0,72.0,0,0,0,0,0.0,1,0.08333333333333333,0.5700000000000003,1,1
VIA-01156,CAM-17,PROD-024,Seco,Seco,Cochabamba,24,690.0,20.4,1.5351986134076252,16.14,23.56,47.26666666666667,6.161145197520305,-3.8625000000000003,-1.1400000000000006,0.05656521739130431,0.1716666666666666,8000,421.0,48.0,0,0,0,0,0.0,0,0.0,-1.1400000000000006,2,2
VIA-01160,CAM-07,PROD-032,Seco,Seco,La Paz,24,690.0,19.839583333333334,1.5476306692508377,15.93,23.2,48.512499999999996,6.298468585437189,-3.8645833333333335,-0.9299999999999996,0.05752173913043474,0.1503333333333333,12000,396.0,72.0,1,0,0,0,0.2916666666666667,0,0.0,-0.9299999999999996,2,2
VIA-01161,CAM-03,PROD-014,Seco,Seco,Oruro,24,690.0,20.59125,1.96823538822933,16.63,23.69,48.15416666666667,6.133016788460329,-3.282083333333333,-1.3099999999999987,0.08346376811594201,0.2096666666666667,12000,192.0,48.0,1,1,0,0,1.0,0,0.0,-1.3099999999999987,2,2
VIA-01162,CAM-01,PROD-025,Congelado,Refrigerado,Cochabamba,24,690.0,-16.602916666666665,3.3679660733170236,-19.65,-9.86,70.45833333333333,7.426563174154661,0.18708333333333335,6.140000000000001,0.04840579710144923,0.2703333333333333,5000,365.0,24.0,0,0,0,0,0.0,1,0.25,6.140000000000001,0,0
VIA-01163,CAM-08,PROD-058,Congelado,Refrigerado,Santa Cruz,24,690.0,-17.77375,0.5892870600398714,-18.97,-16.56,70.75,7.076292323206996,-1.52625,-0.5599999999999987,0.022376811594202847,0.0449999999999999,5000,472.0,24.0,1,1,0,0,1.0,0,0.0,-0.5599999999999987,1,1
VIA-01164,CAM-04,PROD-003,Seco,Seco,La Paz,23,660.0,19.26304347826087,1.9260709766554869,15.69,22.89,48.11304347826086,8.795624136612997,-3.3630434782608694,-0.6899999999999995,0.0814393939393939,0.1986666666666666,2000,107.0,24.0,0,0,0,0,0.0,0,0.0,-0.6899999999999995,2,2
VIA-01165,CAM-04,PROD-039,Seco,Seco,La Paz,24,690.0,19.935416666666665,1.6421009320423916,16.71,23.27,47.1,6.226730595829845,-3.630416666666667,-1.7100000000000009,0.06775362318840576,0.2046666666666667,2000,312.0,72.0,1,1,0,0,0.375,0,0.0,-1.7100000000000009,2,2
VIA-01166,CAM-27,PROD-050,Seco,Refrigerado,Cochabamba,24,690.0,21.275833333333335,3.0944338762514794,17.31,27.46,48.362500000000004,9.068282637853763,-2.563333333333333,2.460000000000001,0.06891304347826083,0.243,5000,334.0,48.0,0,0,0,0,0.0,1,0.25,2.460000000000001,2,2
VIA-01169,CAM-26,PROD-022,Fresco,Refrigerado,Tarija,24,690.0,3.999166666666667,0.8514229351460728,2.15,5.51,79.72500000000001,5.264916696975077,-1.305,-0.1499999999999999,0.037333333333333274,0.1096666666666666,8000,161.0,72.0,2,0,2,0,1.0,0,0.0,-0.1499999999999999,1,1
VIA-01170,CAM-19,PROD-039,Seco,Refrigerado,Tarija,24,690.0,21.5449537037037,3.6119051074947426,16.88888888888889,29.67,47.550000000000004,6.9731160771987,-2.0482870370370363,4.670000000000002,0.10777133655394523,0.4260370370370371,2000,78.0,24.0,2,0,1,2,1.0,1,0.25,4.670000000000002,0,0
VIA-01171,CAM-20,PROD-021,Fresco,Refrigerado,Oruro,24,690.0,4.052083333333333,0.5834975441747556,2.71,4.96,75.12083333333334,8.353233123957958,-1.5579166666666666,-0.71,0.02391304347826083,0.073,12000,228.0,24.0,0,0,0,0,0.0,0,0.0,-0.71,1,1
VIA-01172,CAM-26,PROD-046,Seco,Refrigerado,Tarija,24,690.0,20.691458333333333,1.8000419555295553,15.84,24.06,49.42083333333333,6.163495561467688,-3.4785416666666666,-0.8399999999999999,0.06797101449275357,0.161,8000,223.0,72.0,0,0,0,0,0.0,0,0.0,-0.8399999999999999,2,2
VIA-01173,CAM-15,PROD-025,Congelado,Refrigerado,La Paz,23,690.0,-18.055652173913042,0.7731389742586958,-19.73,-16.84,72.12173913043478,6.0146757278071075,-1.3443478260869561,-0.2699999999999996,0.029265151515151477,0.0620000000000001,2000,440.0,72.0,1,1,0,0,0.2608695652173913,0,0.0,-0.2699999999999996,1,1
VIA-01174,CAM-09,PROD-016,Seco,Seco,Santa Cruz,24,690.0,19.515416666666667,2.038919106582801,14.45,22.64,47.375,6.620734886308513,-3.3904166666666664,0.5500000000000007,0.07820289855072461,0.181,8000,33.0,72.0,0,0,0,0,0.0,0,0.0,-1.3999999999999986,2,2
VIA-01175,CAM-08,PROD-015,Fresco,Refrigerado,Santa Cruz,23,690.0,4.128913043478261,0.6443071622817713,3.15,5.97,75.56521739130434,6.717318776230734,-1.4832608695652174,-0.0300000000000002,0.019856060606060554,0.0736666666666666,5000,262.0,24.0,0,0,0,0,0.0,0,0.0,-0.0300000000000002,1,1
VIA-01176,CAM-20,PROD-051,Congelado,Refrigerado,Oruro,24,690.0,-17.93375,0.7006445014351463,-19.57,-16.49,71.44583333333334,7.115505369730719,-1.4529166666666666,-0.4299999999999997,0.02131884057971009,0.0606666666666666,12000,80.0,48.0,0,0,0,0,0.0,0,0.0,-0.4299999999999997,1,1
VIA-01177,CAM-16,PROD-017,Seco,Seco,Oruro,24,690.0,20.46708333333333,1.8179239931657027,17.45,23.63,47.90833333333333,7.730623275770463,-3.4454166666666666,-1.370000000000001,0.07423188405797097,0.1829999999999999,5000,432.0,72.0,0,0,0,0,0.0,0,0.0,-1.370000000000001,2,2
VIA-01179,CAM-26,PROD-021,Fresco,Refrigerado,Tarija,24,690.0,5.291666666666667,2.54698400784769,2.58,11.45,76.77083333333333,6.262828862608242,-0.1958333333333333,5.449999999999999,0.056202898550724585,0.2743333333333332,8000,104.0,24.0,0,0,0,0,0.0,1,0.25,5.449999999999999,0,0
VIA-01180,CAM-05,PROD-007,Seco,Seco,Cochabamba,24,690.0,19.96875,1.5959740449562183,16.75,21.97,49.81666666666666,8.438971020453737,-3.689583333333333,-1.75,0.06017391304347822,0.1429999999999999,8000,244.0,72.0,2,1,0,0,1.0,0,0.0,-1.75,2,2
VIA-01181,CAM-19,PROD-057,Seco,Refrigerado,Tarija,23,690.0,19.530434782608694,1.8719908659957563,16.11,24.12,46.93478260869565,5.234380114002573,-3.463478260869566,-0.879999999999999,0.07663636363636359,0.1873333333333333,2000,389.0,24.0,1,0,0,0,1.0,0,0.0,-0.879999999999999,2,2
VIA-01182,CAM-26,PROD-048,Seco,Refrigerado,Tarija,24,690.0,20.511666666666667,1.2410572865125113,18.33,22.53,48.47083333333333,6.567209662681952,-3.8774999999999995,-2.469999999999999,0.058463768115941984,0.1209999999999999,8000,144.0,48.0,0,0,0,0,0.0,0,0.0,-2.469999999999999,2,2
VIA-01183,CAM-19,PROD-039,Seco,Refrigerado,Tarija,24,690.0,20.089166666666667,1.7663741212528792,17.16,23.69,47.09583333333333,5.865186839877025,-3.578333333333333,-1.3099999999999987,0.06253623188405792,0.181,2000,265.0,24.0,0,0,0,0,0.0,0,0.0,-1.3099999999999987,2,2
VIA-01186,CAM-19,PROD-034,Fresco,Refrigerado,Tarija,24,690.0,3.9,0.731650902738636,2.01,5.68,79.23333333333333,8.933068349952748,-1.455,-0.0099999999999997,0.02691304347826083,0.08,2000,417.0,48.0,0,0,0,0,0.0,0,0.0,-0.0099999999999997,1,1
VIA-01187,CAM-20,PROD-059,Seco,Refrigerado,Oruro,24,690.0,19.650000000000002,2.3114271894597747,14.89,23.92,50.675000000000004,5.832237992400516,-3.2758333333333334,0.1099999999999994,0.0936666666666666,0.301,12000,190.0,72.0,0,0,0,0,0.0,1,0.08333333333333333,0.1099999999999994,2,2
VIA-01188,CAM-24,PROD-001,Fresco,Refrigerado,Oruro,24,690.0,4.187916666666667,0.6315059927194516,2.71,5.15,77.33333333333333,7.837849453642946,-1.4545833333333331,-0.71,0.023231884057970966,0.058,2000,73.0,48.0,0,0,0,0,0.0,0,0.0,-0.71,1,1
VIA-01197,CAM-15,PROD-046,Seco,Refrigerado,La Paz,24,690.0,19.687083333333334,1.7102262224290845,17.43,23.01,46.87083333333334,6.367955044539446,-3.54875,-1.9899999999999984,0.06315942028985505,0.1606666666666666,2000,129.0,72.0,1,0,0,0,1.0,0,0.0,-1.9899999999999984,2,2
VIA-01199,CAM-22,PROD-036,Fresco,Refrigerado,Cochabamba,24,690.0,5.465833333333333,2.710751406604042,2.65,11.79,79.02916666666667,7.0695599252168355,-0.14916666666666675,5.789999999999999,0.051695652173913,0.217,8000,272.0,72.0,0,0,0,0,0.0,1,0.3333333333333333,5.789999999999999,0,0
VIA-01200,CAM-29,PROD-018,Seco,Seco,Santa Cruz,24,690.0,20.05125,1.55459294965931,16.43,22.82,47.40416666666667,6.743852541496539,-3.8404166666666666,-1.4299999999999995,0.06185507246376809,0.145,5000,257.0,24.0,0,0,0,0,0.0,0,0.0,-1.4299999999999995,2,2
