fila_bronze,movimiento_id,lote_id,producto_id,centro_distribucion,fecha_ingreso,fecha_salida,fecha_vencimiento,cantidad_ingreso,cantidad_salida,cantidad_merma,dias_en_almacen,costo_unitario_bob,columnas_con_problemas,en_cuarentena
1,MOV-000001,LOT-2026-00001,PROD-017,Tarija,2026-06-02,2026-06-08,2026-06-20,681,660,18,6,19.81,,False
2,MOV-000002,LOT-2026-00002,PROD-059,Santa Cruz,2026-07-16,2026-07-26,2026-08-03,287,274,8,10,13.44,,False
3,MOV-000003,LOT-2026-00003,PROD-022,Oruro,2026-05-11,2026-05-18,2026-11-07,177,173,2,7,67.52,,False
4,MOV-000004,LOT-2026-00004,PROD-038,Santa Cruz,2026-07-21,2026-08-25,2027-07-21,509,502,3,35,13.49,,False
5,MOV-000005,LOT-2026-00005,PROD-024,La Paz,2026-06-07,2026-06-25,2027-06-07,775,763,8,18,23.48,,False
6,MOV-000006,LOT-2026-00006,PROD-027,Tarija,2026-07-30,2026-08-16,2027-07-30,434,428,2,17,44.86,,False
7,MOV-000007,LOT-2026-00007,PROD-057,Cochabamba,2026-07-31,2026-08-24,2027-07-31,652,646,5,24,39.61,,False
8,MOV-000008,LOT-2026-00008,PROD-040,La Paz,2026-05-26,2026-05-29,2026-06-13,92,86,2,3,82.17,,False
9,MOV-000009,LOT-2026-00009,PROD-057,Santa Cruz,2026-06-17,2026-06-29,2027-06-17,228,219,2,12,39.61,,False
10,MOV-000010,LOT-2026-00010,PROD-003,Santa Cruz,2026-06-29,2026-07-14,2026-07-17,165,158,5,15,27.19,,False
11,MOV-000011,LOT-2026-00011,PROD-034,Santa Cruz,2026-07-10,2026-08-19,2027-07-10,57,51,1,40,83.26,,False
12,MOV-000012,LOT-2026-00012,PROD-030,Cochabamba,2026-05-09,2026-05-31,2027-05-09,838,829,5,22,24.51,,False
13,MOV-000013,LOT-2026-00013,PROD-028,La Paz,2026-07-20,2026-08-01,2027-07-20,556,551,3,12,55.4,,False
14,MOV-000014,LOT-2026-00014,PROD-026,La Paz,2026-08-17,2026-09-26,2027-08-17,956,936,13,40,66.47,,False
15,MOV-000015,LOT-2026-00015,PROD-009,Santa Cruz,2026-05-08,2026-05-30,2027-05-08,224,217,2,22,16.29,,False
16,MOV-000016,LOT-2026-00016,PROD-003,Santa Cruz,2026-05-29,2026-06-12,2026-06-16,506,484,15,14,27.19,,False
17,MOV-000017,LOT-2026-00017,PROD-037,Tarija,2026-07-24,2026-08-09,2027-07-24,221,218,1,16,64.93,,False
18,MOV-000018,LOT-2026-00018,PROD-021,Tarija,2026-07-18,2026-08-23,2027-07-18,137,135,1,36,84.36,,False
19,MOV-000019,LOT-2026-00019,PROD-048,Tarija,2026-06-06,2026-06-29,2027-06-06,851,839,5,23,24.01,,False
20,MOV-000020,LOT-2026-00020,PROD-011,La Paz,2026-08-19,2026-08-26,2026-09-06,705,679,20,7,14.4,,False
21,MOV-000021,LOT-2026-00021,PROD-015,Santa Cruz,2026-08-28,2026-09-10,2027-02-24,431,420,8,13,54.56,,False
22,MOV-000022,LOT-2026-00022,PROD-042,Cochabamba,2026-07-16,2026-08-15,2027-07-16,747,736,5,30,73.69,,False
23,MOV-000023,LOT-2026-00023,PROD-022,Tarija,2026-07-14,2026-07-21,2027-01-10,410,403,5,7,67.52,,False
24,MOV-000024,LOT-2026-00024,PROD-040,La Paz,2026-05-27,2026-06-08,2026-06-14,620,601,16,12,82.17,,False
25,MOV-000025,LOT-2026-00025,PROD-032,Tarija,2026-08-01,2026-08-26,2027-08-01,822,810,5,25,63.21,,False
26,MOV-000026,LOT-2026-00026,PROD-027,Tarija,2026-05-31,2026-07-02,2027-05-31,756,745,4,32,44.86,,False
27,MOV-000027,LOT-2026-00027,PROD-019,Cochabamba,2026-08-06,2026-08-10,2026-08-24,211,201,5,4,62.22,,False
28,MOV-000028,LOT-2026-00028,PROD-013,Tarija,2026-06-14,2026-06-24,2026-12-11,95,92,2,10,33.05,,False
29,MOV-000029,LOT-2026-00029,PROD-013,Oruro,2026-08-21,2026-09-04,2027-02-17,875,861,11,14,33.05,,False
30,MOV-000030,LOT-2026-00030,PROD-037,Oruro,2026-05-09,2026-06-02,2027-05-09,438,428,3,24,64.93,,False
31,MOV-000031,LOT-2026-00031,PROD-006,Oruro,2026-08-13,2026-08-24,2027-08-13,845,836,5,11,23.32,,False
32,MOV-000032,LOT-2026-00032,PROD-014,Oruro,2026-06-13,2026-07-01,2027-06-13,90,84,1,18,21.61,,False
33,MOV-000033,LOT-2026-00033,PROD-036,Cochabamba,2026-05-04,2026-05-22,2026-10-31,883,863,13,18,53.28,,False
34,MOV-000034,LOT-2026-00034,PROD-033,Oruro,2026-08-26,2026-09-09,2027-08-26,626,621,4,14,77.59,,False
35,MOV-000035,LOT-2026-00035,PROD-016,Tarija,2026-05-18,2026-06-06,2027-05-18,630,622,6,19,44.33,,False
36,MOV-000036,LOT-2026-00036,PROD-059,Cochabamba,2026-07-15,2026-07-16,2026-08-02,919,890,25,1,13.44,,False
37,MOV-000037,LOT-2026-00037,PROD-034,Oruro,2026-06-20,2026-07-10,2027-06-20,465,459,4,20,83.26,,False
38,MOV-000038,LOT-2026-00038,PROD-049,Oruro,2026-07-05,2026-07-18,2026-07-23,801,773,23,13,25.49,,False
39,MOV-000039,LOT-2026-00039,PROD-058,Oruro,2026-05-25,2026-06-15,2027-05-25,583,576,4,21,83.63,,False
40,MOV-000040,LOT-2026-00040,PROD-002,Oruro,2026-08-20,2026-09-03,2026-09-07,845,817,26,14,33.75,,False
41,MOV-000041,LOT-2026-00041,PROD-040,La Paz,2026-05-30,2026-06-12,2026-06-17,519,497,20,13,82.17,,False
42,MOV-000042,LOT-2026-00042,PROD-004,Oruro,2026-08-14,2026-09-05,2027-08-14,223,221,1,22,27.26,,False
43,MOV-000043,LOT-2026-00043,PROD-047,La Paz,2026-08-08,2026-08-25,2027-08-08,630,620,5,17,21.58,,False
44,MOV-000044,LOT-2026-00044,PROD-022,Santa Cruz,2026-08-02,2026-08-27,2027-01-29,119,113,2,25,67.52,,False
45,MOV-000045,LOT-2026-00045,PROD-011,Tarija,2026-07-07,2026-08-12,2026-07-25,97,87,6,36,14.4,,False
46,MOV-000046,LOT-2026-00046,PROD-014,La Paz,2026-08-23,2026-09-03,2027-08-23,262,256,2,11,21.61,,False
47,MOV-000047,LOT-2026-00047,PROD-049,Cochabamba,2026-05-07,2026-06-14,2026-05-25,56,46,4,38,25.49,,False
48,MOV-000048,LOT-2026-00048,PROD-013,Tarija,2026-07-11,2026-07-20,2027-01-07,97,93,1,9,33.05,,False
49,MOV-000049,LOT-2026-00049,PROD-042,La Paz,2026-08-22,2026-09-15,2027-08-22,190,189,1,24,73.69,,False
50,MOV-000050,LOT-2026-00050,PROD-024,Tarija,2026-07-31,2026-09-15,2027-07-31,522,510,11,46,23.48,,False
51,MOV-000051,LOT-2026-00051,PROD-036,Cochabamba,2026-08-28,2026-09-06,2027-02-24,643,634,9,9,53.28,,False
52,MOV-000052,LOT-2026-00052,PROD-011,Cochabamba,2026-06-28,2026-07-04,2026-07-16,787,761,23,6,14.4,,False
53,MOV-000053,LOT-2026-00053,PROD-048,Santa Cruz,2026-06-21,2026-07-13,2027-06-21,359,353,3,22,24.01,,False
54,MOV-000054,LOT-2026-00054,PROD-021,Santa Cruz,2026-05-24,2026-07-01,2027-05-24,363,357,5,38,84.36,,False
55,MOV-000055,LOT-2026-00055,PROD-050,Tarija,2026-06-19,2026-06-29,2026-07-07,232,224,6,10,55.37,,False
56,MOV-000056,LOT-2026-00056,PROD-038,Oruro,2026-07-16,2026-07-27,2027-07-16,84,77,1,11,13.49,,False
57,MOV-000057,LOT-2026-00057,PROD-051,Oruro,2026-08-28,2026-09-27,2027-02-24,202,195,3,30,21.14,,False
58,MOV-000058,LOT-2026-00058,PROD-052,Cochabamba,2026-08-09,2026-08-24,2027-02-05,370,357,6,15,59.66,,False
59,MOV-000059,LOT-2026-00059,PROD-001,Tarija,2026-06-18,2026-07-22,2026-12-15,822,806,11,34,42.39,,False
60,MOV-000060,LOT-2026-00060,PROD-044,La Paz,2026-06-23,2026-08-01,2027-06-23,956,943,12,39,65.12,,False
61,MOV-000061,LOT-2026-00061,PROD-036,Tarija,2026-05-10,2026-06-04,2026-11-06,552,542,7,25,53.28,,False
62,MOV-000062,LOT-2026-00062,PROD-059,Cochabamba,2026-08-14,2026-08-29,2026-09-01,588,567,19,15,13.44,,False
63,MOV-000063,LOT-2026-00063,PROD-052,Tarija,2026-08-25,2026-09-07,2027-02-21,136,131,2,13,59.66,,False
64,MOV-000064,LOT-2026-00064,PROD-041,Oruro,2026-05-13,2026-06-01,2027-05-13,259,257,2,19,14.19,,False
65,MOV-000065,LOT-2026-00065,PROD-049,Tarija,2026-08-27,2026-09-07,2026-09-14,170,158,5,11,25.49,,False
66,MOV-000066,LOT-2026-00066,PROD-047,Tarija,2026-07-31,2026-08-22,2027-07-31,403,399,2,22,21.58,,False
67,MOV-000067,LOT-2026-00067,PROD-048,Tarija,2026-08-25,2026-09-24,2027-08-25,446,440,3,30,24.01,,False
68,MOV-000068,LOT-2026-00068,PROD-029,Cochabamba,2026-07-01,2026-07-14,2027-07-01,477,469,5,13,60.18,,False
69,MOV-000069,LOT-2026-00069,PROD-053,Santa Cruz,2026-08-21,2026-09-15,2027-08-21,494,486,3,25,73.12,,False
70,MOV-000070,LOT-2026-00070,PROD-009,Santa Cruz,2026-06-20,2026-07-14,2027-06-20,957,940,11,24,16.29,,False
71,MOV-000071,LOT-2026-00071,PROD-014,Tarija,2026-05-30,2026-06-20,2027-05-30,319,316,2,21,21.61,,False
72,MOV-000072,LOT-2026-00072, prod-037 ,Tarija,2026-05-09,2026-06-04,2027-05-09,823,810,7,26,64.93,,False
73,MOV-000073,LOT-2026-00073,PROD-041,Oruro,2026-07-14,2026-07-24,2027-07-14,60,59,0,10,14.19,,False
74,MOV-000074,LOT-2026-00074,PROD-020,Cochabamba,2026-08-05,2026-08-16,2026-08-23,793,765,22,11,26.82,,False
75,MOV-000075,LOT-2026-00075,PROD-010,Oruro,2026-07-23,2026-08-15,2027-07-23,845,834,7,23,47.91,,False
76,MOV-000076,LOT-2026-00076,PROD-054,Santa Cruz,2026-08-03,2026-08-21,2027-08-03,164,157,1,18,81.98,,False
77,MOV-000077,LOT-2026-00077,PROD-006,Tarija,2026-06-05,2026-06-16,2027-06-05,695,685,4,11,23.32,,False
78,MOV-000078,LOT-2026-00078,PROD-046,Tarija,2026-08-12,2026-08-25,2027-08-12,632,626,3,13,12.64,,False
79,MOV-000079,LOT-2026-00079,PROD-041,Santa Cruz,2026-06-30,2026-07-15,2027-06-30,610,601,5,15,14.19,,False
80,MOV-000080,LOT-2026-00080,PROD-005,Cochabamba,2026-06-12,2026-07-14,2027-06-12,974,961,8,32,76.84,,False
81,MOV-000081,LOT-2026-00081,PROD-052,Tarija,2026-08-24,2026-09-04,2027-02-20,74,72,1,11,59.66,,False
82,MOV-000082,LOT-2026-00082,PROD-006,Tarija,2026-05-31,2026-06-21,2027-05-31,622,619,3,21,23.32,,False
83,MOV-000083,LOT-2026-00083,PROD-034,Tarija,2026-06-30,2026-07-22,2027-06-30,999,986,7,22,83.26,,False
84,MOV-000084,LOT-2026-00084,PROD-008,Santa Cruz,2026-05-18,2026-05-22,2026-06-05,883,853,23,4,31.75,,False
85,MOV-000085,LOT-2026-00085,PROD-017,La Paz,2026-05-05,2026-05-24,2026-05-23,712,683,26,19,19.81,,False
86,MOV-000086,LOT-2026-00086,PROD-041,Oruro,2026-05-28,2026-07-01,2027-05-28,564,553,4,34,14.19,,False
87,MOV-000087,LOT-2026-00087,PROD-017,La Paz,2026-07-20,2026-07-23,2026-08-07,769,746,21,3,19.81,,False
88,MOV-000088,LOT-2026-00088,PROD-005,La Paz,2026-05-09,2026-05-20,2027-05-09,712,705,6,11,76.84,,False
89,MOV-000089,LOT-2026-00089,PROD-038,Tarija,2026-06-12,2026-06-29,2027-06-12,927,914,6,17,13.49,,False
90,MOV-000090,LOT-2026-00090,PROD-010,Oruro,2026-07-24,2026-08-14,2027-07-24,722,715,6,21,47.91,,False
91,MOV-000091,LOT-2026-00091,PROD-041,Santa Cruz,2026-06-07,2026-06-29,2027-06-07,396,390,3,22,14.19,,False
92,MOV-000092,LOT-2026-00092,PROD-019,Cochabamba,2026-06-22,2026-06-27,2026-07-10,142,133,4,5,62.22,,False
93,MOV-000093,LOT-2026-00093,PROD-012,Santa Cruz,2026-07-28,2026-08-05,2027-01-24,185,179,3,8,80.8,,False
94,MOV-000094,LOT-2026-00094,PROD-041,Santa Cruz,2026-05-23,2026-06-07,2027-05-23,536,527,3,15,14.19,,False
95,MOV-000095,LOT-2026-00095,PROD-029,Santa Cruz,2026-08-01,2026-08-14,2027-08-01,585,574,4,13,60.18,,False
96,MOV-000096,LOT-2026-00096,PROD-057,Santa Cruz,2026-06-14,2026-07-14,2027-06-14,730,720,6,30,39.61,,False
97,MOV-000097,LOT-2026-00097,PROD-052,Tarija,2026-07-22,2026-08-07,2027-01-18,259,251,4,16,59.66,,False
98,MOV-000098,LOT-2026-00098,PROD-011,Tarija,2026-05-28,2026-06-03,2026-06-15,997,963,27,6,14.4,,False
99,MOV-000099,LOT-2026-00099,PROD-040,Tarija,2026-05-07,2026-05-09,2026-05-25,183,172,5,2,82.17,,False
100,MOV-000100,LOT-2026-00100,PROD-042,Santa Cruz,2026-06-27,2026-07-24,2027-06-27,390,382,3,27,73.69,,False
101,MOV-000101,LOT-2026-00101,PROD-035,Oruro,2026-06-11,2026-06-19,2026-06-29,226,219,6,8,23.85,,False
102,MOV-000102,LOT-2026-00102,PROD-006,Santa Cruz,2026-06-14,2026-07-08,2027-06-14,708,698,7,24,23.32,,False
103,MOV-000103,LOT-2026-00103,PROD-015,Cochabamba,2026-06-02,2026-06-06,2026-11-29,468,455,6,4,54.56,,False
104,MOV-000104,LOT-2026-00104,PROD-059,Oruro,2026-05-24,2026-06-07,2026-06-11,812,787,24,14,13.44,,False
105,MOV-000105,LOT-2026-00105,PROD-039,Santa Cruz,2026-08-11,2026-09-13,2027-08-11,729,722,4,33,56.75,,False
106,MOV-000106,LOT-2026-00106,PROD-036,Tarija,2026-07-05,2026-07-21,2027-01-01,346,338,6,16,53.28,,False
107,MOV-000107,LOT-2026-00107,PROD-037,Tarija,2026-05-08,2026-05-24,2027-05-08,556,550,4,16,64.93,,False
108,MOV-000108,LOT-2026-00108,PROD-017,Cochabamba,2026-05-12,2026-05-23,2026-05-30,698,679,18,11,19.81,,False
109,MOV-000109,LOT-2026-00109,PROD-031,Santa Cruz,2026-07-02,2026-07-14,2026-12-29,352,344,4,12,14.93,,False
110,MOV-000110,LOT-2026-00110,PROD-060,Cochabamba,2026-08-08,2026-08-12,2026-08-26,902,877,23,4,37.99,,False
111,MOV-000111,LOT-2026-00111,PROD-011,Cochabamba,2026-05-29,2026-06-21,2026-06-16,273,255,12,23,14.4,,False
112,MOV-000112,LOT-2026-00112,PROD-005,Santa Cruz,2026-05-05,2026-05-25,2027-05-05,195,188,2,20,76.84,,False
113,MOV-000113,LOT-2026-00113,PROD-030,La Paz,2026-06-18,2026-06-29,2027-06-18,370,361,3,11,24.51,,False
114,MOV-000114,LOT-2026-00114,PROD-006,La Paz,2026-05-06,2026-05-18,2027-05-06,937,926,5,12,23.32,,False
115,MOV-000115,LOT-2026-00115,PROD-012,La Paz,2026-05-17,2026-05-31,2026-11-13,767,752,10,14,80.8,,False
116,MOV-000116,LOT-2026-00116,PROD-043,La Paz,2026-08-10,2026-08-21,2026-08-28,591,572,16,11,71.11,,False
117,MOV-000117,LOT-2026-00117,PROD-005,Tarija,2026-07-06,2026-08-06,2027-07-06,825,814,5,31,76.84,,False
118,MOV-000118,LOT-2026-00118,PROD-022,Tarija,2026-06-22,2026-07-27,2026-12-19,576,564,7,35,67.52,,False
119,MOV-000119,LOT-2026-00119,PROD-042,Oruro,2026-05-15,2026-06-07,2027-05-15,268,262,3,23,73.69,,False
120,MOV-000120,LOT-2026-00120,PROD-018,Tarija,2026-08-01,2026-08-29,2027-08-01,345,337,3,28,20.82,,False
121,MOV-000121,LOT-2026-00121,PROD-034,Oruro,2026-05-16,2026-06-10,2027-05-16,192,190,1,25,83.26,,False
122,MOV-000122,LOT-2026-00122,PROD-016,Santa Cruz,2026-08-11,2026-08-23,2027-08-11,77,70,1,12,44.33,,False
123,MOV-000123,LOT-2026-00123,PROD-012,Oruro,2026-08-05,2026-08-11,2027-02-01,442,435,6,6,80.8,,False
124,MOV-000124,LOT-2026-00124,PROD-049,Tarija,2026-05-05,2026-05-11,2026-05-23,950,918,27,6,25.49,,False
125,MOV-000125,LOT-2026-00125,PROD-041,Cochabamba,2026-05-20,2026-06-07,2027-05-20,261,254,2,18,14.19,,False
126,MOV-000126,LOT-2026-00126,PROD-002,Santa Cruz,2026-05-22,2026-05-30,2026-06-09,642,618,20,8,33.75,,False
127,MOV-000127,LOT-2026-00127,PROD-051,Tarija,2026-06-29,2026-07-02,2026-12-26,778,767,10,3,21.14,,False
128,MOV-000128,LOT-2026-00128,PROD-012,La Paz,2026-07-24,2026-07-29,2027-01-20,607,595,8,5,80.8,,False
129,MOV-000129,LOT-2026-00129,PROD-033,Santa Cruz,2026-08-26,2026-09-10,2027-08-26,637,629,5,15,77.59,,False
130,MOV-000130,LOT-2026-00130,PROD-035,La Paz,2026-07-11,2026-07-19,2026-07-29,924,895,23,8,23.85,,False
131,MOV-000131,LOT-2026-00131,PROD-006,Santa Cruz,2026-05-02,2026-06-01,2027-05-02,667,663,4,30,23.32,,False
132,MOV-000132,LOT-2026-00132,PROD-041,La Paz,2026-05-07,2026-06-03,2027-05-07,606,596,4,27,14.19,,False
133,MOV-000133,LOT-2026-00133,PROD-058,Cochabamba,2026-07-16,2026-08-05,2027-07-16,855,846,5,20,83.63,,False
134,MOV-000134,LOT-2026-00134,PROD-049,Cochabamba,2026-05-31,2026-06-07,2026-06-18,809,783,23,7,25.49,,False
135,MOV-000135,LOT-2026-00135,PROD-018,Tarija,2026-06-20,2026-07-16,2027-06-20,942,931,9,26,20.82,,False
136,MOV-000136,LOT-2026-00136,PROD-029,Tarija,2026-05-31,2026-06-13,2027-05-31,237,229,2,13,60.18,,False
137,MOV-000137,LOT-2026-00137,PROD-044,Tarija,2026-06-12,2026-06-25,2027-06-12,281,275,3,13,65.12,,False
138,MOV-000138,LOT-2026-00138,PROD-022,Cochabamba,2026-06-09,2026-06-18,2026-12-06,818,804,12,9,67.52,,False
139,MOV-000139,LOT-2026-00139,PROD-013,Santa Cruz,2026-06-24,2026-07-01,2026-12-21,979,960,13,7,33.05,,False
140,MOV-000140,LOT-2026-00140,PROD-026,La Paz,2026-07-17,2026-08-12,2027-07-17,368,365,2,26,66.47,,False
141,MOV-000141,LOT-2026-00141,PROD-001,Oruro,2026-05-20,2026-06-02,2026-11-16,819,808,11,13,42.39,,False
142,MOV-000142,LOT-2026-00142,PROD-042,Tarija,2026-07-21,2026-08-22,2027-07-21,982,969,6,32,73.69,,False
143,MOV-000143,LOT-2026-00143,PROD-007,Santa Cruz,2026-07-19,2026-08-11,2027-07-19,672,665,7,23,23.87,,False
144,MOV-000144,LOT-2026-00144,PROD-045,Tarija,2026-08-05,2026-08-17,2027-08-05,609,604,5,12,61.85,,False
145,MOV-000145,LOT-2026-00145,PROD-002,Oruro,2026-05-03,2026-05-11,2026-05-21,670,649,17,8,33.75,,False
146,MOV-000146,LOT-2026-00146,PROD-045,Cochabamba,2026-05-04,2026-05-18,2027-05-04,75,70,1,14,61.85,,False
147,MOV-000147,LOT-2026-00147,PROD-014,Santa Cruz,2026-08-02,2026-08-28,2027-08-02,696,688,6,26,21.61,,False
148,MOV-000148,LOT-2026-00148,PROD-043,Oruro,2026-05-21,2026-06-08,2026-06-08,588,564,21,18,71.11,,False
149,MOV-000149,LOT-2026-00149,PROD-042,Cochabamba,2026-06-24,2026-07-10,2027-06-24,359,353,2,16,73.69,,False
150,MOV-000150,LOT-2026-00150,PROD-058,Cochabamba,2026-07-13,2026-08-04,2027-07-13,171,166,1,22,83.63,,False
151,MOV-000151,LOT-2026-00151,PROD-001,Tarija,2026-07-31,2026-08-18,2027-01-27,133,129,2,18,42.39,,False
152,MOV-000152,LOT-2026-00152,PROD-051,Cochabamba,2026-06-30,2026-07-05,2026-12-27,620,610,9,5,21.14,,False
153,MOV-000153,LOT-2026-00153,PROD-014,Tarija,2026-06-25,2026-07-26,2027-06-25,495,488,3,31,21.61,,False
154,MOV-000154,LOT-2026-00154,PROD-034,Oruro,2026-05-17,2026-05-26,2027-05-17,352,344,3,9,83.26,,False
155,MOV-000155,LOT-2026-00155,PROD-003,Tarija,2026-07-16,2026-08-04,2026-08-03,89,82,3,19,27.19,,False
156,MOV-000156,LOT-2026-00156,PROD-011,Oruro,2026-05-21,2026-05-26,2026-06-08,809,781,24,5,14.4,,False
157,MOV-000157,LOT-2026-00157,PROD-005,Tarija,2026-07-14,2026-07-29,2027-07-14,976,965,11,15,76.84,,False
158,MOV-000158,LOT-2026-00158,PROD-056,Santa Cruz,2026-07-30,2026-08-24,2026-08-17,877,830,40,25,36.51,,False
159,MOV-000159,LOT-2026-00159,PROD-034,La Paz,2026-07-06,2026-07-21,2027-07-06,147,143,1,15,83.26,,False
160,MOV-000160,LOT-2026-00160,PROD-036,Tarija,2026-06-09,2026-06-16,2026-12-06,608,594,10,7,53.28,,False
161,MOV-000161,LOT-2026-00161,PROD-021,Santa Cruz,2026-08-14,2026-09-22,2027-08-14,927,914,11,39,84.36,,False
162,MOV-000162,LOT-2026-00162,PROD-055,Cochabamba,2026-05-19,2026-05-30,2027-05-19,176,173,1,11,60.11,,False
163,MOV-000163,LOT-2026-00163,PROD-011,Santa Cruz,2026-07-26,2026-08-14,2026-08-13,612,584,24,19,14.4,,False
164,MOV-000164,LOT-2026-00164,PROD-029,La Paz,2026-08-11,2026-09-14,2027-08-11,731,727,4,34,60.18,,False
165,MOV-000165,LOT-2026-00165,PROD-057,La Paz,2026-07-14,2026-08-21,2027-07-14,486,480,6,38,39.61,,False
166,MOV-000166,LOT-2026-00166,PROD-037,Cochabamba,2026-07-18,2026-08-01,2027-07-18,331,327,4,14,64.93,,False
167,MOV-000167,LOT-2026-00167,PROD-034,Oruro,2026-07-08,2026-07-22,2027-07-08,332,324,2,14,83.26,,False
168,MOV-000168,LOT-2026-00168,PROD-012,Cochabamba,2026-07-29,2026-08-05,2027-01-25,874,852,15,7,80.8,,False
169,MOV-000169,LOT-2026-00169,PROD-003,Oruro,2026-05-21,2026-06-25,2026-06-08,966,905,59,35,27.19,,False
170,MOV-000170,LOT-2026-00170,PROD-049,Tarija,2026-05-02,2026-05-22,2026-05-20,918,882,34,20,25.49,,False
171,MOV-000171,LOT-2026-00171,PROD-048,Cochabamba,2026-05-10,2026-05-31,2027-05-10,210,204,2,21,24.01,,False
172,MOV-000172,LOT-2026-00172,PROD-022,Oruro,2026-05-20,2026-05-26,2026-11-16,308,304,4,6,67.52,,False
173,MOV-000173,LOT-2026-00173,PROD-041,Tarija,2026-07-19,2026-08-24,2027-07-19,631,624,7,36,14.19,,False
174,MOV-000174,LOT-2026-00174,PROD-007,Tarija,2026-05-21,2026-06-06,2027-05-21,281,276,2,16,23.87,,False
175,MOV-000175,LOT-2026-00175,PROD-005,Oruro,2026-08-17,2026-09-03,2027-08-17,254,245,2,17,76.84,,False
176,MOV-000176,LOT-2026-00176,PROD-014,Santa Cruz,2026-08-06,2026-08-19,2027-08-06,482,471,5,13,21.61,,False
177,MOV-000177,LOT-2026-00177,PROD-020,Oruro,2026-08-28,2026-09-05,2026-09-15,667,641,20,8,26.82,,False
178,MOV-000178,LOT-2026-00178,PROD-013,Santa Cruz,2026-07-24,2026-07-30,2027-01-20,830,819,10,6,33.05,,False
179,MOV-000179,LOT-2026-00179,PROD-014,Cochabamba,2026-05-27,2026-06-12,2027-05-27,292,290,2,16,21.61,,False
180,MOV-000180,LOT-2026-00180,PROD-001,Oruro,2026-06-30,2026-07-14,2026-12-27,381,372,5,14,42.39,,False
181,MOV-000181,LOT-2026-00181,PROD-036,Oruro,2026-05-26,2026-06-28,2026-11-22,954,935,12,33,53.28,,False
182,MOV-000182,LOT-2026-00182,PROD-037,Tarija,2026-07-07,2026-07-20,2027-07-07,167,165,1,13,64.93,,False
183,MOV-000183,LOT-2026-00183,PROD-054,Cochabamba,2026-06-19,2026-07-03,2027-06-19,656,648,5,14,81.98,,False
184,MOV-000184,LOT-2026-00184,PROD-053,Santa Cruz,2026-05-20,2026-06-09,2027-05-20,564,555,5,20,73.12,,False
185,MOV-000185,LOT-2026-00185,PROD-052,Santa Cruz,2026-05-12,2026-05-29,2026-11-08,972,959,13,17,59.66,,False
186,MOV-000186,LOT-2026-00186,PROD-027,Cochabamba,2026-07-02,2026-07-21,2027-07-02,239,233,2,19,44.86,,False
187,MOV-000187,LOT-2026-00187,PROD-002,Cochabamba,2026-07-17,2026-07-26,2026-08-04,228,222,6,9,33.75,,False
188,MOV-000188,LOT-2026-00188,PROD-005,Tarija,2026-06-13,2026-07-26,2027-06-13,534,519,10,43,76.84,,False
189,MOV-000189,LOT-2026-00189,PROD-048,Santa Cruz,2026-06-30,2026-07-18,2027-06-30,886,881,5,18,24.01,,False
190,MOV-000190,LOT-2026-00190,PROD-019,Santa Cruz,2026-05-22,2026-06-17,2026-06-09,648,613,31,26,62.22,,False
191,MOV-000191,LOT-2026-00191,PROD-044,Tarija,2026-05-30,2026-06-23,2027-05-30,431,428,3,24,65.12,,False
192,MOV-000192,LOT-2026-00192,PROD-019,Tarija,2026-08-01,2026-08-06,2026-08-19,680,658,22,5,62.22,,False
193,MOV-000193,LOT-2026-00193,PROD-034,La Paz,2026-08-26,2026-09-12,2027-08-26,392,389,2,17,83.26,,False
194,MOV-000194,LOT-2026-00194,PROD-054,Cochabamba,2026-08-25,2026-09-17,2027-08-25,864,853,4,23,81.98,,False
195,MOV-000195,LOT-2026-00195,PROD-058,Santa Cruz,2026-07-02,2026-07-16,2027-07-02,827,820,6,14,83.63,,False
196,MOV-000196,LOT-2026-00196,PROD-054,Tarija,2026-05-22,2026-06-07,2027-05-22,595,586,4,16,81.98,,False
197,MOV-000197,LOT-2026-00197,PROD-020,Santa Cruz,2026-06-07,2026-06-16,2026-06-25,462,446,13,9,26.82,,False
198,MOV-000198,LOT-2026-00198,PROD-031,Cochabamba,2026-05-22,2026-05-27,2026-11-18,324,317,4,5,14.93,,False
199,MOV-000199,LOT-2026-00199,PROD-050,Santa Cruz,2026-05-12,2026-05-24,2026-05-30,985,953,28,12,55.37,,False
200,MOV-000200,LOT-2026-00200,PROD-024,Cochabamba,2026-06-28,2026-07-08,2027-06-28,935,920,13,10,23.48,,False
201,MOV-000201,LOT-2026-00201,PROD-018,Tarija,2026-07-24,2026-08-07,2027-07-24,233,231,1,14,20.82,,False
202,MOV-000202,LOT-2026-00202,PROD-049,Santa Cruz,2026-07-21,2026-08-06,2026-08-08,174,163,5,16,25.49,,False
203,MOV-000203,LOT-2026-00203,PROD-035,Cochabamba,2026-06-22,2026-06-26,2026-07-10,77,73,2,4,23.85,,False
204,MOV-000204,LOT-2026-00204,PROD-021,Cochabamba,2026-06-29,2026-07-21,2027-06-29,428,424,3,22,84.36,,False
205,MOV-000205,LOT-2026-00205,PROD-024,Santa Cruz,2026-08-06,2026-08-19,2027-08-06,524,515,4,13,23.48,,False
206,MOV-000206,LOT-2026-00206,PROD-026,Oruro,2026-05-24,2026-06-05,2027-05-24,239,232,2,12,66.47,,False
207,MOV-000207,LOT-2026-00207,PROD-051,Oruro,2026-05-24,2026-06-15,2026-11-20,613,598,9,22,21.14,,False
208,MOV-000208,LOT-2026-00208,PROD-059,Cochabamba,2026-08-16,2026-08-26,2026-09-03,974,945,27,10,13.44,,False
209,MOV-000209,LOT-2026-00209,PROD-044,Oruro,2026-05-20,2026-06-17,2027-05-20,699,692,4,28,65.12,,False
210,MOV-000210,LOT-2026-00210,PROD-012,La Paz,2026-05-08,2026-05-29,2026-11-04,562,552,7,21,80.8,,False
211,MOV-000211,LOT-2026-00211,PROD-035,Tarija,2026-08-28,2026-09-10,2026-09-15,356,342,10,13,23.85,,False
212,MOV-000212,LOT-2026-00212,PROD-037,Santa Cruz,2026-06-13,2026-07-19,2027-06-13,811,802,7,36,64.93,,False
213,MOV-000213,LOT-2026-00213,PROD-041,Oruro,2026-08-13,2026-08-27,2027-08-13,605,602,3,14,14.19,,False
214,MOV-000214,LOT-2026-00214,PROD-056,Santa Cruz,2026-06-16,2026-06-18,2026-07-04,439,420,12,2,36.51,,False
215,MOV-000215,LOT-2026-00215,PROD-060,Oruro,2026-07-14,2026-07-15,2026-08-01,511,492,16,1,37.99,,False
216,MOV-000216,LOT-2026-00216,PROD-014,Oruro,2026-06-17,2026-06-27,2027-06-17,470,459,4,10,21.61,,False
217,MOV-000217,LOT-2026-00217,PROD-018,Cochabamba,2026-07-10,2026-07-26,2027-07-10,254,248,2,16,20.82,,False
218,MOV-000218,LOT-2026-00218,PROD-033,La Paz,2026-08-01,2026-08-18,2027-08-01,904,896,5,17,77.59,,False
219,MOV-000219,LOT-2026-00219,PROD-024,Santa Cruz,2026-05-16,2026-06-15,2027-05-16,193,191,1,30,23.48,,False
220,MOV-000220,LOT-2026-00220,PROD-039,Cochabamba,2026-07-23,2026-08-11,2027-07-23,646,638,5,19,56.75,,False
221,MOV-000221,LOT-2026-00221,PROD-043,Cochabamba,2026-06-13,2026-06-17,2026-07-01,137,128,4,4,71.11,,False
222,MOV-000222,LOT-2026-00222,PROD-008,Cochabamba,2026-05-09,2026-05-14,2026-05-27,344,331,10,5,31.75,,False
223,MOV-000223,LOT-2026-00223,PROD-028,Santa Cruz,2026-05-19,2026-06-08,2027-05-19,408,404,3,20,55.4,,False
224,MOV-000224,LOT-2026-00224,PROD-055,La Paz,2026-08-20,2026-09-02,2027-08-20,219,216,1,13,60.11,,False
225,MOV-000225,LOT-2026-00225,PROD-049,La Paz,2026-05-14,2026-05-28,2026-06-01,490,468,15,14,25.49,,False
226,MOV-000226,LOT-2026-00226,PROD-027,La Paz,2026-06-08,2026-06-18,2027-06-08,325,315,3,10,44.86,,False
227,MOV-000227,LOT-2026-00227,PROD-039,Cochabamba,2026-07-27,2026-08-31,2027-07-27,928,920,7,35,56.75,,False
228,MOV-000228,LOT-2026-00228,PROD-023,La Paz,2026-07-26,2026-08-21,2027-01-22,484,472,6,26,64.4,,False
229,MOV-000229,LOT-2026-00229,PROD-052,Cochabamba,2026-07-05,2026-07-29,2027-01-01,90,85,1,24,59.66,,False
230,MOV-000230,LOT-2026-00230,PROD-004,Oruro,2026-08-12,2026-08-26,2027-08-12,500,496,4,14,27.26,,False
231,MOV-000231,LOT-2026-00231,PROD-042,Santa Cruz,2026-08-07,2026-08-22,2027-08-07,718,713,4,15,73.69,,False
232,MOV-000232,LOT-2026-00232,PROD-002,Santa Cruz,2026-06-30,2026-07-13,2026-07-18,245,237,7,13,33.75,,False
233,MOV-000233,LOT-2026-00233,PROD-046,Tarija,2026-06-11,2026-06-23,2027-06-11,891,884,6,12,12.64,,False
234,MOV-000234,LOT-2026-00234,PROD-054,La Paz,2026-06-14,2026-07-05,2027-06-14,150,147,1,21,81.98,,False
235,MOV-000235,LOT-2026-00235,PROD-059,Tarija,2026-08-28,2026-08-31,2026-09-15,637,613,17,3,13.44,,False
236,MOV-000236,LOT-2026-00236,PROD-012,Oruro,2026-05-26,2026-05-29,2026-11-22,93,90,1,3,80.8,,False
237,MOV-000237,LOT-2026-00237,PROD-031,Cochabamba,2026-07-21,2026-08-08,2027-01-17,531,517,8,18,14.93,,False
238,MOV-000238,LOT-2026-00238,PROD-011,Cochabamba,2026-06-29,2026-07-15,2026-07-17,209,200,7,16,14.4,,False
239,MOV-000239,LOT-2026-00239,PROD-056,La Paz,2026-05-04,2026-05-19,2026-05-22,629,601,22,15,36.51,,False
240,MOV-000240,LOT-2026-00240,PROD-014,Cochabamba,2026-07-02,2026-07-25,2027-07-02,445,442,2,23,21.61,,False
241,MOV-000241,LOT-2026-00241,PROD-012,Tarija,2026-06-25,2026-07-17,2026-12-22,545,531,7,22,80.8,,False
242,MOV-000242,LOT-2026-00242,PROD-048,Tarija,2026-08-08,2026-09-01,2027-08-08,982,970,7,24,24.01,,False
243,MOV-000243,LOT-2026-00243,PROD-017,Cochabamba,2026-08-17,2026-08-26,2026-09-04,297,284,7,9,19.81,,False
244,MOV-000244,LOT-2026-00244,PROD-059,Oruro,2026-05-19,2026-05-29,2026-06-06,109,102,3,10,13.44,,False
245,MOV-000245,LOT-2026-00245,PROD-002,Cochabamba,2026-05-12,2026-05-29,2026-05-30,781,750,26,17,33.75,,False
246,MOV-000246,LOT-2026-00246,PROD-009,La Paz,2026-06-02,2026-07-12,2027-06-02,87,81,1,40,16.29,,False
247,MOV-000247,LOT-2026-00247,PROD-052,La Paz,2026-06-15,2026-06-28,2026-12-12,165,157,2,13,59.66,,False
248,MOV-000248,LOT-2026-00248,PROD-001,Tarija,2026-06-26,2026-07-26,2026-12-23,426,419,6,30,42.39,,False
249,MOV-000249,LOT-2026-00249,PROD-044,Cochabamba,2026-07-25,2026-08-17,2027-07-25,884,874,7,23,65.12,,False
250,MOV-000250,LOT-2026-00250,PROD-037,Santa Cruz,2026-06-01,2026-06-15,2027-06-01,727,717,5,14,64.93,,False
251,MOV-000251,LOT-2026-00251,PROD-019,Cochabamba,2026-07-20,2026-07-21,2026-08-07,876,851,22,1,62.22,,False
252,MOV-000252,LOT-2026-00252,PROD-059,Santa Cruz,2026-05-11,2026-06-11,2026-05-29,219,203,12,31,13.44,,False
253,MOV-000253,LOT-2026-00253,PROD-040,Oruro,2026-05-20,2026-05-21,2026-06-07,455,441,13,1,82.17,,False
254,MOV-000254,LOT-2026-00254,PROD-058,Santa Cruz,2026-08-08,2026-09-04,2027-08-08,944,935,5,27,83.63,,False
255,MOV-000255,LOT-2026-00255,PROD-048,Cochabamba,2026-06-14,2026-07-13,2027-06-14,145,141,1,29,24.01,,False
256,MOV-000256,LOT-2026-00256,PROD-014,Cochabamba,2026-05-17,2026-06-08,2027-05-17,112,105,1,22,21.61,,False
257,MOV-000257,LOT-2026-00257,PROD-044,Tarija,2026-08-17,2026-09-21,2027-08-17,548,539,3,35,65.12,,False
258,MOV-000258,LOT-2026-00258,PROD-053,La Paz,2026-07-03,2026-07-21,2027-07-03,613,609,4,18,73.12,,False
259,MOV-000259,LOT-2026-00259,PROD-050,La Paz,2026-06-18,2026-07-02,2026-07-06,648,623,19,14,55.37,,False
260,MOV-000260,LOT-2026-00260,PROD-049,La Paz,2026-05-23,2026-05-30,2026-06-10,682,660,19,7,25.49,,False
261,MOV-000261,LOT-2026-00261,PROD-016,Cochabamba,2026-06-12,2026-07-12,2027-06-12,280,277,2,30,44.33,,False
262,MOV-000262,LOT-2026-00262,PROD-043,Tarija,2026-05-18,2026-06-15,2026-06-05,897,849,46,28,71.11,,False
263,MOV-000263,LOT-2026-00263,PROD-018,Cochabamba,2026-07-05,2026-07-20,2027-07-05,445,435,3,15,20.82,,False
264,MOV-000264,LOT-2026-00264,PROD-008,Tarija,2026-05-18,2026-05-27,2026-06-05,113,108,3,9,31.75,,False
265,MOV-000265,LOT-2026-00265,PROD-034,Cochabamba,2026-08-14,2026-10-09,2027-08-14,775,741,30,56,83.26,,False
266,MOV-000266,LOT-2026-00266,PROD-045,Tarija,2026-07-08,2026-07-24,2027-07-08,635,629,4,16,61.85,,False
267,MOV-000267,LOT-2026-00267,PROD-052,La Paz,2026-06-17,2026-06-25,2026-12-14,135,133,2,8,59.66,,False
268,MOV-000268,LOT-2026-00268,PROD-018,Cochabamba,2026-05-03,2026-06-18,2027-05-03,429,417,11,46,20.82,,False
269,MOV-000269,LOT-2026-00269,PROD-008,La Paz,2026-06-05,2026-07-18,2026-06-23,68,58,5,43,31.75,,False
270,MOV-000270,LOT-2026-00270,PROD-037,Oruro,2026-08-22,2026-09-21,2027-08-22,906,894,5,30,64.93,,False
271,MOV-000271,LOT-2026-00271,PROD-049,La Paz,2026-06-07,2026-06-18,2026-06-25,483,470,13,11,25.49,,False
272,MOV-000272,LOT-2026-00272,PROD-038,Cochabamba,2026-05-12,2026-05-20,2027-05-12,571,563,5,8,13.49,,False
273,MOV-000273,LOT-2026-00273,PROD-007,Tarija,2026-06-30,2026-07-18,2027-06-30,832,823,5,18,23.87,,False
274,MOV-000274,LOT-2026-00274,PROD-009,Oruro,2026-05-27,2026-06-13,2027-05-27,116,114,1,17,16.29,,False
275,MOV-000275,LOT-2026-00275,PROD-005,Tarija,2026-08-07,2026-09-05,2027-08-07,529,520,4,29,76.84,,False
276,MOV-000276,LOT-2026-00276,PROD-009,La Paz,2026-05-14,2026-05-27,2027-05-14,847,836,6,13,16.29,,False
277,MOV-000277,LOT-2026-00277,PROD-027,Santa Cruz,19/05/2026,2026-05-28,2027-05-19,698,691,6,9,44.86,fecha_ingreso,True
278,MOV-000278,LOT-2026-00278,PROD-001,La Paz,2026-08-27,2026-09-12,2027-02-23,236,228,3,16,42.39,,False
279,MOV-000279,LOT-2026-00279,PROD-027,Tarija,2026-06-19,2026-06-28,2027-06-19,463,458,2,9,44.86,,False
280,MOV-000280,LOT-2026-00280,PROD-023,Santa Cruz,2026-08-09,2026-08-24,2027-02-05,257,252,3,15,64.4,,False
281,MOV-000281,LOT-2026-00281,PROD-012,La Paz,2026-06-15,2026-06-28,2026-12-12,858,843,11,13,80.8,,False
282,MOV-000282,LOT-2026-00282,PROD-021,Cochabamba,2026-06-27,2026-07-09,2027-06-27,403,400,2,12,84.36,,False
283,MOV-000283,LOT-2026-00283,PROD-025,Oruro,2026-07-15,2026-07-24,2026-08-02,822,794,21,9,45.25,,False
284,MOV-000284,LOT-2026-00284,PROD-029,Cochabamba,2026-05-10,2026-05-23,2027-05-10,952,940,6,13,60.18,,False
285,MOV-000285,LOT-2026-00285,PROD-026,La Paz,2026-08-25,2026-10-01,2027-08-25,287,284,3,37,66.47,,False
286,MOV-000286,LOT-2026-00286,PROD-040,Cochabamba,2026-08-28,2026-09-14,2026-09-15,448,427,15,17,82.17,,False
287,MOV-000287,LOT-2026-00287,PROD-050,Cochabamba,2026-05-28,2026-06-03,2026-06-15,139,134,4,6,55.37,,False
288,MOV-000288,LOT-2026-00288,PROD-046,Cochabamba,2026-06-25,2026-07-09,2027-06-25,728,721,4,14,12.64,,False
289,MOV-000289,LOT-2026-00289,PROD-010,La Paz,2026-06-04,2026-06-25,2027-06-04,86,81,0,21,47.91,,False
290,MOV-000290,LOT-2026-00290,PROD-027,Santa Cruz,2026-05-31,2026-06-15,2027-05-31,918,913,5,15,44.86,,False
291,MOV-000291,LOT-2026-00291,PROD-015,Tarija,2026-07-24,2026-07-28,2027-01-20,271,265,3,4,54.56,,False
292,MOV-000292,LOT-2026-00292,PROD-043,Oruro,2026-06-19,2026-07-16,2026-07-07,439,412,22,27,71.11,,False
293,MOV-000293,LOT-2026-00293,PROD-025,Cochabamba,2026-07-24,2026-08-08,2026-08-11,834,805,27,15,45.25,,False
294,MOV-000294,LOT-2026-00294,PROD-002,Santa Cruz,2026-05-27,2026-06-13,2026-06-14,295,282,10,17,33.75,,False
295,MOV-000295,LOT-2026-00295,PROD-037,Oruro,2026-07-11,2026-08-05,2027-07-11,808,795,7,25,64.93,,False
296,MOV-000296,LOT-2026-00296,PROD-026,Oruro,2026-06-21,2026-07-11,2027-06-21,597,588,4,20,66.47,,False
297,MOV-000297,LOT-2026-00297,PROD-018,Santa Cruz,2026-06-28,2026-07-14,2027-06-28,842,832,5,16,20.82,,False
298,MOV-000298,LOT-2026-00298,PROD-046,Oruro,2026-05-31,2026-06-09,2027-05-31,713,702,5,9,12.64,,False
299,MOV-000299,LOT-2026-00299,PROD-012,Santa Cruz,2026-06-12,2026-06-19,2026-12-09,155,152,2,7,80.8,,False
300,MOV-000300,LOT-2026-00300,PROD-055,Tarija,2026-07-12,2026-08-03,2027-07-12,418,415,3,22,60.11,,False
301,MOV-000301,LOT-2026-00301,PROD-010,Tarija,2026-06-14,2026-06-24,2027-06-14,802,797,4,10,47.91,,False
302,MOV-000302,LOT-2026-00302,PROD-023,Oruro,2026-05-05,2026-05-14,2026-11-01,402,396,6,9,64.4,,False
303,MOV-000303,LOT-2026-00303,PROD-005,Oruro,2026-08-17,2026-09-17,2027-08-17,337,335,2,31,76.84,,False
304,MOV-000304,LOT-2026-00304,PROD-053,Santa Cruz,2026-06-07,2026-07-01,2027-06-07,270,265,2,24,73.12,,False
305,MOV-000305,LOT-2026-00305,PROD-059,La Paz,2026-06-23,2026-07-06,2026-07-11,142,132,4,13,13.44,,False
306,MOV-000306,LOT-2026-00306,PROD-019,Santa Cruz,2026-05-19,2026-06-04,2026-06-06,421,400,14,16,62.22,,False
307,MOV-000307,LOT-2026-00307,PROD-019,Santa Cruz,2026-08-27,2026-09-01,2026-09-14,586,569,15,5,62.22,,False
308,MOV-000308,LOT-2026-00308,PROD-015,Santa Cruz,2026-06-05,2026-07-07,2026-12-02,928,911,12,32,54.56,,False
309,MOV-000309,LOT-2026-00309,PROD-010,Santa Cruz,2026-07-27,2026-08-23,2027-07-27,958,950,5,27,47.91,,False
310,MOV-000310,LOT-2026-00310,PROD-051,Tarija,2026-06-17,2026-06-22,2026-12-14,869,856,11,5,21.14,,False
311,MOV-000311,LOT-2026-00311,PROD-036,Santa Cruz,2026-08-20,2026-08-27,2027-02-16,910,898,11,7,53.28,,False
312,MOV-000312,LOT-2026-00312,PROD-008,La Paz,2026-05-27,2026-06-13,2026-06-14,268,253,9,17,31.75,,False
313,MOV-000313,LOT-2026-00313,PROD-030,Cochabamba,2026-07-30,2026-08-22,2027-07-30,753,747,4,23,24.51,,False
314,MOV-000314,LOT-2026-00314,PROD-029,Santa Cruz,2026-05-13,2026-05-26,2027-05-13,797,791,5,13,60.18,,False
315,MOV-000315,LOT-2026-00315,PROD-040,Cochabamba,2026-08-05,2026-08-21,2026-08-23,127,120,4,16,82.17,,False
316,MOV-000316,LOT-2026-00316,PROD-002,Tarija,2026-08-21,2026-08-29,2026-09-08,287,278,7,8,33.75,,False
317,MOV-000317,LOT-2026-00317,PROD-034,Cochabamba,2026-08-03,2026-08-16,2027-08-03,702,694,4,13,83.26,,False
318,MOV-000318,LOT-2026-00318,PROD-044,La Paz,2026-08-05,2026-08-17,2027-08-05,975,963,6,12,65.12,,False
319,MOV-000319,LOT-2026-00319,PROD-019,La Paz,2026-07-25,2026-08-02,2026-08-12,767,748,19,8,62.22,,False
320,MOV-000320,LOT-2026-00320,PROD-012,Cochabamba,2026-08-02,2026-08-15,2027-01-29,235,230,3,13,80.8,,False
321,MOV-000321,LOT-2026-00321,PROD-035,La Paz,2026-08-21,2026-09-01,2026-09-08,603,587,16,11,23.85,,False
322,MOV-000322,LOT-2026-00322,PROD-005,Santa Cruz,2026-06-06,2026-07-06,2027-06-06,334,329,2,30,76.84,,False
323,MOV-000323,LOT-2026-00323,PROD-038,Tarija,2026-06-15,2026-07-23,2027-06-15,698,685,7,38,13.49,,False
324,MOV-000324,LOT-2026-00324,PROD-035,Tarija,2026-05-09,2026-05-20,2026-05-27,415,401,11,11,23.85,,False
325,MOV-000325,LOT-2026-00325,PROD-031,Tarija,2026-05-19,2026-05-21,2026-11-15,631,616,8,2,14.93,,False
326,MOV-000326,LOT-2026-00326,PROD-024,Santa Cruz,2026-08-12,2026-08-28,2027-08-12,881,866,8,16,23.48,,False
327,MOV-000327,LOT-2026-00327,PROD-047,Cochabamba,2026-05-11,2026-06-04,2027-05-11,747,741,4,24,21.58,,False
328,MOV-000328,LOT-2026-00328,PROD-008,La Paz,2026-06-16,2026-07-02,2026-07-04,325,314,10,16,31.75,,False
329,MOV-000329,LOT-2026-00329,PROD-015,Tarija,2026-06-08,2026-07-03,2026-12-05,963,945,16,25,54.56,,False
330,MOV-000330,LOT-2026-00330,PROD-032,Tarija,2026-08-12,2026-09-10,2027-08-12,964,958,5,29,63.21,,False
331,MOV-000331,LOT-2026-00331,PROD-024,Tarija,2026-05-14,2026-06-08,2027-05-14,406,403,3,25,23.48,,False
332,MOV-000332,LOT-2026-00332,PROD-049,Santa Cruz,2026-07-13,2026-07-21,2026-07-31,280,272,7,8,25.49,,False
333,MOV-000333,LOT-2026-00333,PROD-045,La Paz,2026-07-16,2026-07-28,2027-07-16,53,53,0,12,61.85,,False
334,MOV-000334,LOT-2026-00334,PROD-046,Santa Cruz,2026-08-20,2026-09-19,2027-08-20,794,784,5,30,12.64,,False
335,MOV-000335,LOT-2026-00335,PROD-052,Oruro,2026-05-28,2026-06-10,2026-11-24,648,633,10,13,59.66,,False
336,MOV-000336,LOT-2026-00336,PROD-003,Cochabamba,2026-06-06,2026-06-11,2026-06-24,152,142,4,5,27.19,,False
337,MOV-000337,LOT-2026-00337,PROD-016,Santa Cruz,2026-08-08,2026-08-19,2027-08-08,479,470,3,11,44.33,,False
338,MOV-000338,LOT-2026-00338,PROD-033,Cochabamba,2026-05-26,2026-06-28,2027-05-26,950,938,8,33,77.59,,False
339,MOV-000339,LOT-2026-00339,PROD-048,Oruro,2026-08-23,2026-09-10,2027-08-23,381,374,2,18,24.01,,False
340,MOV-000340,LOT-2026-00340,PROD-051,La Paz,2026-05-18,2026-05-22,2026-11-14,456,450,6,4,21.14,,False
341,MOV-000341,LOT-2026-00341,PROD-053,La Paz,2026-05-29,2026-06-28,2027-05-29,659,650,4,30,73.12,,False
342,MOV-000342,LOT-2026-00342,PROD-013,Santa Cruz,2026-08-17,2026-08-29,2027-02-13,873,859,13,12,33.05,,False
343,MOV-000343,LOT-2026-00343,PROD-009,Santa Cruz,2026-08-08,2026-08-30,2027-08-08,693,688,5,22,16.29,,False
344,MOV-000344,LOT-2026-00344,PROD-007,Tarija,2026-05-22,2026-06-19,2027-05-22,430,422,2,28,23.87,,False
345,MOV-000345,LOT-2026-00345,PROD-038,Santa Cruz,2026-07-24,2026-09-08,2027-07-24,729,709,17,46,13.49,,False
346,MOV-000346,LOT-2026-00346,PROD-017,Oruro,2026-05-17,2026-06-15,2026-06-04,643,609,33,29,19.81,,False
347,MOV-000347,LOT-2026-00347,PROD-028,Oruro,2026-08-04,2026-08-17,2027-08-04,264,262,2,13,55.4,,False
348,MOV-000348,LOT-2026-00348,PROD-039,La Paz,2026-05-10,2026-06-01,2027-05-10,405,402,2,22,56.75,,False
349,MOV-000349,LOT-2026-00349,PROD-027,La Paz,2026-08-08,2026-08-24,2027-08-08,807,796,6,16,44.86,,False
350,MOV-000350,LOT-2026-00350,PROD-050,Tarija,2026-06-25,2026-07-11,2026-07-13,994,961,32,16,55.37,,False
351,MOV-000351,LOT-2026-00351,PROD-026,La Paz,2026-05-29,2026-06-11,2027-05-29,144,136,1,13,66.47,,False
352,MOV-000352,LOT-2026-00352,PROD-035,Cochabamba,2026-05-30,2026-06-05,2026-06-17,340,326,9,6,23.85,,False
353,MOV-000353,LOT-2026-00353,PROD-003,Oruro,2026-07-31,2026-08-07,2026-08-18,955,924,30,7,27.19,,False
354,MOV-000354,LOT-2026-00354,PROD-055,Santa Cruz,2026-05-31,2026-06-21,2027-05-31,101,94,1,21,60.11,,False
355,MOV-000355,LOT-2026-00355,PROD-027,Oruro,2026-06-16,2026-07-01,2027-06-16,706,697,6,15,44.86,,False
356,MOV-000356,LOT-2026-00356,PROD-004,La Paz,2026-06-21,2026-07-07,2027-06-21,406,398,3,16,27.26,,False
357,MOV-000357,LOT-2026-00357,PROD-057,Cochabamba,2026-05-25,2026-06-23,2027-05-25,675,666,5,29,39.61,,False
358,MOV-000358,LOT-2026-00358,PROD-053,Tarija,2026-06-26,2026-07-15,2027-06-26,165,164,1,19,73.12,,False
359,MOV-000359,LOT-2026-00359,PROD-026,Tarija,2026-05-27,2026-06-11,2027-05-27,183,179,1,15,66.47,,False
360,MOV-000360,LOT-2026-00360,PROD-060,Santa Cruz,2026-07-02,2026-07-24,2026-07-20,795,757,33,22,37.99,,False
361,MOV-000361,LOT-2026-00361,PROD-051,Cochabamba,2026-05-17,2026-05-23,2026-11-13,229,222,3,6,21.14,,False
362,MOV-000362,LOT-2026-00362,PROD-016,Tarija,2026-07-21,2026-08-14,2027-07-21,319,310,2,24,44.33,,False
363,MOV-000363,LOT-2026-00363,PROD-026,Cochabamba,2026-05-22,2026-06-08,2027-05-22,814,806,4,17,66.47,,False
364,MOV-000364,LOT-2026-00364,PROD-033,Tarija,2026-06-13,2026-07-13,2027-06-13,560,549,4,30,77.59,,False
365,MOV-000365,LOT-2026-00365,PROD-028,Cochabamba,2026-07-22,2026-08-07,2027-07-22,601,597,4,16,55.4,,False
366,MOV-000366,LOT-2026-00366,PROD-001,Tarija,2026-07-22,2026-08-11,2027-01-18,231,224,3,20,42.39,,False
367,MOV-000367,LOT-2026-00367,PROD-030,Oruro,2026-08-17,2026-08-30,2027-08-17,445,438,3,13,24.51,,False
368,MOV-000368,LOT-2026-00368,PROD-032,La Paz,2026-05-03,2026-05-25,2027-05-03,686,675,9,22,63.21,,False
369,MOV-000369,LOT-2026-00369,PROD-046,Oruro,2026-06-21,2026-07-10,2027-06-21,626,613,7,19,12.64,,False
370,MOV-000370,LOT-2026-00370, prod-010 ,Oruro,2026-05-31,2026-06-23,2027-05-31,346,339,2,23,47.91,,False
371,MOV-000371,LOT-2026-00371,PROD-007,Oruro,2026-07-31,2026-08-21,2027-07-31,669,662,4,21,23.87,,False
372,MOV-000372,LOT-2026-00372,PROD-036,Santa Cruz,2026-07-26,2026-08-05,2027-01-22,820,806,11,10,53.28,,False
373,MOV-000373,LOT-2026-00373,PROD-050,La Paz,2026-07-19,2026-07-20,2026-08-06,495,481,13,1,55.37,,False
374,MOV-000374,LOT-2026-00374,PROD-029,Cochabamba,2026-07-31,2026-08-11,,102,94,1,11,60.18,fecha_vencimiento,True
375,MOV-000375,LOT-2026-00375,PROD-016,La Paz,2026-05-21,2026-05-31,2027-05-21,548,540,4,10,44.33,,False
376,MOV-000376,LOT-2026-00376,PROD-022,La Paz,2026-05-29,2026-06-06,2026-11-25,922,903,12,8,67.52,,False
377,MOV-000377,LOT-2026-00377,PROD-048,Santa Cruz,2026-05-29,2026-06-08,2027-05-29,325,315,3,10,24.01,,False
378,MOV-000378,LOT-2026-00378,PROD-013,Oruro,2026-08-02,2026-08-10,2027-01-29,523,510,7,8,33.05,,False
379,MOV-000379,LOT-2026-00379,PROD-030,La Paz,2026-08-24,2026-09-15,2027-08-24,76,69,1,22,24.51,,False
380,MOV-000380,LOT-2026-00380,PROD-054,Tarija,2026-05-12,2026-06-18,2027-05-12,570,561,7,37,81.98,,False
381,MOV-000381,LOT-2026-00381,PROD-020,La Paz,2026-06-11,2026-06-23,2026-06-29,110,100,3,12,26.82,,False
382,MOV-000382,LOT-2026-00382,PROD-039,Cochabamba,2026-06-24,2026-07-06,2027-06-24,525,520,4,12,56.75,,False
383,MOV-000383,LOT-2026-00383,PROD-008,Tarija,2026-06-02,2026-06-06,2026-06-20,412,400,11,4,31.75,,False
384,MOV-000384,LOT-2026-00384,PROD-018,La Paz,2026-08-05,2026-08-25,2027-08-05,210,202,1,20,20.82,,False
385,MOV-000385,LOT-2026-00385,PROD-059,La Paz,2026-08-05,2026-08-23,2026-08-23,449,430,16,18,13.44,,False
386,MOV-000386,LOT-2026-00386,PROD-060,Oruro,2026-08-04,2026-08-18,2026-08-22,547,531,15,14,37.99,,False
387,MOV-000387,LOT-2026-00387,PROD-060,Santa Cruz,2026-06-16,2026-06-22,2026-07-04,819,789,24,6,37.99,,False
388,MOV-000388,LOT-2026-00388,PROD-019,Oruro,2026-06-12,2026-06-21,2026-06-30,75,66,2,9,62.22,,False
389,MOV-000389,LOT-2026-00389,PROD-013,La Paz,2026-05-31,2026-06-12,2026-11-27,775,761,11,12,33.05,,False
390,MOV-000390,LOT-2026-00390,PROD-005,Oruro,2026-06-14,2026-06-25,2027-06-14,293,284,2,11,76.84,,False
391,MOV-000391,LOT-2026-00391,PROD-003,Tarija,2026-06-27,2026-07-06,2026-07-15,312,301,9,9,27.19,,False
392,MOV-000392,LOT-2026-00392,PROD-017,Tarija,2026-06-20,2026-07-02,2026-07-08,466,450,13,12,19.81,,False
393,MOV-000393,LOT-2026-00393,PROD-029,Tarija,2026-06-11,2026-07-03,2027-06-11,769,762,4,22,60.18,,False
394,MOV-000394,LOT-2026-00394,PROD-029,Oruro,2026-07-09,2026-07-28,2027-07-09,733,724,5,19,60.18,,False
395,MOV-000395,LOT-2026-00395,PROD-030,Tarija,2026-08-23,2026-10-04,2027-08-23,173,169,3,42,24.51,,False
396,MOV-000396,LOT-2026-00396,PROD-006,Santa Cruz,2026-06-09,2026-06-25,2027-06-09,583,579,4,16,23.32,,False
397,MOV-000397,LOT-2026-00397,PROD-038,Cochabamba,2026-05-20,2026-06-15,2027-05-20,878,868,5,26,13.49,,False
398,MOV-000398,LOT-2026-00398,PROD-021,Tarija,2026-05-17,2026-06-19,2027-05-17,510,506,4,33,84.36,,False
399,MOV-000399,LOT-2026-00399,PROD-003,Santa Cruz,2026-07-01,2026-07-11,2026-07-19,207,199,5,10,27.19,,False
400,MOV-000400,LOT-2026-00400,PROD-023,Oruro,2026-06-04,2026-06-07,2026-12-01,743,727,10,3,64.4,,False
401,MOV-000401,LOT-2026-00401,PROD-053,Tarija,2026-05-02,2026-05-23,2027-05-02,514,508,5,21,73.12,,False
402,MOV-000402,LOT-2026-00402,PROD-035,La Paz,2026-06-10,2026-06-18,2026-06-28,475,456,12,8,23.85,,False
403,MOV-000403,LOT-2026-00403,PROD-018,Oruro,2026-07-28,2026-08-13,2027-07-28,594,589,4,16,20.82,,False
404,MOV-000404,LOT-2026-00404,PROD-047,Santa Cruz,2026-05-08,2026-05-28,2027-05-08,752,746,4,20,21.58,,False
405,MOV-000405,LOT-2026-00405,PROD-056,La Paz,2026-08-08,2026-08-24,2026-08-26,491,472,16,16,36.51,,False
406,MOV-000406,LOT-2026-00406,PROD-059,Tarija,2026-07-11,2026-07-19,2026-07-29,489,468,14,8,13.44,,False
407,MOV-000407,LOT-2026-00407,PROD-003,La Paz,2026-06-01,2026-06-12,2026-06-19,419,406,12,11,27.19,,False
408,MOV-000408,LOT-2026-00408,PROD-043,Oruro,2026-06-24,2026-06-25,2026-07-12,510,490,13,1,71.11,,False
409,MOV-000409,LOT-2026-00409,PROD-021,Cochabamba,19/07/2026,2026-07-29,2027-07-19,605,597,5,10,84.36,fecha_ingreso,True
410,MOV-000410,LOT-2026-00410,PROD-047,Santa Cruz,2026-07-15,2026-08-16,2027-07-15,664,655,6,32,21.58,,False
411,MOV-000411,LOT-2026-00411,PROD-002,Oruro,2026-07-27,2026-08-17,2026-08-14,834,796,33,21,33.75,,False
412,MOV-000412,LOT-2026-00412,PROD-059,Oruro,2026-08-15,2026-09-03,2026-09-02,488,466,18,19,13.44,,False
413,MOV-000413,LOT-2026-00413,PROD-025,Oruro,2026-06-14,2026-07-06,2026-07-02,713,679,31,22,45.25,,False
414,MOV-000414,LOT-2026-00414,PROD-006,Cochabamba,2026-05-13,2026-05-24,2027-05-13,803,796,5,11,23.32,,False
415,MOV-000415,LOT-2026-00415,PROD-019,La Paz,2026-05-01,2026-05-16,2026-05-19,916,878,32,15,62.22,,False
416,MOV-000416,LOT-2026-00416,PROD-036,Cochabamba,2026-08-17,2026-08-26,2027-02-13,731,717,13,9,53.28,,False
417,MOV-000417,LOT-2026-00417,PROD-050,Cochabamba,2026-07-23,2026-07-31,2026-08-10,435,422,11,8,55.37,,False
418,MOV-000418,LOT-2026-00418,PROD-016,La Paz,2026-05-20,2026-06-06,2027-05-20,143,136,1,17,44.33,,False
419,MOV-000419,LOT-2026-00419,PROD-014,Cochabamba,2026-08-02,2026-08-21,2027-08-02,878,865,8,19,21.61,,False
420,MOV-000420,LOT-2026-00420,PROD-019,Santa Cruz,2026-05-14,2026-05-24,2026-06-01,612,590,17,10,62.22,,False
421,MOV-000421,LOT-2026-00421,PROD-036,Cochabamba,2026-05-26,2026-06-12,2026-11-22,663,649,10,17,53.28,,False
422,MOV-000422,LOT-2026-00422,PROD-059,Tarija,2026-08-13,2026-09-12,2026-08-31,573,539,30,30,13.44,,False
423,MOV-000423,LOT-2026-00423,PROD-023,Oruro,2026-05-31,2026-06-12,2026-11-27,522,514,8,12,64.4,,False
424,MOV-000424,LOT-2026-00424,PROD-024,Oruro,2026-07-26,2026-08-27,2027-07-26,508,499,3,32,23.48,,False
425,MOV-000425,LOT-2026-00425,PROD-044,Cochabamba,2026-06-09,2026-07-01,2027-06-09,471,468,3,22,65.12,,False
426,MOV-000426,LOT-2026-00426,PROD-048,Oruro,2026-07-25,2026-08-06,2027-07-25,860,853,5,12,24.01,,False
427,MOV-000427,LOT-2026-00427,PROD-014,Santa Cruz,2026-08-24,2026-09-05,2027-08-24,286,280,2,12,21.61,,False
428,MOV-000428,LOT-2026-00428,PROD-010,Santa Cruz,2026-06-11,2026-07-09,2027-06-11,992,979,6,28,47.91,,False
429,MOV-000429,LOT-2026-00429,PROD-021,La Paz,2026-07-19,2026-08-05,2027-07-19,342,333,2,17,84.36,,False
430,MOV-000430,LOT-2026-00430,PROD-059,Cochabamba,2026-06-13,2026-07-18,2026-07-01,66,62,4,35,13.44,,False
431,MOV-000431,LOT-2026-00431,PROD-015,Oruro,2026-07-03,2026-07-12,2026-12-30,148,141,2,9,54.56,,False
432,MOV-000432,LOT-2026-00432,PROD-057,Oruro,2026-06-15,2026-07-01,2027-06-15,310,304,2,16,39.61,,False
433,MOV-000433,LOT-2026-00433,PROD-052,Santa Cruz,2026-08-18,2026-08-28,2027-02-14,845,831,12,10,59.66,,False
434,MOV-000434,LOT-2026-00434,PROD-052,Oruro,2026-08-12,2026-08-22,2027-02-08,474,466,6,10,59.66,,False
435,MOV-000435,LOT-2026-00435,PROD-052,Tarija,2026-05-15,2026-06-02,2026-11-11,83,75,1,18,59.66,,False
436,MOV-000436,LOT-2026-00436,PROD-010,Cochabamba,2026-07-08,2026-08-13,2027-07-08,409,405,4,36,47.91,,False
437,MOV-000437,LOT-2026-00437,PROD-003,Cochabamba,2026-08-15,2026-09-08,2026-09-02,112,106,5,24,27.19,,False
438,MOV-000438,LOT-2026-00438,PROD-036,Oruro,2026-05-03,2026-05-19,2026-10-30,218,212,3,16,53.28,,False
439,MOV-000439,LOT-2026-00439,PROD-002,Tarija,2026-06-27,2026-07-02,2026-07-15,186,176,5,5,33.75,,False
440,MOV-000440,LOT-2026-00440,PROD-034,Oruro,2026-08-07,2026-09-17,2027-08-07,64,63,1,41,83.26,,False
441,MOV-000441,LOT-2026-00441,PROD-010,Oruro,2026-07-25,2026-08-06,2027-07-25,115,107,1,12,47.91,,False
442,MOV-000442,LOT-2026-00442,PROD-034,La Paz,2026-06-29,2026-07-15,2027-06-29,256,247,2,16,83.26,,False
443,MOV-000443,LOT-2026-00443,PROD-019,La Paz,2026-06-26,2026-07-04,2026-07-14,448,430,11,8,62.22,,False
444,MOV-000444,LOT-2026-00444,PROD-009,Santa Cruz,2026-08-18,2026-08-29,2027-08-18,581,573,4,11,16.29,,False
445,MOV-000445,LOT-2026-00445,PROD-049,La Paz,2026-05-07,2026-05-15,2026-05-25,963,934,25,8,25.49,,False
446,MOV-000446,LOT-2026-00446,PROD-060,Tarija,2026-07-27,2026-08-14,2026-08-14,426,407,15,18,37.99,,False
447,MOV-000447,LOT-2026-00447,PROD-002,La Paz,2026-08-10,2026-08-30,2026-08-28,205,194,9,20,33.75,,False
448,MOV-000448,LOT-2026-00448,PROD-037,Tarija,2026-08-19,2026-10-10,2027-08-19,340,324,11,52,64.93,,False
449,MOV-000449,LOT-2026-00449,PROD-056,Cochabamba,2026-05-21,2026-06-10,2026-06-08,162,149,6,20,36.51,,False
450,MOV-000450,LOT-2026-00450,PROD-051,Cochabamba,2026-06-18,2026-06-23,2026-12-15,66,60,1,5,21.14,,False
451,MOV-000451,LOT-2026-00451,PROD-011,Oruro,2026-08-10,2026-08-21,2026-08-28,868,837,24,11,14.4,,False
452,MOV-000452,LOT-2026-00452,PROD-029,Tarija,2026-08-07,2026-08-19,2027-08-07,610,605,3,12,60.18,,False
453,MOV-000453,LOT-2026-00453,PROD-051,Oruro,2026-07-05,2026-08-03,2027-01-01,692,684,8,29,21.14,,False
454,MOV-000454,LOT-2026-00454,PROD-036,Tarija,2026-06-18,2026-07-02,2026-12-15,658,645,9,14,53.28,,False
455,MOV-000455,LOT-2026-00455,PROD-055,La Paz,2026-07-15,2026-07-24,2027-07-15,687,678,4,9,60.11,,False
456,MOV-000456,LOT-2026-00456,PROD-020,Oruro,2026-06-14,2026-06-27,2026-07-02,843,813,27,13,26.82,,False
457,MOV-000457,LOT-2026-00457,PROD-036,Santa Cruz,2026-05-05,2026-05-18,2026-11-01,52,44,1,13,53.28,,False
458,MOV-000458,LOT-2026-00458,PROD-038,Cochabamba,2026-05-23,2026-06-20,2027-05-23,580,574,6,28,13.49,,False
459,MOV-000459,LOT-2026-00459,PROD-060,Santa Cruz,2026-06-06,2026-06-11,2026-06-24,345,329,9,5,37.99,,False
460,MOV-000460,LOT-2026-00460,PROD-020,Cochabamba,2026-06-13,2026-07-01,2026-07-01,268,255,11,18,26.82,,False
461,MOV-000461,LOT-2026-00461,PROD-008,Oruro,2026-07-30,2026-08-13,2026-08-17,345,330,10,14,31.75,,False
462,MOV-000462,LOT-2026-00462,PROD-004,Oruro,2026-06-12,2026-06-29,2027-06-12,533,522,5,17,27.26,,False
463,MOV-000463,LOT-2026-00463,PROD-041,Cochabamba,2026-05-12,2026-05-26,2027-05-12,268,263,2,14,14.19,,False
464,MOV-000464,LOT-2026-00464,PROD-048,Cochabamba,2026-07-24,2026-08-04,2027-07-24,923,915,6,11,24.01,,False
465,MOV-000465,LOT-2026-00465,PROD-054,Tarija,2026-07-13,2026-08-06,2027-07-13,369,363,2,24,81.98,,False
466,MOV-000466,LOT-2026-00466,PROD-048,La Paz,2026-05-21,2026-06-12,2027-05-21,733,719,7,22,24.01,,False
467,MOV-000467,LOT-2026-00467,PROD-019,La Paz,2026-06-28,2026-07-14,2026-07-16,346,334,11,16,62.22,,False
468,MOV-000468,LOT-2026-00468,PROD-044,Oruro,2026-06-29,2026-07-12,2027-06-29,974,960,7,13,65.12,,False
469,MOV-000469,LOT-2026-00469,PROD-058,Santa Cruz,2026-07-22,2026-08-10,2027-07-22,220,212,1,19,83.63,,False
470,MOV-000470,LOT-2026-00470,PROD-028,La Paz,2026-06-14,2026-07-07,2027-06-14,570,567,3,23,55.4,,False
471,MOV-000471,LOT-2026-00471,PROD-038,Cochabamba,2026-07-07,2026-07-24,2027-07-07,103,99,1,17,13.49,,False
472,MOV-000472,LOT-2026-00472,PROD-008,La Paz,2026-05-09,2026-05-21,2026-05-27,314,302,8,12,31.75,,False
473,MOV-000473,LOT-2026-00473,PROD-002,Santa Cruz,2026-07-10,2026-07-19,2026-07-28,862,838,23,9,33.75,,False
474,MOV-000474,LOT-2026-00474,PROD-035,Cochabamba,2026-08-22,2026-09-09,2026-09-09,972,936,35,18,23.85,,False
475,MOV-000475,LOT-2026-00475,PROD-004,Tarija,2026-08-27,2026-09-07,2027-08-27,160,154,1,11,27.26,,False
476,MOV-000476,LOT-2026-00476,PROD-056,Cochabamba,2026-07-13,2026-07-14,2026-07-31,253,246,7,1,36.51,,False
477,MOV-000477,LOT-2026-00477,PROD-055,Oruro,2026-05-31,2026-06-19,2027-05-31,706,701,4,19,60.11,,False
478,MOV-000478,LOT-2026-00478,PROD-016,Tarija,2026-06-14,2026-07-08,2027-06-14,762,751,4,24,44.33,,False
479,MOV-000479,LOT-2026-00479,PROD-020,Cochabamba,2026-08-17,2026-08-24,2026-09-04,175,165,5,7,26.82,,False
480,MOV-000480,LOT-2026-00480,PROD-009,Cochabamba,2026-08-18,2026-08-31,2027-08-18,980,970,7,13,16.29,,False
481,MOV-000481,LOT-2026-00481,PROD-006,Santa Cruz,2026-08-01,2026-08-19,2027-08-01,228,221,2,18,23.32,,False
482,MOV-000482,LOT-2026-00482,PROD-051,Oruro,2026-05-21,2026-05-27,2026-11-17,248,245,3,6,21.14,,False
483,MOV-000483,LOT-2026-00483,PROD-002,Oruro,2026-07-16,2026-07-29,2026-08-03,820,794,22,13,33.75,,False
484,MOV-000484,LOT-2026-00484,PROD-032,Santa Cruz,2026-07-10,2026-08-18,2027-07-10,359,355,4,39,63.21,,False
485,MOV-000485,LOT-2026-00485,PROD-025,Cochabamba,2026-07-19,2026-07-24,2026-08-06,574,556,15,5,45.25,,False
486,MOV-000486,LOT-2026-00486,PROD-048,La Paz,2026-08-23,2026-09-10,2027-08-23,988,978,8,18,24.01,,False
487,MOV-000487,LOT-2026-00487,PROD-014,Oruro,2026-07-12,2026-07-31,2027-07-12,686,680,4,19,21.61,,False
488,MOV-000488,LOT-2026-00488,PROD-055,Cochabamba,2026-06-25,2026-07-30,2027-06-25,184,183,1,35,60.11,,False
489,MOV-000489,LOT-2026-00489,PROD-053,La Paz,2026-07-23,2026-08-08,2027-07-23,169,162,1,16,73.12,,False
490,MOV-000490,LOT-2026-00490,PROD-053,Cochabamba,2026-05-19,2026-05-29,2027-05-19,54,51,0,10,73.12,,False
491,MOV-000491,LOT-2026-00491,PROD-033,Tarija,2026-05-22,2026-06-10,2027-05-22,452,448,3,19,77.59,,False
492,MOV-000492,LOT-2026-00492,PROD-034,La Paz,2026-08-11,2026-09-09,2027-08-11,345,338,2,29,83.26,,False
493,MOV-000493,LOT-2026-00493,PROD-026,Santa Cruz,2026-08-24,2026-09-21,2027-08-24,443,433,3,28,66.47,,False
494,MOV-000494,LOT-2026-00494, prod-045 ,Oruro,2026-05-24,2026-06-17,2027-05-24,375,368,2,24,61.85,,False
495,MOV-000495,LOT-2026-00495,PROD-024,Oruro,2026-07-07,2026-07-31,2027-07-07,105,100,1,24,23.48,,False
496,MOV-000496,LOT-2026-00496,PROD-042,Cochabamba,2026-07-01,2026-07-20,2027-07-01,593,584,4,19,73.69,,False
497,MOV-000497,LOT-2026-00497,PROD-040,Santa Cruz,2026-08-15,2026-08-29,2026-09-02,863,832,29,14,82.17,,False
498,MOV-000498,LOT-2026-00498,PROD-046,Cochabamba,2026-08-21,2026-09-02,2027-08-21,236,233,2,12,12.64,,False
499,MOV-000499,LOT-2026-00499,PROD-059,Cochabamba,2026-07-20,2026-08-21,2026-08-07,435,408,24,32,13.44,,False
500,MOV-000500,LOT-2026-00500,PROD-021,La Paz,2026-06-23,2026-07-09,2027-06-23,573,567,5,16,84.36,,False
501,MOV-000501,LOT-2026-00501,PROD-048,Cochabamba,2026-07-08,2026-08-05,2027-07-08,758,751,6,28,24.01,,False
502,MOV-000502,LOT-2026-00502,PROD-045,Cochabamba,2026-08-05,2026-08-21,2027-08-05,520,510,4,16,61.85,,False
503,MOV-000503,LOT-2026-00503,PROD-016,Oruro,2026-08-06,2026-09-16,2027-08-06,178,175,3,41,44.33,,False
504,MOV-000504,LOT-2026-00504,PROD-052,Tarija,2026-07-18,2026-07-26,2027-01-14,145,143,2,8,59.66,,False
505,MOV-000505,LOT-2026-00505,PROD-045,La Paz,2026-07-30,2026-08-19,2027-07-30,351,348,2,20,61.85,,False
506,MOV-000506,LOT-2026-00506,PROD-047,Oruro,2026-06-07,2026-07-20,2027-06-07,893,877,16,43,21.58,,False
507,MOV-000507,LOT-2026-00507,PROD-015,Santa Cruz,2026-08-27,2026-09-09,2027-02-23,91,86,1,13,54.56,,False
508,MOV-000508,LOT-2026-00508,PROD-026,La Paz,2026-07-13,2026-07-27,2027-07-13,231,228,2,14,66.47,,False
509,MOV-000509,LOT-2026-00509,PROD-002,Cochabamba,2026-07-22,2026-07-28,2026-08-09,56,52,2,6,33.75,,False
510,MOV-000510,LOT-2026-00510,PROD-047,Oruro,2026-05-03,2026-05-22,2027-05-03,203,195,2,19,21.58,,False
511,MOV-000511,LOT-2026-00511,PROD-056,La Paz,2026-08-02,2026-08-26,2026-08-20,226,210,10,24,36.51,,False
512,MOV-000512,LOT-2026-00512,PROD-010,Santa Cruz,2026-05-26,2026-06-10,2027-05-26,186,181,1,15,47.91,,False
513,MOV-000513,LOT-2026-00513,PROD-044,Santa Cruz,2026-05-02,2026-06-02,2027-05-02,905,898,5,31,65.12,,False
514,MOV-000514,LOT-2026-00514,PROD-013,La Paz,2026-08-27,2026-09-09,2027-02-23,57,55,1,13,33.05,,False
515,MOV-000515,LOT-2026-00515,PROD-057,Tarija,2026-07-21,2026-08-08,2027-07-21,161,153,1,18,39.61,,False
516,MOV-000516,LOT-2026-00516,PROD-040,Tarija,2026-05-22,2026-06-04,2026-06-09,782,754,21,13,82.17,,False
517,MOV-000517,LOT-2026-00517,PROD-026,Tarija,2026-05-10,2026-05-23,2027-05-10,187,185,1,13,66.47,,False
518,MOV-000518,LOT-2026-00518,PROD-051,Santa Cruz,2026-05-02,2026-05-09,2026-10-29,940,927,12,7,21.14,,False
519,MOV-000519,LOT-2026-00519,PROD-052,Cochabamba,2026-05-19,2026-05-26,2026-11-15,780,766,10,7,59.66,,False
520,MOV-000520,LOT-2026-00520,PROD-060,Oruro,2026-07-09,2026-07-19,2026-07-27,596,576,15,10,37.99,,False
521,MOV-000521,LOT-2026-00521,PROD-007,Cochabamba,2026-05-14,2026-06-17,2027-05-14,920,906,8,34,23.87,,False
522,MOV-000522,LOT-2026-00522,PROD-059,Cochabamba,2026-07-06,2026-08-05,2026-07-24,955,902,53,30,13.44,,False
523,MOV-000523,LOT-2026-00523,PROD-051,La Paz,2026-08-24,2026-09-07,2027-02-20,516,507,8,14,21.14,,False
524,MOV-000524,LOT-2026-00524,PROD-012,Oruro,2026-08-25,2026-09-13,2027-02-21,136,129,2,19,80.8,,False
525,MOV-000525,LOT-2026-00525,PROD-006,Santa Cruz,2026-05-18,2026-06-09,2027-05-18,309,301,2,22,23.32,,False
526,MOV-000526,LOT-2026-00526,PROD-017,La Paz,2026-07-06,2026-07-14,2026-07-24,168,160,4,8,19.81,,False
527,MOV-000527,LOT-2026-00527,PROD-029,Tarija,2026-08-25,2026-09-17,2027-08-25,704,697,6,23,60.18,,False
528,MOV-000528,LOT-2026-00528,PROD-059,Cochabamba,2026-08-27,2026-08-29,2026-09-14,501,482,13,2,13.44,,False
529,MOV-000529,LOT-2026-00529,PROD-036,Cochabamba,2026-06-18,2026-06-24,2026-12-15,457,450,6,6,53.28,,False
530,MOV-000530,LOT-2026-00530,PROD-047,Tarija,2026-06-21,2026-07-16,2027-06-21,466,459,5,25,21.58,,False
531,MOV-000531,LOT-2026-00531,PROD-015,Tarija,2026-05-14,2026-05-19,2026-11-10,498,487,6,5,54.56,,False
532,MOV-000532,LOT-2026-00532,PROD-025,Tarija,2026-08-11,2026-08-14,2026-08-29,856,830,23,3,45.25,,False
533,MOV-000533,LOT-2026-00533,PROD-036,Tarija,2026-07-26,2026-08-04,2027-01-22,171,168,2,9,53.28,,False
534,MOV-000534,LOT-2026-00534,PROD-004,La Paz,2026-07-22,2026-08-18,2027-07-22,950,939,6,27,27.26,,False
535,MOV-000535,LOT-2026-00535,PROD-049,Oruro,2026-07-06,2026-07-19,2026-07-24,448,430,12,13,25.49,,False
536,MOV-000536,LOT-2026-00536,PROD-045,Cochabamba,2026-05-31,2026-06-16,2027-05-31,612,604,5,16,61.85,,False
537,MOV-000537,LOT-2026-00537,PROD-031,La Paz,2026-07-03,2026-08-06,2026-12-30,127,125,2,34,14.93,,False
538,MOV-000538,LOT-2026-00538,PROD-012,Santa Cruz,2026-06-23,2026-06-25,2026-12-20,500,494,6,2,80.8,,False
539,MOV-000539,LOT-2026-00539,PROD-060,Cochabamba,2026-06-16,2026-07-03,2026-07-04,585,564,20,17,37.99,,False
540,MOV-000540,LOT-2026-00540,PROD-033,Oruro,2026-06-02,2026-07-03,2027-06-02,431,426,3,31,77.59,,False
541,MOV-000541,LOT-2026-00541,PROD-013,Cochabamba,2026-07-22,2026-07-26,2027-01-18,684,674,10,4,33.05,,False
542,MOV-000542,LOT-2026-00542,PROD-040,Tarija,2026-07-28,2026-08-02,2026-08-15,308,295,8,5,82.17,,False
543,MOV-000543,LOT-2026-00543,PROD-013,Oruro,2026-05-09,2026-05-25,2026-11-05,298,289,4,16,33.05,,False
544,MOV-000544,LOT-2026-00544,PROD-015,La Paz,2026-05-29,2026-06-01,2026-11-25,667,651,10,3,54.56,,False
545,MOV-000545,LOT-2026-00545,PROD-020,Tarija,2026-06-21,2026-06-25,2026-07-09,756,735,20,4,26.82,,False
546,MOV-000546,LOT-2026-00546,PROD-007,La Paz,2026-05-03,2026-05-16,2027-05-03,138,133,1,13,23.87,,False
547,MOV-000547,LOT-2026-00547,PROD-042,Tarija,2026-05-29,2026-06-21,2027-05-29,832,822,4,23,73.69,,False
548,MOV-000548,LOT-2026-00548,PROD-010,Santa Cruz,2026-06-09,2026-06-20,2027-06-09,576,569,4,11,47.91,,False
549,MOV-000549,LOT-2026-00549,PROD-060,Tarija,2026-05-18,2026-05-27,2026-06-05,56,53,1,9,37.99,,False
550,MOV-000550,LOT-2026-00550,PROD-026,Cochabamba,2026-06-21,2026-07-14,2027-06-21,999,986,9,23,66.47,,False
551,MOV-000551,LOT-2026-00551,PROD-014,Oruro,2026-07-20,2026-08-06,2027-07-20,459,453,2,17,21.61,,False
552,MOV-000552,LOT-2026-00552,PROD-023,Santa Cruz,2026-08-16,2026-08-25,2027-02-12,571,563,7,9,64.4,,False
553,MOV-000553,LOT-2026-00553,PROD-050,Tarija,2026-07-21,2026-07-31,2026-08-08,813,785,26,10,55.37,,False
554,MOV-000554,LOT-2026-00554,PROD-025,Santa Cruz,2026-05-05,2026-05-17,2026-05-23,568,551,17,12,45.25,,False
555,MOV-000555,LOT-2026-00555,PROD-012,Cochabamba,2026-06-14,2026-06-26,2026-12-11,237,229,4,12,80.8,,False
556,MOV-000556,LOT-2026-00556,PROD-040,Oruro,2026-05-18,2026-05-25,2026-06-05,187,180,6,7,82.17,,False
557,MOV-000557,LOT-2026-00557,PROD-054,Oruro,2026-08-19,2026-09-09,2027-08-19,286,278,1,21,81.98,,False
558,MOV-000558,LOT-2026-00558,PROD-039,La Paz,2026-08-26,2026-09-10,2027-08-26,98,91,1,15,56.75,,False
559,MOV-000559,LOT-2026-00559,PROD-039,Cochabamba,2026-08-06,2026-08-15,2027-08-06,534,524,3,9,56.75,,False
560,MOV-000560,LOT-2026-00560,PROD-021,Cochabamba,2026-06-21,2026-08-07,2027-06-21,910,883,21,47,84.36,,False
561,MOV-000561,LOT-2026-00561,PROD-004,Tarija,2026-08-02,2026-08-31,2027-08-02,830,822,7,29,27.26,,False
562,MOV-000562,LOT-2026-00562,PROD-010,Tarija,2026-08-12,2026-09-15,2027-08-12,505,496,4,34,47.91,,False
563,MOV-000563,LOT-2026-00563,PROD-043,Oruro,2026-05-23,2026-06-02,2026-06-10,967,938,26,10,71.11,,False
564,MOV-000564,LOT-2026-00564,PROD-014,Tarija,2026-06-10,2026-07-06,2027-06-10,622,614,3,26,21.61,,False
565,MOV-000565,LOT-2026-00565,PROD-049,Cochabamba,2026-08-10,2026-08-15,2026-08-28,813,790,21,5,25.49,,False
566,MOV-000566,LOT-2026-00566,PROD-040,La Paz,2026-08-22,2026-08-30,2026-09-09,124,117,3,8,82.17,,False
567,MOV-000567,LOT-2026-00567,PROD-014,Santa Cruz,2026-07-30,2026-08-16,2027-07-30,387,383,2,17,21.61,,False
568,MOV-000568,LOT-2026-00568,PROD-045,Oruro,2026-07-15,2026-07-25,2027-07-15,492,485,5,10,61.85,,False
569,MOV-000569,LOT-2026-00569,PROD-044,Tarija,2026-05-10,2026-06-08,2027-05-10,644,639,4,29,65.12,,False
570,MOV-000570,LOT-2026-00570,PROD-058,Santa Cruz,2026-07-21,2026-08-14,2027-07-21,910,898,10,24,83.63,,False
571,MOV-000571,LOT-2026-00571,PROD-029,Tarija,2026-05-01,2026-05-21,2027-05-01,501,495,4,20,60.18,,False
572,MOV-000572,LOT-2026-00572,PROD-049,Santa Cruz,2026-06-18,2026-06-26,2026-07-06,993,960,27,8,25.49,,False
573,MOV-000573,LOT-2026-00573,PROD-032,Santa Cruz,2026-05-22,2026-07-01,2027-05-22,974,955,13,40,63.21,,False
574,MOV-000574,LOT-2026-00574,PROD-059,Tarija,2026-08-16,2026-09-02,2026-09-03,207,197,7,17,13.44,,False
575,MOV-000575,LOT-2026-00575,PROD-043,La Paz,2026-08-21,2026-09-15,2026-09-08,260,241,12,25,71.11,,False
576,MOV-000576,LOT-2026-00576,PROD-013,La Paz,2026-08-02,2026-08-19,2027-01-29,384,372,5,17,33.05,,False
577,MOV-000577,LOT-2026-00577,PROD-018,Tarija,2026-07-01,2026-08-08,2027-07-01,874,859,10,38,20.82,,False
578,MOV-000578,LOT-2026-00578,PROD-017,Oruro,2026-05-03,2026-05-15,2026-05-21,687,663,20,12,19.81,,False
579,MOV-000579,LOT-2026-00579,PROD-013,Oruro,2026-08-19,2026-09-11,2027-02-15,723,710,11,23,33.05,,False
580,MOV-000580,LOT-2026-00580,PROD-034,La Paz,2026-07-26,2026-08-10,2027-07-26,195,191,2,15,83.26,,False
581,MOV-000581,LOT-2026-00581,PROD-048,Santa Cruz,2026-05-18,2026-05-30,2027-05-18,765,756,4,12,24.01,,False
582,MOV-000582,LOT-2026-00582,PROD-009,Tarija,2026-08-28,2026-10-05,2027-08-28,585,575,6,38,16.29,,False
583,MOV-000583,LOT-2026-00583,PROD-031,Oruro,2026-08-11,2026-08-24,2027-02-07,386,377,6,13,14.93,,False
584,MOV-000584,LOT-2026-00584,PROD-056,La Paz,2026-08-23,2026-08-29,2026-09-10,356,346,9,6,36.51,,False
585,MOV-000585,LOT-2026-00585,PROD-039,Santa Cruz,2026-05-21,2026-06-06,2027-05-21,768,764,4,16,56.75,,False
586,MOV-000586,LOT-2026-00586,PROD-011,Oruro,2026-06-17,2026-07-10,2026-07-05,965,918,41,23,14.4,,False
587,MOV-000587,LOT-2026-00587,PROD-018,Oruro,2026-06-23,2026-07-06,2027-06-23,395,389,3,13,20.82,,False
588,MOV-000588,LOT-2026-00588,PROD-036,Oruro,2026-07-13,2026-07-21,2027-01-09,679,666,8,8,53.28,,False
589,MOV-000589,LOT-2026-00589,PROD-011,La Paz,2026-08-23,2026-08-29,2026-09-10,278,270,8,6,14.4,,False
590,MOV-000590,LOT-2026-00590,PROD-007,La Paz,2026-08-16,2026-09-16,2027-08-16,475,467,2,31,23.87,,False
591,MOV-000591,LOT-2026-00591,PROD-046,Tarija,2026-08-17,2026-09-04,2027-08-17,828,817,7,18,12.64,,False
592,MOV-000592,LOT-2026-00592,PROD-030,La Paz,2026-05-12,2026-06-02,2027-05-12,984,971,6,21,24.51,,False
593,MOV-000593,LOT-2026-00593,PROD-052,Tarija,2026-06-21,2026-07-02,2026-12-18,847,828,12,11,59.66,,False
594,MOV-000594,LOT-2026-00594,PROD-049,Santa Cruz,2026-07-12,2026-07-21,2026-07-30,601,580,16,9,25.49,,False
595,MOV-000595,LOT-2026-00595,PROD-005,Oruro,2026-06-10,2026-07-07,2027-06-10,956,945,5,27,76.84,,False
596,MOV-000596,LOT-2026-00596,PROD-035,Tarija,2026-07-08,2026-07-11,2026-07-26,855,832,23,3,23.85,,False
597,MOV-000597,LOT-2026-00597,PROD-019,Oruro,2026-06-26,2026-07-10,2026-07-14,416,397,13,14,62.22,,False
598,MOV-000598,LOT-2026-00598,PROD-010,Oruro,2026-08-09,2026-08-26,2027-08-09,288,280,2,17,47.91,,False
599,MOV-000599,LOT-2026-00599,PROD-017,Oruro,2026-07-27,2026-08-21,2026-08-14,640,611,29,25,19.81,,False
600,MOV-000600,LOT-2026-00600,PROD-050,Oruro,2026-07-25,2026-08-11,2026-08-12,655,631,21,17,55.37,,False
601,MOV-000601,LOT-2026-00601,PROD-003,La Paz,2026-05-23,2026-06-03,2026-06-10,640,621,18,11,27.19,,False
602,MOV-000602,LOT-2026-00602,PROD-004,La Paz,2026-07-08,2026-07-30,2027-07-08,988,982,6,22,27.26,,False
603,MOV-000603,LOT-2026-00603,PROD-002,La Paz,2026-06-09,2026-06-12,2026-06-27,304,293,9,3,33.75,,False
604,MOV-000604,LOT-2026-00604,PROD-016,La Paz,2026-05-17,2026-06-09,2027-05-17,493,489,3,23,44.33,,False
605,MOV-000605,LOT-2026-00605,PROD-001,Santa Cruz,2026-05-19,2026-05-31,2026-11-15,273,263,4,12,42.39,,False
606,MOV-000606,LOT-2026-00606,PROD-009,Tarija,2026-05-12,2026-05-27,2027-05-12,959,953,6,15,16.29,,False
607,MOV-000607,LOT-2026-00607,PROD-014,Cochabamba,2026-06-27,2026-08-01,2027-06-27,826,812,9,35,21.61,,False
608,MOV-000608,LOT-2026-00608,PROD-049,Santa Cruz,2026-05-04,2026-05-07,2026-05-22,193,186,5,3,25.49,,False
609,MOV-000609,LOT-2026-00609,PROD-054,Oruro,2026-07-24,2026-08-21,2027-07-24,416,412,3,28,81.98,,False
610,MOV-000610,LOT-2026-00610,PROD-038,Tarija,2026-08-25,2026-09-11,2027-08-25,212,205,2,17,13.49,,False
611,MOV-000611,LOT-2026-00611,PROD-005,Tarija,2026-06-11,2026-07-03,2027-06-11,834,821,7,22,76.84,,False
612,MOV-000612,LOT-2026-00612,PROD-031,Cochabamba,2026-06-11,2026-06-24,2026-12-08,297,288,4,13,14.93,,False
613,MOV-000613,LOT-2026-00613,PROD-022,Oruro,2026-05-29,2026-06-08,2026-11-25,300,291,4,10,67.52,,False
614,MOV-000614,LOT-2026-00614,PROD-024,La Paz,2026-05-01,2026-05-15,2027-05-01,527,518,4,14,23.48,,False
615,MOV-000615,LOT-2026-00615,PROD-049,La Paz,2026-06-13,2026-06-24,2026-07-01,874,844,25,11,25.49,,False
616,MOV-000616,LOT-2026-00616,PROD-053,La Paz,2026-05-17,2026-05-29,2027-05-17,224,218,2,12,73.12,,False
617,MOV-000617,LOT-2026-00617,PROD-031,Santa Cruz,2026-08-26,2026-09-07,2027-02-22,321,313,4,12,14.93,,False
618,MOV-000618,LOT-2026-00618,PROD-050,Cochabamba,2026-08-12,2026-09-22,2026-08-30,292,263,22,41,55.37,,False
619,MOV-000619,LOT-2026-00619,PROD-057,Oruro,2026-06-16,2026-07-01,2027-06-16,842,836,5,15,39.61,,False
620,MOV-000620,LOT-2026-00620,PROD-016,Tarija,2026-05-17,2026-06-22,2027-05-17,444,435,3,36,44.33,,False
621,MOV-000621,LOT-2026-00621,PROD-055,Tarija,2026-08-16,2026-08-31,2027-08-16,119,118,1,15,60.11,,False
622,MOV-000622,LOT-2026-00622,PROD-038,La Paz,2026-06-14,2026-07-12,2027-06-14,347,340,2,28,13.49,,False
623,MOV-000623,LOT-2026-00623,PROD-018,Tarija,2026-07-29,2026-08-13,2027-07-29,127,119,1,15,20.82,,False
624,MOV-000624,LOT-2026-00624,PROD-005,Santa Cruz,2026-05-03,2026-05-18,2027-05-03,343,341,2,15,76.84,,False
625,MOV-000625,LOT-2026-00625,PROD-021,La Paz,2026-06-27,2026-07-10,2027-06-27,468,464,3,13,84.36,,False
626,MOV-000626,LOT-2026-00626,PROD-014,Santa Cruz,2026-08-24,2026-09-16,2027-08-24,906,897,5,23,21.61,,False
627,MOV-000627,LOT-2026-00627,PROD-036,Tarija,2026-07-13,2026-08-05,2027-01-09,208,200,3,23,53.28,,False
628,MOV-000628,LOT-2026-00628,PROD-018,Oruro,2026-05-20,2026-06-01,2027-05-20,142,136,1,12,20.82,,False
629,MOV-000629,LOT-2026-00629,PROD-049,Tarija,2026-05-01,2026-05-10,2026-05-19,381,367,10,9,25.49,,False
630,MOV-000630,LOT-2026-00630,PROD-058,Cochabamba,2026-05-04,2026-05-16,2027-05-04,833,823,4,12,83.63,,False
631,MOV-000631,LOT-2026-00631,PROD-013,Oruro,2026-05-20,2026-06-10,2026-11-16,245,240,3,21,33.05,,False
632,MOV-000632,LOT-2026-00632,PROD-013,La Paz,2026-05-10,2026-05-20,2026-11-06,158,149,2,10,33.05,,False
633,MOV-000633,LOT-2026-00633,PROD-013,Tarija,2026-07-12,2026-07-21,2027-01-08,471,461,6,9,33.05,,False
634,MOV-000634,LOT-2026-00634,PROD-025,La Paz,2026-06-06,2026-06-14,2026-06-24,981,954,25,8,45.25,,False
635,MOV-000635,LOT-2026-00635,PROD-042,La Paz,2026-06-12,2026-07-01,2027-06-12,490,485,4,19,73.69,,False
636,MOV-000636,LOT-2026-00636,PROD-037,Oruro,2026-07-06,2026-07-31,2027-07-06,144,139,1,25,64.93,,False
637,MOV-000637,LOT-2026-00637,PROD-035,Cochabamba,2026-05-13,2026-05-19,2026-05-31,427,408,12,6,23.85,,False
638,MOV-000638,LOT-2026-00638,PROD-018,Tarija,2026-06-27,2026-07-13,2027-06-27,798,787,6,16,20.82,,False
639,MOV-000639,LOT-2026-00639,PROD-007,Oruro,2026-06-10,2026-06-29,2027-06-10,765,753,5,19,23.87,,False
640,MOV-000640,LOT-2026-00640,PROD-018,Tarija,2026-07-31,2026-08-11,2027-07-31,62,59,0,11,20.82,,False
641,MOV-000641,LOT-2026-00641,PROD-049,Santa Cruz,2026-05-06,2026-05-09,2026-05-24,722,698,19,3,25.49,,False
642,MOV-000642,LOT-2026-00642,PROD-058,Santa Cruz,2026-08-28,2026-09-10,2027-08-28,188,184,2,13,83.63,,False
643,MOV-000643,LOT-2026-00643,PROD-018,Oruro,2026-05-02,2026-05-21,2027-05-02,856,846,5,19,20.82,,False
644,MOV-000644,LOT-2026-00644,PROD-027,Santa Cruz,2026-07-04,2026-07-22,2027-07-04,647,641,4,18,44.86,,False
645,MOV-000645,LOT-2026-00645,PROD-007,Oruro,2026-05-14,2026-05-26,2027-05-14,851,843,5,12,23.87,,False
646,MOV-000646,LOT-2026-00646,PROD-033,Tarija,2026-06-25,2026-07-17,2027-06-25,781,773,6,22,77.59,,False
647,MOV-000647,LOT-2026-00647,PROD-023,Cochabamba,2026-06-08,2026-06-14,2026-12-05,881,864,11,6,64.4,,False
648,MOV-000648,LOT-2026-00648,PROD-020,Oruro,2026-08-26,2026-09-15,2026-09-13,986,944,39,20,26.82,,False
649,MOV-000649,LOT-2026-00649,PROD-044,Cochabamba,2026-06-27,2026-07-10,2027-06-27,411,405,2,13,65.12,,False
650,MOV-000650,LOT-2026-00650,PROD-026,Santa Cruz,2026-05-08,2026-06-06,2027-05-08,795,788,5,29,66.47,,False
651,MOV-000651,LOT-2026-00651,PROD-012,Oruro,2026-05-05,2026-05-10,2026-11-01,62,60,1,5,80.8,,False
652,MOV-000652,LOT-2026-00652,PROD-015,Oruro,2026-06-13,2026-06-26,2026-12-10,524,513,7,13,54.56,,False
653,MOV-000653,LOT-2026-00653,PROD-001,Tarija,2026-07-21,2026-07-30,2027-01-17,643,634,9,9,42.39,,False
654,MOV-000654,LOT-2026-00654,PROD-044,Santa Cruz,2026-06-18,2026-07-11,2027-06-18,979,970,7,23,65.12,,False
655,MOV-000655,LOT-2026-00655,PROD-027,Cochabamba,2026-06-27,2026-07-11,2027-06-27,270,261,2,14,44.86,,False
656,MOV-000656,LOT-2026-00656,PROD-048,Santa Cruz,2026-06-28,2026-07-16,2027-06-28,108,103,1,18,24.01,,False
657,MOV-000657,LOT-2026-00657,PROD-023,Cochabamba,2026-06-10,2026-06-17,2026-12-07,310,300,4,7,64.4,,False
658,MOV-000658,LOT-2026-00658,PROD-059,Oruro,2026-07-21,2026-07-27,2026-08-08,434,417,12,6,13.44,,False
659,MOV-000659,LOT-2026-00659,PROD-059,Tarija,2026-05-11,2026-05-29,2026-05-29,731,705,26,18,13.44,,False
660,MOV-000660,LOT-2026-00660,PROD-049,Santa Cruz,2026-07-09,2026-07-17,2026-07-27,96,90,2,8,25.49,,False
661,MOV-000661,LOT-2026-00661,PROD-056,Santa Cruz,2026-05-27,2026-05-31,2026-06-14,64,58,2,4,36.51,,False
662,MOV-000662,LOT-2026-00662,PROD-038,Tarija,2026-06-28,2026-07-16,2027-06-28,221,215,1,18,13.49,,False
663,MOV-000663,LOT-2026-00663,PROD-006,Oruro,2026-06-25,2026-07-14,2027-06-25,789,781,4,19,23.32,,False
664,MOV-000664,LOT-2026-00664,PROD-026,Santa Cruz,2026-05-08,2026-05-23,2027-05-08,221,214,1,15,66.47,,False
665,MOV-000665,LOT-2026-00665,PROD-038,Cochabamba,2026-05-17,2026-06-04,2027-05-17,296,291,2,18,13.49,,False
666,MOV-000666,LOT-2026-00666,PROD-017,Tarija,2026-07-05,2026-08-02,2026-07-23,156,144,8,28,19.81,,False
667,MOV-000667,LOT-2026-00667,PROD-014,Oruro,2026-06-26,2026-07-19,2027-06-26,731,725,4,23,21.61,,False
668,MOV-000668,LOT-2026-00668,PROD-032,La Paz,2026-06-10,2026-07-10,2027-06-10,190,182,1,30,63.21,,False
669,MOV-000669,LOT-2026-00669,PROD-044,Tarija,2026-07-15,2026-07-26,2027-07-15,478,466,5,11,65.12,,False
670,MOV-000670,LOT-2026-00670,PROD-020,Oruro,2026-06-15,2026-06-27,2026-07-03,219,212,6,12,26.82,,False
671,MOV-000671,LOT-2026-00671,PROD-005,Cochabamba,2026-06-06,2026-06-29,2027-06-06,213,206,1,23,76.84,,False
672,MOV-000672,LOT-2026-00672,PROD-030,Santa Cruz,2026-05-26,2026-06-17,2027-05-26,884,870,7,22,24.51,,False
673,MOV-000673,LOT-2026-00673,PROD-016,La Paz,2026-07-19,2026-08-08,2027-07-19,345,337,2,20,44.33,,False
674,MOV-000674,LOT-2026-00674,PROD-003,Santa Cruz,2026-05-22,2026-06-08,2026-06-09,962,924,32,17,27.19,,False
675,MOV-000675,LOT-2026-00675,PROD-038,Santa Cruz,2026-07-23,2026-08-05,2027-07-23,500,492,3,13,13.49,,False
676,MOV-000676,LOT-2026-00676,PROD-040,La Paz,2026-07-01,2026-07-16,2026-07-19,713,685,22,15,82.17,,False
677,MOV-000677,LOT-2026-00677,PROD-057,Oruro,2026-08-08,2026-08-19,2027-08-08,264,258,2,11,39.61,,False
678,MOV-000678,LOT-2026-00678,PROD-044,Cochabamba,2026-06-13,2026-07-17,2027-06-13,582,576,4,34,65.12,,False
679,MOV-000679,LOT-2026-00679,PROD-047,Tarija,2026-08-09,2026-09-05,2027-08-09,305,301,2,27,21.58,,False
680,MOV-000680,LOT-2026-00680,PROD-056,Santa Cruz,2026-05-01,2026-05-18,2026-05-19,83,77,3,17,36.51,,False
681,MOV-000681,LOT-2026-00681,PROD-045,Oruro,2026-05-21,2026-06-19,2027-05-21,885,878,6,29,61.85,,False
682,MOV-000682,LOT-2026-00682,PROD-002,Tarija,2026-06-03,2026-06-14,2026-06-21,497,479,14,11,33.75,,False
683,MOV-000683,LOT-2026-00683,PROD-002,La Paz,2026-07-28,2026-08-03,2026-08-15,240,233,7,6,33.75,,False
684,MOV-000684,LOT-2026-00684,PROD-042,La Paz,2026-06-06,2026-07-04,2027-06-06,897,890,5,28,73.69,,False
685,MOV-000685,LOT-2026-00685,PROD-060,Tarija,2026-06-28,2026-07-15,2026-07-16,781,749,27,17,37.99,,False
686,MOV-000686,LOT-2026-00686,PROD-044,Cochabamba,2026-07-02,2026-07-17,2027-07-02,429,421,2,15,65.12,,False
687,MOV-000687,LOT-2026-00687,PROD-051,Oruro,2026-05-15,2026-05-16,2026-11-11,504,495,6,1,21.14,,False
688,MOV-000688,LOT-2026-00688,PROD-001,Oruro,2026-07-22,2026-07-25,2027-01-18,669,656,9,3,42.39,,False
689,MOV-000689,LOT-2026-00689,PROD-057,Santa Cruz,2026-08-05,2026-08-16,2027-08-05,262,254,2,11,39.61,,False
690,MOV-000690,LOT-2026-00690,PROD-011,Cochabamba,2026-07-13,2026-08-11,2026-07-31,578,543,32,29,14.4,,False
691,MOV-000691,LOT-2026-00691,PROD-001,Santa Cruz,2026-07-24,2026-07-26,2027-01-20,330,322,5,2,42.39,,False
692,MOV-000692,LOT-2026-00692,PROD-013,Tarija,2026-05-22,2026-06-10,2026-11-18,207,199,3,19,33.05,,False
693,MOV-000693,LOT-2026-00693,PROD-001,Santa Cruz,2026-06-04,2026-07-11,2026-12-01,228,218,3,37,42.39,,False
694,MOV-000694,LOT-2026-00694,PROD-039,Oruro,2026-07-06,2026-07-15,2027-07-06,269,262,2,9,56.75,,False
695,MOV-000695,LOT-2026-00695,PROD-056,La Paz,2026-05-14,2026-05-17,2026-06-01,731,707,20,3,36.51,,False
696,MOV-000696,LOT-2026-00696,PROD-032,Cochabamba,2026-05-06,2026-05-31,2027-05-06,238,236,1,25,63.21,,False
697,MOV-000697,LOT-2026-00697,PROD-035,La Paz,2026-05-10,2026-05-23,2026-05-28,280,272,8,13,23.85,,False
698,MOV-000698,LOT-2026-00698,PROD-045,Oruro,2026-05-06,2026-05-22,2027-05-06,832,822,5,16,61.85,,False
699,MOV-000699,LOT-2026-00699,PROD-053,La Paz,2026-08-27,2026-09-18,2027-08-27,240,233,1,22,73.12,,False
700,MOV-000700,LOT-2026-00700,PROD-009,Tarija,2026-08-16,2026-09-21,2027-08-16,450,443,4,36,16.29,,False
701,MOV-000701,LOT-2026-00701,PROD-036,Tarija,2026-06-06,2026-06-22,2026-12-03,741,727,12,16,53.28,,False
702,MOV-000702,LOT-2026-00702,PROD-007,Oruro,2026-06-25,2026-07-11,2027-06-25,597,590,3,16,23.87,,False
703,MOV-000703,LOT-2026-00703,PROD-044,Tarija,2026-05-11,2026-06-05,2027-05-11,813,804,5,25,65.12,,False
704,MOV-000704,LOT-2026-00704,PROD-023,Cochabamba,2026-07-29,2026-08-15,2027-01-25,597,584,7,17,64.4,,False
705,MOV-000705,LOT-2026-00705,PROD-031,Cochabamba,2026-07-28,2026-08-17,2027-01-24,494,486,8,20,14.93,,False
706,MOV-000706,LOT-2026-00706,PROD-027,La Paz,2026-07-18,2026-08-11,2027-07-18,62,57,1,24,44.86,,False
707,MOV-000707,LOT-2026-00707,PROD-009,Santa Cruz,2026-07-13,2026-08-03,2027-07-13,719,714,4,21,16.29,,False
708,MOV-000708,LOT-2026-00708,PROD-055,Cochabamba,2026-08-11,2026-10-01,2027-08-11,690,668,21,51,60.11,,False
709,MOV-000709,LOT-2026-00709,PROD-007,La Paz,2026-05-01,2026-06-09,2027-05-01,816,804,10,39,23.87,,False
710,MOV-000710,LOT-2026-00710,PROD-005,Oruro,2026-06-03,2026-06-17,2027-06-03,187,181,1,14,76.84,,False
711,MOV-000711,LOT-2026-00711,PROD-033,Oruro,2026-05-03,2026-06-07,2027-05-03,713,701,5,35,77.59,,False
712,MOV-000712,LOT-2026-00712,PROD-054,Santa Cruz,2026-07-30,2026-08-14,2027-07-30,624,617,3,15,81.98,,False
713,MOV-000713,LOT-2026-00713,PROD-049,Cochabamba,2026-08-17,2026-08-30,2026-09-04,969,937,27,13,25.49,,False
714,MOV-000714,LOT-2026-00714,PROD-013,Cochabamba,2026-07-29,2026-08-05,2027-01-25,900,887,12,7,33.05,,False
715,MOV-000715,LOT-2026-00715,PROD-048,Santa Cruz,2026-07-13,2026-07-29,2027-07-13,625,617,4,16,24.01,,False
716,MOV-000716,LOT-2026-00716,PROD-044,Oruro,2026-06-03,2026-07-06,2027-06-03,869,862,4,33,65.12,,False
717,MOV-000717,LOT-2026-00717,PROD-006,Oruro,2026-08-04,2026-08-22,2027-08-04,627,623,3,18,23.32,,False
718,MOV-000718,LOT-2026-00718,PROD-024,La Paz,2026-07-26,2026-08-12,2027-07-26,906,901,5,17,23.48,,False
719,MOV-000719,LOT-2026-00719,PROD-058,Tarija,2026-06-14,2026-06-26,2027-06-14,789,779,6,12,83.63,,False
720,MOV-000720,LOT-2026-00720,PROD-059,La Paz,2026-06-10,2026-06-21,2026-06-28,891,865,24,11,13.44,,False
721,MOV-000721,LOT-2026-00721,PROD-019,La Paz,2026-07-05,2026-07-21,2026-07-23,145,138,5,16,62.22,,False
722,MOV-000722,LOT-2026-00722,PROD-048,Santa Cruz,2026-08-27,2026-09-11,2027-08-27,339,335,2,15,24.01,,False
723,MOV-000723,LOT-2026-00723,PROD-014,Oruro,2026-05-27,2026-06-17,2027-05-27,740,733,5,21,21.61,,False
724,MOV-000724,LOT-2026-00724,PROD-055,Cochabamba,2026-06-23,2026-07-18,2027-06-23,672,660,5,25,60.11,,False
725,MOV-000725,LOT-2026-00725,PROD-022,Cochabamba,2026-08-05,2026-08-10,2027-02-01,183,175,2,5,67.52,,False
726,MOV-000726,LOT-2026-00726,PROD-014,Santa Cruz,2026-06-14,2026-07-07,2027-06-14,366,364,2,23,21.61,,False
727,MOV-000727,LOT-2026-00727,PROD-047,Santa Cruz,2026-08-19,2026-09-01,2027-08-19,556,544,6,13,21.58,,False
728,MOV-000728,LOT-2026-00728,PROD-028,La Paz,2026-08-19,2026-09-12,2027-08-19,382,379,2,24,55.4,,False
729,MOV-000729,LOT-2026-00729,PROD-042,Santa Cruz,2026-08-21,2026-09-09,2027-08-21,618,610,4,19,73.69,,False
730,MOV-000730,LOT-2026-00730,PROD-055,La Paz,2026-06-28,2026-07-15,2027-06-28,746,742,4,17,60.11,,False
731,MOV-000731,LOT-2026-00731,PROD-025,Oruro,2026-08-01,2026-08-16,2026-08-19,776,748,23,15,45.25,,False
732,MOV-000732,LOT-2026-00732,PROD-024,Cochabamba,2026-07-01,2026-07-18,2027-07-01,421,415,2,17,23.48,,False
733,MOV-000733,LOT-2026-00733,PROD-032,Santa Cruz,2026-08-25,2026-09-18,2027-08-25,322,312,3,24,63.21,,False
734,MOV-000734,LOT-2026-00734,PROD-042,Oruro,2026-05-24,2026-06-13,2027-05-24,566,558,4,20,73.69,,False
735,MOV-000735,LOT-2026-00735,PROD-017,Tarija,2026-08-14,2026-08-17,2026-09-01,698,680,18,3,19.81,,False
736,MOV-000736,LOT-2026-00736,PROD-005,La Paz,2026-05-29,2026-06-26,2027-05-29,683,679,4,28,76.84,,False
737,MOV-000737,LOT-2026-00737,PROD-058,Cochabamba,2026-08-20,2026-09-08,2027-08-20,271,269,2,19,83.63,,False
738,MOV-000738,LOT-2026-00738,PROD-021,Cochabamba,2026-06-28,2026-08-03,2027-06-28,451,441,4,36,84.36,,False
739,MOV-000739,LOT-2026-00739,PROD-012,Cochabamba,2026-07-26,2026-08-20,2027-01-22,873,862,11,25,80.8,,False
740,MOV-000740,LOT-2026-00740,PROD-036,Tarija,2026-08-01,2026-08-13,2027-01-28,330,322,5,12,53.28,,False
741,MOV-000741,LOT-2026-00741,PROD-019,Cochabamba,2026-08-26,2026-09-12,2026-09-13,290,275,10,17,62.22,,False
742,MOV-000742,LOT-2026-00742,PROD-044,Cochabamba,2026-07-01,2026-07-18,2027-07-01,684,677,4,17,65.12,,False
743,MOV-000743,LOT-2026-00743,PROD-060,Santa Cruz,2026-07-07,2026-07-10,2026-07-25,465,452,13,3,37.99,,False
744,MOV-000744,LOT-2026-00744,PROD-026,Tarija,2026-05-07,2026-05-20,2027-05-07,926,918,5,13,66.47,,False
745,MOV-000745,LOT-2026-00745,PROD-046,Santa Cruz,2026-07-14,2026-08-16,2027-07-14,345,341,2,33,12.64,,False
746,MOV-000746,LOT-2026-00746,PROD-060,Cochabamba,2026-07-20,2026-08-09,2026-08-07,263,252,10,20,37.99,,False
747,MOV-000747,LOT-2026-00747,PROD-019,Tarija,2026-06-24,2026-06-27,2026-07-12,272,259,7,3,62.22,,False
748,MOV-000748,LOT-2026-00748,PROD-039,Tarija,2026-05-01,2026-05-13,2027-05-01,621,610,5,12,56.75,,False
749,MOV-000749,LOT-2026-00749,PROD-001,Cochabamba,2026-06-06,2026-06-20,2026-12-03,181,172,3,14,42.39,,False
750,MOV-000750,LOT-2026-00750,PROD-016,La Paz,2026-07-07,2026-07-20,2027-07-07,651,642,5,13,44.33,,False
751,MOV-000751,LOT-2026-00751,PROD-050,Oruro,2026-06-22,2026-07-14,2026-07-10,112,102,5,22,55.37,,False
752,MOV-000752,LOT-2026-00752,PROD-046,Santa Cruz,2026-05-02,2026-05-21,2027-05-02,449,446,3,19,12.64,,False
753,MOV-000753,LOT-2026-00753,PROD-005,Tarija,2026-05-06,2026-06-04,2027-05-06,989,981,5,29,76.84,,False
754,MOV-000754,LOT-2026-00754,PROD-013,Tarija,2026-06-07,2026-06-24,2026-12-04,229,220,3,17,33.05,,False
755,MOV-000755,LOT-2026-00755,PROD-036,Tarija,2026-06-09,2026-06-22,2026-12-06,53,45,1,13,53.28,,False
756,MOV-000756,LOT-2026-00756,PROD-013,Oruro,2026-06-16,2026-06-24,2026-12-13,74,71,1,8,33.05,,False
757,MOV-000757,LOT-2026-00757,PROD-033,Cochabamba,2026-08-26,2026-09-20,2027-08-26,572,566,4,25,77.59,,False
758,MOV-000758,LOT-2026-00758,PROD-008,Oruro,2026-05-16,2026-06-16,2026-06-03,216,203,12,31,31.75,,False
759,MOV-000759,LOT-2026-00759,PROD-013,Oruro,2026-06-04,2026-06-09,2026-12-01,349,341,5,5,33.05,,False
760,MOV-000760,LOT-2026-00760,PROD-040,Tarija,2026-08-28,2026-09-14,2026-09-15,161,154,6,17,82.17,,False
761,MOV-000761,LOT-2026-00761,PROD-029,Cochabamba,2026-07-13,2026-08-05,2027-07-13,201,197,1,23,60.18,,False
762,MOV-000762,LOT-2026-00762,PROD-059,Tarija,2026-05-31,2026-06-11,2026-06-18,309,298,9,11,13.44,,False
763,MOV-000763,LOT-2026-00763,PROD-036,Tarija,2026-08-24,2026-09-07,2027-02-20,469,461,6,14,53.28,,False
764,MOV-000764,LOT-2026-00764,PROD-045,Santa Cruz,2026-07-07,2026-07-18,2027-07-07,212,208,1,11,61.85,,False
765,MOV-000765,LOT-2026-00765,PROD-028,La Paz,2026-05-31,2026-06-30,2027-05-31,528,524,4,30,55.4,,False
766,MOV-000766,LOT-2026-00766,PROD-019,Santa Cruz,2026-07-06,2026-07-11,2026-07-24,898,873,23,5,62.22,,False
767,MOV-000767,LOT-2026-00767,PROD-033,Tarija,2026-08-06,2026-08-19,2027-08-06,456,448,3,13,77.59,,False
768,MOV-000768,LOT-2026-00768,PROD-008,Tarija,2026-05-16,2026-06-03,2026-06-03,794,762,28,18,31.75,,False
769,MOV-000769,LOT-2026-00769,PROD-022,La Paz,2026-05-04,2026-05-17,2026-10-31,870,856,13,13,67.52,,False
770,MOV-000770,LOT-2026-00770,PROD-001,Santa Cruz,2026-05-07,2026-05-31,2026-11-03,224,220,3,24,42.39,,False
771,MOV-000771,LOT-2026-00771,PROD-035,La Paz,2026-06-02,2026-06-17,2026-06-20,958,922,32,15,23.85,,False
772,MOV-000772,LOT-2026-00772,PROD-007,Cochabamba,2026-07-19,2026-08-26,2027-07-19,495,488,6,38,23.87,,False
773,MOV-000773,LOT-2026-00773,PROD-022,Tarija,2026-07-15,2026-07-24,2027-01-11,847,836,10,9,67.52,,False
774,MOV-000774,LOT-2026-00774,PROD-044,Oruro,2026-06-05,2026-06-17,2027-06-05,355,347,2,12,65.12,,False
775,MOV-000775,LOT-2026-00775,PROD-016,Cochabamba,2026-08-23,2026-10-01,2027-08-23,424,411,6,39,44.33,,False
776,MOV-000776,LOT-2026-00776,PROD-041,Oruro,2026-08-20,2026-09-08,2027-08-20,586,574,8,19,14.19,,False
777,MOV-000777,LOT-2026-00777,PROD-050,Cochabamba,2026-08-23,2026-09-15,2026-09-10,90,84,4,23,55.37,,False
778,MOV-000778,LOT-2026-00778,PROD-005,Tarija,2026-07-21,2026-08-26,2027-07-21,893,886,7,36,76.84,,False
779,MOV-000779,LOT-2026-00779,PROD-054,Santa Cruz,2026-05-12,2026-05-25,2027-05-12,248,241,2,13,81.98,,False
780,MOV-000780,LOT-2026-00780,PROD-057,Oruro,2026-05-01,2026-05-14,2027-05-01,437,434,3,13,39.61,,False
781,MOV-000781,LOT-2026-00781,PROD-012,Cochabamba,2026-06-12,2026-07-01,2026-12-09,234,224,3,19,80.8,,False
782,MOV-000782,LOT-2026-00782,PROD-007,Santa Cruz,2026-05-08,2026-06-04,2027-05-08,490,485,3,27,23.87,,False
783,MOV-000783,LOT-2026-00783,PROD-018,Cochabamba,2026-06-12,2026-07-06,2027-06-12,189,187,1,24,20.82,,False
784,MOV-000784,LOT-2026-00784,PROD-010,La Paz,2026-07-14,2026-08-12,2027-07-14,769,759,5,29,47.91,,False
785,MOV-000785,LOT-2026-00785,PROD-013,Santa Cruz,2026-06-03,2026-06-11,2026-11-30,118,116,2,8,33.05,,False
786,MOV-000786,LOT-2026-00786,PROD-055,Cochabamba,2026-05-02,2026-06-06,2027-05-02,539,529,3,35,60.11,,False
787,MOV-000787,LOT-2026-00787,PROD-012,Tarija,2026-05-08,2026-05-13,2026-11-04,352,343,5,5,80.8,,False
788,MOV-000788,LOT-2026-00788,PROD-059,Tarija,2026-08-01,2026-08-06,2026-08-19,833,801,25,5,13.44,,False
789,MOV-000789,LOT-2026-00789,PROD-029,La Paz,2026-08-12,2026-09-02,2027-08-12,56,54,0,21,60.18,,False
790,MOV-000790,LOT-2026-00790,PROD-040,Oruro,2026-06-20,2026-07-13,2026-07-08,164,153,7,23,82.17,,False
791,MOV-000791,LOT-2026-00791,PROD-037,Santa Cruz,2026-06-02,2026-06-17,2027-06-02,713,703,6,15,64.93,,False
792,MOV-000792,LOT-2026-00792,PROD-060,Cochabamba,2026-08-01,2026-08-05,2026-08-19,548,529,15,4,37.99,,False
793,MOV-000793,LOT-2026-00793,PROD-038,Tarija,2026-06-22,2026-07-12,2027-06-22,398,396,2,20,13.49,,False
794,MOV-000794,LOT-2026-00794,PROD-047,La Paz,2026-05-04,2026-05-29,2027-05-04,924,918,5,25,21.58,,False
795,MOV-000795,LOT-2026-00795,PROD-030,Santa Cruz,2026-07-03,2026-08-14,2027-07-03,367,356,8,42,24.51,,False
796,MOV-000796,LOT-2026-00796,PROD-047,Oruro,2026-05-14,2026-05-28,2027-05-14,961,948,6,14,21.58,,False
797,MOV-000797,LOT-2026-00797,PROD-056,Tarija,2026-08-05,2026-08-30,2026-08-23,522,489,26,25,36.51,,False
798,MOV-000798,LOT-2026-00798,PROD-034,Cochabamba,2026-05-04,2026-06-05,2027-05-04,797,787,6,32,83.26,,False
799,MOV-000799,LOT-2026-00799,PROD-003,Oruro,2026-07-16,2026-08-02,2026-08-03,470,448,15,17,27.19,,False
800,MOV-000800,LOT-2026-00800,PROD-049,Santa Cruz,2026-08-10,2026-09-09,2026-08-28,431,406,24,30,25.49,,False
801,MOV-000801,LOT-2026-00801,PROD-003,Cochabamba,2026-06-30,2026-07-28,2026-07-18,197,180,10,28,27.19,,False
802,MOV-000802,LOT-2026-00802,PROD-015,La Paz,2026-07-09,2026-08-01,2027-01-05,62,60,1,23,54.56,,False
803,MOV-000803,LOT-2026-00803,PROD-056,Tarija,2026-07-23,2026-08-05,2026-08-10,883,855,25,13,36.51,,False
804,MOV-000804,LOT-2026-00804,PROD-013,Oruro,2026-05-08,2026-05-09,2026-11-04,727,717,9,1,33.05,,False
805,MOV-000805,LOT-2026-00805,PROD-015,Tarija,2026-06-14,2026-06-20,2026-12-11,511,499,7,6,54.56,,False
806,MOV-000806,LOT-2026-00806,PROD-023,La Paz,2026-08-20,2026-09-01,2027-02-16,666,656,8,12,64.4,,False
807,MOV-000807,LOT-2026-00807,PROD-030,La Paz,2026-05-28,2026-06-07,2027-05-28,317,311,2,10,24.51,,False
808,MOV-000808,LOT-2026-00808,PROD-043,La Paz,2026-05-02,2026-05-16,2026-05-20,488,468,14,14,71.11,,False
809,MOV-000809,LOT-2026-00809,PROD-018,Santa Cruz,2026-06-11,2026-07-11,2027-06-11,412,405,2,30,20.82,,False
810,MOV-000810,LOT-2026-00810,PROD-031,Cochabamba,2026-06-13,2026-06-16,2026-12-10,367,358,5,3,14.93,,False
811,MOV-000811,LOT-2026-00811,PROD-032,Oruro,2026-07-07,2026-07-23,2027-07-07,524,514,4,16,63.21,,False
812,MOV-000812,LOT-2026-00812,PROD-058,Cochabamba,2026-07-17,2026-08-03,2027-07-17,599,592,4,17,83.63,,False
813,MOV-000813,LOT-2026-00813,PROD-014,Santa Cruz,2026-08-10,2026-08-25,2027-08-10,779,770,5,15,21.61,,False
814,MOV-000814,LOT-2026-00814,PROD-053,La Paz,2026-06-12,2026-06-24,2027-06-12,228,221,1,12,73.12,,False
815,MOV-000815,LOT-2026-00815,PROD-052,Cochabamba,2026-05-28,2026-06-26,2026-11-24,372,366,5,29,59.66,,False
816,MOV-000816,LOT-2026-00816,PROD-003,La Paz,2026-08-18,2026-08-22,2026-09-05,385,371,11,4,27.19,,False
817,MOV-000817,LOT-2026-00817,PROD-035,Cochabamba,2026-06-15,2026-06-26,2026-07-03,773,746,20,11,23.85,,False
818,MOV-000818,LOT-2026-00818,PROD-050,La Paz,2026-08-05,2026-08-23,2026-08-23,650,625,25,18,55.37,,False
819,MOV-000819,LOT-2026-00819,PROD-009,Oruro,2026-06-04,2026-06-22,2027-06-04,773,765,6,18,16.29,,False
820,MOV-000820,LOT-2026-00820,PROD-003,Santa Cruz,2026-07-28,2026-08-25,2026-08-15,999,949,50,28,27.19,,False
821,MOV-000821,LOT-2026-00821,PROD-005,Oruro,2026-05-19,2026-06-02,2027-05-19,659,648,4,14,76.84,,False
822,MOV-000822,LOT-2026-00822,PROD-014,Tarija,2026-07-12,2026-07-29,2027-07-12,831,825,5,17,21.61,,False
823,MOV-000823,LOT-2026-00823,PROD-057,Tarija,2026-05-17,2026-06-11,2027-05-17,193,190,1,25,39.61,,False
824,MOV-000824,LOT-2026-00824,PROD-047,Cochabamba,2026-08-15,2026-09-02,2027-08-15,508,505,3,18,21.58,,False
825,MOV-000825,LOT-2026-00825,PROD-027,La Paz,2026-08-11,2026-08-28,2027-08-11,135,133,1,17,44.86,,False
826,MOV-000826,LOT-2026-00826,PROD-038,Santa Cruz,2026-05-11,2026-06-08,2027-05-11,96,93,1,28,13.49,,False
827,MOV-000827,LOT-2026-00827,PROD-057,Santa Cruz,2026-05-31,2026-07-10,2027-05-31,225,221,3,40,39.61,,False
828,MOV-000828,LOT-2026-00828,PROD-011,Santa Cruz,2026-06-01,2026-06-26,2026-06-19,713,675,32,25,14.4,,False
829,MOV-000829,LOT-2026-00829,PROD-013,Santa Cruz,2026-07-05,2026-07-15,2027-01-01,136,132,2,10,33.05,,False
830,MOV-000830,LOT-2026-00830,PROD-050,Cochabamba,2026-06-09,2026-06-13,2026-06-27,842,817,25,4,55.37,,False
831,MOV-000831,LOT-2026-00831,PROD-022,Tarija,2026-08-25,2026-09-06,2027-02-21,600,585,9,12,67.52,,False
832,MOV-000832,LOT-2026-00832,PROD-040,Tarija,2026-07-04,2026-07-20,2026-07-22,156,147,5,16,82.17,,False
833,MOV-000833,LOT-2026-00833,PROD-033,La Paz,2026-07-29,2026-08-17,2027-07-29,138,132,1,19,77.59,,False
834,MOV-000834,LOT-2026-00834,PROD-060,Tarija,2026-07-24,2026-07-30,2026-08-11,925,898,26,6,37.99,,False
835,MOV-000835,LOT-2026-00835,PROD-040,Tarija,2026-05-25,2026-06-07,2026-06-12,70,64,2,13,82.17,,False
836,MOV-000836,LOT-2026-00836,PROD-006,Oruro,2026-08-05,2026-08-26,2027-08-05,282,277,3,21,23.32,,False
837,MOV-000837,LOT-2026-00837,PROD-032,Tarija,2026-07-31,2026-09-08,2027-07-31,978,959,13,39,63.21,,False
838,MOV-000838,LOT-2026-00838,PROD-048,Santa Cruz,2026-06-24,2026-07-18,2027-06-24,991,984,6,24,24.01,,False
839,MOV-000839,LOT-2026-00839,PROD-060,Oruro,2026-05-27,2026-06-05,2026-06-14,952,924,25,9,37.99,,False
840,MOV-000840,LOT-2026-00840,PROD-052,Oruro,2026-05-04,2026-05-07,2026-10-31,885,871,14,3,59.66,,False
841,MOV-000841,LOT-2026-00841,PROD-032,Tarija,2026-06-03,2026-06-27,2027-06-03,844,834,7,24,63.21,,False
842,MOV-000842,LOT-2026-00842,PROD-046,La Paz,2026-05-02,2026-06-05,2027-05-02,717,712,5,34,12.64,,False
843,MOV-000843,LOT-2026-00843,PROD-015,Santa Cruz,2026-06-03,2026-06-21,2026-11-30,494,487,6,18,54.56,,False
844,MOV-000844,LOT-2026-00844,PROD-044,Tarija,2026-07-14,2026-07-23,2027-07-14,700,692,4,9,65.12,,False
845,MOV-000845,LOT-2026-00845,PROD-036,Santa Cruz,2026-05-25,2026-06-12,2026-11-21,776,760,10,18,53.28,,False
846,MOV-000846,LOT-2026-00846,PROD-032,Santa Cruz,2026-07-21,2026-08-26,,105,100,1,36,63.21,fecha_vencimiento,True
847,MOV-000847,LOT-2026-00847,PROD-055,La Paz,2026-07-05,2026-07-27,2027-07-05,251,246,2,22,60.11,,False
848,MOV-000848,LOT-2026-00848,PROD-057,Tarija,2026-08-06,2026-08-17,2027-08-06,568,558,4,11,39.61,,False
849,MOV-000849,LOT-2026-00849,PROD-037,La Paz,2026-07-11,2026-07-23,2027-07-11,597,590,3,12,64.93,,False
850,MOV-000850,LOT-2026-00850,PROD-032,La Paz,2026-06-25,2026-07-29,2027-06-25,733,727,6,34,63.21,,False
851,MOV-000851,LOT-2026-00851,PROD-019,Tarija,2026-08-12,2026-08-27,2026-08-30,916,884,29,15,62.22,,False
852,MOV-000852,LOT-2026-00852,PROD-029,La Paz,2026-06-15,2026-07-07,2027-06-15,185,183,1,22,60.18,,False
853,MOV-000853,LOT-2026-00853,PROD-036,Tarija,2026-06-29,2026-07-07,2026-12-26,484,470,7,8,53.28,,False
854,MOV-000854,LOT-2026-00854,PROD-054,La Paz,2026-05-18,2026-06-12,2027-05-18,876,868,5,25,81.98,,False
855,MOV-000855,LOT-2026-00855,PROD-042,La Paz,2026-08-09,2026-08-28,2027-08-09,648,638,4,19,73.69,,False
856,MOV-000856,LOT-2026-00856,PROD-001,La Paz,2026-05-18,2026-05-23,2026-11-14,212,209,3,5,42.39,,False
857,MOV-000857,LOT-2026-00857,PROD-058,Santa Cruz,2026-05-10,2026-05-23,2027-05-10,102,97,1,13,83.63,,False
858,MOV-000858,LOT-2026-00858,PROD-011,Santa Cruz,2026-08-22,2026-08-29,2026-09-09,924,897,25,7,14.4,,False
859,MOV-000859,LOT-2026-00859,PROD-037,La Paz,2026-06-02,2026-06-15,2027-06-02,801,794,4,13,64.93,,False
860,MOV-000860,LOT-2026-00860,PROD-033,Tarija,2026-06-29,2026-07-07,2027-06-29,291,286,2,8,77.59,,False
861,MOV-000861,LOT-2026-00861,PROD-037,Tarija,2026-06-12,2026-06-23,2027-06-12,237,234,2,11,64.93,,False
862,MOV-000862,LOT-2026-00862,PROD-026,Santa Cruz,2026-06-15,2026-07-18,2027-06-15,901,895,6,33,66.47,,False
863,MOV-000863,LOT-2026-00863,PROD-058,La Paz,2026-05-10,2026-05-26,2027-05-10,328,319,3,16,83.63,,False
864,MOV-000864,LOT-2026-00864,PROD-021,Santa Cruz,2026-07-28,2026-08-17,2027-07-28,145,141,1,20,84.36,,False
865,MOV-000865,LOT-2026-00865,PROD-017,La Paz,2026-05-26,2026-06-05,2026-06-13,863,838,22,10,19.81,,False
866,MOV-000866,LOT-2026-00866,PROD-044,La Paz,2026-08-07,2026-08-17,2027-08-07,396,388,2,10,65.12,,False
867,MOV-000867,LOT-2026-00867,PROD-029,Santa Cruz,2026-05-05,2026-06-01,2027-05-05,291,282,3,27,60.18,,False
868,MOV-000868,LOT-2026-00868,PROD-017,Oruro,2026-06-04,2026-06-16,2026-06-22,720,701,19,12,19.81,,False
869,MOV-000869,LOT-2026-00869,PROD-001,Tarija,2026-06-27,2026-06-29,2026-12-24,407,400,5,2,42.39,,False
870,MOV-000870,LOT-2026-00870,PROD-004,La Paz,2026-08-06,2026-08-29,2027-08-06,162,159,1,23,27.26,,False
871,MOV-000871,LOT-2026-00871,PROD-030,Cochabamba,2026-06-02,2026-06-12,2027-06-02,110,107,1,10,24.51,,False
872,MOV-000872,LOT-2026-00872,PROD-047,Santa Cruz,2026-08-28,2026-09-21,2027-08-28,594,583,4,24,21.58,,False
873,MOV-000873,LOT-2026-00873,PROD-041,Santa Cruz,2026-07-20,2026-09-06,2027-07-20,286,278,8,48,14.19,,False
874,MOV-000874,LOT-2026-00874,PROD-008,La Paz,2026-07-15,2026-07-23,2026-08-02,772,745,24,8,31.75,,False
875,MOV-000875,LOT-2026-00875,PROD-044,Oruro,2026-08-21,2026-09-17,2027-08-21,642,631,4,27,65.12,,False
876,MOV-000876,LOT-2026-00876,PROD-060,Santa Cruz,2026-06-17,2026-06-30,2026-07-05,51,49,1,13,37.99,,False
877,MOV-000877,LOT-2026-00877,PROD-044,Cochabamba,2026-07-10,2026-07-22,2027-07-10,880,871,6,12,65.12,,False
878,MOV-000878,LOT-2026-00878,PROD-019,Tarija,2026-05-02,2026-05-06,2026-05-20,592,573,16,4,62.22,,False
879,MOV-000879,LOT-2026-00879,PROD-023,Oruro,2026-07-27,2026-08-14,2027-01-23,939,926,11,18,64.4,,False
880,MOV-000880,LOT-2026-00880,PROD-044,Cochabamba,2026-08-08,2026-09-11,2027-08-08,214,210,1,34,65.12,,False
881,MOV-000881,LOT-2026-00881,PROD-036,Tarija,2026-06-27,2026-07-23,2026-12-24,390,379,5,26,53.28,,False
882,MOV-000882,LOT-2026-00882,PROD-050,Cochabamba,2026-08-17,2026-09-10,2026-09-04,158,146,7,24,55.37,,False
883,MOV-000883,LOT-2026-00883,PROD-054,Cochabamba,2026-05-03,2026-05-19,2027-05-03,739,733,5,16,81.98,,False
884,MOV-000884,LOT-2026-00884,PROD-038,La Paz,2026-08-14,2026-09-11,2027-08-14,755,743,5,28,13.49,,False
885,MOV-000885,LOT-2026-00885,PROD-026,La Paz,2026-08-25,2026-09-07,2027-08-25,527,517,3,13,66.47,,False
886,MOV-000886,LOT-2026-00886,PROD-031,Tarija,2026-08-19,2026-09-06,2027-02-15,76,68,1,18,14.93,,False
887,MOV-000887,LOT-2026-00887,PROD-055,Tarija,2026-08-17,2026-09-27,2027-08-17,979,960,19,41,60.11,,False
888,MOV-000888,LOT-2026-00888,PROD-038,Santa Cruz,2026-07-13,2026-08-02,2027-07-13,118,115,1,20,13.49,,False
889,MOV-000889,LOT-2026-00889,PROD-057,Cochabamba,2026-08-09,2026-08-29,2027-08-09,711,704,5,20,39.61,,False
890,MOV-000890,LOT-2026-00890,PROD-053,Cochabamba,2026-06-09,2026-06-25,2027-06-09,727,722,4,16,73.12,,False
891,MOV-000891,LOT-2026-00891,PROD-060,Cochabamba,2026-07-03,2026-07-10,2026-07-21,61,53,2,7,37.99,,False
892,MOV-000892,LOT-2026-00892,PROD-027,Oruro,2026-06-10,2026-06-26,2027-06-10,856,846,5,16,44.86,,False
893,MOV-000893,LOT-2026-00893,PROD-013,Tarija,2026-08-26,2026-09-05,2027-02-22,577,565,7,10,33.05,,False
894,MOV-000894,LOT-2026-00894,PROD-038,Oruro,2026-07-09,2026-07-27,2027-07-09,918,908,5,18,13.49,,False
895,MOV-000895,LOT-2026-00895,PROD-036,Cochabamba,2026-08-24,2026-08-29,2027-02-20,482,472,7,5,53.28,,False
896,MOV-000896,LOT-2026-00896,PROD-022,Cochabamba,2026-05-13,2026-05-21,2026-11-09,341,331,5,8,67.52,,False
897,MOV-000897,LOT-2026-00897,PROD-030,Santa Cruz,2026-08-27,2026-09-26,2027-08-27,429,426,2,30,24.51,,False
898,MOV-000898,LOT-2026-00898,PROD-025,Oruro,2026-08-13,2026-09-07,2026-08-31,688,657,31,25,45.25,,False
899,MOV-000899,LOT-2026-00899,PROD-034,La Paz,2026-08-04,2026-08-20,2027-08-04,291,288,2,16,83.26,,False
900,MOV-000900,LOT-2026-00900,PROD-025,Cochabamba,2026-08-17,2026-08-27,2026-09-04,893,867,26,10,45.25,,False
901,MOV-000901,LOT-2026-00901,PROD-034,Santa Cruz,2026-05-16,2026-06-08,2027-05-16,137,133,1,23,83.26,,False
902,MOV-000902,LOT-2026-00902,PROD-046,La Paz,2026-05-14,2026-06-08,2027-05-14,137,130,1,25,12.64,,False
903,MOV-000903,LOT-2026-00903,PROD-048,Santa Cruz,2026-05-05,2026-05-20,2027-05-05,706,698,6,15,24.01,,False
904,MOV-000904,LOT-2026-00904,PROD-024,Cochabamba,2026-05-20,2026-06-08,2027-05-20,365,355,3,19,23.48,,False
905,MOV-000905,LOT-2026-00905,PROD-029,Santa Cruz,2026-08-21,2026-09-03,2027-08-21,524,515,3,13,60.18,,False
906,MOV-000906,LOT-2026-00906,PROD-012,La Paz,2026-08-07,2026-08-20,2027-02-03,891,879,12,13,80.8,,False
907,MOV-000907,LOT-2026-00907,PROD-046,Santa Cruz,2026-08-25,2026-09-13,2027-08-25,251,246,2,19,12.64,,False
908,MOV-000908,LOT-2026-00908,PROD-002,Tarija,2026-05-28,2026-06-07,2026-06-15,505,488,13,10,33.75,,False
909,MOV-000909,LOT-2026-00909,PROD-017,Cochabamba,2026-05-27,2026-06-01,2026-06-14,980,950,27,5,19.81,,False
910,MOV-000910,LOT-2026-00910,PROD-033,Cochabamba,2026-08-12,2026-09-06,2027-08-12,283,278,2,25,77.59,,False
911,MOV-000911,LOT-2026-00911,PROD-017,Cochabamba,2026-07-03,2026-07-15,2026-07-21,377,363,10,12,19.81,,False
912,MOV-000912,LOT-2026-00912,PROD-009,La Paz,2026-05-17,2026-06-02,2027-05-17,cien,309,4,16,16.29,cantidad_ingreso,True
913,MOV-000913,LOT-2026-00913,PROD-024,Oruro,2026-05-21,2026-06-04,2027-05-21,286,284,2,14,23.48,,False
914,MOV-000914,LOT-2026-00914,PROD-060,Santa Cruz,2026-06-22,2026-07-03,2026-07-10,478,461,13,11,37.99,,False
915,MOV-000915,LOT-2026-00915,PROD-021,Cochabamba,2026-06-07,2026-06-24,2027-06-07,598,595,3,17,84.36,,False
916,MOV-000916,LOT-2026-00916,PROD-014,Oruro,2026-07-13,2026-08-04,2027-07-13,562,556,4,22,21.61,,False
917,MOV-000917,LOT-2026-00917,PROD-025,Santa Cruz,2026-08-12,2026-08-23,2026-08-30,334,320,8,11,45.25,,False
918,MOV-000918,LOT-2026-00918,PROD-034,La Paz,2026-07-29,2026-08-13,2027-07-29,502,498,3,15,83.26,,False
919,MOV-000919,LOT-2026-00919,PROD-046,Tarija,2026-08-09,2026-08-21,2027-08-09,99,93,1,12,12.64,,False
920,MOV-000920,LOT-2026-00920,PROD-012,Tarija,2026-06-16,2026-06-26,2026-12-13,342,335,4,10,80.8,,False
921,MOV-000921,LOT-2026-00921,PROD-056,Santa Cruz,2026-05-05,2026-05-08,2026-05-23,381,367,10,3,36.51,,False
922,MOV-000922,LOT-2026-00922,PROD-022,Oruro,2026-07-10,2026-07-21,2027-01-06,444,437,5,11,67.52,,False
923,MOV-000923,LOT-2026-00923,PROD-041,Cochabamba,2026-05-06,2026-06-04,2027-05-06,232,227,1,29,14.19,,False
924,MOV-000924,LOT-2026-00924,PROD-037,Santa Cruz,05/05/2026,2026-05-22,2027-05-05,738,726,5,17,64.93,fecha_ingreso,True
925,MOV-000925,LOT-2026-00925,PROD-057,Santa Cruz,2026-06-06,2026-07-14,2027-06-06,765,750,13,38,39.61,,False
926,MOV-000926,LOT-2026-00926,PROD-012,Tarija,2026-06-10,2026-07-06,2026-12-07,292,285,6,26,80.8,,False
927,MOV-000927,LOT-2026-00927,PROD-017,Oruro,2026-06-02,2026-06-15,2026-06-20,654,629,19,13,19.81,,False
928,MOV-000928,LOT-2026-00928,PROD-032,Oruro,2026-06-09,2026-06-24,2027-06-09,441,433,3,15,63.21,,False
929,MOV-000929,LOT-2026-00929,PROD-010,Oruro,2026-07-19,2026-08-08,2027-07-19,199,196,2,20,47.91,,False
930,MOV-000930,LOT-2026-00930,PROD-012,Oruro,2026-08-25,2026-09-11,2027-02-21,124,119,2,17,80.8,,False
931,MOV-000931,LOT-2026-00931,PROD-052,La Paz,2026-08-22,2026-09-02,2027-02-18,701,684,11,11,59.66,,False
932,MOV-000932,LOT-2026-00932,PROD-029,Santa Cruz,2026-07-10,2026-07-24,2027-07-10,377,371,4,14,60.18,,False
933,MOV-000933,LOT-2026-00933,PROD-058,Tarija,2026-08-23,2026-09-06,2027-08-23,280,274,2,14,83.63,,False
934,MOV-000934,LOT-2026-00934,PROD-020,La Paz,2026-07-25,2026-08-02,2026-08-12,652,631,17,8,26.82,,False
935,MOV-000935,LOT-2026-00935,PROD-058,Santa Cruz,2026-06-30,2026-07-20,2027-06-30,592,585,5,20,83.63,,False
936,MOV-000936,LOT-2026-00936,PROD-033,La Paz,2026-06-20,2026-07-22,2027-06-20,691,682,4,32,77.59,,False
937,MOV-000937,LOT-2026-00937,PROD-034,Cochabamba,2026-07-15,2026-07-25,2027-07-15,355,352,3,10,83.26,,False
938,MOV-000938,LOT-2026-00938,PROD-033,Santa Cruz,2026-08-22,2026-09-04,2027-08-22,194,189,1,13,77.59,,False
939,MOV-000939,LOT-2026-00939,PROD-027,Tarija,2026-05-09,2026-05-26,2027-05-09,785,778,7,17,44.86,,False
940,MOV-000940,LOT-2026-00940,PROD-011,Cochabamba,2026-06-12,2026-06-19,2026-06-30,677,655,17,7,14.4,,False
941,MOV-000941,LOT-2026-00941,PROD-039,Oruro,2026-08-19,2026-09-12,2027-08-19,725,720,5,24,56.75,,False
942,MOV-000942,LOT-2026-00942,PROD-027,Cochabamba,2026-07-06,2026-07-20,2027-07-06,400,397,2,14,44.86,,False
943,MOV-000943,LOT-2026-00943,PROD-043,La Paz,2026-05-23,2026-05-28,2026-06-10,818,785,26,5,71.11,,False
944,MOV-000944,LOT-2026-00944,PROD-005,La Paz,2026-08-17,2026-09-02,2027-08-17,572,565,4,16,76.84,,False
945,MOV-000945,LOT-2026-00945,PROD-022,Cochabamba,2026-06-26,2026-06-29,2026-12-23,590,576,8,3,67.52,,False
946,MOV-000946,LOT-2026-00946,PROD-060,Santa Cruz,2026-05-08,2026-05-24,2026-05-26,303,292,10,16,37.99,,False
947,MOV-000947,LOT-2026-00947,PROD-026,Oruro,2026-07-18,2026-08-05,2027-07-18,768,757,6,18,66.47,,False
948,MOV-000948,LOT-2026-00948,PROD-033,La Paz,2026-06-25,2026-07-07,2027-06-25,902,893,5,12,77.59,,False
949,MOV-000949,LOT-2026-00949,PROD-041,Oruro,2026-07-04,2026-07-25,2027-07-04,765,755,4,21,14.19,,False
950,MOV-000950,LOT-2026-00950,PROD-059,Cochabamba,2026-08-02,2026-08-09,2026-08-20,581,557,18,7,13.44,,False
951,MOV-000951,LOT-2026-00951,PROD-020,Tarija,2026-07-05,2026-07-08,2026-07-23,913,883,27,3,26.82,,False
952,MOV-000952,LOT-2026-00952,PROD-037,Santa Cruz,2026-06-11,2026-07-01,2027-06-11,378,373,2,20,64.93,,False
953,MOV-000953,LOT-2026-00953,PROD-034,Oruro,2026-07-15,2026-08-07,2027-07-15,473,465,2,23,83.26,,False
954,MOV-000954,LOT-2026-00954,PROD-003,Oruro,2026-07-07,2026-07-12,2026-07-25,65,59,2,5,27.19,,False
955,MOV-000955,LOT-2026-00955,PROD-021,Oruro,2026-05-12,2026-05-31,2027-05-12,475,468,3,19,84.36,,False
956,MOV-000956,LOT-2026-00956,PROD-018,Tarija,2026-05-28,2026-07-16,2027-05-28,312,298,8,49,20.82,,False
957,MOV-000957,LOT-2026-00957,PROD-026,La Paz,2026-06-14,2026-06-24,2027-06-14,115,113,1,10,66.47,,False
958,MOV-000958,LOT-2026-00958,PROD-052,Cochabamba,2026-05-04,2026-05-30,2026-10-31,135,127,2,26,59.66,,False
959,MOV-000959,LOT-2026-00959,PROD-016,La Paz,2026-06-20,2026-07-13,2027-06-20,731,725,6,23,44.33,,False
960,MOV-000960,LOT-2026-00960,PROD-024,Oruro,2026-08-06,2026-09-07,2027-08-06,85,83,1,32,23.48,,False
961,MOV-000961,LOT-2026-00961,PROD-001,Santa Cruz,2026-07-06,2026-07-13,2027-01-02,306,301,4,7,42.39,,False
962,MOV-000962,LOT-2026-00962,PROD-044,Santa Cruz,2026-05-24,2026-06-07,2027-05-24,949,940,5,14,65.12,,False
963,MOV-000963,LOT-2026-00963,PROD-047,Tarija,2026-06-28,2026-07-16,2027-06-28,254,251,1,18,21.58,,False
964,MOV-000964,LOT-2026-00964,PROD-043,Cochabamba,2026-05-03,2026-05-11,2026-05-21,319,303,9,8,71.11,,False
965,MOV-000965,LOT-2026-00965,PROD-006,Santa Cruz,2026-05-19,2026-06-17,2027-05-19,888,874,9,29,23.32,,False
966,MOV-000966,LOT-2026-00966,PROD-050,Tarija,2026-08-10,2026-08-17,2026-08-28,894,869,24,7,55.37,,False
967,MOV-000967,LOT-2026-00967,PROD-021,La Paz,2026-08-15,2026-08-28,2027-08-15,777,766,4,13,84.36,,False
968,MOV-000968,LOT-2026-00968,PROD-044,Cochabamba,2026-05-18,2026-06-09,2027-05-18,393,388,3,22,65.12,,False
969,MOV-000969,LOT-2026-00969,PROD-015,La Paz,2026-06-21,2026-07-19,2026-12-18,862,844,15,28,54.56,,False
970,MOV-000970,LOT-2026-00970,PROD-027,Tarija,2026-06-18,2026-07-02,2027-06-18,975,963,7,14,44.86,,False
971,MOV-000971,LOT-2026-00971,PROD-037,La Paz,2026-07-12,2026-07-22,2027-07-12,313,308,2,10,64.93,,False
972,MOV-000972,LOT-2026-00972,PROD-022,Tarija,2026-05-30,2026-06-13,2026-11-26,877,862,11,14,67.52,,False
973,MOV-000973,LOT-2026-00973,PROD-060,Oruro,2026-08-21,2026-09-22,2026-09-08,729,685,42,32,37.99,,False
974,MOV-000974,LOT-2026-00974,PROD-054,Oruro,2026-05-21,2026-07-09,2027-05-21,265,255,7,49,81.98,,False
975,MOV-000975,LOT-2026-00975,PROD-021,Santa Cruz,2026-06-28,2026-07-11,2027-06-28,752,748,4,13,84.36,,False
976,MOV-000976,LOT-2026-00976,PROD-053,Oruro,2026-06-22,2026-07-31,2027-06-22,546,535,7,39,73.12,,False
977,MOV-000977,LOT-2026-00977,PROD-047,Cochabamba,2026-06-13,2026-07-02,2027-06-13,293,289,2,19,21.58,,False
978,MOV-000978,LOT-2026-00978,PROD-060,Oruro,2026-08-27,2026-09-01,2026-09-14,399,389,10,5,37.99,,False
979,MOV-000979,LOT-2026-00979,PROD-060,Tarija,2026-05-03,2026-05-21,2026-05-21,810,775,31,18,37.99,,False
980,MOV-000980,LOT-2026-00980,PROD-054,Oruro,2026-05-23,2026-06-04,2027-05-23,290,288,2,12,81.98,,False
981,MOV-000981,LOT-2026-00981,PROD-014,La Paz,2026-05-14,2026-05-26,2027-05-14,626,622,4,12,21.61,,False
982,MOV-000982,LOT-2026-00982,PROD-034,Oruro,2026-06-24,2026-07-15,2027-06-24,690,681,6,21,83.26,,False
983,MOV-000983,LOT-2026-00983,PROD-025,Cochabamba,2026-05-21,2026-05-22,2026-06-08,159,150,5,1,45.25,,False
984,MOV-000984,LOT-2026-00984,PROD-021,Cochabamba,2026-05-09,2026-05-25,2027-05-09,318,310,2,16,84.36,,False
985,MOV-000985,LOT-2026-00985,PROD-032,Santa Cruz,2026-07-01,2026-07-21,2027-07-01,633,619,7,20,63.21,,False
986,MOV-000986,LOT-2026-00986,PROD-018,Santa Cruz,2026-08-07,2026-08-28,2027-08-07,764,757,5,21,20.82,,False
987,MOV-000987,LOT-2026-00987,PROD-008,Santa Cruz,2026-07-17,2026-07-20,2026-08-04,342,332,9,3,31.75,,False
988,MOV-000988,LOT-2026-00988,PROD-057,Tarija,2026-08-03,2026-08-27,2027-08-03,749,742,7,24,39.61,,False
989,MOV-000989,LOT-2026-00989,PROD-054,Cochabamba,2026-05-08,2026-05-17,2027-05-08,375,370,2,9,81.98,,False
990,MOV-000990,LOT-2026-00990,PROD-015,Santa Cruz,2026-05-22,2026-05-30,2026-11-18,544,533,7,8,54.56,,False
991,MOV-000991,LOT-2026-00991,PROD-012,Tarija,2026-07-22,2026-07-25,2027-01-18,728,717,11,3,80.8,,False
992,MOV-000992,LOT-2026-00992,PROD-025,Oruro,2026-08-14,2026-08-18,2026-09-01,477,462,14,4,45.25,,False
993,MOV-000993,LOT-2026-00993,PROD-024,Cochabamba,2026-08-04,2026-09-03,2027-08-04,689,684,4,30,23.48,,False
994,MOV-000994,LOT-2026-00994,PROD-054,Santa Cruz,2026-08-23,2026-10-10,2027-08-23,845,820,21,48,81.98,,False
995,MOV-000995,LOT-2026-00995,PROD-012,Santa Cruz,2026-07-04,2026-07-14,2026-12-31,658,642,9,10,80.8,,False
996,MOV-000996,LOT-2026-00996,PROD-038,Santa Cruz,2026-06-27,2026-07-22,2027-06-27,593,584,3,25,13.49,,False
997,MOV-000997,LOT-2026-00997,PROD-051,Santa Cruz,2026-08-09,2026-08-31,2027-02-05,930,913,15,22,21.14,,False
998,MOV-000998,LOT-2026-00998,PROD-009,Oruro,2026-06-07,2026-06-22,2027-06-07,699,689,6,15,16.29,,False
999,MOV-000999,LOT-2026-00999,PROD-042,Cochabamba,2026-07-05,2026-07-25,2027-07-05,365,356,2,20,73.69,,False
1000,MOV-001000,LOT-2026-01000,PROD-045,La Paz,2026-06-26,2026-07-10,2027-06-26,347,340,4,14,61.85,,False
1001,MOV-001001,LOT-2026-01001,PROD-024,Oruro,2026-08-05,2026-08-22,2027-08-05,775,761,7,17,23.48,,False
1002,MOV-001002,LOT-2026-01002,PROD-036,Oruro,2026-08-15,2026-09-01,2027-02-11,581,572,8,17,53.28,,False
1003,MOV-001003,LOT-2026-01003,PROD-054,La Paz,2026-06-04,2026-06-24,2027-06-04,655,650,4,20,81.98,,False
1004,MOV-001004,LOT-2026-01004,PROD-013,Tarija,2026-05-11,2026-06-07,2026-11-07,636,626,8,27,33.05,,False
1005,MOV-001005,LOT-2026-01005,PROD-021,Oruro,2026-06-26,2026-07-06,2027-06-26,634,626,4,10,84.36,,False
1006,MOV-001006,LOT-2026-01006,PROD-056,Santa Cruz,2026-06-18,2026-07-14,2026-07-06,813,770,38,26,36.51,,False
1007,MOV-001007,LOT-2026-01007,PROD-026,La Paz,2026-05-15,2026-05-29,2027-05-15,162,156,1,14,66.47,,False
1008,MOV-001008,LOT-2026-01008,PROD-004,Tarija,2026-05-21,2026-06-09,2027-05-21,713,699,7,19,27.26,,False
1009,MOV-001009,LOT-2026-01009,PROD-002,Santa Cruz,2026-05-23,2026-05-30,2026-06-10,628,608,18,7,33.75,,False
1010,MOV-001010,LOT-2026-01010,PROD-012,Santa Cruz,2026-07-23,2026-08-04,2027-01-19,993,976,13,12,80.8,,False
1011,MOV-001011,LOT-2026-01011,PROD-031,Tarija,2026-08-10,2026-08-22,2027-02-06,900,877,16,12,14.93,,False
1012,MOV-001012,LOT-2026-01012,PROD-008,Santa Cruz,2026-08-01,2026-08-16,2026-08-19,361,344,11,15,31.75,,False
1013,MOV-001013,LOT-2026-01013,PROD-039,Santa Cruz,2026-06-06,2026-07-09,2027-06-06,501,498,3,33,56.75,,False
1014,MOV-001014,LOT-2026-01014,PROD-032,Santa Cruz,2026-05-15,2026-06-10,2027-05-15,157,149,1,26,63.21,,False
1015,MOV-001015,LOT-2026-01015,PROD-006,Santa Cruz,2026-06-19,2026-07-19,2027-06-19,933,923,8,30,23.32,,False
1016,MOV-001016,LOT-2026-01016,PROD-060,La Paz,2026-07-09,2026-07-22,2026-07-27,797,773,24,13,37.99,,False
1017,MOV-001017,LOT-2026-01017,PROD-038,Tarija,2026-05-24,2026-06-04,2027-05-24,944,936,7,11,13.49,,False
1018,MOV-001018,LOT-2026-01018,PROD-034,La Paz,2026-06-20,2026-07-13,2027-06-20,85,85,0,23,83.26,,False
1019,MOV-001019,LOT-2026-01019,PROD-001,Cochabamba,2026-07-13,2026-08-01,2027-01-09,473,463,6,19,42.39,,False
1020,MOV-001020,LOT-2026-01020,PROD-057,Santa Cruz,2026-05-07,2026-05-23,2027-05-07,966,958,6,16,39.61,,False
1021,MOV-001021,LOT-2026-01021,PROD-033,La Paz,2026-06-15,2026-07-07,2027-06-15,399,397,2,22,77.59,,False
1022,MOV-001022,LOT-2026-01022,PROD-022,Oruro,2026-05-16,2026-05-25,2026-11-12,164,157,2,9,67.52,,False
1023,MOV-001023,LOT-2026-01023,PROD-022,Oruro,2026-08-01,2026-08-08,2027-01-28,861,842,13,7,67.52,,False
1024,MOV-001024,LOT-2026-01024,PROD-026,Cochabamba,2026-08-17,2026-08-29,2027-08-17,167,162,1,12,66.47,,False
1025,MOV-001025,LOT-2026-01025,PROD-001,Tarija,2026-06-21,2026-07-11,2026-12-18,474,468,6,20,42.39,,False
1026,MOV-001026,LOT-2026-01026,PROD-013,La Paz,2026-05-02,2026-05-12,2026-10-29,97,93,2,10,33.05,,False
1027,MOV-001027,LOT-2026-01027,PROD-007,Cochabamba,2026-06-16,2026-07-07,2027-06-16,833,826,5,21,23.87,,False
1028,MOV-001028,LOT-2026-01028,PROD-054,Tarija,2026-05-16,2026-06-06,2027-05-16,885,877,7,21,81.98,,False
1029,MOV-001029,LOT-2026-01029,PROD-040,Tarija,2026-05-06,2026-05-27,2026-05-24,837,798,33,21,82.17,,False
1030,MOV-001030,LOT-2026-01030,PROD-052,Tarija,2026-08-10,2026-08-22,2027-02-06,582,571,9,12,59.66,,False
1031,MOV-001031,LOT-2026-01031,PROD-025,Oruro,2026-07-28,2026-08-19,2026-08-15,76,72,3,22,45.25,,False
1032,MOV-001032,LOT-2026-01032,PROD-004,Tarija,2026-07-22,2026-08-08,2027-07-22,373,368,4,17,27.26,,False
1033,MOV-001033,LOT-2026-01033,PROD-030,Oruro,2026-08-11,2026-08-20,2027-08-11,763,751,6,9,24.51,,False
1034,MOV-001034,LOT-2026-01034,PROD-015,Tarija,2026-05-17,2026-06-03,2026-11-13,570,561,8,17,54.56,,False
1035,MOV-001035,LOT-2026-01035,PROD-026,Cochabamba,2026-05-27,2026-06-26,2027-05-27,767,756,5,30,66.47,,False
1036,MOV-001036,LOT-2026-01036,PROD-045,Tarija,2026-05-16,2026-06-16,2027-05-16,960,950,5,31,61.85,,False
1037,MOV-001037,LOT-2026-01037,PROD-021,Santa Cruz,2026-07-16,2026-08-04,2027-07-16,118,111,1,19,84.36,,False
1038,MOV-001038,LOT-2026-01038,PROD-030,Tarija,2026-06-30,2026-08-19,2027-06-30,973,946,27,50,24.51,,False
1039,MOV-001039,LOT-2026-01039,PROD-057,Cochabamba,2026-08-06,2026-08-17,2027-08-06,856,849,5,11,39.61,,False
1040,MOV-001040,LOT-2026-01040,PROD-051,Cochabamba,2026-08-03,2026-08-13,2027-01-30,660,645,9,10,21.14,,False
1041,MOV-001041,LOT-2026-01041,PROD-031,Tarija,2026-05-24,2026-05-28,2026-11-20,200,194,4,4,14.93,,False
1042,MOV-001042,LOT-2026-01042,PROD-025,Cochabamba,2026-06-05,2026-06-17,2026-06-23,753,729,19,12,45.25,,False
1043,MOV-001043,LOT-2026-01043,PROD-006,Tarija,2026-05-19,2026-06-05,2027-05-19,425,415,3,17,23.32,,False
1044,MOV-001044,LOT-2026-01044,PROD-043,Tarija,2026-05-24,2026-06-29,2026-06-11,731,677,48,36,71.11,,False
1045,MOV-001045,LOT-2026-01045,PROD-059,La Paz,2026-05-04,2026-05-21,2026-05-22,90,85,3,17,13.44,,False
1046,MOV-001046,LOT-2026-01046,PROD-003,Cochabamba,2026-07-25,2026-08-01,2026-08-12,189,181,5,7,27.19,,False
1047,MOV-001047,LOT-2026-01047,PROD-060,Cochabamba,2026-07-16,2026-07-22,2026-08-03,246,237,7,6,37.99,,False
1048,MOV-001048,LOT-2026-01048,PROD-022,La Paz,2026-07-29,2026-08-18,2027-01-25,904,887,15,20,67.52,,False
1049,MOV-001049,LOT-2026-01049,PROD-058,Santa Cruz,2026-06-06,2026-06-15,2027-06-06,463,456,4,9,83.63,,False
1050,MOV-001050,LOT-2026-01050,PROD-060,Tarija,2026-06-18,2026-06-26,2026-07-06,162,157,4,8,37.99,,False
1051,MOV-001051,LOT-2026-01051,PROD-060,La Paz,2026-06-08,2026-06-16,2026-06-26,971,945,25,8,37.99,,False
1052,MOV-001052,LOT-2026-01052,PROD-051,Santa Cruz,2026-06-02,2026-06-12,2026-11-29,541,533,-7,10,21.14,cantidad_merma,True
1053,MOV-001053,LOT-2026-01053,PROD-033,Tarija,2026-08-13,2026-09-03,2027-08-13,538,527,6,21,77.59,,False
1054,MOV-001054,LOT-2026-01054,PROD-010,Cochabamba,2026-08-12,2026-08-27,2027-08-12,828,822,5,15,47.91,,False
1055,MOV-001055,LOT-2026-01055,PROD-038,Cochabamba,2026-05-05,2026-05-25,2027-05-05,745,736,6,20,13.49,,False
1056,MOV-001056,LOT-2026-01056,PROD-026,Oruro,2026-06-06,2026-07-05,2027-06-06,418,415,3,29,66.47,,False
1057,MOV-001057,LOT-2026-01057,PROD-038,La Paz,2026-08-23,2026-09-04,2027-08-23,520,514,3,12,13.49,,False
1058,MOV-001058,LOT-2026-01058,PROD-031,Tarija,2026-07-20,2026-08-12,2027-01-16,744,731,11,23,14.93,,False
1059,MOV-001059,LOT-2026-01059,PROD-008,La Paz,2026-05-08,2026-05-11,2026-05-26,120,115,3,3,31.75,,False
1060,MOV-001060,LOT-2026-01060,PROD-013,Tarija,2026-08-07,2026-09-18,2027-02-03,735,717,17,42,33.05,,False
1061,MOV-001061,LOT-2026-01061,PROD-016,La Paz,2026-08-14,2026-09-19,2027-08-14,395,389,3,36,44.33,,False
1062,MOV-001062,LOT-2026-01062,PROD-049,Oruro,2026-07-01,2026-07-08,2026-07-19,895,871,23,7,25.49,,False
1063,MOV-001063,LOT-2026-01063,PROD-015,Oruro,2026-06-03,2026-06-14,2026-11-30,298,293,4,11,54.56,,False
1064,MOV-001064,LOT-2026-01064,PROD-004,Tarija,2026-05-17,2026-05-31,2027-05-17,541,532,7,14,27.26,,False
1065,MOV-001065,LOT-2026-01065,PROD-030,Tarija,2026-05-20,2026-06-23,2027-05-20,320,317,2,34,24.51,,False
1066,MOV-001066,LOT-2026-01066,PROD-025,Santa Cruz,2026-05-03,2026-05-17,2026-05-21,cien,76,2,14,45.25,cantidad_ingreso,True
1067,MOV-001067,LOT-2026-01067,PROD-054,Tarija,2026-07-26,2026-08-16,2027-07-26,281,272,2,21,81.98,,False
1068,MOV-001068,LOT-2026-01068,PROD-024,Oruro,2026-06-30,2026-07-24,2027-06-30,720,710,6,24,23.48,,False
1069,MOV-001069,LOT-2026-01069,PROD-013,Santa Cruz,2026-06-08,2026-06-19,2026-12-05,877,862,11,11,33.05,,False
1070,MOV-001070,LOT-2026-01070,PROD-036,Oruro,2026-05-03,2026-05-20,2026-10-30,425,420,5,17,53.28,,False
1071,MOV-001071,LOT-2026-01071,PROD-023,Cochabamba,2026-08-12,2026-08-26,2027-02-08,912,896,13,14,64.4,,False
1072,MOV-001072,LOT-2026-01072,PROD-017,Oruro,2026-08-15,2026-09-20,2026-09-02,247,229,16,36,19.81,,False
1073,MOV-001073,LOT-2026-01073,PROD-044,Santa Cruz,2026-08-18,2026-09-08,2027-08-18,990,979,5,21,65.12,,False
1074,MOV-001074,LOT-2026-01074,PROD-019,Cochabamba,2026-07-09,2026-07-15,2026-07-27,585,569,16,6,62.22,,False
1075,MOV-001075,LOT-2026-01075,PROD-024,La Paz,2026-07-17,2026-08-06,2027-07-17,309,303,2,20,23.48,,False
1076,MOV-001076,LOT-2026-01076,PROD-059,Tarija,2026-05-06,2026-05-28,2026-05-24,758,720,32,22,13.44,,False
1077,MOV-001077,LOT-2026-01077,PROD-060,Oruro,2026-06-28,2026-06-29,2026-07-16,792,769,21,1,37.99,,False
1078,MOV-001078,LOT-2026-01078,PROD-021,La Paz,2026-05-21,2026-06-05,2027-05-21,114,108,1,15,84.36,,False
1079,MOV-001079,LOT-2026-01079,PROD-014,Oruro,2026-06-02,2026-06-20,2027-06-02,203,193,3,18,21.61,,False
1080,MOV-001080,LOT-2026-01080,PROD-057,Tarija,2026-06-23,2026-07-02,2027-06-23,295,292,2,9,39.61,,False
1081,MOV-001081,LOT-2026-01081,PROD-036,Tarija,2026-07-03,2026-07-10,2026-12-30,210,207,3,7,53.28,,False
1082,MOV-001082,LOT-2026-01082,PROD-025,Oruro,2026-05-09,2026-05-20,2026-05-27,936,903,26,11,45.25,,False
1083,MOV-001083,LOT-2026-01083,PROD-034,La Paz,2026-07-17,2026-08-03,2027-07-17,665,654,4,17,83.26,,False
1084,MOV-001084,LOT-2026-01084,PROD-036,Cochabamba,2026-05-20,2026-06-19,2026-11-16,799,785,11,30,53.28,,False
1085,MOV-001085,LOT-2026-01085,PROD-052,Santa Cruz,2026-07-17,2026-08-19,2027-01-13,123,120,2,33,59.66,,False
1086,MOV-001086,LOT-2026-01086,PROD-022,Santa Cruz,2026-08-23,2026-09-23,2027-02-19,204,194,3,31,67.52,,False
1087,MOV-001087,LOT-2026-01087,PROD-009,La Paz,2026-06-13,2026-06-26,2027-06-13,403,401,2,13,16.29,,False
1088,MOV-001088,LOT-2026-01088,PROD-045,Oruro,2026-05-17,2026-06-10,2027-05-17,320,318,2,24,61.85,,False
1089,MOV-001089,LOT-2026-01089,PROD-045,Cochabamba,2026-06-09,2026-06-28,2027-06-09,902,891,6,19,61.85,,False
1090,MOV-001090,LOT-2026-01090,PROD-050,Tarija,2026-05-09,2026-05-13,2026-05-27,603,584,16,4,55.37,,False
1091,MOV-001091,LOT-2026-01091,PROD-047,Cochabamba,2026-05-12,2026-06-04,2027-05-12,979,968,7,23,21.58,,False
1092,MOV-001092,LOT-2026-01092,PROD-054,La Paz,2026-06-15,2026-07-09,2027-06-15,399,390,2,24,81.98,,False
1093,MOV-001093,LOT-2026-01093,PROD-007,Cochabamba,2026-08-07,2026-08-29,2027-08-07,98,95,1,22,23.87,,False
1094,MOV-001094,LOT-2026-01094,PROD-044,Tarija,2026-07-06,2026-07-23,2027-07-06,944,938,5,17,65.12,,False
1095,MOV-001095,LOT-2026-01095,PROD-020,La Paz,2026-07-16,2026-07-23,2026-08-03,472,459,12,7,26.82,,False
1096,MOV-001096,LOT-2026-01096,PROD-054,La Paz,2026-08-16,2026-08-30,2027-08-16,557,552,3,14,81.98,,False
1097,MOV-001097,LOT-2026-01097,PROD-042,La Paz,2026-06-14,2026-07-02,2027-06-14,810,804,4,18,73.69,,False
1098,MOV-001098,LOT-2026-01098,PROD-030,Cochabamba,2026-06-05,2026-06-23,2027-06-05,356,353,2,18,24.51,,False
1099,MOV-001099,LOT-2026-01099,PROD-030,Tarija,2026-08-24,2026-09-13,2027-08-24,253,245,2,20,24.51,,False
1100,MOV-001100,LOT-2026-01100,PROD-046,Tarija,2026-07-17,2026-08-24,2027-07-17,520,510,5,38,12.64,,False
1101,MOV-001101,LOT-2026-01101,PROD-044,Tarija,2026-06-01,2026-07-06,2027-06-01,753,745,5,35,65.12,,False
1102,MOV-001102,LOT-2026-01102,PROD-040,Santa Cruz,2026-07-10,2026-07-24,2026-07-28,715,690,22,14,82.17,,False
1103,MOV-001103,LOT-2026-01103,PROD-015,La Paz,2026-06-15,2026-06-28,2026-12-12,990,969,16,13,54.56,,False
1104,MOV-001104,LOT-2026-01104,PROD-035,Tarija,2026-06-03,2026-06-21,2026-06-21,769,731,31,18,23.85,,False
1105,MOV-001105,LOT-2026-01105,PROD-030,Oruro,2026-06-22,2026-07-13,2027-06-22,111,110,1,21,24.51,,False
1106,MOV-001106,LOT-2026-01106,PROD-039,Tarija,2026-06-14,2026-06-26,2027-06-14,54,51,0,12,56.75,,False
1107,MOV-001107,LOT-2026-01107,PROD-010,Tarija,2026-05-05,2026-06-01,2027-05-05,802,797,4,27,47.91,,False
1108,MOV-001108,LOT-2026-01108,PROD-011,Tarija,2026-07-24,2026-07-25,2026-08-11,491,476,12,1,14.4,,False
1109,MOV-001109,LOT-2026-01109,PROD-052,Cochabamba,2026-06-28,2026-07-23,2026-12-25,253,246,3,25,59.66,,False
1110,MOV-001110,LOT-2026-01110,PROD-057,Cochabamba,2026-05-20,2026-06-04,2027-05-20,714,708,5,15,39.61,,False
1111,MOV-001111,LOT-2026-01111,PROD-052,La Paz,2026-05-28,2026-06-03,2026-11-24,204,199,4,6,59.66,,False
1112,MOV-001112,LOT-2026-01112,PROD-052,Cochabamba,2026-07-15,2026-07-18,2027-01-11,89,84,1,3,59.66,,False
1113,MOV-001113,LOT-2026-01113,PROD-056,Santa Cruz,2026-05-21,2026-06-15,2026-06-08,556,529,25,25,36.51,,False
1114,MOV-001114,LOT-2026-01114,PROD-051,Oruro,2026-08-25,2026-09-02,2027-02-21,291,284,4,8,21.14,,False
1115,MOV-001115,LOT-2026-01115,PROD-057,La Paz,2026-07-21,2026-08-12,2027-07-21,981,970,7,22,39.61,,False
1116,MOV-001116,LOT-2026-01116,PROD-005,Oruro,2026-08-26,2026-09-10,2027-08-26,156,148,1,15,76.84,,False
1117,MOV-001117,LOT-2026-01117,PROD-040,Cochabamba,2026-06-19,2026-06-29,2026-07-07,285,273,8,10,82.17,,False
1118,MOV-001118,LOT-2026-01118,PROD-053,Cochabamba,2026-08-13,2026-09-04,2027-08-13,355,353,2,22,73.12,,False
1119,MOV-001119,LOT-2026-01119,PROD-044,Oruro,2026-07-01,2026-07-14,2027-07-01,115,111,1,13,65.12,,False
1120,MOV-001120,LOT-2026-01120,PROD-058,Tarija,2026-06-21,2026-07-23,2027-06-21,676,672,4,32,83.63,,False
1121,MOV-001121,LOT-2026-01121,PROD-059,Oruro,2026-08-28,2026-08-30,2026-09-15,404,389,12,2,13.44,,False
1122,MOV-001122,LOT-2026-01122,PROD-040,Santa Cruz,2026-05-15,2026-06-01,2026-06-02,692,662,23,17,82.17,,False
1123,MOV-001123,LOT-2026-01123,PROD-032,Tarija,2026-07-29,2026-08-23,2027-07-29,523,519,3,25,63.21,,False
1124,MOV-001124,LOT-2026-01124,PROD-060,Cochabamba,2026-07-09,2026-07-27,2026-07-27,848,808,35,18,37.99,,False
1125,MOV-001125,LOT-2026-01125,PROD-051,Tarija,2026-07-31,2026-08-22,2027-01-27,627,614,8,22,21.14,,False
1126,MOV-001126,LOT-2026-01126,PROD-002,Oruro,2026-07-19,2026-07-24,2026-08-06,892,861,25,5,33.75,,False
1127,MOV-001127,LOT-2026-01127,PROD-039,Cochabamba,2026-07-24,2026-08-07,2027-07-24,594,591,3,14,56.75,,False
1128,MOV-001128,LOT-2026-01128,PROD-049,La Paz,2026-07-11,2026-07-19,2026-07-29,537,519,15,8,25.49,,False
1129,MOV-001129,LOT-2026-01129,PROD-014,Cochabamba,2026-07-22,2026-08-04,2027-07-22,883,877,5,13,21.61,,False
1130,MOV-001130,LOT-2026-01130,PROD-014,Santa Cruz,2026-07-29,2026-08-13,2027-07-29,326,320,2,15,21.61,,False
1131,MOV-001131,LOT-2026-01131,PROD-030,Tarija,2026-07-30,2026-08-20,2027-07-30,621,609,5,21,24.51,,False
1132,MOV-001132,LOT-2026-01132,PROD-029,Santa Cruz,2026-06-23,2026-07-13,2027-06-23,665,659,5,20,60.18,,False
1133,MOV-001133,LOT-2026-01133,PROD-029,Tarija,2026-06-30,2026-07-16,2027-06-30,725,717,5,16,60.18,,False
1134,MOV-001134,LOT-2026-01134,PROD-031,Oruro,2026-05-19,2026-06-01,2026-11-15,185,179,2,13,14.93,,False
1135,MOV-001135,LOT-2026-01135,PROD-022,Santa Cruz,2026-06-07,2026-06-21,2026-12-04,870,850,13,14,67.52,,False
1136,MOV-001136,LOT-2026-01136,PROD-018,Oruro,2026-07-24,2026-08-15,2027-07-24,980,968,7,22,20.82,,False
1137,MOV-001137,LOT-2026-01137,PROD-052,Tarija,2026-05-11,2026-05-20,2026-11-07,198,189,3,9,59.66,,False
1138,MOV-001138,LOT-2026-01138,PROD-004,Tarija,2026-07-03,2026-07-16,2027-07-03,216,209,1,13,27.26,,False
1139,MOV-001139,LOT-2026-01139,PROD-040,Cochabamba,2026-06-29,2026-07-30,2026-07-17,946,886,54,31,82.17,,False
1140,MOV-001140,LOT-2026-01140,PROD-050,La Paz,2026-07-18,2026-07-25,2026-08-05,564,547,16,7,55.37,,False
1141,MOV-001141,LOT-2026-01141,PROD-016,Santa Cruz,2026-06-16,2026-07-07,2027-06-16,56,49,0,21,44.33,,False
1142,MOV-001142,LOT-2026-01142,PROD-033,Santa Cruz,2026-06-05,2026-06-22,2027-06-05,539,534,5,17,77.59,,False
1143,MOV-001143,LOT-2026-01143,PROD-036,Cochabamba,2026-07-14,2026-08-20,2027-01-10,680,664,14,37,53.28,,False
1144,MOV-001144,LOT-2026-01144,PROD-048,Tarija,2026-05-05,2026-06-02,2027-05-05,832,823,5,28,24.01,,False
1145,MOV-001145,LOT-2026-01145,PROD-023,Santa Cruz,2026-08-06,2026-08-25,2027-02-02,318,313,5,19,64.4,,False
1146,MOV-001146,LOT-2026-01146,PROD-058,Oruro,2026-07-14,2026-08-05,2027-07-14,786,775,4,22,83.63,,False
1147,MOV-001147,LOT-2026-01147,PROD-038,Oruro,2026-08-03,2026-08-13,2027-08-03,703,691,5,10,13.49,,False
1148,MOV-001148,LOT-2026-01148,PROD-021,La Paz,2026-05-13,2026-06-11,2027-05-13,748,742,4,29,84.36,,False
1149,MOV-001149,LOT-2026-01149,PROD-023,Tarija,2026-06-19,2026-06-30,2026-12-16,204,199,3,11,64.4,,False
1150,MOV-001150,LOT-2026-01150,PROD-043,Oruro,2026-07-27,2026-08-09,2026-08-14,846,818,25,13,71.11,,False
1151,MOV-001151,LOT-2026-01151,PROD-014,Oruro,2026-07-16,2026-07-28,2027-07-16,984,979,5,12,21.61,,False
1152,MOV-001152,LOT-2026-01152,PROD-034,La Paz,2026-08-04,2026-09-11,2027-08-04,276,271,3,38,83.26,,False
1153,MOV-001153,LOT-2026-01153,PROD-030,Tarija,2026-08-04,2026-08-25,2027-08-04,684,675,4,21,24.51,,False
1154,MOV-001154,LOT-2026-01154,PROD-020,Santa Cruz,2026-05-02,2026-05-12,2026-05-20,978,949,26,10,26.82,,False
1155,MOV-001155,LOT-2026-01155,PROD-028,Cochabamba,2026-06-08,2026-07-13,2027-06-08,762,755,7,35,55.4,,False
1156,MOV-001156,LOT-2026-01156,PROD-029,La Paz,2026-05-07,2026-05-17,2027-05-07,293,290,3,10,60.18,,False
1157,MOV-001157,LOT-2026-01157,PROD-026,La Paz,2026-08-20,2026-10-02,2027-08-20,680,664,12,43,66.47,,False
1158,MOV-001158,LOT-2026-01158,PROD-023,Cochabamba,2026-05-31,2026-06-25,2026-11-27,876,860,14,25,64.4,,False
1159,MOV-001159,LOT-2026-01159,PROD-035,Santa Cruz,2026-06-24,2026-07-24,2026-07-12,679,640,36,30,23.85,,False
1160,MOV-001160,LOT-2026-01160,PROD-021,La Paz,2026-07-24,2026-08-15,2027-07-24,310,308,2,22,84.36,,False
1161,MOV-001161,LOT-2026-01161,PROD-053,Cochabamba,2026-08-01,2026-08-14,2027-08-01,433,425,2,13,73.12,,False
1162,MOV-001162,LOT-2026-01162,PROD-048,Oruro,2026-06-01,2026-07-25,2027-06-01,693,665,25,54,24.01,,False
1163,MOV-001163,LOT-2026-01163,PROD-009,Oruro,2026-06-17,2026-07-06,2027-06-17,601,596,5,19,16.29,,False
1164,MOV-001164,LOT-2026-01164,PROD-046,Santa Cruz,2026-06-01,2026-06-17,2027-06-01,433,423,3,16,12.64,,False
1165,MOV-001165,LOT-2026-01165,PROD-044,Cochabamba,2026-06-01,2026-06-18,2027-06-01,633,625,4,17,65.12,,False
1166,MOV-001166,LOT-2026-01166,PROD-032,Tarija,2026-06-01,2026-06-18,2027-06-01,58,57,0,17,63.21,,False
1167,MOV-001167,LOT-2026-01167,PROD-024,Oruro,2026-07-03,2026-02-31,2027-07-03,685,676,4,23,23.48,fecha_salida,True
1168,MOV-001168,LOT-2026-01168,PROD-008,La Paz,2026-08-01,2026-08-14,2026-08-19,373,359,11,13,31.75,,False
1169,MOV-001169,LOT-2026-01169,PROD-017,Tarija,2026-07-31,2026-08-06,2026-08-18,958,930,27,6,19.81,,False
1170,MOV-001170,LOT-2026-01170,PROD-022,La Paz,2026-05-09,2026-05-13,2026-11-05,799,783,11,4,67.52,,False
1171,MOV-001171,LOT-2026-01171,PROD-037,Oruro,2026-08-06,2026-08-27,2027-08-06,202,197,1,21,64.93,,False
1172,MOV-001172,LOT-2026-01172,PROD-008,Oruro,2026-08-06,2026-08-13,2026-08-24,379,366,10,7,31.75,,False
1173,MOV-001173,LOT-2026-01173,PROD-047,Cochabamba,2026-06-21,2026-07-08,2027-06-21,214,209,1,17,21.58,,False
1174,MOV-001174,LOT-2026-01174,PROD-002,Tarija,2026-05-28,2026-06-10,2026-06-15,860,830,23,13,33.75,,False
1175,MOV-001175,LOT-2026-01175,PROD-004,Oruro,2026-06-30,2026-07-19,2027-06-30,874,868,6,19,27.26,,False
1176,MOV-001176,LOT-2026-01176,PROD-015,Oruro,2026-05-31,2026-06-14,2026-11-27,674,662,10,14,54.56,,False
1177,MOV-001177,LOT-2026-01177,PROD-036,Santa Cruz,2026-08-19,2026-09-10,2027-02-15,375,367,7,22,53.28,,False
1178,MOV-001178,LOT-2026-01178,PROD-054,Cochabamba,2026-06-10,2026-07-14,2027-06-10,878,872,6,34,81.98,,False
1179,MOV-001179,LOT-2026-01179,PROD-013,Cochabamba,2026-05-09,2026-06-05,2026-11-05,110,103,1,27,33.05,,False
1180,MOV-001180,LOT-2026-01180,PROD-053,La Paz,2026-06-30,2026-07-11,2027-06-30,827,821,5,11,73.12,,False
1181,MOV-001181,LOT-2026-01181,PROD-032,Oruro,2026-06-15,2026-07-17,2027-06-15,734,729,5,32,63.21,,False
1182,MOV-001182,LOT-2026-01182,PROD-008,La Paz,2026-07-25,2026-08-09,2026-08-12,882,848,27,15,31.75,,False
1183,MOV-001183,LOT-2026-01183,PROD-013,Cochabamba,2026-06-10,2026-06-26,2026-12-07,665,651,10,16,33.05,,False
1184,MOV-001184,LOT-2026-01184,PROD-017,Tarija,2026-05-22,2026-06-06,2026-06-09,623,597,19,15,19.81,,False
1185,MOV-001185,LOT-2026-01185,PROD-054,Cochabamba,2026-07-26,2026-08-15,2027-07-26,724,713,5,20,81.98,,False
1186,MOV-001186,LOT-2026-01186,PROD-040,La Paz,2026-07-19,2026-07-26,2026-08-06,557,534,18,7,82.17,,False
1187,MOV-001187,LOT-2026-01187,PROD-043,Tarija,2026-06-20,2026-06-27,2026-07-08,338,327,10,7,71.11,,False
1188,MOV-001188,LOT-2026-01188,PROD-024,Santa Cruz,2026-07-10,2026-07-20,2027-07-10,860,847,8,10,23.48,,False
1189,MOV-001189,LOT-2026-01189,PROD-049,Oruro,2026-08-23,2026-09-10,2026-09-10,259,249,9,18,25.49,,False
1190,MOV-001190,LOT-2026-01190,PROD-045,Cochabamba,2026-07-10,2026-07-30,2027-07-10,300,291,2,20,61.85,,False
1191,MOV-001191,LOT-2026-01191,PROD-010,Tarija,2026-05-17,2026-06-04,2027-05-17,139,135,1,18,47.91,,False
1192,MOV-001192,LOT-2026-01192,PROD-045,La Paz,2026-06-12,2026-07-02,2027-06-12,93,87,1,20,61.85,,False
1193,MOV-001193,LOT-2026-01193,PROD-013,Tarija,2026-05-19,2026-05-24,2026-11-15,133,129,2,5,33.05,,False
1194,MOV-001194,LOT-2026-01194,PROD-030,Santa Cruz,2026-06-15,2026-07-04,2027-06-15,401,391,4,19,24.51,,False
1195,MOV-001195,LOT-2026-01195,PROD-048,Tarija,2026-06-12,2026-07-11,2027-06-12,896,885,10,29,24.01,,False
1196,MOV-001196,LOT-2026-01196,PROD-053,Tarija,2026-08-23,2026-09-02,2027-08-23,851,842,8,10,73.12,,False
1197,MOV-001197,LOT-2026-01197,PROD-046,Tarija,2026-06-15,2026-07-08,2027-06-15,698,689,5,23,12.64,,False
1198,MOV-001198,LOT-2026-01198,PROD-021,Oruro,2026-05-31,2026-07-05,2027-05-31,624,615,3,35,84.36,,False
1199,MOV-001199,LOT-2026-01199,PROD-051,La Paz,2026-05-06,2026-05-08,2026-11-02,276,270,4,2,21.14,,False
1200,MOV-001200,LOT-2026-01200,PROD-014,Oruro,2026-05-11,2026-06-01,2027-05-11,252,247,2,21,21.61,,False
1201,MOV-001201,LOT-2026-01201,PROD-020,La Paz,2026-08-23,2026-09-01,2026-09-10,821,799,21,9,26.82,,False
1202,MOV-001202,LOT-2026-01202,PROD-027,Cochabamba,2026-06-10,2026-06-25,2027-06-10,699,694,4,15,44.86,,False
1203,MOV-001203,LOT-2026-01203,PROD-020,Oruro,2026-05-16,2026-06-26,2026-06-03,945,880,65,41,26.82,,False
1204,MOV-001204,LOT-2026-01204,PROD-057,Santa Cruz,2026-07-03,2026-07-19,2027-07-03,386,382,2,16,39.61,,False
1205,MOV-001205,LOT-2026-01205,PROD-028,Oruro,2026-07-06,2026-07-19,2027-07-06,388,379,2,13,55.4,,False
1206,MOV-001206,LOT-2026-01206,PROD-056,Cochabamba,2026-05-29,2026-06-05,2026-06-16,149,142,4,7,36.51,,False
1207,MOV-001207,LOT-2026-01207,PROD-050,La Paz,2026-06-16,2026-07-12,2026-07-04,986,933,49,26,55.37,,False
1208,MOV-001208,LOT-2026-01208,PROD-049,Oruro,2026-07-26,2026-07-31,2026-08-13,663,639,18,5,25.49,,False
1209,MOV-001209,LOT-2026-01209,PROD-002,Santa Cruz,2026-07-16,2026-07-26,2026-08-03,644,628,16,10,33.75,,False
1210,MOV-001210,LOT-2026-01210,PROD-045,Tarija,2026-07-27,2026-08-10,2027-07-27,180,176,1,14,61.85,,False
1211,MOV-001211,LOT-2026-01211,PROD-035,Tarija,2026-07-31,2026-08-21,2026-08-18,604,577,25,21,23.85,,False
1212,MOV-001212,LOT-2026-01212,PROD-011,La Paz,2026-06-29,2026-07-01,2026-07-17,192,185,6,2,14.4,,False
1213,MOV-001213,LOT-2026-01213,PROD-045,Santa Cruz,2026-07-06,2026-08-09,2027-07-06,98,93,1,34,61.85,,False
1214,MOV-001214,LOT-2026-01214,PROD-017,Oruro,2026-06-16,2026-07-01,2026-07-04,981,950,30,15,19.81,,False
1215,MOV-001215,LOT-2026-01215,PROD-040,Santa Cruz,2026-06-05,2026-07-08,2026-06-23,357,333,22,33,82.17,,False
1216,MOV-001216,LOT-2026-01216,PROD-058,Cochabamba,2026-06-19,2026-07-13,2027-06-19,250,246,2,24,83.63,,False
1217,MOV-001217,LOT-2026-01217,PROD-001,Tarija,2026-05-31,2026-06-11,2026-11-27,248,245,3,11,42.39,,False
1218,MOV-001218,LOT-2026-01218,PROD-008,Santa Cruz,2026-07-08,2026-07-16,2026-07-26,225,211,7,8,31.75,,False
1219,MOV-001219,LOT-2026-01219,PROD-011,Cochabamba,2026-08-02,2026-08-05,2026-08-20,852,823,23,3,14.4,,False
1220,MOV-001220,LOT-2026-01220,PROD-036,Cochabamba,2026-07-23,2026-07-25,2027-01-19,570,556,8,2,53.28,,False
1221,MOV-001221,LOT-2026-01221,PROD-037,Oruro,2026-06-29,2026-07-13,2027-06-29,901,888,6,14,64.93,,False
1222,MOV-001222,LOT-2026-01222,PROD-017,Oruro,2026-07-29,2026-08-06,2026-08-16,967,933,32,8,19.81,,False
1223,MOV-001223,LOT-2026-01223,PROD-044,Santa Cruz,2026-06-11,2026-07-08,2027-06-11,975,965,9,27,65.12,,False
1224,MOV-001224,LOT-2026-01224,PROD-017,Santa Cruz,2026-06-14,2026-07-01,2026-07-02,887,855,29,17,19.81,,False
1225,MOV-001225,LOT-2026-01225,PROD-035,La Paz,2026-05-30,2026-06-02,2026-06-17,851,824,21,3,23.85,,False
1226,MOV-001226,LOT-2026-01226,PROD-018,Tarija,2026-07-11,2026-07-27,,947,936,6,16,20.82,fecha_vencimiento,True
1227,MOV-001227,LOT-2026-01227,PROD-021,Oruro,2026-08-06,2026-08-26,2027-08-06,716,710,4,20,84.36,,False
1228,MOV-001228,LOT-2026-01228,PROD-029,Santa Cruz,2026-05-16,2026-06-06,2027-05-16,945,931,8,21,60.18,,False
1229,MOV-001229,LOT-2026-01229,PROD-031,Santa Cruz,2026-06-26,2026-07-19,2026-12-23,355,351,4,23,14.93,,False
1230,MOV-001230,LOT-2026-01230,PROD-055,Oruro,2026-07-27,2026-08-17,2027-07-27,962,950,10,21,60.11,,False
1231,MOV-001231,LOT-2026-01231,PROD-036,Santa Cruz,2026-07-19,2026-07-22,2027-01-15,725,708,11,3,53.28,,False
1232,MOV-001232,LOT-2026-01232,PROD-050,Santa Cruz,2026-08-28,2026-09-04,2026-09-15,548,524,18,7,55.37,,False
1233,MOV-001233,LOT-2026-01233,PROD-053,Cochabamba,2026-07-24,2026-08-22,2027-07-24,456,453,3,29,73.12,,False
1234,MOV-001234,LOT-2026-01234,PROD-051,Tarija,2026-05-25,2026-08-03,2026-11-21,522,486,35,70,21.14,,False
1235,MOV-001235,LOT-2026-01235,PROD-024,La Paz,2026-06-02,2026-06-25,2027-06-02,643,635,6,23,23.48,,False
1236,MOV-001236,LOT-2026-01236,PROD-054,Cochabamba,2026-07-13,2026-08-09,2027-07-13,177,175,1,27,81.98,,False
1237,MOV-001237,LOT-2026-01237,PROD-037,Cochabamba,2026-08-15,2026-09-04,2027-08-15,833,826,7,20,64.93,,False
1238,MOV-001238,LOT-2026-01238,PROD-046,Cochabamba,2026-08-10,2026-09-04,2027-08-10,348,346,2,25,12.64,,False
1239,MOV-001239,LOT-2026-01239,PROD-026,La Paz,2026-05-05,2026-05-24,2027-05-05,840,830,6,19,66.47,,False
1240,MOV-001240,LOT-2026-01240,PROD-035,Cochabamba,2026-06-25,2026-07-12,2026-07-13,329,318,11,17,23.85,,False
1241,MOV-001241,LOT-2026-01241,PROD-044,Cochabamba,2026-06-02,2026-07-02,2027-06-02,603,598,4,30,65.12,,False
1242,MOV-001242,LOT-2026-01242,PROD-011,Oruro,2026-05-07,2026-05-28,2026-05-25,836,802,34,21,14.4,,False
1243,MOV-001243,LOT-2026-01243,PROD-043,Cochabamba,2026-06-19,2026-07-07,2026-07-07,511,490,20,18,71.11,,False
1244,MOV-001244,LOT-2026-01244,PROD-015,Tarija,2026-07-24,2026-07-29,2027-01-20,943,928,13,5,54.56,,False
1245,MOV-001245,LOT-2026-01245,PROD-055,La Paz,2026-06-11,2026-06-25,2027-06-11,389,383,4,14,60.11,,False
1246,MOV-001246,LOT-2026-01246,PROD-045,Oruro,2026-07-12,2026-07-25,2027-07-12,264,259,2,13,61.85,,False
1247,MOV-001247,LOT-2026-01247,PROD-049,La Paz,2026-05-09,2026-05-15,2026-05-27,390,372,11,6,25.49,,False
1248,MOV-001248,LOT-2026-01248,PROD-007,Santa Cruz,2026-08-01,2026-08-27,2027-08-01,214,209,1,26,23.87,,False
1249,MOV-001249,LOT-2026-01249,PROD-057,Tarija,2026-07-10,2026-08-01,2027-07-10,866,858,4,22,39.61,,False
1250,MOV-001250,LOT-2026-01250,PROD-013,Santa Cruz,2026-06-13,2026-06-27,2026-12-10,155,150,2,14,33.05,,False
1251,MOV-001251,LOT-2026-01251,PROD-052,Oruro,2026-07-02,2026-07-09,2026-12-29,716,699,11,7,59.66,,False
1252,MOV-001252,LOT-2026-01252,PROD-022,Santa Cruz,2026-07-27,2026-08-03,2027-01-23,348,343,4,7,67.52,,False
1253,MOV-001253,LOT-2026-01253,PROD-012,Santa Cruz,2026-05-16,2026-06-04,2026-11-12,311,307,4,19,80.8,,False
1254,MOV-001254,LOT-2026-01254,PROD-010,La Paz,2026-05-30,2026-06-20,2027-05-30,357,353,3,21,47.91,,False
1255,MOV-001255,LOT-2026-01255,PROD-030,Tarija,2026-07-26,2026-08-26,2027-07-26,226,225,1,31,24.51,,False
1256,MOV-001256,LOT-2026-01256,PROD-020,Oruro,2026-05-19,2026-05-20,2026-06-06,481,467,12,1,26.82,,False
1257,MOV-001257,LOT-2026-01257,PROD-025,Santa Cruz,2026-07-14,2026-07-16,2026-08-01,540,521,15,2,45.25,,False
1258,MOV-001258,LOT-2026-01258,PROD-038,Oruro,2026-06-24,2026-07-24,2027-06-24,642,637,3,30,13.49,,False
1259,MOV-001259,LOT-2026-01259,PROD-007,Santa Cruz,2026-06-25,2026-07-12,2027-06-25,647,637,4,17,23.87,,False
1260,MOV-001260,LOT-2026-01260,PROD-025,Tarija,2026-07-09,2026-07-10,2026-07-27,965,931,30,1,45.25,,False
1261,MOV-001261,LOT-2026-01261,PROD-035,Santa Cruz,2026-06-06,2026-06-12,2026-06-24,820,798,21,6,23.85,,False
1262,MOV-001262,LOT-2026-01262,PROD-025,Cochabamba,2026-06-08,2026-06-23,2026-06-26,79,75,3,15,45.25,,False
1263,MOV-001263,LOT-2026-01263,PROD-004,Cochabamba,2026-06-06,2026-06-16,2027-06-06,600,589,4,10,27.26,,False
1264,MOV-001264,LOT-2026-01264,PROD-016,Oruro,2026-06-29,2026-07-10,2027-06-29,829,820,4,11,44.33,,False
1265,MOV-001265,LOT-2026-01265,PROD-060,Tarija,2026-08-23,2026-08-29,2026-09-10,127,118,3,6,37.99,,False
1266,MOV-001266,LOT-2026-01266,PROD-006,Tarija,2026-06-15,2026-07-06,2027-06-15,373,365,3,21,23.32,,False
1267,MOV-001267,LOT-2026-01267,PROD-021,Santa Cruz,2026-08-20,2026-09-20,2027-08-20,820,808,10,31,84.36,,False
1268,MOV-001268,LOT-2026-01268,PROD-007,Cochabamba,2026-07-22,2026-08-05,2027-07-22,712,706,5,14,23.87,,False
1269,MOV-001269,LOT-2026-01269,PROD-027,Santa Cruz,2026-07-21,2026-08-07,2027-07-21,622,615,4,17,44.86,,False
1270,MOV-001270,LOT-2026-01270,PROD-059,Tarija,2026-08-28,2026-09-05,2026-09-15,764,743,20,8,13.44,,False
1271,MOV-001271,LOT-2026-01271,PROD-017,Cochabamba,2026-06-27,2026-07-09,2026-07-15,367,351,10,12,19.81,,False
1272,MOV-001272,LOT-2026-01272,PROD-058,Tarija,2026-05-10,2026-06-04,2027-05-10,577,569,5,25,83.63,,False
1273,MOV-001273,LOT-2026-01273,PROD-049,Tarija,2026-05-18,2026-06-06,2026-06-05,748,713,28,19,25.49,,False
1274,MOV-001274,LOT-2026-01274,PROD-046,Oruro,2026-08-15,2026-09-13,2027-08-15,117,113,1,29,12.64,,False
1275,MOV-001275,LOT-2026-01275,PROD-001,Tarija,2026-05-20,2026-05-26,2026-11-16,165,160,2,6,42.39,,False
1276,MOV-001276,LOT-2026-01276,PROD-021,Tarija,2026-05-15,2026-05-30,2027-05-15,677,671,4,15,84.36,,False
1277,MOV-001277,LOT-2026-01277,PROD-042,Cochabamba,2026-06-09,2026-06-28,2027-06-09,952,943,5,19,73.69,,False
1278,MOV-001278,LOT-2026-01278,PROD-044,Tarija,2026-08-17,2026-08-31,2027-08-17,88,80,1,14,65.12,,False
1279,MOV-001279,LOT-2026-01279,PROD-013,Cochabamba,2026-08-18,2026-08-29,2027-02-14,113,110,1,11,33.05,,False
1280,MOV-001280,LOT-2026-01280,PROD-055,Santa Cruz,2026-07-05,2026-07-27,2027-07-05,535,529,3,22,60.11,,False
1281,MOV-001281,LOT-2026-01281,PROD-043,Oruro,2026-08-14,2026-08-26,2026-09-01,568,548,15,12,71.11,,False
1282,MOV-001282,LOT-2026-01282,PROD-043,Oruro,2026-05-23,2026-05-30,2026-06-10,50,45,2,7,71.11,,False
1283,MOV-001283,LOT-2026-01283,PROD-043,Santa Cruz,2026-06-18,2026-06-24,2026-07-06,625,603,17,6,71.11,,False
1284,MOV-001284,LOT-2026-01284,PROD-034,Cochabamba,2026-07-30,2026-08-12,2027-07-30,137,136,1,13,83.26,,False
1285,MOV-001285,LOT-2026-01285,PROD-014,Tarija,2026-07-30,2026-08-12,2027-07-30,642,633,5,13,21.61,,False
1286,MOV-001286,LOT-2026-01286,PROD-041,Tarija,2026-07-24,2026-08-23,2027-07-24,127,120,1,30,14.19,,False
1287,MOV-001287,LOT-2026-01287,PROD-015,La Paz,2026-05-12,2026-05-22,2026-11-08,641,627,8,10,54.56,,False
1288,MOV-001288,LOT-2026-01288,PROD-051,La Paz,2026-07-30,2026-08-14,2027-01-26,671,662,8,15,21.14,,False
1289,MOV-001289,LOT-2026-01289,PROD-031,Oruro,2026-05-30,2026-06-09,2026-11-26,581,569,8,10,14.93,,False
1290,MOV-001290,LOT-2026-01290,PROD-057,Santa Cruz,2026-05-20,2026-06-07,2027-05-20,440,432,3,18,39.61,,False
1291,MOV-001291,LOT-2026-01291,PROD-029,Oruro,2026-07-30,2026-08-20,2027-07-30,550,543,3,21,60.18,,False
1292,MOV-001292,LOT-2026-01292,PROD-003,Tarija,2026-06-28,2026-07-04,2026-07-16,292,281,9,6,27.19,,False
1293,MOV-001293,LOT-2026-01293,PROD-006,Santa Cruz,2026-05-26,2026-06-09,2027-05-26,256,247,2,14,23.32,,False
1294,MOV-001294,LOT-2026-01294,PROD-010,Cochabamba,2026-08-28,2026-09-16,2027-08-28,899,888,5,19,47.91,,False
1295,MOV-001295,LOT-2026-01295,PROD-005,Santa Cruz,2026-07-26,2026-08-16,2027-07-26,966,956,7,21,76.84,,False
1296,MOV-001296,LOT-2026-01296,PROD-023,Tarija,2026-06-15,2026-06-26,2026-12-12,549,535,7,11,64.4,,False
1297,MOV-001297,LOT-2026-01297,PROD-045,Oruro,2026-05-15,2026-05-29,2027-05-15,965,955,6,14,61.85,,False
1298,MOV-001298,LOT-2026-01298,PROD-022,Cochabamba,2026-07-16,2026-07-24,2027-01-12,967,950,13,8,67.52,,False
1299,MOV-001299,LOT-2026-01299,PROD-043,Cochabamba,2026-05-04,2026-05-17,2026-05-22,427,411,12,13,71.11,,False
1300,MOV-001300,LOT-2026-01300,PROD-038,Oruro,2026-06-21,2026-07-19,2027-06-21,113,105,1,28,13.49,,False
1301,MOV-001301,LOT-2026-01301,PROD-027,Tarija,2026-05-29,2026-06-12,2027-05-29,901,894,6,14,44.86,,False
1302,MOV-001302,LOT-2026-01302,PROD-055,Tarija,2026-05-30,2026-06-22,2027-05-30,563,557,4,23,60.11,,False
1303,MOV-001303,LOT-2026-01303,PROD-048,Oruro,2026-05-20,2026-05-31,2027-05-20,499,492,3,11,24.01,,False
1304,MOV-001304,LOT-2026-01304,PROD-016,Cochabamba,2026-05-21,2026-06-28,2027-05-21,238,233,3,38,44.33,,False
1305,MOV-001305,LOT-2026-01305,PROD-005,Santa Cruz,2026-07-22,2026-08-12,2027-07-22,856,843,7,21,76.84,,False
1306,MOV-001306,LOT-2026-01306,PROD-046,La Paz,2026-07-14,2026-08-02,2027-07-14,527,516,4,19,12.64,,False
1307,MOV-001307,LOT-2026-01307,PROD-022,Tarija,2026-06-20,2026-07-08,2026-12-17,163,160,2,18,67.52,,False
1308,MOV-001308,LOT-2026-01308,PROD-006,La Paz,2026-08-17,2026-09-02,2027-08-17,361,358,2,16,23.32,,False
1309,MOV-001309,LOT-2026-01309,PROD-011,Tarija,2026-06-25,2026-06-27,2026-07-13,603,583,20,2,14.4,,False
1310,MOV-001310,LOT-2026-01310,PROD-042,Cochabamba,2026-07-12,2026-08-12,2027-07-12,363,360,2,31,73.69,,False
1311,MOV-001311,LOT-2026-01311,PROD-037,La Paz,2026-06-17,2026-07-24,2027-06-17,851,836,-8,37,64.93,cantidad_merma,True
1312,MOV-001312,LOT-2026-01312,PROD-016,Cochabamba,2026-08-16,2026-09-01,2027-08-16,349,342,2,16,44.33,,False
1313,MOV-001313,LOT-2026-01313,PROD-046,Cochabamba,2026-05-16,2026-05-26,2027-05-16,291,286,2,10,12.64,,False
1314,MOV-001314,LOT-2026-01314,PROD-014,Santa Cruz,2026-05-05,2026-05-18,2027-05-05,712,703,4,13,21.61,,False
1315,MOV-001315,LOT-2026-01315,PROD-028,La Paz,2026-07-02,2026-07-13,2027-07-02,806,801,5,11,55.4,,False
1316,MOV-001316,LOT-2026-01316,PROD-016,Oruro,2026-06-22,2026-07-05,2027-06-22,392,386,2,13,44.33,,False
1317,MOV-001317,LOT-2026-01317,PROD-039,Cochabamba,2026-08-02,2026-08-14,2027-08-02,118,114,1,12,56.75,,False
1318,MOV-001318,LOT-2026-01318,PROD-023,Santa Cruz,2026-06-24,2026-07-02,2026-12-21,811,795,11,8,64.4,,False
1319,MOV-001319,LOT-2026-01319,PROD-052,Santa Cruz,2026-08-11,2026-08-20,2027-02-07,687,675,9,9,59.66,,False
1320,MOV-001320,LOT-2026-01320,PROD-023,Tarija,2026-07-19,2026-08-01,2027-01-15,326,317,4,13,64.4,,False
1321,MOV-001321,LOT-2026-01321,PROD-007,Tarija,2026-08-24,2026-09-08,2027-08-24,945,939,5,15,23.87,,False
1322,MOV-001322,LOT-2026-01322,PROD-022,La Paz,2026-08-12,2026-08-20,2027-02-08,934,915,13,8,67.52,,False
1323,MOV-001323,LOT-2026-01323,PROD-044,Cochabamba,2026-05-14,2026-06-19,2027-05-14,461,451,3,36,65.12,,False
1324,MOV-001324,LOT-2026-01324,PROD-026,La Paz,2026-08-01,2026-08-15,2027-08-01,467,462,4,14,66.47,,False
1325,MOV-001325,LOT-2026-01325,PROD-002,La Paz,2026-05-12,2026-05-17,2026-05-30,795,771,23,5,33.75,,False
1326,MOV-001326,LOT-2026-01326,PROD-041,Oruro,2026-05-11,2026-06-03,2027-05-11,828,819,4,23,14.19,,False
1327,MOV-001327,LOT-2026-01327,PROD-049,Cochabamba,2026-08-06,2026-08-20,2026-08-24,529,511,15,14,25.49,,False
1328,MOV-001328,LOT-2026-01328,PROD-037,La Paz,2026-08-05,2026-08-28,2027-08-05,732,723,4,23,64.93,,False
1329,MOV-001329,LOT-2026-01329,PROD-005,Cochabamba,2026-08-27,2026-09-12,2027-08-27,694,688,5,16,76.84,,False
1330,MOV-001330,LOT-2026-01330,PROD-033,Oruro,2026-07-07,2026-08-02,2027-07-07,760,754,4,26,77.59,,False
1331,MOV-001331,LOT-2026-01331,PROD-048,Cochabamba,2026-08-23,2026-09-19,2027-08-23,833,818,8,27,24.01,,False
1332,MOV-001332,LOT-2026-01332,PROD-007,Tarija,2026-05-17,2026-06-02,2027-05-17,871,858,9,16,23.87,,False
1333,MOV-001333,LOT-2026-01333,PROD-038,Oruro,2026-08-11,2026-08-28,2027-08-11,794,783,7,17,13.49,,False
1334,MOV-001334,LOT-2026-01334,PROD-048,Santa Cruz,2026-06-13,2026-07-09,2027-06-13,228,221,1,26,24.01,,False
1335,MOV-001335,LOT-2026-01335,PROD-025,Santa Cruz,2026-07-14,2026-08-05,2026-08-01,912,870,39,22,45.25,,False
1336,MOV-001336,LOT-2026-01336,PROD-058,Cochabamba,2026-08-15,2026-08-25,2027-08-15,62,57,0,10,83.63,,False
1337,MOV-001337,LOT-2026-01337,PROD-034,La Paz,2026-05-02,2026-05-30,2027-05-02,527,521,4,28,83.26,,False
1338,MOV-001338,LOT-2026-01338,PROD-026,Tarija,2026-08-23,2026-09-13,2027-08-23,89,82,1,21,66.47,,False
1339,MOV-001339,LOT-2026-01339,PROD-008,Cochabamba,2026-07-31,2026-08-16,2026-08-18,901,870,30,16,31.75,,False
1340,MOV-001340,LOT-2026-01340,PROD-056,La Paz,2026-05-26,2026-06-03,2026-06-13,323,312,9,8,36.51,,False
1341,MOV-001341,LOT-2026-01341,PROD-022,Oruro,2026-08-06,2026-08-26,2027-02-02,863,849,13,20,67.52,,False
1342,MOV-001342,LOT-2026-01342,PROD-060,La Paz,2026-05-12,2026-06-03,2026-05-30,354,339,15,22,37.99,,False
1343,MOV-001343,LOT-2026-01343,PROD-032,La Paz,2026-07-22,2026-08-05,2027-07-22,381,377,2,14,63.21,,False
1344,MOV-001344,LOT-2026-01344,PROD-052,Oruro,2026-08-08,2026-08-12,2027-02-04,522,509,7,4,59.66,,False
1345,MOV-001345,LOT-2026-01345,PROD-015,Oruro,2026-05-29,2026-06-18,2026-11-25,420,407,6,20,54.56,,False
1346,MOV-001346,LOT-2026-01346,PROD-022,Cochabamba,2026-07-16,2026-08-22,2027-01-12,997,972,18,37,67.52,,False
1347,MOV-001347,LOT-2026-01347,PROD-039,Santa Cruz,2026-08-16,2026-09-05,2027-08-16,691,685,5,20,56.75,,False
1348,MOV-001348,LOT-2026-01348,PROD-045,Cochabamba,2026-07-03,2026-07-15,2027-07-03,396,392,2,12,61.85,,False
1349,MOV-001349,LOT-2026-01349,PROD-056,Cochabamba,2026-07-03,2026-07-07,2026-07-21,774,747,21,4,36.51,,False
1350,MOV-001350,LOT-2026-01350,PROD-018,Santa Cruz,2026-07-27,2026-08-08,2027-07-27,155,149,1,12,20.82,,False
1351,MOV-001351,LOT-2026-01351,PROD-009,Cochabamba,2026-07-30,2026-08-22,2027-07-30,735,730,4,23,16.29,,False
1352,MOV-001352,LOT-2026-01352,PROD-010,La Paz,2026-07-27,2026-08-27,2027-07-27,121,117,1,31,47.91,,False
1353,MOV-001353,LOT-2026-01353,PROD-051,Oruro,2026-07-31,2026-08-16,2027-01-27,596,589,7,16,21.14,,False
1354,MOV-001354,LOT-2026-01354,PROD-005,La Paz,2026-06-21,2026-07-11,2027-06-21,199,195,2,20,76.84,,False
1355,MOV-001355,LOT-2026-01355,PROD-030,La Paz,2026-05-19,2026-06-03,2027-05-19,424,418,3,15,24.51,,False
1356,MOV-001356,LOT-2026-01356,PROD-004,Tarija,2026-05-22,2026-06-18,2027-05-22,328,321,2,27,27.26,,False
1357,MOV-001357,LOT-2026-01357,PROD-009,Tarija,2026-07-30,2026-08-12,2027-07-30,461,457,4,13,16.29,,False
1358,MOV-001358,LOT-2026-01358,PROD-049,Tarija,2026-06-08,2026-06-11,2026-06-26,736,710,19,3,25.49,,False
1359,MOV-001359,LOT-2026-01359,PROD-019,Oruro,2026-07-07,2026-07-24,2026-07-25,726,700,25,17,62.22,,False
1360,MOV-001360,LOT-2026-01360,PROD-045,La Paz,2026-06-22,2026-07-15,2027-06-22,757,747,6,23,61.85,,False
1361,MOV-001361,LOT-2026-01361,PROD-035,Cochabamba,2026-08-09,2026-08-30,2026-08-27,892,853,37,21,23.85,,False
1362,MOV-001362,LOT-2026-01362,PROD-041,Cochabamba,2026-06-10,2026-07-26,2027-06-10,829,805,18,46,14.19,,False
1363,MOV-001363,LOT-2026-01363,PROD-017,Tarija,2026-05-30,2026-07-05,2026-06-17,137,125,9,36,19.81,,False
1364,MOV-001364,LOT-2026-01364,PROD-005,Oruro,2026-06-25,2026-07-08,2027-06-25,500,490,4,13,76.84,,False
1365,MOV-001365,LOT-2026-01365,PROD-027,Tarija,2026-08-09,2026-09-01,2027-08-09,548,539,5,23,44.86,,False
1366,MOV-001366,LOT-2026-01366,PROD-018,La Paz,2026-08-08,2026-09-07,2027-08-08,516,507,4,30,20.82,,False
1367,MOV-001367,LOT-2026-01367,PROD-029,Santa Cruz,2026-08-21,2026-09-10,2027-08-21,434,426,3,20,60.18,,False
1368,MOV-001368,LOT-2026-01368,PROD-043,Tarija,2026-06-06,2026-06-15,2026-06-24,999,972,27,9,71.11,,False
1369,MOV-001369,LOT-2026-01369,PROD-020,La Paz,2026-07-30,2026-08-07,2026-08-17,352,341,9,8,26.82,,False
1370,MOV-001370,LOT-2026-01370,PROD-025,Santa Cruz,2026-06-13,2026-06-17,2026-07-01,50,49,1,4,45.25,,False
1371,MOV-001371,LOT-2026-01371,PROD-054,Santa Cruz,2026-06-25,2026-07-17,2027-06-25,890,878,7,22,81.98,,False
1372,MOV-001372,LOT-2026-01372,PROD-027,Tarija,2026-05-25,2026-06-11,2027-05-25,841,836,5,17,44.86,,False
1373,MOV-001373,LOT-2026-01373,PROD-014,Cochabamba,2026-06-28,2026-07-13,2027-06-28,857,851,5,15,21.61,,False
1374,MOV-001374,LOT-2026-01374,PROD-011,Cochabamba,2026-05-26,2026-06-08,2026-06-13,887,857,26,13,14.4,,False
1375,MOV-001375,LOT-2026-01375,PROD-001,Tarija,2026-08-08,2026-08-14,2027-02-04,121,113,2,6,42.39,,False
1376,MOV-001376,LOT-2026-01376,PROD-056,Cochabamba,2026-06-12,2026-06-21,2026-06-30,74,71,2,9,36.51,,False
1377,MOV-001377,LOT-2026-01377,PROD-050,La Paz,2026-07-29,2026-08-16,2026-08-16,321,307,11,18,55.37,,False
1378,MOV-001378,LOT-2026-01378,PROD-015,Santa Cruz,2026-07-09,2026-07-21,2027-01-05,457,448,7,12,54.56,,False
1379,MOV-001379,LOT-2026-01379,PROD-016,Tarija,2026-06-29,2026-07-15,2027-06-29,234,225,2,16,44.33,,False
1380,MOV-001380,LOT-2026-01380,PROD-042,Santa Cruz,2026-08-06,2026-08-28,2027-08-06,126,118,1,22,73.69,,False
1381,MOV-001381,LOT-2026-01381,PROD-054,Tarija,2026-05-17,2026-05-30,2027-05-17,880,872,5,13,81.98,,False
1382,MOV-001382,LOT-2026-01382,PROD-006,La Paz,2026-05-24,2026-06-05,2027-05-24,329,324,2,12,23.32,,False
1383,MOV-001383,LOT-2026-01383,PROD-052,Tarija,2026-08-23,2026-09-01,2027-02-19,426,415,5,9,59.66,,False
1384,MOV-001384,LOT-2026-01384,PROD-025,Cochabamba,2026-05-14,2026-06-13,2026-06-01,121,113,7,30,45.25,,False
1385,MOV-001385,LOT-2026-01385,PROD-022,Cochabamba,2026-08-06,2026-08-16,2027-02-02,492,478,7,10,67.52,,False
1386,MOV-001386,LOT-2026-01386,PROD-058,La Paz,2026-06-13,2026-07-08,2027-06-13,499,496,3,25,83.63,,False
1387,MOV-001387,LOT-2026-01387,PROD-036,Santa Cruz,2026-07-21,2026-08-06,2027-01-17,889,872,14,16,53.28,,False
1388,MOV-001388,LOT-2026-01388,PROD-004,Cochabamba,2026-08-19,2026-09-07,2027-08-19,273,269,2,19,27.26,,False
1389,MOV-001389,LOT-2026-01389,PROD-002,Oruro,2026-07-03,2026-07-11,2026-07-21,335,321,9,8,33.75,,False
1390,MOV-001390,LOT-2026-01390,PROD-057,Cochabamba,2026-07-29,2026-09-06,2027-07-29,835,818,13,39,39.61,,False
1391,MOV-001391,LOT-2026-01391,PROD-048,Cochabamba,2026-07-15,2026-08-04,2027-07-15,519,516,3,20,24.01,,False
1392,MOV-001392,LOT-2026-01392,PROD-049,La Paz,2026-08-14,2026-08-31,2026-09-01,325,310,11,17,25.49,,False
1393,MOV-001393,LOT-2026-01393,PROD-010,La Paz,2026-06-06,2026-07-05,2027-06-06,481,472,4,29,47.91,,False
1394,MOV-001394,LOT-2026-01394,PROD-057,Cochabamba,2026-06-03,2026-06-21,2027-06-03,390,384,5,18,39.61,,False
1395,MOV-001395,LOT-2026-01395,PROD-002,Tarija,2026-07-08,2026-07-10,2026-07-26,226,218,6,2,33.75,,False
1396,MOV-001396,LOT-2026-01396,PROD-044,Oruro,2026-08-11,2026-08-24,2027-08-11,320,314,2,13,65.12,,False
1397,MOV-001397,LOT-2026-01397,PROD-045,Tarija,2026-06-24,2026-07-09,2027-06-24,211,202,2,15,61.85,,False
1398,MOV-001398,LOT-2026-01398,PROD-042,Oruro,2026-08-28,2026-09-14,2027-08-28,725,713,6,17,73.69,,False
1399,MOV-001399,LOT-2026-01399,PROD-025,Santa Cruz,2026-08-20,2026-09-06,2026-09-07,453,433,18,17,45.25,,False
1400,MOV-001400,LOT-2026-01400,PROD-015,La Paz,2026-08-17,2026-08-21,2027-02-13,188,181,2,4,54.56,,False
1401,MOV-001401,LOT-2026-01401,PROD-051,Oruro,2026-06-27,2026-07-07,2026-12-24,563,550,7,10,21.14,,False
1402,MOV-001402,LOT-2026-01402,PROD-055,Oruro,2026-06-06,2026-06-18,2027-06-06,906,898,5,12,60.11,,False
1403,MOV-001403,LOT-2026-01403,PROD-022,Santa Cruz,2026-06-19,2026-07-08,2026-12-16,875,860,11,19,67.52,,False
1404,MOV-001404,LOT-2026-01404,PROD-048,La Paz,2026-08-15,2026-08-25,2027-08-15,940,932,5,10,24.01,,False
1405,MOV-001405,LOT-2026-01405,PROD-021,Oruro,2026-05-23,2026-06-20,2027-05-23,379,374,2,28,84.36,,False
1406,MOV-001406,LOT-2026-01406,PROD-053,Tarija,2026-08-12,2026-09-08,2027-08-12,803,797,5,27,73.12,,False
1407,MOV-001407,LOT-2026-01407,PROD-019,Tarija,2026-06-25,2026-06-28,2026-07-13,852,822,25,3,62.22,,False
1408,MOV-001408,LOT-2026-01408,PROD-026,Tarija,2026-07-05,2026-07-23,2027-07-05,338,332,3,18,66.47,,False
1409,MOV-001409,LOT-2026-01409,PROD-020,La Paz,2026-06-27,2026-07-10,2026-07-15,443,423,13,13,26.82,,False
1410,MOV-001410,LOT-2026-01410,PROD-010,Santa Cruz,2026-07-27,2026-08-20,2027-07-27,610,602,4,24,47.91,,False
1411,MOV-001411,LOT-2026-01411,PROD-013,La Paz,2026-08-25,2026-09-12,2027-02-21,364,352,5,18,33.05,,False
1412,MOV-001412,LOT-2026-01412,PROD-021,Tarija,2026-06-28,2026-07-11,2027-06-28,610,602,3,13,84.36,,False
1413,MOV-001413,LOT-2026-01413,PROD-022,La Paz,2026-07-05,2026-07-27,2027-01-01,962,949,12,22,67.52,,False
1414,MOV-001414,LOT-2026-01414,PROD-028,Tarija,2026-06-19,2026-06-29,2027-06-19,715,705,5,10,55.4,,False
1415,MOV-001415,LOT-2026-01415,PROD-008,Santa Cruz,2026-06-22,2026-06-30,2026-07-10,340,328,9,8,31.75,,False
1416,MOV-001416,LOT-2026-01416,PROD-050,Cochabamba,2026-07-13,2026-09-26,2026-07-31,598,523,72,75,55.37,,False
1417,MOV-001417,LOT-2026-01417,PROD-046,Cochabamba,2026-05-27,2026-06-07,2027-05-27,450,444,3,11,12.64,,False
1418,MOV-001418,LOT-2026-01418,PROD-048,Tarija,2026-06-17,2026-07-01,2027-06-17,838,833,5,14,24.01,,False
1419,MOV-001419,LOT-2026-01419,PROD-003,La Paz,2026-05-25,2026-05-30,2026-06-12,705,682,19,5,27.19,,False
1420,MOV-001420,LOT-2026-01420,PROD-012,La Paz,2026-08-21,2026-09-08,2027-02-17,526,519,7,18,80.8,,False
1421,MOV-001421,LOT-2026-01421,PROD-053,La Paz,2026-07-12,2026-08-04,2027-07-12,205,202,2,23,73.12,,False
1422,MOV-001422,LOT-2026-01422,PROD-051,Tarija,2026-05-26,2026-06-06,2026-11-22,592,578,8,11,21.14,,False
1423,MOV-001423,LOT-2026-01423,PROD-047,Santa Cruz,2026-08-12,2026-08-29,2027-08-12,820,810,5,17,21.58,,False
1424,MOV-001424,LOT-2026-01424,PROD-058,Oruro,2026-08-16,2026-09-04,2027-08-16,76,73,1,19,83.63,,False
1425,MOV-001425,LOT-2026-01425,PROD-023,Santa Cruz,2026-07-25,2026-07-30,2027-01-21,164,158,3,5,64.4,,False
1426,MOV-001426,LOT-2026-01426,PROD-010,La Paz,2026-06-13,2026-06-25,2027-06-13,878,865,11,12,47.91,,False
1427,MOV-001427,LOT-2026-01427,PROD-034,Santa Cruz,2026-08-20,2026-09-01,2027-08-20,161,159,1,12,83.26,,False
1428,MOV-001428,LOT-2026-01428,PROD-033,Tarija,2026-08-25,2026-09-25,2027-08-25,849,841,5,31,77.59,,False
1429,MOV-001429,LOT-2026-01429,PROD-027,Santa Cruz,2026-05-08,2026-05-24,2027-05-08,134,129,1,16,44.86,,False
1430,MOV-001430,LOT-2026-01430,PROD-035,Oruro,2026-06-25,2026-07-17,2026-07-13,82,75,3,22,23.85,,False
1431,MOV-001431,LOT-2026-01431,PROD-050,Oruro,2026-07-26,2026-08-14,2026-08-13,845,812,31,19,55.37,,False
1432,MOV-001432,LOT-2026-01432,PROD-054,La Paz,2026-07-30,2026-08-30,2027-07-30,675,668,3,31,81.98,,False
1433,MOV-001433,LOT-2026-01433,PROD-028,Tarija,2026-07-28,2026-08-15,2027-07-28,979,967,10,18,55.4,,False
1434,MOV-001434,LOT-2026-01434,PROD-005,La Paz,2026-07-12,2026-07-23,2027-07-12,150,146,1,11,76.84,,False
1435,MOV-001435,LOT-2026-01435,PROD-058,Tarija,2026-05-11,2026-06-03,2027-05-11,750,741,5,23,83.63,,False
1436,MOV-001436,LOT-2026-01436,PROD-052,Tarija,2026-05-30,2026-06-10,2026-11-26,654,646,8,11,59.66,,False
1437,MOV-001437,LOT-2026-01437,PROD-032,Santa Cruz,2026-07-22,2026-08-14,2027-07-22,664,660,4,23,63.21,,False
1438,MOV-001438,LOT-2026-01438,PROD-032,Santa Cruz,2026-05-12,2026-05-30,2027-05-12,371,364,3,18,63.21,,False
1439,MOV-001439,LOT-2026-01439,PROD-024,Tarija,2026-05-01,2026-05-30,2027-05-01,398,389,2,29,23.48,,False
1440,MOV-001440,LOT-2026-01440,PROD-027,Tarija,2026-05-15,2026-05-30,2027-05-15,741,728,6,15,44.86,,False
1441,MOV-001441,LOT-2026-01441, prod-008 ,Cochabamba,2026-05-05,2026-06-15,2026-05-23,57,53,4,41,31.75,,False
1442,MOV-001442,LOT-2026-01442,PROD-007,La Paz,2026-05-09,2026-06-11,2027-05-09,575,567,4,33,23.87,,False
1443,MOV-001443,LOT-2026-01443,PROD-013,Oruro,2026-08-08,2026-08-25,2027-02-04,959,939,16,17,33.05,,False
1444,MOV-001444,LOT-2026-01444,PROD-039,Cochabamba,2026-06-24,2026-07-14,2027-06-24,352,343,3,20,56.75,,False
1445,MOV-001445,LOT-2026-01445,PROD-037,La Paz,2026-05-29,2026-06-23,2027-05-29,83,78,1,25,64.93,,False
1446,MOV-001446,LOT-2026-01446,PROD-058,Tarija,2026-05-12,2026-06-11,2027-05-12,114,106,1,30,83.63,,False
1447,MOV-001447,LOT-2026-01447,PROD-050,Tarija,2026-08-18,2026-09-09,2026-09-05,788,751,33,22,55.37,,False
1448,MOV-001448,LOT-2026-01448,PROD-057,Santa Cruz,2026-08-21,2026-09-05,2027-08-21,582,574,5,15,39.61,,False
1449,MOV-001449,LOT-2026-01449,PROD-019,La Paz,2026-06-16,2026-06-20,2026-07-04,862,835,23,4,62.22,,False
1450,MOV-001450,LOT-2026-01450,PROD-004,Cochabamba,2026-08-20,2026-09-01,2027-08-20,554,548,3,12,27.26,,False
1451,MOV-001451,LOT-2026-01451,PROD-002,Oruro,2026-05-17,2026-05-27,2026-06-04,333,317,9,10,33.75,,False
1452,MOV-001452,LOT-2026-01452,PROD-053,Cochabamba,2026-06-12,2026-06-24,2027-06-12,206,205,1,12,73.12,,False
1453,MOV-001453,LOT-2026-01453,PROD-037,Santa Cruz,2026-07-09,2026-07-21,2027-07-09,493,489,3,12,64.93,,False
1454,MOV-001454,LOT-2026-01454,PROD-049,Cochabamba,2026-08-21,2026-09-17,2026-09-08,409,383,20,27,25.49,,False
1455,MOV-001455,LOT-2026-01455,PROD-009,Santa Cruz,2026-08-04,2026-08-20,2027-08-04,342,337,2,16,16.29,,False
1456,MOV-001456,LOT-2026-01456,PROD-047,Oruro,2026-08-26,2026-09-21,2027-08-26,321,319,2,26,21.58,,False
1457,MOV-001457,LOT-2026-01457,PROD-041,La Paz,2026-07-17,2026-08-19,2027-07-17,893,879,8,33,14.19,,False
1458,MOV-001458,LOT-2026-01458,PROD-030,Tarija,2026-06-30,2026-07-19,2027-06-30,824,819,5,19,24.51,,False
1459,MOV-001459,LOT-2026-01459,PROD-055,Tarija,2026-05-16,2026-05-30,2027-05-16,990,978,8,14,60.11,,False
1460,MOV-001460,LOT-2026-01460,PROD-023,Santa Cruz,2026-06-24,2026-07-21,2026-12-21,357,348,6,27,64.4,,False
1461,MOV-001461,LOT-2026-01461,PROD-030,Cochabamba,2026-07-09,2026-07-23,2027-07-09,69,63,1,14,24.51,,False
1462,MOV-001462,LOT-2026-01462,PROD-021,La Paz,2026-07-14,2026-07-27,2027-07-14,664,659,5,13,84.36,,False
1463,MOV-001463,LOT-2026-01463,PROD-060,Tarija,2026-08-20,2026-09-05,2026-09-07,628,607,20,16,37.99,,False
1464,MOV-001464,LOT-2026-01464,PROD-045,Cochabamba,2026-08-07,2026-09-06,2027-08-07,999,990,9,30,61.85,,False
1465,MOV-001465,LOT-2026-01465,PROD-057,Cochabamba,2026-08-01,2026-09-23,2027-08-01,634,609,21,53,39.61,,False
1466,MOV-001466,LOT-2026-01466,PROD-049,Cochabamba,2026-07-27,2026-08-07,2026-08-14,633,615,16,11,25.49,,False
1467,MOV-001467,LOT-2026-01467,PROD-040,Santa Cruz,2026-08-02,2026-08-29,2026-08-20,486,461,23,27,82.17,,False
1468,MOV-001468,LOT-2026-01468,PROD-057,La Paz,2026-07-22,2026-08-16,2027-07-22,764,752,9,25,39.61,,False
1469,MOV-001469,LOT-2026-01469,PROD-006,La Paz,2026-08-24,2026-09-20,2027-08-24,220,212,2,27,23.32,,False
1470,MOV-001470,LOT-2026-01470,PROD-041,Tarija,2026-08-25,2026-09-18,2027-08-25,538,529,4,24,14.19,,False
1471,MOV-001471,LOT-2026-01471,PROD-021,Santa Cruz,2026-06-30,2026-08-01,2027-06-30,927,914,6,32,84.36,,False
1472,MOV-001472,LOT-2026-01472,PROD-012,La Paz,2026-05-14,2026-05-18,2026-11-10,482,473,6,4,80.8,,False
1473,MOV-001473,LOT-2026-01473,PROD-015,Oruro,2026-06-22,2026-07-16,2026-12-19,837,827,10,24,54.56,,False
1474,MOV-001474,LOT-2026-01474,PROD-010,Oruro,2026-07-11,2026-07-26,2027-07-11,985,974,6,15,47.91,,False
1475,MOV-001475,LOT-2026-01475,PROD-005,Tarija,2026-07-13,2026-08-12,2027-07-13,384,375,2,30,76.84,,False
1476,MOV-001476,LOT-2026-01476,PROD-020,Cochabamba,2026-08-19,2026-08-26,2026-09-06,274,259,8,7,26.82,,False
1477,MOV-001477,LOT-2026-01477,PROD-052,Santa Cruz,2026-07-12,2026-07-14,2027-01-08,371,362,5,2,59.66,,False
1478,MOV-001478,LOT-2026-01478, prod-009 ,La Paz,2026-05-03,2026-06-16,2027-05-03,393,383,8,44,16.29,,False
1479,MOV-001479,LOT-2026-01479,PROD-014,Santa Cruz,2026-07-24,2026-08-20,2027-07-24,886,875,5,27,21.61,,False
1480,MOV-001480,LOT-2026-01480,PROD-030,Santa Cruz,2026-05-09,2026-06-20,2027-05-09,357,349,6,42,24.51,,False
1481,MOV-001481,LOT-2026-01481,PROD-015,Cochabamba,2026-06-06,2026-06-14,2026-12-03,248,245,3,8,54.56,,False
1482,MOV-001482,LOT-2026-01482,PROD-018,Tarija,2026-08-06,2026-08-29,2027-08-06,967,955,8,23,20.82,,False
1483,MOV-001483,LOT-2026-01483,PROD-052,Cochabamba,2026-08-27,2026-09-15,2027-02-23,836,821,11,19,59.66,,False
1484,MOV-001484,LOT-2026-01484,PROD-042,Oruro,2026-06-23,2026-07-10,2027-06-23,951,943,5,17,73.69,,False
1485,MOV-001485,LOT-2026-01485,PROD-001,La Paz,2026-08-07,2026-08-13,2027-02-03,311,301,5,6,42.39,,False
1486,MOV-001486,LOT-2026-01486,PROD-039,Tarija,2026-06-13,2026-07-04,2027-06-13,956,948,5,21,56.75,,False
1487,MOV-001487,LOT-2026-01487,PROD-048,Santa Cruz,2026-08-27,2026-09-08,2027-08-27,892,883,6,12,24.01,,False
1488,MOV-001488,LOT-2026-01488,PROD-048,Cochabamba,2026-08-20,2026-09-12,2027-08-20,388,379,2,23,24.01,,False
1489,MOV-001489,LOT-2026-01489,PROD-042,Tarija,2026-07-28,2026-08-09,2027-07-28,108,107,1,12,73.69,,False
1490,MOV-001490,LOT-2026-01490,PROD-052,La Paz,2026-06-21,2026-06-25,2026-12-18,337,328,5,4,59.66,,False
1491,MOV-001491,LOT-2026-01491,PROD-016,La Paz,2026-05-17,2026-05-27,2027-05-17,488,479,3,10,44.33,,False
1492,MOV-001492,LOT-2026-01492,PROD-058,Santa Cruz,2026-05-29,2026-06-08,2027-05-29,108,102,1,10,83.63,,False
1493,MOV-001493,LOT-2026-01493,PROD-025,Santa Cruz,2026-07-30,2026-08-06,2026-08-17,570,556,14,7,45.25,,False
1494,MOV-001494,LOT-2026-01494,PROD-047,Cochabamba,2026-05-13,2026-06-14,2027-05-13,365,362,2,32,21.58,,False
1495,MOV-001495,LOT-2026-01495,PROD-022,Oruro,2026-07-19,2026-08-04,2027-01-15,804,791,10,16,67.52,,False
1496,MOV-001496,LOT-2026-01496,PROD-053,Cochabamba,2026-06-20,2026-07-17,2027-06-20,651,643,3,27,73.12,,False
1497,MOV-001497,LOT-2026-01497,PROD-007,Santa Cruz,2026-07-30,2026-08-14,2027-07-30,370,368,2,15,23.87,,False
1498,MOV-001498,LOT-2026-01498,PROD-044,Oruro,2026-08-20,2026-09-12,2027-08-20,434,429,3,23,65.12,,False
1499,MOV-001499,LOT-2026-01499,PROD-004,La Paz,2026-07-03,2026-07-24,2027-07-03,301,298,3,21,27.26,,False
1500,MOV-001500,LOT-2026-01500,PROD-030,Tarija,2026-08-18,2026-09-01,2027-08-18,807,800,5,14,24.51,,False
1501,MOV-001501,LOT-2026-01501,PROD-051,Cochabamba,2026-08-06,2026-08-13,2027-02-02,831,813,11,7,21.14,,False
1502,MOV-001502,LOT-2026-01502,PROD-012,Santa Cruz,2026-08-03,2026-08-25,2027-01-30,573,560,9,22,80.8,,False
1503,MOV-001503,LOT-2026-01503,PROD-046,Cochabamba,2026-08-22,2026-09-23,2027-08-22,383,381,2,32,12.64,,False
1504,MOV-001504,LOT-2026-01504,PROD-001,La Paz,2026-05-17,2026-05-28,2026-11-13,978,956,16,11,42.39,,False
1505,MOV-001505,LOT-2026-01505,PROD-046,La Paz,2026-05-16,2026-06-19,2027-05-16,811,798,7,34,12.64,,False
1506,MOV-001506,LOT-2026-01506,PROD-013,Santa Cruz,2026-06-26,2026-02-31,2026-12-23,887,869,11,7,33.05,fecha_salida,True
1507,MOV-001507,LOT-2026-01507,PROD-018,Tarija,2026-07-04,2026-07-30,2027-07-04,930,923,5,26,20.82,,False
1508,MOV-001508,LOT-2026-01508,PROD-010,Cochabamba,2026-05-09,2026-05-25,2027-05-09,957,946,6,16,47.91,,False
1509,MOV-001509,LOT-2026-01509,PROD-032,Cochabamba,2026-07-02,2026-07-19,2027-07-02,366,360,5,17,63.21,,False
1510,MOV-001510,LOT-2026-01510,PROD-034,La Paz,2026-08-11,2026-09-19,2027-08-11,225,219,3,39,83.26,,False
1511,MOV-001511,LOT-2026-01511,PROD-017,La Paz,2026-06-10,2026-06-18,2026-06-28,809,785,21,8,19.81,,False
1512,MOV-001512,LOT-2026-01512,PROD-002,La Paz,2026-06-20,2026-06-22,2026-07-08,604,583,17,2,33.75,,False
1513,MOV-001513,LOT-2026-01513,PROD-037,Cochabamba,2026-06-23,2026-08-12,2027-06-23,603,580,17,50,64.93,,False
1514,MOV-001514,LOT-2026-01514,PROD-003,La Paz,2026-08-07,2026-08-10,2026-08-25,100,92,3,3,27.19,,False
1515,MOV-001515,LOT-2026-01515,PROD-046,Oruro,2026-06-27,2026-07-15,2027-06-27,182,174,1,18,12.64,,False
1516,MOV-001516,LOT-2026-01516,PROD-032,Cochabamba,2026-07-12,2026-08-07,2027-07-12,188,187,1,26,63.21,,False
1517,MOV-001517,LOT-2026-01517,PROD-009,Oruro,2026-06-24,2026-07-13,2027-06-24,415,407,5,19,16.29,,False
1518,MOV-001518,LOT-2026-01518,PROD-042,La Paz,2026-07-25,2026-08-10,2027-07-25,745,734,5,16,73.69,,False
1519,MOV-001519,LOT-2026-01519,PROD-034,La Paz,2026-08-17,2026-09-12,2027-08-17,378,369,2,26,83.26,,False
1520,MOV-001520,LOT-2026-01520,PROD-012,La Paz,2026-07-14,2026-07-16,2027-01-10,515,505,10,2,80.8,,False
1521,MOV-001521,LOT-2026-01521,PROD-014,Cochabamba,2026-08-12,2026-09-07,2027-08-12,573,561,5,26,21.61,,False
1522,MOV-001522,LOT-2026-01522,PROD-022,Oruro,2026-08-11,2026-09-01,2027-02-07,344,337,4,21,67.52,,False
1523,MOV-001523,LOT-2026-01523,PROD-029,Santa Cruz,2026-08-24,2026-09-11,2027-08-24,415,405,3,18,60.18,,False
1524,MOV-001524,LOT-2026-01524,PROD-051,Oruro,2026-06-25,2026-06-30,2026-12-22,204,198,3,5,21.14,,False
1525,MOV-001525,LOT-2026-01525,PROD-001,Tarija,2026-05-30,2026-06-15,2026-11-26,851,835,12,16,42.39,,False
1526,MOV-001526,LOT-2026-01526,PROD-041,Oruro,2026-06-26,2026-07-27,2027-06-26,423,417,4,31,14.19,,False
1527,MOV-001527,LOT-2026-01527,PROD-059,Tarija,2026-06-13,2026-06-29,2026-07-01,524,502,18,16,13.44,,False
1528,MOV-001528,LOT-2026-01528,PROD-030,La Paz,2026-06-18,2026-07-04,2027-06-18,944,931,7,16,24.51,,False
1529,MOV-001529,LOT-2026-01529,PROD-001,Tarija,2026-06-17,2026-07-02,2026-12-14,446,438,6,15,42.39,,False
1530,MOV-001530,LOT-2026-01530,PROD-049,Oruro,2026-06-11,2026-06-21,2026-06-29,731,707,21,10,25.49,,False
1531,MOV-001531,LOT-2026-01531,PROD-052,La Paz,2026-07-14,2026-07-26,2027-01-10,997,981,14,12,59.66,,False
1532,MOV-001532,LOT-2026-01532,PROD-060,Cochabamba,2026-05-14,2026-05-20,2026-06-01,477,464,13,6,37.99,,False
1533,MOV-001533,LOT-2026-01533,PROD-016,Cochabamba,2026-07-20,2026-08-02,2027-07-20,378,372,2,13,44.33,,False
1534,MOV-001534,LOT-2026-01534,PROD-048,Santa Cruz,2026-05-24,2026-06-11,2027-05-24,722,714,7,18,24.01,,False
1535,MOV-001535,LOT-2026-01535,PROD-030,Santa Cruz,2026-06-06,2026-06-22,2027-06-06,448,441,3,16,24.51,,False
1536,MOV-001536,LOT-2026-01536,PROD-035,La Paz,2026-05-28,2026-06-02,2026-06-15,787,763,20,5,23.85,,False
1537,MOV-001537,LOT-2026-01537,PROD-037,Oruro,2026-08-24,2026-09-24,2027-08-24,492,486,6,31,64.93,,False
1538,MOV-001538,LOT-2026-01538,PROD-040,Santa Cruz,2026-08-07,2026-08-18,2026-08-25,124,119,3,11,82.17,,False
1539,MOV-001539,LOT-2026-01539,PROD-060,Santa Cruz,2026-06-27,2026-08-04,2026-07-15,463,432,31,38,37.99,,False
1540,MOV-001540,LOT-2026-01540,PROD-043,Tarija,2026-07-20,2026-08-02,2026-08-07,163,157,5,13,71.11,,False
1541,MOV-001541,LOT-2026-01541,PROD-032,La Paz,2026-05-21,2026-06-07,2027-05-21,398,393,3,17,63.21,,False
1542,MOV-001542,LOT-2026-01542,PROD-027,Oruro,2026-05-27,2026-06-06,2027-05-27,836,825,6,10,44.86,,False
1543,MOV-001543,LOT-2026-01543,PROD-013,La Paz,2026-05-20,2026-05-26,2026-11-16,971,950,14,6,33.05,,False
1544,MOV-001544,LOT-2026-01544,PROD-026,Tarija,2026-07-22,2026-08-15,2027-07-22,956,943,6,24,66.47,,False
1545,MOV-001545,LOT-2026-01545,PROD-046,Tarija,2026-08-09,2026-09-05,2027-08-09,79,78,1,27,12.64,,False
1546,MOV-001546,LOT-2026-01546,PROD-028,Tarija,2026-05-31,2026-06-15,2027-05-31,194,187,2,15,55.4,,False
1547,MOV-001547,LOT-2026-01547,PROD-021,Oruro,2026-05-17,2026-06-13,2027-05-17,501,491,3,27,84.36,,False
1548,MOV-001548,LOT-2026-01548,PROD-031,La Paz,2026-08-03,2026-09-05,2027-01-30,119,117,2,33,14.93,,False
1549,MOV-001549,LOT-2026-01549,PROD-013,Tarija,2026-07-15,2026-07-18,2027-01-11,380,369,6,3,33.05,,False
1550,MOV-001550,LOT-2026-01550,PROD-001,La Paz,2026-05-13,2026-05-16,2026-11-09,640,626,9,3,42.39,,False
1551,MOV-001551,LOT-2026-01551,PROD-031,Santa Cruz,2026-07-17,2026-07-25,2027-01-13,795,782,10,8,14.93,,False
1552,MOV-001552,LOT-2026-01552,PROD-019,Cochabamba,2026-05-26,2026-06-16,2026-06-13,504,479,20,21,62.22,,False
1553,MOV-001553,LOT-2026-01553,PROD-003,Tarija,2026-07-18,2026-08-03,2026-08-05,929,896,31,16,27.19,,False
1554,MOV-001554,LOT-2026-01554,PROD-046,Santa Cruz,2026-07-25,2026-08-03,2027-07-25,572,565,4,9,12.64,,False
1555,MOV-001555,LOT-2026-01555,PROD-001,Tarija,2026-06-11,2026-07-02,2026-12-08,528,516,8,21,42.39,,False
1556,MOV-001556,LOT-2026-01556,PROD-037,Tarija,2026-05-14,2026-05-29,2027-05-14,503,495,4,15,64.93,,False
1557,MOV-001557,LOT-2026-01557,PROD-004,La Paz,2026-08-11,2026-08-25,2027-08-11,322,320,2,14,27.26,,False
1558,MOV-001558,LOT-2026-01558,PROD-012,Santa Cruz,2026-07-16,2026-08-06,2027-01-12,694,682,9,21,80.8,,False
1559,MOV-001559,LOT-2026-01559,PROD-014,Oruro,2026-07-02,2026-07-14,2027-07-02,372,366,2,12,21.61,,False
1560,MOV-001560,LOT-2026-01560,PROD-051,Oruro,2026-05-27,2026-06-11,2026-11-23,185,177,3,15,21.14,,False
1561,MOV-001561,LOT-2026-01561,PROD-032,Cochabamba,2026-08-25,2026-09-07,2027-08-25,649,641,6,13,63.21,,False
1562,MOV-001562,LOT-2026-01562,PROD-054,Oruro,2026-06-19,2026-07-06,2027-06-19,641,631,6,17,81.98,,False
1563,MOV-001563,LOT-2026-01563,PROD-036,Tarija,2026-05-15,2026-05-23,2026-11-11,479,470,6,8,53.28,,False
1564,MOV-001564,LOT-2026-01564,PROD-023,Cochabamba,2026-08-19,2026-09-18,2027-02-15,609,596,9,30,64.4,,False
1565,MOV-001565,LOT-2026-01565,PROD-038,Santa Cruz,2026-07-01,2026-08-15,2027-07-01,428,416,9,45,13.49,,False
1566,MOV-001566,LOT-2026-01566,PROD-041,Tarija,2026-07-14,2026-08-04,2027-07-14,329,323,2,21,14.19,,False
1567,MOV-001567,LOT-2026-01567,PROD-038,Oruro,2026-05-13,2026-06-08,2027-05-13,707,697,4,26,13.49,,False
1568,MOV-001568,LOT-2026-01568,PROD-008,Cochabamba,2026-06-27,2026-06-30,2026-07-15,833,806,22,3,31.75,,False
1569,MOV-001569,LOT-2026-01569,PROD-037,Santa Cruz,2026-07-15,2026-08-13,2027-07-15,394,390,2,29,64.93,,False
1570,MOV-001570,LOT-2026-01570,PROD-011,Cochabamba,2026-07-17,2026-07-27,2026-08-04,852,822,23,10,14.4,,False
1571,MOV-001571,LOT-2026-01571,PROD-025,Oruro,2026-08-20,2026-09-07,2026-09-07,373,356,13,18,45.25,,False
1572,MOV-001572,LOT-2026-01572,PROD-003,Tarija,2026-08-19,2026-09-13,2026-09-06,591,559,27,25,27.19,,False
1573,MOV-001573,LOT-2026-01573,PROD-006,Tarija,2026-05-16,2026-06-11,2027-05-16,90,88,1,26,23.32,,False
1574,MOV-001574,LOT-2026-01574,PROD-025,Cochabamba,2026-07-04,2026-07-13,2026-07-22,146,135,4,9,45.25,,False
1575,MOV-001575,LOT-2026-01575,PROD-051,Cochabamba,2026-08-21,2026-10-01,2027-02-17,400,384,9,41,21.14,,False
1576,MOV-001576,LOT-2026-01576,PROD-005,Cochabamba,2026-08-28,2026-09-10,2027-08-28,176,175,1,13,76.84,,False
1577,MOV-001577,LOT-2026-01577,PROD-034,Oruro,2026-05-10,2026-05-19,2027-05-10,87,84,0,9,83.26,,False
1578,MOV-001578,LOT-2026-01578,PROD-052,Oruro,2026-06-11,2026-06-13,2026-12-08,165,162,2,2,59.66,,False
1579,MOV-001579,LOT-2026-01579,PROD-044,La Paz,2026-06-01,2026-06-22,2027-06-01,753,744,4,21,65.12,,False
1580,MOV-001580,LOT-2026-01580,PROD-048,Cochabamba,2026-08-05,2026-08-28,2027-08-05,625,616,5,23,24.01,,False
1581,MOV-001581,LOT-2026-01581,PROD-005,La Paz,2026-08-27,2026-09-28,2027-08-27,339,333,3,32,76.84,,False
1582,MOV-001582,LOT-2026-01582,PROD-029,Cochabamba,2026-05-23,2026-06-12,2027-05-23,951,938,6,20,60.18,,False
1583,MOV-001583,LOT-2026-01583,PROD-041,Oruro,2026-06-06,2026-06-17,2027-06-06,448,443,4,11,14.19,,False
1584,MOV-001584,LOT-2026-01584,PROD-022,Oruro,2026-06-05,2026-06-12,2026-12-02,704,693,9,7,67.52,,False
1585,MOV-001585,LOT-2026-01585,PROD-036,Oruro,2026-07-17,2026-07-23,2027-01-13,142,134,2,6,53.28,,False
1586,MOV-001586,LOT-2026-01586,PROD-031,La Paz,2026-08-02,2026-08-27,2027-01-29,570,559,10,25,14.93,,False
1587,MOV-001587,LOT-2026-01587,PROD-051,Oruro,2026-07-26,2026-08-27,2027-01-22,214,207,3,32,21.14,,False
1588,MOV-001588,LOT-2026-01588,PROD-033,Cochabamba,2026-06-18,2026-07-09,2027-06-18,260,254,2,21,77.59,,False
1589,MOV-001589,LOT-2026-01589,PROD-004,Santa Cruz,2026-08-07,2026-08-24,2027-08-07,850,840,4,17,27.26,,False
1590,MOV-001590,LOT-2026-01590,PROD-045,Santa Cruz,2026-08-08,2026-08-21,2027-08-08,330,325,2,13,61.85,,False
1591,MOV-001591,LOT-2026-01591,PROD-024,Oruro,2026-06-18,2026-07-06,2027-06-18,260,258,2,18,23.48,,False
1592,MOV-001592,LOT-2026-01592,PROD-060,Tarija,2026-05-20,2026-06-12,2026-06-07,428,407,18,23,37.99,,False
1593,MOV-001593,LOT-2026-01593,PROD-009,La Paz,2026-05-05,2026-05-17,2027-05-05,831,818,7,12,16.29,,False
1594,MOV-001594,LOT-2026-01594,PROD-004,La Paz,2026-06-18,2026-07-05,2027-06-18,96,91,1,17,27.26,,False
1595,MOV-001595,LOT-2026-01595,PROD-034,Santa Cruz,2026-07-10,2026-07-28,2027-07-10,809,801,5,18,83.26,,False
1596,MOV-001596,LOT-2026-01596,PROD-008,Oruro,2026-07-19,2026-07-26,2026-08-06,498,482,13,7,31.75,,False
1597,MOV-001597,LOT-2026-01597,PROD-038,La Paz,2026-05-11,2026-05-21,2027-05-11,345,342,2,10,13.49,,False
1598,MOV-001598,LOT-2026-01598,PROD-040,Cochabamba,2026-07-17,2026-07-29,2026-08-04,879,852,23,12,82.17,,False
1599,MOV-001599,LOT-2026-01599,PROD-041,La Paz,2026-06-13,2026-06-27,2027-06-13,506,500,3,14,14.19,,False
1600,MOV-001600,LOT-2026-01600,PROD-023,Oruro,2026-06-11,2026-06-24,2026-12-08,216,212,3,13,64.4,,False
1601,MOV-001601,LOT-2026-01601,PROD-015,Cochabamba,2026-06-23,2026-07-13,2026-12-20,691,675,9,20,54.56,,False
1602,MOV-001602,LOT-2026-01602,PROD-049,Tarija,2026-06-24,2026-07-08,2026-07-12,553,534,16,14,25.49,,False
1603,MOV-001603,LOT-2026-01603,PROD-023,Oruro,2026-08-10,2026-08-30,2027-02-06,331,321,5,20,64.4,,False
1604,MOV-001604,LOT-2026-01604,PROD-037,La Paz,2026-05-10,2026-06-06,2027-05-10,666,658,6,27,64.93,,False
1605,MOV-001605,LOT-2026-01605,PROD-057,Oruro,2026-07-21,2026-08-07,2027-07-21,393,390,2,17,39.61,,False
1606,MOV-001606,LOT-2026-01606,PROD-045,Santa Cruz,2026-05-09,2026-05-21,2027-05-09,104,102,1,12,61.85,,False
1607,MOV-001607,LOT-2026-01607,PROD-034,Tarija,2026-08-27,2026-09-19,2027-08-27,143,137,1,23,83.26,,False
1608,MOV-001608,LOT-2026-01608,PROD-022,Tarija,2026-08-02,2026-08-14,2027-01-29,825,807,12,12,67.52,,False
1609,MOV-001609,LOT-2026-01609,PROD-031,Tarija,2026-05-30,2026-06-12,2026-11-26,421,411,6,13,14.93,,False
1610,MOV-001610,LOT-2026-01610,PROD-017,Cochabamba,27/05/2026,2026-06-06,2026-06-14,418,404,11,10,19.81,fecha_ingreso,True
1611,MOV-001611,LOT-2026-01611,PROD-036,Cochabamba,2026-07-16,2026-07-22,2027-01-12,325,315,4,6,53.28,,False
1612,MOV-001612,LOT-2026-01612,PROD-043,Oruro,2026-08-10,2026-08-24,2026-08-28,331,318,10,14,71.11,,False
1613,MOV-001613,LOT-2026-01613,PROD-031,Oruro,2026-07-17,2026-07-28,2027-01-13,931,915,11,11,14.93,,False
1614,MOV-001614,LOT-2026-01614,PROD-016,La Paz,2026-08-02,2026-08-14,2027-08-02,673,665,4,12,44.33,,False
1615,MOV-001615,LOT-2026-01615,PROD-049,Tarija,2026-07-24,2026-08-15,2026-08-11,560,536,23,22,25.49,,False
1616,MOV-001616,LOT-2026-01616,PROD-024,Tarija,2026-05-21,2026-06-02,2027-05-21,78,75,1,12,23.48,,False
1617,MOV-001617,LOT-2026-01617,PROD-028,Santa Cruz,2026-06-26,2026-07-12,2027-06-26,733,727,5,16,55.4,,False
1618,MOV-001618,LOT-2026-01618,PROD-053,Cochabamba,2026-05-08,2026-06-06,2027-05-08,749,738,5,29,73.12,,False
1619,MOV-001619,LOT-2026-01619,PROD-035,La Paz,2026-05-19,2026-05-28,2026-06-06,352,338,10,9,23.85,,False
1620,MOV-001620,LOT-2026-01620,PROD-030,La Paz,2026-05-16,2026-06-02,2027-05-16,350,347,2,17,24.51,,False
1621,MOV-001621,LOT-2026-01621,PROD-059,Santa Cruz,2026-05-05,2026-05-10,2026-05-23,721,699,18,5,13.44,,False
1622,MOV-001622,LOT-2026-01622,PROD-046,Santa Cruz,2026-05-20,2026-06-03,2027-05-20,68,62,1,14,12.64,,False
1623,MOV-001623,LOT-2026-01623,PROD-008,Santa Cruz,2026-06-11,2026-06-29,2026-06-29,243,233,8,18,31.75,,False
1624,MOV-001624,LOT-2026-01624,PROD-009,Santa Cruz,2026-06-17,2026-07-15,2027-06-17,870,856,7,28,16.29,,False
1625,MOV-001625,LOT-2026-01625,PROD-058,Tarija,2026-06-22,2026-07-22,2027-06-22,983,977,6,30,83.63,,False
1626,MOV-001626,LOT-2026-01626,PROD-006,Santa Cruz,2026-05-27,2026-06-27,2027-05-27,578,573,3,31,23.32,,False
1627,MOV-001627,LOT-2026-01627,PROD-010,La Paz,2026-07-23,2026-08-10,2027-07-23,398,388,3,18,47.91,,False
1628,MOV-001628,LOT-2026-01628,PROD-034,Cochabamba,2026-05-11,2026-06-12,2027-05-11,190,189,1,32,83.26,,False
1629,MOV-001629,LOT-2026-01629,PROD-058,Cochabamba,2026-05-08,2026-05-25,2027-05-08,569,559,4,17,83.63,,False
1630,MOV-001630,LOT-2026-01630,PROD-028,Cochabamba,2026-07-26,2026-08-12,2027-07-26,800,791,5,17,55.4,,False
1631,MOV-001631,LOT-2026-01631,PROD-038,Oruro,2026-08-04,2026-08-31,2027-08-04,935,925,6,27,13.49,,False
1632,MOV-001632,LOT-2026-01632,PROD-021,La Paz,2026-07-10,2026-08-21,2027-07-10,212,209,3,42,84.36,,False
1633,MOV-001633,LOT-2026-01633,PROD-023,Cochabamba,2026-06-25,2026-07-03,2026-12-22,800,783,10,8,64.4,,False
1634,MOV-001634,LOT-2026-01634,PROD-010,Oruro,2026-08-18,2026-09-13,2027-08-18,149,144,1,26,47.91,,False
1635,MOV-001635,LOT-2026-01635,PROD-039,Oruro,2026-05-08,2026-06-13,2027-05-08,330,328,2,36,56.75,,False
1636,MOV-001636,LOT-2026-01636,PROD-034,Cochabamba,2026-08-10,2026-08-26,2027-08-10,163,160,2,16,83.26,,False
1637,MOV-001637,LOT-2026-01637,PROD-039,Tarija,2026-07-03,2026-08-06,2027-07-03,158,157,1,34,56.75,,False
1638,MOV-001638,LOT-2026-01638,PROD-002,Oruro,2026-07-28,2026-08-12,2026-08-15,461,440,14,15,33.75,,False
1639,MOV-001639,LOT-2026-01639,PROD-034,Oruro,2026-06-23,2026-07-20,2027-06-23,362,360,2,27,83.26,,False
1640,MOV-001640,LOT-2026-01640,PROD-005,Tarija,2026-06-20,2026-06-30,2027-06-20,73,70,1,10,76.84,,False
1641,MOV-001641,LOT-2026-01641,PROD-020,Cochabamba,2026-08-16,2026-08-22,2026-09-03,838,808,23,6,26.82,,False
1642,MOV-001642,LOT-2026-01642,PROD-017,Tarija,2026-07-01,2026-07-04,2026-07-19,562,543,14,3,19.81,,False
1643,MOV-001643,LOT-2026-01643,PROD-043,Oruro,2026-05-06,2026-05-18,2026-05-24,204,193,6,12,71.11,,False
1644,MOV-001644,LOT-2026-01644,PROD-047,Santa Cruz,2026-07-24,2026-08-04,2027-07-24,613,609,3,11,21.58,,False
1645,MOV-001645,LOT-2026-01645,PROD-028,La Paz,2026-05-23,2026-06-10,2027-05-23,933,927,6,18,55.4,,False
1646,MOV-001646,LOT-2026-01646,PROD-017,Santa Cruz,2026-06-27,2026-07-02,2026-07-15,264,254,7,5,19.81,,False
1647,MOV-001647,LOT-2026-01647,PROD-018,Santa Cruz,2026-06-16,2026-07-02,2027-06-16,281,273,2,16,20.82,,False
1648,MOV-001648,LOT-2026-01648,PROD-041,La Paz,2026-06-25,2026-07-09,2027-06-25,159,153,1,14,14.19,,False
1649,MOV-001649,LOT-2026-01649,PROD-057,Cochabamba,2026-06-13,2026-07-05,2027-06-13,673,664,7,22,39.61,,False
1650,MOV-001650,LOT-2026-01650,PROD-034,Cochabamba,2026-06-21,2026-07-01,2027-06-21,694,687,4,10,83.26,,False
1651,MOV-001651,LOT-2026-01651,PROD-015,Oruro,2026-08-26,2026-02-31,2027-02-22,443,435,6,4,54.56,fecha_salida,True
1652,MOV-001652,LOT-2026-01652,PROD-040,La Paz,2026-07-05,2026-07-19,2026-07-23,201,192,6,14,82.17,,False
1653,MOV-001653,LOT-2026-01653,PROD-036,Santa Cruz,2026-07-24,2026-07-28,2027-01-20,352,347,5,4,53.28,,False
1654,MOV-001654,LOT-2026-01654,PROD-001,La Paz,2026-06-27,2026-07-06,2026-12-24,601,586,8,9,42.39,,False
1655,MOV-001655,LOT-2026-01655,PROD-021,Santa Cruz,2026-06-23,2026-07-08,2027-06-23,198,192,1,15,84.36,,False
1656,MOV-001656,LOT-2026-01656,PROD-041,Tarija,2026-05-05,2026-05-25,2027-05-05,536,525,5,20,14.19,,False
1657,MOV-001657,LOT-2026-01657,PROD-029,Tarija,2026-05-11,2026-05-30,2027-05-11,271,264,2,19,60.18,,False
1658,MOV-001658,LOT-2026-01658,PROD-004,Santa Cruz,2026-08-23,2026-09-04,2027-08-23,570,565,3,12,27.26,,False
1659,MOV-001659,LOT-2026-01659,PROD-026,Tarija,2026-07-09,2026-07-22,2027-07-09,281,274,2,13,66.47,,False
1660,MOV-001660,LOT-2026-01660,PROD-047,Oruro,2026-08-15,2026-09-05,2027-08-15,214,210,1,21,21.58,,False
1661,MOV-001661,LOT-2026-01661,PROD-013,Cochabamba,2026-07-16,2026-08-08,2027-01-12,783,770,10,23,33.05,,False
1662,MOV-001662,LOT-2026-01662,PROD-024,Tarija,2026-06-23,2026-07-13,2027-06-23,615,611,3,20,23.48,,False
1663,MOV-001663,LOT-2026-01663,PROD-021,Cochabamba,2026-05-22,2026-06-03,2027-05-22,105,98,1,12,84.36,,False
1664,MOV-001664,LOT-2026-01664,PROD-031,Cochabamba,2026-05-02,2026-05-15,2026-10-29,897,882,13,13,14.93,,False
1665,MOV-001665,LOT-2026-01665,PROD-050,La Paz,2026-07-25,2026-08-01,2026-08-12,583,564,17,7,55.37,,False
1666,MOV-001666,LOT-2026-01666,PROD-005,La Paz,2026-08-14,2026-08-27,2027-08-14,154,149,1,13,76.84,,False
1667,MOV-001667,LOT-2026-01667,PROD-018,Tarija,2026-06-24,2026-07-26,2027-06-24,583,575,4,32,20.82,,False
1668,MOV-001668,LOT-2026-01668,PROD-053,Santa Cruz,2026-07-16,2026-08-03,2027-07-16,893,879,8,18,73.12,,False
1669,MOV-001669,LOT-2026-01669,PROD-050,Santa Cruz,2026-07-26,2026-08-07,2026-08-13,143,136,4,12,55.37,,False
1670,MOV-001670,LOT-2026-01670,PROD-044,Tarija,2026-05-25,2026-06-23,2027-05-25,662,654,4,29,65.12,,False
1671,MOV-001671,LOT-2026-01671,PROD-025,Tarija,2026-07-08,2026-07-13,2026-07-26,585,564,15,5,45.25,,False
1672,MOV-001672,LOT-2026-01672,PROD-040,La Paz,2026-07-22,2026-08-05,2026-08-09,835,804,25,14,82.17,,False
1673,MOV-001673,LOT-2026-01673,PROD-050,Cochabamba,2026-07-19,2026-08-16,2026-08-06,700,659,34,28,55.37,,False
1674,MOV-001674,LOT-2026-01674,PROD-012,Santa Cruz,2026-08-16,2026-09-06,2027-02-12,892,880,12,21,80.8,,False
1675,MOV-001675,LOT-2026-01675,PROD-017,Cochabamba,2026-05-12,2026-05-14,2026-05-30,406,395,10,2,19.81,,False
1676,MOV-001676,LOT-2026-01676,PROD-001,Tarija,2026-05-26,2026-06-01,2026-11-22,328,320,5,6,42.39,,False
1677,MOV-001677,LOT-2026-01677,PROD-026,La Paz,2026-08-21,2026-09-18,2027-08-21,715,704,5,28,66.47,,False
1678,MOV-001678,LOT-2026-01678,PROD-060,Tarija,2026-06-29,2026-07-12,2026-07-17,717,692,21,13,37.99,,False
1679,MOV-001679,LOT-2026-01679,PROD-055,La Paz,2026-06-26,2026-07-11,2027-06-26,181,175,1,15,60.11,,False
1680,MOV-001680,LOT-2026-01680,PROD-007,Santa Cruz,22/05/2026,2026-06-19,2027-05-22,982,973,8,28,23.87,fecha_ingreso,True
1681,MOV-001681,LOT-2026-01681,PROD-016,La Paz,2026-07-07,2026-08-01,2027-07-07,532,525,4,25,44.33,,False
1682,MOV-001682,LOT-2026-01682,PROD-002,Cochabamba,2026-05-15,2026-05-26,2026-06-02,998,965,28,11,33.75,,False
1683,MOV-001683,LOT-2026-01683,PROD-021,Tarija,2026-06-14,2026-07-18,2027-06-14,53,46,0,34,84.36,,False
1684,MOV-001684,LOT-2026-01684,PROD-026,Santa Cruz,2026-06-21,2026-07-15,2027-06-21,934,929,5,24,66.47,,False
1685,MOV-001685,LOT-2026-01685,PROD-003,Tarija,2026-07-02,2026-07-20,2026-07-20,830,797,28,18,27.19,,False
1686,MOV-001686,LOT-2026-01686,PROD-003,La Paz,2026-06-06,2026-06-24,2026-06-24,405,389,14,18,27.19,,False
1687,MOV-001687,LOT-2026-01687,PROD-055,Tarija,2026-07-10,2026-08-31,2027-07-10,947,918,29,52,60.11,,False
1688,MOV-001688,LOT-2026-01688,PROD-034,Oruro,2026-05-11,2026-06-09,2027-05-11,88,80,1,29,83.26,,False
1689,MOV-001689,LOT-2026-01689,PROD-025,Oruro,2026-05-10,2026-05-17,2026-05-28,211,198,6,7,45.25,,False
1690,MOV-001690,LOT-2026-01690,PROD-044,La Paz,2026-06-21,2026-07-03,2027-06-21,257,248,2,12,65.12,,False
1691,MOV-001691,LOT-2026-01691,PROD-049,Cochabamba,2026-08-05,2026-08-18,2026-08-23,494,477,14,13,25.49,,False
1692,MOV-001692,LOT-2026-01692,PROD-034,Oruro,2026-07-06,2026-07-15,2027-07-06,803,788,9,9,83.26,,False
1693,MOV-001693,LOT-2026-01693,PROD-001,La Paz,2026-06-13,2026-07-03,2026-12-10,63,59,1,20,42.39,,False
1694,MOV-001694,LOT-2026-01694,PROD-035,La Paz,2026-06-16,2026-07-26,2026-07-04,378,352,26,40,23.85,,False
1695,MOV-001695,LOT-2026-01695,PROD-013,La Paz,2026-08-16,2026-08-24,2027-02-12,268,258,4,8,33.05,,False
1696,MOV-001696,LOT-2026-01696,PROD-003,Tarija,2026-06-16,2026-06-29,2026-07-04,384,372,11,13,27.19,,False
1697,MOV-001697,LOT-2026-01697,PROD-043,Cochabamba,2026-06-26,2026-06-30,2026-07-14,385,374,11,4,71.11,,False
1698,MOV-001698,LOT-2026-01698,PROD-022,Oruro,2026-08-03,2026-09-04,2027-01-30,215,205,3,32,67.52,,False
1699,MOV-001699,LOT-2026-01699,PROD-007,Oruro,2026-06-06,2026-06-25,2027-06-06,160,154,1,19,23.87,,False
1700,MOV-001700,LOT-2026-01700,PROD-007,Santa Cruz,2026-08-04,2026-08-28,2027-08-04,628,619,5,24,23.87,,False
1701,MOV-001701,LOT-2026-01701,PROD-051,Oruro,2026-07-22,2026-07-30,2027-01-18,484,473,6,8,21.14,,False
1702,MOV-001702,LOT-2026-01702,PROD-030,La Paz,2026-05-28,2026-06-17,2027-05-28,817,806,6,20,24.51,,False
1703,MOV-001703,LOT-2026-01703,PROD-060,Santa Cruz,2026-07-19,2026-07-29,2026-08-06,998,964,29,10,37.99,,False
1704,MOV-001704,LOT-2026-01704,PROD-051,Cochabamba,2026-08-08,2026-09-07,2027-02-04,911,895,14,30,21.14,,False
1705,MOV-001705,LOT-2026-01705,PROD-060,La Paz,2026-08-16,2026-08-29,2026-09-03,108,101,3,13,37.99,,False
1706,MOV-001706,LOT-2026-01706,PROD-017,Cochabamba,2026-06-29,2026-07-03,2026-07-17,218,208,5,4,19.81,,False
1707,MOV-001707,LOT-2026-01707,PROD-056,Santa Cruz,2026-07-10,2026-08-15,2026-07-28,334,310,21,36,36.51,,False
1708,MOV-001708,LOT-2026-01708,PROD-039,Tarija,2026-05-09,2026-06-06,2027-05-09,55,52,0,28,56.75,,False
1709,MOV-001709,LOT-2026-01709,PROD-009,Santa Cruz,2026-06-04,2026-07-04,2027-06-04,590,585,5,30,16.29,,False
1710,MOV-001710,LOT-2026-01710,PROD-009,Oruro,2026-06-18,2026-07-27,2027-06-18,214,205,2,39,16.29,,False
1711,MOV-001711,LOT-2026-01711,PROD-036,Cochabamba,2026-08-01,2026-09-03,2027-01-28,953,934,12,33,53.28,,False
1712,MOV-001712,LOT-2026-01712,PROD-044,La Paz,2026-08-21,2026-09-17,2027-08-21,315,311,2,27,65.12,,False
1713,MOV-001713,LOT-2026-01713,PROD-030,La Paz,2026-08-24,2026-09-12,2027-08-24,486,478,3,19,24.51,,False
1714,MOV-001714,LOT-2026-01714,PROD-014,Tarija,2026-08-25,2026-09-08,2027-08-25,730,720,5,14,21.61,,False
1715,MOV-001715,LOT-2026-01715,PROD-038,La Paz,2026-05-24,2026-06-16,2027-05-24,615,609,3,23,13.49,,False
1716,MOV-001716,LOT-2026-01716,PROD-008,Cochabamba,2026-07-25,2026-08-30,2026-08-12,705,658,46,36,31.75,,False
1717,MOV-001717,LOT-2026-01717,PROD-038,Cochabamba,2026-05-08,2026-06-09,2027-05-08,824,812,10,32,13.49,,False
1718,MOV-001718,LOT-2026-01718,PROD-060,La Paz,2026-06-19,2026-07-01,2026-07-07,353,341,10,12,37.99,,False
1719,MOV-001719,LOT-2026-01719,PROD-052,Tarija,2026-05-04,2026-05-14,2026-10-31,948,931,13,10,59.66,,False
1720,MOV-001720,LOT-2026-01720,PROD-031,Tarija,2026-05-19,2026-06-03,2026-11-15,609,599,8,15,14.93,,False
1721,MOV-001721,LOT-2026-01721,PROD-010,Tarija,2026-05-09,2026-05-20,2027-05-09,520,513,3,11,47.91,,False
1722,MOV-001722,LOT-2026-01722,PROD-048,Santa Cruz,2026-07-16,2026-08-01,2027-07-16,133,128,1,16,24.01,,False
1723,MOV-001723,LOT-2026-01723,PROD-012,Santa Cruz,2026-05-15,2026-05-20,2026-11-11,713,699,9,5,80.8,,False
1724,MOV-001724,LOT-2026-01724,PROD-024,La Paz,2026-05-07,2026-05-23,2027-05-07,626,615,5,16,23.48,,False
1725,MOV-001725,LOT-2026-01725,PROD-053,La Paz,2026-06-06,2026-06-17,2027-06-06,508,500,3,11,73.12,,False
1726,MOV-001726,LOT-2026-01726,PROD-038,La Paz,2026-06-03,2026-06-28,2027-06-03,256,254,2,25,13.49,,False
1727,MOV-001727,LOT-2026-01727,PROD-038,Santa Cruz,2026-06-29,2026-07-08,2027-06-29,955,947,5,9,13.49,,False
1728,MOV-001728,LOT-2026-01728,PROD-053,Cochabamba,2026-05-10,2026-06-05,2027-05-10,900,886,8,26,73.12,,False
1729,MOV-001729,LOT-2026-01729,PROD-003,Oruro,2026-07-06,2026-07-16,2026-07-24,888,865,23,10,27.19,,False
1730,MOV-001730,LOT-2026-01730,PROD-033,Santa Cruz,2026-06-23,2026-07-11,2027-06-23,84,76,1,18,77.59,,False
1731,MOV-001731,LOT-2026-01731,PROD-060,Oruro,2026-06-06,2026-06-07,2026-06-24,559,543,15,1,37.99,,False
1732,MOV-001732,LOT-2026-01732,PROD-039,La Paz,2026-08-23,2026-09-12,2027-08-23,511,502,4,20,56.75,,False
1733,MOV-001733,LOT-2026-01733,PROD-002,La Paz,2026-08-27,2026-09-12,2026-09-14,422,408,14,16,33.75,,False
1734,MOV-001734,LOT-2026-01734,PROD-036,La Paz,2026-06-30,2026-07-09,2026-12-27,778,764,10,9,53.28,,False
1735,MOV-001735,LOT-2026-01735,PROD-018,Santa Cruz,2026-06-29,2026-07-25,2027-06-29,654,648,5,26,20.82,,False
1736,MOV-001736,LOT-2026-01736,PROD-011,Cochabamba,2026-08-24,2026-08-31,2026-09-11,470,457,12,7,14.4,,False
1737,MOV-001737,LOT-2026-01737,PROD-027,Oruro,2026-06-05,2026-06-19,2027-06-05,438,431,3,14,44.86,,False
1738,MOV-001738,LOT-2026-01738,PROD-050,Santa Cruz,2026-08-28,2026-09-22,2026-09-15,954,899,49,25,55.37,,False
1739,MOV-001739,LOT-2026-01739,PROD-041,Cochabamba,2026-08-28,2026-09-09,2027-08-28,395,391,2,12,14.19,,False
1740,MOV-001740,LOT-2026-01740,PROD-032,La Paz,2026-06-17,2026-07-17,2027-06-17,194,192,1,30,63.21,,False
1741,MOV-001741,LOT-2026-01741,PROD-021,Tarija,2026-05-06,2026-05-29,2027-05-06,985,975,5,23,84.36,,False
1742,MOV-001742,LOT-2026-01742,PROD-049,Tarija,2026-05-12,2026-06-05,2026-05-30,536,504,25,24,25.49,,False
1743,MOV-001743,LOT-2026-01743,PROD-043,Oruro,2026-05-22,2026-06-03,2026-06-09,753,730,19,12,71.11,,False
1744,MOV-001744,LOT-2026-01744,PROD-049,La Paz,2026-06-10,2026-06-22,2026-06-28,671,645,21,12,25.49,,False
1745,MOV-001745,LOT-2026-01745,PROD-015,La Paz,2026-05-21,2026-06-17,2026-11-17,935,918,12,27,54.56,,False
1746,MOV-001746,LOT-2026-01746,PROD-024,Tarija,2026-07-10,2026-07-29,2027-07-10,889,882,7,19,23.48,,False
1747,MOV-001747,LOT-2026-01747,PROD-060,Cochabamba,2026-07-16,2026-07-29,2026-08-03,255,244,8,13,37.99,,False
1748,MOV-001748,LOT-2026-01748,PROD-044,Oruro,2026-08-17,2026-10-01,2027-08-17,304,295,7,45,65.12,,False
1749,MOV-001749,LOT-2026-01749,PROD-025,Tarija,2026-08-15,2026-08-28,2026-09-02,620,596,18,13,45.25,,False
1750,MOV-001750,LOT-2026-01750,PROD-059,Santa Cruz,2026-08-09,2026-08-25,2026-08-27,399,382,13,16,13.44,,False
1751,MOV-001751,LOT-2026-01751,PROD-036,Oruro,2026-08-15,2026-08-24,2027-02-11,672,663,8,9,53.28,,False
1752,MOV-001752,LOT-2026-01752,PROD-056,La Paz,2026-06-09,2026-06-30,2026-06-27,352,332,14,21,36.51,,False
1753,MOV-001753,LOT-2026-01753,PROD-024,Oruro,2026-07-05,2026-08-07,2027-07-05,132,125,1,33,23.48,,False
1754,MOV-001754,LOT-2026-01754,PROD-028,Cochabamba,2026-08-19,2026-09-13,2027-08-19,890,882,7,25,55.4,,False
1755,MOV-001755,LOT-2026-01755,PROD-043,Santa Cruz,2026-06-14,2026-06-27,2026-07-02,870,843,26,13,71.11,,False
1756,MOV-001756,LOT-2026-01756,PROD-013,Oruro,2026-06-17,2026-07-13,2026-12-14,297,290,5,26,33.05,,False
1757,MOV-001757,LOT-2026-01757,PROD-029,Cochabamba,2026-06-24,2026-07-07,2027-06-24,741,732,4,13,60.18,,False
1758,MOV-001758,LOT-2026-01758,PROD-035,Cochabamba,2026-08-26,2026-09-13,2026-09-13,924,881,38,18,23.85,,False
1759,MOV-001759,LOT-2026-01759,PROD-050,Cochabamba,2026-07-19,2026-08-05,2026-08-06,238,228,8,17,55.37,,False
1760,MOV-001760,LOT-2026-01760,PROD-026,Cochabamba,2026-07-09,2026-08-01,2027-07-09,380,377,2,23,66.47,,False
1761,MOV-001761,LOT-2026-01761,PROD-015,Oruro,2026-08-21,2026-08-28,2027-02-17,232,224,3,7,54.56,,False
1762,MOV-001762,LOT-2026-01762,PROD-001,Santa Cruz,2026-07-21,2026-07-29,2027-01-17,412,399,6,8,42.39,,False
1763,MOV-001763,LOT-2026-01763,PROD-014,Tarija,2026-08-22,2026-09-24,2027-08-22,729,724,4,33,21.61,,False
1764,MOV-001764,LOT-2026-01764,PROD-029,La Paz,2026-05-13,2026-06-22,2027-05-13,797,778,13,40,60.18,,False
1765,MOV-001765,LOT-2026-01765,PROD-050,Tarija,2026-05-28,2026-06-13,2026-06-15,886,851,31,16,55.37,,False
1766,MOV-001766,LOT-2026-01766,PROD-007,La Paz,2026-06-24,2026-07-12,2027-06-24,225,218,1,18,23.87,,False
1767,MOV-001767,LOT-2026-01767,PROD-013,Cochabamba,2026-05-25,2026-06-20,2026-11-21,260,252,3,26,33.05,,False
1768,MOV-001768,LOT-2026-01768,PROD-041,Oruro,2026-07-19,2026-07-30,2027-07-19,80,80,0,11,14.19,,False
1769,MOV-001769,LOT-2026-01769,PROD-047,Tarija,2026-05-17,2026-06-10,2027-05-17,409,403,3,24,21.58,,False
1770,MOV-001770,LOT-2026-01770,PROD-004,La Paz,2026-05-07,2026-05-21,2027-05-07,984,975,5,14,27.26,,False
1771,MOV-001771,LOT-2026-01771,PROD-045,Oruro,2026-05-26,2026-06-20,2027-05-26,651,645,4,25,61.85,,False
1772,MOV-001772,LOT-2026-01772,PROD-017,Oruro,2026-08-02,2026-08-11,2026-08-20,741,715,20,9,19.81,,False
1773,MOV-001773,LOT-2026-01773,PROD-047,Oruro,2026-08-10,2026-08-25,2027-08-10,623,616,4,15,21.58,,False
1774,MOV-001774,LOT-2026-01774,PROD-045,La Paz,2026-08-15,2026-08-25,2027-08-15,323,320,2,10,61.85,,False
1775,MOV-001775,LOT-2026-01775,PROD-045,Cochabamba,2026-06-08,2026-07-10,2027-06-08,770,759,4,32,61.85,,False
1776,MOV-001776,LOT-2026-01776,PROD-027,Santa Cruz,2026-06-28,2026-08-05,2027-06-28,816,801,9,38,44.86,,False
1777,MOV-001777,LOT-2026-01777,PROD-038,La Paz,2026-05-21,2026-06-10,2027-05-21,749,740,4,20,13.49,,False
1778,MOV-001778,LOT-2026-01778,PROD-010,Cochabamba,2026-06-30,2026-07-14,2027-06-30,785,773,6,14,47.91,,False
1779,MOV-001779,LOT-2026-01779,PROD-034,Santa Cruz,2026-05-16,2026-05-30,2027-05-16,881,871,5,14,83.26,,False
1780,MOV-001780,LOT-2026-01780,PROD-055,Tarija,2026-06-03,2026-06-14,2027-06-03,858,853,4,11,60.11,,False
1781,MOV-001781,LOT-2026-01781,PROD-014,Cochabamba,2026-05-23,2026-06-07,2027-05-23,450,447,3,15,21.61,,False
1782,MOV-001782,LOT-2026-01782,PROD-042,Santa Cruz,2026-08-13,2026-08-31,2027-08-13,831,825,5,18,73.69,,False
1783,MOV-001783,LOT-2026-01783,PROD-030,Cochabamba,2026-07-19,2026-07-28,2027-07-19,513,505,3,9,24.51,,False
1784,MOV-001784,LOT-2026-01784,PROD-039,Santa Cruz,2026-05-01,2026-05-19,2027-05-01,589,582,4,18,56.75,,False
1785,MOV-001785,LOT-2026-01785,PROD-009,Cochabamba,2026-07-31,2026-08-30,2027-07-31,944,938,5,30,16.29,,False
1786,MOV-001786,LOT-2026-01786,PROD-027,Cochabamba,2026-06-24,2026-07-04,2027-06-24,635,626,3,10,44.86,,False
1787,MOV-001787,LOT-2026-01787,PROD-049,Santa Cruz,2026-06-27,2026-07-09,2026-07-15,426,409,13,12,25.49,,False
1788,MOV-001788,LOT-2026-01788,PROD-045,Santa Cruz,2026-05-16,2026-05-29,2027-05-16,53,53,0,13,61.85,,False
1789,MOV-001789,LOT-2026-01789,PROD-008,Santa Cruz,2026-06-09,2026-07-06,2026-06-27,237,223,12,27,31.75,,False
1790,MOV-001790,LOT-2026-01790,PROD-058,Oruro,2026-08-03,2026-08-23,2027-08-03,496,492,3,20,83.63,,False
1791,MOV-001791,LOT-2026-01791,PROD-002,La Paz,2026-05-13,2026-05-20,2026-05-31,273,265,8,7,33.75,,False
1792,MOV-001792,LOT-2026-01792,PROD-049,Tarija,2026-08-17,2026-08-19,2026-09-04,737,710,20,2,25.49,,False
1793,MOV-001793,LOT-2026-01793,PROD-012,La Paz,2026-08-23,2026-09-09,2027-02-19,755,744,10,17,80.8,,False
1794,MOV-001794,LOT-2026-01794,PROD-025,Cochabamba,2026-07-27,2026-08-05,2026-08-14,441,430,11,9,45.25,,False
1795,MOV-001795,LOT-2026-01795,PROD-034,Cochabamba,2026-06-03,2026-06-23,2027-06-03,747,735,5,20,83.26,,False
1796,MOV-001796,LOT-2026-01796,PROD-022,Cochabamba,2026-07-14,2026-08-02,2027-01-10,950,938,12,19,67.52,,False
1797,MOV-001797,LOT-2026-01797,PROD-047,La Paz,2026-06-29,2026-07-13,2027-06-29,859,851,4,14,21.58,,False
1798,MOV-001798,LOT-2026-01798,PROD-028,Oruro,2026-08-07,2026-08-22,2027-08-07,175,169,2,15,55.4,,False
1799,MOV-001799,LOT-2026-01799,PROD-004,La Paz,2026-05-17,2026-05-31,2027-05-17,463,456,5,14,27.26,,False
1800,MOV-001800,LOT-2026-01800,PROD-033,Tarija,2026-08-05,2026-08-17,2027-08-05,231,228,2,12,77.59,,False
1801,MOV-001801,LOT-2026-01801,PROD-042,Tarija,2026-07-02,2026-07-13,2027-07-02,727,717,4,11,73.69,,False
1802,MOV-001802,LOT-2026-01802,PROD-014,Santa Cruz,2026-06-07,2026-07-02,2027-06-07,166,164,1,25,21.61,,False
1803,MOV-001803,LOT-2026-01803,PROD-038,Oruro,2026-07-07,2026-07-20,2027-07-07,318,312,2,13,13.49,,False
1804,MOV-001804,LOT-2026-01804,PROD-021,Cochabamba,2026-05-31,2026-07-06,2027-05-31,632,623,5,36,84.36,,False
1805,MOV-001805,LOT-2026-01805,PROD-012,Santa Cruz,2026-08-27,2026-08-29,2027-02-23,522,509,7,2,80.8,,False
1806,MOV-001806,LOT-2026-01806,PROD-011,Cochabamba,2026-07-01,2026-07-12,2026-07-19,348,334,9,11,14.4,,False
1807,MOV-001807,LOT-2026-01807,PROD-046,Santa Cruz,2026-07-09,2026-07-26,2027-07-09,578,574,3,17,12.64,,False
1808,MOV-001808,LOT-2026-01808,PROD-018,Cochabamba,2026-07-27,2026-08-16,2027-07-27,484,479,3,20,20.82,,False
1809,MOV-001809,LOT-2026-01809,PROD-003,Santa Cruz,2026-07-11,2026-07-17,2026-07-29,643,619,17,6,27.19,,False
1810,MOV-001810,LOT-2026-01810,PROD-056,Cochabamba,2026-07-07,2026-07-22,2026-07-25,365,349,13,15,36.51,,False
1811,MOV-001811,LOT-2026-01811,PROD-030,Santa Cruz,2026-07-02,2026-07-22,2027-07-02,247,242,2,20,24.51,,False
1812,MOV-001812,LOT-2026-01812,PROD-010,La Paz,2026-05-26,2026-06-07,2027-05-26,721,714,5,12,47.91,,False
1813,MOV-001813,LOT-2026-01813,PROD-050,Santa Cruz,2026-06-04,2026-06-28,2026-06-22,431,409,20,24,55.37,,False
1814,MOV-001814,LOT-2026-01814,PROD-048,Tarija,2026-07-07,2026-08-14,2027-07-07,549,541,7,38,24.01,,False
1815,MOV-001815,LOT-2026-01815,PROD-028,Cochabamba,2026-07-09,2026-07-27,2027-07-09,373,365,3,18,55.4,,False
1816,MOV-001816,LOT-2026-01816,PROD-034,Santa Cruz,2026-06-18,2026-07-25,2027-06-18,746,734,9,37,83.26,,False
1817,MOV-001817,LOT-2026-01817,PROD-060,Cochabamba,2026-07-24,2026-08-21,2026-08-11,177,163,9,28,37.99,,False
1818,MOV-001818,LOT-2026-01818,PROD-049,Tarija,2026-07-01,2026-07-09,2026-07-19,898,874,24,8,25.49,,False
1819,MOV-001819,LOT-2026-01819,PROD-005,Cochabamba,2026-08-24,2026-09-11,2027-08-24,379,375,2,18,76.84,,False
1820,MOV-001820,LOT-2026-01820,PROD-006,Cochabamba,2026-07-13,2026-08-01,2027-07-13,649,637,5,19,23.32,,False
1821,MOV-001821,LOT-2026-01821,PROD-057,Oruro,2026-07-25,2026-08-12,2027-07-25,627,622,4,18,39.61,,False
1822,MOV-001822,LOT-2026-01822,PROD-045,Oruro,2026-08-02,2026-09-08,2027-08-02,432,421,4,37,61.85,,False
1823,MOV-001823,LOT-2026-01823,PROD-042,La Paz,2026-05-06,2026-05-28,2027-05-06,764,756,7,22,73.69,,False
1824,MOV-001824,LOT-2026-01824,PROD-031,Cochabamba,2026-07-02,2026-07-09,2026-12-29,85,79,1,7,14.93,,False
1825,MOV-001825,LOT-2026-01825,PROD-016,La Paz,2026-07-31,2026-09-01,2027-07-31,482,476,2,32,44.33,,False
1826,MOV-001826,LOT-2026-01826,PROD-053,Tarija,2026-06-29,2026-07-10,2027-06-29,681,669,8,11,73.12,,False
1827,MOV-001827,LOT-2026-01827,PROD-043,La Paz,2026-07-13,2026-07-20,2026-07-31,391,377,12,7,71.11,,False
1828,MOV-001828,LOT-2026-01828,PROD-020,Tarija,2026-07-05,2026-07-17,2026-07-23,808,780,23,12,26.82,,False
1829,MOV-001829,LOT-2026-01829,PROD-017,Oruro,2026-07-11,2026-07-14,2026-07-29,60,53,2,3,19.81,,False
1830,MOV-001830,LOT-2026-01830,PROD-004,Cochabamba,2026-06-09,2026-06-28,2027-06-09,544,535,3,19,27.26,,False
1831,MOV-001831,LOT-2026-01831,PROD-022,Cochabamba,2026-05-28,2026-06-09,2026-11-24,735,723,9,12,67.52,,False
1832,MOV-001832,LOT-2026-01832,PROD-018,Santa Cruz,2026-08-03,2026-08-17,2027-08-03,449,441,3,14,20.82,,False
1833,MOV-001833,LOT-2026-01833,PROD-032,La Paz,2026-05-07,2026-06-07,2027-05-07,903,893,7,31,63.21,,False
1834,MOV-001834,LOT-2026-01834,PROD-049,Oruro,2026-05-20,2026-05-23,2026-06-07,191,179,5,3,25.49,,False
1835,MOV-001835,LOT-2026-01835,PROD-020,Tarija,2026-05-08,2026-06-08,2026-05-26,494,466,27,31,26.82,,False
1836,MOV-001836,LOT-2026-01836,PROD-039,Tarija,2026-07-09,2026-08-05,2027-07-09,522,514,3,27,56.75,,False
1837,MOV-001837,LOT-2026-01837,PROD-023,Santa Cruz,2026-06-14,2026-06-22,2026-12-11,571,562,8,8,64.4,,False
1838,MOV-001838,LOT-2026-01838,PROD-004,Oruro,2026-05-18,2026-05-28,2027-05-18,823,815,5,10,27.26,,False
1839,MOV-001839,LOT-2026-01839,PROD-005,Tarija,2026-07-12,2026-07-26,2027-07-12,808,803,4,14,76.84,,False
1840,MOV-001840,LOT-2026-01840,PROD-039,La Paz,2026-07-18,2026-07-29,2027-07-18,111,107,1,11,56.75,,False
1841,MOV-001841,LOT-2026-01841,PROD-046,La Paz,2026-07-17,2026-08-09,2027-07-17,189,186,1,23,12.64,,False
1842,MOV-001842,LOT-2026-01842,PROD-019,Tarija,2026-06-07,2026-07-02,2026-06-25,708,664,37,25,62.22,,False
1843,MOV-001843,LOT-2026-01843,PROD-030,Oruro,2026-06-16,2026-07-11,2027-06-16,250,246,2,25,24.51,,False
1844,MOV-001844,LOT-2026-01844,PROD-020,Santa Cruz,2026-08-13,2026-08-24,2026-08-31,720,698,18,11,26.82,,False
1845,MOV-001845,LOT-2026-01845,PROD-041,Oruro,2026-07-25,2026-08-16,2027-07-25,454,450,3,22,14.19,,False
1846,MOV-001846,LOT-2026-01846,PROD-053,Cochabamba,2026-07-07,2026-07-25,2027-07-07,952,942,5,18,73.12,,False
1847,MOV-001847,LOT-2026-01847,PROD-039,Santa Cruz,2026-08-10,2026-08-30,2027-08-10,313,307,2,20,56.75,,False
1848,MOV-001848,LOT-2026-01848,PROD-047,Cochabamba,2026-08-17,2026-09-14,2027-08-17,560,553,4,28,21.58,,False
1849,MOV-001849,LOT-2026-01849,PROD-056,La Paz,2026-07-20,2026-08-05,2026-08-07,547,530,17,16,36.51,,False
1850,MOV-001850,LOT-2026-01850,PROD-032,Cochabamba,2026-05-23,2026-06-12,2027-05-23,628,624,4,20,63.21,,False
1851,MOV-001851,LOT-2026-01851,PROD-024,La Paz,2026-06-07,2026-06-29,2027-06-07,780,775,4,22,23.48,,False
1852,MOV-001852,LOT-2026-01852,PROD-056,Santa Cruz,2026-07-31,2026-08-06,2026-08-18,915,885,24,6,36.51,,False
1853,MOV-001853,LOT-2026-01853,PROD-017,Tarija,2026-05-30,2026-06-05,2026-06-17,482,463,13,6,19.81,,False
1854,MOV-001854,LOT-2026-01854,PROD-060,Oruro,2026-06-18,2026-06-25,2026-07-06,84,75,3,7,37.99,,False
1855,MOV-001855,LOT-2026-01855,PROD-015,Tarija,2026-06-13,2026-07-22,2026-12-10,698,678,14,39,54.56,,False
1856,MOV-001856,LOT-2026-01856,PROD-032,La Paz,2026-05-17,2026-05-30,2027-05-17,104,103,1,13,63.21,,False
1857,MOV-001857,LOT-2026-01857,PROD-003,La Paz,2026-06-26,2026-07-20,2026-07-14,194,178,9,24,27.19,,False
1858,MOV-001858,LOT-2026-01858,PROD-043,Santa Cruz,2026-06-07,2026-06-27,2026-06-25,308,290,12,20,71.11,,False
1859,MOV-001859,LOT-2026-01859,PROD-044,Santa Cruz,2026-06-24,2026-07-22,2027-06-24,83,78,0,28,65.12,,False
1860,MOV-001860,LOT-2026-01860,PROD-019,Oruro,2026-05-31,2026-06-08,2026-06-18,118,112,3,8,62.22,,False
1861,MOV-001861,LOT-2026-01861,PROD-027,La Paz,2026-05-13,2026-06-03,2027-05-13,701,693,4,21,44.86,,False
1862,MOV-001862,LOT-2026-01862,PROD-015,Santa Cruz,2026-08-07,2026-08-13,2027-02-03,958,945,12,6,54.56,,False
1863,MOV-001863,LOT-2026-01863,PROD-044,La Paz,2026-07-14,2026-07-30,2027-07-14,112,107,1,16,65.12,,False
1864,MOV-001864,LOT-2026-01864,PROD-009,Oruro,2026-07-26,2026-08-29,2027-07-26,616,606,3,34,16.29,,False
1865,MOV-001865,LOT-2026-01865,PROD-004,Tarija,2026-05-11,2026-05-20,2027-05-11,280,271,3,9,27.26,,False
1866,MOV-001866,LOT-2026-01866,PROD-002,Cochabamba,2026-07-01,2026-07-08,2026-07-19,165,159,4,7,33.75,,False
1867,MOV-001867,LOT-2026-01867,PROD-011,Oruro,2026-07-29,2026-08-09,2026-08-16,389,372,10,11,14.4,,False
1868,MOV-001868,LOT-2026-01868,PROD-011,Oruro,2026-06-09,2026-06-26,2026-06-27,250,240,10,17,14.4,,False
1869,MOV-001869,LOT-2026-01869,PROD-029,Santa Cruz,14/06/2026,2026-07-02,2027-06-14,138,135,1,18,60.18,fecha_ingreso,True
1870,MOV-001870,LOT-2026-01870,PROD-034,Cochabamba,2026-08-15,2026-09-07,2027-08-15,836,822,7,23,83.26,,False
1871,MOV-001871,LOT-2026-01871,PROD-003,La Paz,2026-07-26,2026-08-05,2026-08-13,59,53,2,10,27.19,,False
1872,MOV-001872,LOT-2026-01872,PROD-018,Santa Cruz,2026-06-25,2026-08-15,2027-06-25,519,498,-17,51,20.82,cantidad_merma,True
1873,MOV-001873,LOT-2026-01873,PROD-019,Oruro,2026-05-20,2026-06-10,2026-06-07,767,730,30,21,62.22,,False
1874,MOV-001874,LOT-2026-01874,PROD-031,Santa Cruz,2026-05-17,2026-06-13,2026-11-13,313,302,4,27,14.93,,False
1875,MOV-001875,LOT-2026-01875,PROD-036,Cochabamba,2026-07-12,2026-07-21,2027-01-08,217,210,3,9,53.28,,False
1876,MOV-001876,LOT-2026-01876,PROD-045,La Paz,2026-07-10,2026-07-23,2027-07-10,538,529,4,13,61.85,,False
1877,MOV-001877,LOT-2026-01877,PROD-060,Oruro,2026-06-21,2026-07-08,2026-07-09,414,400,14,17,37.99,,False
1878,MOV-001878,LOT-2026-01878,PROD-013,Tarija,2026-08-15,2026-08-25,2027-02-11,756,746,9,10,33.05,,False
1879,MOV-001879,LOT-2026-01879,PROD-059,Tarija,2026-06-21,2026-06-25,2026-07-09,225,213,6,4,13.44,,False
1880,MOV-001880,LOT-2026-01880,PROD-041,Santa Cruz,2026-08-17,2026-09-03,2027-08-17,878,867,6,17,14.19,,False
1881,MOV-001881,LOT-2026-01881,PROD-038,Oruro,2026-08-23,2026-09-04,2027-08-23,740,727,7,12,13.49,,False
1882,MOV-001882,LOT-2026-01882,PROD-018,La Paz,2026-07-21,2026-08-04,2027-07-21,953,940,6,14,20.82,,False
1883,MOV-001883,LOT-2026-01883,PROD-049,La Paz,2026-06-27,2026-07-22,2026-07-15,980,929,44,25,25.49,,False
1884,MOV-001884,LOT-2026-01884,PROD-026,La Paz,2026-05-06,2026-05-17,2027-05-06,666,662,4,11,66.47,,False
1885,MOV-001885,LOT-2026-01885,PROD-050,Oruro,2026-07-01,2026-07-31,2026-07-19,368,344,20,30,55.37,,False
1886,MOV-001886,LOT-2026-01886,PROD-023,Cochabamba,2026-05-15,2026-05-19,2026-11-11,90,82,1,4,64.4,,False
1887,MOV-001887,LOT-2026-01887,PROD-038,Cochabamba,2026-07-12,2026-07-29,2027-07-12,475,472,2,17,13.49,,False
1888,MOV-001888,LOT-2026-01888, prod-043 ,La Paz,2026-08-05,2026-08-27,2026-08-23,374,357,16,22,71.11,,False
1889,MOV-001889,LOT-2026-01889,PROD-040,La Paz,2026-06-10,2026-06-13,2026-06-28,301,291,8,3,82.17,,False
1890,MOV-001890,LOT-2026-01890,PROD-055,Oruro,2026-07-17,2026-08-03,2027-07-17,801,792,4,17,60.11,,False
1891,MOV-001891,LOT-2026-01891,PROD-020,Oruro,2026-07-10,2026-08-03,2026-07-28,879,837,38,24,26.82,,False
1892,MOV-001892,LOT-2026-01892,PROD-036,Cochabamba,2026-06-17,2026-06-25,2026-12-14,263,256,4,8,53.28,,False
1893,MOV-001893,LOT-2026-01893,PROD-052,Oruro,2026-08-12,2026-09-09,2027-02-08,788,773,10,28,59.66,,False
1894,MOV-001894,LOT-2026-01894,PROD-052,Oruro,2026-05-10,2026-05-14,2026-11-06,906,891,12,4,59.66,,False
1895,MOV-001895,LOT-2026-01895,PROD-008,Cochabamba,2026-06-11,2026-06-13,2026-06-29,570,548,17,2,31.75,,False
1896,MOV-001896,LOT-2026-01896,PROD-019,Cochabamba,2026-05-18,2026-06-05,2026-06-05,161,151,6,18,62.22,,False
1897,MOV-001897,LOT-2026-01897,PROD-005,Oruro,2026-05-08,2026-05-27,2027-05-08,773,767,4,19,76.84,,False
1898,MOV-001898,LOT-2026-01898,PROD-042,Santa Cruz,2026-08-17,2026-09-01,2027-08-17,661,650,4,15,73.69,,False
1899,MOV-001899,LOT-2026-01899,PROD-048,La Paz,2026-06-29,2026-07-14,2027-06-29,133,132,1,15,24.01,,False
1900,MOV-001900,LOT-2026-01900,PROD-041,Santa Cruz,2026-07-20,2026-08-13,2027-07-20,341,334,2,24,14.19,,False
1901,MOV-001901,LOT-2026-01901,PROD-033,La Paz,2026-05-13,2026-06-10,2027-05-13,815,806,5,28,77.59,,False
1902,MOV-001902,LOT-2026-01902,PROD-013,Cochabamba,2026-06-17,2026-06-26,2026-12-14,858,846,11,9,33.05,,False
1903,MOV-001903,LOT-2026-01903,PROD-027,Cochabamba,2026-07-10,2026-07-28,2027-07-10,792,782,4,18,44.86,,False
1904,MOV-001904,LOT-2026-01904,PROD-008,La Paz,2026-06-21,2026-07-01,2026-07-09,490,471,13,10,31.75,,False
1905,MOV-001905,LOT-2026-01905,PROD-011,La Paz,2026-05-01,2026-06-03,2026-05-19,599,562,34,33,14.4,,False
1906,MOV-001906,LOT-2026-01906,PROD-036,Santa Cruz,2026-08-25,2026-09-01,2027-02-21,108,101,2,7,53.28,,False
1907,MOV-001907,LOT-2026-01907,PROD-007,Santa Cruz,2026-05-13,2026-05-27,2027-05-13,184,180,1,14,23.87,,False
1908,MOV-001908,LOT-2026-01908, prod-052 ,Oruro,2026-05-27,2026-06-22,2026-11-23,454,444,6,26,59.66,,False
1909,MOV-001909,LOT-2026-01909,PROD-029,Oruro,2026-08-21,2026-09-07,2027-08-21,887,876,5,17,60.18,,False
1910,MOV-001910,LOT-2026-01910,PROD-014,Cochabamba,2026-05-29,2026-06-14,2027-05-29,647,637,5,16,21.61,,False
1911,MOV-001911,LOT-2026-01911,PROD-003,Cochabamba,2026-08-01,2026-08-05,2026-08-19,531,511,15,4,27.19,,False
1912,MOV-001912,LOT-2026-01912,PROD-028,Tarija,2026-07-24,2026-08-07,2027-07-24,287,282,2,14,55.4,,False
1913,MOV-001913,LOT-2026-01913,PROD-051,La Paz,2026-05-07,2026-05-09,2026-11-03,381,376,5,2,21.14,,False
1914,MOV-001914,LOT-2026-01914,PROD-042,Tarija,2026-08-04,2026-08-26,2027-08-04,84,83,1,22,73.69,,False
1915,MOV-001915,LOT-2026-01915,PROD-021,La Paz,2026-06-17,2026-06-27,2027-06-17,115,113,1,10,84.36,,False
1916,MOV-001916,LOT-2026-01916,PROD-033,Santa Cruz,2026-05-11,2026-05-26,2027-05-11,109,102,1,15,77.59,,False
1917,MOV-001917,LOT-2026-01917,PROD-055,La Paz,2026-05-04,2026-06-04,2027-05-04,855,844,6,31,60.11,,False
1918,MOV-001918,LOT-2026-01918,PROD-012,Oruro,2026-07-21,2026-08-06,2027-01-17,952,937,13,16,80.8,,False
1919,MOV-001919,LOT-2026-01919,PROD-011,Tarija,2026-07-02,2026-07-06,2026-07-20,283,272,8,4,14.4,,False
1920,MOV-001920,LOT-2026-01920,PROD-059,Oruro,2026-05-17,2026-05-29,2026-06-04,859,833,22,12,13.44,,False
1921,MOV-001921,LOT-2026-01921,PROD-003,Oruro,2026-06-08,2026-06-30,2026-06-26,937,897,40,22,27.19,,False
1922,MOV-001922,LOT-2026-01922,PROD-042,Tarija,2026-08-28,2026-09-14,2027-08-28,668,664,4,17,73.69,,False
1923,MOV-001923,LOT-2026-01923,PROD-015,Santa Cruz,2026-05-31,2026-06-16,2026-11-27,973,960,13,16,54.56,,False
1924,MOV-001924,LOT-2026-01924,PROD-045,La Paz,2026-07-28,2026-08-09,2027-07-28,205,203,1,12,61.85,,False
1925,MOV-001925,LOT-2026-01925,PROD-017,Oruro,2026-07-09,2026-07-17,2026-07-27,773,750,22,8,19.81,,False
1926,MOV-001926,LOT-2026-01926,PROD-042,Santa Cruz,2026-05-23,2026-06-14,2027-05-23,768,757,7,22,73.69,,False
1927,MOV-001927,LOT-2026-01927,PROD-037,Tarija,2026-08-02,2026-08-24,2027-08-02,772,760,6,22,64.93,,False
1928,MOV-001928,LOT-2026-01928,PROD-044,Oruro,2026-06-01,2026-06-24,2027-06-01,928,922,5,23,65.12,,False
1929,MOV-001929,LOT-2026-01929,PROD-040,La Paz,2026-05-14,2026-06-13,2026-06-01,603,571,32,30,82.17,,False
1930,MOV-001930,LOT-2026-01930,PROD-036,Santa Cruz,2026-07-18,2026-08-16,2027-01-14,337,331,4,29,53.28,,False
1931,MOV-001931,LOT-2026-01931,PROD-010,La Paz,2026-07-05,2026-08-15,2027-07-05,659,647,10,41,47.91,,False
1932,MOV-001932,LOT-2026-01932,PROD-019,Cochabamba,2026-05-18,2026-06-02,2026-06-05,568,546,19,15,62.22,,False
1933,MOV-001933,LOT-2026-01933,PROD-012,Santa Cruz,2026-08-25,2026-08-27,2027-02-21,888,873,13,2,80.8,,False
1934,MOV-001934,LOT-2026-01934,PROD-023,Cochabamba,2026-06-07,2026-06-10,2026-12-04,294,288,5,3,64.4,,False
1935,MOV-001935,LOT-2026-01935,PROD-015,La Paz,2026-05-15,2026-05-23,2026-11-11,895,880,12,8,54.56,,False
1936,MOV-001936,LOT-2026-01936,PROD-024,Oruro,2026-07-09,2026-07-20,2027-07-09,757,752,5,11,23.48,,False
1937,MOV-001937,LOT-2026-01937,PROD-032,Santa Cruz,2026-05-16,2026-06-05,2027-05-16,122,117,1,20,63.21,,False
1938,MOV-001938,LOT-2026-01938,PROD-056,Cochabamba,2026-08-03,2026-08-11,2026-08-21,863,836,22,8,36.51,,False
1939,MOV-001939,LOT-2026-01939,PROD-021,Oruro,2026-07-20,2026-08-05,2027-07-20,800,789,8,16,84.36,,False
1940,MOV-001940,LOT-2026-01940,PROD-030,Oruro,2026-07-02,2026-07-19,2027-07-02,605,599,3,17,24.51,,False
1941,MOV-001941,LOT-2026-01941,PROD-052,Oruro,2026-05-15,2026-05-22,2026-11-11,996,980,16,7,59.66,,False
1942,MOV-001942,LOT-2026-01942,PROD-032,Cochabamba,2026-07-24,2026-08-10,2027-07-24,132,131,1,17,63.21,,False
1943,MOV-001943,LOT-2026-01943,PROD-002,Tarija,2026-06-19,2026-06-27,2026-07-07,792,765,20,8,33.75,,False
1944,MOV-001944,LOT-2026-01944,PROD-037,La Paz,2026-06-16,2026-07-26,2027-06-16,189,181,4,40,64.93,,False
1945,MOV-001945,LOT-2026-01945,PROD-034,Oruro,2026-07-10,2026-08-02,2027-07-10,613,604,5,23,83.26,,False
1946,MOV-001946,LOT-2026-01946,PROD-022,Santa Cruz,2026-07-06,2026-07-24,2027-01-02,986,963,18,18,67.52,,False
1947,MOV-001947,LOT-2026-01947,PROD-033,Tarija,2026-07-21,2026-08-05,2027-07-21,304,295,2,15,77.59,,False
1948,MOV-001948,LOT-2026-01948,PROD-043,La Paz,2026-07-07,2026-07-14,2026-07-25,74,70,2,7,71.11,,False
1949,MOV-001949,LOT-2026-01949,PROD-011,Tarija,2026-08-20,2026-08-25,2026-09-07,926,899,26,5,14.4,,False
1950,MOV-001950,LOT-2026-01950,PROD-029,La Paz,2026-07-26,2026-08-10,2027-07-26,976,964,5,15,60.18,,False
1951,MOV-001951,LOT-2026-01951,PROD-052,Santa Cruz,2026-08-05,2026-08-25,2027-02-01,275,271,4,20,59.66,,False
1952,MOV-001952,LOT-2026-01952,PROD-046,Cochabamba,2026-07-02,2026-07-16,2027-07-02,749,739,8,14,12.64,,False
1953,MOV-001953,LOT-2026-01953,PROD-040,La Paz,2026-08-15,2026-08-28,2026-09-02,834,804,23,13,82.17,,False
1954,MOV-001954,LOT-2026-01954,PROD-031,La Paz,2026-05-07,2026-05-18,2026-11-03,994,976,15,11,14.93,,False
1955,MOV-001955,LOT-2026-01955,PROD-007,Santa Cruz,2026-07-06,2026-07-27,2027-07-06,438,432,3,21,23.87,,False
1956,MOV-001956,LOT-2026-01956,PROD-019,Cochabamba,2026-05-09,2026-05-18,2026-05-27,537,520,14,9,62.22,,False
1957,MOV-001957,LOT-2026-01957,PROD-054,Cochabamba,2026-07-30,2026-08-10,2027-07-30,258,249,2,11,81.98,,False
1958,MOV-001958,LOT-2026-01958,PROD-049,Oruro,2026-08-27,2026-09-15,2026-09-14,775,740,33,19,25.49,,False
1959,MOV-001959,LOT-2026-01959,PROD-044,Tarija,2026-07-28,2026-08-16,2027-07-28,596,585,5,19,65.12,,False
1960,MOV-001960,LOT-2026-01960,PROD-025,Santa Cruz,2026-08-02,2026-08-18,2026-08-20,265,255,9,16,45.25,,False
1961,MOV-001961,LOT-2026-01961,PROD-031,Oruro,2026-07-30,2026-08-13,2027-01-26,200,191,2,14,14.93,,False
1962,MOV-001962,LOT-2026-01962,PROD-011,Santa Cruz,2026-07-18,2026-07-29,2026-08-05,776,750,25,11,14.4,,False
1963,MOV-001963,LOT-2026-01963,PROD-016,La Paz,2026-05-31,2026-06-27,2027-05-31,327,318,2,27,44.33,,False
1964,MOV-001964,LOT-2026-01964,PROD-017,Santa Cruz,2026-07-28,2026-08-03,2026-08-15,964,936,25,6,19.81,,False
1965,MOV-001965,LOT-2026-01965,PROD-054,La Paz,2026-07-24,2026-08-21,2027-07-24,500,493,4,28,81.98,,False
1966,MOV-001966,LOT-2026-01966,PROD-006,Cochabamba,2026-07-31,2026-08-28,2027-07-31,957,945,5,28,23.32,,False
1967,MOV-001967,LOT-2026-01967,PROD-021,Oruro,2026-08-28,2026-09-22,2027-08-28,346,342,2,25,84.36,,False
1968,MOV-001968,LOT-2026-01968,PROD-060,Oruro,2026-06-02,2026-07-03,2026-06-20,554,519,30,31,37.99,,False
1969,MOV-001969,LOT-2026-01969,PROD-045,La Paz,2026-05-01,2026-05-14,2027-05-01,855,845,5,13,61.85,,False
1970,MOV-001970,LOT-2026-01970,PROD-010,Oruro,2026-05-22,2026-06-04,2027-05-22,345,335,3,13,47.91,,False
1971,MOV-001971,LOT-2026-01971,PROD-008,Santa Cruz,2026-07-10,2026-07-13,2026-07-28,383,371,11,3,31.75,,False
1972,MOV-001972,LOT-2026-01972,PROD-048,Cochabamba,2026-07-29,2026-08-26,2027-07-29,283,281,2,28,24.01,,False
1973,MOV-001973,LOT-2026-01973,PROD-001,Santa Cruz,2026-06-10,2026-06-18,2026-12-07,293,286,5,8,42.39,,False
1974,MOV-001974,LOT-2026-01974,PROD-055,Santa Cruz,2026-06-30,2026-07-22,2027-06-30,996,987,6,22,60.11,,False
1975,MOV-001975,LOT-2026-01975,PROD-059,Cochabamba,2026-05-14,2026-05-26,2026-06-01,492,476,13,12,13.44,,False
1976,MOV-001976,LOT-2026-01976,PROD-004,Santa Cruz,2026-08-01,2026-08-15,2027-08-01,177,172,2,14,27.26,,False
1977,MOV-001977,LOT-2026-01977,PROD-024,Cochabamba,2026-05-04,2026-05-21,2027-05-04,223,218,1,17,23.48,,False
1978,MOV-001978,LOT-2026-01978,PROD-041,Cochabamba,2026-06-05,2026-07-07,2027-06-05,690,683,5,32,14.19,,False
1979,MOV-001979,LOT-2026-01979,PROD-034,Oruro,2026-05-07,2026-05-31,2027-05-07,906,894,7,24,83.26,,False
1980,MOV-001980,LOT-2026-01980,PROD-023,Tarija,2026-06-05,2026-06-10,2026-12-02,144,140,2,5,64.4,,False
1981,MOV-001981,LOT-2026-01981,PROD-026,La Paz,2026-08-16,2026-09-06,2027-08-16,249,245,2,21,66.47,,False
1982,MOV-001982,LOT-2026-01982,PROD-029,La Paz,2026-07-01,2026-07-24,2027-07-01,315,311,3,23,60.18,,False
1983,MOV-001983,LOT-2026-01983,PROD-032,Santa Cruz,2026-08-22,2026-09-02,2027-08-22,273,266,1,11,63.21,,False
1984,MOV-001984,LOT-2026-01984,PROD-026,Santa Cruz,2026-08-02,2026-08-14,2027-08-02,101,100,1,12,66.47,,False
1985,MOV-001985,LOT-2026-01985,PROD-035,Oruro,2026-08-13,2026-08-21,2026-08-31,187,182,5,8,23.85,,False
1986,MOV-001986,LOT-2026-01986,PROD-014,La Paz,2026-06-16,2026-07-08,2027-06-16,402,397,2,22,21.61,,False
1987,MOV-001987,LOT-2026-01987,PROD-021,Oruro,2026-06-30,2026-07-21,2027-06-30,593,588,3,21,84.36,,False
1988,MOV-001988,LOT-2026-01988,PROD-020,Oruro,2026-08-20,2026-09-04,2026-09-07,547,530,16,15,26.82,,False
1989,MOV-001989,LOT-2026-01989,PROD-055,La Paz,23/08/2026,2026-09-08,2027-08-23,887,874,7,16,60.11,fecha_ingreso,True
1990,MOV-001990,LOT-2026-01990,PROD-059,Santa Cruz,2026-05-29,2026-06-12,2026-06-16,497,480,15,14,13.44,,False
1991,MOV-001991,LOT-2026-01991,PROD-033,Santa Cruz,2026-05-19,2026-06-13,2027-05-19,122,115,1,25,77.59,,False
1992,MOV-001992,LOT-2026-01992,PROD-019,Santa Cruz,2026-05-05,2026-05-19,2026-05-23,516,494,18,14,62.22,,False
1993,MOV-001993,LOT-2026-01993,PROD-059,Oruro,2026-07-06,2026-07-09,2026-07-24,119,116,3,3,13.44,,False
1994,MOV-001994,LOT-2026-01994,PROD-002,Oruro,2026-08-13,2026-08-19,2026-08-31,732,709,21,6,33.75,,False
1995,MOV-001995,LOT-2026-01995,PROD-021,La Paz,2026-05-02,2026-05-20,2027-05-02,741,731,4,18,84.36,,False
1996,MOV-001996,LOT-2026-01996,PROD-002,Tarija,2026-05-07,2026-05-20,2026-05-25,749,723,21,13,33.75,,False
1997,MOV-001997,LOT-2026-01997,PROD-041,Santa Cruz,2026-05-12,2026-05-26,2027-05-12,750,742,4,14,14.19,,False
1998,MOV-001998,LOT-2026-01998,PROD-014,Tarija,2026-06-07,2026-06-28,2027-06-07,803,791,5,21,21.61,,False
1999,MOV-001999,LOT-2026-01999,PROD-007,Cochabamba,2026-07-09,2026-08-26,2027-07-09,424,408,11,48,23.87,,False
2000,MOV-002000,LOT-2026-02000,PROD-008,Santa Cruz,2026-07-02,2026-07-08,2026-07-20,993,961,25,6,31.75,,False
2001,MOV-002001,LOT-2026-02001,PROD-056,La Paz,2026-06-10,2026-06-20,2026-06-28,993,967,26,10,36.51,,False
2002,MOV-002002,LOT-2026-02002,PROD-046,Oruro,2026-06-04,2026-06-18,2027-06-04,101,93,1,14,12.64,,False
2003,MOV-002003,LOT-2026-02003,PROD-011,Cochabamba,2026-06-11,2026-06-28,2026-06-29,132,120,5,17,14.4,,False
2004,MOV-002004,LOT-2026-02004,PROD-035,La Paz,2026-06-24,2026-06-29,2026-07-12,750,727,21,5,23.85,,False
2005,MOV-002005,LOT-2026-02005,PROD-028,Cochabamba,2026-07-25,2026-08-14,2027-07-25,64,59,1,20,55.4,,False
2006,MOV-002006,LOT-2026-02006,PROD-019,La Paz,2026-06-13,2026-06-14,2026-07-01,152,144,4,1,62.22,,False
2007,MOV-002007,LOT-2026-02007,PROD-033,Santa Cruz,2026-05-30,2026-07-02,2027-05-30,719,713,4,33,77.59,,False
2008,MOV-002008,LOT-2026-02008,PROD-015,La Paz,2026-05-13,2026-05-28,2026-11-09,166,158,2,15,54.56,,False
2009,MOV-002009,LOT-2026-02009,PROD-021,Santa Cruz,2026-05-22,2026-06-04,2027-05-22,155,149,1,13,84.36,,False
2010,MOV-002010,LOT-2026-02010,PROD-027,Oruro,2026-08-24,2026-09-03,2027-08-24,872,864,8,10,44.86,,False
2011,MOV-002011,LOT-2026-02011,PROD-004,La Paz,2026-06-26,2026-07-16,2027-06-26,571,559,5,20,27.26,,False
2012,MOV-002012,LOT-2026-02012,PROD-009,Oruro,2026-07-05,2026-08-06,2027-07-05,999,986,6,32,16.29,,False
2013,MOV-002013,LOT-2026-02013,PROD-060,Oruro,2026-06-16,2026-06-19,2026-07-04,615,593,16,3,37.99,,False
2014,MOV-002014,LOT-2026-02014,PROD-005,Tarija,2026-07-06,2026-07-26,2027-07-06,56,55,0,20,76.84,,False
2015,MOV-002015,LOT-2026-02015,PROD-050,Santa Cruz,2026-05-05,2026-05-12,2026-05-23,106,101,3,7,55.37,,False
2016,MOV-002016,LOT-2026-02016,PROD-022,Santa Cruz,2026-06-25,2026-07-09,2026-12-22,207,199,3,14,67.52,,False
2017,MOV-002017,LOT-2026-02017,PROD-007,Tarija,2026-08-03,2026-08-25,2027-08-03,381,371,3,22,23.87,,False
2018,MOV-002018,LOT-2026-02018,PROD-025,Oruro,2026-08-15,2026-08-23,2026-09-02,132,122,4,8,45.25,,False
2019,MOV-002019,LOT-2026-02019,PROD-056,Cochabamba,2026-07-28,2026-08-06,2026-08-15,431,417,13,9,36.51,,False
2020,MOV-002020,LOT-2026-02020,PROD-034,La Paz,2026-07-22,2026-08-22,2027-07-22,574,564,4,31,83.26,,False
2021,MOV-002021,LOT-2026-02021,PROD-026,Tarija,2026-05-27,2026-06-11,2027-05-27,243,241,2,15,66.47,,False
2022,MOV-002022,LOT-2026-02022,PROD-038,La Paz,2026-07-03,2026-07-18,2027-07-03,346,341,2,15,13.49,,False
2023,MOV-002023,LOT-2026-02023,PROD-003,La Paz,2026-08-14,2026-08-26,2026-09-01,354,339,9,12,27.19,,False
2024,MOV-002024,LOT-2026-02024,PROD-028,Santa Cruz,2026-05-03,2026-05-12,2027-05-03,940,928,5,9,55.4,,False
2025,MOV-002025,LOT-2026-02025,PROD-054,La Paz,2026-08-25,2026-09-13,2027-08-25,413,403,4,19,81.98,,False
2026,MOV-002026,LOT-2026-02026,PROD-033,La Paz,2026-05-09,2026-05-27,2027-05-09,276,269,2,18,77.59,,False
2027,MOV-002027,LOT-2026-02027,PROD-033,Tarija,2026-06-14,2026-07-12,2027-06-14,461,455,3,28,77.59,,False
2028,MOV-002028,LOT-2026-02028,PROD-053,Cochabamba,2026-06-17,2026-07-07,2027-06-17,379,370,2,20,73.12,,False
2029,MOV-002029,LOT-2026-02029,PROD-037,Tarija,2026-07-05,2026-07-29,2027-07-05,64,58,0,24,64.93,,False
2030,MOV-002030,LOT-2026-02030,PROD-022,Oruro,2026-06-17,2026-06-25,2026-12-14,580,567,7,8,67.52,,False
2031,MOV-002031,LOT-2026-02031,PROD-017,Santa Cruz,2026-07-29,2026-08-06,2026-08-16,185,179,5,8,19.81,,False
2032,MOV-002032,LOT-2026-02032,PROD-050,La Paz,2026-08-06,2026-08-20,2026-08-24,908,875,27,14,55.37,,False
2033,MOV-002033,LOT-2026-02033,PROD-020,Santa Cruz,2026-06-02,2026-06-05,2026-06-20,223,217,6,3,26.82,,False
2034,MOV-002034,LOT-2026-02034,PROD-028,Tarija,2026-06-16,2026-06-29,2027-06-16,633,629,4,13,55.4,,False
2035,MOV-002035,LOT-2026-02035,PROD-047,Oruro,2026-08-28,2026-09-11,2027-08-28,296,292,3,14,21.58,,False
2036,MOV-002036,LOT-2026-02036,PROD-028,Santa Cruz,2026-07-05,2026-08-13,2027-07-05,810,799,11,39,55.4,,False
2037,MOV-002037,LOT-2026-02037,PROD-023,Oruro,2026-05-01,2026-05-04,2026-10-28,118,116,2,3,64.4,,False
2038,MOV-002038,LOT-2026-02038,PROD-039,Santa Cruz,2026-05-06,2026-05-19,2027-05-06,727,718,4,13,56.75,,False
2039,MOV-002039,LOT-2026-02039,PROD-029,Cochabamba,2026-07-07,2026-08-12,2027-07-07,852,843,8,36,60.18,,False
2040,MOV-002040,LOT-2026-02040,PROD-049,Tarija,2026-05-06,2026-06-03,2026-05-24,798,758,39,28,25.49,,False
2041,MOV-002041,LOT-2026-02041,PROD-005,Tarija,2026-05-21,2026-06-29,2027-05-21,724,713,9,39,76.84,,False
2042,MOV-002042,LOT-2026-02042,PROD-038,Cochabamba,2026-08-17,2026-09-03,2027-08-17,666,653,6,17,13.49,,False
2043,MOV-002043,LOT-2026-02043,PROD-054,La Paz,2026-08-05,2026-09-06,2027-08-05,748,739,6,32,81.98,,False
2044,MOV-002044,LOT-2026-02044,PROD-012,La Paz,2026-06-08,2026-06-30,2026-12-05,369,364,5,22,80.8,,False
2045,MOV-002045,LOT-2026-02045,PROD-045,Cochabamba,2026-05-05,2026-05-19,2027-05-05,122,120,1,14,61.85,,False
2046,MOV-002046,LOT-2026-02046,PROD-027,Santa Cruz,2026-06-04,2026-06-25,2027-06-04,230,227,2,21,44.86,,False
2047,MOV-002047,LOT-2026-02047,PROD-060,Tarija,2026-06-01,2026-06-14,2026-06-19,715,688,20,13,37.99,,False
2048,MOV-002048,LOT-2026-02048,PROD-046,Cochabamba,2026-08-07,2026-08-30,2027-08-07,607,602,3,23,12.64,,False
2049,MOV-002049,LOT-2026-02049,PROD-025,Tarija,2026-06-05,2026-06-16,2026-06-23,214,203,5,11,45.25,,False
2050,MOV-002050,LOT-2026-02050,PROD-018,La Paz,2026-08-05,2026-08-20,2027-08-05,366,364,2,15,20.82,,False
2051,MOV-002051,LOT-2026-02051,PROD-015,Oruro,2026-08-01,2026-08-11,2027-01-28,87,82,1,10,54.56,,False
2052,MOV-002052,LOT-2026-02052,PROD-023,Oruro,2026-05-12,2026-05-17,2026-11-08,518,506,7,5,64.4,,False
2053,MOV-002053,LOT-2026-02053,PROD-004,La Paz,2026-05-12,2026-05-31,2027-05-12,736,728,5,19,27.26,,False
2054,MOV-002054,LOT-2026-02054,PROD-001,La Paz,2026-07-05,2026-07-22,2027-01-01,632,621,8,17,42.39,,False
2055,MOV-002055,LOT-2026-02055,PROD-024,La Paz,2026-07-26,2026-08-11,2027-07-26,cien,369,3,16,23.48,cantidad_ingreso,True
2056,MOV-002056,LOT-2026-02056,PROD-007,Cochabamba,2026-07-27,2026-08-13,2027-07-27,127,123,1,17,23.87,,False
2057,MOV-002057,LOT-2026-02057,PROD-001,Tarija,2026-07-04,2026-07-13,2026-12-31,261,252,3,9,42.39,,False
2058,MOV-002058,LOT-2026-02058,PROD-019,La Paz,2026-05-07,2026-05-17,2026-05-25,451,437,12,10,62.22,,False
2059,MOV-002059,LOT-2026-02059,PROD-008,Santa Cruz,2026-06-22,2026-06-27,2026-07-10,661,644,17,5,31.75,,False
2060,MOV-002060,LOT-2026-02060,PROD-048,Oruro,2026-05-12,2026-05-31,2027-05-12,160,153,1,19,24.01,,False
2061,MOV-002061,LOT-2026-02061,PROD-051,Cochabamba,2026-05-14,2026-05-31,2026-11-10,792,780,10,17,21.14,,False
2062,MOV-002062,LOT-2026-02062,PROD-018,La Paz,2026-08-01,2026-08-17,2027-08-01,782,769,6,16,20.82,,False
2063,MOV-002063,LOT-2026-02063,PROD-019,Oruro,2026-07-15,2026-08-20,2026-08-02,789,737,49,36,62.22,,False
2064,MOV-002064,LOT-2026-02064,PROD-039,Tarija,2026-08-14,2026-09-02,2027-08-14,142,140,1,19,56.75,,False
2065,MOV-002065,LOT-2026-02065,PROD-042,Oruro,2026-05-09,2026-05-26,2027-05-09,96,94,1,17,73.69,,False
2066,MOV-002066,LOT-2026-02066,PROD-015,Tarija,2026-06-11,2026-06-19,2026-12-08,418,411,5,8,54.56,,False
2067,MOV-002067,LOT-2026-02067,PROD-057,Cochabamba,2026-06-26,2026-07-12,2027-06-26,445,437,2,16,39.61,,False
2068,MOV-002068,LOT-2026-02068,PROD-001,Santa Cruz,2026-08-20,2026-09-16,2027-02-16,445,433,8,27,42.39,,False
2069,MOV-002069,LOT-2026-02069,PROD-031,La Paz,2026-06-05,2026-07-18,2026-12-02,333,325,8,43,14.93,,False
2070,MOV-002070,LOT-2026-02070,PROD-007,Oruro,2026-07-18,2026-08-22,2027-07-18,912,904,7,35,23.87,,False
2071,MOV-002071,LOT-2026-02071,PROD-022,Tarija,2026-07-28,2026-07-31,2027-01-24,679,663,9,3,67.52,,False
2072,MOV-002072,LOT-2026-02072,PROD-031,Oruro,2026-07-06,2026-07-19,2027-01-02,733,724,9,13,14.93,,False
2073,MOV-002073,LOT-2026-02073,PROD-031,Tarija,2026-07-02,2026-07-18,2026-12-29,872,854,11,16,14.93,,False
2074,MOV-002074,LOT-2026-02074,PROD-040,Tarija,2026-05-30,2026-06-09,2026-06-17,906,881,23,10,82.17,,False
2075,MOV-002075,LOT-2026-02075,PROD-038,La Paz,2026-08-22,2026-09-06,2027-08-22,914,903,8,15,13.49,,False
2076,MOV-002076,LOT-2026-02076,PROD-003,Tarija,2026-06-26,2026-07-12,2026-07-14,653,629,22,16,27.19,,False
2077,MOV-002077,LOT-2026-02077,PROD-026,La Paz,2026-07-10,2026-08-10,2027-07-10,158,155,1,31,66.47,,False
2078,MOV-002078,LOT-2026-02078,PROD-031,Santa Cruz,2026-08-07,2026-08-09,2027-02-03,261,254,4,2,14.93,,False
2079,MOV-002079,LOT-2026-02079,PROD-034,Santa Cruz,20/05/2026,2026-07-04,2027-05-20,698,676,16,45,83.26,fecha_ingreso,True
2080,MOV-002080,LOT-2026-02080,PROD-016,Cochabamba,2026-06-07,2026-06-29,2027-06-07,657,652,5,22,44.33,,False
2081,MOV-002081,LOT-2026-02081,PROD-020,Oruro,2026-05-31,2026-06-14,2026-06-18,960,928,29,14,26.82,,False
2082,MOV-002082,LOT-2026-02082,PROD-051,Cochabamba,2026-05-19,2026-05-28,2026-11-15,611,596,8,9,21.14,,False
2083,MOV-002083,LOT-2026-02083,PROD-046,La Paz,2026-05-20,2026-06-17,2027-05-20,528,520,4,28,12.64,,False
2084,MOV-002084,LOT-2026-02084,PROD-023,Cochabamba,2026-05-07,2026-05-20,2026-11-03,246,235,4,13,64.4,,False
2085,MOV-002085,LOT-2026-02085,PROD-035,Santa Cruz,2026-06-06,2026-06-25,2026-06-24,916,879,34,19,23.85,,False
2086,MOV-002086,LOT-2026-02086,PROD-035,Cochabamba,2026-06-28,2026-07-09,2026-07-16,106,101,3,11,23.85,,False
2087,MOV-002087,LOT-2026-02087,PROD-060,Tarija,2026-07-03,2026-07-16,2026-07-21,577,560,16,13,37.99,,False
2088,MOV-002088,LOT-2026-02088,PROD-029,Cochabamba,2026-08-13,2026-09-09,2027-08-13,233,228,2,27,60.18,,False
2089,MOV-002089,LOT-2026-02089,PROD-038,Santa Cruz,2026-05-08,2026-05-22,2027-05-08,365,359,3,14,13.49,,False
2090,MOV-002090,LOT-2026-02090,PROD-007,Oruro,2026-05-09,2026-05-26,2027-05-09,989,977,6,17,23.87,,False
2091,MOV-002091,LOT-2026-02091,PROD-041,Oruro,2026-07-01,2026-07-17,2027-07-01,56,49,0,16,14.19,,False
2092,MOV-002092,LOT-2026-02092,PROD-018,Oruro,2026-07-02,2026-07-17,2027-07-02,602,595,3,15,20.82,,False
2093,MOV-002093,LOT-2026-02093,PROD-007,La Paz,2026-05-05,2026-05-20,2027-05-05,507,497,3,15,23.87,,False
2094,MOV-002094,LOT-2026-02094,PROD-023,Cochabamba,2026-08-08,2026-08-24,2027-02-04,324,314,4,16,64.4,,False
2095,MOV-002095,LOT-2026-02095,PROD-047,Oruro,2026-06-25,2026-07-20,2027-06-25,294,287,3,25,21.58,,False
2096,MOV-002096,LOT-2026-02096,PROD-015,Santa Cruz,2026-05-22,2026-05-31,2026-11-18,577,566,9,9,54.56,,False
2097,MOV-002097,LOT-2026-02097,PROD-018,La Paz,2026-08-13,2026-08-23,2027-08-13,205,199,1,10,20.82,,False
2098,MOV-002098,LOT-2026-02098,PROD-014,La Paz,2026-05-08,2026-06-25,2027-05-08,586,564,15,48,21.61,,False
2099,MOV-002099,LOT-2026-02099,PROD-046,Cochabamba,2026-05-16,2026-06-12,2027-05-16,336,333,2,27,12.64,,False
2100,MOV-002100,LOT-2026-02100, prod-013 ,Tarija,2026-08-02,2026-08-05,2027-01-29,561,552,7,3,33.05,,False
2101,MOV-002101,LOT-2026-02101, prod-034 ,La Paz,2026-07-18,2026-07-29,2027-07-18,652,644,4,11,83.26,,False
2102,MOV-002102,LOT-2026-02102,PROD-015,Cochabamba,2026-07-25,2026-08-14,2027-01-21,636,622,8,20,54.56,,False
2103,MOV-002103,LOT-2026-02103,PROD-055,La Paz,2026-07-28,2026-09-01,2027-07-28,888,878,5,35,60.11,,False
2104,MOV-002104,LOT-2026-02104,PROD-031,Cochabamba,2026-07-13,2026-07-14,2027-01-09,115,114,1,1,14.93,,False
2105,MOV-002105,LOT-2026-02105,PROD-048,Tarija,2026-05-01,2026-05-15,2027-05-01,480,475,4,14,24.01,,False
2106,MOV-002106,LOT-2026-02106,PROD-060,Santa Cruz,2026-06-10,2026-06-12,2026-06-28,820,798,22,2,37.99,,False
2107,MOV-002107,LOT-2026-02107,PROD-049,La Paz,2026-07-12,2026-07-23,2026-07-30,147,136,4,11,25.49,,False
2108,MOV-002108,LOT-2026-02108,PROD-039,La Paz,2026-08-19,2026-08-30,2027-08-19,116,115,1,11,56.75,,False
2109,MOV-002109,LOT-2026-02109,PROD-007,Santa Cruz,2026-08-01,2026-08-11,2027-08-01,816,809,5,10,23.87,,False
2110,MOV-002110,LOT-2026-02110,PROD-038,Tarija,2026-06-10,2026-06-19,2027-06-10,573,564,3,9,13.49,,False
2111,MOV-002111,LOT-2026-02111,PROD-003,Cochabamba,2026-05-04,2026-06-06,2026-05-22,264,249,15,33,27.19,,False
2112,MOV-002112,LOT-2026-02112,PROD-046,Oruro,2026-05-15,2026-07-01,2027-05-15,80,78,2,47,12.64,,False
2113,MOV-002113,LOT-2026-02113,PROD-032,Oruro,2026-08-06,2026-08-23,2027-08-06,549,544,5,17,63.21,,False
2114,MOV-002114,LOT-2026-02114,PROD-033,Oruro,2026-06-25,2026-07-21,2027-06-25,731,726,4,26,77.59,,False
2115,MOV-002115,LOT-2026-02115,PROD-023,Cochabamba,2026-08-10,2026-08-22,2027-02-06,202,195,3,12,64.4,,False
2116,MOV-002116,LOT-2026-02116,PROD-022,Oruro,2026-06-10,2026-07-14,2026-12-07,894,878,12,34,67.52,,False
2117,MOV-002117,LOT-2026-02117,PROD-010,La Paz,2026-08-11,2026-08-26,2027-08-11,704,694,4,15,47.91,,False
2118,MOV-002118,LOT-2026-02118,PROD-009,Oruro,2026-06-19,2026-07-02,2027-06-19,463,460,3,13,16.29,,False
2119,MOV-002119,LOT-2026-02119,PROD-024,Tarija,2026-08-16,2026-09-23,2027-08-16,887,876,9,38,23.48,,False
2120,MOV-002120,LOT-2026-02120,PROD-048,Oruro,2026-05-31,2026-07-12,2027-05-31,485,471,9,42,24.01,,False
2121,MOV-002121,LOT-2026-02121,PROD-032,Santa Cruz,2026-06-17,2026-07-06,2027-06-17,687,683,4,19,63.21,,False
2122,MOV-002122,LOT-2026-02122,PROD-014,Oruro,2026-06-07,2026-06-26,2027-06-07,160,157,1,19,21.61,,False
2123,MOV-002123,LOT-2026-02123,PROD-033,Santa Cruz,2026-08-07,2026-09-10,2027-08-07,90,86,0,34,77.59,,False
2124,MOV-002124,LOT-2026-02124,PROD-003,Cochabamba,2026-05-07,2026-05-09,2026-05-25,713,690,18,2,27.19,,False
2125,MOV-002125,LOT-2026-02125,PROD-043,La Paz,2026-07-05,2026-07-14,2026-07-23,220,211,6,9,71.11,,False
2126,MOV-002126,LOT-2026-02126,PROD-036,Santa Cruz,2026-08-28,2026-09-04,2027-02-24,819,802,10,7,53.28,,False
2127,MOV-002127,LOT-2026-02127,PROD-021,Oruro,2026-07-14,2026-08-03,2027-07-14,211,202,2,20,84.36,,False
2128,MOV-002128,LOT-2026-02128,PROD-060,Oruro,2026-07-03,2026-07-18,2026-07-21,234,220,8,15,37.99,,False
2129,MOV-002129,LOT-2026-02129,PROD-033,Tarija,2026-07-19,2026-08-25,2027-07-19,761,750,10,37,77.59,,False
2130,MOV-002130,LOT-2026-02130,PROD-058,Oruro,2026-06-08,2026-06-26,2027-06-08,407,400,2,18,83.63,,False
2131,MOV-002131,LOT-2026-02131,PROD-015,Tarija,2026-07-03,2026-07-09,2026-12-30,160,157,3,6,54.56,,False
2132,MOV-002132,LOT-2026-02132,PROD-035,Oruro,2026-07-04,2026-07-10,2026-07-22,933,905,25,6,23.85,,False
2133,MOV-002133,LOT-2026-02133,PROD-038,Cochabamba,2026-08-25,2026-09-07,2027-08-25,920,907,8,13,13.49,,False
2134,MOV-002134,LOT-2026-02134,PROD-002,La Paz,2026-05-02,2026-05-10,2026-05-20,853,826,22,8,33.75,,False
2135,MOV-002135,LOT-2026-02135,PROD-027,La Paz,2026-05-13,2026-05-25,2027-05-13,368,365,2,12,44.86,,False
2136,MOV-002136,LOT-2026-02136,PROD-022,La Paz,2026-07-15,2026-07-23,2027-01-11,856,844,11,8,67.52,,False
2137,MOV-002137,LOT-2026-02137,PROD-007,Tarija,2026-08-19,2026-09-25,2027-08-19,524,520,4,37,23.87,,False
2138,MOV-002138,LOT-2026-02138,PROD-038,Santa Cruz,2026-05-29,2026-06-16,2027-05-29,74,74,0,18,13.49,,False
2139,MOV-002139,LOT-2026-02139,PROD-059,Santa Cruz,2026-08-01,2026-08-20,2026-08-19,961,920,34,19,13.44,,False
2140,MOV-002140,LOT-2026-02140,PROD-060,Santa Cruz,2026-05-30,2026-06-11,2026-06-17,74,66,2,12,37.99,,False
2141,MOV-002141,LOT-2026-02141,PROD-044,Cochabamba,2026-08-22,2026-09-22,2027-08-22,276,268,1,31,65.12,,False
2142,MOV-002142,LOT-2026-02142,PROD-060,Cochabamba,2026-05-29,2026-06-09,2026-06-16,121,112,3,11,37.99,,False
2143,MOV-002143,LOT-2026-02143,PROD-053,Tarija,2026-05-04,2026-05-16,2027-05-04,85,83,1,12,73.12,,False
2144,MOV-002144,LOT-2026-02144,PROD-031,La Paz,2026-08-06,2026-08-15,2027-02-02,908,895,11,9,14.93,,False
2145,MOV-002145,LOT-2026-02145,PROD-024,Santa Cruz,2026-05-30,2026-06-30,2027-05-30,293,286,2,31,23.48,,False
2146,MOV-002146,LOT-2026-02146,PROD-045,Tarija,2026-05-14,2026-05-30,2027-05-14,319,309,4,16,61.85,,False
2147,MOV-002147,LOT-2026-02147,PROD-043,La Paz,2026-06-25,2026-07-03,2026-07-13,381,369,11,8,71.11,,False
2148,MOV-002148,LOT-2026-02148,PROD-048,Cochabamba,2026-06-05,2026-07-12,2027-06-05,975,966,9,37,24.01,,False
2149,MOV-002149,LOT-2026-02149,PROD-032,Cochabamba,2026-05-24,2026-06-09,2027-05-24,556,552,4,16,63.21,,False
2150,MOV-002150,LOT-2026-02150,PROD-058,Santa Cruz,2026-08-13,2026-08-27,2027-08-13,970,957,10,14,83.63,,False
2151,MOV-002151,LOT-2026-02151,PROD-007,Santa Cruz,2026-08-06,2026-08-31,2027-08-06,120,117,1,25,23.87,,False
2152,MOV-002152,LOT-2026-02152,PROD-006,Santa Cruz,2026-08-03,2026-08-31,2027-08-03,702,693,6,28,23.32,,False
2153,MOV-002153,LOT-2026-02153,PROD-035,Cochabamba,2026-06-20,2026-07-03,2026-07-08,453,435,13,13,23.85,,False
2154,MOV-002154,LOT-2026-02154,PROD-015,Santa Cruz,2026-05-14,2026-05-16,2026-11-10,907,890,11,2,54.56,,False
2155,MOV-002155,LOT-2026-02155,PROD-055,Oruro,2026-06-16,2026-07-07,2027-06-16,290,282,2,21,60.11,,False
2156,MOV-002156,LOT-2026-02156,PROD-045,La Paz,2026-07-13,2026-08-19,2027-07-13,146,145,1,37,61.85,,False
2157,MOV-002157,LOT-2026-02157,PROD-009,Cochabamba,2026-07-23,2026-08-27,2027-07-23,78,77,1,35,16.29,,False
2158,MOV-002158,LOT-2026-02158,PROD-055,Santa Cruz,2026-05-31,2026-06-23,2027-05-31,225,223,2,23,60.11,,False
2159,MOV-002159,LOT-2026-02159,PROD-022,Cochabamba,2026-06-10,2026-06-27,2026-12-07,480,473,7,17,67.52,,False
2160,MOV-002160,LOT-2026-02160,PROD-006,Cochabamba,2026-07-10,2026-07-26,2027-07-10,785,779,5,16,23.32,,False
2161,MOV-002161,LOT-2026-02161,PROD-012,Cochabamba,2026-07-04,2026-07-17,2026-12-31,689,680,9,13,80.8,,False
2162,MOV-002162,LOT-2026-02162,PROD-050,La Paz,2026-06-14,2026-07-07,2026-07-02,140,131,6,23,55.37,,False
2163,MOV-002163,LOT-2026-02163,PROD-042,Tarija,2026-05-05,2026-06-04,2027-05-05,770,763,4,30,73.69,,False
2164,MOV-002164,LOT-2026-02164,PROD-045,Oruro,2026-05-10,2026-05-27,2027-05-10,344,342,2,17,61.85,,False
2165,MOV-002165,LOT-2026-02165,PROD-011,Oruro,2026-06-03,2026-06-27,2026-06-21,832,792,37,24,14.4,,False
2166,MOV-002166,LOT-2026-02166,PROD-008,Santa Cruz,2026-06-28,2026-07-05,2026-07-16,334,323,8,7,31.75,,False
2167,MOV-002167,LOT-2026-02167,PROD-019,La Paz,2026-08-10,2026-08-19,2026-08-28,678,660,17,9,62.22,,False
2168,MOV-002168,LOT-2026-02168,PROD-035,Oruro,2026-05-06,2026-05-13,2026-05-24,567,550,15,7,23.85,,False
2169,MOV-002169,LOT-2026-02169,PROD-021,La Paz,2026-07-18,2026-08-01,2027-07-18,610,600,9,14,84.36,,False
2170,MOV-002170,LOT-2026-02170,PROD-001,Cochabamba,2026-07-10,2026-07-24,2027-01-06,65,57,1,14,42.39,,False
2171,MOV-002171,LOT-2026-02171,PROD-003,Oruro,2026-08-20,2026-08-22,2026-09-07,785,762,21,2,27.19,,False
2172,MOV-002172,LOT-2026-02172,PROD-051,Cochabamba,2026-06-26,2026-07-05,2026-12-23,171,162,2,9,21.14,,False
2173,MOV-002173,LOT-2026-02173,PROD-003,Tarija,2026-08-14,2026-08-29,2026-09-01,561,537,18,15,27.19,,False
2174,MOV-002174,LOT-2026-02174,PROD-006,Oruro,2026-05-28,2026-06-22,2027-05-28,685,680,4,25,23.32,,False
2175,MOV-002175,LOT-2026-02175,PROD-022,Cochabamba,2026-08-11,2026-08-23,2027-02-07,241,234,3,12,67.52,,False
2176,MOV-002176,LOT-2026-02176,PROD-033,Tarija,2026-08-09,2026-09-24,2027-08-09,324,311,7,46,77.59,,False
2177,MOV-002177,LOT-2026-02177, prod-051 ,La Paz,2026-07-15,2026-07-16,2027-01-11,183,175,2,1,21.14,,False
2178,MOV-002178,LOT-2026-02178,PROD-054,Tarija,2026-07-06,2026-07-17,2027-07-06,825,817,5,11,81.98,,False
2179,MOV-002179,LOT-2026-02179,PROD-010,Santa Cruz,2026-08-09,2026-08-25,2027-08-09,632,620,5,16,47.91,,False
2180,MOV-002180,LOT-2026-02180,PROD-022,La Paz,2026-05-21,2026-05-28,2026-11-17,689,678,9,7,67.52,,False
2181,MOV-002181,LOT-2026-02181,PROD-055,Oruro,2026-05-29,2026-06-20,2027-05-29,538,529,4,22,60.11,,False
2182,MOV-002182,LOT-2026-02182,PROD-001,La Paz,2026-06-29,2026-07-11,2026-12-26,299,291,6,12,42.39,,False
2183,MOV-002183,LOT-2026-02183,PROD-039,Oruro,2026-05-06,2026-06-14,2027-05-06,66,65,1,39,56.75,,False
2184,MOV-002184,LOT-2026-02184,PROD-056,La Paz,2026-07-03,2026-07-12,2026-07-21,423,408,11,9,36.51,,False
2185,MOV-002185,LOT-2026-02185,PROD-043,Tarija,2026-06-15,2026-06-24,2026-07-03,350,335,9,9,71.11,,False
2186,MOV-002186,LOT-2026-02186,PROD-019,Cochabamba,2026-07-19,2026-07-29,2026-08-06,538,524,14,10,62.22,,False
2187,MOV-002187,LOT-2026-02187,PROD-017,Santa Cruz,2026-05-11,2026-05-21,2026-05-29,879,850,24,10,19.81,,False
2188,MOV-002188,LOT-2026-02188,PROD-003,Cochabamba,2026-05-02,2026-05-06,2026-05-20,193,183,6,4,27.19,,False
2189,MOV-002189,LOT-2026-02189,PROD-041,Tarija,2026-08-23,2026-09-15,2027-08-23,660,652,4,23,14.19,,False
2190,MOV-002190,LOT-2026-02190,PROD-017,Cochabamba,2026-06-28,2026-07-15,2026-07-16,822,789,27,17,19.81,,False
2191,MOV-002191,LOT-2026-02191,PROD-048,Tarija,2026-08-16,2026-09-01,2027-08-16,199,195,1,16,24.01,,False
2192,MOV-002192,LOT-2026-02192,PROD-002,Tarija,15/05/2026,2026-05-23,2026-06-02,569,549,15,8,33.75,fecha_ingreso,True
2193,MOV-002193,LOT-2026-02193,PROD-034,Tarija,2026-06-10,2026-06-29,2027-06-10,488,479,4,19,83.26,,False
2194,MOV-002194,LOT-2026-02194,PROD-006,Tarija,2026-08-22,2026-09-23,2027-08-22,552,542,3,32,23.32,,False
2195,MOV-002195,LOT-2026-02195,PROD-058,Oruro,2026-07-04,2026-07-29,2027-07-04,684,676,4,25,83.63,,False
2196,MOV-002196,LOT-2026-02196,PROD-033,Santa Cruz,2026-07-17,2026-08-04,2027-07-17,629,621,3,18,77.59,,False
2197,MOV-002197,LOT-2026-02197,PROD-031,La Paz,2026-08-21,2026-09-07,2027-02-17,854,837,12,17,14.93,,False
2198,MOV-002198,LOT-2026-02198,PROD-019,Oruro,2026-05-13,2026-06-09,2026-05-31,962,911,46,27,62.22,,False
2199,MOV-002199,LOT-2026-02199,PROD-052,La Paz,2026-06-21,2026-07-05,2026-12-18,375,365,5,14,59.66,,False
2200,MOV-002200,LOT-2026-02200,PROD-041,Cochabamba,2026-08-23,2026-09-05,2027-08-23,789,778,4,13,14.19,,False
2201,MOV-002201,LOT-2026-02201,PROD-026,Santa Cruz,2026-05-07,2026-05-17,2027-05-07,808,796,5,10,66.47,,False
2202,MOV-002202,LOT-2026-02202,PROD-005,Santa Cruz,2026-08-15,2026-09-11,2027-08-15,162,161,1,27,76.84,,False
2203,MOV-002203,LOT-2026-02203,PROD-014,Santa Cruz,2026-06-23,2026-07-15,2027-06-23,230,228,2,22,21.61,,False
2204,MOV-002204,LOT-2026-02204,PROD-018,Oruro,2026-06-08,2026-07-03,2027-06-08,582,575,4,25,20.82,,False
2205,MOV-002205,LOT-2026-02205,PROD-056,Oruro,2026-06-02,2026-06-24,2026-06-20,533,509,22,22,36.51,,False
2206,MOV-002206,LOT-2026-02206,PROD-026,Cochabamba,2026-07-12,2026-08-06,2027-07-12,727,716,4,25,66.47,,False
2207,MOV-002207,LOT-2026-02207,PROD-056,Cochabamba,2026-06-10,2026-06-25,2026-06-28,999,969,30,15,36.51,,False
2208,MOV-002208,LOT-2026-02208,PROD-051,Oruro,2026-05-31,2026-06-11,2026-11-27,cien,96,1,11,21.14,cantidad_ingreso,True
2209,MOV-002209,LOT-2026-02209,PROD-054,La Paz,2026-08-20,2026-09-13,2027-08-20,336,331,3,24,81.98,,False
2210,MOV-002210,LOT-2026-02210,PROD-041,Santa Cruz,2026-06-21,2026-07-13,2027-06-21,906,893,6,22,14.19,,False
2211,MOV-002211,LOT-2026-02211,PROD-044,La Paz,2026-06-11,2026-06-29,2027-06-11,68,65,0,18,65.12,,False
2212,MOV-002212,LOT-2026-02212,PROD-059,Cochabamba,2026-07-17,2026-08-13,2026-08-04,522,492,26,27,13.44,,False
2213,MOV-002213,LOT-2026-02213,PROD-010,Oruro,2026-05-04,2026-05-23,2027-05-04,409,402,2,19,47.91,,False
2214,MOV-002214,LOT-2026-02214,PROD-041,Oruro,2026-06-11,2026-06-23,2027-06-11,874,861,6,12,14.19,,False
2215,MOV-002215,LOT-2026-02215,PROD-020,Oruro,2026-07-20,2026-08-12,2026-08-07,370,351,16,23,26.82,,False
2216,MOV-002216,LOT-2026-02216,PROD-030,Cochabamba,2026-05-16,2026-05-26,2027-05-16,752,739,7,10,24.51,,False
2217,MOV-002217,LOT-2026-02217,PROD-023,Oruro,2026-06-11,2026-06-28,2026-12-08,84,81,1,17,64.4,,False
2218,MOV-002218,LOT-2026-02218,PROD-044,Tarija,2026-08-15,2026-08-30,2027-08-15,681,674,5,15,65.12,,False
2219,MOV-002219,LOT-2026-02219,PROD-019,Santa Cruz,2026-08-22,2026-08-25,2026-09-09,587,569,15,3,62.22,,False
2220,MOV-002220,LOT-2026-02220,PROD-031,Oruro,2026-08-25,2026-08-28,2027-02-21,559,545,9,3,14.93,,False
2221,MOV-002221,LOT-2026-02221,PROD-044,Tarija,2026-07-28,2026-08-15,2027-07-28,795,784,4,18,65.12,,False
2222,MOV-002222,LOT-2026-02222,PROD-012,La Paz,2026-08-23,2026-09-03,2027-02-19,449,437,6,11,80.8,,False
2223,MOV-002223,LOT-2026-02223,PROD-023,Cochabamba,2026-07-20,2026-08-13,2027-01-16,901,888,12,24,64.4,,False
2224,MOV-002224,LOT-2026-02224,PROD-012,Tarija,2026-06-27,2026-07-07,2026-12-24,842,825,12,10,80.8,,False
2225,MOV-002225,LOT-2026-02225,PROD-025,Santa Cruz,2026-05-24,2026-06-10,2026-06-11,461,445,15,17,45.25,,False
2226,MOV-002226,LOT-2026-02226,PROD-020,Tarija,2026-07-28,2026-08-23,2026-08-15,261,244,14,26,26.82,,False
2227,MOV-002227,LOT-2026-02227,PROD-013,Cochabamba,2026-07-28,2026-08-16,2027-01-24,658,643,10,19,33.05,,False
2228,MOV-002228,LOT-2026-02228,PROD-003,Oruro,2026-07-25,2026-07-29,2026-08-12,771,751,20,4,27.19,,False
2229,MOV-002229,LOT-2026-02229,PROD-027,Oruro,2026-06-15,2026-07-12,2027-06-15,276,267,2,27,44.86,,False
2230,MOV-002230,LOT-2026-02230,PROD-002,Tarija,2026-08-19,2026-09-09,2026-09-06,205,197,8,21,33.75,,False
2231,MOV-002231,LOT-2026-02231,PROD-006,Cochabamba,2026-06-25,2026-07-15,2027-06-25,198,195,1,20,23.32,,False
2232,MOV-002232,LOT-2026-02232,PROD-054,Oruro,2026-05-29,2026-06-27,2027-05-29,129,122,1,29,81.98,,False
2233,MOV-002233,LOT-2026-02233,PROD-013,Cochabamba,2026-05-03,2026-05-09,2026-10-30,260,255,4,6,33.05,,False
2234,MOV-002234,LOT-2026-02234,PROD-008,Tarija,2026-06-04,2026-06-28,2026-06-22,60,54,3,24,31.75,,False
2235,MOV-002235,LOT-2026-02235,PROD-009,Oruro,2026-07-20,2026-08-14,2027-07-20,242,237,2,25,16.29,,False
2236,MOV-002236,LOT-2026-02236,PROD-050,La Paz,2026-07-16,2026-07-26,2026-08-03,91,83,2,10,55.37,,False
2237,MOV-002237,LOT-2026-02237,PROD-052,Tarija,2026-05-03,2026-05-14,2026-10-30,58,51,1,11,59.66,,False
2238,MOV-002238,LOT-2026-02238,PROD-001,Cochabamba,2026-05-09,2026-05-23,2026-11-05,808,793,10,14,42.39,,False
2239,MOV-002239,LOT-2026-02239,PROD-012,Cochabamba,2026-07-16,2026-07-25,2027-01-12,406,399,5,9,80.8,,False
2240,MOV-002240,LOT-2026-02240,PROD-056,Cochabamba,2026-07-31,2026-08-07,2026-08-18,597,577,20,7,36.51,,False
2241,MOV-002241,LOT-2026-02241,PROD-036,Oruro,2026-07-21,2026-07-31,2027-01-17,899,877,15,10,53.28,,False
2242,MOV-002242,LOT-2026-02242,PROD-022,Oruro,2026-08-25,2026-09-05,2027-02-21,285,273,5,11,67.52,,False
2243,MOV-002243,LOT-2026-02243,PROD-035,Santa Cruz,2026-07-03,2026-07-12,2026-07-21,581,564,15,9,23.85,,False
2244,MOV-002244,LOT-2026-02244,PROD-024,La Paz,2026-06-08,2026-06-27,2027-06-08,536,530,5,19,23.48,,False
2245,MOV-002245,LOT-2026-02245,PROD-035,Tarija,2026-06-02,2026-06-12,2026-06-20,475,461,13,10,23.85,,False
2246,MOV-002246,LOT-2026-02246,PROD-050,Cochabamba,2026-08-22,2026-08-25,2026-09-09,719,691,21,3,55.37,,False
2247,MOV-002247,LOT-2026-02247,PROD-041,Santa Cruz,2026-05-16,2026-05-30,2027-05-16,131,127,1,14,14.19,,False
2248,MOV-002248,LOT-2026-02248,PROD-050,Oruro,2026-07-31,2026-08-05,2026-08-18,791,764,21,5,55.37,,False
2249,MOV-002249,LOT-2026-02249,PROD-011,Oruro,2026-08-14,2026-08-22,2026-09-01,481,462,13,8,14.4,,False
2250,MOV-002250,LOT-2026-02250,PROD-040,Santa Cruz,2026-07-31,2026-08-10,2026-08-18,cien,764,22,10,82.17,cantidad_ingreso,True
2251,MOV-002251,LOT-2026-02251,PROD-021,Santa Cruz,2026-08-22,2026-09-04,2027-08-22,896,882,7,13,84.36,,False
2252,MOV-002252,LOT-2026-02252,PROD-028,Santa Cruz,2026-05-29,2026-06-14,2027-05-29,518,513,4,16,55.4,,False
2253,MOV-002253,LOT-2026-02253,PROD-049,Cochabamba,2026-05-17,2026-06-02,2026-06-04,596,575,19,16,25.49,,False
2254,MOV-002254,LOT-2026-02254,PROD-025,Oruro,2026-06-05,2026-06-11,2026-06-23,65,62,2,6,45.25,,False
2255,MOV-002255,LOT-2026-02255,PROD-052,Tarija,2026-07-09,2026-08-01,2027-01-05,852,836,11,23,59.66,,False
2256,MOV-002256,LOT-2026-02256,PROD-022,Santa Cruz,2026-07-04,2026-07-23,2026-12-31,386,377,6,19,67.52,,False
2257,MOV-002257,LOT-2026-02257,PROD-052,La Paz,2026-07-11,2026-07-22,2027-01-07,725,713,10,11,59.66,,False
2258,MOV-002258,LOT-2026-02258,PROD-048,Oruro,2026-07-07,2026-07-19,2027-07-07,802,793,5,12,24.01,,False
2259,MOV-002259,LOT-2026-02259,PROD-007,Cochabamba,2026-05-20,2026-06-11,2027-05-20,355,351,2,22,23.87,,False
2260,MOV-002260,LOT-2026-02260,PROD-040,Tarija,2026-05-05,2026-05-08,2026-05-23,149,140,4,3,82.17,,False
2261,MOV-002261,LOT-2026-02261,PROD-025,Tarija,2026-08-12,2026-08-25,2026-08-30,518,503,14,13,45.25,,False
2262,MOV-002262,LOT-2026-02262,PROD-012,Santa Cruz,2026-07-17,2026-07-21,2027-01-13,598,584,8,4,80.8,,False
2263,MOV-002263,LOT-2026-02263,PROD-055,La Paz,2026-05-01,2026-06-01,2027-05-01,779,768,4,31,60.11,,False
2264,MOV-002264,LOT-2026-02264,PROD-016,Oruro,2026-08-14,2026-08-28,2027-08-14,784,778,6,14,44.33,,False
2265,MOV-002265,LOT-2026-02265,PROD-018,Cochabamba,2026-06-08,2026-06-30,,273,266,2,22,20.82,fecha_vencimiento,True
2266,MOV-002266,LOT-2026-02266,PROD-018,Oruro,2026-06-30,2026-07-22,2027-06-30,381,376,4,22,20.82,,False
2267,MOV-002267,LOT-2026-02267,PROD-030,Cochabamba,2026-07-08,2026-07-29,2027-07-08,968,959,5,21,24.51,,False
2268,MOV-002268,LOT-2026-02268,PROD-053,Oruro,2026-08-26,2026-09-22,2027-08-26,254,247,2,27,73.12,,False
2269,MOV-002269,LOT-2026-02269,PROD-012,Tarija,2026-07-23,2026-07-30,2027-01-19,800,790,10,7,80.8,,False
2270,MOV-002270,LOT-2026-02270,PROD-031,Oruro,2026-05-10,2026-05-18,2026-11-06,352,346,5,8,14.93,,False
2271,MOV-002271,LOT-2026-02271,PROD-007,Cochabamba,2026-07-23,2026-08-17,2027-07-23,541,537,3,25,23.87,,False
2272,MOV-002272,LOT-2026-02272,PROD-055,La Paz,2026-07-01,2026-07-15,2027-07-01,476,468,6,14,60.11,,False
2273,MOV-002273,LOT-2026-02273,PROD-025,Santa Cruz,2026-08-01,2026-08-20,2026-08-19,443,422,16,19,45.25,,False
2274,MOV-002274,LOT-2026-02274,PROD-020,Santa Cruz,2026-08-17,2026-08-22,2026-09-04,208,197,6,5,26.82,,False
2275,MOV-002275,LOT-2026-02275,PROD-019,Tarija,2026-05-11,2026-05-20,2026-05-29,330,314,9,9,62.22,,False
2276,MOV-002276,LOT-2026-02276,PROD-060,La Paz,2026-08-28,2026-08-29,2026-09-15,487,471,14,1,37.99,,False
2277,MOV-002277,LOT-2026-02277,PROD-004,Santa Cruz,2026-05-20,2026-06-03,2027-05-20,393,389,3,14,27.26,,False
2278,MOV-002278,LOT-2026-02278,PROD-056,Tarija,2026-07-30,2026-08-04,2026-08-17,193,183,5,5,36.51,,False
2279,MOV-002279,LOT-2026-02279,PROD-024,Oruro,2026-08-28,2026-09-06,2027-08-28,643,632,4,9,23.48,,False
2280,MOV-002280,LOT-2026-02280,PROD-017,Oruro,2026-05-01,2026-05-13,2026-05-19,197,189,6,12,19.81,,False
2281,MOV-002281,LOT-2026-02281,PROD-053,Tarija,2026-06-23,2026-07-05,2027-06-23,467,461,3,12,73.12,,False
2282,MOV-002282,LOT-2026-02282,PROD-009,Tarija,2026-08-11,2026-08-29,2027-08-11,260,259,1,18,16.29,,False
2283,MOV-002283,LOT-2026-02283,PROD-011,Tarija,2026-05-08,2026-06-03,2026-05-26,284,266,13,26,14.4,,False
2284,MOV-002284,LOT-2026-02284,PROD-004,Oruro,2026-06-08,2026-07-08,2027-06-08,932,926,5,30,27.26,,False
2285,MOV-002285,LOT-2026-02285,PROD-016,Tarija,2026-08-02,2026-09-04,2027-08-02,276,269,3,33,44.33,,False
2286,MOV-002286,LOT-2026-02286,PROD-038,Oruro,2026-06-21,2026-07-02,2027-06-21,74,69,0,11,13.49,,False
2287,MOV-002287,LOT-2026-02287,PROD-043,Santa Cruz,2026-06-09,2026-07-22,2026-06-27,644,592,46,43,71.11,,False
2288,MOV-002288,LOT-2026-02288,PROD-054,Cochabamba,2026-06-08,2026-06-21,2027-06-08,301,298,2,13,81.98,,False
2289,MOV-002289,LOT-2026-02289,PROD-050,La Paz,2026-07-19,2026-07-22,2026-08-06,793,770,21,3,55.37,,False
2290,MOV-002290,LOT-2026-02290,PROD-018,Oruro,2026-08-10,2026-08-28,2027-08-10,786,778,5,18,20.82,,False
2291,MOV-002291,LOT-2026-02291,PROD-016,Cochabamba,2026-08-25,2026-09-10,2027-08-25,609,603,3,16,44.33,,False
2292,MOV-002292,LOT-2026-02292,PROD-015,Tarija,2026-05-21,2026-05-26,2026-11-17,261,253,4,5,54.56,,False
2293,MOV-002293,LOT-2026-02293,PROD-038,Oruro,2026-06-14,2026-06-28,2027-06-14,265,256,2,14,13.49,,False
2294,MOV-002294,LOT-2026-02294,PROD-047,Oruro,2026-05-06,2026-05-26,2027-05-06,74,67,0,20,21.58,,False
2295,MOV-002295,LOT-2026-02295,PROD-012,Cochabamba,2026-06-15,2026-07-04,2026-12-12,672,655,11,19,80.8,,False
2296,MOV-002296,LOT-2026-02296,PROD-012,Santa Cruz,2026-06-28,2026-07-16,2026-12-25,892,874,18,18,80.8,,False
2297,MOV-002297,LOT-2026-02297,PROD-052,Santa Cruz,2026-05-28,2026-06-05,2026-11-24,617,602,8,8,59.66,,False
2298,MOV-002298,LOT-2026-02298,PROD-025,Oruro,2026-06-13,2026-06-15,2026-07-01,509,488,14,2,45.25,,False
2299,MOV-002299,LOT-2026-02299,PROD-059,Santa Cruz,2026-06-06,2026-06-17,2026-06-24,191,183,6,11,13.44,,False
2300,MOV-002300,LOT-2026-02300,PROD-017,Tarija,2026-05-28,2026-06-05,2026-06-15,156,146,4,8,19.81,,False
2301,MOV-002301,LOT-2026-02301,PROD-040,Tarija,2026-06-14,2026-07-02,2026-07-02,833,799,31,18,82.17,,False
2302,MOV-002302,LOT-2026-02302,PROD-014,Oruro,2026-08-17,2026-10-01,2027-08-17,731,713,15,45,21.61,,False
2303,MOV-002303,LOT-2026-02303,PROD-002,La Paz,2026-05-12,2026-05-22,2026-05-30,335,321,9,10,33.75,,False
2304,MOV-002304,LOT-2026-02304,PROD-051,Oruro,2026-08-08,2026-08-20,2027-02-04,310,302,4,12,21.14,,False
2305,MOV-002305,LOT-2026-02305,PROD-019,Oruro,2026-07-21,2026-08-03,2026-08-08,887,861,24,13,62.22,,False
2306,MOV-002306,LOT-2026-02306,PROD-014,Tarija,2026-05-23,2026-06-03,2027-05-23,590,582,5,11,21.61,,False
2307,MOV-002307,LOT-2026-02307,PROD-045,Santa Cruz,2026-08-05,2026-09-16,2027-08-05,333,321,6,42,61.85,,False
2308,MOV-002308,LOT-2026-02308,PROD-011,Santa Cruz,2026-08-21,2026-09-12,2026-09-08,288,271,12,22,14.4,,False
2309,MOV-002309,LOT-2026-02309,PROD-044,La Paz,2026-05-07,2026-05-16,2027-05-07,665,660,4,9,65.12,,False
2310,MOV-002310,LOT-2026-02310,PROD-055,Tarija,2026-06-18,2026-07-02,2027-06-18,843,834,6,14,60.11,,False
2311,MOV-002311,LOT-2026-02311,PROD-037,Santa Cruz,2026-07-28,2026-08-23,2027-07-28,488,480,3,26,64.93,,False
2312,MOV-002312,LOT-2026-02312,PROD-048,La Paz,2026-07-15,2026-08-08,2027-07-15,866,858,7,24,24.01,,False
2313,MOV-002313,LOT-2026-02313,PROD-040,Santa Cruz,2026-05-08,2026-06-15,2026-05-26,460,427,31,38,82.17,,False
2314,MOV-002314,LOT-2026-02314,PROD-045,Cochabamba,2026-07-31,2026-08-20,2027-07-31,495,485,3,20,61.85,,False
2315,MOV-002315,LOT-2026-02315,PROD-028,La Paz,2026-08-21,2026-09-11,2027-08-21,372,370,2,21,55.4,,False
2316,MOV-002316,LOT-2026-02316,PROD-002,Tarija,2026-05-06,2026-06-02,2026-05-24,540,512,26,27,33.75,,False
2317,MOV-002317,LOT-2026-02317,PROD-035,Oruro,2026-08-20,2026-08-21,2026-09-07,382,372,10,1,23.85,,False
2318,MOV-002318,LOT-2026-02318,PROD-040,Cochabamba,2026-08-16,2026-09-29,2026-09-03,221,197,17,44,82.17,,False
2319,MOV-002319,LOT-2026-02319,PROD-022,Tarija,2026-07-04,2026-07-08,2026-12-31,230,227,3,4,67.52,,False
2320,MOV-002320,LOT-2026-02320,PROD-041,Oruro,2026-05-06,2026-05-27,2027-05-06,988,979,6,21,14.19,,False
2321,MOV-002321,LOT-2026-02321,PROD-013,La Paz,2026-07-06,2026-07-28,2027-01-02,398,388,6,22,33.05,,False
2322,MOV-002322,LOT-2026-02322,PROD-047,Oruro,2026-05-29,2026-06-14,2027-05-29,742,735,4,16,21.58,,False
2323,MOV-002323,LOT-2026-02323,PROD-045,La Paz,2026-05-16,2026-05-27,2027-05-16,935,928,5,11,61.85,,False
2324,MOV-002324,LOT-2026-02324,PROD-056,Cochabamba,2026-07-27,2026-08-02,2026-08-14,868,841,22,6,36.51,,False
2325,MOV-002325,LOT-2026-02325,PROD-035,Tarija,2026-05-02,2026-05-23,2026-05-20,394,372,15,21,23.85,,False
2326,MOV-002326,LOT-2026-02326,PROD-011,Santa Cruz,2026-07-11,2026-07-23,2026-07-29,206,195,5,12,14.4,,False
2327,MOV-002327,LOT-2026-02327,PROD-008,Santa Cruz,2026-07-27,2026-08-17,2026-08-14,452,431,18,21,31.75,,False
2328,MOV-002328,LOT-2026-02328,PROD-006,La Paz,2026-08-13,2026-08-30,2027-08-13,781,774,6,17,23.32,,False
2329,MOV-002329,LOT-2026-02329,PROD-030,Cochabamba,2026-07-21,2026-08-03,2027-07-21,184,181,1,13,24.51,,False
2330,MOV-002330,LOT-2026-02330,PROD-009,Tarija,2026-05-02,2026-05-25,2027-05-02,302,299,2,23,16.29,,False
2331,MOV-002331,LOT-2026-02331,PROD-001,Oruro,2026-08-22,2026-09-21,2027-02-18,928,912,12,30,42.39,,False
2332,MOV-002332,LOT-2026-02332,PROD-022,Santa Cruz,2026-06-18,2026-07-06,2026-12-15,650,642,8,18,67.52,,False
2333,MOV-002333,LOT-2026-02333,PROD-048,Tarija,2026-06-05,2026-07-04,2027-06-05,182,177,1,29,24.01,,False
2334,MOV-002334,LOT-2026-02334,PROD-037,Tarija,2026-08-26,2026-09-15,2027-08-26,643,632,5,20,64.93,,False
2335,MOV-002335,LOT-2026-02335,PROD-045,Oruro,2026-05-27,2026-06-06,2027-05-27,855,847,5,10,61.85,,False
2336,MOV-002336,LOT-2026-02336,PROD-020,Oruro,2026-08-24,2026-09-12,2026-09-11,677,646,25,19,26.82,,False
2337,MOV-002337,LOT-2026-02337,PROD-021,Tarija,2026-05-03,2026-05-15,2027-05-03,294,285,2,12,84.36,,False
2338,MOV-002338,LOT-2026-02338,PROD-057,La Paz,2026-05-08,2026-05-21,2027-05-08,815,804,5,13,39.61,,False
2339,MOV-002339,LOT-2026-02339,PROD-017,La Paz,2026-05-26,2026-05-29,2026-06-13,347,331,9,3,19.81,,False
2340,MOV-002340,LOT-2026-02340,PROD-028,La Paz,2026-05-20,2026-06-11,2027-05-20,114,112,1,22,55.4,,False
2341,MOV-002341,LOT-2026-02341,PROD-060,Oruro,2026-07-14,2026-08-01,2026-08-01,221,213,8,18,37.99,,False
2342,MOV-002342,LOT-2026-02342,PROD-058,Tarija,2026-08-23,2026-09-14,2027-08-23,484,480,2,22,83.63,,False
2343,MOV-002343,LOT-2026-02343,PROD-031,La Paz,2026-05-08,2026-05-13,2026-11-04,866,849,14,5,14.93,,False
2344,MOV-002344,LOT-2026-02344,PROD-006,Oruro,2026-06-24,2026-07-08,2027-06-24,145,139,1,14,23.32,,False
2345,MOV-002345,LOT-2026-02345,PROD-012,Cochabamba,2026-08-03,2026-08-11,2027-01-30,519,511,7,8,80.8,,False
2346,MOV-002346,LOT-2026-02346,PROD-006,La Paz,2026-05-09,2026-05-19,2027-05-09,115,114,1,10,23.32,,False
2347,MOV-002347,LOT-2026-02347,PROD-042,La Paz,2026-05-25,2026-06-27,2027-05-25,579,569,3,33,73.69,,False
2348,MOV-002348,LOT-2026-02348,PROD-059,La Paz,2026-08-09,2026-08-30,2026-08-27,675,642,26,21,13.44,,False
2349,MOV-002349,LOT-2026-02349,PROD-011,Oruro,2026-06-20,2026-07-10,2026-07-08,306,287,13,20,14.4,,False
2350,MOV-002350,LOT-2026-02350,PROD-019,Oruro,2026-05-16,2026-05-28,2026-06-03,616,596,16,12,62.22,,False
2351,MOV-002351,LOT-2026-02351,PROD-059,La Paz,2026-06-11,2026-06-18,2026-06-29,789,767,20,7,13.44,,False
2352,MOV-002352,LOT-2026-02352,PROD-033,Santa Cruz,2026-05-01,2026-05-18,2027-05-01,772,763,5,17,77.59,,False
2353,MOV-002353,LOT-2026-02353,PROD-013,La Paz,2026-05-25,2026-06-07,2026-11-21,621,610,8,13,33.05,,False
2354,MOV-002354,LOT-2026-02354,PROD-023,Oruro,2026-07-27,2026-08-08,2027-01-23,862,846,12,12,64.4,,False
2355,MOV-002355,LOT-2026-02355,PROD-057,Cochabamba,2026-05-22,2026-06-07,2027-05-22,435,431,3,16,39.61,,False
2356,MOV-002356,LOT-2026-02356,PROD-032,Tarija,2026-05-23,2026-06-07,2027-05-23,772,759,6,15,63.21,,False
2357,MOV-002357,LOT-2026-02357,PROD-032,Tarija,2026-05-20,2026-06-01,2027-05-20,198,191,1,12,63.21,,False
2358,MOV-002358,LOT-2026-02358,PROD-016,Tarija,2026-08-16,2026-09-03,2027-08-16,599,590,5,18,44.33,,False
2359,MOV-002359,LOT-2026-02359,PROD-055,La Paz,2026-05-30,2026-06-20,2027-05-30,938,928,5,21,60.11,,False
2360,MOV-002360,LOT-2026-02360,PROD-013,Tarija,2026-08-20,2026-08-29,2027-02-16,478,471,6,9,33.05,,False
2361,MOV-002361,LOT-2026-02361,PROD-010,Santa Cruz,2026-07-30,2026-08-26,2027-07-30,549,539,4,27,47.91,,False
2362,MOV-002362,LOT-2026-02362,PROD-034,La Paz,2026-08-12,2026-08-22,2027-08-12,317,308,2,10,83.26,,False
2363,MOV-002363,LOT-2026-02363,PROD-029,Tarija,2026-07-17,2026-07-28,2027-07-17,642,633,4,11,60.18,,False
2364,MOV-002364,LOT-2026-02364,PROD-043,Oruro,2026-06-09,2026-06-17,2026-06-27,727,704,18,8,71.11,,False
2365,MOV-002365,LOT-2026-02365,PROD-045,La Paz,2026-07-25,2026-08-18,2027-07-25,305,299,3,24,61.85,,False
2366,MOV-002366,LOT-2026-02366,PROD-033,Oruro,2026-07-26,2026-08-16,2027-07-26,464,457,4,21,77.59,,False
2367,MOV-002367,LOT-2026-02367,PROD-029,Cochabamba,2026-06-15,2026-07-06,2027-06-15,759,753,6,21,60.18,,False
2368,MOV-002368,LOT-2026-02368,PROD-049,Tarija,2026-05-13,2026-05-19,2026-05-31,567,549,16,6,25.49,,False
2369,MOV-002369,LOT-2026-02369,PROD-057,Tarija,2026-05-12,2026-05-31,2027-05-12,895,887,5,19,39.61,,False
2370,MOV-002370,LOT-2026-02370,PROD-053,Oruro,2026-07-24,2026-08-12,2027-07-24,808,800,5,19,73.12,,False
2371,MOV-002371,LOT-2026-02371,PROD-045,Tarija,2026-07-07,2026-07-22,2027-07-07,717,709,7,15,61.85,,False
2372,MOV-002372,LOT-2026-02372,PROD-018,Tarija,2026-08-19,2026-09-10,2027-08-19,625,614,5,22,20.82,,False
2373,MOV-002373,LOT-2026-02373,PROD-016,Cochabamba,2026-05-04,2026-05-18,2027-05-04,560,551,3,14,44.33,,False
2374,MOV-002374,LOT-2026-02374,PROD-037,Cochabamba,2026-06-03,2026-06-20,2027-06-03,886,878,5,17,64.93,,False
2375,MOV-002375,LOT-2026-02375,PROD-045,Cochabamba,2026-06-05,2026-06-24,2027-06-05,265,259,1,19,61.85,,False
2376,MOV-002376,LOT-2026-02376,PROD-018,La Paz,2026-06-13,2026-07-07,2027-06-13,538,534,3,24,20.82,,False
2377,MOV-002377,LOT-2026-02377,PROD-018,Santa Cruz,2026-05-08,2026-05-18,2027-05-08,607,595,5,10,20.82,,False
2378,MOV-002378,LOT-2026-02378,PROD-044,La Paz,2026-07-17,2026-08-09,2027-07-17,361,358,3,23,65.12,,False
2379,MOV-002379,LOT-2026-02379,PROD-004,Santa Cruz,2026-06-29,2026-07-19,2027-06-29,419,413,2,20,27.26,,False
2380,MOV-002380,LOT-2026-02380,PROD-036,Cochabamba,2026-08-10,2026-08-13,2027-02-06,911,893,11,3,53.28,,False
2381,MOV-002381,LOT-2026-02381,PROD-057,Santa Cruz,2026-07-15,2026-08-11,2027-07-15,543,538,3,27,39.61,,False
2382,MOV-002382,LOT-2026-02382,PROD-040,Cochabamba,2026-05-19,2026-05-21,2026-06-06,856,832,22,2,82.17,,False
2383,MOV-002383,LOT-2026-02383,PROD-025,Tarija,2026-07-03,2026-07-09,2026-07-21,712,693,18,6,45.25,,False
2384,MOV-002384,LOT-2026-02384,PROD-024,Santa Cruz,2026-06-22,2026-07-13,2027-06-22,753,744,7,21,23.48,,False
2385,MOV-002385,LOT-2026-02385,PROD-058,Cochabamba,2026-06-16,2026-06-29,2027-06-16,61,61,0,13,83.63,,False
2386,MOV-002386,LOT-2026-02386,PROD-008,Santa Cruz,2026-08-09,2026-08-18,2026-08-27,237,229,6,9,31.75,,False
2387,MOV-002387,LOT-2026-02387,PROD-041,Tarija,2026-08-24,2026-09-15,2027-08-24,113,110,1,22,14.19,,False
2388,MOV-002388,LOT-2026-02388,PROD-050,La Paz,2026-06-02,2026-06-06,2026-06-20,466,447,13,4,55.37,,False
2389,MOV-002389,LOT-2026-02389,PROD-058,Oruro,2026-07-06,2026-07-17,2027-07-06,934,924,7,11,83.63,,False
2390,MOV-002390,LOT-2026-02390,PROD-025,Tarija,2026-08-15,2026-08-19,2026-09-02,98,93,3,4,45.25,,False
2391,MOV-002391,LOT-2026-02391,PROD-002,Oruro,2026-07-02,2026-07-21,2026-07-20,795,756,32,19,33.75,,False
2392,MOV-002392,LOT-2026-02392,PROD-049,Oruro,2026-08-21,2026-09-04,2026-09-08,544,524,16,14,25.49,,False
2393,MOV-002393,LOT-2026-02393,PROD-054,Tarija,2026-05-23,2026-06-13,2027-05-23,717,705,5,21,81.98,,False
2394,MOV-002394,LOT-2026-02394,PROD-042,La Paz,2026-08-04,2026-08-17,2027-08-04,187,184,1,13,73.69,,False
2395,MOV-002395,LOT-2026-02395,PROD-033,Tarija,2026-08-26,2026-09-30,2027-08-26,754,749,4,35,77.59,,False
2396,MOV-002396,LOT-2026-02396,PROD-032,Santa Cruz,2026-08-28,2026-09-06,2027-08-28,443,434,3,9,63.21,,False
2397,MOV-002397,LOT-2026-02397,PROD-026,Tarija,2026-05-18,2026-05-30,2027-05-18,599,590,4,12,66.47,,False
2398,MOV-002398,LOT-2026-02398,PROD-038,Oruro,2026-07-25,2026-08-02,2027-07-25,317,312,2,8,13.49,,False
2399,MOV-002399,LOT-2026-02399,PROD-006,La Paz,2026-07-24,2026-08-14,2027-07-24,441,436,2,21,23.32,,False
2400,MOV-002400,LOT-2026-02400,PROD-047,La Paz,2026-07-30,2026-08-17,2027-07-30,392,389,3,18,21.58,,False
2401,MOV-002401,LOT-2026-02401,PROD-018,La Paz,2026-05-11,2026-06-04,2027-05-11,723,710,6,24,20.82,,False
2402,MOV-002402,LOT-2026-02402,PROD-040,Oruro,2026-06-14,2026-06-24,2026-07-02,611,592,16,10,82.17,,False
2403,MOV-002403,LOT-2026-02403,PROD-040,Santa Cruz,2026-06-30,2026-07-17,2026-07-18,805,771,27,17,82.17,,False
2404,MOV-002404,LOT-2026-02404,PROD-050,La Paz,2026-08-02,2026-08-11,2026-08-20,406,393,12,9,55.37,,False
2405,MOV-002405,LOT-2026-02405,PROD-007,Tarija,2026-07-08,2026-07-30,2027-07-08,984,975,8,22,23.87,,False
2406,MOV-002406,LOT-2026-02406,PROD-025,Santa Cruz,2026-05-15,2026-05-27,2026-06-02,441,427,12,12,45.25,,False
2407,MOV-002407,LOT-2026-02407,PROD-044,Santa Cruz,2026-08-03,2026-09-16,2027-08-03,419,404,9,44,65.12,,False
2408,MOV-002408,LOT-2026-02408,PROD-032,La Paz,2026-05-02,2026-05-15,2027-05-02,587,577,3,13,63.21,,False
2409,MOV-002409,LOT-2026-02409,PROD-059,Santa Cruz,2026-08-17,2026-08-25,2026-09-04,902,873,26,8,13.44,,False
2410,MOV-002410,LOT-2026-02410,PROD-020,Oruro,2026-07-31,2026-08-21,2026-08-18,688,660,27,21,26.82,,False
2411,MOV-002411,LOT-2026-02411,PROD-021,Tarija,2026-05-10,2026-06-01,2027-05-10,478,469,5,22,84.36,,False
2412,MOV-002412,LOT-2026-02412,PROD-025,La Paz,2026-05-17,2026-05-19,2026-06-04,960,934,25,2,45.25,,False
2413,MOV-002413,LOT-2026-02413,PROD-015,La Paz,2026-08-08,2026-08-16,2027-02-04,289,278,5,8,54.56,,False
2414,MOV-002414,LOT-2026-02414,PROD-042,Oruro,2026-07-31,2026-08-23,2027-07-31,843,835,6,23,73.69,,False
2415,MOV-002415,LOT-2026-02415,PROD-041,La Paz,2026-06-04,2026-07-05,2027-06-04,95,94,1,31,14.19,,False
2416,MOV-002416,LOT-2026-02416,PROD-047,Oruro,2026-07-07,2026-08-14,2027-07-07,62,57,1,38,21.58,,False
2417,MOV-002417,LOT-2026-02417,PROD-020,Cochabamba,2026-06-14,2026-06-29,2026-07-02,457,435,15,15,26.82,,False
2418,MOV-002418,LOT-2026-02418,PROD-012,La Paz,2026-08-25,2026-09-25,2027-02-21,351,341,4,31,80.8,,False
2419,MOV-002419,LOT-2026-02419,PROD-058,Cochabamba,2026-05-06,2026-05-27,2027-05-06,883,872,5,21,83.63,,False
2420,MOV-002420,LOT-2026-02420,PROD-052,Tarija,2026-06-10,2026-07-01,2026-12-07,795,783,12,21,59.66,,False
2421,MOV-002421,LOT-2026-02421,PROD-023,La Paz,2026-05-06,2026-05-11,2026-11-02,514,504,6,5,64.4,,False
2422,MOV-002422,LOT-2026-02422,PROD-038,Cochabamba,2026-08-03,2026-08-18,2027-08-03,436,432,2,15,13.49,,False
2423,MOV-002423,LOT-2026-02423,PROD-036,Cochabamba,2026-08-15,2026-08-19,2027-02-11,760,746,11,4,53.28,,False
2424,MOV-002424,LOT-2026-02424,PROD-031,La Paz,2026-05-02,2026-05-12,2026-10-29,249,239,3,10,14.93,,False
2425,MOV-002425,LOT-2026-02425,PROD-048,Santa Cruz,2026-07-08,2026-08-03,2027-07-08,315,311,3,26,24.01,,False
2426,MOV-002426,LOT-2026-02426,PROD-042,Cochabamba,2026-06-10,2026-06-28,2027-06-10,635,627,5,18,73.69,,False
2427,MOV-002427,LOT-2026-02427,PROD-014,Oruro,2026-07-16,2026-08-09,2027-07-16,202,197,2,24,21.61,,False
2428,MOV-002428,LOT-2026-02428,PROD-040,Cochabamba,2026-06-10,2026-07-03,2026-06-28,476,452,21,23,82.17,,False
2429,MOV-002429,LOT-2026-02429,PROD-012,Santa Cruz,2026-05-08,2026-05-13,2026-11-04,830,820,10,5,80.8,,False
2430,MOV-002430,LOT-2026-02430,PROD-042,Oruro,2026-05-18,2026-06-09,2027-05-18,631,627,4,22,73.69,,False
2431,MOV-002431,LOT-2026-02431,PROD-006,Cochabamba,2026-08-13,2026-08-29,2027-08-13,306,297,2,16,23.32,,False
2432,MOV-002432,LOT-2026-02432,PROD-021,La Paz,2026-07-03,2026-07-18,2027-07-03,958,943,11,15,84.36,,False
2433,MOV-002433,LOT-2026-02433,PROD-033,Oruro,2026-06-18,2026-07-09,2027-06-18,827,822,5,21,77.59,,False
2434,MOV-002434,LOT-2026-02434,PROD-028,Oruro,2026-08-13,2026-08-28,2027-08-13,724,716,4,15,55.4,,False
2435,MOV-002435,LOT-2026-02435,PROD-025,Santa Cruz,2026-06-25,2026-07-06,2026-07-13,734,713,20,11,45.25,,False
2436,MOV-002436,LOT-2026-02436,PROD-040,Oruro,2026-06-09,2026-06-30,2026-06-27,784,749,30,21,82.17,,False
2437,MOV-002437,LOT-2026-02437,PROD-024,Cochabamba,2026-07-24,2026-08-10,2027-07-24,616,610,4,17,23.48,,False
2438,MOV-002438,LOT-2026-02438,PROD-031,La Paz,2026-08-16,2026-09-02,2027-02-12,722,711,10,17,14.93,,False
2439,MOV-002439,LOT-2026-02439,PROD-031,Oruro,2026-06-18,2026-06-20,2026-12-15,440,433,6,2,14.93,,False
2440,MOV-002440,LOT-2026-02440,PROD-048,Tarija,2026-05-14,2026-06-11,2027-05-14,680,672,4,28,24.01,,False
2441,MOV-002441,LOT-2026-02441,PROD-022,La Paz,2026-07-04,2026-07-13,2026-12-31,990,973,13,9,67.52,,False
2442,MOV-002442,LOT-2026-02442,PROD-013,Cochabamba,2026-05-10,2026-05-17,2026-11-06,786,776,10,7,33.05,,False
2443,MOV-002443,LOT-2026-02443,PROD-019,Tarija,2026-08-01,2026-08-17,2026-08-19,731,707,24,16,62.22,,False
2444,MOV-002444,LOT-2026-02444,PROD-050,La Paz,2026-05-24,2026-05-29,2026-06-11,71,62,2,5,55.37,,False
2445,MOV-002445,LOT-2026-02445,PROD-033,Santa Cruz,2026-06-08,2026-06-29,2027-06-08,294,287,2,21,77.59,,False
2446,MOV-002446,LOT-2026-02446,PROD-054,Santa Cruz,2026-07-04,2026-07-27,2027-07-04,997,982,8,23,81.98,,False
2447,MOV-002447,LOT-2026-02447,PROD-052,Santa Cruz,2026-05-12,2026-05-21,2026-11-08,400,394,5,9,59.66,,False
2448,MOV-002448,LOT-2026-02448,PROD-040,Tarija,2026-08-19,2026-08-23,2026-09-06,682,660,18,4,82.17,,False
2449,MOV-002449,LOT-2026-02449,PROD-041,Oruro,2026-07-11,2026-08-14,2027-07-11,411,407,4,34,14.19,,False
2450,MOV-002450,LOT-2026-02450,PROD-026,Santa Cruz,2026-06-17,2026-06-26,2027-06-17,104,103,1,9,66.47,,False
2451,MOV-002451,LOT-2026-02451,PROD-014,La Paz,2026-08-20,2026-09-06,2027-08-20,614,604,3,17,21.61,,False
2452,MOV-002452,LOT-2026-02452,PROD-055,Oruro,2026-06-07,2026-06-29,2027-06-07,276,274,2,22,60.11,,False
2453,MOV-002453,LOT-2026-02453,PROD-037,Oruro,2026-08-14,2026-08-25,2027-08-14,947,938,5,11,64.93,,False
2454,MOV-002454,LOT-2026-02454,PROD-043,Santa Cruz,2026-08-07,2026-09-02,2026-08-25,376,354,20,26,71.11,,False
2455,MOV-002455,LOT-2026-02455,PROD-049,Cochabamba,2026-06-10,2026-06-15,2026-06-28,308,295,8,5,25.49,,False
2456,MOV-002456,LOT-2026-02456,PROD-054,Santa Cruz,2026-08-09,2026-08-18,2027-08-09,586,577,5,9,81.98,,False
2457,MOV-002457,LOT-2026-02457,PROD-056,Tarija,2026-08-28,2026-09-07,2026-09-15,722,696,19,10,36.51,,False
2458,MOV-002458,LOT-2026-02458,PROD-007,Oruro,2026-06-11,2026-06-30,2027-06-11,805,801,4,19,23.87,,False
2459,MOV-002459,LOT-2026-02459,PROD-007,Tarija,2026-08-08,2026-08-23,2027-08-08,613,603,4,15,23.87,,False
2460,MOV-002460,LOT-2026-02460,PROD-022,Tarija,2026-05-28,2026-06-24,2026-11-24,73,70,1,27,67.52,,False
2461,MOV-002461,LOT-2026-02461,PROD-036,Santa Cruz,2026-06-11,2026-06-21,2026-12-08,870,858,11,10,53.28,,False
2462,MOV-002462,LOT-2026-02462,PROD-039,Tarija,2026-08-19,2026-09-13,2027-08-19,767,758,4,25,56.75,,False
2463,MOV-002463,LOT-2026-02463,PROD-047,Tarija,2026-05-02,2026-05-13,2027-05-02,511,504,4,11,21.58,,False
2464,MOV-002464,LOT-2026-02464,PROD-042,Oruro,2026-08-11,2026-08-26,2027-08-11,403,400,3,15,73.69,,False
2465,MOV-002465,LOT-2026-02465,PROD-024,La Paz,2026-08-14,2026-08-30,2027-08-14,722,714,5,16,23.48,,False
2466,MOV-002466,LOT-2026-02466,PROD-013,Tarija,2026-07-20,2026-08-04,2027-01-16,481,470,8,15,33.05,,False
2467,MOV-002467,LOT-2026-02467,PROD-013,La Paz,2026-07-06,2026-07-09,2027-01-02,345,333,5,3,33.05,,False
2468,MOV-002468,LOT-2026-02468,PROD-028,Tarija,2026-05-18,2026-06-03,2027-05-18,651,639,6,16,55.4,,False
2469,MOV-002469,LOT-2026-02469,PROD-052,Cochabamba,2026-06-19,2026-07-01,2026-12-16,676,659,11,12,59.66,,False
2470,MOV-002470,LOT-2026-02470,PROD-042,Oruro,2026-05-20,2026-06-15,2027-05-20,415,410,3,26,73.69,,False
2471,MOV-002471,LOT-2026-02471,PROD-007,Cochabamba,2026-08-19,2026-09-19,2027-08-19,307,303,2,31,23.87,,False
2472,MOV-002472,LOT-2026-02472,PROD-057,La Paz,2026-07-14,2026-07-28,2027-07-14,432,422,4,14,39.61,,False
2473,MOV-002473,LOT-2026-02473,PROD-031,Oruro,2026-07-23,2026-08-07,2027-01-19,358,346,6,15,14.93,,False
2474,MOV-002474,LOT-2026-02474,PROD-002,Tarija,2026-07-10,2026-08-02,2026-07-28,252,241,11,23,33.75,,False
2475,MOV-002475,LOT-2026-02475,PROD-014,Santa Cruz,2026-07-30,2026-08-21,2027-07-30,356,351,2,22,21.61,,False
2476,MOV-002476,LOT-2026-02476,PROD-021,Oruro,2026-08-15,2026-08-28,2027-08-15,299,296,2,13,84.36,,False
2477,MOV-002477,LOT-2026-02477,PROD-023,Oruro,2026-05-07,2026-06-06,2026-11-03,743,728,11,30,64.4,,False
2478,MOV-002478,LOT-2026-02478,PROD-050,Santa Cruz,2026-05-14,2026-05-30,2026-06-01,844,815,27,16,55.37,,False
2479,MOV-002479,LOT-2026-02479,PROD-030,La Paz,2026-06-10,2026-06-20,2027-06-10,839,829,7,10,24.51,,False
2480,MOV-002480,LOT-2026-02480,PROD-020,Santa Cruz,2026-05-08,2026-05-17,2026-05-26,541,525,14,9,26.82,,False
2481,MOV-002481,LOT-2026-02481,PROD-048,Oruro,2026-05-13,2026-06-08,2027-05-13,930,917,7,26,24.01,,False
2482,MOV-002482,LOT-2026-02482,PROD-046,Cochabamba,2026-07-17,2026-07-30,2027-07-17,520,512,4,13,12.64,,False
2483,MOV-002483,LOT-2026-02483,PROD-057,Oruro,2026-05-19,2026-06-06,2027-05-19,417,409,3,18,39.61,,False
2484,MOV-002484,LOT-2026-02484,PROD-005,Tarija,2026-06-12,2026-07-07,2027-06-12,634,625,6,25,76.84,,False
2485,MOV-002485,LOT-2026-02485,PROD-042,Cochabamba,2026-05-15,2026-06-04,2027-05-15,792,783,6,20,73.69,,False
2486,MOV-002486,LOT-2026-02486,PROD-015,Oruro,2026-06-25,2026-07-07,2026-12-22,699,689,9,12,54.56,,False
2487,MOV-002487,LOT-2026-02487,PROD-002,Oruro,2026-06-09,2026-06-13,2026-06-27,838,809,22,4,33.75,,False
2488,MOV-002488,LOT-2026-02488,PROD-018,Tarija,2026-07-24,2026-08-09,2027-07-24,606,599,4,16,20.82,,False
2489,MOV-002489,LOT-2026-02489,PROD-043,Oruro,2026-06-16,2026-06-21,2026-07-04,457,441,12,5,71.11,,False
2490,MOV-002490,LOT-2026-02490,PROD-016,Cochabamba,2026-07-02,2026-07-28,2027-07-02,159,151,1,26,44.33,,False
2491,MOV-002491,LOT-2026-02491,PROD-011,Oruro,2026-07-14,2026-08-05,2026-08-01,310,296,13,22,14.4,,False
2492,MOV-002492,LOT-2026-02492,PROD-060,Tarija,2026-08-17,2026-08-28,2026-09-04,495,482,13,11,37.99,,False
2493,MOV-002493,LOT-2026-02493,PROD-045,Oruro,2026-06-08,2026-06-30,2027-06-08,375,368,3,22,61.85,,False
2494,MOV-002494,LOT-2026-02494,PROD-030,Santa Cruz,2026-07-21,2026-08-20,2027-07-21,745,737,5,30,24.51,,False
2495,MOV-002495,LOT-2026-02495,PROD-009,Oruro,2026-06-03,2026-07-10,2027-06-03,605,594,5,37,16.29,,False
2496,MOV-002496,LOT-2026-02496,PROD-007,Tarija,2026-07-27,2026-09-06,2027-07-27,733,716,10,41,23.87,,False
2497,MOV-002497,LOT-2026-02497,PROD-035,Oruro,2026-08-03,2026-08-14,2026-08-21,780,760,20,11,23.85,,False
2498,MOV-002498,LOT-2026-02498,PROD-014,Cochabamba,2026-05-31,2026-06-25,2027-05-31,137,129,1,25,21.61,,False
2499,MOV-002499,LOT-2026-02499,PROD-048,La Paz,2026-05-28,2026-06-17,2027-05-28,719,711,7,20,24.01,,False
2500,MOV-002500,LOT-2026-02500,PROD-019,Santa Cruz,2026-07-03,2026-07-19,2026-07-21,251,239,8,16,62.22,,False
2501,MOV-002501,LOT-2026-02501,PROD-014,Tarija,2026-07-04,2026-07-29,2027-07-04,108,101,1,25,21.61,,False
2502,MOV-002502,LOT-2026-02502,PROD-005,La Paz,2026-06-01,2026-06-13,2027-06-01,667,656,4,12,76.84,,False
2503,MOV-002503,LOT-2026-02503,PROD-026,Oruro,2026-05-21,2026-06-19,2027-05-21,150,145,1,29,66.47,,False
2504,MOV-002504,LOT-2026-02504,PROD-005,Santa Cruz,2026-06-02,2026-06-16,2027-06-02,847,832,8,14,76.84,,False
2505,MOV-002505,LOT-2026-02505,PROD-045,Cochabamba,2026-08-10,2026-08-23,2027-08-10,843,838,5,13,61.85,,False
2506,MOV-002506,LOT-2026-02506,PROD-021,Santa Cruz,2026-08-23,2026-09-06,2027-08-23,907,896,5,14,84.36,,False
2507,MOV-002507,LOT-2026-02507,PROD-015,Santa Cruz,2026-07-03,2026-07-07,2026-12-30,729,718,10,4,54.56,,False
2508,MOV-002508,LOT-2026-02508,PROD-048,Santa Cruz,2026-06-09,2026-06-25,2027-06-09,734,722,8,16,24.01,,False
2509,MOV-002509,LOT-2026-02509,PROD-002,Cochabamba,2026-08-15,2026-08-28,2026-09-02,344,331,10,13,33.75,,False
2510,MOV-002510,LOT-2026-02510,PROD-007,La Paz,2026-06-30,2026-08-03,2027-06-30,465,459,4,34,23.87,,False
2511,MOV-002511,LOT-2026-02511,PROD-006,Cochabamba,2026-06-03,2026-06-24,2027-06-03,930,921,5,21,23.32,,False
2512,MOV-002512,LOT-2026-02512,PROD-047,La Paz,2026-05-07,2026-05-16,2027-05-07,686,681,5,9,21.58,,False
2513,MOV-002513,LOT-2026-02513,PROD-040,Cochabamba,2026-05-25,2026-06-07,2026-06-12,927,898,25,13,82.17,,False
2514,MOV-002514,LOT-2026-02514,PROD-043,Oruro,2026-06-14,2026-06-20,2026-07-02,854,832,22,6,71.11,,False
2515,MOV-002515,LOT-2026-02515,PROD-043,Oruro,2026-08-25,2026-09-28,2026-09-12,525,491,31,34,71.11,,False
2516,MOV-002516,LOT-2026-02516,PROD-042,La Paz,2026-06-06,2026-06-16,2027-06-06,758,745,6,10,73.69,,False
2517,MOV-002517,LOT-2026-02517,PROD-007,Tarija,2026-07-17,2026-08-07,2027-07-17,317,313,2,21,23.87,,False
2518,MOV-002518,LOT-2026-02518,PROD-040,Oruro,2026-07-11,2026-07-17,2026-07-29,114,109,3,6,82.17,,False
2519,MOV-002519,LOT-2026-02519,PROD-055,Oruro,2026-07-25,2026-08-07,2027-07-25,455,447,4,13,60.11,,False
2520,MOV-002520,LOT-2026-02520,PROD-037,Santa Cruz,2026-08-16,2026-09-04,2027-08-16,637,631,4,19,64.93,,False
2521,MOV-002521,LOT-2026-02521,PROD-008,La Paz,2026-08-03,2026-08-07,2026-08-21,699,676,21,4,31.75,,False
2522,MOV-002522,LOT-2026-02522,PROD-040,Tarija,2026-07-05,2026-07-28,2026-07-23,181,171,8,23,82.17,,False
2523,MOV-002523,LOT-2026-02523,PROD-057,Oruro,2026-06-01,2026-06-16,2027-06-01,103,101,1,15,39.61,,False
2524,MOV-002524,LOT-2026-02524,PROD-002,La Paz,2026-05-07,2026-05-18,2026-05-25,543,525,14,11,33.75,,False
2525,MOV-002525,LOT-2026-02525,PROD-046,Santa Cruz,2026-05-11,2026-06-01,2027-05-11,698,687,4,21,12.64,,False
2526,MOV-002526,LOT-2026-02526,PROD-058,Tarija,2026-05-27,2026-06-17,2027-05-27,728,720,7,21,83.63,,False
2527,MOV-002527,LOT-2026-02527,PROD-005,Cochabamba,2026-05-16,2026-06-11,2027-05-16,306,299,2,26,76.84,,False
2528,MOV-002528,LOT-2026-02528,PROD-060,La Paz,2026-05-15,2026-05-28,2026-06-02,944,911,27,13,37.99,,False
2529,MOV-002529,LOT-2026-02529,PROD-026,Oruro,2026-06-13,2026-07-03,2027-06-13,324,320,2,20,66.47,,False
2530,MOV-002530,LOT-2026-02530,PROD-008,Tarija,2026-06-04,2026-06-11,2026-06-22,769,742,22,7,31.75,,False
2531,MOV-002531,LOT-2026-02531,PROD-008,Oruro,2026-06-19,2026-06-28,2026-07-07,238,225,7,9,31.75,,False
2532,MOV-002532,LOT-2026-02532,PROD-018,Oruro,2026-05-12,2026-05-28,2027-05-12,830,816,9,16,20.82,,False
2533,MOV-002533,LOT-2026-02533,PROD-045,Cochabamba,2026-06-25,2026-07-08,2027-06-25,470,461,3,13,61.85,,False
2534,MOV-002534,LOT-2026-02534,PROD-019,Cochabamba,2026-05-01,2026-05-12,2026-05-19,683,663,17,11,62.22,,False
2535,MOV-002535,LOT-2026-02535,PROD-007,Oruro,2026-06-25,2026-07-27,2027-06-25,634,625,3,32,23.87,,False
2536,MOV-002536,LOT-2026-02536,PROD-056,Oruro,2026-05-25,2026-06-19,2026-06-12,528,499,24,25,36.51,,False
2537,MOV-002537,LOT-2026-02537,PROD-038,Cochabamba,2026-06-30,2026-07-26,2027-06-30,757,752,4,26,13.49,,False
2538,MOV-002538,LOT-2026-02538,PROD-019,Tarija,2026-05-09,2026-05-10,2026-05-27,65,61,2,1,62.22,,False
2539,MOV-002539,LOT-2026-02539,PROD-020,Cochabamba,2026-06-13,2026-07-02,2026-07-01,874,835,32,19,26.82,,False
2540,MOV-002540,LOT-2026-02540,PROD-034,Tarija,2026-05-30,2026-07-12,2027-05-30,377,363,7,43,83.26,,False
2541,MOV-002541,LOT-2026-02541,PROD-006,Santa Cruz,2026-08-13,2026-09-09,2027-08-13,761,751,4,27,23.32,,False
2542,MOV-002542,LOT-2026-02542,PROD-002,Tarija,2026-08-04,2026-09-04,2026-08-22,837,786,46,31,33.75,,False
2543,MOV-002543,LOT-2026-02543,PROD-013,Santa Cruz,2026-05-12,2026-05-23,2026-11-08,890,876,13,11,33.05,,False
2544,MOV-002544,LOT-2026-02544,PROD-032,Oruro,2026-08-25,2026-09-24,2027-08-25,274,265,2,30,63.21,,False
2545,MOV-002545,LOT-2026-02545,PROD-045,Santa Cruz,2026-08-22,2026-09-10,2027-08-22,137,135,1,19,61.85,,False
2546,MOV-002546,LOT-2026-02546,PROD-023,La Paz,2026-07-22,2026-08-13,2027-01-18,90,86,1,22,64.4,,False
2547,MOV-002547,LOT-2026-02547,PROD-021,Oruro,2026-05-12,2026-05-23,2027-05-12,145,143,1,11,84.36,,False
2548,MOV-002548,LOT-2026-02548,PROD-024,Tarija,2026-08-23,2026-09-08,2027-08-23,338,331,3,16,23.48,,False
2549,MOV-002549,LOT-2026-02549,PROD-009,Cochabamba,2026-07-06,2026-08-01,2027-07-06,709,698,5,26,16.29,,False
2550,MOV-002550,LOT-2026-02550,PROD-046,Oruro,2026-05-26,2026-06-18,2027-05-26,385,382,2,23,12.64,,False
2551,MOV-002551,LOT-2026-02551,PROD-037,Cochabamba,2026-08-10,2026-09-07,2027-08-10,222,218,1,28,64.93,,False
2552,MOV-002552,LOT-2026-02552,PROD-051,Santa Cruz,2026-07-07,2026-07-24,2027-01-03,885,874,11,17,21.14,,False
2553,MOV-002553,LOT-2026-02553,PROD-009,Cochabamba,2026-06-24,2026-07-07,2027-06-24,528,519,4,13,16.29,,False
2554,MOV-002554,LOT-2026-02554,PROD-029,Tarija,2026-06-10,2026-06-30,2027-06-10,323,316,2,20,60.18,,False
2555,MOV-002555,LOT-2026-02555,PROD-042,Santa Cruz,2026-07-28,2026-08-06,2027-07-28,925,911,8,9,73.69,,False
2556,MOV-002556,LOT-2026-02556,PROD-038,Oruro,2026-06-24,2026-07-25,2027-06-24,180,177,2,31,13.49,,False
2557,MOV-002557,LOT-2026-02557,PROD-053,Oruro,2026-06-15,2026-07-02,2027-06-15,612,603,5,17,73.12,,False
2558,MOV-002558,LOT-2026-02558,PROD-019,Cochabamba,2026-07-14,2026-07-31,2026-08-01,91,82,3,17,62.22,,False
2559,MOV-002559,LOT-2026-02559,PROD-048,La Paz,2026-08-07,2026-08-23,2027-08-07,492,485,4,16,24.01,,False
2560,MOV-002560,LOT-2026-02560,PROD-021,Cochabamba,2026-05-30,2026-06-13,2027-05-30,403,400,2,14,84.36,,False
2561,MOV-002561,LOT-2026-02561,PROD-005,Santa Cruz,2026-05-03,2026-06-03,2027-05-03,744,732,8,31,76.84,,False
2562,MOV-002562,LOT-2026-02562,PROD-022,Cochabamba,2026-06-24,2026-07-15,2026-12-21,469,461,6,21,67.52,,False
2563,MOV-002563,LOT-2026-02563,PROD-055,La Paz,2026-05-30,2026-07-02,2027-05-30,869,863,5,33,60.11,,False
2564,MOV-002564,LOT-2026-02564,PROD-007,Santa Cruz,2026-07-25,2026-08-16,2027-07-25,609,601,3,22,23.87,,False
2565,MOV-002565,LOT-2026-02565,PROD-058,La Paz,2026-06-02,2026-06-24,2027-06-02,268,263,2,22,83.63,,False
2566,MOV-002566,LOT-2026-02566,PROD-034,Santa Cruz,2026-05-03,2026-05-16,2027-05-03,493,485,3,13,83.26,,False
2567,MOV-002567,LOT-2026-02567,PROD-020,Santa Cruz,2026-06-09,2026-06-12,2026-06-27,315,305,8,3,26.82,,False
2568,MOV-002568,LOT-2026-02568,PROD-001,Santa Cruz,2026-07-28,2026-09-12,2027-01-24,450,432,13,46,42.39,,False
2569,MOV-002569,LOT-2026-02569,PROD-043,Santa Cruz,2026-08-27,2026-09-19,2026-09-14,104,94,5,23,71.11,,False
2570,MOV-002570,LOT-2026-02570,PROD-010,Tarija,06/05/2026,2026-05-18,2027-05-06,558,548,3,12,47.91,fecha_ingreso,True
2571,MOV-002571,LOT-2026-02571,PROD-001,Oruro,2026-05-01,2026-05-11,2026-10-28,623,613,9,10,42.39,,False
2572,MOV-002572,LOT-2026-02572,PROD-060,Cochabamba,2026-05-15,2026-05-27,2026-06-02,976,944,25,12,37.99,,False
2573,MOV-002573,LOT-2026-02573,PROD-007,La Paz,2026-05-06,2026-05-22,2027-05-06,284,277,2,16,23.87,,False
2574,MOV-002574,LOT-2026-02574,PROD-033,Cochabamba,2026-08-08,2026-08-27,2027-08-08,326,321,2,19,77.59,,False
2575,MOV-002575,LOT-2026-02575,PROD-014,La Paz,2026-07-24,2026-08-05,2027-07-24,426,417,3,12,21.61,,False
2576,MOV-002576,LOT-2026-02576,PROD-050,Cochabamba,2026-05-30,2026-06-19,2026-06-17,611,582,23,20,55.37,,False
2577,MOV-002577,LOT-2026-02577,PROD-030,La Paz,2026-06-05,2026-06-17,2027-06-05,561,553,3,12,24.51,,False
2578,MOV-002578,LOT-2026-02578,PROD-033,La Paz,2026-07-30,2026-08-19,2027-07-30,207,199,2,20,77.59,,False
2579,MOV-002579,LOT-2026-02579,PROD-045,Oruro,2026-05-12,2026-05-30,2027-05-12,930,924,5,18,61.85,,False
2580,MOV-002580,LOT-2026-02580,PROD-028,Oruro,2026-06-09,2026-06-22,2027-06-09,413,404,3,13,55.4,,False
2581,MOV-002581,LOT-2026-02581,PROD-057,Santa Cruz,2026-05-22,2026-06-13,2027-05-22,260,257,1,22,39.61,,False
2582,MOV-002582,LOT-2026-02582,PROD-003,Tarija,2026-06-20,2026-06-21,2026-07-08,749,723,21,1,27.19,,False
2583,MOV-002583,LOT-2026-02583,PROD-046,Oruro,2026-07-16,2026-07-29,2027-07-16,883,873,10,13,12.64,,False
2584,MOV-002584,LOT-2026-02584,PROD-014,La Paz,2026-05-02,2026-05-14,2027-05-02,383,373,4,12,21.61,,False
2585,MOV-002585,LOT-2026-02585,PROD-042,Santa Cruz,2026-05-13,2026-05-24,2027-05-13,662,650,6,11,73.69,,False
2586,MOV-002586,LOT-2026-02586,PROD-024,La Paz,2026-06-22,2026-07-12,2027-06-22,208,204,1,20,23.48,,False
2587,MOV-002587,LOT-2026-02587,PROD-026,Oruro,2026-07-30,2026-08-12,2027-07-30,919,907,9,13,66.47,,False
2588,MOV-002588,LOT-2026-02588,PROD-043,Santa Cruz,2026-07-01,2026-07-07,2026-07-19,402,385,11,6,71.11,,False
2589,MOV-002589,LOT-2026-02589,PROD-049,La Paz,2026-06-06,2026-06-11,2026-06-24,683,659,18,5,25.49,,False
2590,MOV-002590,LOT-2026-02590,PROD-009,Santa Cruz,2026-08-19,2026-09-06,2027-08-19,657,648,4,18,16.29,,False
2591,MOV-002591,LOT-2026-02591,PROD-022,Tarija,2026-08-24,2026-09-07,2027-02-20,696,680,15,14,67.52,,False
2592,MOV-002592,LOT-2026-02592,PROD-026,Santa Cruz,2026-08-08,2026-08-30,2027-08-08,473,468,5,22,66.47,,False
2593,MOV-002593,LOT-2026-02593,PROD-057,Cochabamba,2026-08-01,2026-08-30,2027-08-01,903,888,8,29,39.61,,False
2594,MOV-002594,LOT-2026-02594,PROD-001,Oruro,2026-06-07,2026-06-11,2026-12-04,134,132,2,4,42.39,,False
2595,MOV-002595,LOT-2026-02595,PROD-015,La Paz,2026-07-24,2026-08-24,2027-01-20,481,474,7,31,54.56,,False
2596,MOV-002596,LOT-2026-02596,PROD-010,Santa Cruz,2026-08-19,2026-09-09,2027-08-19,372,366,4,21,47.91,,False
2597,MOV-002597,LOT-2026-02597,PROD-044,Tarija,2026-08-16,2026-09-26,2027-08-16,879,863,13,41,65.12,,False
2598,MOV-002598,LOT-2026-02598,PROD-038,Tarija,2026-05-03,2026-05-24,2027-05-03,711,703,5,21,13.49,,False
2599,MOV-002599,LOT-2026-02599,PROD-001,Oruro,2026-05-22,2026-06-04,2026-11-18,883,867,11,13,42.39,,False
2600,MOV-002600,LOT-2026-02600,PROD-047,Oruro,2026-05-06,2026-05-25,2027-05-06,772,765,5,19,21.58,,False
2601,MOV-002601,LOT-2026-02601,PROD-031,Santa Cruz,2026-06-05,2026-06-10,2026-12-02,60,59,1,5,14.93,,False
2602,MOV-002602,LOT-2026-02602,PROD-020,Tarija,2026-07-02,2026-07-12,2026-07-20,552,535,17,10,26.82,,False
2603,MOV-002603,LOT-2026-02603,PROD-008,La Paz,2026-06-20,2026-07-09,2026-07-08,968,924,37,19,31.75,,False
2604,MOV-002604,LOT-2026-02604,PROD-055,Oruro,2026-07-25,2026-08-04,2027-07-25,683,676,6,10,60.11,,False
2605,MOV-002605,LOT-2026-02605,PROD-055,Santa Cruz,2026-08-13,2026-09-15,2027-08-13,125,124,1,33,60.11,,False
2606,MOV-002606,LOT-2026-02606,PROD-051,Oruro,2026-08-19,2026-08-30,2027-02-15,396,389,6,11,21.14,,False
2607,MOV-002607,LOT-2026-02607,PROD-018,Tarija,2026-08-27,2026-09-08,2027-08-27,437,434,3,12,20.82,,False
2608,MOV-002608,LOT-2026-02608,PROD-052,La Paz,2026-05-25,2026-06-04,2026-11-21,300,289,4,10,59.66,,False
2609,MOV-002609,LOT-2026-02609,PROD-028,Oruro,2026-08-04,2026-08-22,2027-08-04,905,893,7,18,55.4,,False
2610,MOV-002610,LOT-2026-02610,PROD-015,La Paz,2026-07-21,2026-07-29,2027-01-17,927,910,13,8,54.56,,False
2611,MOV-002611,LOT-2026-02611,PROD-029,Oruro,2026-07-07,2026-07-21,2027-07-07,742,731,4,14,60.18,,False
2612,MOV-002612,LOT-2026-02612,PROD-019,La Paz,2026-07-25,2026-08-04,2026-08-12,155,150,4,10,62.22,,False
2613,MOV-002613,LOT-2026-02613,PROD-031,Tarija,2026-06-17,2026-06-20,2026-12-14,209,202,3,3,14.93,,False
2614,MOV-002614,LOT-2026-02614,PROD-030,La Paz,2026-08-26,2026-09-14,2027-08-26,576,567,3,19,24.51,,False
2615,MOV-002615,LOT-2026-02615,PROD-044,Oruro,2026-06-18,2026-07-13,2027-06-18,921,909,5,25,65.12,,False
2616,MOV-002616,LOT-2026-02616,PROD-052,Cochabamba,2026-08-10,2026-08-20,2027-02-06,281,273,4,10,59.66,,False
2617,MOV-002617,LOT-2026-02617,PROD-012,Oruro,2026-08-13,2026-08-23,2027-02-09,509,498,6,10,80.8,,False
2618,MOV-002618,LOT-2026-02618,PROD-038,Tarija,2026-05-21,2026-06-09,2027-05-21,171,163,1,19,13.49,,False
2619,MOV-002619,LOT-2026-02619,PROD-041,Santa Cruz,2026-08-15,2026-09-09,2027-08-15,194,189,1,25,14.19,,False
2620,MOV-002620,LOT-2026-02620,PROD-030,Oruro,2026-07-17,2026-08-09,2027-07-17,729,722,4,23,24.51,,False
2621,MOV-002621,LOT-2026-02621,PROD-052,Santa Cruz,2026-05-30,2026-06-10,2026-11-26,727,713,10,11,59.66,,False
2622,MOV-002622,LOT-2026-02622,PROD-003,Tarija,2026-06-02,2026-06-24,2026-06-20,148,139,6,22,27.19,,False
2623,MOV-002623,LOT-2026-02623,PROD-018,Santa Cruz,2026-07-11,2026-07-21,2027-07-11,216,214,1,10,20.82,,False
2624,MOV-002624,LOT-2026-02624,PROD-020,La Paz,2026-07-10,2026-07-23,2026-07-28,840,810,24,13,26.82,,False
2625,MOV-002625,LOT-2026-02625,PROD-057,Cochabamba,2026-06-25,2026-07-09,2027-06-25,885,875,6,14,39.61,,False
2626,MOV-002626,LOT-2026-02626,PROD-021,Tarija,2026-08-14,2026-08-27,2027-08-14,258,253,1,13,84.36,,False
2627,MOV-002627,LOT-2026-02627,PROD-007,Oruro,2026-05-06,2026-05-19,2027-05-06,769,760,4,13,23.87,,False
2628,MOV-002628,LOT-2026-02628,PROD-041,Oruro,2026-08-17,2026-09-15,2027-08-17,226,224,2,29,14.19,,False
2629,MOV-002629,LOT-2026-02629,PROD-055,Oruro,2026-07-10,2026-08-06,2027-07-10,753,745,4,27,60.11,,False
2630,MOV-002630,LOT-2026-02630,PROD-043,Tarija,2026-06-03,2026-06-12,2026-06-21,764,739,23,9,71.11,,False
2631,MOV-002631,LOT-2026-02631,PROD-022,Santa Cruz,2026-05-10,2026-05-17,2026-11-06,984,971,13,7,67.52,,False
2632,MOV-002632,LOT-2026-02632,PROD-013,La Paz,2026-05-08,2026-05-23,2026-11-04,538,525,8,15,33.05,,False
2633,MOV-002633,LOT-2026-02633,PROD-002,Oruro,2026-07-29,2026-07-31,2026-08-16,79,75,2,2,33.75,,False
2634,MOV-002634,LOT-2026-02634,PROD-046,La Paz,2026-06-18,2026-07-10,2027-06-18,496,489,3,22,12.64,,False
2635,MOV-002635,LOT-2026-02635,PROD-020,Tarija,2026-05-19,2026-06-03,2026-06-06,893,864,27,15,26.82,,False
2636,MOV-002636,LOT-2026-02636,PROD-033,Santa Cruz,2026-06-12,2026-06-25,2027-06-12,164,156,1,13,77.59,,False
2637,MOV-002637,LOT-2026-02637,PROD-036,Santa Cruz,2026-05-14,2026-05-19,2026-11-10,654,638,10,5,53.28,,False
2638,MOV-002638,LOT-2026-02638,PROD-026,Cochabamba,2026-06-14,2026-06-24,2027-06-14,202,198,2,10,66.47,,False
2639,MOV-002639,LOT-2026-02639,PROD-056,Santa Cruz,2026-06-05,2026-06-22,2026-06-23,190,177,7,17,36.51,,False
2640,MOV-002640,LOT-2026-02640,PROD-010,Oruro,2026-05-23,2026-07-09,2027-05-23,874,851,21,47,47.91,,False
2641,MOV-002641,LOT-2026-02641,PROD-034,Cochabamba,2026-08-27,2026-09-11,2027-08-27,144,140,1,15,83.26,,False
2642,MOV-002642,LOT-2026-02642,PROD-042,La Paz,2026-08-28,2026-09-22,2027-08-28,446,440,3,25,73.69,,False
2643,MOV-002643,LOT-2026-02643,PROD-006,Oruro,2026-05-02,2026-05-20,2027-05-02,908,899,8,18,23.32,,False
2644,MOV-002644,LOT-2026-02644,PROD-008,Santa Cruz,2026-08-01,2026-08-07,2026-08-19,505,485,13,6,31.75,,False
2645,MOV-002645,LOT-2026-02645,PROD-009,Cochabamba,2026-05-05,2026-05-18,2027-05-05,350,345,3,13,16.29,,False
2646,MOV-002646,LOT-2026-02646,PROD-041,Oruro,2026-07-17,2026-08-07,2027-07-17,258,252,1,21,14.19,,False
2647,MOV-002647,LOT-2026-02647,PROD-046,Santa Cruz,2026-07-02,2026-07-25,2027-07-02,635,631,4,23,12.64,,False
2648,MOV-002648,LOT-2026-02648,PROD-039,Santa Cruz,2026-07-09,2026-07-21,2027-07-09,725,715,5,12,56.75,,False
2649,MOV-002649,LOT-2026-02649,PROD-031,Oruro,2026-08-17,2026-09-15,2027-02-13,438,430,5,29,14.93,,False
2650,MOV-002650,LOT-2026-02650,PROD-015,La Paz,2026-05-18,2026-06-05,2026-11-14,423,414,5,18,54.56,,False
2651,MOV-002651,LOT-2026-02651,PROD-007,Cochabamba,2026-08-24,2026-09-04,2027-08-24,410,405,2,11,23.87,,False
2652,MOV-002652,LOT-2026-02652,PROD-055,Oruro,2026-08-19,2026-09-20,2027-08-19,503,498,3,32,60.11,,False
2653,MOV-002653,LOT-2026-02653,PROD-013,Cochabamba,2026-06-14,2026-06-28,2026-12-11,997,978,16,14,33.05,,False
2654,MOV-002654,LOT-2026-02654,PROD-056,Tarija,2026-07-02,2026-07-18,2026-07-20,124,114,4,16,36.51,,False
2655,MOV-002655,LOT-2026-02655,PROD-037,Cochabamba,2026-07-10,2026-08-04,2027-07-10,979,973,5,25,64.93,,False
2656,MOV-002656,LOT-2026-02656,PROD-040,Santa Cruz,2026-06-06,2026-06-20,2026-06-24,773,744,24,14,82.17,,False
2657,MOV-002657,LOT-2026-02657,PROD-010,La Paz,2026-08-05,2026-09-11,2027-08-05,856,845,8,37,47.91,,False
2658,MOV-002658,LOT-2026-02658,PROD-058,Oruro,2026-07-16,2026-08-05,2027-07-16,380,373,4,20,83.63,,False
2659,MOV-002659,LOT-2026-02659,PROD-036,Cochabamba,2026-07-15,2026-08-09,2027-01-11,586,574,7,25,53.28,,False
2660,MOV-002660,LOT-2026-02660,PROD-004,Cochabamba,2026-06-02,2026-06-20,2027-06-02,740,730,4,18,27.26,,False
2661,MOV-002661,LOT-2026-02661,PROD-038,Cochabamba,2026-05-21,2026-06-08,2027-05-21,167,162,2,18,13.49,,False
2662,MOV-002662,LOT-2026-02662,PROD-009,Santa Cruz,2026-05-27,2026-06-12,2027-05-27,728,721,5,16,16.29,,False
2663,MOV-002663,LOT-2026-02663,PROD-001,Santa Cruz,2026-05-12,2026-05-25,2026-11-08,139,131,3,13,42.39,,False
2664,MOV-002664,LOT-2026-02664,PROD-058,Cochabamba,2026-06-21,2026-07-09,2027-06-21,718,706,6,18,83.63,,False
2665,MOV-002665,LOT-2026-02665,PROD-058,Oruro,2026-05-04,2026-05-21,2027-05-04,203,201,1,17,83.63,,False
2666,MOV-002666,LOT-2026-02666,PROD-047,Tarija,2026-06-19,2026-07-14,2027-06-19,968,961,6,25,21.58,,False
2667,MOV-002667,LOT-2026-02667,PROD-005,Tarija,2026-05-05,2026-05-18,2027-05-05,658,647,5,13,76.84,,False
2668,MOV-002668,LOT-2026-02668,PROD-038,Cochabamba,2026-07-28,2026-08-09,2027-07-28,612,606,3,12,13.49,,False
2669,MOV-002669,LOT-2026-02669,PROD-047,Cochabamba,2026-08-10,2026-08-25,2027-08-10,190,187,1,15,21.58,,False
2670,MOV-002670,LOT-2026-02670,PROD-047,Cochabamba,2026-07-04,2026-07-18,2027-07-04,804,794,10,14,21.58,,False
2671,MOV-002671,LOT-2026-02671,PROD-023,Cochabamba,2026-07-31,2026-08-13,2027-01-27,488,480,8,13,64.4,,False
2672,MOV-002672,LOT-2026-02672,PROD-016,Cochabamba,2026-08-02,2026-08-30,2027-08-02,cien,249,1,28,44.33,cantidad_ingreso,True
2673,MOV-002673,LOT-2026-02673,PROD-041,La Paz,2026-07-05,2026-07-18,2027-07-05,323,316,2,13,14.19,,False
2674,MOV-002674,LOT-2026-02674,PROD-013,Tarija,2026-08-10,2026-09-03,2027-02-06,351,342,5,24,33.05,,False
2675,MOV-002675,LOT-2026-02675,PROD-013,Santa Cruz,2026-08-27,2026-09-03,2027-02-23,282,278,4,7,33.05,,False
2676,MOV-002676,LOT-2026-02676,PROD-047,La Paz,2026-06-08,2026-06-26,2027-06-08,801,795,5,18,21.58,,False
2677,MOV-002677,LOT-2026-02677,PROD-048,La Paz,2026-08-03,2026-09-05,2027-08-03,958,946,5,33,24.01,,False
2678,MOV-002678,LOT-2026-02678,PROD-034,Tarija,2026-07-21,2026-08-09,2027-07-21,720,711,4,19,83.26,,False
2679,MOV-002679,LOT-2026-02679,PROD-015,La Paz,2026-08-28,2026-09-03,2027-02-24,53,52,1,6,54.56,,False
2680,MOV-002680,LOT-2026-02680,PROD-006,Oruro,2026-05-09,2026-05-27,2027-05-09,194,188,1,18,23.32,,False
2681,MOV-002681,LOT-2026-02681,PROD-050,Tarija,2026-05-20,2026-06-08,2026-06-07,687,656,27,19,55.37,,False
2682,MOV-002682,LOT-2026-02682,PROD-031,Oruro,2026-07-11,2026-07-15,2027-01-07,786,772,12,4,14.93,,False
2683,MOV-002683,LOT-2026-02683,PROD-036,Oruro,2026-07-28,2026-08-06,2027-01-24,581,569,8,9,53.28,,False
2684,MOV-002684,LOT-2026-02684,PROD-037,Cochabamba,2026-06-07,2026-06-29,2027-06-07,676,671,5,22,64.93,,False
2685,MOV-002685,LOT-2026-02685,PROD-058,Cochabamba,2026-07-27,2026-08-10,2027-07-27,349,342,4,14,83.63,,False
2686,MOV-002686,LOT-2026-02686,PROD-060,Santa Cruz,2026-08-10,2026-09-01,2026-08-28,409,389,18,22,37.99,,False
2687,MOV-002687,LOT-2026-02687,PROD-022,Santa Cruz,2026-06-12,2026-06-14,2026-12-09,876,860,14,2,67.52,,False
2688,MOV-002688,LOT-2026-02688,PROD-006,Oruro,2026-06-21,2026-07-05,2027-06-21,616,608,4,14,23.32,,False
2689,MOV-002689,LOT-2026-02689,PROD-008,La Paz,2026-08-06,2026-08-14,2026-08-24,804,777,21,8,31.75,,False
2690,MOV-002690,LOT-2026-02690,PROD-047,La Paz,2026-06-22,2026-07-11,2027-06-22,579,571,4,19,21.58,,False
2691,MOV-002691,LOT-2026-02691,PROD-045,La Paz,2026-07-02,2026-07-18,2027-07-02,379,374,3,16,61.85,,False
2692,MOV-002692,LOT-2026-02692,PROD-002,Tarija,2026-08-13,2026-08-16,2026-08-31,369,357,11,3,33.75,,False
2693,MOV-002693,LOT-2026-02693,PROD-042,Tarija,2026-06-30,2026-07-18,2027-06-30,997,991,5,18,73.69,,False
2694,MOV-002694,LOT-2026-02694,PROD-052,Oruro,2026-05-01,2026-05-06,2026-10-28,415,403,5,5,59.66,,False
2695,MOV-002695,LOT-2026-02695,PROD-002,Santa Cruz,2026-05-14,2026-05-29,2026-06-01,401,386,13,15,33.75,,False
2696,MOV-002696,LOT-2026-02696,PROD-023,Cochabamba,2026-08-04,2026-08-18,2027-01-31,302,294,5,14,64.4,,False
2697,MOV-002697,LOT-2026-02697,PROD-010,Oruro,2026-06-02,2026-07-16,2027-06-02,894,874,19,44,47.91,,False
2698,MOV-002698,LOT-2026-02698,PROD-021,La Paz,2026-07-22,2026-08-03,2027-07-22,452,445,3,12,84.36,,False
2699,MOV-002699,LOT-2026-02699,PROD-034,Tarija,2026-08-06,2026-08-23,2027-08-06,806,800,5,17,83.26,,False
2700,MOV-002700,LOT-2026-02700, prod-042 ,Cochabamba,2026-06-18,2026-07-03,2027-06-18,596,588,4,15,73.69,,False
2701,MOV-002701,LOT-2026-02701,PROD-046,Oruro,2026-07-03,2026-07-21,2027-07-03,517,510,4,18,12.64,,False
2702,MOV-002702,LOT-2026-02702,PROD-060,Cochabamba,2026-05-03,2026-05-18,2026-05-21,697,669,21,15,37.99,,False
2703,MOV-002703,LOT-2026-02703,PROD-039,Cochabamba,2026-08-28,2026-09-27,2027-08-28,286,279,2,30,56.75,,False
2704,MOV-002704,LOT-2026-02704,PROD-005,La Paz,2026-05-26,2026-06-22,2027-05-26,87,81,1,27,76.84,,False
2705,MOV-002705,LOT-2026-02705,PROD-030,La Paz,2026-05-31,2026-06-14,2027-05-31,794,777,10,14,24.51,,False
2706,MOV-002706,LOT-2026-02706,PROD-007,Oruro,2026-05-01,2026-05-30,2027-05-01,285,282,2,29,23.87,,False
2707,MOV-002707,LOT-2026-02707,PROD-022,La Paz,2026-07-04,2026-07-15,2026-12-31,956,940,12,11,67.52,,False
2708,MOV-002708,LOT-2026-02708,PROD-045,Tarija,2026-08-19,2026-08-29,2027-08-19,561,550,4,10,61.85,,False
2709,MOV-002709,LOT-2026-02709,PROD-046,Tarija,2026-05-26,2026-06-13,2027-05-26,868,862,5,18,12.64,,False
2710,MOV-002710,LOT-2026-02710,PROD-014,Cochabamba,2026-07-29,2026-08-19,2027-07-29,603,596,3,21,21.61,,False
2711,MOV-002711,LOT-2026-02711,PROD-051,Cochabamba,2026-08-04,2026-08-10,2027-01-31,485,474,6,6,21.14,,False
2712,MOV-002712,LOT-2026-02712,PROD-031,Santa Cruz,2026-06-08,2026-06-25,2026-12-05,93,90,1,17,14.93,,False
2713,MOV-002713,LOT-2026-02713,PROD-016,Oruro,2026-08-11,2026-08-27,2027-08-11,331,327,2,16,44.33,,False
2714,MOV-002714,LOT-2026-02714,PROD-033,Santa Cruz,2026-07-11,2026-08-04,2027-07-11,659,654,4,24,77.59,,False
2715,MOV-002715,LOT-2026-02715,PROD-002,Tarija,2026-05-20,2026-06-09,2026-06-07,646,617,24,20,33.75,,False
2716,MOV-002716,LOT-2026-02716,PROD-015,La Paz,2026-06-13,2026-06-23,2026-12-10,849,828,14,10,54.56,,False
2717,MOV-002717,LOT-2026-02717,PROD-029,Tarija,2026-08-04,2026-08-15,2027-08-04,391,381,3,11,60.18,,False
2718,MOV-002718,LOT-2026-02718,PROD-035,Cochabamba,2026-05-02,2026-05-23,2026-05-20,439,415,18,21,23.85,,False
2719,MOV-002719,LOT-2026-02719,PROD-003,Oruro,2026-05-19,2026-06-07,2026-06-06,800,771,29,19,27.19,,False
2720,MOV-002720,LOT-2026-02720,PROD-038,Tarija,2026-08-12,2026-08-23,2027-08-12,234,227,1,11,13.49,,False
2721,MOV-002721,LOT-2026-02721,PROD-026,Tarija,2026-07-17,2026-08-07,2027-07-17,371,363,2,21,66.47,,False
2722,MOV-002722,LOT-2026-02722,PROD-002,Cochabamba,2026-08-11,2026-08-22,2026-08-29,710,688,20,11,33.75,,False
2723,MOV-002723,LOT-2026-02723,PROD-001,Cochabamba,2026-06-25,2026-07-07,2026-12-22,812,797,10,12,42.39,,False
2724,MOV-002724,LOT-2026-02724,PROD-057,Oruro,2026-07-12,2026-08-02,2027-07-12,265,259,2,21,39.61,,False
2725,MOV-002725,LOT-2026-02725,PROD-006,Santa Cruz,2026-08-14,2026-09-06,2027-08-14,215,213,1,23,23.32,,False
2726,MOV-002726,LOT-2026-02726,PROD-039,Oruro,2026-08-03,2026-08-21,2027-08-03,856,838,11,18,56.75,,False
2727,MOV-002727,LOT-2026-02727,PROD-018,Tarija,2026-08-17,2026-09-12,2027-08-17,134,128,1,26,20.82,,False
2728,MOV-002728,LOT-2026-02728,PROD-042,Tarija,2026-06-22,2026-07-04,2027-06-22,821,814,5,12,73.69,,False
2729,MOV-002729,LOT-2026-02729,PROD-037,Oruro,2026-05-31,2026-06-14,2027-05-31,517,508,6,14,64.93,,False
2730,MOV-002730,LOT-2026-02730,PROD-009,Cochabamba,2026-07-12,2026-08-02,2027-07-12,388,385,2,21,16.29,,False
2731,MOV-002731,LOT-2026-02731,PROD-017,Cochabamba,2026-05-03,2026-05-10,2026-05-21,904,876,24,7,19.81,,False
2732,MOV-002732,LOT-2026-02732,PROD-035,Tarija,2026-08-08,2026-08-11,2026-08-26,210,200,5,3,23.85,,False
2733,MOV-002733,LOT-2026-02733,PROD-038,Tarija,2026-06-26,2026-07-15,2027-06-26,303,297,2,19,13.49,,False
2734,MOV-002734,LOT-2026-02734,PROD-053,Santa Cruz,2026-05-06,2026-06-15,2027-05-06,356,342,7,40,73.12,,False
2735,MOV-002735,LOT-2026-02735,PROD-022,Santa Cruz,2026-07-22,2026-07-31,2027-01-18,266,260,3,9,67.52,,False
2736,MOV-002736,LOT-2026-02736,PROD-053,Tarija,2026-06-30,2026-07-13,2027-06-30,883,877,6,13,73.12,,False
2737,MOV-002737,LOT-2026-02737,PROD-025,Cochabamba,2026-06-07,2026-06-20,2026-06-25,112,108,3,13,45.25,,False
2738,MOV-002738,LOT-2026-02738,PROD-048,Cochabamba,2026-07-17,2026-08-03,2027-07-17,404,397,3,17,24.01,,False
2739,MOV-002739,LOT-2026-02739,PROD-040,Oruro,2026-05-27,2026-06-10,2026-06-14,188,182,5,14,82.17,,False
2740,MOV-002740,LOT-2026-02740,PROD-026,Tarija,2026-07-04,2026-07-27,2027-07-04,237,229,2,23,66.47,,False
2741,MOV-002741,LOT-2026-02741,PROD-018,Oruro,2026-06-28,2026-07-23,2027-06-28,491,484,3,25,20.82,,False
2742,MOV-002742,LOT-2026-02742,PROD-009,La Paz,2026-07-23,2026-09-02,2027-07-23,896,876,15,41,16.29,,False
2743,MOV-002743,LOT-2026-02743,PROD-048,Tarija,2026-07-18,2026-08-03,2027-07-18,210,203,1,16,24.01,,False
2744,MOV-002744,LOT-2026-02744,PROD-051,Cochabamba,2026-06-07,2026-06-17,2026-12-04,203,199,3,10,21.14,,False
2745,MOV-002745,LOT-2026-02745,PROD-032,Cochabamba,2026-07-03,2026-07-14,2027-07-03,695,685,4,11,63.21,,False
2746,MOV-002746,LOT-2026-02746,PROD-004,Tarija,2026-05-01,2026-05-16,2027-05-01,144,143,1,15,27.26,,False
2747,MOV-002747,LOT-2026-02747,PROD-033,Tarija,11/07/2026,2026-08-04,2027-07-11,603,595,3,24,77.59,fecha_ingreso,True
2748,MOV-002748,LOT-2026-02748,PROD-039,La Paz,2026-07-14,2026-07-27,2027-07-14,820,805,8,13,56.75,,False
2749,MOV-002749,LOT-2026-02749,PROD-026,Santa Cruz,2026-05-27,2026-06-16,2027-05-27,679,668,4,20,66.47,,False
2750,MOV-002750,LOT-2026-02750,PROD-036,Santa Cruz,2026-07-08,2026-07-20,2027-01-04,961,947,12,12,53.28,,False
2751,MOV-002751,LOT-2026-02751,PROD-015,La Paz,2026-05-23,2026-05-28,2026-11-19,634,624,9,5,54.56,,False
2752,MOV-002752,LOT-2026-02752,PROD-011,Oruro,2026-08-11,2026-08-24,2026-08-29,188,177,5,13,14.4,,False
2753,MOV-002753,LOT-2026-02753,PROD-050,Tarija,2026-08-13,2026-08-28,2026-08-31,167,160,6,15,55.37,,False
2754,MOV-002754,LOT-2026-02754,PROD-043,Cochabamba,2026-07-10,2026-07-26,2026-07-28,895,863,31,16,71.11,,False
2755,MOV-002755,LOT-2026-02755,PROD-018,La Paz,2026-05-15,2026-06-05,2027-05-15,740,728,5,21,20.82,,False
2756,MOV-002756,LOT-2026-02756,PROD-002,Cochabamba,2026-07-30,2026-08-16,2026-08-17,449,426,16,17,33.75,,False
2757,MOV-002757,LOT-2026-02757,PROD-019,Oruro,2026-05-15,2026-05-20,2026-06-02,150,138,5,5,62.22,,False
2758,MOV-002758,LOT-2026-02758,PROD-060,Cochabamba,2026-07-23,2026-07-28,2026-08-10,905,872,30,5,37.99,,False
2759,MOV-002759,LOT-2026-02759,PROD-045,Santa Cruz,2026-07-24,2026-08-12,2027-07-24,990,984,6,19,61.85,,False
2760,MOV-002760,LOT-2026-02760,PROD-036,Cochabamba,2026-07-28,2026-08-07,2027-01-24,456,449,6,10,53.28,,False
2761,MOV-002761,LOT-2026-02761,PROD-058,La Paz,2026-05-16,2026-06-21,2027-05-16,558,549,5,36,83.63,,False
2762,MOV-002762,LOT-2026-02762,PROD-010,Tarija,2026-08-22,2026-09-15,2027-08-22,214,211,2,24,47.91,,False
2763,MOV-002763,LOT-2026-02763,PROD-033,Tarija,2026-08-19,2026-09-18,2027-08-19,502,497,5,30,77.59,,False
2764,MOV-002764,LOT-2026-02764,PROD-038,La Paz,2026-05-22,2026-06-20,2027-05-22,165,163,2,29,13.49,,False
2765,MOV-002765,LOT-2026-02765,PROD-016,La Paz,2026-07-17,2026-07-27,2027-07-17,914,903,9,10,44.33,,False
2766,MOV-002766,LOT-2026-02766,PROD-018,Tarija,2026-06-07,2026-06-23,2027-06-07,551,548,3,16,20.82,,False
2767,MOV-002767,LOT-2026-02767,PROD-013,Cochabamba,2026-06-20,2026-06-29,2026-12-17,196,187,3,9,33.05,,False
2768,MOV-002768,LOT-2026-02768,PROD-044,Santa Cruz,2026-06-17,2026-07-03,2027-06-17,778,765,6,16,65.12,,False
2769,MOV-002769,LOT-2026-02769,PROD-034,Santa Cruz,2026-06-28,2026-07-11,2027-06-28,878,871,7,13,83.26,,False
2770,MOV-002770,LOT-2026-02770,PROD-054,Tarija,2026-05-08,2026-05-28,2027-05-08,633,622,5,20,81.98,,False
2771,MOV-002771,LOT-2026-02771,PROD-017,Tarija,2026-07-05,2026-07-13,2026-07-23,584,563,16,8,19.81,,False
2772,MOV-002772,LOT-2026-02772,PROD-034,Cochabamba,2026-05-24,2026-06-07,2027-05-24,883,873,5,14,83.26,,False
2773,MOV-002773,LOT-2026-02773,PROD-044,Santa Cruz,2026-07-16,2026-08-05,2027-07-16,254,251,2,20,65.12,,False
2774,MOV-002774,LOT-2026-02774,PROD-043,Oruro,2026-07-02,2026-07-22,2026-07-20,136,129,5,20,71.11,,False
2775,MOV-002775,LOT-2026-02775,PROD-059,Santa Cruz,2026-05-14,2026-05-25,2026-06-01,105,100,3,11,13.44,,False
2776,MOV-002776,LOT-2026-02776,PROD-050,Santa Cruz,2026-06-21,2026-07-06,2026-07-09,545,522,17,15,55.37,,False
2777,MOV-002777,LOT-2026-02777,PROD-001,Tarija,2026-06-05,2026-06-16,2026-12-02,141,136,2,11,42.39,,False
2778,MOV-002778,LOT-2026-02778,PROD-042,Cochabamba,2026-07-20,2026-07-29,2027-07-20,522,510,5,9,73.69,,False
2779,MOV-002779,LOT-2026-02779,PROD-059,Santa Cruz,2026-08-12,2026-09-03,2026-08-30,903,861,40,22,13.44,,False
2780,MOV-002780,LOT-2026-02780,PROD-040,La Paz,2026-07-04,2026-07-14,2026-07-22,829,799,23,10,82.17,,False
2781,MOV-002781,LOT-2026-02781,PROD-059,Tarija,2026-05-24,2026-06-02,2026-06-11,504,487,13,9,13.44,,False
2782,MOV-002782,LOT-2026-02782,PROD-059,La Paz,2026-07-22,2026-08-31,2026-08-09,658,609,45,40,13.44,,False
2783,MOV-002783,LOT-2026-02783,PROD-052,Santa Cruz,2026-05-02,2026-06-09,2026-10-29,142,135,3,38,59.66,,False
2784,MOV-002784,LOT-2026-02784,PROD-044,Oruro,2026-05-29,2026-06-17,2027-05-29,461,456,3,19,65.12,,False
2785,MOV-002785,LOT-2026-02785,PROD-057,Cochabamba,2026-06-14,2026-07-08,2027-06-14,934,922,6,24,39.61,,False
2786,MOV-002786,LOT-2026-02786,PROD-003,Santa Cruz,18/08/2026,2026-08-30,2026-09-05,410,397,11,12,27.19,fecha_ingreso,True
2787,MOV-002787,LOT-2026-02787,PROD-044,Cochabamba,2026-06-05,2026-06-19,2027-06-05,848,842,5,14,65.12,,False
2788,MOV-002788,LOT-2026-02788,PROD-023,Tarija,2026-08-17,2026-09-14,2027-02-13,750,734,10,28,64.4,,False
2789,MOV-002789,LOT-2026-02789,PROD-025,La Paz,2026-06-05,2026-06-06,2026-06-23,411,396,11,1,45.25,,False
2790,MOV-002790,LOT-2026-02790,PROD-027,Oruro,2026-08-04,2026-08-20,2027-08-04,511,507,4,16,44.86,,False
2791,MOV-002791,LOT-2026-02791,PROD-054,La Paz,2026-07-17,2026-08-04,2027-07-17,344,340,3,18,81.98,,False
2792,MOV-002792,LOT-2026-02792,PROD-016,Santa Cruz,2026-05-31,2026-06-12,2027-05-31,195,188,1,12,44.33,,False
2793,MOV-002793,LOT-2026-02793,PROD-058,Santa Cruz,2026-07-07,2026-07-23,2027-07-07,202,194,-1,16,83.63,cantidad_merma,True
2794,MOV-002794,LOT-2026-02794,PROD-024,Oruro,2026-07-30,2026-09-03,2027-07-30,954,942,5,35,23.48,,False
2795,MOV-002795,LOT-2026-02795,PROD-042,La Paz,2026-07-09,2026-07-21,2027-07-09,481,477,3,12,73.69,,False
2796,MOV-002796,LOT-2026-02796,PROD-051,Santa Cruz,2026-06-25,2026-07-25,2026-12-22,488,477,6,30,21.14,,False
2797,MOV-002797,LOT-2026-02797,PROD-056,Cochabamba,2026-06-14,2026-06-26,2026-07-02,620,599,16,12,36.51,,False
2798,MOV-002798,LOT-2026-02798,PROD-014,Cochabamba,2026-05-09,2026-06-19,2027-05-09,613,603,10,41,21.61,,False
2799,MOV-002799,LOT-2026-02799,PROD-012,Oruro,2026-05-06,2026-05-13,2026-11-02,276,265,4,7,80.8,,False
2800,MOV-002800,LOT-2026-02800,PROD-051,Oruro,2026-06-25,2026-06-28,2026-12-22,425,411,7,3,21.14,,False
2801,MOV-002801,LOT-2026-02801,PROD-051,La Paz,2026-05-21,2026-06-13,2026-11-17,876,860,15,23,21.14,,False
2802,MOV-002802,LOT-2026-02802,PROD-044,Oruro,2026-05-29,2026-06-28,2027-05-29,457,447,3,30,65.12,,False
2803,MOV-002803,LOT-2026-02803,PROD-025,Cochabamba,2026-07-13,2026-07-27,2026-07-31,802,777,23,14,45.25,,False
2804,MOV-002804,LOT-2026-02804,PROD-041,Tarija,2026-08-07,2026-08-25,2027-08-07,821,809,6,18,14.19,,False
2805,MOV-002805,LOT-2026-02805,PROD-024,Oruro,2026-05-11,2026-05-27,2027-05-11,596,589,4,16,23.48,,False
2806,MOV-002806,LOT-2026-02806,PROD-011,Cochabamba,2026-05-15,2026-05-22,2026-06-02,694,669,18,7,14.4,,False
2807,MOV-002807,LOT-2026-02807,PROD-058,Oruro,2026-06-11,2026-06-28,2027-06-11,565,555,3,17,83.63,,False
2808,MOV-002808,LOT-2026-02808,PROD-011,Oruro,2026-07-15,2026-07-20,2026-08-02,295,284,8,5,14.4,,False
2809,MOV-002809,LOT-2026-02809,PROD-048,Santa Cruz,2026-07-14,2026-08-01,2027-07-14,360,356,2,18,24.01,,False
2810,MOV-002810,LOT-2026-02810,PROD-041,La Paz,2026-06-14,2026-07-14,2027-06-14,778,766,5,30,14.19,,False
2811,MOV-002811,LOT-2026-02811,PROD-037,Tarija,2026-06-29,2026-07-17,2027-06-29,735,722,7,18,64.93,,False
2812,MOV-002812,LOT-2026-02812,PROD-042,Santa Cruz,2026-06-14,2026-07-01,2027-06-14,959,949,6,17,73.69,,False
2813,MOV-002813,LOT-2026-02813,PROD-018,Cochabamba,2026-05-31,2026-06-22,2027-05-31,869,860,5,22,20.82,,False
2814,MOV-002814,LOT-2026-02814,PROD-059,Tarija,2026-07-10,2026-07-20,2026-07-28,140,132,4,10,13.44,,False
2815,MOV-002815,LOT-2026-02815,PROD-044,Cochabamba,2026-07-26,2026-08-29,2027-07-26,150,142,1,34,65.12,,False
2816,MOV-002816,LOT-2026-02816,PROD-004,La Paz,2026-08-11,2026-09-02,2027-08-11,370,361,3,22,27.26,,False
2817,MOV-002817,LOT-2026-02817,PROD-036,Tarija,2026-05-15,2026-05-21,2026-11-11,823,807,10,6,53.28,,False
2818,MOV-002818,LOT-2026-02818,PROD-055,La Paz,2026-06-03,2026-06-27,2027-06-03,246,242,1,24,60.11,,False
2819,MOV-002819,LOT-2026-02819,PROD-050,Cochabamba,2026-06-22,2026-07-04,2026-07-10,926,894,26,12,55.37,,False
2820,MOV-002820,LOT-2026-02820,PROD-007,Santa Cruz,2026-08-18,2026-09-09,2027-08-18,106,99,1,22,23.87,,False
2821,MOV-002821,LOT-2026-02821,PROD-008,Cochabamba,2026-07-04,2026-08-02,2026-07-22,849,806,43,29,31.75,,False
2822,MOV-002822,LOT-2026-02822,PROD-048,Tarija,2026-07-17,2026-07-29,2027-07-17,882,875,6,12,24.01,,False
2823,MOV-002823,LOT-2026-02823,PROD-027,Oruro,2026-08-22,2026-09-07,2027-08-22,486,477,3,16,44.86,,False
2824,MOV-002824,LOT-2026-02824,PROD-027,Cochabamba,2026-07-22,2026-08-08,2027-07-22,259,254,2,17,44.86,,False
2825,MOV-002825,LOT-2026-02825,PROD-006,Oruro,2026-06-09,2026-06-21,2027-06-09,73,72,0,12,23.32,,False
2826,MOV-002826,LOT-2026-02826,PROD-046,Cochabamba,2026-08-24,2026-09-05,2027-08-24,644,636,4,12,12.64,,False
2827,MOV-002827,LOT-2026-02827,PROD-057,Oruro,2026-06-30,2026-08-09,2027-06-30,561,549,7,40,39.61,,False
2828,MOV-002828,LOT-2026-02828,PROD-038,La Paz,2026-06-12,2026-07-08,2027-06-12,900,892,7,26,13.49,,False
2829,MOV-002829,LOT-2026-02829,PROD-041,Oruro,2026-07-13,2026-07-25,2027-07-13,156,151,1,12,14.19,,False
2830,MOV-002830,LOT-2026-02830,PROD-006,Tarija,2026-05-08,2026-05-24,2027-05-08,939,932,6,16,23.32,,False
2831,MOV-002831,LOT-2026-02831,PROD-010,La Paz,2026-05-24,2026-06-07,2027-05-24,127,120,1,14,47.91,,False
2832,MOV-002832,LOT-2026-02832,PROD-019,Tarija,2026-06-17,2026-07-05,2026-07-05,661,633,23,18,62.22,,False
2833,MOV-002833,LOT-2026-02833,PROD-009,Oruro,2026-08-06,2026-09-14,2027-08-06,126,121,2,39,16.29,,False
2834,MOV-002834,LOT-2026-02834,PROD-042,Cochabamba,2026-08-13,2026-09-23,2027-08-13,763,748,15,41,73.69,,False
2835,MOV-002835,LOT-2026-02835,PROD-034,Tarija,2026-08-09,2026-09-04,2027-08-09,633,624,5,26,83.26,,False
2836,MOV-002836,LOT-2026-02836,PROD-041,Cochabamba,2026-08-13,2026-09-03,2027-08-13,182,175,1,21,14.19,,False
2837,MOV-002837,LOT-2026-02837,PROD-007,Oruro,2026-05-26,2026-06-12,2027-05-26,344,339,3,17,23.87,,False
2838,MOV-002838,LOT-2026-02838,PROD-025,Oruro,2026-06-08,2026-06-17,2026-06-26,313,302,8,9,45.25,,False
2839,MOV-002839,LOT-2026-02839,PROD-042,Santa Cruz,2026-08-03,2026-09-12,2027-08-03,732,719,10,40,73.69,,False
2840,MOV-002840,LOT-2026-02840,PROD-044,Tarija,2026-05-14,2026-06-01,2027-05-14,446,443,3,18,65.12,,False
2841,MOV-002841,LOT-2026-02841,PROD-015,La Paz,2026-08-01,2026-08-13,2027-01-28,683,672,9,12,54.56,,False
2842,MOV-002842,LOT-2026-02842,PROD-028,Tarija,2026-06-10,2026-07-14,2027-06-10,302,300,2,34,55.4,,False
2843,MOV-002843,LOT-2026-02843,PROD-043,Cochabamba,2026-08-02,2026-08-13,2026-08-20,990,962,26,11,71.11,,False
2844,MOV-002844,LOT-2026-02844,PROD-035,Tarija,2026-08-19,2026-08-31,2026-09-06,941,912,25,12,23.85,,False
2845,MOV-002845,LOT-2026-02845,PROD-055,Tarija,2026-07-23,2026-08-07,2027-07-23,783,773,5,15,60.11,,False
2846,MOV-002846,LOT-2026-02846,PROD-026,Oruro,2026-07-06,2026-07-20,2027-07-06,575,565,4,14,66.47,,False
2847,MOV-002847,LOT-2026-02847,PROD-044,Tarija,2026-05-20,2026-05-31,2027-05-20,862,857,5,11,65.12,,False
2848,MOV-002848,LOT-2026-02848,PROD-040,Oruro,2026-08-13,2026-08-28,2026-08-31,190,178,6,15,82.17,,False
2849,MOV-002849,LOT-2026-02849,PROD-028,La Paz,2026-06-06,2026-07-03,2027-06-06,191,183,1,27,55.4,,False
2850,MOV-002850,LOT-2026-02850,PROD-060,Oruro,2026-05-19,2026-06-24,2026-06-06,444,412,28,36,37.99,,False
2851,MOV-002851,LOT-2026-02851,PROD-037,La Paz,2026-06-17,2026-07-07,2027-06-17,329,322,2,20,64.93,,False
2852,MOV-002852,LOT-2026-02852,PROD-009,Oruro,2026-07-03,2026-08-14,2027-07-03,134,129,2,42,16.29,,False
2853,MOV-002853,LOT-2026-02853,PROD-002,Cochabamba,2026-08-01,2026-08-25,2026-08-19,397,376,18,24,33.75,,False
2854,MOV-002854,LOT-2026-02854,PROD-051,Santa Cruz,2026-06-03,2026-06-13,2026-11-30,627,613,9,10,21.14,,False
2855,MOV-002855,LOT-2026-02855,PROD-056,La Paz,2026-06-27,2026-07-03,2026-07-15,590,573,16,6,36.51,,False
2856,MOV-002856,LOT-2026-02856,PROD-023,Santa Cruz,2026-06-01,2026-06-09,2026-11-28,249,246,3,8,64.4,,False
2857,MOV-002857,LOT-2026-02857,PROD-025,Santa Cruz,2026-07-05,2026-07-09,2026-07-23,64,60,2,4,45.25,,False
2858,MOV-002858,LOT-2026-02858,PROD-024,Santa Cruz,2026-05-01,2026-05-25,2027-05-01,457,447,4,24,23.48,,False
2859,MOV-002859,LOT-2026-02859,PROD-018,Cochabamba,2026-06-13,2026-07-01,2027-06-13,675,669,5,18,20.82,,False
2860,MOV-002860,LOT-2026-02860,PROD-009,La Paz,2026-05-09,2026-06-27,2027-05-09,447,434,12,49,16.29,,False
2861,MOV-002861,LOT-2026-02861,PROD-040,Tarija,2026-07-01,2026-07-05,2026-07-19,455,440,11,4,82.17,,False
2862,MOV-002862,LOT-2026-02862,PROD-053,Oruro,2026-08-08,2026-08-17,2027-08-08,765,761,4,9,73.12,,False
2863,MOV-002863,LOT-2026-02863,PROD-012,Santa Cruz,2026-07-01,2026-07-10,2026-12-28,789,776,10,9,80.8,,False
2864,MOV-002864,LOT-2026-02864,PROD-042,Tarija,2026-06-03,2026-06-18,2027-06-03,564,559,3,15,73.69,,False
2865,MOV-002865,LOT-2026-02865,PROD-035,Oruro,2026-07-09,2026-07-14,2026-07-27,648,629,17,5,23.85,,False
2866,MOV-002866,LOT-2026-02866,PROD-033,Cochabamba,2026-05-05,2026-05-25,2027-05-05,685,677,6,20,77.59,,False
2867,MOV-002867,LOT-2026-02867,PROD-033,Santa Cruz,2026-07-11,2026-07-29,2027-07-11,751,741,4,18,77.59,,False
2868,MOV-002868,LOT-2026-02868,PROD-044,Tarija,2026-05-18,2026-06-20,2027-05-18,705,695,4,33,65.12,,False
2869,MOV-002869,LOT-2026-02869,PROD-029,Oruro,2026-08-11,2026-08-22,2027-08-11,172,165,1,11,60.18,,False
2870,MOV-002870,LOT-2026-02870,PROD-020,Santa Cruz,2026-06-02,2026-06-07,2026-06-20,939,914,24,5,26.82,,False
2871,MOV-002871,LOT-2026-02871,PROD-004,Oruro,2026-05-30,2026-07-04,2027-05-30,445,436,3,35,27.26,,False
2872,MOV-002872,LOT-2026-02872,PROD-019,Oruro,2026-06-19,2026-06-25,2026-07-07,429,416,13,6,62.22,,False
2873,MOV-002873,LOT-2026-02873,PROD-024,Oruro,2026-07-26,2026-08-06,2027-07-26,680,673,4,11,23.48,,False
2874,MOV-002874,LOT-2026-02874,PROD-054,Santa Cruz,2026-05-26,2026-06-12,2027-05-26,771,766,5,17,81.98,,False
2875,MOV-002875,LOT-2026-02875,PROD-014,Santa Cruz,2026-07-07,2026-07-29,2027-07-07,563,557,4,22,21.61,,False
2876,MOV-002876,LOT-2026-02876,PROD-013,Cochabamba,2026-07-09,2026-08-07,2027-01-05,663,652,9,29,33.05,,False
2877,MOV-002877,LOT-2026-02877,PROD-038,Cochabamba,2026-06-16,2026-07-07,2027-06-16,931,917,7,21,13.49,,False
2878,MOV-002878,LOT-2026-02878,PROD-014,La Paz,2026-05-01,2026-05-11,2027-05-01,556,550,3,10,21.61,,False
2879,MOV-002879,LOT-2026-02879,PROD-019,La Paz,2026-08-15,2026-09-11,2026-09-02,984,930,47,27,62.22,,False
2880,MOV-002880,LOT-2026-02880,PROD-014,Tarija,2026-06-24,2026-07-24,2027-06-24,877,861,15,30,21.61,,False
2881,MOV-002881,LOT-2026-02881,PROD-051,Santa Cruz,2026-07-08,2026-07-15,2027-01-04,629,616,8,7,21.14,,False
2882,MOV-002882,LOT-2026-02882,PROD-039,Oruro,2026-08-02,2026-08-12,2027-08-02,92,85,0,10,56.75,,False
2883,MOV-002883,LOT-2026-02883,PROD-044,Oruro,2026-05-22,2026-07-11,2027-05-22,846,821,24,50,65.12,,False
2884,MOV-002884,LOT-2026-02884,PROD-016,La Paz,2026-07-06,2026-07-26,2027-07-06,190,189,1,20,44.33,,False
2885,MOV-002885,LOT-2026-02885,PROD-012,Tarija,2026-07-27,2026-08-07,2027-01-23,729,714,13,11,80.8,,False
2886,MOV-002886,LOT-2026-02886,PROD-017,Cochabamba,2026-06-29,2026-07-09,2026-07-17,186,178,5,10,19.81,,False
2887,MOV-002887,LOT-2026-02887,PROD-049,Oruro,2026-06-14,2026-06-30,2026-07-02,448,432,15,16,25.49,,False
2888,MOV-002888,LOT-2026-02888,PROD-052,Tarija,2026-05-30,2026-06-13,2026-11-26,169,165,2,14,59.66,,False
2889,MOV-002889,LOT-2026-02889,PROD-053,Oruro,2026-08-22,2026-09-19,2027-08-22,829,823,5,28,73.12,,False
2890,MOV-002890,LOT-2026-02890,PROD-003,Cochabamba,2026-05-21,2026-05-23,2026-06-08,884,850,27,2,27.19,,False
2891,MOV-002891,LOT-2026-02891,PROD-049,La Paz,2026-05-26,2026-06-17,2026-06-13,848,812,35,22,25.49,,False
2892,MOV-002892,LOT-2026-02892,PROD-046,Santa Cruz,2026-08-10,2026-08-28,2027-08-10,332,330,2,18,12.64,,False
2893,MOV-002893,LOT-2026-02893,PROD-015,Cochabamba,2026-07-30,2026-08-08,2027-01-26,499,490,6,9,54.56,,False
2894,MOV-002894,LOT-2026-02894,PROD-032,La Paz,2026-08-04,2026-08-29,2027-08-04,357,349,3,25,63.21,,False
2895,MOV-002895,LOT-2026-02895,PROD-031,Santa Cruz,2026-07-13,2026-07-22,2027-01-09,319,313,4,9,14.93,,False
2896,MOV-002896,LOT-2026-02896,PROD-051,La Paz,2026-05-04,2026-05-26,2026-10-31,125,120,2,22,21.14,,False
2897,MOV-002897,LOT-2026-02897,PROD-030,Oruro,2026-06-20,2026-07-03,2027-06-20,157,149,1,13,24.51,,False
2898,MOV-002898,LOT-2026-02898,PROD-047,Oruro,2026-06-16,2026-06-29,2027-06-16,753,749,4,13,21.58,,False
2899,MOV-002899,LOT-2026-02899,PROD-013,Oruro,2026-07-18,2026-07-29,2027-01-14,899,887,12,11,33.05,,False
2900,MOV-002900,LOT-2026-02900,PROD-035,Tarija,2026-08-25,2026-09-15,2026-09-12,542,517,21,21,23.85,,False
2901,MOV-002901,LOT-2026-02901,PROD-006,Tarija,2026-07-30,2026-08-28,2027-07-30,820,811,4,29,23.32,,False
2902,MOV-002902,LOT-2026-02902,PROD-034,Oruro,2026-08-10,2026-08-24,2027-08-10,414,406,3,14,83.26,,False
2903,MOV-002903,LOT-2026-02903,PROD-020,Oruro,2026-06-17,2026-06-20,2026-07-05,72,64,2,3,26.82,,False
2904,MOV-002904,LOT-2026-02904,PROD-032,Santa Cruz,2026-08-14,2026-09-02,2027-08-14,79,72,1,19,63.21,,False
2905,MOV-002905,LOT-2026-02905,PROD-041,Cochabamba,2026-05-12,2026-05-28,2027-05-12,108,104,1,16,14.19,,False
2906,MOV-002906,LOT-2026-02906,PROD-028,Tarija,2026-05-15,2026-06-04,2027-05-15,869,856,6,20,55.4,,False
2907,MOV-002907,LOT-2026-02907,PROD-001,Santa Cruz,2026-05-31,2026-06-18,2026-11-27,855,838,11,18,42.39,,False
2908,MOV-002908,LOT-2026-02908,PROD-006,Santa Cruz,2026-05-08,2026-06-04,2027-05-08,117,116,1,27,23.32,,False
2909,MOV-002909,LOT-2026-02909,PROD-023,Oruro,2026-07-30,2026-08-10,2027-01-26,234,229,4,11,64.4,,False
2910,MOV-002910,LOT-2026-02910,PROD-025,Cochabamba,2026-06-03,2026-06-12,2026-06-21,186,181,5,9,45.25,,False
2911,MOV-002911,LOT-2026-02911,PROD-056,La Paz,2026-08-04,2026-08-14,2026-08-22,104,97,3,10,36.51,,False
2912,MOV-002912,LOT-2026-02912,PROD-035,Tarija,2026-05-25,2026-06-18,2026-06-12,812,773,36,24,23.85,,False
2913,MOV-002913,LOT-2026-02913,PROD-055,Tarija,2026-06-11,2026-06-23,2027-06-11,546,535,5,12,60.11,,False
2914,MOV-002914,LOT-2026-02914,PROD-023,Cochabamba,2026-08-23,2026-08-30,2027-02-19,410,401,6,7,64.4,,False
2915,MOV-002915,LOT-2026-02915,PROD-045,Tarija,2026-05-06,2026-05-31,2027-05-06,752,743,4,25,61.85,,False
2916,MOV-002916,LOT-2026-02916,PROD-014,Oruro,2026-08-14,2026-09-04,2027-08-14,987,979,5,21,21.61,,False
2917,MOV-002917,LOT-2026-02917,PROD-033,Santa Cruz,2026-05-15,2026-05-25,2027-05-15,430,420,3,10,77.59,,False
2918,MOV-002918,LOT-2026-02918, prod-052 ,Tarija,2026-06-13,2026-06-22,2026-12-10,804,786,11,9,59.66,,False
2919,MOV-002919,LOT-2026-02919,PROD-007,Cochabamba,2026-07-08,2026-07-30,2027-07-08,526,520,3,22,23.87,,False
2920,MOV-002920,LOT-2026-02920,PROD-039,Tarija,2026-07-26,2026-08-27,2027-07-26,623,612,4,32,56.75,,False
2921,MOV-002921,LOT-2026-02921,PROD-039,Oruro,2026-06-16,2026-06-30,2027-06-16,662,652,4,14,56.75,,False
2922,MOV-002922,LOT-2026-02922,PROD-036,Oruro,2026-05-01,2026-05-05,2026-10-28,529,517,7,4,53.28,,False
2923,MOV-002923,LOT-2026-02923,PROD-023,Oruro,2026-05-11,2026-05-31,2026-11-07,833,813,13,20,64.4,,False
2924,MOV-002924,LOT-2026-02924,PROD-057,Tarija,2026-08-08,2026-09-05,2027-08-08,234,229,1,28,39.61,,False
2925,MOV-002925,LOT-2026-02925,PROD-017,Tarija,2026-06-06,2026-06-11,2026-06-24,251,242,7,5,19.81,,False
2926,MOV-002926,LOT-2026-02926,PROD-023,Santa Cruz,2026-05-21,2026-05-29,2026-11-17,110,104,1,8,64.4,,False
2927,MOV-002927,LOT-2026-02927,PROD-001,Cochabamba,2026-06-13,2026-06-26,2026-12-10,258,251,4,13,42.39,,False
2928,MOV-002928,LOT-2026-02928,PROD-036,Tarija,2026-07-01,2026-07-24,2026-12-28,645,628,10,23,53.28,,False
2929,MOV-002929,LOT-2026-02929,PROD-046,Oruro,2026-05-23,2026-06-08,2027-05-23,855,845,6,16,12.64,,False
2930,MOV-002930,LOT-2026-02930,PROD-042,Oruro,2026-08-28,2026-09-14,2027-08-28,165,161,1,17,73.69,,False
2931,MOV-002931,LOT-2026-02931,PROD-021,La Paz,2026-06-03,2026-06-18,2027-06-03,179,174,2,15,84.36,,False
2932,MOV-002932,LOT-2026-02932,PROD-049,Cochabamba,2026-08-17,2026-08-24,2026-09-04,773,750,20,7,25.49,,False
2933,MOV-002933,LOT-2026-02933,PROD-052,Cochabamba,2026-08-01,2026-09-03,2027-01-28,735,726,9,33,59.66,,False
2934,MOV-002934,LOT-2026-02934,PROD-034,Tarija,2026-07-28,2026-08-07,2027-07-28,558,555,3,10,83.26,,False
2935,MOV-002935,LOT-2026-02935,PROD-009,Santa Cruz,2026-07-25,2026-08-17,2027-07-25,877,866,5,23,16.29,,False
2936,MOV-002936,LOT-2026-02936,PROD-041,Santa Cruz,2026-05-25,2026-06-09,2027-05-25,331,324,2,15,14.19,,False
2937,MOV-002937,LOT-2026-02937,PROD-056,Tarija,2026-07-30,2026-08-08,2026-08-17,411,398,11,9,36.51,,False
2938,MOV-002938,LOT-2026-02938,PROD-034,La Paz,2026-05-05,2026-06-15,2027-05-05,334,321,6,41,83.26,,False
2939,MOV-002939,LOT-2026-02939,PROD-013,Oruro,2026-05-07,2026-05-10,2026-11-03,695,682,10,3,33.05,,False
2940,MOV-002940,LOT-2026-02940,PROD-055,La Paz,2026-08-13,2026-08-23,2027-08-13,843,833,5,10,60.11,,False
2941,MOV-002941,LOT-2026-02941,PROD-050,Oruro,2026-06-11,2026-06-30,2026-06-29,298,284,11,19,55.37,,False
2942,MOV-002942,LOT-2026-02942,PROD-010,Oruro,2026-05-24,2026-07-08,2027-05-24,610,590,15,45,47.91,,False
2943,MOV-002943,LOT-2026-02943,PROD-055,La Paz,2026-05-25,2026-06-06,2027-05-25,995,983,11,12,60.11,,False
2944,MOV-002944,LOT-2026-02944,PROD-009,Tarija,2026-08-21,2026-09-21,2027-08-21,628,618,4,31,16.29,,False
2945,MOV-002945,LOT-2026-02945,PROD-002,Santa Cruz,2026-08-06,2026-08-20,2026-08-24,84,74,3,14,33.75,,False
2946,MOV-002946,LOT-2026-02946,PROD-008,Cochabamba,2026-05-26,2026-06-06,2026-06-13,940,910,25,11,31.75,,False
2947,MOV-002947,LOT-2026-02947,PROD-038,Cochabamba,2026-05-24,2026-06-19,2027-05-24,264,259,4,26,13.49,,False
2948,MOV-002948,LOT-2026-02948,PROD-042,La Paz,2026-07-19,2026-07-30,2027-07-19,100,98,1,11,73.69,,False
2949,MOV-002949,LOT-2026-02949,PROD-057,Santa Cruz,2026-05-07,2026-06-24,2027-05-07,334,319,8,48,39.61,,False
2950,MOV-002950,LOT-2026-02950,PROD-055,Cochabamba,2026-05-19,2026-05-30,2027-05-19,953,946,6,11,60.11,,False
2951,MOV-002951,LOT-2026-02951,PROD-028,Oruro,2026-08-24,2026-09-11,2027-08-24,252,250,2,18,55.4,,False
2952,MOV-002952,LOT-2026-02952,PROD-023,La Paz,2026-07-26,2026-08-20,2027-01-22,278,272,4,25,64.4,,False
2953,MOV-002953,LOT-2026-02953,PROD-034,Cochabamba,2026-05-10,2026-05-30,2027-05-10,290,282,2,20,83.26,,False
2954,MOV-002954,LOT-2026-02954,PROD-053,La Paz,2026-07-04,2026-07-25,2027-07-04,413,409,3,21,73.12,,False
2955,MOV-002955,LOT-2026-02955,PROD-003,Cochabamba,2026-08-03,2026-08-19,2026-08-21,249,238,9,16,27.19,,False
2956,MOV-002956,LOT-2026-02956,PROD-054,Tarija,2026-06-13,2026-07-07,2027-06-13,434,425,4,24,81.98,,False
2957,MOV-002957,LOT-2026-02957,PROD-018,Cochabamba,2026-06-24,2026-07-14,2027-06-24,478,469,4,20,20.82,,False
2958,MOV-002958,LOT-2026-02958,PROD-045,Tarija,2026-08-12,2026-09-22,2027-08-12,421,411,6,41,61.85,,False
2959,MOV-002959,LOT-2026-02959,PROD-023,Oruro,2026-07-27,2026-08-04,2027-01-23,652,638,8,8,64.4,,False
2960,MOV-002960,LOT-2026-02960,PROD-008,Tarija,2026-05-13,2026-05-25,2026-05-31,159,149,4,12,31.75,,False
2961,MOV-002961,LOT-2026-02961,PROD-027,Santa Cruz,2026-08-04,2026-08-14,2027-08-04,683,672,4,10,44.86,,False
2962,MOV-002962,LOT-2026-02962,PROD-032,La Paz,2026-07-30,2026-08-17,2027-07-30,849,838,5,18,63.21,,False
2963,MOV-002963,LOT-2026-02963,PROD-045,La Paz,2026-05-01,2026-05-24,2027-05-01,395,387,2,23,61.85,,False
2964,MOV-002964,LOT-2026-02964,PROD-023,Tarija,2026-05-15,2026-06-02,2026-11-11,106,104,1,18,64.4,,False
2965,MOV-002965,LOT-2026-02965,PROD-022,Cochabamba,2026-06-27,2026-07-05,2026-12-24,132,126,2,8,67.52,,False
2966,MOV-002966,LOT-2026-02966,PROD-023,La Paz,2026-07-31,2026-08-03,2027-01-27,158,155,2,3,64.4,,False
2967,MOV-002967,LOT-2026-02967,PROD-054,Oruro,2026-07-09,2026-07-18,2027-07-09,400,393,3,9,81.98,,False
2968,MOV-002968,LOT-2026-02968,PROD-002,Santa Cruz,2026-07-11,2026-07-23,2026-07-29,361,348,10,12,33.75,,False
2969,MOV-002969,LOT-2026-02969,PROD-034,La Paz,2026-07-28,2026-08-10,2027-07-28,274,267,2,13,83.26,,False
2970,MOV-002970,LOT-2026-02970,PROD-044,Oruro,2026-05-11,2026-05-29,2027-05-11,539,531,4,18,65.12,,False
2971,MOV-002971,LOT-2026-02971,PROD-041,La Paz,2026-07-29,2026-09-20,2027-07-29,380,363,13,53,14.19,,False
2972,MOV-002972,LOT-2026-02972,PROD-024,Tarija,2026-08-05,2026-08-23,2027-08-05,569,560,3,18,23.48,,False
2973,MOV-002973,LOT-2026-02973,PROD-002,Oruro,2026-08-25,2026-09-01,2026-09-12,684,665,18,7,33.75,,False
2974,MOV-002974,LOT-2026-02974,PROD-020,Tarija,2026-07-11,2026-07-29,2026-07-29,419,398,15,18,26.82,,False
2975,MOV-002975,LOT-2026-02975,PROD-012,Cochabamba,2026-06-11,2026-06-12,2026-12-08,89,82,1,1,80.8,,False
2976,MOV-002976,LOT-2026-02976,PROD-028,Santa Cruz,2026-07-17,2026-07-28,2027-07-17,919,906,11,11,55.4,,False
2977,MOV-002977,LOT-2026-02977,PROD-042,Tarija,2026-06-13,2026-07-04,2027-06-13,516,507,4,21,73.69,,False
2978,MOV-002978,LOT-2026-02978,PROD-049,Tarija,2026-05-02,2026-05-08,2026-05-20,687,662,19,6,25.49,,False
2979,MOV-002979,LOT-2026-02979,PROD-056,La Paz,2026-05-25,2026-06-04,2026-06-12,768,748,20,10,36.51,,False
2980,MOV-002980,LOT-2026-02980,PROD-019,La Paz,2026-05-21,2026-05-31,2026-06-08,720,696,19,10,62.22,,False
2981,MOV-002981,LOT-2026-02981,PROD-046,Santa Cruz,2026-05-27,2026-06-06,2027-05-27,399,391,2,10,12.64,,False
2982,MOV-002982,LOT-2026-02982,PROD-028,Cochabamba,2026-08-20,2026-09-15,2027-08-20,825,816,6,26,55.4,,False
2983,MOV-002983,LOT-2026-02983,PROD-060,La Paz,2026-05-15,2026-05-28,2026-06-02,653,628,20,13,37.99,,False
2984,MOV-002984,LOT-2026-02984,PROD-055,Santa Cruz,2026-07-22,2026-08-04,2027-07-22,476,471,2,13,60.11,,False
2985,MOV-002985,LOT-2026-02985,PROD-055,Cochabamba,2026-08-25,2026-09-14,2027-08-25,701,694,4,20,60.11,,False
2986,MOV-002986,LOT-2026-02986,PROD-009,Cochabamba,2026-06-05,2026-06-20,2027-06-05,316,313,2,15,16.29,,False
2987,MOV-002987,LOT-2026-02987,PROD-045,Oruro,2026-05-26,2026-06-22,2027-05-26,97,91,1,27,61.85,,False
2988,MOV-002988,LOT-2026-02988,PROD-039,Cochabamba,2026-08-28,2026-09-29,2027-08-28,776,765,4,32,56.75,,False
2989,MOV-002989,LOT-2026-02989, prod-016 ,Tarija,2026-08-11,2026-08-24,2027-08-11,304,295,2,13,44.33,,False
2990,MOV-002990,LOT-2026-02990,PROD-037,Santa Cruz,2026-05-29,2026-06-18,2027-05-29,662,654,5,20,64.93,,False
2991,MOV-002991,LOT-2026-02991,PROD-053,Santa Cruz,2026-05-06,2026-05-21,2027-05-06,466,459,3,15,73.12,,False
2992,MOV-002992,LOT-2026-02992,PROD-048,Cochabamba,2026-07-06,2026-07-29,2027-07-06,782,773,5,23,24.01,,False
2993,MOV-002993,LOT-2026-02993,PROD-008,La Paz,2026-05-25,2026-06-12,2026-06-12,643,621,22,18,31.75,,False
2994,MOV-002994,LOT-2026-02994,PROD-056,Cochabamba,2026-07-16,2026-07-21,2026-08-03,951,922,25,5,36.51,,False
2995,MOV-002995,LOT-2026-02995,PROD-055,Tarija,2026-05-23,2026-07-02,2027-05-23,910,895,14,40,60.11,,False
2996,MOV-002996,LOT-2026-02996,PROD-027,Oruro,2026-05-08,2026-05-29,2027-05-08,391,381,3,21,44.86,,False
2997,MOV-002997,LOT-2026-02997,PROD-026,Oruro,2026-05-11,2026-06-09,2027-05-11,382,380,2,29,66.47,,False
2998,MOV-002998,LOT-2026-02998,PROD-018,La Paz,2026-08-08,2026-08-27,2027-08-08,319,314,2,19,20.82,,False
2999,MOV-002999,LOT-2026-02999,PROD-017,Oruro,2026-06-06,2026-07-07,2026-06-24,180,168,10,31,19.81,,False
3000,MOV-003000,LOT-2026-03000,PROD-014,Santa Cruz,2026-08-22,2026-09-03,2027-08-22,486,475,4,12,21.61,,False
3001,MOV-003001,LOT-2026-03001,PROD-014,Cochabamba,2026-06-09,2026-07-01,2027-06-09,153,149,1,22,21.61,,False
3002,MOV-003002,LOT-2026-03002,PROD-054,Tarija,2026-08-09,2026-08-19,2027-08-09,954,945,7,10,81.98,,False
3003,MOV-003003,LOT-2026-03003,PROD-057,La Paz,2026-07-15,2026-08-16,2027-07-15,139,136,1,32,39.61,,False
3004,MOV-003004,LOT-2026-03004,PROD-036,Santa Cruz,2026-05-11,2026-06-02,2026-11-07,247,238,3,22,53.28,,False
3005,MOV-003005,LOT-2026-03005,PROD-018,Oruro,05/07/2026,2026-07-23,2027-07-05,851,839,6,18,20.82,fecha_ingreso,True
3006,MOV-003006,LOT-2026-03006,PROD-038,Oruro,2026-05-31,2026-06-13,2027-05-31,860,847,8,13,13.49,,False
3007,MOV-003007,LOT-2026-03007,PROD-048,Santa Cruz,2026-07-09,2026-07-17,2027-07-09,981,975,6,8,24.01,,False
3008,MOV-003008,LOT-2026-03008,PROD-022,Oruro,2026-05-16,2026-06-09,2026-11-12,573,560,7,24,67.52,,False
3009,MOV-003009,LOT-2026-03009,PROD-048,Tarija,2026-06-09,2026-07-09,2027-06-09,898,892,5,30,24.01,,False
3010,MOV-003010,LOT-2026-03010,PROD-014,Cochabamba,2026-06-13,2026-06-24,2027-06-13,494,484,3,11,21.61,,False
3011,MOV-003011,LOT-2026-03011,PROD-005,Oruro,2026-06-15,2026-07-24,2027-06-15,114,112,2,39,76.84,,False
3012,MOV-003012,LOT-2026-03012,PROD-008,Oruro,2026-07-09,2026-07-28,2026-07-27,81,73,3,19,31.75,,False
3013,MOV-003013,LOT-2026-03013,PROD-012,Santa Cruz,2026-07-16,2026-08-05,2027-01-12,345,334,5,20,80.8,,False
3014,MOV-003014,LOT-2026-03014,PROD-032,La Paz,2026-07-21,2026-09-03,2027-07-21,357,345,7,44,63.21,,False
3015,MOV-003015,LOT-2026-03015,PROD-051,Cochabamba,2026-08-26,2026-09-11,2027-02-22,430,423,6,16,21.14,,False
3016,MOV-003016,LOT-2026-03016,PROD-042,Oruro,2026-07-10,2026-07-21,2027-07-10,161,154,1,11,73.69,,False
3017,MOV-003017,LOT-2026-03017,PROD-047,Oruro,2026-05-28,2026-06-21,2027-05-28,54,50,0,24,21.58,,False
3018,MOV-003018,LOT-2026-03018,PROD-008,La Paz,2026-07-19,2026-07-21,2026-08-06,971,944,25,2,31.75,,False
3019,MOV-003019,LOT-2026-03019,PROD-009,Tarija,2026-05-31,2026-06-30,2027-05-31,711,703,5,30,16.29,,False
3020,MOV-003020,LOT-2026-03020,PROD-007,Tarija,2026-06-10,2026-07-09,2027-06-10,122,115,1,29,23.87,,False
3021,MOV-003021,LOT-2026-03021,PROD-015,Oruro,2026-06-13,2026-06-18,2026-12-10,859,846,11,5,54.56,,False
3022,MOV-003022,LOT-2026-03022,PROD-044,Oruro,2026-08-06,2026-08-21,2027-08-06,360,351,2,15,65.12,,False
3023,MOV-003023,LOT-2026-03023,PROD-037,Santa Cruz,2026-08-05,2026-08-26,2027-08-05,436,430,4,21,64.93,,False
3024,MOV-003024,LOT-2026-03024,PROD-017,Santa Cruz,2026-07-11,2026-07-17,2026-07-29,949,920,24,6,19.81,,False
3025,MOV-003025,LOT-2026-03025,PROD-046,Santa Cruz,2026-08-08,2026-08-19,2027-08-08,802,791,4,11,12.64,,False
3026,MOV-003026,LOT-2026-03026,PROD-031,Cochabamba,2026-05-27,2026-06-03,2026-11-23,497,488,7,7,14.93,,False
3027,MOV-003027,LOT-2026-03027,PROD-020,Santa Cruz,2026-06-16,2026-06-23,2026-07-04,603,585,15,7,26.82,,False
3028,MOV-003028,LOT-2026-03028,PROD-022,Santa Cruz,2026-05-20,2026-05-24,2026-11-16,264,257,3,4,67.52,,False
3029,MOV-003029,LOT-2026-03029,PROD-014,La Paz,2026-07-06,2026-07-22,2027-07-06,249,241,2,16,21.61,,False
3030,MOV-003030,LOT-2026-03030,PROD-008,Oruro,2026-06-22,2026-06-29,2026-07-10,708,686,18,7,31.75,,False
3031,MOV-003031,LOT-2026-03031,PROD-052,Oruro,2026-07-30,2026-08-04,2027-01-26,818,798,13,5,59.66,,False
3032,MOV-003032,LOT-2026-03032,PROD-053,La Paz,2026-06-14,2026-07-03,2027-06-14,535,526,4,19,73.12,,False
3033,MOV-003033,LOT-2026-03033,PROD-056,Santa Cruz,2026-06-04,2026-06-06,2026-06-22,61,55,2,2,36.51,,False
3034,MOV-003034,LOT-2026-03034,PROD-049,Cochabamba,2026-08-19,2026-08-28,2026-09-06,977,946,27,9,25.49,,False
3035,MOV-003035,LOT-2026-03035,PROD-028,Oruro,03/07/2026,2026-07-21,2027-07-03,548,538,5,18,55.4,fecha_ingreso,True
3036,MOV-003036,LOT-2026-03036,PROD-024,Cochabamba,2026-08-18,2026-09-06,2027-08-18,149,146,1,19,23.48,,False
3037,MOV-003037,LOT-2026-03037,PROD-013,La Paz,2026-05-21,2026-05-29,2026-11-17,773,758,9,8,33.05,,False
3038,MOV-003038,LOT-2026-03038,PROD-016,Cochabamba,2026-05-07,2026-05-24,2027-05-07,523,514,3,17,44.33,,False
3039,MOV-003039,LOT-2026-03039,PROD-060,Oruro,2026-05-04,2026-05-14,2026-05-22,700,681,18,10,37.99,,False
3040,MOV-003040,LOT-2026-03040,PROD-039,Cochabamba,2026-05-03,2026-05-24,2027-05-03,531,522,3,21,56.75,,False
3041,MOV-003041,LOT-2026-03041,PROD-026,Cochabamba,2026-06-18,2026-07-17,2027-06-18,961,948,7,29,66.47,,False
3042,MOV-003042,LOT-2026-03042,PROD-006,Tarija,2026-08-23,2026-09-11,2027-08-23,186,180,1,19,23.32,,False
3043,MOV-003043,LOT-2026-03043,PROD-006,La Paz,2026-07-16,2026-08-06,2027-07-16,384,377,4,21,23.32,,False
3044,MOV-003044,LOT-2026-03044,PROD-019,Tarija,2026-07-26,2026-07-30,2026-08-13,492,475,13,4,62.22,,False
3045,MOV-003045,LOT-2026-03045,PROD-003,Tarija,2026-08-02,2026-09-04,2026-08-20,275,258,16,33,27.19,,False
3046,MOV-003046,LOT-2026-03046,PROD-054,Oruro,2026-06-07,2026-07-08,2027-06-07,279,278,1,31,81.98,,False
3047,MOV-003047,LOT-2026-03047,PROD-032,Oruro,2026-08-03,2026-08-18,2027-08-03,581,574,5,15,63.21,,False
3048,MOV-003048,LOT-2026-03048,PROD-008,Cochabamba,2026-08-14,2026-08-23,2026-09-01,742,720,19,9,31.75,,False
3049,MOV-003049,LOT-2026-03049,PROD-006,La Paz,2026-08-02,2026-08-12,2027-08-02,725,715,7,10,23.32,,False
3050,MOV-003050,LOT-2026-03050,PROD-025,Tarija,2026-07-10,2026-07-20,2026-07-28,612,591,18,10,45.25,,False
3051,MOV-003051,LOT-2026-03051,PROD-052,La Paz,2026-08-02,2026-08-15,2027-01-29,749,739,9,13,59.66,,False
3052,MOV-003052,LOT-2026-03052,PROD-005,La Paz,2026-07-28,2026-08-17,2027-07-28,666,662,4,20,76.84,,False
3053,MOV-003053,LOT-2026-03053,PROD-031,Oruro,2026-07-18,2026-08-12,2027-01-14,99,95,2,25,14.93,,False
3054,MOV-003054,LOT-2026-03054,PROD-023,Tarija,2026-07-03,2026-07-29,2026-12-30,467,456,6,26,64.4,,False
3055,MOV-003055,LOT-2026-03055,PROD-041,Cochabamba,2026-07-13,2026-07-29,2027-07-13,520,515,4,16,14.19,,False
3056,MOV-003056,LOT-2026-03056,PROD-051,Oruro,2026-05-18,2026-06-07,2026-11-14,94,87,2,20,21.14,,False
3057,MOV-003057,LOT-2026-03057,PROD-005,Tarija,2026-06-10,2026-06-18,2027-06-10,403,395,3,8,76.84,,False
3058,MOV-003058,LOT-2026-03058,PROD-044,La Paz,2026-05-12,2026-05-29,2027-05-12,750,740,6,17,65.12,,False
3059,MOV-003059,LOT-2026-03059,PROD-045,La Paz,2026-08-08,2026-08-29,2027-08-08,582,573,3,21,61.85,,False
3060,MOV-003060,LOT-2026-03060,PROD-044,Tarija,2026-07-22,2026-08-02,2027-07-22,853,846,5,11,65.12,,False
3061,MOV-003061,LOT-2026-03061,PROD-048,Santa Cruz,2026-08-12,2026-09-06,2027-08-12,250,248,2,25,24.01,,False
3062,MOV-003062,LOT-2026-03062,PROD-058,Santa Cruz,2026-08-21,2026-09-01,2027-08-21,866,854,5,11,83.63,,False
3063,MOV-003063,LOT-2026-03063, prod-029 ,Tarija,2026-06-26,2026-07-10,2027-06-26,189,183,1,14,60.18,,False
3064,MOV-003064,LOT-2026-03064,PROD-042,Tarija,2026-08-12,2026-09-10,2027-08-12,517,509,3,29,73.69,,False
3065,MOV-003065,LOT-2026-03065,PROD-002,Oruro,2026-07-26,2026-08-04,2026-08-13,407,395,11,9,33.75,,False
3066,MOV-003066,LOT-2026-03066,PROD-016,La Paz,2026-06-28,2026-07-28,2027-06-28,962,947,8,30,44.33,,False
3067,MOV-003067,LOT-2026-03067,PROD-046,Oruro,2026-06-15,2026-07-26,2027-06-15,882,865,12,41,12.64,,False
3068,MOV-003068,LOT-2026-03068,PROD-051,La Paz,2026-08-08,2026-08-15,2027-02-04,635,625,8,7,21.14,,False
3069,MOV-003069,LOT-2026-03069,PROD-020,Tarija,2026-08-04,2026-08-31,2026-08-22,635,600,33,27,26.82,,False
3070,MOV-003070,LOT-2026-03070,PROD-010,Tarija,2026-08-02,2026-08-30,2027-08-02,402,394,3,28,47.91,,False
3071,MOV-003071,LOT-2026-03071,PROD-033,Oruro,2026-05-12,2026-05-30,2027-05-12,250,246,1,18,77.59,,False
3072,MOV-003072,LOT-2026-03072,PROD-002,Oruro,2026-08-27,2026-09-03,2026-09-14,188,183,5,7,33.75,,False
3073,MOV-003073,LOT-2026-03073,PROD-058,La Paz,2026-08-23,2026-09-13,2027-08-23,717,709,6,21,83.63,,False
3074,MOV-003074,LOT-2026-03074,PROD-008,Oruro,2026-07-23,2026-08-02,2026-08-10,636,618,17,10,31.75,,False
3075,MOV-003075,LOT-2026-03075,PROD-057,Tarija,2026-07-08,2026-07-24,2027-07-08,923,911,7,16,39.61,,False
3076,MOV-003076,LOT-2026-03076,PROD-026,Tarija,2026-06-06,2026-06-25,2027-06-06,723,712,4,19,66.47,,False
3077,MOV-003077,LOT-2026-03077,PROD-046,Oruro,2026-07-29,2026-08-17,2027-07-29,916,905,5,19,12.64,,False
3078,MOV-003078,LOT-2026-03078,PROD-027,Oruro,2026-05-18,2026-06-06,2027-05-18,110,104,1,19,44.86,,False
3079,MOV-003079,LOT-2026-03079,PROD-060,Santa Cruz,2026-07-02,2026-07-23,2026-07-20,586,556,23,21,37.99,,False
3080,MOV-003080,LOT-2026-03080,PROD-011,Tarija,2026-05-22,2026-05-29,2026-06-09,582,561,15,7,14.4,,False
3081,MOV-003081,LOT-2026-03081,PROD-023,Cochabamba,2026-06-26,2026-06-28,2026-12-23,413,404,6,2,64.4,,False
3082,MOV-003082,LOT-2026-03082,PROD-010,Santa Cruz,2026-05-10,2026-06-14,2027-05-10,847,839,4,35,47.91,,False
3083,MOV-003083,LOT-2026-03083, prod-042 ,Santa Cruz,2026-07-07,2026-07-19,2027-07-07,663,654,5,12,73.69,,False
3084,MOV-003084,LOT-2026-03084,PROD-023,Oruro,2026-07-31,2026-08-16,2027-01-27,304,297,6,16,64.4,,False
3085,MOV-003085,LOT-2026-03085,PROD-048,Tarija,2026-06-19,2026-07-12,2027-06-19,876,869,7,23,24.01,,False
3086,MOV-003086,LOT-2026-03086,PROD-004,Oruro,2026-07-23,2026-08-08,2027-07-23,937,927,5,16,27.26,,False
3087,MOV-003087,LOT-2026-03087,PROD-027,Oruro,2026-08-20,2026-09-04,2027-08-20,837,832,5,15,44.86,,False
3088,MOV-003088,LOT-2026-03088,PROD-055,Cochabamba,2026-07-24,2026-08-13,2027-07-24,564,556,5,20,60.11,,False
3089,MOV-003089,LOT-2026-03089,PROD-021,La Paz,2026-07-19,2026-08-17,2027-07-19,650,640,4,29,84.36,,False
3090,MOV-003090,LOT-2026-03090,PROD-048,Santa Cruz,2026-07-18,2026-08-05,2027-07-18,127,123,1,18,24.01,,False
3091,MOV-003091,LOT-2026-03091,PROD-009,Oruro,2026-05-10,2026-05-21,2027-05-10,994,982,7,11,16.29,,False
3092,MOV-003092,LOT-2026-03092,PROD-038,La Paz,2026-05-26,2026-06-10,2027-05-26,425,415,3,15,13.49,,False
3093,MOV-003093,LOT-2026-03093,PROD-042,Tarija,2026-08-14,2026-09-16,2027-08-14,386,376,3,33,73.69,,False
3094,MOV-003094,LOT-2026-03094,PROD-015,Tarija,2026-05-07,2026-05-18,2026-11-03,659,645,9,11,54.56,,False
3095,MOV-003095,LOT-2026-03095,PROD-026,La Paz,2026-06-05,2026-06-19,2027-06-05,979,971,7,14,66.47,,False
3096,MOV-003096,LOT-2026-03096,PROD-015,Santa Cruz,2026-05-13,2026-05-24,2026-11-09,823,807,10,11,54.56,,False
3097,MOV-003097,LOT-2026-03097,PROD-051,Santa Cruz,2026-06-13,2026-06-21,2026-12-10,640,627,9,8,21.14,,False
3098,MOV-003098,LOT-2026-03098,PROD-023,Tarija,2026-08-03,2026-08-24,2027-01-30,939,918,14,21,64.4,,False
3099,MOV-003099,LOT-2026-03099,PROD-005,Tarija,2026-05-26,2026-06-26,2027-05-26,421,415,2,31,76.84,,False
3100,MOV-003100,LOT-2026-03100,PROD-030,Oruro,2026-06-01,2026-07-19,2027-06-01,419,405,11,48,24.51,,False
3101,MOV-003101,LOT-2026-03101,PROD-024,Cochabamba,2026-06-27,2026-07-08,2027-06-27,385,382,2,11,23.48,,False
3102,MOV-003102,LOT-2026-03102,PROD-031,Santa Cruz,2026-07-27,2026-08-16,2027-01-23,944,930,13,20,14.93,,False
3103,MOV-003103,LOT-2026-03103,PROD-045,Tarija,2026-05-06,2026-05-17,2027-05-06,115,112,1,11,61.85,,False
3104,MOV-003104,LOT-2026-03104,PROD-047,Santa Cruz,2026-05-07,2026-05-27,2027-05-07,635,623,6,20,21.58,,False
3105,MOV-003105,LOT-2026-03105,PROD-041,Santa Cruz,2026-06-05,2026-07-15,2027-06-05,274,263,4,40,14.19,,False
3106,MOV-003106,LOT-2026-03106,PROD-036,Santa Cruz,2026-05-23,2026-05-26,2026-11-19,874,861,12,3,53.28,,False
3107,MOV-003107,LOT-2026-03107,PROD-042,La Paz,2026-05-10,2026-05-31,2027-05-10,610,600,4,21,73.69,,False
3108,MOV-003108,LOT-2026-03108,PROD-036,La Paz,2026-06-05,2026-06-20,2026-12-02,719,706,9,15,53.28,,False
3109,MOV-003109,LOT-2026-03109,PROD-059,Oruro,2026-05-03,2026-05-22,2026-05-21,557,533,20,19,13.44,,False
3110,MOV-003110,LOT-2026-03110,PROD-046,Santa Cruz,2026-07-25,2026-08-13,2027-07-25,655,648,7,19,12.64,,False
3111,MOV-003111,LOT-2026-03111,PROD-034,Oruro,2026-08-10,2026-08-22,2027-08-10,325,316,3,12,83.26,,False
3112,MOV-003112,LOT-2026-03112,PROD-049,Oruro,2026-05-28,2026-06-04,2026-06-15,899,870,23,7,25.49,,False
3113,MOV-003113,LOT-2026-03113,PROD-028,Cochabamba,2026-07-14,2026-07-25,2027-07-14,228,221,1,11,55.4,,False
3114,MOV-003114,LOT-2026-03114,PROD-038,Oruro,17/07/2026,2026-08-08,2027-07-17,661,653,4,22,13.49,fecha_ingreso,True
3115,MOV-003115,LOT-2026-03115,PROD-001,Tarija,2026-08-28,2026-09-08,2027-02-24,338,332,4,11,42.39,,False
3116,MOV-003116,LOT-2026-03116,PROD-011,La Paz,2026-08-02,2026-08-17,2026-08-20,983,947,31,15,14.4,,False
3117,MOV-003117,LOT-2026-03117,PROD-060,Santa Cruz,2026-08-06,2026-08-12,2026-08-24,615,599,16,6,37.99,,False
3118,MOV-003118,LOT-2026-03118,PROD-024,Tarija,2026-05-28,2026-06-14,2027-05-28,433,428,3,17,23.48,,False
3119,MOV-003119,LOT-2026-03119,PROD-041,Santa Cruz,2026-07-04,2026-07-28,2027-07-04,647,635,5,24,14.19,,False
3120,MOV-003120,LOT-2026-03120,PROD-059,Tarija,2026-05-07,2026-06-14,2026-05-25,903,840,58,38,13.44,,False
3121,MOV-003121,LOT-2026-03121,PROD-006,Santa Cruz,2026-07-24,2026-08-05,2027-07-24,70,65,0,12,23.32,,False
3122,MOV-003122,LOT-2026-03122,PROD-014,La Paz,2026-08-18,2026-09-14,2027-08-18,134,127,1,27,21.61,,False
3123,MOV-003123,LOT-2026-03123,PROD-055,Santa Cruz,2026-06-06,2026-06-17,2027-06-06,331,325,2,11,60.11,,False
3124,MOV-003124,LOT-2026-03124,PROD-002,Cochabamba,2026-06-04,2026-06-26,2026-06-22,77,71,3,22,33.75,,False
3125,MOV-003125,LOT-2026-03125,PROD-044,Tarija,2026-06-18,2026-07-09,2027-06-18,225,221,1,21,65.12,,False
3126,MOV-003126,LOT-2026-03126,PROD-018,Santa Cruz,2026-06-11,2026-07-11,2027-06-11,63,60,0,30,20.82,,False
3127,MOV-003127,LOT-2026-03127,PROD-044,Cochabamba,2026-06-24,2026-07-08,2027-06-24,192,183,2,14,65.12,,False
3128,MOV-003128,LOT-2026-03128,PROD-034,Oruro,2026-05-21,2026-06-22,2027-05-21,91,89,1,32,83.26,,False
3129,MOV-003129,LOT-2026-03129,PROD-040,Tarija,2026-05-03,2026-05-22,2026-05-21,782,747,28,19,82.17,,False
3130,MOV-003130,LOT-2026-03130,PROD-038,Cochabamba,2026-05-30,2026-06-12,2027-05-30,758,753,5,13,13.49,,False
3131,MOV-003131,LOT-2026-03131,PROD-034,Cochabamba,2026-05-28,2026-06-29,2027-05-28,510,507,3,32,83.26,,False
3132,MOV-003132,LOT-2026-03132,PROD-024,Cochabamba,2026-05-15,2026-06-07,2027-05-15,296,294,2,23,23.48,,False
3133,MOV-003133,LOT-2026-03133,PROD-007,La Paz,2026-08-18,2026-09-06,2027-08-18,86,79,1,19,23.87,,False
3134,MOV-003134,LOT-2026-03134,PROD-060,Oruro,2026-05-19,2026-06-04,2026-06-06,724,697,24,16,37.99,,False
3135,MOV-003135,LOT-2026-03135,PROD-022,La Paz,2026-05-06,2026-05-15,2026-11-02,489,478,6,9,67.52,,False
3136,MOV-003136,LOT-2026-03136,PROD-043,Santa Cruz,2026-06-15,2026-06-20,2026-07-03,431,418,12,5,71.11,,False
3137,MOV-003137,LOT-2026-03137,PROD-057,Cochabamba,2026-06-15,2026-07-04,2027-06-15,181,173,1,19,39.61,,False
3138,MOV-003138,LOT-2026-03138,PROD-009,Oruro,2026-07-11,2026-07-31,2027-07-11,267,262,2,20,16.29,,False
3139,MOV-003139,LOT-2026-03139,PROD-052,Santa Cruz,2026-05-08,2026-05-17,2026-11-04,928,915,12,9,59.66,,False
3140,MOV-003140,LOT-2026-03140,PROD-060,Oruro,2026-05-13,2026-05-23,2026-05-31,922,887,28,10,37.99,,False
3141,MOV-003141,LOT-2026-03141,PROD-032,Cochabamba,2026-05-20,2026-06-07,2027-05-20,203,198,1,18,63.21,,False
3142,MOV-003142,LOT-2026-03142,PROD-037,Tarija,2026-06-27,2026-07-08,2027-06-27,290,281,2,11,64.93,,False
3143,MOV-003143,LOT-2026-03143,PROD-026,Oruro,2026-05-15,2026-06-05,2027-05-15,316,313,2,21,66.47,,False
3144,MOV-003144,LOT-2026-03144,PROD-053,Cochabamba,2026-05-23,2026-06-12,2027-05-23,523,512,8,20,73.12,,False
3145,MOV-003145,LOT-2026-03145,PROD-044,La Paz,2026-05-21,2026-06-28,2027-05-21,682,672,8,38,65.12,,False
3146,MOV-003146,LOT-2026-03146,PROD-002,Tarija,2026-05-15,2026-05-23,2026-06-02,84,80,2,8,33.75,,False
3147,MOV-003147,LOT-2026-03147,PROD-035,Cochabamba,2026-05-13,2026-05-27,2026-05-31,412,396,12,14,23.85,,False
3148,MOV-003148,LOT-2026-03148,PROD-058,Cochabamba,2026-05-16,2026-06-05,2027-05-16,317,315,2,20,83.63,,False
3149,MOV-003149,LOT-2026-03149,PROD-037,Santa Cruz,2026-05-14,2026-05-28,2027-05-14,814,809,5,14,64.93,,False
3150,MOV-003150,LOT-2026-03150,PROD-022,Tarija,2026-05-30,2026-06-10,2026-11-26,55,53,1,11,67.52,,False
3151,MOV-003151,LOT-2026-03151,PROD-052,Oruro,2026-06-04,2026-06-13,2026-12-01,436,427,5,9,59.66,,False
3152,MOV-003152,LOT-2026-03152,PROD-035,Oruro,2026-05-31,2026-06-20,2026-06-18,527,504,20,20,23.85,,False
3153,MOV-003153,LOT-2026-03153,PROD-001,La Paz,2026-07-28,2026-07-31,2027-01-24,911,891,14,3,42.39,,False
3154,MOV-003154,LOT-2026-03154,PROD-018,Oruro,2026-07-29,2026-08-15,2027-07-29,431,426,2,17,20.82,,False
3155,MOV-003155,LOT-2026-03155,PROD-027,Tarija,2026-05-04,2026-05-29,2027-05-04,260,255,1,25,44.86,,False
3156,MOV-003156,LOT-2026-03156,PROD-041,Santa Cruz,2026-05-11,2026-06-06,2027-05-11,585,573,7,26,14.19,,False
3157,MOV-003157,LOT-2026-03157,PROD-011,Tarija,2026-05-19,2026-05-29,2026-06-06,215,204,5,10,14.4,,False
3158,MOV-003158,LOT-2026-03158,PROD-011,Oruro,2026-07-27,2026-08-06,2026-08-14,986,955,29,10,14.4,,False
3159,MOV-003159,LOT-2026-03159,PROD-021,Oruro,2026-08-07,2026-08-20,2027-08-07,488,483,4,13,84.36,,False
3160,MOV-003160,LOT-2026-03160,PROD-054,La Paz,2026-05-04,2026-06-03,2027-05-04,891,880,5,30,81.98,,False
3161,MOV-003161,LOT-2026-03161,PROD-052,Cochabamba,2026-08-24,2026-09-08,2027-02-20,69,61,1,15,59.66,,False
3162,MOV-003162,LOT-2026-03162,PROD-010,Santa Cruz,2026-07-24,2026-08-21,2027-07-24,978,970,7,28,47.91,,False
3163,MOV-003163,LOT-2026-03163,PROD-032,Oruro,2026-06-26,2026-07-15,2027-06-26,971,958,6,19,63.21,,False
3164,MOV-003164,LOT-2026-03164,PROD-037,Cochabamba,2026-05-18,2026-06-14,2027-05-18,286,284,2,27,64.93,,False
3165,MOV-003165,LOT-2026-03165,PROD-011,Cochabamba,2026-08-23,2026-09-04,2026-09-10,697,673,19,12,14.4,,False
3166,MOV-003166,LOT-2026-03166,PROD-008,Tarija,2026-07-11,2026-07-25,2026-07-29,552,532,18,14,31.75,,False
3167,MOV-003167,LOT-2026-03167,PROD-039,Oruro,2026-05-05,2026-05-17,2027-05-05,206,203,1,12,56.75,,False
3168,MOV-003168,LOT-2026-03168,PROD-055,Oruro,2026-08-13,2026-09-12,2027-08-13,63,59,0,30,60.11,,False
3169,MOV-003169,LOT-2026-03169,PROD-033,La Paz,2026-05-01,2026-06-12,2027-05-01,225,220,4,42,77.59,,False
3170,MOV-003170,LOT-2026-03170,PROD-023,La Paz,2026-07-23,2026-07-27,2027-01-19,806,790,10,4,64.4,,False
3171,MOV-003171,LOT-2026-03171,PROD-004,Oruro,2026-05-20,2026-06-08,2027-05-20,877,867,6,19,27.26,,False
3172,MOV-003172,LOT-2026-03172,PROD-033,Tarija,2026-06-20,2026-07-12,2027-06-20,563,554,4,22,77.59,,False
3173,MOV-003173,LOT-2026-03173,PROD-038,Santa Cruz,2026-05-23,2026-06-05,2027-05-23,864,852,5,13,13.49,,False
3174,MOV-003174,LOT-2026-03174,PROD-001,Tarija,2026-07-18,2026-07-22,2027-01-14,432,420,6,4,42.39,,False
3175,MOV-003175,LOT-2026-03175,PROD-007,Oruro,2026-06-07,2026-06-22,2027-06-07,447,440,3,15,23.87,,False
3176,MOV-003176,LOT-2026-03176,PROD-046,La Paz,2026-06-29,2026-07-18,2027-06-29,877,864,6,19,12.64,,False
3177,MOV-003177,LOT-2026-03177,PROD-008,Oruro,2026-08-12,2026-09-08,2026-08-30,269,253,13,27,31.75,,False
3178,MOV-003178,LOT-2026-03178,PROD-007,Santa Cruz,2026-08-23,2026-09-11,2027-08-23,880,867,6,19,23.87,,False
3179,MOV-003179,LOT-2026-03179,PROD-005,La Paz,2026-06-27,2026-07-16,2027-06-27,502,493,5,19,76.84,,False
3180,MOV-003180,LOT-2026-03180,PROD-009,Oruro,2026-05-02,2026-05-20,2027-05-02,820,807,6,18,16.29,,False
3181,MOV-003181,LOT-2026-03181,PROD-056,Cochabamba,2026-05-07,2026-05-20,2026-05-25,642,621,17,13,36.51,,False
3182,MOV-003182,LOT-2026-03182,PROD-026,Santa Cruz,2026-06-13,2026-07-22,2027-06-13,852,832,14,39,66.47,,False
3183,MOV-003183,LOT-2026-03183,PROD-033,Santa Cruz,2026-05-13,2026-05-28,2027-05-13,637,630,5,15,77.59,,False
3184,MOV-003184,LOT-2026-03184,PROD-021,Tarija,2026-06-15,2026-06-29,2027-06-15,858,845,6,14,84.36,,False
3185,MOV-003185,LOT-2026-03185,PROD-035,Tarija,2026-06-07,2026-07-02,2026-06-25,561,531,25,25,23.85,,False
3186,MOV-003186,LOT-2026-03186,PROD-015,La Paz,2026-08-14,2026-08-20,2027-02-10,811,801,10,6,54.56,,False
3187,MOV-003187,LOT-2026-03187,PROD-045,Oruro,2026-06-11,2026-07-01,2027-06-11,432,423,3,20,61.85,,False
3188,MOV-003188,LOT-2026-03188,PROD-021,Oruro,2026-05-16,2026-05-27,2027-05-16,605,599,5,11,84.36,,False
3189,MOV-003189,LOT-2026-03189,PROD-054,Santa Cruz,2026-06-15,2026-07-05,2027-06-15,635,626,4,20,81.98,,False
3190,MOV-003190,LOT-2026-03190,PROD-008,La Paz,2026-07-21,2026-08-15,2026-08-08,546,519,25,25,31.75,,False
3191,MOV-003191,LOT-2026-03191,PROD-004,Cochabamba,2026-05-24,2026-06-08,2027-05-24,230,228,1,15,27.26,,False
3192,MOV-003192,LOT-2026-03192,PROD-044,Cochabamba,2026-07-28,2026-08-15,2027-07-28,693,687,4,18,65.12,,False
3193,MOV-003193,LOT-2026-03193,PROD-020,Santa Cruz,2026-06-29,2026-07-14,2026-07-17,314,297,10,15,26.82,,False
3194,MOV-003194,LOT-2026-03194,PROD-057,Santa Cruz,2026-06-30,2026-07-15,2027-06-30,100,99,1,15,39.61,,False
3195,MOV-003195,LOT-2026-03195,PROD-035,Tarija,2026-05-04,2026-05-24,2026-05-22,471,448,19,20,23.85,,False
3196,MOV-003196,LOT-2026-03196,PROD-002,Oruro,2026-07-12,2026-07-31,2026-07-30,974,935,37,19,33.75,,False
3197,MOV-003197,LOT-2026-03197,PROD-023,Cochabamba,2026-07-24,2026-08-02,2027-01-20,649,635,8,9,64.4,,False
3198,MOV-003198,LOT-2026-03198,PROD-035,Cochabamba,2026-08-10,2026-08-21,2026-08-28,610,592,18,11,23.85,,False
3199,MOV-003199,LOT-2026-03199,PROD-016,Tarija,2026-07-30,2026-08-29,2027-07-30,741,737,4,30,44.33,,False
3200,MOV-003200,LOT-2026-03200,PROD-004,Oruro,2026-05-10,2026-05-27,2027-05-10,295,286,2,17,27.26,,False
3201,MOV-003201,LOT-2026-03201,PROD-037,La Paz,2026-05-31,2026-06-22,2027-05-31,510,505,3,22,64.93,,False
3202,MOV-003202,LOT-2026-03202,PROD-009,Santa Cruz,2026-06-13,2026-07-12,2027-06-13,991,975,12,29,16.29,,False
3203,MOV-003203,LOT-2026-03203,PROD-036,Cochabamba,2026-08-17,2026-08-19,2027-02-13,620,606,9,2,53.28,,False
3204,MOV-003204,LOT-2026-03204,PROD-009,Oruro,2026-05-29,2026-06-17,2027-05-29,598,592,4,19,16.29,,False
3205,MOV-003205,LOT-2026-03205,PROD-023,Cochabamba,2026-06-14,2026-07-01,2026-12-11,78,75,1,17,64.4,,False
3206,MOV-003206,LOT-2026-03206,PROD-030,Tarija,2026-06-08,2026-07-12,2027-06-08,944,933,10,34,24.51,,False
3207,MOV-003207,LOT-2026-03207,PROD-021,Oruro,2026-05-09,2026-05-30,2027-05-09,495,488,3,21,84.36,,False
3208,MOV-003208,LOT-2026-03208,PROD-056,Cochabamba,2026-05-09,2026-06-02,2026-05-27,71,67,3,24,36.51,,False
3209,MOV-003209,LOT-2026-03209,PROD-002,Santa Cruz,2026-06-25,2026-07-08,2026-07-13,519,498,15,13,33.75,,False
3210,MOV-003210,LOT-2026-03210,PROD-020,Cochabamba,2026-07-12,2026-07-15,2026-07-30,895,867,23,3,26.82,,False
3211,MOV-003211,LOT-2026-03211,PROD-010,Cochabamba,2026-06-16,2026-06-26,2027-06-16,452,449,3,10,47.91,,False
3212,MOV-003212,LOT-2026-03212,PROD-038,Cochabamba,2026-06-10,2026-06-26,2027-06-10,670,662,5,16,13.49,,False
3213,MOV-003213,LOT-2026-03213,PROD-016,Tarija,2026-06-28,2026-07-15,2027-06-28,202,198,2,17,44.33,,False
3214,MOV-003214,LOT-2026-03214,PROD-032,Oruro,2026-07-02,2026-07-25,2027-07-02,253,244,2,23,63.21,,False
3215,MOV-003215,LOT-2026-03215,PROD-031,Tarija,2026-05-04,2026-05-25,2026-10-31,621,610,8,21,14.93,,False
3216,MOV-003216,LOT-2026-03216,PROD-023,Santa Cruz,2026-07-13,2026-07-17,2027-01-09,809,799,10,4,64.4,,False
3217,MOV-003217,LOT-2026-03217,PROD-045,La Paz,2026-05-01,2026-06-03,2027-05-01,319,316,2,33,61.85,,False
3218,MOV-003218,LOT-2026-03218,PROD-037,La Paz,2026-07-26,2026-08-10,2027-07-26,909,897,6,15,64.93,,False
3219,MOV-003219,LOT-2026-03219,PROD-049,La Paz,2026-08-16,2026-08-23,2026-09-03,309,295,8,7,25.49,,False
3220,MOV-003220,LOT-2026-03220,PROD-060,Cochabamba,2026-08-20,2026-09-06,2026-09-07,977,939,33,17,37.99,,False
3221,MOV-003221,LOT-2026-03221,PROD-029,Cochabamba,2026-05-07,2026-06-02,2027-05-07,977,967,6,26,60.18,,False
3222,MOV-003222,LOT-2026-03222,PROD-042,Santa Cruz,2026-05-31,2026-06-27,2027-05-31,521,511,3,27,73.69,,False
3223,MOV-003223,LOT-2026-03223,PROD-047,Santa Cruz,2026-08-17,2026-09-15,2027-08-17,704,694,4,29,21.58,,False
3224,MOV-003224,LOT-2026-03224,PROD-045,Santa Cruz,2026-08-11,2026-08-25,2027-08-11,815,806,5,14,61.85,,False
3225,MOV-003225,LOT-2026-03225,PROD-027,Cochabamba,2026-06-24,2026-07-12,2027-06-24,491,487,3,18,44.86,,False
3226,MOV-003226,LOT-2026-03226,PROD-038,Oruro,2026-06-29,2026-07-14,,706,702,4,15,13.49,fecha_vencimiento,True
3227,MOV-003227,LOT-2026-03227,PROD-049,Santa Cruz,2026-08-26,2026-09-01,2026-09-13,540,523,15,6,25.49,,False
3228,MOV-003228,LOT-2026-03228,PROD-030,Tarija,2026-06-07,2026-07-08,2027-06-07,682,670,5,31,24.51,,False
3229,MOV-003229,LOT-2026-03229,PROD-055,La Paz,2026-06-22,2026-07-05,2027-06-22,467,460,4,13,60.11,,False
3230,MOV-003230,LOT-2026-03230,PROD-016,Oruro,2026-07-31,2026-08-15,2027-07-31,982,968,7,15,44.33,,False
3231,MOV-003231,LOT-2026-03231,PROD-053,La Paz,2026-08-09,2026-09-06,2027-08-09,648,644,4,28,73.12,,False
3232,MOV-003232,LOT-2026-03232,PROD-057,La Paz,2026-05-16,2026-06-08,2027-05-16,763,755,8,23,39.61,,False
3233,MOV-003233,LOT-2026-03233,PROD-008,Tarija,2026-07-04,2026-07-18,2026-07-22,601,575,19,14,31.75,,False
3234,MOV-003234,LOT-2026-03234,PROD-052,La Paz,2026-07-24,2026-07-27,2027-01-20,725,713,12,3,59.66,,False
3235,MOV-003235,LOT-2026-03235,PROD-037,Oruro,2026-06-02,2026-06-15,2027-06-02,599,594,4,13,64.93,,False
3236,MOV-003236,LOT-2026-03236,PROD-054,Cochabamba,2026-06-18,2026-07-25,2027-06-18,830,820,7,37,81.98,,False
3237,MOV-003237,LOT-2026-03237,PROD-004,Tarija,2026-07-27,2026-08-26,2027-07-27,692,684,4,30,27.26,,False
3238,MOV-003238,LOT-2026-03238,PROD-047,Cochabamba,2026-08-10,2026-08-25,2027-08-10,345,341,3,15,21.58,,False
3239,MOV-003239,LOT-2026-03239,PROD-053,Cochabamba,2026-07-22,2026-08-04,2027-07-22,86,81,0,13,73.12,,False
3240,MOV-003240,LOT-2026-03240,PROD-057,Oruro,2026-06-17,2026-07-08,2027-06-17,368,359,2,21,39.61,,False
3241,MOV-003241,LOT-2026-03241,PROD-010,Cochabamba,2026-08-16,2026-09-16,2027-08-16,729,716,6,31,47.91,,False
3242,MOV-003242,LOT-2026-03242,PROD-046,Cochabamba,2026-06-18,2026-06-29,2027-06-18,637,627,4,11,12.64,,False
3243,MOV-003243,LOT-2026-03243,PROD-048,La Paz,2026-08-20,2026-09-10,2027-08-20,796,784,5,21,24.01,,False
3244,MOV-003244,LOT-2026-03244,PROD-003,Oruro,2026-06-29,2026-07-05,2026-07-17,305,297,8,6,27.19,,False
3245,MOV-003245,LOT-2026-03245,PROD-003,Cochabamba,2026-06-25,2026-07-05,2026-07-13,185,178,5,10,27.19,,False
3246,MOV-003246,LOT-2026-03246,PROD-001,Tarija,2026-06-20,2026-06-21,2026-12-17,cien,99,1,1,42.39,cantidad_ingreso,True
3247,MOV-003247,LOT-2026-03247,PROD-050,Oruro,2026-06-05,2026-06-10,2026-06-23,243,237,6,5,55.37,,False
3248,MOV-003248,LOT-2026-03248,PROD-007,Tarija,2026-08-15,2026-08-30,2027-08-15,948,939,6,15,23.87,,False
3249,MOV-003249,LOT-2026-03249,PROD-016,Tarija,2026-05-23,2026-06-06,2027-05-23,378,373,2,14,44.33,,False
3250,MOV-003250,LOT-2026-03250,PROD-043,Oruro,2026-07-20,2026-08-08,2026-08-07,112,101,4,19,71.11,,False
3251,MOV-003251,LOT-2026-03251,PROD-045,La Paz,2026-05-07,2026-05-16,2027-05-07,966,959,6,9,61.85,,False
3252,MOV-003252,LOT-2026-03252,PROD-044,Cochabamba,2026-05-22,2026-06-08,2027-05-22,554,548,3,17,65.12,,False
3253,MOV-003253,LOT-2026-03253,PROD-026,Cochabamba,2026-06-21,2026-07-09,2027-06-21,53,49,0,18,66.47,,False
3254,MOV-003254,LOT-2026-03254,PROD-017,La Paz,2026-05-02,2026-05-07,2026-05-20,172,163,4,5,19.81,,False
3255,MOV-003255,LOT-2026-03255,PROD-056,Santa Cruz,2026-05-04,2026-05-08,2026-05-22,441,424,13,4,36.51,,False
3256,MOV-003256,LOT-2026-03256,PROD-044,La Paz,2026-05-17,2026-06-30,2027-05-17,132,129,3,44,65.12,,False
3257,MOV-003257,LOT-2026-03257,PROD-058,Tarija,2026-08-25,2026-09-21,2027-08-25,430,421,2,27,83.63,,False
3258,MOV-003258,LOT-2026-03258,PROD-033,Santa Cruz,2026-06-05,2026-06-22,2027-06-05,824,814,5,17,77.59,,False
3259,MOV-003259,LOT-2026-03259,PROD-013,Oruro,2026-06-01,2026-07-08,2026-11-28,469,460,8,37,33.05,,False
3260,MOV-003260,LOT-2026-03260,PROD-052,Cochabamba,2026-06-07,2026-07-05,2026-12-04,494,483,7,28,59.66,,False
3261,MOV-003261,LOT-2026-03261,PROD-004,Santa Cruz,2026-05-07,2026-06-06,2027-05-07,613,607,4,30,27.26,,False
3262,MOV-003262,LOT-2026-03262,PROD-057,Oruro,2026-06-01,2026-06-10,2027-06-01,435,429,4,9,39.61,,False
3263,MOV-003263,LOT-2026-03263,PROD-008,Cochabamba,2026-06-17,2026-06-29,2026-07-05,165,154,4,12,31.75,,False
3264,MOV-003264,LOT-2026-03264,PROD-028,La Paz,2026-06-12,2026-07-15,2027-06-12,609,602,4,33,55.4,,False
3265,MOV-003265,LOT-2026-03265,PROD-014,Tarija,2026-06-11,2026-07-03,2027-06-11,182,175,1,22,21.61,,False
3266,MOV-003266,LOT-2026-03266,PROD-017,La Paz,2026-08-03,2026-08-10,2026-08-21,285,271,7,7,19.81,,False
3267,MOV-003267,LOT-2026-03267,PROD-019,Cochabamba,2026-06-05,2026-06-09,2026-06-23,312,301,8,4,62.22,,False
3268,MOV-003268,LOT-2026-03268,PROD-021,La Paz,2026-06-16,2026-07-09,2027-06-16,691,679,6,23,84.36,,False
3269,MOV-003269,LOT-2026-03269,PROD-040,La Paz,2026-08-22,2026-09-13,2026-09-09,531,506,22,22,82.17,,False
3270,MOV-003270,LOT-2026-03270,PROD-008,La Paz,2026-08-27,2026-10-02,2026-09-14,924,867,57,36,31.75,,False
3271,MOV-003271,LOT-2026-03271, prod-042 ,Cochabamba,2026-08-15,2026-09-03,2027-08-15,528,518,3,19,73.69,,False
3272,MOV-003272,LOT-2026-03272,PROD-007,Cochabamba,2026-07-11,2026-08-17,2027-07-11,531,519,5,37,23.87,,False
3273,MOV-003273,LOT-2026-03273,PROD-014,Tarija,2026-07-03,2026-07-17,2027-07-03,700,693,4,14,21.61,,False
3274,MOV-003274,LOT-2026-03274,PROD-015,Oruro,2026-07-29,2026-08-24,2027-01-25,363,353,5,26,54.56,,False
3275,MOV-003275,LOT-2026-03275,PROD-031,La Paz,2026-08-20,2026-09-02,2027-02-16,249,239,4,13,14.93,,False
3276,MOV-003276,LOT-2026-03276,PROD-040,Cochabamba,2026-08-14,2026-08-23,2026-09-01,540,520,14,9,82.17,,False
3277,MOV-003277,LOT-2026-03277,PROD-017,Cochabamba,2026-07-29,2026-08-12,2026-08-16,750,728,21,14,19.81,,False
3278,MOV-003278,LOT-2026-03278,PROD-024,Cochabamba,2026-06-02,2026-07-30,2027-06-02,653,623,26,58,23.48,,False
3279,MOV-003279,LOT-2026-03279,PROD-039,Cochabamba,2026-05-21,2026-06-12,2027-05-21,976,967,5,22,56.75,,False
3280,MOV-003280,LOT-2026-03280,PROD-041,Tarija,2026-06-26,2026-08-02,2027-06-26,52,46,1,37,14.19,,False
3281,MOV-003281,LOT-2026-03281,PROD-023,Santa Cruz,2026-05-29,2026-06-23,2026-11-25,107,99,1,25,64.4,,False
3282,MOV-003282,LOT-2026-03282,PROD-004,Tarija,2026-06-05,2026-07-03,2027-06-05,202,198,2,28,27.26,,False
3283,MOV-003283,LOT-2026-03283,PROD-012,Santa Cruz,2026-05-07,2026-05-19,2026-11-03,696,681,9,12,80.8,,False
3284,MOV-003284,LOT-2026-03284,PROD-054,Cochabamba,2026-08-18,2026-09-05,2027-08-18,266,264,1,18,81.98,,False
3285,MOV-003285,LOT-2026-03285,PROD-001,Cochabamba,2026-06-22,2026-07-01,2026-12-19,753,742,10,9,42.39,,False
3286,MOV-003286,LOT-2026-03286,PROD-026,Santa Cruz,2026-07-01,2026-07-11,2027-07-01,911,905,6,10,66.47,,False
3287,MOV-003287,LOT-2026-03287,PROD-044,La Paz,2026-07-28,2026-08-10,2027-07-28,85,82,1,13,65.12,,False
3288,MOV-003288,LOT-2026-03288,PROD-056,Santa Cruz,2026-05-18,2026-06-04,2026-06-05,785,752,26,17,36.51,,False
3289,MOV-003289,LOT-2026-03289,PROD-012,Cochabamba,2026-08-22,2026-09-10,2027-02-18,939,920,12,19,80.8,,False
3290,MOV-003290,LOT-2026-03290,PROD-054,Santa Cruz,2026-06-07,2026-07-14,2027-06-07,368,365,3,37,81.98,,False
3291,MOV-003291,LOT-2026-03291,PROD-026,La Paz,2026-07-20,2026-08-12,2027-07-20,551,540,4,23,66.47,,False
3292,MOV-003292,LOT-2026-03292,PROD-018,La Paz,2026-06-29,2026-07-24,2027-06-29,425,417,3,25,20.82,,False
3293,MOV-003293,LOT-2026-03293,PROD-005,Santa Cruz,2026-07-03,2026-07-23,2027-07-03,91,85,1,20,76.84,,False
3294,MOV-003294,LOT-2026-03294,PROD-040,Cochabamba,2026-05-22,2026-05-27,2026-06-09,427,411,13,5,82.17,,False
3295,MOV-003295,LOT-2026-03295,PROD-023,Cochabamba,2026-07-18,2026-08-03,2027-01-14,772,755,10,16,64.4,,False
3296,MOV-003296,LOT-2026-03296,PROD-052,La Paz,2026-07-25,2026-08-04,2027-01-21,557,546,9,10,59.66,,False
3297,MOV-003297,LOT-2026-03297,PROD-053,Oruro,2026-06-10,2026-06-22,2027-06-10,344,342,2,12,73.12,,False
3298,MOV-003298,LOT-2026-03298, prod-006 ,Tarija,2026-05-22,2026-06-07,2027-05-22,488,484,4,16,23.32,,False
3299,MOV-003299,LOT-2026-03299,PROD-052,Santa Cruz,2026-06-22,2026-06-30,2026-12-19,785,770,10,8,59.66,,False
3300,MOV-003300,LOT-2026-03300,PROD-014,La Paz,2026-05-11,2026-05-23,2027-05-11,265,257,2,12,21.61,,False
3301,MOV-003301,LOT-2026-03301,PROD-044,Santa Cruz,2026-06-06,2026-07-05,2027-06-06,702,692,6,29,65.12,,False
3302,MOV-003302,LOT-2026-03302,PROD-007,Santa Cruz,2026-06-12,2026-06-29,2027-06-12,469,465,3,17,23.87,,False
3303,MOV-003303,LOT-2026-03303,PROD-056,Tarija,2026-07-04,2026-07-10,2026-07-22,182,174,5,6,36.51,,False
3304,MOV-003304,LOT-2026-03304,PROD-041,La Paz,2026-07-26,2026-08-09,2027-07-26,985,979,6,14,14.19,,False
3305,MOV-003305,LOT-2026-03305,PROD-057,Santa Cruz,2026-07-08,2026-08-08,2027-07-08,439,430,2,31,39.61,,False
3306,MOV-003306,LOT-2026-03306,PROD-026,La Paz,2026-06-01,2026-06-25,2027-06-01,645,640,3,24,66.47,,False
3307,MOV-003307,LOT-2026-03307,PROD-044,Oruro,2026-05-13,2026-06-06,2027-05-13,544,534,3,24,65.12,,False
3308,MOV-003308,LOT-2026-03308,PROD-037,Santa Cruz,2026-05-30,2026-06-10,2027-05-30,700,691,4,11,64.93,,False
3309,MOV-003309,LOT-2026-03309,PROD-051,Cochabamba,2026-07-09,2026-07-21,2027-01-05,156,147,2,12,21.14,,False
3310,MOV-003310,LOT-2026-03310,PROD-051,Tarija,2026-07-27,2026-08-29,2027-01-23,124,121,2,33,21.14,,False
3311,MOV-003311,LOT-2026-03311,PROD-042,Tarija,2026-07-13,2026-07-29,2027-07-13,102,100,1,16,73.69,,False
3312,MOV-003312,LOT-2026-03312,PROD-030,Santa Cruz,2026-07-01,2026-07-24,2027-07-01,735,726,5,23,24.51,,False
3313,MOV-003313,LOT-2026-03313,PROD-002,La Paz,2026-08-12,2026-08-15,2026-08-30,909,880,24,3,33.75,,False
3314,MOV-003314,LOT-2026-03314,PROD-013,Oruro,2026-05-06,2026-05-08,2026-11-02,469,456,8,2,33.05,,False
3315,MOV-003315,LOT-2026-03315,PROD-052,Santa Cruz,2026-05-06,2026-05-11,2026-11-02,957,938,13,5,59.66,,False
3316,MOV-003316,LOT-2026-03316,PROD-004,Tarija,2026-08-12,2026-08-30,2027-08-12,210,206,1,18,27.26,,False
3317,MOV-003317,LOT-2026-03317,PROD-053,Santa Cruz,2026-05-03,2026-06-15,2027-05-03,116,111,2,43,73.12,,False
3318,MOV-003318,LOT-2026-03318,PROD-012,Santa Cruz,2026-08-25,2026-09-05,2027-02-21,960,943,13,11,80.8,,False
3319,MOV-003319,LOT-2026-03319,PROD-043,Santa Cruz,2026-08-01,2026-08-13,2026-08-19,461,444,13,12,71.11,,False
3320,MOV-003320,LOT-2026-03320,PROD-041,La Paz,2026-05-16,2026-06-03,2027-05-16,163,161,2,18,14.19,,False
3321,MOV-003321,LOT-2026-03321,PROD-050,La Paz,2026-07-07,2026-07-09,2026-07-25,249,238,7,2,55.37,,False
3322,MOV-003322,LOT-2026-03322,PROD-016,Santa Cruz,2026-06-24,2026-08-27,2027-06-24,331,313,16,64,44.33,,False
3323,MOV-003323,LOT-2026-03323,PROD-025,Oruro,2026-06-29,2026-07-13,2026-07-17,387,373,11,14,45.25,,False
3324,MOV-003324,LOT-2026-03324,PROD-038,Tarija,2026-06-01,2026-06-23,2027-06-01,613,606,3,22,13.49,,False
3325,MOV-003325,LOT-2026-03325,PROD-060,La Paz,2026-06-09,2026-07-03,2026-06-27,948,906,42,24,37.99,,False
3326,MOV-003326,LOT-2026-03326,PROD-005,La Paz,2026-08-20,2026-09-13,2027-08-20,232,227,2,24,76.84,,False
3327,MOV-003327,LOT-2026-03327,PROD-030,Cochabamba,2026-07-06,2026-08-01,2027-07-06,348,344,2,26,24.51,,False
3328,MOV-003328,LOT-2026-03328,PROD-040,Tarija,2026-06-16,2026-06-24,2026-07-04,989,962,25,8,82.17,,False
3329,MOV-003329,LOT-2026-03329,PROD-003,Tarija,2026-08-23,2026-09-07,2026-09-10,207,196,6,15,27.19,,False
3330,MOV-003330,LOT-2026-03330,PROD-014,Oruro,2026-07-01,2026-07-16,2027-07-01,419,415,2,15,21.61,,False
3331,MOV-003331,LOT-2026-03331,PROD-060,La Paz,2026-06-22,2026-06-28,2026-07-10,803,773,24,6,37.99,,False
3332,MOV-003332,LOT-2026-03332,PROD-019,Santa Cruz,2026-06-01,2026-06-11,2026-06-19,502,485,14,10,62.22,,False
3333,MOV-003333,LOT-2026-03333,PROD-009,Oruro,2026-07-17,2026-07-29,2027-07-17,937,930,5,12,16.29,,False
3334,MOV-003334,LOT-2026-03334,PROD-040,Oruro,2026-08-22,2026-08-27,2026-09-09,830,803,22,5,82.17,,False
3335,MOV-003335,LOT-2026-03335,PROD-016,Oruro,2026-07-02,2026-07-12,2027-07-02,751,744,5,10,44.33,,False
3336,MOV-003336,LOT-2026-03336,PROD-013,Tarija,2026-07-19,2026-08-19,2027-01-15,806,786,13,31,33.05,,False
3337,MOV-003337,LOT-2026-03337,PROD-044,Tarija,2026-08-03,2026-09-01,2027-08-03,931,924,6,29,65.12,,False
3338,MOV-003338,LOT-2026-03338,PROD-021,Oruro,2026-08-07,2026-08-25,2027-08-07,867,857,5,18,84.36,,False
3339,MOV-003339,LOT-2026-03339,PROD-054,La Paz,2026-05-11,2026-05-24,2027-05-11,885,874,5,13,81.98,,False
3340,MOV-003340,LOT-2026-03340,PROD-050,Cochabamba,2026-05-01,2026-05-07,2026-05-19,978,951,25,6,55.37,,False
3341,MOV-003341,LOT-2026-03341,PROD-044,La Paz,2026-05-13,2026-06-01,2027-05-13,400,393,2,19,65.12,,False
3342,MOV-003342,LOT-2026-03342,PROD-021,Cochabamba,2026-06-26,2026-07-12,2027-06-26,683,671,5,16,84.36,,False
3343,MOV-003343,LOT-2026-03343,PROD-028,Cochabamba,2026-06-04,2026-06-30,2027-06-04,776,769,5,26,55.4,,False
3344,MOV-003344,LOT-2026-03344,PROD-054,Tarija,2026-05-11,2026-06-17,2027-05-11,625,613,6,37,81.98,,False
3345,MOV-003345,LOT-2026-03345,PROD-038,Cochabamba,2026-05-31,2026-06-14,2027-05-31,684,677,4,14,13.49,,False
3346,MOV-003346,LOT-2026-03346,PROD-041,Oruro,2026-08-03,2026-09-01,2027-08-03,294,284,3,29,14.19,,False
3347,MOV-003347,LOT-2026-03347,PROD-029,Oruro,2026-08-14,2026-08-28,2027-08-14,343,338,2,14,60.18,,False
3348,MOV-003348,LOT-2026-03348,PROD-054,La Paz,2026-08-27,2026-10-04,2027-08-27,649,639,9,38,81.98,,False
3349,MOV-003349,LOT-2026-03349,PROD-032,Tarija,2026-05-02,2026-05-14,2027-05-02,583,576,4,12,63.21,,False
3350,MOV-003350,LOT-2026-03350,PROD-008,Oruro,2026-05-20,2026-06-13,2026-06-07,307,289,14,24,31.75,,False
3351,MOV-003351,LOT-2026-03351,PROD-059,Santa Cruz,2026-05-10,2026-06-02,2026-05-28,676,644,29,23,13.44,,False
3352,MOV-003352,LOT-2026-03352,PROD-052,Santa Cruz,2026-07-06,2026-07-11,2027-01-02,179,172,2,5,59.66,,False
3353,MOV-003353,LOT-2026-03353,PROD-010,Santa Cruz,2026-05-16,2026-06-06,2027-05-16,397,395,2,21,47.91,,False
3354,MOV-003354,LOT-2026-03354,PROD-028,La Paz,2026-07-25,2026-08-08,2027-07-25,940,930,7,14,55.4,,False
3355,MOV-003355,LOT-2026-03355,PROD-047,Tarija,2026-06-20,2026-07-05,2027-06-20,916,904,6,15,21.58,,False
3356,MOV-003356,LOT-2026-03356,PROD-044,La Paz,08/06/2026,2026-06-30,2027-06-08,694,689,4,22,65.12,fecha_ingreso,True
3357,MOV-003357,LOT-2026-03357,PROD-044,La Paz,2026-06-14,2026-06-30,2027-06-14,785,779,4,16,65.12,,False
3358,MOV-003358,LOT-2026-03358,PROD-009,Santa Cruz,2026-08-28,2026-09-10,2027-08-28,658,648,4,13,16.29,,False
3359,MOV-003359,LOT-2026-03359,PROD-018,Santa Cruz,2026-07-31,2026-08-19,2027-07-31,855,846,5,19,20.82,,False
3360,MOV-003360,LOT-2026-03360,PROD-008,Oruro,2026-06-23,2026-07-02,2026-07-11,245,234,6,9,31.75,,False
3361,MOV-003361,LOT-2026-03361,PROD-033,Tarija,2026-07-12,2026-07-24,2027-07-12,495,488,2,12,77.59,,False
3362,MOV-003362,LOT-2026-03362,PROD-016,Oruro,2026-06-21,2026-07-02,2027-06-21,760,751,5,11,44.33,,False
3363,MOV-003363,LOT-2026-03363,PROD-037,Oruro,2026-07-30,2026-08-09,2027-07-30,143,140,1,10,64.93,,False
3364,MOV-003364,LOT-2026-03364,PROD-047,La Paz,2026-08-08,2026-09-08,2027-08-08,986,976,5,31,21.58,,False
3365,MOV-003365,LOT-2026-03365,PROD-001,La Paz,2026-08-09,2026-09-10,2027-02-05,57,54,1,32,42.39,,False
3366,MOV-003366,LOT-2026-03366,PROD-042,Tarija,2026-06-13,2026-07-06,2027-06-13,775,759,10,23,73.69,,False
3367,MOV-003367,LOT-2026-03367,PROD-011,La Paz,2026-07-13,2026-07-18,2026-07-31,893,865,23,5,14.4,,False
3368,MOV-003368,LOT-2026-03368,PROD-054,La Paz,2026-07-04,2026-07-16,2027-07-04,517,511,4,12,81.98,,False
3369,MOV-003369,LOT-2026-03369,PROD-042,Oruro,2026-07-10,2026-08-06,2027-07-10,635,630,4,27,73.69,,False
3370,MOV-003370,LOT-2026-03370,PROD-044,Cochabamba,2026-05-21,2026-06-10,2027-05-21,350,347,2,20,65.12,,False
3371,MOV-003371,LOT-2026-03371,PROD-009,La Paz,2026-08-27,2026-09-08,2027-08-27,210,205,1,12,16.29,,False
3372,MOV-003372,LOT-2026-03372,PROD-029,Tarija,2026-06-30,2026-07-16,2027-06-30,645,636,4,16,60.18,,False
3373,MOV-003373,LOT-2026-03373,PROD-032,Cochabamba,2026-06-07,2026-07-15,2027-06-07,772,755,10,38,63.21,,False
3374,MOV-003374,LOT-2026-03374,PROD-026,La Paz,2026-07-20,2026-08-01,2027-07-20,386,382,2,12,66.47,,False
3375,MOV-003375,LOT-2026-03375,PROD-002,Tarija,2026-06-28,2026-07-07,2026-07-16,860,834,22,9,33.75,,False
3376,MOV-003376,LOT-2026-03376,PROD-041,Tarija,2026-05-20,2026-06-18,2027-05-20,869,863,6,29,14.19,,False
3377,MOV-003377,LOT-2026-03377,PROD-059,La Paz,2026-07-01,2026-07-12,2026-07-19,68,64,2,11,13.44,,False
3378,MOV-003378,LOT-2026-03378,PROD-015,Oruro,2026-07-19,2026-07-26,2027-01-15,850,839,11,7,54.56,,False
3379,MOV-003379,LOT-2026-03379,PROD-052,Santa Cruz,2026-06-02,2026-06-21,2026-11-29,777,766,10,19,59.66,,False
3380,MOV-003380,LOT-2026-03380,PROD-030,Tarija,2026-07-01,2026-07-22,2027-07-01,643,635,4,21,24.51,,False
3381,MOV-003381,LOT-2026-03381,PROD-039,Tarija,2026-07-21,2026-09-05,2027-07-21,432,420,10,46,56.75,,False
3382,MOV-003382,LOT-2026-03382,PROD-011,Santa Cruz,2026-08-18,2026-09-22,2026-09-05,510,478,30,35,14.4,,False
3383,MOV-003383,LOT-2026-03383,PROD-019,Santa Cruz,2026-07-14,2026-08-05,2026-08-01,271,259,11,22,62.22,,False
3384,MOV-003384,LOT-2026-03384,PROD-055,La Paz,2026-05-09,2026-06-03,2027-05-09,496,492,3,25,60.11,,False
3385,MOV-003385,LOT-2026-03385,PROD-048,Cochabamba,2026-05-19,2026-05-28,2027-05-19,223,217,2,9,24.01,,False
3386,MOV-003386,LOT-2026-03386,PROD-004,Oruro,2026-08-24,2026-09-07,2027-08-24,949,937,8,14,27.26,,False
3387,MOV-003387,LOT-2026-03387,PROD-028,Tarija,2026-06-09,2026-06-27,2027-06-09,840,834,4,18,55.4,,False
3388,MOV-003388,LOT-2026-03388,PROD-040,Santa Cruz,2026-05-30,2026-06-14,2026-06-17,568,545,17,15,82.17,,False
3389,MOV-003389,LOT-2026-03389,PROD-004,Santa Cruz,2026-06-09,2026-06-26,2027-06-09,822,813,4,17,27.26,,False
3390,MOV-003390,LOT-2026-03390,PROD-024,Tarija,2026-07-18,2026-08-11,2027-07-18,143,135,1,24,23.48,,False
3391,MOV-003391,LOT-2026-03391,PROD-058,Santa Cruz,2026-08-01,2026-08-20,2027-08-01,419,416,2,19,83.63,,False
3392,MOV-003392,LOT-2026-03392,PROD-029,Santa Cruz,2026-05-04,2026-05-18,2027-05-04,291,282,2,14,60.18,,False
3393,MOV-003393,LOT-2026-03393,PROD-020,Oruro,2026-05-16,2026-06-14,2026-06-03,732,689,37,29,26.82,,False
3394,MOV-003394,LOT-2026-03394,PROD-020,Tarija,2026-06-16,2026-07-03,2026-07-04,231,216,8,17,26.82,,False
3395,MOV-003395,LOT-2026-03395,PROD-024,Cochabamba,2026-07-20,2026-08-02,2027-07-20,995,989,5,13,23.48,,False
3396,MOV-003396,LOT-2026-03396,PROD-053,Tarija,2026-05-06,2026-05-17,2027-05-06,865,858,6,11,73.12,,False
3397,MOV-003397,LOT-2026-03397,PROD-016,Cochabamba,2026-07-05,2026-07-15,2027-07-05,88,86,1,10,44.33,,False
3398,MOV-003398,LOT-2026-03398,PROD-048,Cochabamba,2026-08-25,2026-09-16,2027-08-25,738,728,5,22,24.01,,False
3399,MOV-003399,LOT-2026-03399,PROD-021,Santa Cruz,2026-07-27,2026-08-18,2027-07-27,300,297,3,22,84.36,,False
3400,MOV-003400,LOT-2026-03400,PROD-035,Oruro,2026-05-06,2026-06-15,2026-05-24,458,422,31,40,23.85,,False
3401,MOV-003401,LOT-2026-03401,PROD-019,Tarija,2026-06-15,2026-06-23,2026-07-03,220,208,6,8,62.22,,False
3402,MOV-003402,LOT-2026-03402,PROD-043,Oruro,2026-06-20,2026-07-01,2026-07-08,467,454,13,11,71.11,,False
3403,MOV-003403,LOT-2026-03403,PROD-052,Cochabamba,2026-05-10,2026-05-22,2026-11-06,570,559,7,12,59.66,,False
3404,MOV-003404,LOT-2026-03404,PROD-008,Santa Cruz,2026-08-24,2026-09-15,2026-09-11,819,784,35,22,31.75,,False
3405,MOV-003405,LOT-2026-03405,PROD-042,Oruro,2026-07-09,2026-07-27,2027-07-09,799,788,4,18,73.69,,False
3406,MOV-003406,LOT-2026-03406,PROD-045,Santa Cruz,2026-08-27,2026-09-12,2027-08-27,234,227,2,16,61.85,,False
3407,MOV-003407,LOT-2026-03407,PROD-004,La Paz,2026-07-19,2026-08-19,2027-07-19,590,586,4,31,27.26,,False
3408,MOV-003408,LOT-2026-03408,PROD-048,Cochabamba,2026-07-17,2026-08-06,2027-07-17,72,71,0,20,24.01,,False
3409,MOV-003409,LOT-2026-03409,PROD-027,La Paz,2026-07-02,2026-07-16,2027-07-02,917,909,7,14,44.86,,False
3410,MOV-003410,LOT-2026-03410,PROD-018,Santa Cruz,2026-05-30,2026-06-20,2027-05-30,837,826,6,21,20.82,,False
3411,MOV-003411,LOT-2026-03411,PROD-044,Santa Cruz,2026-08-18,2026-10-07,2027-08-18,998,966,28,50,65.12,,False
3412,MOV-003412,LOT-2026-03412,PROD-020,Cochabamba,2026-07-07,2026-07-16,2026-07-25,151,142,4,9,26.82,,False
3413,MOV-003413,LOT-2026-03413,PROD-043,La Paz,2026-07-01,2026-08-07,2026-07-19,774,722,50,37,71.11,,False
3414,MOV-003414,LOT-2026-03414,PROD-012,Tarija,2026-07-06,2026-07-09,2027-01-02,371,357,7,3,80.8,,False
3415,MOV-003415,LOT-2026-03415,PROD-053,La Paz,2026-06-02,2026-06-25,2027-06-02,289,280,2,23,73.12,,False
3416,MOV-003416,LOT-2026-03416,PROD-007,Santa Cruz,2026-07-24,2026-08-10,2027-07-24,292,288,2,17,23.87,,False
3417,MOV-003417,LOT-2026-03417,PROD-059,Oruro,2026-07-05,2026-07-12,2026-07-23,174,162,5,7,13.44,,False
3418,MOV-003418,LOT-2026-03418,PROD-035,Tarija,2026-07-16,2026-07-25,2026-08-03,866,844,22,9,23.85,,False
3419,MOV-003419,LOT-2026-03419,PROD-019,Tarija,2026-06-08,2026-06-13,2026-06-26,377,362,10,5,62.22,,False
3420,MOV-003420,LOT-2026-03420,PROD-048,Oruro,2026-07-15,2026-07-27,2027-07-15,422,415,2,12,24.01,,False
3421,MOV-003421,LOT-2026-03421,PROD-051,Santa Cruz,2026-06-02,2026-06-12,,374,363,5,10,21.14,fecha_vencimiento,True
3422,MOV-003422,LOT-2026-03422,PROD-041,Cochabamba,2026-08-10,2026-09-01,2027-08-10,693,687,5,22,14.19,,False
3423,MOV-003423,LOT-2026-03423,PROD-049,Cochabamba,2026-05-14,2026-05-27,2026-06-01,668,643,19,13,25.49,,False
3424,MOV-003424,LOT-2026-03424,PROD-051,Cochabamba,2026-05-08,2026-05-28,2026-11-04,651,636,8,20,21.14,,False
3425,MOV-003425,LOT-2026-03425,PROD-057,Tarija,2026-06-11,2026-06-20,2027-06-11,417,415,2,9,39.61,,False
3426,MOV-003426,LOT-2026-03426,PROD-030,Tarija,2026-05-02,2026-05-15,2027-05-02,502,496,3,13,24.51,,False
3427,MOV-003427,LOT-2026-03427,PROD-032,Cochabamba,2026-08-14,2026-09-10,2027-08-14,189,185,1,27,63.21,,False
3428,MOV-003428,LOT-2026-03428,PROD-020,Tarija,2026-07-17,2026-08-01,2026-08-04,489,468,15,15,26.82,,False
3429,MOV-003429,LOT-2026-03429,PROD-005,Cochabamba,2026-08-10,2026-09-09,2027-08-10,721,710,4,30,76.84,,False
3430,MOV-003430,LOT-2026-03430,PROD-012,La Paz,2026-06-10,2026-06-23,2026-12-07,506,496,7,13,80.8,,False
3431,MOV-003431,LOT-2026-03431,PROD-018,Oruro,2026-05-08,2026-06-03,2027-05-08,97,93,1,26,20.82,,False
3432,MOV-003432,LOT-2026-03432,PROD-045,Oruro,2026-05-16,2026-06-20,2027-05-16,894,885,5,35,61.85,,False
3433,MOV-003433,LOT-2026-03433,PROD-033,La Paz,2026-06-24,2026-07-05,2027-06-24,360,355,2,11,77.59,,False
3434,MOV-003434,LOT-2026-03434,PROD-006,Tarija,2026-07-15,2026-07-26,2027-07-15,112,107,1,11,23.32,,False
3435,MOV-003435,LOT-2026-03435,PROD-031,Tarija,2026-05-28,2026-06-20,2026-11-24,809,796,11,23,14.93,,False
3436,MOV-003436,LOT-2026-03436,PROD-020,Oruro,2026-07-02,2026-07-05,2026-07-20,210,202,5,3,26.82,,False
3437,MOV-003437,LOT-2026-03437,PROD-044,La Paz,2026-05-21,2026-06-10,2027-05-21,659,654,5,20,65.12,,False
3438,MOV-003438,LOT-2026-03438,PROD-059,Cochabamba,2026-08-17,2026-08-27,2026-09-04,965,933,26,10,13.44,,False
3439,MOV-003439,LOT-2026-03439,PROD-052,Santa Cruz,2026-08-25,2026-09-16,2027-02-21,222,212,3,22,59.66,,False
3440,MOV-003440,LOT-2026-03440,PROD-021,Oruro,2026-05-12,2026-07-06,2027-05-12,983,940,37,55,84.36,,False
3441,MOV-003441,LOT-2026-03441,PROD-050,Tarija,2026-07-18,2026-08-09,2026-08-05,231,219,9,22,55.37,,False
3442,MOV-003442,LOT-2026-03442,PROD-050,Tarija,2026-07-28,2026-08-05,2026-08-15,68,59,2,8,55.37,,False
3443,MOV-003443,LOT-2026-03443,PROD-025,La Paz,2026-08-16,2026-09-03,2026-09-03,709,684,25,18,45.25,,False
3444,MOV-003444,LOT-2026-03444,PROD-001,Oruro,2026-08-03,2026-08-27,2027-01-30,146,137,2,24,42.39,,False
3445,MOV-003445,LOT-2026-03445,PROD-026,Oruro,2026-07-25,2026-08-09,2027-07-25,811,802,8,15,66.47,,False
3446,MOV-003446,LOT-2026-03446,PROD-035,La Paz,2026-08-12,2026-08-20,2026-08-30,796,765,25,8,23.85,,False
3447,MOV-003447,LOT-2026-03447,PROD-055,Oruro,2026-08-05,2026-08-27,2027-08-05,556,549,5,22,60.11,,False
3448,MOV-003448,LOT-2026-03448,PROD-040,Tarija,2026-07-17,2026-07-31,2026-08-04,595,576,18,14,82.17,,False
3449,MOV-003449,LOT-2026-03449,PROD-045,Cochabamba,2026-06-13,2026-07-02,2027-06-13,811,804,6,19,61.85,,False
3450,MOV-003450,LOT-2026-03450,PROD-024,La Paz,2026-07-22,2026-09-04,2027-07-22,134,128,3,44,23.48,,False
3451,MOV-003451,LOT-2026-03451,PROD-056,Oruro,2026-05-16,2026-05-22,2026-06-03,225,218,6,6,36.51,,False
3452,MOV-003452,LOT-2026-03452,PROD-041,Santa Cruz,2026-05-09,2026-06-08,2027-05-09,552,541,4,30,14.19,,False
3453,MOV-003453,LOT-2026-03453,PROD-006,Cochabamba,2026-07-28,2026-08-19,2027-07-28,541,533,3,22,23.32,,False
3454,MOV-003454,LOT-2026-03454,PROD-058,Santa Cruz,2026-08-13,2026-08-31,2027-08-13,645,634,4,18,83.63,,False
3455,MOV-003455,LOT-2026-03455,PROD-035,Oruro,2026-08-20,2026-08-25,2026-09-07,767,738,22,5,23.85,,False
3456,MOV-003456,LOT-2026-03456,PROD-060,Cochabamba,2026-08-05,2026-08-14,2026-08-23,326,318,8,9,37.99,,False
3457,MOV-003457,LOT-2026-03457,PROD-030,La Paz,2026-08-04,2026-08-23,2027-08-04,380,377,2,19,24.51,,False
3458,MOV-003458,LOT-2026-03458,PROD-002,La Paz,2026-08-14,2026-08-15,2026-09-01,407,392,11,1,33.75,,False
3459,MOV-003459,LOT-2026-03459,PROD-057,La Paz,2026-06-13,2026-06-27,2027-06-13,123,117,1,14,39.61,,False
3460,MOV-003460,LOT-2026-03460,PROD-047,La Paz,2026-05-12,2026-05-23,2027-05-12,763,752,5,11,21.58,,False
3461,MOV-003461,LOT-2026-03461,PROD-026,Tarija,2026-08-12,2026-09-11,2027-08-12,661,651,4,30,66.47,,False
3462,MOV-003462,LOT-2026-03462,PROD-014,La Paz,2026-08-03,2026-08-21,2027-08-03,373,365,2,18,21.61,,False
3463,MOV-003463,LOT-2026-03463,PROD-049,Tarija,2026-06-05,2026-06-19,2026-06-23,728,698,23,14,25.49,,False
3464,MOV-003464,LOT-2026-03464,PROD-044,La Paz,2026-05-16,2026-06-04,2027-05-16,535,525,5,19,65.12,,False
3465,MOV-003465,LOT-2026-03465,PROD-018,Cochabamba,2026-07-19,2026-08-11,2027-07-19,963,950,6,23,20.82,,False
3466,MOV-003466,LOT-2026-03466,PROD-032,Cochabamba,2026-08-21,2026-09-05,2027-08-21,478,472,3,15,63.21,,False
3467,MOV-003467,LOT-2026-03467,PROD-042,La Paz,2026-05-11,2026-05-25,2027-05-11,124,123,1,14,73.69,,False
3468,MOV-003468,LOT-2026-03468,PROD-025,Tarija,2026-08-07,2026-08-17,2026-08-25,562,540,16,10,45.25,,False
3469,MOV-003469,LOT-2026-03469,PROD-020,Cochabamba,2026-08-01,2026-08-17,2026-08-19,159,154,5,16,26.82,,False
3470,MOV-003470,LOT-2026-03470,PROD-002,Tarija,2026-06-06,2026-06-24,2026-06-24,312,296,11,18,33.75,,False
3471,MOV-003471,LOT-2026-03471,PROD-052,Oruro,2026-07-06,2026-07-19,2027-01-02,379,371,6,13,59.66,,False
3472,MOV-003472,LOT-2026-03472,PROD-006,Tarija,2026-07-25,2026-08-10,2027-07-25,450,447,3,16,23.32,,False
3473,MOV-003473,LOT-2026-03473,PROD-017,La Paz,2026-06-23,2026-07-08,2026-07-11,970,939,29,15,19.81,,False
3474,MOV-003474,LOT-2026-03474,PROD-023,Cochabamba,2026-06-19,2026-07-13,2026-12-16,501,490,6,24,64.4,,False
3475,MOV-003475,LOT-2026-03475,PROD-013,Oruro,2026-05-10,2026-05-14,2026-11-06,505,494,9,4,33.05,,False
3476,MOV-003476,LOT-2026-03476,PROD-042,Tarija,2026-07-29,2026-08-19,2027-07-29,235,232,2,21,73.69,,False
3477,MOV-003477,LOT-2026-03477,PROD-014,La Paz,2026-08-05,2026-09-03,2027-08-05,609,601,5,29,21.61,,False
3478,MOV-003478,LOT-2026-03478,PROD-054,La Paz,2026-06-01,2026-06-25,2027-06-01,646,640,4,24,81.98,,False
3479,MOV-003479,LOT-2026-03479,PROD-025,Tarija,2026-05-06,2026-05-13,2026-05-24,246,237,6,7,45.25,,False
3480,MOV-003480,LOT-2026-03480,PROD-041,Cochabamba,2026-06-17,2026-07-02,2027-06-17,383,376,2,15,14.19,,False
3481,MOV-003481,LOT-2026-03481,PROD-055,Santa Cruz,2026-05-27,2026-06-09,2027-05-27,879,869,5,13,60.11,,False
3482,MOV-003482,LOT-2026-03482,PROD-016,Cochabamba,2026-08-25,2026-09-19,2027-08-25,178,173,1,25,44.33,,False
3483,MOV-003483,LOT-2026-03483,PROD-052,Santa Cruz,2026-07-25,2026-08-05,2027-01-21,308,297,4,11,59.66,,False
3484,MOV-003484,LOT-2026-03484,PROD-001,Santa Cruz,2026-08-27,2026-09-03,2027-02-23,303,295,5,7,42.39,,False
3485,MOV-003485,LOT-2026-03485,PROD-030,Santa Cruz,2026-05-29,2026-06-22,2027-05-29,307,298,3,24,24.51,,False
3486,MOV-003486,LOT-2026-03486,PROD-056,Santa Cruz,2026-06-11,2026-06-23,2026-06-29,231,221,6,12,36.51,,False
3487,MOV-003487,LOT-2026-03487,PROD-011,Tarija,2026-08-06,2026-08-17,2026-08-24,54,49,1,11,14.4,,False
3488,MOV-003488,LOT-2026-03488,PROD-028,Santa Cruz,2026-06-08,2026-07-03,2027-06-08,181,176,1,25,55.4,,False
3489,MOV-003489,LOT-2026-03489,PROD-035,Santa Cruz,2026-08-04,2026-08-20,2026-08-22,676,652,24,16,23.85,,False
3490,MOV-003490,LOT-2026-03490,PROD-013,Cochabamba,2026-08-05,2026-08-07,2027-02-01,460,446,7,2,33.05,,False
3491,MOV-003491,LOT-2026-03491,PROD-035,Cochabamba,2026-05-11,2026-05-24,2026-05-29,784,761,21,13,23.85,,False
3492,MOV-003492,LOT-2026-03492,PROD-022,Santa Cruz,2026-07-03,2026-07-19,2026-12-30,926,907,16,16,67.52,,False
3493,MOV-003493,LOT-2026-03493,PROD-026,Tarija,2026-07-04,2026-07-19,2027-07-04,136,133,1,15,66.47,,False
3494,MOV-003494,LOT-2026-03494,PROD-029,Oruro,2026-07-05,2026-07-20,2027-07-05,574,566,3,15,60.18,,False
3495,MOV-003495,LOT-2026-03495,PROD-022,Cochabamba,2026-08-27,2026-09-08,2027-02-23,176,174,2,12,67.52,,False
3496,MOV-003496,LOT-2026-03496,PROD-029,Oruro,2026-05-02,2026-05-18,2027-05-02,430,428,2,16,60.18,,False
3497,MOV-003497,LOT-2026-03497,PROD-059,Cochabamba,2026-08-23,2026-09-06,2026-09-10,952,922,28,14,13.44,,False
3498,MOV-003498,LOT-2026-03498,PROD-023,Santa Cruz,2026-05-25,2026-06-03,2026-11-21,309,299,4,9,64.4,,False
3499,MOV-003499,LOT-2026-03499,PROD-016,Oruro,2026-08-10,2026-09-03,2027-08-10,89,83,1,24,44.33,,False
3500,MOV-003500,LOT-2026-03500,PROD-058,La Paz,2026-06-23,2026-07-18,2027-06-23,552,541,4,25,83.63,,False
3501,MOV-003501,LOT-2026-03501,PROD-028,Tarija,2026-07-11,2026-08-03,2027-07-11,439,429,5,23,55.4,,False
3502,MOV-003502,LOT-2026-03502,PROD-013,La Paz,2026-06-13,2026-07-03,2026-12-10,393,387,5,20,33.05,,False
3503,MOV-003503,LOT-2026-03503,PROD-058,Cochabamba,2026-05-05,2026-05-15,2027-05-05,299,294,2,10,83.63,,False
3504,MOV-003504,LOT-2026-03504,PROD-056,Cochabamba,2026-07-09,2026-07-28,2026-07-27,309,294,11,19,36.51,,False
3505,MOV-003505,LOT-2026-03505,PROD-044,Tarija,2026-05-06,2026-05-31,2027-05-06,712,707,5,25,65.12,,False
3506,MOV-003506,LOT-2026-03506,PROD-059,La Paz,2026-05-11,2026-05-25,2026-05-29,402,387,11,14,13.44,,False
3507,MOV-003507,LOT-2026-03507,PROD-039,Santa Cruz,2026-06-08,2026-06-21,2027-06-08,464,457,3,13,56.75,,False
3508,MOV-003508,LOT-2026-03508,PROD-001,Cochabamba,2026-05-10,2026-05-20,2026-11-06,53,45,1,10,42.39,,False
3509,MOV-003509,LOT-2026-03509,PROD-043,Tarija,2026-07-06,2026-07-23,2026-07-24,481,461,17,17,71.11,,False
3510,MOV-003510,LOT-2026-03510,PROD-042,La Paz,2026-05-18,2026-06-04,2027-05-18,814,800,9,17,73.69,,False
3511,MOV-003511,LOT-2026-03511,PROD-040,Santa Cruz,2026-08-06,2026-08-19,2026-08-24,55,47,2,13,82.17,,False
3512,MOV-003512,LOT-2026-03512,PROD-045,Santa Cruz,2026-07-01,2026-07-23,2027-07-01,380,371,3,22,61.85,,False
3513,MOV-003513,LOT-2026-03513,PROD-031,Oruro,2026-05-16,2026-05-21,2026-11-12,126,118,2,5,14.93,,False
3514,MOV-003514,LOT-2026-03514,PROD-003,Oruro,2026-07-09,2026-08-06,2026-07-27,625,589,32,28,27.19,,False
3515,MOV-003515,LOT-2026-03515,PROD-017,Cochabamba,2026-05-04,2026-05-07,2026-05-22,429,412,11,3,19.81,,False
3516,MOV-003516,LOT-2026-03516,PROD-016,Santa Cruz,2026-05-31,2026-06-14,2027-05-31,719,710,5,14,44.33,,False
3517,MOV-003517,LOT-2026-03517,PROD-043,Santa Cruz,2026-08-02,2026-08-20,2026-08-20,221,213,8,18,71.11,,False
3518,MOV-003518,LOT-2026-03518,PROD-006,Cochabamba,2026-05-25,2026-06-05,2027-05-25,189,184,2,11,23.32,,False
3519,MOV-003519,LOT-2026-03519,PROD-028,Cochabamba,2026-05-28,2026-06-28,2027-05-28,949,933,9,31,55.4,,False
3520,MOV-003520,LOT-2026-03520,PROD-016,Cochabamba,2026-08-27,2026-09-06,2027-08-27,154,148,1,10,44.33,,False
3521,MOV-003521,LOT-2026-03521,PROD-036,Oruro,2026-07-19,2026-07-24,2027-01-15,253,245,4,5,53.28,,False
3522,MOV-003522,LOT-2026-03522,PROD-055,Cochabamba,2026-05-04,2026-06-11,2027-05-04,469,462,6,38,60.11,,False
3523,MOV-003523,LOT-2026-03523,PROD-030,Tarija,2026-06-02,2026-07-04,2027-06-02,941,935,6,32,24.51,,False
3524,MOV-003524,LOT-2026-03524,PROD-044,Oruro,2026-05-18,2026-06-23,2027-05-18,384,378,3,36,65.12,,False
3525,MOV-003525,LOT-2026-03525,PROD-010,Oruro,2026-06-21,2026-07-01,2027-06-21,846,838,5,10,47.91,,False
3526,MOV-003526,LOT-2026-03526,PROD-040,Oruro,2026-07-08,2026-08-03,2026-07-26,843,795,42,26,82.17,,False
3527,MOV-003527,LOT-2026-03527,PROD-009,Tarija,2026-05-14,2026-06-20,2027-05-14,345,339,3,37,16.29,,False
3528,MOV-003528,LOT-2026-03528,PROD-053,La Paz,2026-05-04,2026-06-03,2027-05-04,809,799,5,30,73.12,,False
3529,MOV-003529,LOT-2026-03529,PROD-043,Oruro,2026-06-28,2026-07-26,2026-07-16,657,616,34,28,71.11,,False
3530,MOV-003530,LOT-2026-03530,PROD-032,Santa Cruz,2026-08-17,2026-09-04,2027-08-17,415,406,2,18,63.21,,False
3531,MOV-003531,LOT-2026-03531,PROD-046,Santa Cruz,2026-08-04,2026-09-03,2027-08-04,451,443,4,30,12.64,,False
3532,MOV-003532,LOT-2026-03532,PROD-003,Santa Cruz,2026-06-29,2026-07-13,2026-07-17,527,510,15,14,27.19,,False
3533,MOV-003533,LOT-2026-03533,PROD-020,Tarija,2026-05-14,2026-05-25,2026-06-01,883,857,25,11,26.82,,False
3534,MOV-003534,LOT-2026-03534,PROD-050,Santa Cruz,2026-08-08,2026-08-19,2026-08-26,68,60,2,11,55.37,,False
3535,MOV-003535,LOT-2026-03535,PROD-057,Tarija,2026-05-13,2026-06-17,2027-05-13,981,974,6,35,39.61,,False
3536,MOV-003536,LOT-2026-03536,PROD-021,Cochabamba,2026-07-17,2026-07-31,2027-07-17,835,826,7,14,84.36,,False
3537,MOV-003537,LOT-2026-03537,PROD-027,Oruro,2026-08-09,2026-08-19,2027-08-09,214,207,2,10,44.86,,False
3538,MOV-003538,LOT-2026-03538, prod-035 ,Santa Cruz,2026-06-07,2026-06-25,2026-06-25,542,520,19,18,23.85,,False
3539,MOV-003539,LOT-2026-03539,PROD-001,Santa Cruz,2026-05-08,2026-05-28,2026-11-04,89,88,1,20,42.39,,False
3540,MOV-003540,LOT-2026-03540,PROD-059,Oruro,2026-06-16,2026-07-03,2026-07-04,964,926,32,17,13.44,,False
3541,MOV-003541,LOT-2026-03541,PROD-027,Oruro,2026-07-02,2026-07-12,2027-07-02,338,336,2,10,44.86,,False
3542,MOV-003542,LOT-2026-03542,PROD-026,Tarija,2026-07-29,2026-08-10,2027-07-29,493,486,6,12,66.47,,False
3543,MOV-003543,LOT-2026-03543,PROD-015,Cochabamba,2026-06-01,2026-07-10,2026-11-28,422,413,8,39,54.56,,False
3544,MOV-003544,LOT-2026-03544,PROD-033,Santa Cruz,2026-05-30,2026-06-19,2027-05-30,52,52,0,20,77.59,,False
3545,MOV-003545,LOT-2026-03545,PROD-035,Santa Cruz,2026-05-28,2026-06-13,2026-06-15,151,141,5,16,23.85,,False
3546,MOV-003546,LOT-2026-03546,PROD-056,Cochabamba,2026-05-02,2026-05-24,2026-05-20,491,469,20,22,36.51,,False
3547,MOV-003547,LOT-2026-03547,PROD-001,Cochabamba,2026-08-19,2026-09-06,2027-02-15,943,927,13,18,42.39,,False
3548,MOV-003548,LOT-2026-03548,PROD-027,Cochabamba,2026-07-16,2026-08-11,2027-07-16,361,353,2,26,44.86,,False
3549,MOV-003549,LOT-2026-03549,PROD-046,Cochabamba,2026-08-27,2026-09-10,2027-08-27,245,236,2,14,12.64,,False
3550,MOV-003550,LOT-2026-03550,PROD-033,Oruro,2026-07-30,2026-08-15,2027-07-30,768,763,5,16,77.59,,False
3551,MOV-003551,LOT-2026-03551,PROD-006,Oruro,2026-07-26,2026-08-10,2027-07-26,293,287,2,15,23.32,,False
3552,MOV-003552,LOT-2026-03552,PROD-049,Tarija,2026-06-11,2026-06-17,2026-06-29,634,611,17,6,25.49,,False
3553,MOV-003553,LOT-2026-03553,PROD-045,Santa Cruz,2026-07-11,2026-07-23,2027-07-11,129,123,1,12,61.85,,False
3554,MOV-003554,LOT-2026-03554,PROD-009,Santa Cruz,2026-05-30,2026-06-17,2027-05-30,656,649,4,18,16.29,,False
3555,MOV-003555,LOT-2026-03555,PROD-009,Tarija,2026-07-19,2026-08-01,2027-07-19,149,145,1,13,16.29,,False
3556,MOV-003556,LOT-2026-03556,PROD-053,La Paz,2026-07-12,2026-07-30,2027-07-12,253,251,2,18,73.12,,False
3557,MOV-003557,LOT-2026-03557,PROD-008,Oruro,2026-05-10,2026-05-16,2026-05-28,643,625,17,6,31.75,,False
3558,MOV-003558,LOT-2026-03558,PROD-001,Oruro,2026-06-10,2026-06-20,2026-12-07,707,690,11,10,42.39,,False
3559,MOV-003559,LOT-2026-03559,PROD-014,Tarija,2026-06-08,2026-06-21,2027-06-08,727,720,4,13,21.61,,False
3560,MOV-003560,LOT-2026-03560,PROD-054,La Paz,2026-07-10,2026-07-29,2027-07-10,899,894,5,19,81.98,,False
3561,MOV-003561,LOT-2026-03561,PROD-058,La Paz,2026-07-24,2026-08-06,2027-07-24,593,584,3,13,83.63,,False
3562,MOV-003562,LOT-2026-03562,PROD-027,Santa Cruz,2026-06-28,2026-07-12,2027-06-28,862,855,5,14,44.86,,False
3563,MOV-003563,LOT-2026-03563,PROD-002,Santa Cruz,2026-06-21,2026-06-30,2026-07-09,474,456,13,9,33.75,,False
3564,MOV-003564,LOT-2026-03564,PROD-032,Cochabamba,2026-06-23,2026-07-30,2027-06-23,466,454,6,37,63.21,,False
3565,MOV-003565,LOT-2026-03565,PROD-036,Cochabamba,2026-08-13,2026-08-23,2027-02-09,82,79,1,10,53.28,,False
3566,MOV-003566,LOT-2026-03566,PROD-049,Tarija,2026-06-01,2026-06-02,2026-06-19,674,653,18,1,25.49,,False
3567,MOV-003567,LOT-2026-03567,PROD-047,La Paz,2026-07-08,2026-07-21,2027-07-08,224,218,1,13,21.58,,False
3568,MOV-003568,LOT-2026-03568,PROD-030,Oruro,2026-05-17,2026-05-27,2027-05-17,610,605,4,10,24.51,,False
3569,MOV-003569,LOT-2026-03569,PROD-027,Tarija,2026-08-20,2026-09-08,2027-08-20,429,423,2,19,44.86,,False
3570,MOV-003570,LOT-2026-03570,PROD-013,Cochabamba,2026-05-26,2026-05-27,2026-11-22,593,584,9,1,33.05,,False
3571,MOV-003571,LOT-2026-03571,PROD-006,Santa Cruz,2026-08-28,2026-09-24,2027-08-28,871,857,7,27,23.32,,False
3572,MOV-003572,LOT-2026-03572,PROD-051,Oruro,2026-07-11,2026-07-15,2027-01-07,567,554,7,4,21.14,,False
3573,MOV-003573,LOT-2026-03573,PROD-043,Santa Cruz,2026-07-11,2026-07-16,2026-07-29,841,812,24,5,71.11,,False
3574,MOV-003574,LOT-2026-03574,PROD-049,Santa Cruz,2026-06-21,2026-07-10,,745,718,27,19,25.49,fecha_vencimiento,True
3575,MOV-003575,LOT-2026-03575,PROD-043,La Paz,2026-05-09,2026-05-24,2026-05-27,580,561,18,15,71.11,,False
3576,MOV-003576,LOT-2026-03576,PROD-048,Tarija,2026-08-10,2026-08-20,2027-08-10,348,345,2,10,24.01,,False
3577,MOV-003577,LOT-2026-03577,PROD-021,Tarija,2026-05-19,2026-06-02,2027-05-19,309,306,2,14,84.36,,False
3578,MOV-003578,LOT-2026-03578,PROD-053,Santa Cruz,2026-06-24,2026-07-15,2027-06-24,311,306,2,21,73.12,,False
3579,MOV-003579,LOT-2026-03579,PROD-012,Cochabamba,2026-07-22,2026-07-30,2027-01-18,452,440,6,8,80.8,,False
3580,MOV-003580,LOT-2026-03580,PROD-056,La Paz,2026-06-25,2026-07-02,2026-07-13,645,624,17,7,36.51,,False
3581,MOV-003581,LOT-2026-03581,PROD-008,Santa Cruz,2026-06-23,2026-07-01,2026-07-11,939,912,26,8,31.75,,False
3582,MOV-003582,LOT-2026-03582,PROD-048,Cochabamba,2026-05-28,2026-06-21,2027-05-28,767,756,5,24,24.01,,False
3583,MOV-003583,LOT-2026-03583,PROD-056,La Paz,2026-05-03,2026-05-20,2026-05-21,309,296,10,17,36.51,,False
3584,MOV-003584,LOT-2026-03584,PROD-048,La Paz,2026-07-17,2026-08-11,2027-07-17,262,256,2,25,24.01,,False
3585,MOV-003585,LOT-2026-03585,PROD-011,La Paz,2026-05-13,2026-05-19,2026-05-31,451,435,13,6,14.4,,False
3586,MOV-003586,LOT-2026-03586,PROD-005,Tarija,2026-07-29,2026-08-10,2027-07-29,426,423,2,12,76.84,,False
3587,MOV-003587,LOT-2026-03587,PROD-055,Santa Cruz,2026-07-22,2026-08-18,2027-07-22,303,296,2,27,60.11,,False
3588,MOV-003588,LOT-2026-03588,PROD-027,Tarija,2026-05-02,2026-05-13,2027-05-02,802,790,5,11,44.86,,False
3589,MOV-003589,LOT-2026-03589,PROD-008,La Paz,2026-07-01,2026-07-30,2026-07-19,118,109,6,29,31.75,,False
3590,MOV-003590,LOT-2026-03590,PROD-042,La Paz,2026-06-09,2026-06-19,2027-06-09,106,100,1,10,73.69,,False
3591,MOV-003591,LOT-2026-03591,PROD-026,Oruro,2026-08-01,2026-08-18,2027-08-01,904,893,5,17,66.47,,False
3592,MOV-003592,LOT-2026-03592,PROD-047,La Paz,2026-05-12,2026-05-25,2027-05-12,489,486,3,13,21.58,,False
3593,MOV-003593,LOT-2026-03593,PROD-026,Tarija,2026-08-27,2026-09-23,2027-08-27,621,609,5,27,66.47,,False
3594,MOV-003594,LOT-2026-03594,PROD-024,Cochabamba,2026-05-09,2026-06-24,2027-05-09,242,237,5,46,23.48,,False
3595,MOV-003595,LOT-2026-03595,PROD-015,Oruro,2026-08-08,2026-09-11,2027-02-04,277,269,4,34,54.56,,False
3596,MOV-003596,LOT-2026-03596,PROD-059,La Paz,2026-07-12,2026-07-20,2026-07-30,739,718,21,8,13.44,,False
3597,MOV-003597,LOT-2026-03597,PROD-029,Cochabamba,2026-06-07,2026-07-04,2027-06-07,798,792,4,27,60.18,,False
3598,MOV-003598,LOT-2026-03598,PROD-041,Cochabamba,2026-08-25,2026-09-22,2027-08-25,394,388,2,28,14.19,,False
3599,MOV-003599,LOT-2026-03599,PROD-016,Santa Cruz,2026-08-12,2026-08-24,2027-08-12,50,46,1,12,44.33,,False
3600,MOV-003600,LOT-2026-03600,PROD-004,La Paz,2026-08-09,2026-08-27,2027-08-09,599,587,7,18,27.26,,False
3601,MOV-003601,LOT-2026-03601,PROD-055,Tarija,2026-05-26,2026-06-23,2027-05-26,843,832,5,28,60.11,,False
3602,MOV-003602,LOT-2026-03602,PROD-007,Tarija,2026-07-02,2026-08-08,2027-07-02,310,302,3,37,23.87,,False
3603,MOV-003603,LOT-2026-03603,PROD-024,Cochabamba,2026-07-10,2026-07-20,2027-07-10,101,97,1,10,23.48,,False
3604,MOV-003604,LOT-2026-03604,PROD-045,La Paz,2026-06-24,2026-07-05,2027-06-24,814,804,4,11,61.85,,False
3605,MOV-003605,LOT-2026-03605,PROD-054,Tarija,2026-05-22,2026-06-06,2027-05-22,521,512,3,15,81.98,,False
3606,MOV-003606,LOT-2026-03606,PROD-001,Tarija,2026-08-26,2026-09-09,2027-02-22,145,137,2,14,42.39,,False
3607,MOV-003607,LOT-2026-03607,PROD-060,Cochabamba,2026-08-26,2026-09-23,2026-09-13,76,67,4,28,37.99,,False
3608,MOV-003608,LOT-2026-03608,PROD-051,Tarija,2026-06-02,2026-06-16,2026-11-29,94,89,1,14,21.14,,False
3609,MOV-003609,LOT-2026-03609,PROD-005,Cochabamba,2026-07-28,2026-08-16,,673,668,5,19,76.84,fecha_vencimiento,True
3610,MOV-003610,LOT-2026-03610,PROD-058,Oruro,2026-07-13,2026-07-26,2027-07-13,497,486,4,13,83.63,,False
3611,MOV-003611,LOT-2026-03611,PROD-007,Santa Cruz,2026-07-22,2026-08-15,2027-07-22,262,257,1,24,23.87,,False
3612,MOV-003612,LOT-2026-03612,PROD-052,Oruro,2026-06-28,2026-07-14,2026-12-25,904,883,14,16,59.66,,False
3613,MOV-003613,LOT-2026-03613,PROD-018,La Paz,2026-08-10,2026-08-29,2027-08-10,183,178,1,19,20.82,,False
3614,MOV-003614,LOT-2026-03614,PROD-010,Tarija,2026-07-03,2026-08-04,2027-07-03,705,697,4,32,47.91,,False
3615,MOV-003615,LOT-2026-03615,PROD-041,Santa Cruz,2026-06-10,2026-06-28,2027-06-10,456,454,2,18,14.19,,False
3616,MOV-003616,LOT-2026-03616,PROD-036,Tarija,2026-06-23,2026-07-02,2026-12-20,171,162,2,9,53.28,,False
3617,MOV-003617,LOT-2026-03617,PROD-009,Santa Cruz,2026-05-05,2026-06-19,2027-05-05,533,516,11,45,16.29,,False
3618,MOV-003618,LOT-2026-03618,PROD-014,Santa Cruz,2026-06-02,2026-06-20,2027-06-02,588,578,6,18,21.61,,False
3619,MOV-003619,LOT-2026-03619,PROD-020,Oruro,2026-05-15,2026-05-23,2026-06-02,668,644,19,8,26.82,,False
3620,MOV-003620,LOT-2026-03620,PROD-001,Cochabamba,2026-07-12,2026-07-26,2027-01-08,55,49,1,14,42.39,,False
3621,MOV-003621,LOT-2026-03621,PROD-030,Oruro,2026-08-05,2026-08-21,2027-08-05,624,617,7,16,24.51,,False
3622,MOV-003622,LOT-2026-03622,PROD-056,Oruro,2026-08-01,2026-08-06,2026-08-19,931,897,29,5,36.51,,False
3623,MOV-003623,LOT-2026-03623,PROD-005,Tarija,2026-06-09,2026-06-21,2027-06-09,742,730,5,12,76.84,,False
3624,MOV-003624,LOT-2026-03624,PROD-046,Cochabamba,2026-07-19,2026-08-31,2027-07-19,150,146,3,43,12.64,,False
3625,MOV-003625,LOT-2026-03625,PROD-051,Oruro,2026-05-20,2026-06-02,2026-11-16,266,255,4,13,21.14,,False
3626,MOV-003626,LOT-2026-03626,PROD-020,Oruro,2026-07-04,2026-07-21,2026-07-22,341,326,11,17,26.82,,False
3627,MOV-003627,LOT-2026-03627,PROD-020,Cochabamba,2026-06-13,2026-06-24,2026-07-01,533,516,14,11,26.82,,False
3628,MOV-003628,LOT-2026-03628,PROD-020,Cochabamba,2026-05-05,2026-05-15,2026-05-23,87,82,2,10,26.82,,False
3629,MOV-003629,LOT-2026-03629,PROD-054,Tarija,2026-05-03,2026-06-03,2027-05-03,788,780,4,31,81.98,,False
3630,MOV-003630,LOT-2026-03630,PROD-027,Cochabamba,2026-05-17,2026-06-08,2027-05-17,521,518,3,22,44.86,,False
3631,MOV-003631,LOT-2026-03631,PROD-006,Santa Cruz,2026-07-19,2026-08-07,2027-07-19,494,486,6,19,23.32,,False
3632,MOV-003632,LOT-2026-03632,PROD-022,Cochabamba,2026-06-04,2026-06-27,2026-12-01,815,800,11,23,67.52,,False
3633,MOV-003633,LOT-2026-03633,PROD-058,Oruro,2026-08-19,2026-09-07,2027-08-19,482,475,3,19,83.63,,False
3634,MOV-003634,LOT-2026-03634,PROD-013,Oruro,2026-06-23,2026-06-28,2026-12-20,82,81,1,5,33.05,,False
3635,MOV-003635,LOT-2026-03635,PROD-025,Oruro,2026-06-24,2026-07-16,2026-07-12,52,49,2,22,45.25,,False
3636,MOV-003636,LOT-2026-03636,PROD-001,La Paz,2026-05-14,2026-06-16,2026-11-10,81,75,1,33,42.39,,False
3637,MOV-003637,LOT-2026-03637,PROD-043,Tarija,2026-07-05,2026-07-11,2026-07-23,380,364,10,6,71.11,,False
3638,MOV-003638,LOT-2026-03638,PROD-024,Oruro,2026-07-13,2026-07-31,2027-07-13,634,630,4,18,23.48,,False
3639,MOV-003639,LOT-2026-03639,PROD-057,Tarija,2026-07-11,2026-07-28,2027-07-11,627,619,3,17,39.61,,False
3640,MOV-003640,LOT-2026-03640,PROD-046,Cochabamba,2026-07-15,2026-07-27,2027-07-15,759,751,6,12,12.64,,False
3641,MOV-003641,LOT-2026-03641,PROD-055,La Paz,2026-07-26,2026-08-08,2027-07-26,434,429,3,13,60.11,,False
3642,MOV-003642,LOT-2026-03642,PROD-043,Santa Cruz,2026-05-24,2026-06-03,2026-06-11,852,826,21,10,71.11,,False
3643,MOV-003643,LOT-2026-03643,PROD-042,La Paz,2026-06-01,2026-06-15,2027-06-01,62,59,0,14,73.69,,False
3644,MOV-003644,LOT-2026-03644,PROD-042,Santa Cruz,2026-05-24,2026-06-15,2027-05-24,260,256,2,22,73.69,,False
3645,MOV-003645,LOT-2026-03645,PROD-018,La Paz,2026-05-01,2026-05-21,2027-05-01,684,676,6,20,20.82,,False
3646,MOV-003646,LOT-2026-03646,PROD-010,Tarija,2026-05-01,2026-05-21,2027-05-01,586,577,3,20,47.91,,False
3647,MOV-003647,LOT-2026-03647,PROD-009,Cochabamba,2026-05-10,2026-05-23,2027-05-10,87,79,1,13,16.29,,False
3648,MOV-003648,LOT-2026-03648,PROD-053,Tarija,2026-05-08,2026-06-01,2027-05-08,477,472,3,24,73.12,,False
3649,MOV-003649,LOT-2026-03649,PROD-048,Cochabamba,2026-05-27,2026-06-22,2027-05-27,760,754,6,26,24.01,,False
3650,MOV-003650,LOT-2026-03650,PROD-060,Oruro,2026-05-22,2026-06-17,2026-06-09,302,284,14,26,37.99,,False
3651,MOV-003651,LOT-2026-03651,PROD-057,Santa Cruz,2026-05-03,2026-05-18,2027-05-03,142,134,1,15,39.61,,False
3652,MOV-003652,LOT-2026-03652,PROD-050,La Paz,2026-06-05,2026-06-26,2026-06-23,414,392,16,21,55.37,,False
3653,MOV-003653,LOT-2026-03653,PROD-001,Cochabamba,2026-08-19,2026-09-04,2027-02-15,291,285,4,16,42.39,,False
3654,MOV-003654,LOT-2026-03654,PROD-029,Oruro,2026-06-21,2026-07-04,2027-06-21,517,510,3,13,60.18,,False
3655,MOV-003655,LOT-2026-03655,PROD-009,Tarija,2026-05-29,2026-06-08,2027-05-29,822,814,7,10,16.29,,False
3656,MOV-003656,LOT-2026-03656,PROD-049,Cochabamba,2026-07-09,2026-07-17,2026-07-27,786,766,20,8,25.49,,False
3657,MOV-003657,LOT-2026-03657,PROD-050,Tarija,2026-05-27,2026-07-03,2026-06-14,122,113,8,37,55.37,,False
3658,MOV-003658,LOT-2026-03658,PROD-007,La Paz,2026-08-05,2026-08-31,2027-08-05,596,589,3,26,23.87,,False
3659,MOV-003659,LOT-2026-03659,PROD-026,Santa Cruz,2026-05-27,2026-06-08,2027-05-27,69,62,0,12,66.47,,False
3660,MOV-003660,LOT-2026-03660,PROD-054,La Paz,2026-05-13,2026-06-01,2027-05-13,172,165,1,19,81.98,,False
3661,MOV-003661,LOT-2026-03661,PROD-058,Oruro,2026-05-09,2026-05-23,2027-05-09,448,441,4,14,83.63,,False
3662,MOV-003662,LOT-2026-03662,PROD-007,La Paz,2026-07-13,2026-08-01,2027-07-13,933,923,7,19,23.87,,False
3663,MOV-003663,LOT-2026-03663,PROD-020,Oruro,2026-05-25,2026-05-28,2026-06-12,973,944,26,3,26.82,,False
3664,MOV-003664,LOT-2026-03664,PROD-032,Oruro,2026-05-15,2026-06-03,2027-05-15,112,105,1,19,63.21,,False
3665,MOV-003665,LOT-2026-03665,PROD-058,Santa Cruz,04/07/2026,2026-07-31,2027-07-04,294,287,2,27,83.63,fecha_ingreso,True
3666,MOV-003666,LOT-2026-03666,PROD-032,Tarija,2026-06-23,2026-07-25,2027-06-23,566,561,3,32,63.21,,False
3667,MOV-003667,LOT-2026-03667,PROD-034,Cochabamba,2026-05-17,2026-05-28,2027-05-17,789,782,4,11,83.26,,False
3668,MOV-003668,LOT-2026-03668,PROD-033,La Paz,2026-06-10,2026-07-09,2027-06-10,421,412,3,29,77.59,,False
3669,MOV-003669,LOT-2026-03669,PROD-056,Cochabamba,2026-05-10,2026-05-20,2026-05-28,102,94,3,10,36.51,,False
3670,MOV-003670,LOT-2026-03670,PROD-012,Tarija,2026-06-04,2026-06-14,2026-12-01,50,42,1,10,80.8,,False
3671,MOV-003671,LOT-2026-03671,PROD-046,La Paz,2026-05-15,2026-06-02,2027-05-15,681,674,4,18,12.64,,False
3672,MOV-003672,LOT-2026-03672,PROD-055,Oruro,2026-05-22,2026-06-01,2027-05-22,143,142,1,10,60.11,,False
3673,MOV-003673,LOT-2026-03673,PROD-031,Oruro,2026-07-29,2026-08-02,2027-01-25,448,438,7,4,14.93,,False
3674,MOV-003674,LOT-2026-03674,PROD-049,La Paz,2026-05-02,2026-05-14,2026-05-20,477,460,13,12,25.49,,False
3675,MOV-003675,LOT-2026-03675,PROD-029,Oruro,2026-08-05,2026-08-18,2027-08-05,944,933,5,13,60.18,,False
3676,MOV-003676,LOT-2026-03676,PROD-016,La Paz,2026-06-07,2026-07-06,2027-06-07,545,534,4,29,44.33,,False
3677,MOV-003677,LOT-2026-03677,PROD-016,Oruro,2026-07-12,2026-08-15,2027-07-12,203,202,1,34,44.33,,False
3678,MOV-003678,LOT-2026-03678,PROD-014,Oruro,2026-07-11,2026-07-23,2027-07-11,271,262,2,12,21.61,,False
3679,MOV-003679,LOT-2026-03679,PROD-001,Cochabamba,2026-05-23,2026-05-31,2026-11-19,465,454,6,8,42.39,,False
3680,MOV-003680,LOT-2026-03680,PROD-046,La Paz,2026-06-06,2026-07-03,2027-06-06,409,401,3,27,12.64,,False
3681,MOV-003681,LOT-2026-03681,PROD-010,Cochabamba,2026-05-24,2026-06-14,2027-05-24,624,615,6,21,47.91,,False
3682,MOV-003682,LOT-2026-03682,PROD-032,Santa Cruz,2026-07-05,2026-07-17,2027-07-05,535,528,3,12,63.21,,False
3683,MOV-003683,LOT-2026-03683,PROD-028,Oruro,2026-06-23,2026-07-12,2027-06-23,708,703,4,19,55.4,,False
3684,MOV-003684,LOT-2026-03684,PROD-029,La Paz,2026-06-10,2026-06-28,2027-06-10,695,688,4,18,60.18,,False
3685,MOV-003685,LOT-2026-03685,PROD-003,Tarija,19/05/2026,2026-06-08,2026-06-06,951,910,36,20,27.19,fecha_ingreso,True
3686,MOV-003686,LOT-2026-03686,PROD-058,Oruro,2026-05-29,2026-06-08,2027-05-29,87,85,1,10,83.63,,False
3687,MOV-003687,LOT-2026-03687,PROD-054,Tarija,2026-07-03,2026-07-29,2027-07-03,942,930,5,26,81.98,,False
3688,MOV-003688,LOT-2026-03688,PROD-020,Tarija,2026-07-28,2026-08-02,2026-08-15,306,293,8,5,26.82,,False
3689,MOV-003689,LOT-2026-03689,PROD-010,Cochabamba,2026-05-03,2026-05-27,2027-05-03,314,308,2,24,47.91,,False
3690,MOV-003690,LOT-2026-03690,PROD-035,Santa Cruz,2026-08-24,2026-09-12,2026-09-11,935,898,35,19,23.85,,False
3691,MOV-003691,LOT-2026-03691,PROD-021,Oruro,2026-05-09,2026-05-30,2027-05-09,143,136,1,21,84.36,,False
3692,MOV-003692,LOT-2026-03692,PROD-021,Oruro,2026-05-02,2026-05-25,2027-05-02,165,157,1,23,84.36,,False
3693,MOV-003693,LOT-2026-03693,PROD-025,Santa Cruz,2026-07-28,2026-08-10,2026-08-15,605,581,17,13,45.25,,False
3694,MOV-003694,LOT-2026-03694,PROD-054,Tarija,2026-06-21,2026-07-06,2027-06-21,968,960,5,15,81.98,,False
3695,MOV-003695,LOT-2026-03695,PROD-045,Oruro,2026-07-12,2026-07-22,2027-07-12,932,921,5,10,61.85,,False
3696,MOV-003696,LOT-2026-03696,PROD-053,Santa Cruz,2026-06-30,2026-07-22,2027-06-30,201,192,2,22,73.12,,False
3697,MOV-003697,LOT-2026-03697,PROD-024,Tarija,2026-05-06,2026-05-24,2027-05-06,365,362,3,18,23.48,,False
3698,MOV-003698,LOT-2026-03698,PROD-010,Santa Cruz,2026-05-22,2026-06-18,2027-05-22,872,864,5,27,47.91,,False
3699,MOV-003699,LOT-2026-03699,PROD-003,Cochabamba,2026-06-29,2026-07-04,2026-07-17,655,632,17,5,27.19,,False
3700,MOV-003700,LOT-2026-03700,PROD-010,La Paz,2026-08-17,2026-08-29,2027-08-17,486,481,5,12,47.91,,False
3701,MOV-003701,LOT-2026-03701,PROD-050,Cochabamba,2026-08-25,2026-09-13,2026-09-12,863,826,31,19,55.37,,False
3702,MOV-003702,LOT-2026-03702,PROD-024,Oruro,2026-05-25,2026-06-10,2027-05-25,341,334,2,16,23.48,,False
3703,MOV-003703,LOT-2026-03703,PROD-051,Tarija,2026-05-22,2026-06-05,2026-11-18,265,254,4,14,21.14,,False
3704,MOV-003704,LOT-2026-03704,PROD-020,Cochabamba,2026-06-23,2026-07-03,2026-07-11,872,845,22,10,26.82,,False
3705,MOV-003705,LOT-2026-03705,PROD-009,La Paz,2026-06-11,2026-07-13,2027-06-11,451,445,2,32,16.29,,False
3706,MOV-003706,LOT-2026-03706,PROD-028,Oruro,2026-07-27,2026-08-09,2027-07-27,181,173,1,13,55.4,,False
3707,MOV-003707,LOT-2026-03707,PROD-002,Santa Cruz,2026-05-31,2026-06-06,2026-06-18,348,333,12,6,33.75,,False
3708,MOV-003708,LOT-2026-03708,PROD-060,La Paz,2026-06-30,2026-07-20,2026-07-18,192,180,8,20,37.99,,False
3709,MOV-003709,LOT-2026-03709,PROD-044,La Paz,2026-06-25,2026-07-18,2027-06-25,792,786,4,23,65.12,,False
3710,MOV-003710,LOT-2026-03710,PROD-054,Tarija,2026-06-11,2026-06-28,2027-06-11,755,745,4,17,81.98,,False
3711,MOV-003711,LOT-2026-03711,PROD-019,Oruro,2026-08-14,2026-09-13,2026-09-01,835,783,45,30,62.22,,False
3712,MOV-003712,LOT-2026-03712,PROD-001,La Paz,2026-07-15,2026-07-22,2027-01-11,197,192,3,7,42.39,,False
3713,MOV-003713,LOT-2026-03713,PROD-044,Tarija,2026-05-18,2026-06-25,2027-05-18,102,99,1,38,65.12,,False
3714,MOV-003714,LOT-2026-03714,PROD-026,La Paz,2026-08-27,2026-09-13,2027-08-27,293,286,2,17,66.47,,False
3715,MOV-003715,LOT-2026-03715,PROD-003,Cochabamba,2026-07-27,2026-08-03,2026-08-14,313,300,9,7,27.19,,False
3716,MOV-003716,LOT-2026-03716,PROD-020,La Paz,2026-06-11,2026-07-05,2026-06-29,408,389,18,24,26.82,,False
3717,MOV-003717,LOT-2026-03717,PROD-060,Tarija,2026-06-21,2026-07-07,2026-07-09,380,365,13,16,37.99,,False
3718,MOV-003718,LOT-2026-03718,PROD-050,La Paz,2026-08-11,2026-08-30,2026-08-29,313,301,12,19,55.37,,False
3719,MOV-003719,LOT-2026-03719,PROD-003,Tarija,2026-06-09,2026-06-22,2026-06-27,871,838,26,13,27.19,,False
3720,MOV-003720,LOT-2026-03720,PROD-004,Santa Cruz,2026-07-17,2026-07-27,2027-07-17,739,733,5,10,27.26,,False
3721,MOV-003721,LOT-2026-03721,PROD-011,Cochabamba,2026-05-29,2026-06-14,2026-06-16,621,597,21,16,14.4,,False
3722,MOV-003722,LOT-2026-03722,PROD-049,Tarija,2026-08-07,2026-08-23,2026-08-25,398,385,13,16,25.49,,False
3723,MOV-003723,LOT-2026-03723,PROD-010,Oruro,2026-07-06,2026-07-19,2027-07-06,231,226,1,13,47.91,,False
3724,MOV-003724,LOT-2026-03724,PROD-002,La Paz,2026-06-21,2026-07-09,2026-07-09,363,346,12,18,33.75,,False
3725,MOV-003725,LOT-2026-03725,PROD-053,Santa Cruz,2026-07-26,2026-08-29,2027-07-26,237,230,1,34,73.12,,False
3726,MOV-003726,LOT-2026-03726,PROD-045,Cochabamba,2026-06-02,2026-06-13,2027-06-02,919,907,6,11,61.85,,False
3727,MOV-003727,LOT-2026-03727,PROD-005,Oruro,2026-05-11,2026-05-27,2027-05-11,704,693,8,16,76.84,,False
3728,MOV-003728,LOT-2026-03728,PROD-010,Santa Cruz,2026-07-19,2026-08-17,2027-07-19,284,282,2,29,47.91,,False
3729,MOV-003729,LOT-2026-03729,PROD-026,Tarija,2026-05-22,2026-06-05,2027-05-22,512,508,3,14,66.47,,False
3730,MOV-003730,LOT-2026-03730,PROD-021,Oruro,2026-06-26,2026-07-10,2027-06-26,174,172,1,14,84.36,,False
3731,MOV-003731,LOT-2026-03731,PROD-001,Tarija,2026-06-01,2026-06-13,2026-11-28,657,640,10,12,42.39,,False
3732,MOV-003732,LOT-2026-03732,PROD-020,Tarija,2026-08-19,2026-08-30,2026-09-06,219,212,6,11,26.82,,False
3733,MOV-003733,LOT-2026-03733,PROD-039,Santa Cruz,2026-06-09,2026-06-26,2027-06-09,70,69,0,17,56.75,,False
3734,MOV-003734,LOT-2026-03734,PROD-044,Tarija,2026-07-24,2026-08-14,2027-07-24,179,176,1,21,65.12,,False
3735,MOV-003735,LOT-2026-03735,PROD-010,Oruro,2026-07-16,2026-08-10,2027-07-16,610,599,5,25,47.91,,False
3736,MOV-003736,LOT-2026-03736,PROD-057,Santa Cruz,2026-06-15,2026-08-10,2027-06-15,511,490,19,56,39.61,,False
3737,MOV-003737,LOT-2026-03737,PROD-039,Tarija,2026-08-24,2026-09-18,2027-08-24,698,687,6,25,56.75,,False
3738,MOV-003738,LOT-2026-03738,PROD-024,Cochabamba,2026-07-06,2026-07-23,2027-07-06,309,302,2,17,23.48,,False
3739,MOV-003739,LOT-2026-03739,PROD-051,Tarija,2026-07-05,2026-07-31,2027-01-01,316,311,4,26,21.14,,False
3740,MOV-003740,LOT-2026-03740,PROD-002,La Paz,2026-08-28,2026-09-19,2026-09-15,682,655,27,22,33.75,,False
3741,MOV-003741,LOT-2026-03741,PROD-038,Cochabamba,2026-07-24,2026-08-07,2027-07-24,656,648,4,14,13.49,,False
3742,MOV-003742,LOT-2026-03742,PROD-017,Tarija,2026-08-06,2026-09-28,2026-08-24,972,884,85,53,19.81,,False
3743,MOV-003743,LOT-2026-03743,PROD-026,Tarija,2026-08-19,2026-09-12,2027-08-19,786,781,5,24,66.47,,False
3744,MOV-003744,LOT-2026-03744,PROD-006,Tarija,2026-08-14,2026-08-29,2027-08-14,893,883,7,15,23.32,,False
3745,MOV-003745,LOT-2026-03745,PROD-004,Cochabamba,2026-05-27,2026-06-14,2027-05-27,78,72,0,18,27.26,,False
3746,MOV-003746,LOT-2026-03746,PROD-040,Santa Cruz,2026-05-27,2026-06-10,2026-06-14,565,544,16,14,82.17,,False
3747,MOV-003747,LOT-2026-03747,PROD-002,Tarija,2026-07-01,2026-07-22,2026-07-19,483,457,20,21,33.75,,False
3748,MOV-003748,LOT-2026-03748,PROD-042,La Paz,2026-07-05,2026-08-03,2027-07-05,181,173,1,29,73.69,,False
3749,MOV-003749,LOT-2026-03749,PROD-038,Cochabamba,2026-05-15,2026-06-02,2027-05-15,631,627,4,18,13.49,,False
3750,MOV-003750,LOT-2026-03750,PROD-026,Santa Cruz,2026-06-24,2026-07-14,2027-06-24,676,667,4,20,66.47,,False
3751,MOV-003751,LOT-2026-03751,PROD-030,Santa Cruz,2026-05-01,2026-05-22,2027-05-01,612,602,5,21,24.51,,False
3752,MOV-003752,LOT-2026-03752,PROD-033,Cochabamba,2026-06-21,2026-07-22,2027-06-21,510,501,5,31,77.59,,False
3753,MOV-003753,LOT-2026-03753,PROD-060,Santa Cruz,2026-08-08,2026-08-19,2026-08-26,963,933,26,11,37.99,,False
3754,MOV-003754,LOT-2026-03754,PROD-028,Oruro,2026-08-11,2026-08-25,2027-08-11,862,853,8,14,55.4,,False
3755,MOV-003755,LOT-2026-03755,PROD-027,Santa Cruz,2026-06-29,2026-07-24,2027-06-29,730,717,6,25,44.86,,False
3756,MOV-003756,LOT-2026-03756,PROD-039,Cochabamba,2026-06-28,2026-07-12,2027-06-28,650,641,3,14,56.75,,False
3757,MOV-003757,LOT-2026-03757,PROD-032,Oruro,2026-05-28,2026-06-15,2027-05-28,320,313,2,18,63.21,,False
3758,MOV-003758,LOT-2026-03758,PROD-044,La Paz,2026-05-03,2026-05-17,2027-05-03,802,792,8,14,65.12,,False
3759,MOV-003759,LOT-2026-03759,PROD-042,Tarija,2026-08-15,2026-08-30,2027-08-15,950,937,7,15,73.69,,False
3760,MOV-003760,LOT-2026-03760,PROD-045,La Paz,2026-07-07,2026-07-19,2027-07-07,581,572,6,12,61.85,,False
3761,MOV-003761,LOT-2026-03761,PROD-018,Santa Cruz,2026-07-16,2026-08-21,2027-07-16,668,660,7,36,20.82,,False
3762,MOV-003762,LOT-2026-03762,PROD-015,Tarija,2026-07-22,2026-07-27,2027-01-18,373,368,5,5,54.56,,False
3763,MOV-003763,LOT-2026-03763,PROD-057,Oruro,2026-07-04,2026-07-23,2027-07-04,379,375,3,19,39.61,,False
3764,MOV-003764,LOT-2026-03764,PROD-048,Tarija,2026-07-14,2026-08-17,2027-07-14,803,789,9,34,24.01,,False
3765,MOV-003765,LOT-2026-03765,PROD-012,Tarija,2026-06-05,2026-06-19,2026-12-02,413,407,5,14,80.8,,False
3766,MOV-003766,LOT-2026-03766,PROD-057,Tarija,2026-07-16,2026-08-13,2027-07-16,879,867,5,28,39.61,,False
3767,MOV-003767,LOT-2026-03767,PROD-010,Tarija,2026-08-19,2026-08-30,2027-08-19,957,945,7,11,47.91,,False
3768,MOV-003768,LOT-2026-03768,PROD-028,Oruro,2026-05-20,2026-06-04,2027-05-20,633,627,4,15,55.4,,False
3769,MOV-003769,LOT-2026-03769,PROD-060,Tarija,2026-08-28,2026-09-23,2026-09-15,521,493,25,26,37.99,,False
3770,MOV-003770,LOT-2026-03770,PROD-055,La Paz,2026-07-26,2026-08-19,2027-07-26,594,588,5,24,60.11,,False
3771,MOV-003771,LOT-2026-03771,PROD-017,La Paz,2026-08-07,2026-08-12,2026-08-25,970,942,26,5,19.81,,False
3772,MOV-003772,LOT-2026-03772,PROD-051,Tarija,2026-05-01,2026-05-17,2026-10-28,642,632,8,16,21.14,,False
3773,MOV-003773,LOT-2026-03773,PROD-031,La Paz,2026-06-25,2026-06-26,2026-12-22,352,348,4,1,14.93,,False
3774,MOV-003774,LOT-2026-03774,PROD-055,Santa Cruz,2026-08-07,2026-08-31,2027-08-07,215,213,2,24,60.11,,False
3775,MOV-003775,LOT-2026-03775,PROD-027,La Paz,2026-07-18,2026-08-08,2027-07-18,232,228,2,21,44.86,,False
3776,MOV-003776,LOT-2026-03776,PROD-018,Cochabamba,2026-05-19,2026-06-12,2027-05-19,54,47,0,24,20.82,,False
3777,MOV-003777,LOT-2026-03777,PROD-021,Tarija,2026-08-20,2026-09-09,2027-08-20,603,597,6,20,84.36,,False
3778,MOV-003778,LOT-2026-03778,PROD-016,La Paz,2026-07-16,2026-07-29,2027-07-16,343,334,2,13,44.33,,False
3779,MOV-003779,LOT-2026-03779,PROD-052,Tarija,2026-06-26,2026-06-30,2026-12-23,229,219,3,4,59.66,,False
3780,MOV-003780,LOT-2026-03780,PROD-046,Santa Cruz,2026-08-04,2026-09-20,2027-08-04,208,203,5,47,12.64,,False
3781,MOV-003781,LOT-2026-03781,PROD-018,Tarija,2026-06-14,2026-07-06,2027-06-14,982,970,9,22,20.82,,False
3782,MOV-003782,LOT-2026-03782,PROD-043,La Paz,2026-06-16,2026-06-21,2026-07-04,492,478,14,5,71.11,,False
3783,MOV-003783,LOT-2026-03783,PROD-031,Oruro,2026-05-10,2026-05-15,2026-11-06,762,745,10,5,14.93,,False
3784,MOV-003784,LOT-2026-03784,PROD-002,Oruro,2026-08-12,2026-08-18,2026-08-30,211,206,5,6,33.75,,False
3785,MOV-003785,LOT-2026-03785,PROD-016,La Paz,2026-07-09,2026-07-20,2027-07-09,388,386,2,11,44.33,,False
3786,MOV-003786,LOT-2026-03786,PROD-060,Oruro,2026-06-03,2026-06-15,2026-06-21,716,698,18,12,37.99,,False
3787,MOV-003787,LOT-2026-03787,PROD-030,Santa Cruz,2026-05-09,2026-05-26,2027-05-09,285,281,2,17,24.51,,False
3788,MOV-003788,LOT-2026-03788,PROD-042,La Paz,2026-07-29,2026-08-21,2027-07-29,311,305,2,23,73.69,,False
3789,MOV-003789,LOT-2026-03789,PROD-001,Tarija,2026-08-18,2026-08-27,2027-02-14,503,496,6,9,42.39,,False
3790,MOV-003790,LOT-2026-03790,PROD-006,La Paz,2026-05-15,2026-05-31,2027-05-15,741,728,6,16,23.32,,False
3791,MOV-003791,LOT-2026-03791,PROD-015,Oruro,2026-07-05,2026-07-21,2027-01-01,170,162,2,16,54.56,,False
3792,MOV-003792,LOT-2026-03792,PROD-055,Santa Cruz,2026-06-17,2026-07-05,2027-06-17,435,425,3,18,60.11,,False
3793,MOV-003793,LOT-2026-03793,PROD-013,Tarija,2026-08-04,2026-09-03,2027-01-31,819,803,11,30,33.05,,False
3794,MOV-003794,LOT-2026-03794,PROD-006,Oruro,2026-05-02,2026-05-24,2027-05-02,296,294,2,22,23.32,,False
3795,MOV-003795,LOT-2026-03795,PROD-009,Oruro,2026-06-23,2026-08-28,2027-06-23,367,342,21,66,16.29,,False
3796,MOV-003796,LOT-2026-03796,PROD-043,Santa Cruz,2026-07-03,2026-07-12,2026-07-21,459,441,12,9,71.11,,False
3797,MOV-003797,LOT-2026-03797,PROD-024,Tarija,2026-07-29,2026-08-10,2027-07-29,890,884,4,12,23.48,,False
3798,MOV-003798,LOT-2026-03798,PROD-002,La Paz,2026-07-01,2026-07-11,2026-07-19,370,357,11,10,33.75,,False
3799,MOV-003799,LOT-2026-03799,PROD-031,Santa Cruz,2026-08-14,2026-08-30,2027-02-10,590,578,8,16,14.93,,False
3800,MOV-003800,LOT-2026-03800,PROD-053,Santa Cruz,2026-05-20,2026-06-16,2027-05-20,91,83,1,27,73.12,,False
3801,MOV-003801,LOT-2026-03801,PROD-034,La Paz,2026-08-27,2026-09-18,2027-08-27,555,547,3,22,83.26,,False
3802,MOV-003802,LOT-2026-03802,PROD-005,Santa Cruz,2026-06-04,2026-06-26,2027-06-04,598,590,4,22,76.84,,False
3803,MOV-003803,LOT-2026-03803,PROD-021,Tarija,2026-08-12,2026-09-03,2027-08-12,760,748,6,22,84.36,,False
3804,MOV-003804,LOT-2026-03804,PROD-013,La Paz,2026-05-04,2026-05-10,2026-10-31,395,387,5,6,33.05,,False
3805,MOV-003805,LOT-2026-03805,PROD-012,Cochabamba,2026-05-28,2026-06-01,2026-11-24,878,864,12,4,80.8,,False
3806,MOV-003806,LOT-2026-03806,PROD-037,Cochabamba,2026-07-08,2026-08-11,2027-07-08,828,817,4,34,64.93,,False
3807,MOV-003807,LOT-2026-03807,PROD-026,Oruro,2026-08-03,2026-08-31,2027-08-03,551,542,4,28,66.47,,False
3808,MOV-003808,LOT-2026-03808,PROD-060,Cochabamba,2026-08-28,2026-09-04,2026-09-15,262,254,7,7,37.99,,False
3809,MOV-003809,LOT-2026-03809,PROD-022,Cochabamba,2026-05-06,2026-05-07,2026-11-02,988,967,17,1,67.52,,False
3810,MOV-003810,LOT-2026-03810,PROD-009,Cochabamba,2026-05-29,2026-06-20,2027-05-29,182,181,1,22,16.29,,False
3811,MOV-003811,LOT-2026-03811,PROD-026,Cochabamba,2026-07-15,2026-07-28,2027-07-15,835,826,8,13,66.47,,False
3812,MOV-003812,LOT-2026-03812,PROD-037,Santa Cruz,2026-05-15,2026-06-01,2027-05-15,214,212,1,17,64.93,,False
3813,MOV-003813,LOT-2026-03813,PROD-023,Tarija,2026-07-31,2026-08-30,2027-01-27,329,316,6,30,64.4,,False
3814,MOV-003814,LOT-2026-03814,PROD-006,Santa Cruz,2026-07-18,2026-08-08,2027-07-18,733,726,4,21,23.32,,False
3815,MOV-003815,LOT-2026-03815,PROD-049,Oruro,2026-05-26,2026-06-06,2026-06-13,213,204,6,11,25.49,,False
3816,MOV-003816,LOT-2026-03816,PROD-049,Oruro,2026-05-26,2026-06-05,2026-06-13,745,724,21,10,25.49,,False
3817,MOV-003817,LOT-2026-03817,PROD-007,Santa Cruz,2026-08-25,2026-10-08,2027-08-25,809,788,16,44,23.87,,False
3818,MOV-003818,LOT-2026-03818,PROD-057,Oruro,2026-05-24,2026-06-13,2027-05-24,294,292,2,20,39.61,,False
3819,MOV-003819,LOT-2026-03819,PROD-015,Cochabamba,2026-08-20,2026-08-27,2027-02-16,624,610,13,7,54.56,,False
3820,MOV-003820,LOT-2026-03820,PROD-004,La Paz,2026-06-23,2026-07-09,2027-06-23,937,929,7,16,27.26,,False
3821,MOV-003821,LOT-2026-03821,PROD-048,La Paz,2026-05-03,2026-05-24,2027-05-03,478,469,3,21,24.01,,False
3822,MOV-003822,LOT-2026-03822,PROD-035,La Paz,2026-05-18,2026-05-27,2026-06-05,691,666,18,9,23.85,,False
3823,MOV-003823,LOT-2026-03823,PROD-031,Tarija,2026-08-03,2026-08-24,2027-01-30,632,620,10,21,14.93,,False
3824,MOV-003824,LOT-2026-03824,PROD-054,Tarija,2026-08-03,2026-08-14,2027-08-03,855,844,6,11,81.98,,False
3825,MOV-003825,LOT-2026-03825,PROD-009,Santa Cruz,2026-05-29,2026-06-19,2027-05-29,239,237,2,21,16.29,,False
3826,MOV-003826,LOT-2026-03826,PROD-020,Oruro,2026-08-27,2026-09-02,2026-09-14,616,598,17,6,26.82,,False
3827,MOV-003827,LOT-2026-03827,PROD-043,La Paz,2026-06-01,2026-06-08,2026-06-19,479,465,13,7,71.11,,False
3828,MOV-003828,LOT-2026-03828,PROD-033,Oruro,2026-05-01,2026-05-13,2027-05-01,873,860,11,12,77.59,,False
3829,MOV-003829,LOT-2026-03829,PROD-057,Tarija,2026-05-18,2026-05-28,2027-05-18,181,179,1,10,39.61,,False
3830,MOV-003830,LOT-2026-03830, prod-041 ,Tarija,2026-08-25,2026-09-11,2027-08-25,889,881,6,17,14.19,,False
3831,MOV-003831,LOT-2026-03831,PROD-053,Cochabamba,2026-06-23,2026-07-30,2027-06-23,294,290,2,37,73.12,,False
3832,MOV-003832,LOT-2026-03832,PROD-054,Santa Cruz,2026-05-15,2026-05-30,2027-05-15,406,396,3,15,81.98,,False
3833,MOV-003833,LOT-2026-03833,PROD-050,Cochabamba,2026-06-09,2026-06-15,2026-06-27,286,274,8,6,55.37,,False
3834,MOV-003834,LOT-2026-03834,PROD-019,Tarija,2026-06-10,2026-06-15,2026-06-28,487,470,12,5,62.22,,False
3835,MOV-003835,LOT-2026-03835,PROD-010,Santa Cruz,2026-05-23,2026-06-17,2027-05-23,277,271,3,25,47.91,,False
3836,MOV-003836,LOT-2026-03836,PROD-058,Santa Cruz,2026-07-06,2026-07-24,2027-07-06,730,725,4,18,83.63,,False
3837,MOV-003837,LOT-2026-03837,PROD-010,Oruro,2026-08-25,2026-09-09,2027-08-25,337,334,2,15,47.91,,False
3838,MOV-003838,LOT-2026-03838,PROD-036,La Paz,2026-08-05,2026-08-10,2027-02-01,69,67,1,5,53.28,,False
3839,MOV-003839,LOT-2026-03839,PROD-006,La Paz,2026-05-09,2026-05-24,2027-05-09,374,368,2,15,23.32,,False
3840,MOV-003840,LOT-2026-03840,PROD-060,La Paz,2026-06-12,2026-07-20,2026-06-30,683,635,45,38,37.99,,False
3841,MOV-003841,LOT-2026-03841,PROD-019,La Paz,2026-06-30,2026-07-28,2026-07-18,561,522,32,28,62.22,,False
3842,MOV-003842,LOT-2026-03842,PROD-060,La Paz,2026-07-18,2026-07-29,2026-08-05,999,965,32,11,37.99,,False
3843,MOV-003843,LOT-2026-03843,PROD-009,La Paz,2026-05-11,2026-06-16,2027-05-11,221,218,2,36,16.29,,False
3844,MOV-003844,LOT-2026-03844,PROD-029,La Paz,2026-07-26,2026-08-13,2027-07-26,548,544,3,18,60.18,,False
3845,MOV-003845,LOT-2026-03845,PROD-053,Tarija,2026-05-22,2026-06-08,2027-05-22,400,393,3,17,73.12,,False
3846,MOV-003846,LOT-2026-03846,PROD-001,Cochabamba,2026-07-03,2026-07-07,2026-12-30,109,102,1,4,42.39,,False
3847,MOV-003847,LOT-2026-03847,PROD-026,Santa Cruz,2026-07-08,2026-07-25,2027-07-08,612,602,3,17,66.47,,False
3848,MOV-003848,LOT-2026-03848,PROD-041,Tarija,2026-05-04,2026-05-25,2027-05-04,67,62,0,21,14.19,,False
3849,MOV-003849,LOT-2026-03849,PROD-050,Cochabamba,2026-06-13,2026-06-26,2026-07-01,519,502,14,13,55.37,,False
3850,MOV-003850,LOT-2026-03850,PROD-002,Tarija,2026-06-11,2026-06-20,2026-06-29,726,701,19,9,33.75,,False
3851,MOV-003851,LOT-2026-03851,PROD-046,Santa Cruz,2026-06-27,2026-07-14,2027-06-27,91,83,1,17,12.64,,False
3852,MOV-003852,LOT-2026-03852,PROD-021,Cochabamba,2026-07-15,2026-08-03,2027-07-15,937,925,8,19,84.36,,False
3853,MOV-003853,LOT-2026-03853,PROD-049,Oruro,2026-07-28,2026-08-19,2026-08-15,53,45,2,22,25.49,,False
3854,MOV-003854,LOT-2026-03854,PROD-002,La Paz,2026-08-27,2026-09-05,2026-09-14,420,407,11,9,33.75,,False
3855,MOV-003855,LOT-2026-03855,PROD-028,La Paz,2026-07-30,2026-08-24,2027-07-30,841,832,7,25,55.4,,False
3856,MOV-003856,LOT-2026-03856,PROD-052,La Paz,2026-06-11,2026-06-20,2026-12-08,82,79,1,9,59.66,,False
3857,MOV-003857,LOT-2026-03857,PROD-053,La Paz,2026-05-08,2026-05-20,2027-05-08,935,928,5,12,73.12,,False
3858,MOV-003858,LOT-2026-03858,PROD-016,Oruro,2026-07-19,2026-08-01,2027-07-19,493,488,4,13,44.33,,False
3859,MOV-003859,LOT-2026-03859,PROD-015,Cochabamba,2026-06-26,2026-07-05,2026-12-23,881,862,12,9,54.56,,False
3860,MOV-003860,LOT-2026-03860,PROD-011,La Paz,2026-05-28,2026-06-06,2026-06-15,501,483,14,9,14.4,,False
3861,MOV-003861,LOT-2026-03861,PROD-017,Oruro,2026-08-01,2026-08-17,,887,858,28,16,19.81,fecha_vencimiento,True
3862,MOV-003862,LOT-2026-03862,PROD-039,Tarija,2026-05-01,2026-05-20,2027-05-01,463,456,3,19,56.75,,False
3863,MOV-003863,LOT-2026-03863,PROD-019,Cochabamba,2026-06-23,2026-07-08,2026-07-11,127,120,4,15,62.22,,False
3864,MOV-003864,LOT-2026-03864,PROD-050,Oruro,2026-07-19,2026-07-23,2026-08-06,210,200,6,4,55.37,,False
3865,MOV-003865,LOT-2026-03865,PROD-023,La Paz,2026-08-13,2026-09-14,2027-02-09,345,335,5,32,64.4,,False
3866,MOV-003866,LOT-2026-03866,PROD-049,Oruro,2026-05-03,2026-05-08,2026-05-21,70,62,2,5,25.49,,False
3867,MOV-003867,LOT-2026-03867,PROD-021,Oruro,2026-05-23,2026-06-16,2027-05-23,193,192,1,24,84.36,,False
3868,MOV-003868,LOT-2026-03868,PROD-004,Santa Cruz,2026-07-11,2026-07-25,2027-07-11,168,166,1,14,27.26,,False
3869,MOV-003869,LOT-2026-03869,PROD-011,La Paz,2026-08-23,2026-09-07,2026-09-10,517,501,16,15,14.4,,False
3870,MOV-003870,LOT-2026-03870,PROD-017,Oruro,2026-05-25,2026-06-02,2026-06-12,307,298,8,8,19.81,,False
3871,MOV-003871,LOT-2026-03871,PROD-003,Santa Cruz,2026-05-11,2026-05-17,2026-05-29,852,823,26,6,27.19,,False
3872,MOV-003872,LOT-2026-03872,PROD-059,La Paz,2026-05-28,2026-06-05,2026-06-15,154,146,4,8,13.44,,False
3873,MOV-003873,LOT-2026-03873,PROD-030,Oruro,2026-08-08,2026-08-26,2027-08-08,85,80,1,18,24.51,,False
3874,MOV-003874,LOT-2026-03874,PROD-058,Tarija,2026-08-02,2026-08-22,2027-08-02,883,876,6,20,83.63,,False
3875,MOV-003875,LOT-2026-03875,PROD-056,Cochabamba,2026-05-20,2026-06-14,2026-06-07,331,309,16,25,36.51,,False
3876,MOV-003876,LOT-2026-03876,PROD-034,Cochabamba,2026-05-30,2026-06-17,2027-05-30,778,768,5,18,83.26,,False
3877,MOV-003877,LOT-2026-03877,PROD-049,Santa Cruz,2026-07-13,2026-07-14,2026-07-31,332,324,8,1,25.49,,False
3878,MOV-003878,LOT-2026-03878,PROD-006,Oruro,2026-05-06,2026-05-21,2027-05-06,683,676,5,15,23.32,,False
3879,MOV-003879,LOT-2026-03879,PROD-057,Oruro,2026-05-31,2026-07-03,2027-05-31,190,186,1,33,39.61,,False
3880,MOV-003880,LOT-2026-03880,PROD-051,Santa Cruz,2026-05-01,2026-05-04,2026-10-28,338,326,5,3,21.14,,False
3881,MOV-003881,LOT-2026-03881,PROD-037,Santa Cruz,2026-08-28,2026-09-13,2027-08-28,597,592,4,16,64.93,,False
3882,MOV-003882,LOT-2026-03882,PROD-057,Tarija,23/06/2026,2026-07-08,2027-06-23,790,782,7,15,39.61,fecha_ingreso,True
3883,MOV-003883,LOT-2026-03883,PROD-046,La Paz,2026-07-05,2026-07-18,2027-07-05,686,682,4,13,12.64,,False
3884,MOV-003884,LOT-2026-03884,PROD-047,Santa Cruz,2026-05-14,2026-06-08,2027-05-14,728,722,5,25,21.58,,False
3885,MOV-003885,LOT-2026-03885,PROD-023,La Paz,2026-06-06,2026-06-16,2026-12-03,82,74,1,10,64.4,,False
3886,MOV-003886,LOT-2026-03886,PROD-004,Tarija,2026-07-01,2026-07-12,2027-07-01,649,640,5,11,27.26,,False
3887,MOV-003887,LOT-2026-03887,PROD-059,Oruro,2026-08-24,2026-08-30,2026-09-11,51,48,1,6,13.44,,False
3888,MOV-003888,LOT-2026-03888,PROD-025,Cochabamba,2026-06-24,2026-07-03,2026-07-12,709,688,19,9,45.25,,False
3889,MOV-003889,LOT-2026-03889,PROD-034,La Paz,2026-05-16,2026-05-25,2027-05-16,363,359,3,9,83.26,,False
3890,MOV-003890,LOT-2026-03890,PROD-027,Oruro,2026-08-26,2026-09-21,2027-08-26,538,534,4,26,44.86,,False
3891,MOV-003891,LOT-2026-03891,PROD-011,Cochabamba,2026-06-04,2026-06-11,2026-06-22,569,548,15,7,14.4,,False
3892,MOV-003892,LOT-2026-03892,PROD-035,Santa Cruz,2026-08-01,2026-08-09,2026-08-19,518,503,15,8,23.85,,False
3893,MOV-003893,LOT-2026-03893,PROD-039,La Paz,2026-05-28,2026-06-12,2027-05-28,276,268,1,15,56.75,,False
3894,MOV-003894,LOT-2026-03894,PROD-057,Oruro,2026-07-21,2026-08-20,2027-07-21,660,650,4,30,39.61,,False
3895,MOV-003895,LOT-2026-03895,PROD-028,Cochabamba,2026-07-02,2026-08-06,2027-07-02,67,63,0,35,55.4,,False
3896,MOV-003896,LOT-2026-03896,PROD-014,Cochabamba,2026-05-14,2026-05-27,2027-05-14,708,700,5,13,21.61,,False
3897,MOV-003897,LOT-2026-03897,PROD-039,Cochabamba,2026-06-29,2026-07-18,2027-06-29,580,570,4,19,56.75,,False
3898,MOV-003898,LOT-2026-03898,PROD-015,La Paz,2026-07-23,2026-08-15,2027-01-19,65,64,1,23,54.56,,False
3899,MOV-003899,LOT-2026-03899,PROD-001,Tarija,2026-08-22,2026-09-16,2027-02-18,221,213,3,25,42.39,,False
3900,MOV-003900,LOT-2026-03900,PROD-041,Cochabamba,2026-06-02,2026-06-14,2027-06-02,493,487,4,12,14.19,,False
3901,MOV-003901,LOT-2026-03901,PROD-046,Tarija,2026-05-17,2026-06-07,2027-05-17,628,623,4,21,12.64,,False
3902,MOV-003902,LOT-2026-03902,PROD-012,Santa Cruz,2026-06-24,2026-06-27,2026-12-21,912,892,16,3,80.8,,False
3903,MOV-003903,LOT-2026-03903,PROD-009,Santa Cruz,2026-08-18,2026-08-30,2027-08-18,459,454,3,12,16.29,,False
3904,MOV-003904,LOT-2026-03904,PROD-032,Cochabamba,2026-07-11,2026-08-17,2027-07-11,902,889,9,37,63.21,,False
3905,MOV-003905,LOT-2026-03905,PROD-041,Cochabamba,2026-07-19,2026-08-13,2027-07-19,954,939,9,25,14.19,,False
3906,MOV-003906,LOT-2026-03906,PROD-050,Santa Cruz,2026-07-04,2026-07-12,2026-07-22,854,825,25,8,55.37,,False
3907,MOV-003907,LOT-2026-03907,PROD-054,Santa Cruz,2026-08-08,2026-08-29,2027-08-08,659,655,4,21,81.98,,False
3908,MOV-003908,LOT-2026-03908,PROD-010,La Paz,2026-06-09,2026-06-22,2027-06-09,203,201,1,13,47.91,,False
3909,MOV-003909,LOT-2026-03909,PROD-047,La Paz,2026-06-06,2026-06-28,2027-06-06,916,906,6,22,21.58,,False
3910,MOV-003910,LOT-2026-03910,PROD-006,La Paz,2026-06-18,2026-07-04,2027-06-18,279,276,2,16,23.32,,False
3911,MOV-003911,LOT-2026-03911,PROD-040,Cochabamba,2026-06-17,2026-06-21,2026-07-05,754,728,19,4,82.17,,False
3912,MOV-003912,LOT-2026-03912,PROD-056,Oruro,2026-05-01,2026-05-02,2026-05-19,917,886,26,1,36.51,,False
3913,MOV-003913,LOT-2026-03913,PROD-010,La Paz,2026-05-31,2026-06-17,2027-05-31,658,651,5,17,47.91,,False
3914,MOV-003914,LOT-2026-03914,PROD-013,La Paz,2026-05-20,2026-06-06,2026-11-16,450,438,5,17,33.05,,False
3915,MOV-003915,LOT-2026-03915,PROD-020,Cochabamba,2026-07-23,2026-08-09,2026-08-10,467,445,17,17,26.82,,False
3916,MOV-003916,LOT-2026-03916,PROD-034,Oruro,2026-06-29,2026-07-28,2027-06-29,243,239,2,29,83.26,,False
3917,MOV-003917,LOT-2026-03917,PROD-054,Oruro,2026-07-19,2026-08-02,2027-07-19,971,960,8,14,81.98,,False
3918,MOV-003918,LOT-2026-03918,PROD-034,La Paz,2026-08-25,2026-09-14,2027-08-25,415,407,3,20,83.26,,False
3919,MOV-003919,LOT-2026-03919,PROD-027,Oruro,2026-06-05,2026-06-23,2027-06-05,764,758,6,18,44.86,,False
3920,MOV-003920,LOT-2026-03920, prod-033 ,La Paz,2026-08-18,2026-09-09,2027-08-18,171,166,1,22,77.59,,False
3921,MOV-003921,LOT-2026-03921,PROD-051,La Paz,2026-06-14,2026-06-27,2026-12-11,220,212,3,13,21.14,,False
3922,MOV-003922,LOT-2026-03922,PROD-051,Tarija,2026-06-11,2026-06-24,2026-12-08,480,470,6,13,21.14,,False
3923,MOV-003923,LOT-2026-03923,PROD-060,La Paz,2026-06-14,2026-06-24,2026-07-02,861,827,27,10,37.99,,False
3924,MOV-003924,LOT-2026-03924,PROD-047,Santa Cruz,2026-08-21,2026-09-16,2027-08-21,936,926,9,26,21.58,,False
3925,MOV-003925,LOT-2026-03925,PROD-031,Oruro,2026-06-12,2026-06-28,2026-12-09,228,220,3,16,14.93,,False
3926,MOV-003926,LOT-2026-03926,PROD-045,Tarija,2026-07-21,2026-08-03,2027-07-21,343,336,3,13,61.85,,False
3927,MOV-003927,LOT-2026-03927,PROD-039,La Paz,2026-07-23,2026-08-09,2027-07-23,109,107,1,17,56.75,,False
3928,MOV-003928,LOT-2026-03928,PROD-012,Santa Cruz,2026-06-05,2026-06-17,2026-12-02,479,468,6,12,80.8,,False
3929,MOV-003929,LOT-2026-03929,PROD-035,Cochabamba,2026-07-25,2026-08-02,2026-08-12,924,893,27,8,23.85,,False
3930,MOV-003930,LOT-2026-03930,PROD-025,Oruro,2026-08-27,2026-09-16,2026-09-14,431,406,18,20,45.25,,False
3931,MOV-003931,LOT-2026-03931,PROD-042,Oruro,2026-05-10,2026-05-28,2027-05-10,220,214,1,18,73.69,,False
3932,MOV-003932,LOT-2026-03932,PROD-014,La Paz,2026-07-07,2026-07-22,2027-07-07,975,960,9,15,21.61,,False
3933,MOV-003933,LOT-2026-03933,PROD-013,Oruro,2026-05-05,2026-05-11,2026-11-01,845,824,16,6,33.05,,False
3934,MOV-003934,LOT-2026-03934,PROD-030,Tarija,2026-05-27,2026-06-10,2027-05-27,567,556,4,14,24.51,,False
3935,MOV-003935,LOT-2026-03935,PROD-048,Oruro,2026-07-11,2026-08-10,2027-07-11,918,907,5,30,24.01,,False
3936,MOV-003936,LOT-2026-03936,PROD-039,Santa Cruz,2026-05-23,2026-06-13,2027-05-23,434,426,3,21,56.75,,False
3937,MOV-003937,LOT-2026-03937,PROD-024,Santa Cruz,2026-05-14,2026-05-26,2027-05-14,650,641,5,12,23.48,,False
3938,MOV-003938,LOT-2026-03938,PROD-028,La Paz,2026-08-26,2026-09-19,2027-08-26,119,118,1,24,55.4,,False
3939,MOV-003939,LOT-2026-03939,PROD-011,Cochabamba,2026-06-17,2026-06-27,2026-07-05,536,522,14,10,14.4,,False
3940,MOV-003940,LOT-2026-03940,PROD-041,Santa Cruz,2026-08-05,2026-08-21,2027-08-05,87,80,1,16,14.19,,False
3941,MOV-003941,LOT-2026-03941,PROD-016,Tarija,2026-08-23,2026-09-06,2027-08-23,298,292,2,14,44.33,,False
3942,MOV-003942,LOT-2026-03942,PROD-003,Santa Cruz,2026-07-26,2026-07-29,2026-08-13,446,428,12,3,27.19,,False
3943,MOV-003943,LOT-2026-03943,PROD-008,La Paz,2026-06-14,2026-06-24,2026-07-02,987,953,27,10,31.75,,False
3944,MOV-003944,LOT-2026-03944,PROD-027,Oruro,2026-07-08,2026-08-14,2027-07-08,124,123,1,37,44.86,,False
3945,MOV-003945,LOT-2026-03945,PROD-035,La Paz,2026-06-06,2026-06-18,2026-06-24,102,97,3,12,23.85,,False
3946,MOV-003946,LOT-2026-03946,PROD-025,La Paz,2026-06-26,2026-07-15,2026-07-14,353,340,13,19,45.25,,False
3947,MOV-003947,LOT-2026-03947,PROD-044,La Paz,2026-08-03,2026-08-24,2027-08-03,571,567,3,21,65.12,,False
3948,MOV-003948,LOT-2026-03948,PROD-015,La Paz,2026-08-11,2026-08-25,2027-02-07,347,336,4,14,54.56,,False
3949,MOV-003949,LOT-2026-03949,PROD-017,Santa Cruz,2026-06-02,2026-06-21,2026-06-20,691,663,25,19,19.81,,False
3950,MOV-003950,LOT-2026-03950,PROD-018,Tarija,2026-08-01,2026-09-01,2027-08-01,289,286,2,31,20.82,,False
3951,MOV-003951,LOT-2026-03951,PROD-059,La Paz,2026-06-21,2026-06-30,2026-07-09,440,422,11,9,13.44,,False
3952,MOV-003952,LOT-2026-03952,PROD-034,La Paz,2026-07-16,2026-08-02,2027-07-16,776,768,7,17,83.26,,False
3953,MOV-003953,LOT-2026-03953,PROD-043,Oruro,2026-08-20,2026-08-27,2026-09-07,857,834,23,7,71.11,,False
3954,MOV-003954,LOT-2026-03954,PROD-021,Oruro,2026-05-10,2026-05-30,2027-05-10,678,666,5,20,84.36,,False
3955,MOV-003955,LOT-2026-03955,PROD-031,Oruro,2026-08-15,2026-08-31,2027-02-11,905,885,16,16,14.93,,False
3956,MOV-003956,LOT-2026-03956,PROD-026,Santa Cruz,2026-05-08,2026-06-01,2027-05-08,96,95,1,24,66.47,,False
3957,MOV-003957,LOT-2026-03957,PROD-048,Tarija,2026-08-18,2026-09-04,2027-08-18,936,926,8,17,24.01,,False
3958,MOV-003958,LOT-2026-03958,PROD-009,Santa Cruz,2026-05-21,2026-06-04,2027-05-21,853,843,5,14,16.29,,False
3959,MOV-003959,LOT-2026-03959,PROD-035,Santa Cruz,2026-07-16,2026-07-25,2026-08-03,86,80,3,9,23.85,,False
3960,MOV-003960,LOT-2026-03960,PROD-037,Oruro,2026-08-04,2026-09-08,2027-08-04,893,882,5,35,64.93,,False
3961,MOV-003961,LOT-2026-03961,PROD-034,Tarija,2026-07-22,2026-08-15,2027-07-22,976,962,7,24,83.26,,False
3962,MOV-003962,LOT-2026-03962,PROD-019,Santa Cruz,2026-07-06,2026-07-15,2026-07-24,512,493,13,9,62.22,,False
3963,MOV-003963,LOT-2026-03963,PROD-047,Tarija,2026-06-19,2026-07-06,2027-06-19,843,831,6,17,21.58,,False
3964,MOV-003964,LOT-2026-03964,PROD-055,Santa Cruz,2026-07-21,2026-08-03,2027-07-21,65,65,0,13,60.11,,False
3965,MOV-003965,LOT-2026-03965,PROD-029,La Paz,2026-07-31,2026-08-17,2027-07-31,677,668,6,17,60.18,,False
3966,MOV-003966,LOT-2026-03966,PROD-059,Oruro,2026-06-09,2026-06-21,2026-06-27,81,75,2,12,13.44,,False
3967,MOV-003967,LOT-2026-03967,PROD-051,Oruro,2026-05-20,2026-06-05,2026-11-16,96,93,1,16,21.14,,False
3968,MOV-003968,LOT-2026-03968,PROD-031,Cochabamba,2026-07-27,2026-08-12,2027-01-23,842,827,12,16,14.93,,False
3969,MOV-003969,LOT-2026-03969,PROD-021,Tarija,2026-05-23,2026-06-28,2027-05-23,396,391,3,36,84.36,,False
3970,MOV-003970,LOT-2026-03970,PROD-030,La Paz,2026-05-21,2026-06-13,2027-05-21,72,67,1,23,24.51,,False
3971,MOV-003971,LOT-2026-03971,PROD-036,Oruro,2026-07-02,2026-07-07,2026-12-29,96,94,1,5,53.28,,False
3972,MOV-003972,LOT-2026-03972,PROD-031,Oruro,2026-07-21,2026-08-01,2027-01-17,145,140,2,11,14.93,,False
3973,MOV-003973,LOT-2026-03973,PROD-010,Tarija,2026-05-25,2026-06-19,2027-05-25,823,819,4,25,47.91,,False
3974,MOV-003974,LOT-2026-03974,PROD-046,Santa Cruz,2026-06-25,2026-07-24,,742,736,4,29,12.64,fecha_vencimiento,True
3975,MOV-003975,LOT-2026-03975,PROD-055,Tarija,2026-05-04,2026-05-19,2027-05-04,251,245,1,15,60.11,,False
3976,MOV-003976,LOT-2026-03976,PROD-032,Oruro,2026-08-13,2026-09-01,2027-08-13,135,127,1,19,63.21,,False
3977,MOV-003977,LOT-2026-03977,PROD-031,Tarija,2026-08-05,2026-08-18,2027-02-01,885,869,11,13,14.93,,False
3978,MOV-003978,LOT-2026-03978,PROD-020,Oruro,2026-08-22,2026-09-02,2026-09-09,401,391,10,11,26.82,,False
3979,MOV-003979,LOT-2026-03979,PROD-022,Santa Cruz,2026-08-05,2026-08-26,2027-02-01,828,816,11,21,67.52,,False
3980,MOV-003980,LOT-2026-03980,PROD-057,Cochabamba,2026-08-28,2026-09-25,2027-08-28,393,387,3,28,39.61,,False
3981,MOV-003981,LOT-2026-03981,PROD-039,Santa Cruz,2026-07-24,2026-08-19,2027-07-24,316,313,2,26,56.75,,False
3982,MOV-003982,LOT-2026-03982,PROD-004,Tarija,2026-08-12,2026-08-26,2027-08-12,173,166,1,14,27.26,,False
3983,MOV-003983,LOT-2026-03983,PROD-050,Tarija,2026-05-23,2026-05-28,2026-06-10,544,526,15,5,55.37,,False
3984,MOV-003984,LOT-2026-03984,PROD-028,Cochabamba,2026-07-22,2026-08-10,2027-07-22,417,409,3,19,55.4,,False
3985,MOV-003985,LOT-2026-03985,PROD-048,Cochabamba,2026-08-26,2026-09-12,2027-08-26,630,617,6,17,24.01,,False
3986,MOV-003986,LOT-2026-03986,PROD-004,Santa Cruz,2026-08-13,2026-09-02,2027-08-13,125,118,1,20,27.26,,False
3987,MOV-003987,LOT-2026-03987,PROD-055,Cochabamba,2026-05-19,2026-06-01,2027-05-19,203,197,1,13,60.11,,False
3988,MOV-003988,LOT-2026-03988,PROD-049,Oruro,2026-08-02,2026-08-04,2026-08-20,546,528,14,2,25.49,,False
3989,MOV-003989,LOT-2026-03989,PROD-054,Tarija,2026-05-31,2026-06-12,2027-05-31,648,642,6,12,81.98,,False
3990,MOV-003990,LOT-2026-03990,PROD-051,Tarija,2026-07-09,2026-07-26,2027-01-05,970,952,13,17,21.14,,False
3991,MOV-003991,LOT-2026-03991,PROD-050,Santa Cruz,2026-05-09,2026-06-11,2026-05-27,741,697,44,33,55.37,,False
3992,MOV-003992,LOT-2026-03992,PROD-027,Santa Cruz,2026-06-18,2026-07-22,2027-06-18,528,523,3,34,44.86,,False
3993,MOV-003993,LOT-2026-03993,PROD-022,La Paz,2026-07-02,2026-07-21,2026-12-29,730,714,11,19,67.52,,False
3994,MOV-003994,LOT-2026-03994,PROD-048,Tarija,2026-07-03,2026-07-19,2027-07-03,72,67,0,16,24.01,,False
3995,MOV-003995,LOT-2026-03995,PROD-043,Tarija,2026-05-28,2026-06-04,2026-06-15,886,858,23,7,71.11,,False
3996,MOV-003996,LOT-2026-03996,PROD-024,La Paz,2026-07-29,2026-08-13,2027-07-29,528,520,3,15,23.48,,False
3997,MOV-003997,LOT-2026-03997,PROD-038,Tarija,2026-08-13,2026-08-25,2027-08-13,713,709,4,12,13.49,,False
3998,MOV-003998,LOT-2026-03998,PROD-019,Oruro,2026-06-13,2026-07-04,2026-07-01,523,497,21,21,62.22,,False
3999,MOV-003999,LOT-2026-03999,PROD-052,Santa Cruz,2026-06-14,2026-06-21,2026-12-11,182,174,2,7,59.66,,False
4000,MOV-004000,LOT-2026-04000,PROD-039,Santa Cruz,2026-07-18,2026-08-04,2027-07-18,466,461,3,17,56.75,,False
4001,MOV-004001,LOT-2026-04001,PROD-033,Oruro,2026-06-21,2026-07-03,2027-06-21,932,919,6,12,77.59,,False
4002,MOV-004002,LOT-2026-04002,PROD-008,La Paz,2026-07-13,2026-07-27,2026-07-31,706,681,22,14,31.75,,False
4003,MOV-004003,LOT-2026-04003,PROD-057,Tarija,2026-06-06,2026-07-06,2027-06-06,271,263,3,30,39.61,,False
4004,MOV-004004,LOT-2026-04004,PROD-010,Oruro,2026-08-09,2026-08-21,2027-08-09,90,84,1,12,47.91,,False
4005,MOV-004005,LOT-2026-04005,PROD-016,La Paz,2026-08-01,2026-08-25,2027-08-01,245,239,2,24,44.33,,False
4006,MOV-004006,LOT-2026-04006,PROD-006,La Paz,2026-05-01,2026-05-23,2027-05-01,130,126,1,22,23.32,,False
4007,MOV-004007,LOT-2026-04007,PROD-050,Santa Cruz,2026-05-28,2026-06-03,2026-06-15,601,579,15,6,55.37,,False
4008,MOV-004008,LOT-2026-04008,PROD-024,Oruro,2026-07-30,2026-08-26,2027-07-30,274,269,1,27,23.48,,False
4009,MOV-004009,LOT-2026-04009,PROD-007,Tarija,2026-07-03,2026-07-15,2027-07-03,208,199,2,12,23.87,,False
4010,MOV-004010,LOT-2026-04010,PROD-054,Tarija,2026-07-01,2026-07-29,2027-07-01,425,423,2,28,81.98,,False
4011,MOV-004011,LOT-2026-04011,PROD-039,Tarija,2026-06-17,2026-07-14,2027-06-17,668,660,4,27,56.75,,False
4012,MOV-004012,LOT-2026-04012,PROD-028,Santa Cruz,2026-07-19,2026-07-28,2027-07-19,118,113,1,9,55.4,,False
4013,MOV-004013,LOT-2026-04013,PROD-049,Tarija,2026-06-19,2026-06-23,2026-07-07,592,572,15,4,25.49,,False
4014,MOV-004014,LOT-2026-04014,PROD-003,La Paz,2026-08-06,2026-08-20,2026-08-24,457,439,16,14,27.19,,False
4015,MOV-004015,LOT-2026-04015,PROD-005,Cochabamba,2026-06-20,2026-07-02,2027-06-20,734,721,6,12,76.84,,False
4016,MOV-004016,LOT-2026-04016,PROD-039,La Paz,2026-06-17,2026-07-09,2027-06-17,315,306,2,22,56.75,,False
4017,MOV-004017,LOT-2026-04017,PROD-032,Cochabamba,2026-08-26,2026-09-15,2027-08-26,202,197,1,20,63.21,,False
4018,MOV-004018,LOT-2026-04018,PROD-053,Oruro,2026-06-08,2026-07-11,2027-06-08,455,446,6,33,73.12,,False
4019,MOV-004019,LOT-2026-04019,PROD-042,Cochabamba,2026-05-21,2026-06-03,2027-05-21,332,327,2,13,73.69,,False
4020,MOV-004020,LOT-2026-04020,PROD-023,La Paz,2026-08-15,2026-08-24,2027-02-11,205,198,3,9,64.4,,False
4021,MOV-004021,LOT-2026-04021,PROD-044,Oruro,2026-08-06,2026-08-23,2027-08-06,366,362,3,17,65.12,,False
4022,MOV-004022,LOT-2026-04022,PROD-026,Tarija,2026-08-03,2026-08-15,2027-08-03,528,524,4,12,66.47,,False
4023,MOV-004023,LOT-2026-04023,PROD-037,Santa Cruz,2026-06-27,2026-07-21,2027-06-27,204,198,1,24,64.93,,False
4024,MOV-004024,LOT-2026-04024,PROD-008,Tarija,2026-07-27,2026-08-06,2026-08-14,735,712,19,10,31.75,,False
4025,MOV-004025,LOT-2026-04025,PROD-037,Tarija,2026-08-26,2026-09-13,2027-08-26,675,663,8,18,64.93,,False
4026,MOV-004026,LOT-2026-04026,PROD-002,Oruro,2026-07-12,2026-07-23,2026-07-30,282,272,8,11,33.75,,False
4027,MOV-004027,LOT-2026-04027,PROD-049,Oruro,2026-06-10,2026-06-30,2026-06-28,379,363,14,20,25.49,,False
4028,MOV-004028,LOT-2026-04028,PROD-019,Cochabamba,2026-06-12,2026-06-25,2026-06-30,695,674,20,13,62.22,,False
4029,MOV-004029,LOT-2026-04029,PROD-055,Oruro,2026-08-01,2026-08-29,2027-08-01,953,946,6,28,60.11,,False
4030,MOV-004030,LOT-2026-04030,PROD-003,La Paz,2026-08-02,2026-08-14,2026-08-20,543,523,15,12,27.19,,False
4031,MOV-004031,LOT-2026-04031,PROD-057,Tarija,2026-08-09,2026-09-05,2027-08-09,724,712,6,27,39.61,,False
4032,MOV-004032,LOT-2026-04032,PROD-058,Oruro,2026-05-13,2026-06-02,2027-05-13,67,60,0,20,83.63,,False
4033,MOV-004033,LOT-2026-04033,PROD-045,Tarija,2026-08-23,2026-09-12,2027-08-23,212,209,1,20,61.85,,False
4034,MOV-004034,LOT-2026-04034,PROD-022,Cochabamba,2026-07-24,2026-08-05,2027-01-20,315,311,4,12,67.52,,False
4035,MOV-004035,LOT-2026-04035,PROD-008,La Paz,2026-07-20,2026-08-03,2026-08-07,944,909,29,14,31.75,,False
4036,MOV-004036,LOT-2026-04036,PROD-051,Cochabamba,2026-08-08,2026-08-22,2027-02-04,917,902,12,14,21.14,,False
4037,MOV-004037,LOT-2026-04037,PROD-026,Oruro,2026-07-07,2026-07-28,2027-07-07,657,649,3,21,66.47,,False
4038,MOV-004038,LOT-2026-04038,PROD-015,Oruro,2026-05-13,2026-05-21,2026-11-09,902,886,13,8,54.56,,False
4039,MOV-004039,LOT-2026-04039,PROD-006,Cochabamba,2026-05-07,2026-06-01,2027-05-07,323,314,2,25,23.32,,False
4040,MOV-004040,LOT-2026-04040,PROD-057,Cochabamba,2026-08-16,2026-08-29,2027-08-16,129,128,1,13,39.61,,False
4041,MOV-004041,LOT-2026-04041,PROD-032,Cochabamba,2026-08-27,2026-09-24,2027-08-27,263,254,2,28,63.21,,False
4042,MOV-004042,LOT-2026-04042,PROD-012,Cochabamba,2026-05-07,2026-05-14,2026-11-03,373,362,5,7,80.8,,False
4043,MOV-004043,LOT-2026-04043,PROD-029,Santa Cruz,2026-05-18,2026-06-04,2027-05-18,518,512,4,17,60.18,,False
4044,MOV-004044,LOT-2026-04044,PROD-019,Cochabamba,2026-08-20,2026-09-04,2026-09-07,229,222,7,15,62.22,,False
4045,MOV-004045,LOT-2026-04045,PROD-058,Cochabamba,2026-07-06,2026-07-23,2027-07-06,565,561,4,17,83.63,,False
4046,MOV-004046,LOT-2026-04046,PROD-053,Tarija,2026-08-10,2026-08-31,2027-08-10,653,641,8,21,73.12,,False
4047,MOV-004047,LOT-2026-04047,PROD-038,Cochabamba,2026-08-01,2026-08-21,2027-08-01,683,671,5,20,13.49,,False
4048,MOV-004048,LOT-2026-04048,PROD-028,Santa Cruz,2026-07-20,2026-09-02,2027-07-20,895,877,18,44,55.4,,False
4049,MOV-004049,LOT-2026-04049,PROD-059,Santa Cruz,2026-06-24,2026-06-30,2026-07-12,597,576,17,6,13.44,,False
4050,MOV-004050,LOT-2026-04050,PROD-006,Santa Cruz,2026-07-24,2026-08-11,2027-07-24,786,778,4,18,23.32,,False
4051,MOV-004051,LOT-2026-04051,PROD-036,Tarija,2026-07-03,2026-07-31,2026-12-30,647,630,11,28,53.28,,False
4052,MOV-004052,LOT-2026-04052,PROD-008,Tarija,2026-05-21,2026-05-31,2026-06-08,841,812,24,10,31.75,,False
4053,MOV-004053,LOT-2026-04053,PROD-052,La Paz,2026-05-23,2026-05-31,2026-11-19,185,182,2,8,59.66,,False
4054,MOV-004054,LOT-2026-04054,PROD-008,Oruro,2026-07-10,2026-07-24,2026-07-28,933,898,29,14,31.75,,False
4055,MOV-004055,LOT-2026-04055,PROD-037,Tarija,2026-08-22,2026-09-04,2027-08-22,101,97,1,13,64.93,,False
4056,MOV-004056,LOT-2026-04056,PROD-050,Oruro,2026-07-20,2026-07-21,2026-08-07,365,349,10,1,55.37,,False
4057,MOV-004057,LOT-2026-04057,PROD-037,Santa Cruz,2026-08-15,2026-08-30,2027-08-15,466,458,2,15,64.93,,False
4058,MOV-004058,LOT-2026-04058,PROD-002,Cochabamba,2026-06-14,2026-06-24,2026-07-02,359,347,9,10,33.75,,False
4059,MOV-004059,LOT-2026-04059,PROD-043,Tarija,2026-05-15,2026-05-17,2026-06-02,907,879,25,2,71.11,,False
4060,MOV-004060,LOT-2026-04060,PROD-033,Cochabamba,2026-08-20,2026-09-07,2027-08-20,666,654,6,18,77.59,,False
4061,MOV-004061,LOT-2026-04061,PROD-051,Tarija,2026-05-12,2026-06-19,2026-11-08,446,437,8,38,21.14,,False
4062,MOV-004062,LOT-2026-04062,PROD-025,Oruro,2026-06-27,2026-07-09,2026-07-15,399,386,10,12,45.25,,False
4063,MOV-004063,LOT-2026-04063,PROD-053,Cochabamba,2026-08-12,2026-08-31,2027-08-12,389,380,2,19,73.12,,False
4064,MOV-004064,LOT-2026-04064,PROD-002,Cochabamba,2026-07-14,2026-07-20,2026-08-01,163,152,4,6,33.75,,False
4065,MOV-004065,LOT-2026-04065,PROD-052,Tarija,2026-08-16,2026-08-22,2027-02-12,255,246,4,6,59.66,,False
4066,MOV-004066,LOT-2026-04066,PROD-006,Cochabamba,2026-08-16,2026-09-14,2027-08-16,286,281,2,29,23.32,,False
4067,MOV-004067,LOT-2026-04067,PROD-054,Cochabamba,2026-07-11,2026-07-21,2027-07-11,460,453,3,10,81.98,,False
4068,MOV-004068,LOT-2026-04068,PROD-058,La Paz,2026-08-24,2026-09-15,2027-08-24,785,775,5,22,83.63,,False
4069,MOV-004069,LOT-2026-04069,PROD-026,La Paz,2026-07-06,2026-07-21,2027-07-06,322,319,3,15,66.47,,False
4070,MOV-004070,LOT-2026-04070,PROD-014,Tarija,2026-05-09,2026-05-28,2027-05-09,77,73,1,19,21.61,,False
4071,MOV-004071,LOT-2026-04071,PROD-007,La Paz,2026-06-19,2026-07-07,2027-06-19,986,975,7,18,23.87,,False
4072,MOV-004072,LOT-2026-04072,PROD-060,Cochabamba,2026-05-30,2026-06-11,2026-06-17,334,324,10,12,37.99,,False
4073,MOV-004073,LOT-2026-04073,PROD-004,Tarija,2026-07-19,2026-08-30,2027-07-19,265,260,4,42,27.26,,False
4074,MOV-004074,LOT-2026-04074,PROD-019,Santa Cruz,2026-05-13,2026-05-16,2026-05-31,759,738,21,3,62.22,,False
4075,MOV-004075,LOT-2026-04075,PROD-057,Cochabamba,2026-08-19,2026-09-12,2027-08-19,123,118,1,24,39.61,,False
4076,MOV-004076,LOT-2026-04076,PROD-043,Oruro,2026-05-15,2026-05-30,2026-06-02,157,145,5,15,71.11,,False
4077,MOV-004077,LOT-2026-04077,PROD-046,Santa Cruz,2026-08-26,2026-09-11,2027-08-26,180,175,1,16,12.64,,False
4078,MOV-004078,LOT-2026-04078,PROD-043,La Paz,2026-07-11,2026-08-04,2026-07-29,754,714,33,24,71.11,,False
4079,MOV-004079,LOT-2026-04079,PROD-049,Santa Cruz,2026-07-04,2026-07-21,2026-07-22,553,527,20,17,25.49,,False
4080,MOV-004080,LOT-2026-04080,PROD-037,La Paz,2026-08-21,2026-09-15,2027-08-21,246,243,1,25,64.93,,False
4081,MOV-004081,LOT-2026-04081,PROD-053,Oruro,2026-07-07,2026-07-29,2027-07-07,339,331,2,22,73.12,,False
4082,MOV-004082,LOT-2026-04082,PROD-049,Cochabamba,2026-08-21,2026-09-01,2026-09-08,787,763,23,11,25.49,,False
4083,MOV-004083,LOT-2026-04083,PROD-035,Oruro,2026-06-16,2026-06-30,2026-07-04,87,80,2,14,23.85,,False
4084,MOV-004084,LOT-2026-04084,PROD-022,Santa Cruz,2026-05-03,2026-05-10,2026-10-30,826,808,13,7,67.52,,False
4085,MOV-004085,LOT-2026-04085,PROD-034,La Paz,2026-07-22,2026-08-20,2027-07-22,419,416,3,29,83.26,,False
4086,MOV-004086,LOT-2026-04086,PROD-045,Oruro,2026-06-26,2026-07-13,2027-06-26,429,421,3,17,61.85,,False
4087,MOV-004087,LOT-2026-04087,PROD-015,Tarija,2026-06-26,2026-07-09,2026-12-23,801,790,11,13,54.56,,False
4088,MOV-004088,LOT-2026-04088,PROD-006,Tarija,2026-07-06,2026-07-27,2027-07-06,830,821,7,21,23.32,,False
4089,MOV-004089,LOT-2026-04089,PROD-027,La Paz,2026-05-08,2026-05-29,2027-05-08,995,983,7,21,44.86,,False
4090,MOV-004090,LOT-2026-04090,PROD-011,Santa Cruz,2026-06-11,2026-06-15,2026-06-29,769,742,20,4,14.4,,False
4091,MOV-004091,LOT-2026-04091,PROD-012,Tarija,2026-05-19,2026-05-22,2026-11-15,340,334,5,3,80.8,,False
4092,MOV-004092,LOT-2026-04092,PROD-051,La Paz,2026-05-29,2026-06-06,2026-11-25,348,341,4,8,21.14,,False
4093,MOV-004093,LOT-2026-04093,PROD-032,La Paz,2026-08-18,2026-09-18,2027-08-18,610,600,3,31,63.21,,False
4094,MOV-004094,LOT-2026-04094,PROD-049,Tarija,2026-06-08,2026-06-19,2026-06-26,781,754,20,11,25.49,,False
4095,MOV-004095,LOT-2026-04095,PROD-035,Oruro,2026-06-07,2026-06-20,2026-06-25,537,517,16,13,23.85,,False
4096,MOV-004096,LOT-2026-04096,PROD-015,La Paz,2026-05-18,2026-05-30,2026-11-14,676,665,9,12,54.56,,False
4097,MOV-004097,LOT-2026-04097,PROD-034,Santa Cruz,2026-06-03,2026-06-12,2027-06-03,571,567,3,9,83.26,,False
4098,MOV-004098,LOT-2026-04098,PROD-036,Oruro,2026-07-04,2026-07-09,2026-12-31,542,530,7,5,53.28,,False
4099,MOV-004099,LOT-2026-04099,PROD-043,Oruro,2026-07-18,2026-07-30,2026-08-05,814,789,23,12,71.11,,False
4100,MOV-004100,LOT-2026-04100,PROD-004,Santa Cruz,2026-08-12,2026-08-21,2027-08-12,895,890,5,9,27.26,,False
4101,MOV-004101,LOT-2026-04101,PROD-057,Santa Cruz,2026-06-09,2026-07-01,2027-06-09,193,186,2,22,39.61,,False
4102,MOV-004102,LOT-2026-04102,PROD-007,Oruro,2026-08-17,2026-09-05,2027-08-17,716,708,4,19,23.87,,False
4103,MOV-004103,LOT-2026-04103,PROD-057,Santa Cruz,2026-06-23,2026-08-02,2027-06-23,682,671,10,40,39.61,,False
4104,MOV-004104,LOT-2026-04104,PROD-020,Oruro,2026-07-30,2026-08-16,2026-08-17,741,707,27,17,26.82,,False
4105,MOV-004105,LOT-2026-04105,PROD-031,La Paz,2026-05-24,2026-05-27,2026-11-20,743,731,11,3,14.93,,False
4106,MOV-004106,LOT-2026-04106,PROD-003,Tarija,2026-07-08,2026-07-12,2026-07-26,958,934,24,4,27.19,,False
4107,MOV-004107,LOT-2026-04107,PROD-041,Tarija,2026-08-20,2026-08-30,2027-08-20,786,778,8,10,14.19,,False
4108,MOV-004108,LOT-2026-04108,PROD-002,Cochabamba,2026-06-04,2026-06-19,2026-06-22,966,937,29,15,33.75,,False
4109,MOV-004109,LOT-2026-04109,PROD-021,La Paz,2026-06-04,2026-06-19,2027-06-04,389,385,2,15,84.36,,False
4110,MOV-004110,LOT-2026-04110,PROD-030,Oruro,2026-08-14,2026-09-09,2027-08-14,389,381,2,26,24.51,,False
4111,MOV-004111,LOT-2026-04111,PROD-045,Santa Cruz,2026-07-08,2026-07-22,2027-07-08,245,240,2,14,61.85,,False
4112,MOV-004112,LOT-2026-04112,PROD-025,Oruro,2026-07-18,2026-07-21,2026-08-05,111,104,3,3,45.25,,False
4113,MOV-004113,LOT-2026-04113,PROD-012,Oruro,2026-08-17,2026-09-01,2027-02-13,330,319,4,15,80.8,,False
4114,MOV-004114,LOT-2026-04114,PROD-041,Cochabamba,2026-08-16,2026-09-12,2027-08-16,461,456,3,27,14.19,,False
4115,MOV-004115,LOT-2026-04115,PROD-040,La Paz,2026-06-19,2026-06-24,2026-07-07,255,247,7,5,82.17,,False
4116,MOV-004116,LOT-2026-04116,PROD-029,La Paz,2026-07-26,2026-08-23,2027-07-26,578,574,3,28,60.18,,False
4117,MOV-004117,LOT-2026-04117,PROD-047,Oruro,2026-05-06,2026-06-12,2027-05-06,92,91,1,37,21.58,,False
4118,MOV-004118,LOT-2026-04118,PROD-019,La Paz,2026-06-24,2026-07-03,2026-07-12,252,242,7,9,62.22,,False
4119,MOV-004119,LOT-2026-04119,PROD-020,Tarija,2026-07-19,2026-08-02,2026-08-06,289,275,9,14,26.82,,False
4120,MOV-004120,LOT-2026-04120,PROD-045,La Paz,2026-05-29,2026-06-27,2027-05-29,326,316,3,29,61.85,,False
4121,MOV-004121,LOT-2026-04121,PROD-033,La Paz,2026-08-13,2026-09-03,2027-08-13,562,554,4,21,77.59,,False
4122,MOV-004122,LOT-2026-04122,PROD-010,Tarija,2026-08-20,2026-09-01,2027-08-20,183,182,1,12,47.91,,False
4123,MOV-004123,LOT-2026-04123,PROD-013,Cochabamba,2026-07-09,2026-07-16,2027-01-05,771,755,11,7,33.05,,False
4124,MOV-004124,LOT-2026-04124,PROD-057,Cochabamba,2026-05-03,2026-05-29,2027-05-03,412,405,3,26,39.61,,False
4125,MOV-004125,LOT-2026-04125,PROD-019,La Paz,2026-06-13,2026-06-19,2026-07-01,737,716,19,6,62.22,,False
4126,MOV-004126,LOT-2026-04126,PROD-059,Cochabamba,2026-06-14,2026-06-20,2026-07-02,592,571,17,6,13.44,,False
4127,MOV-004127,LOT-2026-04127,PROD-010,Oruro,2026-05-03,2026-05-21,2027-05-03,776,768,7,18,47.91,,False
4128,MOV-004128,LOT-2026-04128,PROD-052,Oruro,2026-05-05,2026-05-19,2026-11-01,406,398,5,14,59.66,,False
4129,MOV-004129,LOT-2026-04129,PROD-001,Oruro,2026-06-23,2026-07-03,2026-12-20,393,381,5,10,42.39,,False
4130,MOV-004130,LOT-2026-04130,PROD-024,Tarija,2026-08-23,2026-09-12,2027-08-23,477,469,3,20,23.48,,False
4131,MOV-004131,LOT-2026-04131,PROD-018,Santa Cruz,2026-05-25,2026-06-12,2027-05-25,623,612,4,18,20.82,,False
4132,MOV-004132,LOT-2026-04132,PROD-055,Cochabamba,2026-07-29,2026-08-29,2027-07-29,702,690,5,31,60.11,,False
4133,MOV-004133,LOT-2026-04133,PROD-020,Cochabamba,2026-06-26,2026-07-20,2026-07-14,58,52,3,24,26.82,,False
4134,MOV-004134,LOT-2026-04134,PROD-033,La Paz,2026-07-31,2026-08-21,2027-07-31,558,551,4,21,77.59,,False
4135,MOV-004135,LOT-2026-04135,PROD-019,La Paz,2026-08-28,2026-09-06,2026-09-15,827,802,21,9,62.22,,False
4136,MOV-004136,LOT-2026-04136,PROD-010,Cochabamba,2026-07-18,2026-07-30,2027-07-18,110,102,1,12,47.91,,False
4137,MOV-004137,LOT-2026-04137,PROD-012,La Paz,2026-08-24,2026-09-07,2027-02-20,911,896,13,14,80.8,,False
4138,MOV-004138,LOT-2026-04138,PROD-026,Oruro,2026-08-25,2026-09-10,2027-08-25,116,109,1,16,66.47,,False
4139,MOV-004139,LOT-2026-04139,PROD-038,La Paz,2026-07-23,2026-08-08,2027-07-23,764,759,4,16,13.49,,False
4140,MOV-004140,LOT-2026-04140,PROD-049,Cochabamba,2026-08-21,2026-10-02,2026-09-08,436,399,31,42,25.49,,False
4141,MOV-004141,LOT-2026-04141,PROD-001,La Paz,2026-08-07,2026-08-21,2027-02-03,675,658,10,14,42.39,,False
4142,MOV-004142,LOT-2026-04142,PROD-017,Cochabamba,2026-07-29,2026-08-13,2026-08-16,622,602,19,15,19.81,,False
4143,MOV-004143,LOT-2026-04143,PROD-021,Cochabamba,2026-08-21,2026-09-06,2027-08-21,404,395,4,16,84.36,,False
4144,MOV-004144,LOT-2026-04144,PROD-008,Tarija,2026-08-08,2026-08-16,2026-08-26,801,774,24,8,31.75,,False
4145,MOV-004145,LOT-2026-04145,PROD-021,Tarija,2026-08-06,2026-09-14,2027-08-06,116,109,1,39,84.36,,False
4146,MOV-004146,LOT-2026-04146,PROD-021,Oruro,2026-05-05,2026-05-25,2027-05-05,384,378,3,20,84.36,,False
4147,MOV-004147,LOT-2026-04147,PROD-053,Cochabamba,2026-05-31,2026-06-12,2027-05-31,606,599,5,12,73.12,,False
4148,MOV-004148,LOT-2026-04148,PROD-045,Santa Cruz,2026-05-11,2026-05-27,2027-05-11,104,100,1,16,61.85,,False
4149,MOV-004149,LOT-2026-04149,PROD-035,Tarija,2026-06-26,2026-08-09,2026-07-14,721,665,55,44,23.85,,False
4150,MOV-004150,LOT-2026-04150,PROD-026,Santa Cruz,2026-07-04,2026-07-20,2027-07-04,122,119,1,16,66.47,,False
4151,MOV-004151,LOT-2026-04151,PROD-043,Cochabamba,2026-08-25,2026-09-22,2026-09-12,506,481,25,28,71.11,,False
4152,MOV-004152,LOT-2026-04152,PROD-001,La Paz,2026-08-19,2026-09-13,2027-02-15,739,723,12,25,42.39,,False
4153,MOV-004153,LOT-2026-04153,PROD-042,Tarija,2026-08-20,2026-09-20,2027-08-20,387,382,2,31,73.69,,False
4154,MOV-004154,LOT-2026-04154,PROD-033,Cochabamba,2026-07-17,2026-08-17,2027-07-17,142,136,1,31,77.59,,False
4155,MOV-004155,LOT-2026-04155,PROD-017,Santa Cruz,2026-06-12,2026-06-21,2026-06-30,589,570,17,9,19.81,,False
4156,MOV-004156,LOT-2026-04156,PROD-035,Cochabamba,2026-08-20,2026-09-06,2026-09-07,552,530,18,17,23.85,,False
4157,MOV-004157,LOT-2026-04157,PROD-047,Cochabamba,2026-06-27,2026-07-13,2027-06-27,714,702,5,16,21.58,,False
4158,MOV-004158,LOT-2026-04158,PROD-057,Oruro,2026-08-28,2026-09-14,2027-08-28,780,773,4,17,39.61,,False
4159,MOV-004159,LOT-2026-04159,PROD-023,Santa Cruz,2026-08-28,2026-09-01,2027-02-24,466,459,6,4,64.4,,False
4160,MOV-004160,LOT-2026-04160,PROD-037,Santa Cruz,2026-07-13,2026-08-30,2027-07-13,535,517,16,48,64.93,,False
4161,MOV-004161,LOT-2026-04161,PROD-014,Santa Cruz,2026-07-01,2026-07-17,2027-07-01,261,253,1,16,21.61,,False
4162,MOV-004162,LOT-2026-04162,PROD-039,La Paz,2026-06-23,2026-07-12,2027-06-23,375,366,2,19,56.75,,False
4163,MOV-004163,LOT-2026-04163,PROD-005,La Paz,2026-06-09,2026-07-29,2027-06-09,233,220,7,50,76.84,,False
4164,MOV-004164,LOT-2026-04164,PROD-053,Cochabamba,2026-06-07,2026-07-07,2027-06-07,838,829,4,30,73.12,,False
4165,MOV-004165,LOT-2026-04165,PROD-028,Santa Cruz,2026-08-02,2026-08-16,2027-08-02,188,187,1,14,55.4,,False
4166,MOV-004166,LOT-2026-04166,PROD-025,Tarija,2026-05-24,2026-06-02,2026-06-11,499,479,13,9,45.25,,False
4167,MOV-004167,LOT-2026-04167,PROD-004,Tarija,2026-05-27,2026-06-17,2027-05-27,192,187,1,21,27.26,,False
4168,MOV-004168,LOT-2026-04168,PROD-009,Santa Cruz,2026-06-15,2026-07-01,2027-06-15,868,859,4,16,16.29,,False
4169,MOV-004169,LOT-2026-04169,PROD-042,Oruro,2026-05-23,2026-06-19,2027-05-23,128,122,1,27,73.69,,False
4170,MOV-004170,LOT-2026-04170,PROD-005,Tarija,2026-07-17,2026-08-10,2027-07-17,533,528,4,24,76.84,,False
4171,MOV-004171,LOT-2026-04171,PROD-045,Oruro,2026-07-09,2026-07-29,2027-07-09,346,339,2,20,61.85,,False
4172,MOV-004172,LOT-2026-04172,PROD-004,Santa Cruz,2026-07-17,2026-07-30,2027-07-17,542,535,6,13,27.26,,False
4173,MOV-004173,LOT-2026-04173,PROD-042,La Paz,2026-06-15,2026-06-25,2027-06-15,363,354,2,10,73.69,,False
4174,MOV-004174,LOT-2026-04174,PROD-051,Santa Cruz,2026-07-25,2026-08-08,2027-01-21,510,497,8,14,21.14,,False
4175,MOV-004175,LOT-2026-04175,PROD-032,La Paz,2026-06-15,2026-06-28,2027-06-15,734,724,5,13,63.21,,False
4176,MOV-004176,LOT-2026-04176,PROD-045,Cochabamba,2026-07-10,2026-07-31,2027-07-10,940,933,5,21,61.85,,False
4177,MOV-004177,LOT-2026-04177,PROD-020,Santa Cruz,2026-07-15,2026-07-25,2026-08-02,947,915,25,10,26.82,,False
4178,MOV-004178,LOT-2026-04178,PROD-050,Santa Cruz,2026-06-17,2026-06-27,2026-07-05,541,520,14,10,55.37,,False
4179,MOV-004179,LOT-2026-04179,PROD-017,Santa Cruz,2026-06-23,2026-07-08,2026-07-11,309,293,9,15,19.81,,False
4180,MOV-004180,LOT-2026-04180,PROD-057,Cochabamba,2026-06-18,2026-07-03,2027-06-18,591,584,4,15,39.61,,False
4181,MOV-004181,LOT-2026-04181,PROD-022,La Paz,2026-05-31,2026-06-05,2026-11-27,493,482,6,5,67.52,,False
4182,MOV-004182,LOT-2026-04182,PROD-019,Cochabamba,2026-07-11,2026-07-14,2026-07-29,118,108,3,3,62.22,,False
4183,MOV-004183,LOT-2026-04183,PROD-009,La Paz,2026-07-05,2026-07-16,2027-07-05,77,76,0,11,16.29,,False
4184,MOV-004184,LOT-2026-04184,PROD-041,Tarija,2026-06-12,2026-06-21,2027-06-12,107,102,1,9,14.19,,False
4185,MOV-004185,LOT-2026-04185,PROD-023,Cochabamba,2026-07-28,2026-08-19,2027-01-24,824,810,11,22,64.4,,False
4186,MOV-004186,LOT-2026-04186,PROD-007,Cochabamba,2026-07-22,2026-08-05,2027-07-22,654,643,4,14,23.87,,False
4187,MOV-004187,LOT-2026-04187,PROD-046,La Paz,2026-07-23,2026-08-09,2027-07-23,733,728,4,17,12.64,,False
4188,MOV-004188,LOT-2026-04188,PROD-056,Cochabamba,2026-07-21,2026-08-04,2026-08-08,361,344,11,14,36.51,,False
4189,MOV-004189,LOT-2026-04189,PROD-015,Santa Cruz,2026-08-02,2026-08-07,2027-01-29,703,688,9,5,54.56,,False
4190,MOV-004190,LOT-2026-04190,PROD-017,Oruro,2026-05-31,2026-06-05,2026-06-18,638,621,16,5,19.81,,False
4191,MOV-004191,LOT-2026-04191,PROD-036,Santa Cruz,2026-07-26,2026-08-08,2027-01-22,188,183,2,13,53.28,,False
4192,MOV-004192,LOT-2026-04192,PROD-026,Oruro,2026-05-17,2026-06-06,2027-05-17,560,557,3,20,66.47,,False
4193,MOV-004193,LOT-2026-04193,PROD-035,Cochabamba,2026-07-24,2026-08-14,2026-08-11,226,212,9,21,23.85,,False
4194,MOV-004194,LOT-2026-04194,PROD-007,Santa Cruz,2026-07-16,2026-08-16,2027-07-16,943,937,5,31,23.87,,False
4195,MOV-004195,LOT-2026-04195,PROD-030,Oruro,2026-06-05,2026-06-20,2027-06-05,965,958,7,15,24.51,,False
4196,MOV-004196,LOT-2026-04196,PROD-036,Oruro,2026-05-14,2026-05-20,2026-11-10,55,48,1,6,53.28,,False
4197,MOV-004197,LOT-2026-04197,PROD-046,Tarija,2026-07-31,2026-08-14,2027-07-31,945,936,9,14,12.64,,False
4198,MOV-004198,LOT-2026-04198,PROD-002,Tarija,2026-05-09,2026-05-29,2026-05-27,951,911,36,20,33.75,,False
4199,MOV-004199,LOT-2026-04199,PROD-043,Tarija,2026-07-28,2026-08-17,2026-08-15,353,332,14,20,71.11,,False
4200,MOV-004200,LOT-2026-04200,PROD-025,Cochabamba,2026-07-13,2026-07-16,2026-07-31,928,904,24,3,45.25,,False
4201,MOV-004201,LOT-2026-04201,PROD-006,Cochabamba,2026-05-17,2026-06-01,2027-05-17,141,140,1,15,23.32,,False
4202,MOV-004202,LOT-2026-04202,PROD-008,Tarija,2026-07-02,2026-07-26,2026-07-20,282,270,12,24,31.75,,False
4203,MOV-004203,LOT-2026-04203,PROD-033,Santa Cruz,2026-07-18,2026-07-28,2027-07-18,999,987,7,10,77.59,,False
4204,MOV-004204,LOT-2026-04204,PROD-026,Cochabamba,2026-05-21,2026-06-13,2027-05-21,831,821,5,23,66.47,,False
4205,MOV-004205,LOT-2026-04205,PROD-060,La Paz,2026-07-07,2026-07-23,2026-07-25,996,959,32,16,37.99,,False
4206,MOV-004206,LOT-2026-04206,PROD-034,Cochabamba,2026-08-21,2026-09-09,2027-08-21,627,616,5,19,83.26,,False
4207,MOV-004207,LOT-2026-04207,PROD-010,La Paz,2026-05-25,2026-06-15,2027-05-25,930,923,6,21,47.91,,False
4208,MOV-004208,LOT-2026-04208,PROD-015,Cochabamba,2026-08-13,2026-08-21,2027-02-09,514,505,7,8,54.56,,False
4209,MOV-004209,LOT-2026-04209,PROD-004,Cochabamba,2026-05-24,2026-06-08,2027-05-24,640,632,4,15,27.26,,False
4210,MOV-004210,LOT-2026-04210,PROD-041,La Paz,2026-06-28,2026-07-10,2027-06-28,618,608,4,12,14.19,,False
4211,MOV-004211,LOT-2026-04211,PROD-033,Santa Cruz,2026-07-15,2026-07-25,2027-07-15,75,73,0,10,77.59,,False
4212,MOV-004212,LOT-2026-04212,PROD-010,La Paz,2026-06-19,2026-07-04,2027-06-19,52,52,0,15,47.91,,False
4213,MOV-004213,LOT-2026-04213,PROD-031,La Paz,2026-08-25,2026-09-24,2027-02-21,329,322,4,30,14.93,,False
4214,MOV-004214,LOT-2026-04214,PROD-055,Santa Cruz,2026-07-02,2026-07-15,2027-07-02,958,950,5,13,60.11,,False
4215,MOV-004215,LOT-2026-04215,PROD-056,La Paz,2026-06-29,2026-07-17,2026-07-17,563,543,20,18,36.51,,False
4216,MOV-004216,LOT-2026-04216,PROD-015,Santa Cruz,2026-05-27,2026-06-04,2026-11-23,899,884,11,8,54.56,,False
4217,MOV-004217,LOT-2026-04217,PROD-053,Cochabamba,2026-08-23,2026-09-09,2027-08-23,348,340,2,17,73.12,,False
4218,MOV-004218,LOT-2026-04218,PROD-020,Tarija,2026-06-01,2026-06-04,2026-06-19,870,841,24,3,26.82,,False
4219,MOV-004219,LOT-2026-04219,PROD-016,Oruro,2026-08-24,2026-09-12,2027-08-24,375,367,2,19,44.33,,False
4220,MOV-004220,LOT-2026-04220,PROD-059,La Paz,2026-08-13,2026-08-14,2026-08-31,754,734,20,1,13.44,,False
4221,MOV-004221,LOT-2026-04221,PROD-005,Oruro,2026-06-19,2026-07-14,2027-06-19,444,436,3,25,76.84,,False
4222,MOV-004222,LOT-2026-04222,PROD-035,La Paz,2026-07-16,2026-07-26,2026-08-03,597,581,16,10,23.85,,False
4223,MOV-004223,LOT-2026-04223,PROD-046,Tarija,2026-08-09,2026-08-24,2027-08-09,225,222,2,15,12.64,,False
4224,MOV-004224,LOT-2026-04224,PROD-047,Santa Cruz,2026-06-06,2026-07-02,2027-06-06,267,259,2,26,21.58,,False
4225,MOV-004225,LOT-2026-04225,PROD-029,Tarija,2026-07-30,2026-08-17,2027-07-30,331,326,2,18,60.18,,False
4226,MOV-004226,LOT-2026-04226,PROD-050,Oruro,2026-08-23,2026-09-02,2026-09-10,986,956,27,10,55.37,,False
4227,MOV-004227,LOT-2026-04227,PROD-059,La Paz,2026-05-22,2026-05-29,2026-06-09,414,395,12,7,13.44,,False
4228,MOV-004228,LOT-2026-04228,PROD-027,Oruro,2026-07-22,2026-09-03,2027-07-22,641,627,11,43,44.86,,False
4229,MOV-004229,LOT-2026-04229,PROD-015,Oruro,2026-08-24,2026-09-01,2027-02-20,868,856,11,8,54.56,,False
4230,MOV-004230,LOT-2026-04230,PROD-030,Cochabamba,2026-06-17,2026-07-08,2027-06-17,631,628,3,21,24.51,,False
4231,MOV-004231,LOT-2026-04231,PROD-042,Oruro,2026-07-27,2026-08-19,2027-07-27,396,388,3,23,73.69,,False
4232,MOV-004232,LOT-2026-04232,PROD-056,Tarija,2026-06-03,2026-06-09,2026-06-21,515,496,13,6,36.51,,False
4233,MOV-004233,LOT-2026-04233,PROD-032,La Paz,2026-05-16,2026-06-17,2027-05-16,65,58,1,32,63.21,,False
4234,MOV-004234,LOT-2026-04234,PROD-041,Cochabamba,2026-07-19,2026-08-03,2027-07-19,512,502,3,15,14.19,,False
4235,MOV-004235,LOT-2026-04235,PROD-009,Oruro,2026-06-22,2026-07-02,2027-06-22,90,86,1,10,16.29,,False
4236,MOV-004236,LOT-2026-04236,PROD-028,Oruro,2026-07-11,2026-07-23,2027-07-11,560,551,4,12,55.4,,False
4237,MOV-004237,LOT-2026-04237,PROD-058,Tarija,2026-05-19,2026-06-14,2027-05-19,109,102,1,26,83.63,,False
4238,MOV-004238,LOT-2026-04238,PROD-054,Tarija,2026-05-02,2026-05-19,2027-05-02,298,291,2,17,81.98,,False
4239,MOV-004239,LOT-2026-04239,PROD-013,Cochabamba,2026-07-05,2026-07-28,2027-01-01,211,206,3,23,33.05,,False
4240,MOV-004240,LOT-2026-04240,PROD-042,Cochabamba,2026-06-05,2026-06-17,2027-06-05,479,474,2,12,73.69,,False
4241,MOV-004241,LOT-2026-04241,PROD-029,Cochabamba,2026-07-06,2026-07-19,2027-07-06,367,363,3,13,60.18,,False
4242,MOV-004242,LOT-2026-04242,PROD-020,Oruro,2026-06-21,2026-06-26,2026-07-09,387,374,10,5,26.82,,False
4243,MOV-004243,LOT-2026-04243,PROD-020,Tarija,2026-07-28,2026-08-16,2026-08-15,169,160,6,19,26.82,,False
4244,MOV-004244,LOT-2026-04244,PROD-020,Tarija,2026-06-21,2026-06-25,2026-07-09,976,948,25,4,26.82,,False
4245,MOV-004245,LOT-2026-04245,PROD-034,Cochabamba,2026-06-15,2026-07-05,2027-06-15,929,918,7,20,83.26,,False
4246,MOV-004246,LOT-2026-04246,PROD-052,Oruro,2026-08-17,2026-09-12,2027-02-13,417,406,7,26,59.66,,False
4247,MOV-004247,LOT-2026-04247,PROD-006,La Paz,2026-05-21,2026-06-15,2027-05-21,441,436,3,25,23.32,,False
4248,MOV-004248,LOT-2026-04248,PROD-004,Tarija,2026-06-21,2026-07-05,2027-06-21,822,815,6,14,27.26,,False
4249,MOV-004249,LOT-2026-04249,PROD-043,Cochabamba,18/08/2026,2026-09-02,2026-09-05,606,583,19,15,71.11,fecha_ingreso,True
4250,MOV-004250,LOT-2026-04250,PROD-007,Cochabamba,2026-07-27,2026-08-21,2027-07-27,167,166,1,25,23.87,,False
4251,MOV-004251,LOT-2026-04251,PROD-056,Santa Cruz,2026-05-10,2026-05-14,2026-05-28,192,185,5,4,36.51,,False
4252,MOV-004252,LOT-2026-04252,PROD-044,Cochabamba,2026-08-23,2026-09-15,2027-08-23,425,415,3,23,65.12,,False
4253,MOV-004253,LOT-2026-04253,PROD-055,Cochabamba,2026-07-10,2026-08-15,2027-07-10,74,71,0,36,60.11,,False
4254,MOV-004254,LOT-2026-04254,PROD-011,Tarija,2026-08-18,2026-08-24,2026-09-05,649,630,18,6,14.4,,False
4255,MOV-004255,LOT-2026-04255,PROD-003,La Paz,2026-08-27,2026-09-05,2026-09-14,749,730,19,9,27.19,,False
4256,MOV-004256,LOT-2026-04256,PROD-054,Tarija,2026-05-28,2026-06-12,2027-05-28,438,430,2,15,81.98,,False
4257,MOV-004257,LOT-2026-04257,PROD-009,La Paz,2026-07-02,2026-07-27,2027-07-02,600,593,4,25,16.29,,False
4258,MOV-004258,LOT-2026-04258,PROD-043,Santa Cruz,2026-07-13,2026-08-23,2026-07-31,861,799,62,41,71.11,,False
4259,MOV-004259,LOT-2026-04259,PROD-046,Tarija,2026-07-28,2026-08-16,2027-07-28,535,524,4,19,12.64,,False
4260,MOV-004260,LOT-2026-04260,PROD-024,Oruro,2026-05-21,2026-05-30,2027-05-21,337,334,2,9,23.48,,False
4261,MOV-004261,LOT-2026-04261,PROD-004,La Paz,2026-07-27,2026-08-21,2027-07-27,207,202,1,25,27.26,,False
4262,MOV-004262,LOT-2026-04262,PROD-052,Tarija,2026-06-09,2026-06-11,2026-12-06,164,158,2,2,59.66,,False
4263,MOV-004263,LOT-2026-04263,PROD-055,La Paz,2026-07-06,2026-07-28,2027-07-06,223,217,1,22,60.11,,False
4264,MOV-004264,LOT-2026-04264,PROD-043,La Paz,2026-07-16,2026-07-31,2026-08-03,209,200,6,15,71.11,,False
4265,MOV-004265,LOT-2026-04265,PROD-034,Santa Cruz,2026-06-15,2026-06-28,2027-06-15,370,361,2,13,83.26,,False
4266,MOV-004266,LOT-2026-04266,PROD-003,Santa Cruz,2026-05-27,2026-07-05,2026-06-14,855,795,57,39,27.19,,False
4267,MOV-004267,LOT-2026-04267,PROD-026,La Paz,2026-08-28,2026-09-16,2027-08-28,382,375,2,19,66.47,,False
4268,MOV-004268,LOT-2026-04268,PROD-030,La Paz,2026-05-19,2026-06-20,2027-05-19,136,135,1,32,24.51,,False
4269,MOV-004269,LOT-2026-04269,PROD-037,Cochabamba,2026-05-11,2026-05-24,2027-05-11,921,909,6,13,64.93,,False
4270,MOV-004270,LOT-2026-04270,PROD-027,La Paz,2026-07-23,2026-08-04,2027-07-23,93,87,1,12,44.86,,False
4271,MOV-004271,LOT-2026-04271,PROD-028,Oruro,2026-05-03,2026-06-01,2027-05-03,427,423,2,29,55.4,,False
4272,MOV-004272,LOT-2026-04272,PROD-009,Oruro,2026-06-10,2026-06-21,2027-06-10,403,395,3,11,16.29,,False
4273,MOV-004273,LOT-2026-04273,PROD-002,La Paz,2026-05-23,2026-06-21,2026-06-10,700,662,37,29,33.75,,False
4274,MOV-004274,LOT-2026-04274,PROD-055,Santa Cruz,2026-05-08,2026-06-02,2027-05-08,321,313,3,25,60.11,,False
4275,MOV-004275,LOT-2026-04275,PROD-035,La Paz,2026-06-29,2026-07-20,2026-07-17,100,96,4,21,23.85,,False
4276,MOV-004276,LOT-2026-04276,PROD-006,Tarija,2026-07-28,2026-08-08,2027-07-28,572,566,3,11,23.32,,False
4277,MOV-004277,LOT-2026-04277,PROD-008,La Paz,2026-06-15,2026-07-05,2026-07-03,561,533,21,20,31.75,,False
4278,MOV-004278,LOT-2026-04278,PROD-045,La Paz,2026-08-09,2026-09-03,2027-08-09,445,437,3,25,61.85,,False
4279,MOV-004279,LOT-2026-04279,PROD-047,Santa Cruz,2026-08-13,2026-08-29,2027-08-13,487,483,2,16,21.58,,False
4280,MOV-004280,LOT-2026-04280,PROD-024,La Paz,2026-07-10,2026-08-07,2027-07-10,607,599,5,28,23.48,,False
4281,MOV-004281,LOT-2026-04281,PROD-007,Tarija,2026-07-25,2026-08-14,2027-07-25,328,325,3,20,23.87,,False
4282,MOV-004282,LOT-2026-04282,PROD-053,Cochabamba,2026-05-10,2026-05-31,2027-05-10,899,888,6,21,73.12,,False
4283,MOV-004283,LOT-2026-04283,PROD-014,Oruro,2026-07-03,2026-07-29,2027-07-03,502,499,3,26,21.61,,False
4284,MOV-004284,LOT-2026-04284,PROD-025,Cochabamba,2026-05-16,2026-05-18,2026-06-03,364,350,10,2,45.25,,False
4285,MOV-004285,LOT-2026-04285,PROD-041,Oruro,2026-05-09,2026-05-20,2027-05-09,270,263,2,11,14.19,,False
4286,MOV-004286,LOT-2026-04286,PROD-019,Santa Cruz,2026-05-30,2026-06-22,2026-06-17,220,208,9,23,62.22,,False
4287,MOV-004287,LOT-2026-04287,PROD-036,La Paz,2026-07-15,2026-07-17,2027-01-11,639,630,8,2,53.28,,False
4288,MOV-004288,LOT-2026-04288,PROD-017,Santa Cruz,2026-05-12,2026-05-26,2026-05-30,356,344,11,14,19.81,,False
4289,MOV-004289,LOT-2026-04289,PROD-008,La Paz,2026-05-29,2026-06-29,2026-06-16,462,432,26,31,31.75,,False
4290,MOV-004290,LOT-2026-04290,PROD-016,Cochabamba,2026-08-06,2026-08-24,2027-08-06,711,705,5,18,44.33,,False
4291,MOV-004291,LOT-2026-04291,PROD-004,Oruro,2026-05-12,2026-05-31,2027-05-12,360,356,2,19,27.26,,False
4292,MOV-004292,LOT-2026-04292,PROD-055,Tarija,2026-05-15,2026-06-07,2027-05-15,480,474,3,23,60.11,,False
4293,MOV-004293,LOT-2026-04293,PROD-033,Cochabamba,2026-08-09,2026-09-08,2027-08-09,540,532,3,30,77.59,,False
4294,MOV-004294,LOT-2026-04294,PROD-045,Oruro,2026-07-14,2026-08-17,2027-07-14,655,647,5,34,61.85,,False
4295,MOV-004295,LOT-2026-04295,PROD-044,Santa Cruz,2026-06-14,2026-07-13,2027-06-14,425,422,3,29,65.12,,False
4296,MOV-004296,LOT-2026-04296,PROD-023,La Paz,2026-07-25,2026-08-05,2027-01-21,370,361,5,11,64.4,,False
4297,MOV-004297,LOT-2026-04297,PROD-016,Santa Cruz,2026-08-06,2026-08-16,2027-08-06,111,105,1,10,44.33,,False
4298,MOV-004298,LOT-2026-04298,PROD-044,Tarija,2026-07-18,2026-08-08,2027-07-18,50,50,0,21,65.12,,False
4299,MOV-004299,LOT-2026-04299,PROD-027,Oruro,2026-06-23,2026-07-25,2027-06-23,925,913,5,32,44.86,,False
4300,MOV-004300,LOT-2026-04300, prod-024 ,Cochabamba,2026-07-11,2026-07-19,2027-07-11,217,209,1,8,23.48,,False
4301,MOV-004301,LOT-2026-04301,PROD-005,Tarija,2026-06-26,2026-07-09,2027-06-26,327,319,2,13,76.84,,False
4302,MOV-004302,LOT-2026-04302,PROD-046,Tarija,2026-05-30,2026-06-22,2027-05-30,736,725,5,23,12.64,,False
4303,MOV-004303,LOT-2026-04303,PROD-005,Cochabamba,2026-06-20,2026-07-06,2027-06-20,981,972,7,16,76.84,,False
4304,MOV-004304,LOT-2026-04304,PROD-036,Tarija,2026-07-31,2026-08-12,2027-01-27,949,926,16,12,53.28,,False
4305,MOV-004305,LOT-2026-04305,PROD-017,Cochabamba,2026-05-06,2026-05-17,2026-05-24,796,774,21,11,19.81,,False
4306,MOV-004306,LOT-2026-04306,PROD-004,La Paz,2026-08-12,2026-08-26,2027-08-12,573,566,4,14,27.26,,False
4307,MOV-004307,LOT-2026-04307,PROD-031,Cochabamba,2026-06-13,2026-06-14,2026-12-10,353,345,5,1,14.93,,False
4308,MOV-004308,LOT-2026-04308,PROD-052,Tarija,2026-08-21,2026-09-14,2027-02-17,251,242,3,24,59.66,,False
4309,MOV-004309,LOT-2026-04309,PROD-002,Santa Cruz,2026-06-12,2026-06-26,2026-06-30,158,151,5,14,33.75,,False
4310,MOV-004310,LOT-2026-04310,PROD-048,Cochabamba,2026-08-27,2026-09-12,2027-08-27,472,469,3,16,24.01,,False
4311,MOV-004311,LOT-2026-04311,PROD-041,Santa Cruz,2026-08-18,2026-09-05,2027-08-18,964,956,6,18,14.19,,False
4312,MOV-004312,LOT-2026-04312,PROD-060,Cochabamba,2026-06-20,2026-07-01,2026-07-08,803,780,22,11,37.99,,False
4313,MOV-004313,LOT-2026-04313,PROD-048,Santa Cruz,2026-05-29,2026-06-25,2027-05-29,557,550,3,27,24.01,,False
4314,MOV-004314,LOT-2026-04314,PROD-056,Santa Cruz,2026-06-21,2026-07-08,2026-07-09,368,349,12,17,36.51,,False
4315,MOV-004315,LOT-2026-04315,PROD-022,La Paz,2026-08-09,2026-08-31,2027-02-05,378,372,5,22,67.52,,False
4316,MOV-004316,LOT-2026-04316,PROD-035,La Paz,2026-06-12,2026-06-20,2026-06-30,131,123,4,8,23.85,,False
4317,MOV-004317,LOT-2026-04317,PROD-033,Cochabamba,2026-06-01,2026-06-26,2027-06-01,374,366,2,25,77.59,,False
4318,MOV-004318,LOT-2026-04318,PROD-037,Oruro,2026-07-09,2026-07-24,2027-07-09,800,790,4,15,64.93,,False
4319,MOV-004319,LOT-2026-04319,PROD-055,Tarija,2026-06-04,2026-06-22,2027-06-04,780,773,6,18,60.11,,False
4320,MOV-004320,LOT-2026-04320,PROD-046,Santa Cruz,2026-07-08,2026-07-25,2027-07-08,168,163,1,17,12.64,,False
4321,MOV-004321,LOT-2026-04321,PROD-038,Tarija,2026-05-11,2026-06-04,2027-05-11,849,838,6,24,13.49,,False
4322,MOV-004322,LOT-2026-04322,PROD-001,Oruro,2026-08-16,2026-08-17,2027-02-12,811,797,14,1,42.39,,False
4323,MOV-004323,LOT-2026-04323,PROD-053,Oruro,2026-08-09,2026-09-08,2027-08-09,528,518,3,30,73.12,,False
4324,MOV-004324,LOT-2026-04324,PROD-059,La Paz,2026-05-14,2026-05-19,2026-06-01,469,457,12,5,13.44,,False
4325,MOV-004325,LOT-2026-04325,PROD-055,Tarija,2026-08-15,2026-08-30,2027-08-15,70,67,0,15,60.11,,False
4326,MOV-004326,LOT-2026-04326,PROD-060,Tarija,2026-07-25,2026-08-03,2026-08-12,260,251,7,9,37.99,,False
4327,MOV-004327,LOT-2026-04327,PROD-045,Santa Cruz,2026-06-03,2026-06-18,2027-06-03,467,460,3,15,61.85,,False
4328,MOV-004328,LOT-2026-04328,PROD-044,Oruro,2026-06-28,2026-07-21,2027-06-28,280,273,2,23,65.12,,False
4329,MOV-004329,LOT-2026-04329,PROD-034,La Paz,2026-08-16,2026-08-26,2027-08-16,605,598,4,10,83.26,,False
4330,MOV-004330,LOT-2026-04330,PROD-005,Cochabamba,2026-06-27,2026-07-15,2027-06-27,274,265,2,18,76.84,,False
4331,MOV-004331,LOT-2026-04331,PROD-046,La Paz,2026-07-09,2026-07-22,2027-07-09,845,836,5,13,12.64,,False
4332,MOV-004332,LOT-2026-04332,PROD-033,Oruro,2026-07-04,2026-07-25,2027-07-04,285,281,1,21,77.59,,False
4333,MOV-004333,LOT-2026-04333,PROD-037,Oruro,2026-07-27,2026-08-13,2027-07-27,426,416,3,17,64.93,,False
4334,MOV-004334,LOT-2026-04334,PROD-036,Cochabamba,2026-08-11,2026-08-14,2027-02-07,560,549,7,3,53.28,,False
4335,MOV-004335,LOT-2026-04335,PROD-049,Oruro,2026-05-21,2026-06-01,2026-06-08,274,265,7,11,25.49,,False
4336,MOV-004336,LOT-2026-04336,PROD-037,Santa Cruz,2026-08-06,2026-08-23,2027-08-06,576,569,4,17,64.93,,False
4337,MOV-004337,LOT-2026-04337,PROD-051,Tarija,2026-07-21,2026-08-26,2027-01-17,696,682,9,36,21.14,,False
4338,MOV-004338,LOT-2026-04338,PROD-049,Oruro,2026-07-03,2026-07-19,2026-07-21,621,598,21,16,25.49,,False
4339,MOV-004339,LOT-2026-04339,PROD-053,La Paz,2026-07-29,2026-08-18,2027-07-29,61,59,0,20,73.12,,False
4340,MOV-004340,LOT-2026-04340,PROD-046,Cochabamba,2026-07-06,2026-07-20,2027-07-06,711,702,4,14,12.64,,False
4341,MOV-004341,LOT-2026-04341,PROD-059,Cochabamba,2026-08-01,2026-08-12,2026-08-19,516,496,14,11,13.44,,False
4342,MOV-004342,LOT-2026-04342,PROD-012,Oruro,2026-05-19,2026-05-31,2026-11-15,897,884,11,12,80.8,,False
4343,MOV-004343,LOT-2026-04343,PROD-049,Tarija,2026-05-17,2026-06-01,2026-06-04,708,683,21,15,25.49,,False
4344,MOV-004344,LOT-2026-04344,PROD-003,La Paz,2026-07-30,2026-08-18,2026-08-17,545,520,20,19,27.19,,False
4345,MOV-004345,LOT-2026-04345,PROD-024,La Paz,2026-07-29,2026-09-04,2027-07-29,754,744,7,37,23.48,,False
4346,MOV-004346,LOT-2026-04346,PROD-022,La Paz,2026-08-06,2026-08-28,2027-02-02,868,850,11,22,67.52,,False
4347,MOV-004347,LOT-2026-04347,PROD-009,Tarija,2026-07-11,2026-07-23,2027-07-11,252,245,1,12,16.29,,False
4348,MOV-004348,LOT-2026-04348,PROD-008,Oruro,2026-06-27,2026-07-13,2026-07-15,558,534,18,16,31.75,,False
4349,MOV-004349,LOT-2026-04349,PROD-013,Tarija,2026-07-30,2026-08-25,2027-01-26,644,633,9,26,33.05,,False
4350,MOV-004350,LOT-2026-04350, prod-042 ,Cochabamba,2026-06-24,2026-07-19,2027-06-24,103,99,1,25,73.69,,False
4351,MOV-004351,LOT-2026-04351,PROD-049,Cochabamba,2026-07-17,2026-08-03,2026-08-04,788,760,28,17,25.49,,False
4352,MOV-004352,LOT-2026-04352,PROD-036,Santa Cruz,2026-07-28,2026-08-09,2027-01-24,384,373,5,12,53.28,,False
4353,MOV-004353,LOT-2026-04353,PROD-018,La Paz,2026-05-08,2026-06-06,2027-05-08,919,911,5,29,20.82,,False
4354,MOV-004354,LOT-2026-04354,PROD-039,Oruro,2026-07-28,2026-08-20,2027-07-28,651,641,4,23,56.75,,False
4355,MOV-004355,LOT-2026-04355,PROD-039,La Paz,2026-06-23,2026-08-06,2027-06-23,122,118,2,44,56.75,,False
4356,MOV-004356,LOT-2026-04356,PROD-007,La Paz,2026-07-21,2026-08-11,2027-07-21,305,301,2,21,23.87,,False
4357,MOV-004357,LOT-2026-04357,PROD-028,Santa Cruz,2026-08-07,2026-08-19,2027-08-07,121,114,1,12,55.4,,False
4358,MOV-004358,LOT-2026-04358,PROD-003,Oruro,2026-08-27,2026-08-29,2026-09-14,373,358,11,2,27.19,,False
4359,MOV-004359,LOT-2026-04359,PROD-054,Tarija,2026-07-19,2026-08-07,2027-07-19,211,210,1,19,81.98,,False
4360,MOV-004360,LOT-2026-04360,PROD-011,Oruro,2026-08-27,2026-08-30,2026-09-14,387,374,11,3,14.4,,False
4361,MOV-004361,LOT-2026-04361,PROD-043,Oruro,2026-05-09,2026-05-31,2026-05-27,699,666,28,22,71.11,,False
4362,MOV-004362,LOT-2026-04362,PROD-051,Santa Cruz,2026-05-03,2026-05-17,2026-10-30,414,404,5,14,21.14,,False
4363,MOV-004363,LOT-2026-04363,PROD-021,Oruro,2026-07-11,2026-07-26,2027-07-11,647,641,5,15,84.36,,False
4364,MOV-004364,LOT-2026-04364,PROD-043,Oruro,2026-06-13,2026-06-17,2026-07-01,986,954,25,4,71.11,,False
4365,MOV-004365,LOT-2026-04365,PROD-022,La Paz,2026-05-01,2026-05-07,2026-10-28,505,495,7,6,67.52,,False
4366,MOV-004366,LOT-2026-04366,PROD-013,Cochabamba,2026-08-20,2026-08-29,2027-02-16,105,97,1,9,33.05,,False
4367,MOV-004367,LOT-2026-04367,PROD-045,Cochabamba,2026-06-01,2026-06-15,2027-06-01,438,431,3,14,61.85,,False
4368,MOV-004368,LOT-2026-04368,PROD-003,Santa Cruz,2026-06-15,2026-06-27,2026-07-03,464,449,12,12,27.19,,False
4369,MOV-004369,LOT-2026-04369,PROD-037,Santa Cruz,2026-08-10,2026-09-03,2027-08-10,317,310,2,24,64.93,,False
4370,MOV-004370,LOT-2026-04370,PROD-023,Santa Cruz,2026-05-17,2026-05-31,2026-11-13,513,506,7,14,64.4,,False
4371,MOV-004371,LOT-2026-04371,PROD-041,La Paz,2026-05-25,2026-06-30,2027-05-25,228,225,2,36,14.19,,False
4372,MOV-004372,LOT-2026-04372,PROD-053,La Paz,2026-06-05,2026-07-14,2027-06-05,413,406,5,39,73.12,,False
4373,MOV-004373,LOT-2026-04373,PROD-048,Oruro,2026-07-12,2026-08-07,2027-07-12,749,745,4,26,24.01,,False
4374,MOV-004374,LOT-2026-04374,PROD-022,Tarija,2026-08-23,2026-09-26,2027-02-19,740,730,9,34,67.52,,False
4375,MOV-004375,LOT-2026-04375,PROD-027,La Paz,2026-07-18,2026-07-27,2027-07-18,762,757,4,9,44.86,,False
4376,MOV-004376,LOT-2026-04376,PROD-020,Cochabamba,2026-07-19,2026-08-17,2026-08-06,639,601,35,29,26.82,,False
4377,MOV-004377,LOT-2026-04377,PROD-003,Oruro,2026-08-01,2026-08-24,2026-08-19,660,632,28,23,27.19,,False
4378,MOV-004378,LOT-2026-04378,PROD-029,Cochabamba,2026-05-13,2026-06-11,2027-05-13,115,114,1,29,60.18,,False
4379,MOV-004379,LOT-2026-04379,PROD-012,Santa Cruz,2026-05-15,2026-05-28,2026-11-11,546,533,8,13,80.8,,False
4380,MOV-004380,LOT-2026-04380,PROD-017,Cochabamba,2026-05-17,2026-06-09,2026-06-04,465,440,20,23,19.81,,False
4381,MOV-004381,LOT-2026-04381,PROD-053,La Paz,2026-07-28,2026-08-08,2027-07-28,418,414,2,11,73.12,,False
4382,MOV-004382,LOT-2026-04382,PROD-038,La Paz,2026-06-13,2026-07-01,2027-06-13,488,484,2,18,13.49,,False
4383,MOV-004383,LOT-2026-04383,PROD-035,Oruro,2026-08-01,2026-08-03,2026-08-19,68,66,2,2,23.85,,False
4384,MOV-004384,LOT-2026-04384,PROD-003,Cochabamba,2026-07-05,2026-07-14,2026-07-23,460,443,12,9,27.19,,False
4385,MOV-004385,LOT-2026-04385,PROD-013,La Paz,2026-06-14,2026-06-23,2026-12-11,959,939,13,9,33.05,,False
4386,MOV-004386,LOT-2026-04386,PROD-009,Oruro,2026-08-05,2026-08-17,2027-08-05,66,66,0,12,16.29,,False
4387,MOV-004387,LOT-2026-04387,PROD-026,Tarija,2026-07-07,2026-08-19,2027-07-07,472,462,8,43,66.47,,False
4388,MOV-004388,LOT-2026-04388,PROD-028,Tarija,2026-05-16,2026-06-03,2027-05-16,88,81,1,18,55.4,,False
4389,MOV-004389,LOT-2026-04389,PROD-044,Tarija,2026-08-05,2026-09-23,2027-08-05,972,939,28,49,65.12,,False
4390,MOV-004390,LOT-2026-04390,PROD-052,La Paz,2026-08-25,2026-09-05,2027-02-21,761,750,11,11,59.66,,False
4391,MOV-004391,LOT-2026-04391,PROD-032,Tarija,2026-05-02,2026-06-13,2027-05-02,682,664,11,42,63.21,,False
4392,MOV-004392,LOT-2026-04392,PROD-026,La Paz,2026-08-27,2026-09-12,2027-08-27,393,387,4,16,66.47,,False
4393,MOV-004393,LOT-2026-04393,PROD-031,Cochabamba,2026-06-17,2026-06-18,2026-12-14,89,83,1,1,14.93,,False
4394,MOV-004394,LOT-2026-04394,PROD-017,Santa Cruz,2026-05-22,2026-06-16,2026-06-09,413,390,19,25,19.81,,False
4395,MOV-004395,LOT-2026-04395,PROD-020,La Paz,2026-08-13,2026-08-25,2026-08-31,608,587,17,12,26.82,,False
4396,MOV-004396,LOT-2026-04396,PROD-012,Cochabamba,2026-08-20,2026-09-05,2027-02-16,263,251,5,16,80.8,,False
4397,MOV-004397,LOT-2026-04397,PROD-055,Oruro,2026-07-13,2026-07-25,2027-07-13,865,858,7,12,60.11,,False
4398,MOV-004398,LOT-2026-04398,PROD-040,La Paz,2026-05-03,2026-05-09,2026-05-21,340,323,10,6,82.17,,False
4399,MOV-004399,LOT-2026-04399,PROD-051,Tarija,2026-06-17,2026-07-03,2026-12-14,627,618,8,16,21.14,,False
4400,MOV-004400,LOT-2026-04400,PROD-023,Cochabamba,2026-07-04,2026-07-22,2026-12-31,87,83,1,18,64.4,,False
4401,MOV-004401,LOT-2026-04401,PROD-054,Oruro,2026-06-19,2026-07-13,2027-06-19,915,903,5,24,81.98,,False
4402,MOV-004402,LOT-2026-04402,PROD-030,Oruro,2026-05-26,2026-06-24,2027-05-26,506,496,3,29,24.51,,False
4403,MOV-004403,LOT-2026-04403,PROD-009,Santa Cruz,2026-07-05,2026-07-21,2027-07-05,654,644,4,16,16.29,,False
4404,MOV-004404,LOT-2026-04404,PROD-001,Tarija,2026-07-27,2026-08-07,2027-01-23,755,736,13,11,42.39,,False
4405,MOV-004405,LOT-2026-04405,PROD-050,Tarija,2026-05-16,2026-05-25,2026-06-03,343,329,9,9,55.37,,False
4406,MOV-004406,LOT-2026-04406,PROD-050,La Paz,2026-07-09,2026-08-03,2026-07-27,380,360,18,25,55.37,,False
4407,MOV-004407,LOT-2026-04407,PROD-055,La Paz,2026-06-16,2026-07-10,2027-06-16,428,421,2,24,60.11,,False
4408,MOV-004408,LOT-2026-04408,PROD-016,Santa Cruz,2026-06-13,2026-07-05,2027-06-13,225,223,2,22,44.33,,False
4409,MOV-004409,LOT-2026-04409,PROD-012,Santa Cruz,2026-07-26,2026-08-01,2027-01-22,402,393,7,6,80.8,,False
4410,MOV-004410,LOT-2026-04410,PROD-047,Santa Cruz,2026-07-19,2026-08-15,2027-07-19,537,526,4,27,21.58,,False
4411,MOV-004411,LOT-2026-04411,PROD-006,La Paz,2026-07-31,2026-08-13,2027-07-31,857,845,10,13,23.32,,False
4412,MOV-004412,LOT-2026-04412,PROD-031,Cochabamba,2026-06-06,2026-06-15,2026-12-03,59,53,1,9,14.93,,False
4413,MOV-004413,LOT-2026-04413,PROD-031,Tarija,2026-08-05,2026-08-20,2027-02-01,707,695,9,15,14.93,,False
4414,MOV-004414,LOT-2026-04414,PROD-038,Santa Cruz,2026-05-18,2026-06-01,2027-05-18,63,58,0,14,13.49,,False
4415,MOV-004415,LOT-2026-04415,PROD-026,Tarija,2026-06-28,2026-07-26,2027-06-28,885,878,6,28,66.47,,False
4416,MOV-004416,LOT-2026-04416,PROD-038,Tarija,2026-06-11,2026-07-01,2027-06-11,978,964,7,20,13.49,,False
4417,MOV-004417,LOT-2026-04417,PROD-016,La Paz,2026-05-16,2026-06-25,2027-05-16,57,51,1,40,44.33,,False
4418,MOV-004418,LOT-2026-04418,PROD-027,Oruro,2026-07-18,2026-08-31,2027-07-18,535,517,12,44,44.86,,False
4419,MOV-004419,LOT-2026-04419,PROD-049,Cochabamba,2026-07-22,2026-07-30,2026-08-09,997,958,32,8,25.49,,False
4420,MOV-004420,LOT-2026-04420,PROD-023,Santa Cruz,2026-05-09,2026-05-26,2026-11-05,206,199,3,17,64.4,,False
4421,MOV-004421,LOT-2026-04421,PROD-058,Tarija,2026-08-20,2026-09-13,2027-08-20,577,570,5,24,83.63,,False
4422,MOV-004422,LOT-2026-04422,PROD-031,La Paz,2026-06-11,2026-06-21,2026-12-08,635,621,10,10,14.93,,False
4423,MOV-004423,LOT-2026-04423,PROD-033,Tarija,2026-05-22,2026-06-12,2027-05-22,675,664,5,21,77.59,,False
4424,MOV-004424,LOT-2026-04424,PROD-030,Tarija,2026-08-07,2026-09-01,2027-08-07,820,810,4,25,24.51,,False
4425,MOV-004425,LOT-2026-04425,PROD-004,Tarija,2026-07-05,2026-07-16,2027-07-05,113,109,1,11,27.26,,False
4426,MOV-004426,LOT-2026-04426,PROD-050,Cochabamba,2026-05-14,2026-06-05,2026-06-01,119,114,5,22,55.37,,False
4427,MOV-004427,LOT-2026-04427,PROD-052,La Paz,2026-05-05,2026-05-08,2026-11-01,886,868,11,3,59.66,,False
4428,MOV-004428,LOT-2026-04428,PROD-026,Oruro,2026-05-21,2026-06-30,2027-05-21,879,862,14,40,66.47,,False
4429,MOV-004429,LOT-2026-04429,PROD-034,La Paz,2026-07-18,2026-08-05,2027-07-18,166,165,1,18,83.26,,False
4430,MOV-004430,LOT-2026-04430,PROD-018,Cochabamba,2026-08-19,2026-09-07,2027-08-19,79,74,0,19,20.82,,False
4431,MOV-004431,LOT-2026-04431,PROD-021,Tarija,2026-05-09,2026-06-01,2027-05-09,158,151,1,23,84.36,,False
4432,MOV-004432,LOT-2026-04432,PROD-050,Oruro,2026-06-04,2026-06-15,2026-06-22,167,157,5,11,55.37,,False
4433,MOV-004433,LOT-2026-04433,PROD-032,Oruro,2026-07-05,2026-07-22,2027-07-05,245,240,2,17,63.21,,False
4434,MOV-004434,LOT-2026-04434,PROD-028,Cochabamba,2026-06-27,2026-07-15,2027-06-27,105,102,1,18,55.4,,False
4435,MOV-004435,LOT-2026-04435,PROD-047,Tarija,2026-08-06,2026-08-26,2027-08-06,278,269,2,20,21.58,,False
4436,MOV-004436,LOT-2026-04436,PROD-042,La Paz,2026-07-05,2026-07-16,2027-07-05,150,143,1,11,73.69,,False
4437,MOV-004437,LOT-2026-04437,PROD-056,Santa Cruz,2026-08-11,2026-08-26,2026-08-29,393,380,12,15,36.51,,False
4438,MOV-004438,LOT-2026-04438,PROD-058,Cochabamba,2026-08-27,2026-09-25,2027-08-27,949,934,8,29,83.63,,False
4439,MOV-004439,LOT-2026-04439,PROD-052,Cochabamba,2026-05-26,2026-06-14,2026-11-22,541,532,7,19,59.66,,False
4440,MOV-004440,LOT-2026-04440,PROD-035,La Paz,2026-06-23,2026-07-05,2026-07-11,883,856,23,12,23.85,,False
4441,MOV-004441,LOT-2026-04441,PROD-001,Cochabamba,2026-06-04,2026-06-21,2026-12-01,615,602,8,17,42.39,,False
4442,MOV-004442,LOT-2026-04442,PROD-038,Tarija,2026-06-15,2026-07-18,2027-06-15,224,216,1,33,13.49,,False
4443,MOV-004443,LOT-2026-04443,PROD-039,Cochabamba,2026-06-30,2026-07-22,2027-06-30,789,783,4,22,56.75,,False
4444,MOV-004444,LOT-2026-04444,PROD-039,La Paz,2026-08-09,2026-08-29,2027-08-09,635,629,4,20,56.75,,False
4445,MOV-004445,LOT-2026-04445,PROD-037,Oruro,2026-08-26,2026-09-14,2027-08-26,296,294,2,19,64.93,,False
4446,MOV-004446,LOT-2026-04446,PROD-053,Tarija,2026-06-25,2026-07-15,2027-06-25,93,87,1,20,73.12,,False
4447,MOV-004447,LOT-2026-04447,PROD-024,Tarija,2026-08-15,2026-08-30,2027-08-15,151,148,1,15,23.48,,False
4448,MOV-004448,LOT-2026-04448,PROD-020,La Paz,2026-08-04,2026-08-09,2026-08-22,814,789,22,5,26.82,,False
4449,MOV-004449,LOT-2026-04449,PROD-026,Santa Cruz,2026-05-14,2026-05-25,2027-05-14,728,719,5,11,66.47,,False
4450,MOV-004450,LOT-2026-04450,PROD-010,La Paz,2026-08-07,2026-08-20,2027-08-07,403,395,2,13,47.91,,False
4451,MOV-004451,LOT-2026-04451,PROD-042,Oruro,2026-06-18,2026-06-30,2027-06-18,424,415,2,12,73.69,,False
4452,MOV-004452,LOT-2026-04452,PROD-002,Santa Cruz,2026-05-28,2026-06-08,2026-06-15,93,84,2,11,33.75,,False
4453,MOV-004453,LOT-2026-04453,PROD-030,Santa Cruz,2026-06-24,2026-07-06,2027-06-24,392,384,2,12,24.51,,False
4454,MOV-004454,LOT-2026-04454,PROD-004,Tarija,2026-08-12,2026-09-08,2027-08-12,336,329,2,27,27.26,,False
4455,MOV-004455,LOT-2026-04455,PROD-027,Tarija,2026-08-23,2026-09-06,2027-08-23,308,303,2,14,44.86,,False
4456,MOV-004456,LOT-2026-04456,PROD-001,Oruro,2026-07-04,2026-07-11,2026-12-31,708,697,9,7,42.39,,False
4457,MOV-004457,LOT-2026-04457,PROD-034,Santa Cruz,2026-07-09,2026-07-22,2027-07-09,394,390,3,13,83.26,,False
4458,MOV-004458,LOT-2026-04458,PROD-053,Santa Cruz,2026-08-22,2026-09-03,2027-08-22,870,863,6,12,73.12,,False
4459,MOV-004459,LOT-2026-04459,PROD-013,Santa Cruz,2026-06-22,2026-07-06,,229,219,4,14,33.05,fecha_vencimiento,True
4460,MOV-004460,LOT-2026-04460,PROD-008,Oruro,2026-06-25,2026-07-17,2026-07-13,244,231,10,22,31.75,,False
4461,MOV-004461,LOT-2026-04461,PROD-020,Santa Cruz,2026-07-12,2026-07-24,2026-07-30,198,193,5,12,26.82,,False
4462,MOV-004462,LOT-2026-04462,PROD-054,Cochabamba,2026-08-18,2026-09-03,2027-08-18,202,196,1,16,81.98,,False
4463,MOV-004463,LOT-2026-04463,PROD-040,Santa Cruz,2026-05-22,2026-05-28,2026-06-09,424,410,11,6,82.17,,False
4464,MOV-004464,LOT-2026-04464,PROD-007,Santa Cruz,2026-07-13,2026-08-03,2027-07-13,461,452,3,21,23.87,,False
4465,MOV-004465,LOT-2026-04465,PROD-008,La Paz,2026-06-12,2026-06-23,2026-06-30,863,834,23,11,31.75,,False
4466,MOV-004466,LOT-2026-04466,PROD-045,La Paz,2026-06-06,2026-06-20,2027-06-06,538,531,3,14,61.85,,False
4467,MOV-004467,LOT-2026-04467,PROD-050,La Paz,2026-06-14,2026-07-02,2026-07-02,277,261,11,18,55.37,,False
4468,MOV-004468,LOT-2026-04468,PROD-046,Cochabamba,2026-05-10,2026-06-03,2027-05-10,781,772,4,24,12.64,,False
4469,MOV-004469,LOT-2026-04469,PROD-009,Tarija,2026-08-09,2026-09-02,2027-08-09,276,268,2,24,16.29,,False
4470,MOV-004470,LOT-2026-04470,PROD-030,Tarija,2026-07-16,2026-08-18,2027-07-16,520,508,5,33,24.51,,False
4471,MOV-004471,LOT-2026-04471,PROD-008,Santa Cruz,2026-07-09,2026-08-03,2026-07-27,207,195,10,25,31.75,,False
4472,MOV-004472,LOT-2026-04472,PROD-026,Santa Cruz,2026-08-28,2026-09-10,2027-08-28,593,584,4,13,66.47,,False
4473,MOV-004473,LOT-2026-04473,PROD-046,La Paz,2026-08-06,2026-09-06,2027-08-06,946,934,7,31,12.64,,False
4474,MOV-004474,LOT-2026-04474,PROD-003,La Paz,2026-06-24,2026-07-04,2026-07-12,715,691,19,10,27.19,,False
4475,MOV-004475,LOT-2026-04475,PROD-022,Oruro,2026-07-08,2026-07-30,2027-01-04,165,157,2,22,67.52,,False
4476,MOV-004476,LOT-2026-04476,PROD-051,Oruro,2026-07-02,2026-07-10,2026-12-29,130,125,2,8,21.14,,False
4477,MOV-004477,LOT-2026-04477,PROD-015,Tarija,2026-06-03,2026-06-15,2026-11-30,946,929,16,12,54.56,,False
4478,MOV-004478,LOT-2026-04478,PROD-047,Oruro,2026-05-16,2026-06-06,2027-05-16,98,91,1,21,21.58,,False
4479,MOV-004479,LOT-2026-04479,PROD-032,Tarija,2026-05-20,2026-06-06,2027-05-20,76,74,0,17,63.21,,False
4480,MOV-004480,LOT-2026-04480,PROD-012,Tarija,2026-07-24,2026-08-08,2027-01-20,735,718,10,15,80.8,,False
4481,MOV-004481,LOT-2026-04481,PROD-030,Tarija,2026-06-26,2026-07-10,2027-06-26,59,56,0,14,24.51,,False
4482,MOV-004482,LOT-2026-04482,PROD-060,Tarija,2026-06-21,2026-07-23,2026-07-09,869,814,48,32,37.99,,False
4483,MOV-004483,LOT-2026-04483,PROD-054,La Paz,2026-05-12,2026-06-04,2027-05-12,459,450,2,23,81.98,,False
4484,MOV-004484,LOT-2026-04484,PROD-025,Santa Cruz,2026-06-28,2026-07-10,2026-07-16,681,658,19,12,45.25,,False
4485,MOV-004485,LOT-2026-04485,PROD-007,Oruro,2026-06-20,2026-07-16,2027-06-20,471,465,3,26,23.87,,False
4486,MOV-004486,LOT-2026-04486,PROD-037,Santa Cruz,2026-06-15,2026-06-28,2027-06-15,974,962,6,13,64.93,,False
4487,MOV-004487,LOT-2026-04487,PROD-016,Oruro,2026-08-25,2026-09-07,2027-08-25,298,294,2,13,44.33,,False
4488,MOV-004488,LOT-2026-04488,PROD-030,Santa Cruz,2026-08-05,2026-09-03,2027-08-05,129,125,1,29,24.51,,False
4489,MOV-004489,LOT-2026-04489,PROD-059,Oruro,2026-06-06,2026-06-13,2026-06-24,399,385,11,7,13.44,,False
4490,MOV-004490,LOT-2026-04490,PROD-034,La Paz,2026-06-03,2026-06-15,2027-06-03,385,380,2,12,83.26,,False
4491,MOV-004491,LOT-2026-04491,PROD-049,Oruro,2026-05-10,2026-06-04,2026-05-28,405,379,19,25,25.49,,False
4492,MOV-004492,LOT-2026-04492,PROD-053,Tarija,2026-05-07,2026-05-17,2027-05-07,67,61,0,10,73.12,,False
4493,MOV-004493,LOT-2026-04493,PROD-023,Cochabamba,2026-06-05,2026-06-21,2026-12-02,190,186,3,16,64.4,,False
4494,MOV-004494,LOT-2026-04494,PROD-045,Tarija,2026-06-02,2026-06-20,2027-06-02,56,52,0,18,61.85,,False
4495,MOV-004495,LOT-2026-04495,PROD-034,Oruro,2026-07-21,2026-08-02,2027-07-21,879,872,7,12,83.26,,False
4496,MOV-004496,LOT-2026-04496,PROD-047,Oruro,2026-06-08,2026-06-18,2027-06-08,355,349,2,10,21.58,,False
4497,MOV-004497,LOT-2026-04497,PROD-041,Santa Cruz,2026-08-15,2026-09-05,2027-08-15,323,319,2,21,14.19,,False
4498,MOV-004498,LOT-2026-04498,PROD-031,Tarija,2026-08-13,2026-08-31,2027-02-09,97,93,1,18,14.93,,False
4499,MOV-004499,LOT-2026-04499,PROD-016,La Paz,2026-08-12,2026-09-14,2027-08-12,618,608,5,33,44.33,,False
4500,MOV-004500,LOT-2026-04500,PROD-033,Tarija,2026-08-17,2026-09-03,2027-08-17,810,800,4,17,77.59,,False
4501,MOV-004501,LOT-2026-04501,PROD-011,Santa Cruz,2026-08-12,2026-08-18,2026-08-30,188,183,5,6,14.4,,False
4502,MOV-004502,LOT-2026-04502,PROD-011,Oruro,2026-05-26,2026-06-07,2026-06-13,539,523,15,12,14.4,,False
4503,MOV-004503,LOT-2026-04503,PROD-042,La Paz,2026-05-09,2026-06-08,2027-05-09,90,83,1,30,73.69,,False
4504,MOV-004504,LOT-2026-04504,PROD-060,Tarija,2026-07-09,2026-07-25,2026-07-27,91,85,3,16,37.99,,False
4505,MOV-004505,LOT-2026-04505,PROD-059,Santa Cruz,2026-05-04,2026-05-29,2026-05-22,264,249,12,25,13.44,,False
4506,MOV-004506,LOT-2026-04506,PROD-036,Santa Cruz,2026-06-25,2026-06-30,2026-12-22,746,729,10,5,53.28,,False
4507,MOV-004507,LOT-2026-04507,PROD-023,Tarija,2026-07-31,2026-08-10,2027-01-27,366,361,5,10,64.4,,False
4508,MOV-004508,LOT-2026-04508,PROD-009,Oruro,2026-06-14,2026-06-30,2027-06-14,748,740,5,16,16.29,,False
4509,MOV-004509,LOT-2026-04509,PROD-017,Tarija,2026-08-10,2026-09-03,2026-08-28,207,195,9,24,19.81,,False
4510,MOV-004510,LOT-2026-04510,PROD-054,Oruro,2026-05-24,2026-06-07,2027-05-24,863,852,5,14,81.98,,False
4511,MOV-004511,LOT-2026-04511,PROD-035,Oruro,2026-06-23,2026-08-03,2026-07-11,302,278,21,41,23.85,,False
4512,MOV-004512,LOT-2026-04512,PROD-046,Oruro,2026-05-01,2026-05-21,2027-05-01,496,488,3,20,12.64,,False
4513,MOV-004513,LOT-2026-04513,PROD-059,Tarija,2026-06-22,2026-06-29,2026-07-10,721,699,18,7,13.44,,False
4514,MOV-004514,LOT-2026-04514,PROD-040,Tarija,2026-07-14,2026-07-17,2026-08-01,929,904,24,3,82.17,,False
4515,MOV-004515,LOT-2026-04515,PROD-031,Tarija,2026-05-19,2026-06-13,2026-11-15,741,726,9,25,14.93,,False
4516,MOV-004516,LOT-2026-04516,PROD-023,Cochabamba,2026-08-27,2026-08-28,2027-02-23,55,52,1,1,64.4,,False
4517,MOV-004517,LOT-2026-04517,PROD-056,Cochabamba,2026-05-30,2026-06-10,2026-06-17,843,818,23,11,36.51,,False
4518,MOV-004518,LOT-2026-04518,PROD-013,Oruro,2026-05-02,2026-05-20,2026-10-29,720,709,10,18,33.05,,False
4519,MOV-004519,LOT-2026-04519,PROD-055,Oruro,2026-05-03,2026-05-19,2027-05-03,871,853,11,16,60.11,,False
4520,MOV-004520,LOT-2026-04520,PROD-024,La Paz,2026-06-10,2026-06-20,2027-06-10,777,764,6,10,23.48,,False
4521,MOV-004521,LOT-2026-04521,PROD-022,Oruro,2026-08-28,2026-09-01,2027-02-24,536,527,9,4,67.52,,False
4522,MOV-004522,LOT-2026-04522,PROD-053,Cochabamba,2026-08-18,2026-09-02,2027-08-18,553,550,3,15,73.12,,False
4523,MOV-004523,LOT-2026-04523,PROD-013,Oruro,2026-06-10,2026-06-22,2026-12-07,552,538,8,12,33.05,,False
4524,MOV-004524,LOT-2026-04524,PROD-025,Santa Cruz,2026-05-04,2026-05-14,2026-05-22,453,442,11,10,45.25,,False
4525,MOV-004525,LOT-2026-04525,PROD-042,Cochabamba,2026-07-13,2026-07-26,2027-07-13,813,803,6,13,73.69,,False
4526,MOV-004526,LOT-2026-04526,PROD-059,La Paz,2026-07-22,2026-07-30,2026-08-09,171,160,5,8,13.44,,False
4527,MOV-004527,LOT-2026-04527,PROD-022,Oruro,2026-08-15,2026-08-18,2027-02-11,260,249,5,3,67.52,,False
4528,MOV-004528,LOT-2026-04528,PROD-024,La Paz,2026-08-10,2026-09-08,2027-08-10,404,400,2,29,23.48,,False
4529,MOV-004529,LOT-2026-04529,PROD-059,Oruro,2026-08-15,2026-08-30,2026-09-02,220,213,7,15,13.44,,False
4530,MOV-004530,LOT-2026-04530,PROD-006,Santa Cruz,2026-08-15,2026-08-30,2027-08-15,877,873,4,15,23.32,,False
4531,MOV-004531,LOT-2026-04531,PROD-001,Tarija,2026-05-01,2026-05-13,2026-10-28,602,589,9,12,42.39,,False
4532,MOV-004532,LOT-2026-04532,PROD-039,Cochabamba,2026-08-09,2026-08-28,2027-08-09,862,848,7,19,56.75,,False
4533,MOV-004533,LOT-2026-04533,PROD-040,La Paz,2026-05-21,2026-06-05,2026-06-08,224,210,7,15,82.17,,False
4534,MOV-004534,LOT-2026-04534,PROD-047,Tarija,2026-06-28,2026-07-25,2027-06-28,561,556,5,27,21.58,,False
4535,MOV-004535,LOT-2026-04535,PROD-041,La Paz,2026-06-06,2026-07-12,2027-06-06,138,137,1,36,14.19,,False
4536,MOV-004536,LOT-2026-04536,PROD-009,Oruro,2026-05-25,2026-06-14,2027-05-25,261,253,3,20,16.29,,False
4537,MOV-004537,LOT-2026-04537,PROD-034,Tarija,2026-07-26,2026-08-23,2027-07-26,861,847,7,28,83.26,,False
4538,MOV-004538,LOT-2026-04538,PROD-026,Tarija,2026-05-14,2026-06-12,2027-05-14,145,141,1,29,66.47,,False
4539,MOV-004539,LOT-2026-04539,PROD-059,Santa Cruz,2026-07-28,2026-08-08,2026-08-15,858,829,23,11,13.44,,False
4540,MOV-004540,LOT-2026-04540,PROD-004,Tarija,2026-06-13,2026-06-30,2027-06-13,290,282,2,17,27.26,,False
4541,MOV-004541,LOT-2026-04541,PROD-012,Oruro,2026-05-18,2026-06-03,2026-11-14,650,642,8,16,80.8,,False
4542,MOV-004542,LOT-2026-04542,PROD-030,Cochabamba,2026-06-07,2026-06-27,2027-06-07,262,255,2,20,24.51,,False
4543,MOV-004543,LOT-2026-04543,PROD-041,Tarija,2026-06-28,2026-07-29,2027-06-28,274,266,2,31,14.19,,False
4544,MOV-004544,LOT-2026-04544,PROD-031,Cochabamba,2026-06-26,2026-07-21,2026-12-23,959,946,12,25,14.93,,False
4545,MOV-004545,LOT-2026-04545,PROD-036,Cochabamba,2026-08-23,2026-09-11,2027-02-19,149,144,2,19,53.28,,False
4546,MOV-004546,LOT-2026-04546,PROD-042,Santa Cruz,2026-07-17,2026-08-07,2027-07-17,808,803,4,21,73.69,,False
4547,MOV-004547,LOT-2026-04547,PROD-011,La Paz,2026-07-30,2026-08-10,2026-08-17,522,505,16,11,14.4,,False
4548,MOV-004548,LOT-2026-04548,PROD-031,Santa Cruz,2026-06-13,2026-07-29,2026-12-10,229,220,7,46,14.93,,False
4549,MOV-004549,LOT-2026-04549,PROD-044,Tarija,2026-08-06,2026-08-18,2027-08-06,762,753,4,12,65.12,,False
4550,MOV-004550,LOT-2026-04550,PROD-026,Santa Cruz,2026-08-05,2026-08-18,2027-08-05,199,198,1,13,66.47,,False
4551,MOV-004551,LOT-2026-04551,PROD-013,Santa Cruz,2026-06-21,2026-07-01,2026-12-18,688,672,9,10,33.05,,False
4552,MOV-004552,LOT-2026-04552,PROD-054,La Paz,2026-05-12,2026-05-22,2027-05-12,61,57,1,10,81.98,,False
4553,MOV-004553,LOT-2026-04553,PROD-032,Oruro,2026-08-28,2026-09-29,2027-08-28,710,705,4,32,63.21,,False
4554,MOV-004554,LOT-2026-04554,PROD-018,Tarija,2026-05-03,2026-06-07,2027-05-03,974,963,8,35,20.82,,False
4555,MOV-004555,LOT-2026-04555,PROD-052,La Paz,2026-06-24,2026-06-29,2026-12-21,741,721,13,5,59.66,,False
4556,MOV-004556,LOT-2026-04556,PROD-027,Tarija,2026-07-29,2026-09-02,2027-07-29,995,986,7,35,44.86,,False
4557,MOV-004557,LOT-2026-04557,PROD-020,Santa Cruz,2026-05-03,2026-05-09,2026-05-21,336,326,10,6,26.82,,False
4558,MOV-004558,LOT-2026-04558,PROD-011,La Paz,2026-06-18,2026-07-22,2026-07-06,239,221,14,34,14.4,,False
4559,MOV-004559,LOT-2026-04559,PROD-007,Tarija,2026-08-10,2026-09-14,2027-08-10,629,621,4,35,23.87,,False
4560,MOV-004560,LOT-2026-04560,PROD-019,Tarija,2026-05-07,2026-05-10,2026-05-25,847,825,22,3,62.22,,False
4561,MOV-004561,LOT-2026-04561,PROD-008,La Paz,2026-06-14,2026-06-20,2026-07-02,687,666,18,6,31.75,,False
4562,MOV-004562,LOT-2026-04562,PROD-051,Tarija,2026-07-17,2026-08-02,2027-01-13,622,606,9,16,21.14,,False
4563,MOV-004563,LOT-2026-04563,PROD-028,La Paz,2026-05-31,2026-06-18,2027-05-31,482,478,3,18,55.4,,False
4564,MOV-004564,LOT-2026-04564,PROD-022,Oruro,2026-08-05,2026-08-09,2027-02-01,499,486,7,4,67.52,,False
4565,MOV-004565,LOT-2026-04565,PROD-035,Santa Cruz,2026-06-08,2026-06-27,2026-06-26,312,293,12,19,23.85,,False
4566,MOV-004566,LOT-2026-04566,PROD-035,La Paz,2026-08-01,2026-08-15,2026-08-19,607,582,19,14,23.85,,False
4567,MOV-004567,LOT-2026-04567,PROD-053,Cochabamba,2026-08-08,2026-08-21,2027-08-08,732,720,5,13,73.12,,False
4568,MOV-004568,LOT-2026-04568,PROD-046,Cochabamba,2026-08-06,2026-08-19,2027-08-06,698,685,8,13,12.64,,False
4569,MOV-004569,LOT-2026-04569,PROD-028,Oruro,2026-07-09,2026-07-29,2027-07-09,126,121,1,20,55.4,,False
4570,MOV-004570,LOT-2026-04570,PROD-038,Oruro,2026-06-08,2026-06-17,2027-06-08,928,919,7,9,13.49,,False
4571,MOV-004571,LOT-2026-04571,PROD-043,Cochabamba,2026-07-24,2026-08-04,2026-08-11,63,59,2,11,71.11,,False
4572,MOV-004572,LOT-2026-04572,PROD-039,Cochabamba,2026-06-19,2026-07-14,2027-06-19,50,50,0,25,56.75,,False
4573,MOV-004573,LOT-2026-04573,PROD-002,Tarija,2026-07-23,2026-07-29,2026-08-10,120,114,3,6,33.75,,False
4574,MOV-004574,LOT-2026-04574,PROD-027,Cochabamba,2026-05-26,2026-06-21,2027-05-26,371,364,2,26,44.86,,False
4575,MOV-004575,LOT-2026-04575,PROD-008,La Paz,2026-06-16,2026-06-24,2026-07-04,168,163,5,8,31.75,,False
4576,MOV-004576,LOT-2026-04576,PROD-047,Tarija,2026-06-30,2026-07-23,2027-06-30,449,445,3,23,21.58,,False
4577,MOV-004577,LOT-2026-04577,PROD-029,Cochabamba,2026-08-28,2026-09-26,2027-08-28,518,509,4,29,60.18,,False
4578,MOV-004578,LOT-2026-04578,PROD-002,Cochabamba,2026-08-10,2026-08-22,2026-08-28,355,340,9,12,33.75,,False
4579,MOV-004579,LOT-2026-04579,PROD-032,Oruro,2026-08-19,2026-09-01,2027-08-19,267,262,1,13,63.21,,False
4580,MOV-004580,LOT-2026-04580,PROD-050,Oruro,2026-05-23,2026-06-17,2026-06-10,527,496,24,25,55.37,,False
4581,MOV-004581,LOT-2026-04581,PROD-023,La Paz,2026-06-13,2026-06-23,2026-12-10,423,417,5,10,64.4,,False
4582,MOV-004582,LOT-2026-04582,PROD-051,Oruro,2026-07-16,2026-07-26,2027-01-12,488,481,6,10,21.14,,False
4583,MOV-004583,LOT-2026-04583,PROD-014,La Paz,2026-06-15,2026-07-09,2027-06-15,145,140,1,24,21.61,,False
4584,MOV-004584,LOT-2026-04584,PROD-054,Cochabamba,2026-07-28,2026-08-18,2027-07-28,427,424,3,21,81.98,,False
4585,MOV-004585,LOT-2026-04585,PROD-049,La Paz,2026-06-22,2026-07-02,2026-07-10,422,407,12,10,25.49,,False
4586,MOV-004586,LOT-2026-04586,PROD-008,Tarija,2026-07-05,2026-07-24,2026-07-23,560,537,20,19,31.75,,False
4587,MOV-004587,LOT-2026-04587,PROD-044,Cochabamba,2026-06-29,2026-07-13,2027-06-29,688,680,4,14,65.12,,False
4588,MOV-004588,LOT-2026-04588,PROD-003,Cochabamba,2026-07-14,2026-08-01,2026-08-01,625,594,24,18,27.19,,False
4589,MOV-004589,LOT-2026-04589,PROD-025,Santa Cruz,2026-06-12,2026-06-19,2026-06-30,830,801,25,7,45.25,,False
4590,MOV-004590,LOT-2026-04590,PROD-032,La Paz,2026-05-29,2026-06-10,2027-05-29,658,649,5,12,63.21,,False
4591,MOV-004591,LOT-2026-04591,PROD-047,Oruro,2026-06-02,2026-06-19,2027-06-02,312,305,2,17,21.58,,False
4592,MOV-004592,LOT-2026-04592,PROD-020,Oruro,2026-07-30,2026-08-25,2026-08-17,223,212,11,26,26.82,,False
4593,MOV-004593,LOT-2026-04593,PROD-006,La Paz,2026-08-11,2026-09-12,2027-08-11,925,912,8,32,23.32,,False
4594,MOV-004594,LOT-2026-04594,PROD-043,Oruro,2026-05-06,2026-05-12,2026-05-24,358,345,9,6,71.11,,False
4595,MOV-004595,LOT-2026-04595,PROD-018,La Paz,2026-07-01,2026-07-29,2027-07-01,478,474,3,28,20.82,,False
4596,MOV-004596,LOT-2026-04596,PROD-027,Cochabamba,2026-08-20,2026-09-07,2027-08-20,774,766,5,18,44.86,,False
4597,MOV-004597,LOT-2026-04597,PROD-053,Cochabamba,2026-05-04,2026-05-21,2027-05-04,305,300,2,17,73.12,,False
4598,MOV-004598,LOT-2026-04598,PROD-044,Tarija,2026-07-10,2026-08-23,2027-07-10,611,597,12,44,65.12,,False
4599,MOV-004599,LOT-2026-04599,PROD-057,Tarija,2026-07-29,2026-08-18,2027-07-29,71,64,0,20,39.61,,False
4600,MOV-004600,LOT-2026-04600,PROD-006,Santa Cruz,2026-07-29,2026-08-16,2027-07-29,576,568,5,18,23.32,,False
4601,MOV-004601,LOT-2026-04601,PROD-011,Tarija,2026-08-18,2026-08-31,2026-09-05,673,654,19,13,14.4,,False
4602,MOV-004602,LOT-2026-04602,PROD-009,Cochabamba,2026-08-12,2026-08-23,2027-08-12,523,518,3,11,16.29,,False
4603,MOV-004603,LOT-2026-04603,PROD-003,Santa Cruz,2026-06-30,2026-07-02,2026-07-18,481,468,12,2,27.19,,False
4604,MOV-004604,LOT-2026-04604,PROD-010,Cochabamba,2026-07-24,2026-08-28,2027-07-24,87,80,1,35,47.91,,False
4605,MOV-004605,LOT-2026-04605,PROD-022,Cochabamba,2026-05-15,2026-05-24,2026-11-11,172,165,2,9,67.52,,False
4606,MOV-004606,LOT-2026-04606,PROD-049,La Paz,2026-06-11,2026-06-14,2026-06-29,556,541,14,3,25.49,,False
4607,MOV-004607,LOT-2026-04607,PROD-039,Tarija,2026-05-06,2026-05-24,2027-05-06,485,481,3,18,56.75,,False
4608,MOV-004608,LOT-2026-04608,PROD-008,Oruro,2026-07-24,2026-08-04,2026-08-11,627,606,16,11,31.75,,False
4609,MOV-004609,LOT-2026-04609,PROD-004,Tarija,2026-07-03,2026-07-15,2027-07-03,547,539,7,12,27.26,,False
4610,MOV-004610,LOT-2026-04610,PROD-010,Santa Cruz,2026-08-06,2026-08-17,2027-08-06,486,482,4,11,47.91,,False
4611,MOV-004611,LOT-2026-04611,PROD-005,Oruro,2026-05-09,2026-05-21,2027-05-09,426,420,3,12,76.84,,False
4612,MOV-004612,LOT-2026-04612,PROD-001,Tarija,2026-06-09,2026-06-25,2026-12-06,896,879,11,16,42.39,,False
4613,MOV-004613,LOT-2026-04613,PROD-011,Cochabamba,2026-07-01,2026-08-04,2026-07-19,349,322,23,34,14.4,,False
4614,MOV-004614,LOT-2026-04614,PROD-040,Tarija,2026-05-30,2026-06-09,2026-06-17,163,152,4,10,82.17,,False
4615,MOV-004615,LOT-2026-04615,PROD-011,Santa Cruz,2026-05-21,2026-05-27,2026-06-08,130,120,3,6,14.4,,False
4616,MOV-004616,LOT-2026-04616,PROD-049,Santa Cruz,2026-07-01,2026-07-05,2026-07-19,132,123,3,4,25.49,,False
4617,MOV-004617,LOT-2026-04617,PROD-041,Santa Cruz,2026-05-12,2026-06-12,2027-05-12,364,358,2,31,14.19,,False
4618,MOV-004618,LOT-2026-04618,PROD-008,La Paz,2026-07-16,2026-07-17,2026-08-03,165,160,4,1,31.75,,False
4619,MOV-004619,LOT-2026-04619,PROD-051,Santa Cruz,2026-08-08,2026-08-24,2027-02-04,212,208,3,16,21.14,,False
4620,MOV-004620,LOT-2026-04620,PROD-052,La Paz,2026-06-25,2026-07-23,2026-12-22,191,181,3,28,59.66,,False
4621,MOV-004621,LOT-2026-04621,PROD-055,Santa Cruz,2026-05-22,2026-06-02,2027-05-22,929,923,5,11,60.11,,False
4622,MOV-004622,LOT-2026-04622,PROD-015,Cochabamba,2026-06-10,2026-06-27,2026-12-07,575,562,10,17,54.56,,False
4623,MOV-004623,LOT-2026-04623,PROD-050,Oruro,2026-07-24,2026-08-02,2026-08-11,989,958,25,9,55.37,,False
4624,MOV-004624,LOT-2026-04624,PROD-034,Santa Cruz,2026-08-05,2026-08-26,2027-08-05,399,396,2,21,83.26,,False
4625,MOV-004625,LOT-2026-04625,PROD-053,Santa Cruz,2026-08-26,2026-09-14,2027-08-26,707,697,6,19,73.12,,False
4626,MOV-004626,LOT-2026-04626,PROD-043,La Paz,2026-06-10,2026-06-20,2026-06-28,241,234,6,10,71.11,,False
4627,MOV-004627,LOT-2026-04627,PROD-030,Santa Cruz,2026-05-24,2026-06-07,2027-05-24,402,394,2,14,24.51,,False
4628,MOV-004628,LOT-2026-04628,PROD-018,Cochabamba,2026-05-25,2026-06-13,2027-05-25,296,294,2,19,20.82,,False
4629,MOV-004629,LOT-2026-04629,PROD-014,Cochabamba,2026-08-08,2026-08-18,2027-08-08,526,522,3,10,21.61,,False
4630,MOV-004630,LOT-2026-04630,PROD-055,Santa Cruz,2026-08-10,2026-09-08,2027-08-10,908,895,6,29,60.11,,False
4631,MOV-004631,LOT-2026-04631,PROD-005,Santa Cruz,2026-07-19,2026-08-09,2027-07-19,825,818,4,21,76.84,,False
4632,MOV-004632,LOT-2026-04632,PROD-049,Santa Cruz,2026-06-16,2026-06-22,2026-07-04,619,601,16,6,25.49,,False
4633,MOV-004633,LOT-2026-04633,PROD-011,Cochabamba,2026-06-15,2026-07-03,2026-07-03,888,855,33,18,14.4,,False
4634,MOV-004634,LOT-2026-04634,PROD-015,Santa Cruz,2026-08-21,2026-08-30,2027-02-17,813,802,11,9,54.56,,False
4635,MOV-004635,LOT-2026-04635,PROD-058,Santa Cruz,2026-06-14,2026-06-27,2027-06-14,65,59,1,13,83.63,,False
4636,MOV-004636,LOT-2026-04636,PROD-017,Oruro,2026-06-06,2026-07-07,2026-06-24,797,745,47,31,19.81,,False
4637,MOV-004637,LOT-2026-04637,PROD-042,Cochabamba,2026-06-13,2026-06-27,2027-06-13,629,621,4,14,73.69,,False
4638,MOV-004638,LOT-2026-04638,PROD-004,Tarija,2026-07-23,2026-08-08,2027-07-23,260,255,2,16,27.26,,False
4639,MOV-004639,LOT-2026-04639,PROD-032,Santa Cruz,2026-08-20,2026-09-09,2027-08-20,792,785,7,20,63.21,,False
4640,MOV-004640,LOT-2026-04640,PROD-054,Cochabamba,2026-08-24,2026-09-09,2027-08-24,644,632,5,16,81.98,,False
4641,MOV-004641,LOT-2026-04641,PROD-040,Oruro,2026-05-01,2026-05-04,2026-05-19,991,959,27,3,82.17,,False
4642,MOV-004642,LOT-2026-04642,PROD-007,Oruro,2026-07-24,2026-09-08,2027-07-24,808,787,18,46,23.87,,False
4643,MOV-004643,LOT-2026-04643,PROD-015,Tarija,2026-05-13,2026-05-21,2026-11-09,321,315,4,8,54.56,,False
4644,MOV-004644,LOT-2026-04644,PROD-013,Oruro,2026-06-28,2026-07-16,2026-12-25,466,454,6,18,33.05,,False
4645,MOV-004645,LOT-2026-04645,PROD-027,Tarija,2026-06-01,2026-06-18,2027-06-01,103,101,1,17,44.86,,False
4646,MOV-004646,LOT-2026-04646,PROD-054,Cochabamba,2026-05-19,2026-06-17,2027-05-19,779,774,5,29,81.98,,False
4647,MOV-004647,LOT-2026-04647,PROD-023,La Paz,2026-06-07,2026-06-30,2026-12-04,322,316,4,23,64.4,,False
4648,MOV-004648,LOT-2026-04648,PROD-001,La Paz,2026-05-21,2026-05-22,2026-11-17,204,199,3,1,42.39,,False
4649,MOV-004649,LOT-2026-04649,PROD-011,Cochabamba,2026-08-07,2026-08-09,2026-08-25,511,496,13,2,14.4,,False
4650,MOV-004650,LOT-2026-04650,PROD-055,Cochabamba,2026-05-25,2026-06-26,2027-05-25,101,96,1,32,60.11,,False
4651,MOV-004651,LOT-2026-04651,PROD-060,Cochabamba,2026-07-16,2026-08-09,2026-08-03,235,218,10,24,37.99,,False
4652,MOV-004652,LOT-2026-04652,PROD-041,Oruro,2026-07-14,2026-07-31,2027-07-14,240,234,1,17,14.19,,False
4653,MOV-004653,LOT-2026-04653,PROD-002,La Paz,2026-08-28,2026-09-11,2026-09-15,328,313,10,14,33.75,,False
4654,MOV-004654,LOT-2026-04654,PROD-051,Oruro,2026-08-09,2026-08-16,2027-02-05,350,340,7,7,21.14,,False
4655,MOV-004655,LOT-2026-04655,PROD-013,Oruro,2026-05-14,2026-05-16,2026-11-10,999,982,12,2,33.05,,False
4656,MOV-004656,LOT-2026-04656,PROD-014,Santa Cruz,2026-06-07,2026-06-25,2027-06-07,269,263,3,18,21.61,,False
4657,MOV-004657,LOT-2026-04657,PROD-017,Cochabamba,2026-05-17,2026-05-30,2026-06-04,564,548,16,13,19.81,,False
4658,MOV-004658,LOT-2026-04658,PROD-038,Oruro,2026-08-07,2026-08-24,2027-08-07,573,566,4,17,13.49,,False
4659,MOV-004659,LOT-2026-04659,PROD-045,Oruro,2026-08-26,2026-09-13,2027-08-26,760,749,4,18,61.85,,False
4660,MOV-004660,LOT-2026-04660,PROD-021,Cochabamba,2026-07-11,2026-07-21,2027-07-11,463,460,3,10,84.36,,False
4661,MOV-004661,LOT-2026-04661,PROD-050,Oruro,2026-07-31,2026-08-11,2026-08-18,319,303,9,11,55.37,,False
4662,MOV-004662,LOT-2026-04662,PROD-035,Cochabamba,2026-07-09,2026-07-31,2026-07-27,64,58,3,22,23.85,,False
4663,MOV-004663,LOT-2026-04663,PROD-020,Santa Cruz,2026-06-02,2026-06-22,2026-06-20,147,134,6,20,26.82,,False
4664,MOV-004664,LOT-2026-04664,PROD-013,Oruro,2026-07-14,2026-07-29,2027-01-10,651,635,10,15,33.05,,False
4665,MOV-004665,LOT-2026-04665,PROD-039,Santa Cruz,2026-06-08,2026-06-22,2027-06-08,60,55,0,14,56.75,,False
4666,MOV-004666,LOT-2026-04666,PROD-033,Cochabamba,2026-05-23,2026-06-07,2027-05-23,177,176,1,15,77.59,,False
4667,MOV-004667,LOT-2026-04667,PROD-032,Santa Cruz,2026-05-28,2026-06-15,2027-05-28,515,507,4,18,63.21,,False
4668,MOV-004668,LOT-2026-04668,PROD-022,Cochabamba,2026-05-23,2026-06-25,2026-11-19,232,225,3,33,67.52,,False
4669,MOV-004669,LOT-2026-04669,PROD-042,La Paz,2026-08-10,2026-09-01,2027-08-10,132,124,1,22,73.69,,False
4670,MOV-004670,LOT-2026-04670,PROD-027,La Paz,2026-05-17,2026-05-30,2027-05-17,627,622,3,13,44.86,,False
4671,MOV-004671,LOT-2026-04671,PROD-050,La Paz,2026-07-30,2026-08-05,2026-08-17,943,912,26,6,55.37,,False
4672,MOV-004672,LOT-2026-04672,PROD-008,Cochabamba,2026-07-13,2026-07-18,2026-07-31,720,697,19,5,31.75,,False
4673,MOV-004673,LOT-2026-04673,PROD-011,Oruro,2026-05-22,2026-05-27,2026-06-09,839,815,21,5,14.4,,False
4674,MOV-004674,LOT-2026-04674,PROD-024,Oruro,2026-06-01,2026-06-16,2027-06-01,631,622,4,15,23.48,,False
4675,MOV-004675,LOT-2026-04675,PROD-041,Santa Cruz,2026-08-19,2026-09-22,2027-08-19,920,911,6,34,14.19,,False
4676,MOV-004676,LOT-2026-04676,PROD-050,Cochabamba,2026-06-29,2026-08-06,2026-07-17,555,513,37,38,55.37,,False
4677,MOV-004677,LOT-2026-04677,PROD-047,Oruro,2026-05-17,2026-06-06,2027-05-17,761,750,6,20,21.58,,False
4678,MOV-004678,LOT-2026-04678,PROD-024,Cochabamba,2026-07-11,2026-08-01,2027-07-11,677,665,5,21,23.48,,False
4679,MOV-004679,LOT-2026-04679,PROD-029,Cochabamba,2026-07-17,2026-08-05,2027-07-17,145,137,2,19,60.18,,False
4680,MOV-004680,LOT-2026-04680,PROD-039,Oruro,2026-05-05,2026-06-08,2027-05-05,362,357,2,34,56.75,,False
4681,MOV-004681,LOT-2026-04681,PROD-048,Tarija,2026-07-19,2026-07-30,2027-07-19,139,137,1,11,24.01,,False
4682,MOV-004682,LOT-2026-04682,PROD-026,Oruro,2026-07-02,2026-07-24,2027-07-02,700,689,5,22,66.47,,False
4683,MOV-004683,LOT-2026-04683,PROD-057,Cochabamba,2026-07-21,2026-08-05,2027-07-21,765,761,4,15,39.61,,False
4684,MOV-004684,LOT-2026-04684,PROD-043,Tarija,2026-06-26,2026-07-15,2026-07-14,938,900,34,19,71.11,,False
4685,MOV-004685,LOT-2026-04685,PROD-054,Oruro,2026-06-11,2026-07-14,2027-06-11,135,130,1,33,81.98,,False
4686,MOV-004686,LOT-2026-04686,PROD-053,Cochabamba,2026-06-26,2026-07-18,2027-06-26,856,846,5,22,73.12,,False
4687,MOV-004687,LOT-2026-04687,PROD-034,Santa Cruz,2026-05-17,2026-05-27,2027-05-17,326,316,3,10,83.26,,False
4688,MOV-004688,LOT-2026-04688,PROD-016,Santa Cruz,2026-07-30,2026-08-23,2027-07-30,344,336,2,24,44.33,,False
4689,MOV-004689,LOT-2026-04689,PROD-029,Cochabamba,2026-07-21,2026-08-03,2027-07-21,632,628,4,13,60.18,,False
4690,MOV-004690,LOT-2026-04690,PROD-050,Tarija,2026-05-29,2026-06-04,2026-06-16,674,655,17,6,55.37,,False
4691,MOV-004691,LOT-2026-04691,PROD-026,Santa Cruz,2026-08-27,2026-09-15,2027-08-27,552,540,5,19,66.47,,False
4692,MOV-004692,LOT-2026-04692,PROD-040,Tarija,2026-08-28,2026-09-05,2026-09-15,425,412,12,8,82.17,,False
4693,MOV-004693,LOT-2026-04693,PROD-037,Cochabamba,2026-06-01,2026-06-22,2027-06-01,652,643,4,21,64.93,,False
4694,MOV-004694,LOT-2026-04694,PROD-002,Oruro,2026-08-25,2026-08-28,2026-09-12,115,108,3,3,33.75,,False
4695,MOV-004695,LOT-2026-04695,PROD-053,Santa Cruz,2026-07-14,2026-07-30,2027-07-14,711,704,4,16,73.12,,False
4696,MOV-004696,LOT-2026-04696,PROD-038,Tarija,2026-06-23,2026-07-08,2027-06-23,780,773,5,15,13.49,,False
4697,MOV-004697,LOT-2026-04697,PROD-041,Cochabamba,2026-06-15,2026-06-25,2027-06-15,622,615,3,10,14.19,,False
4698,MOV-004698,LOT-2026-04698,PROD-037,Tarija,2026-08-17,2026-09-21,2027-08-17,103,101,1,35,64.93,,False
4699,MOV-004699,LOT-2026-04699,PROD-035,Tarija,2026-08-04,2026-08-07,2026-08-22,629,611,18,3,23.85,,False
4700,MOV-004700,LOT-2026-04700,PROD-020,Santa Cruz,2026-05-30,2026-06-21,,284,265,12,22,26.82,fecha_vencimiento,True
4701,MOV-004701,LOT-2026-04701,PROD-009,La Paz,2026-05-05,2026-05-31,2027-05-05,621,611,5,26,16.29,,False
4702,MOV-004702,LOT-2026-04702,PROD-007,Santa Cruz,27/05/2026,2026-06-14,2027-05-27,630,621,4,18,23.87,fecha_ingreso,True
4703,MOV-004703,LOT-2026-04703,PROD-014,La Paz,2026-07-08,2026-07-23,2027-07-08,358,350,2,15,21.61,,False
4704,MOV-004704,LOT-2026-04704,PROD-018,Cochabamba,2026-08-08,2026-08-27,2027-08-08,474,467,5,19,20.82,,False
4705,MOV-004705,LOT-2026-04705,PROD-040,La Paz,2026-06-11,2026-06-18,2026-06-29,768,748,20,7,82.17,,False
4706,MOV-004706,LOT-2026-04706,PROD-041,La Paz,2026-05-09,2026-06-13,2027-05-09,772,761,5,35,14.19,,False
4707,MOV-004707,LOT-2026-04707,PROD-041,Oruro,2026-06-13,2026-06-29,2027-06-13,603,597,3,16,14.19,,False
4708,MOV-004708,LOT-2026-04708,PROD-053,Cochabamba,2026-08-14,2026-09-04,2027-08-14,214,206,2,21,73.12,,False
4709,MOV-004709,LOT-2026-04709,PROD-051,La Paz,2026-05-14,2026-05-23,2026-11-10,66,60,1,9,21.14,,False
4710,MOV-004710,LOT-2026-04710,PROD-009,La Paz,2026-07-30,2026-08-25,2027-07-30,959,951,6,26,16.29,,False
4711,MOV-004711,LOT-2026-04711,PROD-040,Santa Cruz,2026-07-28,2026-07-30,2026-08-15,690,665,18,2,82.17,,False
4712,MOV-004712,LOT-2026-04712,PROD-026,Cochabamba,2026-08-04,2026-08-25,2027-08-04,112,106,1,21,66.47,,False
4713,MOV-004713,LOT-2026-04713,PROD-001,La Paz,2026-06-13,2026-06-24,2026-12-10,662,651,9,11,42.39,,False
4714,MOV-004714,LOT-2026-04714,PROD-010,Oruro,2026-07-11,2026-08-02,2027-07-11,741,732,4,22,47.91,,False
4715,MOV-004715,LOT-2026-04715,PROD-049,Oruro,2026-07-17,2026-07-26,2026-08-04,969,941,25,9,25.49,,False
4716,MOV-004716,LOT-2026-04716,PROD-054,Oruro,2026-05-29,2026-06-13,2027-05-29,715,705,6,15,81.98,,False
4717,MOV-004717,LOT-2026-04717,PROD-021,Tarija,2026-06-20,2026-07-11,2027-06-20,371,362,2,21,84.36,,False
4718,MOV-004718,LOT-2026-04718,PROD-032,Oruro,2026-08-01,2026-08-17,2027-08-01,728,722,4,16,63.21,,False
4719,MOV-004719,LOT-2026-04719, prod-009 ,La Paz,2026-07-13,2026-08-06,2027-07-13,414,410,4,24,16.29,,False
4720,MOV-004720,LOT-2026-04720,PROD-020,Santa Cruz,2026-07-19,2026-07-26,2026-08-06,733,706,21,7,26.82,,False
4721,MOV-004721,LOT-2026-04721,PROD-007,La Paz,2026-07-20,2026-08-13,2027-07-20,908,899,5,24,23.87,,False
4722,MOV-004722,LOT-2026-04722,PROD-046,Tarija,2026-08-06,2026-08-17,2027-08-06,862,850,8,11,12.64,,False
4723,MOV-004723,LOT-2026-04723,PROD-026,Cochabamba,2026-05-30,2026-07-10,2027-05-30,823,808,13,41,66.47,,False
4724,MOV-004724,LOT-2026-04724,PROD-030,Oruro,2026-08-27,2026-09-11,2027-08-27,136,129,1,15,24.51,,False
4725,MOV-004725,LOT-2026-04725,PROD-029,La Paz,2026-08-05,2026-09-22,2027-08-05,671,654,17,48,60.18,,False
4726,MOV-004726,LOT-2026-04726,PROD-053,Santa Cruz,2026-07-16,2026-08-02,2027-07-16,171,164,1,17,73.12,,False
4727,MOV-004727,LOT-2026-04727,PROD-047,Santa Cruz,2026-08-21,2026-09-16,2027-08-21,229,223,1,26,21.58,,False
4728,MOV-004728,LOT-2026-04728,PROD-004,La Paz,2026-06-14,2026-07-07,2027-06-14,642,631,6,23,27.26,,False
4729,MOV-004729,LOT-2026-04729,PROD-023,La Paz,2026-06-13,2026-06-17,2026-12-10,137,132,2,4,64.4,,False
4730,MOV-004730,LOT-2026-04730,PROD-022,Santa Cruz,2026-05-25,2026-06-03,2026-11-21,680,668,10,9,67.52,,False
4731,MOV-004731,LOT-2026-04731,PROD-005,Santa Cruz,2026-08-07,2026-09-07,2027-08-07,394,390,3,31,76.84,,False
4732,MOV-004732,LOT-2026-04732,PROD-029,Oruro,2026-07-08,2026-08-01,2027-07-08,206,203,2,24,60.18,,False
4733,MOV-004733,LOT-2026-04733,PROD-027,Oruro,2026-05-21,2026-06-07,2027-05-21,355,351,3,17,44.86,,False
4734,MOV-004734,LOT-2026-04734,PROD-013,Tarija,2026-05-19,2026-05-30,2026-11-15,916,904,12,11,33.05,,False
4735,MOV-004735,LOT-2026-04735,PROD-004,Oruro,2026-05-25,2026-06-23,2027-05-25,910,895,11,29,27.26,,False
4736,MOV-004736,LOT-2026-04736,PROD-020,Oruro,2026-08-16,2026-08-26,2026-09-03,555,537,14,10,26.82,,False
4737,MOV-004737,LOT-2026-04737,PROD-019,Cochabamba,2026-06-30,2026-07-15,2026-07-18,80,76,2,15,62.22,,False
4738,MOV-004738,LOT-2026-04738,PROD-025,Tarija,2026-05-04,2026-06-06,2026-05-22,70,66,4,33,45.25,,False
4739,MOV-004739,LOT-2026-04739,PROD-014,Tarija,2026-08-22,2026-10-12,2027-08-22,729,705,23,51,21.61,,False
4740,MOV-004740,LOT-2026-04740, prod-036 ,La Paz,2026-08-12,2026-08-28,2027-02-08,255,245,3,16,53.28,,False
4741,MOV-004741,LOT-2026-04741,PROD-051,Oruro,2026-07-12,2026-07-20,2027-01-08,958,941,13,8,21.14,,False
4742,MOV-004742,LOT-2026-04742,PROD-019,La Paz,2026-05-21,2026-06-06,2026-06-08,125,119,4,16,62.22,,False
4743,MOV-004743,LOT-2026-04743,PROD-010,Santa Cruz,2026-05-09,2026-05-26,2027-05-09,552,549,3,17,47.91,,False
4744,MOV-004744,LOT-2026-04744,PROD-046,Santa Cruz,2026-05-08,2026-05-26,2027-05-08,167,166,1,18,12.64,,False
4745,MOV-004745,LOT-2026-04745,PROD-007,Oruro,2026-05-12,2026-05-23,2027-05-12,887,880,7,11,23.87,,False
4746,MOV-004746,LOT-2026-04746,PROD-003,Cochabamba,2026-06-25,2026-07-08,2026-07-13,287,279,8,13,27.19,,False
4747,MOV-004747,LOT-2026-04747,PROD-036,La Paz,2026-07-14,2026-07-19,2027-01-10,486,475,6,5,53.28,,False
4748,MOV-004748,LOT-2026-04748,PROD-036,Cochabamba,2026-05-26,2026-06-24,2026-11-22,408,402,6,29,53.28,,False
4749,MOV-004749,LOT-2026-04749,PROD-017,Oruro,2026-07-10,2026-07-21,2026-07-28,903,878,24,11,19.81,,False
4750,MOV-004750,LOT-2026-04750,PROD-048,La Paz,2026-05-02,2026-05-13,2027-05-02,928,914,9,11,24.01,,False
4751,MOV-004751,LOT-2026-04751,PROD-043,Santa Cruz,2026-06-10,2026-07-02,2026-06-28,868,833,35,22,71.11,,False
4752,MOV-004752,LOT-2026-04752,PROD-042,Oruro,2026-05-12,2026-06-07,2027-05-12,774,760,7,26,73.69,,False
4753,MOV-004753,LOT-2026-04753,PROD-038,Cochabamba,2026-05-15,2026-06-05,2027-05-15,716,709,4,21,13.49,,False
4754,MOV-004754,LOT-2026-04754,PROD-051,Oruro,2026-07-17,2026-08-17,2027-01-13,298,289,5,31,21.14,,False
4755,MOV-004755,LOT-2026-04755,PROD-059,Santa Cruz,2026-06-22,2026-06-27,2026-07-10,510,493,14,5,13.44,,False
4756,MOV-004756,LOT-2026-04756,PROD-033,Oruro,2026-08-03,2026-09-11,2027-08-03,427,422,5,39,77.59,,False
4757,MOV-004757,LOT-2026-04757,PROD-030,La Paz,2026-08-24,2026-09-16,2027-08-24,347,341,2,23,24.51,,False
4758,MOV-004758,LOT-2026-04758,PROD-010,La Paz,2026-08-20,2026-10-03,2027-08-20,57,52,1,44,47.91,,False
4759,MOV-004759,LOT-2026-04759,PROD-057,Oruro,2026-08-07,2026-08-26,2027-08-07,405,397,2,19,39.61,,False
4760,MOV-004760,LOT-2026-04760,PROD-009,Santa Cruz,2026-06-04,2026-06-28,2027-06-04,568,564,3,24,16.29,,False
4761,MOV-004761,LOT-2026-04761,PROD-053,Santa Cruz,2026-05-31,2026-06-18,2027-05-31,331,324,3,18,73.12,,False
4762,MOV-004762,LOT-2026-04762,PROD-017,Tarija,2026-06-13,2026-06-19,2026-07-01,660,643,17,6,19.81,,False
4763,MOV-004763,LOT-2026-04763,PROD-038,La Paz,2026-05-30,2026-06-13,2027-05-30,98,93,1,14,13.49,,False
4764,MOV-004764,LOT-2026-04764,PROD-058,Oruro,2026-05-07,2026-05-17,2027-05-07,571,564,3,10,83.63,,False
4765,MOV-004765,LOT-2026-04765,PROD-041,La Paz,2026-07-22,2026-09-02,2027-07-22,735,722,12,42,14.19,,False
4766,MOV-004766,LOT-2026-04766,PROD-050,Tarija,2026-05-17,2026-05-31,2026-06-04,836,810,24,14,55.37,,False
4767,MOV-004767,LOT-2026-04767,PROD-031,Tarija,2026-06-02,2026-06-07,2026-11-29,784,768,10,5,14.93,,False
4768,MOV-004768,LOT-2026-04768,PROD-019,Cochabamba,2026-05-17,2026-06-02,2026-06-04,890,861,28,16,62.22,,False
4769,MOV-004769,LOT-2026-04769,PROD-037,Oruro,2026-07-27,2026-08-21,2027-07-27,899,891,7,25,64.93,,False
4770,MOV-004770,LOT-2026-04770,PROD-005,Oruro,2026-08-18,2026-09-10,2027-08-18,828,821,4,23,76.84,,False
4771,MOV-004771,LOT-2026-04771,PROD-017,Tarija,2026-06-19,2026-07-19,2026-07-07,866,816,46,30,19.81,,False
4772,MOV-004772,LOT-2026-04772,PROD-017,La Paz,2026-06-17,2026-06-24,2026-07-05,417,399,11,7,19.81,,False
4773,MOV-004773,LOT-2026-04773,PROD-053,Santa Cruz,2026-07-10,2026-08-01,2027-07-10,773,764,7,22,73.12,,False
4774,MOV-004774,LOT-2026-04774,PROD-011,La Paz,2026-08-08,2026-09-06,2026-08-26,945,891,51,29,14.4,,False
4775,MOV-004775,LOT-2026-04775,PROD-036,Oruro,2026-05-28,2026-06-20,2026-11-24,612,596,9,23,53.28,,False
4776,MOV-004776,LOT-2026-04776,PROD-050,Oruro,2026-06-18,2026-07-08,2026-07-06,479,453,19,20,55.37,,False
4777,MOV-004777,LOT-2026-04777,PROD-017,Santa Cruz,2026-08-09,2026-08-12,2026-08-27,146,140,4,3,19.81,,False
4778,MOV-004778,LOT-2026-04778,PROD-054,Cochabamba,2026-07-11,2026-07-24,2027-07-11,389,386,3,13,81.98,,False
4779,MOV-004779,LOT-2026-04779,PROD-032,La Paz,2026-06-21,2026-07-08,2027-06-21,270,269,1,17,63.21,,False
4780,MOV-004780,LOT-2026-04780,PROD-029,Cochabamba,2026-06-22,2026-07-19,2027-06-22,503,498,3,27,60.18,,False
4781,MOV-004781,LOT-2026-04781,PROD-034,Santa Cruz,2026-08-16,2026-09-12,2027-08-16,561,557,4,27,83.26,,False
4782,MOV-004782,LOT-2026-04782,PROD-007,Oruro,2026-06-16,2026-07-14,2027-06-16,798,786,6,28,23.87,,False
4783,MOV-004783,LOT-2026-04783,PROD-042,Oruro,2026-07-06,2026-07-17,2027-07-06,408,401,2,11,73.69,,False
4784,MOV-004784,LOT-2026-04784,PROD-023,La Paz,2026-08-09,2026-08-11,2027-02-05,636,623,8,2,64.4,,False
4785,MOV-004785,LOT-2026-04785,PROD-008,Cochabamba,2026-07-24,2026-08-15,2026-08-11,553,524,25,22,31.75,,False
4786,MOV-004786,LOT-2026-04786,PROD-036,Cochabamba,2026-05-11,2026-07-08,2026-11-07,134,123,6,58,53.28,,False
4787,MOV-004787,LOT-2026-04787,PROD-007,Tarija,2026-06-13,2026-06-30,2027-06-13,708,699,5,17,23.87,,False
4788,MOV-004788,LOT-2026-04788,PROD-031,Oruro,2026-06-10,2026-06-27,2026-12-07,744,729,12,17,14.93,,False
4789,MOV-004789,LOT-2026-04789,PROD-003,Santa Cruz,2026-05-01,2026-05-07,2026-05-19,304,289,9,6,27.19,,False
4790,MOV-004790,LOT-2026-04790,PROD-003,Santa Cruz,2026-06-14,2026-06-19,2026-07-02,224,213,6,5,27.19,,False
4791,MOV-004791,LOT-2026-04791,PROD-032,Cochabamba,2026-07-25,2026-08-07,2027-07-25,581,570,4,13,63.21,,False
4792,MOV-004792,LOT-2026-04792,PROD-038,Cochabamba,2026-07-13,2026-08-19,2027-07-13,494,489,4,37,13.49,,False
4793,MOV-004793,LOT-2026-04793,PROD-013,Santa Cruz,2026-06-05,2026-07-05,2026-12-02,219,214,4,30,33.05,,False
4794,MOV-004794,LOT-2026-04794,PROD-001,Cochabamba,2026-07-25,2026-08-16,2027-01-21,366,358,5,22,42.39,,False
4795,MOV-004795,LOT-2026-04795,PROD-015,Oruro,2026-07-28,2026-08-11,2027-01-24,787,771,11,14,54.56,,False
4796,MOV-004796,LOT-2026-04796,PROD-048,Tarija,2026-07-30,2026-08-14,2027-07-30,865,858,7,15,24.01,,False
4797,MOV-004797,LOT-2026-04797,PROD-007,Cochabamba,2026-08-23,2026-09-11,2027-08-23,497,491,3,19,23.87,,False
4798,MOV-004798,LOT-2026-04798,PROD-025,Cochabamba,2026-08-22,2026-08-26,2026-09-09,514,498,14,4,45.25,,False
4799,MOV-004799,LOT-2026-04799,PROD-004,La Paz,2026-05-24,2026-06-11,2027-05-24,637,625,5,18,27.26,,False
4800,MOV-004800,LOT-2026-04800,PROD-013,Santa Cruz,2026-07-21,2026-08-06,2027-01-17,391,385,5,16,33.05,,False
4801,MOV-004801,LOT-2026-04801,PROD-047,Santa Cruz,2026-07-16,2026-08-08,2027-07-16,99,98,1,23,21.58,,False
4802,MOV-004802,LOT-2026-04802,PROD-053,Cochabamba,2026-08-14,2026-08-29,2027-08-14,62,58,0,15,73.12,,False
4803,MOV-004803,LOT-2026-04803,PROD-060,La Paz,2026-07-17,2026-07-26,2026-08-04,563,545,15,9,37.99,,False
4804,MOV-004804,LOT-2026-04804,PROD-027,La Paz,2026-08-03,2026-08-18,2027-08-03,451,446,2,15,44.86,,False
4805,MOV-004805,LOT-2026-04805,PROD-030,Cochabamba,2026-07-16,2026-08-02,2027-07-16,803,798,5,17,24.51,,False
4806,MOV-004806,LOT-2026-04806,PROD-013,Oruro,2026-05-29,2026-05-31,2026-11-25,80,78,1,2,33.05,,False
4807,MOV-004807,LOT-2026-04807,PROD-029,Santa Cruz,2026-06-01,2026-06-28,2027-06-01,535,526,4,27,60.18,,False
4808,MOV-004808,LOT-2026-04808,PROD-007,Tarija,2026-06-07,2026-07-12,2027-06-07,204,200,2,35,23.87,,False
4809,MOV-004809,LOT-2026-04809,PROD-047,Santa Cruz,2026-08-28,2026-09-10,2027-08-28,849,840,5,13,21.58,,False
4810,MOV-004810,LOT-2026-04810,PROD-026,Oruro,2026-05-22,2026-07-11,2027-05-22,864,836,24,50,66.47,,False
4811,MOV-004811,LOT-2026-04811,PROD-035,La Paz,2026-07-10,2026-07-27,2026-07-28,386,371,13,17,23.85,,False
4812,MOV-004812,LOT-2026-04812,PROD-013,La Paz,2026-06-05,2026-06-14,2026-12-02,218,211,3,9,33.05,,False
4813,MOV-004813,LOT-2026-04813,PROD-025,La Paz,2026-06-04,2026-06-19,2026-06-22,852,821,29,15,45.25,,False
4814,MOV-004814,LOT-2026-04814,PROD-013,La Paz,2026-08-24,2026-09-08,2027-02-20,192,183,3,15,33.05,,False
4815,MOV-004815,LOT-2026-04815,PROD-010,La Paz,2026-07-11,2026-07-21,2027-07-11,867,860,5,10,47.91,,False
4816,MOV-004816,LOT-2026-04816,PROD-028,La Paz,2026-08-10,2026-08-30,2027-08-10,325,321,2,20,55.4,,False
4817,MOV-004817,LOT-2026-04817,PROD-017,Tarija,2026-05-17,2026-06-16,2026-06-04,511,478,27,30,19.81,,False
4818,MOV-004818,LOT-2026-04818,PROD-022,Oruro,2026-07-21,2026-08-10,2027-01-17,466,457,6,20,67.52,,False
4819,MOV-004819,LOT-2026-04819,PROD-006,Oruro,2026-06-12,2026-06-28,2027-06-12,342,337,3,16,23.32,,False
4820,MOV-004820,LOT-2026-04820,PROD-018,Oruro,2026-07-23,2026-08-24,2027-07-23,693,679,7,32,20.82,,False
4821,MOV-004821,LOT-2026-04821,PROD-055,La Paz,2026-06-03,2026-07-08,2027-06-03,970,957,6,35,60.11,,False
4822,MOV-004822,LOT-2026-04822,PROD-028,Santa Cruz,2026-05-04,2026-05-17,2027-05-04,704,693,6,13,55.4,,False
4823,MOV-004823,LOT-2026-04823,PROD-035,La Paz,2026-08-02,2026-08-07,2026-08-20,215,208,5,5,23.85,,False
4824,MOV-004824,LOT-2026-04824,PROD-005,Oruro,2026-08-01,2026-08-16,2027-08-01,682,670,5,15,76.84,,False
4825,MOV-004825,LOT-2026-04825,PROD-026,Oruro,2026-05-05,2026-05-18,2027-05-05,426,415,4,13,66.47,,False
4826,MOV-004826,LOT-2026-04826,PROD-048,Santa Cruz,2026-08-20,2026-09-03,2027-08-20,440,431,2,14,24.01,,False
4827,MOV-004827,LOT-2026-04827,PROD-029,Santa Cruz,2026-05-26,2026-06-16,2027-05-26,235,227,1,21,60.18,,False
4828,MOV-004828,LOT-2026-04828,PROD-030,Cochabamba,2026-07-08,2026-07-23,2027-07-08,562,553,3,15,24.51,,False
4829,MOV-004829,LOT-2026-04829,PROD-046,La Paz,2026-07-09,2026-07-31,2027-07-09,180,179,1,22,12.64,,False
4830,MOV-004830,LOT-2026-04830,PROD-014,Oruro,2026-08-19,2026-09-04,2027-08-19,417,410,3,16,21.61,,False
4831,MOV-004831,LOT-2026-04831,PROD-054,Santa Cruz,2026-06-21,2026-07-08,2027-06-21,871,859,5,17,81.98,,False
4832,MOV-004832,LOT-2026-04832,PROD-055,Oruro,2026-05-18,2026-05-28,2027-05-18,976,966,5,10,60.11,,False
4833,MOV-004833,LOT-2026-04833,PROD-038,La Paz,2026-08-16,2026-09-03,2027-08-16,154,152,2,18,13.49,,False
4834,MOV-004834,LOT-2026-04834,PROD-025,Oruro,2026-08-17,2026-08-22,2026-09-04,609,591,18,5,45.25,,False
4835,MOV-004835,LOT-2026-04835,PROD-010,Cochabamba,2026-06-07,2026-06-24,2027-06-07,77,72,0,17,47.91,,False
4836,MOV-004836,LOT-2026-04836,PROD-008,Tarija,2026-06-10,2026-06-14,2026-06-28,567,551,14,4,31.75,,False
4837,MOV-004837,LOT-2026-04837,PROD-048,Tarija,2026-08-14,2026-09-05,2027-08-14,438,432,3,22,24.01,,False
4838,MOV-004838,LOT-2026-04838,PROD-023,La Paz,2026-07-28,2026-07-31,2027-01-24,850,834,12,3,64.4,,False
4839,MOV-004839,LOT-2026-04839,PROD-002,Cochabamba,2026-07-01,2026-07-17,2026-07-19,182,171,6,16,33.75,,False
4840,MOV-004840,LOT-2026-04840,PROD-057,La Paz,2026-07-12,2026-07-28,2027-07-12,819,814,5,16,39.61,,False
4841,MOV-004841,LOT-2026-04841,PROD-052,Cochabamba,2026-05-31,2026-06-05,2026-11-27,405,395,5,5,59.66,,False
4842,MOV-004842,LOT-2026-04842,PROD-030,La Paz,2026-06-21,2026-07-04,2027-06-21,425,421,2,13,24.51,,False
4843,MOV-004843,LOT-2026-04843,PROD-006,Santa Cruz,2026-05-27,2026-06-22,2027-05-27,153,152,1,26,23.32,,False
4844,MOV-004844,LOT-2026-04844,PROD-041,La Paz,2026-06-12,2026-07-16,2027-06-12,217,209,1,34,14.19,,False
4845,MOV-004845,LOT-2026-04845,PROD-052,La Paz,2026-07-10,2026-07-24,2027-01-06,879,861,16,14,59.66,,False
4846,MOV-004846,LOT-2026-04846,PROD-020,La Paz,2026-05-21,2026-05-24,2026-06-08,411,398,11,3,26.82,,False
4847,MOV-004847,LOT-2026-04847,PROD-028,Cochabamba,2026-08-14,2026-09-13,2027-08-14,235,227,2,30,55.4,,False
4848,MOV-004848,LOT-2026-04848,PROD-011,Tarija,2026-08-16,2026-08-25,2026-09-03,816,789,22,9,14.4,,False
4849,MOV-004849,LOT-2026-04849,PROD-029,Oruro,2026-06-08,2026-07-03,2027-06-08,469,460,3,25,60.18,,False
4850,MOV-004850,LOT-2026-04850,PROD-035,Tarija,2026-07-25,2026-08-08,2026-08-12,701,680,20,14,23.85,,False
4851,MOV-004851,LOT-2026-04851,PROD-047,Cochabamba,2026-08-13,2026-08-30,2027-08-13,959,946,6,17,21.58,,False
4852,MOV-004852,LOT-2026-04852,PROD-046,Tarija,2026-05-13,2026-05-31,2027-05-13,683,672,6,18,12.64,,False
4853,MOV-004853,LOT-2026-04853,PROD-023,La Paz,2026-05-02,2026-05-13,2026-10-29,345,339,5,11,64.4,,False
4854,MOV-004854,LOT-2026-04854,PROD-032,Oruro,2026-08-11,2026-09-12,2027-08-11,614,603,6,32,63.21,,False
4855,MOV-004855,LOT-2026-04855, prod-040 ,Oruro,2026-05-28,2026-06-12,2026-06-15,724,695,23,15,82.17,,False
4856,MOV-004856,LOT-2026-04856,PROD-028,Santa Cruz,2026-07-20,2026-08-14,2027-07-20,608,598,5,25,55.4,,False
4857,MOV-004857,LOT-2026-04857,PROD-005,Oruro,2026-06-23,2026-07-10,2027-06-23,527,517,3,17,76.84,,False
4858,MOV-004858,LOT-2026-04858,PROD-060,Oruro,2026-06-28,2026-07-07,2026-07-16,250,243,6,9,37.99,,False
4859,MOV-004859,LOT-2026-04859,PROD-057,Tarija,2026-05-23,2026-07-04,2027-05-23,455,442,7,42,39.61,,False
4860,MOV-004860,LOT-2026-04860,PROD-035,Oruro,2026-06-25,2026-07-02,2026-07-13,195,184,5,7,23.85,,False
4861,MOV-004861,LOT-2026-04861,PROD-029,Santa Cruz,2026-07-03,2026-07-21,2027-07-03,856,849,5,18,60.18,,False
4862,MOV-004862,LOT-2026-04862,PROD-034,Cochabamba,2026-08-16,2026-09-09,2027-08-16,481,476,3,24,83.26,,False
4863,MOV-004863,LOT-2026-04863,PROD-029,Santa Cruz,2026-06-17,2026-06-30,2027-06-17,735,729,4,13,60.18,,False
4864,MOV-004864,LOT-2026-04864,PROD-052,Oruro,2026-05-05,2026-05-12,2026-11-01,258,252,3,7,59.66,,False
4865,MOV-004865,LOT-2026-04865,PROD-013,Cochabamba,2026-08-13,2026-08-20,2027-02-09,817,802,10,7,33.05,,False
4866,MOV-004866,LOT-2026-04866,PROD-034,La Paz,2026-05-10,2026-05-23,2027-05-10,112,110,1,13,83.26,,False
4867,MOV-004867,LOT-2026-04867,PROD-051,Tarija,2026-08-08,2026-08-14,2027-02-04,667,656,9,6,21.14,,False
4868,MOV-004868,LOT-2026-04868,PROD-053,La Paz,2026-06-02,2026-06-12,2027-06-02,557,546,4,10,73.12,,False
4869,MOV-004869,LOT-2026-04869,PROD-026,Santa Cruz,07/07/2026,2026-07-24,2027-07-07,960,951,5,17,66.47,fecha_ingreso,True
4870,MOV-004870,LOT-2026-04870,PROD-017,La Paz,2026-05-03,2026-05-09,2026-05-21,308,297,8,6,19.81,,False
4871,MOV-004871,LOT-2026-04871,PROD-030,Santa Cruz,2026-07-20,2026-08-09,2027-07-20,690,682,5,20,24.51,,False
4872,MOV-004872,LOT-2026-04872,PROD-053,Oruro,2026-05-03,2026-05-15,2027-05-03,226,220,2,12,73.12,,False
4873,MOV-004873,LOT-2026-04873,PROD-050,Oruro,2026-08-17,2026-08-27,2026-09-04,601,580,16,10,55.37,,False
4874,MOV-004874,LOT-2026-04874,PROD-006,La Paz,2026-06-14,2026-06-27,2027-06-14,509,501,3,13,23.32,,False
4875,MOV-004875,LOT-2026-04875,PROD-060,Oruro,2026-06-17,2026-07-25,2026-07-05,290,265,19,38,37.99,,False
4876,MOV-004876,LOT-2026-04876,PROD-029,Santa Cruz,2026-08-25,2026-09-11,2027-08-25,634,631,3,17,60.18,,False
4877,MOV-004877,LOT-2026-04877,PROD-021,La Paz,2026-08-10,2026-09-15,2027-08-10,602,594,6,36,84.36,,False
4878,MOV-004878,LOT-2026-04878,PROD-055,Santa Cruz,2026-07-19,2026-08-07,2027-07-19,723,717,5,19,60.11,,False
4879,MOV-004879,LOT-2026-04879,PROD-026,La Paz,2026-07-27,2026-08-29,2027-07-27,301,295,2,33,66.47,,False
4880,MOV-004880,LOT-2026-04880,PROD-050,Tarija,2026-05-24,2026-05-30,2026-06-11,166,156,4,6,55.37,,False
4881,MOV-004881,LOT-2026-04881,PROD-007,Cochabamba,2026-06-18,2026-07-04,2027-06-18,393,387,2,16,23.87,,False
4882,MOV-004882,LOT-2026-04882,PROD-030,Cochabamba,2026-08-18,2026-08-30,2027-08-18,844,835,8,12,24.51,,False
4883,MOV-004883,LOT-2026-04883,PROD-008,La Paz,2026-06-21,2026-06-29,2026-07-09,815,788,22,8,31.75,,False
4884,MOV-004884,LOT-2026-04884,PROD-013,Tarija,2026-07-07,2026-07-09,2027-01-03,353,342,4,2,33.05,,False
4885,MOV-004885,LOT-2026-04885,PROD-018,Santa Cruz,2026-07-24,2026-08-14,2027-07-24,72,68,0,21,20.82,,False
4886,MOV-004886,LOT-2026-04886,PROD-027,Cochabamba,2026-06-04,2026-06-16,2027-06-04,188,181,2,12,44.86,,False
4887,MOV-004887,LOT-2026-04887,PROD-056,Santa Cruz,2026-08-01,2026-08-11,2026-08-19,494,481,13,10,36.51,,False
4888,MOV-004888,LOT-2026-04888,PROD-003,Cochabamba,2026-06-12,2026-06-26,2026-06-30,712,682,23,14,27.19,,False
4889,MOV-004889,LOT-2026-04889,PROD-002,Santa Cruz,2026-07-06,2026-07-19,2026-07-24,862,832,25,13,33.75,,False
4890,MOV-004890,LOT-2026-04890,PROD-013,La Paz,2026-05-30,2026-06-12,2026-11-26,179,176,3,13,33.05,,False
4891,MOV-004891,LOT-2026-04891,PROD-011,Cochabamba,2026-07-12,2026-07-19,2026-07-30,419,404,11,7,14.4,,False
4892,MOV-004892,LOT-2026-04892,PROD-042,Tarija,2026-06-26,2026-07-08,2027-06-26,522,514,4,12,73.69,,False
4893,MOV-004893,LOT-2026-04893,PROD-043,Oruro,2026-07-20,2026-07-27,2026-08-07,156,146,4,7,71.11,,False
4894,MOV-004894,LOT-2026-04894,PROD-049,Oruro,2026-06-09,2026-06-21,2026-06-27,422,409,11,12,25.49,,False
4895,MOV-004895,LOT-2026-04895,PROD-034,Santa Cruz,2026-06-26,2026-07-22,2027-06-26,304,295,2,26,83.26,,False
4896,MOV-004896,LOT-2026-04896,PROD-026,Oruro,2026-06-08,2026-06-30,2027-06-08,50,47,0,22,66.47,,False
4897,MOV-004897,LOT-2026-04897,PROD-018,Santa Cruz,2026-06-25,2026-07-08,2027-06-25,290,287,2,13,20.82,,False
4898,MOV-004898,LOT-2026-04898,PROD-057,La Paz,2026-05-20,2026-06-06,2027-05-20,741,730,5,17,39.61,,False
4899,MOV-004899,LOT-2026-04899,PROD-022,Oruro,2026-07-21,2026-08-01,2027-01-17,794,782,12,11,67.52,,False
4900,MOV-004900,LOT-2026-04900,PROD-040,Cochabamba,2026-05-03,2026-05-07,2026-05-21,411,396,-11,4,82.17,cantidad_merma,True
4901,MOV-004901,LOT-2026-04901,PROD-035,Santa Cruz,2026-07-04,2026-07-22,2026-07-22,662,636,24,18,23.85,,False
4902,MOV-004902,LOT-2026-04902,PROD-002,Tarija,2026-06-13,2026-07-01,2026-07-01,91,84,3,18,33.75,,False
4903,MOV-004903,LOT-2026-04903,PROD-056,Cochabamba,2026-06-24,2026-07-31,2026-07-12,659,615,42,37,36.51,,False
4904,MOV-004904,LOT-2026-04904,PROD-019,Oruro,2026-06-01,2026-06-14,2026-06-19,874,848,23,13,62.22,,False
4905,MOV-004905,LOT-2026-04905,PROD-024,Santa Cruz,2026-08-14,2026-08-23,2027-08-14,53,50,0,9,23.48,,False
4906,MOV-004906,LOT-2026-04906,PROD-040,Oruro,2026-08-23,2026-08-31,2026-09-10,475,457,12,8,82.17,,False
4907,MOV-004907,LOT-2026-04907,PROD-049,La Paz,2026-05-05,2026-05-19,2026-05-23,476,457,14,14,25.49,,False
4908,MOV-004908,LOT-2026-04908,PROD-024,Oruro,2026-07-21,2026-08-03,2027-07-21,374,365,2,13,23.48,,False
4909,MOV-004909,LOT-2026-04909,PROD-002,Oruro,2026-07-28,2026-08-26,2026-08-15,358,332,19,29,33.75,,False
4910,MOV-004910,LOT-2026-04910,PROD-010,La Paz,2026-06-12,2026-06-27,2027-06-12,883,873,8,15,47.91,,False
4911,MOV-004911,LOT-2026-04911,PROD-023,Santa Cruz,2026-05-21,2026-06-01,2026-11-17,984,971,13,11,64.4,,False
4912,MOV-004912,LOT-2026-04912,PROD-041,Santa Cruz,2026-08-06,2026-08-20,2027-08-06,792,784,7,14,14.19,,False
4913,MOV-004913,LOT-2026-04913,PROD-003,La Paz,2026-07-11,2026-07-25,2026-07-29,69,61,2,14,27.19,,False
4914,MOV-004914,LOT-2026-04914,PROD-014,Cochabamba,2026-08-05,2026-08-31,2027-08-05,981,974,6,26,21.61,,False
4915,MOV-004915,LOT-2026-04915,PROD-017,Cochabamba,2026-07-10,2026-07-22,,346,330,10,12,19.81,fecha_vencimiento,True
4916,MOV-004916,LOT-2026-04916,PROD-031,Cochabamba,2026-06-12,2026-07-09,2026-12-09,425,417,6,27,14.93,,False
4917,MOV-004917,LOT-2026-04917,PROD-019,Santa Cruz,2026-05-23,2026-05-26,2026-06-10,74,69,2,3,62.22,,False
4918,MOV-004918,LOT-2026-04918,PROD-029,La Paz,2026-05-21,2026-06-18,2027-05-21,359,353,3,28,60.18,,False
4919,MOV-004919,LOT-2026-04919,PROD-013,Cochabamba,2026-08-15,2026-08-23,2027-02-11,325,314,4,8,33.05,,False
4920,MOV-004920,LOT-2026-04920,PROD-010,Tarija,2026-05-12,2026-05-27,2027-05-12,765,757,4,15,47.91,,False
4921,MOV-004921,LOT-2026-04921,PROD-058,Oruro,2026-07-17,2026-08-08,2027-07-17,775,763,5,22,83.63,,False
4922,MOV-004922,LOT-2026-04922,PROD-002,Tarija,2026-08-17,2026-08-27,2026-09-04,450,435,15,10,33.75,,False
4923,MOV-004923,LOT-2026-04923,PROD-035,Cochabamba,2026-08-19,2026-09-04,2026-09-06,685,660,22,16,23.85,,False
4924,MOV-004924,LOT-2026-04924,PROD-012,Oruro,2026-08-15,2026-08-26,2027-02-11,840,822,11,11,80.8,,False
4925,MOV-004925,LOT-2026-04925,PROD-049,La Paz,2026-07-17,2026-08-16,2026-08-04,189,175,10,30,25.49,,False
4926,MOV-004926,LOT-2026-04926,PROD-039,Oruro,2026-05-06,2026-06-06,2027-05-06,626,615,4,31,56.75,,False
4927,MOV-004927,LOT-2026-04927,PROD-003,Tarija,2026-08-25,2026-09-10,2026-09-12,305,292,10,16,27.19,,False
4928,MOV-004928,LOT-2026-04928,PROD-033,Santa Cruz,2026-08-12,2026-08-26,2027-08-12,147,144,1,14,77.59,,False
4929,MOV-004929,LOT-2026-04929,PROD-035,Oruro,2026-06-02,2026-06-05,2026-06-20,584,567,15,3,23.85,,False
4930,MOV-004930,LOT-2026-04930,PROD-028,Cochabamba,2026-07-12,2026-07-26,2027-07-12,485,475,5,14,55.4,,False
4931,MOV-004931,LOT-2026-04931,PROD-057,Tarija,2026-08-08,2026-09-13,2027-08-08,981,973,8,36,39.61,,False
4932,MOV-004932,LOT-2026-04932,PROD-031,Santa Cruz,2026-08-12,2026-08-27,2027-02-08,540,533,7,15,14.93,,False
4933,MOV-004933,LOT-2026-04933,PROD-060,Oruro,2026-07-28,2026-07-30,2026-08-15,953,921,25,2,37.99,,False
4934,MOV-004934,LOT-2026-04934,PROD-012,Tarija,2026-07-19,2026-07-28,2027-01-15,571,561,7,9,80.8,,False
4935,MOV-004935,LOT-2026-04935,PROD-019,Cochabamba,2026-08-04,2026-08-28,2026-08-22,737,700,35,24,62.22,,False
4936,MOV-004936,LOT-2026-04936,PROD-034,Cochabamba,2026-07-01,2026-07-14,2027-07-01,880,871,7,13,83.26,,False
4937,MOV-004937,LOT-2026-04937,PROD-031,La Paz,2026-07-18,2026-08-07,2027-01-14,964,950,13,20,14.93,,False
4938,MOV-004938,LOT-2026-04938,PROD-031,Oruro,2026-08-28,2026-09-02,2027-02-24,327,323,4,5,14.93,,False
4939,MOV-004939,LOT-2026-04939,PROD-053,La Paz,2026-07-31,2026-08-17,2027-07-31,869,864,5,17,73.12,,False
4940,MOV-004940,LOT-2026-04940,PROD-050,Santa Cruz,2026-06-22,2026-07-25,2026-07-10,475,445,27,33,55.37,,False
4941,MOV-004941,LOT-2026-04941,PROD-058,Cochabamba,2026-08-05,2026-09-02,2027-08-05,172,170,1,28,83.63,,False
4942,MOV-004942,LOT-2026-04942,PROD-001,La Paz,2026-06-19,2026-06-25,2026-12-16,132,129,2,6,42.39,,False
4943,MOV-004943,LOT-2026-04943,PROD-035,La Paz,2026-08-05,2026-08-20,2026-08-23,957,927,29,15,23.85,,False
4944,MOV-004944,LOT-2026-04944,PROD-024,Cochabamba,2026-06-28,2026-08-01,2027-06-28,856,848,7,34,23.48,,False
4945,MOV-004945,LOT-2026-04945,PROD-004,Santa Cruz,2026-07-05,2026-07-16,2027-07-05,944,937,6,11,27.26,,False
4946,MOV-004946,LOT-2026-04946,PROD-054,Oruro,2026-08-09,2026-08-22,2027-08-09,683,671,5,13,81.98,,False
4947,MOV-004947,LOT-2026-04947,PROD-042,Cochabamba,2026-08-26,2026-09-09,2027-08-26,545,540,3,14,73.69,,False
4948,MOV-004948,LOT-2026-04948,PROD-058,La Paz,2026-08-27,2026-10-01,2027-08-27,994,989,5,35,83.63,,False
4949,MOV-004949,LOT-2026-04949,PROD-030,La Paz,2026-05-21,2026-06-13,2027-05-21,786,780,4,23,24.51,,False
4950,MOV-004950,LOT-2026-04950,PROD-003,Santa Cruz,2026-07-17,2026-08-06,2026-08-04,228,216,9,20,27.19,,False
4951,MOV-004951,LOT-2026-04951,PROD-018,Santa Cruz,2026-08-24,2026-09-19,2027-08-24,743,736,4,26,20.82,,False
4952,MOV-004952,LOT-2026-04952,PROD-055,La Paz,2026-07-13,2026-07-26,2027-07-13,96,91,1,13,60.11,,False
4953,MOV-004953,LOT-2026-04953,PROD-050,Oruro,2026-05-31,2026-06-11,2026-06-18,969,944,25,11,55.37,,False
4954,MOV-004954,LOT-2026-04954,PROD-045,Cochabamba,2026-08-25,2026-09-07,2027-08-25,944,936,6,13,61.85,,False
4955,MOV-004955,LOT-2026-04955,PROD-050,Santa Cruz,2026-05-11,2026-05-19,2026-05-29,749,723,20,8,55.37,,False
4956,MOV-004956,LOT-2026-04956,PROD-060,Santa Cruz,2026-08-02,2026-08-05,2026-08-20,926,892,29,3,37.99,,False
4957,MOV-004957,LOT-2026-04957,PROD-029,La Paz,2026-06-10,2026-07-10,2027-06-10,737,728,4,30,60.18,,False
4958,MOV-004958,LOT-2026-04958,PROD-008,La Paz,2026-08-22,2026-08-30,2026-09-09,424,406,12,8,31.75,,False
4959,MOV-004959,LOT-2026-04959,PROD-010,Oruro,2026-05-06,2026-05-18,2027-05-06,362,356,2,12,47.91,,False
4960,MOV-004960,LOT-2026-04960,PROD-047,La Paz,2026-06-26,2026-07-23,2027-06-26,448,441,2,27,21.58,,False
4961,MOV-004961,LOT-2026-04961,PROD-019,Cochabamba,2026-06-13,2026-06-21,2026-07-01,817,788,24,8,62.22,,False
4962,MOV-004962,LOT-2026-04962,PROD-039,Oruro,2026-07-31,2026-08-28,2027-07-31,345,343,2,28,56.75,,False
4963,MOV-004963,LOT-2026-04963,PROD-047,Oruro,2026-06-06,2026-07-01,2027-06-06,483,473,5,25,21.58,,False
4964,MOV-004964,LOT-2026-04964,PROD-002,La Paz,2026-05-12,2026-05-20,2026-05-30,905,880,24,8,33.75,,False
4965,MOV-004965,LOT-2026-04965,PROD-035,Tarija,2026-05-25,2026-06-02,2026-06-12,952,921,27,8,23.85,,False
4966,MOV-004966,LOT-2026-04966,PROD-053,La Paz,2026-08-04,2026-08-28,2027-08-04,156,151,1,24,73.12,,False
4967,MOV-004967,LOT-2026-04967,PROD-044,Tarija,2026-06-26,2026-07-14,2027-06-26,693,685,5,18,65.12,,False
4968,MOV-004968,LOT-2026-04968,PROD-001,Oruro,2026-06-25,2026-06-28,2026-12-22,397,388,7,3,42.39,,False
4969,MOV-004969,LOT-2026-04969,PROD-008,Tarija,2026-05-03,2026-05-08,2026-05-21,616,598,16,5,31.75,,False
4970,MOV-004970,LOT-2026-04970,PROD-017,Tarija,2026-06-05,2026-06-22,2026-06-23,715,687,24,17,19.81,,False
4971,MOV-004971,LOT-2026-04971,PROD-031,Oruro,2026-08-25,2026-02-31,2027-02-21,848,833,11,7,14.93,fecha_salida,True
4972,MOV-004972,LOT-2026-04972,PROD-032,Oruro,2026-08-12,2026-09-02,2027-08-12,781,769,5,21,63.21,,False
4973,MOV-004973,LOT-2026-04973,PROD-012,Tarija,2026-08-20,2026-09-12,2027-02-16,903,886,13,23,80.8,,False
4974,MOV-004974,LOT-2026-04974,PROD-041,Cochabamba,2026-05-31,2026-06-11,2027-05-31,738,726,7,11,14.19,,False
4975,MOV-004975,LOT-2026-04975,PROD-003,Oruro,2026-06-15,2026-06-22,2026-07-03,100,91,3,7,27.19,,False
4976,MOV-004976,LOT-2026-04976,PROD-054,Oruro,2026-05-13,2026-06-05,2027-05-13,477,474,3,23,81.98,,False
4977,MOV-004977,LOT-2026-04977,PROD-006,Oruro,2026-06-27,2026-07-08,2027-06-27,662,653,4,11,23.32,,False
4978,MOV-004978,LOT-2026-04978,PROD-030,Cochabamba,2026-06-26,2026-07-17,,293,289,2,21,24.51,fecha_vencimiento,True
4979,MOV-004979,LOT-2026-04979,PROD-045,Santa Cruz,2026-07-01,2026-08-02,2027-07-01,831,820,4,32,61.85,,False
4980,MOV-004980,LOT-2026-04980,PROD-046,Cochabamba,2026-07-30,2026-08-19,2027-07-30,787,777,6,20,12.64,,False
4981,MOV-004981,LOT-2026-04981,PROD-037,Cochabamba,2026-07-19,2026-08-25,2027-07-19,646,636,6,37,64.93,,False
4982,MOV-004982,LOT-2026-04982,PROD-043,Oruro,2026-06-15,2026-07-04,2026-07-03,681,652,24,19,71.11,,False
4983,MOV-004983,LOT-2026-04983,PROD-058,Tarija,2026-06-01,2026-06-26,2027-06-01,373,370,2,25,83.63,,False
4984,MOV-004984,LOT-2026-04984,PROD-042,Cochabamba,2026-05-05,2026-05-16,2027-05-05,915,905,8,11,73.69,,False
4985,MOV-004985,LOT-2026-04985,PROD-029,La Paz,2026-07-27,2026-08-19,2027-07-27,936,929,5,23,60.18,,False
4986,MOV-004986,LOT-2026-04986,PROD-034,Santa Cruz,2026-08-26,2026-09-12,2027-08-26,988,972,9,17,83.26,,False
4987,MOV-004987,LOT-2026-04987,PROD-057,Tarija,2026-06-18,2026-07-01,2027-06-18,199,191,1,13,39.61,,False
4988,MOV-004988,LOT-2026-04988,PROD-028,Tarija,2026-07-01,2026-07-26,2027-07-01,720,711,6,25,55.4,,False
4989,MOV-004989,LOT-2026-04989,PROD-048,Santa Cruz,2026-06-25,2026-07-05,2027-06-25,485,480,3,10,24.01,,False
4990,MOV-004990,LOT-2026-04990,PROD-007,La Paz,2026-07-05,2026-07-26,2027-07-05,231,224,2,21,23.87,,False
4991,MOV-004991,LOT-2026-04991,PROD-046,Santa Cruz,2026-05-24,2026-06-05,2027-05-24,68,67,1,12,12.64,,False
4992,MOV-004992,LOT-2026-04992,PROD-007,Oruro,2026-07-22,2026-08-17,2027-07-22,648,640,4,26,23.87,,False
4993,MOV-004993,LOT-2026-04993,PROD-029,La Paz,2026-08-13,2026-08-22,2027-08-13,305,302,2,9,60.18,,False
4994,MOV-004994,LOT-2026-04994,PROD-003,Tarija,2026-08-09,2026-08-17,2026-08-27,753,734,19,8,27.19,,False
4995,MOV-004995,LOT-2026-04995,PROD-012,Tarija,22/07/2026,2026-07-28,2027-01-18,592,581,8,6,80.8,fecha_ingreso,True
4996,MOV-004996,LOT-2026-04996,PROD-024,Oruro,2026-06-05,2026-06-24,2027-06-05,547,538,4,19,23.48,,False
4997,MOV-004997,LOT-2026-04997,PROD-011,Santa Cruz,2026-07-29,2026-07-30,2026-08-16,429,417,12,1,14.4,,False
4998,MOV-004998,LOT-2026-04998,PROD-041,La Paz,2026-05-03,2026-05-18,2027-05-03,311,309,2,15,14.19,,False
4999,MOV-004999,LOT-2026-04999,PROD-002,La Paz,2026-05-29,2026-07-18,2026-06-16,266,241,23,50,33.75,,False
5000,MOV-005000,LOT-2026-05000,PROD-059,Santa Cruz,2026-07-31,2026-08-03,2026-08-18,66,63,2,3,13.44,,False
5001,MOV-005001,LOT-2026-05001,PROD-029,La Paz,2026-07-21,2026-08-09,2027-07-21,211,209,2,19,60.18,,False
5002,MOV-005002,LOT-2026-05002,PROD-047,La Paz,2026-08-12,2026-09-27,2027-08-12,249,240,5,46,21.58,,False
5003,MOV-005003,LOT-2026-05003,PROD-010,Tarija,2026-08-16,2026-09-11,2027-08-16,352,347,2,26,47.91,,False
5004,MOV-005004,LOT-2026-05004,PROD-030,Oruro,2026-07-16,2026-08-11,2027-07-16,57,51,0,26,24.51,,False
5005,MOV-005005,LOT-2026-05005,PROD-060,Tarija,2026-06-17,2026-06-24,2026-07-05,82,74,2,7,37.99,,False
5006,MOV-005006,LOT-2026-05006,PROD-020,La Paz,2026-06-19,2026-06-26,2026-07-07,574,550,17,7,26.82,,False
5007,MOV-005007,LOT-2026-05007,PROD-034,La Paz,2026-06-15,2026-07-10,2027-06-15,791,777,8,25,83.26,,False
5008,MOV-005008,LOT-2026-05008,PROD-019,Tarija,2026-08-16,2026-08-23,2026-09-03,214,209,5,7,62.22,,False
5009,MOV-005009,LOT-2026-05009,PROD-025,La Paz,2026-07-26,2026-09-02,2026-08-13,510,470,33,38,45.25,,False
5010,MOV-005010,LOT-2026-05010,PROD-031,Cochabamba,2026-05-15,2026-05-23,2026-11-11,467,456,6,8,14.93,,False
5011,MOV-005011,LOT-2026-05011,PROD-034,Santa Cruz,2026-05-25,2026-07-03,2027-05-25,66,63,1,39,83.26,,False
5012,MOV-005012,LOT-2026-05012,PROD-036,Oruro,2026-06-17,2026-06-28,2026-12-14,914,899,13,11,53.28,,False
5013,MOV-005013,LOT-2026-05013,PROD-018,Santa Cruz,2026-07-20,2026-07-31,2027-07-20,695,688,4,11,20.82,,False
5014,MOV-005014,LOT-2026-05014,PROD-014,Tarija,2026-08-09,2026-09-12,2027-08-09,662,655,4,34,21.61,,False
5015,MOV-005015,LOT-2026-05015,PROD-013,Cochabamba,2026-08-14,2026-08-15,2027-02-10,336,328,5,1,33.05,,False
5016,MOV-005016,LOT-2026-05016,PROD-006,La Paz,2026-06-03,2026-06-14,2027-06-03,639,628,5,11,23.32,,False
5017,MOV-005017,LOT-2026-05017,PROD-004,La Paz,2026-06-28,2026-07-21,2027-06-28,946,940,6,23,27.26,,False
5018,MOV-005018,LOT-2026-05018,PROD-038,Oruro,2026-07-06,2026-07-24,2027-07-06,836,826,5,18,13.49,,False
5019,MOV-005019,LOT-2026-05019,PROD-045,La Paz,2026-08-07,2026-08-24,2027-08-07,337,330,3,17,61.85,,False
5020,MOV-005020,LOT-2026-05020,PROD-054,Oruro,2026-06-05,2026-06-17,2027-06-05,143,140,1,12,81.98,,False
5021,MOV-005021,LOT-2026-05021,PROD-053,Tarija,2026-06-16,2026-07-13,2027-06-16,943,935,5,27,73.12,,False
5022,MOV-005022,LOT-2026-05022,PROD-047,Tarija,2026-07-12,2026-07-23,2027-07-12,777,765,5,11,21.58,,False
5023,MOV-005023,LOT-2026-05023,PROD-024,Tarija,2026-07-09,2026-08-09,2027-07-09,576,571,4,31,23.48,,False
5024,MOV-005024,LOT-2026-05024,PROD-023,La Paz,2026-05-12,2026-06-06,2026-11-08,108,103,1,25,64.4,,False
5025,MOV-005025,LOT-2026-05025,PROD-039,La Paz,2026-06-09,2026-07-01,2027-06-09,923,913,8,22,56.75,,False
5026,MOV-005026,LOT-2026-05026,PROD-051,La Paz,2026-08-06,2026-08-10,2027-02-02,564,552,7,4,21.14,,False
5027,MOV-005027,LOT-2026-05027,PROD-043,Cochabamba,2026-05-23,2026-06-21,2026-06-10,993,937,52,29,71.11,,False
5028,MOV-005028,LOT-2026-05028,PROD-042,La Paz,2026-06-03,2026-07-05,2027-06-03,63,61,0,32,73.69,,False
5029,MOV-005029,LOT-2026-05029,PROD-017,Cochabamba,2026-06-13,2026-06-24,2026-07-01,750,727,20,11,19.81,,False
5030,MOV-005030,LOT-2026-05030,PROD-059,Cochabamba,2026-06-17,2026-07-13,2026-07-05,893,849,44,26,13.44,,False
5031,MOV-005031,LOT-2026-05031,PROD-053,Santa Cruz,2026-07-15,2026-07-31,2027-07-15,509,501,3,16,73.12,,False
5032,MOV-005032,LOT-2026-05032,PROD-020,Oruro,2026-06-29,2026-07-05,2026-07-17,917,886,27,6,26.82,,False
5033,MOV-005033,LOT-2026-05033,PROD-034,Cochabamba,2026-07-25,2026-08-14,2027-07-25,175,169,1,20,83.26,,False
5034,MOV-005034,LOT-2026-05034,PROD-027,Oruro,2026-05-30,2026-06-21,2027-05-30,619,610,3,22,44.86,,False
5035,MOV-005035,LOT-2026-05035,PROD-027,Tarija,2026-06-07,2026-06-20,2027-06-07,87,83,1,13,44.86,,False
5036,MOV-005036,LOT-2026-05036,PROD-044,La Paz,2026-08-07,2026-08-23,2027-08-07,735,730,4,16,65.12,,False
5037,MOV-005037,LOT-2026-05037,PROD-045,Santa Cruz,2026-06-12,2026-06-24,2027-06-12,624,616,4,12,61.85,,False
5038,MOV-005038,LOT-2026-05038,PROD-015,Oruro,2026-06-26,2026-06-30,2026-12-23,58,52,1,4,54.56,,False
5039,MOV-005039,LOT-2026-05039,PROD-057,Oruro,2026-07-29,2026-08-14,2027-07-29,542,537,3,16,39.61,,False
5040,MOV-005040,LOT-2026-05040,PROD-049,Oruro,2026-06-23,2026-06-27,2026-07-11,756,730,19,4,25.49,,False
5041,MOV-005041,LOT-2026-05041,PROD-052,Oruro,2026-06-30,2026-07-15,2026-12-27,422,409,6,15,59.66,,False
5042,MOV-005042,LOT-2026-05042,PROD-002,Santa Cruz,2026-06-07,2026-06-18,2026-06-25,754,734,20,11,33.75,,False
5043,MOV-005043,LOT-2026-05043,PROD-021,Tarija,2026-05-29,2026-06-11,2027-05-29,429,425,3,13,84.36,,False
5044,MOV-005044,LOT-2026-05044,PROD-025,Cochabamba,2026-05-19,2026-05-24,2026-06-06,389,377,10,5,45.25,,False
5045,MOV-005045,LOT-2026-05045,PROD-019,Tarija,2026-06-21,2026-06-30,2026-07-09,890,867,23,9,62.22,,False
5046,MOV-005046,LOT-2026-05046,PROD-024,Cochabamba,2026-07-26,2026-08-05,2027-07-26,566,557,7,10,23.48,,False
5047,MOV-005047,LOT-2026-05047,PROD-001,Tarija,2026-06-26,2026-07-06,2026-12-23,153,146,3,10,42.39,,False
5048,MOV-005048,LOT-2026-05048,PROD-039,Santa Cruz,2026-05-26,2026-06-30,2027-05-26,677,672,4,35,56.75,,False
5049,MOV-005049,LOT-2026-05049,PROD-036,Tarija,2026-07-28,2026-08-14,2027-01-24,848,834,12,17,53.28,,False
5050,MOV-005050,LOT-2026-05050,PROD-060,La Paz,2026-08-19,2026-09-16,2026-09-06,149,141,7,28,37.99,,False
5051,MOV-005051,LOT-2026-05051,PROD-025,Santa Cruz,2026-07-02,2026-07-04,2026-07-20,449,433,12,2,45.25,,False
5052,MOV-005052,LOT-2026-05052,PROD-001,Santa Cruz,2026-06-24,2026-07-13,2026-12-21,255,249,4,19,42.39,,False
5053,MOV-005053,LOT-2026-05053,PROD-016,Cochabamba,2026-05-11,2026-05-31,2027-05-11,525,519,4,20,44.33,,False
5054,MOV-005054,LOT-2026-05054,PROD-035,Oruro,2026-06-25,2026-07-27,2026-07-13,711,667,42,32,23.85,,False
5055,MOV-005055,LOT-2026-05055,PROD-007,La Paz,2026-08-18,2026-09-28,2027-08-18,531,523,8,41,23.87,,False
5056,MOV-005056,LOT-2026-05056,PROD-050,La Paz,2026-07-27,2026-08-08,2026-08-14,463,448,12,12,55.37,,False
5057,MOV-005057,LOT-2026-05057,PROD-048,Oruro,2026-08-09,2026-08-29,2027-08-09,127,126,1,20,24.01,,False
5058,MOV-005058,LOT-2026-05058,PROD-010,Cochabamba,2026-07-21,2026-08-06,2027-07-21,122,121,1,16,47.91,,False
5059,MOV-005059,LOT-2026-05059,PROD-051,Oruro,2026-08-22,2026-08-29,2027-02-18,492,482,6,7,21.14,,False
5060,MOV-005060,LOT-2026-05060,PROD-059,Tarija,2026-07-29,2026-08-13,2026-08-16,798,769,27,15,13.44,,False
5061,MOV-005061,LOT-2026-05061,PROD-028,Cochabamba,2026-08-19,2026-08-30,2027-08-19,990,980,5,11,55.4,,False
5062,MOV-005062,LOT-2026-05062,PROD-009,Cochabamba,2026-07-08,2026-07-26,2027-07-08,558,550,3,18,16.29,,False
5063,MOV-005063,LOT-2026-05063,PROD-040,Cochabamba,2026-07-06,2026-07-20,2026-07-24,451,435,13,14,82.17,,False
5064,MOV-005064,LOT-2026-05064,PROD-002,La Paz,2026-05-13,2026-05-30,2026-05-31,127,121,4,17,33.75,,False
5065,MOV-005065,LOT-2026-05065,PROD-006,Tarija,2026-07-25,2026-08-17,2027-07-25,139,137,1,23,23.32,,False
5066,MOV-005066,LOT-2026-05066,PROD-059,Oruro,2026-05-21,2026-06-09,2026-06-08,363,350,13,19,13.44,,False
5067,MOV-005067,LOT-2026-05067,PROD-028,La Paz,2026-07-11,2026-07-27,2027-07-11,590,581,4,16,55.4,,False
5068,MOV-005068,LOT-2026-05068,PROD-024,Cochabamba,2026-05-20,2026-06-03,2027-05-20,122,116,1,14,23.48,,False
5069,MOV-005069,LOT-2026-05069,PROD-020,La Paz,2026-08-08,2026-08-25,2026-08-26,757,723,29,17,26.82,,False
5070,MOV-005070,LOT-2026-05070,PROD-033,Oruro,2026-08-15,2026-09-16,2027-08-15,116,108,1,32,77.59,,False
5071,MOV-005071,LOT-2026-05071,PROD-054,Cochabamba,2026-07-18,2026-08-18,2027-07-18,686,680,4,31,81.98,,False
5072,MOV-005072,LOT-2026-05072,PROD-041,Santa Cruz,2026-07-25,2026-08-13,2027-07-25,901,891,10,19,14.19,,False
5073,MOV-005073,LOT-2026-05073,PROD-017,Tarija,2026-05-09,2026-05-16,2026-05-27,594,578,16,7,19.81,,False
5074,MOV-005074,LOT-2026-05074,PROD-028,Oruro,2026-06-19,2026-07-02,2027-06-19,434,426,4,13,55.4,,False
5075,MOV-005075,LOT-2026-05075,PROD-015,La Paz,2026-06-04,2026-06-11,2026-12-01,926,912,12,7,54.56,,False
5076,MOV-005076,LOT-2026-05076,PROD-021,Santa Cruz,2026-06-27,2026-07-29,2027-06-27,268,261,1,32,84.36,,False
5077,MOV-005077,LOT-2026-05077,PROD-012,Oruro,2026-07-04,2026-07-13,2026-12-31,137,131,2,9,80.8,,False
5078,MOV-005078,LOT-2026-05078,PROD-041,Santa Cruz,2026-06-16,2026-07-03,2027-06-16,308,304,2,17,14.19,,False
5079,MOV-005079,LOT-2026-05079,PROD-037,Oruro,2026-05-23,2026-06-18,2027-05-23,484,475,3,26,64.93,,False
5080,MOV-005080,LOT-2026-05080,PROD-008,La Paz,2026-08-14,2026-09-16,2026-09-01,668,622,39,33,31.75,,False
5081,MOV-005081,LOT-2026-05081,PROD-059,Oruro,2026-07-11,2026-07-24,2026-07-29,468,451,14,13,13.44,,False
5082,MOV-005082,LOT-2026-05082,PROD-052,Cochabamba,2026-07-15,2026-08-03,2027-01-11,592,581,9,19,59.66,,False
5083,MOV-005083,LOT-2026-05083,PROD-023,Santa Cruz,2026-07-01,2026-07-02,2026-12-28,652,644,8,1,64.4,,False
5084,MOV-005084,LOT-2026-05084,PROD-043,Oruro,2026-05-29,2026-06-02,2026-06-16,687,663,19,4,71.11,,False
5085,MOV-005085,LOT-2026-05085,PROD-043,La Paz,2026-06-22,2026-07-14,2026-07-10,593,561,28,22,71.11,,False
5086,MOV-005086,LOT-2026-05086,PROD-056,Oruro,2026-07-24,2026-07-30,2026-08-11,475,456,14,6,36.51,,False
5087,MOV-005087,LOT-2026-05087,PROD-028,Oruro,2026-07-11,2026-07-22,2027-07-11,622,615,4,11,55.4,,False
5088,MOV-005088,LOT-2026-05088,PROD-056,Santa Cruz,2026-06-11,2026-06-14,2026-06-29,406,393,10,3,36.51,,False
5089,MOV-005089,LOT-2026-05089,PROD-026,Santa Cruz,2026-06-13,2026-07-05,2027-06-13,551,540,4,22,66.47,,False
5090,MOV-005090,LOT-2026-05090,PROD-019,Tarija,2026-06-18,2026-07-06,2026-07-06,280,265,10,18,62.22,,False
5091,MOV-005091,LOT-2026-05091,PROD-002,Cochabamba,2026-07-03,2026-07-26,2026-07-21,669,637,29,23,33.75,,False
5092,MOV-005092,LOT-2026-05092,PROD-038,Tarija,2026-08-18,2026-09-15,2027-08-18,901,889,6,28,13.49,,False
5093,MOV-005093,LOT-2026-05093,PROD-045,Santa Cruz,2026-05-20,2026-06-11,2027-05-20,727,721,5,22,61.85,,False
5094,MOV-005094,LOT-2026-05094,PROD-049,Oruro,2026-07-01,2026-08-06,2026-07-19,334,307,21,36,25.49,,False
5095,MOV-005095,LOT-2026-05095,PROD-043,Cochabamba,2026-07-31,2026-08-10,2026-08-18,344,333,10,10,71.11,,False
5096,MOV-005096,LOT-2026-05096,PROD-028,Cochabamba,2026-08-08,2026-08-28,,311,305,3,20,55.4,fecha_vencimiento,True
5097,MOV-005097,LOT-2026-05097,PROD-023,Cochabamba,2026-08-13,2026-08-23,2027-02-09,464,457,6,10,64.4,,False
5098,MOV-005098,LOT-2026-05098,PROD-029,Tarija,2026-05-07,2026-05-22,2027-05-07,495,485,3,15,60.18,,False
5099,MOV-005099,LOT-2026-05099,PROD-025,Tarija,2026-07-06,2026-07-27,2026-07-24,350,333,15,21,45.25,,False
5100,MOV-005100,LOT-2026-05100,PROD-011,Oruro,2026-07-11,2026-07-24,2026-07-29,400,381,12,13,14.4,,False
5101,MOV-005101,LOT-2026-05101,PROD-017,Tarija,2026-05-21,2026-06-10,2026-06-08,372,355,15,20,19.81,,False
5102,MOV-005102,LOT-2026-05102,PROD-012,Cochabamba,2026-08-18,2026-08-30,2027-02-14,841,824,10,12,80.8,,False
5103,MOV-005103,LOT-2026-05103,PROD-056,Cochabamba,2026-06-17,2026-06-18,2026-07-05,81,77,2,1,36.51,,False
5104,MOV-005104,LOT-2026-05104,PROD-036,Santa Cruz,30/05/2026,2026-06-07,2026-11-26,403,393,5,8,53.28,fecha_ingreso,True
5105,MOV-005105,LOT-2026-05105,PROD-010,Oruro,2026-06-14,2026-07-03,2027-06-14,169,161,1,19,47.91,,False
5106,MOV-005106,LOT-2026-05106,PROD-058,Santa Cruz,2026-08-23,2026-09-08,2027-08-23,334,325,2,16,83.63,,False
5107,MOV-005107,LOT-2026-05107,PROD-031,Santa Cruz,2026-05-24,2026-06-22,2026-11-20,310,302,4,29,14.93,,False
5108,MOV-005108,LOT-2026-05108,PROD-028,La Paz,2026-05-15,2026-06-07,2027-05-15,82,78,0,23,55.4,,False
5109,MOV-005109,LOT-2026-05109,PROD-043,La Paz,2026-07-04,2026-07-07,2026-07-22,389,372,10,3,71.11,,False
5110,MOV-005110,LOT-2026-05110,PROD-048,Oruro,2026-08-22,2026-09-08,2027-08-22,440,432,3,17,24.01,,False
5111,MOV-005111,LOT-2026-05111,PROD-006,La Paz,2026-05-31,2026-06-12,2027-05-31,914,901,6,12,23.32,,False
5112,MOV-005112,LOT-2026-05112,PROD-008,Oruro,2026-07-30,2026-09-03,2026-08-17,945,884,59,35,31.75,,False
5113,MOV-005113,LOT-2026-05113,PROD-037,Cochabamba,2026-08-04,2026-08-17,2027-08-04,869,861,6,13,64.93,,False
5114,MOV-005114,LOT-2026-05114,PROD-032,Tarija,2026-07-01,2026-07-16,2027-07-01,604,599,4,15,63.21,,False
5115,MOV-005115,LOT-2026-05115,PROD-015,Tarija,2026-07-23,2026-08-12,2027-01-19,870,853,13,20,54.56,,False
5116,MOV-005116,LOT-2026-05116,PROD-035,Tarija,2026-06-15,2026-06-24,2026-07-03,303,292,8,9,23.85,,False
5117,MOV-005117,LOT-2026-05117,PROD-001,Cochabamba,2026-06-08,2026-06-15,2026-12-05,116,109,2,7,42.39,,False
5118,MOV-005118,LOT-2026-05118,PROD-005,Santa Cruz,2026-08-08,2026-08-24,2027-08-08,552,546,3,16,76.84,,False
5119,MOV-005119,LOT-2026-05119,PROD-024,Cochabamba,2026-06-27,2026-07-17,2027-06-27,87,81,1,20,23.48,,False
5120,MOV-005120,LOT-2026-05120,PROD-006,Santa Cruz,2026-05-26,2026-06-30,2027-05-26,771,765,5,35,23.32,,False
5121,MOV-005121,LOT-2026-05121,PROD-059,Tarija,2026-07-17,2026-07-28,2026-08-04,461,443,12,11,13.44,,False
5122,MOV-005122,LOT-2026-05122,PROD-018,La Paz,2026-08-08,2026-08-24,2027-08-08,623,617,4,16,20.82,,False
5123,MOV-005123,LOT-2026-05123,PROD-060,Oruro,2026-08-08,2026-08-14,2026-08-26,907,882,23,6,37.99,,False
5124,MOV-005124,LOT-2026-05124,PROD-059,Cochabamba,2026-08-05,2026-08-17,2026-08-23,866,838,23,12,13.44,,False
5125,MOV-005125,LOT-2026-05125,PROD-014,Oruro,2026-06-30,2026-07-24,2027-06-30,279,277,2,24,21.61,,False
5126,MOV-005126,LOT-2026-05126,PROD-049,La Paz,2026-06-26,2026-08-09,2026-07-14,701,642,53,44,25.49,,False
5127,MOV-005127,LOT-2026-05127,PROD-035,Cochabamba,2026-07-23,2026-08-01,2026-08-10,51,43,1,9,23.85,,False
5128,MOV-005128,LOT-2026-05128,PROD-010,Santa Cruz,2026-07-23,2026-08-19,2027-07-23,117,109,1,27,47.91,,False
5129,MOV-005129,LOT-2026-05129,PROD-017,Tarija,2026-05-16,2026-06-04,2026-06-03,346,328,14,19,19.81,,False
5130,MOV-005130,LOT-2026-05130,PROD-048,La Paz,2026-06-04,2026-07-10,2027-06-04,870,856,7,36,24.01,,False
5131,MOV-005131,LOT-2026-05131,PROD-003,La Paz,2026-08-24,2026-09-11,2026-09-11,254,241,9,18,27.19,,False
5132,MOV-005132,LOT-2026-05132,PROD-008,Tarija,2026-05-05,2026-05-14,2026-05-23,615,597,16,9,31.75,,False
5133,MOV-005133,LOT-2026-05133,PROD-052,Santa Cruz,2026-06-28,2026-07-07,2026-12-25,772,757,10,9,59.66,,False
5134,MOV-005134,LOT-2026-05134,PROD-019,La Paz,2026-05-24,2026-06-02,2026-06-11,697,676,18,9,62.22,,False
5135,MOV-005135,LOT-2026-05135,PROD-032,La Paz,2026-06-03,2026-06-14,2027-06-03,650,639,4,11,63.21,,False
5136,MOV-005136,LOT-2026-05136,PROD-031,Santa Cruz,2026-06-02,2026-06-08,2026-11-29,979,967,12,6,14.93,,False
5137,MOV-005137,LOT-2026-05137,PROD-040,Oruro,2026-06-12,2026-07-02,2026-06-30,815,781,32,20,82.17,,False
5138,MOV-005138,LOT-2026-05138,PROD-020,Santa Cruz,2026-06-14,2026-06-23,2026-07-02,205,195,5,9,26.82,,False
5139,MOV-005139,LOT-2026-05139,PROD-033,La Paz,2026-07-05,2026-07-23,2027-07-05,949,932,10,18,77.59,,False
5140,MOV-005140,LOT-2026-05140,PROD-054,Oruro,2026-06-19,2026-07-14,2027-06-19,840,825,8,25,81.98,,False
5141,MOV-005141,LOT-2026-05141,PROD-018,Tarija,2026-07-28,2026-08-13,2027-07-28,771,760,6,16,20.82,,False
5142,MOV-005142,LOT-2026-05142,PROD-038,Cochabamba,2026-07-19,2026-08-19,2027-07-19,297,294,2,31,13.49,,False
5143,MOV-005143,LOT-2026-05143,PROD-019,La Paz,2026-07-05,2026-07-10,2026-07-23,453,440,12,5,62.22,,False
5144,MOV-005144,LOT-2026-05144,PROD-049,Tarija,2026-07-23,2026-08-04,2026-08-10,157,153,4,12,25.49,,False
5145,MOV-005145,LOT-2026-05145,PROD-007,Tarija,2026-05-11,2026-05-25,2027-05-11,245,239,1,14,23.87,,False
5146,MOV-005146,LOT-2026-05146,PROD-044,Cochabamba,2026-05-16,2026-05-27,2027-05-16,460,453,4,11,65.12,,False
5147,MOV-005147,LOT-2026-05147,PROD-006,La Paz,2026-06-25,2026-07-16,2027-06-25,666,658,6,21,23.32,,False
5148,MOV-005148,LOT-2026-05148,PROD-042,La Paz,2026-07-07,2026-07-26,2027-07-07,848,840,6,19,73.69,,False
5149,MOV-005149,LOT-2026-05149,PROD-028,Santa Cruz,2026-05-09,2026-06-11,2027-05-09,916,903,10,33,55.4,,False
5150,MOV-005150,LOT-2026-05150,PROD-021,Oruro,2026-08-24,2026-09-24,2027-08-24,137,134,1,31,84.36,,False
5151,MOV-005151,LOT-2026-05151,PROD-008,Tarija,2026-08-23,2026-08-30,2026-09-10,176,167,5,7,31.75,,False
5152,MOV-005152,LOT-2026-05152,PROD-033,Santa Cruz,2026-07-18,2026-08-06,2027-07-18,938,924,8,19,77.59,,False
5153,MOV-005153,LOT-2026-05153,PROD-020,Cochabamba,2026-07-14,2026-07-16,2026-08-01,407,392,12,2,26.82,,False
5154,MOV-005154,LOT-2026-05154,PROD-044,Cochabamba,2026-07-29,2026-08-16,2027-07-29,976,965,8,18,65.12,,False
5155,MOV-005155,LOT-2026-05155,PROD-047,Oruro,2026-05-07,2026-06-04,2027-05-07,724,710,8,28,21.58,,False
5156,MOV-005156,LOT-2026-05156,PROD-052,La Paz,2026-06-24,2026-07-06,2026-12-21,684,668,10,12,59.66,,False
5157,MOV-005157,LOT-2026-05157,PROD-051,Tarija,2026-06-12,2026-06-24,2026-12-09,837,826,11,12,21.14,,False
5158,MOV-005158,LOT-2026-05158,PROD-059,La Paz,2026-05-02,2026-05-20,2026-05-20,113,102,4,18,13.44,,False
5159,MOV-005159,LOT-2026-05159,PROD-060,Tarija,2026-05-30,2026-06-07,2026-06-17,520,503,16,8,37.99,,False
5160,MOV-005160,LOT-2026-05160,PROD-008,Santa Cruz,2026-07-25,2026-07-30,2026-08-12,929,904,24,5,31.75,,False
5161,MOV-005161,LOT-2026-05161,PROD-035,Santa Cruz,2026-06-01,2026-06-05,2026-06-19,814,793,21,4,23.85,,False
5162,MOV-005162,LOT-2026-05162,PROD-018,Cochabamba,2026-08-01,2026-08-14,2027-08-01,347,340,2,13,20.82,,False
5163,MOV-005163,LOT-2026-05163,PROD-030,Cochabamba,2026-05-22,2026-06-26,2027-05-22,581,572,4,35,24.51,,False
5164,MOV-005164,LOT-2026-05164,PROD-028,Tarija,2026-06-16,2026-06-28,2027-06-16,126,120,1,12,55.4,,False
5165,MOV-005165,LOT-2026-05165,PROD-007,Cochabamba,2026-05-10,2026-05-23,2027-05-10,415,405,3,13,23.87,,False
5166,MOV-005166,LOT-2026-05166,PROD-040,La Paz,2026-06-06,2026-06-14,2026-06-24,521,504,13,8,82.17,,False
5167,MOV-005167,LOT-2026-05167,PROD-013,Tarija,2026-05-06,2026-05-10,2026-11-02,527,517,7,4,33.05,,False
5168,MOV-005168,LOT-2026-05168,PROD-035,Tarija,2026-08-17,2026-08-27,2026-09-04,157,152,4,10,23.85,,False
5169,MOV-005169,LOT-2026-05169,PROD-055,Cochabamba,2026-07-04,2026-08-15,2027-07-04,384,371,6,42,60.11,,False
5170,MOV-005170,LOT-2026-05170,PROD-022,Oruro,2026-07-21,2026-07-24,2027-01-17,644,636,8,3,67.52,,False
5171,MOV-005171,LOT-2026-05171,PROD-018,Cochabamba,2026-07-18,2026-08-07,2027-07-18,989,977,6,20,20.82,,False
5172,MOV-005172,LOT-2026-05172,PROD-031,Cochabamba,2026-07-09,2026-07-16,2027-01-05,912,895,12,7,14.93,,False
5173,MOV-005173,LOT-2026-05173,PROD-040,Oruro,2026-08-02,2026-08-05,2026-08-20,793,772,20,3,82.17,,False
5174,MOV-005174,LOT-2026-05174,PROD-038,La Paz,2026-08-07,2026-08-23,2027-08-07,591,585,4,16,13.49,,False
5175,MOV-005175,LOT-2026-05175,PROD-007,Santa Cruz,2026-07-06,2026-07-24,2027-07-06,781,772,4,18,23.87,,False
5176,MOV-005176,LOT-2026-05176,PROD-021,Santa Cruz,2026-08-09,2026-09-05,2027-08-09,895,887,7,27,84.36,,False
5177,MOV-005177,LOT-2026-05177,PROD-001,Oruro,2026-06-09,2026-06-17,2026-12-06,535,526,7,8,42.39,,False
5178,MOV-005178,LOT-2026-05178,PROD-025,Cochabamba,2026-08-25,2026-08-30,2026-09-12,700,680,18,5,45.25,,False
5179,MOV-005179,LOT-2026-05179,PROD-047,Oruro,2026-06-04,2026-06-19,2027-06-04,265,256,2,15,21.58,,False
5180,MOV-005180,LOT-2026-05180,PROD-017,La Paz,2026-07-08,2026-08-02,2026-07-26,208,193,10,25,19.81,,False
5181,MOV-005181,LOT-2026-05181,PROD-023,Oruro,2026-06-02,2026-06-12,2026-11-29,608,593,8,10,64.4,,False
5182,MOV-005182,LOT-2026-05182,PROD-026,Oruro,2026-06-04,2026-06-15,2027-06-04,506,500,3,11,66.47,,False
5183,MOV-005183,LOT-2026-05183,PROD-012,Santa Cruz,2026-06-01,2026-06-04,2026-11-28,827,812,10,3,80.8,,False
5184,MOV-005184,LOT-2026-05184,PROD-043,Santa Cruz,2026-07-07,2026-07-25,2026-07-25,994,953,34,18,71.11,,False
5185,MOV-005185,LOT-2026-05185,PROD-056,Santa Cruz,2026-05-24,2026-05-25,2026-06-11,215,203,6,1,36.51,,False
5186,MOV-005186,LOT-2026-05186,PROD-019,La Paz,2026-08-05,2026-08-30,2026-08-23,813,769,40,25,62.22,,False
5187,MOV-005187,LOT-2026-05187,PROD-040,Tarija,2026-07-15,2026-07-24,2026-08-02,845,820,22,9,82.17,,False
5188,MOV-005188,LOT-2026-05188,PROD-049,Santa Cruz,2026-05-21,2026-05-24,2026-06-08,579,558,16,3,25.49,,False
5189,MOV-005189,LOT-2026-05189,PROD-004,La Paz,2026-05-14,2026-05-31,2027-05-14,658,650,5,17,27.26,,False
5190,MOV-005190,LOT-2026-05190,PROD-025,Santa Cruz,2026-07-10,2026-07-13,2026-07-28,904,874,25,3,45.25,,False
5191,MOV-005191,LOT-2026-05191,PROD-042,La Paz,2026-08-11,2026-08-31,2027-08-11,783,773,6,20,73.69,,False
5192,MOV-005192,LOT-2026-05192,PROD-038,Oruro,2026-05-27,2026-06-14,2027-05-27,473,467,4,18,13.49,,False
5193,MOV-005193,LOT-2026-05193,PROD-055,Tarija,2026-07-17,2026-08-22,2027-07-17,575,570,4,36,60.11,,False
5194,MOV-005194,LOT-2026-05194,PROD-035,Oruro,2026-06-28,2026-07-14,2026-07-16,867,833,27,16,23.85,,False
5195,MOV-005195,LOT-2026-05195,PROD-020,Cochabamba,2026-08-21,2026-08-24,2026-09-08,291,278,7,3,26.82,,False
5196,MOV-005196,LOT-2026-05196,PROD-039,Oruro,2026-07-13,2026-08-07,2027-07-13,463,453,3,25,56.75,,False
5197,MOV-005197,LOT-2026-05197,PROD-053,Tarija,2026-05-14,2026-05-31,2027-05-14,52,47,0,17,73.12,,False
5198,MOV-005198,LOT-2026-05198,PROD-002,Tarija,2026-07-27,2026-08-03,2026-08-14,139,130,4,7,33.75,,False
5199,MOV-005199,LOT-2026-05199,PROD-025,Oruro,2026-07-12,2026-07-14,2026-07-30,892,868,23,2,45.25,,False
5200,MOV-005200,LOT-2026-05200,PROD-018,Santa Cruz,2026-05-29,2026-06-21,2027-05-29,399,390,2,23,20.82,,False
5201,MOV-005201,LOT-2026-05201,PROD-025,Oruro,2026-07-29,2026-08-02,2026-08-16,564,543,15,4,45.25,,False
5202,MOV-005202,LOT-2026-05202,PROD-060,Tarija,2026-07-31,2026-08-24,2026-08-18,820,781,35,24,37.99,,False
5203,MOV-005203,LOT-2026-05203,PROD-048,Cochabamba,2026-05-19,2026-05-31,2027-05-19,54,49,0,12,24.01,,False
5204,MOV-005204,LOT-2026-05204,PROD-047,Tarija,2026-06-10,2026-06-22,2027-06-10,995,987,6,12,21.58,,False
5205,MOV-005205,LOT-2026-05205,PROD-032,Tarija,2026-05-21,2026-07-14,2027-05-21,414,397,15,54,63.21,,False
5206,MOV-005206,LOT-2026-05206,PROD-056,Santa Cruz,2026-05-14,2026-05-28,2026-06-01,295,282,9,14,36.51,,False
5207,MOV-005207,LOT-2026-05207,PROD-054,Santa Cruz,2026-05-22,2026-06-09,2027-05-22,476,468,3,18,81.98,,False
5208,MOV-005208,LOT-2026-05208,PROD-005,Santa Cruz,2026-08-10,2026-08-28,2027-08-10,269,262,2,18,76.84,,False
5209,MOV-005209,LOT-2026-05209,PROD-039,Cochabamba,2026-08-14,2026-09-01,2027-08-14,482,473,3,18,56.75,,False
5210,MOV-005210,LOT-2026-05210,PROD-045,Oruro,2026-07-20,2026-08-17,2027-07-20,932,921,8,28,61.85,,False
5211,MOV-005211,LOT-2026-05211,PROD-009,Cochabamba,2026-05-05,2026-05-17,2027-05-05,406,396,3,12,16.29,,False
5212,MOV-005212,LOT-2026-05212,PROD-028,Cochabamba,2026-08-06,2026-08-31,2027-08-06,488,482,4,25,55.4,,False
5213,MOV-005213,LOT-2026-05213,PROD-024,Oruro,2026-07-10,2026-08-02,2027-07-10,973,964,6,23,23.48,,False
5214,MOV-005214,LOT-2026-05214,PROD-002,La Paz,2026-08-05,2026-08-08,2026-08-23,238,227,-6,3,33.75,cantidad_merma,True
5215,MOV-005215,LOT-2026-05215,PROD-008,Cochabamba,2026-05-19,2026-06-01,2026-06-06,698,678,19,13,31.75,,False
5216,MOV-005216,LOT-2026-05216,PROD-037,La Paz,2026-07-29,2026-08-16,2027-07-29,784,774,4,18,64.93,,False
5217,MOV-005217,LOT-2026-05217,PROD-051,Tarija,2026-06-09,2026-07-04,2026-12-06,642,628,9,25,21.14,,False
5218,MOV-005218,LOT-2026-05218,PROD-055,Santa Cruz,2026-05-14,2026-05-27,2027-05-14,726,717,5,13,60.11,,False
5219,MOV-005219,LOT-2026-05219,PROD-048,Tarija,2026-06-17,2026-07-01,2027-06-17,355,345,5,14,24.01,,False
5220,MOV-005220,LOT-2026-05220,PROD-005,La Paz,2026-06-27,2026-07-10,2027-06-27,940,933,6,13,76.84,,False
5221,MOV-005221,LOT-2026-05221,PROD-018,Santa Cruz,2026-05-13,2026-06-03,2027-05-13,100,96,1,21,20.82,,False
5222,MOV-005222,LOT-2026-05222,PROD-030,Santa Cruz,2026-06-15,2026-07-21,2027-06-15,374,369,3,36,24.51,,False
5223,MOV-005223,LOT-2026-05223,PROD-033,La Paz,2026-07-26,2026-08-22,2027-07-26,931,920,5,27,77.59,,False
5224,MOV-005224,LOT-2026-05224,PROD-009,La Paz,2026-08-15,2026-09-08,2027-08-15,183,176,1,24,16.29,,False
5225,MOV-005225,LOT-2026-05225,PROD-012,Oruro,2026-05-03,2026-05-07,2026-10-30,849,831,11,4,80.8,,False
5226,MOV-005226,LOT-2026-05226,PROD-045,La Paz,2026-08-25,2026-09-09,2027-08-25,561,549,5,15,61.85,,False
5227,MOV-005227,LOT-2026-05227,PROD-051,Santa Cruz,2026-08-04,2026-08-08,2027-01-31,cien,574,11,4,21.14,cantidad_ingreso,True
5228,MOV-005228,LOT-2026-05228,PROD-053,Tarija,2026-06-17,2026-07-02,2027-06-17,418,415,2,15,73.12,,False
5229,MOV-005229,LOT-2026-05229,PROD-046,La Paz,2026-05-20,2026-05-29,2027-05-20,650,644,3,9,12.64,,False
5230,MOV-005230,LOT-2026-05230,PROD-009,Tarija,2026-05-17,2026-05-28,2027-05-17,533,526,4,11,16.29,,False
5231,MOV-005231,LOT-2026-05231,PROD-045,Cochabamba,2026-05-04,2026-06-02,2027-05-04,613,606,5,29,61.85,,False
5232,MOV-005232,LOT-2026-05232,PROD-011,La Paz,2026-06-20,2026-07-06,2026-07-08,921,890,29,16,14.4,,False
5233,MOV-005233,LOT-2026-05233,PROD-037,Oruro,2026-07-23,2026-08-11,2027-07-23,90,83,1,19,64.93,,False
5234,MOV-005234,LOT-2026-05234,PROD-041,Tarija,2026-08-14,2026-09-17,2027-08-14,483,474,5,34,14.19,,False
5235,MOV-005235,LOT-2026-05235,PROD-018,Tarija,2026-06-11,2026-06-27,2027-06-11,644,633,4,16,20.82,,False
5236,MOV-005236,LOT-2026-05236,PROD-012,Tarija,2026-05-08,2026-05-22,2026-11-04,159,152,2,14,80.8,,False
5237,MOV-005237,LOT-2026-05237,PROD-048,Santa Cruz,2026-07-13,2026-07-31,2027-07-13,299,294,2,18,24.01,,False
5238,MOV-005238,LOT-2026-05238,PROD-042,Tarija,2026-05-03,2026-05-20,2027-05-03,979,971,6,17,73.69,,False
5239,MOV-005239,LOT-2026-05239,PROD-003,Cochabamba,2026-07-21,2026-08-10,2026-08-08,739,708,29,20,27.19,,False
5240,MOV-005240,LOT-2026-05240,PROD-045,La Paz,2026-07-18,2026-08-05,2027-07-18,929,915,8,18,61.85,,False
5241,MOV-005241,LOT-2026-05241,PROD-012,Cochabamba,2026-05-20,2026-06-09,2026-11-16,431,423,7,20,80.8,,False
5242,MOV-005242,LOT-2026-05242,PROD-035,Tarija,2026-06-11,2026-06-14,2026-06-29,320,311,8,3,23.85,,False
5243,MOV-005243,LOT-2026-05243,PROD-026,Oruro,2026-08-22,2026-09-09,2027-08-22,923,916,5,18,66.47,,False
5244,MOV-005244,LOT-2026-05244,PROD-018,Tarija,2026-08-03,2026-08-20,2027-08-03,971,965,6,17,20.82,,False
5245,MOV-005245,LOT-2026-05245,PROD-059,La Paz,2026-07-28,2026-08-06,2026-08-15,605,588,16,9,13.44,,False
5246,MOV-005246,LOT-2026-05246,PROD-056,Tarija,2026-05-04,2026-05-21,2026-05-22,854,821,29,17,36.51,,False
5247,MOV-005247,LOT-2026-05247,PROD-043,Oruro,2026-07-07,2026-07-12,2026-07-25,269,257,8,5,71.11,,False
5248,MOV-005248,LOT-2026-05248,PROD-025,Santa Cruz,2026-08-14,2026-09-13,2026-09-01,182,167,10,30,45.25,,False
5249,MOV-005249,LOT-2026-05249,PROD-043,Oruro,2026-08-02,2026-08-16,2026-08-20,289,277,10,14,71.11,,False
5250,MOV-005250,LOT-2026-05250,PROD-024,La Paz,2026-05-11,2026-06-06,2027-05-11,725,713,5,26,23.48,,False
5251,MOV-005251,LOT-2026-05251,PROD-009,Tarija,2026-05-22,2026-06-04,2027-05-22,945,940,5,13,16.29,,False
5252,MOV-005252,LOT-2026-05252,PROD-033,Tarija,2026-07-09,2026-07-27,2027-07-09,932,917,10,18,77.59,,False
5253,MOV-005253,LOT-2026-05253,PROD-020,Tarija,2026-07-08,2026-08-31,2026-07-26,453,409,40,54,26.82,,False
5254,MOV-005254,LOT-2026-05254,PROD-014,Tarija,2026-07-21,2026-08-07,,983,977,6,17,21.61,fecha_vencimiento,True
5255,MOV-005255,LOT-2026-05255,PROD-002,Oruro,2026-07-11,2026-07-13,2026-07-29,622,599,16,2,33.75,,False
5256,MOV-005256,LOT-2026-05256,PROD-009,La Paz,2026-05-07,2026-05-24,2027-05-07,987,976,5,17,16.29,,False
5257,MOV-005257,LOT-2026-05257,PROD-003,Oruro,2026-06-01,2026-06-08,2026-06-19,72,68,2,7,27.19,,False
5258,MOV-005258,LOT-2026-05258,PROD-007,Tarija,2026-08-05,2026-09-02,2027-08-05,517,509,3,28,23.87,,False
5259,MOV-005259,LOT-2026-05259,PROD-025,Santa Cruz,2026-05-13,2026-05-24,2026-05-31,537,522,14,11,45.25,,False
5260,MOV-005260,LOT-2026-05260,PROD-008,Oruro,2026-05-11,2026-05-24,2026-05-29,496,478,16,13,31.75,,False
5261,MOV-005261,LOT-2026-05261,PROD-020,Cochabamba,2026-08-27,2026-09-03,2026-09-14,470,452,13,7,26.82,,False
5262,MOV-005262,LOT-2026-05262,PROD-059,Cochabamba,2026-07-29,2026-08-03,2026-08-16,908,878,24,5,13.44,,False
5263,MOV-005263,LOT-2026-05263,PROD-026,La Paz,2026-06-24,2026-07-06,2027-06-24,300,293,2,12,66.47,,False
5264,MOV-005264,LOT-2026-05264,PROD-048,La Paz,2026-07-07,2026-07-22,2027-07-07,745,739,5,15,24.01,,False
5265,MOV-005265,LOT-2026-05265,PROD-046,La Paz,2026-05-01,2026-05-15,,369,367,2,14,12.64,fecha_vencimiento,True
5266,MOV-005266,LOT-2026-05266,PROD-013,Santa Cruz,2026-06-30,2026-07-07,2026-12-27,623,612,8,7,33.05,,False
5267,MOV-005267,LOT-2026-05267,PROD-046,Oruro,2026-05-27,2026-06-08,2027-05-27,545,538,5,12,12.64,,False
5268,MOV-005268,LOT-2026-05268,PROD-019,Tarija,2026-05-01,2026-05-12,2026-05-19,111,108,3,11,62.22,,False
5269,MOV-005269,LOT-2026-05269,PROD-040,Oruro,2026-08-26,2026-09-11,2026-09-13,921,887,29,16,82.17,,False
5270,MOV-005270,LOT-2026-05270,PROD-009,Oruro,2026-07-13,2026-07-28,2027-07-13,704,693,5,15,16.29,,False
5271,MOV-005271,LOT-2026-05271,PROD-053,La Paz,2026-06-09,2026-06-18,2027-06-09,159,157,1,9,73.12,,False
5272,MOV-005272,LOT-2026-05272,PROD-051,La Paz,2026-06-27,2026-07-17,2026-12-24,371,362,5,20,21.14,,False
5273,MOV-005273,LOT-2026-05273,PROD-011,Oruro,2026-05-26,2026-06-08,2026-06-13,432,417,13,13,14.4,,False
5274,MOV-005274,LOT-2026-05274,PROD-027,Oruro,2026-08-09,2026-09-16,2027-08-09,616,610,6,38,44.86,,False
5275,MOV-005275,LOT-2026-05275,PROD-052,Oruro,2026-08-16,2026-08-23,2027-02-12,472,464,7,7,59.66,,False
5276,MOV-005276,LOT-2026-05276,PROD-057,Cochabamba,2026-08-25,2026-09-15,2027-08-25,192,187,2,21,39.61,,False
5277,MOV-005277,LOT-2026-05277,PROD-034,Cochabamba,2026-05-07,2026-06-04,2027-05-07,782,771,5,28,83.26,,False
5278,MOV-005278,LOT-2026-05278,PROD-039,Santa Cruz,2026-05-06,2026-05-29,2027-05-06,121,116,1,23,56.75,,False
5279,MOV-005279,LOT-2026-05279,PROD-050,La Paz,2026-06-04,2026-06-25,2026-06-22,706,673,28,21,55.37,,False
5280,MOV-005280,LOT-2026-05280,PROD-027,Santa Cruz,2026-05-02,2026-05-23,2027-05-02,880,868,5,21,44.86,,False
5281,MOV-005281,LOT-2026-05281,PROD-012,Oruro,2026-08-07,2026-08-20,2027-02-03,95,92,1,13,80.8,,False
5282,MOV-005282,LOT-2026-05282,PROD-049,Tarija,2026-07-20,2026-07-22,2026-08-07,cien,706,22,2,25.49,cantidad_ingreso,True
5283,MOV-005283,LOT-2026-05283,PROD-040,Oruro,2026-06-02,2026-07-01,2026-06-20,299,283,16,29,82.17,,False
5284,MOV-005284,LOT-2026-05284,PROD-022,La Paz,2026-07-09,2026-07-24,2027-01-05,138,132,2,15,67.52,,False
5285,MOV-005285,LOT-2026-05285,PROD-049,Oruro,2026-06-04,2026-06-11,2026-06-22,113,102,4,7,25.49,,False
5286,MOV-005286,LOT-2026-05286,PROD-035,Santa Cruz,2026-05-09,2026-05-14,2026-05-27,615,590,18,5,23.85,,False
5287,MOV-005287,LOT-2026-05287,PROD-002,Tarija,2026-05-05,2026-05-18,2026-05-23,189,183,5,13,33.75,,False
5288,MOV-005288,LOT-2026-05288,PROD-032,Cochabamba,2026-06-04,2026-06-14,2027-06-04,605,598,5,10,63.21,,False
5289,MOV-005289,LOT-2026-05289,PROD-004,Cochabamba,2026-07-02,2026-07-24,2027-07-02,238,234,2,22,27.26,,False
5290,MOV-005290,LOT-2026-05290,PROD-005,Santa Cruz,2026-07-03,2026-07-22,2027-07-03,357,353,3,19,76.84,,False
5291,MOV-005291,LOT-2026-05291,PROD-031,Santa Cruz,2026-08-21,2026-09-05,2027-02-17,529,522,6,15,14.93,,False
5292,MOV-005292,LOT-2026-05292,PROD-060,Tarija,2026-06-29,2026-07-04,2026-07-17,711,686,18,5,37.99,,False
5293,MOV-005293,LOT-2026-05293,PROD-051,Cochabamba,2026-08-28,2026-09-05,2027-02-24,952,933,15,8,21.14,,False
5294,MOV-005294,LOT-2026-05294,PROD-047,Oruro,2026-05-31,2026-06-11,2027-05-31,201,200,1,11,21.58,,False
5295,MOV-005295,LOT-2026-05295,PROD-039,La Paz,2026-08-27,2026-09-20,2027-08-27,548,540,5,24,56.75,,False
5296,MOV-005296,LOT-2026-05296,PROD-047,Cochabamba,2026-05-25,2026-06-06,2027-05-25,615,606,5,12,21.58,,False
5297,MOV-005297,LOT-2026-05297,PROD-051,Santa Cruz,2026-08-25,2026-08-30,2027-02-21,912,894,11,5,21.14,,False
5298,MOV-005298,LOT-2026-05298,PROD-026,Tarija,2026-05-18,2026-06-06,2027-05-18,573,563,3,19,66.47,,False
5299,MOV-005299,LOT-2026-05299,PROD-060,Cochabamba,2026-07-01,2026-07-16,2026-07-19,878,849,26,15,37.99,,False
5300,MOV-005300,LOT-2026-05300,PROD-054,Oruro,2026-06-27,2026-07-19,2027-06-27,607,595,6,22,81.98,,False
5301,MOV-005301,LOT-2026-05301,PROD-035,Oruro,2026-08-13,2026-08-26,2026-08-31,252,239,7,13,23.85,,False
5302,MOV-005302,LOT-2026-05302,PROD-020,La Paz,2026-05-02,2026-05-06,2026-05-20,225,216,6,4,26.82,,False
5303,MOV-005303,LOT-2026-05303,PROD-028,Santa Cruz,2026-07-14,2026-07-28,2027-07-14,743,739,4,14,55.4,,False
5304,MOV-005304,LOT-2026-05304,PROD-036,Santa Cruz,2026-06-07,2026-06-25,2026-12-04,491,482,6,18,53.28,,False
5305,MOV-005305,LOT-2026-05305,PROD-026,Oruro,2026-08-05,2026-08-30,2027-08-05,960,951,7,25,66.47,,False
5306,MOV-005306,LOT-2026-05306,PROD-017,Cochabamba,2026-08-15,2026-09-03,2026-09-02,702,674,25,19,19.81,,False
5307,MOV-005307,LOT-2026-05307,PROD-009,Cochabamba,2026-08-27,2026-09-20,2027-08-27,225,221,1,24,16.29,,False
5308,MOV-005308,LOT-2026-05308,PROD-058,Oruro,2026-07-15,2026-07-31,2027-07-15,364,356,3,16,83.63,,False
5309,MOV-005309,LOT-2026-05309,PROD-051,La Paz,2026-07-11,2026-08-05,2027-01-07,134,128,2,25,21.14,,False
5310,MOV-005310,LOT-2026-05310,PROD-026,Oruro,2026-08-17,2026-09-01,2027-08-17,294,291,2,15,66.47,,False
5311,MOV-005311,LOT-2026-05311,PROD-060,Tarija,2026-05-16,2026-05-24,2026-06-03,177,167,5,8,37.99,,False
5312,MOV-005312,LOT-2026-05312,PROD-017,Cochabamba,2026-06-08,2026-06-18,2026-06-26,547,528,15,10,19.81,,False
5313,MOV-005313,LOT-2026-05313,PROD-039,Cochabamba,2026-07-23,2026-08-13,2027-07-23,874,864,6,21,56.75,,False
5314,MOV-005314,LOT-2026-05314,PROD-059,Cochabamba,2026-08-19,2026-09-03,2026-09-06,57,49,2,15,13.44,,False
5315,MOV-005315,LOT-2026-05315,PROD-051,Tarija,2026-05-16,2026-05-22,2026-11-12,909,897,12,6,21.14,,False
5316,MOV-005316,LOT-2026-05316,PROD-014,La Paz,2026-05-03,2026-05-14,2027-05-03,637,626,8,11,21.61,,False
5317,MOV-005317,LOT-2026-05317,PROD-039,Santa Cruz,2026-07-14,2026-08-04,2027-07-14,664,654,4,21,56.75,,False
5318,MOV-005318,LOT-2026-05318,PROD-041,Cochabamba,2026-05-02,2026-05-30,2027-05-02,264,262,1,28,14.19,,False
5319,MOV-005319,LOT-2026-05319,PROD-040,Cochabamba,2026-05-08,2026-05-22,2026-05-26,515,497,15,14,82.17,,False
5320,MOV-005320,LOT-2026-05320,PROD-012,Santa Cruz,2026-06-19,2026-06-28,2026-12-16,476,464,7,9,80.8,,False
5321,MOV-005321,LOT-2026-05321,PROD-040,Oruro,2026-08-05,2026-08-17,2026-08-23,603,584,16,12,82.17,,False
5322,MOV-005322,LOT-2026-05322,PROD-042,La Paz,2026-07-30,2026-08-29,2027-07-30,744,735,6,30,73.69,,False
5323,MOV-005323,LOT-2026-05323,PROD-050,La Paz,2026-05-06,2026-05-09,2026-05-24,741,718,20,3,55.37,,False
5324,MOV-005324,LOT-2026-05324,PROD-025,Oruro,2026-06-18,2026-07-09,2026-07-06,471,451,19,21,45.25,,False
5325,MOV-005325,LOT-2026-05325,PROD-013,Tarija,2026-07-24,2026-07-29,2027-01-20,511,503,7,5,33.05,,False
5326,MOV-005326,LOT-2026-05326,PROD-031,Oruro,2026-06-30,2026-07-14,2026-12-27,86,78,1,14,14.93,,False
5327,MOV-005327,LOT-2026-05327,PROD-039,Tarija,2026-05-13,2026-06-09,2027-05-13,105,103,1,27,56.75,,False
5328,MOV-005328,LOT-2026-05328,PROD-038,Santa Cruz,2026-08-23,2026-09-25,2027-08-23,52,48,0,33,13.49,,False
5329,MOV-005329,LOT-2026-05329,PROD-031,Santa Cruz,2026-08-21,2026-09-10,2027-02-17,323,314,4,20,14.93,,False
5330,MOV-005330,LOT-2026-05330,PROD-017,Cochabamba,2026-08-24,2026-09-04,2026-09-11,247,233,7,11,19.81,,False
5331,MOV-005331,LOT-2026-05331,PROD-044,La Paz,2026-06-17,2026-07-18,2027-06-17,732,728,4,31,65.12,,False
5332,MOV-005332,LOT-2026-05332,PROD-038,Cochabamba,2026-06-20,2026-07-08,2027-06-20,836,828,5,18,13.49,,False
5333,MOV-005333,LOT-2026-05333,PROD-011,Oruro,2026-06-12,2026-06-26,2026-06-30,475,461,14,14,14.4,,False
5334,MOV-005334,LOT-2026-05334,PROD-050,Santa Cruz,2026-05-15,2026-05-26,2026-06-02,852,831,21,11,55.37,,False
5335,MOV-005335,LOT-2026-05335,PROD-031,La Paz,2026-06-10,2026-06-16,2026-12-07,57,55,1,6,14.93,,False
5336,MOV-005336,LOT-2026-05336,PROD-017,Tarija,2026-07-02,2026-07-06,2026-07-20,690,665,18,4,19.81,,False
5337,MOV-005337,LOT-2026-05337,PROD-031,Cochabamba,2026-08-26,2026-09-01,2027-02-22,151,146,2,6,14.93,,False
5338,MOV-005338,LOT-2026-05338,PROD-014,Tarija,2026-05-21,2026-06-29,2027-05-21,908,895,10,39,21.61,,False
5339,MOV-005339,LOT-2026-05339,PROD-060,Santa Cruz,2026-08-27,2026-08-30,2026-09-14,107,100,3,3,37.99,,False
5340,MOV-005340,LOT-2026-05340,PROD-026,Cochabamba,2026-07-20,2026-08-13,2027-07-20,626,620,4,24,66.47,,False
5341,MOV-005341,LOT-2026-05341,PROD-048,Cochabamba,2026-06-09,2026-06-26,2027-06-09,788,776,5,17,24.01,,False
5342,MOV-005342,LOT-2026-05342,PROD-037,Tarija,2026-08-21,2026-09-07,2027-08-21,275,273,2,17,64.93,,False
5343,MOV-005343,LOT-2026-05343,PROD-003,Oruro,2026-06-21,2026-06-30,2026-07-09,646,624,18,9,27.19,,False
5344,MOV-005344,LOT-2026-05344,PROD-008,Santa Cruz,2026-06-17,2026-06-30,2026-07-05,534,516,14,13,31.75,,False
5345,MOV-005345,LOT-2026-05345,PROD-005,La Paz,2026-05-12,2026-06-12,2027-05-12,164,162,1,31,76.84,,False
5346,MOV-005346,LOT-2026-05346,PROD-041,Oruro,2026-07-06,2026-08-08,2027-07-06,970,958,7,33,14.19,,False
5347,MOV-005347,LOT-2026-05347,PROD-023,La Paz,2026-05-10,2026-05-15,2026-11-06,531,519,7,5,64.4,,False
5348,MOV-005348,LOT-2026-05348,PROD-023,Oruro,2026-06-22,2026-06-29,2026-12-19,106,98,1,7,64.4,,False
5349,MOV-005349,LOT-2026-05349,PROD-031,Oruro,2026-05-22,2026-05-27,2026-11-18,463,448,8,5,14.93,,False
5350,MOV-005350,LOT-2026-05350,PROD-047,Tarija,2026-07-28,2026-08-10,2027-07-28,100,92,1,13,21.58,,False
5351,MOV-005351,LOT-2026-05351,PROD-001,Tarija,2026-07-06,2026-07-25,2027-01-02,761,750,10,19,42.39,,False
5352,MOV-005352,LOT-2026-05352,PROD-053,Oruro,2026-05-15,2026-06-04,2027-05-15,788,776,8,20,73.12,,False
5353,MOV-005353,LOT-2026-05353,PROD-030,Cochabamba,2026-05-31,2026-06-12,2027-05-31,140,138,1,12,24.51,,False
5354,MOV-005354,LOT-2026-05354,PROD-017,Oruro,2026-08-08,2026-08-18,2026-08-26,472,455,12,10,19.81,,False
5355,MOV-005355,LOT-2026-05355,PROD-025,Cochabamba,2026-07-18,2026-07-28,2026-08-05,981,956,25,10,45.25,,False
5356,MOV-005356,LOT-2026-05356,PROD-010,Tarija,2026-08-19,2026-09-10,2027-08-19,89,85,1,22,47.91,,False
5357,MOV-005357,LOT-2026-05357,PROD-051,La Paz,2026-06-26,2026-07-14,2026-12-23,734,717,11,18,21.14,,False
5358,MOV-005358,LOT-2026-05358,PROD-043,La Paz,2026-05-16,2026-05-27,2026-06-03,313,305,8,11,71.11,,False
5359,MOV-005359,LOT-2026-05359,PROD-026,Oruro,2026-07-23,2026-08-10,2027-07-23,831,827,4,18,66.47,,False
5360,MOV-005360,LOT-2026-05360,PROD-059,La Paz,2026-08-27,2026-09-14,2026-09-14,339,327,12,18,13.44,,False
5361,MOV-005361,LOT-2026-05361,PROD-052,Tarija,2026-07-16,2026-07-24,2027-01-12,874,859,12,8,59.66,,False
5362,MOV-005362,LOT-2026-05362,PROD-045,Tarija,2026-08-21,2026-09-02,2027-08-21,245,241,2,12,61.85,,False
5363,MOV-005363,LOT-2026-05363,PROD-039,Cochabamba,2026-07-29,2026-08-17,2027-07-29,332,323,3,19,56.75,,False
5364,MOV-005364,LOT-2026-05364,PROD-010,Tarija,2026-06-30,2026-08-13,2027-06-30,693,678,15,44,47.91,,False
5365,MOV-005365,LOT-2026-05365,PROD-047,La Paz,2026-05-13,2026-06-18,2027-05-13,277,274,2,36,21.58,,False
5366,MOV-005366,LOT-2026-05366,PROD-032,Tarija,2026-05-02,2026-05-22,2027-05-02,568,558,5,20,63.21,,False
5367,MOV-005367,LOT-2026-05367,PROD-033,Tarija,2026-07-15,2026-07-31,2027-07-15,211,207,3,16,77.59,,False
5368,MOV-005368,LOT-2026-05368,PROD-027,Cochabamba,2026-05-03,2026-05-13,2027-05-03,629,622,4,10,44.86,,False
5369,MOV-005369,LOT-2026-05369,PROD-001,Oruro,2026-05-18,2026-06-07,2026-11-14,985,967,13,20,42.39,,False
5370,MOV-005370,LOT-2026-05370,PROD-032,Tarija,2026-05-08,2026-05-31,2027-05-08,56,52,0,23,63.21,,False
5371,MOV-005371,LOT-2026-05371,PROD-019,Santa Cruz,2026-07-08,2026-07-14,2026-07-26,256,247,7,6,62.22,,False
5372,MOV-005372,LOT-2026-05372,PROD-020,Oruro,2026-08-27,2026-09-11,2026-09-14,973,941,32,15,26.82,,False
5373,MOV-005373,LOT-2026-05373,PROD-027,La Paz,2026-08-12,2026-08-30,2027-08-12,306,301,2,18,44.86,,False
5374,MOV-005374,LOT-2026-05374,PROD-023,Santa Cruz,2026-08-16,2026-09-10,2027-02-12,961,941,13,25,64.4,,False
5375,MOV-005375,LOT-2026-05375,PROD-043,Cochabamba,2026-06-12,2026-06-25,2026-06-30,175,165,5,13,71.11,,False
5376,MOV-005376,LOT-2026-05376,PROD-010,Cochabamba,2026-05-05,2026-06-05,2027-05-05,136,130,1,31,47.91,,False
5377,MOV-005377,LOT-2026-05377,PROD-017,Oruro,2026-05-07,2026-05-09,2026-05-25,968,938,28,2,19.81,,False
5378,MOV-005378,LOT-2026-05378,PROD-016,Oruro,2026-05-18,2026-05-31,2027-05-18,751,744,4,13,44.33,,False
5379,MOV-005379,LOT-2026-05379,PROD-004,La Paz,2026-07-04,2026-08-14,2027-07-04,872,856,13,41,27.26,,False
5380,MOV-005380,LOT-2026-05380,PROD-010,Cochabamba,2026-07-03,2026-07-26,2027-07-03,468,458,5,23,47.91,,False
5381,MOV-005381,LOT-2026-05381,PROD-054,La Paz,2026-08-16,2026-09-07,2027-08-16,489,483,4,22,81.98,,False
5382,MOV-005382,LOT-2026-05382,PROD-030,Tarija,2026-08-08,2026-08-21,2027-08-08,685,679,4,13,24.51,,False
5383,MOV-005383,LOT-2026-05383,PROD-025,Santa Cruz,2026-08-05,2026-08-20,2026-08-23,960,926,31,15,45.25,,False
5384,MOV-005384,LOT-2026-05384,PROD-053,Santa Cruz,2026-05-27,2026-06-17,2027-05-27,698,690,8,21,73.12,,False
5385,MOV-005385,LOT-2026-05385,PROD-044,Tarija,2026-08-01,2026-09-13,2027-08-01,740,724,15,43,65.12,,False
5386,MOV-005386,LOT-2026-05386,PROD-042,Oruro,2026-05-20,2026-06-25,2027-05-20,898,890,7,36,73.69,,False
5387,MOV-005387,LOT-2026-05387,PROD-031,Tarija,2026-07-13,2026-07-19,2027-01-09,317,311,5,6,14.93,,False
5388,MOV-005388,LOT-2026-05388,PROD-050,Santa Cruz,2026-06-22,2026-07-06,2026-07-10,354,339,10,14,55.37,,False
5389,MOV-005389,LOT-2026-05389,PROD-039,Tarija,2026-05-05,2026-06-01,2027-05-05,793,783,5,27,56.75,,False
5390,MOV-005390,LOT-2026-05390,PROD-014,La Paz,2026-08-09,2026-08-20,2027-08-09,610,599,5,11,21.61,,False
5391,MOV-005391,LOT-2026-05391,PROD-043,Santa Cruz,2026-05-23,2026-05-27,2026-06-10,393,382,10,4,71.11,,False
5392,MOV-005392,LOT-2026-05392,PROD-018,La Paz,2026-07-09,2026-08-02,2027-07-09,837,832,5,24,20.82,,False
5393,MOV-005393,LOT-2026-05393,PROD-053,La Paz,2026-05-09,2026-05-21,2027-05-09,492,483,4,12,73.12,,False
5394,MOV-005394,LOT-2026-05394,PROD-035,Tarija,2026-08-17,2026-09-09,2026-09-04,510,480,23,23,23.85,,False
5395,MOV-005395,LOT-2026-05395,PROD-011,La Paz,2026-07-17,2026-07-25,2026-08-04,289,278,8,8,14.4,,False
5396,MOV-005396,LOT-2026-05396,PROD-003,Santa Cruz,2026-08-13,2026-08-26,2026-08-31,843,818,23,13,27.19,,False
5397,MOV-005397,LOT-2026-05397,PROD-010,La Paz,2026-08-17,2026-09-13,2027-08-17,957,948,5,27,47.91,,False
5398,MOV-005398,LOT-2026-05398,PROD-014,Cochabamba,2026-08-24,2026-09-16,2027-08-24,965,958,6,23,21.61,,False
5399,MOV-005399,LOT-2026-05399,PROD-028,Cochabamba,2026-08-18,2026-09-01,2027-08-18,125,117,1,14,55.4,,False
5400,MOV-005400,LOT-2026-05400,PROD-033,Oruro,2026-06-07,2026-06-28,2027-06-07,124,119,1,21,77.59,,False
5401,MOV-005401,LOT-2026-05401,PROD-052,Tarija,2026-06-03,2026-06-06,2026-11-30,88,86,1,3,59.66,,False
5402,MOV-005402,LOT-2026-05402,PROD-003,Cochabamba,2026-08-11,2026-08-13,2026-08-29,506,493,13,2,27.19,,False
5403,MOV-005403,LOT-2026-05403,PROD-046,Santa Cruz,2026-06-03,2026-06-14,2027-06-03,672,661,4,11,12.64,,False
5404,MOV-005404,LOT-2026-05404,PROD-053,Cochabamba,2026-06-03,2026-06-14,2027-06-03,157,149,1,11,73.12,,False
5405,MOV-005405,LOT-2026-05405,PROD-032,Tarija,2026-08-16,2026-08-26,2027-08-16,518,512,4,10,63.21,,False
5406,MOV-005406,LOT-2026-05406,PROD-041,Cochabamba,2026-08-09,2026-09-25,2027-08-09,856,836,20,47,14.19,,False
5407,MOV-005407,LOT-2026-05407,PROD-009,Tarija,2026-08-24,2026-09-10,2027-08-24,461,452,3,17,16.29,,False
5408,MOV-005408,LOT-2026-05408,PROD-041,Santa Cruz,2026-08-28,2026-09-22,2027-08-28,172,164,1,25,14.19,,False
5409,MOV-005409,LOT-2026-05409,PROD-040,Santa Cruz,2026-05-27,2026-06-03,2026-06-14,465,450,13,7,82.17,,False
5410,MOV-005410,LOT-2026-05410,PROD-030,La Paz,2026-08-14,2026-09-15,2027-08-14,815,804,8,32,24.51,,False
5411,MOV-005411,LOT-2026-05411,PROD-054,Cochabamba,2026-06-21,2026-07-18,2027-06-21,539,532,3,27,81.98,,False
5412,MOV-005412,LOT-2026-05412,PROD-046,Oruro,2026-08-14,2026-09-05,2027-08-14,995,985,6,22,12.64,,False
5413,MOV-005413,LOT-2026-05413,PROD-055,Santa Cruz,2026-07-01,2026-07-20,2027-07-01,81,80,1,19,60.11,,False
5414,MOV-005414,LOT-2026-05414,PROD-057,La Paz,2026-05-06,2026-06-02,2027-05-06,650,642,5,27,39.61,,False
5415,MOV-005415,LOT-2026-05415,PROD-058,Oruro,2026-05-28,2026-06-23,2027-05-28,925,916,5,26,83.63,,False
5416,MOV-005416,LOT-2026-05416,PROD-021,Tarija,2026-07-18,2026-08-23,2027-07-18,260,255,2,36,84.36,,False
5417,MOV-005417,LOT-2026-05417,PROD-015,Oruro,2026-08-26,2026-09-05,2027-02-22,152,144,2,10,54.56,,False
5418,MOV-005418,LOT-2026-05418,PROD-043,Cochabamba,2026-07-02,2026-07-13,2026-07-20,502,485,15,11,71.11,,False
5419,MOV-005419,LOT-2026-05419,PROD-055,Cochabamba,2026-05-24,2026-06-10,2027-05-24,557,552,4,17,60.11,,False
5420,MOV-005420,LOT-2026-05420,PROD-022,Santa Cruz,2026-05-16,2026-06-17,2026-11-12,345,333,5,32,67.52,,False
5421,MOV-005421,LOT-2026-05421,PROD-043,Cochabamba,2026-05-22,2026-05-23,2026-06-09,269,257,7,1,71.11,,False
5422,MOV-005422,LOT-2026-05422,PROD-027,Cochabamba,2026-08-25,2026-09-17,2027-08-25,914,903,5,23,44.86,,False
5423,MOV-005423,LOT-2026-05423,PROD-030,La Paz,2026-07-16,2026-07-31,2027-07-16,903,892,5,15,24.51,,False
5424,MOV-005424,LOT-2026-05424,PROD-017,Oruro,2026-08-08,2026-08-20,2026-08-26,833,811,22,12,19.81,,False
5425,MOV-005425,LOT-2026-05425,PROD-041,Cochabamba,2026-08-17,2026-08-31,2027-08-17,555,547,4,14,14.19,,False
5426,MOV-005426,LOT-2026-05426,PROD-015,Cochabamba,2026-06-28,2026-06-30,2026-12-25,156,152,2,2,54.56,,False
5427,MOV-005427,LOT-2026-05427,PROD-004,Cochabamba,2026-07-20,2026-08-21,2027-07-20,444,438,3,32,27.26,,False
5428,MOV-005428,LOT-2026-05428,PROD-002,Cochabamba,2026-07-22,2026-08-01,2026-08-09,916,885,25,10,33.75,,False
5429,MOV-005429,LOT-2026-05429,PROD-037,Oruro,2026-08-26,2026-09-11,2027-08-26,203,199,2,16,64.93,,False
5430,MOV-005430,LOT-2026-05430,PROD-022,Tarija,2026-07-22,2026-07-26,2027-01-18,335,326,5,4,67.52,,False
5431,MOV-005431,LOT-2026-05431,PROD-027,Cochabamba,2026-05-25,2026-06-08,2027-05-25,98,92,1,14,44.86,,False
5432,MOV-005432,LOT-2026-05432,PROD-045,Oruro,2026-06-06,2026-06-22,2027-06-06,88,84,1,16,61.85,,False
5433,MOV-005433,LOT-2026-05433,PROD-050,Tarija,2026-06-24,2026-07-24,2026-07-12,169,153,9,30,55.37,,False
5434,MOV-005434,LOT-2026-05434,PROD-031,Oruro,2026-06-01,2026-06-12,2026-11-28,391,382,5,11,14.93,,False
5435,MOV-005435,LOT-2026-05435,PROD-018,Cochabamba,2026-07-27,2026-08-20,2027-07-27,138,135,1,24,20.82,,False
5436,MOV-005436,LOT-2026-05436,PROD-044,Santa Cruz,2026-07-17,2026-08-05,2027-07-17,244,238,2,19,65.12,,False
5437,MOV-005437,LOT-2026-05437,PROD-046,Tarija,2026-05-19,2026-07-06,2027-05-19,346,335,9,48,12.64,,False
5438,MOV-005438,LOT-2026-05438,PROD-022,Cochabamba,2026-08-17,2026-08-30,2027-02-13,65,60,1,13,67.52,,False
5439,MOV-005439,LOT-2026-05439,PROD-027,La Paz,2026-06-23,2026-07-22,2027-06-23,947,933,7,29,44.86,,False
5440,MOV-005440,LOT-2026-05440,PROD-003,La Paz,2026-06-06,2026-06-07,2026-06-24,259,250,7,1,27.19,,False
5441,MOV-005441,LOT-2026-05441,PROD-047,Tarija,2026-05-23,2026-07-02,2027-05-23,306,300,4,40,21.58,,False
5442,MOV-005442,LOT-2026-05442,PROD-010,Cochabamba,2026-05-19,2026-06-06,2027-05-19,332,330,2,18,47.91,,False
5443,MOV-005443,LOT-2026-05443,PROD-045,Tarija,2026-06-18,2026-07-24,2027-06-18,211,208,2,36,61.85,,False
5444,MOV-005444,LOT-2026-05444,PROD-051,Cochabamba,2026-05-04,2026-05-16,2026-10-31,93,89,2,12,21.14,,False
5445,MOV-005445,LOT-2026-05445,PROD-038,Santa Cruz,2026-08-12,2026-09-05,2027-08-12,803,791,8,24,13.49,,False
5446,MOV-005446,LOT-2026-05446,PROD-052,Oruro,2026-07-04,2026-07-15,2026-12-31,991,977,13,11,59.66,,False
5447,MOV-005447,LOT-2026-05447,PROD-030,Santa Cruz,2026-06-22,2026-07-15,2027-06-22,800,794,5,23,24.51,,False
5448,MOV-005448,LOT-2026-05448,PROD-054,Santa Cruz,2026-05-11,2026-06-04,2027-05-11,157,153,1,24,81.98,,False
5449,MOV-005449,LOT-2026-05449,PROD-027,Santa Cruz,2026-08-24,2026-09-12,2027-08-24,730,720,6,19,44.86,,False
5450,MOV-005450,LOT-2026-05450,PROD-027,Tarija,2026-08-25,2026-09-13,2027-08-25,143,141,1,19,44.86,,False
5451,MOV-005451,LOT-2026-05451,PROD-042,Oruro,2026-06-08,2026-06-28,2027-06-08,908,902,6,20,73.69,,False
5452,MOV-005452,LOT-2026-05452,PROD-015,Tarija,2026-05-13,2026-05-28,2026-11-09,201,191,3,15,54.56,,False
5453,MOV-005453,LOT-2026-05453,PROD-038,Cochabamba,2026-05-13,2026-05-28,2027-05-13,54,52,0,15,13.49,,False
5454,MOV-005454,LOT-2026-05454,PROD-057,Santa Cruz,2026-08-08,2026-09-16,2027-08-08,65,57,1,39,39.61,,False
5455,MOV-005455,LOT-2026-05455,PROD-013,Cochabamba,2026-05-20,2026-06-13,2026-11-16,330,323,5,24,33.05,,False
5456,MOV-005456,LOT-2026-05456,PROD-001,Santa Cruz,2026-05-28,2026-06-02,2026-11-24,445,436,6,5,42.39,,False
5457,MOV-005457,LOT-2026-05457,PROD-025,Cochabamba,2026-06-04,2026-06-13,2026-06-22,136,131,4,9,45.25,,False
5458,MOV-005458,LOT-2026-05458,PROD-025,Cochabamba,2026-05-15,2026-05-18,2026-06-02,169,161,4,3,45.25,,False
5459,MOV-005459,LOT-2026-05459,PROD-022,Cochabamba,2026-07-01,2026-07-19,2026-12-28,439,431,7,18,67.52,,False
5460,MOV-005460,LOT-2026-05460,PROD-033,Santa Cruz,2026-06-29,2026-07-17,2027-06-29,408,403,3,18,77.59,,False
5461,MOV-005461,LOT-2026-05461,PROD-001,La Paz,2026-05-09,2026-05-20,2026-11-05,864,847,11,11,42.39,,False
5462,MOV-005462,LOT-2026-05462,PROD-055,Santa Cruz,2026-08-28,2026-09-10,2027-08-28,957,949,6,13,60.11,,False
5463,MOV-005463,LOT-2026-05463,PROD-024,Santa Cruz,13/06/2026,2026-07-08,2027-06-13,938,927,7,25,23.48,fecha_ingreso,True
5464,MOV-005464,LOT-2026-05464,PROD-028,Santa Cruz,2026-05-20,2026-06-11,2027-05-20,893,883,5,22,55.4,,False
5465,MOV-005465,LOT-2026-05465,PROD-059,La Paz,2026-08-21,2026-08-31,2026-09-08,139,129,4,10,13.44,,False
5466,MOV-005466,LOT-2026-05466,PROD-024,Cochabamba,2026-05-19,2026-06-02,2027-05-19,525,522,3,14,23.48,,False
5467,MOV-005467,LOT-2026-05467,PROD-020,Santa Cruz,2026-07-10,2026-07-20,2026-07-28,201,195,5,10,26.82,,False
5468,MOV-005468,LOT-2026-05468,PROD-030,La Paz,2026-08-23,2026-09-28,,961,949,8,36,24.51,fecha_vencimiento,True
5469,MOV-005469,LOT-2026-05469,PROD-048,La Paz,2026-05-06,2026-05-27,2027-05-06,641,634,5,21,24.01,,False
5470,MOV-005470,LOT-2026-05470,PROD-016,La Paz,2026-06-04,2026-07-12,2027-06-04,594,581,6,38,44.33,,False
5471,MOV-005471,LOT-2026-05471,PROD-002,Oruro,2026-07-04,2026-07-10,2026-07-22,171,160,5,6,33.75,,False
5472,MOV-005472,LOT-2026-05472,PROD-050,La Paz,2026-05-03,2026-05-16,2026-05-21,922,891,25,13,55.37,,False
5473,MOV-005473,LOT-2026-05473,PROD-040,Tarija,2026-08-11,2026-08-24,2026-08-29,495,476,13,13,82.17,,False
5474,MOV-005474,LOT-2026-05474,PROD-026,Oruro,2026-05-01,2026-05-29,2027-05-01,412,407,2,28,66.47,,False
5475,MOV-005475,LOT-2026-05475,PROD-034,Tarija,2026-06-06,2026-07-05,2027-06-06,473,468,3,29,83.26,,False
5476,MOV-005476,LOT-2026-05476,PROD-036,Tarija,2026-07-02,2026-07-20,2026-12-29,286,276,4,18,53.28,,False
5477,MOV-005477,LOT-2026-05477,PROD-053,Tarija,2026-08-09,2026-09-21,2027-08-09,292,284,6,43,73.12,,False
5478,MOV-005478,LOT-2026-05478,PROD-014,Tarija,2026-06-11,2026-06-25,2027-06-11,938,929,6,14,21.61,,False
5479,MOV-005479,LOT-2026-05479,PROD-022,Cochabamba,2026-07-06,2026-07-11,2027-01-02,885,868,12,5,67.52,,False
5480,MOV-005480,LOT-2026-05480,PROD-029,Oruro,2026-06-21,2026-07-19,2027-06-21,380,370,3,28,60.18,,False
5481,MOV-005481,LOT-2026-05481,PROD-004,Tarija,2026-07-11,2026-07-27,2027-07-11,571,567,4,16,27.26,,False
5482,MOV-005482,LOT-2026-05482,PROD-026,Oruro,2026-05-18,2026-05-31,2027-05-18,471,466,3,13,66.47,,False
5483,MOV-005483,LOT-2026-05483,PROD-016,Oruro,2026-06-30,2026-07-20,2027-06-30,191,185,1,20,44.33,,False
5484,MOV-005484,LOT-2026-05484,PROD-060,Oruro,2026-05-28,2026-06-02,2026-06-15,608,589,16,5,37.99,,False
5485,MOV-005485,LOT-2026-05485,PROD-029,Oruro,2026-08-28,2026-09-17,2027-08-28,735,724,8,20,60.18,,False
5486,MOV-005486,LOT-2026-05486,PROD-048,La Paz,2026-06-22,2026-07-11,2027-06-22,162,155,1,19,24.01,,False
5487,MOV-005487,LOT-2026-05487,PROD-042,Cochabamba,2026-05-23,2026-06-03,2027-05-23,382,375,3,11,73.69,,False
5488,MOV-005488,LOT-2026-05488,PROD-044,Cochabamba,2026-07-04,2026-07-24,2027-07-04,286,277,2,20,65.12,,False
5489,MOV-005489,LOT-2026-05489,PROD-060,Tarija,2026-08-18,2026-08-25,2026-09-05,260,247,7,7,37.99,,False
5490,MOV-005490,LOT-2026-05490,PROD-053,Santa Cruz,2026-07-03,2026-07-27,2027-07-03,467,457,3,24,73.12,,False
5491,MOV-005491,LOT-2026-05491,PROD-031,La Paz,2026-06-29,2026-07-12,2026-12-26,876,859,12,13,14.93,,False
5492,MOV-005492,LOT-2026-05492,PROD-005,Cochabamba,2026-08-28,2026-09-21,2027-08-28,511,500,4,24,76.84,,False
5493,MOV-005493,LOT-2026-05493,PROD-047,Santa Cruz,2026-05-23,2026-06-15,2027-05-23,789,783,5,23,21.58,,False
5494,MOV-005494,LOT-2026-05494,PROD-005,Cochabamba,2026-08-23,2026-09-20,2027-08-23,695,684,6,28,76.84,,False
5495,MOV-005495,LOT-2026-05495,PROD-057,Santa Cruz,2026-08-12,2026-09-10,2027-08-12,706,699,4,29,39.61,,False
5496,MOV-005496,LOT-2026-05496,PROD-039,Santa Cruz,2026-07-20,2026-08-10,2027-07-20,976,964,6,21,56.75,,False
5497,MOV-005497,LOT-2026-05497,PROD-025,Santa Cruz,2026-07-04,2026-07-08,2026-07-22,709,688,18,4,45.25,,False
5498,MOV-005498,LOT-2026-05498,PROD-023,Santa Cruz,2026-08-15,2026-09-04,2027-02-11,560,549,9,20,64.4,,False
5499,MOV-005499,LOT-2026-05499,PROD-008,Tarija,2026-07-22,2026-07-26,2026-08-09,871,842,23,4,31.75,,False
5500,MOV-005500,LOT-2026-05500,PROD-019,Cochabamba,2026-05-25,2026-06-06,2026-06-12,232,226,6,12,62.22,,False
5501,MOV-005501,LOT-2026-05501,PROD-039,Oruro,2026-07-03,2026-07-16,2027-07-03,646,637,4,13,56.75,,False
5502,MOV-005502,LOT-2026-05502,PROD-011,Santa Cruz,2026-06-22,2026-07-02,2026-07-10,951,923,24,10,14.4,,False
5503,MOV-005503,LOT-2026-05503,PROD-022,Cochabamba,2026-07-06,2026-07-13,2027-01-02,930,911,13,7,67.52,,False
5504,MOV-005504,LOT-2026-05504,PROD-031,Santa Cruz,2026-07-04,2026-07-18,2026-12-31,649,633,10,14,14.93,,False
5505,MOV-005505,LOT-2026-05505,PROD-038,Santa Cruz,2026-05-26,2026-07-15,2027-05-26,938,904,27,50,13.49,,False
5506,MOV-005506,LOT-2026-05506,PROD-033,Santa Cruz,2026-06-18,2026-07-08,2027-06-18,858,846,6,20,77.59,,False
5507,MOV-005507,LOT-2026-05507,PROD-051,La Paz,2026-07-01,2026-07-03,2026-12-28,957,940,13,2,21.14,,False
5508,MOV-005508,LOT-2026-05508,PROD-058,Tarija,2026-08-15,2026-08-30,2027-08-15,967,961,5,15,83.63,,False
5509,MOV-005509,LOT-2026-05509,PROD-032,Santa Cruz,2026-05-26,2026-06-14,2027-05-26,282,280,2,19,63.21,,False
5510,MOV-005510,LOT-2026-05510,PROD-018,Oruro,2026-08-10,2026-08-26,2027-08-10,769,755,11,16,20.82,,False
5511,MOV-005511,LOT-2026-05511,PROD-049,Cochabamba,2026-05-06,2026-05-10,2026-05-24,614,593,15,4,25.49,,False
5512,MOV-005512,LOT-2026-05512,PROD-024,Cochabamba,2026-05-22,2026-06-03,2027-05-22,947,938,5,12,23.48,,False
5513,MOV-005513,LOT-2026-05513,PROD-046,Oruro,2026-06-28,2026-07-21,2027-06-28,980,975,5,23,12.64,,False
5514,MOV-005514,LOT-2026-05514,PROD-027,Santa Cruz,2026-08-05,2026-08-23,2027-08-05,344,336,2,18,44.86,,False
5515,MOV-005515,LOT-2026-05515,PROD-056,Cochabamba,2026-08-26,2026-08-29,2026-09-13,416,397,12,3,36.51,,False
5516,MOV-005516,LOT-2026-05516,PROD-047,Santa Cruz,2026-06-11,2026-07-08,2027-06-11,150,144,1,27,21.58,,False
5517,MOV-005517,LOT-2026-05517,PROD-050,Oruro,2026-05-08,2026-05-13,2026-05-26,925,894,26,5,55.37,,False
5518,MOV-005518,LOT-2026-05518,PROD-048,Cochabamba,2026-08-20,2026-09-18,2027-08-20,299,290,2,29,24.01,,False
5519,MOV-005519,LOT-2026-05519,PROD-048,La Paz,2026-07-23,2026-08-20,2027-07-23,789,783,5,28,24.01,,False
5520,MOV-005520,LOT-2026-05520,PROD-010,Santa Cruz,2026-06-07,2026-07-19,2027-06-07,855,837,15,42,47.91,,False
5521,MOV-005521,LOT-2026-05521,PROD-021,Tarija,2026-05-21,2026-06-06,2027-05-21,132,129,1,16,84.36,,False
5522,MOV-005522,LOT-2026-05522,PROD-023,Tarija,2026-05-14,2026-05-21,2026-11-10,331,320,4,7,64.4,,False
5523,MOV-005523,LOT-2026-05523,PROD-049,Oruro,2026-05-15,2026-06-16,2026-06-02,444,415,24,32,25.49,,False
5524,MOV-005524,LOT-2026-05524,PROD-016,Tarija,2026-07-07,2026-07-17,2027-07-07,748,744,4,10,44.33,,False
5525,MOV-005525,LOT-2026-05525,PROD-043,La Paz,2026-07-29,2026-08-31,2026-08-16,631,589,37,33,71.11,,False
5526,MOV-005526,LOT-2026-05526,PROD-019,Cochabamba,2026-05-03,2026-05-09,2026-05-21,112,105,3,6,62.22,,False
5527,MOV-005527,LOT-2026-05527,PROD-026,Oruro,2026-06-05,2026-06-17,2027-06-05,879,866,7,12,66.47,,False
5528,MOV-005528,LOT-2026-05528,PROD-002,Santa Cruz,2026-07-06,2026-07-28,2026-07-24,928,887,40,22,33.75,,False
5529,MOV-005529,LOT-2026-05529,PROD-019,La Paz,2026-06-06,2026-07-02,2026-06-24,894,850,44,26,62.22,,False
5530,MOV-005530,LOT-2026-05530,PROD-006,Cochabamba,2026-06-19,2026-07-05,2027-06-19,353,348,2,16,23.32,,False
5531,MOV-005531,LOT-2026-05531,PROD-021,La Paz,2026-08-12,2026-08-30,2027-08-12,111,109,1,18,84.36,,False
5532,MOV-005532,LOT-2026-05532,PROD-013,Cochabamba,2026-06-01,2026-06-05,2026-11-28,943,925,12,4,33.05,,False
5533,MOV-005533,LOT-2026-05533,PROD-001,Oruro,2026-06-26,2026-07-04,2026-12-23,608,593,8,8,42.39,,False
5534,MOV-005534,LOT-2026-05534,PROD-002,Santa Cruz,2026-06-04,2026-06-10,2026-06-22,179,168,5,6,33.75,,False
5535,MOV-005535,LOT-2026-05535,PROD-045,Cochabamba,2026-05-08,2026-05-22,2027-05-08,468,465,3,14,61.85,,False
5536,MOV-005536,LOT-2026-05536,PROD-006,Oruro,2026-07-29,2026-08-25,2027-07-29,644,632,6,27,23.32,,False
5537,MOV-005537,LOT-2026-05537,PROD-044,Oruro,2026-07-09,2026-07-23,2027-07-09,402,396,3,14,65.12,,False
5538,MOV-005538,LOT-2026-05538,PROD-057,Santa Cruz,2026-07-12,2026-07-28,2027-07-12,542,539,3,16,39.61,,False
5539,MOV-005539,LOT-2026-05539,PROD-009,Oruro,2026-05-20,2026-06-05,2027-05-20,409,405,2,16,16.29,,False
5540,MOV-005540,LOT-2026-05540,PROD-044,La Paz,2026-07-28,2026-08-07,2027-07-28,163,158,1,10,65.12,,False
5541,MOV-005541,LOT-2026-05541,PROD-001,Cochabamba,2026-07-18,2026-07-26,2027-01-14,677,664,9,8,42.39,,False
5542,MOV-005542,LOT-2026-05542,PROD-047,Santa Cruz,2026-08-18,2026-09-01,2027-08-18,897,890,6,14,21.58,,False
5543,MOV-005543,LOT-2026-05543,PROD-027,Tarija,2026-07-12,2026-07-31,2027-07-12,288,286,2,19,44.86,,False
5544,MOV-005544,LOT-2026-05544,PROD-037,Cochabamba,2026-08-25,2026-10-02,2027-08-25,112,105,1,38,64.93,,False
5545,MOV-005545,LOT-2026-05545,PROD-047,Oruro,2026-05-29,2026-06-11,2027-05-29,134,131,1,13,21.58,,False
5546,MOV-005546,LOT-2026-05546,PROD-051,La Paz,2026-07-04,2026-07-20,2026-12-31,679,666,10,16,21.14,,False
5547,MOV-005547,LOT-2026-05547,PROD-051,Tarija,2026-08-10,2026-08-26,2027-02-06,261,253,3,16,21.14,,False
5548,MOV-005548,LOT-2026-05548,PROD-058,La Paz,2026-08-06,2026-08-18,2027-08-06,581,576,4,12,83.63,,False
5549,MOV-005549,LOT-2026-05549,PROD-002,Tarija,2026-07-14,2026-07-19,2026-08-01,528,512,15,5,33.75,,False
5550,MOV-005550,LOT-2026-05550,PROD-052,Cochabamba,2026-08-10,2026-09-08,2027-02-06,680,666,9,29,59.66,,False
5551,MOV-005551,LOT-2026-05551,PROD-039,Santa Cruz,2026-07-07,2026-08-18,2027-07-07,317,308,5,42,56.75,,False
5552,MOV-005552,LOT-2026-05552,PROD-003,Tarija,2026-05-05,2026-05-25,2026-05-23,255,244,11,20,27.19,,False
5553,MOV-005553,LOT-2026-05553,PROD-048,Tarija,2026-07-30,2026-08-14,2027-07-30,894,887,5,15,24.01,,False
5554,MOV-005554,LOT-2026-05554,PROD-051,La Paz,2026-05-28,2026-06-10,2026-11-24,372,361,5,13,21.14,,False
5555,MOV-005555,LOT-2026-05555,PROD-026,Cochabamba,2026-08-07,2026-08-29,2027-08-07,187,179,1,22,66.47,,False
5556,MOV-005556,LOT-2026-05556,PROD-011,Cochabamba,2026-06-25,2026-07-02,2026-07-13,908,878,23,7,14.4,,False
5557,MOV-005557,LOT-2026-05557,PROD-022,Oruro,2026-08-03,2026-08-16,2027-01-30,824,811,10,13,67.52,,False
5558,MOV-005558,LOT-2026-05558,PROD-022,Tarija,2026-08-07,2026-08-20,2027-02-03,596,585,8,13,67.52,,False
5559,MOV-005559,LOT-2026-05559,PROD-025,La Paz,2026-08-15,2026-08-31,2026-09-02,262,252,9,16,45.25,,False
5560,MOV-005560,LOT-2026-05560,PROD-026,La Paz,2026-06-13,2026-06-30,2027-06-13,521,509,5,17,66.47,,False
5561,MOV-005561,LOT-2026-05561,PROD-017,Tarija,2026-06-20,2026-07-16,2026-07-08,685,646,32,26,19.81,,False
5562,MOV-005562,LOT-2026-05562,PROD-024,La Paz,2026-07-30,2026-08-15,2027-07-30,859,850,5,16,23.48,,False
5563,MOV-005563,LOT-2026-05563,PROD-060,Cochabamba,2026-07-06,2026-07-14,2026-07-24,847,820,23,8,37.99,,False
5564,MOV-005564,LOT-2026-05564,PROD-025,Oruro,2026-07-06,2026-08-01,2026-07-24,115,105,5,26,45.25,,False
5565,MOV-005565,LOT-2026-05565,PROD-026,La Paz,2026-08-10,2026-08-19,2027-08-10,404,397,2,9,66.47,,False
5566,MOV-005566,LOT-2026-05566,PROD-035,Santa Cruz,2026-08-07,2026-08-13,2026-08-25,723,701,19,6,23.85,,False
5567,MOV-005567,LOT-2026-05567,PROD-019,La Paz,2026-05-24,2026-05-26,2026-06-11,661,640,18,2,62.22,,False
5568,MOV-005568,LOT-2026-05568,PROD-038,Oruro,2026-05-02,2026-05-18,2027-05-02,864,858,5,16,13.49,,False
5569,MOV-005569,LOT-2026-05569,PROD-055,Cochabamba,2026-06-21,2026-07-28,2027-06-21,720,706,7,37,60.11,,False
5570,MOV-005570,LOT-2026-05570,PROD-017,Cochabamba,2026-08-16,2026-08-26,2026-09-03,555,540,14,10,19.81,,False
5571,MOV-005571,LOT-2026-05571,PROD-003,Oruro,2026-05-09,2026-05-19,2026-05-27,85,81,2,10,27.19,,False
5572,MOV-005572,LOT-2026-05572,PROD-044,Oruro,2026-05-07,2026-06-05,2027-05-07,936,923,6,29,65.12,,False
5573,MOV-005573,LOT-2026-05573,PROD-046,Santa Cruz,2026-07-20,2026-08-23,2027-07-20,893,888,5,34,12.64,,False
5574,MOV-005574,LOT-2026-05574,PROD-053,Oruro,2026-05-09,2026-05-29,2027-05-09,212,206,1,20,73.12,,False
5575,MOV-005575,LOT-2026-05575,PROD-049,La Paz,2026-05-14,2026-06-02,2026-06-01,376,357,13,19,25.49,,False
5576,MOV-005576,LOT-2026-05576,PROD-036,Santa Cruz,2026-06-14,2026-06-17,2026-12-11,975,961,13,3,53.28,,False
5577,MOV-005577,LOT-2026-05577,PROD-050,La Paz,2026-08-04,2026-08-07,2026-08-22,227,219,6,3,55.37,,False
5578,MOV-005578,LOT-2026-05578,PROD-042,Santa Cruz,2026-05-12,2026-06-02,2027-05-12,77,72,1,21,73.69,,False
5579,MOV-005579,LOT-2026-05579,PROD-017,Santa Cruz,2026-08-26,2026-09-02,2026-09-13,145,136,4,7,19.81,,False
5580,MOV-005580,LOT-2026-05580,PROD-038,Tarija,2026-08-13,2026-08-29,2027-08-13,51,48,0,16,13.49,,False
5581,MOV-005581,LOT-2026-05581, prod-045 ,Tarija,2026-06-04,2026-06-21,2027-06-04,142,140,1,17,61.85,,False
5582,MOV-005582,LOT-2026-05582,PROD-044,Oruro,2026-08-03,2026-08-14,2027-08-03,557,551,3,11,65.12,,False
5583,MOV-005583,LOT-2026-05583,PROD-041,Tarija,2026-08-02,2026-09-02,2027-08-02,886,878,7,31,14.19,,False
5584,MOV-005584,LOT-2026-05584,PROD-029,Oruro,2026-08-12,2026-09-15,2027-08-12,688,684,4,34,60.18,,False
5585,MOV-005585,LOT-2026-05585,PROD-056,Oruro,2026-08-17,2026-08-28,2026-09-04,465,447,13,11,36.51,,False
5586,MOV-005586,LOT-2026-05586,PROD-009,Santa Cruz,2026-07-29,2026-08-13,2027-07-29,733,723,6,15,16.29,,False
5587,MOV-005587,LOT-2026-05587,PROD-020,Tarija,2026-06-26,2026-08-02,2026-07-14,333,308,21,37,26.82,,False
5588,MOV-005588,LOT-2026-05588,PROD-006,Oruro,2026-07-14,2026-07-29,2027-07-14,777,766,7,15,23.32,,False
5589,MOV-005589,LOT-2026-05589,PROD-009,Cochabamba,2026-08-17,2026-09-08,2027-08-17,345,339,2,22,16.29,,False
5590,MOV-005590,LOT-2026-05590,PROD-027,Santa Cruz,2026-07-05,2026-07-26,2027-07-05,110,103,1,21,44.86,,False
5591,MOV-005591,LOT-2026-05591,PROD-003,Tarija,2026-07-07,2026-07-20,2026-07-25,799,771,23,13,27.19,,False
5592,MOV-005592,LOT-2026-05592,PROD-027,Santa Cruz,2026-05-28,2026-07-18,2027-05-28,518,495,16,51,44.86,,False
5593,MOV-005593,LOT-2026-05593,PROD-045,La Paz,2026-06-24,2026-07-11,2027-06-24,97,92,1,17,61.85,,False
5594,MOV-005594,LOT-2026-05594,PROD-045,Cochabamba,2026-05-29,2026-06-12,2027-05-29,83,82,0,14,61.85,,False
5595,MOV-005595,LOT-2026-05595,PROD-007,Santa Cruz,2026-05-02,2026-06-12,2027-05-02,961,940,14,41,23.87,,False
5596,MOV-005596,LOT-2026-05596,PROD-051,Oruro,2026-05-10,2026-05-19,2026-11-06,419,414,5,9,21.14,,False
5597,MOV-005597,LOT-2026-05597,PROD-002,Oruro,2026-07-10,2026-07-15,2026-07-28,398,386,10,5,33.75,,False
5598,MOV-005598,LOT-2026-05598,PROD-027,Santa Cruz,2026-07-15,2026-08-11,2027-07-15,900,892,5,27,44.86,,False
5599,MOV-005599,LOT-2026-05599,PROD-056,La Paz,2026-05-22,2026-05-28,2026-06-09,500,485,13,6,36.51,,False
5600,MOV-005600,LOT-2026-05600,PROD-034,Tarija,2026-07-18,2026-08-01,2027-07-18,488,483,4,14,83.26,,False
5601,MOV-005601,LOT-2026-05601,PROD-025,Tarija,2026-08-02,2026-08-11,2026-08-20,248,236,6,9,45.25,,False
5602,MOV-005602,LOT-2026-05602,PROD-010,Cochabamba,2026-05-23,2026-06-05,2027-05-23,723,712,6,13,47.91,,False
5603,MOV-005603,LOT-2026-05603,PROD-005,Santa Cruz,2026-08-25,2026-09-17,2027-08-25,268,263,2,23,76.84,,False
5604,MOV-005604,LOT-2026-05604,PROD-045,Cochabamba,2026-05-23,2026-06-30,2027-05-23,660,651,7,38,61.85,,False
5605,MOV-005605,LOT-2026-05605,PROD-020,La Paz,2026-05-27,2026-06-12,2026-06-14,732,701,26,16,26.82,,False
5606,MOV-005606,LOT-2026-05606,PROD-039,Oruro,2026-05-22,2026-06-19,2027-05-22,263,257,2,28,56.75,,False
5607,MOV-005607,LOT-2026-05607,PROD-043,Oruro,2026-05-29,2026-06-07,2026-06-16,208,200,6,9,71.11,,False
5608,MOV-005608,LOT-2026-05608,PROD-053,Oruro,2026-05-29,2026-06-20,2027-05-29,557,547,4,22,73.12,,False
5609,MOV-005609,LOT-2026-05609,PROD-012,Santa Cruz,2026-06-12,2026-07-01,2026-12-09,697,682,10,19,80.8,,False
5610,MOV-005610,LOT-2026-05610,PROD-039,Cochabamba,2026-05-15,2026-05-30,2027-05-15,858,850,6,15,56.75,,False
5611,MOV-005611,LOT-2026-05611,PROD-027,La Paz,2026-08-26,2026-09-17,2027-08-26,718,711,4,22,44.86,,False
5612,MOV-005612,LOT-2026-05612,PROD-014,Tarija,2026-08-04,2026-08-28,2027-08-04,308,304,2,24,21.61,,False
5613,MOV-005613,LOT-2026-05613,PROD-051,La Paz,2026-06-04,2026-07-02,2026-12-01,468,459,8,28,21.14,,False
5614,MOV-005614,LOT-2026-05614,PROD-038,Cochabamba,2026-08-11,2026-09-06,2027-08-11,474,471,3,26,13.49,,False
5615,MOV-005615,LOT-2026-05615,PROD-053,Oruro,2026-07-19,2026-08-07,2027-07-19,268,264,3,19,73.12,,False
5616,MOV-005616,LOT-2026-05616,PROD-045,Tarija,2026-07-30,2026-08-18,2027-07-30,789,780,6,19,61.85,,False
5617,MOV-005617,LOT-2026-05617,PROD-028,La Paz,2026-08-23,2026-09-28,2027-08-23,587,579,4,36,55.4,,False
5618,MOV-005618,LOT-2026-05618,PROD-043,Tarija,2026-05-15,2026-05-30,2026-06-02,69,60,2,15,71.11,,False
5619,MOV-005619,LOT-2026-05619,PROD-056,Oruro,2026-05-24,2026-05-30,2026-06-11,565,550,15,6,36.51,,False
5620,MOV-005620,LOT-2026-05620,PROD-057,Tarija,2026-06-12,2026-06-21,2027-06-12,479,477,2,9,39.61,,False
5621,MOV-005621,LOT-2026-05621,PROD-001,Tarija,2026-05-22,2026-05-28,2026-11-18,388,375,6,6,42.39,,False
5622,MOV-005622,LOT-2026-05622,PROD-005,Oruro,2026-06-23,2026-07-15,2027-06-23,864,854,7,22,76.84,,False
5623,MOV-005623,LOT-2026-05623,PROD-008,Oruro,2026-07-24,2026-08-06,2026-08-11,58,52,2,13,31.75,,False
5624,MOV-005624,LOT-2026-05624,PROD-025,Oruro,2026-08-24,2026-09-06,2026-09-11,51,44,2,13,45.25,,False
5625,MOV-005625,LOT-2026-05625,PROD-027,Cochabamba,2026-07-25,2026-08-13,2027-07-25,167,166,1,19,44.86,,False
5626,MOV-005626,LOT-2026-05626,PROD-052,Cochabamba,2026-08-01,2026-08-08,2027-01-28,311,304,4,7,59.66,,False
5627,MOV-005627,LOT-2026-05627,PROD-050,Tarija,2026-05-02,2026-05-11,2026-05-20,313,304,8,9,55.37,,False
5628,MOV-005628,LOT-2026-05628,PROD-035,Santa Cruz,2026-06-11,2026-06-15,2026-06-29,139,130,4,4,23.85,,False
5629,MOV-005629,LOT-2026-05629,PROD-049,Santa Cruz,2026-08-13,2026-09-14,2026-08-31,396,372,23,32,25.49,,False
5630,MOV-005630,LOT-2026-05630,PROD-057,Santa Cruz,2026-07-20,2026-08-11,2027-07-20,257,254,2,22,39.61,,False
5631,MOV-005631,LOT-2026-05631,PROD-060,Santa Cruz,2026-06-23,2026-06-26,2026-07-11,574,559,15,3,37.99,,False
5632,MOV-005632,LOT-2026-05632,PROD-043,Santa Cruz,2026-07-05,2026-07-20,2026-07-23,731,704,23,15,71.11,,False
5633,MOV-005633,LOT-2026-05633,PROD-017,Tarija,2026-06-22,2026-07-14,2026-07-10,372,355,16,22,19.81,,False
5634,MOV-005634,LOT-2026-05634,PROD-014,Santa Cruz,2026-06-23,2026-07-12,2027-06-23,728,720,5,19,21.61,,False
5635,MOV-005635,LOT-2026-05635,PROD-053,Cochabamba,2026-06-16,2026-06-27,2027-06-16,197,196,1,11,73.12,,False
5636,MOV-005636,LOT-2026-05636,PROD-008,Cochabamba,2026-07-24,2026-07-30,2026-08-11,507,489,13,6,31.75,,False
5637,MOV-005637,LOT-2026-05637,PROD-014,Oruro,2026-05-04,2026-06-01,2027-05-04,453,445,4,28,21.61,,False
5638,MOV-005638,LOT-2026-05638,PROD-011,Tarija,2026-05-12,2026-05-18,2026-05-30,533,518,14,6,14.4,,False
5639,MOV-005639,LOT-2026-05639,PROD-044,Cochabamba,2026-05-27,2026-06-08,2027-05-27,603,594,3,12,65.12,,False
5640,MOV-005640,LOT-2026-05640,PROD-023,Oruro,2026-08-18,2026-09-08,2027-02-14,763,749,10,21,64.4,,False
5641,MOV-005641,LOT-2026-05641,PROD-005,Cochabamba,2026-06-12,2026-06-21,2027-06-12,927,919,6,9,76.84,,False
5642,MOV-005642,LOT-2026-05642,PROD-018,Cochabamba,2026-05-11,2026-06-12,2027-05-11,212,208,1,32,20.82,,False
5643,MOV-005643,LOT-2026-05643,PROD-017,La Paz,2026-05-12,2026-05-21,2026-05-30,948,919,24,9,19.81,,False
5644,MOV-005644,LOT-2026-05644,PROD-053,Santa Cruz,2026-06-06,2026-06-26,2027-06-06,376,372,2,20,73.12,,False
5645,MOV-005645,LOT-2026-05645,PROD-038,La Paz,2026-05-13,2026-05-31,2027-05-13,650,643,4,18,13.49,,False
5646,MOV-005646,LOT-2026-05646,PROD-053,Oruro,2026-07-21,2026-08-02,2027-07-21,426,423,2,12,73.12,,False
5647,MOV-005647,LOT-2026-05647,PROD-046,Cochabamba,2026-08-02,2026-09-08,2027-08-02,79,78,1,37,12.64,,False
5648,MOV-005648,LOT-2026-05648,PROD-057,La Paz,2026-08-04,2026-09-08,2027-08-04,907,896,6,35,39.61,,False
5649,MOV-005649,LOT-2026-05649,PROD-003,Tarija,2026-06-10,2026-06-13,2026-06-28,456,436,15,3,27.19,,False
5650,MOV-005650,LOT-2026-05650,PROD-006,La Paz,2026-07-21,2026-08-02,2027-07-21,475,467,3,12,23.32,,False
5651,MOV-005651,LOT-2026-05651,PROD-009,Cochabamba,2026-07-23,2026-08-29,2027-07-23,898,886,11,37,16.29,,False
5652,MOV-005652,LOT-2026-05652,PROD-011,Oruro,2026-08-10,2026-08-12,2026-08-28,446,429,12,2,14.4,,False
5653,MOV-005653,LOT-2026-05653,PROD-012,Cochabamba,2026-07-02,2026-07-15,2026-12-29,178,174,3,13,80.8,,False
5654,MOV-005654,LOT-2026-05654,PROD-023,La Paz,2026-06-29,2026-07-12,2026-12-26,647,635,9,13,64.4,,False
5655,MOV-005655,LOT-2026-05655,PROD-037,Santa Cruz,2026-08-02,2026-08-17,2027-08-02,203,201,1,15,64.93,,False
5656,MOV-005656,LOT-2026-05656,PROD-002,La Paz,2026-05-17,2026-05-30,2026-06-04,171,164,5,13,33.75,,False
5657,MOV-005657,LOT-2026-05657,PROD-013,Tarija,2026-07-21,2026-07-25,2027-01-17,630,617,10,4,33.05,,False
5658,MOV-005658,LOT-2026-05658,PROD-059,Santa Cruz,2026-05-20,2026-05-30,2026-06-07,307,294,8,10,13.44,,False
5659,MOV-005659,LOT-2026-05659,PROD-030,Cochabamba,2026-05-01,2026-05-15,2027-05-01,55,52,0,14,24.51,,False
5660,MOV-005660,LOT-2026-05660,PROD-030,Santa Cruz,2026-06-24,2026-07-23,2027-06-24,617,606,5,29,24.51,,False
5661,MOV-005661,LOT-2026-05661,PROD-022,Tarija,2026-08-02,2026-08-18,2027-01-29,125,116,2,16,67.52,,False
5662,MOV-005662,LOT-2026-05662,PROD-015,Oruro,2026-06-24,2026-07-03,2026-12-21,971,956,12,9,54.56,,False
5663,MOV-005663,LOT-2026-05663,PROD-046,Cochabamba,2026-06-14,2026-06-26,2027-06-14,770,759,7,12,12.64,,False
5664,MOV-005664,LOT-2026-05664,PROD-044,La Paz,2026-07-05,2026-07-20,2027-07-05,861,849,5,15,65.12,,False
5665,MOV-005665,LOT-2026-05665,PROD-025,Cochabamba,2026-08-12,2026-08-23,2026-08-30,666,642,17,11,45.25,,False
5666,MOV-005666,LOT-2026-05666,PROD-056,La Paz,2026-08-14,2026-09-04,2026-09-01,719,685,30,21,36.51,,False
5667,MOV-005667,LOT-2026-05667,PROD-046,Oruro,2026-05-02,2026-05-24,2027-05-02,698,685,6,22,12.64,,False
5668,MOV-005668,LOT-2026-05668,PROD-027,Oruro,2026-05-25,2026-06-22,2027-05-25,240,231,2,28,44.86,,False
5669,MOV-005669,LOT-2026-05669,PROD-034,Cochabamba,2026-05-29,2026-06-17,2027-05-29,807,795,5,19,83.26,,False
5670,MOV-005670,LOT-2026-05670,PROD-002,Cochabamba,2026-06-28,2026-07-08,2026-07-16,451,437,12,10,33.75,,False
5671,MOV-005671,LOT-2026-05671,PROD-046,La Paz,2026-08-09,2026-08-26,2027-08-09,609,600,5,17,12.64,,False
5672,MOV-005672,LOT-2026-05672,PROD-023,Cochabamba,2026-07-05,2026-07-19,2027-01-01,717,698,13,14,64.4,,False
5673,MOV-005673,LOT-2026-05673,PROD-038,La Paz,2026-05-22,2026-06-08,2027-05-22,955,946,5,17,13.49,,False
5674,MOV-005674,LOT-2026-05674,PROD-040,Cochabamba,2026-05-21,2026-06-10,2026-06-08,246,230,10,20,82.17,,False
5675,MOV-005675,LOT-2026-05675,PROD-023,Tarija,2026-06-07,2026-06-09,2026-12-04,465,458,6,2,64.4,,False
5676,MOV-005676,LOT-2026-05676,PROD-021,Cochabamba,2026-05-19,2026-06-01,2027-05-19,665,659,4,13,84.36,,False
5677,MOV-005677,LOT-2026-05677,PROD-033,Cochabamba,2026-06-27,2026-08-01,2027-06-27,148,144,1,35,77.59,,False
5678,MOV-005678,LOT-2026-05678,PROD-058,Oruro,2026-06-23,2026-07-09,2027-06-23,307,302,2,16,83.63,,False
5679,MOV-005679,LOT-2026-05679,PROD-041,Cochabamba,2026-05-17,2026-05-30,2027-05-17,766,755,4,13,14.19,,False
5680,MOV-005680,LOT-2026-05680,PROD-017,La Paz,2026-08-24,2026-09-09,2026-09-11,733,709,24,16,19.81,,False
5681,MOV-005681,LOT-2026-05681,PROD-001,Cochabamba,2026-08-04,2026-08-10,2027-01-31,706,692,10,6,42.39,,False
5682,MOV-005682,LOT-2026-05682,PROD-002,Cochabamba,2026-08-16,2026-08-22,2026-09-03,557,535,16,6,33.75,,False
5683,MOV-005683,LOT-2026-05683,PROD-037,Tarija,2026-08-15,2026-09-05,2027-08-15,85,83,1,21,64.93,,False
5684,MOV-005684,LOT-2026-05684,PROD-006,Cochabamba,2026-06-24,2026-07-15,2027-06-24,624,615,6,21,23.32,,False
5685,MOV-005685,LOT-2026-05685,PROD-023,Cochabamba,2026-08-09,2026-08-16,2027-02-05,433,422,6,7,64.4,,False
5686,MOV-005686,LOT-2026-05686,PROD-058,Tarija,2026-06-09,2026-07-09,2027-06-09,436,426,3,30,83.63,,False
5687,MOV-005687,LOT-2026-05687,PROD-053,Tarija,2026-07-20,2026-08-05,2027-07-20,416,414,2,16,73.12,,False
5688,MOV-005688,LOT-2026-05688,PROD-025,Santa Cruz,2026-07-26,2026-08-19,2026-08-13,198,189,9,24,45.25,,False
5689,MOV-005689,LOT-2026-05689,PROD-045,La Paz,2026-05-24,2026-06-12,2027-05-24,674,664,5,19,61.85,,False
5690,MOV-005690,LOT-2026-05690,PROD-058,Santa Cruz,2026-08-23,2026-09-06,2027-08-23,855,840,10,14,83.63,,False
5691,MOV-005691,LOT-2026-05691,PROD-057,Tarija,2026-05-05,2026-05-21,2027-05-05,793,788,4,16,39.61,,False
5692,MOV-005692,LOT-2026-05692,PROD-030,Santa Cruz,2026-07-13,2026-07-27,2027-07-13,667,656,4,14,24.51,,False
5693,MOV-005693,LOT-2026-05693,PROD-055,Oruro,2026-06-01,2026-06-27,2027-06-01,56,55,0,26,60.11,,False
5694,MOV-005694,LOT-2026-05694,PROD-030,Cochabamba,2026-05-05,2026-05-25,2027-05-05,153,147,2,20,24.51,,False
5695,MOV-005695,LOT-2026-05695,PROD-004,Cochabamba,2026-08-19,2026-09-26,2027-08-19,204,201,2,38,27.26,,False
5696,MOV-005696,LOT-2026-05696,PROD-033,La Paz,2026-07-09,2026-07-18,2027-07-09,313,309,2,9,77.59,,False
5697,MOV-005697,LOT-2026-05697,PROD-025,La Paz,2026-06-28,2026-07-22,2026-07-16,971,928,43,24,45.25,,False
5698,MOV-005698,LOT-2026-05698,PROD-032,Oruro,2026-06-18,2026-07-03,2027-06-18,469,464,3,15,63.21,,False
5699,MOV-005699,LOT-2026-05699,PROD-032,Tarija,2026-08-27,2026-09-18,2027-08-27,149,144,1,22,63.21,,False
5700,MOV-005700,LOT-2026-05700,PROD-011,Cochabamba,2026-08-26,2026-09-06,2026-09-13,131,127,3,11,14.4,,False
5701,MOV-005701,LOT-2026-05701,PROD-046,Santa Cruz,2026-07-16,2026-08-19,2027-07-16,198,197,1,34,12.64,,False
5702,MOV-005702,LOT-2026-05702,PROD-019,Cochabamba,2026-06-17,2026-07-07,2026-07-05,453,430,18,20,62.22,,False
5703,MOV-005703,LOT-2026-05703,PROD-053,Tarija,2026-06-23,2026-07-07,2027-06-23,511,505,3,14,73.12,,False
5704,MOV-005704,LOT-2026-05704,PROD-015,Tarija,2026-05-24,2026-06-05,2026-11-20,626,617,8,12,54.56,,False
5705,MOV-005705,LOT-2026-05705,PROD-054,Tarija,2026-06-30,2026-07-18,2027-06-30,199,195,1,18,81.98,,False
5706,MOV-005706,LOT-2026-05706,PROD-057,Tarija,2026-08-11,2026-08-30,2027-08-11,430,423,4,19,39.61,,False
5707,MOV-005707,LOT-2026-05707,PROD-054,Tarija,2026-06-25,2026-07-12,2027-06-25,343,338,3,17,81.98,,False
5708,MOV-005708,LOT-2026-05708,PROD-051,Santa Cruz,2026-06-01,2026-06-14,2026-11-28,899,882,12,13,21.14,,False
5709,MOV-005709,LOT-2026-05709,PROD-028,La Paz,2026-08-16,2026-09-11,2027-08-16,934,926,7,26,55.4,,False
5710,MOV-005710,LOT-2026-05710,PROD-046,La Paz,2026-07-13,2026-07-28,2027-07-13,814,807,5,15,12.64,,False
5711,MOV-005711,LOT-2026-05711,PROD-031,Oruro,2026-08-18,2026-09-01,2027-02-14,544,531,8,14,14.93,,False
5712,MOV-005712,LOT-2026-05712,PROD-015,La Paz,2026-05-22,2026-05-27,2026-11-18,766,750,10,5,54.56,,False
5713,MOV-005713,LOT-2026-05713,PROD-008,Oruro,2026-06-05,2026-06-17,2026-06-23,746,722,21,12,31.75,,False
5714,MOV-005714,LOT-2026-05714,PROD-035,Santa Cruz,2026-05-06,2026-05-21,2026-05-24,344,329,11,15,23.85,,False
5715,MOV-005715,LOT-2026-05715,PROD-013,Tarija,2026-07-29,2026-08-03,2027-01-25,83,78,1,5,33.05,,False
5716,MOV-005716,LOT-2026-05716,PROD-005,Oruro,2026-08-15,2026-09-29,2027-08-15,280,268,6,45,76.84,,False
5717,MOV-005717,LOT-2026-05717,PROD-051,Oruro,2026-08-21,2026-09-07,2027-02-17,260,254,5,17,21.14,,False
5718,MOV-005718,LOT-2026-05718,PROD-016,La Paz,2026-08-03,2026-09-12,2027-08-03,59,53,1,40,44.33,,False
5719,MOV-005719,LOT-2026-05719,PROD-053,Oruro,2026-08-18,2026-09-19,2027-08-18,218,214,1,32,73.12,,False
5720,MOV-005720,LOT-2026-05720,PROD-020,Santa Cruz,2026-06-19,2026-06-22,2026-07-07,436,422,12,3,26.82,,False
5721,MOV-005721,LOT-2026-05721,PROD-005,Oruro,2026-08-18,2026-09-26,2027-08-18,693,678,8,39,76.84,,False
5722,MOV-005722,LOT-2026-05722,PROD-023,La Paz,2026-08-20,2026-09-07,2027-02-16,580,565,8,18,64.4,,False
5723,MOV-005723,LOT-2026-05723,PROD-036,Cochabamba,2026-08-19,2026-09-17,2027-02-15,262,256,3,29,53.28,,False
5724,MOV-005724,LOT-2026-05724,PROD-020,Tarija,2026-07-23,2026-08-20,2026-08-10,189,176,10,28,26.82,,False
5725,MOV-005725,LOT-2026-05725,PROD-010,Santa Cruz,2026-06-09,2026-07-02,2027-06-09,623,612,4,23,47.91,,False
5726,MOV-005726,LOT-2026-05726,PROD-022,Oruro,2026-06-10,2026-06-15,2026-12-07,297,290,4,5,67.52,,False
5727,MOV-005727,LOT-2026-05727,PROD-049,Santa Cruz,2026-06-22,2026-06-26,2026-07-10,300,289,8,4,25.49,,False
5728,MOV-005728,LOT-2026-05728,PROD-005,Oruro,2026-05-29,2026-06-29,2027-05-29,420,417,2,31,76.84,,False
5729,MOV-005729,LOT-2026-05729,PROD-048,La Paz,2026-07-10,2026-07-26,2027-07-10,453,444,4,16,24.01,,False
5730,MOV-005730,LOT-2026-05730,PROD-052,La Paz,2026-07-27,2026-08-13,2027-01-23,452,443,8,17,59.66,,False
5731,MOV-005731,LOT-2026-05731,PROD-004,Tarija,2026-07-24,2026-08-14,2027-07-24,940,925,8,21,27.26,,False
5732,MOV-005732,LOT-2026-05732,PROD-039,Tarija,2026-07-17,2026-07-28,2027-07-17,608,601,4,11,56.75,,False
5733,MOV-005733,LOT-2026-05733,PROD-051,Tarija,2026-07-22,2026-07-24,2027-01-18,282,271,4,2,21.14,,False
5734,MOV-005734,LOT-2026-05734,PROD-057,Tarija,2026-05-03,2026-06-08,2027-05-03,604,593,7,36,39.61,,False
5735,MOV-005735,LOT-2026-05735,PROD-003,La Paz,2026-07-25,2026-08-17,2026-08-12,538,508,23,23,27.19,,False
5736,MOV-005736,LOT-2026-05736,PROD-039,Santa Cruz,2026-07-22,2026-08-09,2027-07-22,670,665,4,18,56.75,,False
5737,MOV-005737,LOT-2026-05737,PROD-058,Cochabamba,2026-06-28,2026-07-13,2027-06-28,861,857,4,15,83.63,,False
5738,MOV-005738,LOT-2026-05738,PROD-001,La Paz,2026-05-27,2026-06-06,2026-11-23,718,706,10,10,42.39,,False
5739,MOV-005739,LOT-2026-05739,PROD-013,La Paz,2026-05-18,2026-05-22,2026-11-14,423,413,6,4,33.05,,False
5740,MOV-005740,LOT-2026-05740,PROD-026,La Paz,2026-05-01,2026-05-12,2027-05-01,185,179,2,11,66.47,,False
5741,MOV-005741,LOT-2026-05741,PROD-036,La Paz,2026-05-06,2026-05-13,2026-11-02,449,438,6,7,53.28,,False
5742,MOV-005742,LOT-2026-05742,PROD-010,Cochabamba,2026-06-09,2026-06-23,2027-06-09,98,95,1,14,47.91,,False
5743,MOV-005743,LOT-2026-05743,PROD-020,Oruro,2026-06-03,2026-06-29,2026-06-21,480,456,22,26,26.82,,False
5744,MOV-005744,LOT-2026-05744,PROD-042,La Paz,2026-06-07,2026-06-19,2027-06-07,106,100,1,12,73.69,,False
5745,MOV-005745,LOT-2026-05745,PROD-052,Cochabamba,2026-06-24,2026-06-29,2026-12-21,898,881,11,5,59.66,,False
5746,MOV-005746,LOT-2026-05746,PROD-016,Tarija,2026-06-15,2026-07-04,2027-06-15,70,64,1,19,44.33,,False
5747,MOV-005747,LOT-2026-05747, prod-002 ,La Paz,2026-08-21,2026-09-17,2026-09-08,787,739,43,27,33.75,,False
5748,MOV-005748,LOT-2026-05748,PROD-006,Cochabamba,2026-08-06,2026-09-09,2027-08-06,818,805,8,34,23.32,,False
5749,MOV-005749,LOT-2026-05749,PROD-047,Tarija,2026-08-01,2026-08-24,2027-08-01,224,223,1,23,21.58,,False
5750,MOV-005750,LOT-2026-05750,PROD-053,Oruro,2026-05-22,2026-06-05,2027-05-22,572,566,4,14,73.12,,False
5751,MOV-005751,LOT-2026-05751,PROD-047,Oruro,2026-05-23,2026-06-08,2027-05-23,335,327,2,16,21.58,,False
5752,MOV-005752,LOT-2026-05752,PROD-003,Cochabamba,2026-08-20,2026-08-26,2026-09-07,160,154,4,6,27.19,,False
5753,MOV-005753,LOT-2026-05753,PROD-035,Oruro,2026-05-23,2026-06-01,2026-06-10,362,349,11,9,23.85,,False
5754,MOV-005754,LOT-2026-05754,PROD-037,Cochabamba,2026-05-25,2026-06-07,2027-05-25,868,861,6,13,64.93,,False
5755,MOV-005755,LOT-2026-05755,PROD-050,Santa Cruz,2026-08-20,2026-08-29,2026-09-07,280,273,7,9,55.37,,False
5756,MOV-005756,LOT-2026-05756,PROD-012,Tarija,2026-05-24,2026-05-28,2026-11-20,576,564,7,4,80.8,,False
5757,MOV-005757,LOT-2026-05757,PROD-010,Oruro,2026-06-04,2026-07-11,2027-06-04,270,267,2,37,47.91,,False
5758,MOV-005758,LOT-2026-05758,PROD-003,Oruro,2026-05-10,2026-05-27,2026-05-28,694,669,23,17,27.19,,False
5759,MOV-005759,LOT-2026-05759,PROD-005,Oruro,2026-08-21,2026-09-06,2027-08-21,202,201,1,16,76.84,,False
5760,MOV-005760,LOT-2026-05760,PROD-024,La Paz,2026-06-01,2026-07-03,2027-06-01,456,448,3,32,23.48,,False
5761,MOV-005761,LOT-2026-05761,PROD-047,Tarija,2026-06-11,2026-07-24,2027-06-11,610,594,11,43,21.58,,False
5762,MOV-005762,LOT-2026-05762,PROD-027,Oruro,2026-08-19,2026-09-12,2027-08-19,400,396,2,24,44.86,,False
5763,MOV-005763,LOT-2026-05763,PROD-036,Santa Cruz,2026-08-09,2026-08-17,2027-02-05,799,788,11,8,53.28,,False
5764,MOV-005764,LOT-2026-05764,PROD-027,Oruro,2026-06-15,2026-07-09,2027-06-15,836,826,4,24,44.86,,False
5765,MOV-005765,LOT-2026-05765,PROD-048,La Paz,2026-05-04,2026-05-24,2027-05-04,520,516,4,20,24.01,,False
5766,MOV-005766,LOT-2026-05766,PROD-006,Oruro,2026-07-26,2026-08-09,2027-07-26,732,723,5,14,23.32,,False
5767,MOV-005767,LOT-2026-05767,PROD-054,Tarija,2026-05-03,2026-05-22,2027-05-03,135,130,1,19,81.98,,False
5768,MOV-005768,LOT-2026-05768,PROD-026,Oruro,2026-07-25,2026-08-12,2027-07-25,394,389,5,18,66.47,,False
5769,MOV-005769,LOT-2026-05769,PROD-019,Santa Cruz,2026-07-25,2026-02-31,2026-08-12,307,295,8,4,62.22,fecha_salida,True
5770,MOV-005770,LOT-2026-05770,PROD-045,La Paz,2026-08-16,2026-08-28,2027-08-16,379,372,2,12,61.85,,False
5771,MOV-005771,LOT-2026-05771,PROD-006,Tarija,2026-05-12,2026-05-27,2027-05-12,102,100,1,15,23.32,,False
5772,MOV-005772,LOT-2026-05772,PROD-048,Tarija,2026-06-24,2026-07-25,2027-06-24,130,129,1,31,24.01,,False
5773,MOV-005773,LOT-2026-05773,PROD-048,La Paz,2026-06-23,2026-07-04,2027-06-23,589,576,8,11,24.01,,False
5774,MOV-005774,LOT-2026-05774,PROD-048,Cochabamba,2026-08-19,2026-09-02,2027-08-19,265,259,1,14,24.01,,False
5775,MOV-005775,LOT-2026-05775,PROD-024,Santa Cruz,2026-07-22,2026-08-02,2027-07-22,895,884,5,11,23.48,,False
5776,MOV-005776,LOT-2026-05776,PROD-012,Santa Cruz,2026-05-02,2026-05-04,2026-10-29,399,391,5,2,80.8,,False
5777,MOV-005777,LOT-2026-05777,PROD-004,Santa Cruz,2026-06-24,2026-07-14,2027-06-24,558,551,5,20,27.26,,False
5778,MOV-005778,LOT-2026-05778, prod-027 ,Santa Cruz,2026-07-30,2026-08-20,2027-07-30,999,989,6,21,44.86,,False
5779,MOV-005779,LOT-2026-05779,PROD-040,Oruro,2026-05-09,2026-05-27,2026-05-27,141,136,5,18,82.17,,False
5780,MOV-005780,LOT-2026-05780,PROD-037,Cochabamba,2026-05-15,2026-05-28,2027-05-15,85,80,1,13,64.93,,False
5781,MOV-005781,LOT-2026-05781,PROD-046,Santa Cruz,2026-06-12,2026-07-05,2027-06-12,817,810,5,23,12.64,,False
5782,MOV-005782,LOT-2026-05782,PROD-024,Cochabamba,2026-07-17,2026-08-06,2027-07-17,269,265,2,20,23.48,,False
5783,MOV-005783,LOT-2026-05783,PROD-025,Santa Cruz,2026-05-15,2026-05-27,2026-06-02,219,213,6,12,45.25,,False
5784,MOV-005784,LOT-2026-05784,PROD-014,Oruro,2026-06-23,2026-08-02,2027-06-23,998,981,15,40,21.61,,False
5785,MOV-005785,LOT-2026-05785,PROD-046,Santa Cruz,2026-06-13,2026-06-28,2027-06-13,910,905,5,15,12.64,,False
5786,MOV-005786,LOT-2026-05786,PROD-048,Oruro,2026-08-09,2026-08-31,2027-08-09,237,231,1,22,24.01,,False
5787,MOV-005787,LOT-2026-05787,PROD-025,Cochabamba,2026-06-18,2026-06-30,2026-07-06,758,732,20,12,45.25,,False
5788,MOV-005788,LOT-2026-05788,PROD-017,Tarija,2026-08-11,2026-08-14,2026-08-29,986,958,28,3,19.81,,False
5789,MOV-005789,LOT-2026-05789,PROD-024,La Paz,2026-06-22,2026-07-05,2027-06-22,815,804,7,13,23.48,,False
5790,MOV-005790,LOT-2026-05790,PROD-006,Santa Cruz,2026-06-06,2026-06-29,2027-06-06,824,819,5,23,23.32,,False
5791,MOV-005791,LOT-2026-05791,PROD-023,Tarija,2026-06-29,2026-07-05,2026-12-26,418,408,5,6,64.4,,False
5792,MOV-005792,LOT-2026-05792,PROD-028,Tarija,2026-06-10,2026-07-08,2027-06-10,561,553,4,28,55.4,,False
5793,MOV-005793,LOT-2026-05793,PROD-043,Cochabamba,2026-05-15,2026-05-26,2026-06-02,126,123,3,11,71.11,,False
5794,MOV-005794,LOT-2026-05794,PROD-016,La Paz,2026-05-14,2026-06-03,2027-05-14,853,847,5,20,44.33,,False
5795,MOV-005795,LOT-2026-05795,PROD-035,Tarija,2026-05-18,2026-06-26,2026-06-05,664,611,47,39,23.85,,False
5796,MOV-005796,LOT-2026-05796,PROD-014,Tarija,2026-08-07,2026-08-25,2027-08-07,341,330,4,18,21.61,,False
5797,MOV-005797,LOT-2026-05797,PROD-045,La Paz,2026-06-29,2026-07-13,2027-06-29,971,965,6,14,61.85,,False
5798,MOV-005798,LOT-2026-05798,PROD-047,La Paz,2026-06-05,2026-07-01,2027-06-05,980,971,6,26,21.58,,False
5799,MOV-005799,LOT-2026-05799,PROD-046,Tarija,2026-05-19,2026-06-11,2027-05-19,674,669,5,23,12.64,,False
5800,MOV-005800,LOT-2026-05800,PROD-050,Santa Cruz,2026-08-08,2026-08-14,2026-08-26,79,73,2,6,55.37,,False
5801,MOV-005801,LOT-2026-05801,PROD-053,Oruro,2026-07-06,2026-07-16,2027-07-06,241,232,2,10,73.12,,False
5802,MOV-005802,LOT-2026-05802,PROD-029,Oruro,2026-07-23,2026-08-18,2027-07-23,167,162,1,26,60.18,,False
5803,MOV-005803,LOT-2026-05803,PROD-059,Tarija,2026-05-02,2026-05-12,2026-05-20,433,412,15,10,13.44,,False
5804,MOV-005804,LOT-2026-05804,PROD-018,Tarija,2026-06-23,2026-07-07,2027-06-23,948,939,8,14,20.82,,False
5805,MOV-005805,LOT-2026-05805,PROD-030,Tarija,2026-08-10,2026-09-01,2027-08-10,724,716,5,22,24.51,,False
5806,MOV-005806,LOT-2026-05806,PROD-026,Oruro,2026-06-04,2026-06-22,2027-06-04,493,481,5,18,66.47,,False
5807,MOV-005807,LOT-2026-05807,PROD-012,Tarija,2026-06-08,2026-07-04,2026-12-05,632,617,8,26,80.8,,False
5808,MOV-005808,LOT-2026-05808,PROD-059,Santa Cruz,2026-08-15,2026-08-25,2026-09-02,206,197,6,10,13.44,,False
5809,MOV-005809,LOT-2026-05809,PROD-037,La Paz,2026-06-07,2026-06-21,2027-06-07,480,471,3,14,64.93,,False
5810,MOV-005810,LOT-2026-05810,PROD-011,Cochabamba,2026-06-10,2026-06-29,2026-06-28,576,552,21,19,14.4,,False
5811,MOV-005811,LOT-2026-05811,PROD-012,Santa Cruz,2026-08-01,2026-08-17,2027-01-28,590,578,8,16,80.8,,False
5812,MOV-005812,LOT-2026-05812,PROD-026,La Paz,2026-07-11,2026-07-26,2027-07-11,732,727,5,15,66.47,,False
5813,MOV-005813,LOT-2026-05813,PROD-020,Cochabamba,2026-05-14,2026-05-18,2026-06-01,521,505,14,4,26.82,,False
5814,MOV-005814,LOT-2026-05814,PROD-043,La Paz,2026-08-19,2026-08-29,2026-09-06,416,397,12,10,71.11,,False
5815,MOV-005815,LOT-2026-05815,PROD-020,Tarija,2026-07-31,2026-08-03,2026-08-18,305,290,8,3,26.82,,False
5816,MOV-005816,LOT-2026-05816,PROD-031,Santa Cruz,2026-08-13,2026-09-03,2027-02-09,233,228,3,21,14.93,,False
5817,MOV-005817,LOT-2026-05817,PROD-049,La Paz,2026-06-05,2026-07-13,2026-06-23,71,64,5,38,25.49,,False
5818,MOV-005818,LOT-2026-05818,PROD-006,Cochabamba,2026-05-17,2026-06-03,2027-05-17,673,669,4,17,23.32,,False
5819,MOV-005819,LOT-2026-05819,PROD-012,Tarija,2026-05-31,2026-06-04,2026-11-27,698,683,9,4,80.8,,False
5820,MOV-005820,LOT-2026-05820,PROD-022,Oruro,2026-07-03,2026-07-13,2026-12-30,606,592,7,10,67.52,,False
5821,MOV-005821,LOT-2026-05821,PROD-034,La Paz,2026-08-21,2026-10-14,2027-08-21,473,455,17,54,83.26,,False
5822,MOV-005822,LOT-2026-05822,PROD-028,Tarija,2026-07-27,2026-08-21,2027-07-27,611,604,6,25,55.4,,False
5823,MOV-005823,LOT-2026-05823,PROD-008,Oruro,2026-06-19,2026-06-30,2026-07-07,613,590,19,11,31.75,,False
5824,MOV-005824,LOT-2026-05824,PROD-003,Tarija,2026-05-31,2026-06-13,2026-06-18,893,861,26,13,27.19,,False
5825,MOV-005825,LOT-2026-05825,PROD-019,Cochabamba,2026-07-26,2026-08-04,2026-08-13,415,402,11,9,62.22,,False
5826,MOV-005826,LOT-2026-05826,PROD-034,Cochabamba,2026-05-23,2026-06-08,2027-05-23,304,297,2,16,83.26,,False
5827,MOV-005827,LOT-2026-05827,PROD-055,La Paz,2026-05-02,2026-05-20,2027-05-02,627,624,3,18,60.11,,False
5828,MOV-005828,LOT-2026-05828,PROD-007,Tarija,2026-06-30,2026-07-19,2027-06-30,121,118,1,19,23.87,,False
5829,MOV-005829,LOT-2026-05829,PROD-022,Cochabamba,2026-05-10,2026-05-29,2026-11-06,554,538,10,19,67.52,,False
5830,MOV-005830,LOT-2026-05830,PROD-047,Cochabamba,2026-08-14,2026-09-08,2027-08-14,679,672,3,25,21.58,,False
5831,MOV-005831,LOT-2026-05831,PROD-049,Cochabamba,2026-07-11,2026-07-24,2026-07-29,87,81,3,13,25.49,,False
5832,MOV-005832,LOT-2026-05832,PROD-024,Oruro,2026-07-03,2026-07-27,2027-07-03,571,562,6,24,23.48,,False
5833,MOV-005833,LOT-2026-05833,PROD-018,Santa Cruz,2026-06-12,2026-06-28,2027-06-12,726,722,4,16,20.82,,False
5834,MOV-005834,LOT-2026-05834,PROD-019,Cochabamba,2026-07-22,2026-08-26,2026-08-09,202,185,12,35,62.22,,False
5835,MOV-005835,LOT-2026-05835,PROD-041,Santa Cruz,2026-07-11,2026-08-06,2027-07-11,367,357,3,26,14.19,,False
5836,MOV-005836,LOT-2026-05836,PROD-052,Cochabamba,2026-07-17,2026-07-20,2027-01-13,323,316,4,3,59.66,,False
5837,MOV-005837,LOT-2026-05837,PROD-018,Tarija,2026-05-23,2026-06-13,2027-05-23,709,704,4,21,20.82,,False
5838,MOV-005838,LOT-2026-05838,PROD-041,La Paz,2026-05-31,2026-06-12,2027-05-31,458,455,3,12,14.19,,False
5839,MOV-005839,LOT-2026-05839,PROD-019,Oruro,2026-05-09,2026-05-14,2026-05-27,707,681,19,5,62.22,,False
5840,MOV-005840,LOT-2026-05840,PROD-054,Santa Cruz,2026-06-30,2026-07-22,2027-06-30,575,570,5,22,81.98,,False
5841,MOV-005841,LOT-2026-05841,PROD-035,Tarija,2026-06-13,2026-06-24,2026-07-01,395,378,10,11,23.85,,False
5842,MOV-005842,LOT-2026-05842,PROD-053,Cochabamba,2026-06-12,2026-06-29,2027-06-12,994,982,8,17,73.12,,False
5843,MOV-005843,LOT-2026-05843,PROD-033,Santa Cruz,2026-07-19,2026-08-02,2027-07-19,380,373,2,14,77.59,,False
5844,MOV-005844,LOT-2026-05844,PROD-050,Oruro,2026-07-20,2026-08-11,2026-08-07,748,715,31,22,55.37,,False
5845,MOV-005845,LOT-2026-05845,PROD-017,Cochabamba,2026-07-18,2026-07-24,2026-08-05,837,808,23,6,19.81,,False
5846,MOV-005846,LOT-2026-05846,PROD-057,Cochabamba,2026-07-10,2026-07-26,2027-07-10,234,228,3,16,39.61,,False
5847,MOV-005847,LOT-2026-05847,PROD-018,La Paz,2026-06-22,2026-07-08,2027-06-22,655,651,4,16,20.82,,False
5848,MOV-005848,LOT-2026-05848,PROD-005,Oruro,2026-05-11,2026-05-27,2027-05-11,325,323,2,16,76.84,,False
5849,MOV-005849,LOT-2026-05849,PROD-023,Oruro,2026-08-18,2026-09-05,2027-02-14,327,318,4,18,64.4,,False
5850,MOV-005850,LOT-2026-05850,PROD-018,Tarija,2026-06-29,2026-07-13,2027-06-29,229,225,1,14,20.82,,False
5851,MOV-005851,LOT-2026-05851,PROD-039,Tarija,2026-06-28,2026-07-20,2027-06-28,326,319,2,22,56.75,,False
5852,MOV-005852,LOT-2026-05852,PROD-030,Santa Cruz,2026-07-04,2026-08-18,2027-07-04,200,194,4,45,24.51,,False
5853,MOV-005853,LOT-2026-05853,PROD-016,Tarija,2026-07-03,2026-07-19,2027-07-03,409,405,4,16,44.33,,False
5854,MOV-005854,LOT-2026-05854,PROD-044,Oruro,2026-06-23,2026-07-09,2027-06-23,86,78,1,16,65.12,,False
5855,MOV-005855,LOT-2026-05855,PROD-009,Santa Cruz,2026-05-24,2026-06-04,2027-05-24,233,229,2,11,16.29,,False
5856,MOV-005856,LOT-2026-05856,PROD-011,Oruro,2026-07-26,2026-08-01,2026-08-13,857,828,23,6,14.4,,False
5857,MOV-005857,LOT-2026-05857,PROD-028,Cochabamba,2026-06-23,2026-08-01,2027-06-23,918,905,11,39,55.4,,False
5858,MOV-005858,LOT-2026-05858,PROD-036,Oruro,2026-07-03,2026-07-12,2026-12-30,712,700,9,9,53.28,,False
5859,MOV-005859,LOT-2026-05859,PROD-004,Oruro,2026-05-07,2026-05-17,2027-05-07,257,253,2,10,27.26,,False
5860,MOV-005860,LOT-2026-05860,PROD-035,Cochabamba,2026-05-05,2026-05-21,2026-05-23,249,239,8,16,23.85,,False
5861,MOV-005861,LOT-2026-05861,PROD-049,Tarija,2026-07-07,2026-07-23,2026-07-25,174,166,5,16,25.49,,False
5862,MOV-005862,LOT-2026-05862,PROD-058,La Paz,2026-08-05,2026-08-30,2027-08-05,819,807,8,25,83.63,,False
5863,MOV-005863,LOT-2026-05863,PROD-031,Tarija,2026-08-05,2026-08-06,2027-02-01,99,96,2,1,14.93,,False
5864,MOV-005864,LOT-2026-05864,PROD-036,Oruro,2026-06-08,2026-06-24,2026-12-05,916,902,13,16,53.28,,False
5865,MOV-005865,LOT-2026-05865,PROD-008,Cochabamba,2026-08-25,2026-09-02,2026-09-12,991,960,28,8,31.75,,False
5866,MOV-005866,LOT-2026-05866,PROD-036,Santa Cruz,2026-05-03,2026-05-16,2026-10-30,814,799,10,13,53.28,,False
5867,MOV-005867,LOT-2026-05867,PROD-049,Oruro,2026-05-12,2026-05-27,2026-05-30,377,363,14,15,25.49,,False
5868,MOV-005868,LOT-2026-05868,PROD-015,Tarija,2026-08-06,2026-08-25,2027-02-02,300,295,4,19,54.56,,False
5869,MOV-005869,LOT-2026-05869,PROD-005,La Paz,2026-06-22,2026-07-30,2027-06-22,763,749,9,38,76.84,,False
5870,MOV-005870,LOT-2026-05870,PROD-002,Tarija,2026-07-03,2026-07-20,2026-07-21,876,843,29,17,33.75,,False
5871,MOV-005871,LOT-2026-05871,PROD-005,Tarija,2026-05-20,2026-06-01,2027-05-20,892,881,5,12,76.84,,False
5872,MOV-005872,LOT-2026-05872,PROD-036,Santa Cruz,2026-05-12,2026-06-01,2026-11-08,695,679,9,20,53.28,,False
5873,MOV-005873,LOT-2026-05873,PROD-010,Santa Cruz,2026-05-25,2026-06-21,2027-05-25,120,118,1,27,47.91,,False
5874,MOV-005874,LOT-2026-05874,PROD-010,Tarija,2026-06-08,2026-06-22,2027-06-08,997,992,5,14,47.91,,False
5875,MOV-005875,LOT-2026-05875,PROD-041,Oruro,2026-07-27,2026-08-14,2027-07-27,144,142,1,18,14.19,,False
5876,MOV-005876,LOT-2026-05876,PROD-017,Santa Cruz,2026-07-03,2026-07-09,2026-07-21,688,662,19,6,19.81,,False
5877,MOV-005877,LOT-2026-05877,PROD-045,Santa Cruz,2026-05-20,2026-06-12,2027-05-20,209,200,2,23,61.85,,False
5878,MOV-005878,LOT-2026-05878,PROD-034,Oruro,2026-08-10,2026-08-31,2027-08-10,990,982,6,21,83.26,,False
5879,MOV-005879,LOT-2026-05879,PROD-056,Santa Cruz,2026-07-20,2026-07-30,2026-08-07,658,640,17,10,36.51,,False
5880,MOV-005880,LOT-2026-05880,PROD-048,Cochabamba,2026-05-26,2026-06-16,2027-05-26,692,684,4,21,24.01,,False
5881,MOV-005881,LOT-2026-05881,PROD-046,Tarija,2026-08-04,2026-08-28,2027-08-04,247,240,2,24,12.64,,False
5882,MOV-005882,LOT-2026-05882,PROD-050,Oruro,2026-07-18,2026-07-21,2026-08-05,428,412,12,3,55.37,,False
5883,MOV-005883,LOT-2026-05883,PROD-035,La Paz,2026-06-24,2026-06-26,2026-07-12,812,790,21,2,23.85,,False
5884,MOV-005884,LOT-2026-05884,PROD-060,Cochabamba,2026-05-18,2026-05-21,2026-06-05,69,62,2,3,37.99,,False
5885,MOV-005885,LOT-2026-05885, prod-053 ,Oruro,2026-05-21,2026-06-23,2027-05-21,457,452,3,33,73.12,,False
5886,MOV-005886,LOT-2026-05886,PROD-013,La Paz,2026-05-19,2026-05-30,2026-11-15,311,301,4,11,33.05,,False
5887,MOV-005887,LOT-2026-05887,PROD-029,Oruro,2026-07-01,2026-07-22,2027-07-01,510,507,3,21,60.18,,False
5888,MOV-005888,LOT-2026-05888,PROD-018,La Paz,2026-06-05,2026-07-23,2027-06-05,303,291,8,48,20.82,,False
5889,MOV-005889,LOT-2026-05889,PROD-025,Santa Cruz,2026-06-10,2026-06-19,2026-06-28,815,791,22,9,45.25,,False
5890,MOV-005890,LOT-2026-05890,PROD-036,Santa Cruz,2026-08-07,2026-08-15,2027-02-03,597,587,8,8,53.28,,False
5891,MOV-005891,LOT-2026-05891,PROD-004,La Paz,2026-05-28,2026-06-10,2027-05-28,388,383,2,13,27.26,,False
5892,MOV-005892,LOT-2026-05892,PROD-019,Oruro,2026-06-01,2026-06-20,2026-06-19,742,713,27,19,62.22,,False
5893,MOV-005893,LOT-2026-05893,PROD-005,Santa Cruz,2026-08-07,2026-09-08,2027-08-07,887,879,5,32,76.84,,False
5894,MOV-005894,LOT-2026-05894,PROD-031,Oruro,2026-07-06,2026-07-19,2027-01-02,628,617,8,13,14.93,,False
5895,MOV-005895,LOT-2026-05895,PROD-057,Tarija,2026-08-05,2026-08-30,2027-08-05,596,588,4,25,39.61,,False
5896,MOV-005896,LOT-2026-05896,PROD-017,Oruro,2026-05-26,2026-06-23,2026-06-13,228,211,12,28,19.81,,False
5897,MOV-005897,LOT-2026-05897,PROD-019,Oruro,2026-05-07,2026-05-16,2026-05-25,707,678,22,9,62.22,,False
5898,MOV-005898,LOT-2026-05898,PROD-038,Santa Cruz,2026-05-12,2026-06-20,2027-05-12,89,86,1,39,13.49,,False
5899,MOV-005899,LOT-2026-05899,PROD-057,La Paz,2026-06-22,2026-07-05,2027-06-22,133,125,1,13,39.61,,False
5900,MOV-005900,LOT-2026-05900,PROD-027,Cochabamba,2026-08-26,2026-09-19,2027-08-26,473,464,3,24,44.86,,False
5901,MOV-005901,LOT-2026-05901,PROD-003,La Paz,2026-08-01,2026-08-23,2026-08-19,699,665,28,22,27.19,,False
5902,MOV-005902,LOT-2026-05902,PROD-036,Santa Cruz,2026-07-18,2026-07-25,2027-01-14,612,602,8,7,53.28,,False
5903,MOV-005903,LOT-2026-05903,PROD-050,Santa Cruz,2026-07-20,2026-09-06,2026-08-07,241,220,20,48,55.37,,False
5904,MOV-005904,LOT-2026-05904,PROD-053,La Paz,2026-06-12,2026-06-24,2027-06-12,201,196,1,12,73.12,,False
5905,MOV-005905,LOT-2026-05905,PROD-012,Cochabamba,2026-08-16,2026-08-29,2027-02-12,740,727,11,13,80.8,,False
5906,MOV-005906,LOT-2026-05906,PROD-028,Oruro,2026-06-29,2026-07-11,2027-06-29,940,928,6,12,55.4,,False
5907,MOV-005907,LOT-2026-05907,PROD-043,Cochabamba,2026-07-24,2026-07-27,2026-08-11,270,256,7,3,71.11,,False
5908,MOV-005908,LOT-2026-05908,PROD-004,Santa Cruz,2026-06-06,2026-06-23,2027-06-06,687,682,5,17,27.26,,False
5909,MOV-005909,LOT-2026-05909,PROD-056,Tarija,2026-08-04,2026-08-17,2026-08-22,cien,599,17,13,36.51,cantidad_ingreso,True
5910,MOV-005910,LOT-2026-05910,PROD-044,La Paz,2026-07-11,2026-08-04,2027-07-11,539,529,4,24,65.12,,False
5911,MOV-005911,LOT-2026-05911,PROD-047,Tarija,2026-06-06,2026-06-25,2027-06-06,268,259,3,19,21.58,,False
5912,MOV-005912,LOT-2026-05912,PROD-008,Oruro,2026-07-13,2026-08-06,2026-07-31,312,296,14,24,31.75,,False
5913,MOV-005913,LOT-2026-05913,PROD-009,Santa Cruz,2026-08-24,2026-09-05,2027-08-24,353,344,2,12,16.29,,False
5914,MOV-005914,LOT-2026-05914,PROD-037,Santa Cruz,2026-07-02,2026-07-23,2027-07-02,204,197,1,21,64.93,,False
5915,MOV-005915,LOT-2026-05915,PROD-022,Tarija,2026-05-04,2026-05-29,2026-10-31,957,938,12,25,67.52,,False
5916,MOV-005916,LOT-2026-05916,PROD-037,Oruro,2026-06-13,2026-06-23,2027-06-13,923,916,5,10,64.93,,False
5917,MOV-005917,LOT-2026-05917,PROD-025,La Paz,2026-07-01,2026-07-10,2026-07-19,828,807,21,9,45.25,,False
5918,MOV-005918,LOT-2026-05918,PROD-047,La Paz,2026-06-26,2026-07-20,2027-06-26,981,971,6,24,21.58,,False
5919,MOV-005919,LOT-2026-05919,PROD-045,Santa Cruz,2026-06-03,2026-07-14,2027-06-03,883,863,13,41,61.85,,False
5920,MOV-005920,LOT-2026-05920,PROD-056,La Paz,2026-07-21,2026-07-29,2026-08-08,474,458,13,8,36.51,,False
5921,MOV-005921,LOT-2026-05921,PROD-040,Cochabamba,2026-07-09,2026-07-21,2026-07-27,137,127,4,12,82.17,,False
5922,MOV-005922,LOT-2026-05922,PROD-031,Oruro,2026-05-19,2026-05-22,2026-11-15,72,68,1,3,14.93,,False
5923,MOV-005923,LOT-2026-05923,PROD-046,Tarija,2026-07-07,2026-07-18,2027-07-07,567,558,3,11,12.64,,False
5924,MOV-005924,LOT-2026-05924,PROD-013,La Paz,2026-06-20,2026-07-01,2026-12-17,727,717,9,11,33.05,,False
5925,MOV-005925,LOT-2026-05925,PROD-012,Santa Cruz,2026-06-16,2026-07-03,2026-12-13,804,791,13,17,80.8,,False
5926,MOV-005926,LOT-2026-05926,PROD-057,Tarija,2026-08-21,2026-10-07,2027-08-21,435,425,10,47,39.61,,False
5927,MOV-005927,LOT-2026-05927,PROD-002,Cochabamba,2026-07-02,2026-07-07,2026-07-20,565,545,15,5,33.75,,False
5928,MOV-005928,LOT-2026-05928,PROD-058,Cochabamba,2026-06-29,2026-07-13,2027-06-29,788,779,4,14,83.63,,False
5929,MOV-005929,LOT-2026-05929,PROD-049,La Paz,2026-06-25,2026-06-27,2026-07-13,869,841,24,2,25.49,,False
5930,MOV-005930,LOT-2026-05930,PROD-034,Oruro,2026-08-22,2026-09-30,2027-08-22,753,736,10,39,83.26,,False
5931,MOV-005931,LOT-2026-05931,PROD-013,Cochabamba,2026-05-20,2026-06-04,2026-11-16,952,931,15,15,33.05,,False
5932,MOV-005932,LOT-2026-05932,PROD-016,Cochabamba,2026-06-22,2026-07-13,2027-06-22,407,402,3,21,44.33,,False
5933,MOV-005933,LOT-2026-05933,PROD-029,Santa Cruz,2026-07-05,2026-07-27,2027-07-05,254,247,2,22,60.18,,False
5934,MOV-005934,LOT-2026-05934,PROD-047,Cochabamba,2026-07-28,2026-08-10,2027-07-28,940,929,6,13,21.58,,False
5935,MOV-005935,LOT-2026-05935,PROD-021,Oruro,2026-06-08,2026-06-22,2027-06-08,908,901,5,14,84.36,,False
5936,MOV-005936,LOT-2026-05936,PROD-017,Oruro,2026-07-31,2026-08-13,2026-08-18,309,301,8,13,19.81,,False
5937,MOV-005937,LOT-2026-05937,PROD-024,Cochabamba,2026-06-03,2026-06-26,2027-06-03,195,188,1,23,23.48,,False
5938,MOV-005938,LOT-2026-05938,PROD-012,Tarija,2026-06-25,2026-07-10,2026-12-22,295,291,4,15,80.8,,False
5939,MOV-005939,LOT-2026-05939,PROD-025,Cochabamba,2026-06-24,2026-07-02,2026-07-12,774,741,30,8,45.25,,False
5940,MOV-005940,LOT-2026-05940,PROD-028,Tarija,2026-07-30,2026-08-16,2027-07-30,333,326,2,17,55.4,,False
5941,MOV-005941,LOT-2026-05941,PROD-020,La Paz,2026-05-17,2026-05-26,2026-06-04,993,965,28,9,26.82,,False
5942,MOV-005942,LOT-2026-05942,PROD-009,Santa Cruz,2026-07-12,2026-07-25,2027-07-12,883,874,9,13,16.29,,False
5943,MOV-005943,LOT-2026-05943,PROD-054,Cochabamba,2026-08-03,2026-08-16,2027-08-03,808,802,5,13,81.98,,False
5944,MOV-005944,LOT-2026-05944,PROD-003,Cochabamba,2026-05-07,2026-05-20,2026-05-25,82,79,2,13,27.19,,False
5945,MOV-005945,LOT-2026-05945,PROD-016,Cochabamba,2026-08-05,2026-09-02,2027-08-05,238,229,2,28,44.33,,False
5946,MOV-005946,LOT-2026-05946, prod-048 ,Cochabamba,2026-08-14,2026-09-05,2027-08-14,729,717,5,22,24.01,,False
5947,MOV-005947,LOT-2026-05947,PROD-011,Santa Cruz,2026-05-29,2026-06-12,2026-06-16,982,953,29,14,14.4,,False
5948,MOV-005948,LOT-2026-05948,PROD-021,Oruro,2026-06-01,2026-06-17,2027-06-01,959,946,7,16,84.36,,False
5949,MOV-005949,LOT-2026-05949,PROD-005,La Paz,2026-07-07,2026-07-30,2027-07-07,809,804,5,23,76.84,,False
5950,MOV-005950,LOT-2026-05950,PROD-057,Santa Cruz,2026-06-02,2026-06-19,2027-06-02,694,683,4,17,39.61,,False
5951,MOV-005951,LOT-2026-05951,PROD-037,Tarija,2026-06-04,2026-06-21,2027-06-04,457,451,3,17,64.93,,False
5952,MOV-005952,LOT-2026-05952,PROD-039,Oruro,2026-05-28,2026-06-26,2027-05-28,674,670,4,29,56.75,,False
5953,MOV-005953,LOT-2026-05953,PROD-039,Tarija,2026-08-09,2026-08-25,2027-08-09,128,127,1,16,56.75,,False
5954,MOV-005954,LOT-2026-05954,PROD-006,La Paz,2026-07-25,2026-08-26,2027-07-25,346,338,4,32,23.32,,False
5955,MOV-005955,LOT-2026-05955,PROD-029,Oruro,2026-08-09,2026-08-27,2027-08-09,527,517,4,18,60.18,,False
5956,MOV-005956,LOT-2026-05956,PROD-002,Santa Cruz,2026-05-10,2026-06-12,2026-05-28,88,82,5,33,33.75,,False
5957,MOV-005957,LOT-2026-05957,PROD-017,La Paz,2026-07-27,2026-08-19,2026-08-14,643,613,27,23,19.81,,False
5958,MOV-005958,LOT-2026-05958,PROD-054,Santa Cruz,2026-06-14,2026-07-01,2027-06-14,811,797,7,17,81.98,,False
5959,MOV-005959,LOT-2026-05959,PROD-041,Santa Cruz,2026-07-12,2026-08-04,2027-07-12,866,856,6,23,14.19,,False
5960,MOV-005960,LOT-2026-05960,PROD-045,Tarija,2026-08-12,2026-09-17,2027-08-12,980,969,9,36,61.85,,False
5961,MOV-005961,LOT-2026-05961,PROD-011,Santa Cruz,2026-06-13,2026-07-02,2026-07-01,71,68,3,19,14.4,,False
5962,MOV-005962,LOT-2026-05962,PROD-047,Cochabamba,2026-08-17,2026-09-01,2027-08-17,227,223,1,15,21.58,,False
5963,MOV-005963,LOT-2026-05963,PROD-005,La Paz,2026-07-27,2026-08-10,2027-07-27,875,863,9,14,76.84,,False
5964,MOV-005964,LOT-2026-05964,PROD-011,Tarija,2026-05-03,2026-05-18,2026-05-21,361,343,12,15,14.4,,False
5965,MOV-005965,LOT-2026-05965,PROD-030,La Paz,2026-07-17,2026-08-22,2027-07-17,877,868,6,36,24.51,,False
5966,MOV-005966,LOT-2026-05966,PROD-042,Cochabamba,2026-07-04,2026-07-20,2027-07-04,501,492,3,16,73.69,,False
5967,MOV-005967,LOT-2026-05967,PROD-046,Cochabamba,2026-08-21,2026-09-06,2027-08-21,931,922,5,16,12.64,,False
5968,MOV-005968,LOT-2026-05968,PROD-060,Santa Cruz,2026-08-01,2026-08-13,2026-08-19,371,354,10,12,37.99,,False
5969,MOV-005969,LOT-2026-05969,PROD-051,Oruro,2026-08-09,2026-09-05,2027-02-05,585,577,8,27,21.14,,False
5970,MOV-005970,LOT-2026-05970,PROD-010,Oruro,2026-05-14,2026-06-02,2027-05-14,286,283,2,19,47.91,,False
5971,MOV-005971,LOT-2026-05971,PROD-054,Tarija,2026-08-12,2026-08-29,2027-08-12,705,696,4,17,81.98,,False
5972,MOV-005972,LOT-2026-05972,PROD-018,Cochabamba,2026-07-06,2026-07-27,2027-07-06,337,334,2,21,20.82,,False
5973,MOV-005973,LOT-2026-05973,PROD-045,Tarija,2026-07-29,2026-08-25,2027-07-29,546,537,3,27,61.85,,False
5974,MOV-005974,LOT-2026-05974,PROD-032,Santa Cruz,2026-05-03,2026-05-13,2027-05-03,51,45,0,10,63.21,,False
5975,MOV-005975,LOT-2026-05975,PROD-053,La Paz,2026-07-01,2026-08-03,2027-07-01,972,964,6,33,73.12,,False
5976,MOV-005976,LOT-2026-05976,PROD-024,Santa Cruz,2026-08-01,2026-08-25,2027-08-01,541,527,7,24,23.48,,False
5977,MOV-005977,LOT-2026-05977,PROD-048,Tarija,2026-08-15,2026-08-26,2027-08-15,850,845,4,11,24.01,,False
5978,MOV-005978,LOT-2026-05978,PROD-035,Cochabamba,2026-05-18,2026-05-28,2026-06-05,767,742,21,10,23.85,,False
5979,MOV-005979,LOT-2026-05979,PROD-002,La Paz,2026-06-20,2026-06-30,2026-07-08,740,714,20,10,33.75,,False
5980,MOV-005980,LOT-2026-05980,PROD-039,La Paz,2026-05-31,2026-06-18,2027-05-31,394,383,4,18,56.75,,False
5981,MOV-005981,LOT-2026-05981,PROD-055,Cochabamba,2026-06-03,2026-06-24,2027-06-03,742,731,4,21,60.11,,False
5982,MOV-005982,LOT-2026-05982,PROD-013,Oruro,2026-05-17,2026-05-30,2026-11-13,882,869,12,13,33.05,,False
5983,MOV-005983,LOT-2026-05983,PROD-045,Tarija,2026-07-09,2026-07-22,2027-07-09,961,953,8,13,61.85,,False
5984,MOV-005984,LOT-2026-05984,PROD-029,Oruro,2026-06-02,2026-06-19,2027-06-02,587,579,4,17,60.18,,False
5985,MOV-005985,LOT-2026-05985,PROD-009,Oruro,2026-05-16,2026-05-31,2027-05-16,612,604,3,15,16.29,,False
5986,MOV-005986,LOT-2026-05986,PROD-033,Oruro,2026-08-17,2026-09-09,2027-08-17,661,651,6,23,77.59,,False
5987,MOV-005987,LOT-2026-05987,PROD-019,Santa Cruz,2026-07-12,2026-07-26,2026-07-30,121,116,3,14,62.22,,False
5988,MOV-005988,LOT-2026-05988,PROD-042,Cochabamba,2026-07-05,2026-07-24,2027-07-05,598,590,4,19,73.69,,False
5989,MOV-005989,LOT-2026-05989,PROD-056,Santa Cruz,2026-07-12,2026-07-24,2026-07-30,81,72,2,12,36.51,,False
5990,MOV-005990,LOT-2026-05990,PROD-043,Santa Cruz,2026-05-18,2026-06-06,2026-06-05,852,815,31,19,71.11,,False
5991,MOV-005991,LOT-2026-05991,PROD-049,Oruro,2026-08-17,2026-09-09,2026-09-04,729,694,31,23,25.49,,False
5992,MOV-005992,LOT-2026-05992,PROD-001,Santa Cruz,2026-05-18,2026-05-29,2026-11-14,950,933,17,11,42.39,,False
5993,MOV-005993,LOT-2026-05993,PROD-056,Cochabamba,2026-07-16,2026-07-29,2026-08-03,277,266,8,13,36.51,,False
5994,MOV-005994,LOT-2026-05994,PROD-017,La Paz,2026-07-21,2026-07-25,2026-08-08,301,290,8,4,19.81,,False
5995,MOV-005995,LOT-2026-05995,PROD-055,Oruro,2026-07-25,2026-08-27,2027-07-25,561,556,3,33,60.11,,False
5996,MOV-005996,LOT-2026-05996,PROD-025,Cochabamba,2026-05-14,2026-05-23,2026-06-01,926,899,24,9,45.25,,False
5997,MOV-005997,LOT-2026-05997,PROD-010,Tarija,2026-06-28,2026-07-08,2027-06-28,578,569,4,10,47.91,,False
5998,MOV-005998,LOT-2026-05998,PROD-048,Santa Cruz,2026-06-13,2026-08-02,2027-06-13,101,97,3,50,24.01,,False
5999,MOV-005999,LOT-2026-05999,PROD-025,La Paz,2026-06-04,2026-06-24,2026-06-22,530,507,20,20,45.25,,False
6000,MOV-006000,LOT-2026-06000,PROD-013,Cochabamba,2026-05-03,2026-05-20,2026-10-30,743,734,9,17,33.05,,False
6001,MOV-004748,LOT-2026-04748,PROD-036,Cochabamba,2026-05-26,2026-06-24,2026-11-22,408,402,6,29,53.28,movimiento_id,True
6002,MOV-001735,LOT-2026-01735,PROD-018,Santa Cruz,2026-06-29,2026-07-25,2027-06-29,654,648,5,26,20.82,movimiento_id,True
6003,MOV-003073,LOT-2026-03073,PROD-058,La Paz,2026-08-23,2026-09-13,2027-08-23,717,709,6,21,83.63,movimiento_id,True
6004,MOV-003016,LOT-2026-03016,PROD-042,Oruro,2026-07-10,2026-07-21,2027-07-10,161,154,1,11,73.69,movimiento_id,True
6005,MOV-003990,LOT-2026-03990,PROD-051,Tarija,2026-07-09,2026-07-26,2027-01-05,970,952,13,17,21.14,movimiento_id,True
6006,MOV-001055,LOT-2026-01055,PROD-038,Cochabamba,2026-05-05,2026-05-25,2027-05-05,745,736,6,20,13.49,movimiento_id,True
6007,MOV-004746,LOT-2026-04746,PROD-003,Cochabamba,2026-06-25,2026-07-08,2026-07-13,287,279,8,13,27.19,movimiento_id,True
6008,MOV-004614,LOT-2026-04614,PROD-040,Tarija,2026-05-30,2026-06-09,2026-06-17,163,152,4,10,82.17,movimiento_id,True
6009,MOV-000978,LOT-2026-00978,PROD-060,Oruro,2026-08-27,2026-09-01,2026-09-14,399,389,10,5,37.99,movimiento_id,True
6010,MOV-005017,LOT-2026-05017,PROD-004,La Paz,2026-06-28,2026-07-21,2027-06-28,946,940,6,23,27.26,movimiento_id,True
6011,MOV-000102,LOT-2026-00102,PROD-006,Santa Cruz,2026-06-14,2026-07-08,2027-06-14,708,698,7,24,23.32,movimiento_id,True
6012,MOV-004597,LOT-2026-04597,PROD-053,Cochabamba,2026-05-04,2026-05-21,2027-05-04,305,300,2,17,73.12,movimiento_id,True
6013,MOV-004997,LOT-2026-04997,PROD-011,Santa Cruz,2026-07-29,2026-07-30,2026-08-16,429,417,12,1,14.4,movimiento_id,True
6014,MOV-003224,LOT-2026-03224,PROD-045,Santa Cruz,2026-08-11,2026-08-25,2027-08-11,815,806,5,14,61.85,movimiento_id,True
6015,MOV-004399,LOT-2026-04399,PROD-051,Tarija,2026-06-17,2026-07-03,2026-12-14,627,618,8,16,21.14,movimiento_id,True
6016,MOV-005441,LOT-2026-05441,PROD-047,Tarija,2026-05-23,2026-07-02,2027-05-23,306,300,4,40,21.58,movimiento_id,True
6017,MOV-005588,LOT-2026-05588,PROD-006,Oruro,2026-07-14,2026-07-29,2027-07-14,777,766,7,15,23.32,movimiento_id,True
6018,MOV-003592,LOT-2026-03592,PROD-047,La Paz,2026-05-12,2026-05-25,2027-05-12,489,486,3,13,21.58,movimiento_id,True
6019,MOV-003014,LOT-2026-03014,PROD-032,La Paz,2026-07-21,2026-09-03,2027-07-21,357,345,7,44,63.21,movimiento_id,True
6020,MOV-004061,LOT-2026-04061,PROD-051,Tarija,2026-05-12,2026-06-19,2026-11-08,446,437,8,38,21.14,movimiento_id,True
6021,MOV-000734,LOT-2026-00734,PROD-042,Oruro,2026-05-24,2026-06-13,2027-05-24,566,558,4,20,73.69,movimiento_id,True
6022,MOV-002648,LOT-2026-02648,PROD-039,Santa Cruz,2026-07-09,2026-07-21,2027-07-09,725,715,5,12,56.75,movimiento_id,True
6023,MOV-002305,LOT-2026-02305,PROD-019,Oruro,2026-07-21,2026-08-03,2026-08-08,887,861,24,13,62.22,movimiento_id,True
6024,MOV-001648,LOT-2026-01648,PROD-041,La Paz,2026-06-25,2026-07-09,2027-06-25,159,153,1,14,14.19,movimiento_id,True
6025,MOV-001094,LOT-2026-01094,PROD-044,Tarija,2026-07-06,2026-07-23,2027-07-06,944,938,5,17,65.12,movimiento_id,True
6026,MOV-005267,LOT-2026-05267,PROD-046,Oruro,2026-05-27,2026-06-08,2027-05-27,545,538,5,12,12.64,movimiento_id,True
6027,MOV-004534,LOT-2026-04534,PROD-047,Tarija,2026-06-28,2026-07-25,2027-06-28,561,556,5,27,21.58,movimiento_id,True
6028,MOV-000190,LOT-2026-00190,PROD-019,Santa Cruz,2026-05-22,2026-06-17,2026-06-09,648,613,31,26,62.22,movimiento_id,True
6029,MOV-000904,LOT-2026-00904,PROD-024,Cochabamba,2026-05-20,2026-06-08,2027-05-20,365,355,3,19,23.48,movimiento_id,True
6030,MOV-002656,LOT-2026-02656,PROD-040,Santa Cruz,2026-06-06,2026-06-20,2026-06-24,773,744,24,14,82.17,movimiento_id,True
6031,MOV-002654,LOT-2026-02654,PROD-056,Tarija,2026-07-02,2026-07-18,2026-07-20,124,114,4,16,36.51,movimiento_id,True
6032,MOV-003560,LOT-2026-03560,PROD-054,La Paz,2026-07-10,2026-07-29,2027-07-10,899,894,5,19,81.98,movimiento_id,True
6033,MOV-005749,LOT-2026-05749,PROD-047,Tarija,2026-08-01,2026-08-24,2027-08-01,224,223,1,23,21.58,movimiento_id,True
6034,MOV-004374,LOT-2026-04374,PROD-022,Tarija,2026-08-23,2026-09-26,2027-02-19,740,730,9,34,67.52,movimiento_id,True
6035,MOV-004588,LOT-2026-04588,PROD-003,Cochabamba,2026-07-14,2026-08-01,2026-08-01,625,594,24,18,27.19,movimiento_id,True
6036,MOV-004400,LOT-2026-04400,PROD-023,Cochabamba,2026-07-04,2026-07-22,2026-12-31,87,83,1,18,64.4,movimiento_id,True
6037,MOV-000486,LOT-2026-00486,PROD-048,La Paz,2026-08-23,2026-09-10,2027-08-23,988,978,8,18,24.01,movimiento_id,True
6038,MOV-005819,LOT-2026-05819,PROD-012,Tarija,2026-05-31,2026-06-04,2026-11-27,698,683,9,4,80.8,movimiento_id,True
6039,MOV-003665,LOT-2026-03665,PROD-058,Santa Cruz,2026-07-04,2026-07-31,2027-07-04,294,287,2,27,83.63,movimiento_id,True
6040,MOV-004092,LOT-2026-04092,PROD-051,La Paz,2026-05-29,2026-06-06,2026-11-25,348,341,4,8,21.14,movimiento_id,True
