viaje_id,order_id,camion_id_tratado,producto_id,inicio_viaje,fin_viaje,n_lecturas,n_lecturas_observadas,temperatura_promedio_c,temperatura_maxima_c,n_desviaciones,categoria_logistica,tipo_camion,centro_distribucion,tuvo_desviacion,apto_kpi_termico_observado
VIA-00001,ORD-2026-05710,CAM-20,PROD-045,2026-08-11 14:11:00,2026-08-12 01:41:00,24,24,4.89375,9.9,5,Fresco,Refrigerado,Oruro,True,True
VIA-00002,ORD-2026-04815,CAM-12,PROD-029,2026-08-12 23:30:00,2026-08-13 11:00:00,24,24,19.297916666666666,24.32,0,Seco,Seco,La Paz,False,True
VIA-00003,ORD-2026-02991,CAM-29,PROD-057,2026-08-02 13:15:00,2026-08-03 00:45:00,24,24,19.99833333333333,22.64,0,Seco,Seco,Santa Cruz,False,True
VIA-00004,ORD-2026-06185,CAM-10,PROD-048,2026-08-02 19:25:00,2026-08-03 06:55:00,24,24,19.515833333333333,23.92,0,Seco,Refrigerado,La Paz,False,True
VIA-00005,ORD-2026-02796,CAM-25,PROD-009,2026-08-06 18:41:00,2026-08-07 06:11:00,24,24,3.9483333333333337,6.91,1,Fresco,Refrigerado,Cochabamba,True,True
VIA-00006,ORD-2026-01337,CAM-26,PROD-060,2026-08-11 11:27:00,2026-08-11 22:27:00,23,23,-18.093961352657004,-16.4,0,Congelado,Refrigerado,Tarija,False,True
VIA-00007,ORD-2026-01828,CAM-19,PROD-037,2026-08-21 17:06:00,2026-08-22 04:36:00,24,24,3.8020833333333335,5.04,2,Fresco,Refrigerado,Tarija,True,True
VIA-00008,ORD-2026-00548,CAM-28,PROD-004,2026-08-03 22:24:00,2026-08-04 09:54:00,24,24,5.364999999999999,11.32,5,Fresco,Refrigerado,La Paz,True,True
VIA-00009,ORD-2026-03793,CAM-20,PROD-043,2026-08-07 10:50:00,2026-08-07 22:20:00,24,24,-18.069583333333334,-16.87,1,Congelado,Refrigerado,Oruro,True,True
VIA-00010,ORD-2026-02783,CAM-14,PROD-059,2026-08-13 05:22:00,2026-08-13 16:52:00,23,22,19.954545454545453,22.72,0,Seco,Seco,Cochabamba,False,True
VIA-00011,ORD-2026-04604,CAM-15,PROD-058,2026-08-01 19:34:00,2026-08-02 07:04:00,24,24,-17.881666666666664,-16.81,0,Congelado,Refrigerado,La Paz,False,True
VIA-00012,ORD-2026-06047,CAM-20,PROD-010,2026-08-28 03:43:00,2026-08-28 15:13:00,24,24,20.278333333333332,23.78,0,Seco,Refrigerado,Oruro,False,True
VIA-00013,ORD-2026-02911,CAM-01,PROD-052,2026-08-15 19:49:00,2026-08-16 07:19:00,24,24,4.1875,5.63,0,Fresco,Refrigerado,Cochabamba,False,True
VIA-00014,ORD-2026-04373,CAM-08,PROD-047,2026-08-22 14:08:00,2026-08-23 01:38:00,24,24,4.2058333333333335,5.55,0,Fresco,Refrigerado,Santa Cruz,False,True
VIA-00015,ORD-2026-02421,CAM-15,PROD-037,2026-08-18 01:19:00,2026-08-18 12:49:00,24,24,4.0125,6.14,2,Fresco,Refrigerado,La Paz,True,True
VIA-00016,ORD-2026-02623,CAM-06,PROD-031,2026-08-29 00:00:00,2026-08-29 11:30:00,24,24,19.799583333333334,22.72,0,Seco,Seco,Cochabamba,False,True
VIA-00017,ORD-2026-02226,CAM-03,PROD-059,2026-08-19 17:20:00,2026-08-20 04:50:00,24,24,20.175416666666667,25.63,1,Seco,Seco,Oruro,True,True
VIA-00018,ORD-2026-03390,CAM-08,PROD-052,2026-08-18 18:41:00,2026-08-19 06:11:00,24,23,3.756086956521739,4.99,1,Fresco,Refrigerado,Santa Cruz,True,True
VIA-00019,ORD-2026-02371,CAM-21,PROD-017,2026-08-07 23:07:00,2026-08-08 10:37:00,24,24,19.93162037037037,22.69,0,Seco,Seco,Tarija,False,True
VIA-00020,ORD-2026-01231,CAM-20,PROD-039,2026-08-25 20:24:00,2026-08-26 07:54:00,23,21,19.959047619047617,23.02,0,Seco,Refrigerado,Oruro,False,True
VIA-00021,ORD-2026-02240,CAM-02,PROD-027,2026-08-22 04:48:00,2026-08-22 16:18:00,24,24,4.08625,5.49,0,Fresco,Refrigerado,Cochabamba,False,True
VIA-00022,ORD-2026-05581,CAM-23,PROD-056,2026-08-26 23:02:00,2026-08-27 10:32:00,24,24,5.439490740740741,11.68,5,Fresco,Seco,Santa Cruz,True,True
VIA-00023,ORD-2026-01360,CAM-12,PROD-012,2026-08-14 16:18:00,2026-08-15 03:48:00,24,24,20.221666666666668,23.4,0,Seco,Seco,La Paz,False,True
VIA-00024,ORD-2026-00869,CAM-24,PROD-059,2026-08-22 14:18:00,2026-08-23 01:48:00,24,24,20.10884259259259,23.9,0,Seco,Refrigerado,Oruro,False,True
VIA-00025,ORD-2026-06241,CAM-24,PROD-052,2026-08-13 17:51:00,2026-08-14 05:21:00,23,23,4.009130434782609,5.24,0,Fresco,Refrigerado,Oruro,False,True
VIA-00026,ORD-2026-05130,CAM-08,PROD-035,2026-08-21 15:05:00,2026-08-22 02:35:00,24,24,-18.09,-16.14,0,Congelado,Refrigerado,Santa Cruz,False,True
VIA-00027,ORD-2026-05466,CAM-20,PROD-026,2026-08-29 23:27:00,2026-08-30 10:57:00,24,0,,,0,Fresco,Refrigerado,Oruro,False,False
VIA-00028,ORD-2026-06929,CAM-08,PROD-021,2026-08-30 04:55:00,2026-08-30 16:25:00,24,24,4.0616666666666665,5.46,0,Fresco,Refrigerado,Santa Cruz,False,True
VIA-00029,ORD-2026-05552,CAM-21,PROD-038,2026-08-13 20:42:00,2026-08-14 08:12:00,24,24,19.682083333333335,22.42,0,Seco,Seco,Tarija,False,True
VIA-00030,ORD-2026-03547,CAM-16,PROD-012,2026-08-12 15:03:00,2026-08-13 02:33:00,24,24,19.60875,23.57,0,Seco,Seco,Oruro,False,True
VIA-00031,ORD-2026-01034,CAM-19,PROD-012,2026-08-29 22:20:00,2026-08-30 09:50:00,24,24,20.188333333333333,23.64,0,Seco,Refrigerado,Tarija,False,True
VIA-00032,ORD-2026-01878,CAM-24,PROD-058,2026-08-27 20:29:00,2026-08-28 07:59:00,24,23,-18.01086956521739,-16.38,0,Congelado,Refrigerado,Oruro,False,True
VIA-00033,ORD-2026-01117,CAM-19,PROD-035,2026-08-02 09:22:00,2026-08-02 20:52:00,24,24,-18.089583333333334,-16.8,0,Congelado,Refrigerado,Tarija,False,True
VIA-00034,ORD-2026-05255,CAM-19,PROD-045,2026-08-22 06:41:00,2026-08-22 18:11:00,24,24,3.9904166666666665,5.61,1,Fresco,Refrigerado,Tarija,True,True
VIA-00035,ORD-2026-03774,CAM-17,PROD-055,2026-08-21 19:43:00,2026-08-22 07:13:00,24,24,19.944675925925925,21.68,0,Seco,Seco,Cochabamba,False,True
VIA-00036,ORD-2026-03362,CAM-26,PROD-051,2026-08-28 05:35:00,2026-08-28 17:05:00,24,24,-16.537499999999998,-9.11,5,Congelado,Refrigerado,Tarija,True,True
VIA-00037,ORD-2026-01721,CAM-01,PROD-001,2026-08-01 00:26:00,2026-08-01 11:56:00,24,24,3.9025,5.46,0,Fresco,Refrigerado,Cochabamba,False,True
VIA-00038,ORD-2026-05727,CAM-29,PROD-005,2026-08-29 21:44:00,2026-08-30 09:14:00,24,23,20.024347826086956,22.74,0,Seco,Seco,Santa Cruz,False,True
VIA-00039,ORD-2026-02641,CAM-30,PROD-039,2026-08-16 15:46:00,2026-08-17 03:16:00,24,24,19.267500000000002,22.61,0,Seco,Seco,Cochabamba,False,True
VIA-00040,ORD-2026-02804,CAM-20,PROD-060,2026-08-07 01:59:00,2026-08-07 13:29:00,24,24,-17.791666666666668,-15.04,1,Congelado,Refrigerado,Oruro,True,True
VIA-00041,ORD-2026-01604,CAM-24,PROD-026,2026-08-10 03:33:00,2026-08-10 15:03:00,24,0,,,0,Fresco,Refrigerado,Oruro,False,False
VIA-00042,ORD-2026-00277,CAM-26,PROD-058,2026-08-07 05:29:00,2026-08-07 16:59:00,24,24,-17.832916666666666,-16.34,0,Congelado,Refrigerado,Tarija,False,True
VIA-00043,ORD-2026-07074,CAM-19,PROD-034,2026-08-20 10:07:00,2026-08-20 21:37:00,24,24,3.6666666666666665,5.43,0,Fresco,Refrigerado,Tarija,False,True
VIA-00044,ORD-2026-00171,CAM-24,PROD-051,2026-08-23 16:07:00,2026-08-24 03:37:00,24,24,-17.872916666666665,-16.47,0,Congelado,Refrigerado,Oruro,False,True
VIA-00045,ORD-2026-01164,CAM-22,PROD-039,2026-08-14 18:16:00,2026-08-15 05:46:00,24,23,19.750434782608696,22.36,0,Seco,Refrigerado,Cochabamba,False,True
VIA-00046,ORD-2026-00641,CAM-09,PROD-033,2026-08-19 23:07:00,2026-08-20 10:37:00,23,23,19.869565217391305,23.24,0,Seco,Seco,Santa Cruz,False,True
VIA-00047,ORD-2026-03263,CAM-20,PROD-028,2026-08-29 03:43:00,2026-08-29 15:13:00,24,0,,,0,Seco,Refrigerado,Oruro,False,False
VIA-00048,ORD-2026-03376,CAM-03,PROD-051,2026-08-17 04:57:00,2026-08-17 16:27:00,24,24,-18.209629629629628,-15.94,1,Congelado,Seco,Oruro,True,True
VIA-00049,ORD-2026-02871,CAM-08,PROD-016,2026-08-08 00:14:00,2026-08-08 11:44:00,24,23,19.709565217391305,24.12,0,Seco,Refrigerado,Santa Cruz,False,True
VIA-00050,ORD-2026-06609,CAM-26,PROD-032,2026-08-25 21:40:00,2026-08-26 09:10:00,24,24,20.337083333333332,23.63,0,Seco,Refrigerado,Tarija,False,True
VIA-00051,ORD-2026-04075,CAM-28,PROD-025,2026-08-06 04:54:00,2026-08-06 16:24:00,23,22,-15.989545454545453,-8.17,5,Congelado,Refrigerado,La Paz,True,True
VIA-00052,ORD-2026-02691,CAM-10,PROD-060,2026-08-21 01:29:00,2026-08-21 12:59:00,24,23,-17.79304347826087,-15.96,1,Congelado,Refrigerado,La Paz,True,True
VIA-00053,ORD-2026-03071,CAM-19,PROD-011,2026-08-09 16:54:00,2026-08-10 04:24:00,24,24,-18.22791666666667,-16.86,0,Congelado,Refrigerado,Tarija,False,True
VIA-00054,ORD-2026-05811,CAM-10,PROD-041,2026-08-18 00:42:00,2026-08-18 12:12:00,23,23,-16.315217391304348,-9.75,5,Congelado,Refrigerado,La Paz,True,True
VIA-00055,ORD-2026-05378,CAM-20,PROD-025,2026-08-14 09:33:00,2026-08-14 21:03:00,24,24,-18.00916666666667,-16.18,1,Congelado,Refrigerado,Oruro,True,True
VIA-00056,ORD-2026-06250,CAM-11,PROD-006,2026-08-15 03:26:00,2026-08-15 14:56:00,23,23,19.918695652173913,24.21,0,Seco,Refrigerado,Cochabamba,False,True
VIA-00057,ORD-2026-07410,CAM-19,PROD-022,2026-08-20 23:47:00,2026-08-21 11:17:00,24,24,5.0874999999999995,10.2,5,Fresco,Refrigerado,Tarija,True,True
VIA-00058,ORD-2026-02632,CAM-20,PROD-038,2026-08-27 19:08:00,2026-08-28 06:38:00,24,24,20.392500000000002,26.37,1,Seco,Refrigerado,Oruro,True,True
VIA-00059,ORD-2026-02676,CAM-07,PROD-055,2026-08-20 15:53:00,2026-08-21 03:23:00,23,23,18.887826086956522,21.48,0,Seco,Seco,La Paz,False,True
VIA-00060,ORD-2026-00606,CAM-27,PROD-006,2026-08-19 19:48:00,2026-08-20 07:18:00,24,24,20.29375,23.61,0,Seco,Refrigerado,Cochabamba,False,True
VIA-00061,ORD-2026-01677,CAM-21,PROD-028,2026-08-23 02:28:00,2026-08-23 13:58:00,24,0,,,0,Seco,Seco,Tarija,False,False
VIA-00062,ORD-2026-02581,CAM-28,PROD-028,2026-08-23 10:32:00,2026-08-23 22:02:00,24,0,,,0,Seco,Refrigerado,La Paz,False,False
VIA-00063,ORD-2026-05952,CAM-23,PROD-031,2026-08-20 20:00:00,2026-08-21 07:30:00,24,24,21.380416666666665,29.16,6,Seco,Seco,Santa Cruz,True,True
VIA-00064,ORD-2026-05523,CAM-04,PROD-030,2026-08-30 22:11:00,2026-08-31 09:41:00,24,24,19.63375,22.75,0,Seco,Seco,La Paz,False,True
VIA-00065,ORD-2026-00816,CAM-08,PROD-019,2026-08-09 21:56:00,2026-08-10 09:26:00,24,24,19.77,23.32,0,Seco,Refrigerado,Santa Cruz,False,True
VIA-00066,ORD-2026-02610,CAM-23,PROD-046,2026-08-11 02:20:00,2026-08-11 13:50:00,24,24,20.031666666666666,24.23,0,Seco,Seco,Santa Cruz,False,True
VIA-00067,ORD-2026-06592,CAM-20,PROD-014,2026-08-07 16:10:00,2026-08-08 03:40:00,24,24,19.807083333333335,21.67,0,Seco,Refrigerado,Oruro,False,True
VIA-00068,ORD-2026-06340,CAM-10,PROD-042,2026-08-14 07:43:00,2026-08-14 19:13:00,24,24,19.935,23.54,0,Seco,Refrigerado,La Paz,False,True
VIA-00069,ORD-2026-01240,CAM-19,PROD-027,2026-08-17 21:28:00,2026-08-18 08:58:00,24,24,3.7883333333333336,5.6,0,Fresco,Refrigerado,Tarija,False,True
VIA-00070,ORD-2026-06154,CAM-19,PROD-040,2026-08-28 18:23:00,2026-08-29 05:53:00,23,23,19.87695652173913,23.04,0,Seco,Refrigerado,Tarija,False,True
VIA-00071,ORD-2026-02585,CAM-10,PROD-026,2026-08-13 16:26:00,2026-08-14 03:56:00,24,0,,,0,Fresco,Refrigerado,La Paz,False,False
VIA-00072,ORD-2026-01494,CAM-21,PROD-046,2026-08-09 04:33:00,2026-08-09 16:03:00,24,24,20.333333333333332,24.07,0,Seco,Seco,Tarija,False,True
VIA-00073,ORD-2026-01330,CAM-13,PROD-018,2026-08-17 05:26:00,2026-08-17 16:56:00,24,0,,,0,Seco,Seco,Cochabamba,False,False
VIA-00074,ORD-2026-04869,CAM-15,PROD-032,2026-08-02 04:52:00,2026-08-02 16:22:00,24,24,19.69125,25.23,1,Seco,Refrigerado,La Paz,True,True
VIA-00075,ORD-2026-03282,CAM-08,PROD-057,2026-08-11 05:59:00,2026-08-11 17:29:00,24,24,19.802083333333332,23.34,0,Seco,Refrigerado,Santa Cruz,False,True
VIA-00076,ORD-2026-06520,CAM-01,PROD-024,2026-08-12 07:32:00,2026-08-12 19:02:00,24,24,20.705833333333334,28.6,4,Seco,Refrigerado,Cochabamba,True,True
VIA-00077,ORD-2026-01544,CAM-24,PROD-022,2026-08-14 17:55:00,2026-08-15 05:25:00,24,24,4.0975,5.53,0,Fresco,Refrigerado,Oruro,False,True
VIA-00078,ORD-2026-05805,CAM-10,PROD-036,2026-08-06 19:24:00,2026-08-07 06:54:00,24,0,,,0,Fresco,Refrigerado,La Paz,False,False
VIA-00079,ORD-2026-03382,CAM-30,PROD-016,2026-08-12 11:45:00,2026-08-12 23:15:00,24,24,19.603333333333335,23.91,1,Seco,Seco,Cochabamba,True,True
VIA-00080,ORD-2026-05535,CAM-13,PROD-005,2026-08-15 07:24:00,2026-08-15 18:54:00,24,24,20.223333333333333,22.12,0,Seco,Seco,Cochabamba,False,True
VIA-00081,ORD-2026-01750,CAM-19,PROD-007,2026-08-09 10:19:00,2026-08-09 21:49:00,24,24,20.025833333333335,23.58,0,Seco,Refrigerado,Tarija,False,True
VIA-00082,ORD-2026-06630,CAM-18,PROD-033,2026-08-02 08:35:00,2026-08-02 20:05:00,24,23,19.65434782608696,23.09,0,Seco,Seco,Santa Cruz,False,True
VIA-00083,ORD-2026-04808,CAM-29,PROD-038,2026-08-12 06:22:00,2026-08-12 17:52:00,24,24,19.725833333333334,23.02,0,Seco,Seco,Santa Cruz,False,True
VIA-00084,ORD-2026-05859,CAM-05,PROD-039,2026-08-11 11:18:00,2026-08-11 22:48:00,24,24,19.858333333333334,23.72,0,Seco,Seco,Cochabamba,False,True
VIA-00085,ORD-2026-02404,CAM-19,PROD-056,2026-08-12 18:55:00,2026-08-13 06:25:00,24,24,4.103750000000001,5.61,0,Fresco,Refrigerado,Tarija,False,True
VIA-00086,ORD-2026-06526,CAM-20,PROD-054,2026-08-10 16:45:00,2026-08-11 04:15:00,24,24,-16.334166666666665,-8.53,5,Congelado,Refrigerado,Oruro,True,True
VIA-00087,ORD-2026-01006,CAM-28,PROD-056,2026-08-25 10:00:00,2026-08-25 21:30:00,24,24,5.457083333333333,11.26,7,Fresco,Refrigerado,La Paz,True,True
VIA-00088,ORD-2026-06561,CAM-18,PROD-014,2026-08-12 04:18:00,2026-08-12 15:48:00,24,24,20.654166666666665,24.5,0,Seco,Seco,Santa Cruz,False,True
VIA-00089,ORD-2026-02131,CAM-15,PROD-047,2026-08-27 02:02:00,2026-08-27 13:32:00,24,24,3.6558333333333333,5.06,0,Fresco,Refrigerado,La Paz,False,True
VIA-00090,ORD-2026-03691,CAM-08,PROD-060,2026-08-27 13:45:00,2026-08-28 01:15:00,24,24,-18.097083333333334,-16.55,0,Congelado,Refrigerado,Santa Cruz,False,True
VIA-00091,ORD-2026-05940,CAM-26,PROD-053,2026-08-20 08:52:00,2026-08-20 19:52:00,23,23,4.046956521739131,5.17,0,Fresco,Refrigerado,Tarija,False,True
VIA-00092,ORD-2026-01125,CAM-28,PROD-060,2026-08-19 00:38:00,2026-08-19 12:08:00,24,24,-17.955000000000002,-16.21,1,Congelado,Refrigerado,La Paz,True,True
VIA-00093,ORD-2026-05418,CAM-24,PROD-021,2026-08-20 16:43:00,2026-08-21 04:13:00,24,24,4.05875,5.37,0,Fresco,Refrigerado,Oruro,False,True
VIA-00094,ORD-2026-00303,CAM-08,PROD-060,2026-08-25 00:21:00,2026-08-25 11:51:00,24,24,-17.986250000000002,-15.96,1,Congelado,Refrigerado,Santa Cruz,True,True
VIA-00095,ORD-2026-02555,CAM-11,PROD-036,2026-08-27 09:01:00,2026-08-27 20:31:00,24,0,,,0,Fresco,Refrigerado,Cochabamba,False,False
VIA-00096,ORD-2026-03275,CAM-24,PROD-041,2026-08-18 01:29:00,2026-08-18 12:59:00,24,24,-18.02875,-17.0,0,Congelado,Refrigerado,Oruro,False,True
VIA-00097,ORD-2026-07145,CAM-20,PROD-054,2026-08-17 08:43:00,2026-08-17 20:13:00,24,24,-17.903333333333332,-16.61,0,Congelado,Refrigerado,Oruro,False,True
VIA-00098,ORD-2026-01622,CAM-20,PROD-009,2026-08-26 12:25:00,2026-08-26 23:55:00,24,23,4.122608695652174,5.96,0,Fresco,Refrigerado,Oruro,False,True
VIA-00099,ORD-2026-03689,CAM-25,PROD-050,2026-08-16 04:23:00,2026-08-16 15:53:00,24,23,19.760434782608694,22.91,0,Seco,Refrigerado,Cochabamba,False,True
VIA-00100,ORD-2026-03979,CAM-26,PROD-044,2026-08-05 17:01:00,2026-08-06 04:31:00,24,24,3.973333333333333,6.01,1,Fresco,Refrigerado,Tarija,True,True
VIA-00101,ORD-2026-04951,CAM-12,PROD-029,2026-08-22 14:34:00,2026-08-23 02:04:00,24,24,19.757083333333334,24.14,0,Seco,Seco,La Paz,False,True
VIA-00102,ORD-2026-01213,CAM-07,PROD-002,2026-08-15 16:02:00,2026-08-16 03:32:00,24,24,20.114166666666666,23.76,0,Seco,Seco,La Paz,False,True
VIA-00103,ORD-2026-03162,CAM-28,PROD-008,2026-08-18 13:03:00,2026-08-19 00:33:00,24,24,-16.41,-9.38,5,Congelado,Refrigerado,La Paz,True,True
VIA-00104,ORD-2026-01190,CAM-08,PROD-053,2026-08-30 01:28:00,2026-08-30 12:58:00,24,24,4.289583333333334,6.55,1,Fresco,Refrigerado,Santa Cruz,True,True
VIA-00105,ORD-2026-04359,CAM-01,PROD-034,2026-08-05 13:43:00,2026-08-06 01:13:00,24,24,3.827083333333333,6.29,1,Fresco,Refrigerado,Cochabamba,True,True
VIA-00106,ORD-2026-00879,CAM-16,PROD-018,2026-08-27 16:17:00,2026-08-28 03:47:00,24,0,,,0,Seco,Seco,Oruro,False,False
VIA-00107,ORD-2026-06376,CAM-08,PROD-025,2026-08-19 14:05:00,2026-08-20 01:35:00,24,24,-17.995416666666667,-16.24,0,Congelado,Refrigerado,Santa Cruz,False,True
VIA-00108,ORD-2026-04673,CAM-08,PROD-049,2026-08-30 23:41:00,2026-08-31 11:11:00,24,0,,,0,Fresco,Refrigerado,Santa Cruz,False,False
VIA-00109,ORD-2026-06621,CAM-18,PROD-005,2026-08-08 18:28:00,2026-08-09 05:58:00,24,24,20.16175925925926,23.21,0,Seco,Seco,Santa Cruz,False,True
VIA-00110,ORD-2026-03079,CAM-28,PROD-015,2026-08-15 04:14:00,2026-08-15 15:44:00,24,24,4.095416666666667,5.72,0,Fresco,Refrigerado,La Paz,False,True
VIA-00111,ORD-2026-06314,CAM-10,PROD-008,2026-08-10 14:31:00,2026-08-11 02:01:00,24,24,-17.91875,-16.49,0,Congelado,Refrigerado,La Paz,False,True
VIA-00112,ORD-2026-04045,CAM-25,PROD-056,2026-08-01 09:35:00,2026-08-01 21:05:00,24,24,5.3308333333333335,12.1,5,Fresco,Refrigerado,Cochabamba,True,True
VIA-00113,ORD-2026-01339,CAM-20,PROD-036,2026-08-25 03:06:00,2026-08-25 14:36:00,24,0,,,0,Fresco,Refrigerado,Oruro,False,False
VIA-00114,ORD-2026-05224,CAM-08,PROD-001,2026-08-21 00:50:00,2026-08-21 12:20:00,24,24,4.209583333333334,5.89,0,Fresco,Refrigerado,Santa Cruz,False,True
VIA-00115,ORD-2026-01736,CAM-10,PROD-003,2026-08-12 12:44:00,2026-08-13 00:14:00,24,24,20.365,24.33,0,Seco,Refrigerado,La Paz,False,True
VIA-00116,ORD-2026-06106,CAM-03,PROD-019,2026-08-22 15:22:00,2026-08-23 02:52:00,24,24,20.289583333333333,24.0,0,Seco,Seco,Oruro,False,True
VIA-00117,ORD-2026-00035,CAM-26,PROD-036,2026-08-04 02:19:00,2026-08-04 13:49:00,24,0,,,0,Fresco,Refrigerado,Tarija,False,False
VIA-00118,ORD-2026-02737,CAM-23,PROD-014,2026-08-18 06:04:00,2026-08-18 17:34:00,24,24,19.92657407407407,23.78,0,Seco,Seco,Santa Cruz,False,True
VIA-00119,ORD-2026-02312,CAM-26,PROD-053,2026-08-23 01:30:00,2026-08-23 13:00:00,24,24,4.001666666666666,5.66,0,Fresco,Refrigerado,Tarija,False,True
VIA-00120,ORD-2026-05757,CAM-22,PROD-011,2026-08-26 02:41:00,2026-08-26 14:11:00,24,24,-17.80125,-16.96,0,Congelado,Refrigerado,Cochabamba,False,True
VIA-00121,ORD-2026-06281,CAM-27,PROD-015,2026-08-05 10:06:00,2026-08-05 21:36:00,24,24,4.1325,5.79,0,Fresco,Refrigerado,Cochabamba,False,True
VIA-00122,ORD-2026-04337,CAM-04,PROD-039,2026-08-23 11:16:00,2026-08-23 22:46:00,23,23,20.017391304347825,22.97,0,Seco,Seco,La Paz,False,True
VIA-00123,ORD-2026-03892,CAM-10,PROD-054,2026-08-03 20:47:00,2026-08-04 08:17:00,24,24,-18.18166666666667,-17.0,0,Congelado,Refrigerado,La Paz,False,True
VIA-00124,ORD-2026-03143,CAM-18,PROD-029,2026-08-19 10:56:00,2026-08-19 22:26:00,23,23,20.08608695652174,23.12,0,Seco,Seco,Santa Cruz,False,True
VIA-00125,ORD-2026-07330,CAM-19,PROD-010,2026-08-22 21:53:00,2026-08-23 09:23:00,24,23,20.020869565217392,24.26,0,Seco,Refrigerado,Tarija,False,True
VIA-00126,ORD-2026-00648,CAM-20,PROD-036,2026-08-10 03:46:00,2026-08-10 15:16:00,24,0,,,0,Fresco,Refrigerado,Oruro,False,False
VIA-00127,ORD-2026-03218,CAM-04,PROD-003,2026-08-12 01:43:00,2026-08-12 13:13:00,24,24,19.995833333333334,22.03,0,Seco,Seco,La Paz,False,True
VIA-00128,ORD-2026-02317,CAM-06,PROD-019,2026-08-20 10:33:00,2026-08-20 22:03:00,24,23,21.035217391304347,24.4,0,Seco,Seco,Cochabamba,False,True
VIA-00129,ORD-2026-02055,CAM-29,PROD-039,2026-08-20 19:28:00,2026-08-21 06:58:00,24,24,20.441666666666666,23.27,0,Seco,Seco,Santa Cruz,False,True
VIA-00130,ORD-2026-06615,CAM-10,PROD-010,2026-08-18 12:16:00,2026-08-18 23:46:00,24,24,19.722916666666666,21.94,0,Seco,Refrigerado,La Paz,False,True
VIA-00131,ORD-2026-00304,CAM-02,PROD-058,2026-08-17 13:18:00,2026-08-18 00:48:00,24,24,-17.909583333333334,-16.62,0,Congelado,Refrigerado,Cochabamba,False,True
VIA-00132,ORD-2026-01329,CAM-24,PROD-060,2026-08-26 12:15:00,2026-08-26 23:45:00,24,24,-18.310833333333335,-16.85,0,Congelado,Refrigerado,Oruro,False,True
VIA-00133,ORD-2026-02602,CAM-01,PROD-011,2026-08-27 22:01:00,2026-08-28 09:31:00,24,24,-17.875,-16.18,0,Congelado,Refrigerado,Cochabamba,False,True
VIA-00134,ORD-2026-00288,CAM-04,PROD-030,2026-08-06 12:08:00,2026-08-06 23:38:00,24,24,20.552916666666665,23.74,0,Seco,Seco,La Paz,False,True
VIA-00135,ORD-2026-02724,CAM-12,PROD-010,2026-08-04 08:56:00,2026-08-04 20:26:00,24,24,20.315,23.86,0,Seco,Seco,La Paz,False,True
VIA-00136,ORD-2026-03524,CAM-05,PROD-052,2026-08-15 16:45:00,2026-08-16 04:15:00,24,24,5.07,11.14,5,Fresco,Seco,Cochabamba,True,True
VIA-00137,ORD-2026-06375,CAM-08,PROD-054,2026-08-29 13:29:00,2026-08-30 00:59:00,24,23,-17.95695652173913,-16.79,0,Congelado,Refrigerado,Santa Cruz,False,True
VIA-00138,ORD-2026-05332,CAM-25,PROD-060,2026-08-28 12:27:00,2026-08-28 23:57:00,23,22,-17.632727272727273,-15.97,1,Congelado,Refrigerado,Cochabamba,True,True
VIA-00139,ORD-2026-02761,CAM-23,PROD-002,2026-08-09 06:20:00,2026-08-09 17:50:00,24,24,19.936666666666667,22.23,0,Seco,Seco,Santa Cruz,False,True
VIA-00140,ORD-2026-03911,CAM-15,PROD-027,2026-08-15 20:23:00,2026-08-16 07:53:00,23,23,3.962173913043478,5.08,0,Fresco,Refrigerado,La Paz,False,True
VIA-00141,ORD-2026-04098,CAM-17,PROD-006,2026-08-09 19:10:00,2026-08-10 06:40:00,24,24,21.426666666666666,29.18,4,Seco,Seco,Cochabamba,True,True
VIA-00142,ORD-2026-04235,CAM-06,PROD-017,2026-08-15 18:56:00,2026-08-16 06:26:00,24,24,20.032083333333333,24.12,0,Seco,Seco,Cochabamba,False,True
VIA-00143,ORD-2026-01542,CAM-19,PROD-047,2026-08-11 05:01:00,2026-08-11 16:31:00,24,23,4.026859903381642,5.15,0,Fresco,Refrigerado,Tarija,False,True
VIA-00144,ORD-2026-05021,CAM-19,PROD-026,2026-08-02 17:20:00,2026-08-03 04:50:00,24,0,,,0,Fresco,Refrigerado,Tarija,False,False
VIA-00145,ORD-2026-05825,CAM-10,PROD-058,2026-08-29 17:24:00,2026-08-30 04:54:00,24,24,-18.05666666666667,-16.55,0,Congelado,Refrigerado,La Paz,False,True
VIA-00146,ORD-2026-03574,CAM-01,PROD-027,2026-08-03 03:40:00,2026-08-03 15:10:00,24,24,5.049166666666667,9.98,5,Fresco,Refrigerado,Cochabamba,True,True
VIA-00147,ORD-2026-01449,CAM-18,PROD-051,2026-08-19 06:23:00,2026-08-19 17:53:00,24,24,-16.618750000000002,-9.98,6,Congelado,Seco,Santa Cruz,True,True
VIA-00148,ORD-2026-03475,CAM-01,PROD-054,2026-08-30 22:08:00,2026-08-31 09:38:00,24,24,-17.889583333333334,-15.74,1,Congelado,Refrigerado,Cochabamba,True,True
VIA-00149,ORD-2026-04856,CAM-21,PROD-010,2026-08-26 02:43:00,2026-08-26 14:13:00,24,24,20.543333333333333,24.07,0,Seco,Seco,Tarija,False,True
VIA-00150,ORD-2026-03436,CAM-01,PROD-027,2026-08-30 23:23:00,2026-08-31 10:53:00,24,24,3.9233333333333333,5.2,0,Fresco,Refrigerado,Cochabamba,False,True
VIA-00151,ORD-2026-05731,CAM-23,PROD-048,2026-08-29 11:50:00,2026-08-29 23:20:00,23,23,19.655652173913044,22.93,0,Seco,Seco,Santa Cruz,False,True
VIA-00152,ORD-2026-04502,CAM-04,PROD-024,2026-08-14 21:00:00,2026-08-15 08:30:00,24,24,20.195,23.71,0,Seco,Seco,La Paz,False,True
VIA-00153,ORD-2026-06607,CAM-21,PROD-020,2026-08-17 18:17:00,2026-08-18 05:47:00,24,24,19.480416666666667,23.24,0,Seco,Seco,Tarija,False,True
VIA-00154,ORD-2026-03115,CAM-25,PROD-021,2026-08-17 01:42:00,2026-08-17 13:12:00,24,24,4.225833333333333,5.41,0,Fresco,Refrigerado,Cochabamba,False,True
VIA-00155,ORD-2026-01047,CAM-02,PROD-036,2026-08-14 06:06:00,2026-08-14 17:36:00,24,0,,,0,Fresco,Refrigerado,Cochabamba,False,False
VIA-00156,ORD-2026-03050,CAM-07,PROD-018,2026-08-16 22:11:00,2026-08-17 09:41:00,24,0,,,0,Seco,Seco,La Paz,False,False
VIA-00157,ORD-2026-04133,CAM-20,PROD-014,2026-08-20 00:07:00,2026-08-20 11:37:00,24,24,20.12,22.52,0,Seco,Refrigerado,Oruro,False,True
VIA-00158,ORD-2026-02916,CAM-10,PROD-056,2026-08-26 10:03:00,2026-08-26 21:33:00,24,24,3.81875,5.24,0,Fresco,Refrigerado,La Paz,False,True
VIA-00159,ORD-2026-06805,CAM-10,PROD-011,2026-08-26 22:23:00,2026-08-27 09:53:00,24,24,-18.14375,-16.87,1,Congelado,Refrigerado,La Paz,True,True
VIA-00160,ORD-2026-00256,CAM-10,PROD-058,2026-08-27 02:11:00,2026-08-27 13:41:00,24,24,-17.803333333333335,-16.62,0,Congelado,Refrigerado,La Paz,False,True
VIA-00161,ORD-2026-04208,CAM-11,PROD-009,2026-08-27 23:59:00,2026-08-28 11:29:00,24,24,3.9766666666666666,5.48,0,Fresco,Refrigerado,Cochabamba,False,True
VIA-00162,ORD-2026-04629,CAM-26,PROD-034,2026-08-15 03:38:00,2026-08-15 15:08:00,24,24,5.3687499999999995,10.92,5,Fresco,Refrigerado,Tarija,True,True
VIA-00163,ORD-2026-03377,CAM-29,PROD-024,2026-08-14 01:17:00,2026-08-14 12:47:00,24,24,19.822916666666668,22.67,0,Seco,Seco,Santa Cruz,False,True
VIA-00164,ORD-2026-03533,CAM-21,PROD-018,2026-08-03 14:26:00,2026-08-04 01:56:00,24,0,,,0,Seco,Seco,Tarija,False,False
VIA-00165,ORD-2026-02832,CAM-26,PROD-052,2026-08-15 23:36:00,2026-08-16 11:06:00,24,24,3.8525000000000005,5.19,0,Fresco,Refrigerado,Tarija,False,True
VIA-00166,ORD-2026-03905,CAM-24,PROD-026,2026-08-21 21:24:00,2026-08-22 08:54:00,24,0,,,0,Fresco,Refrigerado,Oruro,False,False
VIA-00167,ORD-2026-02363,CAM-19,PROD-044,2026-08-11 06:21:00,2026-08-11 17:51:00,24,24,5.126666666666667,10.83,6,Fresco,Refrigerado,Tarija,True,True
VIA-00168,ORD-2026-03448,CAM-19,PROD-020,2026-08-08 14:20:00,2026-08-09 01:50:00,24,23,20.51695652173913,25.48,1,Seco,Refrigerado,Tarija,True,True
VIA-00169,ORD-2026-00526,CAM-21,PROD-004,2026-08-28 22:54:00,2026-08-29 10:24:00,24,24,3.9637499999999997,5.29,0,Fresco,Seco,Tarija,False,True
VIA-00170,ORD-2026-04828,CAM-01,PROD-045,2026-08-03 09:07:00,2026-08-03 20:37:00,22,22,3.989949494949495,5.91,1,Fresco,Refrigerado,Cochabamba,True,True
VIA-00171,ORD-2026-04015,CAM-03,PROD-018,2026-08-21 12:25:00,2026-08-21 23:55:00,23,0,,,0,Seco,Seco,Oruro,False,False
VIA-00172,ORD-2026-01268,CAM-20,PROD-048,2026-08-01 23:08:00,2026-08-02 10:38:00,24,24,19.955416666666668,23.61,0,Seco,Refrigerado,Oruro,False,True
VIA-00173,ORD-2026-01975,CAM-10,PROD-060,2026-08-18 09:02:00,2026-08-18 20:32:00,24,24,-17.9875,-16.78,0,Congelado,Refrigerado,La Paz,False,True
VIA-00174,ORD-2026-06635,CAM-26,PROD-040,2026-08-28 23:20:00,2026-08-29 10:50:00,24,24,20.215416666666666,24.79,0,Seco,Refrigerado,Tarija,False,True
VIA-00175,ORD-2026-07412,CAM-29,PROD-029,2026-08-08 09:10:00,2026-08-08 20:40:00,24,24,21.33666666666667,28.97,4,Seco,Seco,Santa Cruz,True,True
VIA-00176,ORD-2026-06782,CAM-08,PROD-056,2026-08-10 11:36:00,2026-08-10 23:06:00,24,24,3.8920833333333333,5.33,0,Fresco,Refrigerado,Santa Cruz,False,True
VIA-00177,ORD-2026-00465,CAM-01,PROD-045,2026-08-30 02:52:00,2026-08-30 14:22:00,24,24,3.6766666666666663,5.47,0,Fresco,Refrigerado,Cochabamba,False,True
VIA-00178,ORD-2026-02265,CAM-19,PROD-045,2026-08-02 16:18:00,2026-08-03 03:48:00,24,24,5.13,11.77,5,Fresco,Refrigerado,Tarija,True,True
VIA-00179,ORD-2026-03426,CAM-26,PROD-002,2026-08-26 01:00:00,2026-08-26 12:30:00,24,24,19.834583333333335,22.5,0,Seco,Refrigerado,Tarija,False,True
VIA-00180,ORD-2026-03116,CAM-28,PROD-032,2026-08-25 21:31:00,2026-08-26 09:01:00,24,24,20.461666666666666,24.12,0,Seco,Refrigerado,La Paz,False,True
VIA-00181,ORD-2026-05921,CAM-19,PROD-026,2026-08-23 10:15:00,2026-08-23 21:45:00,24,0,,,0,Fresco,Refrigerado,Tarija,False,False
VIA-00182,ORD-2026-05410,CAM-23,PROD-030,2026-08-05 00:27:00,2026-08-05 11:57:00,24,24,20.219166666666666,22.8,0,Seco,Seco,Santa Cruz,False,True
VIA-00183,ORD-2026-03266,CAM-26,PROD-048,2026-08-16 06:08:00,2026-08-16 17:38:00,24,24,20.34208333333333,23.8,0,Seco,Refrigerado,Tarija,False,True
VIA-00184,ORD-2026-02963,CAM-19,PROD-008,2026-08-21 11:21:00,2026-08-21 22:51:00,24,24,-18.324583333333333,-16.74,1,Congelado,Refrigerado,Tarija,True,True
VIA-00185,ORD-2026-00226,CAM-15,PROD-017,2026-08-22 04:54:00,2026-08-22 16:24:00,24,24,20.187083333333334,24.32,0,Seco,Refrigerado,La Paz,False,True
VIA-00186,ORD-2026-06652,CAM-11,PROD-034,2026-08-17 08:06:00,2026-08-17 19:36:00,24,24,3.7745833333333336,6.25,1,Fresco,Refrigerado,Cochabamba,True,True
VIA-00187,ORD-2026-00527,CAM-20,PROD-060,2026-08-06 17:52:00,2026-08-07 05:22:00,24,24,-17.993333333333336,-16.94,0,Congelado,Refrigerado,Oruro,False,True
VIA-00188,ORD-2026-00183,CAM-12,PROD-020,2026-08-12 23:35:00,2026-08-13 11:05:00,24,24,20.00583333333333,24.23,0,Seco,Seco,La Paz,False,True
VIA-00189,ORD-2026-05623,CAM-10,PROD-020,2026-08-24 15:01:00,2026-08-25 02:31:00,24,24,19.8175,23.34,0,Seco,Refrigerado,La Paz,False,True
VIA-00190,ORD-2026-07185,CAM-28,PROD-051,2026-08-14 22:33:00,2026-08-15 09:33:00,23,23,-17.763478260869565,-16.17,0,Congelado,Refrigerado,La Paz,False,True
VIA-00191,ORD-2026-06851,CAM-21,PROD-003,2026-08-15 19:03:00,2026-08-16 06:33:00,24,24,19.46708333333333,22.9,1,Seco,Seco,Tarija,True,True
VIA-00192,ORD-2026-05621,CAM-11,PROD-004,2026-08-23 01:30:00,2026-08-23 13:00:00,24,22,3.9068181818181817,5.56,0,Fresco,Refrigerado,Cochabamba,False,True
VIA-00193,ORD-2026-02501,CAM-19,PROD-015,2026-08-26 09:37:00,2026-08-26 21:07:00,24,24,4.165,5.85,0,Fresco,Refrigerado,Tarija,False,True
VIA-00194,ORD-2026-06568,CAM-16,PROD-030,2026-08-18 03:41:00,2026-08-18 15:11:00,24,24,20.03375,24.37,0,Seco,Seco,Oruro,False,True
VIA-00195,ORD-2026-01977,CAM-26,PROD-011,2026-08-23 23:43:00,2026-08-24 11:13:00,24,23,-17.871304347826086,-16.81,0,Congelado,Refrigerado,Tarija,False,True
VIA-00196,ORD-2026-04174,CAM-19,PROD-044,2026-08-15 02:22:00,2026-08-15 13:52:00,24,24,5.287916666666667,11.35,5,Fresco,Refrigerado,Tarija,True,True
VIA-00197,ORD-2026-01303,CAM-19,PROD-005,2026-08-19 14:00:00,2026-08-20 01:30:00,24,24,19.822083333333335,23.78,0,Seco,Refrigerado,Tarija,False,True
VIA-00198,ORD-2026-04043,CAM-08,PROD-008,2026-08-22 19:50:00,2026-08-23 07:20:00,24,24,-18.298333333333332,-17.24,1,Congelado,Refrigerado,Santa Cruz,True,True
VIA-00199,ORD-2026-04716,CAM-28,PROD-012,2026-08-26 12:48:00,2026-08-27 00:18:00,23,23,20.02130434782609,22.72,0,Seco,Refrigerado,La Paz,False,True
VIA-00200,ORD-2026-05012,CAM-04,PROD-012,2026-08-09 08:20:00,2026-08-09 19:50:00,24,24,20.33791666666667,24.3,0,Seco,Seco,La Paz,False,True
VIA-00201,ORD-2026-02866,CAM-29,PROD-033,2026-08-15 14:43:00,2026-08-16 02:13:00,24,24,19.354166666666668,23.84,0,Seco,Seco,Santa Cruz,False,True
VIA-00202,ORD-2026-05095,CAM-30,PROD-018,2026-08-14 08:36:00,2026-08-14 20:06:00,24,0,,,0,Seco,Seco,Cochabamba,False,False
VIA-00203,ORD-2026-00758,CAM-20,PROD-051,2026-08-17 15:42:00,2026-08-18 03:12:00,24,24,-16.214166666666667,-9.53,5,Congelado,Refrigerado,Oruro,True,True
VIA-00204,ORD-2026-02080,CAM-17,PROD-057,2026-08-28 15:50:00,2026-08-29 03:20:00,24,24,19.44625,23.65,0,Seco,Seco,Cochabamba,False,True
VIA-00205,ORD-2026-02007,CAM-08,PROD-045,2026-08-24 20:12:00,2026-08-25 07:42:00,24,24,4.159583333333333,5.8,0,Fresco,Refrigerado,Santa Cruz,False,True
VIA-00206,ORD-2026-06996,CAM-26,PROD-042,2026-08-26 13:10:00,2026-08-27 00:40:00,24,24,19.707083333333333,22.33,0,Seco,Refrigerado,Tarija,False,True
VIA-00207,ORD-2026-03553,CAM-10,PROD-033,2026-08-03 18:34:00,2026-08-04 06:04:00,24,24,20.267083333333332,23.11,0,Seco,Refrigerado,La Paz,False,True
VIA-00208,ORD-2026-00038,CAM-10,PROD-050,2026-08-03 17:46:00,2026-08-04 05:16:00,24,24,20.285833333333333,24.15,0,Seco,Refrigerado,La Paz,False,True
VIA-00209,ORD-2026-05108,CAM-11,PROD-008,2026-08-26 16:06:00,2026-08-27 03:36:00,24,24,-16.11375,-9.32,6,Congelado,Refrigerado,Cochabamba,True,True
VIA-00210,ORD-2026-02966,CAM-15,PROD-037,2026-08-03 00:37:00,2026-08-03 12:07:00,24,24,3.7816666666666663,5.29,0,Fresco,Refrigerado,La Paz,False,True
VIA-00211,ORD-2026-00598,CAM-08,PROD-038,2026-08-02 01:10:00,2026-08-02 12:40:00,23,23,20.726473429951692,25.71,2,Seco,Refrigerado,Santa Cruz,True,True
VIA-00212,ORD-2026-05343,CAM-26,PROD-008,2026-08-28 00:49:00,2026-08-28 12:19:00,24,24,-16.519166666666667,-9.48,5,Congelado,Refrigerado,Tarija,True,True
VIA-00213,ORD-2026-02882,CAM-01,PROD-037,2026-08-20 11:49:00,2026-08-20 23:19:00,24,24,3.8395833333333336,5.45,1,Fresco,Refrigerado,Cochabamba,True,True
VIA-00214,ORD-2026-00997,CAM-08,PROD-047,2026-08-02 10:52:00,2026-08-02 21:52:00,23,23,5.590434782608696,10.89,5,Fresco,Refrigerado,Santa Cruz,True,True
VIA-00215,ORD-2026-04895,CAM-30,PROD-029,2026-08-25 23:14:00,2026-08-26 10:44:00,24,24,20.42833333333333,24.28,0,Seco,Seco,Cochabamba,False,True
VIA-00216,ORD-2026-00969,CAM-08,PROD-060,2026-08-18 13:10:00,2026-08-19 00:10:00,23,23,-17.902608695652173,-16.14,0,Congelado,Refrigerado,Santa Cruz,False,True
VIA-00217,ORD-2026-05269,CAM-28,PROD-036,2026-08-12 12:57:00,2026-08-13 00:27:00,24,0,,,0,Fresco,Refrigerado,La Paz,False,False
VIA-00218,ORD-2026-05490,CAM-17,PROD-059,2026-08-26 07:10:00,2026-08-26 18:40:00,23,23,20.150434782608695,23.81,0,Seco,Seco,Cochabamba,False,True
VIA-00219,ORD-2026-04699,CAM-19,PROD-029,2026-08-30 19:25:00,2026-08-31 06:55:00,24,23,19.941739130434783,24.09,0,Seco,Refrigerado,Tarija,False,True
VIA-00220,ORD-2026-02627,CAM-19,PROD-044,2026-08-15 23:10:00,2026-08-16 10:40:00,24,24,4.145833333333333,5.65,0,Fresco,Refrigerado,Tarija,False,True
VIA-00221,ORD-2026-07012,CAM-25,PROD-027,2026-08-25 22:19:00,2026-08-26 09:49:00,24,24,3.9741666666666666,6.31,1,Fresco,Refrigerado,Cochabamba,True,True
VIA-00222,ORD-2026-02741,CAM-15,PROD-008,2026-08-30 00:18:00,2026-08-30 11:48:00,23,23,-16.536521739130432,-9.27,4,Congelado,Refrigerado,La Paz,True,True
VIA-00223,ORD-2026-00607,CAM-24,PROD-029,2026-08-21 06:57:00,2026-08-21 18:27:00,24,24,20.1125,24.26,0,Seco,Refrigerado,Oruro,False,True
VIA-00224,ORD-2026-04902,CAM-04,PROD-006,2026-08-21 17:03:00,2026-08-22 04:33:00,23,23,20.28487922705314,23.89,0,Seco,Seco,La Paz,False,True
VIA-00225,ORD-2026-02834,CAM-08,PROD-008,2026-08-27 06:49:00,2026-08-27 18:19:00,24,24,-16.15625,-8.53,5,Congelado,Refrigerado,Santa Cruz,True,True
VIA-00226,ORD-2026-01830,CAM-19,PROD-012,2026-08-09 07:31:00,2026-08-09 19:01:00,24,24,20.0225,22.78,0,Seco,Refrigerado,Tarija,False,True
VIA-00227,ORD-2026-03850,CAM-18,PROD-033,2026-08-20 23:11:00,2026-08-21 10:41:00,24,24,20.162499999999998,24.17,0,Seco,Seco,Santa Cruz,False,True
VIA-00228,ORD-2026-02255,CAM-16,PROD-048,2026-08-08 04:34:00,2026-08-08 16:04:00,24,24,20.11,25.9,1,Seco,Seco,Oruro,True,True
VIA-00229,ORD-2026-00003,CAM-10,PROD-042,2026-08-15 13:31:00,2026-08-16 01:01:00,24,24,21.36916666666667,28.19,4,Seco,Refrigerado,La Paz,True,True
VIA-00230,ORD-2026-02760,CAM-08,PROD-021,2026-08-14 21:12:00,2026-08-15 08:42:00,24,24,3.6420833333333333,4.98,0,Fresco,Refrigerado,Santa Cruz,False,True
VIA-00231,ORD-2026-05463,CAM-08,PROD-052,2026-08-02 20:27:00,2026-08-03 07:57:00,24,24,5.1775,10.29,5,Fresco,Refrigerado,Santa Cruz,True,True
VIA-00232,ORD-2026-07026,CAM-20,PROD-015,2026-08-09 06:10:00,2026-08-09 17:40:00,24,24,3.9595833333333332,5.6,0,Fresco,Refrigerado,Oruro,False,True
VIA-00233,ORD-2026-01760,CAM-03,PROD-033,2026-08-21 17:10:00,2026-08-22 04:40:00,24,24,20.019583333333333,25.36,1,Seco,Seco,Oruro,True,True
VIA-00234,ORD-2026-01178,CAM-03,PROD-010,2026-08-17 20:25:00,2026-08-18 07:55:00,24,23,20.019130434782607,22.24,0,Seco,Seco,Oruro,False,True
VIA-00235,ORD-2026-04152,CAM-10,PROD-035,2026-08-23 16:03:00,2026-08-24 03:33:00,24,23,-17.95695652173913,-16.58,0,Congelado,Refrigerado,La Paz,False,True
VIA-00236,ORD-2026-03207,CAM-29,PROD-050,2026-08-10 11:07:00,2026-08-10 22:37:00,24,24,20.016666666666666,23.44,0,Seco,Seco,Santa Cruz,False,True
VIA-00237,ORD-2026-06603,CAM-08,PROD-022,2026-08-01 09:41:00,2026-08-01 21:11:00,24,24,3.8541666666666665,5.58,0,Fresco,Refrigerado,Santa Cruz,False,True
VIA-00238,ORD-2026-03895,CAM-15,PROD-002,2026-08-02 10:06:00,2026-08-02 21:36:00,24,24,20.284166666666668,24.42,0,Seco,Refrigerado,La Paz,False,True
VIA-00239,ORD-2026-02539,CAM-10,PROD-031,2026-08-25 15:11:00,2026-08-26 02:41:00,24,24,19.14449074074074,23.2,0,Seco,Refrigerado,La Paz,False,True
VIA-00240,ORD-2026-03749,CAM-25,PROD-057,2026-08-12 07:08:00,2026-08-12 18:38:00,24,24,19.921666666666667,22.92,0,Seco,Refrigerado,Cochabamba,False,True
VIA-00241,ORD-2026-04952,CAM-26,PROD-051,2026-08-16 03:13:00,2026-08-16 14:43:00,24,24,-16.25125,-8.93,5,Congelado,Refrigerado,Tarija,True,True
VIA-00242,ORD-2026-04829,CAM-27,PROD-004,2026-08-18 16:53:00,2026-08-19 04:23:00,24,24,3.9566666666666666,5.32,0,Fresco,Refrigerado,Cochabamba,False,True
VIA-00243,ORD-2026-02147,CAM-24,PROD-058,2026-08-11 22:06:00,2026-08-12 09:36:00,23,23,-17.999565217391304,-16.08,0,Congelado,Refrigerado,Oruro,False,True
VIA-00244,ORD-2026-06776,CAM-08,PROD-027,2026-08-20 09:23:00,2026-08-20 20:23:00,23,23,5.398260869565218,11.11,5,Fresco,Refrigerado,Santa Cruz,True,True
VIA-00245,ORD-2026-01902,CAM-24,PROD-009,2026-08-10 02:29:00,2026-08-10 13:59:00,24,24,3.90875,4.71,0,Fresco,Refrigerado,Oruro,False,True
VIA-00246,ORD-2026-06536,CAM-24,PROD-038,2026-08-10 20:14:00,2026-08-11 07:44:00,24,24,20.15625,26.2,1,Seco,Refrigerado,Oruro,True,True
VIA-00247,ORD-2026-07425,CAM-01,PROD-048,2026-08-24 07:27:00,2026-08-24 18:57:00,24,24,19.819166666666664,24.99,0,Seco,Refrigerado,Cochabamba,False,True
VIA-00248,ORD-2026-05947,CAM-11,PROD-047,2026-08-24 23:51:00,2026-08-25 11:21:00,24,24,5.317916666666666,11.79,5,Fresco,Refrigerado,Cochabamba,True,True
VIA-00249,ORD-2026-05604,CAM-08,PROD-025,2026-08-22 01:58:00,2026-08-22 13:28:00,24,24,-18.155416666666667,-16.08,0,Congelado,Refrigerado,Santa Cruz,False,True
VIA-00250,ORD-2026-05054,CAM-20,PROD-049,2026-08-18 22:29:00,2026-08-19 09:59:00,24,0,,,0,Fresco,Refrigerado,Oruro,False,False
VIA-00251,ORD-2026-04720,CAM-19,PROD-045,2026-08-06 09:55:00,2026-08-06 21:25:00,24,24,4.462916666666667,6.0,0,Fresco,Refrigerado,Tarija,False,True
VIA-00252,ORD-2026-06395,CAM-08,PROD-004,2026-08-13 18:52:00,2026-08-14 06:22:00,24,24,5.25375,10.42,5,Fresco,Refrigerado,Santa Cruz,True,True
VIA-00253,ORD-2026-01877,CAM-08,PROD-035,2026-08-14 20:28:00,2026-08-15 07:58:00,24,24,-17.912916666666664,-16.72,0,Congelado,Refrigerado,Santa Cruz,False,True
VIA-00254,ORD-2026-06967,CAM-21,PROD-028,2026-08-10 19:05:00,2026-08-11 06:35:00,24,0,,,0,Seco,Seco,Tarija,False,False
VIA-00255,ORD-2026-07486,CAM-28,PROD-060,2026-08-18 05:47:00,2026-08-18 17:17:00,24,24,-16.436249999999998,-9.49,5,Congelado,Refrigerado,La Paz,True,True
VIA-00256,ORD-2026-02168,CAM-20,PROD-021,2026-08-21 19:16:00,2026-08-22 06:46:00,24,24,4.210416666666666,5.44,0,Fresco,Refrigerado,Oruro,False,True
VIA-00257,ORD-2026-02516,CAM-17,PROD-029,2026-08-12 17:21:00,2026-08-13 04:51:00,24,24,19.951666666666664,22.63,0,Seco,Seco,Cochabamba,False,True
VIA-00258,ORD-2026-04678,CAM-08,PROD-058,2026-08-18 05:54:00,2026-08-18 17:24:00,24,23,-17.800869565217393,-16.61,0,Congelado,Refrigerado,Santa Cruz,False,True
VIA-00259,ORD-2026-04308,CAM-28,PROD-028,2026-08-19 11:10:00,2026-08-19 22:40:00,24,0,,,0,Seco,Refrigerado,La Paz,False,False
VIA-00260,ORD-2026-02932,CAM-30,PROD-002,2026-08-02 21:04:00,2026-08-03 08:34:00,24,24,19.594583333333333,23.51,0,Seco,Seco,Cochabamba,False,True
VIA-00261,ORD-2026-04087,CAM-29,PROD-016,2026-08-17 16:23:00,2026-08-18 03:53:00,24,24,21.2175,28.56,4,Seco,Seco,Santa Cruz,True,True
VIA-00262,ORD-2026-00875,CAM-15,PROD-060,2026-08-12 09:37:00,2026-08-12 21:07:00,24,24,-17.90041666666667,-16.63,0,Congelado,Refrigerado,La Paz,False,True
VIA-00263,ORD-2026-03876,CAM-19,PROD-004,2026-08-13 05:18:00,2026-08-13 16:48:00,24,24,3.9637499999999997,6.19,1,Fresco,Refrigerado,Tarija,True,True
VIA-00264,ORD-2026-04274,CAM-20,PROD-034,2026-08-20 07:24:00,2026-08-20 18:54:00,24,24,3.938333333333333,5.47,0,Fresco,Refrigerado,Oruro,False,True
VIA-00265,ORD-2026-04491,CAM-19,PROD-041,2026-08-26 01:10:00,2026-08-26 12:40:00,24,24,-16.230833333333333,-9.06,5,Congelado,Refrigerado,Tarija,True,True
VIA-00266,ORD-2026-04571,CAM-07,PROD-016,2026-08-25 21:44:00,2026-08-26 09:14:00,24,24,19.507083333333334,22.77,0,Seco,Seco,La Paz,False,True
VIA-00267,ORD-2026-07158,CAM-03,PROD-012,2026-08-13 21:37:00,2026-08-14 09:07:00,23,23,19.838695652173914,23.5,0,Seco,Seco,Oruro,False,True
VIA-00268,ORD-2026-04761,CAM-19,PROD-022,2026-08-14 15:35:00,2026-08-15 03:05:00,24,24,5.439583333333334,10.63,5,Fresco,Refrigerado,Tarija,True,True
VIA-00269,ORD-2026-06539,CAM-05,PROD-029,2026-08-14 20:12:00,2026-08-15 07:42:00,24,24,19.074583333333333,21.93,1,Seco,Seco,Cochabamba,True,True
VIA-00270,ORD-2026-02523,CAM-08,PROD-004,2026-08-17 15:51:00,2026-08-18 03:21:00,24,23,4.270434782608696,5.55,0,Fresco,Refrigerado,Santa Cruz,False,True
VIA-00271,ORD-2026-05775,CAM-05,PROD-050,2026-08-14 18:46:00,2026-08-15 06:16:00,24,24,20.497916666666665,24.59,0,Seco,Seco,Cochabamba,False,True
VIA-00272,ORD-2026-07193,CAM-20,PROD-029,2026-08-25 10:59:00,2026-08-25 22:29:00,24,24,19.19625,22.95,0,Seco,Refrigerado,Oruro,False,True
VIA-00273,ORD-2026-03867,CAM-24,PROD-016,2026-08-06 00:32:00,2026-08-06 12:02:00,24,24,19.305833333333336,21.28,0,Seco,Refrigerado,Oruro,False,True
VIA-00274,ORD-2026-00557,CAM-15,PROD-015,2026-08-21 00:26:00,2026-08-21 11:56:00,24,24,4.918333333333334,11.23,5,Fresco,Refrigerado,La Paz,True,True
VIA-00275,ORD-2026-01887,CAM-23,PROD-039,2026-08-20 22:01:00,2026-08-21 09:31:00,24,24,19.827083333333334,25.4,1,Seco,Seco,Santa Cruz,True,True
VIA-00276,ORD-2026-03962,CAM-23,PROD-048,2026-08-30 13:46:00,2026-08-31 01:16:00,24,24,19.805416666666666,25.54,1,Seco,Seco,Santa Cruz,True,True
VIA-00277,ORD-2026-00433,CAM-04,PROD-033,2026-08-12 16:27:00,2026-08-13 03:57:00,24,24,20.191666666666666,24.42,0,Seco,Seco,La Paz,False,True
VIA-00278,ORD-2026-01224,CAM-24,PROD-014,2026-08-28 04:32:00,2026-08-28 16:02:00,24,24,19.46708333333333,24.4,0,Seco,Refrigerado,Oruro,False,True
VIA-00279,ORD-2026-04390,CAM-26,PROD-057,2026-08-27 19:07:00,2026-08-28 06:37:00,24,24,20.293333333333333,24.62,0,Seco,Refrigerado,Tarija,False,True
VIA-00280,ORD-2026-04135,CAM-15,PROD-049,2026-08-12 04:20:00,2026-08-12 15:50:00,24,0,,,0,Fresco,Refrigerado,La Paz,False,False
VIA-00281,ORD-2026-04086,CAM-19,PROD-004,2026-08-30 20:12:00,2026-08-31 07:42:00,24,24,4.086250000000001,6.39,1,Fresco,Refrigerado,Tarija,True,True
VIA-00282,ORD-2026-02946,CAM-08,PROD-006,2026-08-25 18:34:00,2026-08-26 06:04:00,24,24,20.720833333333335,23.66,0,Seco,Refrigerado,Santa Cruz,False,True
VIA-00283,ORD-2026-01014,CAM-19,PROD-012,2026-08-26 06:44:00,2026-08-26 18:14:00,24,24,20.034166666666668,23.32,0,Seco,Refrigerado,Tarija,False,True
VIA-00284,ORD-2026-06670,CAM-13,PROD-046,2026-08-14 06:45:00,2026-08-14 18:15:00,24,24,20.280833333333334,23.39,0,Seco,Seco,Cochabamba,False,True
VIA-00285,ORD-2026-05247,CAM-02,PROD-047,2026-08-29 21:09:00,2026-08-30 08:39:00,24,24,3.797916666666667,4.91,0,Fresco,Refrigerado,Cochabamba,False,True
VIA-00286,ORD-2026-06037,CAM-08,PROD-001,2026-08-20 22:46:00,2026-08-21 10:16:00,24,24,4.0075,5.28,0,Fresco,Refrigerado,Santa Cruz,False,True
VIA-00287,ORD-2026-03127,CAM-20,PROD-043,2026-08-21 19:12:00,2026-08-22 06:42:00,24,24,-17.86,-16.54,0,Congelado,Refrigerado,Oruro,False,True
VIA-00288,ORD-2026-03956,CAM-26,PROD-021,2026-08-15 01:39:00,2026-08-15 13:09:00,24,24,4.02375,5.14,0,Fresco,Refrigerado,Tarija,False,True
VIA-00289,ORD-2026-01368,CAM-19,PROD-058,2026-08-15 12:08:00,2026-08-15 23:38:00,24,24,-18.07125,-16.21,0,Congelado,Refrigerado,Tarija,False,True
VIA-00290,ORD-2026-04203,CAM-12,PROD-050,2026-08-07 14:08:00,2026-08-08 01:38:00,24,24,19.819166666666668,23.21,0,Seco,Seco,La Paz,False,True
VIA-00291,ORD-2026-05824,CAM-30,PROD-040,2026-08-26 14:50:00,2026-08-27 02:20:00,24,24,19.638749999999998,21.7,0,Seco,Seco,Cochabamba,False,True
VIA-00292,ORD-2026-06913,CAM-01,PROD-058,2026-08-09 13:18:00,2026-08-10 00:48:00,24,24,-17.995,-16.57,0,Congelado,Refrigerado,Cochabamba,False,True
VIA-00293,ORD-2026-01158,CAM-08,PROD-052,2026-08-08 19:35:00,2026-08-09 07:05:00,24,24,3.8841666666666668,5.58,0,Fresco,Refrigerado,Santa Cruz,False,True
VIA-00294,ORD-2026-00716,CAM-02,PROD-011,2026-08-03 08:16:00,2026-08-03 19:46:00,24,24,-18.109166666666667,-16.32,0,Congelado,Refrigerado,Cochabamba,False,True
VIA-00295,ORD-2026-02538,CAM-08,PROD-031,2026-08-30 08:23:00,2026-08-30 19:53:00,24,24,20.513749999999998,25.22,1,Seco,Refrigerado,Santa Cruz,True,True
VIA-00296,ORD-2026-05977,CAM-02,PROD-015,2026-08-24 17:29:00,2026-08-25 04:59:00,24,24,3.82375,5.22,0,Fresco,Refrigerado,Cochabamba,False,True
VIA-00297,ORD-2026-06424,CAM-03,PROD-024,2026-08-11 11:05:00,2026-08-11 22:35:00,24,24,19.638333333333332,24.5,0,Seco,Seco,Oruro,False,True
VIA-00298,ORD-2026-01356,CAM-26,PROD-007,2026-08-21 04:49:00,2026-08-21 16:19:00,24,24,19.889166666666664,23.89,0,Seco,Refrigerado,Tarija,False,True
VIA-00299,ORD-2026-05162,CAM-08,PROD-043,2026-08-12 03:29:00,2026-08-12 14:59:00,24,24,-17.97125,-16.06,0,Congelado,Refrigerado,Santa Cruz,False,True
VIA-00300,ORD-2026-07036,CAM-20,PROD-021,2026-08-20 09:44:00,2026-08-20 21:14:00,24,24,4.05,5.31,0,Fresco,Refrigerado,Oruro,False,True
VIA-00301,ORD-2026-04313,CAM-18,PROD-059,2026-08-28 18:27:00,2026-08-29 05:57:00,24,24,19.555416666666666,22.59,0,Seco,Seco,Santa Cruz,False,True
VIA-00302,ORD-2026-00057,CAM-20,PROD-045,2026-08-26 12:51:00,2026-08-27 00:21:00,23,22,5.107727272727273,10.06,5,Fresco,Refrigerado,Oruro,True,True
VIA-00303,ORD-2026-03846,CAM-02,PROD-044,2026-08-07 02:54:00,2026-08-07 14:24:00,24,24,4.027916666666667,5.42,0,Fresco,Refrigerado,Cochabamba,False,True
VIA-00304,ORD-2026-01458,CAM-19,PROD-045,2026-08-26 23:40:00,2026-08-27 11:10:00,24,24,4.34125,6.01,1,Fresco,Refrigerado,Tarija,True,True
VIA-00305,ORD-2026-02961,CAM-09,PROD-007,2026-08-23 08:01:00,2026-08-23 19:31:00,24,24,20.949166666666667,23.4,0,Seco,Seco,Santa Cruz,False,True
VIA-00306,ORD-2026-06512,CAM-24,PROD-045,2026-08-05 00:12:00,2026-08-05 11:42:00,23,23,3.8995652173913045,5.45,0,Fresco,Refrigerado,Oruro,False,True
VIA-00307,ORD-2026-04702,CAM-02,PROD-043,2026-08-30 23:19:00,2026-08-31 10:49:00,24,24,-18.275,-16.9,1,Congelado,Refrigerado,Cochabamba,True,True
VIA-00308,ORD-2026-02207,CAM-01,PROD-053,2026-08-16 10:21:00,2026-08-16 21:51:00,23,23,4.026521739130435,5.9,1,Fresco,Refrigerado,Cochabamba,True,True
VIA-00309,ORD-2026-07228,CAM-12,PROD-055,2026-08-02 22:57:00,2026-08-03 10:27:00,24,24,19.850416666666664,24.25,0,Seco,Seco,La Paz,False,True
VIA-00310,ORD-2026-04123,CAM-26,PROD-030,2026-08-15 10:16:00,2026-08-15 21:46:00,24,24,19.406666666666666,23.07,1,Seco,Refrigerado,Tarija,True,True
VIA-00311,ORD-2026-02949,CAM-24,PROD-024,2026-08-05 06:28:00,2026-08-05 17:58:00,24,24,20.938750000000002,23.77,0,Seco,Refrigerado,Oruro,False,True
VIA-00312,ORD-2026-02434,CAM-19,PROD-043,2026-08-03 12:00:00,2026-08-03 23:30:00,24,23,-18.028695652173912,-16.86,0,Congelado,Refrigerado,Tarija,False,True
VIA-00313,ORD-2026-02465,CAM-09,PROD-010,2026-08-29 00:21:00,2026-08-29 11:51:00,24,24,19.95625,23.03,0,Seco,Seco,Santa Cruz,False,True
VIA-00314,ORD-2026-06451,CAM-12,PROD-050,2026-08-23 19:19:00,2026-08-24 06:49:00,24,24,19.618333333333332,21.77,0,Seco,Seco,La Paz,False,True
VIA-00315,ORD-2026-01510,CAM-29,PROD-030,2026-08-21 01:17:00,2026-08-21 12:47:00,24,24,20.229166666666668,25.06,1,Seco,Seco,Santa Cruz,True,True
VIA-00316,ORD-2026-04476,CAM-11,PROD-021,2026-08-18 04:59:00,2026-08-18 16:29:00,23,23,3.9508695652173915,5.77,0,Fresco,Refrigerado,Cochabamba,False,True
VIA-00317,ORD-2026-06798,CAM-09,PROD-030,2026-08-11 19:57:00,2026-08-12 07:27:00,24,24,19.759166666666665,24.36,0,Seco,Seco,Santa Cruz,False,True
VIA-00318,ORD-2026-04403,CAM-20,PROD-025,2026-08-23 22:46:00,2026-08-24 10:16:00,24,24,-17.928333333333335,-16.34,0,Congelado,Refrigerado,Oruro,False,True
VIA-00319,ORD-2026-06397,CAM-10,PROD-040,2026-08-18 14:32:00,2026-08-19 02:02:00,24,24,20.19,23.79,0,Seco,Refrigerado,La Paz,False,True
VIA-00320,ORD-2026-05537,CAM-08,PROD-034,2026-08-27 23:45:00,2026-08-28 11:15:00,24,24,3.9004166666666666,5.24,0,Fresco,Refrigerado,Santa Cruz,False,True
VIA-00321,ORD-2026-04625,CAM-21,PROD-005,2026-08-07 15:10:00,2026-08-08 02:10:00,23,23,19.16304347826087,22.89,0,Seco,Seco,Tarija,False,True
VIA-00322,ORD-2026-04283,CAM-21,PROD-046,2026-08-22 05:45:00,2026-08-22 17:15:00,24,24,19.740416666666665,21.99,0,Seco,Seco,Tarija,False,True
VIA-00323,ORD-2026-06309,CAM-24,PROD-002,2026-08-07 00:26:00,2026-08-07 11:56:00,23,23,20.39,25.48,1,Seco,Refrigerado,Oruro,True,True
VIA-00324,ORD-2026-05843,CAM-03,PROD-057,2026-08-19 05:56:00,2026-08-19 16:56:00,23,23,19.97391304347826,22.95,0,Seco,Seco,Oruro,False,True
VIA-00325,ORD-2026-00169,CAM-27,PROD-048,2026-08-30 17:26:00,2026-08-31 04:56:00,24,23,20.210869565217394,23.26,0,Seco,Refrigerado,Cochabamba,False,True
VIA-00326,ORD-2026-00457,CAM-13,PROD-005,2026-08-12 08:24:00,2026-08-12 19:54:00,24,24,19.75875,22.64,0,Seco,Seco,Cochabamba,False,True
VIA-00327,ORD-2026-04344,CAM-26,PROD-029,2026-08-29 02:09:00,2026-08-29 13:39:00,24,23,20.432173913043478,24.1,0,Seco,Refrigerado,Tarija,False,True
VIA-00328,ORD-2026-00921,CAM-19,PROD-054,2026-08-19 03:00:00,2026-08-19 14:30:00,24,24,-17.870833333333334,-16.34,0,Congelado,Refrigerado,Tarija,False,True
VIA-00329,ORD-2026-01391,CAM-28,PROD-012,2026-08-06 05:01:00,2026-08-06 16:31:00,24,24,20.360416666666666,22.91,0,Seco,Refrigerado,La Paz,False,True
VIA-00330,ORD-2026-02220,CAM-19,PROD-044,2026-08-09 01:50:00,2026-08-09 13:20:00,24,24,4.196666666666666,5.22,0,Fresco,Refrigerado,Tarija,False,True
VIA-00331,ORD-2026-03610,CAM-22,PROD-043,2026-08-15 16:23:00,2026-08-16 03:53:00,24,24,-18.172916666666666,-16.6,2,Congelado,Refrigerado,Cochabamba,True,True
VIA-00332,ORD-2026-01909,CAM-20,PROD-037,2026-08-25 21:40:00,2026-08-26 09:10:00,24,24,5.5925,10.8,5,Fresco,Refrigerado,Oruro,True,True
VIA-00333,ORD-2026-04114,CAM-20,PROD-018,2026-08-14 04:42:00,2026-08-14 16:12:00,24,0,,,0,Seco,Refrigerado,Oruro,False,False
VIA-00334,ORD-2026-02755,CAM-04,PROD-014,2026-08-11 06:39:00,2026-08-11 18:09:00,24,24,20.514583333333334,25.26,1,Seco,Seco,La Paz,True,True
VIA-00335,ORD-2026-07179,CAM-29,PROD-030,2026-08-29 08:46:00,2026-08-29 20:16:00,23,23,19.912608695652175,23.89,0,Seco,Seco,Santa Cruz,False,True
VIA-00336,ORD-2026-04251,CAM-28,PROD-026,2026-08-05 19:03:00,2026-08-06 06:33:00,24,0,,,0,Fresco,Refrigerado,La Paz,False,False
VIA-00337,ORD-2026-02793,CAM-27,PROD-042,2026-08-21 18:31:00,2026-08-22 06:01:00,24,24,20.70375,24.46,0,Seco,Refrigerado,Cochabamba,False,True
VIA-00338,ORD-2026-00314,CAM-06,PROD-046,2026-08-22 05:28:00,2026-08-22 16:58:00,24,24,20.055,22.86,0,Seco,Seco,Cochabamba,False,True
VIA-00339,ORD-2026-07057,CAM-15,PROD-041,2026-08-14 04:46:00,2026-08-14 16:16:00,24,24,-18.007916666666667,-16.8,0,Congelado,Refrigerado,La Paz,False,True
VIA-00340,ORD-2026-05864,CAM-08,PROD-034,2026-08-28 16:33:00,2026-08-29 04:03:00,24,24,5.0720833333333335,9.3,6,Fresco,Refrigerado,Santa Cruz,True,True
VIA-00341,ORD-2026-01891,CAM-19,PROD-056,2026-08-09 06:07:00,2026-08-09 17:37:00,24,24,4.076666666666667,5.66,1,Fresco,Refrigerado,Tarija,True,True
VIA-00342,ORD-2026-05533,CAM-26,PROD-047,2026-08-17 08:19:00,2026-08-17 19:49:00,24,24,5.434583333333333,11.27,5,Fresco,Refrigerado,Tarija,True,True
VIA-00343,ORD-2026-06413,CAM-08,PROD-036,2026-08-08 12:30:00,2026-08-08 23:30:00,23,0,,,0,Fresco,Refrigerado,Santa Cruz,False,False
VIA-00344,ORD-2026-00765,CAM-20,PROD-054,2026-08-19 14:14:00,2026-08-20 01:44:00,24,24,-17.963333333333335,-15.5,1,Congelado,Refrigerado,Oruro,True,True
VIA-00345,ORD-2026-07044,CAM-20,PROD-021,2026-08-08 15:10:00,2026-08-09 02:40:00,24,24,3.8791666666666664,4.83,0,Fresco,Refrigerado,Oruro,False,True
VIA-00346,ORD-2026-00522,CAM-24,PROD-001,2026-08-20 18:42:00,2026-08-21 06:12:00,24,24,3.9249537037037037,5.2,0,Fresco,Refrigerado,Oruro,False,True
VIA-00347,ORD-2026-03322,CAM-26,PROD-025,2026-08-19 09:47:00,2026-08-19 21:17:00,24,24,-18.168333333333333,-16.79,1,Congelado,Refrigerado,Tarija,True,True
VIA-00348,ORD-2026-06683,CAM-27,PROD-024,2026-08-01 19:29:00,2026-08-02 06:59:00,24,24,20.00125,23.13,0,Seco,Refrigerado,Cochabamba,False,True
VIA-00349,ORD-2026-06198,CAM-12,PROD-014,2026-08-28 00:03:00,2026-08-28 11:33:00,24,24,20.206712962962964,23.56111111111111,0,Seco,Seco,La Paz,False,True
VIA-00350,ORD-2026-03587,CAM-21,PROD-018,2026-08-03 23:36:00,2026-08-04 11:06:00,24,0,,,0,Seco,Seco,Tarija,False,False
VIA-00351,ORD-2026-00379,CAM-24,PROD-008,2026-08-04 20:16:00,2026-08-05 07:46:00,24,24,-18.21875,-17.03,0,Congelado,Refrigerado,Oruro,False,True
VIA-00352,ORD-2026-06777,CAM-28,PROD-009,2026-08-07 23:09:00,2026-08-08 10:39:00,24,24,4.04375,5.94,0,Fresco,Refrigerado,La Paz,False,True
VIA-00353,ORD-2026-07424,CAM-28,PROD-031,2026-08-20 10:57:00,2026-08-20 22:27:00,24,24,19.647083333333335,23.92,0,Seco,Refrigerado,La Paz,False,True
VIA-00354,ORD-2026-06235,CAM-26,PROD-053,2026-08-30 07:32:00,2026-08-30 19:02:00,24,24,3.93875,5.29,1,Fresco,Refrigerado,Tarija,True,True
VIA-00355,ORD-2026-06746,CAM-10,PROD-009,2026-08-19 09:32:00,2026-08-19 21:02:00,24,24,5.372916666666666,10.47,5,Fresco,Refrigerado,La Paz,True,True
VIA-00356,ORD-2026-03118,CAM-26,PROD-016,2026-08-26 21:27:00,2026-08-27 08:57:00,24,24,19.582083333333333,22.76,0,Seco,Refrigerado,Tarija,False,True
VIA-00357,ORD-2026-04496,CAM-19,PROD-043,2026-08-04 12:26:00,2026-08-04 23:56:00,24,23,-17.709951690821256,-16.31,0,Congelado,Refrigerado,Tarija,False,True
VIA-00358,ORD-2026-04417,CAM-27,PROD-039,2026-08-15 02:43:00,2026-08-15 14:13:00,24,24,19.690833333333334,22.91,0,Seco,Refrigerado,Cochabamba,False,True
VIA-00359,ORD-2026-03018,CAM-11,PROD-057,2026-08-04 06:36:00,2026-08-04 18:06:00,24,24,21.324583333333333,27.23,3,Seco,Refrigerado,Cochabamba,True,True
VIA-00360,ORD-2026-01444,CAM-19,PROD-003,2026-08-06 00:41:00,2026-08-06 12:11:00,24,24,20.04,22.35,0,Seco,Refrigerado,Tarija,False,True
VIA-00361,ORD-2026-07039,CAM-24,PROD-053,2026-08-20 10:47:00,2026-08-20 22:17:00,24,24,4.0275,5.34,0,Fresco,Refrigerado,Oruro,False,True
VIA-00362,ORD-2026-00634,CAM-10,PROD-044,2026-08-08 10:23:00,2026-08-08 21:53:00,24,24,4.954166666666667,11.02,6,Fresco,Refrigerado,La Paz,True,True
VIA-00363,ORD-2026-07429,CAM-10,PROD-001,2026-08-05 23:41:00,2026-08-06 11:11:00,23,23,3.9208695652173917,4.93,0,Fresco,Refrigerado,La Paz,False,True
VIA-00364,ORD-2026-07466,CAM-26,PROD-052,2026-08-21 02:41:00,2026-08-21 14:11:00,24,24,4.095,5.71,0,Fresco,Refrigerado,Tarija,False,True
VIA-00365,ORD-2026-07000,CAM-21,PROD-038,2026-08-16 16:47:00,2026-08-17 04:17:00,24,24,19.872083333333332,24.35,0,Seco,Seco,Tarija,False,True
VIA-00366,ORD-2026-03960,CAM-28,PROD-040,2026-08-27 18:30:00,2026-08-28 06:00:00,24,24,20.169583333333332,23.44,0,Seco,Refrigerado,La Paz,False,True
VIA-00367,ORD-2026-04521,CAM-01,PROD-060,2026-08-05 10:08:00,2026-08-05 21:38:00,24,24,-18.190416666666668,-16.78,0,Congelado,Refrigerado,Cochabamba,False,True
VIA-00368,ORD-2026-04539,CAM-17,PROD-048,2026-08-30 14:29:00,2026-08-31 01:59:00,24,24,21.5725,27.64,3,Seco,Seco,,True,True
VIA-00369,ORD-2026-00596,CAM-23,PROD-058,2026-08-27 13:17:00,2026-08-28 00:47:00,24,24,-16.469166666666666,-9.83,5,Congelado,Seco,Santa Cruz,True,True
VIA-00370,ORD-2026-04907,CAM-10,PROD-006,2026-08-11 01:57:00,2026-08-11 13:27:00,24,24,20.390324074074073,24.16,0,Seco,Refrigerado,La Paz,False,True
VIA-00371,ORD-2026-05057,CAM-16,PROD-033,2026-08-20 16:49:00,2026-08-21 04:19:00,24,24,19.734583333333333,23.61,0,Seco,Seco,Oruro,False,True
VIA-00372,ORD-2026-00749,CAM-08,PROD-054,2026-08-18 23:07:00,2026-08-19 10:37:00,24,24,-18.052083333333332,-15.9,1,Congelado,Refrigerado,Santa Cruz,True,True
VIA-00373,ORD-2026-01556,CAM-24,PROD-057,2026-08-25 11:51:00,2026-08-25 23:21:00,24,24,20.20625,23.23,0,Seco,Refrigerado,Oruro,False,True
VIA-00374,ORD-2026-06903,CAM-10,PROD-028,2026-08-04 18:31:00,2026-08-05 06:01:00,24,0,,,0,Seco,Refrigerado,La Paz,False,False
VIA-00375,ORD-2026-04838,CAM-22,PROD-038,2026-08-08 19:42:00,2026-08-09 07:12:00,24,24,19.856666666666666,23.39,0,Seco,Refrigerado,Cochabamba,False,True
VIA-00376,ORD-2026-03573,CAM-19,PROD-013,2026-08-11 23:38:00,2026-08-12 11:08:00,24,24,3.8804166666666666,5.31,0,Fresco,Refrigerado,Tarija,False,True
VIA-00377,ORD-2026-01261,CAM-24,PROD-051,2026-08-18 06:07:00,2026-08-18 17:37:00,24,24,-18.209583333333335,-16.94,0,Congelado,Refrigerado,Oruro,False,True
VIA-00378,ORD-2026-04910,CAM-24,PROD-056,2026-08-07 05:50:00,2026-08-07 17:20:00,24,24,5.121666666666667,10.79,5,Fresco,Refrigerado,Oruro,True,True
VIA-00379,ORD-2026-04281,CAM-08,PROD-008,2026-08-13 23:56:00,2026-08-14 11:26:00,24,23,-17.92086956521739,-16.48,0,Congelado,Refrigerado,Santa Cruz,False,True
VIA-00380,ORD-2026-02526,CAM-08,PROD-004,2026-08-01 09:08:00,2026-08-01 20:38:00,24,24,4.189166666666666,6.21,1,Fresco,Refrigerado,Santa Cruz,True,True
VIA-00381,ORD-2026-05304,CAM-19,PROD-031,2026-08-01 13:11:00,2026-08-02 00:41:00,24,24,20.34375,22.61,0,Seco,Refrigerado,Tarija,False,True
VIA-00382,ORD-2026-02992,CAM-19,PROD-052,2026-08-01 14:28:00,2026-08-02 01:58:00,24,24,4.139583333333333,5.64,0,Fresco,Refrigerado,Tarija,False,True
VIA-00383,ORD-2026-04230,CAM-26,PROD-060,2026-08-19 14:14:00,2026-08-20 01:44:00,24,24,-17.820416666666667,-16.4,0,Congelado,Refrigerado,Tarija,False,True
VIA-00384,ORD-2026-00605,CAM-06,PROD-014,2026-08-15 08:53:00,2026-08-15 20:23:00,23,23,19.97869565217391,23.89,0,Seco,Seco,Cochabamba,False,True
VIA-00385,ORD-2026-05052,CAM-01,PROD-059,2026-08-09 05:45:00,2026-08-09 17:15:00,24,24,20.522916666666667,22.16,0,Seco,Refrigerado,Cochabamba,False,True
VIA-00386,ORD-2026-04249,CAM-03,PROD-012,2026-08-29 13:55:00,2026-08-30 01:25:00,24,24,20.46708333333333,24.56,0,Seco,Seco,Oruro,False,True
VIA-00387,ORD-2026-06946,CAM-13,PROD-031,2026-08-24 22:29:00,2026-08-25 09:59:00,24,24,21.232083333333332,29.0,3,Seco,Seco,Cochabamba,True,True
VIA-00388,ORD-2026-04382,CAM-10,PROD-004,2026-08-05 19:07:00,2026-08-06 06:37:00,24,24,3.8733333333333335,4.99,0,Fresco,Refrigerado,La Paz,False,True
VIA-00389,ORD-2026-02236,CAM-26,PROD-058,2026-08-28 04:17:00,2026-08-28 15:47:00,24,23,-17.895652173913046,-15.44,1,Congelado,Refrigerado,Tarija,True,True
VIA-00390,ORD-2026-06021,CAM-12,PROD-028,2026-08-15 18:32:00,2026-08-16 06:02:00,24,0,,,0,Seco,Seco,La Paz,False,False
VIA-00391,ORD-2026-06429,CAM-19,PROD-028,2026-08-10 18:17:00,2026-08-11 05:47:00,24,0,,,0,Seco,Refrigerado,Tarija,False,False
VIA-00392,ORD-2026-01727,CAM-02,PROD-045,2026-08-25 23:41:00,2026-08-26 11:11:00,24,24,3.9375,4.95,0,Fresco,Refrigerado,Cochabamba,False,True
VIA-00393,ORD-2026-02901,CAM-18,PROD-032,2026-08-10 18:30:00,2026-08-11 06:00:00,24,24,20.26,24.54,0,Seco,Seco,Santa Cruz,False,True
VIA-00394,ORD-2026-07231,CAM-25,PROD-046,2026-08-29 11:46:00,2026-08-29 22:46:00,23,23,19.69304347826087,23.19,0,Seco,Refrigerado,Cochabamba,False,True
VIA-00395,ORD-2026-03463,CAM-23,PROD-038,2026-08-24 16:58:00,2026-08-25 04:28:00,24,24,19.954583333333332,24.32,0,Seco,Seco,Santa Cruz,False,True
VIA-00396,ORD-2026-04437,CAM-12,PROD-046,2026-08-03 23:19:00,2026-08-04 10:49:00,24,24,19.66625,23.82,0,Seco,Seco,La Paz,False,True
VIA-00397,ORD-2026-06382,CAM-02,PROD-002,2026-08-26 16:12:00,2026-08-27 03:42:00,24,23,20.129565217391306,24.74,0,Seco,Refrigerado,Cochabamba,False,True
VIA-00398,ORD-2026-01672,CAM-08,PROD-003,2026-08-16 12:49:00,2026-08-17 00:19:00,24,24,20.454583333333336,23.42,0,Seco,Refrigerado,Santa Cruz,False,True
VIA-00399,ORD-2026-00228,CAM-08,PROD-009,2026-08-26 05:58:00,2026-08-26 17:28:00,24,24,4.0737499999999995,5.15,0,Fresco,Refrigerado,Santa Cruz,False,True
VIA-00400,ORD-2026-01788,CAM-25,PROD-037,2026-08-03 20:12:00,2026-08-04 07:42:00,24,24,4.3575,5.66,0,Fresco,Refrigerado,Cochabamba,False,True
VIA-00401,ORD-2026-00808,CAM-10,PROD-049,2026-08-12 07:31:00,2026-08-12 19:01:00,24,0,,,0,Fresco,Refrigerado,La Paz,False,False
VIA-00402,ORD-2026-01103,CAM-29,PROD-029,2026-08-02 16:41:00,2026-08-03 04:11:00,24,24,20.27375,23.32,0,Seco,Seco,Santa Cruz,False,True
VIA-00403,ORD-2026-06899,CAM-15,PROD-038,2026-08-11 05:42:00,2026-08-11 17:12:00,24,24,19.659583333333334,22.93,0,Seco,Refrigerado,La Paz,False,True
VIA-00404,ORD-2026-01668,CAM-19,PROD-056,2026-08-05 06:26:00,2026-08-05 17:56:00,24,24,3.969583333333333,5.36,0,Fresco,Refrigerado,Tarija,False,True
VIA-00405,ORD-2026-06542,CAM-19,PROD-044,2026-08-18 17:05:00,2026-08-19 04:35:00,24,24,4.132083333333333,5.93,0,Fresco,Refrigerado,Tarija,False,True
VIA-00406,ORD-2026-06686,CAM-20,PROD-046,2026-08-07 22:57:00,2026-08-08 10:27:00,24,23,19.938695652173912,22.24,0,Seco,Refrigerado,Oruro,False,True
VIA-00407,ORD-2026-01578,CAM-07,PROD-032,2026-08-08 11:17:00,2026-08-08 22:47:00,24,24,20.35875,24.79,0,Seco,Seco,La Paz,False,True
VIA-00408,ORD-2026-04591,CAM-28,PROD-054,2026-08-17 14:23:00,2026-08-18 01:53:00,24,24,-18.256249999999998,-17.03,2,Congelado,Refrigerado,La Paz,True,True
VIA-00409,ORD-2026-00947,CAM-28,PROD-003,2026-08-14 08:19:00,2026-08-14 19:49:00,24,24,19.940833333333334,24.3,0,Seco,Refrigerado,La Paz,False,True
VIA-00410,ORD-2026-02959,CAM-09,PROD-038,2026-08-21 17:45:00,2026-08-22 05:15:00,24,24,21.07166666666667,27.92,2,Seco,Seco,Santa Cruz,True,True
VIA-00411,ORD-2026-05483,CAM-01,PROD-028,2026-08-26 08:57:00,2026-08-26 20:27:00,24,0,,,0,Seco,Refrigerado,Cochabamba,False,False
VIA-00412,ORD-2026-04943,CAM-09,PROD-005,2026-08-01 12:28:00,2026-08-01 23:58:00,24,24,19.827083333333334,24.18,0,Seco,Seco,Santa Cruz,False,True
VIA-00413,ORD-2026-03026,CAM-27,PROD-001,2026-08-26 23:06:00,2026-08-27 10:36:00,24,24,5.324166666666667,11.53,5,Fresco,Refrigerado,Cochabamba,True,True
VIA-00414,ORD-2026-00397,CAM-26,PROD-039,2026-08-02 08:35:00,2026-08-02 20:05:00,24,24,19.892916666666668,22.71,0,Seco,Refrigerado,Tarija,False,True
VIA-00415,ORD-2026-02020,CAM-05,PROD-010,2026-08-11 09:08:00,2026-08-11 20:38:00,24,24,19.373749999999998,22.22,0,Seco,Seco,Cochabamba,False,True
VIA-00416,ORD-2026-01855,CAM-22,PROD-015,2026-08-04 12:49:00,2026-08-05 00:19:00,24,24,3.999166666666667,5.65,1,Fresco,Refrigerado,Cochabamba,True,True
VIA-00417,ORD-2026-06696,CAM-23,PROD-032,2026-08-03 20:40:00,2026-08-04 08:10:00,24,24,19.943749999999998,23.84,0,Seco,Seco,Santa Cruz,False,True
VIA-00418,ORD-2026-05862,CAM-09,PROD-005,2026-08-05 02:02:00,2026-08-05 13:32:00,24,23,20.231304347826086,23.72,0,Seco,Seco,Santa Cruz,False,True
VIA-00419,ORD-2026-00164,CAM-08,PROD-022,2026-08-14 22:49:00,2026-08-15 10:19:00,24,24,5.100416666666667,10.48,5,Fresco,Refrigerado,Santa Cruz,True,True
VIA-00420,ORD-2026-02885,CAM-15,PROD-035,2026-08-03 10:21:00,2026-08-03 21:21:00,23,23,-17.97478260869565,-16.26,0,Congelado,Refrigerado,La Paz,False,True
VIA-00421,ORD-2026-05712,CAM-15,PROD-025,2026-08-29 22:23:00,2026-08-30 09:53:00,24,23,-17.958695652173912,-16.81,0,Congelado,Refrigerado,La Paz,False,True
VIA-00422,ORD-2026-00525,CAM-20,PROD-001,2026-08-30 19:51:00,2026-08-31 07:21:00,23,23,5.403478260869565,10.68,5,Fresco,Refrigerado,Oruro,True,True
VIA-00423,ORD-2026-03820,CAM-26,PROD-011,2026-08-10 07:02:00,2026-08-10 18:32:00,24,24,-18.02541666666667,-16.21,0,Congelado,Refrigerado,Tarija,False,True
VIA-00424,ORD-2026-01269,CAM-29,PROD-059,2026-08-02 02:40:00,2026-08-02 14:10:00,24,24,20.021296296296295,23.08,0,Seco,Seco,Santa Cruz,False,True
VIA-00425,ORD-2026-00978,CAM-19,PROD-030,2026-08-18 09:59:00,2026-08-18 21:29:00,24,24,19.931250000000002,23.58,0,Seco,Refrigerado,Tarija,False,True
VIA-00426,ORD-2026-00031,CAM-26,PROD-002,2026-08-03 14:59:00,2026-08-04 02:29:00,24,24,19.298750000000002,21.39,0,Seco,Refrigerado,Tarija,False,True
VIA-00427,ORD-2026-04049,CAM-18,PROD-006,2026-08-18 19:26:00,2026-08-19 06:56:00,24,24,20.124583333333334,24.73,0,Seco,Seco,Santa Cruz,False,True
VIA-00428,ORD-2026-02012,CAM-19,PROD-025,2026-08-01 11:01:00,2026-08-01 22:31:00,24,24,-16.132083333333334,-9.46,6,Congelado,Refrigerado,Tarija,True,True
VIA-00429,ORD-2026-04991,CAM-24,PROD-013,2026-08-15 20:03:00,2026-08-16 07:33:00,24,22,3.8227272727272723,5.71,0,Fresco,Refrigerado,Oruro,False,True
VIA-00430,ORD-2026-02197,CAM-20,PROD-041,2026-08-03 08:12:00,2026-08-03 19:42:00,24,24,-18.03708333333333,-16.58,0,Congelado,Refrigerado,Oruro,False,True
VIA-00431,ORD-2026-00044,CAM-28,PROD-038,2026-08-13 18:53:00,2026-08-14 06:23:00,24,24,20.260416666666668,23.2,0,Seco,Refrigerado,La Paz,False,True
VIA-00432,ORD-2026-00208,CAM-01,PROD-024,2026-08-01 10:12:00,2026-08-01 21:42:00,24,24,20.595416666666665,23.63,0,Seco,Refrigerado,Cochabamba,False,True
VIA-00433,ORD-2026-00959,CAM-10,PROD-023,2026-08-29 20:53:00,2026-08-30 08:23:00,24,23,3.8382608695652176,5.67,0,Fresco,Refrigerado,La Paz,False,True
VIA-00434,ORD-2026-01323,CAM-08,PROD-008,2026-08-21 07:35:00,2026-08-21 19:05:00,24,23,-17.960434782608694,-16.75,0,Congelado,Refrigerado,Santa Cruz,False,True
VIA-00435,ORD-2026-02535,CAM-19,PROD-038,2026-08-06 04:34:00,2026-08-06 16:04:00,24,24,19.8225,23.57,1,Seco,Refrigerado,Tarija,True,True
VIA-00436,ORD-2026-05639,CAM-10,PROD-019,2026-08-01 23:27:00,2026-08-02 10:57:00,24,24,19.999166666666667,23.71,0,Seco,Refrigerado,La Paz,False,True
VIA-00437,ORD-2026-02466,CAM-08,PROD-049,2026-08-18 21:24:00,2026-08-19 08:54:00,24,0,,,0,Fresco,Refrigerado,Santa Cruz,False,False
VIA-00438,ORD-2026-04327,CAM-12,PROD-016,2026-08-16 23:34:00,2026-08-17 11:04:00,24,23,20.504347826086956,23.59,0,Seco,Seco,La Paz,False,True
VIA-00439,ORD-2026-04956,CAM-15,PROD-020,2026-08-10 04:53:00,2026-08-10 16:23:00,24,24,19.752083333333335,22.94,0,Seco,Refrigerado,La Paz,False,True
VIA-00440,ORD-2026-03872,CAM-24,PROD-023,2026-08-02 15:36:00,2026-08-03 03:06:00,24,24,4.127083333333333,5.87,0,Fresco,Refrigerado,Oruro,False,True
VIA-00441,ORD-2026-04745,CAM-10,PROD-043,2026-08-21 03:24:00,2026-08-21 14:54:00,24,24,-17.990416666666665,-15.87,2,Congelado,Refrigerado,La Paz,True,True
VIA-00442,ORD-2026-02381,CAM-24,PROD-059,2026-08-15 10:01:00,2026-08-15 21:31:00,24,24,19.167407407407406,22.04,1,Seco,Refrigerado,Oruro,True,True
VIA-00443,ORD-2026-00046,CAM-19,PROD-021,2026-08-19 22:34:00,2026-08-20 10:04:00,24,24,4.142083333333333,6.29,1,Fresco,Refrigerado,Tarija,True,True
VIA-00444,ORD-2026-04050,CAM-08,PROD-036,2026-08-14 03:07:00,2026-08-14 14:37:00,24,0,,,0,Fresco,Refrigerado,Santa Cruz,False,False
VIA-00445,ORD-2026-03433,CAM-08,PROD-022,2026-08-06 01:15:00,2026-08-06 12:45:00,24,24,3.924583333333333,5.27,0,Fresco,Refrigerado,Santa Cruz,False,True
VIA-00446,ORD-2026-04726,CAM-08,PROD-008,2026-08-08 16:43:00,2026-08-09 04:13:00,24,23,-17.900434782608695,-16.75,0,Congelado,Refrigerado,Santa Cruz,False,True
VIA-00447,ORD-2026-05229,CAM-28,PROD-054,2026-08-19 14:47:00,2026-08-20 02:17:00,24,24,-17.96708333333333,-16.47,0,Congelado,Refrigerado,La Paz,False,True
VIA-00448,ORD-2026-00148,CAM-08,PROD-013,2026-08-15 03:21:00,2026-08-15 14:51:00,24,24,3.90875,5.9,0,Fresco,Refrigerado,Santa Cruz,False,True
VIA-00449,ORD-2026-05136,CAM-19,PROD-024,2026-08-03 15:25:00,2026-08-04 02:55:00,24,24,20.155833333333334,23.03,0,Seco,Refrigerado,Tarija,False,True
VIA-00450,ORD-2026-04980,CAM-29,PROD-048,2026-08-12 16:50:00,2026-08-13 04:20:00,24,24,20.065,23.84,0,Seco,Seco,Santa Cruz,False,True
VIA-00451,ORD-2026-03728,CAM-08,PROD-051,2026-08-07 09:41:00,2026-08-07 21:11:00,24,24,-18.0575,-16.72,0,Congelado,Refrigerado,Santa Cruz,False,True
VIA-00452,ORD-2026-01085,CAM-25,PROD-015,2026-08-19 22:32:00,2026-08-20 10:02:00,24,24,4.050416666666666,5.32,0,Fresco,Refrigerado,Cochabamba,False,True
VIA-00453,ORD-2026-06672,CAM-29,PROD-059,2026-08-13 08:22:00,2026-08-13 19:52:00,24,24,19.828333333333333,23.6,0,Seco,Seco,Santa Cruz,False,True
VIA-00454,ORD-2026-06644,CAM-19,PROD-046,2026-08-12 12:05:00,2026-08-12 23:35:00,24,24,20.214166666666667,22.68,0,Seco,Refrigerado,Tarija,False,True
VIA-00455,ORD-2026-00920,CAM-19,PROD-009,2026-08-16 20:59:00,2026-08-17 08:29:00,24,24,4.255416666666666,5.67,0,Fresco,Refrigerado,Tarija,False,True
VIA-00456,ORD-2026-05833,CAM-23,PROD-019,2026-08-06 08:04:00,2026-08-06 19:34:00,24,24,19.87875,23.12,0,Seco,Seco,Santa Cruz,False,True
VIA-00457,ORD-2026-01549,CAM-23,PROD-020,2026-08-19 10:43:00,2026-08-19 21:43:00,23,23,19.669565217391302,23.26,0,Seco,Seco,Santa Cruz,False,True
VIA-00458,ORD-2026-01809,CAM-03,PROD-031,2026-08-04 06:54:00,2026-08-04 18:24:00,24,24,21.113333333333333,28.51,4,Seco,Seco,Oruro,True,True
VIA-00459,ORD-2026-07455,CAM-09,PROD-012,2026-08-24 03:21:00,2026-08-24 14:51:00,24,24,20.3,23.09,0,Seco,Seco,Santa Cruz,False,True
VIA-00460,ORD-2026-04458,CAM-03,PROD-042,2026-08-26 19:18:00,2026-08-27 06:48:00,24,24,20.683333333333334,24.86,0,Seco,Seco,Oruro,False,True
VIA-00461,ORD-2026-00657,CAM-27,PROD-044,2026-08-06 19:30:00,2026-08-07 07:00:00,24,24,4.038333333333333,5.76,0,Fresco,Refrigerado,Cochabamba,False,True
VIA-00462,ORD-2026-02420,CAM-06,PROD-018,2026-08-09 11:36:00,2026-08-09 23:06:00,24,0,,,0,Seco,Seco,Cochabamba,False,False
VIA-00463,ORD-2026-02700,CAM-28,PROD-026,2026-08-06 22:55:00,2026-08-07 10:25:00,24,0,,,0,Fresco,Refrigerado,La Paz,False,False
VIA-00464,ORD-2026-04877,CAM-23,PROD-014,2026-08-16 05:10:00,2026-08-16 16:40:00,24,24,19.357916666666664,23.29,0,Seco,Seco,Santa Cruz,False,True
VIA-00465,ORD-2026-03454,CAM-04,PROD-002,2026-08-24 16:55:00,2026-08-25 04:25:00,24,23,20.583913043478262,24.67,0,Seco,Seco,La Paz,False,True
VIA-00466,ORD-2026-05763,CAM-19,PROD-027,2026-08-13 19:55:00,2026-08-14 07:25:00,24,24,4.027083333333334,5.2,0,Fresco,Refrigerado,Tarija,False,True
VIA-00467,ORD-2026-07428,CAM-26,PROD-053,2026-08-15 10:08:00,2026-08-15 21:08:00,23,23,4.38,5.86,0,Fresco,Refrigerado,Tarija,False,True
VIA-00468,ORD-2026-00122,CAM-22,PROD-009,2026-08-10 02:46:00,2026-08-10 14:16:00,24,24,4.057916666666666,5.76,0,Fresco,Refrigerado,Cochabamba,False,True
VIA-00469,ORD-2026-01442,CAM-27,PROD-057,2026-08-18 21:53:00,2026-08-19 09:23:00,24,24,19.940833333333334,23.08,0,Seco,Refrigerado,Cochabamba,False,True
VIA-00470,ORD-2026-00187,CAM-11,PROD-035,2026-08-30 03:42:00,2026-08-30 14:42:00,23,23,-17.781739130434783,-15.67,1,Congelado,Refrigerado,Cochabamba,True,True
VIA-00471,ORD-2026-03509,CAM-08,PROD-013,2026-08-25 17:13:00,2026-08-26 04:43:00,24,24,5.6025,11.42,5,Fresco,Refrigerado,Santa Cruz,True,True
VIA-00472,ORD-2026-07147,CAM-11,PROD-049,2026-08-08 19:20:00,2026-08-09 06:50:00,24,0,,,0,Fresco,Refrigerado,Cochabamba,False,False
VIA-00473,ORD-2026-02734,CAM-19,PROD-003,2026-08-16 15:05:00,2026-08-17 02:35:00,24,24,19.679583333333333,22.33,0,Seco,Refrigerado,Tarija,False,True
VIA-00474,ORD-2026-05908,CAM-22,PROD-060,2026-08-10 01:36:00,2026-08-10 13:06:00,24,23,-16.47086956521739,-9.29,5,Congelado,Refrigerado,Cochabamba,True,True
VIA-00475,ORD-2026-01792,CAM-03,PROD-016,2026-08-27 15:42:00,2026-08-28 03:12:00,23,22,19.822727272727274,22.62,0,Seco,Seco,Oruro,False,True
VIA-00476,ORD-2026-06679,CAM-25,PROD-009,2026-08-08 16:31:00,2026-08-09 04:01:00,24,24,5.2004166666666665,11.66,5,Fresco,Refrigerado,Cochabamba,True,True
VIA-00477,ORD-2026-06450,CAM-24,PROD-035,2026-08-04 15:10:00,2026-08-05 02:40:00,24,24,-18.125833333333333,-16.77,1,Congelado,Refrigerado,Oruro,True,True
VIA-00478,ORD-2026-00466,CAM-26,PROD-013,2026-08-03 12:56:00,2026-08-04 00:26:00,24,24,4.1433333333333335,5.39,0,Fresco,Refrigerado,Tarija,False,True
VIA-00479,ORD-2026-02418,CAM-06,PROD-005,2026-08-16 00:54:00,2026-08-16 12:24:00,24,24,20.175416666666667,26.25,1,Seco,Seco,Cochabamba,True,True
VIA-00480,ORD-2026-00353,CAM-26,PROD-016,2026-08-03 08:51:00,2026-08-03 20:21:00,24,24,20.216666666666665,23.43,1,Seco,Refrigerado,Tarija,True,True
VIA-00481,ORD-2026-05714,CAM-28,PROD-041,2026-08-12 16:53:00,2026-08-13 04:23:00,24,24,-17.993333333333332,-15.95,1,Congelado,Refrigerado,La Paz,True,True
VIA-00482,ORD-2026-03032,CAM-06,PROD-012,2026-08-05 18:20:00,2026-08-06 05:50:00,24,24,19.747083333333332,22.14,0,Seco,Seco,Cochabamba,False,True
VIA-00483,ORD-2026-00918,CAM-24,PROD-038,2026-08-27 19:49:00,2026-08-28 07:19:00,24,24,20.125833333333333,24.11,0,Seco,Refrigerado,Oruro,False,True
VIA-00484,ORD-2026-04669,CAM-24,PROD-041,2026-08-10 23:32:00,2026-08-11 11:02:00,24,23,-17.66695652173913,-16.26,0,Congelado,Refrigerado,Oruro,False,True
VIA-00485,ORD-2026-03328,CAM-24,PROD-052,2026-08-16 15:57:00,2026-08-17 03:27:00,24,24,4.160416666666666,5.46,0,Fresco,Refrigerado,Oruro,False,True
VIA-00486,ORD-2026-04675,CAM-08,PROD-053,2026-08-09 07:32:00,2026-08-09 19:02:00,24,24,4.129583333333334,6.35,2,Fresco,Refrigerado,Santa Cruz,True,True
VIA-00487,ORD-2026-00019,CAM-24,PROD-028,2026-08-20 02:43:00,2026-08-20 14:13:00,24,0,,,0,Seco,Refrigerado,Oruro,False,False
VIA-00488,ORD-2026-03803,CAM-19,PROD-035,2026-08-11 19:09:00,2026-08-12 06:39:00,24,24,-18.05875,-16.45,0,Congelado,Refrigerado,Tarija,False,True
VIA-00489,ORD-2026-00348,CAM-10,PROD-013,2026-08-09 03:31:00,2026-08-09 15:01:00,24,24,3.9925,5.2,0,Fresco,Refrigerado,La Paz,False,True
VIA-00490,ORD-2026-02807,CAM-22,PROD-052,2026-08-13 10:24:00,2026-08-13 21:54:00,24,24,3.6766666666666663,5.7,1,Fresco,Refrigerado,Cochabamba,True,True
VIA-00491,ORD-2026-01986,CAM-25,PROD-048,2026-08-21 11:06:00,2026-08-21 22:36:00,24,24,20.176666666666666,23.24,0,Seco,Refrigerado,Cochabamba,False,True
VIA-00492,ORD-2026-01737,CAM-20,PROD-023,2026-08-02 09:19:00,2026-08-02 20:49:00,24,24,4.135416666666667,5.55,1,Fresco,Refrigerado,Oruro,True,True
VIA-00493,ORD-2026-00167,CAM-25,PROD-008,2026-08-01 08:35:00,2026-08-01 20:05:00,24,23,-18.054782608695653,-16.51,0,Congelado,Refrigerado,Cochabamba,False,True
VIA-00494,ORD-2026-00703,CAM-20,PROD-048,2026-08-24 16:45:00,2026-08-25 04:15:00,24,24,19.834999999999997,23.07,0,Seco,Refrigerado,Oruro,False,True
VIA-00495,ORD-2026-02596,CAM-26,PROD-039,2026-08-09 13:40:00,2026-08-10 01:10:00,24,24,20.011666666666667,23.42,0,Seco,Refrigerado,Tarija,False,True
VIA-00496,ORD-2026-02426,CAM-28,PROD-017,2026-08-09 04:59:00,2026-08-09 16:29:00,24,24,21.2925,29.69,3,Seco,Refrigerado,La Paz,True,True
VIA-00497,ORD-2026-02619,CAM-03,PROD-033,2026-08-16 04:55:00,2026-08-16 16:25:00,23,23,20.198695652173914,24.39,0,Seco,Seco,Oruro,False,True
VIA-00498,ORD-2026-00786,CAM-03,PROD-003,2026-08-11 14:53:00,2026-08-12 02:23:00,24,24,20.01037037037037,25.09,1,Seco,Seco,Oruro,True,True
VIA-00499,ORD-2026-05968,CAM-11,PROD-056,2026-08-25 09:52:00,2026-08-25 21:22:00,24,24,5.38,10.63,5,Fresco,Refrigerado,Cochabamba,True,True
VIA-00500,ORD-2026-02259,CAM-03,PROD-016,2026-08-14 06:01:00,2026-08-14 17:31:00,24,24,19.581666666666667,22.31,0,Seco,Seco,Oruro,False,True
VIA-00501,ORD-2026-02139,CAM-25,PROD-040,2026-08-11 06:12:00,2026-08-11 17:42:00,24,24,19.922083333333333,23.35,1,Seco,Refrigerado,Cochabamba,True,True
VIA-00502,ORD-2026-02513,CAM-08,PROD-047,2026-08-02 00:59:00,2026-08-02 12:29:00,24,24,5.1875,10.15,5,Fresco,Refrigerado,Santa Cruz,True,True
VIA-00503,ORD-2026-01320,CAM-20,PROD-043,2026-08-28 20:41:00,2026-08-29 08:11:00,24,23,-18.023478260869563,-16.14,0,Congelado,Refrigerado,Oruro,False,True
VIA-00504,ORD-2026-02446,CAM-20,PROD-048,2026-08-06 16:04:00,2026-08-07 03:34:00,24,24,20.795833333333334,24.17,0,Seco,Refrigerado,,False,True
VIA-00505,ORD-2026-02549,CAM-23,PROD-029,2026-08-11 08:08:00,2026-08-11 19:08:00,23,23,19.286521739130436,22.36,0,Seco,Seco,Santa Cruz,False,True
VIA-00506,ORD-2026-07489,CAM-19,PROD-039,2026-08-30 18:57:00,2026-08-31 06:27:00,24,24,19.4675,22.33,0,Seco,Refrigerado,Tarija,False,True
VIA-00507,ORD-2026-05674,CAM-27,PROD-044,2026-08-09 17:32:00,2026-08-10 05:02:00,24,24,3.9895833333333335,5.48,1,Fresco,Refrigerado,Cochabamba,True,True
VIA-00508,ORD-2026-00070,CAM-27,PROD-042,2026-08-02 12:44:00,2026-08-03 00:14:00,24,24,20.065416666666668,23.02,0,Seco,Refrigerado,Cochabamba,False,True
VIA-00509,ORD-2026-05559,CAM-27,PROD-030,2026-08-11 09:03:00,2026-08-11 20:33:00,23,23,19.99608695652174,23.8,0,Seco,Refrigerado,Cochabamba,False,True
VIA-00510,ORD-2026-06150,CAM-24,PROD-053,2026-08-10 22:11:00,2026-08-11 09:41:00,24,24,3.5004166666666667,4.69,0,Fresco,Refrigerado,Oruro,False,True
VIA-00511,ORD-2026-03805,CAM-08,PROD-026,2026-08-16 21:11:00,2026-08-17 08:41:00,24,0,,,0,Fresco,Refrigerado,Santa Cruz,False,False
VIA-00512,ORD-2026-04777,CAM-11,PROD-037,2026-08-03 16:43:00,2026-08-04 04:13:00,24,24,4.12,5.7,0,Fresco,Refrigerado,Cochabamba,False,True
VIA-00513,ORD-2026-05733,CAM-12,PROD-003,2026-08-03 16:22:00,2026-08-04 03:52:00,24,24,19.68,22.33,0,Seco,Seco,La Paz,False,True
VIA-00514,ORD-2026-01293,CAM-26,PROD-024,2026-08-15 19:54:00,2026-08-16 07:24:00,24,24,20.577083333333334,24.2,0,Seco,Refrigerado,Tarija,False,True
VIA-00515,ORD-2026-04010,CAM-17,PROD-012,2026-08-09 05:46:00,2026-08-09 17:16:00,24,24,19.72375,23.35,1,Seco,Seco,Cochabamba,True,True
VIA-00516,ORD-2026-05997,CAM-19,PROD-031,2026-08-22 14:05:00,2026-08-23 01:35:00,24,24,20.18875,24.27,0,Seco,Refrigerado,Tarija,False,True
VIA-00517,ORD-2026-05270,CAM-03,PROD-030,2026-08-21 21:07:00,2026-08-22 08:37:00,24,24,20.626250000000002,23.88,0,Seco,Seco,Oruro,False,True
VIA-00518,ORD-2026-06065,CAM-24,PROD-001,2026-08-29 07:31:00,2026-08-29 19:01:00,24,24,3.6670833333333337,5.68,0,Fresco,Refrigerado,Oruro,False,True
VIA-00519,ORD-2026-03330,CAM-26,PROD-003,2026-08-24 00:10:00,2026-08-24 11:40:00,24,24,19.761666666666667,22.63,0,Seco,Refrigerado,Tarija,False,True
VIA-00520,ORD-2026-05933,CAM-26,PROD-008,2026-08-22 05:58:00,2026-08-22 17:28:00,24,24,-17.749166666666667,-16.15,0,Congelado,Refrigerado,Tarija,False,True
VIA-00521,ORD-2026-05841,CAM-19,PROD-053,2026-08-11 12:44:00,2026-08-12 00:14:00,24,24,3.8779166666666662,4.89,0,Fresco,Refrigerado,Tarija,False,True
VIA-00522,ORD-2026-06048,CAM-08,PROD-045,2026-08-15 15:51:00,2026-08-16 03:21:00,24,24,4.351666666666667,6.04,1,Fresco,Refrigerado,Santa Cruz,True,True
VIA-00523,ORD-2026-01148,CAM-09,PROD-055,2026-08-12 03:26:00,2026-08-12 14:56:00,24,24,19.8025,23.05,0,Seco,Seco,Santa Cruz,False,True
VIA-00524,ORD-2026-03064,CAM-07,PROD-003,2026-08-05 12:15:00,2026-08-05 23:45:00,24,24,19.89708333333333,25.38,1,Seco,Seco,La Paz,True,True
VIA-00525,ORD-2026-04100,CAM-22,PROD-015,2026-08-21 09:52:00,2026-08-21 21:22:00,24,24,3.9225,5.05,0,Fresco,Refrigerado,Cochabamba,False,True
VIA-00526,ORD-2026-02136,CAM-19,PROD-046,2026-08-25 07:45:00,2026-08-25 19:15:00,24,24,21.49083333333333,27.37,4,Seco,Refrigerado,Tarija,True,True
VIA-00527,ORD-2026-03607,CAM-20,PROD-035,2026-08-08 21:43:00,2026-08-09 09:13:00,24,24,-17.83625,-16.08,1,Congelado,Refrigerado,Oruro,True,True
VIA-00528,ORD-2026-00292,CAM-16,PROD-024,2026-08-02 19:45:00,2026-08-03 07:15:00,24,24,20.04375,21.95,0,Seco,Seco,Oruro,False,True
VIA-00529,ORD-2026-05310,CAM-09,PROD-028,2026-08-05 10:45:00,2026-08-05 22:15:00,24,0,,,0,Seco,Seco,Santa Cruz,False,False
VIA-00530,ORD-2026-00123,CAM-20,PROD-006,2026-08-15 06:50:00,2026-08-15 18:20:00,24,24,20.392916666666668,24.54,0,Seco,Refrigerado,Oruro,False,True
VIA-00531,ORD-2026-07401,CAM-08,PROD-058,2026-08-06 23:25:00,2026-08-07 10:55:00,24,24,-18.00583333333333,-16.31,0,Congelado,Refrigerado,Santa Cruz,False,True
VIA-00532,ORD-2026-04733,CAM-23,PROD-019,2026-08-30 16:23:00,2026-08-31 03:53:00,23,23,19.971304347826084,22.98,0,Seco,Seco,Santa Cruz,False,True
VIA-00533,ORD-2026-06751,CAM-11,PROD-017,2026-08-09 20:15:00,2026-08-10 07:45:00,23,22,19.832272727272727,24.34,0,Seco,Refrigerado,Cochabamba,False,True
VIA-00534,ORD-2026-06480,CAM-19,PROD-058,2026-08-05 02:50:00,2026-08-05 14:20:00,24,24,-16.347083333333334,-9.01,6,Congelado,Refrigerado,Tarija,True,True
VIA-00535,ORD-2026-04368,CAM-11,PROD-010,2026-08-23 13:22:00,2026-08-24 00:52:00,24,24,20.259583333333335,22.7,0,Seco,Refrigerado,Cochabamba,False,True
VIA-00536,ORD-2026-01769,CAM-25,PROD-039,2026-08-28 02:03:00,2026-08-28 13:33:00,24,24,19.62375,22.24,0,Seco,Refrigerado,Cochabamba,False,True
VIA-00537,ORD-2026-06013,CAM-24,PROD-011,2026-08-19 05:41:00,2026-08-19 17:11:00,24,24,-17.76875,-15.34,2,Congelado,Refrigerado,Oruro,True,True
VIA-00538,ORD-2026-07032,CAM-09,PROD-016,2026-08-11 18:29:00,2026-08-12 05:59:00,24,24,19.714583333333334,23.81,0,Seco,Seco,Santa Cruz,False,True
VIA-00539,ORD-2026-01406,CAM-12,PROD-041,2026-08-07 17:52:00,2026-08-08 05:22:00,24,23,-16.387826086956522,-9.77,6,Congelado,Seco,La Paz,True,True
VIA-00540,ORD-2026-01396,CAM-15,PROD-026,2026-08-10 02:51:00,2026-08-10 14:21:00,24,0,,,0,Fresco,Refrigerado,La Paz,False,False
VIA-00541,ORD-2026-07125,CAM-04,PROD-055,2026-08-12 11:52:00,2026-08-12 23:22:00,24,24,20.325833333333332,23.1,0,Seco,Seco,La Paz,False,True
VIA-00542,ORD-2026-00425,CAM-08,PROD-001,2026-08-06 18:29:00,2026-08-07 05:59:00,24,24,5.105416666666667,10.42,5,Fresco,Refrigerado,Santa Cruz,True,True
VIA-00543,ORD-2026-03706,CAM-24,PROD-031,2026-08-28 19:31:00,2026-08-29 07:01:00,22,22,20.12409090909091,22.89,0,Seco,Refrigerado,Oruro,False,True
VIA-00544,ORD-2026-02077,CAM-08,PROD-019,2026-08-12 17:23:00,2026-08-13 04:53:00,24,24,20.151666666666667,22.63,0,Seco,Refrigerado,Santa Cruz,False,True
VIA-00545,ORD-2026-06674,CAM-19,PROD-026,2026-08-06 23:11:00,2026-08-07 10:41:00,24,0,,,0,Fresco,Refrigerado,Tarija,False,False
VIA-00546,ORD-2026-00496,CAM-03,PROD-040,2026-08-17 15:50:00,2026-08-18 03:20:00,24,24,20.107499999999998,23.22,0,Seco,Seco,Oruro,False,True
VIA-00547,ORD-2026-04094,CAM-30,PROD-028,2026-08-01 17:07:00,2026-08-02 04:37:00,24,0,,,0,Seco,Seco,Cochabamba,False,False
VIA-00548,ORD-2026-02360,CAM-02,PROD-021,2026-08-02 19:09:00,2026-08-03 06:39:00,24,24,5.245,10.63,5,Fresco,Refrigerado,Cochabamba,True,True
VIA-00549,ORD-2026-03425,CAM-26,PROD-024,2026-08-23 10:08:00,2026-08-23 21:38:00,24,24,20.06125,22.17,0,Seco,Refrigerado,Tarija,False,True
VIA-00550,ORD-2026-07205,CAM-01,PROD-043,2026-08-04 15:11:00,2026-08-05 02:41:00,24,23,-18.075652173913046,-16.99,0,Congelado,Refrigerado,Cochabamba,False,True
VIA-00551,ORD-2026-06662,CAM-27,PROD-045,2026-08-29 21:06:00,2026-08-30 08:36:00,24,24,4.198333333333333,5.38,0,Fresco,Refrigerado,Cochabamba,False,True
VIA-00552,ORD-2026-06919,CAM-16,PROD-042,2026-08-11 23:17:00,2026-08-12 10:47:00,24,24,20.079166666666666,23.54,0,Seco,Seco,Oruro,False,True
VIA-00553,ORD-2026-04142,CAM-28,PROD-016,2026-08-24 11:26:00,2026-08-24 22:56:00,24,24,19.6825,22.79,0,Seco,Refrigerado,La Paz,False,True
VIA-00554,ORD-2026-03916,CAM-26,PROD-033,2026-08-29 18:09:00,2026-08-30 05:39:00,24,24,20.712083333333336,23.45,0,Seco,Refrigerado,Tarija,False,True
VIA-00555,ORD-2026-05267,CAM-20,PROD-021,2026-08-02 02:24:00,2026-08-02 13:54:00,23,23,4.071739130434783,5.15,0,Fresco,Refrigerado,Oruro,False,True
VIA-00556,ORD-2026-03168,CAM-04,PROD-033,2026-08-24 20:53:00,2026-08-25 08:23:00,24,24,19.595833333333335,21.85,0,Seco,Seco,La Paz,False,True
VIA-00557,ORD-2026-01787,CAM-19,PROD-008,2026-08-25 16:45:00,2026-08-26 04:15:00,24,24,-17.800416666666667,-15.11,1,Congelado,Refrigerado,Tarija,True,True
VIA-00558,ORD-2026-00813,CAM-04,PROD-028,2026-08-10 10:23:00,2026-08-10 21:53:00,24,0,,,0,Seco,Seco,,False,False
VIA-00559,ORD-2026-02728,CAM-12,PROD-014,2026-08-17 10:27:00,2026-08-17 21:57:00,24,24,19.496666666666666,23.42,0,Seco,Seco,La Paz,False,True
VIA-00560,ORD-2026-04169,CAM-12,PROD-046,2026-08-16 00:18:00,2026-08-16 11:18:00,23,23,20.308695652173913,23.9,0,Seco,Seco,La Paz,False,True
VIA-00561,ORD-2026-02554,CAM-08,PROD-046,2026-08-20 15:49:00,2026-08-21 03:19:00,24,24,20.318703703703704,22.95,0,Seco,Refrigerado,Santa Cruz,False,True
VIA-00562,ORD-2026-05333,CAM-20,PROD-015,2026-08-23 22:01:00,2026-08-24 09:31:00,24,24,4.02875,5.9,0,Fresco,Refrigerado,Oruro,False,True
VIA-00563,ORD-2026-01083,CAM-24,PROD-052,2026-08-12 15:23:00,2026-08-13 02:53:00,24,24,3.8937500000000003,6.15,2,Fresco,Refrigerado,Oruro,True,True
VIA-00564,ORD-2026-05509,CAM-08,PROD-044,2026-08-25 20:22:00,2026-08-26 07:52:00,24,24,4.05875,6.08,1,Fresco,Refrigerado,Santa Cruz,True,True
VIA-00565,ORD-2026-00091,CAM-08,PROD-043,2026-08-22 17:57:00,2026-08-23 05:27:00,24,24,-18.066666666666666,-16.94,0,Congelado,Refrigerado,Santa Cruz,False,True
VIA-00566,ORD-2026-04755,CAM-10,PROD-016,2026-08-05 09:02:00,2026-08-05 20:32:00,24,24,20.0425,23.0,0,Seco,Refrigerado,La Paz,False,True
VIA-00567,ORD-2026-04493,CAM-08,PROD-052,2026-08-21 17:23:00,2026-08-22 04:53:00,24,23,3.8839130434782607,6.21,1,Fresco,Refrigerado,Santa Cruz,True,True
VIA-00568,ORD-2026-07297,CAM-16,PROD-007,2026-08-10 13:11:00,2026-08-11 00:41:00,24,24,20.019675925925927,23.072222222222223,0,Seco,Seco,Oruro,False,True
VIA-00569,ORD-2026-03745,CAM-28,PROD-002,2026-08-05 12:57:00,2026-08-06 00:27:00,24,24,20.255,23.06,0,Seco,Refrigerado,La Paz,False,True
VIA-00570,ORD-2026-06012,CAM-11,PROD-001,2026-08-11 03:28:00,2026-08-11 14:58:00,24,24,4.00875,5.6,0,Fresco,Refrigerado,Cochabamba,False,True
VIA-00571,ORD-2026-01188,CAM-19,PROD-049,2026-08-16 18:44:00,2026-08-17 06:14:00,23,0,,,0,Fresco,Refrigerado,Tarija,False,False
VIA-00572,ORD-2026-00494,CAM-26,PROD-048,2026-08-19 02:41:00,2026-08-19 14:11:00,24,24,20.449166666666667,23.58,0,Seco,Refrigerado,Tarija,False,True
VIA-00573,ORD-2026-03959,CAM-09,PROD-012,2026-08-23 22:23:00,2026-08-24 09:53:00,24,24,20.175416666666667,23.38,0,Seco,Seco,Santa Cruz,False,True
VIA-00574,ORD-2026-01802,CAM-16,PROD-024,2026-08-18 18:40:00,2026-08-19 06:10:00,24,24,20.103333333333335,24.2,0,Seco,Seco,Oruro,False,True
VIA-00575,ORD-2026-02278,CAM-22,PROD-054,2026-08-26 15:27:00,2026-08-27 02:57:00,24,24,-17.9425,-15.04,2,Congelado,Refrigerado,Cochabamba,True,True
VIA-00576,ORD-2026-05478,CAM-16,PROD-020,2026-08-23 04:49:00,2026-08-23 15:49:00,23,23,20.709130434782608,24.36,0,Seco,Seco,Oruro,False,True
VIA-00577,ORD-2026-06985,CAM-24,PROD-045,2026-08-22 09:46:00,2026-08-22 21:16:00,24,24,4.175,5.44,0,Fresco,Refrigerado,Oruro,False,True
VIA-00578,ORD-2026-06086,CAM-16,PROD-033,2026-08-07 12:58:00,2026-08-08 00:28:00,24,24,19.826666666666664,23.39,0,Seco,Seco,Oruro,False,True
VIA-00579,ORD-2026-04681,CAM-08,PROD-034,2026-08-28 09:13:00,2026-08-28 20:43:00,24,24,3.9766666666666666,5.11,1,Fresco,Refrigerado,Santa Cruz,True,True
VIA-00580,ORD-2026-05580,CAM-20,PROD-013,2026-08-19 09:11:00,2026-08-19 20:41:00,24,24,4.130833333333333,5.11,0,Fresco,Refrigerado,Oruro,False,True
VIA-00581,ORD-2026-06861,CAM-05,PROD-057,2026-08-09 13:23:00,2026-08-10 00:53:00,24,24,19.91,23.16,0,Seco,Seco,Cochabamba,False,True
VIA-00582,ORD-2026-00156,CAM-24,PROD-008,2026-08-23 16:43:00,2026-08-24 04:13:00,24,24,-18.189583333333335,-16.59,0,Congelado,Refrigerado,Oruro,False,True
VIA-00583,ORD-2026-06927,CAM-22,PROD-060,2026-08-01 20:47:00,2026-08-02 08:17:00,24,24,-18.294907407407408,-16.9,0,Congelado,Refrigerado,Cochabamba,False,True
VIA-00584,ORD-2026-04073,CAM-02,PROD-001,2026-08-12 06:32:00,2026-08-12 18:02:00,24,23,3.822173913043478,5.53,1,Fresco,Refrigerado,Cochabamba,True,True
VIA-00585,ORD-2026-05467,CAM-19,PROD-030,2026-08-20 12:21:00,2026-08-20 23:51:00,24,24,20.189583333333335,24.01,0,Seco,Refrigerado,Tarija,False,True
VIA-00586,ORD-2026-02651,CAM-24,PROD-038,2026-08-10 14:55:00,2026-08-11 02:25:00,24,24,19.906666666666666,23.16,0,Seco,Refrigerado,Oruro,False,True
VIA-00587,ORD-2026-01643,CAM-23,PROD-003,2026-08-12 02:05:00,2026-08-12 13:35:00,24,24,21.809583333333332,29.44,3,Seco,Seco,Santa Cruz,True,True
VIA-00588,ORD-2026-00674,CAM-26,PROD-027,2026-08-30 16:54:00,2026-08-31 04:24:00,24,23,3.9378260869565214,5.44,0,Fresco,Refrigerado,Tarija,False,True
VIA-00589,ORD-2026-00715,CAM-28,PROD-053,2026-08-26 05:35:00,2026-08-26 17:05:00,24,24,3.9725,6.06,1,Fresco,Refrigerado,La Paz,True,True
VIA-00590,ORD-2026-00108,CAM-26,PROD-004,2026-08-03 04:44:00,2026-08-03 16:14:00,24,24,4.220416666666666,5.84,0,Fresco,Refrigerado,Tarija,False,True
VIA-00591,ORD-2026-05366,CAM-08,PROD-051,2026-08-10 06:59:00,2026-08-10 18:29:00,23,23,-18.269565217391303,-17.3,0,Congelado,Refrigerado,Santa Cruz,False,True
VIA-00592,ORD-2026-02696,CAM-19,PROD-058,2026-08-24 08:08:00,2026-08-24 19:38:00,24,24,-18.02541666666667,-16.81,0,Congelado,Refrigerado,Tarija,False,True
VIA-00593,ORD-2026-01408,CAM-08,PROD-027,2026-08-20 09:55:00,2026-08-20 21:25:00,24,24,5.130416666666666,10.41,7,Fresco,Refrigerado,Santa Cruz,True,True
VIA-00594,ORD-2026-05150,CAM-08,PROD-011,2026-08-12 04:13:00,2026-08-12 15:43:00,24,24,-18.267916666666668,-16.42,1,Congelado,Refrigerado,Santa Cruz,True,True
VIA-00595,ORD-2026-06518,CAM-15,PROD-034,2026-08-03 01:07:00,2026-08-03 12:37:00,24,24,3.9595833333333332,6.07,1,Fresco,Refrigerado,La Paz,True,True
VIA-00596,ORD-2026-01078,CAM-27,PROD-035,2026-08-07 21:46:00,2026-08-08 09:16:00,24,24,-17.950416666666666,-16.21,0,Congelado,Refrigerado,Cochabamba,False,True
VIA-00597,ORD-2026-03700,CAM-20,PROD-002,2026-08-02 07:15:00,2026-08-02 18:45:00,24,24,20.827916666666667,26.73,4,Seco,Refrigerado,Oruro,True,True
VIA-00598,ORD-2026-05896,CAM-26,PROD-006,2026-08-03 06:00:00,2026-08-03 17:30:00,24,24,19.661666666666665,24.31,0,Seco,Refrigerado,Tarija,False,True
VIA-00599,ORD-2026-04996,CAM-08,PROD-030,2026-08-25 11:31:00,2026-08-25 22:31:00,23,23,20.170434782608698,23.01,0,Seco,Refrigerado,Santa Cruz,False,True
VIA-00600,ORD-2026-02787,CAM-23,PROD-028,2026-08-05 07:46:00,2026-08-05 19:16:00,24,0,,,0,Seco,Seco,Santa Cruz,False,False
VIA-00601,ORD-2026-00100,CAM-26,PROD-049,2026-08-17 20:52:00,2026-08-18 08:22:00,23,0,,,0,Fresco,Refrigerado,Tarija,False,False
VIA-00602,ORD-2026-00762,CAM-19,PROD-018,2026-08-29 04:39:00,2026-08-29 16:09:00,24,0,,,0,Seco,Refrigerado,Tarija,False,False
VIA-00603,ORD-2026-01599,CAM-08,PROD-041,2026-08-20 01:24:00,2026-08-20 12:54:00,24,24,-18.071250000000003,-16.42,0,Congelado,Refrigerado,Santa Cruz,False,True
VIA-00604,ORD-2026-03327,CAM-24,PROD-049,2026-08-06 20:58:00,2026-08-07 08:28:00,24,0,,,0,Fresco,Refrigerado,Oruro,False,False
VIA-00605,ORD-2026-01560,CAM-01,PROD-036,2026-08-25 16:42:00,2026-08-26 04:12:00,24,0,,,0,Fresco,Refrigerado,Cochabamba,False,False
VIA-00606,ORD-2026-07212,CAM-26,PROD-026,2026-08-25 11:28:00,2026-08-25 22:58:00,24,0,,,0,Fresco,Refrigerado,Tarija,False,False
VIA-00607,ORD-2026-06306,CAM-26,PROD-046,2026-08-04 13:29:00,2026-08-05 00:59:00,24,24,20.30125,23.58,0,Seco,Refrigerado,Tarija,False,True
VIA-00608,ORD-2026-06936,CAM-20,PROD-048,2026-08-21 08:28:00,2026-08-21 19:58:00,24,24,20.035,22.64,0,Seco,Refrigerado,Oruro,False,True
VIA-00609,ORD-2026-06708,CAM-24,PROD-023,2026-08-25 12:24:00,2026-08-25 23:54:00,24,24,4.172916666666667,6.45,1,Fresco,Refrigerado,Oruro,True,True
VIA-00610,ORD-2026-06960,CAM-08,PROD-041,2026-08-25 18:08:00,2026-08-26 05:38:00,24,24,-18.10291666666667,-16.6,0,Congelado,Refrigerado,Santa Cruz,False,True
VIA-00611,ORD-2026-02260,CAM-08,PROD-056,2026-08-06 13:20:00,2026-08-07 00:50:00,24,24,4.1499999999999995,6.11,1,Fresco,Refrigerado,Santa Cruz,True,True
VIA-00612,ORD-2026-02840,CAM-19,PROD-003,2026-08-12 16:12:00,2026-08-13 03:42:00,24,24,21.325,26.45,3,Seco,Refrigerado,Tarija,True,True
VIA-00613,ORD-2026-02514,CAM-04,PROD-007,2026-08-06 01:44:00,2026-08-06 13:14:00,24,24,19.980833333333333,23.55,0,Seco,Seco,La Paz,False,True
VIA-00614,ORD-2026-03723,CAM-08,PROD-030,2026-08-18 04:30:00,2026-08-18 16:00:00,24,23,20.551304347826086,24.2,0,Seco,Refrigerado,Santa Cruz,False,True
VIA-00615,ORD-2026-05692,CAM-08,PROD-051,2026-08-14 15:08:00,2026-08-15 02:38:00,24,24,-18.012083333333333,-16.43,0,Congelado,Refrigerado,Santa Cruz,False,True
VIA-00616,ORD-2026-04259,CAM-06,PROD-010,2026-08-25 17:00:00,2026-08-26 04:30:00,24,24,19.61,22.02,0,Seco,Seco,Cochabamba,False,True
VIA-00617,ORD-2026-01874,CAM-20,PROD-054,2026-08-06 00:31:00,2026-08-06 12:01:00,24,23,-17.790434782608695,-16.09,0,Congelado,Refrigerado,Oruro,False,True
VIA-00618,ORD-2026-04955,CAM-20,PROD-051,2026-08-21 15:26:00,2026-08-22 02:56:00,24,24,-17.93583333333333,-16.26,0,Congelado,Refrigerado,Oruro,False,True
VIA-00619,ORD-2026-03539,CAM-15,PROD-049,2026-08-24 22:39:00,2026-08-25 10:09:00,24,0,,,0,Fresco,Refrigerado,La Paz,False,False
VIA-00620,ORD-2026-05089,CAM-26,PROD-024,2026-08-15 18:10:00,2026-08-16 05:40:00,23,23,19.83695652173913,23.72,0,Seco,Refrigerado,Tarija,False,True
VIA-00621,ORD-2026-07038,CAM-12,PROD-024,2026-08-19 14:58:00,2026-08-20 02:28:00,24,24,20.107083333333332,23.17,0,Seco,Seco,La Paz,False,True
VIA-00622,ORD-2026-02931,CAM-08,PROD-036,2026-08-29 04:32:00,2026-08-29 16:02:00,24,0,,,0,Fresco,Refrigerado,Santa Cruz,False,False
VIA-00623,ORD-2026-06366,CAM-09,PROD-010,2026-08-02 11:56:00,2026-08-02 23:26:00,24,24,19.699583333333333,21.97,0,Seco,Seco,Santa Cruz,False,True
VIA-00624,ORD-2026-02968,CAM-10,PROD-007,2026-08-25 05:56:00,2026-08-25 17:26:00,24,24,19.731666666666666,23.45,0,Seco,Refrigerado,La Paz,False,True
VIA-00625,ORD-2026-00521,CAM-18,PROD-020,2026-08-05 23:07:00,2026-08-06 10:37:00,24,24,20.133333333333333,24.21,0,Seco,Seco,Santa Cruz,False,True
VIA-00626,ORD-2026-01601,CAM-18,PROD-017,2026-08-09 00:04:00,2026-08-09 11:34:00,24,23,20.104347826086954,25.16,1,Seco,Seco,Santa Cruz,True,True
VIA-00627,ORD-2026-04973,CAM-20,PROD-027,2026-08-08 12:12:00,2026-08-08 23:42:00,24,24,3.7767592592592596,6.28,2,Fresco,Refrigerado,Oruro,True,True
VIA-00628,ORD-2026-06007,CAM-08,PROD-053,2026-08-08 21:00:00,2026-08-09 08:30:00,24,24,4.04125,5.27,0,Fresco,Refrigerado,Santa Cruz,False,True
VIA-00629,ORD-2026-04672,CAM-28,PROD-033,2026-08-26 01:04:00,2026-08-26 12:34:00,24,24,19.6375,23.14,1,Seco,Refrigerado,La Paz,True,True
VIA-00630,ORD-2026-02194,CAM-26,PROD-042,2026-08-21 11:13:00,2026-08-21 22:43:00,24,24,20.012083333333333,24.14,0,Seco,Refrigerado,Tarija,False,True
VIA-00631,ORD-2026-00247,CAM-15,PROD-033,2026-08-21 13:52:00,2026-08-22 01:22:00,24,24,20.22791666666667,23.56,0,Seco,Refrigerado,La Paz,False,True
VIA-00632,ORD-2026-06723,CAM-21,PROD-030,2026-08-27 03:40:00,2026-08-27 15:10:00,24,24,19.632083333333334,23.48,1,Seco,Seco,Tarija,True,True
VIA-00633,ORD-2026-01195,CAM-29,PROD-059,2026-08-16 07:30:00,2026-08-16 19:00:00,24,24,19.995,22.36,0,Seco,Seco,Santa Cruz,False,True
VIA-00634,ORD-2026-07037,CAM-24,PROD-011,2026-08-13 16:23:00,2026-08-14 03:53:00,24,24,-16.124166666666667,-9.9,5,Congelado,Refrigerado,Oruro,True,True
VIA-00635,ORD-2026-01555,CAM-27,PROD-060,2026-08-09 16:00:00,2026-08-10 03:30:00,24,24,-18.05,-16.76,0,Congelado,Refrigerado,Cochabamba,False,True
VIA-00636,ORD-2026-07494,CAM-18,PROD-024,2026-08-09 15:24:00,2026-08-10 02:54:00,23,23,20.59565217391304,22.93,0,Seco,Seco,Santa Cruz,False,True
VIA-00637,ORD-2026-02948,CAM-26,PROD-010,2026-08-04 00:13:00,2026-08-04 11:43:00,24,24,19.475833333333334,22.94,0,Seco,Refrigerado,Tarija,False,True
VIA-00638,ORD-2026-02508,CAM-15,PROD-056,2026-08-03 00:00:00,2026-08-03 11:30:00,24,24,3.7933333333333334,5.39,0,Fresco,Refrigerado,La Paz,False,True
VIA-00639,ORD-2026-03636,CAM-26,PROD-034,2026-08-16 13:48:00,2026-08-17 01:18:00,24,24,4.135833333333333,5.53,1,Fresco,Refrigerado,Tarija,True,True
VIA-00640,ORD-2026-02492,CAM-22,PROD-047,2026-08-05 14:29:00,2026-08-06 01:59:00,24,24,3.99875,5.74,0,Fresco,Refrigerado,Cochabamba,False,True
VIA-00641,ORD-2026-01027,CAM-26,PROD-013,2026-08-12 17:22:00,2026-08-13 04:52:00,24,24,4.107916666666667,5.62,1,Fresco,Refrigerado,Tarija,True,True
VIA-00642,ORD-2026-00789,CAM-03,PROD-007,2026-08-08 04:47:00,2026-08-08 16:17:00,24,24,20.53125,23.02,0,Seco,Seco,Oruro,False,True
VIA-00643,ORD-2026-06098,CAM-01,PROD-031,2026-08-09 05:04:00,2026-08-09 16:34:00,24,24,20.045833333333334,24.45,1,Seco,Refrigerado,Cochabamba,True,True
VIA-00644,ORD-2026-04826,CAM-22,PROD-030,2026-08-18 16:57:00,2026-08-19 04:27:00,24,24,19.385,22.6,0,Seco,Refrigerado,Cochabamba,False,True
VIA-00645,ORD-2026-05722,CAM-15,PROD-045,2026-08-15 09:54:00,2026-08-15 21:24:00,24,24,3.970416666666667,6.0,0,Fresco,Refrigerado,La Paz,False,True
VIA-00646,ORD-2026-05705,CAM-15,PROD-009,2026-08-15 17:28:00,2026-08-16 04:58:00,24,24,3.8295833333333333,5.5,0,Fresco,Refrigerado,La Paz,False,True
VIA-00647,ORD-2026-04097,CAM-11,PROD-014,2026-08-11 05:39:00,2026-08-11 17:09:00,24,24,20.165833333333335,23.84,0,Seco,Refrigerado,Cochabamba,False,True
VIA-00648,ORD-2026-05485,CAM-29,PROD-050,2026-08-29 09:12:00,2026-08-29 20:42:00,24,24,20.479166666666668,23.23,0,Seco,Seco,Santa Cruz,False,True
VIA-00649,ORD-2026-06804,CAM-26,PROD-023,2026-08-16 15:34:00,2026-08-17 03:04:00,24,24,5.134166666666666,10.37,5,Fresco,Refrigerado,Tarija,True,True
VIA-00650,ORD-2026-05810,CAM-09,PROD-033,2026-08-05 15:33:00,2026-08-06 03:03:00,24,24,19.574583333333333,21.98,0,Seco,Seco,Santa Cruz,False,True
VIA-00651,ORD-2026-03164,CAM-28,PROD-013,2026-08-07 07:24:00,2026-08-07 18:54:00,24,24,3.99,5.53,0,Fresco,Refrigerado,La Paz,False,True
VIA-00652,ORD-2026-04602,CAM-22,PROD-060,2026-08-03 21:14:00,2026-08-04 08:44:00,24,24,-17.742916666666666,-16.29,0,Congelado,Refrigerado,Cochabamba,False,True
VIA-00653,ORD-2026-03513,CAM-26,PROD-003,2026-08-15 15:11:00,2026-08-16 02:41:00,24,24,19.890416666666667,24.54,0,Seco,Refrigerado,Tarija,False,True
VIA-00654,ORD-2026-01394,CAM-19,PROD-056,2026-08-11 22:50:00,2026-08-12 10:20:00,24,24,3.8404166666666666,5.53,0,Fresco,Refrigerado,Tarija,False,True
VIA-00655,ORD-2026-02086,CAM-29,PROD-032,2026-08-18 00:09:00,2026-08-18 11:39:00,24,24,20.44875,22.84,0,Seco,Seco,Santa Cruz,False,True
VIA-00656,ORD-2026-01180,CAM-19,PROD-041,2026-08-29 10:41:00,2026-08-29 22:11:00,24,24,-17.670833333333334,-15.58,2,Congelado,Refrigerado,Tarija,True,True
VIA-00657,ORD-2026-04118,CAM-23,PROD-046,2026-08-22 00:21:00,2026-08-22 11:51:00,24,24,20.177083333333332,24.34,0,Seco,Seco,Santa Cruz,False,True
VIA-00658,ORD-2026-06403,CAM-28,PROD-045,2026-08-29 03:55:00,2026-08-29 15:25:00,23,23,5.183478260869565,10.57,6,Fresco,Refrigerado,La Paz,True,True
VIA-00659,ORD-2026-01940,CAM-24,PROD-025,2026-08-20 15:33:00,2026-08-21 03:03:00,24,24,-18.223333333333333,-16.96,0,Congelado,Refrigerado,Oruro,False,True
VIA-00660,ORD-2026-00770,CAM-26,PROD-044,2026-08-09 19:04:00,2026-08-10 06:34:00,24,24,3.6525,4.87,0,Fresco,Refrigerado,Tarija,False,True
VIA-00661,ORD-2026-06987,CAM-28,PROD-024,2026-08-15 20:54:00,2026-08-16 08:24:00,24,24,20.248749999999998,23.09,0,Seco,Refrigerado,La Paz,False,True
VIA-00662,ORD-2026-05320,CAM-10,PROD-058,2026-08-12 02:44:00,2026-08-12 14:14:00,24,24,-17.798333333333336,-16.01,0,Congelado,Refrigerado,La Paz,False,True
VIA-00663,ORD-2026-02302,CAM-18,PROD-042,2026-08-20 16:11:00,2026-08-21 03:41:00,24,24,20.11583333333333,23.72,0,Seco,Seco,Santa Cruz,False,True
VIA-00664,ORD-2026-04901,CAM-19,PROD-043,2026-08-24 17:50:00,2026-08-25 05:20:00,24,24,-17.791666666666668,-15.82,1,Congelado,Refrigerado,Tarija,True,True
VIA-00665,ORD-2026-06174,CAM-24,PROD-048,2026-08-08 16:59:00,2026-08-09 04:29:00,24,24,19.722916666666666,24.69,0,Seco,Refrigerado,Oruro,False,True
VIA-00666,ORD-2026-03093,CAM-26,PROD-021,2026-08-23 00:41:00,2026-08-23 12:11:00,24,23,3.6769565217391307,4.83,0,Fresco,Refrigerado,Tarija,False,True
VIA-00667,ORD-2026-02546,CAM-03,PROD-024,2026-08-12 22:49:00,2026-08-13 10:19:00,24,24,20.258333333333333,23.39,0,Seco,Seco,Oruro,False,True
VIA-00668,ORD-2026-02540,CAM-08,PROD-050,2026-08-05 17:13:00,2026-08-06 04:43:00,24,24,19.697083333333335,22.43,0,Seco,Refrigerado,Santa Cruz,False,True
VIA-00669,ORD-2026-06690,CAM-20,PROD-050,2026-08-01 03:08:00,2026-08-01 14:38:00,24,24,19.7975,23.13,0,Seco,Refrigerado,Oruro,False,True
VIA-00670,ORD-2026-03021,CAM-08,PROD-041,2026-08-28 10:01:00,2026-08-28 21:31:00,24,24,-18.013333333333332,-16.68,0,Congelado,Refrigerado,Santa Cruz,False,True
VIA-00671,ORD-2026-02196,CAM-20,PROD-006,2026-08-06 07:31:00,2026-08-06 19:01:00,24,24,19.906666666666666,22.95,0,Seco,Refrigerado,Oruro,False,True
VIA-00672,ORD-2026-03442,CAM-24,PROD-037,2026-08-04 23:29:00,2026-08-05 10:59:00,24,24,4.035,5.24,0,Fresco,Refrigerado,Oruro,False,True
VIA-00673,ORD-2026-04325,CAM-20,PROD-027,2026-08-30 14:32:00,2026-08-31 02:02:00,24,24,4.2299999999999995,5.46,0,Fresco,Refrigerado,Oruro,False,True
VIA-00674,ORD-2026-05091,CAM-08,PROD-055,2026-08-08 01:33:00,2026-08-08 13:03:00,24,24,20.39625,25.43,1,Seco,Refrigerado,Santa Cruz,True,True
VIA-00675,ORD-2026-03572,CAM-04,PROD-024,2026-08-06 21:02:00,2026-08-07 08:32:00,24,24,19.62375,24.24,0,Seco,Seco,La Paz,False,True
VIA-00676,ORD-2026-07291,CAM-28,PROD-037,2026-08-24 09:35:00,2026-08-24 21:05:00,24,24,3.8858333333333337,5.24,0,Fresco,Refrigerado,La Paz,False,True
VIA-00677,ORD-2026-01745,CAM-07,PROD-059,2026-08-22 14:19:00,2026-08-23 01:49:00,24,24,20.569166666666668,23.8,0,Seco,Seco,La Paz,False,True
VIA-00678,ORD-2026-05505,CAM-29,PROD-059,2026-08-30 07:43:00,2026-08-30 19:13:00,24,24,20.227083333333333,23.77,0,Seco,Seco,Santa Cruz,False,True
VIA-00679,ORD-2026-05063,CAM-08,PROD-004,2026-08-06 09:24:00,2026-08-06 20:54:00,24,23,4.098695652173913,5.46,0,Fresco,Refrigerado,Santa Cruz,False,True
VIA-00680,ORD-2026-02473,CAM-29,PROD-016,2026-08-11 08:56:00,2026-08-11 20:26:00,24,24,19.416666666666668,23.21,0,Seco,Seco,Santa Cruz,False,True
VIA-00681,ORD-2026-00764,CAM-15,PROD-003,2026-08-30 04:39:00,2026-08-30 16:09:00,24,24,19.165416666666665,23.33,1,Seco,Refrigerado,La Paz,True,True
VIA-00682,ORD-2026-03137,CAM-14,PROD-046,2026-08-23 16:56:00,2026-08-24 04:26:00,24,24,19.307083333333335,22.55,0,Seco,Seco,Cochabamba,False,True
VIA-00683,ORD-2026-07129,CAM-16,PROD-028,2026-08-09 21:46:00,2026-08-10 09:16:00,24,0,,,0,Seco,Seco,Oruro,False,False
VIA-00684,ORD-2026-03754,CAM-27,PROD-044,2026-08-30 15:56:00,2026-08-31 03:26:00,24,24,4.065416666666667,5.56,0,Fresco,Refrigerado,Cochabamba,False,True
VIA-00685,ORD-2026-05960,CAM-08,PROD-051,2026-08-07 14:56:00,2026-08-08 02:26:00,24,22,-18.38818181818182,-16.95,0,Congelado,Refrigerado,Santa Cruz,False,True
VIA-00686,ORD-2026-03138,CAM-08,PROD-053,2026-08-13 20:04:00,2026-08-14 07:34:00,24,24,5.5495833333333335,10.97,6,Fresco,Refrigerado,Santa Cruz,True,True
VIA-00687,ORD-2026-03211,CAM-15,PROD-016,2026-08-19 20:15:00,2026-08-20 07:15:00,23,23,20.80782608695652,25.97,3,Seco,Refrigerado,La Paz,True,True
VIA-00688,ORD-2026-06528,CAM-08,PROD-015,2026-08-28 06:03:00,2026-08-28 17:33:00,24,24,3.82875,5.24,0,Fresco,Refrigerado,Santa Cruz,False,True
VIA-00689,ORD-2026-04431,CAM-19,PROD-047,2026-08-28 19:38:00,2026-08-29 07:08:00,24,24,4.973333333333334,10.71,5,Fresco,Refrigerado,Tarija,True,True
VIA-00690,ORD-2026-06406,CAM-24,PROD-011,2026-08-01 16:26:00,2026-08-02 03:56:00,24,24,-17.914166666666667,-16.8,0,Congelado,Refrigerado,Oruro,False,True
VIA-00691,ORD-2026-05152,CAM-15,PROD-040,2026-08-06 09:22:00,2026-08-06 20:52:00,23,23,20.823478260869564,26.92,3,Seco,Refrigerado,La Paz,True,True
VIA-00692,ORD-2026-06247,CAM-19,PROD-025,2026-08-24 23:12:00,2026-08-25 10:42:00,24,24,-17.8875,-16.78,0,Congelado,Refrigerado,Tarija,False,True
VIA-00693,ORD-2026-02485,CAM-15,PROD-008,2026-08-01 11:33:00,2026-08-01 23:03:00,24,24,-16.544999999999998,-8.91,5,Congelado,Refrigerado,La Paz,True,True
VIA-00694,ORD-2026-00099,CAM-25,PROD-027,2026-08-04 03:40:00,2026-08-04 15:10:00,24,24,3.8874999999999997,5.14,0,Fresco,Refrigerado,Cochabamba,False,True
VIA-00695,ORD-2026-05776,CAM-21,PROD-039,2026-08-18 19:53:00,2026-08-19 07:23:00,24,24,20.25,25.05,1,Seco,Seco,Tarija,True,True
VIA-00696,ORD-2026-00721,CAM-16,PROD-046,2026-08-17 01:16:00,2026-08-17 12:46:00,24,24,20.13375,25.43,2,Seco,Seco,Oruro,True,True
VIA-00697,ORD-2026-00912,CAM-02,PROD-040,2026-08-30 08:57:00,2026-08-30 20:27:00,24,24,20.200833333333332,24.51,0,Seco,Refrigerado,Cochabamba,False,True
VIA-00698,ORD-2026-04343,CAM-10,PROD-045,2026-08-01 22:31:00,2026-08-02 09:31:00,23,23,4.054782608695652,5.26,0,Fresco,Refrigerado,,False,True
VIA-00699,ORD-2026-02559,CAM-01,PROD-011,2026-08-03 21:53:00,2026-08-04 09:23:00,24,24,-18.200833333333332,-17.25,0,Congelado,Refrigerado,Cochabamba,False,True
VIA-00700,ORD-2026-00032,CAM-28,PROD-045,2026-08-18 22:07:00,2026-08-19 09:37:00,24,24,4.178333333333334,5.96,0,Fresco,Refrigerado,La Paz,False,True
VIA-00701,ORD-2026-05711,CAM-10,PROD-002,2026-08-10 07:50:00,2026-08-10 19:20:00,24,23,20.288695652173914,23.83,0,Seco,Refrigerado,La Paz,False,True
VIA-00702,ORD-2026-05197,CAM-10,PROD-031,2026-08-27 08:02:00,2026-08-27 19:32:00,24,24,19.837083333333332,22.77,0,Seco,Refrigerado,La Paz,False,True
VIA-00703,ORD-2026-02287,CAM-11,PROD-049,2026-08-28 19:48:00,2026-08-29 07:18:00,24,0,,,0,Fresco,Refrigerado,Cochabamba,False,False
VIA-00704,ORD-2026-05858,CAM-12,PROD-032,2026-08-20 13:36:00,2026-08-21 01:06:00,24,24,19.76458333333333,24.63,1,Seco,Seco,La Paz,True,True
VIA-00705,ORD-2026-00944,CAM-10,PROD-053,2026-08-28 00:04:00,2026-08-28 11:34:00,24,24,3.9091666666666662,6.16,1,Fresco,Refrigerado,La Paz,True,True
VIA-00706,ORD-2026-02297,CAM-19,PROD-030,2026-08-01 02:27:00,2026-08-01 13:57:00,24,24,20.062083333333334,25.05,1,Seco,Refrigerado,Tarija,True,True
VIA-00707,ORD-2026-02385,CAM-24,PROD-058,2026-08-14 07:28:00,2026-08-14 18:58:00,24,23,-17.76782608695652,-16.15,0,Congelado,Refrigerado,Oruro,False,True
VIA-00708,ORD-2026-02692,CAM-05,PROD-029,2026-08-13 14:52:00,2026-08-14 02:22:00,24,24,19.544999999999998,24.08,0,Seco,Seco,Cochabamba,False,True
VIA-00709,ORD-2026-01068,CAM-02,PROD-024,2026-08-12 03:58:00,2026-08-12 15:28:00,24,24,20.628333333333334,23.62,0,Seco,Refrigerado,Cochabamba,False,True
VIA-00710,ORD-2026-02533,CAM-26,PROD-030,2026-08-15 20:50:00,2026-08-16 07:50:00,23,23,19.836521739130436,24.02,0,Seco,Refrigerado,Tarija,False,True
VIA-00711,ORD-2026-01858,CAM-08,PROD-026,2026-08-12 17:42:00,2026-08-13 05:12:00,24,0,,,0,Fresco,Refrigerado,Santa Cruz,False,False
VIA-00712,ORD-2026-00867,CAM-26,PROD-011,2026-08-20 11:10:00,2026-08-20 22:40:00,24,24,-17.833333333333332,-15.48,1,Congelado,Refrigerado,Tarija,True,True
VIA-00713,ORD-2026-06906,CAM-21,PROD-042,2026-08-18 10:15:00,2026-08-18 21:45:00,24,23,19.476086956521737,21.78,0,Seco,Seco,Tarija,False,True
VIA-00714,ORD-2026-06554,CAM-16,PROD-002,2026-08-19 14:35:00,2026-08-20 02:05:00,24,24,19.644583333333333,23.26,0,Seco,Seco,Oruro,False,True
VIA-00715,ORD-2026-05222,CAM-28,PROD-039,2026-08-12 12:42:00,2026-08-13 00:12:00,24,24,20.147083333333335,25.38,1,Seco,Refrigerado,La Paz,True,True
VIA-00716,ORD-2026-00719,CAM-22,PROD-004,2026-08-16 11:30:00,2026-08-16 23:00:00,24,23,3.9721739130434783,5.78,0,Fresco,Refrigerado,Cochabamba,False,True
VIA-00717,ORD-2026-02264,CAM-26,PROD-040,2026-08-28 00:54:00,2026-08-28 12:24:00,24,24,19.862083333333334,22.77,0,Seco,Refrigerado,Tarija,False,True
VIA-00718,ORD-2026-00659,CAM-21,PROD-038,2026-08-16 00:15:00,2026-08-16 11:45:00,24,24,20.710416666666667,25.26,1,Seco,Seco,Tarija,True,True
VIA-00719,ORD-2026-01646,CAM-21,PROD-024,2026-08-21 18:50:00,2026-08-22 06:20:00,24,24,20.033703703703704,23.99,0,Seco,Seco,Tarija,False,True
VIA-00720,ORD-2026-04197,CAM-24,PROD-018,2026-08-11 16:45:00,2026-08-12 04:15:00,24,0,,,0,Seco,Refrigerado,Oruro,False,False
VIA-00721,ORD-2026-02285,CAM-25,PROD-036,2026-08-07 19:57:00,2026-08-08 07:27:00,24,0,,,0,Fresco,Refrigerado,Cochabamba,False,False
VIA-00722,ORD-2026-02612,CAM-20,PROD-045,2026-08-27 20:52:00,2026-08-28 08:22:00,24,24,4.1691666666666665,5.47,0,Fresco,Refrigerado,Oruro,False,True
VIA-00723,ORD-2026-04478,CAM-16,PROD-018,2026-08-08 03:35:00,2026-08-08 15:05:00,24,0,,,0,Seco,Seco,Oruro,False,False
VIA-00724,ORD-2026-03198,CAM-08,PROD-019,2026-08-08 14:39:00,2026-08-09 02:09:00,23,23,19.74304347826087,25.15,1,Seco,Refrigerado,Santa Cruz,True,True
VIA-00725,ORD-2026-04987,CAM-12,PROD-016,2026-08-01 23:22:00,2026-08-02 10:52:00,24,24,20.432083333333335,23.55,0,Seco,Seco,La Paz,False,True
VIA-00726,ORD-2026-06790,CAM-20,PROD-022,2026-08-20 16:38:00,2026-08-21 04:08:00,24,24,5.38375,11.22,5,Fresco,Refrigerado,Oruro,True,True
VIA-00727,ORD-2026-00064,CAM-26,PROD-043,2026-08-13 16:30:00,2026-08-14 04:00:00,24,24,-17.99125,-16.72,0,Congelado,Refrigerado,Tarija,False,True
VIA-00728,ORD-2026-02531,CAM-21,PROD-024,2026-08-13 14:08:00,2026-08-14 01:38:00,24,24,20.146666666666665,24.05,0,Seco,Seco,Tarija,False,True
VIA-00729,ORD-2026-02022,CAM-23,PROD-021,2026-08-04 15:06:00,2026-08-05 02:36:00,24,24,5.358333333333333,10.23,5,Fresco,Seco,Santa Cruz,True,True
VIA-00730,ORD-2026-02350,CAM-22,PROD-016,2026-08-03 13:01:00,2026-08-04 00:31:00,24,24,21.431250000000002,27.73,5,Seco,Refrigerado,Cochabamba,True,True
VIA-00731,ORD-2026-01582,CAM-25,PROD-036,2026-08-03 15:25:00,2026-08-04 02:55:00,23,0,,,0,Fresco,Refrigerado,Cochabamba,False,False
VIA-00732,ORD-2026-06884,CAM-24,PROD-059,2026-08-27 20:03:00,2026-08-28 07:33:00,24,24,19.847083333333334,25.29,1,Seco,Refrigerado,Oruro,True,True
VIA-00733,ORD-2026-07170,CAM-17,PROD-029,2026-08-16 18:01:00,2026-08-17 05:31:00,24,24,19.200833333333332,23.31,0,Seco,Seco,Cochabamba,False,True
VIA-00734,ORD-2026-05809,CAM-26,PROD-051,2026-08-30 14:51:00,2026-08-31 02:21:00,24,24,-18.190833333333334,-16.84,0,Congelado,Refrigerado,Tarija,False,True
VIA-00735,ORD-2026-00822,CAM-08,PROD-032,2026-08-10 22:37:00,2026-08-11 10:07:00,24,24,20.016666666666666,26.59,1,Seco,Refrigerado,Santa Cruz,True,True
VIA-00736,ORD-2026-06165,CAM-27,PROD-013,2026-08-24 09:18:00,2026-08-24 20:48:00,24,24,3.779583333333333,5.46,0,Fresco,Refrigerado,Cochabamba,False,True
VIA-00737,ORD-2026-06619,CAM-28,PROD-025,2026-08-05 02:09:00,2026-08-05 13:39:00,24,24,-17.68625,-16.44,0,Congelado,Refrigerado,La Paz,False,True
VIA-00738,ORD-2026-06546,CAM-10,PROD-031,2026-08-03 13:27:00,2026-08-04 00:57:00,23,23,20.00391304347826,23.3,1,Seco,Refrigerado,La Paz,True,True
VIA-00739,ORD-2026-03995,CAM-20,PROD-041,2026-08-30 22:44:00,2026-08-31 10:14:00,24,24,-17.977083333333333,-16.45,0,Congelado,Refrigerado,Oruro,False,True
VIA-00740,ORD-2026-01576,CAM-16,PROD-059,2026-08-20 03:24:00,2026-08-20 14:54:00,24,23,20.330434782608698,22.75,0,Seco,Seco,Oruro,False,True
VIA-00741,ORD-2026-05596,CAM-12,PROD-007,2026-08-11 05:12:00,2026-08-11 16:42:00,24,24,20.27,24.44,0,Seco,Seco,La Paz,False,True
VIA-00742,ORD-2026-05487,CAM-10,PROD-051,2026-08-26 00:45:00,2026-08-26 12:15:00,24,24,-16.317916666666665,-8.99,6,Congelado,Refrigerado,La Paz,True,True
VIA-00743,ORD-2026-06555,CAM-10,PROD-049,2026-08-16 01:46:00,2026-08-16 13:16:00,24,0,,,0,Fresco,Refrigerado,La Paz,False,False
VIA-00744,ORD-2026-00690,CAM-29,PROD-040,2026-08-16 16:14:00,2026-08-17 03:44:00,24,24,20.585416666666667,24.02,0,Seco,Seco,Santa Cruz,False,True
VIA-00745,ORD-2026-01423,CAM-24,PROD-056,2026-08-25 06:04:00,2026-08-25 17:34:00,24,24,3.814583333333333,5.36,0,Fresco,Refrigerado,Oruro,False,True
VIA-00746,ORD-2026-07252,CAM-29,PROD-042,2026-08-09 08:06:00,2026-08-09 19:36:00,24,24,20.107083333333332,23.41,0,Seco,Seco,Santa Cruz,False,True
VIA-00747,ORD-2026-07045,CAM-05,PROD-006,2026-08-01 01:21:00,2026-08-01 12:51:00,24,24,20.57,25.76,1,Seco,Seco,Cochabamba,True,True
VIA-00748,ORD-2026-05572,CAM-22,PROD-021,2026-08-22 22:05:00,2026-08-23 09:35:00,24,24,3.9149999999999996,5.1,0,Fresco,Refrigerado,Cochabamba,False,True
VIA-00749,ORD-2026-02880,CAM-10,PROD-037,2026-08-04 02:51:00,2026-08-04 14:21:00,24,23,4.02391304347826,5.41,0,Fresco,Refrigerado,La Paz,False,True
VIA-00750,ORD-2026-02372,CAM-26,PROD-056,2026-08-15 23:59:00,2026-08-16 11:29:00,24,24,5.010416666666667,11.06,5,Fresco,Refrigerado,Tarija,True,True
VIA-00751,ORD-2026-06416,CAM-09,PROD-048,2026-08-04 06:52:00,2026-08-04 18:22:00,24,24,19.44875,23.38,0,Seco,Seco,Santa Cruz,False,True
VIA-00752,ORD-2026-07058,CAM-24,PROD-046,2026-08-01 03:28:00,2026-08-01 14:58:00,24,24,20.567083333333333,24.86,0,Seco,Refrigerado,Oruro,False,True
VIA-00753,ORD-2026-01152,CAM-10,PROD-036,2026-08-24 22:40:00,2026-08-25 10:10:00,24,0,,,0,Fresco,Refrigerado,La Paz,False,False
VIA-00754,ORD-2026-04582,CAM-08,PROD-054,2026-08-11 03:30:00,2026-08-11 15:00:00,24,24,-16.548750000000002,-9.65,5,Congelado,Refrigerado,Santa Cruz,True,True
VIA-00755,ORD-2026-06845,CAM-14,PROD-032,2026-08-20 02:55:00,2026-08-20 14:25:00,24,24,20.254166666666666,23.15,0,Seco,Seco,Cochabamba,False,True
VIA-00756,ORD-2026-06332,CAM-23,PROD-016,2026-08-30 23:17:00,2026-08-31 10:47:00,24,24,20.12875,24.96,0,Seco,Seco,Santa Cruz,False,True
VIA-00757,ORD-2026-01175,CAM-20,PROD-042,2026-08-27 01:46:00,2026-08-27 13:16:00,24,24,20.205416666666668,23.05,0,Seco,Refrigerado,Oruro,False,True
VIA-00758,ORD-2026-06488,CAM-01,PROD-012,2026-08-29 19:14:00,2026-08-30 06:44:00,24,23,19.47217391304348,22.61,0,Seco,Refrigerado,Cochabamba,False,True
VIA-00759,ORD-2026-01209,CAM-24,PROD-014,2026-08-10 19:22:00,2026-08-11 06:52:00,24,24,20.12125,23.28,0,Seco,Refrigerado,Oruro,False,True
VIA-00760,ORD-2026-06010,CAM-09,PROD-018,2026-08-06 17:53:00,2026-08-07 05:23:00,23,0,,,0,Seco,Seco,Santa Cruz,False,False
VIA-00761,ORD-2026-00954,CAM-24,PROD-015,2026-08-26 10:55:00,2026-08-26 22:25:00,23,23,3.9129951690821256,6.15,1,Fresco,Refrigerado,Oruro,True,True
VIA-00762,ORD-2026-00476,CAM-04,PROD-050,2026-08-06 03:29:00,2026-08-06 14:59:00,24,24,19.560416666666665,23.1,0,Seco,Seco,La Paz,False,True
VIA-00763,ORD-2026-01502,CAM-16,PROD-010,2026-08-17 09:26:00,2026-08-17 20:56:00,24,24,20.93,23.77,0,Seco,Seco,Oruro,False,True
VIA-00764,ORD-2026-06632,CAM-19,PROD-002,2026-08-14 05:06:00,2026-08-14 16:36:00,24,23,19.77608695652174,23.98,1,Seco,Refrigerado,Tarija,True,True
VIA-00765,ORD-2026-01572,CAM-01,PROD-051,2026-08-04 03:11:00,2026-08-04 14:41:00,24,24,-16.315324074074073,-9.86,6,Congelado,Refrigerado,Cochabamba,True,True
VIA-00766,ORD-2026-01516,CAM-19,PROD-001,2026-08-23 08:15:00,2026-08-23 19:45:00,24,22,3.916818181818182,5.3,0,Fresco,Refrigerado,Tarija,False,True
VIA-00767,ORD-2026-06294,CAM-08,PROD-037,2026-08-03 17:23:00,2026-08-04 04:53:00,24,24,4.944583333333333,10.49,5,Fresco,Refrigerado,Santa Cruz,True,True
VIA-00768,ORD-2026-06675,CAM-03,PROD-006,2026-08-30 20:27:00,2026-08-31 07:57:00,24,23,19.83,24.02,0,Seco,Seco,Oruro,False,True
VIA-00769,ORD-2026-02754,CAM-19,PROD-049,2026-08-13 09:13:00,2026-08-13 20:43:00,24,0,,,0,Fresco,Refrigerado,Tarija,False,False
VIA-00770,ORD-2026-03998,CAM-02,PROD-010,2026-08-22 08:13:00,2026-08-22 19:43:00,24,24,21.16625,25.73,1,Seco,Refrigerado,Cochabamba,True,True
VIA-00771,ORD-2026-05193,CAM-20,PROD-059,2026-08-17 04:38:00,2026-08-17 16:08:00,24,24,19.742083333333333,23.27,1,Seco,Refrigerado,Oruro,True,True
VIA-00772,ORD-2026-04299,CAM-02,PROD-012,2026-08-18 08:44:00,2026-08-18 20:14:00,24,24,20.232916666666668,22.71,0,Seco,Refrigerado,Cochabamba,False,True
VIA-00773,ORD-2026-01216,CAM-20,PROD-029,2026-08-21 12:04:00,2026-08-21 23:34:00,24,24,19.808333333333334,23.02,0,Seco,Refrigerado,Oruro,False,True
VIA-00774,ORD-2026-01663,CAM-11,PROD-054,2026-08-15 19:34:00,2026-08-16 07:04:00,24,24,-17.872916666666665,-16.49,0,Congelado,Refrigerado,Cochabamba,False,True
VIA-00775,ORD-2026-04341,CAM-24,PROD-046,2026-08-18 05:19:00,2026-08-18 16:49:00,24,24,19.86916666666667,22.62,0,Seco,Refrigerado,Oruro,False,True
VIA-00776,ORD-2026-01071,CAM-28,PROD-023,2026-08-16 22:31:00,2026-08-17 10:01:00,23,23,3.8817391304347826,4.94,0,Fresco,Refrigerado,La Paz,False,True
VIA-00777,ORD-2026-06731,CAM-03,PROD-020,2026-08-16 07:53:00,2026-08-16 19:23:00,24,23,19.7595652173913,23.81,0,Seco,Seco,Oruro,False,True
VIA-00778,ORD-2026-04697,CAM-22,PROD-030,2026-08-01 00:39:00,2026-08-01 12:09:00,24,24,19.1975,22.13,0,Seco,Refrigerado,Cochabamba,False,True
VIA-00779,ORD-2026-00014,CAM-08,PROD-029,2026-08-05 19:15:00,2026-08-06 06:45:00,24,24,20.01,24.72,0,Seco,Refrigerado,Santa Cruz,False,True
VIA-00780,ORD-2026-06303,CAM-10,PROD-056,2026-08-20 09:27:00,2026-08-20 20:57:00,24,24,4.123333333333333,6.02,1,Fresco,Refrigerado,La Paz,True,True
VIA-00781,ORD-2026-05431,CAM-08,PROD-001,2026-08-15 18:20:00,2026-08-16 05:50:00,24,24,4.17875,5.71,0,Fresco,Refrigerado,Santa Cruz,False,True
VIA-00782,ORD-2026-01609,CAM-19,PROD-047,2026-08-22 06:22:00,2026-08-22 17:52:00,24,24,5.458749999999999,10.64,5,Fresco,Refrigerado,Tarija,True,True
VIA-00783,ORD-2026-05701,CAM-20,PROD-052,2026-08-15 03:37:00,2026-08-15 15:07:00,23,23,3.9147826086956523,5.7,0,Fresco,Refrigerado,Oruro,False,True
VIA-00784,ORD-2026-02448,CAM-15,PROD-005,2026-08-22 02:28:00,2026-08-22 13:58:00,23,23,19.837391304347825,21.98,0,Seco,Refrigerado,La Paz,False,True
VIA-00785,ORD-2026-03355,CAM-24,PROD-011,2026-08-03 12:48:00,2026-08-04 00:18:00,24,24,-18.169999999999998,-17.33,0,Congelado,Refrigerado,Oruro,False,True
VIA-00786,ORD-2026-05280,CAM-13,PROD-040,2026-08-12 15:33:00,2026-08-13 03:03:00,24,24,20.993333333333332,23.22,0,Seco,Seco,Cochabamba,False,True
VIA-00787,ORD-2026-04827,CAM-01,PROD-036,2026-08-24 07:14:00,2026-08-24 18:44:00,24,0,,,0,Fresco,Refrigerado,Cochabamba,False,False
VIA-00788,ORD-2026-01291,CAM-24,PROD-046,2026-08-08 18:48:00,2026-08-09 06:18:00,24,24,20.12875,23.88,0,Seco,Refrigerado,Oruro,False,True
VIA-00789,ORD-2026-04946,CAM-09,PROD-042,2026-08-19 13:54:00,2026-08-20 01:24:00,24,24,20.19875,21.92,0,Seco,Seco,Santa Cruz,False,True
VIA-00790,ORD-2026-00579,CAM-26,PROD-032,2026-08-07 23:14:00,2026-08-08 10:44:00,24,24,19.099166666666665,22.65,0,Seco,Refrigerado,Tarija,False,True
VIA-00791,ORD-2026-05489,CAM-22,PROD-005,2026-08-20 05:19:00,2026-08-20 16:49:00,24,24,19.972083333333334,24.19,0,Seco,Refrigerado,Cochabamba,False,True
VIA-00792,ORD-2026-00283,CAM-08,PROD-049,2026-08-15 14:26:00,2026-08-16 01:56:00,24,0,,,0,Fresco,Refrigerado,Santa Cruz,False,False
VIA-00793,ORD-2026-03178,CAM-15,PROD-003,2026-08-04 08:03:00,2026-08-04 19:33:00,24,24,19.94125,22.74,0,Seco,Refrigerado,La Paz,False,True
VIA-00794,ORD-2026-02599,CAM-19,PROD-040,2026-08-26 21:58:00,2026-08-27 09:28:00,23,23,19.799565217391304,24.28,0,Seco,Refrigerado,Tarija,False,True
VIA-00795,ORD-2026-07355,CAM-26,PROD-029,2026-08-25 19:29:00,2026-08-26 06:59:00,24,24,20.017916666666668,22.58,0,Seco,Refrigerado,Tarija,False,True
VIA-00796,ORD-2026-02094,CAM-19,PROD-051,2026-08-22 18:32:00,2026-08-23 06:02:00,24,24,-18.124166666666667,-16.49,0,Congelado,Refrigerado,Tarija,False,True
VIA-00797,ORD-2026-00862,CAM-10,PROD-050,2026-08-21 16:48:00,2026-08-22 04:18:00,24,24,20.544166666666666,23.6,0,Seco,Refrigerado,La Paz,False,True
VIA-00798,ORD-2026-02748,CAM-02,PROD-011,2026-08-12 23:37:00,2026-08-13 11:07:00,24,24,-17.836666666666666,-16.46,0,Congelado,Refrigerado,Cochabamba,False,True
VIA-00799,ORD-2026-03153,CAM-10,PROD-057,2026-08-23 05:16:00,2026-08-23 16:46:00,24,24,19.918333333333333,22.53,0,Seco,Refrigerado,La Paz,False,True
VIA-00800,ORD-2026-02180,CAM-24,PROD-021,2026-08-24 18:54:00,2026-08-25 06:24:00,24,24,3.9920833333333334,5.54,0,Fresco,Refrigerado,Oruro,False,True
VIA-00801,ORD-2026-05376,CAM-26,PROD-055,2026-08-26 00:18:00,2026-08-26 11:48:00,24,24,20.21,23.81,0,Seco,Refrigerado,Tarija,False,True
VIA-00802,ORD-2026-04148,CAM-27,PROD-052,2026-08-25 16:01:00,2026-08-26 03:31:00,24,24,3.795,5.23,1,Fresco,Refrigerado,Cochabamba,True,True
VIA-00803,ORD-2026-02506,CAM-09,PROD-018,2026-08-22 06:27:00,2026-08-22 17:57:00,24,0,,,0,Seco,Seco,Santa Cruz,False,False
VIA-00804,ORD-2026-02744,CAM-26,PROD-024,2026-08-13 14:51:00,2026-08-14 02:21:00,24,24,19.490416666666665,25.02,1,Seco,Refrigerado,Tarija,True,True
VIA-00805,ORD-2026-04286,CAM-25,PROD-013,2026-08-28 04:46:00,2026-08-28 16:16:00,24,24,4.0200000000000005,5.24,0,Fresco,Refrigerado,Cochabamba,False,True
VIA-00806,ORD-2026-00865,CAM-08,PROD-008,2026-08-07 06:18:00,2026-08-07 17:48:00,24,24,-17.655833333333334,-15.99,1,Congelado,Refrigerado,Santa Cruz,True,True
VIA-00807,ORD-2026-01194,CAM-29,PROD-018,2026-08-15 14:00:00,2026-08-16 01:30:00,24,0,,,0,Seco,Seco,Santa Cruz,False,False
VIA-00808,ORD-2026-04644,CAM-08,PROD-047,2026-08-26 00:51:00,2026-08-26 12:21:00,24,24,4.433333333333334,5.9,0,Fresco,Refrigerado,Santa Cruz,False,True
VIA-00809,ORD-2026-02325,CAM-04,PROD-017,2026-08-22 08:10:00,2026-08-22 19:10:00,23,23,20.038695652173914,23.4,0,Seco,Seco,La Paz,False,True
VIA-00810,ORD-2026-07154,CAM-28,PROD-051,2026-08-25 05:10:00,2026-08-25 16:40:00,24,24,-18.25583333333333,-16.59,0,Congelado,Refrigerado,La Paz,False,True
VIA-00811,ORD-2026-01817,CAM-20,PROD-015,2026-08-07 07:45:00,2026-08-07 19:15:00,24,24,3.90625,5.14,0,Fresco,Refrigerado,Oruro,False,True
VIA-00812,ORD-2026-06578,CAM-25,PROD-047,2026-08-08 00:02:00,2026-08-08 11:32:00,24,24,4.06,5.05,0,Fresco,Refrigerado,Cochabamba,False,True
VIA-00813,ORD-2026-00406,CAM-28,PROD-003,2026-08-05 09:38:00,2026-08-05 21:08:00,24,24,20.773333333333333,24.75,0,Seco,Refrigerado,La Paz,False,True
VIA-00814,ORD-2026-06468,CAM-08,PROD-016,2026-08-12 08:09:00,2026-08-12 19:39:00,24,24,19.640833333333333,23.99,1,Seco,Refrigerado,Santa Cruz,True,True
VIA-00815,ORD-2026-00036,CAM-29,PROD-019,2026-08-15 20:28:00,2026-08-16 07:58:00,24,24,20.231666666666666,24.73,0,Seco,Seco,Santa Cruz,False,True
VIA-00816,ORD-2026-02113,CAM-20,PROD-010,2026-08-01 11:59:00,2026-08-01 23:29:00,24,24,19.646666666666665,21.83,0,Seco,Refrigerado,Oruro,False,True
VIA-00817,ORD-2026-03696,CAM-19,PROD-044,2026-08-29 19:04:00,2026-08-30 06:34:00,24,23,3.93,5.19,0,Fresco,Refrigerado,Tarija,False,True
VIA-00818,ORD-2026-05189,CAM-24,PROD-018,2026-08-27 02:03:00,2026-08-27 13:33:00,24,0,,,0,Seco,Refrigerado,Oruro,False,False
VIA-00819,ORD-2026-01821,CAM-01,PROD-040,2026-08-03 02:02:00,2026-08-03 13:32:00,24,24,19.25916666666667,22.39,0,Seco,Refrigerado,Cochabamba,False,True
VIA-00820,ORD-2026-03727,CAM-10,PROD-043,2026-08-27 04:22:00,2026-08-27 15:52:00,24,24,-16.516666666666666,-9.72,5,Congelado,Refrigerado,La Paz,True,True
VIA-00821,ORD-2026-06765,CAM-19,PROD-036,2026-08-01 18:53:00,2026-08-02 06:23:00,24,0,,,0,Fresco,Refrigerado,Tarija,False,False
VIA-00822,ORD-2026-04931,CAM-28,PROD-032,2026-08-15 18:40:00,2026-08-16 06:10:00,24,24,19.84875,22.31,0,Seco,Refrigerado,La Paz,False,True
VIA-00823,ORD-2026-03527,CAM-19,PROD-044,2026-08-02 22:34:00,2026-08-03 10:04:00,24,24,5.0737499999999995,10.61,5,Fresco,Refrigerado,Tarija,True,True
VIA-00824,ORD-2026-04778,CAM-28,PROD-049,2026-08-26 05:25:00,2026-08-26 16:55:00,24,0,,,0,Fresco,Refrigerado,La Paz,False,False
VIA-00825,ORD-2026-01054,CAM-08,PROD-037,2026-08-29 11:47:00,2026-08-29 23:17:00,24,24,4.120833333333333,6.05,1,Fresco,Refrigerado,Santa Cruz,True,True
VIA-00826,ORD-2026-01328,CAM-12,PROD-029,2026-08-08 13:33:00,2026-08-09 01:03:00,24,24,19.731666666666666,22.02,0,Seco,Seco,La Paz,False,True
VIA-00827,ORD-2026-01453,CAM-01,PROD-014,2026-08-22 20:19:00,2026-08-23 07:49:00,24,23,20.073478260869564,24.09,0,Seco,Refrigerado,Cochabamba,False,True
VIA-00828,ORD-2026-04623,CAM-01,PROD-049,2026-08-26 08:11:00,2026-08-26 19:41:00,24,0,,,0,Fresco,Refrigerado,Cochabamba,False,False
VIA-00829,ORD-2026-00696,CAM-24,PROD-041,2026-08-16 23:53:00,2026-08-17 11:23:00,24,23,-18.025652173913045,-16.42,0,Congelado,Refrigerado,Oruro,False,True
VIA-00830,ORD-2026-00964,CAM-20,PROD-058,2026-08-05 04:31:00,2026-08-05 16:01:00,24,24,-18.111250000000002,-16.24,1,Congelado,Refrigerado,Oruro,True,True
VIA-00831,ORD-2026-07048,CAM-28,PROD-046,2026-08-22 09:31:00,2026-08-22 21:01:00,24,24,20.422083333333333,25.19,1,Seco,Refrigerado,La Paz,True,True
VIA-00832,ORD-2026-03308,CAM-26,PROD-028,2026-08-20 14:18:00,2026-08-21 01:48:00,24,0,,,0,Seco,Refrigerado,Tarija,False,False
VIA-00833,ORD-2026-02268,CAM-27,PROD-016,2026-08-12 18:57:00,2026-08-13 06:27:00,24,24,19.541666666666668,22.68,1,Seco,Refrigerado,Cochabamba,True,True
VIA-00834,ORD-2026-05330,CAM-08,PROD-040,2026-08-10 00:37:00,2026-08-10 12:07:00,24,24,20.605416666666667,25.05,2,Seco,Refrigerado,Santa Cruz,True,True
VIA-00835,ORD-2026-00787,CAM-25,PROD-060,2026-08-13 00:53:00,2026-08-13 12:23:00,23,23,-16.376521739130432,-9.64,5,Congelado,Refrigerado,Cochabamba,True,True
VIA-00836,ORD-2026-05885,CAM-19,PROD-052,2026-08-30 16:24:00,2026-08-31 03:54:00,24,24,4.180833333333333,5.35,1,Fresco,Refrigerado,Tarija,True,True
VIA-00837,ORD-2026-05889,CAM-15,PROD-055,2026-08-02 05:25:00,2026-08-02 16:55:00,23,23,20.136521739130433,23.67,0,Seco,Refrigerado,La Paz,False,True
VIA-00838,ORD-2026-02844,CAM-20,PROD-046,2026-08-11 22:45:00,2026-08-12 10:15:00,24,24,19.969166666666666,23.09,0,Seco,Refrigerado,Oruro,False,True
VIA-00839,ORD-2026-05283,CAM-25,PROD-056,2026-08-20 12:29:00,2026-08-20 23:59:00,24,24,4.164583333333334,5.33,0,Fresco,Refrigerado,Cochabamba,False,True
VIA-00840,ORD-2026-05651,CAM-15,PROD-010,2026-08-13 14:50:00,2026-08-14 02:20:00,24,24,19.544999999999998,23.36,0,Seco,Refrigerado,La Paz,False,True
VIA-00841,ORD-2026-03786,CAM-10,PROD-011,2026-08-16 03:26:00,2026-08-16 14:56:00,24,24,-17.976666666666667,-16.5,0,Congelado,Refrigerado,La Paz,False,True
VIA-00842,ORD-2026-00500,CAM-25,PROD-019,2026-08-07 20:33:00,2026-08-08 08:03:00,24,24,19.861666666666668,22.95,0,Seco,Refrigerado,Cochabamba,False,True
VIA-00843,ORD-2026-07262,CAM-28,PROD-025,2026-08-26 00:12:00,2026-08-26 11:42:00,23,23,-16.73608695652174,-8.61,5,Congelado,Refrigerado,La Paz,True,True
VIA-00844,ORD-2026-05033,CAM-10,PROD-054,2026-08-08 16:59:00,2026-08-09 04:29:00,24,24,-18.01,-16.51,0,Congelado,Refrigerado,La Paz,False,True
VIA-00845,ORD-2026-01299,CAM-10,PROD-044,2026-08-14 15:29:00,2026-08-15 02:59:00,24,24,4.139583333333333,6.43,1,Fresco,Refrigerado,La Paz,True,True
VIA-00846,ORD-2026-02382,CAM-28,PROD-046,2026-08-16 03:16:00,2026-08-16 14:46:00,24,24,19.91208333333333,24.02,0,Seco,Refrigerado,La Paz,False,True
VIA-00847,ORD-2026-04887,CAM-19,PROD-018,2026-08-18 07:45:00,2026-08-18 19:15:00,23,0,,,0,Seco,Refrigerado,Tarija,False,False
VIA-00848,ORD-2026-02675,CAM-15,PROD-001,2026-08-16 18:46:00,2026-08-17 06:16:00,24,24,4.16375,5.68,0,Fresco,Refrigerado,La Paz,False,True
VIA-00849,ORD-2026-02982,CAM-24,PROD-012,2026-08-19 21:15:00,2026-08-20 08:45:00,24,24,19.649166666666666,23.87,0,Seco,Refrigerado,Oruro,False,True
VIA-00850,ORD-2026-05780,CAM-26,PROD-034,2026-08-15 22:40:00,2026-08-16 10:10:00,23,23,5.000869565217391,10.89,4,Fresco,Refrigerado,Tarija,True,True
VIA-00851,ORD-2026-04950,CAM-19,PROD-055,2026-08-13 15:27:00,2026-08-14 02:57:00,24,24,19.924166666666668,23.43,0,Seco,Refrigerado,Tarija,False,True
VIA-00852,ORD-2026-06976,CAM-19,PROD-034,2026-08-22 22:18:00,2026-08-23 09:48:00,24,24,5.454166666666667,11.12,5,Fresco,Refrigerado,Tarija,True,True
VIA-00853,ORD-2026-06319,CAM-02,PROD-052,2026-08-16 12:36:00,2026-08-17 00:06:00,23,23,5.298260869565217,10.71,5,Fresco,Refrigerado,Cochabamba,True,True
VIA-00854,ORD-2026-06495,CAM-24,PROD-017,2026-08-11 19:38:00,2026-08-12 07:08:00,24,24,19.775000000000002,22.61,0,Seco,Refrigerado,Oruro,False,True
VIA-00855,ORD-2026-02190,CAM-26,PROD-042,2026-08-01 07:37:00,2026-08-01 19:07:00,24,24,20.71166666666667,24.09,0,Seco,Refrigerado,Tarija,False,True
VIA-00856,ORD-2026-05146,CAM-28,PROD-024,2026-08-20 12:06:00,2026-08-20 23:36:00,24,24,19.847916666666666,23.38,0,Seco,Refrigerado,La Paz,False,True
VIA-00857,ORD-2026-01927,CAM-08,PROD-004,2026-08-09 17:08:00,2026-08-10 04:38:00,24,24,3.938333333333333,5.47,0,Fresco,Refrigerado,Santa Cruz,False,True
VIA-00858,ORD-2026-04635,CAM-01,PROD-029,2026-08-29 21:30:00,2026-08-30 09:00:00,24,24,19.892500000000002,23.15,0,Seco,Refrigerado,Cochabamba,False,True
VIA-00859,ORD-2026-04106,CAM-25,PROD-013,2026-08-28 11:25:00,2026-08-28 22:55:00,24,24,3.76375,5.32,1,Fresco,Refrigerado,Cochabamba,True,True
VIA-00860,ORD-2026-02367,CAM-28,PROD-053,2026-08-14 12:09:00,2026-08-14 23:39:00,24,24,4.1525,5.96,1,Fresco,Refrigerado,La Paz,True,True
VIA-00861,ORD-2026-00829,CAM-06,PROD-039,2026-08-24 16:54:00,2026-08-25 04:24:00,24,23,20.16772946859903,24.82,0,Seco,Seco,Cochabamba,False,True
VIA-00862,ORD-2026-02068,CAM-27,PROD-001,2026-08-30 00:37:00,2026-08-30 12:07:00,24,24,5.51875,11.27,5,Fresco,Refrigerado,Cochabamba,True,True
VIA-00863,ORD-2026-05918,CAM-08,PROD-052,2026-08-21 04:48:00,2026-08-21 16:18:00,24,24,5.167916666666667,10.91,5,Fresco,Refrigerado,Santa Cruz,True,True
VIA-00864,ORD-2026-00645,CAM-24,PROD-043,2026-08-03 03:48:00,2026-08-03 15:18:00,24,24,-18.22458333333333,-16.43,0,Congelado,Refrigerado,Oruro,False,True
VIA-00865,ORD-2026-05015,CAM-04,PROD-020,2026-08-18 13:40:00,2026-08-19 01:10:00,24,24,21.48625,27.62,1,Seco,Seco,La Paz,True,True
VIA-00866,ORD-2026-07341,CAM-02,PROD-032,2026-08-07 14:23:00,2026-08-08 01:53:00,24,24,20.522916666666667,24.65,0,Seco,Refrigerado,Cochabamba,False,True
VIA-00867,ORD-2026-05217,CAM-19,PROD-021,2026-08-14 02:02:00,2026-08-14 13:32:00,24,24,4.13125,6.1,1,Fresco,Refrigerado,Tarija,True,True
VIA-00868,ORD-2026-07482,CAM-24,PROD-026,2026-08-14 04:37:00,2026-08-14 16:07:00,24,0,,,0,Fresco,Refrigerado,Oruro,False,False
VIA-00869,ORD-2026-02812,CAM-26,PROD-058,2026-08-23 00:11:00,2026-08-23 11:41:00,24,24,-17.8275,-16.5,0,Congelado,Refrigerado,Tarija,False,True
VIA-00870,ORD-2026-02505,CAM-20,PROD-008,2026-08-02 18:57:00,2026-08-03 06:27:00,24,24,-17.6875,-16.24,0,Congelado,Refrigerado,Oruro,False,True
VIA-00871,ORD-2026-05637,CAM-24,PROD-030,2026-08-10 00:33:00,2026-08-10 12:03:00,24,24,19.87625,22.99,0,Seco,Refrigerado,Oruro,False,True
VIA-00872,ORD-2026-00235,CAM-08,PROD-013,2026-08-14 03:29:00,2026-08-14 14:59:00,24,24,3.9324999999999997,5.08,0,Fresco,Refrigerado,Santa Cruz,False,True
VIA-00873,ORD-2026-04386,CAM-19,PROD-027,2026-08-04 08:57:00,2026-08-04 20:27:00,24,24,4.0441666666666665,5.48,0,Fresco,Refrigerado,Tarija,False,True
VIA-00874,ORD-2026-01730,CAM-24,PROD-013,2026-08-23 10:56:00,2026-08-23 22:26:00,24,24,4.97375,10.2,5,Fresco,Refrigerado,Oruro,True,True
VIA-00875,ORD-2026-07088,CAM-19,PROD-004,2026-08-24 07:44:00,2026-08-24 19:14:00,24,24,3.7295833333333337,5.03,0,Fresco,Refrigerado,Tarija,False,True
VIA-00876,ORD-2026-03176,CAM-08,PROD-025,2026-08-24 01:55:00,2026-08-24 13:25:00,24,24,-18.085833333333333,-17.05,0,Congelado,Refrigerado,Santa Cruz,False,True
VIA-00877,ORD-2026-06341,CAM-03,PROD-007,2026-08-07 21:14:00,2026-08-08 08:44:00,24,24,19.818749999999998,23.74,0,Seco,Seco,Oruro,False,True
VIA-00878,ORD-2026-02175,CAM-01,PROD-056,2026-08-08 05:10:00,2026-08-08 16:40:00,23,23,4.138695652173913,5.63,0,Fresco,Refrigerado,Cochabamba,False,True
VIA-00879,ORD-2026-06707,CAM-01,PROD-020,2026-08-19 08:01:00,2026-08-19 19:31:00,23,23,20.24695652173913,23.56,1,Seco,Refrigerado,Cochabamba,True,True
VIA-00880,ORD-2026-04852,CAM-26,PROD-049,2026-08-09 23:22:00,2026-08-10 10:52:00,24,0,,,0,Fresco,Refrigerado,Tarija,False,False
VIA-00881,ORD-2026-06420,CAM-08,PROD-049,2026-08-17 20:30:00,2026-08-18 08:00:00,24,0,,,0,Fresco,Refrigerado,Santa Cruz,False,False
VIA-00882,ORD-2026-00488,CAM-26,PROD-041,2026-08-23 21:02:00,2026-08-24 08:32:00,24,23,-17.81869565217391,-16.5,0,Congelado,Refrigerado,Tarija,False,True
VIA-00883,ORD-2026-02126,CAM-19,PROD-012,2026-08-20 07:13:00,2026-08-20 18:43:00,24,24,21.025833333333335,23.32,0,Seco,Refrigerado,Tarija,False,True
VIA-00884,ORD-2026-02791,CAM-02,PROD-009,2026-08-14 08:44:00,2026-08-14 20:14:00,24,24,3.6816666666666666,4.91,0,Fresco,Refrigerado,Cochabamba,False,True
VIA-00885,ORD-2026-07094,CAM-08,PROD-036,2026-08-25 17:07:00,2026-08-26 04:07:00,23,0,,,0,Fresco,Refrigerado,Santa Cruz,False,False
VIA-00886,ORD-2026-05098,CAM-21,PROD-024,2026-08-03 05:38:00,2026-08-03 17:08:00,24,24,19.750833333333333,25.02,2,Seco,Seco,Tarija,True,True
VIA-00887,ORD-2026-06124,CAM-28,PROD-052,2026-08-26 20:14:00,2026-08-27 07:44:00,24,24,5.399166666666667,10.56,5,Fresco,Refrigerado,La Paz,True,True
VIA-00888,ORD-2026-02732,CAM-15,PROD-031,2026-08-22 14:18:00,2026-08-23 01:48:00,24,24,19.51087962962963,22.88,1,Seco,Refrigerado,La Paz,True,True
VIA-00889,ORD-2026-03183,CAM-07,PROD-060,2026-08-07 05:11:00,2026-08-07 16:41:00,24,23,-17.995652173913044,-16.26,0,Congelado,Seco,La Paz,False,True
VIA-00890,ORD-2026-02273,CAM-30,PROD-019,2026-08-04 05:54:00,2026-08-04 17:24:00,24,24,20.285,24.68,0,Seco,Seco,Cochabamba,False,True
VIA-00891,ORD-2026-02097,CAM-03,PROD-057,2026-08-23 03:12:00,2026-08-23 14:42:00,24,24,19.89087962962963,21.91,0,Seco,Seco,Oruro,False,True
VIA-00892,ORD-2026-06656,CAM-08,PROD-034,2026-08-14 18:37:00,2026-08-15 06:07:00,24,24,4.006666666666667,5.38,0,Fresco,Refrigerado,Santa Cruz,False,True
VIA-00893,ORD-2026-01236,CAM-10,PROD-049,2026-08-05 02:47:00,2026-08-05 13:47:00,22,0,,,0,Fresco,Refrigerado,La Paz,False,False
VIA-00894,ORD-2026-03236,CAM-26,PROD-015,2026-08-30 11:10:00,2026-08-30 22:40:00,24,23,4.03695652173913,5.29,0,Fresco,Refrigerado,Tarija,False,True
VIA-00895,ORD-2026-01584,CAM-28,PROD-054,2026-08-22 21:05:00,2026-08-23 08:35:00,24,23,-18.077391304347827,-16.53,0,Congelado,Refrigerado,La Paz,False,True
VIA-00896,ORD-2026-06348,CAM-09,PROD-014,2026-08-03 19:11:00,2026-08-04 06:41:00,24,24,19.289166666666667,22.92,1,Seco,Seco,Santa Cruz,True,True
VIA-00897,ORD-2026-04328,CAM-23,PROD-027,2026-08-30 14:23:00,2026-08-31 01:53:00,24,24,5.257499999999999,11.49,5,Fresco,Seco,Santa Cruz,True,True
VIA-00898,ORD-2026-05708,CAM-06,PROD-032,2026-08-09 18:05:00,2026-08-10 05:35:00,24,24,21.473333333333333,26.75,3,Seco,Seco,Cochabamba,True,True
VIA-00899,ORD-2026-07152,CAM-08,PROD-041,2026-08-13 12:00:00,2026-08-13 23:30:00,24,24,-17.982499999999998,-16.55,0,Congelado,Refrigerado,Santa Cruz,False,True
VIA-00900,ORD-2026-03981,CAM-21,PROD-005,2026-08-13 12:03:00,2026-08-13 23:33:00,24,24,21.102916666666665,23.68,0,Seco,Seco,Tarija,False,True
VIA-00901,ORD-2026-06283,CAM-20,PROD-054,2026-08-11 06:51:00,2026-08-11 18:21:00,24,24,-16.15458333333333,-8.54,5,Congelado,Refrigerado,Oruro,True,True
VIA-00902,ORD-2026-01285,CAM-04,PROD-028,2026-08-09 12:35:00,2026-08-10 00:05:00,24,0,,,0,Seco,Seco,La Paz,False,False
VIA-00903,ORD-2026-05830,CAM-19,PROD-051,2026-08-04 18:18:00,2026-08-05 05:48:00,24,24,-17.923750000000002,-16.09,0,Congelado,Refrigerado,Tarija,False,True
VIA-00904,ORD-2026-03657,CAM-29,PROD-032,2026-08-19 18:44:00,2026-08-20 06:14:00,24,24,20.065416666666668,22.34,0,Seco,Seco,Santa Cruz,False,True
VIA-00905,ORD-2026-02563,CAM-28,PROD-040,2026-08-09 22:05:00,2026-08-10 09:35:00,24,23,19.757826086956523,24.35,0,Seco,Refrigerado,La Paz,False,True
VIA-00906,ORD-2026-04265,CAM-21,PROD-006,2026-08-28 23:32:00,2026-08-29 11:02:00,24,24,20.125416666666666,22.92,0,Seco,Seco,Tarija,False,True
VIA-00907,ORD-2026-07219,CAM-17,PROD-040,2026-08-09 22:21:00,2026-08-10 09:51:00,23,23,19.417826086956524,22.74,0,Seco,Seco,Cochabamba,False,True
VIA-00908,ORD-2026-01137,CAM-08,PROD-022,2026-08-27 04:52:00,2026-08-27 16:22:00,24,24,3.854583333333333,5.44,0,Fresco,Refrigerado,Santa Cruz,False,True
VIA-00909,ORD-2026-04392,CAM-01,PROD-034,2026-08-18 10:04:00,2026-08-18 21:34:00,24,24,4.1554166666666665,5.39,0,Fresco,Refrigerado,Cochabamba,False,True
VIA-00910,ORD-2026-01845,CAM-26,PROD-020,2026-08-24 20:59:00,2026-08-25 08:29:00,24,24,20.737916666666667,25.4,1,Seco,Refrigerado,Tarija,True,True
VIA-00911,ORD-2026-00373,CAM-28,PROD-053,2026-08-09 04:15:00,2026-08-09 15:45:00,24,24,3.768333333333333,5.37,2,Fresco,Refrigerado,La Paz,True,True
VIA-00912,ORD-2026-01925,CAM-20,PROD-019,2026-08-05 16:35:00,2026-08-06 04:05:00,24,24,20.112916666666667,24.63,0,Seco,Refrigerado,Oruro,False,True
VIA-00913,ORD-2026-05582,CAM-09,PROD-029,2026-08-04 23:42:00,2026-08-05 11:12:00,24,24,20.254166666666666,25.78,2,Seco,Seco,Santa Cruz,True,True
VIA-00914,ORD-2026-01504,CAM-10,PROD-014,2026-08-02 05:19:00,2026-08-02 16:19:00,23,23,19.66304347826087,23.71,0,Seco,Refrigerado,La Paz,False,True
VIA-00915,ORD-2026-01670,CAM-15,PROD-025,2026-08-24 22:15:00,2026-08-25 09:45:00,24,24,-18.21,-17.07,0,Congelado,Refrigerado,La Paz,False,True
VIA-00916,ORD-2026-03245,CAM-23,PROD-016,2026-08-22 02:32:00,2026-08-22 14:02:00,24,24,20.065416666666668,22.73,0,Seco,Seco,Santa Cruz,False,True
VIA-00917,ORD-2026-04657,CAM-08,PROD-044,2026-08-17 04:14:00,2026-08-17 15:44:00,24,24,3.903333333333333,5.77,0,Fresco,Refrigerado,Santa Cruz,False,True
VIA-00918,ORD-2026-05566,CAM-03,PROD-056,2026-08-04 18:35:00,2026-08-05 06:05:00,24,24,5.345416666666666,11.21,6,Fresco,Seco,Oruro,True,True
VIA-00919,ORD-2026-04515,CAM-24,PROD-022,2026-08-29 17:58:00,2026-08-30 05:28:00,24,24,3.79625,5.44,0,Fresco,Refrigerado,Oruro,False,True
VIA-00920,ORD-2026-03128,CAM-19,PROD-020,2026-08-24 14:30:00,2026-08-25 02:00:00,24,24,20.524166666666666,23.47,0,Seco,Refrigerado,Tarija,False,True
VIA-00921,ORD-2026-02298,CAM-10,PROD-016,2026-08-23 01:34:00,2026-08-23 13:04:00,24,24,20.067083333333333,24.06,0,Seco,Refrigerado,La Paz,False,True
VIA-00922,ORD-2026-06614,CAM-27,PROD-022,2026-08-18 10:45:00,2026-08-18 22:15:00,24,24,3.9599999999999995,5.89,0,Fresco,Refrigerado,Cochabamba,False,True
VIA-00923,ORD-2026-00103,CAM-03,PROD-007,2026-08-21 12:10:00,2026-08-21 23:40:00,24,24,20.066666666666666,22.75,0,Seco,Seco,Oruro,False,True
VIA-00924,ORD-2026-04824,CAM-24,PROD-017,2026-08-09 06:00:00,2026-08-09 17:30:00,24,24,20.499583333333334,24.62,0,Seco,Refrigerado,Oruro,False,True
VIA-00925,ORD-2026-02411,CAM-24,PROD-044,2026-08-21 16:45:00,2026-08-22 04:15:00,24,24,3.7912500000000002,5.08,1,Fresco,Refrigerado,Oruro,True,True
VIA-00926,ORD-2026-02405,CAM-08,PROD-002,2026-08-05 09:00:00,2026-08-05 20:30:00,24,24,20.06625,24.3,0,Seco,Refrigerado,Santa Cruz,False,True
VIA-00927,ORD-2026-07022,CAM-20,PROD-002,2026-08-26 06:05:00,2026-08-26 17:05:00,23,23,19.49086956521739,23.43,0,Seco,Refrigerado,Oruro,False,True
VIA-00928,ORD-2026-07087,CAM-20,PROD-023,2026-08-08 03:52:00,2026-08-08 15:22:00,24,24,4.01875,5.85,0,Fresco,Refrigerado,Oruro,False,True
VIA-00929,ORD-2026-05494,CAM-30,PROD-029,2026-08-09 09:36:00,2026-08-09 21:06:00,24,24,20.0225,24.03,0,Seco,Seco,Cochabamba,False,True
VIA-00930,ORD-2026-02185,CAM-20,PROD-009,2026-08-16 09:53:00,2026-08-16 21:23:00,24,24,4.0687500000000005,5.82,0,Fresco,Refrigerado,Oruro,False,True
VIA-00931,ORD-2026-02826,CAM-24,PROD-022,2026-08-02 16:00:00,2026-08-03 03:30:00,24,24,3.98375,5.14,0,Fresco,Refrigerado,Oruro,False,True
VIA-00932,ORD-2026-02192,CAM-26,PROD-050,2026-08-29 18:45:00,2026-08-30 06:15:00,23,23,19.948260869565217,24.54,0,Seco,Refrigerado,Tarija,False,True
VIA-00933,ORD-2026-04734,CAM-19,PROD-008,2026-08-13 19:37:00,2026-08-14 07:07:00,24,24,-18.14625,-16.74,1,Congelado,Refrigerado,Tarija,True,True
VIA-00934,ORD-2026-04166,CAM-21,PROD-016,2026-08-22 05:51:00,2026-08-22 17:21:00,24,24,19.212083333333332,25.4,2,Seco,Seco,Tarija,True,True
VIA-00935,ORD-2026-05703,CAM-11,PROD-017,2026-08-13 18:33:00,2026-08-14 06:03:00,24,24,20.467499999999998,23.31,0,Seco,Refrigerado,Cochabamba,False,True
VIA-00936,ORD-2026-04711,CAM-25,PROD-047,2026-08-05 14:28:00,2026-08-06 01:58:00,24,24,3.737083333333333,4.8,0,Fresco,Refrigerado,Cochabamba,False,True
VIA-00937,ORD-2026-00712,CAM-27,PROD-052,2026-08-29 05:50:00,2026-08-29 17:20:00,24,24,5.12625,11.47,5,Fresco,Refrigerado,Cochabamba,True,True
VIA-00938,ORD-2026-03401,CAM-25,PROD-034,2026-08-12 04:36:00,2026-08-12 16:06:00,24,24,4.002083333333333,6.12,1,Fresco,Refrigerado,Cochabamba,True,True
VIA-00939,ORD-2026-05340,CAM-03,PROD-030,2026-08-14 00:42:00,2026-08-14 12:12:00,24,24,20.180833333333336,23.55,0,Seco,Seco,Oruro,False,True
VIA-00940,ORD-2026-05099,CAM-24,PROD-030,2026-08-14 00:52:00,2026-08-14 12:22:00,24,24,20.1125,23.48,0,Seco,Refrigerado,Oruro,False,True
VIA-00941,ORD-2026-01160,CAM-19,PROD-009,2026-08-09 22:33:00,2026-08-10 10:03:00,24,24,4.068333333333333,5.07,0,Fresco,Refrigerado,Tarija,False,True
VIA-00942,ORD-2026-01543,CAM-26,PROD-057,2026-08-01 00:10:00,2026-08-01 11:40:00,24,23,19.80608695652174,23.16,0,Seco,Refrigerado,Tarija,False,True
VIA-00943,ORD-2026-05464,CAM-19,PROD-050,2026-08-12 00:34:00,2026-08-12 12:04:00,23,23,19.847826086956523,23.48,0,Seco,Refrigerado,Tarija,False,True
VIA-00944,ORD-2026-00695,CAM-08,PROD-029,2026-08-18 16:39:00,2026-08-19 04:09:00,24,24,19.689583333333335,22.61,0,Seco,Refrigerado,Santa Cruz,False,True
VIA-00945,ORD-2026-04511,CAM-10,PROD-032,2026-08-01 01:21:00,2026-08-01 12:51:00,24,24,19.378333333333334,23.11,0,Seco,Refrigerado,La Paz,False,True
VIA-00946,ORD-2026-05672,CAM-20,PROD-053,2026-08-01 14:06:00,2026-08-02 01:36:00,24,24,4.1075,5.66,0,Fresco,Refrigerado,Oruro,False,True
VIA-00947,ORD-2026-03943,CAM-22,PROD-001,2026-08-12 04:37:00,2026-08-12 16:07:00,24,24,4.28,5.57,0,Fresco,Refrigerado,Cochabamba,False,True
VIA-00948,ORD-2026-02486,CAM-20,PROD-026,2026-08-13 09:40:00,2026-08-13 21:10:00,24,0,,,0,Fresco,Refrigerado,Oruro,False,False
VIA-00949,ORD-2026-01245,CAM-20,PROD-049,2026-08-07 05:02:00,2026-08-07 16:32:00,24,0,,,0,Fresco,Refrigerado,Oruro,False,False
VIA-00950,ORD-2026-03993,CAM-09,PROD-040,2026-08-09 04:38:00,2026-08-09 16:08:00,24,24,19.974999999999998,24.59,0,Seco,Seco,Santa Cruz,False,True
VIA-00951,ORD-2026-00365,CAM-15,PROD-005,2026-08-29 00:48:00,2026-08-29 12:18:00,24,24,20.121666666666666,22.21,0,Seco,Refrigerado,La Paz,False,True
VIA-00952,ORD-2026-06575,CAM-19,PROD-043,2026-08-26 09:22:00,2026-08-26 20:52:00,24,23,-18.07217391304348,-16.6,0,Congelado,Refrigerado,Tarija,False,True
VIA-00953,ORD-2026-04527,CAM-08,PROD-043,2026-08-12 19:45:00,2026-08-13 07:15:00,24,24,-16.52125,-9.81,5,Congelado,Refrigerado,Santa Cruz,True,True
VIA-00954,ORD-2026-01196,CAM-20,PROD-012,2026-08-04 20:23:00,2026-08-05 07:53:00,24,24,20.274583333333336,23.06,0,Seco,Refrigerado,Oruro,False,True
VIA-00955,ORD-2026-03359,CAM-20,PROD-052,2026-08-12 22:27:00,2026-08-13 09:57:00,24,24,4.20875,6.55,1,Fresco,Refrigerado,Oruro,True,True
VIA-00956,ORD-2026-02389,CAM-08,PROD-025,2026-08-30 11:38:00,2026-08-30 23:08:00,24,24,-18.005,-17.02,1,Congelado,Refrigerado,Santa Cruz,True,True
VIA-00957,ORD-2026-07439,CAM-08,PROD-026,2026-08-08 11:35:00,2026-08-08 23:05:00,23,0,,,0,Fresco,Refrigerado,Santa Cruz,False,False
VIA-00958,ORD-2026-06077,CAM-24,PROD-036,2026-08-13 06:26:00,2026-08-13 17:56:00,24,0,,,0,Fresco,Refrigerado,Oruro,False,False
VIA-00959,ORD-2026-05906,CAM-16,PROD-054,2026-08-16 19:55:00,2026-08-17 07:25:00,24,24,-16.422916666666666,-9.95,5,Congelado,Seco,Oruro,True,True
VIA-00960,ORD-2026-04061,CAM-20,PROD-039,2026-08-17 18:29:00,2026-08-18 05:59:00,24,24,19.742916666666666,24.1,0,Seco,Refrigerado,Oruro,False,True
VIA-00961,ORD-2026-06299,CAM-11,PROD-034,2026-08-16 08:19:00,2026-08-16 19:49:00,24,23,4.158695652173913,5.24,0,Fresco,Refrigerado,Cochabamba,False,True
VIA-00962,ORD-2026-07499,CAM-18,PROD-050,2026-08-08 20:13:00,2026-08-09 07:43:00,24,24,19.72041666666667,24.39,0,Seco,Seco,Santa Cruz,False,True
VIA-00963,ORD-2026-07082,CAM-03,PROD-031,2026-08-02 20:08:00,2026-08-03 07:38:00,23,23,20.191739130434783,25.39,1,Seco,Seco,Oruro,True,True
VIA-00964,ORD-2026-00420,CAM-24,PROD-051,2026-08-28 11:40:00,2026-08-28 23:10:00,24,24,-18.02199074074074,-17.04,0,Congelado,Refrigerado,Oruro,False,True
VIA-00965,ORD-2026-01928,CAM-03,PROD-019,2026-08-25 04:16:00,2026-08-25 15:46:00,24,24,19.552083333333332,24.0,0,Seco,Seco,Oruro,False,True
VIA-00966,ORD-2026-00270,CAM-24,PROD-001,2026-08-28 06:59:00,2026-08-28 18:29:00,24,23,4.409130434782608,5.82,0,Fresco,Refrigerado,Oruro,False,True
VIA-00967,ORD-2026-03341,CAM-02,PROD-052,2026-08-15 03:59:00,2026-08-15 15:29:00,24,24,4.02125,6.29,1,Fresco,Refrigerado,Cochabamba,True,True
VIA-00968,ORD-2026-03406,CAM-28,PROD-047,2026-08-27 13:07:00,2026-08-28 00:37:00,23,23,5.247826086956522,10.56,5,Fresco,Refrigerado,La Paz,True,True
VIA-00969,ORD-2026-03173,CAM-18,PROD-029,2026-08-18 13:59:00,2026-08-19 01:29:00,24,24,20.19,23.73,0,Seco,Seco,Santa Cruz,False,True
VIA-00970,ORD-2026-00258,CAM-04,PROD-057,2026-08-25 02:14:00,2026-08-25 13:44:00,24,24,20.11375,23.91,0,Seco,Seco,La Paz,False,True
VIA-00971,ORD-2026-00295,CAM-16,PROD-032,2026-08-08 04:20:00,2026-08-08 15:50:00,24,24,21.24875,29.27,4,Seco,Seco,Oruro,True,True
VIA-00972,ORD-2026-02530,CAM-24,PROD-012,2026-08-13 17:03:00,2026-08-14 04:33:00,24,24,20.039583333333333,24.82,0,Seco,Refrigerado,Oruro,False,True
VIA-00973,ORD-2026-05209,CAM-08,PROD-025,2026-08-20 00:33:00,2026-08-20 12:03:00,24,24,-17.95,-16.59,1,Congelado,Refrigerado,Santa Cruz,True,True
VIA-00974,ORD-2026-00142,CAM-19,PROD-036,2026-08-27 09:34:00,2026-08-27 21:04:00,24,0,,,0,Fresco,Refrigerado,Tarija,False,False
VIA-00975,ORD-2026-00030,CAM-20,PROD-011,2026-08-08 09:10:00,2026-08-08 20:40:00,24,24,-17.91375,-16.75,0,Congelado,Refrigerado,Oruro,False,True
VIA-00976,ORD-2026-00608,CAM-09,PROD-055,2026-08-09 06:53:00,2026-08-09 18:23:00,24,24,20.3425,24.13,1,Seco,Seco,Santa Cruz,True,True
VIA-00977,ORD-2026-01289,CAM-20,PROD-056,2026-08-21 16:00:00,2026-08-22 03:30:00,24,23,3.696521739130435,4.57,0,Fresco,Refrigerado,Oruro,False,True
VIA-00978,ORD-2026-03708,CAM-04,PROD-048,2026-08-02 13:15:00,2026-08-03 00:45:00,24,24,19.638749999999998,24.18,0,Seco,Seco,La Paz,False,True
VIA-00979,ORD-2026-06611,CAM-27,PROD-016,2026-08-12 07:05:00,2026-08-12 18:35:00,24,24,19.94125,23.49,0,Seco,Refrigerado,Cochabamba,False,True
VIA-00980,ORD-2026-05944,CAM-26,PROD-007,2026-08-05 11:02:00,2026-08-05 22:32:00,24,24,20.10875,23.99,0,Seco,Refrigerado,Tarija,False,True
VIA-00981,ORD-2026-01165,CAM-28,PROD-011,2026-08-27 09:44:00,2026-08-27 21:14:00,24,24,-18.0275,-16.52,0,Congelado,Refrigerado,La Paz,False,True
VIA-00982,ORD-2026-04963,CAM-24,PROD-034,2026-08-14 14:14:00,2026-08-15 01:44:00,24,23,4.111304347826087,5.34,1,Fresco,Refrigerado,Oruro,True,True
VIA-00983,ORD-2026-04379,CAM-08,PROD-022,2026-08-21 20:46:00,2026-08-22 08:16:00,24,24,3.9470833333333335,5.54,0,Fresco,Refrigerado,Santa Cruz,False,True
VIA-00984,ORD-2026-02983,CAM-24,PROD-058,2026-08-08 12:52:00,2026-08-09 00:22:00,24,23,-18.15913043478261,-16.91,0,Congelado,Refrigerado,Oruro,False,True
VIA-00985,ORD-2026-01091,CAM-19,PROD-058,2026-08-04 13:49:00,2026-08-05 01:19:00,24,24,-18.110833333333336,-16.04,0,Congelado,Refrigerado,Tarija,False,True
VIA-00986,ORD-2026-05313,CAM-27,PROD-014,2026-08-06 10:58:00,2026-08-06 22:28:00,24,24,20.055,22.94,0,Seco,Refrigerado,Cochabamba,False,True
VIA-00987,ORD-2026-05050,CAM-28,PROD-022,2026-08-30 18:48:00,2026-08-31 06:18:00,24,24,3.9283333333333332,5.68,1,Fresco,Refrigerado,La Paz,True,True
VIA-00988,ORD-2026-04780,CAM-26,PROD-002,2026-08-16 20:29:00,2026-08-17 07:59:00,23,23,19.30391304347826,23.52,0,Seco,Refrigerado,Tarija,False,True
VIA-00989,ORD-2026-01031,CAM-21,PROD-012,2026-08-15 11:29:00,2026-08-15 22:59:00,24,24,20.151666666666667,23.88,0,Seco,Seco,Tarija,False,True
VIA-00990,ORD-2026-02241,CAM-24,PROD-003,2026-08-21 05:08:00,2026-08-21 16:38:00,24,24,19.945833333333333,23.17,0,Seco,Refrigerado,Oruro,False,True
VIA-00991,ORD-2026-03421,CAM-03,PROD-029,2026-08-19 05:53:00,2026-08-19 17:23:00,24,24,20.221666666666668,23.75,0,Seco,Seco,Oruro,False,True
VIA-00992,ORD-2026-01772,CAM-28,PROD-056,2026-08-06 08:33:00,2026-08-06 20:03:00,24,24,3.8041666666666667,5.22,1,Fresco,Refrigerado,La Paz,True,True
VIA-00993,ORD-2026-00079,CAM-24,PROD-007,2026-08-27 21:24:00,2026-08-28 08:54:00,24,24,19.95625,22.83,0,Seco,Refrigerado,Oruro,False,True
VIA-00994,ORD-2026-04162,CAM-20,PROD-004,2026-08-22 00:48:00,2026-08-22 12:18:00,24,24,3.8708333333333336,5.03,0,Fresco,Refrigerado,Oruro,False,True
VIA-00995,ORD-2026-07065,CAM-28,PROD-055,2026-08-10 01:43:00,2026-08-10 13:13:00,24,23,19.53782608695652,22.72,0,Seco,Refrigerado,La Paz,False,True
VIA-00996,ORD-2026-06816,CAM-26,PROD-043,2026-08-15 06:31:00,2026-08-15 18:01:00,24,24,-18.076249999999998,-16.65,0,Congelado,Refrigerado,Tarija,False,True
VIA-00997,ORD-2026-02015,CAM-04,PROD-003,2026-08-16 23:56:00,2026-08-17 11:26:00,24,24,20.223333333333333,25.0,0,Seco,Seco,La Paz,False,True
VIA-00998,ORD-2026-03220,CAM-08,PROD-039,2026-08-17 03:26:00,2026-08-17 14:56:00,24,24,20.40375,23.6,0,Seco,Refrigerado,Santa Cruz,False,True
VIA-00999,ORD-2026-07332,CAM-28,PROD-054,2026-08-08 22:42:00,2026-08-09 10:12:00,24,24,-17.991249999999997,-16.42,0,Congelado,Refrigerado,La Paz,False,True
VIA-01000,ORD-2026-06120,CAM-25,PROD-016,2026-08-22 21:52:00,2026-08-23 09:22:00,23,23,20.061304347826088,23.7,1,Seco,Refrigerado,Cochabamba,True,True
VIA-01001,ORD-2026-03407,CAM-14,PROD-024,2026-08-27 13:30:00,2026-08-28 01:00:00,24,24,19.96708333333333,23.15,0,Seco,Seco,Cochabamba,False,True
VIA-01002,ORD-2026-05173,CAM-24,PROD-052,2026-08-30 08:07:00,2026-08-30 19:37:00,24,24,3.95375,5.88,0,Fresco,Refrigerado,Oruro,False,True
VIA-01003,ORD-2026-06727,CAM-20,PROD-023,2026-08-27 02:48:00,2026-08-27 14:18:00,24,24,3.9720833333333334,4.95,0,Fresco,Refrigerado,Oruro,False,True
VIA-01004,ORD-2026-04880,CAM-08,PROD-034,2026-08-01 00:30:00,2026-08-01 12:00:00,24,24,5.5879166666666675,10.73,5,Fresco,Refrigerado,Santa Cruz,True,True
VIA-01005,ORD-2026-00337,CAM-16,PROD-007,2026-08-17 15:04:00,2026-08-18 02:34:00,24,24,20.2775,24.67,0,Seco,Seco,Oruro,False,True
VIA-01006,ORD-2026-02187,CAM-28,PROD-051,2026-08-15 03:45:00,2026-08-15 15:15:00,24,24,-18.213333333333335,-16.37,1,Congelado,Refrigerado,La Paz,True,True
VIA-01007,ORD-2026-01102,CAM-03,PROD-042,2026-08-10 22:24:00,2026-08-11 09:54:00,24,24,19.984166666666667,23.8,0,Seco,Seco,Oruro,False,True
VIA-01008,ORD-2026-05201,CAM-18,PROD-014,2026-08-18 18:04:00,2026-08-19 05:34:00,24,24,20.59,24.74,0,Seco,Seco,Santa Cruz,False,True
VIA-01009,ORD-2026-04765,CAM-29,PROD-012,2026-08-25 07:03:00,2026-08-25 18:33:00,24,24,19.25583333333333,23.34,0,Seco,Seco,Santa Cruz,False,True
VIA-01010,ORD-2026-01992,CAM-24,PROD-055,2026-08-05 15:23:00,2026-08-06 02:53:00,24,24,19.920833333333334,23.87,0,Seco,Refrigerado,Oruro,False,True
VIA-01011,ORD-2026-02660,CAM-19,PROD-030,2026-08-12 00:18:00,2026-08-12 11:48:00,24,24,20.02125,24.13,0,Seco,Refrigerado,Tarija,False,True
VIA-01012,ORD-2026-01743,CAM-08,PROD-036,2026-08-06 21:33:00,2026-08-07 09:03:00,24,0,,,0,Fresco,Refrigerado,Santa Cruz,False,False
VIA-01013,ORD-2026-07358,CAM-28,PROD-014,2026-08-29 03:47:00,2026-08-29 15:17:00,24,24,20.120416666666667,24.04,0,Seco,Refrigerado,La Paz,False,True
VIA-01014,ORD-2026-06827,CAM-18,PROD-059,2026-08-23 13:09:00,2026-08-24 00:39:00,24,24,20.117083333333333,22.37,0,Seco,Seco,Santa Cruz,False,True
VIA-01015,ORD-2026-02227,CAM-19,PROD-023,2026-08-08 18:27:00,2026-08-09 05:57:00,24,24,5.134166666666666,10.44,5,Fresco,Refrigerado,Tarija,True,True
VIA-01016,ORD-2026-05668,CAM-08,PROD-044,2026-08-16 17:08:00,2026-08-17 04:38:00,24,24,4.078333333333333,5.56,0,Fresco,Refrigerado,Santa Cruz,False,True
VIA-01017,ORD-2026-00092,CAM-26,PROD-019,2026-08-12 05:35:00,2026-08-12 17:05:00,23,23,20.66391304347826,24.09,0,Seco,Refrigerado,Tarija,False,True
VIA-01018,ORD-2026-07391,CAM-27,PROD-003,2026-08-06 23:04:00,2026-08-07 10:34:00,24,24,20.322083333333335,22.84,0,Seco,Refrigerado,Cochabamba,False,True
VIA-01019,ORD-2026-01999,CAM-19,PROD-038,2026-08-12 09:56:00,2026-08-12 21:26:00,24,24,20.409166666666668,23.42,0,Seco,Refrigerado,Tarija,False,True
VIA-01020,ORD-2026-00034,CAM-05,PROD-003,2026-08-21 00:10:00,2026-08-21 11:40:00,24,24,19.96291666666667,23.75,0,Seco,Seco,Cochabamba,False,True
VIA-01021,ORD-2026-01904,CAM-24,PROD-027,2026-08-22 03:58:00,2026-08-22 15:28:00,24,24,3.98875,5.06,0,Fresco,Refrigerado,Oruro,False,True
VIA-01022,ORD-2026-02778,CAM-08,PROD-036,2026-08-15 20:06:00,2026-08-16 07:36:00,24,0,,,0,Fresco,Refrigerado,Santa Cruz,False,False
VIA-01023,ORD-2026-03826,CAM-02,PROD-009,2026-08-21 06:20:00,2026-08-21 17:50:00,24,24,3.9912500000000004,4.86,0,Fresco,Refrigerado,Cochabamba,False,True
VIA-01024,ORD-2026-04021,CAM-20,PROD-039,2026-08-28 23:59:00,2026-08-29 11:29:00,24,24,19.927916666666665,22.84,0,Seco,Refrigerado,Oruro,False,True
VIA-01025,ORD-2026-01983,CAM-18,PROD-047,2026-08-03 07:03:00,2026-08-03 18:33:00,23,23,5.372608695652175,10.98,5,Fresco,Seco,Santa Cruz,True,True
VIA-01026,ORD-2026-00985,CAM-25,PROD-044,2026-08-25 00:17:00,2026-08-25 11:47:00,24,24,4.1362499999999995,5.29,0,Fresco,Refrigerado,Cochabamba,False,True
VIA-01027,ORD-2026-00798,CAM-19,PROD-054,2026-08-02 17:51:00,2026-08-03 05:21:00,23,23,-18.285217391304347,-16.34,1,Congelado,Refrigerado,Tarija,True,True
VIA-01028,ORD-2026-07477,CAM-15,PROD-034,2026-08-13 17:36:00,2026-08-14 05:06:00,24,24,3.9170833333333337,5.42,0,Fresco,Refrigerado,La Paz,False,True
VIA-01029,ORD-2026-05517,CAM-24,PROD-034,2026-08-05 06:49:00,2026-08-05 18:19:00,24,23,4.227826086956521,5.49,0,Fresco,Refrigerado,Oruro,False,True
VIA-01030,ORD-2026-01483,CAM-29,PROD-014,2026-08-22 18:59:00,2026-08-23 06:29:00,24,24,19.7775,23.8,0,Seco,Seco,Santa Cruz,False,True
VIA-01031,ORD-2026-06251,CAM-26,PROD-052,2026-08-24 00:05:00,2026-08-24 11:35:00,24,24,3.9562500000000003,5.71,0,Fresco,Refrigerado,Tarija,False,True
VIA-01032,ORD-2026-01553,CAM-08,PROD-015,2026-08-23 06:10:00,2026-08-23 17:40:00,24,24,3.9279166666666665,5.57,1,Fresco,Refrigerado,Santa Cruz,True,True
VIA-01033,ORD-2026-03450,CAM-26,PROD-055,2026-08-10 23:58:00,2026-08-11 11:28:00,24,24,19.569583333333334,22.73,0,Seco,Refrigerado,Tarija,False,True
VIA-01034,ORD-2026-05339,CAM-19,PROD-051,2026-08-15 15:04:00,2026-08-16 02:34:00,24,24,-17.853333333333335,-15.79,1,Congelado,Refrigerado,Tarija,True,True
VIA-01035,ORD-2026-03286,CAM-10,PROD-014,2026-08-18 18:14:00,2026-08-19 05:44:00,24,23,19.61913043478261,23.9,0,Seco,Refrigerado,La Paz,False,True
VIA-01036,ORD-2026-03048,CAM-19,PROD-051,2026-08-16 02:08:00,2026-08-16 13:38:00,24,24,-17.819166666666664,-16.16,0,Congelado,Refrigerado,Tarija,False,True
VIA-01037,ORD-2026-01384,CAM-24,PROD-039,2026-08-17 19:56:00,2026-08-18 07:26:00,24,24,19.247916666666665,21.84,1,Seco,Refrigerado,Oruro,True,True
VIA-01038,ORD-2026-01685,CAM-08,PROD-025,2026-08-07 14:27:00,2026-08-08 01:57:00,24,24,-18.293333333333333,-16.58,0,Congelado,Refrigerado,Santa Cruz,False,True
VIA-01039,ORD-2026-00554,CAM-07,PROD-030,2026-08-15 20:17:00,2026-08-16 07:47:00,24,24,20.050416666666667,23.51,1,Seco,Seco,La Paz,True,True
VIA-01040,ORD-2026-01923,CAM-08,PROD-013,2026-08-18 19:10:00,2026-08-19 06:40:00,24,24,4.122083333333333,5.38,0,Fresco,Refrigerado,Santa Cruz,False,True
VIA-01041,ORD-2026-00370,CAM-24,PROD-059,2026-08-15 20:11:00,2026-08-16 07:41:00,24,24,21.128333333333334,27.6,4,Seco,Refrigerado,Oruro,True,True
VIA-01042,ORD-2026-04588,CAM-05,PROD-019,2026-08-16 11:52:00,2026-08-16 23:22:00,24,24,19.704583333333332,23.34,0,Seco,Seco,Cochabamba,False,True
VIA-01043,ORD-2026-02537,CAM-19,PROD-050,2026-08-05 15:30:00,2026-08-06 03:00:00,23,23,20.51608695652174,28.28,3,Seco,Refrigerado,Tarija,True,True
VIA-01044,ORD-2026-01141,CAM-26,PROD-036,2026-08-25 13:53:00,2026-08-26 01:23:00,24,0,,,0,Fresco,Refrigerado,Tarija,False,False
VIA-01045,ORD-2026-05898,CAM-11,PROD-052,2026-08-23 08:18:00,2026-08-23 19:48:00,24,24,3.97625,5.41,0,Fresco,Refrigerado,Cochabamba,False,True
VIA-01046,ORD-2026-00528,CAM-16,PROD-055,2026-08-30 22:39:00,2026-08-31 10:09:00,24,24,19.7575,23.19,0,Seco,Seco,Oruro,False,True
VIA-01047,ORD-2026-03272,CAM-02,PROD-015,2026-08-21 12:03:00,2026-08-21 23:33:00,24,24,4.012083333333334,5.87,0,Fresco,Refrigerado,Cochabamba,False,True
VIA-01048,ORD-2026-07222,CAM-19,PROD-027,2026-08-25 09:00:00,2026-08-25 20:30:00,24,24,3.830416666666667,5.38,0,Fresco,Refrigerado,Tarija,False,True
VIA-01049,ORD-2026-07114,CAM-02,PROD-022,2026-08-18 10:24:00,2026-08-18 21:54:00,24,24,3.93625,5.54,1,Fresco,Refrigerado,Cochabamba,True,True
VIA-01050,ORD-2026-03344,CAM-21,PROD-030,2026-08-15 12:38:00,2026-08-16 00:08:00,24,24,20.269166666666667,24.94,0,Seco,Seco,Tarija,False,True
VIA-01051,ORD-2026-02564,CAM-08,PROD-020,2026-08-02 15:02:00,2026-08-03 02:32:00,24,24,20.34958333333333,24.07,0,Seco,Refrigerado,Santa Cruz,False,True
VIA-01052,ORD-2026-00663,CAM-29,PROD-030,2026-08-20 09:03:00,2026-08-20 20:33:00,24,24,20.092916666666667,25.35,1,Seco,Seco,Santa Cruz,True,True
VIA-01053,ORD-2026-00681,CAM-23,PROD-019,2026-08-22 10:29:00,2026-08-22 21:59:00,24,24,20.06375,23.71,0,Seco,Seco,Santa Cruz,False,True
VIA-01054,ORD-2026-03852,CAM-29,PROD-031,2026-08-01 18:26:00,2026-08-02 05:56:00,24,24,20.360416666666666,24.02,0,Seco,Seco,Santa Cruz,False,True
VIA-01055,ORD-2026-03571,CAM-21,PROD-031,2026-08-27 03:25:00,2026-08-27 14:55:00,24,24,20.372916666666665,24.5,0,Seco,Seco,Tarija,False,True
VIA-01056,ORD-2026-02364,CAM-28,PROD-008,2026-08-15 17:52:00,2026-08-16 05:22:00,24,24,-18.058287037037037,-16.96,0,Congelado,Refrigerado,La Paz,False,True
VIA-01057,ORD-2026-05880,CAM-08,PROD-056,2026-08-28 22:08:00,2026-08-29 09:38:00,24,24,3.754583333333333,5.46,0,Fresco,Refrigerado,Santa Cruz,False,True
VIA-01058,ORD-2026-01682,CAM-10,PROD-019,2026-08-18 12:12:00,2026-08-18 23:42:00,24,24,19.564166666666665,22.34,0,Seco,Refrigerado,La Paz,False,True
VIA-01059,ORD-2026-02280,CAM-25,PROD-015,2026-08-13 22:38:00,2026-08-14 10:08:00,24,24,3.9379166666666667,5.32,0,Fresco,Refrigerado,Cochabamba,False,True
VIA-01060,ORD-2026-06627,CAM-27,PROD-027,2026-08-02 12:38:00,2026-08-03 00:08:00,24,24,3.685416666666667,5.07,0,Fresco,Refrigerado,Cochabamba,False,True
VIA-01061,ORD-2026-05454,CAM-10,PROD-025,2026-08-07 12:13:00,2026-08-07 23:43:00,24,24,-17.86916666666667,-15.78,1,Congelado,Refrigerado,La Paz,True,True
VIA-01062,ORD-2026-01155,CAM-20,PROD-009,2026-08-18 23:55:00,2026-08-19 11:25:00,24,23,5.317391304347826,11.28,5,Fresco,Refrigerado,Oruro,True,True
VIA-01063,ORD-2026-01218,CAM-22,PROD-002,2026-08-27 19:34:00,2026-08-28 07:04:00,24,24,19.673333333333336,24.69,0,Seco,Refrigerado,Cochabamba,False,True
VIA-01064,ORD-2026-01024,CAM-09,PROD-039,2026-08-28 04:15:00,2026-08-28 15:45:00,23,22,19.703181818181818,23.01,0,Seco,Seco,Santa Cruz,False,True
VIA-01065,ORD-2026-03910,CAM-16,PROD-057,2026-08-10 18:37:00,2026-08-11 06:07:00,24,24,20.348333333333333,24.34,0,Seco,Seco,Oruro,False,True
VIA-01066,ORD-2026-01223,CAM-24,PROD-020,2026-08-01 01:30:00,2026-08-01 13:00:00,24,24,19.990416666666665,23.32,0,Seco,Refrigerado,Oruro,False,True
VIA-01067,ORD-2026-05747,CAM-20,PROD-047,2026-08-26 09:03:00,2026-08-26 20:33:00,24,24,4.203333333333333,5.94,0,Fresco,Refrigerado,Oruro,False,True
VIA-01068,ORD-2026-01414,CAM-28,PROD-023,2026-08-07 11:58:00,2026-08-07 23:28:00,23,23,5.044347826086956,11.5,4,Fresco,Refrigerado,La Paz,True,True
VIA-01069,ORD-2026-04941,CAM-08,PROD-034,2026-08-02 03:35:00,2026-08-02 15:05:00,24,24,5.40125,12.02,6,Fresco,Refrigerado,Santa Cruz,True,True
VIA-01070,ORD-2026-03508,CAM-02,PROD-052,2026-08-20 16:11:00,2026-08-21 03:41:00,24,24,4.03625,5.52,0,Fresco,Refrigerado,Cochabamba,False,True
VIA-01071,ORD-2026-06244,CAM-08,PROD-056,2026-08-07 00:08:00,2026-08-07 11:38:00,23,23,5.430434782608696,11.38,5,Fresco,Refrigerado,Santa Cruz,True,True
VIA-01072,ORD-2026-04466,CAM-05,PROD-048,2026-08-21 04:17:00,2026-08-21 15:47:00,24,24,20.109583333333333,25.49,1,Seco,Seco,Cochabamba,True,True
VIA-01073,ORD-2026-05919,CAM-08,PROD-051,2026-08-19 03:56:00,2026-08-19 15:26:00,24,24,-18.230462962962964,-16.94,1,Congelado,Refrigerado,Santa Cruz,True,True
VIA-01074,ORD-2026-00246,CAM-18,PROD-046,2026-08-19 06:58:00,2026-08-19 18:28:00,24,24,19.460833333333333,24.89,0,Seco,Seco,Santa Cruz,False,True
VIA-01075,ORD-2026-00497,CAM-10,PROD-046,2026-08-10 01:21:00,2026-08-10 12:51:00,24,24,20.566666666666666,25.09,1,Seco,Refrigerado,La Paz,True,True
VIA-01076,ORD-2026-06633,CAM-08,PROD-005,2026-08-28 16:57:00,2026-08-29 04:27:00,24,24,19.527083333333334,23.94,0,Seco,Refrigerado,Santa Cruz,False,True
VIA-01077,ORD-2026-06787,CAM-18,PROD-020,2026-08-28 22:24:00,2026-08-29 09:54:00,24,24,20.799583333333334,23.21,0,Seco,Seco,Santa Cruz,False,True
VIA-01078,ORD-2026-05026,CAM-19,PROD-006,2026-08-29 22:28:00,2026-08-30 09:58:00,24,24,20.627916666666668,23.6,0,Seco,Refrigerado,Tarija,False,True
VIA-01079,ORD-2026-03298,CAM-24,PROD-039,2026-08-28 12:04:00,2026-08-28 23:34:00,24,24,21.09208333333333,27.33,3,Seco,Refrigerado,Oruro,True,True
VIA-01080,ORD-2026-06445,CAM-29,PROD-019,2026-08-23 17:21:00,2026-08-24 04:51:00,24,24,19.587083333333336,21.59,0,Seco,Seco,Santa Cruz,False,True
VIA-01081,ORD-2026-02733,CAM-21,PROD-048,2026-08-21 07:44:00,2026-08-21 19:14:00,24,24,19.760833333333334,23.09,0,Seco,Seco,Tarija,False,True
VIA-01082,ORD-2026-01847,CAM-25,PROD-048,2026-08-11 14:28:00,2026-08-12 01:58:00,24,24,19.80375,22.4,0,Seco,Refrigerado,Cochabamba,False,True
VIA-01083,ORD-2026-04410,CAM-20,PROD-033,2026-08-10 19:31:00,2026-08-11 07:01:00,24,24,20.564583333333335,24.71,0,Seco,Refrigerado,Oruro,False,True
VIA-01084,ORD-2026-05234,CAM-21,PROD-058,2026-08-02 19:51:00,2026-08-03 07:21:00,24,24,-16.414583333333333,-7.79,5,Congelado,Seco,Tarija,True,True
VIA-01085,ORD-2026-03726,CAM-27,PROD-010,2026-08-23 11:01:00,2026-08-23 22:31:00,24,24,20.11583333333333,22.23,0,Seco,Refrigerado,Cochabamba,False,True
VIA-01086,ORD-2026-06737,CAM-08,PROD-047,2026-08-22 14:38:00,2026-08-23 02:08:00,24,23,3.9852173913043476,5.87,1,Fresco,Refrigerado,Santa Cruz,True,True
VIA-01087,ORD-2026-00853,CAM-08,PROD-011,2026-08-22 13:47:00,2026-08-23 01:17:00,24,24,-18.121666666666666,-16.59,0,Congelado,Refrigerado,Santa Cruz,False,True
VIA-01088,ORD-2026-05447,CAM-25,PROD-033,2026-08-17 00:46:00,2026-08-17 12:16:00,23,23,19.628260869565217,23.57,0,Seco,Refrigerado,Cochabamba,False,True
VIA-01089,ORD-2026-01989,CAM-26,PROD-048,2026-08-20 13:02:00,2026-08-21 00:32:00,24,23,20.023913043478263,22.33,0,Seco,Refrigerado,Tarija,False,True
VIA-01090,ORD-2026-06698,CAM-01,PROD-024,2026-08-06 04:08:00,2026-08-06 15:38:00,22,22,20.363636363636363,23.47,0,Seco,Refrigerado,Cochabamba,False,True
VIA-01091,ORD-2026-07070,CAM-21,PROD-007,2026-08-17 23:49:00,2026-08-18 11:19:00,24,24,19.919583333333332,24.75,0,Seco,Seco,Tarija,False,True
VIA-01092,ORD-2026-05200,CAM-26,PROD-023,2026-08-19 03:10:00,2026-08-19 14:40:00,24,24,4.109583333333333,5.32,0,Fresco,Refrigerado,Tarija,False,True
VIA-01093,ORD-2026-05297,CAM-01,PROD-017,2026-08-30 11:16:00,2026-08-30 22:46:00,24,24,20.246296296296297,23.5,0,Seco,Refrigerado,Cochabamba,False,True
VIA-01094,ORD-2026-01593,CAM-08,PROD-025,2026-08-10 11:49:00,2026-08-10 23:19:00,23,23,-17.94086956521739,-16.06,0,Congelado,Refrigerado,Santa Cruz,False,True
VIA-01095,ORD-2026-00938,CAM-16,PROD-005,2026-08-09 21:41:00,2026-08-10 09:11:00,24,24,20.344166666666666,23.33,0,Seco,Seco,Oruro,False,True
VIA-01096,ORD-2026-02997,CAM-04,PROD-046,2026-08-30 11:57:00,2026-08-30 23:27:00,24,24,20.009583333333335,23.56,0,Seco,Seco,La Paz,False,True
VIA-01097,ORD-2026-00823,CAM-08,PROD-056,2026-08-04 12:38:00,2026-08-05 00:08:00,24,24,4.2625,5.69,0,Fresco,Refrigerado,Santa Cruz,False,True
VIA-01098,ORD-2026-03083,CAM-08,PROD-036,2026-08-17 18:58:00,2026-08-18 06:28:00,24,0,,,0,Fresco,Refrigerado,Santa Cruz,False,False
VIA-01099,ORD-2026-03719,CAM-30,PROD-048,2026-08-11 12:02:00,2026-08-11 23:02:00,23,23,19.93695652173913,24.7,0,Seco,Seco,Cochabamba,False,True
VIA-01100,ORD-2026-05806,CAM-04,PROD-028,2026-08-18 18:02:00,2026-08-19 05:32:00,24,0,,,0,Seco,Seco,La Paz,False,False
VIA-01101,ORD-2026-04615,CAM-23,PROD-048,2026-08-19 21:29:00,2026-08-20 08:59:00,24,24,20.68,24.42,0,Seco,Seco,Santa Cruz,False,True
VIA-01102,ORD-2026-04077,CAM-19,PROD-014,2026-08-14 02:58:00,2026-08-14 13:58:00,23,23,19.959130434782608,24.36,0,Seco,Refrigerado,Tarija,False,True
VIA-01103,ORD-2026-01077,CAM-08,PROD-043,2026-08-27 22:44:00,2026-08-28 10:14:00,24,24,-17.889166666666668,-16.59,0,Congelado,Refrigerado,Santa Cruz,False,True
VIA-01104,ORD-2026-03667,CAM-19,PROD-039,2026-08-16 18:36:00,2026-08-17 06:06:00,24,24,19.289166666666667,22.29,0,Seco,Refrigerado,Tarija,False,True
VIA-01105,ORD-2026-03439,CAM-20,PROD-001,2026-08-17 12:33:00,2026-08-18 00:03:00,24,24,4.0675,5.5,0,Fresco,Refrigerado,Oruro,False,True
VIA-01106,ORD-2026-03592,CAM-25,PROD-024,2026-08-12 21:04:00,2026-08-13 08:34:00,23,23,19.944347826086954,23.86,0,Seco,Refrigerado,Cochabamba,False,True
VIA-01107,ORD-2026-05268,CAM-01,PROD-011,2026-08-10 17:19:00,2026-08-11 04:49:00,24,24,-18.078333333333333,-16.14,0,Congelado,Refrigerado,Cochabamba,False,True
VIA-01108,ORD-2026-04770,CAM-11,PROD-004,2026-08-03 02:51:00,2026-08-03 14:21:00,24,24,4.210416666666666,5.68,0,Fresco,Refrigerado,Cochabamba,False,True
VIA-01109,ORD-2026-00358,CAM-08,PROD-023,2026-08-21 05:54:00,2026-08-21 17:24:00,24,24,4.100416666666667,5.9,0,Fresco,Refrigerado,Santa Cruz,False,True
VIA-01110,ORD-2026-01321,CAM-23,PROD-002,2026-08-29 14:47:00,2026-08-30 02:17:00,24,24,19.774166666666666,24.11,0,Seco,Seco,Santa Cruz,False,True
VIA-01111,ORD-2026-02451,CAM-03,PROD-030,2026-08-16 01:45:00,2026-08-16 13:15:00,24,24,19.924583333333334,24.67,0,Seco,Seco,Oruro,False,True
VIA-01112,ORD-2026-00941,CAM-10,PROD-056,2026-08-27 11:45:00,2026-08-27 23:15:00,24,24,4.110416666666667,5.27,0,Fresco,Refrigerado,La Paz,False,True
VIA-01113,ORD-2026-06311,CAM-25,PROD-043,2026-08-03 14:35:00,2026-08-04 02:05:00,24,24,-18.087500000000002,-16.53,0,Congelado,Refrigerado,Cochabamba,False,True
VIA-01114,ORD-2026-05160,CAM-24,PROD-006,2026-08-19 04:54:00,2026-08-19 16:24:00,24,24,20.1875,22.39,0,Seco,Refrigerado,Oruro,False,True
VIA-01115,ORD-2026-02798,CAM-20,PROD-058,2026-08-19 05:23:00,2026-08-19 16:53:00,24,24,-16.117916666666666,-8.97,5,Congelado,Refrigerado,Oruro,True,True
VIA-01116,ORD-2026-00621,CAM-08,PROD-006,2026-08-30 02:52:00,2026-08-30 14:22:00,24,24,20.815833333333334,25.72,1,Seco,Refrigerado,Santa Cruz,True,True
VIA-01117,ORD-2026-00561,CAM-10,PROD-053,2026-08-30 22:57:00,2026-08-31 10:27:00,24,24,3.893333333333333,5.15,0,Fresco,Refrigerado,La Paz,False,True
VIA-01118,ORD-2026-04620,CAM-16,PROD-028,2026-08-22 09:40:00,2026-08-22 21:10:00,24,0,,,0,Seco,Seco,Oruro,False,False
VIA-01119,ORD-2026-01781,CAM-22,PROD-035,2026-08-11 15:40:00,2026-08-12 03:10:00,24,24,-18.15791666666667,-16.91,0,Congelado,Refrigerado,Cochabamba,False,True
VIA-01120,ORD-2026-04030,CAM-09,PROD-039,2026-08-10 18:48:00,2026-08-11 06:18:00,24,24,21.204583333333336,23.72,0,Seco,Seco,Santa Cruz,False,True
VIA-01121,ORD-2026-07053,CAM-08,PROD-014,2026-08-04 02:08:00,2026-08-04 13:38:00,24,24,20.105,23.04,0,Seco,Refrigerado,Santa Cruz,False,True
VIA-01122,ORD-2026-00625,CAM-26,PROD-055,2026-08-14 10:48:00,2026-08-14 22:18:00,24,24,19.674166666666668,22.96,0,Seco,Refrigerado,Tarija,False,True
VIA-01123,ORD-2026-06923,CAM-20,PROD-023,2026-08-09 03:52:00,2026-08-09 15:22:00,24,24,3.9908333333333332,5.56,0,Fresco,Refrigerado,Oruro,False,True
VIA-01124,ORD-2026-04353,CAM-20,PROD-021,2026-08-03 15:02:00,2026-08-04 02:32:00,24,24,4.071666666666666,5.63,0,Fresco,Refrigerado,Oruro,False,True
VIA-01125,ORD-2026-07496,CAM-08,PROD-044,2026-08-06 10:16:00,2026-08-06 21:46:00,23,23,5.409130434782608,10.17,6,Fresco,Refrigerado,Santa Cruz,True,True
VIA-01126,ORD-2026-02203,CAM-19,PROD-035,2026-08-06 15:17:00,2026-08-07 02:47:00,24,24,-18.1925,-16.78,0,Congelado,Refrigerado,Tarija,False,True
VIA-01127,ORD-2026-05285,CAM-26,PROD-041,2026-08-07 14:09:00,2026-08-08 01:39:00,24,24,-16.147916666666667,-9.41,6,Congelado,Refrigerado,Tarija,True,True
VIA-01128,ORD-2026-04177,CAM-26,PROD-051,2026-08-17 12:57:00,2026-08-18 00:27:00,24,24,-16.10625,-8.61,5,Congelado,Refrigerado,Tarija,True,True
VIA-01129,ORD-2026-07271,CAM-02,PROD-026,2026-08-14 12:31:00,2026-08-15 00:01:00,24,0,,,0,Fresco,Refrigerado,Cochabamba,False,False
VIA-01130,ORD-2026-05453,CAM-09,PROD-030,2026-08-20 01:16:00,2026-08-20 12:46:00,24,24,20.341666666666665,24.06,0,Seco,Seco,Santa Cruz,False,True
VIA-01131,ORD-2026-00375,CAM-19,PROD-003,2026-08-14 12:56:00,2026-08-15 00:26:00,24,24,19.795833333333334,23.99,0,Seco,Refrigerado,Tarija,False,True
VIA-01132,ORD-2026-05998,CAM-29,PROD-042,2026-08-12 17:21:00,2026-08-13 04:51:00,24,24,19.346666666666668,22.46,0,Seco,Seco,Santa Cruz,False,True
VIA-01133,ORD-2026-02173,CAM-21,PROD-003,2026-08-04 22:36:00,2026-08-05 10:06:00,24,24,19.56,23.6,1,Seco,Seco,Tarija,True,True
VIA-01134,ORD-2026-05392,CAM-09,PROD-012,2026-08-07 02:09:00,2026-08-07 13:39:00,24,23,20.25086956521739,22.97,0,Seco,Seco,Santa Cruz,False,True
VIA-01135,ORD-2026-05571,CAM-27,PROD-015,2026-08-20 12:12:00,2026-08-20 23:42:00,24,24,3.8804166666666666,5.29,1,Fresco,Refrigerado,Cochabamba,True,True
VIA-01136,ORD-2026-01716,CAM-19,PROD-022,2026-08-04 06:27:00,2026-08-04 17:57:00,24,24,3.6775,5.33,0,Fresco,Refrigerado,Tarija,False,True
VIA-01137,ORD-2026-05982,CAM-08,PROD-039,2026-08-19 18:06:00,2026-08-20 05:36:00,24,24,20.09125,22.42,0,Seco,Refrigerado,Santa Cruz,False,True
VIA-01138,ORD-2026-04129,CAM-03,PROD-019,2026-08-24 15:05:00,2026-08-25 02:35:00,23,23,19.103478260869565,23.49,0,Seco,Seco,Oruro,False,True
VIA-01139,ORD-2026-04706,CAM-16,PROD-054,2026-08-22 08:58:00,2026-08-22 20:28:00,24,24,-17.729583333333334,-15.62,1,Congelado,Seco,Oruro,True,True
VIA-01140,ORD-2026-02119,CAM-10,PROD-023,2026-08-08 05:36:00,2026-08-08 17:06:00,24,24,3.9179166666666667,5.79,0,Fresco,Refrigerado,La Paz,False,True
VIA-01141,ORD-2026-06915,CAM-18,PROD-040,2026-08-06 18:53:00,2026-08-07 06:23:00,23,23,21.007826086956523,23.61,0,Seco,Seco,Santa Cruz,False,True
VIA-01142,ORD-2026-06640,CAM-28,PROD-008,2026-08-10 12:35:00,2026-08-11 00:05:00,24,23,-17.811739130434784,-16.22,0,Congelado,Refrigerado,La Paz,False,True
VIA-01143,ORD-2026-03531,CAM-27,PROD-019,2026-08-05 22:01:00,2026-08-06 09:31:00,24,24,19.330000000000002,22.39,0,Seco,Refrigerado,Cochabamba,False,True
VIA-01144,ORD-2026-04306,CAM-26,PROD-002,2026-08-17 06:38:00,2026-08-17 18:08:00,23,23,20.240434782608695,24.36,0,Seco,Refrigerado,Tarija,False,True
VIA-01145,ORD-2026-03801,CAM-13,PROD-006,2026-08-05 14:04:00,2026-08-06 01:34:00,24,24,19.98,23.59,0,Seco,Seco,Cochabamba,False,True
VIA-01146,ORD-2026-06006,CAM-08,PROD-036,2026-08-08 08:22:00,2026-08-08 19:52:00,24,0,,,0,Fresco,Refrigerado,Santa Cruz,False,False
VIA-01147,ORD-2026-07136,CAM-21,PROD-012,2026-08-01 05:24:00,2026-08-01 16:54:00,24,24,19.355,22.03,0,Seco,Seco,Tarija,False,True
VIA-01148,ORD-2026-03254,CAM-19,PROD-047,2026-08-19 14:34:00,2026-08-20 02:04:00,24,23,3.811304347826087,4.81,0,Fresco,Refrigerado,Tarija,False,True
VIA-01149,ORD-2026-03069,CAM-23,PROD-005,2026-08-19 05:34:00,2026-08-19 17:04:00,24,24,19.535833333333333,22.9,0,Seco,Seco,Santa Cruz,False,True
VIA-01150,ORD-2026-07470,CAM-28,PROD-029,2026-08-04 08:22:00,2026-08-04 19:52:00,24,24,20.31,23.26,0,Seco,Refrigerado,La Paz,False,True
VIA-01151,ORD-2026-01183,CAM-28,PROD-037,2026-08-10 20:58:00,2026-08-11 08:28:00,24,23,4.22,5.74,0,Fresco,Refrigerado,La Paz,False,True
VIA-01152,ORD-2026-02025,CAM-08,PROD-051,2026-08-16 04:36:00,2026-08-16 16:06:00,24,24,-16.073333333333334,-9.37,5,Congelado,Refrigerado,Santa Cruz,True,True
VIA-01153,ORD-2026-00679,CAM-02,PROD-027,2026-08-05 11:33:00,2026-08-05 23:03:00,24,24,4.015,5.68,0,Fresco,Refrigerado,Cochabamba,False,True
VIA-01154,ORD-2026-02021,CAM-23,PROD-004,2026-08-05 19:32:00,2026-08-06 07:02:00,24,24,5.332916666666667,10.85,5,Fresco,Seco,Santa Cruz,True,True
VIA-01155,ORD-2026-05629,CAM-24,PROD-058,2026-08-07 10:13:00,2026-08-07 21:43:00,24,24,-18.11,-15.43,1,Congelado,Refrigerado,Oruro,True,True
VIA-01156,ORD-2026-03412,CAM-17,PROD-024,2026-08-07 02:14:00,2026-08-07 13:44:00,24,24,20.4,23.56,0,Seco,Seco,Cochabamba,False,True
VIA-01157,ORD-2026-07202,CAM-08,PROD-011,2026-08-23 23:42:00,2026-08-24 11:12:00,24,24,-18.05875,-15.8,1,Congelado,Refrigerado,Santa Cruz,True,True
VIA-01158,ORD-2026-02231,CAM-15,PROD-040,2026-08-24 13:59:00,2026-08-25 01:29:00,24,24,19.970000000000002,22.25,1,Seco,Refrigerado,La Paz,True,True
VIA-01159,ORD-2026-05279,CAM-01,PROD-054,2026-08-26 22:48:00,2026-08-27 10:18:00,23,23,-16.416521739130435,-9.6,5,Congelado,Refrigerado,Cochabamba,True,True
VIA-01160,ORD-2026-03068,CAM-07,PROD-032,2026-08-18 07:45:00,2026-08-18 19:15:00,24,24,19.839583333333334,23.2,0,Seco,Seco,La Paz,False,True
VIA-01161,ORD-2026-05416,CAM-03,PROD-014,2026-08-08 19:55:00,2026-08-09 07:25:00,24,24,20.59125,23.69,0,Seco,Seco,Oruro,False,True
VIA-01162,ORD-2026-04121,CAM-01,PROD-025,2026-08-07 16:20:00,2026-08-08 03:50:00,24,24,-16.602916666666665,-9.86,5,Congelado,Refrigerado,Cochabamba,True,True
VIA-01163,ORD-2026-03346,CAM-08,PROD-058,2026-08-01 14:13:00,2026-08-02 01:43:00,24,24,-17.77375,-16.56,0,Congelado,Refrigerado,Santa Cruz,False,True
VIA-01164,ORD-2026-05578,CAM-04,PROD-003,2026-08-03 03:15:00,2026-08-03 14:15:00,23,23,19.26304347826087,22.89,0,Seco,Seco,La Paz,False,True
VIA-01165,ORD-2026-03841,CAM-04,PROD-039,2026-08-05 15:16:00,2026-08-06 02:46:00,24,24,19.935416666666665,23.27,0,Seco,Seco,La Paz,False,True
VIA-01166,ORD-2026-01739,CAM-27,PROD-050,2026-08-16 00:41:00,2026-08-16 12:11:00,24,24,21.275833333333335,27.46,5,Seco,Refrigerado,Cochabamba,True,True
VIA-01167,ORD-2026-03631,CAM-26,PROD-053,2026-08-30 22:21:00,2026-08-31 09:51:00,24,24,3.9720833333333334,5.19,0,Fresco,Refrigerado,Tarija,False,True
VIA-01168,ORD-2026-01309,CAM-23,PROD-038,2026-08-26 20:31:00,2026-08-27 08:01:00,24,24,20.304166666666667,22.38,0,Seco,Seco,Santa Cruz,False,True
VIA-01169,ORD-2026-03782,CAM-26,PROD-022,2026-08-18 16:43:00,2026-08-19 04:13:00,24,24,3.999166666666667,5.51,0,Fresco,Refrigerado,Tarija,False,True
VIA-01170,ORD-2026-03441,CAM-19,PROD-039,2026-08-16 21:57:00,2026-08-17 09:27:00,24,24,21.5449537037037,29.67,5,Seco,Refrigerado,Tarija,True,True
VIA-01171,ORD-2026-03366,CAM-20,PROD-021,2026-08-06 14:34:00,2026-08-07 02:04:00,24,24,4.052083333333333,4.96,0,Fresco,Refrigerado,Oruro,False,True
VIA-01172,ORD-2026-02661,CAM-26,PROD-046,2026-08-01 21:15:00,2026-08-02 08:45:00,24,23,20.669565217391302,24.06,0,Seco,Refrigerado,Tarija,False,True
VIA-01173,ORD-2026-01654,CAM-15,PROD-025,2026-08-02 18:47:00,2026-08-03 06:17:00,23,23,-18.055652173913042,-16.84,0,Congelado,Refrigerado,La Paz,False,True
VIA-01174,ORD-2026-06477,CAM-09,PROD-016,2026-08-14 06:38:00,2026-08-14 18:08:00,24,24,19.515416666666667,22.64,1,Seco,Seco,Santa Cruz,True,True
VIA-01175,ORD-2026-00491,CAM-08,PROD-015,2026-08-16 06:15:00,2026-08-16 17:45:00,23,22,4.103181818181818,5.97,0,Fresco,Refrigerado,Santa Cruz,False,True
VIA-01176,ORD-2026-06794,CAM-20,PROD-051,2026-08-16 03:17:00,2026-08-16 14:47:00,24,24,-17.93375,-16.49,0,Congelado,Refrigerado,Oruro,False,True
VIA-01177,ORD-2026-00230,CAM-16,PROD-017,2026-08-04 18:01:00,2026-08-05 05:31:00,24,24,20.46708333333333,23.63,0,Seco,Seco,Oruro,False,True
VIA-01178,ORD-2026-02462,CAM-29,PROD-043,2026-08-30 23:22:00,2026-08-31 10:52:00,24,24,-18.216666666666665,-16.92,1,Congelado,Seco,Santa Cruz,True,True
VIA-01179,ORD-2026-04052,CAM-26,PROD-021,2026-08-06 02:02:00,2026-08-06 13:32:00,24,24,5.291666666666667,11.45,5,Fresco,Refrigerado,Tarija,True,True
VIA-01180,ORD-2026-00024,CAM-05,PROD-007,2026-08-15 06:30:00,2026-08-15 18:00:00,24,24,19.96875,21.97,0,Seco,Seco,Cochabamba,False,True
VIA-01181,ORD-2026-01540,CAM-19,PROD-057,2026-08-05 13:21:00,2026-08-06 00:51:00,23,23,19.530434782608694,24.12,0,Seco,Refrigerado,Tarija,False,True
VIA-01182,ORD-2026-01656,CAM-26,PROD-048,2026-08-12 15:33:00,2026-08-13 03:03:00,24,24,20.511666666666667,22.53,0,Seco,Refrigerado,Tarija,False,True
VIA-01183,ORD-2026-03968,CAM-19,PROD-039,2026-08-02 00:01:00,2026-08-02 11:31:00,24,24,20.089166666666667,23.69,0,Seco,Refrigerado,Tarija,False,True
VIA-01184,ORD-2026-01082,CAM-12,PROD-006,2026-08-28 21:57:00,2026-08-29 09:27:00,24,24,20.06833333333333,24.18,0,Seco,Seco,La Paz,False,True
VIA-01185,ORD-2026-02424,CAM-26,PROD-007,2026-08-30 15:42:00,2026-08-31 03:12:00,24,24,20.728333333333335,24.32,0,Seco,Refrigerado,Tarija,False,True
VIA-01186,ORD-2026-07167,CAM-19,PROD-034,2026-08-09 04:07:00,2026-08-09 15:37:00,24,24,3.9,5.68,0,Fresco,Refrigerado,Tarija,False,True
VIA-01187,ORD-2026-00145,CAM-20,PROD-059,2026-08-06 12:50:00,2026-08-07 00:20:00,24,24,19.650000000000002,23.92,1,Seco,Refrigerado,Oruro,True,True
VIA-01188,ORD-2026-04191,CAM-24,PROD-001,2026-08-04 03:54:00,2026-08-04 15:24:00,24,23,4.196086956521739,5.15,0,Fresco,Refrigerado,Oruro,False,True
VIA-01189,ORD-2026-00382,CAM-19,PROD-035,2026-08-29 14:50:00,2026-08-30 02:20:00,24,24,-17.975416666666668,-16.54,1,Congelado,Refrigerado,Tarija,True,True
VIA-01190,ORD-2026-04407,CAM-08,PROD-052,2026-08-27 10:54:00,2026-08-27 22:24:00,24,24,4.035,5.77,0,Fresco,Refrigerado,Santa Cruz,False,True
VIA-01191,ORD-2026-06803,CAM-05,PROD-014,2026-08-26 23:01:00,2026-08-27 10:31:00,24,24,20.220416666666665,23.72,0,Seco,Seco,Cochabamba,False,True
VIA-01192,ORD-2026-07156,CAM-20,PROD-008,2026-08-27 17:31:00,2026-08-28 05:01:00,24,24,-16.18875,-8.32,6,Congelado,Refrigerado,Oruro,True,True
VIA-01193,ORD-2026-02145,CAM-25,PROD-043,2026-08-23 11:03:00,2026-08-23 22:33:00,24,24,-17.865,-16.17,0,Congelado,Refrigerado,Cochabamba,False,True
VIA-01194,ORD-2026-03994,CAM-11,PROD-016,2026-08-27 23:01:00,2026-08-28 10:31:00,24,24,19.960416666666667,23.73,0,Seco,Refrigerado,Cochabamba,False,True
VIA-01195,ORD-2026-01126,CAM-08,PROD-026,2026-08-30 20:20:00,2026-08-31 07:50:00,24,0,,,0,Fresco,Refrigerado,Santa Cruz,False,False
VIA-01196,ORD-2026-04101,CAM-07,PROD-003,2026-08-22 01:12:00,2026-08-22 12:42:00,24,24,20.669999999999998,26.43,2,Seco,Seco,La Paz,True,True
VIA-01197,ORD-2026-04614,CAM-15,PROD-046,2026-08-01 12:28:00,2026-08-01 23:58:00,24,24,19.687083333333334,23.01,0,Seco,Refrigerado,La Paz,False,True
VIA-01198,ORD-2026-01742,CAM-02,PROD-005,2026-08-30 14:33:00,2026-08-31 02:03:00,24,24,21.447916666666668,26.48,3,Seco,Refrigerado,Cochabamba,True,True
VIA-01199,ORD-2026-02998,CAM-22,PROD-036,2026-08-13 08:20:00,2026-08-13 19:50:00,24,0,,,0,Fresco,Refrigerado,Cochabamba,False,False
VIA-01200,ORD-2026-04085,CAM-29,PROD-018,2026-08-16 19:03:00,2026-08-17 06:33:00,24,0,,,0,Seco,Seco,Santa Cruz,False,False
