fila_bronze,timestamp,viaje_id,order_id,camion_id,producto_id,temperatura_cabina_c,temp_unit,humedad_cabina_pct,desviacion_termica_flag,desviacion_proximos_60min_flag,timestamp_estado,timestamp_motivo,viaje_id_estado,viaje_id_motivo,order_id_estado,order_id_motivo,camion_id_estado,camion_id_motivo,producto_id_estado,producto_id_motivo,temperatura_cabina_c_estado,temperatura_cabina_c_motivo,temp_unit_estado,temp_unit_motivo,humedad_cabina_pct_estado,humedad_cabina_pct_motivo,desviacion_termica_flag_estado,desviacion_termica_flag_motivo,desviacion_proximos_60min_flag_estado,desviacion_proximos_60min_flag_motivo,cantidad_problemas,en_cuarentena,severidad_maxima,columnas_con_problemas,motivos_fila,zona_horaria_origen,version_diagnostico,sha256_bronze,acciones_tratamiento,motivos_tratamiento,camion_id_tratado,temp_unit_tratado,temperatura_cabina_c_tratada,humedad_cabina_pct_tratada,timestamp_utc,temperatura_imputada,humedad_imputada,motivo_cuarentena_final,en_cuarentena_final,decision_tratamiento,umbral_producto_evaluable,flag_termico_coherente,apta_kpi_termico,categoria_producto_maestro,tipo_camion_maestro,compatibilidad_tipo_camion_estado,posible_incompatibilidad_termica,compatibilidad_tipo_camion_motivo,apta_objetivo_60min
121,2026-08-11 10:57:00,VIA-00006,ORD-2026-01337,CAM-26,PROD-060,-18.44,C,,0,0,OK,,OK,,OK,,OK,,OK,,OK,,OK,,CRITICO,Valor faltante,OK,,OK,,1,True,CRITICO,humedad_cabina_pct,humedad_cabina_pct: Valor faltante,America/La_Paz,GIAD-M3-S4-IOT-diagnostico-didactico-v1,edb7afe2f7fb836e59fe605d30c88b3b5b13a6d8ab2ec0b37f206a14e58de6bf,DERIVAR_UTC,Timestamp local de Bolivia convertido a UTC,CAM-26,C,-18.44,,2026-08-11T14:57:00Z,False,False,Humedad sin valor recuperable,True,CUARENTENA,True,True,False,Congelado,Refrigerado,SIN_ALERTA,False,,False
238,2026-08-13 15:52:00,VIA-00010,ORD-2026-02783,CAM-14,PROD-059,,C,51.9,0,0,OK,,OK,,OK,,OK,,OK,,CRITICO,Valor faltante,OK,,OK,,OK,,OK,,1,True,CRITICO,temperatura_cabina_c,temperatura_cabina_c: Valor faltante,America/La_Paz,GIAD-M3-S4-IOT-diagnostico-didactico-v1,edb7afe2f7fb836e59fe605d30c88b3b5b13a6d8ab2ec0b37f206a14e58de6bf,DERIVAR_UTC,Timestamp local de Bolivia convertido a UTC,CAM-14,C,,51.9,2026-08-13T19:52:00Z,False,False,Temperatura sin valor recuperable,True,CUARENTENA,True,False,False,Seco,Seco,SIN_ALERTA,False,,False
459,2026-08-25 21:24:00,VIA-00020,ORD-2026-01231,CAM-20,PROD-039,-999.0,C,51.6,1,0,OK,,OK,,OK,,REVISAR,Sin correspondencia en Flota Silver de cobertura parcial,OK,,CRITICO,-999 es centinela: no es una temperatura,OK,,OK,,OK,,OK,,2,True,CRITICO,camion_id|temperatura_cabina_c,camion_id: Sin correspondencia en Flota Silver de cobertura parcial | temperatura_cabina_c: -999 es centinela: no es una temperatura,America/La_Paz,GIAD-M3-S4-IOT-diagnostico-didactico-v1,edb7afe2f7fb836e59fe605d30c88b3b5b13a6d8ab2ec0b37f206a14e58de6bf,CENTINELA_A_FALTANTE | DERIVAR_UTC,-999 no representa temperatura | Timestamp local de Bolivia convertido a UTC,CAM-20,C,,51.6,2026-08-26T01:24:00Z,False,False,Temperatura sin valor recuperable,True,CUARENTENA,True,False,False,Seco,Refrigerado,SIN_ALERTA,False,,False
598,2026-08-14 04:21:00,VIA-00025,ORD-2026-06241,CAM-24,PROD-052,4.38,C,,0,0,OK,,OK,,OK,,OK,,OK,,OK,,OK,,CRITICO,Valor faltante,OK,,OK,,1,True,CRITICO,humedad_cabina_pct,humedad_cabina_pct: Valor faltante,America/La_Paz,GIAD-M3-S4-IOT-diagnostico-didactico-v1,edb7afe2f7fb836e59fe605d30c88b3b5b13a6d8ab2ec0b37f206a14e58de6bf,DERIVAR_UTC,Timestamp local de Bolivia convertido a UTC,CAM-24,C,4.38,,2026-08-14T08:21:00Z,False,False,Humedad sin valor recuperable,True,CUARENTENA,True,True,False,Fresco,Refrigerado,SIN_ALERTA,False,,False
1101,2026-08-20 09:07:00,VIA-00046,ORD-2026-00641,CAM-09,PROD-033,-999.0,C,50.1,0,0,OK,,OK,,OK,,OK,,OK,,CRITICO,-999 es centinela: no es una temperatura,OK,,OK,,OK,,OK,,1,True,CRITICO,temperatura_cabina_c,temperatura_cabina_c: -999 es centinela: no es una temperatura,America/La_Paz,GIAD-M3-S4-IOT-diagnostico-didactico-v1,edb7afe2f7fb836e59fe605d30c88b3b5b13a6d8ab2ec0b37f206a14e58de6bf,CENTINELA_A_FALTANTE | DERIVAR_UTC,-999 no representa temperatura | Timestamp local de Bolivia convertido a UTC,CAM-09,C,,50.1,2026-08-20T13:07:00Z,False,False,Temperatura sin valor recuperable,True,CUARENTENA,True,False,False,Seco,Seco,SIN_ALERTA,False,,False
1208,2026-08-06 08:24:00,VIA-00051,ORD-2026-04075,CAM-28,PROD-025,-999.0,C,76.9,0,1,OK,,OK,,OK,,OK,,OK,,CRITICO,-999 es centinela: no es una temperatura,OK,,OK,,OK,,OK,,1,True,CRITICO,temperatura_cabina_c,temperatura_cabina_c: -999 es centinela: no es una temperatura,America/La_Paz,GIAD-M3-S4-IOT-diagnostico-didactico-v1,edb7afe2f7fb836e59fe605d30c88b3b5b13a6d8ab2ec0b37f206a14e58de6bf,CENTINELA_A_FALTANTE | DERIVAR_UTC,-999 no representa temperatura | Timestamp local de Bolivia convertido a UTC,CAM-28,C,,76.9,2026-08-06T12:24:00Z,False,False,Temperatura sin valor recuperable,True,CUARENTENA,True,False,False,Congelado,Refrigerado,SIN_ALERTA,False,,False
1286,2026-08-18 07:12:00,VIA-00054,ORD-2026-05811,CAM-10,PROD-041,,C,68.6,0,1,OK,,OK,,OK,,OK,,OK,,CRITICO,Valor faltante,OK,,OK,,OK,,OK,,1,True,CRITICO,temperatura_cabina_c,temperatura_cabina_c: Valor faltante,America/La_Paz,GIAD-M3-S4-IOT-diagnostico-didactico-v1,edb7afe2f7fb836e59fe605d30c88b3b5b13a6d8ab2ec0b37f206a14e58de6bf,DERIVAR_UTC,Timestamp local de Bolivia convertido a UTC,CAM-10,C,,68.6,2026-08-18T11:12:00Z,False,False,Temperatura sin valor recuperable,True,CUARENTENA,True,False,False,Congelado,Refrigerado,SIN_ALERTA,False,,False
1336,2026-08-15 10:56:00,VIA-00056,ORD-2026-06250,CAM-11,PROD-006,,C,42.1,0,0,OK,,OK,,OK,,OK,,OK,,CRITICO,Valor faltante,OK,,OK,,OK,,OK,,1,True,CRITICO,temperatura_cabina_c,temperatura_cabina_c: Valor faltante,America/La_Paz,GIAD-M3-S4-IOT-diagnostico-didactico-v1,edb7afe2f7fb836e59fe605d30c88b3b5b13a6d8ab2ec0b37f206a14e58de6bf,DERIVAR_UTC,Timestamp local de Bolivia convertido a UTC,CAM-11,C,,42.1,2026-08-15T14:56:00Z,False,False,Temperatura sin valor recuperable,True,CUARENTENA,True,False,False,Seco,Refrigerado,SIN_ALERTA,False,,False
1402,2026-08-20 20:23:00,VIA-00059,ORD-2026-02676,CAM-07,PROD-055,-999.0,C,59.1,0,0,OK,,OK,,OK,,OK,,OK,,CRITICO,-999 es centinela: no es una temperatura,OK,,OK,,OK,,OK,,1,True,CRITICO,temperatura_cabina_c,temperatura_cabina_c: -999 es centinela: no es una temperatura,America/La_Paz,GIAD-M3-S4-IOT-diagnostico-didactico-v1,edb7afe2f7fb836e59fe605d30c88b3b5b13a6d8ab2ec0b37f206a14e58de6bf,CENTINELA_A_FALTANTE | DERIVAR_UTC,-999 no representa temperatura | Timestamp local de Bolivia convertido a UTC,CAM-07,C,,59.1,2026-08-21T00:23:00Z,False,False,Temperatura sin valor recuperable,True,CUARENTENA,True,False,False,Seco,Seco,SIN_ALERTA,False,,False
1660,2026-08-28 19:53:00,VIA-00070,ORD-2026-06154,CAM-19,PROD-040,-999.0,C,47.7,0,0,OK,,OK,,OK,,OK,,OK,,CRITICO,-999 es centinela: no es una temperatura,OK,,OK,,OK,,OK,,1,True,CRITICO,temperatura_cabina_c,temperatura_cabina_c: -999 es centinela: no es una temperatura,America/La_Paz,GIAD-M3-S4-IOT-diagnostico-didactico-v1,edb7afe2f7fb836e59fe605d30c88b3b5b13a6d8ab2ec0b37f206a14e58de6bf,CENTINELA_A_FALTANTE | DERIVAR_UTC,-999 no representa temperatura | Timestamp local de Bolivia convertido a UTC,CAM-19,C,,47.7,2026-08-28T23:53:00Z,False,False,Temperatura sin valor recuperable,True,CUARENTENA,True,False,False,Seco,Refrigerado,SIN_ALERTA,False,,False
2184,2026-08-20 20:22:00,VIA-00091,ORD-2026-05940,CAM-26,PROD-053,-999.0,C,73.6,0,0,OK,,OK,,OK,,OK,,OK,,CRITICO,-999 es centinela: no es una temperatura,OK,,OK,,OK,,OK,,1,True,CRITICO,temperatura_cabina_c,temperatura_cabina_c: -999 es centinela: no es una temperatura,America/La_Paz,GIAD-M3-S4-IOT-diagnostico-didactico-v1,edb7afe2f7fb836e59fe605d30c88b3b5b13a6d8ab2ec0b37f206a14e58de6bf,CENTINELA_A_FALTANTE | DERIVAR_UTC,-999 no representa temperatura | Timestamp local de Bolivia convertido a UTC,CAM-26,C,,73.6,2026-08-21T00:22:00Z,False,False,Temperatura sin valor recuperable,True,CUARENTENA,True,False,False,Fresco,Refrigerado,SIN_ALERTA,False,,False
2927,2026-08-23 22:16:00,VIA-00122,ORD-2026-04337,CAM-04,PROD-039,-999.0,C,56.6,0,0,OK,,OK,,OK,,OK,,OK,,CRITICO,-999 es centinela: no es una temperatura,OK,,OK,,OK,,OK,,1,True,CRITICO,temperatura_cabina_c,temperatura_cabina_c: -999 es centinela: no es una temperatura,America/La_Paz,GIAD-M3-S4-IOT-diagnostico-didactico-v1,edb7afe2f7fb836e59fe605d30c88b3b5b13a6d8ab2ec0b37f206a14e58de6bf,CENTINELA_A_FALTANTE | DERIVAR_UTC,-999 no representa temperatura | Timestamp local de Bolivia convertido a UTC,CAM-04,C,,56.6,2026-08-24T02:16:00Z,False,False,Temperatura sin valor recuperable,True,CUARENTENA,True,False,False,Seco,Seco,SIN_ALERTA,False,,False
2959,2026-08-19 13:56:00,VIA-00124,ORD-2026-03143,CAM-18,PROD-029,23.82,C,55.8,0,0,CRITICO,Misma clave con datos diferentes; revisar ambas lecturas,CRITICO,Misma clave con datos diferentes; revisar ambas lecturas,OK,,OK,,OK,,OK,,OK,,OK,,OK,,OK,,2,True,CRITICO,timestamp|viaje_id,timestamp: Misma clave con datos diferentes | timestamp: revisar ambas lecturas | viaje_id: Misma clave con datos diferentes | viaje_id: revisar ambas lecturas,America/La_Paz,GIAD-M3-S4-IOT-diagnostico-didactico-v1,edb7afe2f7fb836e59fe605d30c88b3b5b13a6d8ab2ec0b37f206a14e58de6bf,DERIVAR_UTC | CUARENTENA_CONFLICTO,Timestamp local de Bolivia convertido a UTC | Misma clave de lectura con datos distintos,CAM-18,C,23.82,55.8,2026-08-19T17:56:00Z,False,False,Clave de lectura en conflicto,True,CUARENTENA,True,True,False,Seco,Seco,SIN_ALERTA,False,,False
3300,2026-08-28 17:57:00,VIA-00138,ORD-2026-05332,CAM-25,PROD-060,-17.81,C,,0,1,OK,,OK,,OK,,OK,,OK,,OK,,OK,,CRITICO,Valor faltante,OK,,OK,,1,True,CRITICO,humedad_cabina_pct,humedad_cabina_pct: Valor faltante,America/La_Paz,GIAD-M3-S4-IOT-diagnostico-didactico-v1,edb7afe2f7fb836e59fe605d30c88b3b5b13a6d8ab2ec0b37f206a14e58de6bf,DERIVAR_UTC,Timestamp local de Bolivia convertido a UTC,CAM-25,C,-17.81,,2026-08-28T21:57:00Z,False,False,Humedad sin valor recuperable,True,CUARENTENA,True,True,False,Congelado,Refrigerado,SIN_ALERTA,False,,False
3350,2026-08-16 02:53:00,VIA-00140,ORD-2026-03911,CAM-15,PROD-027,276.72,K,80.5,0,0,OK,,OK,,OK,,OK,,OK,,NO_EVALUABLE,Rango térmico no evaluado con unidad K,CRITICO,Kelvin no es unidad operacional esperada en AndinaLog,OK,,OK,,OK,,2,True,CRITICO,temperatura_cabina_c|temp_unit,temperatura_cabina_c: Rango térmico no evaluado con unidad K | temp_unit: Kelvin no es unidad operacional esperada en AndinaLog,America/La_Paz,GIAD-M3-S4-IOT-diagnostico-didactico-v1,edb7afe2f7fb836e59fe605d30c88b3b5b13a6d8ab2ec0b37f206a14e58de6bf,DERIVAR_UTC,Timestamp local de Bolivia convertido a UTC,CAM-15,K,,80.5,2026-08-16T06:53:00Z,False,False,Unidad térmica no operacional o desconocida | Temperatura sin valor recuperable,True,CUARENTENA,True,False,False,Fresco,Refrigerado,SIN_ALERTA,False,,False
3617,2026-08-29 19:50:00,VIA-00151,ORD-2026-05731,CAM-23,PROD-048,,C,47.4,0,0,OK,,OK,,OK,,OK,,OK,,CRITICO,Valor faltante,OK,,OK,,OK,,OK,,1,True,CRITICO,temperatura_cabina_c,temperatura_cabina_c: Valor faltante,America/La_Paz,GIAD-M3-S4-IOT-diagnostico-didactico-v1,edb7afe2f7fb836e59fe605d30c88b3b5b13a6d8ab2ec0b37f206a14e58de6bf,DERIVAR_UTC,Timestamp local de Bolivia convertido a UTC,CAM-23,C,,47.4,2026-08-29T23:50:00Z,False,False,Temperatura sin valor recuperable,True,CUARENTENA,True,False,False,Seco,Seco,SIN_ALERTA,False,,False
4065,2026-08-03 13:07:00,VIA-00170,ORD-2026-04828,CAM-01,PROD-045,2.59,C,,0,0,OK,,OK,,OK,,OK,,OK,,OK,,OK,,CRITICO,Valor faltante,OK,,OK,,1,True,CRITICO,humedad_cabina_pct,humedad_cabina_pct: Valor faltante,America/La_Paz,GIAD-M3-S4-IOT-diagnostico-didactico-v1,edb7afe2f7fb836e59fe605d30c88b3b5b13a6d8ab2ec0b37f206a14e58de6bf,DERIVAR_UTC,Timestamp local de Bolivia convertido a UTC,CAM-01,C,2.59,,2026-08-03T17:07:00Z,False,False,Humedad sin valor recuperable,True,CUARENTENA,True,True,False,Fresco,Refrigerado,SIN_ALERTA,False,,False
4067,2026-08-03 14:07:00,VIA-00170,ORD-2026-04828,CAM-01,PROD-045,4.02,C,,0,1,OK,,OK,,OK,,OK,,OK,,OK,,OK,,CRITICO,Valor faltante,OK,,OK,,1,True,CRITICO,humedad_cabina_pct,humedad_cabina_pct: Valor faltante,America/La_Paz,GIAD-M3-S4-IOT-diagnostico-didactico-v1,edb7afe2f7fb836e59fe605d30c88b3b5b13a6d8ab2ec0b37f206a14e58de6bf,DERIVAR_UTC,Timestamp local de Bolivia convertido a UTC,CAM-01,C,4.02,,2026-08-03T18:07:00Z,False,False,Humedad sin valor recuperable,True,CUARENTENA,True,True,False,Fresco,Refrigerado,SIN_ALERTA,False,,False
4102,2026-08-21 22:55:00,VIA-00171,ORD-2026-04015,CAM-03,PROD-018,,C,48.9,0,0,OK,,OK,,OK,,OK,,REVISAR,Sin correspondencia en Productos Silver de cobertura parcial,CRITICO,Valor faltante,OK,,OK,,OK,,OK,,2,True,CRITICO,producto_id|temperatura_cabina_c,producto_id: Sin correspondencia en Productos Silver de cobertura parcial | temperatura_cabina_c: Valor faltante,America/La_Paz,GIAD-M3-S4-IOT-diagnostico-didactico-v1,edb7afe2f7fb836e59fe605d30c88b3b5b13a6d8ab2ec0b37f206a14e58de6bf,DERIVAR_UTC,Timestamp local de Bolivia convertido a UTC,CAM-03,C,,48.9,2026-08-22T02:55:00Z,False,False,Temperatura sin valor recuperable,True,CUARENTENA,False,False,False,Seco,Seco,SIN_ALERTA,False,,False
4537,2026-02-31 09:15:00,VIA-00190,ORD-2026-07185,CAM-28,PROD-051,-17.76,C,76.6,0,0,CRITICO,Formato o fecha de calendario inválidos,OK,,OK,,OK,,OK,,OK,,OK,,OK,,OK,,OK,,1,True,CRITICO,timestamp,timestamp: Formato o fecha de calendario inválidos,America/La_Paz,GIAD-M3-S4-IOT-diagnostico-didactico-v1,edb7afe2f7fb836e59fe605d30c88b3b5b13a6d8ab2ec0b37f206a14e58de6bf,,,CAM-28,C,-17.76,76.6,,False,False,Fecha local inválida,True,CUARENTENA,True,True,False,Congelado,Refrigerado,SIN_ALERTA,False,,False
4768,2026-02-31 09:15:00,VIA-00199,ORD-2026-04716,CAM-28,PROD-012,16.79,C,42.4,0,0,CRITICO,Formato o fecha de calendario inválidos,OK,,OK,,OK,,OK,,OK,,OK,,OK,,OK,,OK,,1,True,CRITICO,timestamp,timestamp: Formato o fecha de calendario inválidos,America/La_Paz,GIAD-M3-S4-IOT-diagnostico-didactico-v1,edb7afe2f7fb836e59fe605d30c88b3b5b13a6d8ab2ec0b37f206a14e58de6bf,,,CAM-28,C,16.79,42.4,,False,False,Fecha local inválida,True,CUARENTENA,True,True,False,Seco,Refrigerado,SIN_ALERTA,False,,False
5043,2026-08-02 02:10:00,VIA-00211,ORD-2026-00598,CAM-08,PROD-038,-999.0,C,52.2,0,1,OK,,OK,,OK,,OK,,OK,,CRITICO,-999 es centinela: no es una temperatura,OK,,OK,,OK,,OK,,1,True,CRITICO,temperatura_cabina_c,temperatura_cabina_c: -999 es centinela: no es una temperatura,America/La_Paz,GIAD-M3-S4-IOT-diagnostico-didactico-v1,edb7afe2f7fb836e59fe605d30c88b3b5b13a6d8ab2ec0b37f206a14e58de6bf,CENTINELA_A_FALTANTE | DERIVAR_UTC,-999 no representa temperatura | Timestamp local de Bolivia convertido a UTC,CAM-08,C,,52.2,2026-08-02T06:10:00Z,False,False,Temperatura sin valor recuperable,True,CUARENTENA,True,False,False,Seco,Refrigerado,SIN_ALERTA,False,,False
5113,2026-08-02 10:22:00,VIA-00214,ORD-2026-00997,CAM-08,PROD-047,4.16,C,,0,0,OK,,OK,,OK,,OK,,OK,,OK,,OK,,CRITICO,Valor faltante,OK,,OK,,1,True,CRITICO,humedad_cabina_pct,humedad_cabina_pct: Valor faltante,America/La_Paz,GIAD-M3-S4-IOT-diagnostico-didactico-v1,edb7afe2f7fb836e59fe605d30c88b3b5b13a6d8ab2ec0b37f206a14e58de6bf,DERIVAR_UTC,Timestamp local de Bolivia convertido a UTC,CAM-08,C,4.16,,2026-08-02T14:22:00Z,False,False,Humedad sin valor recuperable,True,CUARENTENA,True,True,False,Fresco,Refrigerado,SIN_ALERTA,False,,False
5161,2026-08-18 12:40:00,VIA-00216,ORD-2026-00969,CAM-08,PROD-060,-999.0,C,75.3,0,0,OK,,OK,,OK,,OK,,OK,,CRITICO,-999 es centinela: no es una temperatura,OK,,OK,,OK,,OK,,1,True,CRITICO,temperatura_cabina_c,temperatura_cabina_c: -999 es centinela: no es una temperatura,America/La_Paz,GIAD-M3-S4-IOT-diagnostico-didactico-v1,edb7afe2f7fb836e59fe605d30c88b3b5b13a6d8ab2ec0b37f206a14e58de6bf,CENTINELA_A_FALTANTE | DERIVAR_UTC,-999 no representa temperatura | Timestamp local de Bolivia convertido a UTC,CAM-08,C,,75.3,2026-08-18T16:40:00Z,False,False,Temperatura sin valor recuperable,True,CUARENTENA,True,False,False,Congelado,Refrigerado,SIN_ALERTA,False,,False
5222,2026-08-26 13:40:00,VIA-00218,ORD-2026-05490,CAM-17,PROD-059,-999.0,C,49.9,0,0,OK,,OK,,OK,,OK,,OK,,CRITICO,-999 es centinela: no es una temperatura,OK,,OK,,OK,,OK,,1,True,CRITICO,temperatura_cabina_c,temperatura_cabina_c: -999 es centinela: no es una temperatura,America/La_Paz,GIAD-M3-S4-IOT-diagnostico-didactico-v1,edb7afe2f7fb836e59fe605d30c88b3b5b13a6d8ab2ec0b37f206a14e58de6bf,CENTINELA_A_FALTANTE | DERIVAR_UTC,-999 no representa temperatura | Timestamp local de Bolivia convertido a UTC,CAM-17,C,,49.9,2026-08-26T17:40:00Z,False,False,Temperatura sin valor recuperable,True,CUARENTENA,True,False,False,Seco,Seco,SIN_ALERTA,False,,False
5316,2026-08-30 05:48:00,VIA-00222,ORD-2026-02741,CAM-15,PROD-008,,C,66.7,1,1,OK,,OK,,OK,,OK,,REVISAR,Sin correspondencia en Productos Silver de cobertura parcial,CRITICO,Valor faltante,OK,,OK,,OK,,OK,,2,True,CRITICO,producto_id|temperatura_cabina_c,producto_id: Sin correspondencia en Productos Silver de cobertura parcial | temperatura_cabina_c: Valor faltante,America/La_Paz,GIAD-M3-S4-IOT-diagnostico-didactico-v1,edb7afe2f7fb836e59fe605d30c88b3b5b13a6d8ab2ec0b37f206a14e58de6bf,DERIVAR_UTC,Timestamp local de Bolivia convertido a UTC,CAM-15,C,,66.7,2026-08-30T09:48:00Z,False,False,Temperatura sin valor recuperable,True,CUARENTENA,True,False,False,Congelado,Refrigerado,SIN_ALERTA,False,,False
5370,2026-08-22 01:33:00,VIA-00224,ORD-2026-04902,CAM-04,PROD-006,-999.0,C,41.6,0,0,OK,,OK,,OK,,OK,,OK,,CRITICO,-999 es centinela: no es una temperatura,OK,,OK,,OK,,OK,,1,True,CRITICO,temperatura_cabina_c,temperatura_cabina_c: -999 es centinela: no es una temperatura,America/La_Paz,GIAD-M3-S4-IOT-diagnostico-didactico-v1,edb7afe2f7fb836e59fe605d30c88b3b5b13a6d8ab2ec0b37f206a14e58de6bf,CENTINELA_A_FALTANTE | DERIVAR_UTC,-999 no representa temperatura | Timestamp local de Bolivia convertido a UTC,CAM-04,C,,41.6,2026-08-22T05:33:00Z,False,False,Temperatura sin valor recuperable,True,CUARENTENA,True,False,False,Seco,Seco,SIN_ALERTA,False,,False
5823,2026-02-31 09:15:00,VIA-00243,ORD-2026-02147,CAM-24,PROD-058,-17.9,C,74.8,0,0,CRITICO,Formato o fecha de calendario inválidos,OK,,OK,,OK,,OK,,OK,,OK,,OK,,OK,,OK,,1,True,CRITICO,timestamp,timestamp: Formato o fecha de calendario inválidos,America/La_Paz,GIAD-M3-S4-IOT-diagnostico-didactico-v1,edb7afe2f7fb836e59fe605d30c88b3b5b13a6d8ab2ec0b37f206a14e58de6bf,,,CAM-24,C,-17.9,74.8,,False,False,Fecha local inválida,True,CUARENTENA,True,True,False,Congelado,Refrigerado,SIN_ALERTA,False,,False
5856,2026-08-20 20:53:00,VIA-00244,ORD-2026-06776,CAM-08,PROD-027,,C,67.8,0,0,OK,,OK,,OK,,OK,,OK,,CRITICO,Valor faltante,OK,,OK,,OK,,OK,,1,True,CRITICO,temperatura_cabina_c,temperatura_cabina_c: Valor faltante,America/La_Paz,GIAD-M3-S4-IOT-diagnostico-didactico-v1,edb7afe2f7fb836e59fe605d30c88b3b5b13a6d8ab2ec0b37f206a14e58de6bf,DERIVAR_UTC,Timestamp local de Bolivia convertido a UTC,CAM-08,C,,67.8,2026-08-21T00:53:00Z,False,False,Temperatura sin valor recuperable,True,CUARENTENA,True,False,False,Fresco,Refrigerado,SIN_ALERTA,False,,False
6397,2026-08-14 03:37:00,VIA-00267,ORD-2026-07158,CAM-03,PROD-012,,C,51.8,0,0,OK,,OK,,OK,,OK,,OK,,CRITICO,Valor faltante,OK,,OK,,OK,,OK,,1,True,CRITICO,temperatura_cabina_c,temperatura_cabina_c: Valor faltante,America/La_Paz,GIAD-M3-S4-IOT-diagnostico-didactico-v1,edb7afe2f7fb836e59fe605d30c88b3b5b13a6d8ab2ec0b37f206a14e58de6bf,DERIVAR_UTC,Timestamp local de Bolivia convertido a UTC,CAM-03,C,,51.8,2026-08-14T07:37:00Z,False,False,Temperatura sin valor recuperable,True,CUARENTENA,True,False,False,Seco,Seco,SIN_ALERTA,False,,False
7245,2026-08-26 22:51:00,VIA-00302,ORD-2026-00057,CAM-20,PROD-045,4.76,C,,0,0,OK,,OK,,OK,,REVISAR,Sin correspondencia en Flota Silver de cobertura parcial,OK,,OK,,OK,,CRITICO,Valor faltante,OK,,OK,,2,True,CRITICO,camion_id|humedad_cabina_pct,camion_id: Sin correspondencia en Flota Silver de cobertura parcial | humedad_cabina_pct: Valor faltante,America/La_Paz,GIAD-M3-S4-IOT-diagnostico-didactico-v1,edb7afe2f7fb836e59fe605d30c88b3b5b13a6d8ab2ec0b37f206a14e58de6bf,DERIVAR_UTC,Timestamp local de Bolivia convertido a UTC,CAM-20,C,4.76,,2026-08-27T02:51:00Z,False,False,Humedad sin valor recuperable,True,CUARENTENA,True,True,False,Fresco,Refrigerado,SIN_ALERTA,False,,False
7331,2026-08-05 05:12:00,VIA-00306,ORD-2026-06512,CAM-24,PROD-045,-999.0,C,67.2,0,0,OK,,OK,,OK,,OK,,OK,,CRITICO,-999 es centinela: no es una temperatura,OK,,OK,,OK,,OK,,1,True,CRITICO,temperatura_cabina_c,temperatura_cabina_c: -999 es centinela: no es una temperatura,America/La_Paz,GIAD-M3-S4-IOT-diagnostico-didactico-v1,edb7afe2f7fb836e59fe605d30c88b3b5b13a6d8ab2ec0b37f206a14e58de6bf,CENTINELA_A_FALTANTE | DERIVAR_UTC,-999 no representa temperatura | Timestamp local de Bolivia convertido a UTC,CAM-24,C,,67.2,2026-08-05T09:12:00Z,False,False,Temperatura sin valor recuperable,True,CUARENTENA,True,False,False,Fresco,Refrigerado,SIN_ALERTA,False,,False
7391,2026-08-16 21:21:00,VIA-00308,ORD-2026-02207,CAM-01,PROD-053,,C,94.3,0,0,OK,,OK,,OK,,OK,,OK,,CRITICO,Valor faltante,OK,,OK,,OK,,OK,,1,True,CRITICO,temperatura_cabina_c,temperatura_cabina_c: Valor faltante,America/La_Paz,GIAD-M3-S4-IOT-diagnostico-didactico-v1,edb7afe2f7fb836e59fe605d30c88b3b5b13a6d8ab2ec0b37f206a14e58de6bf,DERIVAR_UTC,Timestamp local de Bolivia convertido a UTC,CAM-01,C,,94.3,2026-08-17T01:21:00Z,False,False,Temperatura sin valor recuperable,True,CUARENTENA,True,False,False,Fresco,Refrigerado,SIN_ALERTA,False,,False
7583,2026-08-18 15:59:00,VIA-00316,ORD-2026-04476,CAM-11,PROD-021,,C,75.0,0,0,OK,,OK,,OK,,OK,,OK,,CRITICO,Valor faltante,OK,,OK,,OK,,OK,,1,True,CRITICO,temperatura_cabina_c,temperatura_cabina_c: Valor faltante,America/La_Paz,GIAD-M3-S4-IOT-diagnostico-didactico-v1,edb7afe2f7fb836e59fe605d30c88b3b5b13a6d8ab2ec0b37f206a14e58de6bf,DERIVAR_UTC,Timestamp local de Bolivia convertido a UTC,CAM-11,C,,75.0,2026-08-18T19:59:00Z,False,False,Temperatura sin valor recuperable,True,CUARENTENA,True,False,False,Fresco,Refrigerado,SIN_ALERTA,False,,False
7681,2026-08-07 14:40:00,VIA-00321,ORD-2026-04625,CAM-21,PROD-005,18.9,C,-50.5,0,0,OK,,OK,,OK,,OK,,OK,,OK,,OK,,CRITICO,Humedad fuera de 0 a 100 %,OK,,OK,,1,True,CRITICO,humedad_cabina_pct,humedad_cabina_pct: Humedad fuera de 0 a 100 %,America/La_Paz,GIAD-M3-S4-IOT-diagnostico-didactico-v1,edb7afe2f7fb836e59fe605d30c88b3b5b13a6d8ab2ec0b37f206a14e58de6bf,DERIVAR_UTC,Timestamp local de Bolivia convertido a UTC,CAM-21,C,18.9,,2026-08-07T18:40:00Z,False,False,Humedad sin valor recuperable,True,CUARENTENA,True,True,False,Seco,Seco,SIN_ALERTA,False,,False
7749,2026-08-07 10:26:00,VIA-00323,ORD-2026-06309,CAM-24,PROD-002,-999.0,C,51.2,0,0,OK,,OK,,OK,,OK,,OK,,CRITICO,-999 es centinela: no es una temperatura,OK,,OK,,OK,,OK,,1,True,CRITICO,temperatura_cabina_c,temperatura_cabina_c: -999 es centinela: no es una temperatura,America/La_Paz,GIAD-M3-S4-IOT-diagnostico-didactico-v1,edb7afe2f7fb836e59fe605d30c88b3b5b13a6d8ab2ec0b37f206a14e58de6bf,CENTINELA_A_FALTANTE | DERIVAR_UTC,-999 no representa temperatura | Timestamp local de Bolivia convertido a UTC,CAM-24,C,,51.2,2026-08-07T14:26:00Z,False,False,Temperatura sin valor recuperable,True,CUARENTENA,True,False,False,Seco,Refrigerado,SIN_ALERTA,False,,False
7776,2026-08-19 17:26:00,VIA-00324,ORD-2026-05843,CAM-03,PROD-057,,C,51.0,0,0,OK,,OK,,OK,,OK,,OK,,CRITICO,Valor faltante,OK,,OK,,OK,,OK,,1,True,CRITICO,temperatura_cabina_c,temperatura_cabina_c: Valor faltante,America/La_Paz,GIAD-M3-S4-IOT-diagnostico-didactico-v1,edb7afe2f7fb836e59fe605d30c88b3b5b13a6d8ab2ec0b37f206a14e58de6bf,DERIVAR_UTC,Timestamp local de Bolivia convertido a UTC,CAM-03,C,,51.0,2026-08-19T21:26:00Z,False,False,Temperatura sin valor recuperable,True,CUARENTENA,True,False,False,Seco,Seco,SIN_ALERTA,False,,False
8028,2026-08-29 14:16:00,VIA-00335,ORD-2026-07179,CAM-29,PROD-030,,C,37.7,0,0,OK,,OK,,OK,,OK,,OK,,CRITICO,Valor faltante,OK,,OK,,OK,,OK,,1,True,CRITICO,temperatura_cabina_c,temperatura_cabina_c: Valor faltante,America/La_Paz,GIAD-M3-S4-IOT-diagnostico-didactico-v1,edb7afe2f7fb836e59fe605d30c88b3b5b13a6d8ab2ec0b37f206a14e58de6bf,DERIVAR_UTC,Timestamp local de Bolivia convertido a UTC,CAM-29,C,,37.7,2026-08-29T18:16:00Z,False,False,Temperatura sin valor recuperable,True,CUARENTENA,True,False,False,Seco,Seco,SIN_ALERTA,False,,False
8232,2026-08-09 00:00:00,VIA-00343,ORD-2026-06413,CAM-08,PROD-036,3.43,C,,0,0,OK,,OK,,OK,,OK,,REVISAR,Sin correspondencia en Productos Silver de cobertura parcial,OK,,OK,,CRITICO,Valor faltante,OK,,OK,,2,True,CRITICO,producto_id|humedad_cabina_pct,producto_id: Sin correspondencia en Productos Silver de cobertura parcial | humedad_cabina_pct: Valor faltante,America/La_Paz,GIAD-M3-S4-IOT-diagnostico-didactico-v1,edb7afe2f7fb836e59fe605d30c88b3b5b13a6d8ab2ec0b37f206a14e58de6bf,DERIVAR_UTC,Timestamp local de Bolivia convertido a UTC,CAM-08,C,3.43,,2026-08-09T04:00:00Z,False,False,Humedad sin valor recuperable,True,CUARENTENA,False,False,False,Fresco,Refrigerado,NO_EVALUABLE,False,Categoria observada o tipo de camion no disponible para evaluar,False
8696,2026-02-31 09:15:00,VIA-00363,ORD-2026-07429,CAM-10,PROD-001,2.74,C,70.2,0,0,CRITICO,Formato o fecha de calendario inválidos,OK,,OK,,OK,,OK,,OK,,OK,,OK,,OK,,OK,,1,True,CRITICO,timestamp,timestamp: Formato o fecha de calendario inválidos,America/La_Paz,GIAD-M3-S4-IOT-diagnostico-didactico-v1,edb7afe2f7fb836e59fe605d30c88b3b5b13a6d8ab2ec0b37f206a14e58de6bf,,,CAM-10,C,2.74,70.2,,False,False,Fecha local inválida,True,CUARENTENA,True,True,False,Fresco,Refrigerado,SIN_ALERTA,False,,False
9215,2026-08-15 19:53:00,VIA-00384,ORD-2026-00605,CAM-06,PROD-014,-999.0,C,52.6,0,0,OK,,OK,,OK,,OK,,OK,,CRITICO,-999 es centinela: no es una temperatura,OK,,OK,,OK,,OK,,1,True,CRITICO,temperatura_cabina_c,temperatura_cabina_c: -999 es centinela: no es una temperatura,America/La_Paz,GIAD-M3-S4-IOT-diagnostico-didactico-v1,edb7afe2f7fb836e59fe605d30c88b3b5b13a6d8ab2ec0b37f206a14e58de6bf,CENTINELA_A_FALTANTE | DERIVAR_UTC,-999 no representa temperatura | Timestamp local de Bolivia convertido a UTC,CAM-06,C,,52.6,2026-08-15T23:53:00Z,False,False,Temperatura sin valor recuperable,True,CUARENTENA,True,False,False,Seco,Seco,SIN_ALERTA,False,,False
9456,2026-02-31 09:15:00,VIA-00394,ORD-2026-07231,CAM-25,PROD-046,19.91,C,41.7,0,0,CRITICO,Formato o fecha de calendario inválidos,OK,,OK,,OK,,REVISAR,Sin correspondencia en Productos Silver de cobertura parcial,OK,,OK,,OK,,OK,,OK,,2,True,CRITICO,timestamp|producto_id,timestamp: Formato o fecha de calendario inválidos | producto_id: Sin correspondencia en Productos Silver de cobertura parcial,America/La_Paz,GIAD-M3-S4-IOT-diagnostico-didactico-v1,edb7afe2f7fb836e59fe605d30c88b3b5b13a6d8ab2ec0b37f206a14e58de6bf,,,CAM-25,C,19.91,41.7,,False,False,Fecha local inválida,True,CUARENTENA,True,True,False,Seco,Refrigerado,SIN_ALERTA,False,,False
10080,2026-08-03 21:51:00,VIA-00420,ORD-2026-02885,CAM-15,PROD-035,,C,61.5,0,0,OK,,OK,,OK,,OK,,OK,,CRITICO,Valor faltante,OK,,OK,,OK,,OK,,1,True,CRITICO,temperatura_cabina_c,temperatura_cabina_c: Valor faltante,America/La_Paz,GIAD-M3-S4-IOT-diagnostico-didactico-v1,edb7afe2f7fb836e59fe605d30c88b3b5b13a6d8ab2ec0b37f206a14e58de6bf,DERIVAR_UTC,Timestamp local de Bolivia convertido a UTC,CAM-15,C,,61.5,2026-08-04T01:51:00Z,False,False,Temperatura sin valor recuperable,True,CUARENTENA,True,False,False,Congelado,Refrigerado,SIN_ALERTA,False,,False
10123,2026-02-31 09:15:00,VIA-00422,ORD-2026-00525,CAM-20,PROD-001,36.52,F,64.4,0,0,CRITICO,Formato o fecha de calendario inválidos,OK,,OK,,REVISAR,Sin correspondencia en Flota Silver de cobertura parcial,OK,,OK,,REVISAR,Fahrenheit reconocido; convertir a Celsius en tratamiento,OK,,OK,,OK,,3,True,CRITICO,timestamp|camion_id|temp_unit,timestamp: Formato o fecha de calendario inválidos | camion_id: Sin correspondencia en Flota Silver de cobertura parcial | temp_unit: Fahrenheit reconocido | temp_unit: convertir a Celsius en tratamiento,America/La_Paz,GIAD-M3-S4-IOT-diagnostico-didactico-v1,edb7afe2f7fb836e59fe605d30c88b3b5b13a6d8ab2ec0b37f206a14e58de6bf,CONVERTIR_F_A_C,Fahrenheit convertido a Celsius,CAM-20,C,2.511111111111113,64.4,,False,False,Fecha local inválida,True,CUARENTENA,True,True,False,Fresco,Refrigerado,SIN_ALERTA,False,,False
10945,2026-08-19 10:13:00,VIA-00457,ORD-2026-01549,CAM-23,PROD-020,-999.0,C,36.9,0,0,OK,,OK,,OK,,OK,,OK,,CRITICO,-999 es centinela: no es una temperatura,OK,,OK,,OK,,OK,,1,True,CRITICO,temperatura_cabina_c,temperatura_cabina_c: -999 es centinela: no es una temperatura,America/La_Paz,GIAD-M3-S4-IOT-diagnostico-didactico-v1,edb7afe2f7fb836e59fe605d30c88b3b5b13a6d8ab2ec0b37f206a14e58de6bf,CENTINELA_A_FALTANTE | DERIVAR_UTC,-999 no representa temperatura | Timestamp local de Bolivia convertido a UTC,CAM-23,C,,36.9,2026-08-19T14:13:00Z,False,False,Temperatura sin valor recuperable,True,CUARENTENA,True,False,False,Seco,Seco,SIN_ALERTA,False,,False
11185,2026-08-15 09:38:00,VIA-00467,ORD-2026-07428,CAM-26,PROD-053,4.62,C,,0,0,OK,,OK,,OK,,OK,,OK,,OK,,OK,,CRITICO,Valor faltante,OK,,OK,,1,True,CRITICO,humedad_cabina_pct,humedad_cabina_pct: Valor faltante,America/La_Paz,GIAD-M3-S4-IOT-diagnostico-didactico-v1,edb7afe2f7fb836e59fe605d30c88b3b5b13a6d8ab2ec0b37f206a14e58de6bf,DERIVAR_UTC,Timestamp local de Bolivia convertido a UTC,CAM-26,C,4.62,,2026-08-15T13:38:00Z,False,False,Humedad sin valor recuperable,True,CUARENTENA,True,True,False,Fresco,Refrigerado,SIN_ALERTA,False,,False
11257,2026-08-30 03:12:00,VIA-00470,ORD-2026-00187,CAM-11,PROD-035,-999.0,C,75.7,0,0,OK,,OK,,OK,,OK,,OK,,CRITICO,-999 es centinela: no es una temperatura,OK,,OK,,OK,,OK,,1,True,CRITICO,temperatura_cabina_c,temperatura_cabina_c: -999 es centinela: no es una temperatura,America/La_Paz,GIAD-M3-S4-IOT-diagnostico-didactico-v1,edb7afe2f7fb836e59fe605d30c88b3b5b13a6d8ab2ec0b37f206a14e58de6bf,CENTINELA_A_FALTANTE | DERIVAR_UTC,-999 no representa temperatura | Timestamp local de Bolivia convertido a UTC,CAM-11,C,,75.7,2026-08-30T07:12:00Z,False,False,Temperatura sin valor recuperable,True,CUARENTENA,True,False,False,Congelado,Refrigerado,SIN_ALERTA,False,,False
11385,2026-08-27 19:42:00,VIA-00475,ORD-2026-01792,CAM-03,PROD-016,18.45,C,52.8,0,0,CRITICO,Misma clave con datos diferentes; revisar ambas lecturas,CRITICO,Misma clave con datos diferentes; revisar ambas lecturas,OK,,OK,,REVISAR,Sin correspondencia en Productos Silver de cobertura parcial,OK,,OK,,OK,,OK,,OK,,3,True,CRITICO,timestamp|viaje_id|producto_id,timestamp: Misma clave con datos diferentes | timestamp: revisar ambas lecturas | viaje_id: Misma clave con datos diferentes | viaje_id: revisar ambas lecturas | producto_id: Sin correspondencia en Productos Silver de cobertura parcial,America/La_Paz,GIAD-M3-S4-IOT-diagnostico-didactico-v1,edb7afe2f7fb836e59fe605d30c88b3b5b13a6d8ab2ec0b37f206a14e58de6bf,DERIVAR_UTC | CUARENTENA_CONFLICTO,Timestamp local de Bolivia convertido a UTC | Misma clave de lectura con datos distintos,CAM-03,C,18.45,52.8,2026-08-27T23:42:00Z,False,False,Clave de lectura en conflicto,True,CUARENTENA,True,True,False,Seco,Seco,SIN_ALERTA,False,,False
11926,2026-08-16 15:25:00,VIA-00497,ORD-2026-02619,CAM-03,PROD-033,,C,57.7,0,0,OK,,OK,,OK,,OK,,OK,,CRITICO,Valor faltante,OK,,OK,,OK,,OK,,1,True,CRITICO,temperatura_cabina_c,temperatura_cabina_c: Valor faltante,America/La_Paz,GIAD-M3-S4-IOT-diagnostico-didactico-v1,edb7afe2f7fb836e59fe605d30c88b3b5b13a6d8ab2ec0b37f206a14e58de6bf,DERIVAR_UTC,Timestamp local de Bolivia convertido a UTC,CAM-03,C,,57.7,2026-08-16T19:25:00Z,False,False,Temperatura sin valor recuperable,True,CUARENTENA,True,False,False,Seco,Seco,SIN_ALERTA,False,,False
12097,2026-08-11 07:38:00,VIA-00505,ORD-2026-02549,CAM-23,PROD-029,-999.0,C,45.0,0,0,OK,,OK,,OK,,OK,,OK,,CRITICO,-999 es centinela: no es una temperatura,OK,,OK,,OK,,OK,,1,True,CRITICO,temperatura_cabina_c,temperatura_cabina_c: -999 es centinela: no es una temperatura,America/La_Paz,GIAD-M3-S4-IOT-diagnostico-didactico-v1,edb7afe2f7fb836e59fe605d30c88b3b5b13a6d8ab2ec0b37f206a14e58de6bf,CENTINELA_A_FALTANTE | DERIVAR_UTC,-999 no representa temperatura | Timestamp local de Bolivia convertido a UTC,CAM-23,C,,45.0,2026-08-11T11:38:00Z,False,False,Temperatura sin valor recuperable,True,CUARENTENA,True,False,False,Seco,Seco,SIN_ALERTA,False,,False
12198,2026-08-11 11:33:00,VIA-00509,ORD-2026-05559,CAM-27,PROD-030,-999.0,C,47.4,0,0,OK,,OK,,OK,,OK,,OK,,CRITICO,-999 es centinela: no es una temperatura,OK,,OK,,OK,,OK,,1,True,CRITICO,temperatura_cabina_c,temperatura_cabina_c: -999 es centinela: no es una temperatura,America/La_Paz,GIAD-M3-S4-IOT-diagnostico-didactico-v1,edb7afe2f7fb836e59fe605d30c88b3b5b13a6d8ab2ec0b37f206a14e58de6bf,CENTINELA_A_FALTANTE | DERIVAR_UTC,-999 no representa temperatura | Timestamp local de Bolivia convertido a UTC,CAM-27,C,,47.4,2026-08-11T15:33:00Z,False,False,Temperatura sin valor recuperable,True,CUARENTENA,True,False,False,Seco,Refrigerado,SIN_ALERTA,False,,False
12757,2026-08-30 22:23:00,VIA-00532,ORD-2026-04733,CAM-23,PROD-019,,C,56.2,0,0,OK,,OK,,OK,,OK,,OK,,CRITICO,Valor faltante,OK,,OK,,OK,,OK,,1,True,CRITICO,temperatura_cabina_c,temperatura_cabina_c: Valor faltante,America/La_Paz,GIAD-M3-S4-IOT-diagnostico-didactico-v1,edb7afe2f7fb836e59fe605d30c88b3b5b13a6d8ab2ec0b37f206a14e58de6bf,DERIVAR_UTC,Timestamp local de Bolivia convertido a UTC,CAM-23,C,,56.2,2026-08-31T02:23:00Z,False,False,Temperatura sin valor recuperable,True,CUARENTENA,True,False,False,Seco,Seco,SIN_ALERTA,False,,False
12771,2026-08-09 21:15:00,VIA-00533,ORD-2026-06751,CAM-11,PROD-017,,C,49.3,0,0,OK,,OK,,OK,,OK,,OK,,CRITICO,Valor faltante,OK,,OK,,OK,,OK,,1,True,CRITICO,temperatura_cabina_c,temperatura_cabina_c: Valor faltante,America/La_Paz,GIAD-M3-S4-IOT-diagnostico-didactico-v1,edb7afe2f7fb836e59fe605d30c88b3b5b13a6d8ab2ec0b37f206a14e58de6bf,DERIVAR_UTC,Timestamp local de Bolivia convertido a UTC,CAM-11,C,,49.3,2026-08-10T01:15:00Z,False,False,Temperatura sin valor recuperable,True,CUARENTENA,True,False,False,Seco,Refrigerado,SIN_ALERTA,False,,False
13016,2026-08-28 23:01:00,VIA-00543,ORD-2026-03706,CAM-24,PROD-031,20.24,C,46.3,0,0,CRITICO,Misma clave con datos diferentes; revisar ambas lecturas,CRITICO,Misma clave con datos diferentes; revisar ambas lecturas,OK,,OK,,REVISAR,Sin correspondencia en Productos Silver de cobertura parcial,OK,,OK,,OK,,OK,,OK,,3,True,CRITICO,timestamp|viaje_id|producto_id,timestamp: Misma clave con datos diferentes | timestamp: revisar ambas lecturas | viaje_id: Misma clave con datos diferentes | viaje_id: revisar ambas lecturas | producto_id: Sin correspondencia en Productos Silver de cobertura parcial,America/La_Paz,GIAD-M3-S4-IOT-diagnostico-didactico-v1,edb7afe2f7fb836e59fe605d30c88b3b5b13a6d8ab2ec0b37f206a14e58de6bf,DERIVAR_UTC | CUARENTENA_CONFLICTO,Timestamp local de Bolivia convertido a UTC | Misma clave de lectura con datos distintos,CAM-24,C,20.24,46.3,2026-08-29T03:01:00Z,False,False,Clave de lectura en conflicto,True,CUARENTENA,True,True,False,Seco,Refrigerado,SIN_ALERTA,False,,False
13029,2026-02-31 09:15:00,VIA-00543,ORD-2026-03706,CAM-24,PROD-031,16.59,C,46.4,0,0,CRITICO,Formato o fecha de calendario inválidos,OK,,OK,,OK,,REVISAR,Sin correspondencia en Productos Silver de cobertura parcial,OK,,OK,,OK,,OK,,OK,,2,True,CRITICO,timestamp|producto_id,timestamp: Formato o fecha de calendario inválidos | producto_id: Sin correspondencia en Productos Silver de cobertura parcial,America/La_Paz,GIAD-M3-S4-IOT-diagnostico-didactico-v1,edb7afe2f7fb836e59fe605d30c88b3b5b13a6d8ab2ec0b37f206a14e58de6bf,,,CAM-24,C,16.59,46.4,,False,False,Fecha local inválida,True,CUARENTENA,True,True,False,Seco,Refrigerado,SIN_ALERTA,False,,False
13298,2026-08-02 02:54:00,VIA-00555,ORD-2026-05267,CAM-20,PROD-021,,C,82.8,0,0,OK,,OK,,OK,,REVISAR,Sin correspondencia en Flota Silver de cobertura parcial,OK,,CRITICO,Valor faltante,OK,,OK,,OK,,OK,,2,True,CRITICO,camion_id|temperatura_cabina_c,camion_id: Sin correspondencia en Flota Silver de cobertura parcial | temperatura_cabina_c: Valor faltante,America/La_Paz,GIAD-M3-S4-IOT-diagnostico-didactico-v1,edb7afe2f7fb836e59fe605d30c88b3b5b13a6d8ab2ec0b37f206a14e58de6bf,DERIVAR_UTC,Timestamp local de Bolivia convertido a UTC,CAM-20,C,,82.8,2026-08-02T06:54:00Z,False,False,Temperatura sin valor recuperable,True,CUARENTENA,True,False,False,Fresco,Refrigerado,SIN_ALERTA,False,,False
13440,2026-08-16 11:48:00,VIA-00560,ORD-2026-04169,CAM-12,PROD-046,-999.0,C,40.8,0,0,OK,,OK,,OK,,OK,,REVISAR,Sin correspondencia en Productos Silver de cobertura parcial,CRITICO,-999 es centinela: no es una temperatura,OK,,OK,,OK,,OK,,2,True,CRITICO,producto_id|temperatura_cabina_c,producto_id: Sin correspondencia en Productos Silver de cobertura parcial | temperatura_cabina_c: -999 es centinela: no es una temperatura,America/La_Paz,GIAD-M3-S4-IOT-diagnostico-didactico-v1,edb7afe2f7fb836e59fe605d30c88b3b5b13a6d8ab2ec0b37f206a14e58de6bf,CENTINELA_A_FALTANTE | DERIVAR_UTC,-999 no representa temperatura | Timestamp local de Bolivia convertido a UTC,CAM-12,C,,40.8,2026-08-16T15:48:00Z,False,False,Temperatura sin valor recuperable,True,CUARENTENA,True,False,False,Seco,Seco,SIN_ALERTA,False,,False
13692,2026-08-17 00:14:00,VIA-00571,ORD-2026-01188,CAM-19,PROD-049,-999.0,C,82.6,1,1,OK,,OK,,OK,,OK,,REVISAR,Sin correspondencia en Productos Silver de cobertura parcial,CRITICO,-999 es centinela: no es una temperatura,OK,,OK,,OK,,OK,,2,True,CRITICO,producto_id|temperatura_cabina_c,producto_id: Sin correspondencia en Productos Silver de cobertura parcial | temperatura_cabina_c: -999 es centinela: no es una temperatura,America/La_Paz,GIAD-M3-S4-IOT-diagnostico-didactico-v1,edb7afe2f7fb836e59fe605d30c88b3b5b13a6d8ab2ec0b37f206a14e58de6bf,CENTINELA_A_FALTANTE | DERIVAR_UTC,-999 no representa temperatura | Timestamp local de Bolivia convertido a UTC,CAM-19,C,,82.6,2026-08-17T04:14:00Z,False,False,Temperatura sin valor recuperable,True,CUARENTENA,False,False,False,Fresco,Refrigerado,SIN_ALERTA,False,,False
13824,2026-08-23 16:19:00,VIA-00576,ORD-2026-05478,CAM-16,PROD-020,-999.0,C,42.5,0,0,OK,,OK,,OK,,OK,,OK,,CRITICO,-999 es centinela: no es una temperatura,OK,,OK,,OK,,OK,,1,True,CRITICO,temperatura_cabina_c,temperatura_cabina_c: -999 es centinela: no es una temperatura,America/La_Paz,GIAD-M3-S4-IOT-diagnostico-didactico-v1,edb7afe2f7fb836e59fe605d30c88b3b5b13a6d8ab2ec0b37f206a14e58de6bf,CENTINELA_A_FALTANTE | DERIVAR_UTC,-999 no representa temperatura | Timestamp local de Bolivia convertido a UTC,CAM-16,C,,42.5,2026-08-23T20:19:00Z,False,False,Temperatura sin valor recuperable,True,CUARENTENA,True,False,False,Seco,Seco,SIN_ALERTA,False,,False
14165,2026-02-31 09:15:00,VIA-00591,ORD-2026-05366,CAM-08,PROD-051,-17.62,C,56.1,0,0,CRITICO,Formato o fecha de calendario inválidos,OK,,OK,,OK,,OK,,OK,,OK,,OK,,OK,,OK,,1,True,CRITICO,timestamp,timestamp: Formato o fecha de calendario inválidos,America/La_Paz,GIAD-M3-S4-IOT-diagnostico-didactico-v1,edb7afe2f7fb836e59fe605d30c88b3b5b13a6d8ab2ec0b37f206a14e58de6bf,,,CAM-08,C,-17.62,56.1,,False,False,Fecha local inválida,True,CUARENTENA,True,True,False,Congelado,Refrigerado,SIN_ALERTA,False,,False
14376,2026-08-25 23:01:00,VIA-00599,ORD-2026-04996,CAM-08,PROD-030,,C,47.3,0,0,OK,,OK,,OK,,OK,,OK,,CRITICO,Valor faltante,OK,,OK,,OK,,OK,,1,True,CRITICO,temperatura_cabina_c,temperatura_cabina_c: Valor faltante,America/La_Paz,GIAD-M3-S4-IOT-diagnostico-didactico-v1,edb7afe2f7fb836e59fe605d30c88b3b5b13a6d8ab2ec0b37f206a14e58de6bf,DERIVAR_UTC,Timestamp local de Bolivia convertido a UTC,CAM-08,C,,47.3,2026-08-26T03:01:00Z,False,False,Temperatura sin valor recuperable,True,CUARENTENA,True,False,False,Seco,Refrigerado,SIN_ALERTA,False,,False
14414,2026-02-31 09:15:00,VIA-00601,ORD-2026-00100,CAM-26,PROD-049,9.13,C,86.3,1,1,CRITICO,Formato o fecha de calendario inválidos,OK,,OK,,OK,,REVISAR,Sin correspondencia en Productos Silver de cobertura parcial,OK,,OK,,OK,,OK,,OK,,2,True,CRITICO,timestamp|producto_id,timestamp: Formato o fecha de calendario inválidos | producto_id: Sin correspondencia en Productos Silver de cobertura parcial,America/La_Paz,GIAD-M3-S4-IOT-diagnostico-didactico-v1,edb7afe2f7fb836e59fe605d30c88b3b5b13a6d8ab2ec0b37f206a14e58de6bf,,,CAM-26,C,9.13,86.3,,False,False,Fecha local inválida,True,CUARENTENA,False,False,False,Fresco,Refrigerado,SIN_ALERTA,False,,False
14863,2026-08-15 21:10:00,VIA-00620,ORD-2026-05089,CAM-26,PROD-024,,C,40.8,0,0,OK,,OK,,OK,,OK,,OK,,CRITICO,Valor faltante,OK,,OK,,OK,,OK,,1,True,CRITICO,temperatura_cabina_c,temperatura_cabina_c: Valor faltante,America/La_Paz,GIAD-M3-S4-IOT-diagnostico-didactico-v1,edb7afe2f7fb836e59fe605d30c88b3b5b13a6d8ab2ec0b37f206a14e58de6bf,DERIVAR_UTC,Timestamp local de Bolivia convertido a UTC,CAM-26,C,,40.8,2026-08-16T01:10:00Z,False,False,Temperatura sin valor recuperable,True,CUARENTENA,True,False,False,Seco,Refrigerado,SIN_ALERTA,False,,False
15244,2026-02-31 09:15:00,VIA-00636,ORD-2026-07494,CAM-18,PROD-024,20.62,C,42.1,0,0,CRITICO,Formato o fecha de calendario inválidos,OK,,OK,,OK,,OK,,OK,,OK,,OK,,OK,,OK,,1,True,CRITICO,timestamp,timestamp: Formato o fecha de calendario inválidos,America/La_Paz,GIAD-M3-S4-IOT-diagnostico-didactico-v1,edb7afe2f7fb836e59fe605d30c88b3b5b13a6d8ab2ec0b37f206a14e58de6bf,,,CAM-18,C,20.62,42.1,,False,False,Fecha local inválida,True,CUARENTENA,True,True,False,Seco,Seco,SIN_ALERTA,False,,False
15780,2026-08-29 09:25:00,VIA-00658,ORD-2026-06403,CAM-28,PROD-045,-999.0,C,83.2,0,1,OK,,OK,,OK,,OK,,OK,,CRITICO,-999 es centinela: no es una temperatura,OK,,OK,,OK,,OK,,1,True,CRITICO,temperatura_cabina_c,temperatura_cabina_c: -999 es centinela: no es una temperatura,America/La_Paz,GIAD-M3-S4-IOT-diagnostico-didactico-v1,edb7afe2f7fb836e59fe605d30c88b3b5b13a6d8ab2ec0b37f206a14e58de6bf,CENTINELA_A_FALTANTE | DERIVAR_UTC,-999 no representa temperatura | Timestamp local de Bolivia convertido a UTC,CAM-28,C,,83.2,2026-08-29T13:25:00Z,False,False,Temperatura sin valor recuperable,True,CUARENTENA,True,False,False,Fresco,Refrigerado,SIN_ALERTA,False,,False
16488,2026-08-20 07:45:00,VIA-00687,ORD-2026-03211,CAM-15,PROD-016,-999.0,C,52.6,0,0,OK,,OK,,OK,,OK,,REVISAR,Sin correspondencia en Productos Silver de cobertura parcial,CRITICO,-999 es centinela: no es una temperatura,OK,,OK,,OK,,OK,,2,True,CRITICO,producto_id|temperatura_cabina_c,producto_id: Sin correspondencia en Productos Silver de cobertura parcial | temperatura_cabina_c: -999 es centinela: no es una temperatura,America/La_Paz,GIAD-M3-S4-IOT-diagnostico-didactico-v1,edb7afe2f7fb836e59fe605d30c88b3b5b13a6d8ab2ec0b37f206a14e58de6bf,CENTINELA_A_FALTANTE | DERIVAR_UTC,-999 no representa temperatura | Timestamp local de Bolivia convertido a UTC,CAM-15,C,,52.6,2026-08-20T11:45:00Z,False,False,Temperatura sin valor recuperable,True,CUARENTENA,True,False,False,Seco,Refrigerado,SIN_ALERTA,False,,False
16576,2026-08-06 16:52:00,VIA-00691,ORD-2026-05152,CAM-15,PROD-040,,C,43.5,0,0,OK,,OK,,OK,,OK,,OK,,CRITICO,Valor faltante,OK,,OK,,OK,,OK,,1,True,CRITICO,temperatura_cabina_c,temperatura_cabina_c: Valor faltante,America/La_Paz,GIAD-M3-S4-IOT-diagnostico-didactico-v1,edb7afe2f7fb836e59fe605d30c88b3b5b13a6d8ab2ec0b37f206a14e58de6bf,DERIVAR_UTC,Timestamp local de Bolivia convertido a UTC,CAM-15,C,,43.5,2026-08-06T20:52:00Z,False,False,Temperatura sin valor recuperable,True,CUARENTENA,True,False,False,Seco,Refrigerado,SIN_ALERTA,False,,False
16752,2026-08-02 10:01:00,VIA-00698,ORD-2026-04343,CAM-10,PROD-045,3.68,C,,0,0,OK,,OK,,OK,,OK,,OK,,OK,,OK,,CRITICO,Valor faltante,OK,,OK,,1,True,CRITICO,humedad_cabina_pct,humedad_cabina_pct: Valor faltante,America/La_Paz,GIAD-M3-S4-IOT-diagnostico-didactico-v1,edb7afe2f7fb836e59fe605d30c88b3b5b13a6d8ab2ec0b37f206a14e58de6bf,DERIVAR_UTC,Timestamp local de Bolivia convertido a UTC,CAM-10,C,3.68,,2026-08-02T14:01:00Z,False,False,Humedad sin valor recuperable,True,CUARENTENA,True,True,False,Fresco,Refrigerado,SIN_ALERTA,False,,False
17017,2026-08-15 20:20:00,VIA-00710,ORD-2026-02533,CAM-26,PROD-030,-999.0,C,49.6,0,0,OK,,OK,,OK,,OK,,OK,,CRITICO,-999 es centinela: no es una temperatura,OK,,OK,,OK,,OK,,1,True,CRITICO,temperatura_cabina_c,temperatura_cabina_c: -999 es centinela: no es una temperatura,America/La_Paz,GIAD-M3-S4-IOT-diagnostico-didactico-v1,edb7afe2f7fb836e59fe605d30c88b3b5b13a6d8ab2ec0b37f206a14e58de6bf,CENTINELA_A_FALTANTE | DERIVAR_UTC,-999 no representa temperatura | Timestamp local de Bolivia convertido a UTC,CAM-26,C,,49.6,2026-08-16T00:20:00Z,False,False,Temperatura sin valor recuperable,True,CUARENTENA,True,False,False,Seco,Refrigerado,SIN_ALERTA,False,,False
17374,2026-08-09 01:09:00,VIA-00724,ORD-2026-03198,CAM-08,PROD-019,,C,48.8,0,0,OK,,OK,,OK,,OK,,OK,,CRITICO,Valor faltante,OK,,OK,,OK,,OK,,1,True,CRITICO,temperatura_cabina_c,temperatura_cabina_c: Valor faltante,America/La_Paz,GIAD-M3-S4-IOT-diagnostico-didactico-v1,edb7afe2f7fb836e59fe605d30c88b3b5b13a6d8ab2ec0b37f206a14e58de6bf,DERIVAR_UTC,Timestamp local de Bolivia convertido a UTC,CAM-08,C,,48.8,2026-08-09T05:09:00Z,False,False,Temperatura sin valor recuperable,True,CUARENTENA,True,False,False,Seco,Refrigerado,SIN_ALERTA,False,,False
17534,2026-08-03 21:55:00,VIA-00731,ORD-2026-01582,CAM-25,PROD-036,6.47,C,,1,0,OK,,OK,,OK,,OK,,REVISAR,Sin correspondencia en Productos Silver de cobertura parcial,OK,,OK,,CRITICO,Valor faltante,OK,,OK,,2,True,CRITICO,producto_id|humedad_cabina_pct,producto_id: Sin correspondencia en Productos Silver de cobertura parcial | humedad_cabina_pct: Valor faltante,America/La_Paz,GIAD-M3-S4-IOT-diagnostico-didactico-v1,edb7afe2f7fb836e59fe605d30c88b3b5b13a6d8ab2ec0b37f206a14e58de6bf,DERIVAR_UTC,Timestamp local de Bolivia convertido a UTC,CAM-25,C,6.47,,2026-08-04T01:55:00Z,False,False,Humedad sin valor recuperable,True,CUARENTENA,False,False,False,Fresco,Refrigerado,NO_EVALUABLE,False,Categoria observada o tipo de camion no disponible para evaluar,False
17705,2026-08-03 21:27:00,VIA-00738,ORD-2026-06546,CAM-10,PROD-031,18.25,C,-55.9,0,0,OK,,OK,,OK,,OK,,REVISAR,Sin correspondencia en Productos Silver de cobertura parcial,OK,,OK,,CRITICO,Humedad fuera de 0 a 100 %,OK,,OK,,2,True,CRITICO,producto_id|humedad_cabina_pct,producto_id: Sin correspondencia en Productos Silver de cobertura parcial | humedad_cabina_pct: Humedad fuera de 0 a 100 %,America/La_Paz,GIAD-M3-S4-IOT-diagnostico-didactico-v1,edb7afe2f7fb836e59fe605d30c88b3b5b13a6d8ab2ec0b37f206a14e58de6bf,DERIVAR_UTC,Timestamp local de Bolivia convertido a UTC,CAM-10,C,18.25,,2026-08-04T01:27:00Z,False,False,Humedad sin valor recuperable,True,CUARENTENA,True,True,False,Seco,Refrigerado,SIN_ALERTA,False,,False
18237,2026-08-07 03:53:00,VIA-00760,ORD-2026-06010,CAM-09,PROD-018,,C,52.0,0,0,OK,,OK,,OK,,OK,,REVISAR,Sin correspondencia en Productos Silver de cobertura parcial,CRITICO,Valor faltante,OK,,OK,,OK,,OK,,2,True,CRITICO,producto_id|temperatura_cabina_c,producto_id: Sin correspondencia en Productos Silver de cobertura parcial | temperatura_cabina_c: Valor faltante,America/La_Paz,GIAD-M3-S4-IOT-diagnostico-didactico-v1,edb7afe2f7fb836e59fe605d30c88b3b5b13a6d8ab2ec0b37f206a14e58de6bf,DERIVAR_UTC,Timestamp local de Bolivia convertido a UTC,CAM-09,C,,52.0,2026-08-07T07:53:00Z,False,False,Temperatura sin valor recuperable,True,CUARENTENA,False,False,False,Seco,Seco,SIN_ALERTA,False,,False
18256,2026-08-26 18:25:00,VIA-00761,ORD-2026-00954,CAM-24,PROD-015,3.77,C,75.5,0,0,CRITICO,Misma clave con datos diferentes; revisar ambas lecturas,CRITICO,Misma clave con datos diferentes; revisar ambas lecturas,OK,,OK,,OK,,OK,,OK,,OK,,OK,,OK,,2,True,CRITICO,timestamp|viaje_id,timestamp: Misma clave con datos diferentes | timestamp: revisar ambas lecturas | viaje_id: Misma clave con datos diferentes | viaje_id: revisar ambas lecturas,America/La_Paz,GIAD-M3-S4-IOT-diagnostico-didactico-v1,edb7afe2f7fb836e59fe605d30c88b3b5b13a6d8ab2ec0b37f206a14e58de6bf,DERIVAR_UTC | CUARENTENA_CONFLICTO,Timestamp local de Bolivia convertido a UTC | Misma clave de lectura con datos distintos,CAM-24,C,3.77,75.5,2026-08-26T22:25:00Z,False,False,Clave de lectura en conflicto,True,CUARENTENA,True,True,False,Fresco,Refrigerado,SIN_ALERTA,False,,False
18619,2026-08-17 07:31:00,VIA-00776,ORD-2026-01071,CAM-28,PROD-023,277.87,K,81.6,0,0,OK,,OK,,OK,,OK,,OK,,NO_EVALUABLE,Rango térmico no evaluado con unidad K,CRITICO,Kelvin no es unidad operacional esperada en AndinaLog,OK,,OK,,OK,,2,True,CRITICO,temperatura_cabina_c|temp_unit,temperatura_cabina_c: Rango térmico no evaluado con unidad K | temp_unit: Kelvin no es unidad operacional esperada en AndinaLog,America/La_Paz,GIAD-M3-S4-IOT-diagnostico-didactico-v1,edb7afe2f7fb836e59fe605d30c88b3b5b13a6d8ab2ec0b37f206a14e58de6bf,DERIVAR_UTC,Timestamp local de Bolivia convertido a UTC,CAM-28,K,,81.6,2026-08-17T11:31:00Z,False,False,Unidad térmica no operacional o desconocida | Temperatura sin valor recuperable,True,CUARENTENA,True,False,False,Fresco,Refrigerado,SIN_ALERTA,False,,False
18782,2026-08-15 10:07:00,VIA-00783,ORD-2026-05701,CAM-20,PROD-052,,C,77.8,0,0,OK,,OK,,OK,,REVISAR,Sin correspondencia en Flota Silver de cobertura parcial,OK,,CRITICO,Valor faltante,OK,,OK,,OK,,OK,,2,True,CRITICO,camion_id|temperatura_cabina_c,camion_id: Sin correspondencia en Flota Silver de cobertura parcial | temperatura_cabina_c: Valor faltante,America/La_Paz,GIAD-M3-S4-IOT-diagnostico-didactico-v1,edb7afe2f7fb836e59fe605d30c88b3b5b13a6d8ab2ec0b37f206a14e58de6bf,DERIVAR_UTC,Timestamp local de Bolivia convertido a UTC,CAM-20,C,,77.8,2026-08-15T14:07:00Z,False,False,Temperatura sin valor recuperable,True,CUARENTENA,True,False,False,Fresco,Refrigerado,SIN_ALERTA,False,,False
18810,2026-08-22 10:58:00,VIA-00784,ORD-2026-02448,CAM-15,PROD-005,,C,42.4,0,0,OK,,OK,,OK,,OK,,OK,,CRITICO,Valor faltante,OK,,OK,,OK,,OK,,1,True,CRITICO,temperatura_cabina_c,temperatura_cabina_c: Valor faltante,America/La_Paz,GIAD-M3-S4-IOT-diagnostico-didactico-v1,edb7afe2f7fb836e59fe605d30c88b3b5b13a6d8ab2ec0b37f206a14e58de6bf,DERIVAR_UTC,Timestamp local de Bolivia convertido a UTC,CAM-15,C,,42.4,2026-08-22T14:58:00Z,False,False,Temperatura sin valor recuperable,True,CUARENTENA,True,False,False,Seco,Refrigerado,SIN_ALERTA,False,,False
19040,2026-08-27 01:28:00,VIA-00794,ORD-2026-02599,CAM-19,PROD-040,-999.0,C,48.6,0,0,OK,,OK,,OK,,OK,,OK,,CRITICO,-999 es centinela: no es una temperatura,OK,,OK,,OK,,OK,,1,True,CRITICO,temperatura_cabina_c,temperatura_cabina_c: -999 es centinela: no es una temperatura,America/La_Paz,GIAD-M3-S4-IOT-diagnostico-didactico-v1,edb7afe2f7fb836e59fe605d30c88b3b5b13a6d8ab2ec0b37f206a14e58de6bf,CENTINELA_A_FALTANTE | DERIVAR_UTC,-999 no representa temperatura | Timestamp local de Bolivia convertido a UTC,CAM-19,C,,48.6,2026-08-27T05:28:00Z,False,False,Temperatura sin valor recuperable,True,CUARENTENA,True,False,False,Seco,Refrigerado,SIN_ALERTA,False,,False
19393,2026-08-22 07:40:00,VIA-00809,ORD-2026-02325,CAM-04,PROD-017,18.13,C,-50.9,0,0,OK,,OK,,OK,,OK,,OK,,OK,,OK,,CRITICO,Humedad fuera de 0 a 100 %,OK,,OK,,1,True,CRITICO,humedad_cabina_pct,humedad_cabina_pct: Humedad fuera de 0 a 100 %,America/La_Paz,GIAD-M3-S4-IOT-diagnostico-didactico-v1,edb7afe2f7fb836e59fe605d30c88b3b5b13a6d8ab2ec0b37f206a14e58de6bf,DERIVAR_UTC,Timestamp local de Bolivia convertido a UTC,CAM-04,C,18.13,,2026-08-22T11:40:00Z,False,False,Humedad sin valor recuperable,True,CUARENTENA,True,True,False,Seco,Seco,SIN_ALERTA,False,,False
20039,2026-08-13 11:53:00,VIA-00835,ORD-2026-00787,CAM-25,PROD-060,254.28,K,81.6,0,0,OK,,OK,,OK,,OK,,OK,,NO_EVALUABLE,Rango térmico no evaluado con unidad K,CRITICO,Kelvin no es unidad operacional esperada en AndinaLog,OK,,OK,,OK,,2,True,CRITICO,temperatura_cabina_c|temp_unit,temperatura_cabina_c: Rango térmico no evaluado con unidad K | temp_unit: Kelvin no es unidad operacional esperada en AndinaLog,America/La_Paz,GIAD-M3-S4-IOT-diagnostico-didactico-v1,edb7afe2f7fb836e59fe605d30c88b3b5b13a6d8ab2ec0b37f206a14e58de6bf,DERIVAR_UTC,Timestamp local de Bolivia convertido a UTC,CAM-25,K,,81.6,2026-08-13T15:53:00Z,False,False,Unidad térmica no operacional o desconocida | Temperatura sin valor recuperable,True,CUARENTENA,True,False,False,Congelado,Refrigerado,SIN_ALERTA,False,,False
20071,2026-08-02 08:25:00,VIA-00837,ORD-2026-05889,CAM-15,PROD-055,,C,55.9,0,0,OK,,OK,,OK,,OK,,OK,,CRITICO,Valor faltante,OK,,OK,,OK,,OK,,1,True,CRITICO,temperatura_cabina_c,temperatura_cabina_c: Valor faltante,America/La_Paz,GIAD-M3-S4-IOT-diagnostico-didactico-v1,edb7afe2f7fb836e59fe605d30c88b3b5b13a6d8ab2ec0b37f206a14e58de6bf,DERIVAR_UTC,Timestamp local de Bolivia convertido a UTC,CAM-15,C,,55.9,2026-08-02T12:25:00Z,False,False,Temperatura sin valor recuperable,True,CUARENTENA,True,False,False,Seco,Refrigerado,SIN_ALERTA,False,,False
20228,2026-08-26 09:42:00,VIA-00843,ORD-2026-07262,CAM-28,PROD-025,-10.1,C,-83.3,1,1,OK,,OK,,OK,,OK,,OK,,OK,,OK,,CRITICO,Humedad fuera de 0 a 100 %,OK,,OK,,1,True,CRITICO,humedad_cabina_pct,humedad_cabina_pct: Humedad fuera de 0 a 100 %,America/La_Paz,GIAD-M3-S4-IOT-diagnostico-didactico-v1,edb7afe2f7fb836e59fe605d30c88b3b5b13a6d8ab2ec0b37f206a14e58de6bf,DERIVAR_UTC,Timestamp local de Bolivia convertido a UTC,CAM-28,C,-10.1,,2026-08-26T13:42:00Z,False,False,Humedad sin valor recuperable,True,CUARENTENA,True,True,False,Congelado,Refrigerado,SIN_ALERTA,False,,False
20311,2026-08-18 10:45:00,VIA-00847,ORD-2026-04887,CAM-19,PROD-018,-999.0,C,50.1,0,0,OK,,OK,,OK,,OK,,REVISAR,Sin correspondencia en Productos Silver de cobertura parcial,CRITICO,-999 es centinela: no es una temperatura,OK,,OK,,OK,,OK,,2,True,CRITICO,producto_id|temperatura_cabina_c,producto_id: Sin correspondencia en Productos Silver de cobertura parcial | temperatura_cabina_c: -999 es centinela: no es una temperatura,America/La_Paz,GIAD-M3-S4-IOT-diagnostico-didactico-v1,edb7afe2f7fb836e59fe605d30c88b3b5b13a6d8ab2ec0b37f206a14e58de6bf,CENTINELA_A_FALTANTE | DERIVAR_UTC,-999 no representa temperatura | Timestamp local de Bolivia convertido a UTC,CAM-19,C,,50.1,2026-08-18T14:45:00Z,False,False,Temperatura sin valor recuperable,True,CUARENTENA,False,False,False,Seco,Refrigerado,SIN_ALERTA,False,,False
20388,2026-08-16 04:10:00,VIA-00850,ORD-2026-05780,CAM-26,PROD-034,-999.0,C,71.4,1,1,OK,,OK,,OK,,OK,,OK,,CRITICO,-999 es centinela: no es una temperatura,OK,,OK,,OK,,OK,,1,True,CRITICO,temperatura_cabina_c,temperatura_cabina_c: -999 es centinela: no es una temperatura,America/La_Paz,GIAD-M3-S4-IOT-diagnostico-didactico-v1,edb7afe2f7fb836e59fe605d30c88b3b5b13a6d8ab2ec0b37f206a14e58de6bf,CENTINELA_A_FALTANTE | DERIVAR_UTC,-999 no representa temperatura | Timestamp local de Bolivia convertido a UTC,CAM-26,C,,71.4,2026-08-16T08:10:00Z,False,False,Temperatura sin valor recuperable,True,CUARENTENA,True,False,False,Fresco,Refrigerado,SIN_ALERTA,False,,False
20461,2026-08-16 18:36:00,VIA-00853,ORD-2026-06319,CAM-02,PROD-052,-999.0,C,59.9,0,0,OK,,OK,,OK,,OK,,OK,,CRITICO,-999 es centinela: no es una temperatura,OK,,OK,,OK,,OK,,1,True,CRITICO,temperatura_cabina_c,temperatura_cabina_c: -999 es centinela: no es una temperatura,America/La_Paz,GIAD-M3-S4-IOT-diagnostico-didactico-v1,edb7afe2f7fb836e59fe605d30c88b3b5b13a6d8ab2ec0b37f206a14e58de6bf,CENTINELA_A_FALTANTE | DERIVAR_UTC,-999 no representa temperatura | Timestamp local de Bolivia convertido a UTC,CAM-02,C,,59.9,2026-08-16T22:36:00Z,False,False,Temperatura sin valor recuperable,True,CUARENTENA,True,False,False,Fresco,Refrigerado,SIN_ALERTA,False,,False
21058,2026-02-31 09:15:00,VIA-00878,ORD-2026-02175,CAM-01,PROD-056,5.08,C,85.4,0,0,CRITICO,Formato o fecha de calendario inválidos,OK,,OK,,OK,,OK,,OK,,OK,,OK,,OK,,OK,,1,True,CRITICO,timestamp,timestamp: Formato o fecha de calendario inválidos,America/La_Paz,GIAD-M3-S4-IOT-diagnostico-didactico-v1,edb7afe2f7fb836e59fe605d30c88b3b5b13a6d8ab2ec0b37f206a14e58de6bf,,,CAM-01,C,5.08,85.4,,False,False,Fecha local inválida,True,CUARENTENA,True,True,False,Fresco,Refrigerado,SIN_ALERTA,False,,False
21074,2026-08-19 08:31:00,VIA-00879,ORD-2026-06707,CAM-01,PROD-020,-999.0,C,62.5,0,1,OK,,OK,,OK,,OK,,OK,,CRITICO,-999 es centinela: no es una temperatura,OK,,OK,,OK,,OK,,1,True,CRITICO,temperatura_cabina_c,temperatura_cabina_c: -999 es centinela: no es una temperatura,America/La_Paz,GIAD-M3-S4-IOT-diagnostico-didactico-v1,edb7afe2f7fb836e59fe605d30c88b3b5b13a6d8ab2ec0b37f206a14e58de6bf,CENTINELA_A_FALTANTE | DERIVAR_UTC,-999 no representa temperatura | Timestamp local de Bolivia convertido a UTC,CAM-01,C,,62.5,2026-08-19T12:31:00Z,False,False,Temperatura sin valor recuperable,True,CUARENTENA,True,False,False,Seco,Refrigerado,SIN_ALERTA,False,,False
21240,2026-08-26 04:37:00,VIA-00885,ORD-2026-07094,CAM-08,PROD-036,,C,75.9,0,0,CRITICO,Misma clave con datos diferentes; revisar ambas lecturas,CRITICO,Misma clave con datos diferentes; revisar ambas lecturas,OK,,OK,,REVISAR,Sin correspondencia en Productos Silver de cobertura parcial,CRITICO,Valor faltante,OK,,OK,,OK,,OK,,4,True,CRITICO,timestamp|viaje_id|producto_id|temperatura_cabina_c,timestamp: Misma clave con datos diferentes | timestamp: revisar ambas lecturas | viaje_id: Misma clave con datos diferentes | viaje_id: revisar ambas lecturas | producto_id: Sin correspondencia en Productos Silver de cobertura parcial | temperatura_cabina_c: Valor faltante,America/La_Paz,GIAD-M3-S4-IOT-diagnostico-didactico-v1,edb7afe2f7fb836e59fe605d30c88b3b5b13a6d8ab2ec0b37f206a14e58de6bf,DERIVAR_UTC | CUARENTENA_CONFLICTO,Timestamp local de Bolivia convertido a UTC | Misma clave de lectura con datos distintos,CAM-08,C,,75.9,2026-08-26T08:37:00Z,False,False,Temperatura sin valor recuperable | Clave de lectura en conflicto,True,CUARENTENA,False,False,False,Fresco,Refrigerado,NO_EVALUABLE,False,Categoria observada o tipo de camion no disponible para evaluar,False
21409,2026-08-05 02:17:00,VIA-00893,ORD-2026-01236,CAM-10,PROD-049,,C,72.8,0,0,OK,,OK,,OK,,OK,,REVISAR,Sin correspondencia en Productos Silver de cobertura parcial,CRITICO,Valor faltante,OK,,OK,,OK,,OK,,2,True,CRITICO,producto_id|temperatura_cabina_c,producto_id: Sin correspondencia en Productos Silver de cobertura parcial | temperatura_cabina_c: Valor faltante,America/La_Paz,GIAD-M3-S4-IOT-diagnostico-didactico-v1,edb7afe2f7fb836e59fe605d30c88b3b5b13a6d8ab2ec0b37f206a14e58de6bf,DERIVAR_UTC,Timestamp local de Bolivia convertido a UTC,CAM-10,C,,72.8,2026-08-05T06:17:00Z,False,False,Temperatura sin valor recuperable,True,CUARENTENA,False,False,False,Fresco,Refrigerado,SIN_ALERTA,False,,False
21421,2026-02-31 09:15:00,VIA-00893,ORD-2026-01236,CAM-10,PROD-049,4.08,C,68.3,0,1,CRITICO,Formato o fecha de calendario inválidos,OK,,OK,,OK,,REVISAR,Sin correspondencia en Productos Silver de cobertura parcial,OK,,OK,,OK,,OK,,OK,,2,True,CRITICO,timestamp|producto_id,timestamp: Formato o fecha de calendario inválidos | producto_id: Sin correspondencia en Productos Silver de cobertura parcial,America/La_Paz,GIAD-M3-S4-IOT-diagnostico-didactico-v1,edb7afe2f7fb836e59fe605d30c88b3b5b13a6d8ab2ec0b37f206a14e58de6bf,,,CAM-10,C,4.08,68.3,,False,False,Fecha local inválida,True,CUARENTENA,False,False,False,Fresco,Refrigerado,SIN_ALERTA,False,,False
21754,2026-08-10 02:51:00,VIA-00907,ORD-2026-07219,CAM-17,PROD-040,-999.0,C,56.0,0,0,OK,,OK,,OK,,OK,,OK,,CRITICO,-999 es centinela: no es una temperatura,OK,,OK,,OK,,OK,,1,True,CRITICO,temperatura_cabina_c,temperatura_cabina_c: -999 es centinela: no es una temperatura,America/La_Paz,GIAD-M3-S4-IOT-diagnostico-didactico-v1,edb7afe2f7fb836e59fe605d30c88b3b5b13a6d8ab2ec0b37f206a14e58de6bf,CENTINELA_A_FALTANTE | DERIVAR_UTC,-999 no representa temperatura | Timestamp local de Bolivia convertido a UTC,CAM-17,C,,56.0,2026-08-10T06:51:00Z,False,False,Temperatura sin valor recuperable,True,CUARENTENA,True,False,False,Seco,Seco,SIN_ALERTA,False,,False
21913,2026-08-02 04:49:00,VIA-00914,ORD-2026-01504,CAM-10,PROD-014,-999.0,C,59.8,0,0,OK,,OK,,OK,,OK,,OK,,CRITICO,-999 es centinela: no es una temperatura,OK,,OK,,OK,,OK,,1,True,CRITICO,temperatura_cabina_c,temperatura_cabina_c: -999 es centinela: no es una temperatura,America/La_Paz,GIAD-M3-S4-IOT-diagnostico-didactico-v1,edb7afe2f7fb836e59fe605d30c88b3b5b13a6d8ab2ec0b37f206a14e58de6bf,CENTINELA_A_FALTANTE | DERIVAR_UTC,-999 no representa temperatura | Timestamp local de Bolivia convertido a UTC,CAM-10,C,,59.8,2026-08-02T08:49:00Z,False,False,Temperatura sin valor recuperable,True,CUARENTENA,True,False,False,Seco,Refrigerado,SIN_ALERTA,False,,False
22248,2026-08-26 17:35:00,VIA-00927,ORD-2026-07022,CAM-20,PROD-002,18.36,C,,0,0,OK,,OK,,OK,,REVISAR,Sin correspondencia en Flota Silver de cobertura parcial,OK,,OK,,OK,,CRITICO,Valor faltante,OK,,OK,,2,True,CRITICO,camion_id|humedad_cabina_pct,camion_id: Sin correspondencia en Flota Silver de cobertura parcial | humedad_cabina_pct: Valor faltante,America/La_Paz,GIAD-M3-S4-IOT-diagnostico-didactico-v1,edb7afe2f7fb836e59fe605d30c88b3b5b13a6d8ab2ec0b37f206a14e58de6bf,DERIVAR_UTC,Timestamp local de Bolivia convertido a UTC,CAM-20,C,18.36,,2026-08-26T21:35:00Z,False,False,Humedad sin valor recuperable,True,CUARENTENA,True,True,False,Seco,Refrigerado,SIN_ALERTA,False,,False
22365,2026-08-30 04:45:00,VIA-00932,ORD-2026-02192,CAM-26,PROD-050,,C,63.7,0,0,OK,,OK,,OK,,OK,,OK,,CRITICO,Valor faltante,OK,,OK,,OK,,OK,,1,True,CRITICO,temperatura_cabina_c,temperatura_cabina_c: Valor faltante,America/La_Paz,GIAD-M3-S4-IOT-diagnostico-didactico-v1,edb7afe2f7fb836e59fe605d30c88b3b5b13a6d8ab2ec0b37f206a14e58de6bf,DERIVAR_UTC,Timestamp local de Bolivia convertido a UTC,CAM-26,C,,63.7,2026-08-30T08:45:00Z,False,False,Temperatura sin valor recuperable,True,CUARENTENA,True,False,False,Seco,Refrigerado,SIN_ALERTA,False,,False
22613,2026-02-31 09:15:00,VIA-00943,ORD-2026-05464,CAM-19,PROD-050,17.07,C,45.9,0,0,CRITICO,Formato o fecha de calendario inválidos,OK,,OK,,OK,,OK,,OK,,OK,,OK,,OK,,OK,,1,True,CRITICO,timestamp,timestamp: Formato o fecha de calendario inválidos,America/La_Paz,GIAD-M3-S4-IOT-diagnostico-didactico-v1,edb7afe2f7fb836e59fe605d30c88b3b5b13a6d8ab2ec0b37f206a14e58de6bf,,,CAM-19,C,17.07,45.9,,False,False,Fecha local inválida,True,CUARENTENA,True,True,False,Seco,Refrigerado,SIN_ALERTA,False,,False
22960,2026-08-08 19:05:00,VIA-00957,ORD-2026-07439,CAM-08,PROD-026,3.79,C,,0,1,OK,,OK,,OK,,OK,,REVISAR,Sin correspondencia en Productos Silver de cobertura parcial,OK,,OK,,CRITICO,Valor faltante,OK,,OK,,2,True,CRITICO,producto_id|humedad_cabina_pct,producto_id: Sin correspondencia en Productos Silver de cobertura parcial | humedad_cabina_pct: Valor faltante,America/La_Paz,GIAD-M3-S4-IOT-diagnostico-didactico-v1,edb7afe2f7fb836e59fe605d30c88b3b5b13a6d8ab2ec0b37f206a14e58de6bf,DERIVAR_UTC,Timestamp local de Bolivia convertido a UTC,CAM-08,C,3.79,,2026-08-08T23:05:00Z,False,False,Humedad sin valor recuperable,True,CUARENTENA,False,False,False,Fresco,Refrigerado,NO_EVALUABLE,False,Categoria observada o tipo de camion no disponible para evaluar,False
23093,2026-08-02 22:08:00,VIA-00963,ORD-2026-07082,CAM-03,PROD-031,,C,46.7,0,0,OK,,OK,,OK,,OK,,REVISAR,Sin correspondencia en Productos Silver de cobertura parcial,CRITICO,Valor faltante,OK,,OK,,OK,,OK,,2,True,CRITICO,producto_id|temperatura_cabina_c,producto_id: Sin correspondencia en Productos Silver de cobertura parcial | temperatura_cabina_c: Valor faltante,America/La_Paz,GIAD-M3-S4-IOT-diagnostico-didactico-v1,edb7afe2f7fb836e59fe605d30c88b3b5b13a6d8ab2ec0b37f206a14e58de6bf,DERIVAR_UTC,Timestamp local de Bolivia convertido a UTC,CAM-03,C,,46.7,2026-08-03T02:08:00Z,False,False,Temperatura sin valor recuperable,True,CUARENTENA,True,False,False,Seco,Seco,SIN_ALERTA,False,,False
23220,2026-08-27 18:37:00,VIA-00968,ORD-2026-03406,CAM-28,PROD-047,-999.0,C,73.5,0,0,OK,,OK,,OK,,OK,,OK,,CRITICO,-999 es centinela: no es una temperatura,OK,,OK,,OK,,OK,,1,True,CRITICO,temperatura_cabina_c,temperatura_cabina_c: -999 es centinela: no es una temperatura,America/La_Paz,GIAD-M3-S4-IOT-diagnostico-didactico-v1,edb7afe2f7fb836e59fe605d30c88b3b5b13a6d8ab2ec0b37f206a14e58de6bf,CENTINELA_A_FALTANTE | DERIVAR_UTC,-999 no representa temperatura | Timestamp local de Bolivia convertido a UTC,CAM-28,C,,73.5,2026-08-27T22:37:00Z,False,False,Temperatura sin valor recuperable,True,CUARENTENA,True,False,False,Fresco,Refrigerado,SIN_ALERTA,False,,False
23702,2026-08-17 02:59:00,VIA-00988,ORD-2026-04780,CAM-26,PROD-002,-999.0,C,56.6,0,0,OK,,OK,,OK,,OK,,OK,,CRITICO,-999 es centinela: no es una temperatura,OK,,OK,,OK,,OK,,1,True,CRITICO,temperatura_cabina_c,temperatura_cabina_c: -999 es centinela: no es una temperatura,America/La_Paz,GIAD-M3-S4-IOT-diagnostico-didactico-v1,edb7afe2f7fb836e59fe605d30c88b3b5b13a6d8ab2ec0b37f206a14e58de6bf,CENTINELA_A_FALTANTE | DERIVAR_UTC,-999 no representa temperatura | Timestamp local de Bolivia convertido a UTC,CAM-26,C,,56.6,2026-08-17T06:59:00Z,False,False,Temperatura sin valor recuperable,True,CUARENTENA,True,False,False,Seco,Refrigerado,SIN_ALERTA,False,,False
23991,2026-08-23 04:52:00,VIA-01000,ORD-2026-06120,CAM-25,PROD-016,,C,49.1,0,0,OK,,OK,,OK,,OK,,REVISAR,Sin correspondencia en Productos Silver de cobertura parcial,CRITICO,Valor faltante,OK,,OK,,OK,,OK,,2,True,CRITICO,producto_id|temperatura_cabina_c,producto_id: Sin correspondencia en Productos Silver de cobertura parcial | temperatura_cabina_c: Valor faltante,America/La_Paz,GIAD-M3-S4-IOT-diagnostico-didactico-v1,edb7afe2f7fb836e59fe605d30c88b3b5b13a6d8ab2ec0b37f206a14e58de6bf,DERIVAR_UTC,Timestamp local de Bolivia convertido a UTC,CAM-25,C,,49.1,2026-08-23T08:52:00Z,False,False,Temperatura sin valor recuperable,True,CUARENTENA,True,False,False,Seco,Refrigerado,SIN_ALERTA,False,,False
24402,2026-08-12 14:05:00,VIA-01017,ORD-2026-00092,CAM-26,PROD-019,-999.0,C,59.4,0,0,OK,,OK,,OK,,OK,,OK,,CRITICO,-999 es centinela: no es una temperatura,OK,,OK,,OK,,OK,,1,True,CRITICO,temperatura_cabina_c,temperatura_cabina_c: -999 es centinela: no es una temperatura,America/La_Paz,GIAD-M3-S4-IOT-diagnostico-didactico-v1,edb7afe2f7fb836e59fe605d30c88b3b5b13a6d8ab2ec0b37f206a14e58de6bf,CENTINELA_A_FALTANTE | DERIVAR_UTC,-999 no representa temperatura | Timestamp local de Bolivia convertido a UTC,CAM-26,C,,59.4,2026-08-12T18:05:00Z,False,False,Temperatura sin valor recuperable,True,CUARENTENA,True,False,False,Seco,Refrigerado,SIN_ALERTA,False,,False
24579,2026-08-03 08:03:00,VIA-01025,ORD-2026-01983,CAM-18,PROD-047,5.16,C,-92.6,0,0,OK,,OK,,OK,,OK,,OK,,OK,,OK,,CRITICO,Humedad fuera de 0 a 100 %,OK,,OK,,1,True,CRITICO,humedad_cabina_pct,humedad_cabina_pct: Humedad fuera de 0 a 100 %,America/La_Paz,GIAD-M3-S4-IOT-diagnostico-didactico-v1,edb7afe2f7fb836e59fe605d30c88b3b5b13a6d8ab2ec0b37f206a14e58de6bf,DERIVAR_UTC,Timestamp local de Bolivia convertido a UTC,CAM-18,C,5.16,,2026-08-03T12:03:00Z,False,False,Humedad sin valor recuperable,True,CUARENTENA,True,True,False,Fresco,Seco,REVISAR,True,Producto Fresco/Congelado en camion registrado Seco; verificar configuracion operativa,False
24647,2026-08-03 04:51:00,VIA-01027,ORD-2026-00798,CAM-19,PROD-054,-999.0,C,69.4,0,0,OK,,OK,,OK,,OK,,OK,,CRITICO,-999 es centinela: no es una temperatura,OK,,OK,,OK,,OK,,1,True,CRITICO,temperatura_cabina_c,temperatura_cabina_c: -999 es centinela: no es una temperatura,America/La_Paz,GIAD-M3-S4-IOT-diagnostico-didactico-v1,edb7afe2f7fb836e59fe605d30c88b3b5b13a6d8ab2ec0b37f206a14e58de6bf,CENTINELA_A_FALTANTE | DERIVAR_UTC,-999 no representa temperatura | Timestamp local de Bolivia convertido a UTC,CAM-19,C,,69.4,2026-08-03T08:51:00Z,False,False,Temperatura sin valor recuperable,True,CUARENTENA,True,False,False,Congelado,Refrigerado,SIN_ALERTA,False,,False
25029,2026-08-06 01:30:00,VIA-01043,ORD-2026-02537,CAM-19,PROD-050,25.97,C,,1,0,OK,,OK,,OK,,OK,,OK,,OK,,OK,,CRITICO,Valor faltante,OK,,OK,,1,True,CRITICO,humedad_cabina_pct,humedad_cabina_pct: Valor faltante,America/La_Paz,GIAD-M3-S4-IOT-diagnostico-didactico-v1,edb7afe2f7fb836e59fe605d30c88b3b5b13a6d8ab2ec0b37f206a14e58de6bf,DERIVAR_UTC,Timestamp local de Bolivia convertido a UTC,CAM-19,C,25.97,,2026-08-06T05:30:00Z,False,False,Humedad sin valor recuperable,True,CUARENTENA,True,True,False,Seco,Refrigerado,SIN_ALERTA,False,,False
25532,2026-08-28 13:45:00,VIA-01064,ORD-2026-01024,CAM-09,PROD-039,-999.0,C,48.3,0,0,OK,,OK,,OK,,OK,,OK,,CRITICO,-999 es centinela: no es una temperatura,OK,,OK,,OK,,OK,,1,True,CRITICO,temperatura_cabina_c,temperatura_cabina_c: -999 es centinela: no es una temperatura,America/La_Paz,GIAD-M3-S4-IOT-diagnostico-didactico-v1,edb7afe2f7fb836e59fe605d30c88b3b5b13a6d8ab2ec0b37f206a14e58de6bf,CENTINELA_A_FALTANTE | DERIVAR_UTC,-999 no representa temperatura | Timestamp local de Bolivia convertido a UTC,CAM-09,C,,48.3,2026-08-28T17:45:00Z,False,False,Temperatura sin valor recuperable,True,CUARENTENA,True,False,False,Seco,Seco,SIN_ALERTA,False,,False
25630,2026-08-07 22:28:00,VIA-01068,ORD-2026-01414,CAM-28,PROD-023,,C,85.4,1,0,OK,,OK,,OK,,OK,,OK,,CRITICO,Valor faltante,OK,,OK,,OK,,OK,,1,True,CRITICO,temperatura_cabina_c,temperatura_cabina_c: Valor faltante,America/La_Paz,GIAD-M3-S4-IOT-diagnostico-didactico-v1,edb7afe2f7fb836e59fe605d30c88b3b5b13a6d8ab2ec0b37f206a14e58de6bf,DERIVAR_UTC,Timestamp local de Bolivia convertido a UTC,CAM-28,C,,85.4,2026-08-08T02:28:00Z,False,False,Temperatura sin valor recuperable,True,CUARENTENA,True,False,False,Fresco,Refrigerado,SIN_ALERTA,False,,False
25688,2026-08-07 03:38:00,VIA-01071,ORD-2026-06244,CAM-08,PROD-056,4.79,C,,0,1,OK,,OK,,OK,,OK,,OK,,OK,,OK,,CRITICO,Valor faltante,OK,,OK,,1,True,CRITICO,humedad_cabina_pct,humedad_cabina_pct: Valor faltante,America/La_Paz,GIAD-M3-S4-IOT-diagnostico-didactico-v1,edb7afe2f7fb836e59fe605d30c88b3b5b13a6d8ab2ec0b37f206a14e58de6bf,DERIVAR_UTC,Timestamp local de Bolivia convertido a UTC,CAM-08,C,4.79,,2026-08-07T07:38:00Z,False,False,Humedad sin valor recuperable,True,CUARENTENA,True,True,False,Fresco,Refrigerado,SIN_ALERTA,False,,False
26093,2026-08-17 02:46:00,VIA-01088,ORD-2026-05447,CAM-25,PROD-033,-999.0,C,46.0,0,0,OK,,OK,,OK,,OK,,OK,,CRITICO,-999 es centinela: no es una temperatura,OK,,OK,,OK,,OK,,1,True,CRITICO,temperatura_cabina_c,temperatura_cabina_c: -999 es centinela: no es una temperatura,America/La_Paz,GIAD-M3-S4-IOT-diagnostico-didactico-v1,edb7afe2f7fb836e59fe605d30c88b3b5b13a6d8ab2ec0b37f206a14e58de6bf,CENTINELA_A_FALTANTE | DERIVAR_UTC,-999 no representa temperatura | Timestamp local de Bolivia convertido a UTC,CAM-25,C,,46.0,2026-08-17T06:46:00Z,False,False,Temperatura sin valor recuperable,True,CUARENTENA,True,False,False,Seco,Refrigerado,SIN_ALERTA,False,,False
26152,2026-08-06 11:38:00,VIA-01090,ORD-2026-06698,CAM-01,PROD-024,291.22,K,28.0,0,0,OK,,OK,,OK,,OK,,OK,,NO_EVALUABLE,Rango térmico no evaluado con unidad K,CRITICO,Kelvin no es unidad operacional esperada en AndinaLog,OK,,OK,,OK,,2,True,CRITICO,temperatura_cabina_c|temp_unit,temperatura_cabina_c: Rango térmico no evaluado con unidad K | temp_unit: Kelvin no es unidad operacional esperada en AndinaLog,America/La_Paz,GIAD-M3-S4-IOT-diagnostico-didactico-v1,edb7afe2f7fb836e59fe605d30c88b3b5b13a6d8ab2ec0b37f206a14e58de6bf,DERIVAR_UTC,Timestamp local de Bolivia convertido a UTC,CAM-01,K,,28.0,2026-08-06T15:38:00Z,False,False,Unidad térmica no operacional o desconocida | Temperatura sin valor recuperable,True,CUARENTENA,True,False,False,Seco,Refrigerado,SIN_ALERTA,False,,False
26156,2026-08-06 13:38:00,VIA-01090,ORD-2026-06698,CAM-01,PROD-024,,C,43.3,0,0,OK,,OK,,OK,,OK,,OK,,CRITICO,Valor faltante,OK,,OK,,OK,,OK,,1,True,CRITICO,temperatura_cabina_c,temperatura_cabina_c: Valor faltante,America/La_Paz,GIAD-M3-S4-IOT-diagnostico-didactico-v1,edb7afe2f7fb836e59fe605d30c88b3b5b13a6d8ab2ec0b37f206a14e58de6bf,DERIVAR_UTC,Timestamp local de Bolivia convertido a UTC,CAM-01,C,,43.3,2026-08-06T17:38:00Z,False,False,Temperatura sin valor recuperable,True,CUARENTENA,True,False,False,Seco,Refrigerado,SIN_ALERTA,False,,False
26242,2026-02-31 09:15:00,VIA-01094,ORD-2026-01593,CAM-08,PROD-025,-18.8,C,65.2,0,0,CRITICO,Formato o fecha de calendario inválidos,OK,,OK,,OK,,OK,,OK,,OK,,OK,,OK,,OK,,1,True,CRITICO,timestamp,timestamp: Formato o fecha de calendario inválidos,America/La_Paz,GIAD-M3-S4-IOT-diagnostico-didactico-v1,edb7afe2f7fb836e59fe605d30c88b3b5b13a6d8ab2ec0b37f206a14e58de6bf,,,CAM-08,C,-18.8,65.2,,False,False,Fecha local inválida,True,CUARENTENA,True,True,False,Congelado,Refrigerado,SIN_ALERTA,False,,False
26353,2026-08-11 11:32:00,VIA-01099,ORD-2026-03719,CAM-30,PROD-048,,C,43.2,0,0,OK,,OK,,OK,,REVISAR,Sin correspondencia en Flota Silver de cobertura parcial,OK,,CRITICO,Valor faltante,OK,,OK,,OK,,OK,,2,True,CRITICO,camion_id|temperatura_cabina_c,camion_id: Sin correspondencia en Flota Silver de cobertura parcial | temperatura_cabina_c: Valor faltante,America/La_Paz,GIAD-M3-S4-IOT-diagnostico-didactico-v1,edb7afe2f7fb836e59fe605d30c88b3b5b13a6d8ab2ec0b37f206a14e58de6bf,DERIVAR_UTC,Timestamp local de Bolivia convertido a UTC,CAM-30,C,,43.2,2026-08-11T15:32:00Z,False,False,Temperatura sin valor recuperable,True,CUARENTENA,True,False,False,Seco,Seco,SIN_ALERTA,False,,False
26425,2026-08-14 02:28:00,VIA-01102,ORD-2026-04077,CAM-19,PROD-014,,C,47.7,0,0,OK,,OK,,OK,,OK,,OK,,CRITICO,Valor faltante,OK,,OK,,OK,,OK,,1,True,CRITICO,temperatura_cabina_c,temperatura_cabina_c: Valor faltante,America/La_Paz,GIAD-M3-S4-IOT-diagnostico-didactico-v1,edb7afe2f7fb836e59fe605d30c88b3b5b13a6d8ab2ec0b37f206a14e58de6bf,DERIVAR_UTC,Timestamp local de Bolivia convertido a UTC,CAM-19,C,,47.7,2026-08-14T06:28:00Z,False,False,Temperatura sin valor recuperable,True,CUARENTENA,True,False,False,Seco,Refrigerado,SIN_ALERTA,False,,False
26525,2026-08-12 23:04:00,VIA-01106,ORD-2026-03592,CAM-25,PROD-024,-999.0,C,54.5,0,0,OK,,OK,,OK,,OK,,OK,,CRITICO,-999 es centinela: no es una temperatura,OK,,OK,,OK,,OK,,1,True,CRITICO,temperatura_cabina_c,temperatura_cabina_c: -999 es centinela: no es una temperatura,America/La_Paz,GIAD-M3-S4-IOT-diagnostico-didactico-v1,edb7afe2f7fb836e59fe605d30c88b3b5b13a6d8ab2ec0b37f206a14e58de6bf,CENTINELA_A_FALTANTE | DERIVAR_UTC,-999 no representa temperatura | Timestamp local de Bolivia convertido a UTC,CAM-25,C,,54.5,2026-08-13T03:04:00Z,False,False,Temperatura sin valor recuperable,True,CUARENTENA,True,False,False,Seco,Refrigerado,SIN_ALERTA,False,,False
26990,2026-08-06 16:46:00,VIA-01125,ORD-2026-07496,CAM-08,PROD-044,4.61,C,,0,1,OK,,OK,,OK,,OK,,OK,,OK,,OK,,CRITICO,Valor faltante,OK,,OK,,1,True,CRITICO,humedad_cabina_pct,humedad_cabina_pct: Valor faltante,America/La_Paz,GIAD-M3-S4-IOT-diagnostico-didactico-v1,edb7afe2f7fb836e59fe605d30c88b3b5b13a6d8ab2ec0b37f206a14e58de6bf,DERIVAR_UTC,Timestamp local de Bolivia convertido a UTC,CAM-08,C,4.61,,2026-08-06T20:46:00Z,False,False,Humedad sin valor recuperable,True,CUARENTENA,True,True,False,Fresco,Refrigerado,SIN_ALERTA,False,,False
27298,2026-08-24 19:35:00,VIA-01138,ORD-2026-04129,CAM-03,PROD-019,,C,52.0,0,0,OK,,OK,,OK,,OK,,OK,,CRITICO,Valor faltante,OK,,OK,,OK,,OK,,1,True,CRITICO,temperatura_cabina_c,temperatura_cabina_c: Valor faltante,America/La_Paz,GIAD-M3-S4-IOT-diagnostico-didactico-v1,edb7afe2f7fb836e59fe605d30c88b3b5b13a6d8ab2ec0b37f206a14e58de6bf,DERIVAR_UTC,Timestamp local de Bolivia convertido a UTC,CAM-03,C,,52.0,2026-08-24T23:35:00Z,False,False,Temperatura sin valor recuperable,True,CUARENTENA,True,False,False,Seco,Seco,SIN_ALERTA,False,,False
27380,2026-08-07 04:23:00,VIA-01141,ORD-2026-06915,CAM-18,PROD-040,-999.0,C,43.2,0,0,OK,,OK,,OK,,OK,,OK,,CRITICO,-999 es centinela: no es una temperatura,OK,,OK,,OK,,OK,,1,True,CRITICO,temperatura_cabina_c,temperatura_cabina_c: -999 es centinela: no es una temperatura,America/La_Paz,GIAD-M3-S4-IOT-diagnostico-didactico-v1,edb7afe2f7fb836e59fe605d30c88b3b5b13a6d8ab2ec0b37f206a14e58de6bf,CENTINELA_A_FALTANTE | DERIVAR_UTC,-999 no representa temperatura | Timestamp local de Bolivia convertido a UTC,CAM-18,C,,43.2,2026-08-07T08:23:00Z,False,False,Temperatura sin valor recuperable,True,CUARENTENA,True,False,False,Seco,Seco,SIN_ALERTA,False,,False
27443,2026-08-17 11:38:00,VIA-01144,ORD-2026-04306,CAM-26,PROD-002,,C,46.8,0,0,OK,,OK,,OK,,OK,,OK,,CRITICO,Valor faltante,OK,,OK,,OK,,OK,,1,True,CRITICO,temperatura_cabina_c,temperatura_cabina_c: Valor faltante,America/La_Paz,GIAD-M3-S4-IOT-diagnostico-didactico-v1,edb7afe2f7fb836e59fe605d30c88b3b5b13a6d8ab2ec0b37f206a14e58de6bf,DERIVAR_UTC,Timestamp local de Bolivia convertido a UTC,CAM-26,C,,46.8,2026-08-17T15:38:00Z,False,False,Temperatura sin valor recuperable,True,CUARENTENA,True,False,False,Seco,Refrigerado,SIN_ALERTA,False,,False
27807,2026-08-27 05:48:00,VIA-01159,ORD-2026-05279,CAM-01,PROD-054,-999.0,C,55.3,0,1,OK,,OK,,OK,,OK,,OK,,CRITICO,-999 es centinela: no es una temperatura,OK,,OK,,OK,,OK,,1,True,CRITICO,temperatura_cabina_c,temperatura_cabina_c: -999 es centinela: no es una temperatura,America/La_Paz,GIAD-M3-S4-IOT-diagnostico-didactico-v1,edb7afe2f7fb836e59fe605d30c88b3b5b13a6d8ab2ec0b37f206a14e58de6bf,CENTINELA_A_FALTANTE | DERIVAR_UTC,-999 no representa temperatura | Timestamp local de Bolivia convertido a UTC,CAM-01,C,,55.3,2026-08-27T09:48:00Z,False,False,Temperatura sin valor recuperable,True,CUARENTENA,True,False,False,Congelado,Refrigerado,SIN_ALERTA,False,,False
27936,2026-08-03 14:45:00,VIA-01164,ORD-2026-05578,CAM-04,PROD-003,,C,33.7,0,0,OK,,OK,,OK,,OK,,OK,,CRITICO,Valor faltante,OK,,OK,,OK,,OK,,1,True,CRITICO,temperatura_cabina_c,temperatura_cabina_c: Valor faltante,America/La_Paz,GIAD-M3-S4-IOT-diagnostico-didactico-v1,edb7afe2f7fb836e59fe605d30c88b3b5b13a6d8ab2ec0b37f206a14e58de6bf,DERIVAR_UTC,Timestamp local de Bolivia convertido a UTC,CAM-04,C,,33.7,2026-08-03T18:45:00Z,False,False,Temperatura sin valor recuperable,True,CUARENTENA,True,False,False,Seco,Seco,SIN_ALERTA,False,,False
28132,2026-02-31 09:15:00,VIA-01173,ORD-2026-01654,CAM-15,PROD-025,-19.12,C,65.0,0,0,CRITICO,Formato o fecha de calendario inválidos,OK,,OK,,OK,,OK,,OK,,OK,,OK,,OK,,OK,,1,True,CRITICO,timestamp,timestamp: Formato o fecha de calendario inválidos,America/La_Paz,GIAD-M3-S4-IOT-diagnostico-didactico-v1,edb7afe2f7fb836e59fe605d30c88b3b5b13a6d8ab2ec0b37f206a14e58de6bf,,,CAM-15,C,-19.12,65.0,,False,False,Fecha local inválida,True,CUARENTENA,True,True,False,Congelado,Refrigerado,SIN_ALERTA,False,,False
28187,2026-08-16 11:15:00,VIA-01175,ORD-2026-00491,CAM-08,PROD-015,276.55,K,74.6,0,0,OK,,OK,,OK,,OK,,OK,,NO_EVALUABLE,Rango térmico no evaluado con unidad K,CRITICO,Kelvin no es unidad operacional esperada en AndinaLog,OK,,OK,,OK,,2,True,CRITICO,temperatura_cabina_c|temp_unit,temperatura_cabina_c: Rango térmico no evaluado con unidad K | temp_unit: Kelvin no es unidad operacional esperada en AndinaLog,America/La_Paz,GIAD-M3-S4-IOT-diagnostico-didactico-v1,edb7afe2f7fb836e59fe605d30c88b3b5b13a6d8ab2ec0b37f206a14e58de6bf,DERIVAR_UTC,Timestamp local de Bolivia convertido a UTC,CAM-08,K,,74.6,2026-08-16T15:15:00Z,False,False,Unidad térmica no operacional o desconocida | Temperatura sin valor recuperable,True,CUARENTENA,True,False,False,Fresco,Refrigerado,SIN_ALERTA,False,,False
28336,2026-08-05 20:51:00,VIA-01181,ORD-2026-01540,CAM-19,PROD-057,,C,45.4,0,0,OK,,OK,,OK,,OK,,OK,,CRITICO,Valor faltante,OK,,OK,,OK,,OK,,1,True,CRITICO,temperatura_cabina_c,temperatura_cabina_c: Valor faltante,America/La_Paz,GIAD-M3-S4-IOT-diagnostico-didactico-v1,edb7afe2f7fb836e59fe605d30c88b3b5b13a6d8ab2ec0b37f206a14e58de6bf,DERIVAR_UTC,Timestamp local de Bolivia convertido a UTC,CAM-19,C,,45.4,2026-08-06T00:51:00Z,False,False,Temperatura sin valor recuperable,True,CUARENTENA,True,False,False,Seco,Refrigerado,SIN_ALERTA,False,,False
28801,2026-08-10 20:07:00,VIA-00236,ORD-2026-03207,CAM-29,PROD-050,22.03,C,41.3,0,0,CRITICO,Copia idéntica de la lectura; no contar dos veces,CRITICO,Copia idéntica de la lectura; no contar dos veces,OK,,OK,,OK,,OK,,OK,,OK,,OK,,OK,,2,True,CRITICO,timestamp|viaje_id,timestamp: Copia idéntica de la lectura | timestamp: no contar dos veces | viaje_id: Copia idéntica de la lectura | viaje_id: no contar dos veces,America/La_Paz,GIAD-M3-S4-IOT-diagnostico-didactico-v1,edb7afe2f7fb836e59fe605d30c88b3b5b13a6d8ab2ec0b37f206a14e58de6bf,DERIVAR_UTC | EXCLUIR_COPIA,Timestamp local de Bolivia convertido a UTC | Copia exacta de otra lectura,CAM-29,C,22.03,41.3,2026-08-11T00:07:00Z,False,False,Copia exacta excluida,True,CUARENTENA,True,True,False,Seco,Seco,SIN_ALERTA,False,,False
28802,2026-08-21 16:21:00,VIA-00184,ORD-2026-02963,CAM-19,PROD-008,-19.1,C,82.6,0,0,CRITICO,Copia idéntica de la lectura; no contar dos veces,CRITICO,Copia idéntica de la lectura; no contar dos veces,OK,,OK,,REVISAR,Sin correspondencia en Productos Silver de cobertura parcial,OK,,OK,,OK,,OK,,OK,,3,True,CRITICO,timestamp|viaje_id|producto_id,timestamp: Copia idéntica de la lectura | timestamp: no contar dos veces | viaje_id: Copia idéntica de la lectura | viaje_id: no contar dos veces | producto_id: Sin correspondencia en Productos Silver de cobertura parcial,America/La_Paz,GIAD-M3-S4-IOT-diagnostico-didactico-v1,edb7afe2f7fb836e59fe605d30c88b3b5b13a6d8ab2ec0b37f206a14e58de6bf,DERIVAR_UTC | EXCLUIR_COPIA,Timestamp local de Bolivia convertido a UTC | Copia exacta de otra lectura,CAM-19,C,-19.1,82.6,2026-08-21T20:21:00Z,False,False,Copia exacta excluida,True,CUARENTENA,True,True,False,Congelado,Refrigerado,SIN_ALERTA,False,,False
28803,2026-08-25 04:44:00,VIA-00970,ORD-2026-00258,CAM-04,PROD-057,16.78,C,48.8,0,0,CRITICO,Copia idéntica de la lectura; no contar dos veces,CRITICO,Copia idéntica de la lectura; no contar dos veces,OK,,OK,,OK,,OK,,OK,,OK,,OK,,OK,,2,True,CRITICO,timestamp|viaje_id,timestamp: Copia idéntica de la lectura | timestamp: no contar dos veces | viaje_id: Copia idéntica de la lectura | viaje_id: no contar dos veces,America/La_Paz,GIAD-M3-S4-IOT-diagnostico-didactico-v1,edb7afe2f7fb836e59fe605d30c88b3b5b13a6d8ab2ec0b37f206a14e58de6bf,DERIVAR_UTC | EXCLUIR_COPIA,Timestamp local de Bolivia convertido a UTC | Copia exacta de otra lectura,CAM-04,C,16.78,48.8,2026-08-25T08:44:00Z,False,False,Copia exacta excluida,True,CUARENTENA,True,True,False,Seco,Seco,SIN_ALERTA,False,,False
28804,2026-08-18 04:11:00,VIA-00194,ORD-2026-06568,CAM-16,PROD-030,21.32,C,63.3,0,0,CRITICO,Copia idéntica de la lectura; no contar dos veces,CRITICO,Copia idéntica de la lectura; no contar dos veces,OK,,OK,,OK,,OK,,OK,,OK,,OK,,OK,,2,True,CRITICO,timestamp|viaje_id,timestamp: Copia idéntica de la lectura | timestamp: no contar dos veces | viaje_id: Copia idéntica de la lectura | viaje_id: no contar dos veces,America/La_Paz,GIAD-M3-S4-IOT-diagnostico-didactico-v1,edb7afe2f7fb836e59fe605d30c88b3b5b13a6d8ab2ec0b37f206a14e58de6bf,DERIVAR_UTC | EXCLUIR_COPIA,Timestamp local de Bolivia convertido a UTC | Copia exacta de otra lectura,CAM-16,C,21.32,63.3,2026-08-18T08:11:00Z,False,False,Copia exacta excluida,True,CUARENTENA,True,True,False,Seco,Seco,SIN_ALERTA,False,,False
28805,2026-08-02 11:49:00,VIA-00914,ORD-2026-01504,CAM-10,PROD-014,17.85,C,39.5,0,0,CRITICO,Copia idéntica de la lectura; no contar dos veces,CRITICO,Copia idéntica de la lectura; no contar dos veces,OK,,OK,,OK,,OK,,OK,,OK,,OK,,OK,,2,True,CRITICO,timestamp|viaje_id,timestamp: Copia idéntica de la lectura | timestamp: no contar dos veces | viaje_id: Copia idéntica de la lectura | viaje_id: no contar dos veces,America/La_Paz,GIAD-M3-S4-IOT-diagnostico-didactico-v1,edb7afe2f7fb836e59fe605d30c88b3b5b13a6d8ab2ec0b37f206a14e58de6bf,DERIVAR_UTC | EXCLUIR_COPIA,Timestamp local de Bolivia convertido a UTC | Copia exacta de otra lectura,CAM-10,C,17.85,39.5,2026-08-02T15:49:00Z,False,False,Copia exacta excluida,True,CUARENTENA,True,True,False,Seco,Refrigerado,SIN_ALERTA,False,,False
28806,2026-08-19 11:40:00,VIA-00259,ORD-2026-04308,CAM-28,PROD-028,18.88,C,43.4,0,0,CRITICO,Copia idéntica de la lectura; no contar dos veces,CRITICO,Copia idéntica de la lectura; no contar dos veces,OK,,OK,,REVISAR,Sin correspondencia en Productos Silver de cobertura parcial,OK,,OK,,OK,,OK,,OK,,3,True,CRITICO,timestamp|viaje_id|producto_id,timestamp: Copia idéntica de la lectura | timestamp: no contar dos veces | viaje_id: Copia idéntica de la lectura | viaje_id: no contar dos veces | producto_id: Sin correspondencia en Productos Silver de cobertura parcial,America/La_Paz,GIAD-M3-S4-IOT-diagnostico-didactico-v1,edb7afe2f7fb836e59fe605d30c88b3b5b13a6d8ab2ec0b37f206a14e58de6bf,DERIVAR_UTC | EXCLUIR_COPIA,Timestamp local de Bolivia convertido a UTC | Copia exacta de otra lectura,CAM-28,C,18.88,43.4,2026-08-19T15:40:00Z,False,False,Copia exacta excluida,True,CUARENTENA,False,False,False,Seco,Refrigerado,NO_EVALUABLE,False,Categoria observada o tipo de camion no disponible para evaluar,False
28807,2026-08-18 17:23:00,VIA-00242,ORD-2026-04829,CAM-27,PROD-004,2.93,C,78.1,0,0,CRITICO,Copia idéntica de la lectura; no contar dos veces,CRITICO,Copia idéntica de la lectura; no contar dos veces,OK,,OK,,OK,,OK,,OK,,OK,,OK,,OK,,2,True,CRITICO,timestamp|viaje_id,timestamp: Copia idéntica de la lectura | timestamp: no contar dos veces | viaje_id: Copia idéntica de la lectura | viaje_id: no contar dos veces,America/La_Paz,GIAD-M3-S4-IOT-diagnostico-didactico-v1,edb7afe2f7fb836e59fe605d30c88b3b5b13a6d8ab2ec0b37f206a14e58de6bf,DERIVAR_UTC | EXCLUIR_COPIA,Timestamp local de Bolivia convertido a UTC | Copia exacta de otra lectura,CAM-27,C,2.93,78.1,2026-08-18T21:23:00Z,False,False,Copia exacta excluida,True,CUARENTENA,True,True,False,Fresco,Refrigerado,SIN_ALERTA,False,,False
28808,2026-08-12 02:44:00,VIA-00662,ORD-2026-05320,CAM-10,PROD-058,-18.66,C,62.2,0,0,CRITICO,Copia idéntica de la lectura; no contar dos veces,CRITICO,Copia idéntica de la lectura; no contar dos veces,OK,,OK,,OK,,OK,,OK,,OK,,OK,,OK,,2,True,CRITICO,timestamp|viaje_id,timestamp: Copia idéntica de la lectura | timestamp: no contar dos veces | viaje_id: Copia idéntica de la lectura | viaje_id: no contar dos veces,America/La_Paz,GIAD-M3-S4-IOT-diagnostico-didactico-v1,edb7afe2f7fb836e59fe605d30c88b3b5b13a6d8ab2ec0b37f206a14e58de6bf,DERIVAR_UTC | EXCLUIR_COPIA,Timestamp local de Bolivia convertido a UTC | Copia exacta de otra lectura,CAM-10,C,-18.66,62.2,2026-08-12T06:44:00Z,False,False,Copia exacta excluida,True,CUARENTENA,True,True,False,Congelado,Refrigerado,SIN_ALERTA,False,,False
28809,2026-08-16 05:38:00,VIA-01036,ORD-2026-03048,CAM-19,PROD-051,-17.26,C,74.7,0,0,CRITICO,Copia idéntica de la lectura; no contar dos veces,CRITICO,Copia idéntica de la lectura; no contar dos veces,OK,,OK,,OK,,OK,,OK,,OK,,OK,,OK,,2,True,CRITICO,timestamp|viaje_id,timestamp: Copia idéntica de la lectura | timestamp: no contar dos veces | viaje_id: Copia idéntica de la lectura | viaje_id: no contar dos veces,America/La_Paz,GIAD-M3-S4-IOT-diagnostico-didactico-v1,edb7afe2f7fb836e59fe605d30c88b3b5b13a6d8ab2ec0b37f206a14e58de6bf,DERIVAR_UTC | EXCLUIR_COPIA,Timestamp local de Bolivia convertido a UTC | Copia exacta de otra lectura,CAM-19,C,-17.26,74.7,2026-08-16T09:38:00Z,False,False,Copia exacta excluida,True,CUARENTENA,True,True,False,Congelado,Refrigerado,SIN_ALERTA,False,,False
28810,2026-08-02 08:45:00,VIA-01172,ORD-2026-02661,CAM-26,PROD-046,19.44,C,34.7,0,0,CRITICO,Copia idéntica de la lectura; no contar dos veces,CRITICO,Copia idéntica de la lectura; no contar dos veces,OK,,OK,,REVISAR,Sin correspondencia en Productos Silver de cobertura parcial,OK,,OK,,OK,,OK,,OK,,3,True,CRITICO,timestamp|viaje_id|producto_id,timestamp: Copia idéntica de la lectura | timestamp: no contar dos veces | viaje_id: Copia idéntica de la lectura | viaje_id: no contar dos veces | producto_id: Sin correspondencia en Productos Silver de cobertura parcial,America/La_Paz,GIAD-M3-S4-IOT-diagnostico-didactico-v1,edb7afe2f7fb836e59fe605d30c88b3b5b13a6d8ab2ec0b37f206a14e58de6bf,DERIVAR_UTC | EXCLUIR_COPIA,Timestamp local de Bolivia convertido a UTC | Copia exacta de otra lectura,CAM-26,C,19.44,34.7,2026-08-02T12:45:00Z,False,False,Copia exacta excluida,True,CUARENTENA,True,True,False,Seco,Refrigerado,SIN_ALERTA,False,,False
28811,2026-08-06 05:11:00,VIA-00363,ORD-2026-07429,CAM-10,PROD-001,4.07,C,91.4,0,0,CRITICO,Copia idéntica de la lectura; no contar dos veces,CRITICO,Copia idéntica de la lectura; no contar dos veces,OK,,OK,,OK,,OK,,OK,,OK,,OK,,OK,,2,True,CRITICO,timestamp|viaje_id,timestamp: Copia idéntica de la lectura | timestamp: no contar dos veces | viaje_id: Copia idéntica de la lectura | viaje_id: no contar dos veces,America/La_Paz,GIAD-M3-S4-IOT-diagnostico-didactico-v1,edb7afe2f7fb836e59fe605d30c88b3b5b13a6d8ab2ec0b37f206a14e58de6bf,DERIVAR_UTC | EXCLUIR_COPIA,Timestamp local de Bolivia convertido a UTC | Copia exacta de otra lectura,CAM-10,C,4.07,91.4,2026-08-06T09:11:00Z,False,False,Copia exacta excluida,True,CUARENTENA,True,True,False,Fresco,Refrigerado,SIN_ALERTA,False,,False
28812,2026-08-26 10:35:00,VIA-00927,ORD-2026-07022,CAM-20,PROD-002,22.24,C,42.0,0,0,CRITICO,Copia idéntica de la lectura; no contar dos veces,CRITICO,Copia idéntica de la lectura; no contar dos veces,OK,,REVISAR,Sin correspondencia en Flota Silver de cobertura parcial,OK,,OK,,OK,,OK,,OK,,OK,,3,True,CRITICO,timestamp|viaje_id|camion_id,timestamp: Copia idéntica de la lectura | timestamp: no contar dos veces | viaje_id: Copia idéntica de la lectura | viaje_id: no contar dos veces | camion_id: Sin correspondencia en Flota Silver de cobertura parcial,America/La_Paz,GIAD-M3-S4-IOT-diagnostico-didactico-v1,edb7afe2f7fb836e59fe605d30c88b3b5b13a6d8ab2ec0b37f206a14e58de6bf,DERIVAR_UTC | EXCLUIR_COPIA,Timestamp local de Bolivia convertido a UTC | Copia exacta de otra lectura,CAM-20,C,22.24,42.0,2026-08-26T14:35:00Z,False,False,Copia exacta excluida,True,CUARENTENA,True,True,False,Seco,Refrigerado,SIN_ALERTA,False,,False
28813,2026-08-15 15:30:00,VIA-00807,ORD-2026-01194,CAM-29,PROD-018,18.9,C,51.4,0,0,CRITICO,Copia idéntica de la lectura; no contar dos veces,CRITICO,Copia idéntica de la lectura; no contar dos veces,OK,,OK,,REVISAR,Sin correspondencia en Productos Silver de cobertura parcial,OK,,OK,,OK,,OK,,OK,,3,True,CRITICO,timestamp|viaje_id|producto_id,timestamp: Copia idéntica de la lectura | timestamp: no contar dos veces | viaje_id: Copia idéntica de la lectura | viaje_id: no contar dos veces | producto_id: Sin correspondencia en Productos Silver de cobertura parcial,America/La_Paz,GIAD-M3-S4-IOT-diagnostico-didactico-v1,edb7afe2f7fb836e59fe605d30c88b3b5b13a6d8ab2ec0b37f206a14e58de6bf,DERIVAR_UTC | EXCLUIR_COPIA,Timestamp local de Bolivia convertido a UTC | Copia exacta de otra lectura,CAM-29,C,18.9,51.4,2026-08-15T19:30:00Z,False,False,Copia exacta excluida,True,CUARENTENA,False,False,False,Seco,Seco,SIN_ALERTA,False,,False
28814,2026-08-09 11:02:00,VIA-00486,ORD-2026-04675,CAM-08,PROD-053,4.5,C,76.4,0,0,CRITICO,Copia idéntica de la lectura; no contar dos veces,CRITICO,Copia idéntica de la lectura; no contar dos veces,OK,,OK,,OK,,OK,,OK,,OK,,OK,,OK,,2,True,CRITICO,timestamp|viaje_id,timestamp: Copia idéntica de la lectura | timestamp: no contar dos veces | viaje_id: Copia idéntica de la lectura | viaje_id: no contar dos veces,America/La_Paz,GIAD-M3-S4-IOT-diagnostico-didactico-v1,edb7afe2f7fb836e59fe605d30c88b3b5b13a6d8ab2ec0b37f206a14e58de6bf,DERIVAR_UTC | EXCLUIR_COPIA,Timestamp local de Bolivia convertido a UTC | Copia exacta de otra lectura,CAM-08,C,4.5,76.4,2026-08-09T15:02:00Z,False,False,Copia exacta excluida,True,CUARENTENA,True,True,False,Fresco,Refrigerado,SIN_ALERTA,False,,False
28815,2026-08-19 21:30:00,VIA-00197,ORD-2026-01303,CAM-19,PROD-005,15.39,C,44.7,0,0,CRITICO,Copia idéntica de la lectura; no contar dos veces,CRITICO,Copia idéntica de la lectura; no contar dos veces,OK,,OK,,OK,,OK,,OK,,OK,,OK,,OK,,2,True,CRITICO,timestamp|viaje_id,timestamp: Copia idéntica de la lectura | timestamp: no contar dos veces | viaje_id: Copia idéntica de la lectura | viaje_id: no contar dos veces,America/La_Paz,GIAD-M3-S4-IOT-diagnostico-didactico-v1,edb7afe2f7fb836e59fe605d30c88b3b5b13a6d8ab2ec0b37f206a14e58de6bf,DERIVAR_UTC | EXCLUIR_COPIA,Timestamp local de Bolivia convertido a UTC | Copia exacta de otra lectura,CAM-19,C,15.39,44.7,2026-08-20T01:30:00Z,False,False,Copia exacta excluida,True,CUARENTENA,True,True,False,Seco,Refrigerado,SIN_ALERTA,False,,False
28816,2026-08-28 18:01:00,VIA-00670,ORD-2026-03021,CAM-08,PROD-041,-19.21,C,78.3,0,0,CRITICO,Copia idéntica de la lectura; no contar dos veces,CRITICO,Copia idéntica de la lectura; no contar dos veces,OK,,OK,,OK,,OK,,OK,,OK,,OK,,OK,,2,True,CRITICO,timestamp|viaje_id,timestamp: Copia idéntica de la lectura | timestamp: no contar dos veces | viaje_id: Copia idéntica de la lectura | viaje_id: no contar dos veces,America/La_Paz,GIAD-M3-S4-IOT-diagnostico-didactico-v1,edb7afe2f7fb836e59fe605d30c88b3b5b13a6d8ab2ec0b37f206a14e58de6bf,DERIVAR_UTC | EXCLUIR_COPIA,Timestamp local de Bolivia convertido a UTC | Copia exacta de otra lectura,CAM-08,C,-19.21,78.3,2026-08-28T22:01:00Z,False,False,Copia exacta excluida,True,CUARENTENA,True,True,False,Congelado,Refrigerado,SIN_ALERTA,False,,False
28817,2026-08-16 04:20:00,VIA-00781,ORD-2026-05431,CAM-08,PROD-001,3.95,C,69.3,0,0,CRITICO,Copia idéntica de la lectura; no contar dos veces,CRITICO,Copia idéntica de la lectura; no contar dos veces,OK,,OK,,OK,,OK,,OK,,OK,,OK,,OK,,2,True,CRITICO,timestamp|viaje_id,timestamp: Copia idéntica de la lectura | timestamp: no contar dos veces | viaje_id: Copia idéntica de la lectura | viaje_id: no contar dos veces,America/La_Paz,GIAD-M3-S4-IOT-diagnostico-didactico-v1,edb7afe2f7fb836e59fe605d30c88b3b5b13a6d8ab2ec0b37f206a14e58de6bf,DERIVAR_UTC | EXCLUIR_COPIA,Timestamp local de Bolivia convertido a UTC | Copia exacta de otra lectura,CAM-08,C,3.95,69.3,2026-08-16T08:20:00Z,False,False,Copia exacta excluida,True,CUARENTENA,True,True,False,Fresco,Refrigerado,SIN_ALERTA,False,,False
28818,2026-08-09 23:54:00,VIA-00053,ORD-2026-03071,CAM-19,PROD-011,-19.27,C,73.8,0,0,CRITICO,Copia idéntica de la lectura; no contar dos veces,CRITICO,Copia idéntica de la lectura; no contar dos veces,OK,,OK,,OK,,OK,,OK,,OK,,OK,,OK,,2,True,CRITICO,timestamp|viaje_id,timestamp: Copia idéntica de la lectura | timestamp: no contar dos veces | viaje_id: Copia idéntica de la lectura | viaje_id: no contar dos veces,America/La_Paz,GIAD-M3-S4-IOT-diagnostico-didactico-v1,edb7afe2f7fb836e59fe605d30c88b3b5b13a6d8ab2ec0b37f206a14e58de6bf,DERIVAR_UTC | EXCLUIR_COPIA,Timestamp local de Bolivia convertido a UTC | Copia exacta de otra lectura,CAM-19,C,-19.27,73.8,2026-08-10T03:54:00Z,False,False,Copia exacta excluida,True,CUARENTENA,True,True,False,Congelado,Refrigerado,SIN_ALERTA,False,,False
28819,2026-08-29 06:13:00,VIA-00047,ORD-2026-03263,CAM-20,PROD-028,21.22,C,50.4,0,0,CRITICO,Copia idéntica de la lectura; no contar dos veces,CRITICO,Copia idéntica de la lectura; no contar dos veces,OK,,REVISAR,Sin correspondencia en Flota Silver de cobertura parcial,REVISAR,Sin correspondencia en Productos Silver de cobertura parcial,OK,,OK,,OK,,OK,,OK,,4,True,CRITICO,timestamp|viaje_id|camion_id|producto_id,timestamp: Copia idéntica de la lectura | timestamp: no contar dos veces | viaje_id: Copia idéntica de la lectura | viaje_id: no contar dos veces | camion_id: Sin correspondencia en Flota Silver de cobertura parcial | producto_id: Sin correspondencia en Productos Silver de cobertura parcial,America/La_Paz,GIAD-M3-S4-IOT-diagnostico-didactico-v1,edb7afe2f7fb836e59fe605d30c88b3b5b13a6d8ab2ec0b37f206a14e58de6bf,DERIVAR_UTC | EXCLUIR_COPIA,Timestamp local de Bolivia convertido a UTC | Copia exacta de otra lectura,CAM-20,C,21.22,50.4,2026-08-29T10:13:00Z,False,False,Copia exacta excluida,True,CUARENTENA,False,False,False,Seco,Refrigerado,NO_EVALUABLE,False,Categoria observada o tipo de camion no disponible para evaluar,False
28820,2026-08-23 15:01:00,VIA-00305,ORD-2026-02961,CAM-09,PROD-007,20.73,C,39.4,0,0,CRITICO,Copia idéntica de la lectura; no contar dos veces,CRITICO,Copia idéntica de la lectura; no contar dos veces,OK,,OK,,OK,,OK,,OK,,OK,,OK,,OK,,2,True,CRITICO,timestamp|viaje_id,timestamp: Copia idéntica de la lectura | timestamp: no contar dos veces | viaje_id: Copia idéntica de la lectura | viaje_id: no contar dos veces,America/La_Paz,GIAD-M3-S4-IOT-diagnostico-didactico-v1,edb7afe2f7fb836e59fe605d30c88b3b5b13a6d8ab2ec0b37f206a14e58de6bf,DERIVAR_UTC | EXCLUIR_COPIA,Timestamp local de Bolivia convertido a UTC | Copia exacta de otra lectura,CAM-09,C,20.73,39.4,2026-08-23T19:01:00Z,False,False,Copia exacta excluida,True,CUARENTENA,True,True,False,Seco,Seco,SIN_ALERTA,False,,False
28821,2026-08-23 15:16:00,VIA-00122,ORD-2026-04337,CAM-04,PROD-039,19.96,C,45.8,0,0,CRITICO,Copia idéntica de la lectura; no contar dos veces,CRITICO,Copia idéntica de la lectura; no contar dos veces,OK,,OK,,OK,,OK,,OK,,OK,,OK,,OK,,2,True,CRITICO,timestamp|viaje_id,timestamp: Copia idéntica de la lectura | timestamp: no contar dos veces | viaje_id: Copia idéntica de la lectura | viaje_id: no contar dos veces,America/La_Paz,GIAD-M3-S4-IOT-diagnostico-didactico-v1,edb7afe2f7fb836e59fe605d30c88b3b5b13a6d8ab2ec0b37f206a14e58de6bf,DERIVAR_UTC | EXCLUIR_COPIA,Timestamp local de Bolivia convertido a UTC | Copia exacta de otra lectura,CAM-04,C,19.96,45.8,2026-08-23T19:16:00Z,False,False,Copia exacta excluida,True,CUARENTENA,True,True,False,Seco,Seco,SIN_ALERTA,False,,False
28822,2026-08-03 03:34:00,VIA-00823,ORD-2026-03527,CAM-19,PROD-044,8.85,C,82.2,1,1,CRITICO,Copia idéntica de la lectura; no contar dos veces,CRITICO,Copia idéntica de la lectura; no contar dos veces,OK,,OK,,OK,,OK,,OK,,OK,,OK,,OK,,2,True,CRITICO,timestamp|viaje_id,timestamp: Copia idéntica de la lectura | timestamp: no contar dos veces | viaje_id: Copia idéntica de la lectura | viaje_id: no contar dos veces,America/La_Paz,GIAD-M3-S4-IOT-diagnostico-didactico-v1,edb7afe2f7fb836e59fe605d30c88b3b5b13a6d8ab2ec0b37f206a14e58de6bf,DERIVAR_UTC | EXCLUIR_COPIA,Timestamp local de Bolivia convertido a UTC | Copia exacta de otra lectura,CAM-19,C,8.85,82.2,2026-08-03T07:34:00Z,False,False,Copia exacta excluida,True,CUARENTENA,True,True,False,Fresco,Refrigerado,SIN_ALERTA,False,,False
28823,2026-08-04 00:41:00,VIA-00896,ORD-2026-06348,CAM-09,PROD-014,19.26,C,41.6,0,0,CRITICO,Copia idéntica de la lectura; no contar dos veces,CRITICO,Copia idéntica de la lectura; no contar dos veces,OK,,OK,,OK,,OK,,OK,,OK,,OK,,OK,,2,True,CRITICO,timestamp|viaje_id,timestamp: Copia idéntica de la lectura | timestamp: no contar dos veces | viaje_id: Copia idéntica de la lectura | viaje_id: no contar dos veces,America/La_Paz,GIAD-M3-S4-IOT-diagnostico-didactico-v1,edb7afe2f7fb836e59fe605d30c88b3b5b13a6d8ab2ec0b37f206a14e58de6bf,DERIVAR_UTC | EXCLUIR_COPIA,Timestamp local de Bolivia convertido a UTC | Copia exacta de otra lectura,CAM-09,C,19.26,41.6,2026-08-04T04:41:00Z,False,False,Copia exacta excluida,True,CUARENTENA,True,True,False,Seco,Seco,SIN_ALERTA,False,,False
28824,2026-08-01 15:38:00,VIA-00380,ORD-2026-02526,CAM-08,PROD-004,3.39,C,74.5,0,0,CRITICO,Copia idéntica de la lectura; no contar dos veces,CRITICO,Copia idéntica de la lectura; no contar dos veces,OK,,OK,,OK,,OK,,OK,,OK,,OK,,OK,,2,True,CRITICO,timestamp|viaje_id,timestamp: Copia idéntica de la lectura | timestamp: no contar dos veces | viaje_id: Copia idéntica de la lectura | viaje_id: no contar dos veces,America/La_Paz,GIAD-M3-S4-IOT-diagnostico-didactico-v1,edb7afe2f7fb836e59fe605d30c88b3b5b13a6d8ab2ec0b37f206a14e58de6bf,DERIVAR_UTC | EXCLUIR_COPIA,Timestamp local de Bolivia convertido a UTC | Copia exacta de otra lectura,CAM-08,C,3.39,74.5,2026-08-01T19:38:00Z,False,False,Copia exacta excluida,True,CUARENTENA,True,True,False,Fresco,Refrigerado,SIN_ALERTA,False,,False
28825,2026-08-06 13:54:00,VIA-00679,ORD-2026-05063,CAM-08,PROD-004,3.08,C,81.6,0,0,CRITICO,Copia idéntica de la lectura; no contar dos veces,CRITICO,Copia idéntica de la lectura; no contar dos veces,OK,,OK,,OK,,OK,,OK,,OK,,OK,,OK,,2,True,CRITICO,timestamp|viaje_id,timestamp: Copia idéntica de la lectura | timestamp: no contar dos veces | viaje_id: Copia idéntica de la lectura | viaje_id: no contar dos veces,America/La_Paz,GIAD-M3-S4-IOT-diagnostico-didactico-v1,edb7afe2f7fb836e59fe605d30c88b3b5b13a6d8ab2ec0b37f206a14e58de6bf,DERIVAR_UTC | EXCLUIR_COPIA,Timestamp local de Bolivia convertido a UTC | Copia exacta de otra lectura,CAM-08,C,3.08,81.6,2026-08-06T17:54:00Z,False,False,Copia exacta excluida,True,CUARENTENA,True,True,False,Fresco,Refrigerado,SIN_ALERTA,False,,False
28826,2026-08-12 12:57:00,VIA-00217,ORD-2026-05269,CAM-28,PROD-036,3.57,C,75.6,0,0,CRITICO,Copia idéntica de la lectura; no contar dos veces,CRITICO,Copia idéntica de la lectura; no contar dos veces,OK,,OK,,REVISAR,Sin correspondencia en Productos Silver de cobertura parcial,OK,,OK,,OK,,OK,,OK,,3,True,CRITICO,timestamp|viaje_id|producto_id,timestamp: Copia idéntica de la lectura | timestamp: no contar dos veces | viaje_id: Copia idéntica de la lectura | viaje_id: no contar dos veces | producto_id: Sin correspondencia en Productos Silver de cobertura parcial,America/La_Paz,GIAD-M3-S4-IOT-diagnostico-didactico-v1,edb7afe2f7fb836e59fe605d30c88b3b5b13a6d8ab2ec0b37f206a14e58de6bf,DERIVAR_UTC | EXCLUIR_COPIA,Timestamp local de Bolivia convertido a UTC | Copia exacta de otra lectura,CAM-28,C,3.57,75.6,2026-08-12T16:57:00Z,False,False,Copia exacta excluida,True,CUARENTENA,False,False,False,Fresco,Refrigerado,NO_EVALUABLE,False,Categoria observada o tipo de camion no disponible para evaluar,False
28827,2026-08-30 10:57:00,VIA-00027,ORD-2026-05466,CAM-20,PROD-026,3.31,C,78.1,0,0,CRITICO,Copia idéntica de la lectura; no contar dos veces,CRITICO,Copia idéntica de la lectura; no contar dos veces,OK,,REVISAR,Sin correspondencia en Flota Silver de cobertura parcial,REVISAR,Sin correspondencia en Productos Silver de cobertura parcial,OK,,OK,,OK,,OK,,OK,,4,True,CRITICO,timestamp|viaje_id|camion_id|producto_id,timestamp: Copia idéntica de la lectura | timestamp: no contar dos veces | viaje_id: Copia idéntica de la lectura | viaje_id: no contar dos veces | camion_id: Sin correspondencia en Flota Silver de cobertura parcial | producto_id: Sin correspondencia en Productos Silver de cobertura parcial,America/La_Paz,GIAD-M3-S4-IOT-diagnostico-didactico-v1,edb7afe2f7fb836e59fe605d30c88b3b5b13a6d8ab2ec0b37f206a14e58de6bf,DERIVAR_UTC | EXCLUIR_COPIA,Timestamp local de Bolivia convertido a UTC | Copia exacta de otra lectura,CAM-20,C,3.31,78.1,2026-08-30T14:57:00Z,False,False,Copia exacta excluida,True,CUARENTENA,False,False,False,Fresco,Refrigerado,NO_EVALUABLE,False,Categoria observada o tipo de camion no disponible para evaluar,False
28828,2026-08-06 14:54:00,VIA-00051,ORD-2026-04075,CAM-28,PROD-025,-18.07,C,55.7,0,0,CRITICO,Copia idéntica de la lectura; no contar dos veces,CRITICO,Copia idéntica de la lectura; no contar dos veces,OK,,OK,,OK,,OK,,OK,,OK,,OK,,OK,,2,True,CRITICO,timestamp|viaje_id,timestamp: Copia idéntica de la lectura | timestamp: no contar dos veces | viaje_id: Copia idéntica de la lectura | viaje_id: no contar dos veces,America/La_Paz,GIAD-M3-S4-IOT-diagnostico-didactico-v1,edb7afe2f7fb836e59fe605d30c88b3b5b13a6d8ab2ec0b37f206a14e58de6bf,DERIVAR_UTC | EXCLUIR_COPIA,Timestamp local de Bolivia convertido a UTC | Copia exacta de otra lectura,CAM-28,C,-18.07,55.7,2026-08-06T18:54:00Z,False,False,Copia exacta excluida,True,CUARENTENA,True,True,False,Congelado,Refrigerado,SIN_ALERTA,False,,False
28829,2026-08-03 05:18:00,VIA-00864,ORD-2026-00645,CAM-24,PROD-043,-17.96,C,71.4,0,0,CRITICO,Copia idéntica de la lectura; no contar dos veces,CRITICO,Copia idéntica de la lectura; no contar dos veces,OK,,OK,,OK,,OK,,OK,,OK,,OK,,OK,,2,True,CRITICO,timestamp|viaje_id,timestamp: Copia idéntica de la lectura | timestamp: no contar dos veces | viaje_id: Copia idéntica de la lectura | viaje_id: no contar dos veces,America/La_Paz,GIAD-M3-S4-IOT-diagnostico-didactico-v1,edb7afe2f7fb836e59fe605d30c88b3b5b13a6d8ab2ec0b37f206a14e58de6bf,DERIVAR_UTC | EXCLUIR_COPIA,Timestamp local de Bolivia convertido a UTC | Copia exacta de otra lectura,CAM-24,C,-17.96,71.4,2026-08-03T09:18:00Z,False,False,Copia exacta excluida,True,CUARENTENA,True,True,False,Congelado,Refrigerado,SIN_ALERTA,False,,False
28830,2026-08-20 18:11:00,VIA-01070,ORD-2026-03508,CAM-02,PROD-052,2.89,C,78.8,0,0,CRITICO,Copia idéntica de la lectura; no contar dos veces,CRITICO,Copia idéntica de la lectura; no contar dos veces,OK,,OK,,OK,,OK,,OK,,OK,,OK,,OK,,2,True,CRITICO,timestamp|viaje_id,timestamp: Copia idéntica de la lectura | timestamp: no contar dos veces | viaje_id: Copia idéntica de la lectura | viaje_id: no contar dos veces,America/La_Paz,GIAD-M3-S4-IOT-diagnostico-didactico-v1,edb7afe2f7fb836e59fe605d30c88b3b5b13a6d8ab2ec0b37f206a14e58de6bf,DERIVAR_UTC | EXCLUIR_COPIA,Timestamp local de Bolivia convertido a UTC | Copia exacta de otra lectura,CAM-02,C,2.89,78.8,2026-08-20T22:11:00Z,False,False,Copia exacta excluida,True,CUARENTENA,True,True,False,Fresco,Refrigerado,SIN_ALERTA,False,,False
28831,2026-08-20 15:36:00,VIA-00856,ORD-2026-05146,CAM-28,PROD-024,19.68,C,43.1,0,0,CRITICO,Copia idéntica de la lectura; no contar dos veces,CRITICO,Copia idéntica de la lectura; no contar dos veces,OK,,OK,,OK,,OK,,OK,,OK,,OK,,OK,,2,True,CRITICO,timestamp|viaje_id,timestamp: Copia idéntica de la lectura | timestamp: no contar dos veces | viaje_id: Copia idéntica de la lectura | viaje_id: no contar dos veces,America/La_Paz,GIAD-M3-S4-IOT-diagnostico-didactico-v1,edb7afe2f7fb836e59fe605d30c88b3b5b13a6d8ab2ec0b37f206a14e58de6bf,DERIVAR_UTC | EXCLUIR_COPIA,Timestamp local de Bolivia convertido a UTC | Copia exacta de otra lectura,CAM-28,C,19.68,43.1,2026-08-20T19:36:00Z,False,False,Copia exacta excluida,True,CUARENTENA,True,True,False,Seco,Refrigerado,SIN_ALERTA,False,,False
28832,2026-08-14 06:56:00,VIA-00379,ORD-2026-04281,CAM-08,PROD-008,-16.48,C,67.8,0,0,CRITICO,Copia idéntica de la lectura; no contar dos veces,CRITICO,Copia idéntica de la lectura; no contar dos veces,OK,,OK,,REVISAR,Sin correspondencia en Productos Silver de cobertura parcial,OK,,OK,,OK,,OK,,OK,,3,True,CRITICO,timestamp|viaje_id|producto_id,timestamp: Copia idéntica de la lectura | timestamp: no contar dos veces | viaje_id: Copia idéntica de la lectura | viaje_id: no contar dos veces | producto_id: Sin correspondencia en Productos Silver de cobertura parcial,America/La_Paz,GIAD-M3-S4-IOT-diagnostico-didactico-v1,edb7afe2f7fb836e59fe605d30c88b3b5b13a6d8ab2ec0b37f206a14e58de6bf,DERIVAR_UTC | EXCLUIR_COPIA,Timestamp local de Bolivia convertido a UTC | Copia exacta de otra lectura,CAM-08,C,-16.48,67.8,2026-08-14T10:56:00Z,False,False,Copia exacta excluida,True,CUARENTENA,True,True,False,Congelado,Refrigerado,SIN_ALERTA,False,,False
28833,2026-08-13 04:00:00,VIA-00002,ORD-2026-04815,CAM-12,PROD-029,19.63,C,59.6,0,0,CRITICO,Copia idéntica de la lectura; no contar dos veces,CRITICO,Copia idéntica de la lectura; no contar dos veces,OK,,OK,,OK,,OK,,OK,,OK,,OK,,OK,,2,True,CRITICO,timestamp|viaje_id,timestamp: Copia idéntica de la lectura | timestamp: no contar dos veces | viaje_id: Copia idéntica de la lectura | viaje_id: no contar dos veces,America/La_Paz,GIAD-M3-S4-IOT-diagnostico-didactico-v1,edb7afe2f7fb836e59fe605d30c88b3b5b13a6d8ab2ec0b37f206a14e58de6bf,DERIVAR_UTC | EXCLUIR_COPIA,Timestamp local de Bolivia convertido a UTC | Copia exacta de otra lectura,CAM-12,C,19.63,59.6,2026-08-13T08:00:00Z,False,False,Copia exacta excluida,True,CUARENTENA,True,True,False,Seco,Seco,SIN_ALERTA,False,,False
28834,2026-08-21 12:20:00,VIA-01023,ORD-2026-03826,CAM-02,PROD-009,3.73,C,67.5,0,0,CRITICO,Copia idéntica de la lectura; no contar dos veces,CRITICO,Copia idéntica de la lectura; no contar dos veces,OK,,OK,,OK,,OK,,OK,,OK,,OK,,OK,,2,True,CRITICO,timestamp|viaje_id,timestamp: Copia idéntica de la lectura | timestamp: no contar dos veces | viaje_id: Copia idéntica de la lectura | viaje_id: no contar dos veces,America/La_Paz,GIAD-M3-S4-IOT-diagnostico-didactico-v1,edb7afe2f7fb836e59fe605d30c88b3b5b13a6d8ab2ec0b37f206a14e58de6bf,DERIVAR_UTC | EXCLUIR_COPIA,Timestamp local de Bolivia convertido a UTC | Copia exacta de otra lectura,CAM-02,C,3.73,67.5,2026-08-21T16:20:00Z,False,False,Copia exacta excluida,True,CUARENTENA,True,True,False,Fresco,Refrigerado,SIN_ALERTA,False,,False
28835,2026-08-08 14:52:00,VIA-01146,ORD-2026-06006,CAM-08,PROD-036,5.09,C,72.2,0,0,CRITICO,Copia idéntica de la lectura; no contar dos veces,CRITICO,Copia idéntica de la lectura; no contar dos veces,OK,,OK,,REVISAR,Sin correspondencia en Productos Silver de cobertura parcial,OK,,OK,,OK,,OK,,OK,,3,True,CRITICO,timestamp|viaje_id|producto_id,timestamp: Copia idéntica de la lectura | timestamp: no contar dos veces | viaje_id: Copia idéntica de la lectura | viaje_id: no contar dos veces | producto_id: Sin correspondencia en Productos Silver de cobertura parcial,America/La_Paz,GIAD-M3-S4-IOT-diagnostico-didactico-v1,edb7afe2f7fb836e59fe605d30c88b3b5b13a6d8ab2ec0b37f206a14e58de6bf,DERIVAR_UTC | EXCLUIR_COPIA,Timestamp local de Bolivia convertido a UTC | Copia exacta de otra lectura,CAM-08,C,5.09,72.2,2026-08-08T18:52:00Z,False,False,Copia exacta excluida,True,CUARENTENA,False,False,False,Fresco,Refrigerado,NO_EVALUABLE,False,Categoria observada o tipo de camion no disponible para evaluar,False
28836,2026-08-05 09:12:00,VIA-00306,ORD-2026-06512,CAM-24,PROD-045,4.37,C,82.2,0,0,CRITICO,Copia idéntica de la lectura; no contar dos veces,CRITICO,Copia idéntica de la lectura; no contar dos veces,OK,,OK,,OK,,OK,,OK,,OK,,OK,,OK,,2,True,CRITICO,timestamp|viaje_id,timestamp: Copia idéntica de la lectura | timestamp: no contar dos veces | viaje_id: Copia idéntica de la lectura | viaje_id: no contar dos veces,America/La_Paz,GIAD-M3-S4-IOT-diagnostico-didactico-v1,edb7afe2f7fb836e59fe605d30c88b3b5b13a6d8ab2ec0b37f206a14e58de6bf,DERIVAR_UTC | EXCLUIR_COPIA,Timestamp local de Bolivia convertido a UTC | Copia exacta de otra lectura,CAM-24,C,4.37,82.2,2026-08-05T13:12:00Z,False,False,Copia exacta excluida,True,CUARENTENA,True,True,False,Fresco,Refrigerado,SIN_ALERTA,False,,False
28837,2026-08-30 19:32:00,VIA-00673,ORD-2026-04325,CAM-20,PROD-027,4.29,C,80.9,0,0,CRITICO,Copia idéntica de la lectura; no contar dos veces,CRITICO,Copia idéntica de la lectura; no contar dos veces,OK,,REVISAR,Sin correspondencia en Flota Silver de cobertura parcial,OK,,OK,,OK,,OK,,OK,,OK,,3,True,CRITICO,timestamp|viaje_id|camion_id,timestamp: Copia idéntica de la lectura | timestamp: no contar dos veces | viaje_id: Copia idéntica de la lectura | viaje_id: no contar dos veces | camion_id: Sin correspondencia en Flota Silver de cobertura parcial,America/La_Paz,GIAD-M3-S4-IOT-diagnostico-didactico-v1,edb7afe2f7fb836e59fe605d30c88b3b5b13a6d8ab2ec0b37f206a14e58de6bf,DERIVAR_UTC | EXCLUIR_COPIA,Timestamp local de Bolivia convertido a UTC | Copia exacta de otra lectura,CAM-20,C,4.29,80.9,2026-08-30T23:32:00Z,False,False,Copia exacta excluida,True,CUARENTENA,True,True,False,Fresco,Refrigerado,SIN_ALERTA,False,,False
28838,2026-08-04 17:56:00,VIA-00135,ORD-2026-02724,CAM-12,PROD-010,19.46,C,54.0,0,0,CRITICO,Copia idéntica de la lectura; no contar dos veces,CRITICO,Copia idéntica de la lectura; no contar dos veces,OK,,OK,,OK,,OK,,OK,,OK,,OK,,OK,,2,True,CRITICO,timestamp|viaje_id,timestamp: Copia idéntica de la lectura | timestamp: no contar dos veces | viaje_id: Copia idéntica de la lectura | viaje_id: no contar dos veces,America/La_Paz,GIAD-M3-S4-IOT-diagnostico-didactico-v1,edb7afe2f7fb836e59fe605d30c88b3b5b13a6d8ab2ec0b37f206a14e58de6bf,DERIVAR_UTC | EXCLUIR_COPIA,Timestamp local de Bolivia convertido a UTC | Copia exacta de otra lectura,CAM-12,C,19.46,54.0,2026-08-04T21:56:00Z,False,False,Copia exacta excluida,True,CUARENTENA,True,True,False,Seco,Seco,SIN_ALERTA,False,,False
28839,2026-08-01 23:23:00,VIA-00821,ORD-2026-06765,CAM-19,PROD-036,2.96,C,79.3,0,0,CRITICO,Copia idéntica de la lectura; no contar dos veces,CRITICO,Copia idéntica de la lectura; no contar dos veces,OK,,OK,,REVISAR,Sin correspondencia en Productos Silver de cobertura parcial,OK,,OK,,OK,,OK,,OK,,3,True,CRITICO,timestamp|viaje_id|producto_id,timestamp: Copia idéntica de la lectura | timestamp: no contar dos veces | viaje_id: Copia idéntica de la lectura | viaje_id: no contar dos veces | producto_id: Sin correspondencia en Productos Silver de cobertura parcial,America/La_Paz,GIAD-M3-S4-IOT-diagnostico-didactico-v1,edb7afe2f7fb836e59fe605d30c88b3b5b13a6d8ab2ec0b37f206a14e58de6bf,DERIVAR_UTC | EXCLUIR_COPIA,Timestamp local de Bolivia convertido a UTC | Copia exacta de otra lectura,CAM-19,C,2.96,79.3,2026-08-02T03:23:00Z,False,False,Copia exacta excluida,True,CUARENTENA,False,False,False,Fresco,Refrigerado,NO_EVALUABLE,False,Categoria observada o tipo de camion no disponible para evaluar,False
28840,2026-08-20 09:55:00,VIA-00755,ORD-2026-06845,CAM-14,PROD-032,18.59,C,51.2,0,0,CRITICO,Copia idéntica de la lectura; no contar dos veces,CRITICO,Copia idéntica de la lectura; no contar dos veces,OK,,OK,,OK,,OK,,OK,,OK,,OK,,OK,,2,True,CRITICO,timestamp|viaje_id,timestamp: Copia idéntica de la lectura | timestamp: no contar dos veces | viaje_id: Copia idéntica de la lectura | viaje_id: no contar dos veces,America/La_Paz,GIAD-M3-S4-IOT-diagnostico-didactico-v1,edb7afe2f7fb836e59fe605d30c88b3b5b13a6d8ab2ec0b37f206a14e58de6bf,DERIVAR_UTC | EXCLUIR_COPIA,Timestamp local de Bolivia convertido a UTC | Copia exacta de otra lectura,CAM-14,C,18.59,51.2,2026-08-20T13:55:00Z,False,False,Copia exacta excluida,True,CUARENTENA,True,True,False,Seco,Seco,SIN_ALERTA,False,,False
28841,2026-08-06 23:25:00,VIA-00531,ORD-2026-07401,CAM-08,PROD-058,-17.73,C,68.4,0,0,CRITICO,Copia idéntica de la lectura; no contar dos veces,CRITICO,Copia idéntica de la lectura; no contar dos veces,OK,,OK,,OK,,OK,,OK,,OK,,OK,,OK,,2,True,CRITICO,timestamp|viaje_id,timestamp: Copia idéntica de la lectura | timestamp: no contar dos veces | viaje_id: Copia idéntica de la lectura | viaje_id: no contar dos veces,America/La_Paz,GIAD-M3-S4-IOT-diagnostico-didactico-v1,edb7afe2f7fb836e59fe605d30c88b3b5b13a6d8ab2ec0b37f206a14e58de6bf,DERIVAR_UTC | EXCLUIR_COPIA,Timestamp local de Bolivia convertido a UTC | Copia exacta de otra lectura,CAM-08,C,-17.73,68.4,2026-08-07T03:25:00Z,False,False,Copia exacta excluida,True,CUARENTENA,True,True,False,Congelado,Refrigerado,SIN_ALERTA,False,,False
28842,2026-08-27 05:16:00,VIA-00757,ORD-2026-01175,CAM-20,PROD-042,20.86,C,50.7,0,0,CRITICO,Copia idéntica de la lectura; no contar dos veces,CRITICO,Copia idéntica de la lectura; no contar dos veces,OK,,REVISAR,Sin correspondencia en Flota Silver de cobertura parcial,OK,,OK,,OK,,OK,,OK,,OK,,3,True,CRITICO,timestamp|viaje_id|camion_id,timestamp: Copia idéntica de la lectura | timestamp: no contar dos veces | viaje_id: Copia idéntica de la lectura | viaje_id: no contar dos veces | camion_id: Sin correspondencia en Flota Silver de cobertura parcial,America/La_Paz,GIAD-M3-S4-IOT-diagnostico-didactico-v1,edb7afe2f7fb836e59fe605d30c88b3b5b13a6d8ab2ec0b37f206a14e58de6bf,DERIVAR_UTC | EXCLUIR_COPIA,Timestamp local de Bolivia convertido a UTC | Copia exacta de otra lectura,CAM-20,C,20.86,50.7,2026-08-27T09:16:00Z,False,False,Copia exacta excluida,True,CUARENTENA,True,True,False,Seco,Refrigerado,SIN_ALERTA,False,,False
28843,2026-08-30 14:53:00,VIA-00897,ORD-2026-04328,CAM-23,PROD-027,3.05,C,71.5,0,0,CRITICO,Copia idéntica de la lectura; no contar dos veces,CRITICO,Copia idéntica de la lectura; no contar dos veces,OK,,OK,,OK,,OK,,OK,,OK,,OK,,OK,,2,True,CRITICO,timestamp|viaje_id,timestamp: Copia idéntica de la lectura | timestamp: no contar dos veces | viaje_id: Copia idéntica de la lectura | viaje_id: no contar dos veces,America/La_Paz,GIAD-M3-S4-IOT-diagnostico-didactico-v1,edb7afe2f7fb836e59fe605d30c88b3b5b13a6d8ab2ec0b37f206a14e58de6bf,DERIVAR_UTC | EXCLUIR_COPIA,Timestamp local de Bolivia convertido a UTC | Copia exacta de otra lectura,CAM-23,C,3.05,71.5,2026-08-30T18:53:00Z,False,False,Copia exacta excluida,True,CUARENTENA,True,True,False,Fresco,Seco,REVISAR,True,Producto Fresco/Congelado en camion registrado Seco; verificar configuracion operativa,False
28844,2026-08-20 19:22:00,VIA-00091,ORD-2026-05940,CAM-26,PROD-053,4.46,C,78.3,0,0,CRITICO,Copia idéntica de la lectura; no contar dos veces,CRITICO,Copia idéntica de la lectura; no contar dos veces,OK,,OK,,OK,,OK,,OK,,OK,,OK,,OK,,2,True,CRITICO,timestamp|viaje_id,timestamp: Copia idéntica de la lectura | timestamp: no contar dos veces | viaje_id: Copia idéntica de la lectura | viaje_id: no contar dos veces,America/La_Paz,GIAD-M3-S4-IOT-diagnostico-didactico-v1,edb7afe2f7fb836e59fe605d30c88b3b5b13a6d8ab2ec0b37f206a14e58de6bf,DERIVAR_UTC | EXCLUIR_COPIA,Timestamp local de Bolivia convertido a UTC | Copia exacta de otra lectura,CAM-26,C,4.46,78.3,2026-08-20T23:22:00Z,False,False,Copia exacta excluida,True,CUARENTENA,True,True,False,Fresco,Refrigerado,SIN_ALERTA,False,,False
28845,2026-08-05 14:02:00,VIA-00980,ORD-2026-05944,CAM-26,PROD-007,21.78,C,49.8,0,0,CRITICO,Copia idéntica de la lectura; no contar dos veces,CRITICO,Copia idéntica de la lectura; no contar dos veces,OK,,OK,,OK,,OK,,OK,,OK,,OK,,OK,,2,True,CRITICO,timestamp|viaje_id,timestamp: Copia idéntica de la lectura | timestamp: no contar dos veces | viaje_id: Copia idéntica de la lectura | viaje_id: no contar dos veces,America/La_Paz,GIAD-M3-S4-IOT-diagnostico-didactico-v1,edb7afe2f7fb836e59fe605d30c88b3b5b13a6d8ab2ec0b37f206a14e58de6bf,DERIVAR_UTC | EXCLUIR_COPIA,Timestamp local de Bolivia convertido a UTC | Copia exacta de otra lectura,CAM-26,C,21.78,49.8,2026-08-05T18:02:00Z,False,False,Copia exacta excluida,True,CUARENTENA,True,True,False,Seco,Refrigerado,SIN_ALERTA,False,,False
28846,2026-08-05 23:29:00,VIA-00640,ORD-2026-02492,CAM-22,PROD-047,3.86,C,66.3,0,0,CRITICO,Copia idéntica de la lectura; no contar dos veces,CRITICO,Copia idéntica de la lectura; no contar dos veces,OK,,OK,,OK,,OK,,OK,,OK,,OK,,OK,,2,True,CRITICO,timestamp|viaje_id,timestamp: Copia idéntica de la lectura | timestamp: no contar dos veces | viaje_id: Copia idéntica de la lectura | viaje_id: no contar dos veces,America/La_Paz,GIAD-M3-S4-IOT-diagnostico-didactico-v1,edb7afe2f7fb836e59fe605d30c88b3b5b13a6d8ab2ec0b37f206a14e58de6bf,DERIVAR_UTC | EXCLUIR_COPIA,Timestamp local de Bolivia convertido a UTC | Copia exacta de otra lectura,CAM-22,C,3.86,66.3,2026-08-06T03:29:00Z,False,False,Copia exacta excluida,True,CUARENTENA,True,True,False,Fresco,Refrigerado,SIN_ALERTA,False,,False
28847,2026-08-28 23:01:00,VIA-00543,ORD-2026-03706,CAM-24,PROD-031,,C,46.3,0,0,CRITICO,Misma clave con datos diferentes; revisar ambas lecturas,CRITICO,Misma clave con datos diferentes; revisar ambas lecturas,OK,,OK,,REVISAR,Sin correspondencia en Productos Silver de cobertura parcial,CRITICO,Valor faltante,OK,,OK,,OK,,OK,,4,True,CRITICO,timestamp|viaje_id|producto_id|temperatura_cabina_c,timestamp: Misma clave con datos diferentes | timestamp: revisar ambas lecturas | viaje_id: Misma clave con datos diferentes | viaje_id: revisar ambas lecturas | producto_id: Sin correspondencia en Productos Silver de cobertura parcial | temperatura_cabina_c: Valor faltante,America/La_Paz,GIAD-M3-S4-IOT-diagnostico-didactico-v1,edb7afe2f7fb836e59fe605d30c88b3b5b13a6d8ab2ec0b37f206a14e58de6bf,DERIVAR_UTC | CUARENTENA_CONFLICTO,Timestamp local de Bolivia convertido a UTC | Misma clave de lectura con datos distintos,CAM-24,C,,46.3,2026-08-29T03:01:00Z,False,False,Temperatura sin valor recuperable | Clave de lectura en conflicto,True,CUARENTENA,True,False,False,Seco,Refrigerado,SIN_ALERTA,False,,False
28848,2026-08-27 19:42:00,VIA-00475,ORD-2026-01792,CAM-03,PROD-016,18.45,C,,0,0,CRITICO,Misma clave con datos diferentes; revisar ambas lecturas,CRITICO,Misma clave con datos diferentes; revisar ambas lecturas,OK,,OK,,REVISAR,Sin correspondencia en Productos Silver de cobertura parcial,OK,,OK,,CRITICO,Valor faltante,OK,,OK,,4,True,CRITICO,timestamp|viaje_id|producto_id|humedad_cabina_pct,timestamp: Misma clave con datos diferentes | timestamp: revisar ambas lecturas | viaje_id: Misma clave con datos diferentes | viaje_id: revisar ambas lecturas | producto_id: Sin correspondencia en Productos Silver de cobertura parcial | humedad_cabina_pct: Valor faltante,America/La_Paz,GIAD-M3-S4-IOT-diagnostico-didactico-v1,edb7afe2f7fb836e59fe605d30c88b3b5b13a6d8ab2ec0b37f206a14e58de6bf,DERIVAR_UTC | CUARENTENA_CONFLICTO,Timestamp local de Bolivia convertido a UTC | Misma clave de lectura con datos distintos,CAM-03,C,18.45,,2026-08-27T23:42:00Z,False,False,Humedad sin valor recuperable | Clave de lectura en conflicto,True,CUARENTENA,True,True,False,Seco,Seco,SIN_ALERTA,False,,False
28849,2026-08-17 08:26:00,VIA-00073,ORD-2026-01330,CAM-13,PROD-018,20.25,C,53.6,0,0,CRITICO,Copia idéntica de la lectura; no contar dos veces,CRITICO,Copia idéntica de la lectura; no contar dos veces,OK,,OK,,REVISAR,Sin correspondencia en Productos Silver de cobertura parcial,OK,,OK,,OK,,OK,,OK,,3,True,CRITICO,timestamp|viaje_id|producto_id,timestamp: Copia idéntica de la lectura | timestamp: no contar dos veces | viaje_id: Copia idéntica de la lectura | viaje_id: no contar dos veces | producto_id: Sin correspondencia en Productos Silver de cobertura parcial,America/La_Paz,GIAD-M3-S4-IOT-diagnostico-didactico-v1,edb7afe2f7fb836e59fe605d30c88b3b5b13a6d8ab2ec0b37f206a14e58de6bf,DERIVAR_UTC | EXCLUIR_COPIA,Timestamp local de Bolivia convertido a UTC | Copia exacta de otra lectura,CAM-13,C,20.25,53.6,2026-08-17T12:26:00Z,False,False,Copia exacta excluida,True,CUARENTENA,False,False,False,Seco,Seco,SIN_ALERTA,False,,False
28850,2026-08-04 13:49:00,VIA-00985,ORD-2026-01091,CAM-19,PROD-058,-17.56,C,54.4,0,0,CRITICO,Copia idéntica de la lectura; no contar dos veces,CRITICO,Copia idéntica de la lectura; no contar dos veces,OK,,OK,,OK,,OK,,OK,,OK,,OK,,OK,,2,True,CRITICO,timestamp|viaje_id,timestamp: Copia idéntica de la lectura | timestamp: no contar dos veces | viaje_id: Copia idéntica de la lectura | viaje_id: no contar dos veces,America/La_Paz,GIAD-M3-S4-IOT-diagnostico-didactico-v1,edb7afe2f7fb836e59fe605d30c88b3b5b13a6d8ab2ec0b37f206a14e58de6bf,DERIVAR_UTC | EXCLUIR_COPIA,Timestamp local de Bolivia convertido a UTC | Copia exacta de otra lectura,CAM-19,C,-17.56,54.4,2026-08-04T17:49:00Z,False,False,Copia exacta excluida,True,CUARENTENA,True,True,False,Congelado,Refrigerado,SIN_ALERTA,False,,False
28851,2026-08-12 18:33:00,VIA-01182,ORD-2026-01656,CAM-26,PROD-048,21.01,C,46.3,0,0,CRITICO,Copia idéntica de la lectura; no contar dos veces,CRITICO,Copia idéntica de la lectura; no contar dos veces,OK,,OK,,OK,,OK,,OK,,OK,,OK,,OK,,2,True,CRITICO,timestamp|viaje_id,timestamp: Copia idéntica de la lectura | timestamp: no contar dos veces | viaje_id: Copia idéntica de la lectura | viaje_id: no contar dos veces,America/La_Paz,GIAD-M3-S4-IOT-diagnostico-didactico-v1,edb7afe2f7fb836e59fe605d30c88b3b5b13a6d8ab2ec0b37f206a14e58de6bf,DERIVAR_UTC | EXCLUIR_COPIA,Timestamp local de Bolivia convertido a UTC | Copia exacta de otra lectura,CAM-26,C,21.01,46.3,2026-08-12T22:33:00Z,False,False,Copia exacta excluida,True,CUARENTENA,True,True,False,Seco,Refrigerado,SIN_ALERTA,False,,False
28852,2026-08-14 02:26:00,VIA-00379,ORD-2026-04281,CAM-08,PROD-008,-18.33,C,63.4,0,0,CRITICO,Copia idéntica de la lectura; no contar dos veces,CRITICO,Copia idéntica de la lectura; no contar dos veces,OK,,OK,,REVISAR,Sin correspondencia en Productos Silver de cobertura parcial,OK,,OK,,OK,,OK,,OK,,3,True,CRITICO,timestamp|viaje_id|producto_id,timestamp: Copia idéntica de la lectura | timestamp: no contar dos veces | viaje_id: Copia idéntica de la lectura | viaje_id: no contar dos veces | producto_id: Sin correspondencia en Productos Silver de cobertura parcial,America/La_Paz,GIAD-M3-S4-IOT-diagnostico-didactico-v1,edb7afe2f7fb836e59fe605d30c88b3b5b13a6d8ab2ec0b37f206a14e58de6bf,DERIVAR_UTC | EXCLUIR_COPIA,Timestamp local de Bolivia convertido a UTC | Copia exacta de otra lectura,CAM-08,C,-18.33,63.4,2026-08-14T06:26:00Z,False,False,Copia exacta excluida,True,CUARENTENA,True,True,False,Congelado,Refrigerado,SIN_ALERTA,False,,False
28853,2026-08-18 14:54:00,VIA-00258,ORD-2026-04678,CAM-08,PROD-058,-18.64,C,70.4,0,0,CRITICO,Copia idéntica de la lectura; no contar dos veces,CRITICO,Copia idéntica de la lectura; no contar dos veces,OK,,OK,,OK,,OK,,OK,,OK,,OK,,OK,,2,True,CRITICO,timestamp|viaje_id,timestamp: Copia idéntica de la lectura | timestamp: no contar dos veces | viaje_id: Copia idéntica de la lectura | viaje_id: no contar dos veces,America/La_Paz,GIAD-M3-S4-IOT-diagnostico-didactico-v1,edb7afe2f7fb836e59fe605d30c88b3b5b13a6d8ab2ec0b37f206a14e58de6bf,DERIVAR_UTC | EXCLUIR_COPIA,Timestamp local de Bolivia convertido a UTC | Copia exacta de otra lectura,CAM-08,C,-18.64,70.4,2026-08-18T18:54:00Z,False,False,Copia exacta excluida,True,CUARENTENA,True,True,False,Congelado,Refrigerado,SIN_ALERTA,False,,False
28854,2026-08-14 09:12:00,VIA-00939,ORD-2026-05340,CAM-03,PROD-030,21.35,C,53.8,0,0,CRITICO,Copia idéntica de la lectura; no contar dos veces,CRITICO,Copia idéntica de la lectura; no contar dos veces,OK,,OK,,OK,,OK,,OK,,OK,,OK,,OK,,2,True,CRITICO,timestamp|viaje_id,timestamp: Copia idéntica de la lectura | timestamp: no contar dos veces | viaje_id: Copia idéntica de la lectura | viaje_id: no contar dos veces,America/La_Paz,GIAD-M3-S4-IOT-diagnostico-didactico-v1,edb7afe2f7fb836e59fe605d30c88b3b5b13a6d8ab2ec0b37f206a14e58de6bf,DERIVAR_UTC | EXCLUIR_COPIA,Timestamp local de Bolivia convertido a UTC | Copia exacta de otra lectura,CAM-03,C,21.35,53.8,2026-08-14T13:12:00Z,False,False,Copia exacta excluida,True,CUARENTENA,True,True,False,Seco,Seco,SIN_ALERTA,False,,False
28855,2026-08-16 08:41:00,VIA-01166,ORD-2026-01739,CAM-27,PROD-050,23.28,C,45.8,0,0,CRITICO,Copia idéntica de la lectura; no contar dos veces,CRITICO,Copia idéntica de la lectura; no contar dos veces,OK,,OK,,OK,,OK,,OK,,OK,,OK,,OK,,2,True,CRITICO,timestamp|viaje_id,timestamp: Copia idéntica de la lectura | timestamp: no contar dos veces | viaje_id: Copia idéntica de la lectura | viaje_id: no contar dos veces,America/La_Paz,GIAD-M3-S4-IOT-diagnostico-didactico-v1,edb7afe2f7fb836e59fe605d30c88b3b5b13a6d8ab2ec0b37f206a14e58de6bf,DERIVAR_UTC | EXCLUIR_COPIA,Timestamp local de Bolivia convertido a UTC | Copia exacta de otra lectura,CAM-27,C,23.28,45.8,2026-08-16T12:41:00Z,False,False,Copia exacta excluida,True,CUARENTENA,True,True,False,Seco,Refrigerado,SIN_ALERTA,False,,False
28856,2026-08-30 05:53:00,VIA-00433,ORD-2026-00959,CAM-10,PROD-023,2.99,C,64.7,0,0,CRITICO,Copia idéntica de la lectura; no contar dos veces,CRITICO,Copia idéntica de la lectura; no contar dos veces,OK,,OK,,OK,,OK,,OK,,OK,,OK,,OK,,2,True,CRITICO,timestamp|viaje_id,timestamp: Copia idéntica de la lectura | timestamp: no contar dos veces | viaje_id: Copia idéntica de la lectura | viaje_id: no contar dos veces,America/La_Paz,GIAD-M3-S4-IOT-diagnostico-didactico-v1,edb7afe2f7fb836e59fe605d30c88b3b5b13a6d8ab2ec0b37f206a14e58de6bf,DERIVAR_UTC | EXCLUIR_COPIA,Timestamp local de Bolivia convertido a UTC | Copia exacta de otra lectura,CAM-10,C,2.99,64.7,2026-08-30T09:53:00Z,False,False,Copia exacta excluida,True,CUARENTENA,True,True,False,Fresco,Refrigerado,SIN_ALERTA,False,,False
28857,2026-08-02 22:34:00,VIA-00260,ORD-2026-02932,CAM-30,PROD-002,22.76,C,44.5,0,0,CRITICO,Copia idéntica de la lectura; no contar dos veces,CRITICO,Copia idéntica de la lectura; no contar dos veces,OK,,REVISAR,Sin correspondencia en Flota Silver de cobertura parcial,OK,,OK,,OK,,OK,,OK,,OK,,3,True,CRITICO,timestamp|viaje_id|camion_id,timestamp: Copia idéntica de la lectura | timestamp: no contar dos veces | viaje_id: Copia idéntica de la lectura | viaje_id: no contar dos veces | camion_id: Sin correspondencia en Flota Silver de cobertura parcial,America/La_Paz,GIAD-M3-S4-IOT-diagnostico-didactico-v1,edb7afe2f7fb836e59fe605d30c88b3b5b13a6d8ab2ec0b37f206a14e58de6bf,DERIVAR_UTC | EXCLUIR_COPIA,Timestamp local de Bolivia convertido a UTC | Copia exacta de otra lectura,CAM-30,C,22.76,44.5,2026-08-03T02:34:00Z,False,False,Copia exacta excluida,True,CUARENTENA,True,True,False,Seco,Seco,SIN_ALERTA,False,,False
28858,2026-08-08 08:33:00,VIA-00674,ORD-2026-05091,CAM-08,PROD-055,22.22,C,47.9,0,0,CRITICO,Copia idéntica de la lectura; no contar dos veces,CRITICO,Copia idéntica de la lectura; no contar dos veces,OK,,OK,,OK,,OK,,OK,,OK,,OK,,OK,,2,True,CRITICO,timestamp|viaje_id,timestamp: Copia idéntica de la lectura | timestamp: no contar dos veces | viaje_id: Copia idéntica de la lectura | viaje_id: no contar dos veces,America/La_Paz,GIAD-M3-S4-IOT-diagnostico-didactico-v1,edb7afe2f7fb836e59fe605d30c88b3b5b13a6d8ab2ec0b37f206a14e58de6bf,DERIVAR_UTC | EXCLUIR_COPIA,Timestamp local de Bolivia convertido a UTC | Copia exacta de otra lectura,CAM-08,C,22.22,47.9,2026-08-08T12:33:00Z,False,False,Copia exacta excluida,True,CUARENTENA,True,True,False,Seco,Refrigerado,SIN_ALERTA,False,,False
28859,2026-08-26 12:11:00,VIA-00828,ORD-2026-04623,CAM-01,PROD-049,4.17,C,75.5,0,0,CRITICO,Copia idéntica de la lectura; no contar dos veces,CRITICO,Copia idéntica de la lectura; no contar dos veces,OK,,OK,,REVISAR,Sin correspondencia en Productos Silver de cobertura parcial,OK,,OK,,OK,,OK,,OK,,3,True,CRITICO,timestamp|viaje_id|producto_id,timestamp: Copia idéntica de la lectura | timestamp: no contar dos veces | viaje_id: Copia idéntica de la lectura | viaje_id: no contar dos veces | producto_id: Sin correspondencia en Productos Silver de cobertura parcial,America/La_Paz,GIAD-M3-S4-IOT-diagnostico-didactico-v1,edb7afe2f7fb836e59fe605d30c88b3b5b13a6d8ab2ec0b37f206a14e58de6bf,DERIVAR_UTC | EXCLUIR_COPIA,Timestamp local de Bolivia convertido a UTC | Copia exacta de otra lectura,CAM-01,C,4.17,75.5,2026-08-26T16:11:00Z,False,False,Copia exacta excluida,True,CUARENTENA,False,False,False,Fresco,Refrigerado,SIN_ALERTA,False,,False
28860,2026-08-04 15:52:00,VIA-00751,ORD-2026-06416,CAM-09,PROD-048,18.51,C,44.0,0,0,CRITICO,Copia idéntica de la lectura; no contar dos veces,CRITICO,Copia idéntica de la lectura; no contar dos veces,OK,,OK,,OK,,OK,,OK,,OK,,OK,,OK,,2,True,CRITICO,timestamp|viaje_id,timestamp: Copia idéntica de la lectura | timestamp: no contar dos veces | viaje_id: Copia idéntica de la lectura | viaje_id: no contar dos veces,America/La_Paz,GIAD-M3-S4-IOT-diagnostico-didactico-v1,edb7afe2f7fb836e59fe605d30c88b3b5b13a6d8ab2ec0b37f206a14e58de6bf,DERIVAR_UTC | EXCLUIR_COPIA,Timestamp local de Bolivia convertido a UTC | Copia exacta de otra lectura,CAM-09,C,18.51,44.0,2026-08-04T19:52:00Z,False,False,Copia exacta excluida,True,CUARENTENA,True,True,False,Seco,Seco,SIN_ALERTA,False,,False
28861,2026-08-16 01:15:00,VIA-00718,ORD-2026-00659,CAM-21,PROD-038,20.83,C,38.6,0,1,CRITICO,Copia idéntica de la lectura; no contar dos veces,CRITICO,Copia idéntica de la lectura; no contar dos veces,OK,,OK,,OK,,OK,,OK,,OK,,OK,,OK,,2,True,CRITICO,timestamp|viaje_id,timestamp: Copia idéntica de la lectura | timestamp: no contar dos veces | viaje_id: Copia idéntica de la lectura | viaje_id: no contar dos veces,America/La_Paz,GIAD-M3-S4-IOT-diagnostico-didactico-v1,edb7afe2f7fb836e59fe605d30c88b3b5b13a6d8ab2ec0b37f206a14e58de6bf,DERIVAR_UTC | EXCLUIR_COPIA,Timestamp local de Bolivia convertido a UTC | Copia exacta de otra lectura,CAM-21,C,20.83,38.6,2026-08-16T05:15:00Z,False,False,Copia exacta excluida,True,CUARENTENA,True,True,False,Seco,Seco,SIN_ALERTA,False,,False
28862,2026-08-26 18:25:00,VIA-00761,ORD-2026-00954,CAM-24,PROD-015,3.77,C,,0,0,CRITICO,Misma clave con datos diferentes; revisar ambas lecturas,CRITICO,Misma clave con datos diferentes; revisar ambas lecturas,OK,,OK,,OK,,OK,,OK,,CRITICO,Valor faltante,OK,,OK,,3,True,CRITICO,timestamp|viaje_id|humedad_cabina_pct,timestamp: Misma clave con datos diferentes | timestamp: revisar ambas lecturas | viaje_id: Misma clave con datos diferentes | viaje_id: revisar ambas lecturas | humedad_cabina_pct: Valor faltante,America/La_Paz,GIAD-M3-S4-IOT-diagnostico-didactico-v1,edb7afe2f7fb836e59fe605d30c88b3b5b13a6d8ab2ec0b37f206a14e58de6bf,DERIVAR_UTC | CUARENTENA_CONFLICTO,Timestamp local de Bolivia convertido a UTC | Misma clave de lectura con datos distintos,CAM-24,C,3.77,,2026-08-26T22:25:00Z,False,False,Humedad sin valor recuperable | Clave de lectura en conflicto,True,CUARENTENA,True,True,False,Fresco,Refrigerado,SIN_ALERTA,False,,False
28863,2026-08-05 05:31:00,VIA-00374,ORD-2026-06903,CAM-10,PROD-028,20.95,C,34.5,0,0,CRITICO,Copia idéntica de la lectura; no contar dos veces,CRITICO,Copia idéntica de la lectura; no contar dos veces,OK,,OK,,REVISAR,Sin correspondencia en Productos Silver de cobertura parcial,OK,,OK,,OK,,OK,,OK,,3,True,CRITICO,timestamp|viaje_id|producto_id,timestamp: Copia idéntica de la lectura | timestamp: no contar dos veces | viaje_id: Copia idéntica de la lectura | viaje_id: no contar dos veces | producto_id: Sin correspondencia en Productos Silver de cobertura parcial,America/La_Paz,GIAD-M3-S4-IOT-diagnostico-didactico-v1,edb7afe2f7fb836e59fe605d30c88b3b5b13a6d8ab2ec0b37f206a14e58de6bf,DERIVAR_UTC | EXCLUIR_COPIA,Timestamp local de Bolivia convertido a UTC | Copia exacta de otra lectura,CAM-10,C,20.95,34.5,2026-08-05T09:31:00Z,False,False,Copia exacta excluida,True,CUARENTENA,False,False,False,Seco,Refrigerado,NO_EVALUABLE,False,Categoria observada o tipo de camion no disponible para evaluar,False
28864,2026-08-14 01:36:00,VIA-01028,ORD-2026-07477,CAM-15,PROD-034,4.93,C,79.0,0,0,CRITICO,Copia idéntica de la lectura; no contar dos veces,CRITICO,Copia idéntica de la lectura; no contar dos veces,OK,,OK,,OK,,OK,,OK,,OK,,OK,,OK,,2,True,CRITICO,timestamp|viaje_id,timestamp: Copia idéntica de la lectura | timestamp: no contar dos veces | viaje_id: Copia idéntica de la lectura | viaje_id: no contar dos veces,America/La_Paz,GIAD-M3-S4-IOT-diagnostico-didactico-v1,edb7afe2f7fb836e59fe605d30c88b3b5b13a6d8ab2ec0b37f206a14e58de6bf,DERIVAR_UTC | EXCLUIR_COPIA,Timestamp local de Bolivia convertido a UTC | Copia exacta de otra lectura,CAM-15,C,4.93,79.0,2026-08-14T05:36:00Z,False,False,Copia exacta excluida,True,CUARENTENA,True,True,False,Fresco,Refrigerado,SIN_ALERTA,False,,False
28865,2026-08-16 01:22:00,VIA-01056,ORD-2026-02364,CAM-28,PROD-008,-17.47,C,60.7,0,0,CRITICO,Copia idéntica de la lectura; no contar dos veces,CRITICO,Copia idéntica de la lectura; no contar dos veces,OK,,OK,,REVISAR,Sin correspondencia en Productos Silver de cobertura parcial,OK,,OK,,OK,,OK,,OK,,3,True,CRITICO,timestamp|viaje_id|producto_id,timestamp: Copia idéntica de la lectura | timestamp: no contar dos veces | viaje_id: Copia idéntica de la lectura | viaje_id: no contar dos veces | producto_id: Sin correspondencia en Productos Silver de cobertura parcial,America/La_Paz,GIAD-M3-S4-IOT-diagnostico-didactico-v1,edb7afe2f7fb836e59fe605d30c88b3b5b13a6d8ab2ec0b37f206a14e58de6bf,DERIVAR_UTC | EXCLUIR_COPIA,Timestamp local de Bolivia convertido a UTC | Copia exacta de otra lectura,CAM-28,C,-17.47,60.7,2026-08-16T05:22:00Z,False,False,Copia exacta excluida,True,CUARENTENA,True,True,False,Congelado,Refrigerado,SIN_ALERTA,False,,False
28866,2026-08-12 16:33:00,VIA-00786,ORD-2026-05280,CAM-13,PROD-040,21.28,C,39.7,0,0,CRITICO,Copia idéntica de la lectura; no contar dos veces,CRITICO,Copia idéntica de la lectura; no contar dos veces,OK,,OK,,OK,,OK,,OK,,OK,,OK,,OK,,2,True,CRITICO,timestamp|viaje_id,timestamp: Copia idéntica de la lectura | timestamp: no contar dos veces | viaje_id: Copia idéntica de la lectura | viaje_id: no contar dos veces,America/La_Paz,GIAD-M3-S4-IOT-diagnostico-didactico-v1,edb7afe2f7fb836e59fe605d30c88b3b5b13a6d8ab2ec0b37f206a14e58de6bf,DERIVAR_UTC | EXCLUIR_COPIA,Timestamp local de Bolivia convertido a UTC | Copia exacta de otra lectura,CAM-13,C,21.28,39.7,2026-08-12T20:33:00Z,False,False,Copia exacta excluida,True,CUARENTENA,True,True,False,Seco,Seco,SIN_ALERTA,False,,False
28867,2026-08-15 17:31:00,VIA-00442,ORD-2026-02381,CAM-24,PROD-059,20.77,C,47.2,0,0,CRITICO,Copia idéntica de la lectura; no contar dos veces,CRITICO,Copia idéntica de la lectura; no contar dos veces,OK,,OK,,OK,,OK,,OK,,OK,,OK,,OK,,2,True,CRITICO,timestamp|viaje_id,timestamp: Copia idéntica de la lectura | timestamp: no contar dos veces | viaje_id: Copia idéntica de la lectura | viaje_id: no contar dos veces,America/La_Paz,GIAD-M3-S4-IOT-diagnostico-didactico-v1,edb7afe2f7fb836e59fe605d30c88b3b5b13a6d8ab2ec0b37f206a14e58de6bf,DERIVAR_UTC | EXCLUIR_COPIA,Timestamp local de Bolivia convertido a UTC | Copia exacta de otra lectura,CAM-24,C,20.77,47.2,2026-08-15T21:31:00Z,False,False,Copia exacta excluida,True,CUARENTENA,True,True,False,Seco,Refrigerado,SIN_ALERTA,False,,False
28868,2026-08-28 12:01:00,VIA-00670,ORD-2026-03021,CAM-08,PROD-041,-19.07,C,68.9,0,0,CRITICO,Copia idéntica de la lectura; no contar dos veces,CRITICO,Copia idéntica de la lectura; no contar dos veces,OK,,OK,,OK,,OK,,OK,,OK,,OK,,OK,,2,True,CRITICO,timestamp|viaje_id,timestamp: Copia idéntica de la lectura | timestamp: no contar dos veces | viaje_id: Copia idéntica de la lectura | viaje_id: no contar dos veces,America/La_Paz,GIAD-M3-S4-IOT-diagnostico-didactico-v1,edb7afe2f7fb836e59fe605d30c88b3b5b13a6d8ab2ec0b37f206a14e58de6bf,DERIVAR_UTC | EXCLUIR_COPIA,Timestamp local de Bolivia convertido a UTC | Copia exacta de otra lectura,CAM-08,C,-19.07,68.9,2026-08-28T16:01:00Z,False,False,Copia exacta excluida,True,CUARENTENA,True,True,False,Congelado,Refrigerado,SIN_ALERTA,False,,False
28869,2026-08-08 22:43:00,VIA-00962,ORD-2026-07499,CAM-18,PROD-050,18.22,C,50.1,0,0,CRITICO,Copia idéntica de la lectura; no contar dos veces,CRITICO,Copia idéntica de la lectura; no contar dos veces,OK,,OK,,OK,,OK,,OK,,OK,,OK,,OK,,2,True,CRITICO,timestamp|viaje_id,timestamp: Copia idéntica de la lectura | timestamp: no contar dos veces | viaje_id: Copia idéntica de la lectura | viaje_id: no contar dos veces,America/La_Paz,GIAD-M3-S4-IOT-diagnostico-didactico-v1,edb7afe2f7fb836e59fe605d30c88b3b5b13a6d8ab2ec0b37f206a14e58de6bf,DERIVAR_UTC | EXCLUIR_COPIA,Timestamp local de Bolivia convertido a UTC | Copia exacta de otra lectura,CAM-18,C,18.22,50.1,2026-08-09T02:43:00Z,False,False,Copia exacta excluida,True,CUARENTENA,True,True,False,Seco,Seco,SIN_ALERTA,False,,False
28870,2026-08-04 06:10:00,VIA-00694,ORD-2026-00099,CAM-25,PROD-027,3.35,C,79.8,0,0,CRITICO,Copia idéntica de la lectura; no contar dos veces,CRITICO,Copia idéntica de la lectura; no contar dos veces,OK,,OK,,OK,,OK,,OK,,OK,,OK,,OK,,2,True,CRITICO,timestamp|viaje_id,timestamp: Copia idéntica de la lectura | timestamp: no contar dos veces | viaje_id: Copia idéntica de la lectura | viaje_id: no contar dos veces,America/La_Paz,GIAD-M3-S4-IOT-diagnostico-didactico-v1,edb7afe2f7fb836e59fe605d30c88b3b5b13a6d8ab2ec0b37f206a14e58de6bf,DERIVAR_UTC | EXCLUIR_COPIA,Timestamp local de Bolivia convertido a UTC | Copia exacta de otra lectura,CAM-25,C,3.35,79.8,2026-08-04T10:10:00Z,False,False,Copia exacta excluida,True,CUARENTENA,True,True,False,Fresco,Refrigerado,SIN_ALERTA,False,,False
28871,2026-08-22 15:54:00,VIA-00185,ORD-2026-00226,CAM-15,PROD-017,19.18,C,49.2,0,0,CRITICO,Copia idéntica de la lectura; no contar dos veces,CRITICO,Copia idéntica de la lectura; no contar dos veces,OK,,OK,,OK,,OK,,OK,,OK,,OK,,OK,,2,True,CRITICO,timestamp|viaje_id,timestamp: Copia idéntica de la lectura | timestamp: no contar dos veces | viaje_id: Copia idéntica de la lectura | viaje_id: no contar dos veces,America/La_Paz,GIAD-M3-S4-IOT-diagnostico-didactico-v1,edb7afe2f7fb836e59fe605d30c88b3b5b13a6d8ab2ec0b37f206a14e58de6bf,DERIVAR_UTC | EXCLUIR_COPIA,Timestamp local de Bolivia convertido a UTC | Copia exacta de otra lectura,CAM-15,C,19.18,49.2,2026-08-22T19:54:00Z,False,False,Copia exacta excluida,True,CUARENTENA,True,True,False,Seco,Refrigerado,SIN_ALERTA,False,,False
28872,2026-08-06 04:15:00,VIA-00445,ORD-2026-03433,CAM-08,PROD-022,4.03,C,90.0,0,0,CRITICO,Copia idéntica de la lectura; no contar dos veces,CRITICO,Copia idéntica de la lectura; no contar dos veces,OK,,OK,,REVISAR,Sin correspondencia en Productos Silver de cobertura parcial,OK,,OK,,OK,,OK,,OK,,3,True,CRITICO,timestamp|viaje_id|producto_id,timestamp: Copia idéntica de la lectura | timestamp: no contar dos veces | viaje_id: Copia idéntica de la lectura | viaje_id: no contar dos veces | producto_id: Sin correspondencia en Productos Silver de cobertura parcial,America/La_Paz,GIAD-M3-S4-IOT-diagnostico-didactico-v1,edb7afe2f7fb836e59fe605d30c88b3b5b13a6d8ab2ec0b37f206a14e58de6bf,DERIVAR_UTC | EXCLUIR_COPIA,Timestamp local de Bolivia convertido a UTC | Copia exacta de otra lectura,CAM-08,C,4.03,90.0,2026-08-06T08:15:00Z,False,False,Copia exacta excluida,True,CUARENTENA,True,True,False,Fresco,Refrigerado,SIN_ALERTA,False,,False
28873,2026-08-13 01:05:00,VIA-00188,ORD-2026-00183,CAM-12,PROD-020,18.63,C,59.8,0,0,CRITICO,Copia idéntica de la lectura; no contar dos veces,CRITICO,Copia idéntica de la lectura; no contar dos veces,OK,,OK,,OK,,OK,,OK,,OK,,OK,,OK,,2,True,CRITICO,timestamp|viaje_id,timestamp: Copia idéntica de la lectura | timestamp: no contar dos veces | viaje_id: Copia idéntica de la lectura | viaje_id: no contar dos veces,America/La_Paz,GIAD-M3-S4-IOT-diagnostico-didactico-v1,edb7afe2f7fb836e59fe605d30c88b3b5b13a6d8ab2ec0b37f206a14e58de6bf,DERIVAR_UTC | EXCLUIR_COPIA,Timestamp local de Bolivia convertido a UTC | Copia exacta de otra lectura,CAM-12,C,18.63,59.8,2026-08-13T05:05:00Z,False,False,Copia exacta excluida,True,CUARENTENA,True,True,False,Seco,Seco,SIN_ALERTA,False,,False
28874,2026-08-15 11:59:00,VIA-00989,ORD-2026-01031,CAM-21,PROD-012,18.81,C,42.5,0,0,CRITICO,Copia idéntica de la lectura; no contar dos veces,CRITICO,Copia idéntica de la lectura; no contar dos veces,OK,,OK,,OK,,OK,,OK,,OK,,OK,,OK,,2,True,CRITICO,timestamp|viaje_id,timestamp: Copia idéntica de la lectura | timestamp: no contar dos veces | viaje_id: Copia idéntica de la lectura | viaje_id: no contar dos veces,America/La_Paz,GIAD-M3-S4-IOT-diagnostico-didactico-v1,edb7afe2f7fb836e59fe605d30c88b3b5b13a6d8ab2ec0b37f206a14e58de6bf,DERIVAR_UTC | EXCLUIR_COPIA,Timestamp local de Bolivia convertido a UTC | Copia exacta de otra lectura,CAM-21,C,18.81,42.5,2026-08-15T15:59:00Z,False,False,Copia exacta excluida,True,CUARENTENA,True,True,False,Seco,Seco,SIN_ALERTA,False,,False
28875,2026-08-21 02:19:00,VIA-00371,ORD-2026-05057,CAM-16,PROD-033,18.64,C,48.0,0,0,CRITICO,Copia idéntica de la lectura; no contar dos veces,CRITICO,Copia idéntica de la lectura; no contar dos veces,OK,,OK,,OK,,OK,,OK,,OK,,OK,,OK,,2,True,CRITICO,timestamp|viaje_id,timestamp: Copia idéntica de la lectura | timestamp: no contar dos veces | viaje_id: Copia idéntica de la lectura | viaje_id: no contar dos veces,America/La_Paz,GIAD-M3-S4-IOT-diagnostico-didactico-v1,edb7afe2f7fb836e59fe605d30c88b3b5b13a6d8ab2ec0b37f206a14e58de6bf,DERIVAR_UTC | EXCLUIR_COPIA,Timestamp local de Bolivia convertido a UTC | Copia exacta de otra lectura,CAM-16,C,18.64,48.0,2026-08-21T06:19:00Z,False,False,Copia exacta excluida,True,CUARENTENA,True,True,False,Seco,Seco,SIN_ALERTA,False,,False
28876,2026-08-17 02:16:00,VIA-01088,ORD-2026-05447,CAM-25,PROD-033,18.34,C,50.3,0,0,CRITICO,Copia idéntica de la lectura; no contar dos veces,CRITICO,Copia idéntica de la lectura; no contar dos veces,OK,,OK,,OK,,OK,,OK,,OK,,OK,,OK,,2,True,CRITICO,timestamp|viaje_id,timestamp: Copia idéntica de la lectura | timestamp: no contar dos veces | viaje_id: Copia idéntica de la lectura | viaje_id: no contar dos veces,America/La_Paz,GIAD-M3-S4-IOT-diagnostico-didactico-v1,edb7afe2f7fb836e59fe605d30c88b3b5b13a6d8ab2ec0b37f206a14e58de6bf,DERIVAR_UTC | EXCLUIR_COPIA,Timestamp local de Bolivia convertido a UTC | Copia exacta de otra lectura,CAM-25,C,18.34,50.3,2026-08-17T06:16:00Z,False,False,Copia exacta excluida,True,CUARENTENA,True,True,False,Seco,Refrigerado,SIN_ALERTA,False,,False
28877,2026-08-31 07:49:00,VIA-00307,ORD-2026-04702,CAM-02,PROD-043,-18.14,C,75.9,0,0,CRITICO,Copia idéntica de la lectura; no contar dos veces,CRITICO,Copia idéntica de la lectura; no contar dos veces,OK,,OK,,OK,,OK,,OK,,OK,,OK,,OK,,2,True,CRITICO,timestamp|viaje_id,timestamp: Copia idéntica de la lectura | timestamp: no contar dos veces | viaje_id: Copia idéntica de la lectura | viaje_id: no contar dos veces,America/La_Paz,GIAD-M3-S4-IOT-diagnostico-didactico-v1,edb7afe2f7fb836e59fe605d30c88b3b5b13a6d8ab2ec0b37f206a14e58de6bf,DERIVAR_UTC | EXCLUIR_COPIA,Timestamp local de Bolivia convertido a UTC | Copia exacta de otra lectura,CAM-02,C,-18.14,75.9,2026-08-31T11:49:00Z,False,False,Copia exacta excluida,True,CUARENTENA,True,True,False,Congelado,Refrigerado,SIN_ALERTA,False,,False
28878,2026-08-16 04:26:00,VIA-00841,ORD-2026-03786,CAM-10,PROD-011,-17.95,C,61.3,0,0,CRITICO,Copia idéntica de la lectura; no contar dos veces,CRITICO,Copia idéntica de la lectura; no contar dos veces,OK,,OK,,OK,,OK,,OK,,OK,,OK,,OK,,2,True,CRITICO,timestamp|viaje_id,timestamp: Copia idéntica de la lectura | timestamp: no contar dos veces | viaje_id: Copia idéntica de la lectura | viaje_id: no contar dos veces,America/La_Paz,GIAD-M3-S4-IOT-diagnostico-didactico-v1,edb7afe2f7fb836e59fe605d30c88b3b5b13a6d8ab2ec0b37f206a14e58de6bf,DERIVAR_UTC | EXCLUIR_COPIA,Timestamp local de Bolivia convertido a UTC | Copia exacta de otra lectura,CAM-10,C,-17.95,61.3,2026-08-16T08:26:00Z,False,False,Copia exacta excluida,True,CUARENTENA,True,True,False,Congelado,Refrigerado,SIN_ALERTA,False,,False
28879,2026-08-29 04:32:00,VIA-00622,ORD-2026-02931,CAM-08,PROD-036,3.53,C,75.4,0,0,CRITICO,Copia idéntica de la lectura; no contar dos veces,CRITICO,Copia idéntica de la lectura; no contar dos veces,OK,,OK,,REVISAR,Sin correspondencia en Productos Silver de cobertura parcial,OK,,OK,,OK,,OK,,OK,,3,True,CRITICO,timestamp|viaje_id|producto_id,timestamp: Copia idéntica de la lectura | timestamp: no contar dos veces | viaje_id: Copia idéntica de la lectura | viaje_id: no contar dos veces | producto_id: Sin correspondencia en Productos Silver de cobertura parcial,America/La_Paz,GIAD-M3-S4-IOT-diagnostico-didactico-v1,edb7afe2f7fb836e59fe605d30c88b3b5b13a6d8ab2ec0b37f206a14e58de6bf,DERIVAR_UTC | EXCLUIR_COPIA,Timestamp local de Bolivia convertido a UTC | Copia exacta de otra lectura,CAM-08,C,3.53,75.4,2026-08-29T08:32:00Z,False,False,Copia exacta excluida,True,CUARENTENA,False,False,False,Fresco,Refrigerado,NO_EVALUABLE,False,Categoria observada o tipo de camion no disponible para evaluar,False
28880,2026-08-15 12:38:00,VIA-00467,ORD-2026-07428,CAM-26,PROD-053,3.5,C,82.0,0,0,CRITICO,Copia idéntica de la lectura; no contar dos veces,CRITICO,Copia idéntica de la lectura; no contar dos veces,OK,,OK,,OK,,OK,,OK,,OK,,OK,,OK,,2,True,CRITICO,timestamp|viaje_id,timestamp: Copia idéntica de la lectura | timestamp: no contar dos veces | viaje_id: Copia idéntica de la lectura | viaje_id: no contar dos veces,America/La_Paz,GIAD-M3-S4-IOT-diagnostico-didactico-v1,edb7afe2f7fb836e59fe605d30c88b3b5b13a6d8ab2ec0b37f206a14e58de6bf,DERIVAR_UTC | EXCLUIR_COPIA,Timestamp local de Bolivia convertido a UTC | Copia exacta de otra lectura,CAM-26,C,3.5,82.0,2026-08-15T16:38:00Z,False,False,Copia exacta excluida,True,CUARENTENA,True,True,False,Fresco,Refrigerado,SIN_ALERTA,False,,False
28881,2026-08-29 08:01:00,VIA-00518,ORD-2026-06065,CAM-24,PROD-001,3.19,C,90.4,0,0,CRITICO,Copia idéntica de la lectura; no contar dos veces,CRITICO,Copia idéntica de la lectura; no contar dos veces,OK,,OK,,OK,,OK,,OK,,OK,,OK,,OK,,2,True,CRITICO,timestamp|viaje_id,timestamp: Copia idéntica de la lectura | timestamp: no contar dos veces | viaje_id: Copia idéntica de la lectura | viaje_id: no contar dos veces,America/La_Paz,GIAD-M3-S4-IOT-diagnostico-didactico-v1,edb7afe2f7fb836e59fe605d30c88b3b5b13a6d8ab2ec0b37f206a14e58de6bf,DERIVAR_UTC | EXCLUIR_COPIA,Timestamp local de Bolivia convertido a UTC | Copia exacta de otra lectura,CAM-24,C,3.19,90.4,2026-08-29T12:01:00Z,False,False,Copia exacta excluida,True,CUARENTENA,True,True,False,Fresco,Refrigerado,SIN_ALERTA,False,,False
28882,2026-08-13 08:52:00,VIA-00453,ORD-2026-06672,CAM-29,PROD-059,16.26,C,39.8,0,0,CRITICO,Copia idéntica de la lectura; no contar dos veces,CRITICO,Copia idéntica de la lectura; no contar dos veces,OK,,OK,,OK,,OK,,OK,,OK,,OK,,OK,,2,True,CRITICO,timestamp|viaje_id,timestamp: Copia idéntica de la lectura | timestamp: no contar dos veces | viaje_id: Copia idéntica de la lectura | viaje_id: no contar dos veces,America/La_Paz,GIAD-M3-S4-IOT-diagnostico-didactico-v1,edb7afe2f7fb836e59fe605d30c88b3b5b13a6d8ab2ec0b37f206a14e58de6bf,DERIVAR_UTC | EXCLUIR_COPIA,Timestamp local de Bolivia convertido a UTC | Copia exacta de otra lectura,CAM-29,C,16.26,39.8,2026-08-13T12:52:00Z,False,False,Copia exacta excluida,True,CUARENTENA,True,True,False,Seco,Seco,SIN_ALERTA,False,,False
28883,2026-08-20 15:44:00,VIA-00300,ORD-2026-07036,CAM-20,PROD-021,4.72,C,80.6,0,0,CRITICO,Copia idéntica de la lectura; no contar dos veces,CRITICO,Copia idéntica de la lectura; no contar dos veces,OK,,REVISAR,Sin correspondencia en Flota Silver de cobertura parcial,OK,,OK,,OK,,OK,,OK,,OK,,3,True,CRITICO,timestamp|viaje_id|camion_id,timestamp: Copia idéntica de la lectura | timestamp: no contar dos veces | viaje_id: Copia idéntica de la lectura | viaje_id: no contar dos veces | camion_id: Sin correspondencia en Flota Silver de cobertura parcial,America/La_Paz,GIAD-M3-S4-IOT-diagnostico-didactico-v1,edb7afe2f7fb836e59fe605d30c88b3b5b13a6d8ab2ec0b37f206a14e58de6bf,DERIVAR_UTC | EXCLUIR_COPIA,Timestamp local de Bolivia convertido a UTC | Copia exacta de otra lectura,CAM-20,C,4.72,80.6,2026-08-20T19:44:00Z,False,False,Copia exacta excluida,True,CUARENTENA,True,True,False,Fresco,Refrigerado,SIN_ALERTA,False,,False
28884,2026-08-28 09:34:00,VIA-00705,ORD-2026-00944,CAM-10,PROD-053,2.57,C,68.4,0,0,CRITICO,Copia idéntica de la lectura; no contar dos veces,CRITICO,Copia idéntica de la lectura; no contar dos veces,OK,,OK,,OK,,OK,,OK,,OK,,OK,,OK,,2,True,CRITICO,timestamp|viaje_id,timestamp: Copia idéntica de la lectura | timestamp: no contar dos veces | viaje_id: Copia idéntica de la lectura | viaje_id: no contar dos veces,America/La_Paz,GIAD-M3-S4-IOT-diagnostico-didactico-v1,edb7afe2f7fb836e59fe605d30c88b3b5b13a6d8ab2ec0b37f206a14e58de6bf,DERIVAR_UTC | EXCLUIR_COPIA,Timestamp local de Bolivia convertido a UTC | Copia exacta de otra lectura,CAM-10,C,2.57,68.4,2026-08-28T13:34:00Z,False,False,Copia exacta excluida,True,CUARENTENA,True,True,False,Fresco,Refrigerado,SIN_ALERTA,False,,False
28885,2026-08-01 11:33:00,VIA-00693,ORD-2026-02485,CAM-15,PROD-008,-18.88,C,67.9,0,0,CRITICO,Copia idéntica de la lectura; no contar dos veces,CRITICO,Copia idéntica de la lectura; no contar dos veces,OK,,OK,,REVISAR,Sin correspondencia en Productos Silver de cobertura parcial,OK,,OK,,OK,,OK,,OK,,3,True,CRITICO,timestamp|viaje_id|producto_id,timestamp: Copia idéntica de la lectura | timestamp: no contar dos veces | viaje_id: Copia idéntica de la lectura | viaje_id: no contar dos veces | producto_id: Sin correspondencia en Productos Silver de cobertura parcial,America/La_Paz,GIAD-M3-S4-IOT-diagnostico-didactico-v1,edb7afe2f7fb836e59fe605d30c88b3b5b13a6d8ab2ec0b37f206a14e58de6bf,DERIVAR_UTC | EXCLUIR_COPIA,Timestamp local de Bolivia convertido a UTC | Copia exacta de otra lectura,CAM-15,C,-18.88,67.9,2026-08-01T15:33:00Z,False,False,Copia exacta excluida,True,CUARENTENA,True,True,False,Congelado,Refrigerado,SIN_ALERTA,False,,False
28886,2026-08-05 01:48:00,VIA-00903,ORD-2026-05830,CAM-19,PROD-051,-17.92,C,69.9,0,0,CRITICO,Copia idéntica de la lectura; no contar dos veces,CRITICO,Copia idéntica de la lectura; no contar dos veces,OK,,OK,,OK,,OK,,OK,,OK,,OK,,OK,,2,True,CRITICO,timestamp|viaje_id,timestamp: Copia idéntica de la lectura | timestamp: no contar dos veces | viaje_id: Copia idéntica de la lectura | viaje_id: no contar dos veces,America/La_Paz,GIAD-M3-S4-IOT-diagnostico-didactico-v1,edb7afe2f7fb836e59fe605d30c88b3b5b13a6d8ab2ec0b37f206a14e58de6bf,DERIVAR_UTC | EXCLUIR_COPIA,Timestamp local de Bolivia convertido a UTC | Copia exacta de otra lectura,CAM-19,C,-17.92,69.9,2026-08-05T05:48:00Z,False,False,Copia exacta excluida,True,CUARENTENA,True,True,False,Congelado,Refrigerado,SIN_ALERTA,False,,False
28887,2026-08-24 08:23:00,VIA-00573,ORD-2026-03959,CAM-09,PROD-012,18.93,C,52.5,0,0,CRITICO,Copia idéntica de la lectura; no contar dos veces,CRITICO,Copia idéntica de la lectura; no contar dos veces,OK,,OK,,OK,,OK,,OK,,OK,,OK,,OK,,2,True,CRITICO,timestamp|viaje_id,timestamp: Copia idéntica de la lectura | timestamp: no contar dos veces | viaje_id: Copia idéntica de la lectura | viaje_id: no contar dos veces,America/La_Paz,GIAD-M3-S4-IOT-diagnostico-didactico-v1,edb7afe2f7fb836e59fe605d30c88b3b5b13a6d8ab2ec0b37f206a14e58de6bf,DERIVAR_UTC | EXCLUIR_COPIA,Timestamp local de Bolivia convertido a UTC | Copia exacta de otra lectura,CAM-09,C,18.93,52.5,2026-08-24T12:23:00Z,False,False,Copia exacta excluida,True,CUARENTENA,True,True,False,Seco,Seco,SIN_ALERTA,False,,False
28888,2026-08-03 14:56:00,VIA-00164,ORD-2026-03533,CAM-21,PROD-018,18.61,C,45.2,0,0,CRITICO,Copia idéntica de la lectura; no contar dos veces,CRITICO,Copia idéntica de la lectura; no contar dos veces,OK,,OK,,REVISAR,Sin correspondencia en Productos Silver de cobertura parcial,OK,,OK,,OK,,OK,,OK,,3,True,CRITICO,timestamp|viaje_id|producto_id,timestamp: Copia idéntica de la lectura | timestamp: no contar dos veces | viaje_id: Copia idéntica de la lectura | viaje_id: no contar dos veces | producto_id: Sin correspondencia en Productos Silver de cobertura parcial,America/La_Paz,GIAD-M3-S4-IOT-diagnostico-didactico-v1,edb7afe2f7fb836e59fe605d30c88b3b5b13a6d8ab2ec0b37f206a14e58de6bf,DERIVAR_UTC | EXCLUIR_COPIA,Timestamp local de Bolivia convertido a UTC | Copia exacta de otra lectura,CAM-21,C,18.61,45.2,2026-08-03T18:56:00Z,False,False,Copia exacta excluida,True,CUARENTENA,False,False,False,Seco,Seco,SIN_ALERTA,False,,False
28889,2026-08-29 08:57:00,VIA-01184,ORD-2026-01082,CAM-12,PROD-006,17.04,C,49.2,0,0,CRITICO,Copia idéntica de la lectura; no contar dos veces,CRITICO,Copia idéntica de la lectura; no contar dos veces,OK,,OK,,OK,,OK,,OK,,OK,,OK,,OK,,2,True,CRITICO,timestamp|viaje_id,timestamp: Copia idéntica de la lectura | timestamp: no contar dos veces | viaje_id: Copia idéntica de la lectura | viaje_id: no contar dos veces,America/La_Paz,GIAD-M3-S4-IOT-diagnostico-didactico-v1,edb7afe2f7fb836e59fe605d30c88b3b5b13a6d8ab2ec0b37f206a14e58de6bf,DERIVAR_UTC | EXCLUIR_COPIA,Timestamp local de Bolivia convertido a UTC | Copia exacta de otra lectura,CAM-12,C,17.04,49.2,2026-08-29T12:57:00Z,False,False,Copia exacta excluida,True,CUARENTENA,True,True,False,Seco,Seco,SIN_ALERTA,False,,False
28890,2026-08-19 05:30:00,VIA-00328,ORD-2026-00921,CAM-19,PROD-054,-17.98,C,67.9,0,0,CRITICO,Copia idéntica de la lectura; no contar dos veces,CRITICO,Copia idéntica de la lectura; no contar dos veces,OK,,OK,,OK,,OK,,OK,,OK,,OK,,OK,,2,True,CRITICO,timestamp|viaje_id,timestamp: Copia idéntica de la lectura | timestamp: no contar dos veces | viaje_id: Copia idéntica de la lectura | viaje_id: no contar dos veces,America/La_Paz,GIAD-M3-S4-IOT-diagnostico-didactico-v1,edb7afe2f7fb836e59fe605d30c88b3b5b13a6d8ab2ec0b37f206a14e58de6bf,DERIVAR_UTC | EXCLUIR_COPIA,Timestamp local de Bolivia convertido a UTC | Copia exacta de otra lectura,CAM-19,C,-17.98,67.9,2026-08-19T09:30:00Z,False,False,Copia exacta excluida,True,CUARENTENA,True,True,False,Congelado,Refrigerado,SIN_ALERTA,False,,False
28891,2026-08-25 09:47:00,VIA-01026,ORD-2026-00985,CAM-25,PROD-044,2.88,C,82.7,0,0,CRITICO,Copia idéntica de la lectura; no contar dos veces,CRITICO,Copia idéntica de la lectura; no contar dos veces,OK,,OK,,OK,,OK,,OK,,OK,,OK,,OK,,2,True,CRITICO,timestamp|viaje_id,timestamp: Copia idéntica de la lectura | timestamp: no contar dos veces | viaje_id: Copia idéntica de la lectura | viaje_id: no contar dos veces,America/La_Paz,GIAD-M3-S4-IOT-diagnostico-didactico-v1,edb7afe2f7fb836e59fe605d30c88b3b5b13a6d8ab2ec0b37f206a14e58de6bf,DERIVAR_UTC | EXCLUIR_COPIA,Timestamp local de Bolivia convertido a UTC | Copia exacta de otra lectura,CAM-25,C,2.88,82.7,2026-08-25T13:47:00Z,False,False,Copia exacta excluida,True,CUARENTENA,True,True,False,Fresco,Refrigerado,SIN_ALERTA,False,,False
28892,2026-08-15 01:03:00,VIA-00190,ORD-2026-07185,CAM-28,PROD-051,-18.74,C,80.6,0,0,CRITICO,Copia idéntica de la lectura; no contar dos veces,CRITICO,Copia idéntica de la lectura; no contar dos veces,OK,,OK,,OK,,OK,,OK,,OK,,OK,,OK,,2,True,CRITICO,timestamp|viaje_id,timestamp: Copia idéntica de la lectura | timestamp: no contar dos veces | viaje_id: Copia idéntica de la lectura | viaje_id: no contar dos veces,America/La_Paz,GIAD-M3-S4-IOT-diagnostico-didactico-v1,edb7afe2f7fb836e59fe605d30c88b3b5b13a6d8ab2ec0b37f206a14e58de6bf,DERIVAR_UTC | EXCLUIR_COPIA,Timestamp local de Bolivia convertido a UTC | Copia exacta de otra lectura,CAM-28,C,-18.74,80.6,2026-08-15T05:03:00Z,False,False,Copia exacta excluida,True,CUARENTENA,True,True,False,Congelado,Refrigerado,SIN_ALERTA,False,,False
28893,2026-08-16 02:15:00,VIA-00718,ORD-2026-00659,CAM-21,PROD-038,25.26,C,47.3,1,0,CRITICO,Copia idéntica de la lectura; no contar dos veces,CRITICO,Copia idéntica de la lectura; no contar dos veces,OK,,OK,,OK,,OK,,OK,,OK,,OK,,OK,,2,True,CRITICO,timestamp|viaje_id,timestamp: Copia idéntica de la lectura | timestamp: no contar dos veces | viaje_id: Copia idéntica de la lectura | viaje_id: no contar dos veces,America/La_Paz,GIAD-M3-S4-IOT-diagnostico-didactico-v1,edb7afe2f7fb836e59fe605d30c88b3b5b13a6d8ab2ec0b37f206a14e58de6bf,DERIVAR_UTC | EXCLUIR_COPIA,Timestamp local de Bolivia convertido a UTC | Copia exacta de otra lectura,CAM-21,C,25.26,47.3,2026-08-16T06:15:00Z,False,False,Copia exacta excluida,True,CUARENTENA,True,True,False,Seco,Seco,SIN_ALERTA,False,,False
28894,2026-08-14 18:43:00,VIA-00068,ORD-2026-06340,CAM-10,PROD-042,20.37,C,50.3,0,0,CRITICO,Copia idéntica de la lectura; no contar dos veces,CRITICO,Copia idéntica de la lectura; no contar dos veces,OK,,OK,,OK,,OK,,OK,,OK,,OK,,OK,,2,True,CRITICO,timestamp|viaje_id,timestamp: Copia idéntica de la lectura | timestamp: no contar dos veces | viaje_id: Copia idéntica de la lectura | viaje_id: no contar dos veces,America/La_Paz,GIAD-M3-S4-IOT-diagnostico-didactico-v1,edb7afe2f7fb836e59fe605d30c88b3b5b13a6d8ab2ec0b37f206a14e58de6bf,DERIVAR_UTC | EXCLUIR_COPIA,Timestamp local de Bolivia convertido a UTC | Copia exacta de otra lectura,CAM-10,C,20.37,50.3,2026-08-14T22:43:00Z,False,False,Copia exacta excluida,True,CUARENTENA,True,True,False,Seco,Refrigerado,SIN_ALERTA,False,,False
28895,2026-08-05 18:36:00,VIA-00121,ORD-2026-06281,CAM-27,PROD-015,3.77,C,74.1,0,0,CRITICO,Copia idéntica de la lectura; no contar dos veces,CRITICO,Copia idéntica de la lectura; no contar dos veces,OK,,OK,,OK,,OK,,OK,,OK,,OK,,OK,,2,True,CRITICO,timestamp|viaje_id,timestamp: Copia idéntica de la lectura | timestamp: no contar dos veces | viaje_id: Copia idéntica de la lectura | viaje_id: no contar dos veces,America/La_Paz,GIAD-M3-S4-IOT-diagnostico-didactico-v1,edb7afe2f7fb836e59fe605d30c88b3b5b13a6d8ab2ec0b37f206a14e58de6bf,DERIVAR_UTC | EXCLUIR_COPIA,Timestamp local de Bolivia convertido a UTC | Copia exacta de otra lectura,CAM-27,C,3.77,74.1,2026-08-05T22:36:00Z,False,False,Copia exacta excluida,True,CUARENTENA,True,True,False,Fresco,Refrigerado,SIN_ALERTA,False,,False
28896,2026-08-14 15:35:00,VIA-00268,ORD-2026-04761,CAM-19,PROD-022,3.49,C,90.9,0,0,CRITICO,Copia idéntica de la lectura; no contar dos veces,CRITICO,Copia idéntica de la lectura; no contar dos veces,OK,,OK,,REVISAR,Sin correspondencia en Productos Silver de cobertura parcial,OK,,OK,,OK,,OK,,OK,,3,True,CRITICO,timestamp|viaje_id|producto_id,timestamp: Copia idéntica de la lectura | timestamp: no contar dos veces | viaje_id: Copia idéntica de la lectura | viaje_id: no contar dos veces | producto_id: Sin correspondencia en Productos Silver de cobertura parcial,America/La_Paz,GIAD-M3-S4-IOT-diagnostico-didactico-v1,edb7afe2f7fb836e59fe605d30c88b3b5b13a6d8ab2ec0b37f206a14e58de6bf,DERIVAR_UTC | EXCLUIR_COPIA,Timestamp local de Bolivia convertido a UTC | Copia exacta de otra lectura,CAM-19,C,3.49,90.9,2026-08-14T19:35:00Z,False,False,Copia exacta excluida,True,CUARENTENA,True,True,False,Fresco,Refrigerado,SIN_ALERTA,False,,False
28897,2026-08-14 18:19:00,VIA-00409,ORD-2026-00947,CAM-28,PROD-003,21.05,C,45.7,0,0,CRITICO,Copia idéntica de la lectura; no contar dos veces,CRITICO,Copia idéntica de la lectura; no contar dos veces,OK,,OK,,OK,,OK,,OK,,OK,,OK,,OK,,2,True,CRITICO,timestamp|viaje_id,timestamp: Copia idéntica de la lectura | timestamp: no contar dos veces | viaje_id: Copia idéntica de la lectura | viaje_id: no contar dos veces,America/La_Paz,GIAD-M3-S4-IOT-diagnostico-didactico-v1,edb7afe2f7fb836e59fe605d30c88b3b5b13a6d8ab2ec0b37f206a14e58de6bf,DERIVAR_UTC | EXCLUIR_COPIA,Timestamp local de Bolivia convertido a UTC | Copia exacta de otra lectura,CAM-28,C,21.05,45.7,2026-08-14T22:19:00Z,False,False,Copia exacta excluida,True,CUARENTENA,True,True,False,Seco,Refrigerado,SIN_ALERTA,False,,False
28898,2026-08-06 00:41:00,VIA-00360,ORD-2026-01444,CAM-19,PROD-003,20.09,C,46.5,0,0,CRITICO,Copia idéntica de la lectura; no contar dos veces,CRITICO,Copia idéntica de la lectura; no contar dos veces,OK,,OK,,OK,,OK,,OK,,OK,,OK,,OK,,2,True,CRITICO,timestamp|viaje_id,timestamp: Copia idéntica de la lectura | timestamp: no contar dos veces | viaje_id: Copia idéntica de la lectura | viaje_id: no contar dos veces,America/La_Paz,GIAD-M3-S4-IOT-diagnostico-didactico-v1,edb7afe2f7fb836e59fe605d30c88b3b5b13a6d8ab2ec0b37f206a14e58de6bf,DERIVAR_UTC | EXCLUIR_COPIA,Timestamp local de Bolivia convertido a UTC | Copia exacta de otra lectura,CAM-19,C,20.09,46.5,2026-08-06T04:41:00Z,False,False,Copia exacta excluida,True,CUARENTENA,True,True,False,Seco,Refrigerado,SIN_ALERTA,False,,False
28899,2026-08-04 06:17:00,VIA-00123,ORD-2026-03892,CAM-10,PROD-054,-17.46,C,79.1,0,0,CRITICO,Copia idéntica de la lectura; no contar dos veces,CRITICO,Copia idéntica de la lectura; no contar dos veces,OK,,OK,,OK,,OK,,OK,,OK,,OK,,OK,,2,True,CRITICO,timestamp|viaje_id,timestamp: Copia idéntica de la lectura | timestamp: no contar dos veces | viaje_id: Copia idéntica de la lectura | viaje_id: no contar dos veces,America/La_Paz,GIAD-M3-S4-IOT-diagnostico-didactico-v1,edb7afe2f7fb836e59fe605d30c88b3b5b13a6d8ab2ec0b37f206a14e58de6bf,DERIVAR_UTC | EXCLUIR_COPIA,Timestamp local de Bolivia convertido a UTC | Copia exacta de otra lectura,CAM-10,C,-17.46,79.1,2026-08-04T10:17:00Z,False,False,Copia exacta excluida,True,CUARENTENA,True,True,False,Congelado,Refrigerado,SIN_ALERTA,False,,False
28900,2026-08-29 02:29:00,VIA-01024,ORD-2026-04021,CAM-20,PROD-039,16.64,C,53.8,0,0,CRITICO,Copia idéntica de la lectura; no contar dos veces,CRITICO,Copia idéntica de la lectura; no contar dos veces,OK,,REVISAR,Sin correspondencia en Flota Silver de cobertura parcial,OK,,OK,,OK,,OK,,OK,,OK,,3,True,CRITICO,timestamp|viaje_id|camion_id,timestamp: Copia idéntica de la lectura | timestamp: no contar dos veces | viaje_id: Copia idéntica de la lectura | viaje_id: no contar dos veces | camion_id: Sin correspondencia en Flota Silver de cobertura parcial,America/La_Paz,GIAD-M3-S4-IOT-diagnostico-didactico-v1,edb7afe2f7fb836e59fe605d30c88b3b5b13a6d8ab2ec0b37f206a14e58de6bf,DERIVAR_UTC | EXCLUIR_COPIA,Timestamp local de Bolivia convertido a UTC | Copia exacta de otra lectura,CAM-20,C,16.64,53.8,2026-08-29T06:29:00Z,False,False,Copia exacta excluida,True,CUARENTENA,True,True,False,Seco,Refrigerado,SIN_ALERTA,False,,False
28901,2026-08-26 04:37:00,VIA-00885,ORD-2026-07094,CAM-08,PROD-036,5.11,C,75.9,0,0,CRITICO,Misma clave con datos diferentes; revisar ambas lecturas,CRITICO,Misma clave con datos diferentes; revisar ambas lecturas,OK,,OK,,REVISAR,Sin correspondencia en Productos Silver de cobertura parcial,OK,,OK,,OK,,OK,,OK,,3,True,CRITICO,timestamp|viaje_id|producto_id,timestamp: Misma clave con datos diferentes | timestamp: revisar ambas lecturas | viaje_id: Misma clave con datos diferentes | viaje_id: revisar ambas lecturas | producto_id: Sin correspondencia en Productos Silver de cobertura parcial,America/La_Paz,GIAD-M3-S4-IOT-diagnostico-didactico-v1,edb7afe2f7fb836e59fe605d30c88b3b5b13a6d8ab2ec0b37f206a14e58de6bf,DERIVAR_UTC | CUARENTENA_CONFLICTO,Timestamp local de Bolivia convertido a UTC | Misma clave de lectura con datos distintos,CAM-08,C,5.11,75.9,2026-08-26T08:37:00Z,False,False,Clave de lectura en conflicto,True,CUARENTENA,False,False,False,Fresco,Refrigerado,NO_EVALUABLE,False,Categoria observada o tipo de camion no disponible para evaluar,False
28902,2026-08-26 12:40:00,VIA-00265,ORD-2026-04491,CAM-19,PROD-041,-17.98,C,72.9,0,0,CRITICO,Copia idéntica de la lectura; no contar dos veces,CRITICO,Copia idéntica de la lectura; no contar dos veces,OK,,OK,,OK,,OK,,OK,,OK,,OK,,OK,,2,True,CRITICO,timestamp|viaje_id,timestamp: Copia idéntica de la lectura | timestamp: no contar dos veces | viaje_id: Copia idéntica de la lectura | viaje_id: no contar dos veces,America/La_Paz,GIAD-M3-S4-IOT-diagnostico-didactico-v1,edb7afe2f7fb836e59fe605d30c88b3b5b13a6d8ab2ec0b37f206a14e58de6bf,DERIVAR_UTC | EXCLUIR_COPIA,Timestamp local de Bolivia convertido a UTC | Copia exacta de otra lectura,CAM-19,C,-17.98,72.9,2026-08-26T16:40:00Z,False,False,Copia exacta excluida,True,CUARENTENA,True,True,False,Congelado,Refrigerado,SIN_ALERTA,False,,False
28903,2026-08-16 04:08:00,VIA-01036,ORD-2026-03048,CAM-19,PROD-051,-18.99,C,61.0,0,0,CRITICO,Copia idéntica de la lectura; no contar dos veces,CRITICO,Copia idéntica de la lectura; no contar dos veces,OK,,OK,,OK,,OK,,OK,,OK,,OK,,OK,,2,True,CRITICO,timestamp|viaje_id,timestamp: Copia idéntica de la lectura | timestamp: no contar dos veces | viaje_id: Copia idéntica de la lectura | viaje_id: no contar dos veces,America/La_Paz,GIAD-M3-S4-IOT-diagnostico-didactico-v1,edb7afe2f7fb836e59fe605d30c88b3b5b13a6d8ab2ec0b37f206a14e58de6bf,DERIVAR_UTC | EXCLUIR_COPIA,Timestamp local de Bolivia convertido a UTC | Copia exacta de otra lectura,CAM-19,C,-18.99,61.0,2026-08-16T08:08:00Z,False,False,Copia exacta excluida,True,CUARENTENA,True,True,False,Congelado,Refrigerado,SIN_ALERTA,False,,False
28904,2026-08-10 09:33:00,VIA-00871,ORD-2026-05637,CAM-24,PROD-030,22.6,C,56.9,0,0,CRITICO,Copia idéntica de la lectura; no contar dos veces,CRITICO,Copia idéntica de la lectura; no contar dos veces,OK,,OK,,OK,,OK,,OK,,OK,,OK,,OK,,2,True,CRITICO,timestamp|viaje_id,timestamp: Copia idéntica de la lectura | timestamp: no contar dos veces | viaje_id: Copia idéntica de la lectura | viaje_id: no contar dos veces,America/La_Paz,GIAD-M3-S4-IOT-diagnostico-didactico-v1,edb7afe2f7fb836e59fe605d30c88b3b5b13a6d8ab2ec0b37f206a14e58de6bf,DERIVAR_UTC | EXCLUIR_COPIA,Timestamp local de Bolivia convertido a UTC | Copia exacta de otra lectura,CAM-24,C,22.6,56.9,2026-08-10T13:33:00Z,False,False,Copia exacta excluida,True,CUARENTENA,True,True,False,Seco,Refrigerado,SIN_ALERTA,False,,False
28905,2026-08-12 13:15:00,VIA-00079,ORD-2026-03382,CAM-30,PROD-016,17.05,C,40.6,0,0,CRITICO,Copia idéntica de la lectura; no contar dos veces,CRITICO,Copia idéntica de la lectura; no contar dos veces,OK,,REVISAR,Sin correspondencia en Flota Silver de cobertura parcial,REVISAR,Sin correspondencia en Productos Silver de cobertura parcial,OK,,OK,,OK,,OK,,OK,,4,True,CRITICO,timestamp|viaje_id|camion_id|producto_id,timestamp: Copia idéntica de la lectura | timestamp: no contar dos veces | viaje_id: Copia idéntica de la lectura | viaje_id: no contar dos veces | camion_id: Sin correspondencia en Flota Silver de cobertura parcial | producto_id: Sin correspondencia en Productos Silver de cobertura parcial,America/La_Paz,GIAD-M3-S4-IOT-diagnostico-didactico-v1,edb7afe2f7fb836e59fe605d30c88b3b5b13a6d8ab2ec0b37f206a14e58de6bf,DERIVAR_UTC | EXCLUIR_COPIA,Timestamp local de Bolivia convertido a UTC | Copia exacta de otra lectura,CAM-30,C,17.05,40.6,2026-08-12T17:15:00Z,False,False,Copia exacta excluida,True,CUARENTENA,True,True,False,Seco,Seco,SIN_ALERTA,False,,False
28906,2026-08-15 14:59:00,VIA-00967,ORD-2026-03341,CAM-02,PROD-052,2.95,C,75.8,0,0,CRITICO,Copia idéntica de la lectura; no contar dos veces,CRITICO,Copia idéntica de la lectura; no contar dos veces,OK,,OK,,OK,,OK,,OK,,OK,,OK,,OK,,2,True,CRITICO,timestamp|viaje_id,timestamp: Copia idéntica de la lectura | timestamp: no contar dos veces | viaje_id: Copia idéntica de la lectura | viaje_id: no contar dos veces,America/La_Paz,GIAD-M3-S4-IOT-diagnostico-didactico-v1,edb7afe2f7fb836e59fe605d30c88b3b5b13a6d8ab2ec0b37f206a14e58de6bf,DERIVAR_UTC | EXCLUIR_COPIA,Timestamp local de Bolivia convertido a UTC | Copia exacta de otra lectura,CAM-02,C,2.95,75.8,2026-08-15T18:59:00Z,False,False,Copia exacta excluida,True,CUARENTENA,True,True,False,Fresco,Refrigerado,SIN_ALERTA,False,,False
28907,2026-08-25 06:10:00,VIA-00753,ORD-2026-01152,CAM-10,PROD-036,4.03,C,84.1,0,0,CRITICO,Copia idéntica de la lectura; no contar dos veces,CRITICO,Copia idéntica de la lectura; no contar dos veces,OK,,OK,,REVISAR,Sin correspondencia en Productos Silver de cobertura parcial,OK,,OK,,OK,,OK,,OK,,3,True,CRITICO,timestamp|viaje_id|producto_id,timestamp: Copia idéntica de la lectura | timestamp: no contar dos veces | viaje_id: Copia idéntica de la lectura | viaje_id: no contar dos veces | producto_id: Sin correspondencia en Productos Silver de cobertura parcial,America/La_Paz,GIAD-M3-S4-IOT-diagnostico-didactico-v1,edb7afe2f7fb836e59fe605d30c88b3b5b13a6d8ab2ec0b37f206a14e58de6bf,DERIVAR_UTC | EXCLUIR_COPIA,Timestamp local de Bolivia convertido a UTC | Copia exacta de otra lectura,CAM-10,C,4.03,84.1,2026-08-25T10:10:00Z,False,False,Copia exacta excluida,True,CUARENTENA,False,False,False,Fresco,Refrigerado,NO_EVALUABLE,False,Categoria observada o tipo de camion no disponible para evaluar,False
28908,2026-08-11 19:05:00,VIA-00297,ORD-2026-06424,CAM-03,PROD-024,20.21,C,45.0,0,0,CRITICO,Copia idéntica de la lectura; no contar dos veces,CRITICO,Copia idéntica de la lectura; no contar dos veces,OK,,OK,,OK,,OK,,OK,,OK,,OK,,OK,,2,True,CRITICO,timestamp|viaje_id,timestamp: Copia idéntica de la lectura | timestamp: no contar dos veces | viaje_id: Copia idéntica de la lectura | viaje_id: no contar dos veces,America/La_Paz,GIAD-M3-S4-IOT-diagnostico-didactico-v1,edb7afe2f7fb836e59fe605d30c88b3b5b13a6d8ab2ec0b37f206a14e58de6bf,DERIVAR_UTC | EXCLUIR_COPIA,Timestamp local de Bolivia convertido a UTC | Copia exacta de otra lectura,CAM-03,C,20.21,45.0,2026-08-11T23:05:00Z,False,False,Copia exacta excluida,True,CUARENTENA,True,True,False,Seco,Seco,SIN_ALERTA,False,,False
28909,2026-08-07 13:29:00,VIA-00040,ORD-2026-02804,CAM-20,PROD-060,-17.72,C,79.1,0,0,CRITICO,Copia idéntica de la lectura; no contar dos veces,CRITICO,Copia idéntica de la lectura; no contar dos veces,OK,,REVISAR,Sin correspondencia en Flota Silver de cobertura parcial,OK,,OK,,OK,,OK,,OK,,OK,,3,True,CRITICO,timestamp|viaje_id|camion_id,timestamp: Copia idéntica de la lectura | timestamp: no contar dos veces | viaje_id: Copia idéntica de la lectura | viaje_id: no contar dos veces | camion_id: Sin correspondencia en Flota Silver de cobertura parcial,America/La_Paz,GIAD-M3-S4-IOT-diagnostico-didactico-v1,edb7afe2f7fb836e59fe605d30c88b3b5b13a6d8ab2ec0b37f206a14e58de6bf,DERIVAR_UTC | EXCLUIR_COPIA,Timestamp local de Bolivia convertido a UTC | Copia exacta de otra lectura,CAM-20,C,-17.72,79.1,2026-08-07T17:29:00Z,False,False,Copia exacta excluida,True,CUARENTENA,True,True,False,Congelado,Refrigerado,SIN_ALERTA,False,,False
28910,2026-08-23 00:04:00,VIA-00101,ORD-2026-04951,CAM-12,PROD-029,18.08,C,41.2,0,0,CRITICO,Copia idéntica de la lectura; no contar dos veces,CRITICO,Copia idéntica de la lectura; no contar dos veces,OK,,OK,,OK,,OK,,OK,,OK,,OK,,OK,,2,True,CRITICO,timestamp|viaje_id,timestamp: Copia idéntica de la lectura | timestamp: no contar dos veces | viaje_id: Copia idéntica de la lectura | viaje_id: no contar dos veces,America/La_Paz,GIAD-M3-S4-IOT-diagnostico-didactico-v1,edb7afe2f7fb836e59fe605d30c88b3b5b13a6d8ab2ec0b37f206a14e58de6bf,DERIVAR_UTC | EXCLUIR_COPIA,Timestamp local de Bolivia convertido a UTC | Copia exacta de otra lectura,CAM-12,C,18.08,41.2,2026-08-23T04:04:00Z,False,False,Copia exacta excluida,True,CUARENTENA,True,True,False,Seco,Seco,SIN_ALERTA,False,,False
28911,2026-08-01 01:56:00,VIA-00037,ORD-2026-01721,CAM-01,PROD-001,3.53,C,72.0,0,0,CRITICO,Copia idéntica de la lectura; no contar dos veces,CRITICO,Copia idéntica de la lectura; no contar dos veces,OK,,OK,,OK,,OK,,OK,,OK,,OK,,OK,,2,True,CRITICO,timestamp|viaje_id,timestamp: Copia idéntica de la lectura | timestamp: no contar dos veces | viaje_id: Copia idéntica de la lectura | viaje_id: no contar dos veces,America/La_Paz,GIAD-M3-S4-IOT-diagnostico-didactico-v1,edb7afe2f7fb836e59fe605d30c88b3b5b13a6d8ab2ec0b37f206a14e58de6bf,DERIVAR_UTC | EXCLUIR_COPIA,Timestamp local de Bolivia convertido a UTC | Copia exacta de otra lectura,CAM-01,C,3.53,72.0,2026-08-01T05:56:00Z,False,False,Copia exacta excluida,True,CUARENTENA,True,True,False,Fresco,Refrigerado,SIN_ALERTA,False,,False
28912,2026-08-19 13:56:00,VIA-00124,ORD-2026-03143,CAM-18,PROD-029,,C,55.8,0,0,CRITICO,Misma clave con datos diferentes; revisar ambas lecturas,CRITICO,Misma clave con datos diferentes; revisar ambas lecturas,OK,,OK,,OK,,CRITICO,Valor faltante,OK,,OK,,OK,,OK,,3,True,CRITICO,timestamp|viaje_id|temperatura_cabina_c,timestamp: Misma clave con datos diferentes | timestamp: revisar ambas lecturas | viaje_id: Misma clave con datos diferentes | viaje_id: revisar ambas lecturas | temperatura_cabina_c: Valor faltante,America/La_Paz,GIAD-M3-S4-IOT-diagnostico-didactico-v1,edb7afe2f7fb836e59fe605d30c88b3b5b13a6d8ab2ec0b37f206a14e58de6bf,DERIVAR_UTC | CUARENTENA_CONFLICTO,Timestamp local de Bolivia convertido a UTC | Misma clave de lectura con datos distintos,CAM-18,C,,55.8,2026-08-19T17:56:00Z,False,False,Temperatura sin valor recuperable | Clave de lectura en conflicto,True,CUARENTENA,True,False,False,Seco,Seco,SIN_ALERTA,False,,False
28913,2026-08-27 00:06:00,VIA-00209,ORD-2026-05108,CAM-11,PROD-008,-18.24,C,84.3,0,1,CRITICO,Copia idéntica de la lectura; no contar dos veces,CRITICO,Copia idéntica de la lectura; no contar dos veces,OK,,OK,,REVISAR,Sin correspondencia en Productos Silver de cobertura parcial,OK,,OK,,OK,,OK,,OK,,3,True,CRITICO,timestamp|viaje_id|producto_id,timestamp: Copia idéntica de la lectura | timestamp: no contar dos veces | viaje_id: Copia idéntica de la lectura | viaje_id: no contar dos veces | producto_id: Sin correspondencia en Productos Silver de cobertura parcial,America/La_Paz,GIAD-M3-S4-IOT-diagnostico-didactico-v1,edb7afe2f7fb836e59fe605d30c88b3b5b13a6d8ab2ec0b37f206a14e58de6bf,DERIVAR_UTC | EXCLUIR_COPIA,Timestamp local de Bolivia convertido a UTC | Copia exacta de otra lectura,CAM-11,C,-18.24,84.3,2026-08-27T04:06:00Z,False,False,Copia exacta excluida,True,CUARENTENA,True,True,False,Congelado,Refrigerado,SIN_ALERTA,False,,False
28914,2026-08-28 08:15:00,VIA-01064,ORD-2026-01024,CAM-09,PROD-039,21.12,C,53.2,0,0,CRITICO,Copia idéntica de la lectura; no contar dos veces,CRITICO,Copia idéntica de la lectura; no contar dos veces,OK,,OK,,OK,,OK,,OK,,OK,,OK,,OK,,2,True,CRITICO,timestamp|viaje_id,timestamp: Copia idéntica de la lectura | timestamp: no contar dos veces | viaje_id: Copia idéntica de la lectura | viaje_id: no contar dos veces,America/La_Paz,GIAD-M3-S4-IOT-diagnostico-didactico-v1,edb7afe2f7fb836e59fe605d30c88b3b5b13a6d8ab2ec0b37f206a14e58de6bf,DERIVAR_UTC | EXCLUIR_COPIA,Timestamp local de Bolivia convertido a UTC | Copia exacta de otra lectura,CAM-09,C,21.12,53.2,2026-08-28T12:15:00Z,False,False,Copia exacta excluida,True,CUARENTENA,True,True,False,Seco,Seco,SIN_ALERTA,False,,False
28915,2026-08-27 04:18:00,VIA-01003,ORD-2026-06727,CAM-20,PROD-023,4.3,C,70.4,0,0,CRITICO,Copia idéntica de la lectura; no contar dos veces,CRITICO,Copia idéntica de la lectura; no contar dos veces,OK,,REVISAR,Sin correspondencia en Flota Silver de cobertura parcial,OK,,OK,,OK,,OK,,OK,,OK,,3,True,CRITICO,timestamp|viaje_id|camion_id,timestamp: Copia idéntica de la lectura | timestamp: no contar dos veces | viaje_id: Copia idéntica de la lectura | viaje_id: no contar dos veces | camion_id: Sin correspondencia en Flota Silver de cobertura parcial,America/La_Paz,GIAD-M3-S4-IOT-diagnostico-didactico-v1,edb7afe2f7fb836e59fe605d30c88b3b5b13a6d8ab2ec0b37f206a14e58de6bf,DERIVAR_UTC | EXCLUIR_COPIA,Timestamp local de Bolivia convertido a UTC | Copia exacta de otra lectura,CAM-20,C,4.3,70.4,2026-08-27T08:18:00Z,False,False,Copia exacta excluida,True,CUARENTENA,True,True,False,Fresco,Refrigerado,SIN_ALERTA,False,,False
28916,2026-08-01 21:03:00,VIA-00693,ORD-2026-02485,CAM-15,PROD-008,-19.34,C,74.1,0,0,CRITICO,Copia idéntica de la lectura; no contar dos veces,CRITICO,Copia idéntica de la lectura; no contar dos veces,OK,,OK,,REVISAR,Sin correspondencia en Productos Silver de cobertura parcial,OK,,OK,,OK,,OK,,OK,,3,True,CRITICO,timestamp|viaje_id|producto_id,timestamp: Copia idéntica de la lectura | timestamp: no contar dos veces | viaje_id: Copia idéntica de la lectura | viaje_id: no contar dos veces | producto_id: Sin correspondencia en Productos Silver de cobertura parcial,America/La_Paz,GIAD-M3-S4-IOT-diagnostico-didactico-v1,edb7afe2f7fb836e59fe605d30c88b3b5b13a6d8ab2ec0b37f206a14e58de6bf,DERIVAR_UTC | EXCLUIR_COPIA,Timestamp local de Bolivia convertido a UTC | Copia exacta de otra lectura,CAM-15,C,-19.34,74.1,2026-08-02T01:03:00Z,False,False,Copia exacta excluida,True,CUARENTENA,True,True,False,Congelado,Refrigerado,SIN_ALERTA,False,,False
28917,2026-08-13 22:04:00,VIA-00686,ORD-2026-03138,CAM-08,PROD-053,3.85,C,71.9,0,0,CRITICO,Copia idéntica de la lectura; no contar dos veces,CRITICO,Copia idéntica de la lectura; no contar dos veces,OK,,OK,,OK,,OK,,OK,,OK,,OK,,OK,,2,True,CRITICO,timestamp|viaje_id,timestamp: Copia idéntica de la lectura | timestamp: no contar dos veces | viaje_id: Copia idéntica de la lectura | viaje_id: no contar dos veces,America/La_Paz,GIAD-M3-S4-IOT-diagnostico-didactico-v1,edb7afe2f7fb836e59fe605d30c88b3b5b13a6d8ab2ec0b37f206a14e58de6bf,DERIVAR_UTC | EXCLUIR_COPIA,Timestamp local de Bolivia convertido a UTC | Copia exacta de otra lectura,CAM-08,C,3.85,71.9,2026-08-14T02:04:00Z,False,False,Copia exacta excluida,True,CUARENTENA,True,True,False,Fresco,Refrigerado,SIN_ALERTA,False,,False
28918,2026-08-01 22:36:00,VIA-00946,ORD-2026-05672,CAM-20,PROD-053,4.13,C,65.5,0,0,CRITICO,Copia idéntica de la lectura; no contar dos veces,CRITICO,Copia idéntica de la lectura; no contar dos veces,OK,,REVISAR,Sin correspondencia en Flota Silver de cobertura parcial,OK,,OK,,OK,,OK,,OK,,OK,,3,True,CRITICO,timestamp|viaje_id|camion_id,timestamp: Copia idéntica de la lectura | timestamp: no contar dos veces | viaje_id: Copia idéntica de la lectura | viaje_id: no contar dos veces | camion_id: Sin correspondencia en Flota Silver de cobertura parcial,America/La_Paz,GIAD-M3-S4-IOT-diagnostico-didactico-v1,edb7afe2f7fb836e59fe605d30c88b3b5b13a6d8ab2ec0b37f206a14e58de6bf,DERIVAR_UTC | EXCLUIR_COPIA,Timestamp local de Bolivia convertido a UTC | Copia exacta de otra lectura,CAM-20,C,4.13,65.5,2026-08-02T02:36:00Z,False,False,Copia exacta excluida,True,CUARENTENA,True,True,False,Fresco,Refrigerado,SIN_ALERTA,False,,False
28919,2026-08-02 21:34:00,VIA-00260,ORD-2026-02932,CAM-30,PROD-002,21.86,C,50.1,0,0,CRITICO,Copia idéntica de la lectura; no contar dos veces,CRITICO,Copia idéntica de la lectura; no contar dos veces,OK,,REVISAR,Sin correspondencia en Flota Silver de cobertura parcial,OK,,OK,,OK,,OK,,OK,,OK,,3,True,CRITICO,timestamp|viaje_id|camion_id,timestamp: Copia idéntica de la lectura | timestamp: no contar dos veces | viaje_id: Copia idéntica de la lectura | viaje_id: no contar dos veces | camion_id: Sin correspondencia en Flota Silver de cobertura parcial,America/La_Paz,GIAD-M3-S4-IOT-diagnostico-didactico-v1,edb7afe2f7fb836e59fe605d30c88b3b5b13a6d8ab2ec0b37f206a14e58de6bf,DERIVAR_UTC | EXCLUIR_COPIA,Timestamp local de Bolivia convertido a UTC | Copia exacta de otra lectura,CAM-30,C,21.86,50.1,2026-08-03T01:34:00Z,False,False,Copia exacta excluida,True,CUARENTENA,True,True,False,Seco,Seco,SIN_ALERTA,False,,False
28920,2026-08-26 00:48:00,VIA-00801,ORD-2026-05376,CAM-26,PROD-055,23.06,C,47.9,0,0,CRITICO,Copia idéntica de la lectura; no contar dos veces,CRITICO,Copia idéntica de la lectura; no contar dos veces,OK,,OK,,OK,,OK,,OK,,OK,,OK,,OK,,2,True,CRITICO,timestamp|viaje_id,timestamp: Copia idéntica de la lectura | timestamp: no contar dos veces | viaje_id: Copia idéntica de la lectura | viaje_id: no contar dos veces,America/La_Paz,GIAD-M3-S4-IOT-diagnostico-didactico-v1,edb7afe2f7fb836e59fe605d30c88b3b5b13a6d8ab2ec0b37f206a14e58de6bf,DERIVAR_UTC | EXCLUIR_COPIA,Timestamp local de Bolivia convertido a UTC | Copia exacta de otra lectura,CAM-26,C,23.06,47.9,2026-08-26T04:48:00Z,False,False,Copia exacta excluida,True,CUARENTENA,True,True,False,Seco,Refrigerado,SIN_ALERTA,False,,False
