order_id,cliente_id,producto_id,fecha_despacho,centro_distribucion,camion_id,chofer_id,cantidad_solicitada,cantidad_entregada,tiempo_entrega_prometido_hrs,tiempo_entrega_real_hrs,otif_on_time,otif_in_full,otif,_fila_bronze,errores_bloqueantes,motivos_transformacion,motivos_imputacion,order_id_original,cliente_id_original,producto_id_original,fecha_despacho_original,centro_distribucion_original,camion_id_original,chofer_id_original,cantidad_solicitada_original,cantidad_entregada_original,tiempo_entrega_prometido_hrs_original,tiempo_entrega_real_hrs_original,otif_on_time_original,otif_in_full_original,otif_original,order_id_tratado,order_id_transformado,cliente_id_tratado,cliente_id_transformado,producto_id_tratado,producto_id_transformado,camion_id_tratado,camion_id_transformado,chofer_id_tratado,chofer_id_transformado,centro_distribucion_tratado,centro_distribucion_transformado,cantidad_solicitada_texto_tratado,cantidad_solicitada_palabra_normalizada,cantidad_solicitada_tratado,cantidad_solicitada_conversion_invalida,cantidad_solicitada_centinela_detectado,cantidad_entregada_tratado,cantidad_entregada_conversion_invalida,cantidad_entregada_centinela_detectado,tiempo_entrega_prometido_hrs_tratado,tiempo_entrega_prometido_hrs_conversion_invalida,tiempo_entrega_prometido_hrs_centinela_detectado,tiempo_entrega_real_hrs_tratado,tiempo_entrega_real_hrs_conversion_invalida,tiempo_entrega_real_hrs_centinela_detectado,otif_on_time_tratado,otif_on_time_conversion_invalida,otif_on_time_centinela_detectado,otif_in_full_tratado,otif_in_full_conversion_invalida,otif_in_full_centinela_detectado,otif_tratado,otif_conversion_invalida,otif_centinela_detectado,fecha_despacho_formato,fecha_despacho_formato_reconocido,fecha_despacho_tratado,fecha_despacho_conversion_invalida,fecha_despacho_transformado,producto_id_corresponde_silver,camion_id_corresponde_silver,fue_imputada,imputacion_metodo,imputacion_motivo,fue_transformada,conteo_transformaciones,conteo_imputaciones,calidad_motivo,calidad_estado
ORD-2026-00002,CLI-098,PROD-036,2026-08-17 13:25:00+00:00,La Paz,CAM-28,CHO-094,296.0,296.0,24.0,11.6,1.0,1.0,1.0,3,producto_id_sin_correspondencia_silver,fecha_local_bolivia_convertida_utc,,ORD-2026-00002,CLI-098,PROD-036,2026-08-17 09:25:00,La Paz,CAM-28,CHO-094,296,296.0,24,11.6,1,1,1,ORD-2026-00002,False,CLI-098,False,PROD-036,False,CAM-28,False,CHO-094,False,La Paz,False,296,False,296.0,False,False,296.0,False,False,24.0,False,False,11.6,False,False,1.0,False,False,1.0,False,False,1.0,False,False,iso,True,2026-08-17 13:25:00+00:00,False,True,False,True,False,,,True,1,0,producto_id_sin_correspondencia_silver,cuarentena
ORD-2026-00004,CLI-079,PROD-014,2026-08-27 19:16:00+00:00,Tarija,CAM-26,CHO-078,151.0,151.0,72.0,60.4,1.0,1.0,1.0,5,producto_id_sin_correspondencia_silver,fecha_local_bolivia_convertida_utc,,ORD-2026-00004,CLI-079,PROD-014,2026-08-27 15:16:00,Tarija,CAM-26,CHO-078,151,151.0,72,60.4,1,1,1,ORD-2026-00004,False,CLI-079,False,PROD-014,False,CAM-26,False,CHO-078,False,Tarija,False,151,False,151.0,False,False,151.0,False,False,72.0,False,False,60.4,False,False,1.0,False,False,1.0,False,False,1.0,False,False,iso,True,2026-08-27 19:16:00+00:00,False,True,False,True,False,,,True,1,0,producto_id_sin_correspondencia_silver,cuarentena
ORD-2026-00011,CLI-021,PROD-036,2026-08-04 15:16:00+00:00,Oruro,CAM-24,CHO-027,97.0,88.0,72.0,68.3,1.0,0.0,0.0,12,producto_id_sin_correspondencia_silver,fecha_local_bolivia_convertida_utc,,ORD-2026-00011,CLI-021,PROD-036,2026-08-04 11:16:00,Oruro,CAM-24,CHO-027,97,88.0,72,68.3,1,0,0,ORD-2026-00011,False,CLI-021,False,PROD-036,False,CAM-24,False,CHO-027,False,Oruro,False,97,False,97.0,False,False,88.0,False,False,72.0,False,False,68.3,False,False,1.0,False,False,0.0,False,False,0.0,False,False,iso,True,2026-08-04 15:16:00+00:00,False,True,False,True,False,,,True,1,0,producto_id_sin_correspondencia_silver,cuarentena
ORD-2026-00019,CLI-040,PROD-028,2026-08-20 06:43:00+00:00,Oruro,CAM-24,CHO-038,36.0,36.0,24.0,27.1,0.0,1.0,0.0,20,producto_id_sin_correspondencia_silver,fecha_local_bolivia_convertida_utc,,ORD-2026-00019,CLI-040,PROD-028,2026-08-20 02:43:00,Oruro,CAM-24,CHO-038,36,36.0,24,27.1,0,1,0,ORD-2026-00019,False,CLI-040,False,PROD-028,False,CAM-24,False,CHO-038,False,Oruro,False,36,False,36.0,False,False,36.0,False,False,24.0,False,False,27.1,False,False,0.0,False,False,1.0,False,False,0.0,False,False,iso,True,2026-08-20 06:43:00+00:00,False,True,False,True,False,,,True,1,0,producto_id_sin_correspondencia_silver,cuarentena
ORD-2026-00035,CLI-023,PROD-036,2026-08-04 06:19:00+00:00,Tarija,CAM-26,CHO-055,318.0,300.0,48.0,38.2,1.0,0.0,0.0,36,producto_id_sin_correspondencia_silver,fecha_local_bolivia_convertida_utc,,ORD-2026-00035,CLI-023,PROD-036,2026-08-04 02:19:00,Tarija,CAM-26,CHO-055,318,300.0,48,38.2,1,0,0,ORD-2026-00035,False,CLI-023,False,PROD-036,False,CAM-26,False,CHO-055,False,Tarija,False,318,False,318.0,False,False,300.0,False,False,48.0,False,False,38.2,False,False,1.0,False,False,0.0,False,False,0.0,False,False,iso,True,2026-08-04 06:19:00+00:00,False,True,False,True,False,,,True,1,0,producto_id_sin_correspondencia_silver,cuarentena
ORD-2026-00045,CLI-056,PROD-036,2026-08-09 14:25:00+00:00,Oruro,CAM-20,CHO-046,170.0,170.0,48.0,40.6,1.0,1.0,1.0,46,producto_id_sin_correspondencia_silver,fecha_local_bolivia_convertida_utc,,ORD-2026-00045,CLI-056,PROD-036,2026-08-09 10:25:00,Oruro,CAM-20,CHO-046,170,170.0,48,40.6,1,1,1,ORD-2026-00045,False,CLI-056,False,PROD-036,False,CAM-20,False,CHO-046,False,Oruro,False,170,False,170.0,False,False,170.0,False,False,48.0,False,False,40.6,False,False,1.0,False,False,1.0,False,False,1.0,False,False,iso,True,2026-08-09 14:25:00+00:00,False,True,False,True,False,,,True,1,0,producto_id_sin_correspondencia_silver,cuarentena
ORD-2026-00048,CLI-065,PROD-028,2026-08-06 15:26:00+00:00,Cochabamba,CAM-05,CHO-012,128.0,128.0,24.0,20.0,1.0,1.0,1.0,49,producto_id_sin_correspondencia_silver,fecha_local_bolivia_convertida_utc,,ORD-2026-00048,CLI-065,PROD-028,2026-08-06 11:26:00,Cochabamba,CAM-05,CHO-012,128,128.0,24,20.0,1,1,1,ORD-2026-00048,False,CLI-065,False,PROD-028,False,CAM-05,False,CHO-012,False,Cochabamba,False,128,False,128.0,False,False,128.0,False,False,24.0,False,False,20.0,False,False,1.0,False,False,1.0,False,False,1.0,False,False,iso,True,2026-08-06 15:26:00+00:00,False,True,False,True,False,,,True,1,0,producto_id_sin_correspondencia_silver,cuarentena
ORD-2026-00055,CLI-080,PROD-028,2026-08-08 15:06:00+00:00,La Paz,CAM-28,CHO-094,466.0,466.0,48.0,42.3,1.0,1.0,1.0,56,producto_id_sin_correspondencia_silver,fecha_local_bolivia_convertida_utc,,ORD-2026-00055,CLI-080,PROD-028,2026-08-08 11:06:00,La Paz,CAM-28,CHO-094,466,466.0,48,42.3,1,1,1,ORD-2026-00055,False,CLI-080,False,PROD-028,False,CAM-28,False,CHO-094,False,La Paz,False,466,False,466.0,False,False,466.0,False,False,48.0,False,False,42.3,False,False,1.0,False,False,1.0,False,False,1.0,False,False,iso,True,2026-08-08 15:06:00+00:00,False,True,False,True,False,,,True,1,0,producto_id_sin_correspondencia_silver,cuarentena
ORD-2026-00062,CLI-011,PROD-028,2026-08-20 21:43:00+00:00,Santa Cruz,CAM-18,CHO-137,108.0,108.0,72.0,44.6,1.0,1.0,1.0,63,producto_id_sin_correspondencia_silver,fecha_local_bolivia_convertida_utc,,ORD-2026-00062,CLI-011,PROD-028,2026-08-20 17:43:00,Santa Cruz,CAM-18,CHO-137,108,108.0,72,44.6,1,1,1,ORD-2026-00062,False,CLI-011,False,PROD-028,False,CAM-18,False,CHO-137,False,Santa Cruz,False,108,False,108.0,False,False,108.0,False,False,72.0,False,False,44.6,False,False,1.0,False,False,1.0,False,False,1.0,False,False,iso,True,2026-08-20 21:43:00+00:00,False,True,False,True,False,,,True,1,0,producto_id_sin_correspondencia_silver,cuarentena
ORD-2026-00070,CLI-054,PROD-042,2026-08-02 16:44:00+00:00,Cochabamba,CAM-27,CHO-096,70.0,70.0,72.0,50.2,1.0,1.0,1.0,71,camion_id_sin_correspondencia_silver,fecha_local_bolivia_convertida_utc,,ORD-2026-00070,CLI-054,PROD-042,2026-08-02 12:44:00,Cochabamba,CAM-27,CHO-096,70,70.0,72,50.2,1,1,1,ORD-2026-00070,False,CLI-054,False,PROD-042,False,CAM-27,False,CHO-096,False,Cochabamba,False,70,False,70.0,False,False,70.0,False,False,72.0,False,False,50.2,False,False,1.0,False,False,1.0,False,False,1.0,False,False,iso,True,2026-08-02 16:44:00+00:00,False,True,True,False,False,,,True,1,0,camion_id_sin_correspondencia_silver,cuarentena
ORD-2026-00074,CLI-075,PROD-010,2026-08-21 05:59:00+00:00,Santa Cruz,CAM-29,CHO-149,52.0,52.0,24.0,16.5,1.0,1.0,1.0,75,producto_id_sin_correspondencia_silver,fecha_local_bolivia_convertida_utc,,ORD-2026-00074,CLI-075,PROD-010,2026-08-21 01:59:00,Santa Cruz,CAM-29,CHO-149,52,52.0,24,16.5,1,1,1,ORD-2026-00074,False,CLI-075,False,PROD-010,False,CAM-29,False,CHO-149,False,Santa Cruz,False,52,False,52.0,False,False,52.0,False,False,24.0,False,False,16.5,False,False,1.0,False,False,1.0,False,False,1.0,False,False,iso,True,2026-08-21 05:59:00+00:00,False,True,False,True,False,,,True,1,0,producto_id_sin_correspondencia_silver,cuarentena
ORD-2026-00077,CLI-052,PROD-028,2026-08-16 04:53:00+00:00,Cochabamba,CAM-06,CHO-019,288.0,288.0,72.0,52.5,1.0,1.0,1.0,78,order_id_duplicado | producto_id_sin_correspondencia_silver,fecha_local_bolivia_convertida_utc,,ORD-2026-00077,CLI-052,PROD-028,2026-08-16 00:53:00,Cochabamba,CAM-06,CHO-019,288,288.0,72,52.5,1,1,1,ORD-2026-00077,False,CLI-052,False,PROD-028,False,CAM-06,False,CHO-019,False,Cochabamba,False,288,False,288.0,False,False,288.0,False,False,72.0,False,False,52.5,False,False,1.0,False,False,1.0,False,False,1.0,False,False,iso,True,2026-08-16 04:53:00+00:00,False,True,False,True,False,,,True,1,0,order_id_duplicado | producto_id_sin_correspondencia_silver,cuarentena
ORD-2026-00094,CLI-030,PROD-024,2026-08-25 14:53:00+00:00,Santa Cruz,CAM-09,CHO-106,317.0,317.0,24.0,18.6,1.0,1.0,1.0,95,producto_id_sin_correspondencia_silver,fecha_local_bolivia_convertida_utc,,ORD-2026-00094,CLI-030,PROD-024,2026-08-25 10:53:00,Santa Cruz,CAM-09,CHO-106,317,317.0,24,18.6,1,1,1,ORD-2026-00094,False,CLI-030,False,PROD-024,False,CAM-09,False,CHO-106,False,Santa Cruz,False,317,False,317.0,False,False,317.0,False,False,24.0,False,False,18.6,False,False,1.0,False,False,1.0,False,False,1.0,False,False,iso,True,2026-08-25 14:53:00+00:00,False,True,False,True,False,,,True,1,0,producto_id_sin_correspondencia_silver,cuarentena
ORD-2026-00126,CLI-049,PROD-036,2026-08-09 03:39:00+00:00,La Paz,CAM-10,CHO-094,206.0,206.0,48.0,48.6,0.0,1.0,0.0,127,producto_id_sin_correspondencia_silver,fecha_local_bolivia_convertida_utc,,ORD-2026-00126,CLI-049,PROD-036,2026-08-08 23:39:00,La Paz,CAM-10,CHO-094,206,206.0,48,48.6,0,1,0,ORD-2026-00126,False,CLI-049,False,PROD-036,False,CAM-10,False,CHO-094,False,La Paz,False,206,False,206.0,False,False,206.0,False,False,48.0,False,False,48.6,False,False,0.0,False,False,1.0,False,False,0.0,False,False,iso,True,2026-08-09 03:39:00+00:00,False,True,False,True,False,,,True,1,0,producto_id_sin_correspondencia_silver,cuarentena
ORD-2026-00130,CLI-083,PROD-019,2026-08-25 06:01:00+00:00,Cochabamba,CAM-01,CHO-111,98.0,98.0,48.0,41.2,1.0,1.0,1.0,131,camion_id_sin_correspondencia_silver,fecha_local_bolivia_convertida_utc,,ORD-2026-00130,CLI-083,PROD-019,2026-08-25 02:01:00,Cochabamba,CAM-01,CHO-111,98,98.0,48,41.2,1,1,1,ORD-2026-00130,False,CLI-083,False,PROD-019,False,CAM-01,False,CHO-111,False,Cochabamba,False,98,False,98.0,False,False,98.0,False,False,48.0,False,False,41.2,False,False,1.0,False,False,1.0,False,False,1.0,False,False,iso,True,2026-08-25 06:01:00+00:00,False,True,True,False,False,,,True,1,0,camion_id_sin_correspondencia_silver,cuarentena
ORD-2026-00139,CLI-061,PROD-051,2026-08-10 14:06:00+00:00,Santa Cruz,CAM-08,CHO-118,199.0,199.0,24.0,15.8,1.0,1.0,1.0,140,order_id_duplicado,fecha_local_bolivia_convertida_utc,,ORD-2026-00139,CLI-061,PROD-051,2026-08-10 10:06:00,Santa Cruz,CAM-08,CHO-118,199,199.0,24,15.8,1,1,1,ORD-2026-00139,False,CLI-061,False,PROD-051,False,CAM-08,False,CHO-118,False,Santa Cruz,False,199,False,199.0,False,False,199.0,False,False,24.0,False,False,15.8,False,False,1.0,False,False,1.0,False,False,1.0,False,False,iso,True,2026-08-10 14:06:00+00:00,False,True,True,True,False,,,True,1,0,order_id_duplicado,cuarentena
ORD-2026-00142,CLI-069,PROD-036,2026-08-27 13:34:00+00:00,Tarija,CAM-19,CHO-074,278.0,278.0,48.0,41.7,1.0,1.0,1.0,143,producto_id_sin_correspondencia_silver,fecha_local_bolivia_convertida_utc,,ORD-2026-00142,CLI-069,PROD-036,2026-08-27 09:34:00,Tarija,CAM-19,CHO-074,278,278.0,48,41.7,1,1,1,ORD-2026-00142,False,CLI-069,False,PROD-036,False,CAM-19,False,CHO-074,False,Tarija,False,278,False,278.0,False,False,278.0,False,False,48.0,False,False,41.7,False,False,1.0,False,False,1.0,False,False,1.0,False,False,iso,True,2026-08-27 13:34:00+00:00,False,True,False,True,False,,,True,1,0,producto_id_sin_correspondencia_silver,cuarentena
ORD-2026-00143,CLI-081,PROD-009,2026-08-27 19:57:00+00:00,Cochabamba,CAM-01,CHO-024,95.0,95.0,48.0,44.2,1.0,1.0,1.0,144,camion_id_sin_correspondencia_silver,fecha_local_bolivia_convertida_utc,,ORD-2026-00143,CLI-081,PROD-009,2026-08-27 15:57:00,Cochabamba,CAM-01,CHO-024,95,95.0,48,44.2,1,1,1,ORD-2026-00143,False,CLI-081,False,PROD-009,False,CAM-01,False,CHO-024,False,Cochabamba,False,95,False,95.0,False,False,95.0,False,False,48.0,False,False,44.2,False,False,1.0,False,False,1.0,False,False,1.0,False,False,iso,True,2026-08-27 19:57:00+00:00,False,True,True,False,False,,,True,1,0,camion_id_sin_correspondencia_silver,cuarentena
ORD-2026-00151,CLI-002,PROD-024,2026-08-25 02:06:00+00:00,Oruro,CAM-03,CHO-095,109.0,109.0,24.0,20.8,1.0,1.0,1.0,152,producto_id_sin_correspondencia_silver,fecha_local_bolivia_convertida_utc,,ORD-2026-00151,CLI-002,PROD-024,2026-08-24 22:06:00,Oruro,CAM-03,CHO-095,109,109.0,24,20.8,1,1,1,ORD-2026-00151,False,CLI-002,False,PROD-024,False,CAM-03,False,CHO-095,False,Oruro,False,109,False,109.0,False,False,109.0,False,False,24.0,False,False,20.8,False,False,1.0,False,False,1.0,False,False,1.0,False,False,iso,True,2026-08-25 02:06:00+00:00,False,True,False,True,False,,,True,1,0,producto_id_sin_correspondencia_silver,cuarentena
ORD-2026-00155,CLI-065,PROD-027,2026-08-13 18:18:00+00:00,Cochabamba,CAM-27,CHO-151,41.0,41.0,72.0,85.7,0.0,1.0,0.0,156,camion_id_sin_correspondencia_silver,fecha_local_bolivia_convertida_utc,,ORD-2026-00155,CLI-065,PROD-027,2026-08-13 14:18:00,Cochabamba,CAM-27,CHO-151,41,41.0,72,85.7,0,1,0,ORD-2026-00155,False,CLI-065,False,PROD-027,False,CAM-27,False,CHO-151,False,Cochabamba,False,41,False,41.0,False,False,41.0,False,False,72.0,False,False,85.7,False,False,0.0,False,False,1.0,False,False,0.0,False,False,iso,True,2026-08-13 18:18:00+00:00,False,True,True,False,False,,,True,1,0,camion_id_sin_correspondencia_silver,cuarentena
ORD-2026-00163,CLI-005,PROD-035,2026-08-07 06:49:00+00:00,Cochabamba,CAM-01,CHO-017,352.0,352.0,48.0,35.4,1.0,1.0,1.0,164,camion_id_sin_correspondencia_silver,fecha_local_bolivia_convertida_utc,,ORD-2026-00163,CLI-005,PROD-035,2026-08-07 02:49:00,Cochabamba,CAM-01,CHO-017,352,352.0,48,35.4,1,1,1,ORD-2026-00163,False,CLI-005,False,PROD-035,False,CAM-01,False,CHO-017,False,Cochabamba,False,352,False,352.0,False,False,352.0,False,False,48.0,False,False,35.4,False,False,1.0,False,False,1.0,False,False,1.0,False,False,iso,True,2026-08-07 06:49:00+00:00,False,True,True,False,False,,,True,1,0,camion_id_sin_correspondencia_silver,cuarentena
ORD-2026-00165,CLI-043,PROD-014,2026-08-25 13:57:00+00:00,La Paz,CAM-12,CHO-117,40.0,40.0,72.0,58.9,1.0,1.0,1.0,166,producto_id_sin_correspondencia_silver,fecha_local_bolivia_convertida_utc,,ORD-2026-00165,CLI-043,PROD-014,2026-08-25 09:57:00,La Paz,CAM-12,CHO-117,40,40.0,72,58.9,1,1,1,ORD-2026-00165,False,CLI-043,False,PROD-014,False,CAM-12,False,CHO-117,False,La Paz,False,40,False,40.0,False,False,40.0,False,False,72.0,False,False,58.9,False,False,1.0,False,False,1.0,False,False,1.0,False,False,iso,True,2026-08-25 13:57:00+00:00,False,True,False,True,False,,,True,1,0,producto_id_sin_correspondencia_silver,cuarentena
ORD-2026-00166,CLI-063,PROD-028,2026-08-30 22:18:00+00:00,La Paz,CAM-15,CHO-054,323.0,323.0,48.0,35.3,1.0,1.0,1.0,167,producto_id_sin_correspondencia_silver,fecha_local_bolivia_convertida_utc,,ORD-2026-00166,CLI-063,PROD-028,2026-08-30 18:18:00,La Paz,CAM-15,CHO-054,323,323.0,48,35.3,1,1,1,ORD-2026-00166,False,CLI-063,False,PROD-028,False,CAM-15,False,CHO-054,False,La Paz,False,323,False,323.0,False,False,323.0,False,False,48.0,False,False,35.3,False,False,1.0,False,False,1.0,False,False,1.0,False,False,iso,True,2026-08-30 22:18:00+00:00,False,True,False,True,False,,,True,1,0,producto_id_sin_correspondencia_silver,cuarentena
ORD-2026-00169,CLI-064,PROD-048,2026-08-30 21:26:00+00:00,Cochabamba,CAM-27,CHO-072,279.0,279.0,48.0,38.1,1.0,1.0,1.0,170,camion_id_sin_correspondencia_silver,fecha_local_bolivia_convertida_utc,,ORD-2026-00169,CLI-064,PROD-048,2026-08-30 17:26:00,Cochabamba,CAM-27,CHO-072,279,279.0,48,38.1,1,1,1,ORD-2026-00169,False,CLI-064,False,PROD-048,False,CAM-27,False,CHO-072,False,Cochabamba,False,279,False,279.0,False,False,279.0,False,False,48.0,False,False,38.1,False,False,1.0,False,False,1.0,False,False,1.0,False,False,iso,True,2026-08-30 21:26:00+00:00,False,True,True,False,False,,,True,1,0,camion_id_sin_correspondencia_silver,cuarentena
ORD-2026-00200,CLI-041,PROD-028,2026-08-28 11:40:00+00:00,Cochabamba,CAM-25,CHO-142,454.0,454.0,48.0,33.7,1.0,1.0,1.0,201,producto_id_sin_correspondencia_silver,fecha_local_bolivia_convertida_utc,,ORD-2026-00200,CLI-041,PROD-028,2026-08-28 07:40:00,Cochabamba,CAM-25,CHO-142,454,454.0,48,33.7,1,1,1,ORD-2026-00200,False,CLI-041,False,PROD-028,False,CAM-25,False,CHO-142,False,Cochabamba,False,454,False,454.0,False,False,454.0,False,False,48.0,False,False,33.7,False,False,1.0,False,False,1.0,False,False,1.0,False,False,iso,True,2026-08-28 11:40:00+00:00,False,True,False,True,False,,,True,1,0,producto_id_sin_correspondencia_silver,cuarentena
ORD-2026-00208,CLI-079,PROD-024,2026-08-01 14:12:00+00:00,Cochabamba,CAM-01,CHO-098,151.0,144.0,24.0,19.4,1.0,0.0,0.0,209,producto_id_sin_correspondencia_silver | camion_id_sin_correspondencia_silver,fecha_local_bolivia_convertida_utc,,ORD-2026-00208,CLI-079,PROD-024,2026-08-01 10:12:00,Cochabamba,CAM-01,CHO-098,151,144.0,24,19.4,1,0,0,ORD-2026-00208,False,CLI-079,False,PROD-024,False,CAM-01,False,CHO-098,False,Cochabamba,False,151,False,151.0,False,False,144.0,False,False,24.0,False,False,19.4,False,False,1.0,False,False,0.0,False,False,0.0,False,False,iso,True,2026-08-01 14:12:00+00:00,False,True,False,False,False,,,True,1,0,producto_id_sin_correspondencia_silver | camion_id_sin_correspondencia_silver,cuarentena
ORD-2026-00209,CLI-027,PROD-053,2026-08-02 00:03:00+00:00,Cochabamba,CAM-27,CHO-088,26.0,26.0,48.0,55.3,0.0,1.0,0.0,210,camion_id_sin_correspondencia_silver,fecha_local_bolivia_convertida_utc,,ORD-2026-00209,CLI-027,PROD-053,2026-08-01 20:03:00,Cochabamba,CAM-27,CHO-088,26,26.0,48,55.3,0,1,0,ORD-2026-00209,False,CLI-027,False,PROD-053,False,CAM-27,False,CHO-088,False,Cochabamba,False,26,False,26.0,False,False,26.0,False,False,48.0,False,False,55.3,False,False,0.0,False,False,1.0,False,False,0.0,False,False,iso,True,2026-08-02 00:03:00+00:00,False,True,True,False,False,,,True,1,0,camion_id_sin_correspondencia_silver,cuarentena
ORD-2026-00210,CLI-076,PROD-010,2026-08-06 05:08:00+00:00,Santa Cruz,CAM-09,CHO-107,109.0,109.0,24.0,23.9,1.0,1.0,1.0,211,producto_id_sin_correspondencia_silver,fecha_local_bolivia_convertida_utc,,ORD-2026-00210,CLI-076,PROD-010,2026-08-06 01:08:00,Santa Cruz,CAM-09,CHO-107,109,109.0,24,23.9,1,1,1,ORD-2026-00210,False,CLI-076,False,PROD-010,False,CAM-09,False,CHO-107,False,Santa Cruz,False,109,False,109.0,False,False,109.0,False,False,24.0,False,False,23.9,False,False,1.0,False,False,1.0,False,False,1.0,False,False,iso,True,2026-08-06 05:08:00+00:00,False,True,False,True,False,,,True,1,0,producto_id_sin_correspondencia_silver,cuarentena
ORD-2026-00220,CLI-002,PROD-024,2026-08-12 06:03:00+00:00,Oruro,CAM-03,CHO-095,489.0,489.0,24.0,28.6,0.0,1.0,0.0,221,producto_id_sin_correspondencia_silver,fecha_local_bolivia_convertida_utc,,ORD-2026-00220,CLI-002,PROD-024,2026-08-12 02:03:00,Oruro,CAM-03,CHO-095,489,489.0,24,28.6,0,1,0,ORD-2026-00220,False,CLI-002,False,PROD-024,False,CAM-03,False,CHO-095,False,Oruro,False,489,False,489.0,False,False,489.0,False,False,24.0,False,False,28.6,False,False,0.0,False,False,1.0,False,False,0.0,False,False,iso,True,2026-08-12 06:03:00+00:00,False,True,False,True,False,,,True,1,0,producto_id_sin_correspondencia_silver,cuarentena
ORD-2026-00252,CLI-068,PROD-016,2026-08-01 22:40:00+00:00,Cochabamba,CAM-27,CHO-148,476.0,476.0,48.0,46.1,1.0,1.0,1.0,253,camion_id_sin_correspondencia_silver,fecha_local_bolivia_convertida_utc,,ORD-2026-00252,CLI-068,PROD-016,2026-08-01 18:40:00,Cochabamba,CAM-27,CHO-148,476,476.0,48,46.1,1,1,1,ORD-2026-00252,False,CLI-068,False,PROD-016,False,CAM-27,False,CHO-148,False,Cochabamba,False,476,False,476.0,False,False,476.0,False,False,48.0,False,False,46.1,False,False,1.0,False,False,1.0,False,False,1.0,False,False,iso,True,2026-08-01 22:40:00+00:00,False,True,True,False,False,,,True,1,0,camion_id_sin_correspondencia_silver,cuarentena
ORD-2026-00257,CLI-058,PROD-024,2026-08-10 15:28:00+00:00,Tarija,CAM-19,CHO-010,358.0,358.0,48.0,35.1,1.0,1.0,1.0,258,producto_id_sin_correspondencia_silver,fecha_local_bolivia_convertida_utc,,ORD-2026-00257,CLI-058,PROD-024,2026-08-10 11:28:00,Tarija,CAM-19,CHO-010,358,358.0,48,35.1,1,1,1,ORD-2026-00257,False,CLI-058,False,PROD-024,False,CAM-19,False,CHO-010,False,Tarija,False,358,False,358.0,False,False,358.0,False,False,48.0,False,False,35.1,False,False,1.0,False,False,1.0,False,False,1.0,False,False,iso,True,2026-08-10 15:28:00+00:00,False,True,False,True,False,,,True,1,0,producto_id_sin_correspondencia_silver,cuarentena
ORD-2026-00267,CLI-062,PROD-028,2026-08-22 19:16:00+00:00,Santa Cruz,CAM-29,CHO-127,100.0,100.0,72.0,73.7,0.0,1.0,0.0,268,producto_id_sin_correspondencia_silver,fecha_local_bolivia_convertida_utc,,ORD-2026-00267,CLI-062,PROD-028,2026-08-22 15:16:00,Santa Cruz,CAM-29,CHO-127,100,100.0,72,73.7,0,1,0,ORD-2026-00267,False,CLI-062,False,PROD-028,False,CAM-29,False,CHO-127,False,Santa Cruz,False,100,False,100.0,False,False,100.0,False,False,72.0,False,False,73.7,False,False,0.0,False,False,1.0,False,False,0.0,False,False,iso,True,2026-08-22 19:16:00+00:00,False,True,False,True,False,,,True,1,0,producto_id_sin_correspondencia_silver,cuarentena
ORD-2026-00276,CLI-049,PROD-028,2026-08-29 18:59:00+00:00,Cochabamba,CAM-30,CHO-040,363.0,363.0,72.0,53.9,1.0,1.0,1.0,277,producto_id_sin_correspondencia_silver,fecha_local_bolivia_convertida_utc,,ORD-2026-00276,CLI-049,PROD-028,2026-08-29 14:59:00,Cochabamba,CAM-30,CHO-040,363,363.0,72,53.9,1,1,1,ORD-2026-00276,False,CLI-049,False,PROD-028,False,CAM-30,False,CHO-040,False,Cochabamba,False,363,False,363.0,False,False,363.0,False,False,72.0,False,False,53.9,False,False,1.0,False,False,1.0,False,False,1.0,False,False,iso,True,2026-08-29 18:59:00+00:00,False,True,False,True,False,,,True,1,0,producto_id_sin_correspondencia_silver,cuarentena
ORD-2026-00280,CLI-046,PROD-036,2026-08-13 20:29:00+00:00,La Paz,CAM-15,CHO-035,178.0,178.0,24.0,23.9,1.0,1.0,1.0,281,producto_id_sin_correspondencia_silver,fecha_local_bolivia_convertida_utc,,ORD-2026-00280,CLI-046,PROD-036,2026-08-13 16:29:00,La Paz,CAM-15,CHO-035,178,178.0,24,23.9,1,1,1,ORD-2026-00280,False,CLI-046,False,PROD-036,False,CAM-15,False,CHO-035,False,La Paz,False,178,False,178.0,False,False,178.0,False,False,24.0,False,False,23.9,False,False,1.0,False,False,1.0,False,False,1.0,False,False,iso,True,2026-08-13 20:29:00+00:00,False,True,False,True,False,,,True,1,0,producto_id_sin_correspondencia_silver,cuarentena
ORD-2026-00282,CLI-029,PROD-039,2026-08-02 15:18:00+00:00,La Paz,CAM-28,CHO-103,102.0,,72.0,35.3,1.0,1.0,1.0,283,requerido_ausente:cantidad_entregada,fecha_local_bolivia_convertida_utc,,ORD-2026-00282,CLI-029,PROD-039,2026-08-02 11:18:00,La Paz,CAM-28,CHO-103,102,,72,35.3,1,1,1,ORD-2026-00282,False,CLI-029,False,PROD-039,False,CAM-28,False,CHO-103,False,La Paz,False,102,False,102.0,False,False,,False,False,72.0,False,False,35.3,False,False,1.0,False,False,1.0,False,False,1.0,False,False,iso,True,2026-08-02 15:18:00+00:00,False,True,True,True,False,,,True,1,0,requerido_ausente:cantidad_entregada,cuarentena
ORD-2026-00287,CLI-064,PROD-054,2026-08-19 19:34:00+00:00,Cochabamba,CAM-01,CHO-136,160.0,160.0,24.0,21.4,1.0,1.0,1.0,288,camion_id_sin_correspondencia_silver,fecha_local_bolivia_convertida_utc,,ORD-2026-00287,CLI-064,PROD-054,2026-08-19 15:34:00,Cochabamba,CAM-01,CHO-136,160,160.0,24,21.4,1,1,1,ORD-2026-00287,False,CLI-064,False,PROD-054,False,CAM-01,False,CHO-136,False,Cochabamba,False,160,False,160.0,False,False,160.0,False,False,24.0,False,False,21.4,False,False,1.0,False,False,1.0,False,False,1.0,False,False,iso,True,2026-08-19 19:34:00+00:00,False,True,True,False,False,,,True,1,0,camion_id_sin_correspondencia_silver,cuarentena
ORD-2026-00290,CLI-082,PROD-036,2026-08-04 04:29:00+00:00,Santa Cruz,CAM-08,CHO-090,325.0,325.0,48.0,36.1,1.0,1.0,1.0,291,producto_id_sin_correspondencia_silver,fecha_local_bolivia_convertida_utc,,ORD-2026-00290,CLI-082,PROD-036,2026-08-04 00:29:00,Santa Cruz,CAM-08,CHO-090,325,325.0,48,36.1,1,1,1,ORD-2026-00290,False,CLI-082,False,PROD-036,False,CAM-08,False,CHO-090,False,Santa Cruz,False,325,False,325.0,False,False,325.0,False,False,48.0,False,False,36.1,False,False,1.0,False,False,1.0,False,False,1.0,False,False,iso,True,2026-08-04 04:29:00+00:00,False,True,False,True,False,,,True,1,0,producto_id_sin_correspondencia_silver,cuarentena
ORD-2026-00292,CLI-095,PROD-024,2026-08-02 23:45:00+00:00,Oruro,CAM-16,CHO-066,107.0,107.0,48.0,32.1,1.0,1.0,1.0,293,producto_id_sin_correspondencia_silver,fecha_local_bolivia_convertida_utc,,ORD-2026-00292,CLI-095,PROD-024,2026-08-02 19:45:00,Oruro,CAM-16,CHO-066,107,107.0,48,32.1,1,1,1,ORD-2026-00292,False,CLI-095,False,PROD-024,False,CAM-16,False,CHO-066,False,Oruro,False,107,False,107.0,False,False,107.0,False,False,48.0,False,False,32.1,False,False,1.0,False,False,1.0,False,False,1.0,False,False,iso,True,2026-08-02 23:45:00+00:00,False,True,False,True,False,,,True,1,0,producto_id_sin_correspondencia_silver,cuarentena
ORD-2026-00293,CLI-051,PROD-036,2026-08-23 08:56:00+00:00,Cochabamba,CAM-02,CHO-082,193.0,193.0,72.0,46.3,1.0,1.0,1.0,294,producto_id_sin_correspondencia_silver,fecha_local_bolivia_convertida_utc,,ORD-2026-00293,CLI-051,PROD-036,2026-08-23 04:56:00,Cochabamba,CAM-02,CHO-082,193,193.0,72,46.3,1,1,1,ORD-2026-00293,False,CLI-051,False,PROD-036,False,CAM-02,False,CHO-082,False,Cochabamba,False,193,False,193.0,False,False,193.0,False,False,72.0,False,False,46.3,False,False,1.0,False,False,1.0,False,False,1.0,False,False,iso,True,2026-08-23 08:56:00+00:00,False,True,False,True,False,,,True,1,0,producto_id_sin_correspondencia_silver,cuarentena
ORD-2026-00309,CLI-017,PROD-024,2026-08-22 06:24:00+00:00,Tarija,CAM-21,CHO-074,171.0,171.0,48.0,48.6,0.0,1.0,0.0,310,producto_id_sin_correspondencia_silver,fecha_local_bolivia_convertida_utc,,ORD-2026-00309,CLI-017,PROD-024,2026-08-22 02:24:00,Tarija,CAM-21,CHO-074,171,171.0,48,48.6,0,1,0,ORD-2026-00309,False,CLI-017,False,PROD-024,False,CAM-21,False,CHO-074,False,Tarija,False,171,False,171.0,False,False,171.0,False,False,48.0,False,False,48.6,False,False,0.0,False,False,1.0,False,False,0.0,False,False,iso,True,2026-08-22 06:24:00+00:00,False,True,False,True,False,,,True,1,0,producto_id_sin_correspondencia_silver,cuarentena
ORD-2026-00311,CLI-014,PROD-024,2026-08-07 00:18:00+00:00,Santa Cruz,CAM-23,CHO-118,225.0,225.0,48.0,35.8,1.0,1.0,1.0,312,producto_id_sin_correspondencia_silver,fecha_local_bolivia_convertida_utc,,ORD-2026-00311,CLI-014,PROD-024,2026-08-06 20:18:00,Santa Cruz,CAM-23,CHO-118,225,225.0,48,35.8,1,1,1,ORD-2026-00311,False,CLI-014,False,PROD-024,False,CAM-23,False,CHO-118,False,Santa Cruz,False,225,False,225.0,False,False,225.0,False,False,48.0,False,False,35.8,False,False,1.0,False,False,1.0,False,False,1.0,False,False,iso,True,2026-08-07 00:18:00+00:00,False,True,False,True,False,,,True,1,0,producto_id_sin_correspondencia_silver,cuarentena
ORD-2026-00312,CLI-064,PROD-039,2026-08-16 07:31:00+00:00,Cochabamba,CAM-27,CHO-003,260.0,246.0,24.0,21.2,1.0,0.0,0.0,313,camion_id_sin_correspondencia_silver,fecha_local_bolivia_convertida_utc,,ORD-2026-00312,CLI-064,PROD-039,2026-08-16 03:31:00,Cochabamba,CAM-27,CHO-003,260,246.0,24,21.2,1,0,0,ORD-2026-00312,False,CLI-064,False,PROD-039,False,CAM-27,False,CHO-003,False,Cochabamba,False,260,False,260.0,False,False,246.0,False,False,24.0,False,False,21.2,False,False,1.0,False,False,0.0,False,False,0.0,False,False,iso,True,2026-08-16 07:31:00+00:00,False,True,True,False,False,,,True,1,0,camion_id_sin_correspondencia_silver,cuarentena
ORD-2026-00316,CLI-087,PROD-001,2026-08-25 04:00:00+00:00,La Paz,CAM-28,CHO-147,27.0,27.0,48.0,37.4,1.0,1.0,1.0,317,order_id_duplicado,fecha_local_bolivia_convertida_utc,,ORD-2026-00316,CLI-087,PROD-001,2026-08-25 00:00:00,La Paz,CAM-28,CHO-147,27,27.0,48,37.4,1,1,1,ORD-2026-00316,False,CLI-087,False,PROD-001,False,CAM-28,False,CHO-147,False,La Paz,False,27,False,27.0,False,False,27.0,False,False,48.0,False,False,37.4,False,False,1.0,False,False,1.0,False,False,1.0,False,False,iso,True,2026-08-25 04:00:00+00:00,False,True,True,True,False,,,True,1,0,order_id_duplicado,cuarentena
ORD-2026-00328,CLI-034,PROD-011,2026-08-23 00:29:00+00:00,Oruro,CAM-20,CHO-038,347.0,,48.0,42.8,1.0,1.0,1.0,329,requerido_ausente:cantidad_entregada,fecha_local_bolivia_convertida_utc,,ORD-2026-00328,CLI-034,PROD-011,2026-08-22 20:29:00,Oruro,CAM-20,CHO-038,347,,48,42.8,1,1,1,ORD-2026-00328,False,CLI-034,False,PROD-011,False,CAM-20,False,CHO-038,False,Oruro,False,347,False,347.0,False,False,,False,False,48.0,False,False,42.8,False,False,1.0,False,False,1.0,False,False,1.0,False,False,iso,True,2026-08-23 00:29:00+00:00,False,True,True,True,False,,,True,1,0,requerido_ausente:cantidad_entregada,cuarentena
ORD-2026-00331,CLI-088,PROD-026,2026-08-20 11:36:00+00:00,Oruro,CAM-20,CHO-027,457.0,457.0,24.0,24.0,1.0,1.0,1.0,332,producto_id_sin_correspondencia_silver,fecha_local_bolivia_convertida_utc,,ORD-2026-00331,CLI-088,PROD-026,2026-08-20 07:36:00,Oruro,CAM-20,CHO-027,457,457.0,24,24.0,1,1,1,ORD-2026-00331,False,CLI-088,False,PROD-026,False,CAM-20,False,CHO-027,False,Oruro,False,457,False,457.0,False,False,457.0,False,False,24.0,False,False,24.0,False,False,1.0,False,False,1.0,False,False,1.0,False,False,iso,True,2026-08-20 11:36:00+00:00,False,True,False,True,False,,,True,1,0,producto_id_sin_correspondencia_silver,cuarentena
ORD-2026-00334,CLI-055,PROD-008,2026-08-15 11:03:00+00:00,Cochabamba,CAM-01,CHO-042,155.0,155.0,24.0,22.7,1.0,1.0,1.0,335,camion_id_sin_correspondencia_silver,fecha_local_bolivia_convertida_utc,,ORD-2026-00334,CLI-055,PROD-008,2026-08-15 07:03:00,Cochabamba,CAM-01,CHO-042,155,155.0,24,22.7,1,1,1,ORD-2026-00334,False,CLI-055,False,PROD-008,False,CAM-01,False,CHO-042,False,Cochabamba,False,155,False,155.0,False,False,155.0,False,False,24.0,False,False,22.7,False,False,1.0,False,False,1.0,False,False,1.0,False,False,iso,True,2026-08-15 11:03:00+00:00,False,True,True,False,False,,,True,1,0,camion_id_sin_correspondencia_silver,cuarentena
ORD-2026-00338,CLI-087,PROD-028,2026-08-06 21:55:00+00:00,Santa Cruz,CAM-23,CHO-138,249.0,249.0,48.0,46.0,1.0,1.0,1.0,339,producto_id_sin_correspondencia_silver,fecha_local_bolivia_convertida_utc,,ORD-2026-00338,CLI-087,PROD-028,2026-08-06 17:55:00,Santa Cruz,CAM-23,CHO-138,249,249.0,48,46.0,1,1,1,ORD-2026-00338,False,CLI-087,False,PROD-028,False,CAM-23,False,CHO-138,False,Santa Cruz,False,249,False,249.0,False,False,249.0,False,False,48.0,False,False,46.0,False,False,1.0,False,False,1.0,False,False,1.0,False,False,iso,True,2026-08-06 21:55:00+00:00,False,True,False,True,False,,,True,1,0,producto_id_sin_correspondencia_silver,cuarentena
ORD-2026-00339,CLI-092,PROD-028,2026-08-16 20:56:00+00:00,Santa Cruz,CAM-29,CHO-037,34.0,27.0,72.0,71.2,1.0,0.0,0.0,340,producto_id_sin_correspondencia_silver,fecha_local_bolivia_convertida_utc,,ORD-2026-00339,CLI-092,PROD-028,2026-08-16 16:56:00,Santa Cruz,CAM-29,CHO-037,34,27.0,72,71.2,1,0,0,ORD-2026-00339,False,CLI-092,False,PROD-028,False,CAM-29,False,CHO-037,False,Santa Cruz,False,34,False,34.0,False,False,27.0,False,False,72.0,False,False,71.2,False,False,1.0,False,False,0.0,False,False,0.0,False,False,iso,True,2026-08-16 20:56:00+00:00,False,True,False,True,False,,,True,1,0,producto_id_sin_correspondencia_silver,cuarentena
ORD-2026-00344,CLI-006,PROD-049,2026-08-23 19:16:00+00:00,Cochabamba,CAM-01,CHO-051,102.0,102.0,72.0,64.6,1.0,1.0,1.0,345,camion_id_sin_correspondencia_silver,fecha_local_bolivia_convertida_utc,,ORD-2026-00344,CLI-006,PROD-049,2026-08-23 15:16:00,Cochabamba,CAM-01,CHO-051,102,102.0,72,64.6,1,1,1,ORD-2026-00344,False,CLI-006,False,PROD-049,False,CAM-01,False,CHO-051,False,Cochabamba,False,102,False,102.0,False,False,102.0,False,False,72.0,False,False,64.6,False,False,1.0,False,False,1.0,False,False,1.0,False,False,iso,True,2026-08-23 19:16:00+00:00,False,True,True,False,False,,,True,1,0,camion_id_sin_correspondencia_silver,cuarentena
ORD-2026-00362,CLI-075,PROD-014,2026-08-20 21:15:00+00:00,Oruro,CAM-24,CHO-046,183.0,183.0,24.0,18.5,1.0,1.0,1.0,363,producto_id_sin_correspondencia_silver,fecha_local_bolivia_convertida_utc,,ORD-2026-00362,CLI-075,PROD-014,2026-08-20 17:15:00,Oruro,CAM-24,CHO-046,183,183.0,24,18.5,1,1,1,ORD-2026-00362,False,CLI-075,False,PROD-014,False,CAM-24,False,CHO-046,False,Oruro,False,183,False,183.0,False,False,183.0,False,False,24.0,False,False,18.5,False,False,1.0,False,False,1.0,False,False,1.0,False,False,iso,True,2026-08-20 21:15:00+00:00,False,True,False,True,False,,,True,1,0,producto_id_sin_correspondencia_silver,cuarentena
ORD-2026-00363,CLI-022,PROD-008,2026-08-07 21:56:00+00:00,Oruro,CAM-24,CHO-066,317.0,317.0,48.0,49.3,0.0,1.0,0.0,364,order_id_duplicado,fecha_local_bolivia_convertida_utc,,ORD-2026-00363,CLI-022,PROD-008,2026-08-07 17:56:00,Oruro,CAM-24,CHO-066,317,317.0,48,49.3,0,1,0,ORD-2026-00363,False,CLI-022,False,PROD-008,False,CAM-24,False,CHO-066,False,Oruro,False,317,False,317.0,False,False,317.0,False,False,48.0,False,False,49.3,False,False,0.0,False,False,1.0,False,False,0.0,False,False,iso,True,2026-08-07 21:56:00+00:00,False,True,True,True,False,,,True,1,0,order_id_duplicado,cuarentena
ORD-2026-00382,CLI-064,PROD-035,2026-08-29 18:50:00+00:00,Tarija,CAM-19,CHO-078,204.0,,72.0,83.6,0.0,1.0,0.0,383,requerido_ausente:cantidad_entregada,fecha_local_bolivia_convertida_utc,,ORD-2026-00382,CLI-064,PROD-035,2026-08-29 14:50:00,Tarija,CAM-19,CHO-078,204,,72,83.6,0,1,0,ORD-2026-00382,False,CLI-064,False,PROD-035,False,CAM-19,False,CHO-078,False,Tarija,False,204,False,204.0,False,False,,False,False,72.0,False,False,83.6,False,False,0.0,False,False,1.0,False,False,0.0,False,False,iso,True,2026-08-29 18:50:00+00:00,False,True,True,True,False,,,True,1,0,requerido_ausente:cantidad_entregada,cuarentena
ORD-2026-00391,CLI-031,PROD-014,2026-08-20 11:56:00+00:00,Oruro,CAM-24,CHO-066,317.0,317.0,48.0,49.5,0.0,1.0,0.0,392,producto_id_sin_correspondencia_silver,fecha_local_bolivia_convertida_utc,,ORD-2026-00391,CLI-031,PROD-014,2026-08-20 07:56:00,Oruro,CAM-24,CHO-066,317,317.0,48,49.5,0,1,0,ORD-2026-00391,False,CLI-031,False,PROD-014,False,CAM-24,False,CHO-066,False,Oruro,False,317,False,317.0,False,False,317.0,False,False,48.0,False,False,49.5,False,False,0.0,False,False,1.0,False,False,0.0,False,False,iso,True,2026-08-20 11:56:00+00:00,False,True,False,True,False,,,True,1,0,producto_id_sin_correspondencia_silver,cuarentena
ORD-2026-00401,CLI-031,PROD-026,2026-08-08 05:44:00+00:00,La Paz,CAM-10,CHO-035,99.0,99.0,24.0,20.5,1.0,1.0,1.0,402,producto_id_sin_correspondencia_silver,fecha_local_bolivia_convertida_utc,,ORD-2026-00401,CLI-031,PROD-026,2026-08-08 01:44:00,La Paz,CAM-10,CHO-035,99,99.0,24,20.5,1,1,1,ORD-2026-00401,False,CLI-031,False,PROD-026,False,CAM-10,False,CHO-035,False,La Paz,False,99,False,99.0,False,False,99.0,False,False,24.0,False,False,20.5,False,False,1.0,False,False,1.0,False,False,1.0,False,False,iso,True,2026-08-08 05:44:00+00:00,False,True,False,True,False,,,True,1,0,producto_id_sin_correspondencia_silver,cuarentena
ORD-2026-00414,CLI-027,PROD-023,2026-08-26 19:33:00+00:00,Cochabamba,CAM-01,CHO-051,319.0,319.0,24.0,19.3,1.0,1.0,1.0,415,camion_id_sin_correspondencia_silver,fecha_local_bolivia_convertida_utc,,ORD-2026-00414,CLI-027,PROD-023,2026-08-26 15:33:00,Cochabamba,CAM-01,CHO-051,319,319.0,24,19.3,1,1,1,ORD-2026-00414,False,CLI-027,False,PROD-023,False,CAM-01,False,CHO-051,False,Cochabamba,False,319,False,319.0,False,False,319.0,False,False,24.0,False,False,19.3,False,False,1.0,False,False,1.0,False,False,1.0,False,False,iso,True,2026-08-26 19:33:00+00:00,False,True,True,False,False,,,True,1,0,camion_id_sin_correspondencia_silver,cuarentena
ORD-2026-00416,CLI-074,PROD-024,2026-08-09 01:22:00+00:00,Tarija,CAM-26,CHO-078,348.0,348.0,72.0,44.0,1.0,1.0,1.0,417,producto_id_sin_correspondencia_silver,fecha_local_bolivia_convertida_utc,,ORD-2026-00416,CLI-074,PROD-024,2026-08-08 21:22:00,Tarija,CAM-26,CHO-078,348,348.0,72,44.0,1,1,1,ORD-2026-00416,False,CLI-074,False,PROD-024,False,CAM-26,False,CHO-078,False,Tarija,False,348,False,348.0,False,False,348.0,False,False,72.0,False,False,44.0,False,False,1.0,False,False,1.0,False,False,1.0,False,False,iso,True,2026-08-09 01:22:00+00:00,False,True,False,True,False,,,True,1,0,producto_id_sin_correspondencia_silver,cuarentena
ORD-2026-00417,CLI-078,PROD-038,2026-08-16 08:30:00+00:00,Oruro,CAM-03,CHO-046,197.0,197.0,72.0,-44.6,1.0,1.0,1.0,418,tiempo_real_negativo,fecha_local_bolivia_convertida_utc,,ORD-2026-00417,CLI-078,PROD-038,2026-08-16 04:30:00,Oruro,CAM-03,CHO-046,197,197.0,72,-44.6,1,1,1,ORD-2026-00417,False,CLI-078,False,PROD-038,False,CAM-03,False,CHO-046,False,Oruro,False,197,False,197.0,False,False,197.0,False,False,72.0,False,False,-44.6,False,False,1.0,False,False,1.0,False,False,1.0,False,False,iso,True,2026-08-16 08:30:00+00:00,False,True,True,True,False,,,True,1,0,tiempo_real_negativo,cuarentena
ORD-2026-00422,CLI-098,PROD-026,2026-08-18 14:18:00+00:00,Cochabamba,CAM-01,CHO-080,452.0,452.0,72.0,56.8,1.0,1.0,1.0,423,producto_id_sin_correspondencia_silver | camion_id_sin_correspondencia_silver,fecha_local_bolivia_convertida_utc,,ORD-2026-00422,CLI-098,PROD-026,2026-08-18 10:18:00,Cochabamba,CAM-01,CHO-080,452,452.0,72,56.8,1,1,1,ORD-2026-00422,False,CLI-098,False,PROD-026,False,CAM-01,False,CHO-080,False,Cochabamba,False,452,False,452.0,False,False,452.0,False,False,72.0,False,False,56.8,False,False,1.0,False,False,1.0,False,False,1.0,False,False,iso,True,2026-08-18 14:18:00+00:00,False,True,False,False,False,,,True,1,0,producto_id_sin_correspondencia_silver | camion_id_sin_correspondencia_silver,cuarentena
ORD-2026-00424,CLI-005,PROD-036,2026-08-05 12:10:00+00:00,Santa Cruz,CAM-08,CHO-036,445.0,445.0,48.0,29.9,1.0,1.0,1.0,425,producto_id_sin_correspondencia_silver,fecha_local_bolivia_convertida_utc,,ORD-2026-00424,CLI-005,PROD-036,2026-08-05 08:10:00,Santa Cruz,CAM-08,CHO-036,445,445.0,48,29.9,1,1,1,ORD-2026-00424,False,CLI-005,False,PROD-036,False,CAM-08,False,CHO-036,False,Santa Cruz,False,445,False,445.0,False,False,445.0,False,False,48.0,False,False,29.9,False,False,1.0,False,False,1.0,False,False,1.0,False,False,iso,True,2026-08-05 12:10:00+00:00,False,True,False,True,False,,,True,1,0,producto_id_sin_correspondencia_silver,cuarentena
ORD-2026-00438,CLI-067,PROD-026,2026-08-12 07:51:00+00:00,Tarija,CAM-19,CHO-074,105.0,105.0,72.0,70.7,1.0,1.0,1.0,439,producto_id_sin_correspondencia_silver,fecha_local_bolivia_convertida_utc,,ORD-2026-00438,CLI-067,PROD-026,2026-08-12 03:51:00,Tarija,CAM-19,CHO-074,105,105.0,72,70.7,1,1,1,ORD-2026-00438,False,CLI-067,False,PROD-026,False,CAM-19,False,CHO-074,False,Tarija,False,105,False,105.0,False,False,105.0,False,False,72.0,False,False,70.7,False,False,1.0,False,False,1.0,False,False,1.0,False,False,iso,True,2026-08-12 07:51:00+00:00,False,True,False,True,False,,,True,1,0,producto_id_sin_correspondencia_silver,cuarentena
ORD-2026-00439,CLI-012,PROD-052,2026-08-27 20:13:00+00:00,Cochabamba,CAM-01,CHO-072,218.0,218.0,48.0,56.3,0.0,1.0,0.0,440,camion_id_sin_correspondencia_silver,fecha_local_bolivia_convertida_utc,,ORD-2026-00439,CLI-012,PROD-052,2026-08-27 16:13:00,Cochabamba,CAM-01,CHO-072,218,218.0,48,56.3,0,1,0,ORD-2026-00439,False,CLI-012,False,PROD-052,False,CAM-01,False,CHO-072,False,Cochabamba,False,218,False,218.0,False,False,218.0,False,False,48.0,False,False,56.3,False,False,0.0,False,False,1.0,False,False,0.0,False,False,iso,True,2026-08-27 20:13:00+00:00,False,True,True,False,False,,,True,1,0,camion_id_sin_correspondencia_silver,cuarentena
ORD-2026-00446,CLI-019,PROD-036,2026-08-03 06:21:00+00:00,Santa Cruz,CAM-08,CHO-090,193.0,193.0,24.0,20.3,1.0,1.0,1.0,447,producto_id_sin_correspondencia_silver,fecha_local_bolivia_convertida_utc,,ORD-2026-00446,CLI-019,PROD-036,2026-08-03 02:21:00,Santa Cruz,CAM-08,CHO-090,193,193.0,24,20.3,1,1,1,ORD-2026-00446,False,CLI-019,False,PROD-036,False,CAM-08,False,CHO-090,False,Santa Cruz,False,193,False,193.0,False,False,193.0,False,False,24.0,False,False,20.3,False,False,1.0,False,False,1.0,False,False,1.0,False,False,iso,True,2026-08-03 06:21:00+00:00,False,True,False,True,False,,,True,1,0,producto_id_sin_correspondencia_silver,cuarentena
ORD-2026-00447,CLI-003,PROD-028,2026-08-15 23:47:00+00:00,Santa Cruz,CAM-09,CHO-048,50.0,50.0,48.0,48.2,0.0,1.0,0.0,448,producto_id_sin_correspondencia_silver,fecha_local_bolivia_convertida_utc,,ORD-2026-00447,CLI-003,PROD-028,2026-08-15 19:47:00,Santa Cruz,CAM-09,CHO-048,50,50.0,48,48.2,0,1,0,ORD-2026-00447,False,CLI-003,False,PROD-028,False,CAM-09,False,CHO-048,False,Santa Cruz,False,50,False,50.0,False,False,50.0,False,False,48.0,False,False,48.2,False,False,0.0,False,False,1.0,False,False,0.0,False,False,iso,True,2026-08-15 23:47:00+00:00,False,True,False,True,False,,,True,1,0,producto_id_sin_correspondencia_silver,cuarentena
ORD-2026-00448,CLI-098,PROD-014,2026-08-13 08:17:00+00:00,Santa Cruz,CAM-08,CHO-116,404.0,404.0,24.0,21.3,1.0,1.0,1.0,449,producto_id_sin_correspondencia_silver,fecha_local_bolivia_convertida_utc,,ORD-2026-00448,CLI-098,PROD-014,2026-08-13 04:17:00,Santa Cruz,CAM-08,CHO-116,404,404.0,24,21.3,1,1,1,ORD-2026-00448,False,CLI-098,False,PROD-014,False,CAM-08,False,CHO-116,False,Santa Cruz,False,404,False,404.0,False,False,404.0,False,False,24.0,False,False,21.3,False,False,1.0,False,False,1.0,False,False,1.0,False,False,iso,True,2026-08-13 08:17:00+00:00,False,True,False,True,False,,,True,1,0,producto_id_sin_correspondencia_silver,cuarentena
ORD-2026-00451,CLI-074,PROD-010,2026-08-13 12:28:00+00:00,Oruro,CAM-20,CHO-046,334.0,334.0,72.0,81.0,0.0,1.0,0.0,452,producto_id_sin_correspondencia_silver,fecha_local_bolivia_convertida_utc,,ORD-2026-00451,CLI-074,PROD-010,2026-08-13 08:28:00,Oruro,CAM-20,CHO-046,334,334.0,72,81.0,0,1,0,ORD-2026-00451,False,CLI-074,False,PROD-010,False,CAM-20,False,CHO-046,False,Oruro,False,334,False,334.0,False,False,334.0,False,False,72.0,False,False,81.0,False,False,0.0,False,False,1.0,False,False,0.0,False,False,iso,True,2026-08-13 12:28:00+00:00,False,True,False,True,False,,,True,1,0,producto_id_sin_correspondencia_silver,cuarentena
ORD-2026-00453,CLI-008,PROD-042,2026-08-23 19:22:00+00:00,Cochabamba,CAM-01,CHO-051,39.0,39.0,48.0,25.4,1.0,1.0,1.0,454,camion_id_sin_correspondencia_silver,fecha_local_bolivia_convertida_utc,,ORD-2026-00453,CLI-008,PROD-042,2026-08-23 15:22:00,Cochabamba,CAM-01,CHO-051,39,39.0,48,25.4,1,1,1,ORD-2026-00453,False,CLI-008,False,PROD-042,False,CAM-01,False,CHO-051,False,Cochabamba,False,39,False,39.0,False,False,39.0,False,False,48.0,False,False,25.4,False,False,1.0,False,False,1.0,False,False,1.0,False,False,iso,True,2026-08-23 19:22:00+00:00,False,True,True,False,False,,,True,1,0,camion_id_sin_correspondencia_silver,cuarentena
ORD-2026-00454,CLI-025,PROD-048,2026-08-09 05:48:00+00:00,Cochabamba,CAM-27,CHO-131,466.0,466.0,72.0,58.4,1.0,1.0,1.0,455,camion_id_sin_correspondencia_silver,fecha_local_bolivia_convertida_utc,,ORD-2026-00454,CLI-025,PROD-048,2026-08-09 01:48:00,Cochabamba,CAM-27,CHO-131,466,466.0,72,58.4,1,1,1,ORD-2026-00454,False,CLI-025,False,PROD-048,False,CAM-27,False,CHO-131,False,Cochabamba,False,466,False,466.0,False,False,466.0,False,False,72.0,False,False,58.4,False,False,1.0,False,False,1.0,False,False,1.0,False,False,iso,True,2026-08-09 05:48:00+00:00,False,True,True,False,False,,,True,1,0,camion_id_sin_correspondencia_silver,cuarentena
ORD-2026-00455,CLI-094,PROD-016,2026-08-04 13:59:00+00:00,Cochabamba,CAM-01,CHO-007,118.0,118.0,24.0,14.2,1.0,1.0,1.0,456,camion_id_sin_correspondencia_silver,fecha_local_bolivia_convertida_utc,,ORD-2026-00455,CLI-094,PROD-016,2026-08-04 09:59:00,Cochabamba,CAM-01,CHO-007,118,118.0,24,14.2,1,1,1,ORD-2026-00455,False,CLI-094,False,PROD-016,False,CAM-01,False,CHO-007,False,Cochabamba,False,118,False,118.0,False,False,118.0,False,False,24.0,False,False,14.2,False,False,1.0,False,False,1.0,False,False,1.0,False,False,iso,True,2026-08-04 13:59:00+00:00,False,True,True,False,False,,,True,1,0,camion_id_sin_correspondencia_silver,cuarentena
ORD-2026-00461,CLI-063,PROD-010,2026-08-14 09:03:00+00:00,La Paz,CAM-12,CHO-130,80.0,80.0,24.0,21.6,1.0,1.0,1.0,462,producto_id_sin_correspondencia_silver,fecha_local_bolivia_convertida_utc,,ORD-2026-00461,CLI-063,PROD-010,2026-08-14 05:03:00,La Paz,CAM-12,CHO-130,80,80.0,24,21.6,1,1,1,ORD-2026-00461,False,CLI-063,False,PROD-010,False,CAM-12,False,CHO-130,False,La Paz,False,80,False,80.0,False,False,80.0,False,False,24.0,False,False,21.6,False,False,1.0,False,False,1.0,False,False,1.0,False,False,iso,True,2026-08-14 09:03:00+00:00,False,True,False,True,False,,,True,1,0,producto_id_sin_correspondencia_silver,cuarentena
ORD-2026-00463,CLI-069,PROD-031,2026-08-03 05:34:00+00:00,Cochabamba,CAM-01,CHO-061,449.0,449.0,48.0,32.9,1.0,1.0,1.0,464,camion_id_sin_correspondencia_silver,fecha_local_bolivia_convertida_utc,,ORD-2026-00463,CLI-069,PROD-031,2026-08-03 01:34:00,Cochabamba,CAM-01,CHO-061,449,449.0,48,32.9,1,1,1,ORD-2026-00463,False,CLI-069,False,PROD-031,False,CAM-01,False,CHO-061,False,Cochabamba,False,449,False,449.0,False,False,449.0,False,False,48.0,False,False,32.9,False,False,1.0,False,False,1.0,False,False,1.0,False,False,iso,True,2026-08-03 05:34:00+00:00,False,True,True,False,False,,,True,1,0,camion_id_sin_correspondencia_silver,cuarentena
ORD-2026-00464,CLI-046,PROD-015,2026-08-30 04:20:00+00:00,Tarija,CAM-19,CHO-055,222.0,,72.0,57.0,1.0,1.0,1.0,465,requerido_ausente:cantidad_entregada,fecha_local_bolivia_convertida_utc,,ORD-2026-00464,CLI-046,PROD-015,2026-08-30 00:20:00,Tarija,CAM-19,CHO-055,222,,72,57.0,1,1,1,ORD-2026-00464,False,CLI-046,False,PROD-015,False,CAM-19,False,CHO-055,False,Tarija,False,222,False,222.0,False,False,,False,False,72.0,False,False,57.0,False,False,1.0,False,False,1.0,False,False,1.0,False,False,iso,True,2026-08-30 04:20:00+00:00,False,True,True,True,False,,,True,1,0,requerido_ausente:cantidad_entregada,cuarentena
ORD-2026-00465,CLI-014,PROD-045,2026-08-30 06:52:00+00:00,Cochabamba,CAM-01,CHO-121,31.0,31.0,72.0,70.6,1.0,1.0,1.0,466,camion_id_sin_correspondencia_silver,fecha_local_bolivia_convertida_utc,,ORD-2026-00465,CLI-014,PROD-045,2026-08-30 02:52:00,Cochabamba,CAM-01,CHO-121,31,31.0,72,70.6,1,1,1,ORD-2026-00465,False,CLI-014,False,PROD-045,False,CAM-01,False,CHO-121,False,Cochabamba,False,31,False,31.0,False,False,31.0,False,False,72.0,False,False,70.6,False,False,1.0,False,False,1.0,False,False,1.0,False,False,iso,True,2026-08-30 06:52:00+00:00,False,True,True,False,False,,,True,1,0,camion_id_sin_correspondencia_silver,cuarentena
ORD-2026-00484,CLI-097,PROD-024,2026-08-30 06:03:00+00:00,Tarija,CAM-21,CHO-005,357.0,357.0,48.0,39.8,1.0,1.0,1.0,485,producto_id_sin_correspondencia_silver,fecha_local_bolivia_convertida_utc,,ORD-2026-00484,CLI-097,PROD-024,2026-08-30 02:03:00,Tarija,CAM-21,CHO-005,357,357.0,48,39.8,1,1,1,ORD-2026-00484,False,CLI-097,False,PROD-024,False,CAM-21,False,CHO-005,False,Tarija,False,357,False,357.0,False,False,357.0,False,False,48.0,False,False,39.8,False,False,1.0,False,False,1.0,False,False,1.0,False,False,iso,True,2026-08-30 06:03:00+00:00,False,True,False,True,False,,,True,1,0,producto_id_sin_correspondencia_silver,cuarentena
ORD-2026-00489,CLI-030,PROD-002,2026-08-24 22:27:00+00:00,Santa Cruz,CAM-18,CHO-116,177.0,,72.0,45.7,1.0,1.0,1.0,490,requerido_ausente:cantidad_entregada,fecha_local_bolivia_convertida_utc,,ORD-2026-00489,CLI-030,PROD-002,2026-08-24 18:27:00,Santa Cruz,CAM-18,CHO-116,177,,72,45.7,1,1,1,ORD-2026-00489,False,CLI-030,False,PROD-002,False,CAM-18,False,CHO-116,False,Santa Cruz,False,177,False,177.0,False,False,,False,False,72.0,False,False,45.7,False,False,1.0,False,False,1.0,False,False,1.0,False,False,iso,True,2026-08-24 22:27:00+00:00,False,True,True,True,False,,,True,1,0,requerido_ausente:cantidad_entregada,cuarentena
ORD-2026-00495,CLI-011,PROD-010,2026-08-07 21:21:00+00:00,Cochabamba,CAM-25,CHO-070,492.0,492.0,24.0,16.4,1.0,1.0,1.0,496,producto_id_sin_correspondencia_silver,fecha_local_bolivia_convertida_utc,,ORD-2026-00495,CLI-011,PROD-010,2026-08-07 17:21:00,Cochabamba,CAM-25,CHO-070,492,492.0,24,16.4,1,1,1,ORD-2026-00495,False,CLI-011,False,PROD-010,False,CAM-25,False,CHO-070,False,Cochabamba,False,492,False,492.0,False,False,492.0,False,False,24.0,False,False,16.4,False,False,1.0,False,False,1.0,False,False,1.0,False,False,iso,True,2026-08-07 21:21:00+00:00,False,True,False,True,False,,,True,1,0,producto_id_sin_correspondencia_silver,cuarentena
ORD-2026-00498,CLI-092,PROD-013,2026-08-05 10:21:00+00:00,La Paz,CAM-28,CHO-011,133.0,,48.0,39.7,1.0,1.0,1.0,499,requerido_ausente:cantidad_entregada,fecha_local_bolivia_convertida_utc,,ORD-2026-00498,CLI-092,PROD-013,2026-08-05 06:21:00,La Paz,CAM-28,CHO-011,133,,48,39.7,1,1,1,ORD-2026-00498,False,CLI-092,False,PROD-013,False,CAM-28,False,CHO-011,False,La Paz,False,133,False,133.0,False,False,,False,False,48.0,False,False,39.7,False,False,1.0,False,False,1.0,False,False,1.0,False,False,iso,True,2026-08-05 10:21:00+00:00,False,True,True,True,False,,,True,1,0,requerido_ausente:cantidad_entregada,cuarentena
ORD-2026-00502,CLI-040,PROD-034,2026-08-22 02:46:00+00:00,Cochabamba,CAM-01,CHO-002,394.0,394.0,24.0,17.4,1.0,1.0,1.0,503,camion_id_sin_correspondencia_silver,fecha_local_bolivia_convertida_utc,,ORD-2026-00502,CLI-040,PROD-034,2026-08-21 22:46:00,Cochabamba,CAM-01,CHO-002,394,394.0,24,17.4,1,1,1,ORD-2026-00502,False,CLI-040,False,PROD-034,False,CAM-01,False,CHO-002,False,Cochabamba,False,394,False,394.0,False,False,394.0,False,False,24.0,False,False,17.4,False,False,1.0,False,False,1.0,False,False,1.0,False,False,iso,True,2026-08-22 02:46:00+00:00,False,True,True,False,False,,,True,1,0,camion_id_sin_correspondencia_silver,cuarentena
ORD-2026-00505,CLI-048,PROD-043,2026-08-15 16:57:00+00:00,Cochabamba,CAM-02,CHO-120,137.0,137.0,48.0,37.4,1.0,1.0,1.0,506,order_id_duplicado,fecha_local_bolivia_convertida_utc,,ORD-2026-00505,CLI-048,PROD-043,2026-08-15 12:57:00,Cochabamba,CAM-02,CHO-120,137,137.0,48,37.4,1,1,1,ORD-2026-00505,False,CLI-048,False,PROD-043,False,CAM-02,False,CHO-120,False,Cochabamba,False,137,False,137.0,False,False,137.0,False,False,48.0,False,False,37.4,False,False,1.0,False,False,1.0,False,False,1.0,False,False,iso,True,2026-08-15 16:57:00+00:00,False,True,True,True,False,,,True,1,0,order_id_duplicado,cuarentena
ORD-2026-00507,CLI-004,PROD-010,2026-08-14 23:26:00+00:00,Oruro,CAM-16,CHO-046,166.0,166.0,48.0,39.5,1.0,1.0,1.0,508,producto_id_sin_correspondencia_silver,fecha_local_bolivia_convertida_utc,,ORD-2026-00507,CLI-004,PROD-010,2026-08-14 19:26:00,Oruro,CAM-16,CHO-046,166,166.0,48,39.5,1,1,1,ORD-2026-00507,False,CLI-004,False,PROD-010,False,CAM-16,False,CHO-046,False,Oruro,False,166,False,166.0,False,False,166.0,False,False,48.0,False,False,39.5,False,False,1.0,False,False,1.0,False,False,1.0,False,False,iso,True,2026-08-14 23:26:00+00:00,False,True,False,True,False,,,True,1,0,producto_id_sin_correspondencia_silver,cuarentena
ORD-2026-00512,CLI-019,PROD-022,2026-08-11 08:28:00+00:00,Cochabamba,CAM-02,CHO-136,50.0,364.0,24.0,19.5,1.0,1.0,1.0,513,cantidad_entregada_mayor_solicitada,numero_escrito_normalizado:cantidad_solicitada | fecha_local_bolivia_convertida_utc,,ORD-2026-00512,CLI-019,PROD-022,2026-08-11 04:28:00,Cochabamba,CAM-02,CHO-136,cincuenta,364.0,24,19.5,1,1,1,ORD-2026-00512,False,CLI-019,False,PROD-022,False,CAM-02,False,CHO-136,False,Cochabamba,False,50,True,50.0,False,False,364.0,False,False,24.0,False,False,19.5,False,False,1.0,False,False,1.0,False,False,1.0,False,False,iso,True,2026-08-11 08:28:00+00:00,False,True,True,True,False,,,True,2,0,cantidad_entregada_mayor_solicitada,cuarentena
ORD-2026-00513,CLI-008,PROD-012,2026-08-16 20:31:00+00:00,Tarija,CAM-21,CHO-055,355.0,,72.0,69.7,1.0,1.0,1.0,514,requerido_ausente:cantidad_entregada,fecha_local_bolivia_convertida_utc,,ORD-2026-00513,CLI-008,PROD-012,2026-08-16 16:31:00,Tarija,CAM-21,CHO-055,355,,72,69.7,1,1,1,ORD-2026-00513,False,CLI-008,False,PROD-012,False,CAM-21,False,CHO-055,False,Tarija,False,355,False,355.0,False,False,,False,False,72.0,False,False,69.7,False,False,1.0,False,False,1.0,False,False,1.0,False,False,iso,True,2026-08-16 20:31:00+00:00,False,True,True,True,False,,,True,1,0,requerido_ausente:cantidad_entregada,cuarentena
ORD-2026-00516,CLI-076,PROD-036,2026-08-02 05:23:00+00:00,Oruro,CAM-20,CHO-046,121.0,121.0,24.0,19.9,1.0,1.0,1.0,517,producto_id_sin_correspondencia_silver,fecha_local_bolivia_convertida_utc,,ORD-2026-00516,CLI-076,PROD-036,2026-08-02 01:23:00,Oruro,CAM-20,CHO-046,121,121.0,24,19.9,1,1,1,ORD-2026-00516,False,CLI-076,False,PROD-036,False,CAM-20,False,CHO-046,False,Oruro,False,121,False,121.0,False,False,121.0,False,False,24.0,False,False,19.9,False,False,1.0,False,False,1.0,False,False,1.0,False,False,iso,True,2026-08-02 05:23:00+00:00,False,True,False,True,False,,,True,1,0,producto_id_sin_correspondencia_silver,cuarentena
ORD-2026-00533,CLI-021,PROD-043,2026-08-16 15:35:00+00:00,Cochabamba,CAM-27,CHO-019,493.0,493.0,24.0,22.8,1.0,1.0,1.0,534,camion_id_sin_correspondencia_silver,fecha_local_bolivia_convertida_utc,,ORD-2026-00533,CLI-021,PROD-043,2026-08-16 11:35:00,Cochabamba,CAM-27,CHO-019,493,493.0,24,22.8,1,1,1,ORD-2026-00533,False,CLI-021,False,PROD-043,False,CAM-27,False,CHO-019,False,Cochabamba,False,493,False,493.0,False,False,493.0,False,False,24.0,False,False,22.8,False,False,1.0,False,False,1.0,False,False,1.0,False,False,iso,True,2026-08-16 15:35:00+00:00,False,True,True,False,False,,,True,1,0,camion_id_sin_correspondencia_silver,cuarentena
ORD-2026-00565,CLI-054,PROD-024,2026-08-09 15:18:00+00:00,La Paz,CAM-07,CHO-004,426.0,426.0,24.0,18.0,1.0,1.0,1.0,566,producto_id_sin_correspondencia_silver,fecha_local_bolivia_convertida_utc,,ORD-2026-00565,CLI-054,PROD-024,2026-08-09 11:18:00,La Paz,CAM-07,CHO-004,426,426.0,24,18.0,1,1,1,ORD-2026-00565,False,CLI-054,False,PROD-024,False,CAM-07,False,CHO-004,False,La Paz,False,426,False,426.0,False,False,426.0,False,False,24.0,False,False,18.0,False,False,1.0,False,False,1.0,False,False,1.0,False,False,iso,True,2026-08-09 15:18:00+00:00,False,True,False,True,False,,,True,1,0,producto_id_sin_correspondencia_silver,cuarentena
ORD-2026-00567,CLI-022,PROD-010,2026-08-10 08:02:00+00:00,La Paz,CAM-10,CHO-124,314.0,314.0,72.0,74.3,0.0,1.0,0.0,568,producto_id_sin_correspondencia_silver,fecha_local_bolivia_convertida_utc,,ORD-2026-00567,CLI-022,PROD-010,2026-08-10 04:02:00,La Paz,CAM-10,CHO-124,314,314.0,72,74.3,0,1,0,ORD-2026-00567,False,CLI-022,False,PROD-010,False,CAM-10,False,CHO-124,False,La Paz,False,314,False,314.0,False,False,314.0,False,False,72.0,False,False,74.3,False,False,0.0,False,False,1.0,False,False,0.0,False,False,iso,True,2026-08-10 08:02:00+00:00,False,True,False,True,False,,,True,1,0,producto_id_sin_correspondencia_silver,cuarentena
ORD-2026-00568,CLI-076,PROD-028,2026-08-03 08:49:00+00:00,La Paz,CAM-04,CHO-117,482.0,482.0,72.0,43.8,1.0,1.0,1.0,569,producto_id_sin_correspondencia_silver,fecha_local_bolivia_convertida_utc,,ORD-2026-00568,CLI-076,PROD-028,2026-08-03 04:49:00,La Paz,CAM-04,CHO-117,482,482.0,72,43.8,1,1,1,ORD-2026-00568,False,CLI-076,False,PROD-028,False,CAM-04,False,CHO-117,False,La Paz,False,482,False,482.0,False,False,482.0,False,False,72.0,False,False,43.8,False,False,1.0,False,False,1.0,False,False,1.0,False,False,iso,True,2026-08-03 08:49:00+00:00,False,True,False,True,False,,,True,1,0,producto_id_sin_correspondencia_silver,cuarentena
ORD-2026-00572,CLI-075,PROD-036,2026-08-02 14:38:00+00:00,La Paz,CAM-28,CHO-035,362.0,362.0,48.0,43.4,1.0,1.0,1.0,573,producto_id_sin_correspondencia_silver,fecha_local_bolivia_convertida_utc,,ORD-2026-00572,CLI-075,PROD-036,2026-08-02 10:38:00,La Paz,CAM-28,CHO-035,362,362.0,48,43.4,1,1,1,ORD-2026-00572,False,CLI-075,False,PROD-036,False,CAM-28,False,CHO-035,False,La Paz,False,362,False,362.0,False,False,362.0,False,False,48.0,False,False,43.4,False,False,1.0,False,False,1.0,False,False,1.0,False,False,iso,True,2026-08-02 14:38:00+00:00,False,True,False,True,False,,,True,1,0,producto_id_sin_correspondencia_silver,cuarentena
ORD-2026-00584,CLI-010,PROD-009,2026-08-10 06:59:00+00:00,Cochabamba,CAM-01,CHO-062,10.0,10.0,24.0,17.0,1.0,1.0,1.0,585,camion_id_sin_correspondencia_silver,fecha_local_bolivia_convertida_utc,,ORD-2026-00584,CLI-010,PROD-009,2026-08-10 02:59:00,Cochabamba,CAM-01,CHO-062,10,10.0,24,17.0,1,1,1,ORD-2026-00584,False,CLI-010,False,PROD-009,False,CAM-01,False,CHO-062,False,Cochabamba,False,10,False,10.0,False,False,10.0,False,False,24.0,False,False,17.0,False,False,1.0,False,False,1.0,False,False,1.0,False,False,iso,True,2026-08-10 06:59:00+00:00,False,True,True,False,False,,,True,1,0,camion_id_sin_correspondencia_silver,cuarentena
ORD-2026-00585,CLI-026,PROD-009,2026-08-23 15:06:00+00:00,Cochabamba,CAM-01,CHO-072,52.0,52.0,72.0,63.1,1.0,1.0,1.0,586,camion_id_sin_correspondencia_silver,fecha_local_bolivia_convertida_utc,,ORD-2026-00585,CLI-026,PROD-009,2026-08-23 11:06:00,Cochabamba,CAM-01,CHO-072,52,52.0,72,63.1,1,1,1,ORD-2026-00585,False,CLI-026,False,PROD-009,False,CAM-01,False,CHO-072,False,Cochabamba,False,52,False,52.0,False,False,52.0,False,False,72.0,False,False,63.1,False,False,1.0,False,False,1.0,False,False,1.0,False,False,iso,True,2026-08-23 15:06:00+00:00,False,True,True,False,False,,,True,1,0,camion_id_sin_correspondencia_silver,cuarentena
ORD-2026-00586,CLI-066,PROD-026,2026-08-15 12:34:00+00:00,La Paz,CAM-10,CHO-124,469.0,469.0,72.0,79.6,0.0,1.0,0.0,587,producto_id_sin_correspondencia_silver,fecha_local_bolivia_convertida_utc,,ORD-2026-00586,CLI-066,PROD-026,2026-08-15 08:34:00,La Paz,CAM-10,CHO-124,469,469.0,72,79.6,0,1,0,ORD-2026-00586,False,CLI-066,False,PROD-026,False,CAM-10,False,CHO-124,False,La Paz,False,469,False,469.0,False,False,469.0,False,False,72.0,False,False,79.6,False,False,0.0,False,False,1.0,False,False,0.0,False,False,iso,True,2026-08-15 12:34:00+00:00,False,True,False,True,False,,,True,1,0,producto_id_sin_correspondencia_silver,cuarentena
ORD-2026-00600,CLI-042,PROD-036,2026-08-16 18:16:00+00:00,Tarija,CAM-26,CHO-078,419.0,419.0,48.0,43.6,1.0,1.0,1.0,601,producto_id_sin_correspondencia_silver,fecha_local_bolivia_convertida_utc,,ORD-2026-00600,CLI-042,PROD-036,2026-08-16 14:16:00,Tarija,CAM-26,CHO-078,419,419.0,48,43.6,1,1,1,ORD-2026-00600,False,CLI-042,False,PROD-036,False,CAM-26,False,CHO-078,False,Tarija,False,419,False,419.0,False,False,419.0,False,False,48.0,False,False,43.6,False,False,1.0,False,False,1.0,False,False,1.0,False,False,iso,True,2026-08-16 18:16:00+00:00,False,True,False,True,False,,,True,1,0,producto_id_sin_correspondencia_silver,cuarentena
ORD-2026-00605,CLI-078,PROD-014,2026-08-15 12:53:00+00:00,Cochabamba,CAM-06,CHO-077,160.0,154.0,48.0,37.8,1.0,0.0,0.0,606,producto_id_sin_correspondencia_silver,fecha_local_bolivia_convertida_utc,,ORD-2026-00605,CLI-078,PROD-014,2026-08-15 08:53:00,Cochabamba,CAM-06,CHO-077,160,154.0,48,37.8,1,0,0,ORD-2026-00605,False,CLI-078,False,PROD-014,False,CAM-06,False,CHO-077,False,Cochabamba,False,160,False,160.0,False,False,154.0,False,False,48.0,False,False,37.8,False,False,1.0,False,False,0.0,False,False,0.0,False,False,iso,True,2026-08-15 12:53:00+00:00,False,True,False,True,False,,,True,1,0,producto_id_sin_correspondencia_silver,cuarentena
ORD-2026-00606,CLI-080,PROD-006,2026-08-19 23:48:00+00:00,Cochabamba,CAM-27,CHO-135,372.0,363.0,24.0,24.0,1.0,0.0,0.0,607,camion_id_sin_correspondencia_silver,fecha_local_bolivia_convertida_utc,,ORD-2026-00606,CLI-080,PROD-006,2026-08-19 19:48:00,Cochabamba,CAM-27,CHO-135,372,363.0,24,24.0,1,0,0,ORD-2026-00606,False,CLI-080,False,PROD-006,False,CAM-27,False,CHO-135,False,Cochabamba,False,372,False,372.0,False,False,363.0,False,False,24.0,False,False,24.0,False,False,1.0,False,False,0.0,False,False,0.0,False,False,iso,True,2026-08-19 23:48:00+00:00,False,True,True,False,False,,,True,1,0,camion_id_sin_correspondencia_silver,cuarentena
ORD-2026-00613,CLI-023,PROD-036,2026-08-03 02:16:00+00:00,Tarija,CAM-19,CHO-043,170.0,170.0,72.0,64.3,1.0,1.0,1.0,614,producto_id_sin_correspondencia_silver,fecha_local_bolivia_convertida_utc,,ORD-2026-00613,CLI-023,PROD-036,2026-08-02 22:16:00,Tarija,CAM-19,CHO-043,170,170.0,72,64.3,1,1,1,ORD-2026-00613,False,CLI-023,False,PROD-036,False,CAM-19,False,CHO-043,False,Tarija,False,170,False,170.0,False,False,170.0,False,False,72.0,False,False,64.3,False,False,1.0,False,False,1.0,False,False,1.0,False,False,iso,True,2026-08-03 02:16:00+00:00,False,True,False,True,False,,,True,1,0,producto_id_sin_correspondencia_silver,cuarentena
ORD-2026-00627,CLI-003,PROD-047,2026-08-25 17:24:00+00:00,Cochabamba,CAM-27,CHO-061,27.0,27.0,48.0,40.6,1.0,1.0,1.0,628,camion_id_sin_correspondencia_silver,fecha_local_bolivia_convertida_utc,,ORD-2026-00627,CLI-003,PROD-047,2026-08-25 13:24:00,Cochabamba,CAM-27,CHO-061,27,27.0,48,40.6,1,1,1,ORD-2026-00627,False,CLI-003,False,PROD-047,False,CAM-27,False,CHO-061,False,Cochabamba,False,27,False,27.0,False,False,27.0,False,False,48.0,False,False,40.6,False,False,1.0,False,False,1.0,False,False,1.0,False,False,iso,True,2026-08-25 17:24:00+00:00,False,True,True,False,False,,,True,1,0,camion_id_sin_correspondencia_silver,cuarentena
ORD-2026-00629,CLI-028,PROD-010,2026-08-08 12:31:00+00:00,La Paz,CAM-12,CHO-056,58.0,58.0,24.0,21.0,1.0,1.0,1.0,630,producto_id_sin_correspondencia_silver,fecha_local_bolivia_convertida_utc,,ORD-2026-00629,CLI-028,PROD-010,2026-08-08 08:31:00,La Paz,CAM-12,CHO-056,58,58.0,24,21.0,1,1,1,ORD-2026-00629,False,CLI-028,False,PROD-010,False,CAM-12,False,CHO-056,False,La Paz,False,58,False,58.0,False,False,58.0,False,False,24.0,False,False,21.0,False,False,1.0,False,False,1.0,False,False,1.0,False,False,iso,True,2026-08-08 12:31:00+00:00,False,True,False,True,False,,,True,1,0,producto_id_sin_correspondencia_silver,cuarentena
ORD-2026-00631,CLI-031,PROD-036,2026-08-02 10:02:00+00:00,Tarija,CAM-19,CHO-068,257.0,257.0,24.0,15.9,1.0,1.0,1.0,632,producto_id_sin_correspondencia_silver,fecha_local_bolivia_convertida_utc,,ORD-2026-00631,CLI-031,PROD-036,2026-08-02 06:02:00,Tarija,CAM-19,CHO-068,257,257.0,24,15.9,1,1,1,ORD-2026-00631,False,CLI-031,False,PROD-036,False,CAM-19,False,CHO-068,False,Tarija,False,257,False,257.0,False,False,257.0,False,False,24.0,False,False,15.9,False,False,1.0,False,False,1.0,False,False,1.0,False,False,iso,True,2026-08-02 10:02:00+00:00,False,True,False,True,False,,,True,1,0,producto_id_sin_correspondencia_silver,cuarentena
ORD-2026-00634,CLI-055,PROD-044,2026-08-08 14:23:00+00:00,La Paz,CAM-10,CHO-147,121.0,121.0,72.0,88.3,0.0,1.0,0.0,635,order_id_duplicado,fecha_local_bolivia_convertida_utc,,ORD-2026-00634,CLI-055,PROD-044,2026-08-08 10:23:00,La Paz,CAM-10,CHO-147,121,121.0,72,88.3,0,1,0,ORD-2026-00634,False,CLI-055,False,PROD-044,False,CAM-10,False,CHO-147,False,La Paz,False,121,False,121.0,False,False,121.0,False,False,72.0,False,False,88.3,False,False,0.0,False,False,1.0,False,False,0.0,False,False,iso,True,2026-08-08 14:23:00+00:00,False,True,True,True,False,,,True,1,0,order_id_duplicado,cuarentena
ORD-2026-00638,CLI-026,PROD-010,2026-08-22 05:06:00+00:00,Santa Cruz,CAM-23,CHO-127,411.0,411.0,24.0,22.5,1.0,1.0,1.0,639,producto_id_sin_correspondencia_silver,fecha_local_bolivia_convertida_utc,,ORD-2026-00638,CLI-026,PROD-010,2026-08-22 01:06:00,Santa Cruz,CAM-23,CHO-127,411,411.0,24,22.5,1,1,1,ORD-2026-00638,False,CLI-026,False,PROD-010,False,CAM-23,False,CHO-127,False,Santa Cruz,False,411,False,411.0,False,False,411.0,False,False,24.0,False,False,22.5,False,False,1.0,False,False,1.0,False,False,1.0,False,False,iso,True,2026-08-22 05:06:00+00:00,False,True,False,True,False,,,True,1,0,producto_id_sin_correspondencia_silver,cuarentena
ORD-2026-00640,CLI-094,PROD-023,2026-08-08 18:32:00+00:00,Cochabamba,CAM-27,CHO-024,101.0,101.0,48.0,35.5,1.0,1.0,1.0,641,camion_id_sin_correspondencia_silver,fecha_local_bolivia_convertida_utc,,ORD-2026-00640,CLI-094,PROD-023,2026-08-08 14:32:00,Cochabamba,CAM-27,CHO-024,101,101.0,48,35.5,1,1,1,ORD-2026-00640,False,CLI-094,False,PROD-023,False,CAM-27,False,CHO-024,False,Cochabamba,False,101,False,101.0,False,False,101.0,False,False,48.0,False,False,35.5,False,False,1.0,False,False,1.0,False,False,1.0,False,False,iso,True,2026-08-08 18:32:00+00:00,False,True,True,False,False,,,True,1,0,camion_id_sin_correspondencia_silver,cuarentena
ORD-2026-00643,CLI-054,PROD-032,2026-08-24 03:14:00+00:00,Cochabamba,CAM-27,CHO-111,239.0,239.0,24.0,20.9,1.0,1.0,1.0,644,camion_id_sin_correspondencia_silver,fecha_local_bolivia_convertida_utc,,ORD-2026-00643,CLI-054,PROD-032,2026-08-23 23:14:00,Cochabamba,CAM-27,CHO-111,239,239.0,24,20.9,1,1,1,ORD-2026-00643,False,CLI-054,False,PROD-032,False,CAM-27,False,CHO-111,False,Cochabamba,False,239,False,239.0,False,False,239.0,False,False,24.0,False,False,20.9,False,False,1.0,False,False,1.0,False,False,1.0,False,False,iso,True,2026-08-24 03:14:00+00:00,False,True,True,False,False,,,True,1,0,camion_id_sin_correspondencia_silver,cuarentena
ORD-2026-00647,CLI-072,PROD-026,2026-08-27 05:31:00+00:00,Santa Cruz,CAM-08,CHO-149,135.0,135.0,24.0,19.3,1.0,1.0,1.0,648,producto_id_sin_correspondencia_silver,fecha_local_bolivia_convertida_utc,,ORD-2026-00647,CLI-072,PROD-026,2026-08-27 01:31:00,Santa Cruz,CAM-08,CHO-149,135,135.0,24,19.3,1,1,1,ORD-2026-00647,False,CLI-072,False,PROD-026,False,CAM-08,False,CHO-149,False,Santa Cruz,False,135,False,135.0,False,False,135.0,False,False,24.0,False,False,19.3,False,False,1.0,False,False,1.0,False,False,1.0,False,False,iso,True,2026-08-27 05:31:00+00:00,False,True,False,True,False,,,True,1,0,producto_id_sin_correspondencia_silver,cuarentena
ORD-2026-00648,CLI-058,PROD-036,2026-08-10 07:46:00+00:00,Oruro,CAM-20,CHO-038,148.0,148.0,72.0,65.4,1.0,1.0,1.0,649,producto_id_sin_correspondencia_silver,fecha_local_bolivia_convertida_utc,,ORD-2026-00648,CLI-058,PROD-036,2026-08-10 03:46:00,Oruro,CAM-20,CHO-038,148,148.0,72,65.4,1,1,1,ORD-2026-00648,False,CLI-058,False,PROD-036,False,CAM-20,False,CHO-038,False,Oruro,False,148,False,148.0,False,False,148.0,False,False,72.0,False,False,65.4,False,False,1.0,False,False,1.0,False,False,1.0,False,False,iso,True,2026-08-10 07:46:00+00:00,False,True,False,True,False,,,True,1,0,producto_id_sin_correspondencia_silver,cuarentena
ORD-2026-00649,CLI-058,PROD-028,2026-08-12 04:42:00+00:00,La Paz,CAM-12,CHO-130,210.0,210.0,48.0,45.3,1.0,1.0,1.0,650,producto_id_sin_correspondencia_silver,fecha_local_bolivia_convertida_utc,,ORD-2026-00649,CLI-058,PROD-028,2026-08-12 00:42:00,La Paz,CAM-12,CHO-130,210,210.0,48,45.3,1,1,1,ORD-2026-00649,False,CLI-058,False,PROD-028,False,CAM-12,False,CHO-130,False,La Paz,False,210,False,210.0,False,False,210.0,False,False,48.0,False,False,45.3,False,False,1.0,False,False,1.0,False,False,1.0,False,False,iso,True,2026-08-12 04:42:00+00:00,False,True,False,True,False,,,True,1,0,producto_id_sin_correspondencia_silver,cuarentena
ORD-2026-00657,CLI-097,PROD-044,2026-08-06 23:30:00+00:00,Cochabamba,CAM-27,CHO-111,383.0,383.0,72.0,51.7,1.0,1.0,1.0,658,camion_id_sin_correspondencia_silver,fecha_local_bolivia_convertida_utc,,ORD-2026-00657,CLI-097,PROD-044,2026-08-06 19:30:00,Cochabamba,CAM-27,CHO-111,383,383.0,72,51.7,1,1,1,ORD-2026-00657,False,CLI-097,False,PROD-044,False,CAM-27,False,CHO-111,False,Cochabamba,False,383,False,383.0,False,False,383.0,False,False,72.0,False,False,51.7,False,False,1.0,False,False,1.0,False,False,1.0,False,False,iso,True,2026-08-06 23:30:00+00:00,False,True,True,False,False,,,True,1,0,camion_id_sin_correspondencia_silver,cuarentena
ORD-2026-00671,CLI-070,PROD-047,2026-08-18 11:13:00+00:00,Cochabamba,CAM-01,CHO-102,336.0,336.0,72.0,90.4,0.0,1.0,0.0,672,camion_id_sin_correspondencia_silver,fecha_local_bolivia_convertida_utc,,ORD-2026-00671,CLI-070,PROD-047,2026-08-18 07:13:00,Cochabamba,CAM-01,CHO-102,336,336.0,72,90.4,0,1,0,ORD-2026-00671,False,CLI-070,False,PROD-047,False,CAM-01,False,CHO-102,False,Cochabamba,False,336,False,336.0,False,False,336.0,False,False,72.0,False,False,90.4,False,False,0.0,False,False,1.0,False,False,0.0,False,False,iso,True,2026-08-18 11:13:00+00:00,False,True,True,False,False,,,True,1,0,camion_id_sin_correspondencia_silver,cuarentena
ORD-2026-00672,CLI-093,PROD-009,2026-08-16 00:04:00+00:00,Cochabamba,CAM-27,CHO-111,92.0,92.0,24.0,18.5,1.0,1.0,1.0,673,camion_id_sin_correspondencia_silver,fecha_local_bolivia_convertida_utc,,ORD-2026-00672,CLI-093,PROD-009,2026-08-15 20:04:00,Cochabamba,CAM-27,CHO-111,92,92.0,24,18.5,1,1,1,ORD-2026-00672,False,CLI-093,False,PROD-009,False,CAM-27,False,CHO-111,False,Cochabamba,False,92,False,92.0,False,False,92.0,False,False,24.0,False,False,18.5,False,False,1.0,False,False,1.0,False,False,1.0,False,False,iso,True,2026-08-16 00:04:00+00:00,False,True,True,False,False,,,True,1,0,camion_id_sin_correspondencia_silver,cuarentena
ORD-2026-00675,CLI-022,PROD-047,2026-08-28 22:10:00+00:00,Cochabamba,CAM-27,CHO-111,28.0,28.0,72.0,84.8,0.0,1.0,0.0,676,camion_id_sin_correspondencia_silver,fecha_local_bolivia_convertida_utc,,ORD-2026-00675,CLI-022,PROD-047,2026-08-28 18:10:00,Cochabamba,CAM-27,CHO-111,28,28.0,72,84.8,0,1,0,ORD-2026-00675,False,CLI-022,False,PROD-047,False,CAM-27,False,CHO-111,False,Cochabamba,False,28,False,28.0,False,False,28.0,False,False,72.0,False,False,84.8,False,False,0.0,False,False,1.0,False,False,0.0,False,False,iso,True,2026-08-28 22:10:00+00:00,False,True,True,False,False,,,True,1,0,camion_id_sin_correspondencia_silver,cuarentena
ORD-2026-00680,CLI-100,PROD-028,2026-08-11 05:38:00+00:00,Tarija,CAM-26,CHO-099,472.0,472.0,72.0,71.1,1.0,1.0,1.0,681,producto_id_sin_correspondencia_silver,fecha_local_bolivia_convertida_utc,,ORD-2026-00680,CLI-100,PROD-028,2026-08-11 01:38:00,Tarija,CAM-26,CHO-099,472,472.0,72,71.1,1,1,1,ORD-2026-00680,False,CLI-100,False,PROD-028,False,CAM-26,False,CHO-099,False,Tarija,False,472,False,472.0,False,False,472.0,False,False,72.0,False,False,71.1,False,False,1.0,False,False,1.0,False,False,1.0,False,False,iso,True,2026-08-11 05:38:00+00:00,False,True,False,True,False,,,True,1,0,producto_id_sin_correspondencia_silver,cuarentena
ORD-2026-00682,CLI-031,PROD-025,2026-08-18 19:42:00+00:00,Cochabamba,CAM-01,CHO-057,26.0,26.0,48.0,51.6,0.0,1.0,0.0,683,camion_id_sin_correspondencia_silver,fecha_local_bolivia_convertida_utc,,ORD-2026-00682,CLI-031,PROD-025,2026-08-18 15:42:00,Cochabamba,CAM-01,CHO-057,26,26.0,48,51.6,0,1,0,ORD-2026-00682,False,CLI-031,False,PROD-025,False,CAM-01,False,CHO-057,False,Cochabamba,False,26,False,26.0,False,False,26.0,False,False,48.0,False,False,51.6,False,False,0.0,False,False,1.0,False,False,0.0,False,False,iso,True,2026-08-18 19:42:00+00:00,False,True,True,False,False,,,True,1,0,camion_id_sin_correspondencia_silver,cuarentena
ORD-2026-00685,CLI-016,PROD-035,2026-08-08 12:41:00+00:00,Cochabamba,CAM-27,CHO-070,61.0,61.0,24.0,22.2,1.0,1.0,1.0,686,camion_id_sin_correspondencia_silver,fecha_local_bolivia_convertida_utc,,ORD-2026-00685,CLI-016,PROD-035,2026-08-08 08:41:00,Cochabamba,CAM-27,CHO-070,61,61.0,24,22.2,1,1,1,ORD-2026-00685,False,CLI-016,False,PROD-035,False,CAM-27,False,CHO-070,False,Cochabamba,False,61,False,61.0,False,False,61.0,False,False,24.0,False,False,22.2,False,False,1.0,False,False,1.0,False,False,1.0,False,False,iso,True,2026-08-08 12:41:00+00:00,False,True,True,False,False,,,True,1,0,camion_id_sin_correspondencia_silver,cuarentena
ORD-2026-00691,CLI-097,PROD-010,2026-08-28 21:08:00+00:00,Oruro,CAM-20,CHO-038,337.0,337.0,48.0,43.5,1.0,1.0,1.0,692,producto_id_sin_correspondencia_silver,fecha_local_bolivia_convertida_utc,,ORD-2026-00691,CLI-097,PROD-010,2026-08-28 17:08:00,Oruro,CAM-20,CHO-038,337,337.0,48,43.5,1,1,1,ORD-2026-00691,False,CLI-097,False,PROD-010,False,CAM-20,False,CHO-038,False,Oruro,False,337,False,337.0,False,False,337.0,False,False,48.0,False,False,43.5,False,False,1.0,False,False,1.0,False,False,1.0,False,False,iso,True,2026-08-28 21:08:00+00:00,False,True,False,True,False,,,True,1,0,producto_id_sin_correspondencia_silver,cuarentena
ORD-2026-00702,CLI-090,PROD-058,2026-08-13 01:17:00+00:00,Cochabamba,CAM-01,CHO-111,66.0,66.0,48.0,26.8,1.0,1.0,1.0,703,camion_id_sin_correspondencia_silver,fecha_local_bolivia_convertida_utc,,ORD-2026-00702,CLI-090,PROD-058,2026-08-12 21:17:00,Cochabamba,CAM-01,CHO-111,66,66.0,48,26.8,1,1,1,ORD-2026-00702,False,CLI-090,False,PROD-058,False,CAM-01,False,CHO-111,False,Cochabamba,False,66,False,66.0,False,False,66.0,False,False,48.0,False,False,26.8,False,False,1.0,False,False,1.0,False,False,1.0,False,False,iso,True,2026-08-13 01:17:00+00:00,False,True,True,False,False,,,True,1,0,camion_id_sin_correspondencia_silver,cuarentena
ORD-2026-00707,CLI-053,PROD-007,2026-08-31 00:03:00+00:00,Tarija,CAM-21,CHO-032,111.0,111.0,72.0,49.1,1.0,1.0,1.0,708,order_id_duplicado,fecha_local_bolivia_convertida_utc,,ORD-2026-00707,CLI-053,PROD-007,2026-08-30 20:03:00,Tarija,CAM-21,CHO-032,111,111.0,72,49.1,1,1,1,ORD-2026-00707,False,CLI-053,False,PROD-007,False,CAM-21,False,CHO-032,False,Tarija,False,111,False,111.0,False,False,111.0,False,False,72.0,False,False,49.1,False,False,1.0,False,False,1.0,False,False,1.0,False,False,iso,True,2026-08-31 00:03:00+00:00,False,True,True,True,False,,,True,1,0,order_id_duplicado,cuarentena
ORD-2026-00709,CLI-087,PROD-052,2026-08-30 08:53:00+00:00,Oruro,CAM-24,CHO-038,50.0,45.0,48.0,38.1,1.0,1.0,1.0,710,otif_in_full_incoherente,numero_escrito_normalizado:cantidad_solicitada | fecha_local_bolivia_convertida_utc,,ORD-2026-00709,CLI-087,PROD-052,2026-08-30 04:53:00,Oruro,CAM-24,CHO-038,cincuenta,45.0,48,38.1,1,1,1,ORD-2026-00709,False,CLI-087,False,PROD-052,False,CAM-24,False,CHO-038,False,Oruro,False,50,True,50.0,False,False,45.0,False,False,48.0,False,False,38.1,False,False,1.0,False,False,1.0,False,False,1.0,False,False,iso,True,2026-08-30 08:53:00+00:00,False,True,True,True,False,,,True,2,0,otif_in_full_incoherente,cuarentena
ORD-2026-00710,CLI-012,PROD-026,2026-08-23 10:41:00+00:00,La Paz,CAM-12,CHO-094,172.0,172.0,72.0,46.8,1.0,1.0,1.0,711,producto_id_sin_correspondencia_silver,fecha_local_bolivia_convertida_utc,,ORD-2026-00710,CLI-012,PROD-026,2026-08-23 06:41:00,La Paz,CAM-12,CHO-094,172,172.0,72,46.8,1,1,1,ORD-2026-00710,False,CLI-012,False,PROD-026,False,CAM-12,False,CHO-094,False,La Paz,False,172,False,172.0,False,False,172.0,False,False,72.0,False,False,46.8,False,False,1.0,False,False,1.0,False,False,1.0,False,False,iso,True,2026-08-23 10:41:00+00:00,False,True,False,True,False,,,True,1,0,producto_id_sin_correspondencia_silver,cuarentena
ORD-2026-00712,CLI-096,PROD-052,2026-08-29 09:50:00+00:00,Cochabamba,CAM-27,CHO-061,131.0,131.0,72.0,68.7,1.0,1.0,1.0,713,camion_id_sin_correspondencia_silver,fecha_local_bolivia_convertida_utc,,ORD-2026-00712,CLI-096,PROD-052,2026-08-29 05:50:00,Cochabamba,CAM-27,CHO-061,131,131.0,72,68.7,1,1,1,ORD-2026-00712,False,CLI-096,False,PROD-052,False,CAM-27,False,CHO-061,False,Cochabamba,False,131,False,131.0,False,False,131.0,False,False,72.0,False,False,68.7,False,False,1.0,False,False,1.0,False,False,1.0,False,False,iso,True,2026-08-29 09:50:00+00:00,False,True,True,False,False,,,True,1,0,camion_id_sin_correspondencia_silver,cuarentena
ORD-2026-00714,CLI-033,PROD-009,2026-08-06 14:54:00+00:00,Oruro,CAM-24,CHO-066,100.0,,48.0,44.2,1.0,0.0,0.0,715,requerido_ausente:cantidad_entregada,fecha_local_bolivia_convertida_utc,,ORD-2026-00714,CLI-033,PROD-009,2026-08-06 10:54:00,Oruro,CAM-24,CHO-066,100,,48,44.2,1,0,0,ORD-2026-00714,False,CLI-033,False,PROD-009,False,CAM-24,False,CHO-066,False,Oruro,False,100,False,100.0,False,False,,False,False,48.0,False,False,44.2,False,False,1.0,False,False,0.0,False,False,0.0,False,False,iso,True,2026-08-06 14:54:00+00:00,False,True,True,True,False,,,True,1,0,requerido_ausente:cantidad_entregada,cuarentena
ORD-2026-00728,CLI-054,PROD-020,2026-08-14 20:22:00+00:00,Cochabamba,CAM-01,CHO-125,202.0,202.0,72.0,56.7,1.0,1.0,1.0,729,camion_id_sin_correspondencia_silver,fecha_local_bolivia_convertida_utc,,ORD-2026-00728,CLI-054,PROD-020,2026-08-14 16:22:00,Cochabamba,CAM-01,CHO-125,202,202.0,72,56.7,1,1,1,ORD-2026-00728,False,CLI-054,False,PROD-020,False,CAM-01,False,CHO-125,False,Cochabamba,False,202,False,202.0,False,False,202.0,False,False,72.0,False,False,56.7,False,False,1.0,False,False,1.0,False,False,1.0,False,False,iso,True,2026-08-14 20:22:00+00:00,False,True,True,False,False,,,True,1,0,camion_id_sin_correspondencia_silver,cuarentena
ORD-2026-00735,CLI-086,PROD-002,2026-08-20 22:25:00+00:00,Cochabamba,CAM-22,CHO-111,230.0,,72.0,60.0,1.0,1.0,1.0,736,requerido_ausente:cantidad_entregada,fecha_local_bolivia_convertida_utc,,ORD-2026-00735,CLI-086,PROD-002,2026-08-20 18:25:00,Cochabamba,CAM-22,CHO-111,230,,72,60.0,1,1,1,ORD-2026-00735,False,CLI-086,False,PROD-002,False,CAM-22,False,CHO-111,False,Cochabamba,False,230,False,230.0,False,False,,False,False,72.0,False,False,60.0,False,False,1.0,False,False,1.0,False,False,1.0,False,False,iso,True,2026-08-20 22:25:00+00:00,False,True,True,True,False,,,True,1,0,requerido_ausente:cantidad_entregada,cuarentena
ORD-2026-00738,CLI-043,PROD-050,2026-08-31 00:15:00+00:00,Santa Cruz,CAM-29,CHO-139,380.0,380.0,24.0,12.3,1.0,1.0,1.0,739,order_id_duplicado,fecha_local_bolivia_convertida_utc,,ORD-2026-00738,CLI-043,PROD-050,2026-08-30 20:15:00,Santa Cruz,CAM-29,CHO-139,380,380.0,24,12.3,1,1,1,ORD-2026-00738,False,CLI-043,False,PROD-050,False,CAM-29,False,CHO-139,False,Santa Cruz,False,380,False,380.0,False,False,380.0,False,False,24.0,False,False,12.3,False,False,1.0,False,False,1.0,False,False,1.0,False,False,iso,True,2026-08-31 00:15:00+00:00,False,True,True,True,False,,,True,1,0,order_id_duplicado,cuarentena
ORD-2026-00739,CLI-004,PROD-014,2026-08-22 16:42:00+00:00,Tarija,CAM-26,CHO-084,338.0,325.0,72.0,58.6,1.0,0.0,0.0,740,producto_id_sin_correspondencia_silver,fecha_local_bolivia_convertida_utc,,ORD-2026-00739,CLI-004,PROD-014,2026-08-22 12:42:00,Tarija,CAM-26,CHO-084,338,325.0,72,58.6,1,0,0,ORD-2026-00739,False,CLI-004,False,PROD-014,False,CAM-26,False,CHO-084,False,Tarija,False,338,False,338.0,False,False,325.0,False,False,72.0,False,False,58.6,False,False,1.0,False,False,0.0,False,False,0.0,False,False,iso,True,2026-08-22 16:42:00+00:00,False,True,False,True,False,,,True,1,0,producto_id_sin_correspondencia_silver,cuarentena
ORD-2026-00763,CLI-091,PROD-026,2026-08-18 01:29:00+00:00,Tarija,CAM-19,CHO-119,205.0,205.0,48.0,52.2,0.0,1.0,0.0,764,producto_id_sin_correspondencia_silver,fecha_local_bolivia_convertida_utc,,ORD-2026-00763,CLI-091,PROD-026,2026-08-17 21:29:00,Tarija,CAM-19,CHO-119,205,205.0,48,52.2,0,1,0,ORD-2026-00763,False,CLI-091,False,PROD-026,False,CAM-19,False,CHO-119,False,Tarija,False,205,False,205.0,False,False,205.0,False,False,48.0,False,False,52.2,False,False,0.0,False,False,1.0,False,False,0.0,False,False,iso,True,2026-08-18 01:29:00+00:00,False,True,False,True,False,,,True,1,0,producto_id_sin_correspondencia_silver,cuarentena
ORD-2026-00777,CLI-041,PROD-044,2026-08-24 08:51:00+00:00,Cochabamba,CAM-01,CHO-049,103.0,103.0,72.0,43.3,1.0,1.0,1.0,778,camion_id_sin_correspondencia_silver,fecha_local_bolivia_convertida_utc,,ORD-2026-00777,CLI-041,PROD-044,2026-08-24 04:51:00,Cochabamba,CAM-01,CHO-049,103,103.0,72,43.3,1,1,1,ORD-2026-00777,False,CLI-041,False,PROD-044,False,CAM-01,False,CHO-049,False,Cochabamba,False,103,False,103.0,False,False,103.0,False,False,72.0,False,False,43.3,False,False,1.0,False,False,1.0,False,False,1.0,False,False,iso,True,2026-08-24 08:51:00+00:00,False,True,True,False,False,,,True,1,0,camion_id_sin_correspondencia_silver,cuarentena
ORD-2026-00782,CLI-036,PROD-026,2026-08-27 02:12:00+00:00,Santa Cruz,CAM-08,CHO-034,358.0,358.0,48.0,33.1,1.0,1.0,1.0,783,producto_id_sin_correspondencia_silver,fecha_local_bolivia_convertida_utc,,ORD-2026-00782,CLI-036,PROD-026,2026-08-26 22:12:00,Santa Cruz,CAM-08,CHO-034,358,358.0,48,33.1,1,1,1,ORD-2026-00782,False,CLI-036,False,PROD-026,False,CAM-08,False,CHO-034,False,Santa Cruz,False,358,False,358.0,False,False,358.0,False,False,48.0,False,False,33.1,False,False,1.0,False,False,1.0,False,False,1.0,False,False,iso,True,2026-08-27 02:12:00+00:00,False,True,False,True,False,,,True,1,0,producto_id_sin_correspondencia_silver,cuarentena
ORD-2026-00790,CLI-003,PROD-028,2026-08-15 08:50:00+00:00,Santa Cruz,CAM-09,CHO-150,286.0,286.0,24.0,21.9,1.0,1.0,1.0,791,producto_id_sin_correspondencia_silver,fecha_local_bolivia_convertida_utc,,ORD-2026-00790,CLI-003,PROD-028,2026-08-15 04:50:00,Santa Cruz,CAM-09,CHO-150,286,286.0,24,21.9,1,1,1,ORD-2026-00790,False,CLI-003,False,PROD-028,False,CAM-09,False,CHO-150,False,Santa Cruz,False,286,False,286.0,False,False,286.0,False,False,24.0,False,False,21.9,False,False,1.0,False,False,1.0,False,False,1.0,False,False,iso,True,2026-08-15 08:50:00+00:00,False,True,False,True,False,,,True,1,0,producto_id_sin_correspondencia_silver,cuarentena
ORD-2026-00794,CLI-036,PROD-026,2026-08-30 16:28:00+00:00,Cochabamba,CAM-25,CHO-029,271.0,271.0,24.0,17.4,1.0,1.0,1.0,795,producto_id_sin_correspondencia_silver,fecha_local_bolivia_convertida_utc,,ORD-2026-00794,CLI-036,PROD-026,2026-08-30 12:28:00,Cochabamba,CAM-25,CHO-029,271,271.0,24,17.4,1,1,1,ORD-2026-00794,False,CLI-036,False,PROD-026,False,CAM-25,False,CHO-029,False,Cochabamba,False,271,False,271.0,False,False,271.0,False,False,24.0,False,False,17.4,False,False,1.0,False,False,1.0,False,False,1.0,False,False,iso,True,2026-08-30 16:28:00+00:00,False,True,False,True,False,,,True,1,0,producto_id_sin_correspondencia_silver,cuarentena
ORD-2026-00796,CLI-028,PROD-024,2026-08-08 13:55:00+00:00,La Paz,CAM-07,CHO-004,274.0,274.0,48.0,43.7,1.0,1.0,1.0,797,producto_id_sin_correspondencia_silver,fecha_local_bolivia_convertida_utc,,ORD-2026-00796,CLI-028,PROD-024,2026-08-08 09:55:00,La Paz,CAM-07,CHO-004,274,274.0,48,43.7,1,1,1,ORD-2026-00796,False,CLI-028,False,PROD-024,False,CAM-07,False,CHO-004,False,La Paz,False,274,False,274.0,False,False,274.0,False,False,48.0,False,False,43.7,False,False,1.0,False,False,1.0,False,False,1.0,False,False,iso,True,2026-08-08 13:55:00+00:00,False,True,False,True,False,,,True,1,0,producto_id_sin_correspondencia_silver,cuarentena
ORD-2026-00801,CLI-015,PROD-014,2026-08-24 11:36:00+00:00,La Paz,CAM-10,CHO-064,460.0,460.0,24.0,21.7,1.0,1.0,1.0,802,producto_id_sin_correspondencia_silver,fecha_local_bolivia_convertida_utc,,ORD-2026-00801,CLI-015,PROD-014,2026-08-24 07:36:00,La Paz,CAM-10,CHO-064,460,460.0,24,21.7,1,1,1,ORD-2026-00801,False,CLI-015,False,PROD-014,False,CAM-10,False,CHO-064,False,La Paz,False,460,False,460.0,False,False,460.0,False,False,24.0,False,False,21.7,False,False,1.0,False,False,1.0,False,False,1.0,False,False,iso,True,2026-08-24 11:36:00+00:00,False,True,False,True,False,,,True,1,0,producto_id_sin_correspondencia_silver,cuarentena
ORD-2026-00803,CLI-033,PROD-028,2026-08-13 07:29:00+00:00,Santa Cruz,CAM-23,CHO-106,159.0,159.0,24.0,22.9,1.0,1.0,1.0,804,producto_id_sin_correspondencia_silver,fecha_local_bolivia_convertida_utc,,ORD-2026-00803,CLI-033,PROD-028,2026-08-13 03:29:00,Santa Cruz,CAM-23,CHO-106,159,159.0,24,22.9,1,1,1,ORD-2026-00803,False,CLI-033,False,PROD-028,False,CAM-23,False,CHO-106,False,Santa Cruz,False,159,False,159.0,False,False,159.0,False,False,24.0,False,False,22.9,False,False,1.0,False,False,1.0,False,False,1.0,False,False,iso,True,2026-08-13 07:29:00+00:00,False,True,False,True,False,,,True,1,0,producto_id_sin_correspondencia_silver,cuarentena
ORD-2026-00804,CLI-058,PROD-010,2026-08-29 02:03:00+00:00,Cochabamba,CAM-02,CHO-065,23.0,23.0,48.0,50.3,0.0,1.0,0.0,805,producto_id_sin_correspondencia_silver,fecha_local_bolivia_convertida_utc,,ORD-2026-00804,CLI-058,PROD-010,2026-08-28 22:03:00,Cochabamba,CAM-02,CHO-065,23,23.0,48,50.3,0,1,0,ORD-2026-00804,False,CLI-058,False,PROD-010,False,CAM-02,False,CHO-065,False,Cochabamba,False,23,False,23.0,False,False,23.0,False,False,48.0,False,False,50.3,False,False,0.0,False,False,1.0,False,False,0.0,False,False,iso,True,2026-08-29 02:03:00+00:00,False,True,False,True,False,,,True,1,0,producto_id_sin_correspondencia_silver,cuarentena
ORD-2026-00805,CLI-036,PROD-028,2026-08-19 23:09:00+00:00,Oruro,CAM-16,CHO-046,42.0,42.0,24.0,23.8,1.0,1.0,1.0,806,producto_id_sin_correspondencia_silver,fecha_local_bolivia_convertida_utc,,ORD-2026-00805,CLI-036,PROD-028,2026-08-19 19:09:00,Oruro,CAM-16,CHO-046,42,42.0,24,23.8,1,1,1,ORD-2026-00805,False,CLI-036,False,PROD-028,False,CAM-16,False,CHO-046,False,Oruro,False,42,False,42.0,False,False,42.0,False,False,24.0,False,False,23.8,False,False,1.0,False,False,1.0,False,False,1.0,False,False,iso,True,2026-08-19 23:09:00+00:00,False,True,False,True,False,,,True,1,0,producto_id_sin_correspondencia_silver,cuarentena
ORD-2026-00813,CLI-046,PROD-028,2026-08-10 14:23:00+00:00,La Paz,CAM-04,CHO-110,312.0,312.0,24.0,-16.6,1.0,1.0,1.0,814,tiempo_real_negativo | producto_id_sin_correspondencia_silver,fecha_local_bolivia_convertida_utc,,ORD-2026-00813,CLI-046,PROD-028,2026-08-10 10:23:00,La Paz,CAM-04,CHO-110,312,312.0,24,-16.6,1,1,1,ORD-2026-00813,False,CLI-046,False,PROD-028,False,CAM-04,False,CHO-110,False,La Paz,False,312,False,312.0,False,False,312.0,False,False,24.0,False,False,-16.6,False,False,1.0,False,False,1.0,False,False,1.0,False,False,iso,True,2026-08-10 14:23:00+00:00,False,True,False,True,False,,,True,1,0,tiempo_real_negativo | producto_id_sin_correspondencia_silver,cuarentena
ORD-2026-00814,CLI-099,PROD-015,2026-08-18 06:13:00+00:00,Cochabamba,CAM-27,CHO-148,206.0,206.0,72.0,66.7,1.0,1.0,1.0,815,camion_id_sin_correspondencia_silver,fecha_local_bolivia_convertida_utc,,ORD-2026-00814,CLI-099,PROD-015,2026-08-18 02:13:00,Cochabamba,CAM-27,CHO-148,206,206.0,72,66.7,1,1,1,ORD-2026-00814,False,CLI-099,False,PROD-015,False,CAM-27,False,CHO-148,False,Cochabamba,False,206,False,206.0,False,False,206.0,False,False,72.0,False,False,66.7,False,False,1.0,False,False,1.0,False,False,1.0,False,False,iso,True,2026-08-18 06:13:00+00:00,False,True,True,False,False,,,True,1,0,camion_id_sin_correspondencia_silver,cuarentena
ORD-2026-00815,CLI-044,PROD-037,2026-08-13 22:42:00+00:00,Santa Cruz,CAM-18,CHO-026,348.0,,72.0,77.5,0.0,1.0,0.0,816,requerido_ausente:cantidad_entregada,fecha_local_bolivia_convertida_utc,,ORD-2026-00815,CLI-044,PROD-037,2026-08-13 18:42:00,Santa Cruz,CAM-18,CHO-026,348,,72,77.5,0,1,0,ORD-2026-00815,False,CLI-044,False,PROD-037,False,CAM-18,False,CHO-026,False,Santa Cruz,False,348,False,348.0,False,False,,False,False,72.0,False,False,77.5,False,False,0.0,False,False,1.0,False,False,0.0,False,False,iso,True,2026-08-13 22:42:00+00:00,False,True,True,True,False,,,True,1,0,requerido_ausente:cantidad_entregada,cuarentena
ORD-2026-00824,CLI-061,PROD-036,2026-08-11 22:16:00+00:00,Oruro,CAM-20,CHO-027,105.0,105.0,72.0,50.2,1.0,1.0,1.0,825,producto_id_sin_correspondencia_silver,fecha_local_bolivia_convertida_utc,,ORD-2026-00824,CLI-061,PROD-036,2026-08-11 18:16:00,Oruro,CAM-20,CHO-027,105,105.0,72,50.2,1,1,1,ORD-2026-00824,False,CLI-061,False,PROD-036,False,CAM-20,False,CHO-027,False,Oruro,False,105,False,105.0,False,False,105.0,False,False,72.0,False,False,50.2,False,False,1.0,False,False,1.0,False,False,1.0,False,False,iso,True,2026-08-11 22:16:00+00:00,False,True,False,True,False,,,True,1,0,producto_id_sin_correspondencia_silver,cuarentena
ORD-2026-00837,CLI-025,PROD-028,2026-08-27 14:38:00+00:00,Cochabamba,CAM-13,CHO-088,78.0,78.0,72.0,66.7,1.0,1.0,1.0,838,producto_id_sin_correspondencia_silver,fecha_local_bolivia_convertida_utc,,ORD-2026-00837,CLI-025,PROD-028,2026-08-27 10:38:00,Cochabamba,CAM-13,CHO-088,78,78.0,72,66.7,1,1,1,ORD-2026-00837,False,CLI-025,False,PROD-028,False,CAM-13,False,CHO-088,False,Cochabamba,False,78,False,78.0,False,False,78.0,False,False,72.0,False,False,66.7,False,False,1.0,False,False,1.0,False,False,1.0,False,False,iso,True,2026-08-27 14:38:00+00:00,False,True,False,True,False,,,True,1,0,producto_id_sin_correspondencia_silver,cuarentena
ORD-2026-00844,CLI-035,PROD-036,2026-08-03 00:30:00+00:00,Oruro,CAM-20,CHO-095,101.0,101.0,24.0,22.2,1.0,1.0,1.0,845,producto_id_sin_correspondencia_silver,fecha_local_bolivia_convertida_utc,,ORD-2026-00844,CLI-035,PROD-036,2026-08-02 20:30:00,Oruro,CAM-20,CHO-095,101,101.0,24,22.2,1,1,1,ORD-2026-00844,False,CLI-035,False,PROD-036,False,CAM-20,False,CHO-095,False,Oruro,False,101,False,101.0,False,False,101.0,False,False,24.0,False,False,22.2,False,False,1.0,False,False,1.0,False,False,1.0,False,False,iso,True,2026-08-03 00:30:00+00:00,False,True,False,True,False,,,True,1,0,producto_id_sin_correspondencia_silver,cuarentena
ORD-2026-00851,CLI-047,PROD-028,2026-08-20 02:22:00+00:00,Tarija,CAM-21,CHO-074,317.0,317.0,24.0,18.8,1.0,1.0,1.0,852,producto_id_sin_correspondencia_silver,normalizacion_identificador:producto_id | fecha_local_bolivia_convertida_utc,,ORD-2026-00851,CLI-047, prod-028 ,2026-08-19 22:22:00,Tarija,CAM-21,CHO-074,317,317.0,24,18.8,1,1,1,ORD-2026-00851,False,CLI-047,False,PROD-028,True,CAM-21,False,CHO-074,False,Tarija,False,317,False,317.0,False,False,317.0,False,False,24.0,False,False,18.8,False,False,1.0,False,False,1.0,False,False,1.0,False,False,iso,True,2026-08-20 02:22:00+00:00,False,True,False,True,False,,,True,2,0,producto_id_sin_correspondencia_silver,cuarentena
ORD-2026-00854,CLI-063,PROD-010,2026-08-11 21:27:00+00:00,Cochabamba,CAM-14,CHO-108,402.0,402.0,24.0,20.3,1.0,1.0,1.0,855,producto_id_sin_correspondencia_silver,fecha_local_bolivia_convertida_utc,,ORD-2026-00854,CLI-063,PROD-010,2026-08-11 17:27:00,Cochabamba,CAM-14,CHO-108,402,402.0,24,20.3,1,1,1,ORD-2026-00854,False,CLI-063,False,PROD-010,False,CAM-14,False,CHO-108,False,Cochabamba,False,402,False,402.0,False,False,402.0,False,False,24.0,False,False,20.3,False,False,1.0,False,False,1.0,False,False,1.0,False,False,iso,True,2026-08-11 21:27:00+00:00,False,True,False,True,False,,,True,1,0,producto_id_sin_correspondencia_silver,cuarentena
ORD-2026-00866,CLI-086,PROD-005,2026-08-30 21:04:00+00:00,Cochabamba,CAM-05,CHO-077,164.0,164.0,72.0,74.2,0.0,1.0,0.0,867,order_id_duplicado,fecha_local_bolivia_convertida_utc,,ORD-2026-00866,CLI-086,PROD-005,2026-08-30 17:04:00,Cochabamba,CAM-05,CHO-077,164,164.0,72,74.2,0,1,0,ORD-2026-00866,False,CLI-086,False,PROD-005,False,CAM-05,False,CHO-077,False,Cochabamba,False,164,False,164.0,False,False,164.0,False,False,72.0,False,False,74.2,False,False,0.0,False,False,1.0,False,False,0.0,False,False,iso,True,2026-08-30 21:04:00+00:00,False,True,True,True,False,,,True,1,0,order_id_duplicado,cuarentena
ORD-2026-00883,CLI-030,PROD-029,2026-08-17 11:24:00+00:00,La Paz,CAM-04,CHO-130,95.0,,48.0,33.1,1.0,1.0,1.0,884,requerido_ausente:cantidad_entregada,fecha_local_bolivia_convertida_utc,,ORD-2026-00883,CLI-030,PROD-029,2026-08-17 07:24:00,La Paz,CAM-04,CHO-130,95,,48,33.1,1,1,1,ORD-2026-00883,False,CLI-030,False,PROD-029,False,CAM-04,False,CHO-130,False,La Paz,False,95,False,95.0,False,False,,False,False,48.0,False,False,33.1,False,False,1.0,False,False,1.0,False,False,1.0,False,False,iso,True,2026-08-17 11:24:00+00:00,False,True,True,True,False,,,True,1,0,requerido_ausente:cantidad_entregada,cuarentena
ORD-2026-00890,CLI-076,PROD-014,2026-08-17 14:12:00+00:00,Tarija,CAM-21,CHO-074,344.0,344.0,48.0,38.7,1.0,1.0,1.0,891,producto_id_sin_correspondencia_silver,fecha_local_bolivia_convertida_utc,,ORD-2026-00890,CLI-076,PROD-014,2026-08-17 10:12:00,Tarija,CAM-21,CHO-074,344,344.0,48,38.7,1,1,1,ORD-2026-00890,False,CLI-076,False,PROD-014,False,CAM-21,False,CHO-074,False,Tarija,False,344,False,344.0,False,False,344.0,False,False,48.0,False,False,38.7,False,False,1.0,False,False,1.0,False,False,1.0,False,False,iso,True,2026-08-17 14:12:00+00:00,False,True,False,True,False,,,True,1,0,producto_id_sin_correspondencia_silver,cuarentena
ORD-2026-00901,CLI-088,PROD-046,2026-08-11 23:48:00+00:00,La Paz,CAM-28,CHO-134,425.0,,48.0,38.5,1.0,1.0,1.0,902,requerido_ausente:cantidad_entregada,fecha_local_bolivia_convertida_utc,,ORD-2026-00901,CLI-088,PROD-046,2026-08-11 19:48:00,La Paz,CAM-28,CHO-134,425,,48,38.5,1,1,1,ORD-2026-00901,False,CLI-088,False,PROD-046,False,CAM-28,False,CHO-134,False,La Paz,False,425,False,425.0,False,False,,False,False,48.0,False,False,38.5,False,False,1.0,False,False,1.0,False,False,1.0,False,False,iso,True,2026-08-11 23:48:00+00:00,False,True,True,True,False,,,True,1,0,requerido_ausente:cantidad_entregada,cuarentena
ORD-2026-00906,CLI-094,PROD-026,2026-08-09 21:57:00+00:00,Tarija,CAM-26,CHO-074,424.0,424.0,72.0,80.0,0.0,1.0,0.0,907,producto_id_sin_correspondencia_silver,fecha_local_bolivia_convertida_utc,,ORD-2026-00906,CLI-094,PROD-026,2026-08-09 17:57:00,Tarija,CAM-26,CHO-074,424,424.0,72,80.0,0,1,0,ORD-2026-00906,False,CLI-094,False,PROD-026,False,CAM-26,False,CHO-074,False,Tarija,False,424,False,424.0,False,False,424.0,False,False,72.0,False,False,80.0,False,False,0.0,False,False,1.0,False,False,0.0,False,False,iso,True,2026-08-09 21:57:00+00:00,False,True,False,True,False,,,True,1,0,producto_id_sin_correspondencia_silver,cuarentena
ORD-2026-00908,CLI-019,PROD-026,2026-08-03 01:48:00+00:00,Cochabamba,CAM-02,CHO-082,382.0,382.0,48.0,33.1,1.0,1.0,1.0,909,producto_id_sin_correspondencia_silver,fecha_local_bolivia_convertida_utc,,ORD-2026-00908,CLI-019,PROD-026,2026-08-02 21:48:00,Cochabamba,CAM-02,CHO-082,382,382.0,48,33.1,1,1,1,ORD-2026-00908,False,CLI-019,False,PROD-026,False,CAM-02,False,CHO-082,False,Cochabamba,False,382,False,382.0,False,False,382.0,False,False,48.0,False,False,33.1,False,False,1.0,False,False,1.0,False,False,1.0,False,False,iso,True,2026-08-03 01:48:00+00:00,False,True,False,True,False,,,True,1,0,producto_id_sin_correspondencia_silver,cuarentena
ORD-2026-00923,CLI-034,PROD-010,2026-08-01 10:41:00+00:00,Cochabamba,CAM-17,CHO-077,85.0,85.0,24.0,21.4,1.0,1.0,1.0,924,producto_id_sin_correspondencia_silver,fecha_local_bolivia_convertida_utc,,ORD-2026-00923,CLI-034,PROD-010,2026-08-01 06:41:00,Cochabamba,CAM-17,CHO-077,85,85.0,24,21.4,1,1,1,ORD-2026-00923,False,CLI-034,False,PROD-010,False,CAM-17,False,CHO-077,False,Cochabamba,False,85,False,85.0,False,False,85.0,False,False,24.0,False,False,21.4,False,False,1.0,False,False,1.0,False,False,1.0,False,False,iso,True,2026-08-01 10:41:00+00:00,False,True,False,True,False,,,True,1,0,producto_id_sin_correspondencia_silver,cuarentena
ORD-2026-00936,CLI-050,PROD-055,2026-08-20 11:09:00+00:00,Oruro,CAM-16,CHO-038,449.0,,72.0,47.6,1.0,1.0,1.0,937,requerido_ausente:cantidad_entregada,fecha_local_bolivia_convertida_utc,,ORD-2026-00936,CLI-050,PROD-055,2026-08-20 07:09:00,Oruro,CAM-16,CHO-038,449,,72,47.6,1,1,1,ORD-2026-00936,False,CLI-050,False,PROD-055,False,CAM-16,False,CHO-038,False,Oruro,False,449,False,449.0,False,False,,False,False,72.0,False,False,47.6,False,False,1.0,False,False,1.0,False,False,1.0,False,False,iso,True,2026-08-20 11:09:00+00:00,False,True,True,True,False,,,True,1,0,requerido_ausente:cantidad_entregada,cuarentena
ORD-2026-00943,CLI-045,PROD-031,2026-08-04 22:36:00+00:00,Cochabamba,CAM-27,CHO-080,242.0,242.0,48.0,38.1,1.0,1.0,1.0,944,camion_id_sin_correspondencia_silver,fecha_local_bolivia_convertida_utc,,ORD-2026-00943,CLI-045,PROD-031,2026-08-04 18:36:00,Cochabamba,CAM-27,CHO-080,242,242.0,48,38.1,1,1,1,ORD-2026-00943,False,CLI-045,False,PROD-031,False,CAM-27,False,CHO-080,False,Cochabamba,False,242,False,242.0,False,False,242.0,False,False,48.0,False,False,38.1,False,False,1.0,False,False,1.0,False,False,1.0,False,False,iso,True,2026-08-04 22:36:00+00:00,False,True,True,False,False,,,True,1,0,camion_id_sin_correspondencia_silver,cuarentena
ORD-2026-00944,CLI-099,PROD-053,2026-08-28 04:04:00+00:00,La Paz,CAM-10,CHO-022,374.0,,24.0,25.3,0.0,1.0,0.0,945,requerido_ausente:cantidad_entregada,fecha_local_bolivia_convertida_utc,,ORD-2026-00944,CLI-099,PROD-053,2026-08-28 00:04:00,La Paz,CAM-10,CHO-022,374,,24,25.3,0,1,0,ORD-2026-00944,False,CLI-099,False,PROD-053,False,CAM-10,False,CHO-022,False,La Paz,False,374,False,374.0,False,False,,False,False,24.0,False,False,25.3,False,False,0.0,False,False,1.0,False,False,0.0,False,False,iso,True,2026-08-28 04:04:00+00:00,False,True,True,True,False,,,True,1,0,requerido_ausente:cantidad_entregada,cuarentena
ORD-2026-00953,CLI-039,PROD-024,2026-08-06 22:18:00+00:00,Cochabamba,CAM-11,CHO-098,436.0,436.0,72.0,68.7,1.0,1.0,1.0,954,producto_id_sin_correspondencia_silver,fecha_local_bolivia_convertida_utc,,ORD-2026-00953,CLI-039,PROD-024,2026-08-06 18:18:00,Cochabamba,CAM-11,CHO-098,436,436.0,72,68.7,1,1,1,ORD-2026-00953,False,CLI-039,False,PROD-024,False,CAM-11,False,CHO-098,False,Cochabamba,False,436,False,436.0,False,False,436.0,False,False,72.0,False,False,68.7,False,False,1.0,False,False,1.0,False,False,1.0,False,False,iso,True,2026-08-06 22:18:00+00:00,False,True,False,True,False,,,True,1,0,producto_id_sin_correspondencia_silver,cuarentena
ORD-2026-00959,CLI-024,PROD-023,2026-08-30 00:53:00+00:00,La Paz,CAM-10,CHO-013,166.0,166.0,72.0,65.4,1.0,1.0,1.0,960,order_id_duplicado,fecha_local_bolivia_convertida_utc,,ORD-2026-00959,CLI-024,PROD-023,2026-08-29 20:53:00,La Paz,CAM-10,CHO-013,166,166.0,72,65.4,1,1,1,ORD-2026-00959,False,CLI-024,False,PROD-023,False,CAM-10,False,CHO-013,False,La Paz,False,166,False,166.0,False,False,166.0,False,False,72.0,False,False,65.4,False,False,1.0,False,False,1.0,False,False,1.0,False,False,iso,True,2026-08-30 00:53:00+00:00,False,True,True,True,False,,,True,1,0,order_id_duplicado,cuarentena
ORD-2026-00961,CLI-071,PROD-046,2026-08-13 04:30:00+00:00,Cochabamba,CAM-27,CHO-047,461.0,461.0,24.0,16.1,1.0,1.0,1.0,962,camion_id_sin_correspondencia_silver,fecha_local_bolivia_convertida_utc,,ORD-2026-00961,CLI-071,PROD-046,2026-08-13 00:30:00,Cochabamba,CAM-27,CHO-047,461,461.0,24,16.1,1,1,1,ORD-2026-00961,False,CLI-071,False,PROD-046,False,CAM-27,False,CHO-047,False,Cochabamba,False,461,False,461.0,False,False,461.0,False,False,24.0,False,False,16.1,False,False,1.0,False,False,1.0,False,False,1.0,False,False,iso,True,2026-08-13 04:30:00+00:00,False,True,True,False,False,,,True,1,0,camion_id_sin_correspondencia_silver,cuarentena
ORD-2026-00963,CLI-031,PROD-002,2026-08-03 10:49:00+00:00,La Paz,CAM-15,CHO-054,305.0,305.0,48.0,30.7,1.0,1.0,1.0,964,order_id_duplicado,fecha_local_bolivia_convertida_utc,,ORD-2026-00963,CLI-031,PROD-002,2026-08-03 06:49:00,La Paz,CAM-15,CHO-054,305,305.0,48,30.7,1,1,1,ORD-2026-00963,False,CLI-031,False,PROD-002,False,CAM-15,False,CHO-054,False,La Paz,False,305,False,305.0,False,False,305.0,False,False,48.0,False,False,30.7,False,False,1.0,False,False,1.0,False,False,1.0,False,False,iso,True,2026-08-03 10:49:00+00:00,False,True,True,True,False,,,True,1,0,order_id_duplicado,cuarentena
ORD-2026-00965,CLI-018,PROD-026,2026-08-31 02:30:00+00:00,Cochabamba,CAM-25,CHO-089,496.0,496.0,48.0,46.0,1.0,1.0,1.0,966,producto_id_sin_correspondencia_silver,fecha_local_bolivia_convertida_utc,,ORD-2026-00965,CLI-018,PROD-026,2026-08-30 22:30:00,Cochabamba,CAM-25,CHO-089,496,496.0,48,46.0,1,1,1,ORD-2026-00965,False,CLI-018,False,PROD-026,False,CAM-25,False,CHO-089,False,Cochabamba,False,496,False,496.0,False,False,496.0,False,False,48.0,False,False,46.0,False,False,1.0,False,False,1.0,False,False,1.0,False,False,iso,True,2026-08-31 02:30:00+00:00,False,True,False,True,False,,,True,1,0,producto_id_sin_correspondencia_silver,cuarentena
ORD-2026-00987,CLI-056,PROD-026,2026-08-11 10:45:00+00:00,Oruro,CAM-24,CHO-046,452.0,452.0,48.0,49.9,0.0,1.0,0.0,988,producto_id_sin_correspondencia_silver,fecha_local_bolivia_convertida_utc,,ORD-2026-00987,CLI-056,PROD-026,2026-08-11 06:45:00,Oruro,CAM-24,CHO-046,452,452.0,48,49.9,0,1,0,ORD-2026-00987,False,CLI-056,False,PROD-026,False,CAM-24,False,CHO-046,False,Oruro,False,452,False,452.0,False,False,452.0,False,False,48.0,False,False,49.9,False,False,0.0,False,False,1.0,False,False,0.0,False,False,iso,True,2026-08-11 10:45:00+00:00,False,True,False,True,False,,,True,1,0,producto_id_sin_correspondencia_silver,cuarentena
ORD-2026-01011,CLI-091,PROD-024,2026-08-11 11:04:00+00:00,Oruro,CAM-24,CHO-046,30.0,30.0,24.0,27.5,0.0,1.0,0.0,1012,producto_id_sin_correspondencia_silver,fecha_local_bolivia_convertida_utc,,ORD-2026-01011,CLI-091,PROD-024,2026-08-11 07:04:00,Oruro,CAM-24,CHO-046,30,30.0,24,27.5,0,1,0,ORD-2026-01011,False,CLI-091,False,PROD-024,False,CAM-24,False,CHO-046,False,Oruro,False,30,False,30.0,False,False,30.0,False,False,24.0,False,False,27.5,False,False,0.0,False,False,1.0,False,False,0.0,False,False,iso,True,2026-08-11 11:04:00+00:00,False,True,False,True,False,,,True,1,0,producto_id_sin_correspondencia_silver,cuarentena
ORD-2026-01018,CLI-054,PROD-026,2026-08-24 09:41:00+00:00,La Paz,CAM-10,CHO-104,425.0,425.0,48.0,32.0,1.0,1.0,1.0,1019,producto_id_sin_correspondencia_silver,fecha_local_bolivia_convertida_utc,,ORD-2026-01018,CLI-054,PROD-026,2026-08-24 05:41:00,La Paz,CAM-10,CHO-104,425,425.0,48,32.0,1,1,1,ORD-2026-01018,False,CLI-054,False,PROD-026,False,CAM-10,False,CHO-104,False,La Paz,False,425,False,425.0,False,False,425.0,False,False,48.0,False,False,32.0,False,False,1.0,False,False,1.0,False,False,1.0,False,False,iso,True,2026-08-24 09:41:00+00:00,False,True,False,True,False,,,True,1,0,producto_id_sin_correspondencia_silver,cuarentena
ORD-2026-01035,CLI-045,PROD-010,2026-08-27 15:08:00+00:00,Tarija,CAM-21,CHO-063,157.0,157.0,24.0,19.7,1.0,1.0,1.0,1036,producto_id_sin_correspondencia_silver,fecha_local_bolivia_convertida_utc,,ORD-2026-01035,CLI-045,PROD-010,2026-08-27 11:08:00,Tarija,CAM-21,CHO-063,157,157.0,24,19.7,1,1,1,ORD-2026-01035,False,CLI-045,False,PROD-010,False,CAM-21,False,CHO-063,False,Tarija,False,157,False,157.0,False,False,157.0,False,False,24.0,False,False,19.7,False,False,1.0,False,False,1.0,False,False,1.0,False,False,iso,True,2026-08-27 15:08:00+00:00,False,True,False,True,False,,,True,1,0,producto_id_sin_correspondencia_silver,cuarentena
ORD-2026-01040,CLI-035,PROD-041,2026-08-09 14:49:00+00:00,Cochabamba,CAM-01,CHO-136,166.0,166.0,48.0,42.7,1.0,1.0,1.0,1041,camion_id_sin_correspondencia_silver,fecha_local_bolivia_convertida_utc,,ORD-2026-01040,CLI-035,PROD-041,2026-08-09 10:49:00,Cochabamba,CAM-01,CHO-136,166,166.0,48,42.7,1,1,1,ORD-2026-01040,False,CLI-035,False,PROD-041,False,CAM-01,False,CHO-136,False,Cochabamba,False,166,False,166.0,False,False,166.0,False,False,48.0,False,False,42.7,False,False,1.0,False,False,1.0,False,False,1.0,False,False,iso,True,2026-08-09 14:49:00+00:00,False,True,True,False,False,,,True,1,0,camion_id_sin_correspondencia_silver,cuarentena
ORD-2026-01045,CLI-055,PROD-038,2026-08-06 21:11:00+00:00,Cochabamba,CAM-27,CHO-065,345.0,,72.0,56.8,1.0,1.0,1.0,1046,camion_id_sin_correspondencia_silver | requerido_ausente:cantidad_entregada,fecha_local_bolivia_convertida_utc,,ORD-2026-01045,CLI-055,PROD-038,2026-08-06 17:11:00,Cochabamba,CAM-27,CHO-065,345,,72,56.8,1,1,1,ORD-2026-01045,False,CLI-055,False,PROD-038,False,CAM-27,False,CHO-065,False,Cochabamba,False,345,False,345.0,False,False,,False,False,72.0,False,False,56.8,False,False,1.0,False,False,1.0,False,False,1.0,False,False,iso,True,2026-08-06 21:11:00+00:00,False,True,True,False,False,,,True,1,0,camion_id_sin_correspondencia_silver | requerido_ausente:cantidad_entregada,cuarentena
ORD-2026-01047,CLI-048,PROD-036,2026-08-14 10:06:00+00:00,Cochabamba,CAM-02,CHO-122,333.0,333.0,48.0,39.3,1.0,1.0,1.0,1048,producto_id_sin_correspondencia_silver,fecha_local_bolivia_convertida_utc,,ORD-2026-01047,CLI-048,PROD-036,2026-08-14 06:06:00,Cochabamba,CAM-02,CHO-122,333,333.0,48,39.3,1,1,1,ORD-2026-01047,False,CLI-048,False,PROD-036,False,CAM-02,False,CHO-122,False,Cochabamba,False,333,False,333.0,False,False,333.0,False,False,48.0,False,False,39.3,False,False,1.0,False,False,1.0,False,False,1.0,False,False,iso,True,2026-08-14 10:06:00+00:00,False,True,False,True,False,,,True,1,0,producto_id_sin_correspondencia_silver,cuarentena
ORD-2026-01060,CLI-080,PROD-001,2026-08-21 16:20:00+00:00,La Paz,CAM-28,CHO-094,50.0,421.0,72.0,53.0,1.0,1.0,1.0,1061,cantidad_entregada_mayor_solicitada,numero_escrito_normalizado:cantidad_solicitada | fecha_local_bolivia_convertida_utc,,ORD-2026-01060,CLI-080,PROD-001,2026-08-21 12:20:00,La Paz,CAM-28,CHO-094,cincuenta,421.0,72,53.0,1,1,1,ORD-2026-01060,False,CLI-080,False,PROD-001,False,CAM-28,False,CHO-094,False,La Paz,False,50,True,50.0,False,False,421.0,False,False,72.0,False,False,53.0,False,False,1.0,False,False,1.0,False,False,1.0,False,False,iso,True,2026-08-21 16:20:00+00:00,False,True,True,True,False,,,True,2,0,cantidad_entregada_mayor_solicitada,cuarentena
ORD-2026-01068,CLI-016,PROD-024,2026-08-12 07:58:00+00:00,Cochabamba,CAM-02,CHO-136,25.0,8.0,24.0,17.2,1.0,0.0,0.0,1069,producto_id_sin_correspondencia_silver,fecha_local_bolivia_convertida_utc,,ORD-2026-01068,CLI-016,PROD-024,2026-08-12 03:58:00,Cochabamba,CAM-02,CHO-136,25,8.0,24,17.2,1,0,0,ORD-2026-01068,False,CLI-016,False,PROD-024,False,CAM-02,False,CHO-136,False,Cochabamba,False,25,False,25.0,False,False,8.0,False,False,24.0,False,False,17.2,False,False,1.0,False,False,0.0,False,False,0.0,False,False,iso,True,2026-08-12 07:58:00+00:00,False,True,False,True,False,,,True,1,0,producto_id_sin_correspondencia_silver,cuarentena
ORD-2026-01074,CLI-066,PROD-047,2026-08-22 15:20:00+00:00,Cochabamba,CAM-27,CHO-070,355.0,355.0,24.0,15.5,1.0,1.0,1.0,1075,camion_id_sin_correspondencia_silver,fecha_local_bolivia_convertida_utc,,ORD-2026-01074,CLI-066,PROD-047,2026-08-22 11:20:00,Cochabamba,CAM-27,CHO-070,355,355.0,24,15.5,1,1,1,ORD-2026-01074,False,CLI-066,False,PROD-047,False,CAM-27,False,CHO-070,False,Cochabamba,False,355,False,355.0,False,False,355.0,False,False,24.0,False,False,15.5,False,False,1.0,False,False,1.0,False,False,1.0,False,False,iso,True,2026-08-22 15:20:00+00:00,False,True,True,False,False,,,True,1,0,camion_id_sin_correspondencia_silver,cuarentena
ORD-2026-01078,CLI-043,PROD-035,2026-08-08 01:46:00+00:00,Cochabamba,CAM-27,CHO-086,325.0,314.0,24.0,17.5,1.0,0.0,0.0,1079,camion_id_sin_correspondencia_silver,fecha_local_bolivia_convertida_utc,,ORD-2026-01078,CLI-043,PROD-035,2026-08-07 21:46:00,Cochabamba,CAM-27,CHO-086,325,314.0,24,17.5,1,0,0,ORD-2026-01078,False,CLI-043,False,PROD-035,False,CAM-27,False,CHO-086,False,Cochabamba,False,325,False,325.0,False,False,314.0,False,False,24.0,False,False,17.5,False,False,1.0,False,False,0.0,False,False,0.0,False,False,iso,True,2026-08-08 01:46:00+00:00,False,True,True,False,False,,,True,1,0,camion_id_sin_correspondencia_silver,cuarentena
ORD-2026-01079,CLI-081,PROD-015,2026-08-04 18:21:00+00:00,Cochabamba,CAM-27,CHO-151,150.0,150.0,24.0,20.9,1.0,1.0,1.0,1080,camion_id_sin_correspondencia_silver,fecha_local_bolivia_convertida_utc,,ORD-2026-01079,CLI-081,PROD-015,2026-08-04 14:21:00,Cochabamba,CAM-27,CHO-151,150,150.0,24,20.9,1,1,1,ORD-2026-01079,False,CLI-081,False,PROD-015,False,CAM-27,False,CHO-151,False,Cochabamba,False,150,False,150.0,False,False,150.0,False,False,24.0,False,False,20.9,False,False,1.0,False,False,1.0,False,False,1.0,False,False,iso,True,2026-08-04 18:21:00+00:00,False,True,True,False,False,,,True,1,0,camion_id_sin_correspondencia_silver,cuarentena
ORD-2026-01086,CLI-072,PROD-050,2026-08-23 13:02:00+00:00,La Paz,CAM-15,CHO-104,360.0,,24.0,15.8,1.0,1.0,1.0,1087,requerido_ausente:cantidad_entregada,fecha_local_bolivia_convertida_utc,,ORD-2026-01086,CLI-072,PROD-050,2026-08-23 09:02:00,La Paz,CAM-15,CHO-104,360,,24,15.8,1,1,1,ORD-2026-01086,False,CLI-072,False,PROD-050,False,CAM-15,False,CHO-104,False,La Paz,False,360,False,360.0,False,False,,False,False,24.0,False,False,15.8,False,False,1.0,False,False,1.0,False,False,1.0,False,False,iso,True,2026-08-23 13:02:00+00:00,False,True,True,True,False,,,True,1,0,requerido_ausente:cantidad_entregada,cuarentena
ORD-2026-01097,CLI-096,PROD-046,2026-08-01 10:48:00+00:00,Cochabamba,CAM-27,CHO-070,187.0,187.0,48.0,44.6,1.0,1.0,1.0,1098,camion_id_sin_correspondencia_silver,fecha_local_bolivia_convertida_utc,,ORD-2026-01097,CLI-096,PROD-046,2026-08-01 06:48:00,Cochabamba,CAM-27,CHO-070,187,187.0,48,44.6,1,1,1,ORD-2026-01097,False,CLI-096,False,PROD-046,False,CAM-27,False,CHO-070,False,Cochabamba,False,187,False,187.0,False,False,187.0,False,False,48.0,False,False,44.6,False,False,1.0,False,False,1.0,False,False,1.0,False,False,iso,True,2026-08-01 10:48:00+00:00,False,True,True,False,False,,,True,1,0,camion_id_sin_correspondencia_silver,cuarentena
ORD-2026-01112,CLI-089,PROD-010,2026-08-25 18:30:00+00:00,Tarija,CAM-19,CHO-025,327.0,327.0,24.0,14.1,1.0,1.0,1.0,1113,producto_id_sin_correspondencia_silver,fecha_local_bolivia_convertida_utc,,ORD-2026-01112,CLI-089,PROD-010,2026-08-25 14:30:00,Tarija,CAM-19,CHO-025,327,327.0,24,14.1,1,1,1,ORD-2026-01112,False,CLI-089,False,PROD-010,False,CAM-19,False,CHO-025,False,Tarija,False,327,False,327.0,False,False,327.0,False,False,24.0,False,False,14.1,False,False,1.0,False,False,1.0,False,False,1.0,False,False,iso,True,2026-08-25 18:30:00+00:00,False,True,False,True,False,,,True,1,0,producto_id_sin_correspondencia_silver,cuarentena
ORD-2026-01115,CLI-059,PROD-028,2026-08-04 00:04:00+00:00,Santa Cruz,CAM-29,CHO-100,443.0,443.0,48.0,24.3,1.0,1.0,1.0,1116,producto_id_sin_correspondencia_silver,fecha_local_bolivia_convertida_utc,,ORD-2026-01115,CLI-059,PROD-028,2026-08-03 20:04:00,Santa Cruz,CAM-29,CHO-100,443,443.0,48,24.3,1,1,1,ORD-2026-01115,False,CLI-059,False,PROD-028,False,CAM-29,False,CHO-100,False,Santa Cruz,False,443,False,443.0,False,False,443.0,False,False,48.0,False,False,24.3,False,False,1.0,False,False,1.0,False,False,1.0,False,False,iso,True,2026-08-04 00:04:00+00:00,False,True,False,True,False,,,True,1,0,producto_id_sin_correspondencia_silver,cuarentena
ORD-2026-01121,CLI-023,PROD-005,2026-08-05 15:12:00+00:00,Cochabamba,CAM-01,CHO-077,75.0,75.0,48.0,39.1,1.0,1.0,1.0,1122,camion_id_sin_correspondencia_silver,fecha_local_bolivia_convertida_utc,,ORD-2026-01121,CLI-023,PROD-005,2026-08-05 11:12:00,Cochabamba,CAM-01,CHO-077,75,75.0,48,39.1,1,1,1,ORD-2026-01121,False,CLI-023,False,PROD-005,False,CAM-01,False,CHO-077,False,Cochabamba,False,75,False,75.0,False,False,75.0,False,False,48.0,False,False,39.1,False,False,1.0,False,False,1.0,False,False,1.0,False,False,iso,True,2026-08-05 15:12:00+00:00,False,True,True,False,False,,,True,1,0,camion_id_sin_correspondencia_silver,cuarentena
ORD-2026-01126,CLI-017,PROD-026,2026-08-31 00:20:00+00:00,Santa Cruz,CAM-08,CHO-030,231.0,231.0,24.0,26.3,0.0,1.0,0.0,1127,producto_id_sin_correspondencia_silver,fecha_local_bolivia_convertida_utc,,ORD-2026-01126,CLI-017,PROD-026,2026-08-30 20:20:00,Santa Cruz,CAM-08,CHO-030,231,231.0,24,26.3,0,1,0,ORD-2026-01126,False,CLI-017,False,PROD-026,False,CAM-08,False,CHO-030,False,Santa Cruz,False,231,False,231.0,False,False,231.0,False,False,24.0,False,False,26.3,False,False,0.0,False,False,1.0,False,False,0.0,False,False,iso,True,2026-08-31 00:20:00+00:00,False,True,False,True,False,,,True,1,0,producto_id_sin_correspondencia_silver,cuarentena
ORD-2026-01131,CLI-019,PROD-011,2026-08-26 22:47:00+00:00,Tarija,CAM-26,CHO-043,346.0,,48.0,29.2,1.0,1.0,1.0,1132,requerido_ausente:cantidad_entregada,fecha_local_bolivia_convertida_utc,,ORD-2026-01131,CLI-019,PROD-011,2026-08-26 18:47:00,Tarija,CAM-26,CHO-043,346,,48,29.2,1,1,1,ORD-2026-01131,False,CLI-019,False,PROD-011,False,CAM-26,False,CHO-043,False,Tarija,False,346,False,346.0,False,False,,False,False,48.0,False,False,29.2,False,False,1.0,False,False,1.0,False,False,1.0,False,False,iso,True,2026-08-26 22:47:00+00:00,False,True,True,True,False,,,True,1,0,requerido_ausente:cantidad_entregada,cuarentena
ORD-2026-01136,CLI-090,PROD-024,2026-08-06 05:11:00+00:00,Cochabamba,CAM-27,CHO-003,87.0,87.0,72.0,65.8,1.0,1.0,1.0,1137,producto_id_sin_correspondencia_silver | camion_id_sin_correspondencia_silver,fecha_local_bolivia_convertida_utc,,ORD-2026-01136,CLI-090,PROD-024,2026-08-06 01:11:00,Cochabamba,CAM-27,CHO-003,87,87.0,72,65.8,1,1,1,ORD-2026-01136,False,CLI-090,False,PROD-024,False,CAM-27,False,CHO-003,False,Cochabamba,False,87,False,87.0,False,False,87.0,False,False,72.0,False,False,65.8,False,False,1.0,False,False,1.0,False,False,1.0,False,False,iso,True,2026-08-06 05:11:00+00:00,False,True,False,False,False,,,True,1,0,producto_id_sin_correspondencia_silver | camion_id_sin_correspondencia_silver,cuarentena
ORD-2026-01141,CLI-017,PROD-036,2026-08-25 17:53:00+00:00,Tarija,CAM-26,CHO-055,13.0,13.0,48.0,37.9,1.0,1.0,1.0,1142,producto_id_sin_correspondencia_silver,fecha_local_bolivia_convertida_utc,,ORD-2026-01141,CLI-017,PROD-036,2026-08-25 13:53:00,Tarija,CAM-26,CHO-055,13,13.0,48,37.9,1,1,1,ORD-2026-01141,False,CLI-017,False,PROD-036,False,CAM-26,False,CHO-055,False,Tarija,False,13,False,13.0,False,False,13.0,False,False,48.0,False,False,37.9,False,False,1.0,False,False,1.0,False,False,1.0,False,False,iso,True,2026-08-25 17:53:00+00:00,False,True,False,True,False,,,True,1,0,producto_id_sin_correspondencia_silver,cuarentena
ORD-2026-01143,CLI-031,PROD-048,2026-08-05 01:20:00+00:00,Cochabamba,CAM-01,CHO-125,225.0,225.0,24.0,25.0,0.0,1.0,0.0,1144,camion_id_sin_correspondencia_silver,fecha_local_bolivia_convertida_utc,,ORD-2026-01143,CLI-031,PROD-048,2026-08-04 21:20:00,Cochabamba,CAM-01,CHO-125,225,225.0,24,25.0,0,1,0,ORD-2026-01143,False,CLI-031,False,PROD-048,False,CAM-01,False,CHO-125,False,Cochabamba,False,225,False,225.0,False,False,225.0,False,False,24.0,False,False,25.0,False,False,0.0,False,False,1.0,False,False,0.0,False,False,iso,True,2026-08-05 01:20:00+00:00,False,True,True,False,False,,,True,1,0,camion_id_sin_correspondencia_silver,cuarentena
ORD-2026-01147,CLI-072,PROD-024,2026-08-15 10:56:00+00:00,Oruro,CAM-24,CHO-046,426.0,426.0,24.0,18.8,1.0,1.0,1.0,1148,producto_id_sin_correspondencia_silver,fecha_local_bolivia_convertida_utc,,ORD-2026-01147,CLI-072,PROD-024,2026-08-15 06:56:00,Oruro,CAM-24,CHO-046,426,426.0,24,18.8,1,1,1,ORD-2026-01147,False,CLI-072,False,PROD-024,False,CAM-24,False,CHO-046,False,Oruro,False,426,False,426.0,False,False,426.0,False,False,24.0,False,False,18.8,False,False,1.0,False,False,1.0,False,False,1.0,False,False,iso,True,2026-08-15 10:56:00+00:00,False,True,False,True,False,,,True,1,0,producto_id_sin_correspondencia_silver,cuarentena
ORD-2026-01149,CLI-056,PROD-026,2026-08-06 06:39:00+00:00,Santa Cruz,CAM-08,CHO-118,366.0,366.0,24.0,13.1,1.0,1.0,1.0,1150,producto_id_sin_correspondencia_silver,fecha_local_bolivia_convertida_utc,,ORD-2026-01149,CLI-056,PROD-026,2026-08-06 02:39:00,Santa Cruz,CAM-08,CHO-118,366,366.0,24,13.1,1,1,1,ORD-2026-01149,False,CLI-056,False,PROD-026,False,CAM-08,False,CHO-118,False,Santa Cruz,False,366,False,366.0,False,False,366.0,False,False,24.0,False,False,13.1,False,False,1.0,False,False,1.0,False,False,1.0,False,False,iso,True,2026-08-06 06:39:00+00:00,False,True,False,True,False,,,True,1,0,producto_id_sin_correspondencia_silver,cuarentena
ORD-2026-01152,CLI-034,PROD-036,2026-08-25 02:40:00+00:00,La Paz,CAM-10,CHO-035,196.0,196.0,24.0,21.2,1.0,1.0,1.0,1153,producto_id_sin_correspondencia_silver,fecha_local_bolivia_convertida_utc,,ORD-2026-01152,CLI-034,PROD-036,2026-08-24 22:40:00,La Paz,CAM-10,CHO-035,196,196.0,24,21.2,1,1,1,ORD-2026-01152,False,CLI-034,False,PROD-036,False,CAM-10,False,CHO-035,False,La Paz,False,196,False,196.0,False,False,196.0,False,False,24.0,False,False,21.2,False,False,1.0,False,False,1.0,False,False,1.0,False,False,iso,True,2026-08-25 02:40:00+00:00,False,True,False,True,False,,,True,1,0,producto_id_sin_correspondencia_silver,cuarentena
ORD-2026-01157,CLI-078,PROD-018,2026-08-09 15:36:00+00:00,Cochabamba,CAM-27,CHO-024,161.0,161.0,72.0,48.7,1.0,1.0,1.0,1158,camion_id_sin_correspondencia_silver,fecha_local_bolivia_convertida_utc,,ORD-2026-01157,CLI-078,PROD-018,2026-08-09 11:36:00,Cochabamba,CAM-27,CHO-024,161,161.0,72,48.7,1,1,1,ORD-2026-01157,False,CLI-078,False,PROD-018,False,CAM-27,False,CHO-024,False,Cochabamba,False,161,False,161.0,False,False,161.0,False,False,72.0,False,False,48.7,False,False,1.0,False,False,1.0,False,False,1.0,False,False,iso,True,2026-08-09 15:36:00+00:00,False,True,True,False,False,,,True,1,0,camion_id_sin_correspondencia_silver,cuarentena
ORD-2026-01161,CLI-072,PROD-053,2026-08-30 23:17:00+00:00,Tarija,CAM-26,CHO-025,338.0,319.0,72.0,57.3,1.0,0.0,0.0,1162,order_id_duplicado,fecha_local_bolivia_convertida_utc,,ORD-2026-01161,CLI-072,PROD-053,2026-08-30 19:17:00,Tarija,CAM-26,CHO-025,338,319.0,72,57.3,1,0,0,ORD-2026-01161,False,CLI-072,False,PROD-053,False,CAM-26,False,CHO-025,False,Tarija,False,338,False,338.0,False,False,319.0,False,False,72.0,False,False,57.3,False,False,1.0,False,False,0.0,False,False,0.0,False,False,iso,True,2026-08-30 23:17:00+00:00,False,True,True,True,False,,,True,1,0,order_id_duplicado,cuarentena
ORD-2026-01177,CLI-071,PROD-014,2026-08-27 11:55:00+00:00,La Paz,CAM-28,CHO-101,180.0,180.0,24.0,18.7,1.0,1.0,1.0,1178,producto_id_sin_correspondencia_silver,fecha_local_bolivia_convertida_utc,,ORD-2026-01177,CLI-071,PROD-014,2026-08-27 07:55:00,La Paz,CAM-28,CHO-101,180,180.0,24,18.7,1,1,1,ORD-2026-01177,False,CLI-071,False,PROD-014,False,CAM-28,False,CHO-101,False,La Paz,False,180,False,180.0,False,False,180.0,False,False,24.0,False,False,18.7,False,False,1.0,False,False,1.0,False,False,1.0,False,False,iso,True,2026-08-27 11:55:00+00:00,False,True,False,True,False,,,True,1,0,producto_id_sin_correspondencia_silver,cuarentena
ORD-2026-01178,CLI-026,PROD-010,2026-08-18 00:25:00+00:00,Oruro,CAM-03,CHO-027,468.0,468.0,48.0,40.3,1.0,1.0,1.0,1179,producto_id_sin_correspondencia_silver,fecha_local_bolivia_convertida_utc,,ORD-2026-01178,CLI-026,PROD-010,2026-08-17 20:25:00,Oruro,CAM-03,CHO-027,468,468.0,48,40.3,1,1,1,ORD-2026-01178,False,CLI-026,False,PROD-010,False,CAM-03,False,CHO-027,False,Oruro,False,468,False,468.0,False,False,468.0,False,False,48.0,False,False,40.3,False,False,1.0,False,False,1.0,False,False,1.0,False,False,iso,True,2026-08-18 00:25:00+00:00,False,True,False,True,False,,,True,1,0,producto_id_sin_correspondencia_silver,cuarentena
ORD-2026-01187,CLI-035,PROD-050,2026-08-02 12:04:00+00:00,Tarija,CAM-19,CHO-074,57.0,57.0,24.0,-23.6,1.0,1.0,1.0,1188,tiempo_real_negativo,fecha_local_bolivia_convertida_utc,,ORD-2026-01187,CLI-035,PROD-050,2026-08-02 08:04:00,Tarija,CAM-19,CHO-074,57,57.0,24,-23.6,1,1,1,ORD-2026-01187,False,CLI-035,False,PROD-050,False,CAM-19,False,CHO-074,False,Tarija,False,57,False,57.0,False,False,57.0,False,False,24.0,False,False,-23.6,False,False,1.0,False,False,1.0,False,False,1.0,False,False,iso,True,2026-08-02 12:04:00+00:00,False,True,True,True,False,,,True,1,0,tiempo_real_negativo,cuarentena
ORD-2026-01191,CLI-066,PROD-024,2026-08-06 15:15:00+00:00,Santa Cruz,CAM-18,CHO-127,198.0,198.0,48.0,47.4,1.0,1.0,1.0,1192,producto_id_sin_correspondencia_silver,fecha_local_bolivia_convertida_utc,,ORD-2026-01191,CLI-066,PROD-024,2026-08-06 11:15:00,Santa Cruz,CAM-18,CHO-127,198,198.0,48,47.4,1,1,1,ORD-2026-01191,False,CLI-066,False,PROD-024,False,CAM-18,False,CHO-127,False,Santa Cruz,False,198,False,198.0,False,False,198.0,False,False,48.0,False,False,47.4,False,False,1.0,False,False,1.0,False,False,1.0,False,False,iso,True,2026-08-06 15:15:00+00:00,False,True,False,True,False,,,True,1,0,producto_id_sin_correspondencia_silver,cuarentena
ORD-2026-01193,CLI-049,PROD-021,2026-08-29 21:53:00+00:00,Cochabamba,CAM-27,CHO-121,452.0,452.0,24.0,19.2,1.0,1.0,1.0,1194,camion_id_sin_correspondencia_silver,fecha_local_bolivia_convertida_utc,,ORD-2026-01193,CLI-049,PROD-021,2026-08-29 17:53:00,Cochabamba,CAM-27,CHO-121,452,452.0,24,19.2,1,1,1,ORD-2026-01193,False,CLI-049,False,PROD-021,False,CAM-27,False,CHO-121,False,Cochabamba,False,452,False,452.0,False,False,452.0,False,False,24.0,False,False,19.2,False,False,1.0,False,False,1.0,False,False,1.0,False,False,iso,True,2026-08-29 21:53:00+00:00,False,True,True,False,False,,,True,1,0,camion_id_sin_correspondencia_silver,cuarentena
ORD-2026-01198,CLI-012,PROD-026,2026-08-10 19:16:00+00:00,La Paz,CAM-15,CHO-013,492.0,492.0,48.0,47.6,1.0,1.0,1.0,1199,producto_id_sin_correspondencia_silver,fecha_local_bolivia_convertida_utc,,ORD-2026-01198,CLI-012,PROD-026,2026-08-10 15:16:00,La Paz,CAM-15,CHO-013,492,492.0,48,47.6,1,1,1,ORD-2026-01198,False,CLI-012,False,PROD-026,False,CAM-15,False,CHO-013,False,La Paz,False,492,False,492.0,False,False,492.0,False,False,48.0,False,False,47.6,False,False,1.0,False,False,1.0,False,False,1.0,False,False,iso,True,2026-08-10 19:16:00+00:00,False,True,False,True,False,,,True,1,0,producto_id_sin_correspondencia_silver,cuarentena
ORD-2026-01203,CLI-098,PROD-026,2026-08-16 03:15:00+00:00,Tarija,CAM-19,CHO-119,280.0,280.0,24.0,16.2,1.0,1.0,1.0,1204,producto_id_sin_correspondencia_silver,fecha_local_bolivia_convertida_utc,,ORD-2026-01203,CLI-098,PROD-026,2026-08-15 23:15:00,Tarija,CAM-19,CHO-119,280,280.0,24,16.2,1,1,1,ORD-2026-01203,False,CLI-098,False,PROD-026,False,CAM-19,False,CHO-119,False,Tarija,False,280,False,280.0,False,False,280.0,False,False,24.0,False,False,16.2,False,False,1.0,False,False,1.0,False,False,1.0,False,False,iso,True,2026-08-16 03:15:00+00:00,False,True,False,True,False,,,True,1,0,producto_id_sin_correspondencia_silver,cuarentena
ORD-2026-01205,CLI-007,PROD-024,2026-08-09 23:38:00+00:00,Cochabamba,CAM-30,CHO-083,407.0,407.0,72.0,57.9,1.0,1.0,1.0,1206,producto_id_sin_correspondencia_silver,fecha_local_bolivia_convertida_utc,,ORD-2026-01205,CLI-007,PROD-024,2026-08-09 19:38:00,Cochabamba,CAM-30,CHO-083,407,407.0,72,57.9,1,1,1,ORD-2026-01205,False,CLI-007,False,PROD-024,False,CAM-30,False,CHO-083,False,Cochabamba,False,407,False,407.0,False,False,407.0,False,False,72.0,False,False,57.9,False,False,1.0,False,False,1.0,False,False,1.0,False,False,iso,True,2026-08-09 23:38:00+00:00,False,True,False,True,False,,,True,1,0,producto_id_sin_correspondencia_silver,cuarentena
ORD-2026-01209,CLI-075,PROD-014,2026-08-10 23:22:00+00:00,Oruro,CAM-24,CHO-046,473.0,473.0,24.0,26.1,0.0,1.0,0.0,1210,producto_id_sin_correspondencia_silver,fecha_local_bolivia_convertida_utc,,ORD-2026-01209,CLI-075,PROD-014,2026-08-10 19:22:00,Oruro,CAM-24,CHO-046,473,473.0,24,26.1,0,1,0,ORD-2026-01209,False,CLI-075,False,PROD-014,False,CAM-24,False,CHO-046,False,Oruro,False,473,False,473.0,False,False,473.0,False,False,24.0,False,False,26.1,False,False,0.0,False,False,1.0,False,False,0.0,False,False,iso,True,2026-08-10 23:22:00+00:00,False,True,False,True,False,,,True,1,0,producto_id_sin_correspondencia_silver,cuarentena
ORD-2026-01210,CLI-041,PROD-006,2026-08-20 23:52:00+00:00,Tarija,CAM-19,CHO-097,249.0,,72.0,43.7,1.0,1.0,1.0,1211,requerido_ausente:cantidad_entregada,fecha_local_bolivia_convertida_utc,,ORD-2026-01210,CLI-041,PROD-006,2026-08-20 19:52:00,Tarija,CAM-19,CHO-097,249,,72,43.7,1,1,1,ORD-2026-01210,False,CLI-041,False,PROD-006,False,CAM-19,False,CHO-097,False,Tarija,False,249,False,249.0,False,False,,False,False,72.0,False,False,43.7,False,False,1.0,False,False,1.0,False,False,1.0,False,False,iso,True,2026-08-20 23:52:00+00:00,False,True,True,True,False,,,True,1,0,requerido_ausente:cantidad_entregada,cuarentena
ORD-2026-01222,CLI-057,PROD-044,2026-08-28 10:18:00+00:00,Santa Cruz,CAM-08,CHO-139,339.0,339.0,48.0,-37.2,1.0,1.0,1.0,1223,tiempo_real_negativo,fecha_local_bolivia_convertida_utc,,ORD-2026-01222,CLI-057,PROD-044,2026-08-28 06:18:00,Santa Cruz,CAM-08,CHO-139,339,339.0,48,-37.2,1,1,1,ORD-2026-01222,False,CLI-057,False,PROD-044,False,CAM-08,False,CHO-139,False,Santa Cruz,False,339,False,339.0,False,False,339.0,False,False,48.0,False,False,-37.2,False,False,1.0,False,False,1.0,False,False,1.0,False,False,iso,True,2026-08-28 10:18:00+00:00,False,True,True,True,False,,,True,1,0,tiempo_real_negativo,cuarentena
ORD-2026-01224,CLI-087,PROD-014,2026-08-28 08:32:00+00:00,Oruro,CAM-24,CHO-046,492.0,492.0,24.0,17.6,1.0,1.0,1.0,1225,producto_id_sin_correspondencia_silver,fecha_local_bolivia_convertida_utc,,ORD-2026-01224,CLI-087,PROD-014,2026-08-28 04:32:00,Oruro,CAM-24,CHO-046,492,492.0,24,17.6,1,1,1,ORD-2026-01224,False,CLI-087,False,PROD-014,False,CAM-24,False,CHO-046,False,Oruro,False,492,False,492.0,False,False,492.0,False,False,24.0,False,False,17.6,False,False,1.0,False,False,1.0,False,False,1.0,False,False,iso,True,2026-08-28 08:32:00+00:00,False,True,False,True,False,,,True,1,0,producto_id_sin_correspondencia_silver,cuarentena
ORD-2026-01229,CLI-100,PROD-036,2026-08-12 15:39:00+00:00,Oruro,CAM-24,CHO-046,226.0,226.0,24.0,20.7,1.0,1.0,1.0,1230,producto_id_sin_correspondencia_silver,fecha_local_bolivia_convertida_utc,,ORD-2026-01229,CLI-100,PROD-036,2026-08-12 11:39:00,Oruro,CAM-24,CHO-046,226,226.0,24,20.7,1,1,1,ORD-2026-01229,False,CLI-100,False,PROD-036,False,CAM-24,False,CHO-046,False,Oruro,False,226,False,226.0,False,False,226.0,False,False,24.0,False,False,20.7,False,False,1.0,False,False,1.0,False,False,1.0,False,False,iso,True,2026-08-12 15:39:00+00:00,False,True,False,True,False,,,True,1,0,producto_id_sin_correspondencia_silver,cuarentena
ORD-2026-01232,CLI-005,PROD-014,2026-08-05 12:32:00+00:00,Cochabamba,CAM-13,CHO-135,131.0,131.0,48.0,23.7,1.0,1.0,1.0,1233,producto_id_sin_correspondencia_silver,fecha_local_bolivia_convertida_utc,,ORD-2026-01232,CLI-005,PROD-014,2026-08-05 08:32:00,Cochabamba,CAM-13,CHO-135,131,131.0,48,23.7,1,1,1,ORD-2026-01232,False,CLI-005,False,PROD-014,False,CAM-13,False,CHO-135,False,Cochabamba,False,131,False,131.0,False,False,131.0,False,False,48.0,False,False,23.7,False,False,1.0,False,False,1.0,False,False,1.0,False,False,iso,True,2026-08-05 12:32:00+00:00,False,True,False,True,False,,,True,1,0,producto_id_sin_correspondencia_silver,cuarentena
ORD-2026-01238,CLI-013,PROD-005,2026-08-05 02:06:00+00:00,Cochabamba,CAM-01,CHO-143,68.0,68.0,48.0,33.7,1.0,1.0,1.0,1239,camion_id_sin_correspondencia_silver,fecha_local_bolivia_convertida_utc,,ORD-2026-01238,CLI-013,PROD-005,2026-08-04 22:06:00,Cochabamba,CAM-01,CHO-143,68,68.0,48,33.7,1,1,1,ORD-2026-01238,False,CLI-013,False,PROD-005,False,CAM-01,False,CHO-143,False,Cochabamba,False,68,False,68.0,False,False,68.0,False,False,48.0,False,False,33.7,False,False,1.0,False,False,1.0,False,False,1.0,False,False,iso,True,2026-08-05 02:06:00+00:00,False,True,True,False,False,,,True,1,0,camion_id_sin_correspondencia_silver,cuarentena
ORD-2026-01239,CLI-024,PROD-024,2026-08-13 18:30:00+00:00,Santa Cruz,CAM-29,CHO-100,345.0,337.0,48.0,48.9,0.0,0.0,0.0,1240,producto_id_sin_correspondencia_silver,fecha_local_bolivia_convertida_utc,,ORD-2026-01239,CLI-024,PROD-024,2026-08-13 14:30:00,Santa Cruz,CAM-29,CHO-100,345,337.0,48,48.9,0,0,0,ORD-2026-01239,False,CLI-024,False,PROD-024,False,CAM-29,False,CHO-100,False,Santa Cruz,False,345,False,345.0,False,False,337.0,False,False,48.0,False,False,48.9,False,False,0.0,False,False,0.0,False,False,0.0,False,False,iso,True,2026-08-13 18:30:00+00:00,False,True,False,True,False,,,True,1,0,producto_id_sin_correspondencia_silver,cuarentena
ORD-2026-01241,CLI-018,PROD-047,2026-08-18 15:53:00+00:00,Cochabamba,CAM-01,CHO-123,209.0,209.0,48.0,36.7,1.0,1.0,1.0,1242,camion_id_sin_correspondencia_silver,fecha_local_bolivia_convertida_utc,,ORD-2026-01241,CLI-018,PROD-047,2026-08-18 11:53:00,Cochabamba,CAM-01,CHO-123,209,209.0,48,36.7,1,1,1,ORD-2026-01241,False,CLI-018,False,PROD-047,False,CAM-01,False,CHO-123,False,Cochabamba,False,209,False,209.0,False,False,209.0,False,False,48.0,False,False,36.7,False,False,1.0,False,False,1.0,False,False,1.0,False,False,iso,True,2026-08-18 15:53:00+00:00,False,True,True,False,False,,,True,1,0,camion_id_sin_correspondencia_silver,cuarentena
ORD-2026-01243,CLI-030,PROD-060,2026-08-04 21:08:00+00:00,Cochabamba,CAM-01,CHO-083,286.0,286.0,24.0,21.7,1.0,1.0,1.0,1244,camion_id_sin_correspondencia_silver,fecha_local_bolivia_convertida_utc,,ORD-2026-01243,CLI-030,PROD-060,2026-08-04 17:08:00,Cochabamba,CAM-01,CHO-083,286,286.0,24,21.7,1,1,1,ORD-2026-01243,False,CLI-030,False,PROD-060,False,CAM-01,False,CHO-083,False,Cochabamba,False,286,False,286.0,False,False,286.0,False,False,24.0,False,False,21.7,False,False,1.0,False,False,1.0,False,False,1.0,False,False,iso,True,2026-08-04 21:08:00+00:00,False,True,True,False,False,,,True,1,0,camion_id_sin_correspondencia_silver,cuarentena
ORD-2026-01262,CLI-005,PROD-028,2026-08-28 17:18:00+00:00,Tarija,CAM-21,CHO-068,76.0,76.0,24.0,21.5,1.0,1.0,1.0,1263,producto_id_sin_correspondencia_silver,fecha_local_bolivia_convertida_utc,,ORD-2026-01262,CLI-005,PROD-028,2026-08-28 13:18:00,Tarija,CAM-21,CHO-068,76,76.0,24,21.5,1,1,1,ORD-2026-01262,False,CLI-005,False,PROD-028,False,CAM-21,False,CHO-068,False,Tarija,False,76,False,76.0,False,False,76.0,False,False,24.0,False,False,21.5,False,False,1.0,False,False,1.0,False,False,1.0,False,False,iso,True,2026-08-28 17:18:00+00:00,False,True,False,True,False,,,True,1,0,producto_id_sin_correspondencia_silver,cuarentena
ORD-2026-01272,CLI-020,PROD-059,2026-08-19 17:31:00+00:00,Cochabamba,CAM-27,CHO-088,333.0,333.0,24.0,20.1,1.0,1.0,1.0,1273,camion_id_sin_correspondencia_silver,fecha_local_bolivia_convertida_utc,,ORD-2026-01272,CLI-020,PROD-059,2026-08-19 13:31:00,Cochabamba,CAM-27,CHO-088,333,333.0,24,20.1,1,1,1,ORD-2026-01272,False,CLI-020,False,PROD-059,False,CAM-27,False,CHO-088,False,Cochabamba,False,333,False,333.0,False,False,333.0,False,False,24.0,False,False,20.1,False,False,1.0,False,False,1.0,False,False,1.0,False,False,iso,True,2026-08-19 17:31:00+00:00,False,True,True,False,False,,,True,1,0,camion_id_sin_correspondencia_silver,cuarentena
ORD-2026-01273,CLI-070,PROD-026,2026-08-12 22:21:00+00:00,Santa Cruz,CAM-08,CHO-141,321.0,321.0,48.0,39.7,1.0,1.0,1.0,1274,producto_id_sin_correspondencia_silver,fecha_local_bolivia_convertida_utc,,ORD-2026-01273,CLI-070,PROD-026,2026-08-12 18:21:00,Santa Cruz,CAM-08,CHO-141,321,321.0,48,39.7,1,1,1,ORD-2026-01273,False,CLI-070,False,PROD-026,False,CAM-08,False,CHO-141,False,Santa Cruz,False,321,False,321.0,False,False,321.0,False,False,48.0,False,False,39.7,False,False,1.0,False,False,1.0,False,False,1.0,False,False,iso,True,2026-08-12 22:21:00+00:00,False,True,False,True,False,,,True,1,0,producto_id_sin_correspondencia_silver,cuarentena
ORD-2026-01278,CLI-018,PROD-024,2026-08-05 06:16:00+00:00,Oruro,CAM-16,CHO-027,29.0,29.0,24.0,15.4,1.0,1.0,1.0,1279,producto_id_sin_correspondencia_silver,fecha_local_bolivia_convertida_utc,,ORD-2026-01278,CLI-018,PROD-024,2026-08-05 02:16:00,Oruro,CAM-16,CHO-027,29,29.0,24,15.4,1,1,1,ORD-2026-01278,False,CLI-018,False,PROD-024,False,CAM-16,False,CHO-027,False,Oruro,False,29,False,29.0,False,False,29.0,False,False,24.0,False,False,15.4,False,False,1.0,False,False,1.0,False,False,1.0,False,False,iso,True,2026-08-05 06:16:00+00:00,False,True,False,True,False,,,True,1,0,producto_id_sin_correspondencia_silver,cuarentena
ORD-2026-01279,CLI-018,PROD-041,2026-08-09 08:09:00+00:00,Cochabamba,CAM-27,CHO-125,30.0,18.0,24.0,20.8,1.0,0.0,0.0,1280,camion_id_sin_correspondencia_silver,fecha_local_bolivia_convertida_utc,,ORD-2026-01279,CLI-018,PROD-041,2026-08-09 04:09:00,Cochabamba,CAM-27,CHO-125,30,18.0,24,20.8,1,0,0,ORD-2026-01279,False,CLI-018,False,PROD-041,False,CAM-27,False,CHO-125,False,Cochabamba,False,30,False,30.0,False,False,18.0,False,False,24.0,False,False,20.8,False,False,1.0,False,False,0.0,False,False,0.0,False,False,iso,True,2026-08-09 08:09:00+00:00,False,True,True,False,False,,,True,1,0,camion_id_sin_correspondencia_silver,cuarentena
ORD-2026-01285,CLI-070,PROD-028,2026-08-09 16:35:00+00:00,La Paz,CAM-04,CHO-011,495.0,,48.0,42.0,1.0,1.0,1.0,1286,producto_id_sin_correspondencia_silver | requerido_ausente:cantidad_entregada,fecha_local_bolivia_convertida_utc,,ORD-2026-01285,CLI-070,PROD-028,2026-08-09 12:35:00,La Paz,CAM-04,CHO-011,495,,48,42.0,1,1,1,ORD-2026-01285,False,CLI-070,False,PROD-028,False,CAM-04,False,CHO-011,False,La Paz,False,495,False,495.0,False,False,,False,False,48.0,False,False,42.0,False,False,1.0,False,False,1.0,False,False,1.0,False,False,iso,True,2026-08-09 16:35:00+00:00,False,True,False,True,False,,,True,1,0,producto_id_sin_correspondencia_silver | requerido_ausente:cantidad_entregada,cuarentena
ORD-2026-01293,CLI-055,PROD-024,2026-08-15 23:54:00+00:00,Tarija,CAM-26,CHO-043,244.0,244.0,24.0,24.7,0.0,1.0,0.0,1294,producto_id_sin_correspondencia_silver,fecha_local_bolivia_convertida_utc,,ORD-2026-01293,CLI-055,PROD-024,2026-08-15 19:54:00,Tarija,CAM-26,CHO-043,244,244.0,24,24.7,0,1,0,ORD-2026-01293,False,CLI-055,False,PROD-024,False,CAM-26,False,CHO-043,False,Tarija,False,244,False,244.0,False,False,244.0,False,False,24.0,False,False,24.7,False,False,0.0,False,False,1.0,False,False,0.0,False,False,iso,True,2026-08-15 23:54:00+00:00,False,True,False,True,False,,,True,1,0,producto_id_sin_correspondencia_silver,cuarentena
ORD-2026-01297,CLI-011,PROD-024,2026-08-10 10:38:00+00:00,Oruro,CAM-03,CHO-046,356.0,356.0,72.0,52.4,1.0,1.0,1.0,1298,producto_id_sin_correspondencia_silver,fecha_local_bolivia_convertida_utc,,ORD-2026-01297,CLI-011,PROD-024,2026-08-10 06:38:00,Oruro,CAM-03,CHO-046,356,356.0,72,52.4,1,1,1,ORD-2026-01297,False,CLI-011,False,PROD-024,False,CAM-03,False,CHO-046,False,Oruro,False,356,False,356.0,False,False,356.0,False,False,72.0,False,False,52.4,False,False,1.0,False,False,1.0,False,False,1.0,False,False,iso,True,2026-08-10 10:38:00+00:00,False,True,False,True,False,,,True,1,0,producto_id_sin_correspondencia_silver,cuarentena
ORD-2026-01298,CLI-019,PROD-045,2026-08-26 02:37:00+00:00,Cochabamba,CAM-01,CHO-111,289.0,289.0,24.0,13.7,1.0,1.0,1.0,1299,camion_id_sin_correspondencia_silver,fecha_local_bolivia_convertida_utc,,ORD-2026-01298,CLI-019,PROD-045,2026-08-25 22:37:00,Cochabamba,CAM-01,CHO-111,289,289.0,24,13.7,1,1,1,ORD-2026-01298,False,CLI-019,False,PROD-045,False,CAM-01,False,CHO-111,False,Cochabamba,False,289,False,289.0,False,False,289.0,False,False,24.0,False,False,13.7,False,False,1.0,False,False,1.0,False,False,1.0,False,False,iso,True,2026-08-26 02:37:00+00:00,False,True,True,False,False,,,True,1,0,camion_id_sin_correspondencia_silver,cuarentena
ORD-2026-01301,CLI-004,PROD-036,2026-08-12 18:07:00+00:00,Tarija,CAM-26,CHO-063,340.0,340.0,48.0,33.9,1.0,1.0,1.0,1302,producto_id_sin_correspondencia_silver,fecha_local_bolivia_convertida_utc,,ORD-2026-01301,CLI-004,PROD-036,2026-08-12 14:07:00,Tarija,CAM-26,CHO-063,340,340.0,48,33.9,1,1,1,ORD-2026-01301,False,CLI-004,False,PROD-036,False,CAM-26,False,CHO-063,False,Tarija,False,340,False,340.0,False,False,340.0,False,False,48.0,False,False,33.9,False,False,1.0,False,False,1.0,False,False,1.0,False,False,iso,True,2026-08-12 18:07:00+00:00,False,True,False,True,False,,,True,1,0,producto_id_sin_correspondencia_silver,cuarentena
ORD-2026-01306,CLI-001,PROD-024,2026-08-02 15:43:00+00:00,Santa Cruz,CAM-23,CHO-129,427.0,427.0,48.0,45.7,1.0,1.0,1.0,1307,producto_id_sin_correspondencia_silver,fecha_local_bolivia_convertida_utc,,ORD-2026-01306,CLI-001,PROD-024,2026-08-02 11:43:00,Santa Cruz,CAM-23,CHO-129,427,427.0,48,45.7,1,1,1,ORD-2026-01306,False,CLI-001,False,PROD-024,False,CAM-23,False,CHO-129,False,Santa Cruz,False,427,False,427.0,False,False,427.0,False,False,48.0,False,False,45.7,False,False,1.0,False,False,1.0,False,False,1.0,False,False,iso,True,2026-08-02 15:43:00+00:00,False,True,False,True,False,,,True,1,0,producto_id_sin_correspondencia_silver,cuarentena
ORD-2026-01311,CLI-027,PROD-043,2026-08-18 03:03:00+00:00,Cochabamba,CAM-27,CHO-017,462.0,452.0,72.0,41.7,1.0,0.0,0.0,1312,camion_id_sin_correspondencia_silver,fecha_local_bolivia_convertida_utc,,ORD-2026-01311,CLI-027,PROD-043,2026-08-17 23:03:00,Cochabamba,CAM-27,CHO-017,462,452.0,72,41.7,1,0,0,ORD-2026-01311,False,CLI-027,False,PROD-043,False,CAM-27,False,CHO-017,False,Cochabamba,False,462,False,462.0,False,False,452.0,False,False,72.0,False,False,41.7,False,False,1.0,False,False,0.0,False,False,0.0,False,False,iso,True,2026-08-18 03:03:00+00:00,False,True,True,False,False,,,True,1,0,camion_id_sin_correspondencia_silver,cuarentena
ORD-2026-01312,CLI-031,PROD-010,2026-08-09 11:43:00+00:00,Oruro,CAM-24,CHO-066,74.0,74.0,24.0,15.7,1.0,1.0,1.0,1313,producto_id_sin_correspondencia_silver,fecha_local_bolivia_convertida_utc,,ORD-2026-01312,CLI-031,PROD-010,2026-08-09 07:43:00,Oruro,CAM-24,CHO-066,74,74.0,24,15.7,1,1,1,ORD-2026-01312,False,CLI-031,False,PROD-010,False,CAM-24,False,CHO-066,False,Oruro,False,74,False,74.0,False,False,74.0,False,False,24.0,False,False,15.7,False,False,1.0,False,False,1.0,False,False,1.0,False,False,iso,True,2026-08-09 11:43:00+00:00,False,True,False,True,False,,,True,1,0,producto_id_sin_correspondencia_silver,cuarentena
ORD-2026-01324,CLI-005,PROD-024,2026-08-27 00:52:00+00:00,La Paz,CAM-15,CHO-056,260.0,260.0,48.0,47.9,1.0,1.0,1.0,1325,producto_id_sin_correspondencia_silver,fecha_local_bolivia_convertida_utc,,ORD-2026-01324,CLI-005,PROD-024,2026-08-26 20:52:00,La Paz,CAM-15,CHO-056,260,260.0,48,47.9,1,1,1,ORD-2026-01324,False,CLI-005,False,PROD-024,False,CAM-15,False,CHO-056,False,La Paz,False,260,False,260.0,False,False,260.0,False,False,48.0,False,False,47.9,False,False,1.0,False,False,1.0,False,False,1.0,False,False,iso,True,2026-08-27 00:52:00+00:00,False,True,False,True,False,,,True,1,0,producto_id_sin_correspondencia_silver,cuarentena
ORD-2026-01327,CLI-061,PROD-051,2026-08-25 02:34:00+00:00,Santa Cruz,CAM-08,CHO-137,478.0,478.0,48.0,35.8,1.0,1.0,1.0,1328,order_id_duplicado,fecha_local_bolivia_convertida_utc,,ORD-2026-01327,CLI-061,PROD-051,2026-08-24 22:34:00,Santa Cruz,CAM-08,CHO-137,478,478.0,48,35.8,1,1,1,ORD-2026-01327,False,CLI-061,False,PROD-051,False,CAM-08,False,CHO-137,False,Santa Cruz,False,478,False,478.0,False,False,478.0,False,False,48.0,False,False,35.8,False,False,1.0,False,False,1.0,False,False,1.0,False,False,iso,True,2026-08-25 02:34:00+00:00,False,True,True,True,False,,,True,1,0,order_id_duplicado,cuarentena
ORD-2026-01339,CLI-025,PROD-036,2026-08-25 07:06:00+00:00,Oruro,CAM-20,CHO-095,373.0,373.0,72.0,52.6,1.0,1.0,1.0,1340,producto_id_sin_correspondencia_silver,fecha_local_bolivia_convertida_utc,,ORD-2026-01339,CLI-025,PROD-036,2026-08-25 03:06:00,Oruro,CAM-20,CHO-095,373,373.0,72,52.6,1,1,1,ORD-2026-01339,False,CLI-025,False,PROD-036,False,CAM-20,False,CHO-095,False,Oruro,False,373,False,373.0,False,False,373.0,False,False,72.0,False,False,52.6,False,False,1.0,False,False,1.0,False,False,1.0,False,False,iso,True,2026-08-25 07:06:00+00:00,False,True,False,True,False,,,True,1,0,producto_id_sin_correspondencia_silver,cuarentena
ORD-2026-01343,CLI-003,PROD-027,2026-08-15 10:28:00+00:00,La Paz,CAM-15,CHO-130,136.0,136.0,72.0,-70.5,1.0,1.0,1.0,1344,tiempo_real_negativo,fecha_local_bolivia_convertida_utc,,ORD-2026-01343,CLI-003,PROD-027,2026-08-15 06:28:00,La Paz,CAM-15,CHO-130,136,136.0,72,-70.5,1,1,1,ORD-2026-01343,False,CLI-003,False,PROD-027,False,CAM-15,False,CHO-130,False,La Paz,False,136,False,136.0,False,False,136.0,False,False,72.0,False,False,-70.5,False,False,1.0,False,False,1.0,False,False,1.0,False,False,iso,True,2026-08-15 10:28:00+00:00,False,True,True,True,False,,,True,1,0,tiempo_real_negativo,cuarentena
ORD-2026-01345,CLI-064,PROD-024,2026-08-16 14:55:00+00:00,Tarija,CAM-19,CHO-010,177.0,177.0,24.0,25.6,0.0,1.0,0.0,1346,producto_id_sin_correspondencia_silver,fecha_local_bolivia_convertida_utc,,ORD-2026-01345,CLI-064,PROD-024,2026-08-16 10:55:00,Tarija,CAM-19,CHO-010,177,177.0,24,25.6,0,1,0,ORD-2026-01345,False,CLI-064,False,PROD-024,False,CAM-19,False,CHO-010,False,Tarija,False,177,False,177.0,False,False,177.0,False,False,24.0,False,False,25.6,False,False,0.0,False,False,1.0,False,False,0.0,False,False,iso,True,2026-08-16 14:55:00+00:00,False,True,False,True,False,,,True,1,0,producto_id_sin_correspondencia_silver,cuarentena
ORD-2026-01352,CLI-063,PROD-028,2026-08-23 22:14:00+00:00,Tarija,CAM-26,CHO-005,269.0,269.0,24.0,21.9,1.0,1.0,1.0,1353,producto_id_sin_correspondencia_silver,fecha_local_bolivia_convertida_utc,,ORD-2026-01352,CLI-063,PROD-028,2026-08-23 18:14:00,Tarija,CAM-26,CHO-005,269,269.0,24,21.9,1,1,1,ORD-2026-01352,False,CLI-063,False,PROD-028,False,CAM-26,False,CHO-005,False,Tarija,False,269,False,269.0,False,False,269.0,False,False,24.0,False,False,21.9,False,False,1.0,False,False,1.0,False,False,1.0,False,False,iso,True,2026-08-23 22:14:00+00:00,False,True,False,True,False,,,True,1,0,producto_id_sin_correspondencia_silver,cuarentena
ORD-2026-01354,CLI-081,PROD-028,2026-08-21 02:41:00+00:00,Cochabamba,CAM-05,CHO-042,455.0,455.0,72.0,58.5,1.0,1.0,1.0,1355,producto_id_sin_correspondencia_silver,fecha_local_bolivia_convertida_utc,,ORD-2026-01354,CLI-081,PROD-028,2026-08-20 22:41:00,Cochabamba,CAM-05,CHO-042,455,455.0,72,58.5,1,1,1,ORD-2026-01354,False,CLI-081,False,PROD-028,False,CAM-05,False,CHO-042,False,Cochabamba,False,455,False,455.0,False,False,455.0,False,False,72.0,False,False,58.5,False,False,1.0,False,False,1.0,False,False,1.0,False,False,iso,True,2026-08-21 02:41:00+00:00,False,True,False,True,False,,,True,1,0,producto_id_sin_correspondencia_silver,cuarentena
ORD-2026-01365,CLI-040,PROD-056,2026-08-17 23:30:00+00:00,Cochabamba,CAM-01,CHO-085,147.0,147.0,24.0,21.2,1.0,1.0,1.0,1366,camion_id_sin_correspondencia_silver,fecha_local_bolivia_convertida_utc,,ORD-2026-01365,CLI-040,PROD-056,2026-08-17 19:30:00,Cochabamba,CAM-01,CHO-085,147,147.0,24,21.2,1,1,1,ORD-2026-01365,False,CLI-040,False,PROD-056,False,CAM-01,False,CHO-085,False,Cochabamba,False,147,False,147.0,False,False,147.0,False,False,24.0,False,False,21.2,False,False,1.0,False,False,1.0,False,False,1.0,False,False,iso,True,2026-08-17 23:30:00+00:00,False,True,True,False,False,,,True,1,0,camion_id_sin_correspondencia_silver,cuarentena
ORD-2026-01381,CLI-049,PROD-026,2026-08-26 22:52:00+00:00,Oruro,CAM-20,CHO-046,477.0,477.0,48.0,37.8,1.0,1.0,1.0,1382,producto_id_sin_correspondencia_silver,fecha_local_bolivia_convertida_utc,,ORD-2026-01381,CLI-049,PROD-026,2026-08-26 18:52:00,Oruro,CAM-20,CHO-046,477,477.0,48,37.8,1,1,1,ORD-2026-01381,False,CLI-049,False,PROD-026,False,CAM-20,False,CHO-046,False,Oruro,False,477,False,477.0,False,False,477.0,False,False,48.0,False,False,37.8,False,False,1.0,False,False,1.0,False,False,1.0,False,False,iso,True,2026-08-26 22:52:00+00:00,False,True,False,True,False,,,True,1,0,producto_id_sin_correspondencia_silver,cuarentena
ORD-2026-01383,CLI-076,PROD-010,2026-08-23 22:50:00+00:00,Santa Cruz,CAM-08,CHO-028,189.0,189.0,24.0,21.1,1.0,1.0,1.0,1384,producto_id_sin_correspondencia_silver,fecha_local_bolivia_convertida_utc,,ORD-2026-01383,CLI-076,PROD-010,2026-08-23 18:50:00,Santa Cruz,CAM-08,CHO-028,189,189.0,24,21.1,1,1,1,ORD-2026-01383,False,CLI-076,False,PROD-010,False,CAM-08,False,CHO-028,False,Santa Cruz,False,189,False,189.0,False,False,189.0,False,False,24.0,False,False,21.1,False,False,1.0,False,False,1.0,False,False,1.0,False,False,iso,True,2026-08-23 22:50:00+00:00,False,True,False,True,False,,,True,1,0,producto_id_sin_correspondencia_silver,cuarentena
ORD-2026-01388,CLI-010,PROD-024,2026-08-13 18:40:00+00:00,La Paz,CAM-15,CHO-140,403.0,403.0,72.0,45.5,1.0,1.0,1.0,1389,producto_id_sin_correspondencia_silver,fecha_local_bolivia_convertida_utc,,ORD-2026-01388,CLI-010,PROD-024,2026-08-13 14:40:00,La Paz,CAM-15,CHO-140,403,403.0,72,45.5,1,1,1,ORD-2026-01388,False,CLI-010,False,PROD-024,False,CAM-15,False,CHO-140,False,La Paz,False,403,False,403.0,False,False,403.0,False,False,72.0,False,False,45.5,False,False,1.0,False,False,1.0,False,False,1.0,False,False,iso,True,2026-08-13 18:40:00+00:00,False,True,False,True,False,,,True,1,0,producto_id_sin_correspondencia_silver,cuarentena
ORD-2026-01396,CLI-052,PROD-026,2026-08-10 06:51:00+00:00,La Paz,CAM-15,CHO-104,173.0,173.0,24.0,22.1,1.0,1.0,1.0,1397,producto_id_sin_correspondencia_silver,fecha_local_bolivia_convertida_utc,,ORD-2026-01396,CLI-052,PROD-026,2026-08-10 02:51:00,La Paz,CAM-15,CHO-104,173,173.0,24,22.1,1,1,1,ORD-2026-01396,False,CLI-052,False,PROD-026,False,CAM-15,False,CHO-104,False,La Paz,False,173,False,173.0,False,False,173.0,False,False,24.0,False,False,22.1,False,False,1.0,False,False,1.0,False,False,1.0,False,False,iso,True,2026-08-10 06:51:00+00:00,False,True,False,True,False,,,True,1,0,producto_id_sin_correspondencia_silver,cuarentena
ORD-2026-01399,CLI-091,PROD-014,2026-08-21 17:11:00+00:00,Tarija,CAM-26,CHO-005,305.0,305.0,48.0,34.4,1.0,1.0,1.0,1400,producto_id_sin_correspondencia_silver,fecha_local_bolivia_convertida_utc,,ORD-2026-01399,CLI-091,PROD-014,2026-08-21 13:11:00,Tarija,CAM-26,CHO-005,305,305.0,48,34.4,1,1,1,ORD-2026-01399,False,CLI-091,False,PROD-014,False,CAM-26,False,CHO-005,False,Tarija,False,305,False,305.0,False,False,305.0,False,False,48.0,False,False,34.4,False,False,1.0,False,False,1.0,False,False,1.0,False,False,iso,True,2026-08-21 17:11:00+00:00,False,True,False,True,False,,,True,1,0,producto_id_sin_correspondencia_silver,cuarentena
ORD-2026-01400,CLI-074,PROD-014,2026-08-28 05:38:00+00:00,Oruro,CAM-16,CHO-095,299.0,299.0,48.0,41.2,1.0,1.0,1.0,1401,producto_id_sin_correspondencia_silver,fecha_local_bolivia_convertida_utc,,ORD-2026-01400,CLI-074,PROD-014,2026-08-28 01:38:00,Oruro,CAM-16,CHO-095,299,299.0,48,41.2,1,1,1,ORD-2026-01400,False,CLI-074,False,PROD-014,False,CAM-16,False,CHO-095,False,Oruro,False,299,False,299.0,False,False,299.0,False,False,48.0,False,False,41.2,False,False,1.0,False,False,1.0,False,False,1.0,False,False,iso,True,2026-08-28 05:38:00+00:00,False,True,False,True,False,,,True,1,0,producto_id_sin_correspondencia_silver,cuarentena
ORD-2026-01401,CLI-046,PROD-024,2026-08-06 12:22:00+00:00,Oruro,CAM-24,CHO-027,470.0,470.0,24.0,24.8,0.0,1.0,0.0,1402,producto_id_sin_correspondencia_silver,fecha_local_bolivia_convertida_utc,,ORD-2026-01401,CLI-046,PROD-024,2026-08-06 08:22:00,Oruro,CAM-24,CHO-027,470,470.0,24,24.8,0,1,0,ORD-2026-01401,False,CLI-046,False,PROD-024,False,CAM-24,False,CHO-027,False,Oruro,False,470,False,470.0,False,False,470.0,False,False,24.0,False,False,24.8,False,False,0.0,False,False,1.0,False,False,0.0,False,False,iso,True,2026-08-06 12:22:00+00:00,False,True,False,True,False,,,True,1,0,producto_id_sin_correspondencia_silver,cuarentena
ORD-2026-01404,CLI-007,PROD-036,2026-08-07 00:33:00+00:00,Santa Cruz,CAM-08,CHO-048,51.0,51.0,48.0,42.8,1.0,1.0,1.0,1405,producto_id_sin_correspondencia_silver,fecha_local_bolivia_convertida_utc,,ORD-2026-01404,CLI-007,PROD-036,2026-08-06 20:33:00,Santa Cruz,CAM-08,CHO-048,51,51.0,48,42.8,1,1,1,ORD-2026-01404,False,CLI-007,False,PROD-036,False,CAM-08,False,CHO-048,False,Santa Cruz,False,51,False,51.0,False,False,51.0,False,False,48.0,False,False,42.8,False,False,1.0,False,False,1.0,False,False,1.0,False,False,iso,True,2026-08-07 00:33:00+00:00,False,True,False,True,False,,,True,1,0,producto_id_sin_correspondencia_silver,cuarentena
ORD-2026-01428,CLI-094,PROD-009,2026-08-23 07:45:00+00:00,Oruro,CAM-20,CHO-095,42.0,42.0,24.0,16.1,1.0,1.0,1.0,1429,order_id_duplicado,fecha_local_bolivia_convertida_utc,,ORD-2026-01428,CLI-094,PROD-009,2026-08-23 03:45:00,Oruro,CAM-20,CHO-095,42,42.0,24,16.1,1,1,1,ORD-2026-01428,False,CLI-094,False,PROD-009,False,CAM-20,False,CHO-095,False,Oruro,False,42,False,42.0,False,False,42.0,False,False,24.0,False,False,16.1,False,False,1.0,False,False,1.0,False,False,1.0,False,False,iso,True,2026-08-23 07:45:00+00:00,False,True,True,True,False,,,True,1,0,order_id_duplicado,cuarentena
ORD-2026-01431,CLI-060,PROD-026,2026-08-23 05:12:00+00:00,Tarija,CAM-26,CHO-063,426.0,426.0,24.0,22.4,1.0,1.0,1.0,1432,producto_id_sin_correspondencia_silver,fecha_local_bolivia_convertida_utc,,ORD-2026-01431,CLI-060,PROD-026,2026-08-23 01:12:00,Tarija,CAM-26,CHO-063,426,426.0,24,22.4,1,1,1,ORD-2026-01431,False,CLI-060,False,PROD-026,False,CAM-26,False,CHO-063,False,Tarija,False,426,False,426.0,False,False,426.0,False,False,24.0,False,False,22.4,False,False,1.0,False,False,1.0,False,False,1.0,False,False,iso,True,2026-08-23 05:12:00+00:00,False,True,False,True,False,,,True,1,0,producto_id_sin_correspondencia_silver,cuarentena
ORD-2026-01433,CLI-065,PROD-036,2026-08-28 22:37:00+00:00,Santa Cruz,CAM-08,CHO-145,457.0,457.0,48.0,38.7,1.0,1.0,1.0,1434,producto_id_sin_correspondencia_silver,fecha_local_bolivia_convertida_utc,,ORD-2026-01433,CLI-065,PROD-036,2026-08-28 18:37:00,Santa Cruz,CAM-08,CHO-145,457,457.0,48,38.7,1,1,1,ORD-2026-01433,False,CLI-065,False,PROD-036,False,CAM-08,False,CHO-145,False,Santa Cruz,False,457,False,457.0,False,False,457.0,False,False,48.0,False,False,38.7,False,False,1.0,False,False,1.0,False,False,1.0,False,False,iso,True,2026-08-28 22:37:00+00:00,False,True,False,True,False,,,True,1,0,producto_id_sin_correspondencia_silver,cuarentena
ORD-2026-01442,CLI-040,PROD-057,2026-08-19 01:53:00+00:00,Cochabamba,CAM-27,CHO-072,405.0,405.0,72.0,37.3,1.0,1.0,1.0,1443,camion_id_sin_correspondencia_silver,fecha_local_bolivia_convertida_utc,,ORD-2026-01442,CLI-040,PROD-057,2026-08-18 21:53:00,Cochabamba,CAM-27,CHO-072,405,405.0,72,37.3,1,1,1,ORD-2026-01442,False,CLI-040,False,PROD-057,False,CAM-27,False,CHO-072,False,Cochabamba,False,405,False,405.0,False,False,405.0,False,False,72.0,False,False,37.3,False,False,1.0,False,False,1.0,False,False,1.0,False,False,iso,True,2026-08-19 01:53:00+00:00,False,True,True,False,False,,,True,1,0,camion_id_sin_correspondencia_silver,cuarentena
ORD-2026-01450,CLI-051,PROD-036,2026-08-08 14:56:00+00:00,La Paz,CAM-28,CHO-094,218.0,218.0,72.0,53.4,1.0,1.0,1.0,1451,producto_id_sin_correspondencia_silver,fecha_local_bolivia_convertida_utc,,ORD-2026-01450,CLI-051,PROD-036,2026-08-08 10:56:00,La Paz,CAM-28,CHO-094,218,218.0,72,53.4,1,1,1,ORD-2026-01450,False,CLI-051,False,PROD-036,False,CAM-28,False,CHO-094,False,La Paz,False,218,False,218.0,False,False,218.0,False,False,72.0,False,False,53.4,False,False,1.0,False,False,1.0,False,False,1.0,False,False,iso,True,2026-08-08 14:56:00+00:00,False,True,False,True,False,,,True,1,0,producto_id_sin_correspondencia_silver,cuarentena
ORD-2026-01453,CLI-034,PROD-014,2026-08-23 00:19:00+00:00,Cochabamba,CAM-01,CHO-142,300.0,300.0,24.0,15.4,1.0,1.0,1.0,1454,producto_id_sin_correspondencia_silver | camion_id_sin_correspondencia_silver,fecha_local_bolivia_convertida_utc,,ORD-2026-01453,CLI-034,PROD-014,2026-08-22 20:19:00,Cochabamba,CAM-01,CHO-142,300,300.0,24,15.4,1,1,1,ORD-2026-01453,False,CLI-034,False,PROD-014,False,CAM-01,False,CHO-142,False,Cochabamba,False,300,False,300.0,False,False,300.0,False,False,24.0,False,False,15.4,False,False,1.0,False,False,1.0,False,False,1.0,False,False,iso,True,2026-08-23 00:19:00+00:00,False,True,False,False,False,,,True,1,0,producto_id_sin_correspondencia_silver | camion_id_sin_correspondencia_silver,cuarentena
ORD-2026-01456,CLI-063,PROD-036,2026-08-24 10:07:00+00:00,Cochabamba,CAM-25,CHO-061,289.0,272.0,24.0,21.7,1.0,0.0,0.0,1457,producto_id_sin_correspondencia_silver,fecha_local_bolivia_convertida_utc,,ORD-2026-01456,CLI-063,PROD-036,2026-08-24 06:07:00,Cochabamba,CAM-25,CHO-061,289,272.0,24,21.7,1,0,0,ORD-2026-01456,False,CLI-063,False,PROD-036,False,CAM-25,False,CHO-061,False,Cochabamba,False,289,False,289.0,False,False,272.0,False,False,24.0,False,False,21.7,False,False,1.0,False,False,0.0,False,False,0.0,False,False,iso,True,2026-08-24 10:07:00+00:00,False,True,False,True,False,,,True,1,0,producto_id_sin_correspondencia_silver,cuarentena
ORD-2026-01459,CLI-057,PROD-053,2026-08-28 18:32:00+00:00,Tarija,CAM-26,CHO-025,119.0,,72.0,63.2,1.0,1.0,1.0,1460,requerido_ausente:cantidad_entregada,fecha_local_bolivia_convertida_utc,,ORD-2026-01459,CLI-057,PROD-053,2026-08-28 14:32:00,Tarija,CAM-26,CHO-025,119,,72,63.2,1,1,1,ORD-2026-01459,False,CLI-057,False,PROD-053,False,CAM-26,False,CHO-025,False,Tarija,False,119,False,119.0,False,False,,False,False,72.0,False,False,63.2,False,False,1.0,False,False,1.0,False,False,1.0,False,False,iso,True,2026-08-28 18:32:00+00:00,False,True,True,True,False,,,True,1,0,requerido_ausente:cantidad_entregada,cuarentena
ORD-2026-01463,CLI-041,PROD-058,2026-08-09 22:59:00+00:00,Cochabamba,CAM-01,CHO-108,370.0,370.0,72.0,49.6,1.0,1.0,1.0,1464,camion_id_sin_correspondencia_silver,fecha_local_bolivia_convertida_utc,,ORD-2026-01463,CLI-041,PROD-058,2026-08-09 18:59:00,Cochabamba,CAM-01,CHO-108,370,370.0,72,49.6,1,1,1,ORD-2026-01463,False,CLI-041,False,PROD-058,False,CAM-01,False,CHO-108,False,Cochabamba,False,370,False,370.0,False,False,370.0,False,False,72.0,False,False,49.6,False,False,1.0,False,False,1.0,False,False,1.0,False,False,iso,True,2026-08-09 22:59:00+00:00,False,True,True,False,False,,,True,1,0,camion_id_sin_correspondencia_silver,cuarentena
ORD-2026-01466,CLI-048,PROD-060,2026-08-19 07:08:00+00:00,Cochabamba,CAM-01,CHO-087,99.0,99.0,48.0,32.2,1.0,1.0,1.0,1467,order_id_duplicado | camion_id_sin_correspondencia_silver,fecha_local_bolivia_convertida_utc,,ORD-2026-01466,CLI-048,PROD-060,2026-08-19 03:08:00,Cochabamba,CAM-01,CHO-087,99,99.0,48,32.2,1,1,1,ORD-2026-01466,False,CLI-048,False,PROD-060,False,CAM-01,False,CHO-087,False,Cochabamba,False,99,False,99.0,False,False,99.0,False,False,48.0,False,False,32.2,False,False,1.0,False,False,1.0,False,False,1.0,False,False,iso,True,2026-08-19 07:08:00+00:00,False,True,True,False,False,,,True,1,0,order_id_duplicado | camion_id_sin_correspondencia_silver,cuarentena
ORD-2026-01467,CLI-058,PROD-022,2026-08-06 19:02:00+00:00,Cochabamba,CAM-27,CHO-016,327.0,327.0,48.0,34.1,1.0,1.0,1.0,1468,camion_id_sin_correspondencia_silver,fecha_local_bolivia_convertida_utc,,ORD-2026-01467,CLI-058,PROD-022,2026-08-06 15:02:00,Cochabamba,CAM-27,CHO-016,327,327.0,48,34.1,1,1,1,ORD-2026-01467,False,CLI-058,False,PROD-022,False,CAM-27,False,CHO-016,False,Cochabamba,False,327,False,327.0,False,False,327.0,False,False,48.0,False,False,34.1,False,False,1.0,False,False,1.0,False,False,1.0,False,False,iso,True,2026-08-06 19:02:00+00:00,False,True,True,False,False,,,True,1,0,camion_id_sin_correspondencia_silver,cuarentena
ORD-2026-01468,CLI-050,PROD-026,2026-08-14 04:30:00+00:00,Santa Cruz,CAM-08,CHO-041,110.0,110.0,48.0,45.3,1.0,1.0,1.0,1469,producto_id_sin_correspondencia_silver,fecha_local_bolivia_convertida_utc,,ORD-2026-01468,CLI-050,PROD-026,2026-08-14 00:30:00,Santa Cruz,CAM-08,CHO-041,110,110.0,48,45.3,1,1,1,ORD-2026-01468,False,CLI-050,False,PROD-026,False,CAM-08,False,CHO-041,False,Santa Cruz,False,110,False,110.0,False,False,110.0,False,False,48.0,False,False,45.3,False,False,1.0,False,False,1.0,False,False,1.0,False,False,iso,True,2026-08-14 04:30:00+00:00,False,True,False,True,False,,,True,1,0,producto_id_sin_correspondencia_silver,cuarentena
ORD-2026-01483,CLI-057,PROD-014,2026-08-22 22:59:00+00:00,Santa Cruz,CAM-29,CHO-053,489.0,489.0,48.0,43.9,1.0,1.0,1.0,1484,producto_id_sin_correspondencia_silver,fecha_local_bolivia_convertida_utc,,ORD-2026-01483,CLI-057,PROD-014,22/08/2026 18:59,Santa Cruz,CAM-29,CHO-053,489,489.0,48,43.9,1,1,1,ORD-2026-01483,False,CLI-057,False,PROD-014,False,CAM-29,False,CHO-053,False,Santa Cruz,False,489,False,489.0,False,False,489.0,False,False,48.0,False,False,43.9,False,False,1.0,False,False,1.0,False,False,1.0,False,False,dmy,True,2026-08-22 22:59:00+00:00,False,True,False,True,False,,,True,1,0,producto_id_sin_correspondencia_silver,cuarentena
ORD-2026-01486,CLI-097,PROD-010,2026-08-16 21:12:00+00:00,La Paz,CAM-07,CHO-073,213.0,213.0,24.0,17.6,1.0,1.0,1.0,1487,producto_id_sin_correspondencia_silver,fecha_local_bolivia_convertida_utc,,ORD-2026-01486,CLI-097,PROD-010,2026-08-16 17:12:00,La Paz,CAM-07,CHO-073,213,213.0,24,17.6,1,1,1,ORD-2026-01486,False,CLI-097,False,PROD-010,False,CAM-07,False,CHO-073,False,La Paz,False,213,False,213.0,False,False,213.0,False,False,24.0,False,False,17.6,False,False,1.0,False,False,1.0,False,False,1.0,False,False,iso,True,2026-08-16 21:12:00+00:00,False,True,False,True,False,,,True,1,0,producto_id_sin_correspondencia_silver,cuarentena
ORD-2026-01492,CLI-091,PROD-027,2026-08-11 13:19:00+00:00,Cochabamba,CAM-27,CHO-120,35.0,35.0,24.0,19.9,1.0,1.0,1.0,1493,camion_id_sin_correspondencia_silver,fecha_local_bolivia_convertida_utc,,ORD-2026-01492,CLI-091,PROD-027,2026-08-11 09:19:00,Cochabamba,CAM-27,CHO-120,35,35.0,24,19.9,1,1,1,ORD-2026-01492,False,CLI-091,False,PROD-027,False,CAM-27,False,CHO-120,False,Cochabamba,False,35,False,35.0,False,False,35.0,False,False,24.0,False,False,19.9,False,False,1.0,False,False,1.0,False,False,1.0,False,False,iso,True,2026-08-11 13:19:00+00:00,False,True,True,False,False,,,True,1,0,camion_id_sin_correspondencia_silver,cuarentena
ORD-2026-01497,CLI-017,PROD-047,2026-08-26 05:51:00+00:00,Cochabamba,CAM-27,CHO-079,78.0,78.0,72.0,71.6,1.0,1.0,1.0,1498,camion_id_sin_correspondencia_silver,normalizacion_identificador:order_id | fecha_local_bolivia_convertida_utc,, ord-2026-01497 ,CLI-017,PROD-047,2026-08-26 01:51:00,Cochabamba,CAM-27,CHO-079,78,78.0,72,71.6,1,1,1,ORD-2026-01497,True,CLI-017,False,PROD-047,False,CAM-27,False,CHO-079,False,Cochabamba,False,78,False,78.0,False,False,78.0,False,False,72.0,False,False,71.6,False,False,1.0,False,False,1.0,False,False,1.0,False,False,iso,True,2026-08-26 05:51:00+00:00,False,True,True,False,False,,,True,2,0,camion_id_sin_correspondencia_silver,cuarentena
ORD-2026-01502,CLI-052,PROD-010,2026-08-17 13:26:00+00:00,Oruro,CAM-16,CHO-046,102.0,102.0,72.0,75.0,0.0,1.0,0.0,1503,producto_id_sin_correspondencia_silver,fecha_local_bolivia_convertida_utc,,ORD-2026-01502,CLI-052,PROD-010,2026-08-17 09:26:00,Oruro,CAM-16,CHO-046,102,102.0,72,75.0,0,1,0,ORD-2026-01502,False,CLI-052,False,PROD-010,False,CAM-16,False,CHO-046,False,Oruro,False,102,False,102.0,False,False,102.0,False,False,72.0,False,False,75.0,False,False,0.0,False,False,1.0,False,False,0.0,False,False,iso,True,2026-08-17 13:26:00+00:00,False,True,False,True,False,,,True,1,0,producto_id_sin_correspondencia_silver,cuarentena
ORD-2026-01504,CLI-031,PROD-014,2026-08-02 08:49:00+00:00,La Paz,CAM-10,CHO-103,363.0,363.0,24.0,21.9,1.0,1.0,1.0,1505,producto_id_sin_correspondencia_silver,fecha_local_bolivia_convertida_utc,,ORD-2026-01504,CLI-031,PROD-014,2026-08-02 04:49:00,La Paz,CAM-10,CHO-103,363,363.0,24,21.9,1,1,1,ORD-2026-01504,False,CLI-031,False,PROD-014,False,CAM-10,False,CHO-103,False,La Paz,False,363,False,363.0,False,False,363.0,False,False,24.0,False,False,21.9,False,False,1.0,False,False,1.0,False,False,1.0,False,False,iso,True,2026-08-02 08:49:00+00:00,False,True,False,True,False,,,True,1,0,producto_id_sin_correspondencia_silver,cuarentena
ORD-2026-01511,CLI-041,PROD-056,2026-08-11 03:08:00+00:00,Cochabamba,CAM-27,CHO-142,120.0,120.0,24.0,19.4,1.0,1.0,1.0,1512,camion_id_sin_correspondencia_silver,fecha_local_bolivia_convertida_utc,,ORD-2026-01511,CLI-041,PROD-056,2026-08-10 23:08:00,Cochabamba,CAM-27,CHO-142,120,120.0,24,19.4,1,1,1,ORD-2026-01511,False,CLI-041,False,PROD-056,False,CAM-27,False,CHO-142,False,Cochabamba,False,120,False,120.0,False,False,120.0,False,False,24.0,False,False,19.4,False,False,1.0,False,False,1.0,False,False,1.0,False,False,iso,True,2026-08-11 03:08:00+00:00,False,True,True,False,False,,,True,1,0,camion_id_sin_correspondencia_silver,cuarentena
ORD-2026-01514,CLI-034,PROD-015,2026-08-24 12:55:00+00:00,Cochabamba,CAM-01,CHO-120,385.0,385.0,24.0,18.7,1.0,1.0,1.0,1515,camion_id_sin_correspondencia_silver,fecha_local_bolivia_convertida_utc,,ORD-2026-01514,CLI-034,PROD-015,2026-08-24 08:55:00,Cochabamba,CAM-01,CHO-120,385,385.0,24,18.7,1,1,1,ORD-2026-01514,False,CLI-034,False,PROD-015,False,CAM-01,False,CHO-120,False,Cochabamba,False,385,False,385.0,False,False,385.0,False,False,24.0,False,False,18.7,False,False,1.0,False,False,1.0,False,False,1.0,False,False,iso,True,2026-08-24 12:55:00+00:00,False,True,True,False,False,,,True,1,0,camion_id_sin_correspondencia_silver,cuarentena
ORD-2026-01517,CLI-075,PROD-026,2026-08-27 18:00:00+00:00,Oruro,CAM-24,CHO-046,257.0,255.0,48.0,53.2,0.0,0.0,0.0,1518,producto_id_sin_correspondencia_silver,fecha_local_bolivia_convertida_utc,,ORD-2026-01517,CLI-075,PROD-026,2026-08-27 14:00:00,Oruro,CAM-24,CHO-046,257,255.0,48,53.2,0,0,0,ORD-2026-01517,False,CLI-075,False,PROD-026,False,CAM-24,False,CHO-046,False,Oruro,False,257,False,257.0,False,False,255.0,False,False,48.0,False,False,53.2,False,False,0.0,False,False,0.0,False,False,0.0,False,False,iso,True,2026-08-27 18:00:00+00:00,False,True,False,True,False,,,True,1,0,producto_id_sin_correspondencia_silver,cuarentena
ORD-2026-01521,CLI-048,PROD-056,2026-08-03 20:03:00+00:00,La Paz,CAM-15,CHO-054,172.0,,24.0,22.1,1.0,1.0,1.0,1522,requerido_ausente:cantidad_entregada,fecha_local_bolivia_convertida_utc,,ORD-2026-01521,CLI-048,PROD-056,2026-08-03 16:03:00,La Paz,CAM-15,CHO-054,172,,24,22.1,1,1,1,ORD-2026-01521,False,CLI-048,False,PROD-056,False,CAM-15,False,CHO-054,False,La Paz,False,172,False,172.0,False,False,,False,False,24.0,False,False,22.1,False,False,1.0,False,False,1.0,False,False,1.0,False,False,iso,True,2026-08-03 20:03:00+00:00,False,True,True,True,False,,,True,1,0,requerido_ausente:cantidad_entregada,cuarentena
ORD-2026-01526,CLI-025,PROD-036,2026-08-30 14:58:00+00:00,Tarija,CAM-26,CHO-119,380.0,380.0,48.0,45.1,1.0,1.0,1.0,1527,producto_id_sin_correspondencia_silver,normalizacion_identificador:producto_id | fecha_local_bolivia_convertida_utc,,ORD-2026-01526,CLI-025, prod-036 ,2026-08-30 10:58:00,Tarija,CAM-26,CHO-119,380,380.0,48,45.1,1,1,1,ORD-2026-01526,False,CLI-025,False,PROD-036,True,CAM-26,False,CHO-119,False,Tarija,False,380,False,380.0,False,False,380.0,False,False,48.0,False,False,45.1,False,False,1.0,False,False,1.0,False,False,1.0,False,False,iso,True,2026-08-30 14:58:00+00:00,False,True,False,True,False,,,True,2,0,producto_id_sin_correspondencia_silver,cuarentena
ORD-2026-01532,CLI-074,PROD-010,2026-08-04 16:11:00+00:00,Tarija,CAM-26,CHO-055,324.0,318.0,48.0,36.1,1.0,0.0,0.0,1533,producto_id_sin_correspondencia_silver,fecha_local_bolivia_convertida_utc,,ORD-2026-01532,CLI-074,PROD-010,2026-08-04 12:11:00,Tarija,CAM-26,CHO-055,324,318.0,48,36.1,1,0,0,ORD-2026-01532,False,CLI-074,False,PROD-010,False,CAM-26,False,CHO-055,False,Tarija,False,324,False,324.0,False,False,318.0,False,False,48.0,False,False,36.1,False,False,1.0,False,False,0.0,False,False,0.0,False,False,iso,True,2026-08-04 16:11:00+00:00,False,True,False,True,False,,,True,1,0,producto_id_sin_correspondencia_silver,cuarentena
ORD-2026-01539,CLI-075,PROD-007,2026-08-30 01:44:00+00:00,Tarija,CAM-19,CHO-010,17.0,,48.0,42.0,1.0,1.0,1.0,1540,requerido_ausente:cantidad_entregada,fecha_local_bolivia_convertida_utc,,ORD-2026-01539,CLI-075,PROD-007,2026-08-29 21:44:00,Tarija,CAM-19,CHO-010,17,,48,42.0,1,1,1,ORD-2026-01539,False,CLI-075,False,PROD-007,False,CAM-19,False,CHO-010,False,Tarija,False,17,False,17.0,False,False,,False,False,48.0,False,False,42.0,False,False,1.0,False,False,1.0,False,False,1.0,False,False,iso,True,2026-08-30 01:44:00+00:00,False,True,True,True,False,,,True,1,0,requerido_ausente:cantidad_entregada,cuarentena
ORD-2026-01555,CLI-021,PROD-060,2026-08-09 20:00:00+00:00,Cochabamba,CAM-27,CHO-085,15.0,15.0,48.0,50.4,0.0,1.0,0.0,1556,camion_id_sin_correspondencia_silver,fecha_local_bolivia_convertida_utc,,ORD-2026-01555,CLI-021,PROD-060,2026-08-09 16:00:00,Cochabamba,CAM-27,CHO-085,15,15.0,48,50.4,0,1,0,ORD-2026-01555,False,CLI-021,False,PROD-060,False,CAM-27,False,CHO-085,False,Cochabamba,False,15,False,15.0,False,False,15.0,False,False,48.0,False,False,50.4,False,False,0.0,False,False,1.0,False,False,0.0,False,False,iso,True,2026-08-09 20:00:00+00:00,False,True,True,False,False,,,True,1,0,camion_id_sin_correspondencia_silver,cuarentena
ORD-2026-01560,CLI-019,PROD-036,2026-08-25 20:42:00+00:00,Cochabamba,CAM-01,CHO-120,42.0,42.0,48.0,38.5,1.0,1.0,1.0,1561,producto_id_sin_correspondencia_silver | camion_id_sin_correspondencia_silver,fecha_local_bolivia_convertida_utc,,ORD-2026-01560,CLI-019,PROD-036,2026-08-25 16:42:00,Cochabamba,CAM-01,CHO-120,42,42.0,48,38.5,1,1,1,ORD-2026-01560,False,CLI-019,False,PROD-036,False,CAM-01,False,CHO-120,False,Cochabamba,False,42,False,42.0,False,False,42.0,False,False,48.0,False,False,38.5,False,False,1.0,False,False,1.0,False,False,1.0,False,False,iso,True,2026-08-25 20:42:00+00:00,False,True,False,False,False,,,True,1,0,producto_id_sin_correspondencia_silver | camion_id_sin_correspondencia_silver,cuarentena
ORD-2026-01562,CLI-035,PROD-003,2026-08-19 18:21:00+00:00,Cochabamba,CAM-01,CHO-102,247.0,247.0,24.0,20.3,1.0,1.0,1.0,1563,camion_id_sin_correspondencia_silver,fecha_local_bolivia_convertida_utc,,ORD-2026-01562,CLI-035,PROD-003,2026-08-19 14:21:00,Cochabamba,CAM-01,CHO-102,247,247.0,24,20.3,1,1,1,ORD-2026-01562,False,CLI-035,False,PROD-003,False,CAM-01,False,CHO-102,False,Cochabamba,False,247,False,247.0,False,False,247.0,False,False,24.0,False,False,20.3,False,False,1.0,False,False,1.0,False,False,1.0,False,False,iso,True,2026-08-19 18:21:00+00:00,False,True,True,False,False,,,True,1,0,camion_id_sin_correspondencia_silver,cuarentena
ORD-2026-01565,CLI-067,PROD-009,2026-08-20 20:44:00+00:00,Oruro,CAM-24,CHO-046,313.0,313.0,24.0,15.5,1.0,1.0,1.0,1566,order_id_duplicado,fecha_local_bolivia_convertida_utc,,ORD-2026-01565,CLI-067,PROD-009,2026-08-20 16:44:00,Oruro,CAM-24,CHO-046,313,313.0,24,15.5,1,1,1,ORD-2026-01565,False,CLI-067,False,PROD-009,False,CAM-24,False,CHO-046,False,Oruro,False,313,False,313.0,False,False,313.0,False,False,24.0,False,False,15.5,False,False,1.0,False,False,1.0,False,False,1.0,False,False,iso,True,2026-08-20 20:44:00+00:00,False,True,True,True,False,,,True,1,0,order_id_duplicado,cuarentena
ORD-2026-01572,CLI-080,PROD-051,2026-08-04 07:11:00+00:00,Cochabamba,CAM-01,CHO-088,494.0,494.0,48.0,44.0,1.0,1.0,1.0,1573,camion_id_sin_correspondencia_silver,fecha_local_bolivia_convertida_utc,,ORD-2026-01572,CLI-080,PROD-051,2026-08-04 03:11:00,Cochabamba,CAM-01,CHO-088,494,494.0,48,44.0,1,1,1,ORD-2026-01572,False,CLI-080,False,PROD-051,False,CAM-01,False,CHO-088,False,Cochabamba,False,494,False,494.0,False,False,494.0,False,False,48.0,False,False,44.0,False,False,1.0,False,False,1.0,False,False,1.0,False,False,iso,True,2026-08-04 07:11:00+00:00,False,True,True,False,False,,,True,1,0,camion_id_sin_correspondencia_silver,cuarentena
ORD-2026-01575,CLI-036,PROD-010,2026-08-18 10:17:00+00:00,Oruro,CAM-24,CHO-066,210.0,210.0,72.0,55.1,1.0,1.0,1.0,1576,producto_id_sin_correspondencia_silver,fecha_local_bolivia_convertida_utc,,ORD-2026-01575,CLI-036,PROD-010,2026-08-18 06:17:00,Oruro,CAM-24,CHO-066,210,210.0,72,55.1,1,1,1,ORD-2026-01575,False,CLI-036,False,PROD-010,False,CAM-24,False,CHO-066,False,Oruro,False,210,False,210.0,False,False,210.0,False,False,72.0,False,False,55.1,False,False,1.0,False,False,1.0,False,False,1.0,False,False,iso,True,2026-08-18 10:17:00+00:00,False,True,False,True,False,,,True,1,0,producto_id_sin_correspondencia_silver,cuarentena
ORD-2026-01582,CLI-068,PROD-036,2026-08-03 19:25:00+00:00,Cochabamba,CAM-25,CHO-148,349.0,349.0,24.0,24.9,0.0,1.0,0.0,1583,producto_id_sin_correspondencia_silver,fecha_local_bolivia_convertida_utc,,ORD-2026-01582,CLI-068,PROD-036,2026-08-03 15:25:00,Cochabamba,CAM-25,CHO-148,349,349.0,24,24.9,0,1,0,ORD-2026-01582,False,CLI-068,False,PROD-036,False,CAM-25,False,CHO-148,False,Cochabamba,False,349,False,349.0,False,False,349.0,False,False,24.0,False,False,24.9,False,False,0.0,False,False,1.0,False,False,0.0,False,False,iso,True,2026-08-03 19:25:00+00:00,False,True,False,True,False,,,True,1,0,producto_id_sin_correspondencia_silver,cuarentena
ORD-2026-01586,CLI-012,PROD-036,2026-08-29 19:08:00+00:00,La Paz,CAM-07,CHO-001,440.0,440.0,48.0,37.1,1.0,1.0,1.0,1587,producto_id_sin_correspondencia_silver,fecha_local_bolivia_convertida_utc,,ORD-2026-01586,CLI-012,PROD-036,2026-08-29 15:08:00,La Paz,CAM-07,CHO-001,440,440.0,48,37.1,1,1,1,ORD-2026-01586,False,CLI-012,False,PROD-036,False,CAM-07,False,CHO-001,False,La Paz,False,440,False,440.0,False,False,440.0,False,False,48.0,False,False,37.1,False,False,1.0,False,False,1.0,False,False,1.0,False,False,iso,True,2026-08-29 19:08:00+00:00,False,True,False,True,False,,,True,1,0,producto_id_sin_correspondencia_silver,cuarentena
ORD-2026-01598,CLI-001,PROD-050,2026-08-13 08:30:00+00:00,Oruro,CAM-24,CHO-095,342.0,342.0,72.0,56.7,1.0,1.0,1.0,1599,order_id_duplicado,fecha_local_bolivia_convertida_utc,,ORD-2026-01598,CLI-001,PROD-050,2026-08-13 04:30:00,Oruro,CAM-24,CHO-095,342,342.0,72,56.7,1,1,1,ORD-2026-01598,False,CLI-001,False,PROD-050,False,CAM-24,False,CHO-095,False,Oruro,False,342,False,342.0,False,False,342.0,False,False,72.0,False,False,56.7,False,False,1.0,False,False,1.0,False,False,1.0,False,False,iso,True,2026-08-13 08:30:00+00:00,False,True,True,True,False,,,True,1,0,order_id_duplicado,cuarentena
ORD-2026-01604,CLI-092,PROD-026,2026-08-10 07:33:00+00:00,Oruro,CAM-24,CHO-038,268.0,268.0,72.0,37.1,1.0,1.0,1.0,1605,producto_id_sin_correspondencia_silver,fecha_local_bolivia_convertida_utc,,ORD-2026-01604,CLI-092,PROD-026,2026-08-10 03:33:00,Oruro,CAM-24,CHO-038,268,268.0,72,37.1,1,1,1,ORD-2026-01604,False,CLI-092,False,PROD-026,False,CAM-24,False,CHO-038,False,Oruro,False,268,False,268.0,False,False,268.0,False,False,72.0,False,False,37.1,False,False,1.0,False,False,1.0,False,False,1.0,False,False,iso,True,2026-08-10 07:33:00+00:00,False,True,False,True,False,,,True,1,0,producto_id_sin_correspondencia_silver,cuarentena
ORD-2026-01634,CLI-033,PROD-026,2026-08-15 06:14:00+00:00,Tarija,CAM-19,CHO-043,171.0,171.0,24.0,14.3,1.0,1.0,1.0,1635,producto_id_sin_correspondencia_silver,fecha_local_bolivia_convertida_utc,,ORD-2026-01634,CLI-033,PROD-026,2026-08-15 02:14:00,Tarija,CAM-19,CHO-043,171,171.0,24,14.3,1,1,1,ORD-2026-01634,False,CLI-033,False,PROD-026,False,CAM-19,False,CHO-043,False,Tarija,False,171,False,171.0,False,False,171.0,False,False,24.0,False,False,14.3,False,False,1.0,False,False,1.0,False,False,1.0,False,False,iso,True,2026-08-15 06:14:00+00:00,False,True,False,True,False,,,True,1,0,producto_id_sin_correspondencia_silver,cuarentena
ORD-2026-01646,CLI-086,PROD-024,2026-08-21 22:50:00+00:00,Tarija,CAM-21,CHO-099,137.0,136.0,48.0,42.2,1.0,0.0,0.0,1647,producto_id_sin_correspondencia_silver,fecha_local_bolivia_convertida_utc,,ORD-2026-01646,CLI-086,PROD-024,2026-08-21 18:50:00,Tarija,CAM-21,CHO-099,137,136.0,48,42.2,1,0,0,ORD-2026-01646,False,CLI-086,False,PROD-024,False,CAM-21,False,CHO-099,False,Tarija,False,137,False,137.0,False,False,136.0,False,False,48.0,False,False,42.2,False,False,1.0,False,False,0.0,False,False,0.0,False,False,iso,True,2026-08-21 22:50:00+00:00,False,True,False,True,False,,,True,1,0,producto_id_sin_correspondencia_silver,cuarentena
ORD-2026-01650,CLI-047,PROD-025,2026-08-06 10:15:00+00:00,Cochabamba,CAM-27,CHO-111,155.0,155.0,48.0,31.7,1.0,1.0,1.0,1651,camion_id_sin_correspondencia_silver,fecha_local_bolivia_convertida_utc,,ORD-2026-01650,CLI-047,PROD-025,2026-08-06 06:15:00,Cochabamba,CAM-27,CHO-111,155,155.0,48,31.7,1,1,1,ORD-2026-01650,False,CLI-047,False,PROD-025,False,CAM-27,False,CHO-111,False,Cochabamba,False,155,False,155.0,False,False,155.0,False,False,48.0,False,False,31.7,False,False,1.0,False,False,1.0,False,False,1.0,False,False,iso,True,2026-08-06 10:15:00+00:00,False,True,True,False,False,,,True,1,0,camion_id_sin_correspondencia_silver,cuarentena
ORD-2026-01651,CLI-053,PROD-053,2026-08-10 19:56:00+00:00,Cochabamba,CAM-27,CHO-143,462.0,462.0,24.0,21.7,1.0,1.0,1.0,1652,camion_id_sin_correspondencia_silver,fecha_local_bolivia_convertida_utc,,ORD-2026-01651,CLI-053,PROD-053,2026-08-10 15:56:00,Cochabamba,CAM-27,CHO-143,462,462.0,24,21.7,1,1,1,ORD-2026-01651,False,CLI-053,False,PROD-053,False,CAM-27,False,CHO-143,False,Cochabamba,False,462,False,462.0,False,False,462.0,False,False,24.0,False,False,21.7,False,False,1.0,False,False,1.0,False,False,1.0,False,False,iso,True,2026-08-10 19:56:00+00:00,False,True,True,False,False,,,True,1,0,camion_id_sin_correspondencia_silver,cuarentena
ORD-2026-01653,CLI-018,PROD-028,2026-08-01 06:52:00+00:00,Cochabamba,CAM-01,CHO-065,204.0,204.0,48.0,39.4,1.0,1.0,1.0,1654,producto_id_sin_correspondencia_silver | camion_id_sin_correspondencia_silver,fecha_local_bolivia_convertida_utc,,ORD-2026-01653,CLI-018,PROD-028,2026-08-01 02:52:00,Cochabamba,CAM-01,CHO-065,204,204.0,48,39.4,1,1,1,ORD-2026-01653,False,CLI-018,False,PROD-028,False,CAM-01,False,CHO-065,False,Cochabamba,False,204,False,204.0,False,False,204.0,False,False,48.0,False,False,39.4,False,False,1.0,False,False,1.0,False,False,1.0,False,False,iso,True,2026-08-01 06:52:00+00:00,False,True,False,False,False,,,True,1,0,producto_id_sin_correspondencia_silver | camion_id_sin_correspondencia_silver,cuarentena
ORD-2026-01654,CLI-059,PROD-025,2026-08-02 22:47:00+00:00,La Paz,CAM-15,CHO-035,440.0,,72.0,50.8,1.0,1.0,1.0,1655,requerido_ausente:cantidad_entregada,fecha_local_bolivia_convertida_utc,,ORD-2026-01654,CLI-059,PROD-025,2026-08-02 18:47:00,La Paz,CAM-15,CHO-035,440,,72,50.8,1,1,1,ORD-2026-01654,False,CLI-059,False,PROD-025,False,CAM-15,False,CHO-035,False,La Paz,False,440,False,440.0,False,False,,False,False,72.0,False,False,50.8,False,False,1.0,False,False,1.0,False,False,1.0,False,False,iso,True,2026-08-02 22:47:00+00:00,False,True,True,True,False,,,True,1,0,requerido_ausente:cantidad_entregada,cuarentena
ORD-2026-01658,CLI-068,PROD-010,2026-08-20 22:41:00+00:00,Cochabamba,CAM-30,CHO-136,477.0,477.0,72.0,48.8,1.0,1.0,1.0,1659,producto_id_sin_correspondencia_silver,fecha_local_bolivia_convertida_utc,,ORD-2026-01658,CLI-068,PROD-010,2026-08-20 18:41:00,Cochabamba,CAM-30,CHO-136,477,477.0,72,48.8,1,1,1,ORD-2026-01658,False,CLI-068,False,PROD-010,False,CAM-30,False,CHO-136,False,Cochabamba,False,477,False,477.0,False,False,477.0,False,False,72.0,False,False,48.8,False,False,1.0,False,False,1.0,False,False,1.0,False,False,iso,True,2026-08-20 22:41:00+00:00,False,True,False,True,False,,,True,1,0,producto_id_sin_correspondencia_silver,cuarentena
ORD-2026-01664,CLI-058,PROD-053,2026-08-05 04:47:00+00:00,Cochabamba,CAM-27,CHO-003,196.0,196.0,24.0,25.4,0.0,1.0,0.0,1665,camion_id_sin_correspondencia_silver,fecha_local_bolivia_convertida_utc,,ORD-2026-01664,CLI-058,PROD-053,2026-08-05 00:47:00,Cochabamba,CAM-27,CHO-003,196,196.0,24,25.4,0,1,0,ORD-2026-01664,False,CLI-058,False,PROD-053,False,CAM-27,False,CHO-003,False,Cochabamba,False,196,False,196.0,False,False,196.0,False,False,24.0,False,False,25.4,False,False,0.0,False,False,1.0,False,False,0.0,False,False,iso,True,2026-08-05 04:47:00+00:00,False,True,True,False,False,,,True,1,0,camion_id_sin_correspondencia_silver,cuarentena
ORD-2026-01677,CLI-043,PROD-028,2026-08-23 06:28:00+00:00,Tarija,CAM-21,CHO-084,70.0,70.0,24.0,19.8,1.0,1.0,1.0,1678,producto_id_sin_correspondencia_silver,fecha_local_bolivia_convertida_utc,,ORD-2026-01677,CLI-043,PROD-028,2026-08-23 02:28:00,Tarija,CAM-21,CHO-084,70,70.0,24,19.8,1,1,1,ORD-2026-01677,False,CLI-043,False,PROD-028,False,CAM-21,False,CHO-084,False,Tarija,False,70,False,70.0,False,False,70.0,False,False,24.0,False,False,19.8,False,False,1.0,False,False,1.0,False,False,1.0,False,False,iso,True,2026-08-23 06:28:00+00:00,False,True,False,True,False,,,True,1,0,producto_id_sin_correspondencia_silver,cuarentena
ORD-2026-01680,CLI-072,PROD-043,2026-08-28 15:27:00+00:00,Santa Cruz,CAM-08,CHO-141,183.0,,48.0,35.3,1.0,1.0,1.0,1681,requerido_ausente:cantidad_entregada,fecha_local_bolivia_convertida_utc,,ORD-2026-01680,CLI-072,PROD-043,2026-08-28 11:27:00,Santa Cruz,CAM-08,CHO-141,183,,48,35.3,1,1,1,ORD-2026-01680,False,CLI-072,False,PROD-043,False,CAM-08,False,CHO-141,False,Santa Cruz,False,183,False,183.0,False,False,,False,False,48.0,False,False,35.3,False,False,1.0,False,False,1.0,False,False,1.0,False,False,iso,True,2026-08-28 15:27:00+00:00,False,True,True,True,False,,,True,1,0,requerido_ausente:cantidad_entregada,cuarentena
ORD-2026-01702,CLI-079,PROD-024,2026-08-14 19:28:00+00:00,Tarija,CAM-21,CHO-010,77.0,,48.0,30.7,1.0,1.0,1.0,1703,producto_id_sin_correspondencia_silver | requerido_ausente:cantidad_entregada,fecha_local_bolivia_convertida_utc,,ORD-2026-01702,CLI-079,PROD-024,2026-08-14 15:28:00,Tarija,CAM-21,CHO-010,77,,48,30.7,1,1,1,ORD-2026-01702,False,CLI-079,False,PROD-024,False,CAM-21,False,CHO-010,False,Tarija,False,77,False,77.0,False,False,,False,False,48.0,False,False,30.7,False,False,1.0,False,False,1.0,False,False,1.0,False,False,iso,True,2026-08-14 19:28:00+00:00,False,True,False,True,False,,,True,1,0,producto_id_sin_correspondencia_silver | requerido_ausente:cantidad_entregada,cuarentena
ORD-2026-01703,CLI-024,PROD-014,2026-08-01 13:45:00+00:00,Santa Cruz,CAM-18,CHO-146,252.0,252.0,24.0,17.3,1.0,1.0,1.0,1704,producto_id_sin_correspondencia_silver,fecha_local_bolivia_convertida_utc,,ORD-2026-01703,CLI-024,PROD-014,2026-08-01 09:45:00,Santa Cruz,CAM-18,CHO-146,252,252.0,24,17.3,1,1,1,ORD-2026-01703,False,CLI-024,False,PROD-014,False,CAM-18,False,CHO-146,False,Santa Cruz,False,252,False,252.0,False,False,252.0,False,False,24.0,False,False,17.3,False,False,1.0,False,False,1.0,False,False,1.0,False,False,iso,True,2026-08-01 13:45:00+00:00,False,True,False,True,False,,,True,1,0,producto_id_sin_correspondencia_silver,cuarentena
ORD-2026-01707,CLI-065,PROD-028,2026-08-07 12:46:00+00:00,La Paz,CAM-04,CHO-073,97.0,97.0,48.0,41.4,1.0,1.0,1.0,1708,producto_id_sin_correspondencia_silver,fecha_local_bolivia_convertida_utc,,ORD-2026-01707,CLI-065,PROD-028,2026-08-07 08:46:00,La Paz,CAM-04,CHO-073,97,97.0,48,41.4,1,1,1,ORD-2026-01707,False,CLI-065,False,PROD-028,False,CAM-04,False,CHO-073,False,La Paz,False,97,False,97.0,False,False,97.0,False,False,48.0,False,False,41.4,False,False,1.0,False,False,1.0,False,False,1.0,False,False,iso,True,2026-08-07 12:46:00+00:00,False,True,False,True,False,,,True,1,0,producto_id_sin_correspondencia_silver,cuarentena
ORD-2026-01710,CLI-042,PROD-028,2026-08-19 17:22:00+00:00,Cochabamba,CAM-14,CHO-020,46.0,46.0,24.0,22.1,1.0,1.0,1.0,1711,producto_id_sin_correspondencia_silver,fecha_local_bolivia_convertida_utc,,ORD-2026-01710,CLI-042,PROD-028,2026-08-19 13:22:00,Cochabamba,CAM-14,CHO-020,46,46.0,24,22.1,1,1,1,ORD-2026-01710,False,CLI-042,False,PROD-028,False,CAM-14,False,CHO-020,False,Cochabamba,False,46,False,46.0,False,False,46.0,False,False,24.0,False,False,22.1,False,False,1.0,False,False,1.0,False,False,1.0,False,False,iso,True,2026-08-19 17:22:00+00:00,False,True,False,True,False,,,True,1,0,producto_id_sin_correspondencia_silver,cuarentena
ORD-2026-01721,CLI-033,PROD-001,2026-08-01 04:26:00+00:00,Cochabamba,CAM-01,CHO-083,495.0,477.0,48.0,41.2,1.0,0.0,0.0,1722,camion_id_sin_correspondencia_silver,fecha_local_bolivia_convertida_utc,,ORD-2026-01721,CLI-033,PROD-001,2026-08-01 00:26:00,Cochabamba,CAM-01,CHO-083,495,477.0,48,41.2,1,0,0,ORD-2026-01721,False,CLI-033,False,PROD-001,False,CAM-01,False,CHO-083,False,Cochabamba,False,495,False,495.0,False,False,477.0,False,False,48.0,False,False,41.2,False,False,1.0,False,False,0.0,False,False,0.0,False,False,iso,True,2026-08-01 04:26:00+00:00,False,True,True,False,False,,,True,1,0,camion_id_sin_correspondencia_silver,cuarentena
ORD-2026-01726,CLI-047,PROD-028,2026-08-04 11:19:00+00:00,Cochabamba,CAM-06,CHO-042,18.0,18.0,48.0,32.8,1.0,1.0,1.0,1727,producto_id_sin_correspondencia_silver,fecha_local_bolivia_convertida_utc,,ORD-2026-01726,CLI-047,PROD-028,2026-08-04 07:19:00,Cochabamba,CAM-06,CHO-042,18,18.0,48,32.8,1,1,1,ORD-2026-01726,False,CLI-047,False,PROD-028,False,CAM-06,False,CHO-042,False,Cochabamba,False,18,False,18.0,False,False,18.0,False,False,48.0,False,False,32.8,False,False,1.0,False,False,1.0,False,False,1.0,False,False,iso,True,2026-08-04 11:19:00+00:00,False,True,False,True,False,,,True,1,0,producto_id_sin_correspondencia_silver,cuarentena
ORD-2026-01733,CLI-073,PROD-020,2026-08-12 14:13:00+00:00,Cochabamba,CAM-01,CHO-121,123.0,123.0,48.0,38.6,1.0,1.0,1.0,1734,camion_id_sin_correspondencia_silver,fecha_local_bolivia_convertida_utc,,ORD-2026-01733,CLI-073,PROD-020,2026-08-12 10:13:00,Cochabamba,CAM-01,CHO-121,123,123.0,48,38.6,1,1,1,ORD-2026-01733,False,CLI-073,False,PROD-020,False,CAM-01,False,CHO-121,False,Cochabamba,False,123,False,123.0,False,False,123.0,False,False,48.0,False,False,38.6,False,False,1.0,False,False,1.0,False,False,1.0,False,False,iso,True,2026-08-12 14:13:00+00:00,False,True,True,False,False,,,True,1,0,camion_id_sin_correspondencia_silver,cuarentena
ORD-2026-01739,CLI-073,PROD-050,2026-08-16 04:41:00+00:00,Cochabamba,CAM-27,CHO-070,334.0,334.0,48.0,51.7,0.0,1.0,0.0,1740,camion_id_sin_correspondencia_silver,fecha_local_bolivia_convertida_utc,,ORD-2026-01739,CLI-073,PROD-050,2026-08-16 00:41:00,Cochabamba,CAM-27,CHO-070,334,334.0,48,51.7,0,1,0,ORD-2026-01739,False,CLI-073,False,PROD-050,False,CAM-27,False,CHO-070,False,Cochabamba,False,334,False,334.0,False,False,334.0,False,False,48.0,False,False,51.7,False,False,0.0,False,False,1.0,False,False,0.0,False,False,iso,True,2026-08-16 04:41:00+00:00,False,True,True,False,False,,,True,1,0,camion_id_sin_correspondencia_silver,cuarentena
ORD-2026-01743,CLI-088,PROD-036,2026-08-07 01:33:00+00:00,Santa Cruz,CAM-08,CHO-036,388.0,388.0,48.0,51.1,0.0,1.0,0.0,1744,order_id_duplicado | producto_id_sin_correspondencia_silver,fecha_local_bolivia_convertida_utc,,ORD-2026-01743,CLI-088,PROD-036,2026-08-06 21:33:00,Santa Cruz,CAM-08,CHO-036,388,388.0,48,51.1,0,1,0,ORD-2026-01743,False,CLI-088,False,PROD-036,False,CAM-08,False,CHO-036,False,Santa Cruz,False,388,False,388.0,False,False,388.0,False,False,48.0,False,False,51.1,False,False,0.0,False,False,1.0,False,False,0.0,False,False,iso,True,2026-08-07 01:33:00+00:00,False,True,False,True,False,,,True,1,0,order_id_duplicado | producto_id_sin_correspondencia_silver,cuarentena
ORD-2026-01762,CLI-034,PROD-014,2026-08-16 20:52:00+00:00,Santa Cruz,CAM-18,CHO-100,165.0,165.0,24.0,20.0,1.0,1.0,1.0,1763,producto_id_sin_correspondencia_silver,fecha_local_bolivia_convertida_utc,,ORD-2026-01762,CLI-034,PROD-014,2026-08-16 16:52:00,Santa Cruz,CAM-18,CHO-100,165,165.0,24,20.0,1,1,1,ORD-2026-01762,False,CLI-034,False,PROD-014,False,CAM-18,False,CHO-100,False,Santa Cruz,False,165,False,165.0,False,False,165.0,False,False,24.0,False,False,20.0,False,False,1.0,False,False,1.0,False,False,1.0,False,False,iso,True,2026-08-16 20:52:00+00:00,False,True,False,True,False,,,True,1,0,producto_id_sin_correspondencia_silver,cuarentena
ORD-2026-01774,CLI-033,PROD-014,2026-08-14 16:34:00+00:00,Cochabamba,CAM-11,CHO-098,321.0,321.0,24.0,22.1,1.0,1.0,1.0,1775,producto_id_sin_correspondencia_silver,fecha_local_bolivia_convertida_utc,,ORD-2026-01774,CLI-033,PROD-014,2026-08-14 12:34:00,Cochabamba,CAM-11,CHO-098,321,321.0,24,22.1,1,1,1,ORD-2026-01774,False,CLI-033,False,PROD-014,False,CAM-11,False,CHO-098,False,Cochabamba,False,321,False,321.0,False,False,321.0,False,False,24.0,False,False,22.1,False,False,1.0,False,False,1.0,False,False,1.0,False,False,iso,True,2026-08-14 16:34:00+00:00,False,True,False,True,False,,,True,1,0,producto_id_sin_correspondencia_silver,cuarentena
ORD-2026-01778,CLI-079,PROD-044,2026-08-28 08:12:00+00:00,Cochabamba,CAM-27,CHO-087,299.0,299.0,48.0,43.1,1.0,1.0,1.0,1779,camion_id_sin_correspondencia_silver,fecha_local_bolivia_convertida_utc,,ORD-2026-01778,CLI-079,PROD-044,2026-08-28 04:12:00,Cochabamba,CAM-27,CHO-087,299,299.0,48,43.1,1,1,1,ORD-2026-01778,False,CLI-079,False,PROD-044,False,CAM-27,False,CHO-087,False,Cochabamba,False,299,False,299.0,False,False,299.0,False,False,48.0,False,False,43.1,False,False,1.0,False,False,1.0,False,False,1.0,False,False,iso,True,2026-08-28 08:12:00+00:00,False,True,True,False,False,,,True,1,0,camion_id_sin_correspondencia_silver,cuarentena
ORD-2026-01785,CLI-088,PROD-024,2026-08-25 23:55:00+00:00,Oruro,CAM-20,CHO-027,219.0,219.0,48.0,47.0,1.0,1.0,1.0,1786,producto_id_sin_correspondencia_silver,fecha_local_bolivia_convertida_utc,,ORD-2026-01785,CLI-088,PROD-024,2026-08-25 19:55:00,Oruro,CAM-20,CHO-027,219,219.0,48,47.0,1,1,1,ORD-2026-01785,False,CLI-088,False,PROD-024,False,CAM-20,False,CHO-027,False,Oruro,False,219,False,219.0,False,False,219.0,False,False,48.0,False,False,47.0,False,False,1.0,False,False,1.0,False,False,1.0,False,False,iso,True,2026-08-25 23:55:00+00:00,False,True,False,True,False,,,True,1,0,producto_id_sin_correspondencia_silver,cuarentena
ORD-2026-01791,CLI-073,PROD-001,2026-08-14 23:13:00+00:00,Cochabamba,CAM-02,CHO-085,407.0,,48.0,40.2,1.0,0.0,0.0,1792,requerido_ausente:cantidad_entregada,fecha_local_bolivia_convertida_utc,,ORD-2026-01791,CLI-073,PROD-001,2026-08-14 19:13:00,Cochabamba,CAM-02,CHO-085,407,,48,40.2,1,0,0,ORD-2026-01791,False,CLI-073,False,PROD-001,False,CAM-02,False,CHO-085,False,Cochabamba,False,407,False,407.0,False,False,,False,False,48.0,False,False,40.2,False,False,1.0,False,False,0.0,False,False,0.0,False,False,iso,True,2026-08-14 23:13:00+00:00,False,True,True,True,False,,,True,1,0,requerido_ausente:cantidad_entregada,cuarentena
ORD-2026-01793,CLI-017,PROD-010,2026-08-25 17:48:00+00:00,Cochabamba,CAM-05,CHO-089,412.0,412.0,48.0,36.3,1.0,1.0,1.0,1794,producto_id_sin_correspondencia_silver,fecha_local_bolivia_convertida_utc,,ORD-2026-01793,CLI-017,PROD-010,2026-08-25 13:48:00,Cochabamba,CAM-05,CHO-089,412,412.0,48,36.3,1,1,1,ORD-2026-01793,False,CLI-017,False,PROD-010,False,CAM-05,False,CHO-089,False,Cochabamba,False,412,False,412.0,False,False,412.0,False,False,48.0,False,False,36.3,False,False,1.0,False,False,1.0,False,False,1.0,False,False,iso,True,2026-08-25 17:48:00+00:00,False,True,False,True,False,,,True,1,0,producto_id_sin_correspondencia_silver,cuarentena
ORD-2026-01802,CLI-084,PROD-024,2026-08-18 22:40:00+00:00,Oruro,CAM-16,CHO-095,170.0,170.0,48.0,40.8,1.0,1.0,1.0,1803,producto_id_sin_correspondencia_silver,fecha_local_bolivia_convertida_utc,,ORD-2026-01802,CLI-084,PROD-024,2026-08-18 18:40:00,Oruro,CAM-16,CHO-095,170,170.0,48,40.8,1,1,1,ORD-2026-01802,False,CLI-084,False,PROD-024,False,CAM-16,False,CHO-095,False,Oruro,False,170,False,170.0,False,False,170.0,False,False,48.0,False,False,40.8,False,False,1.0,False,False,1.0,False,False,1.0,False,False,iso,True,2026-08-18 22:40:00+00:00,False,True,False,True,False,,,True,1,0,producto_id_sin_correspondencia_silver,cuarentena
ORD-2026-01804,CLI-064,PROD-011,2026-08-28 11:50:00+00:00,Oruro,CAM-20,CHO-046,453.0,,72.0,45.3,1.0,1.0,1.0,1805,requerido_ausente:cantidad_entregada,fecha_local_bolivia_convertida_utc,,ORD-2026-01804,CLI-064,PROD-011,2026-08-28 07:50:00,Oruro,CAM-20,CHO-046,453,,72,45.3,1,1,1,ORD-2026-01804,False,CLI-064,False,PROD-011,False,CAM-20,False,CHO-046,False,Oruro,False,453,False,453.0,False,False,,False,False,72.0,False,False,45.3,False,False,1.0,False,False,1.0,False,False,1.0,False,False,iso,True,2026-08-28 11:50:00+00:00,False,True,True,True,False,,,True,1,0,requerido_ausente:cantidad_entregada,cuarentena
ORD-2026-01821,CLI-055,PROD-040,2026-08-03 06:02:00+00:00,Cochabamba,CAM-01,CHO-135,433.0,433.0,48.0,34.0,1.0,1.0,1.0,1822,camion_id_sin_correspondencia_silver,fecha_local_bolivia_convertida_utc,,ORD-2026-01821,CLI-055,PROD-040,2026-08-03 02:02:00,Cochabamba,CAM-01,CHO-135,433,433.0,48,34.0,1,1,1,ORD-2026-01821,False,CLI-055,False,PROD-040,False,CAM-01,False,CHO-135,False,Cochabamba,False,433,False,433.0,False,False,433.0,False,False,48.0,False,False,34.0,False,False,1.0,False,False,1.0,False,False,1.0,False,False,iso,True,2026-08-03 06:02:00+00:00,False,True,True,False,False,,,True,1,0,camion_id_sin_correspondencia_silver,cuarentena
ORD-2026-01843,CLI-031,PROD-024,2026-08-22 20:52:00+00:00,La Paz,CAM-28,CHO-104,100.0,100.0,48.0,46.1,1.0,1.0,1.0,1844,producto_id_sin_correspondencia_silver,fecha_local_bolivia_convertida_utc,,ORD-2026-01843,CLI-031,PROD-024,2026-08-22 16:52:00,La Paz,CAM-28,CHO-104,100,100.0,48,46.1,1,1,1,ORD-2026-01843,False,CLI-031,False,PROD-024,False,CAM-28,False,CHO-104,False,La Paz,False,100,False,100.0,False,False,100.0,False,False,48.0,False,False,46.1,False,False,1.0,False,False,1.0,False,False,1.0,False,False,iso,True,2026-08-22 20:52:00+00:00,False,True,False,True,False,,,True,1,0,producto_id_sin_correspondencia_silver,cuarentena
ORD-2026-01858,CLI-084,PROD-026,2026-08-12 21:42:00+00:00,Santa Cruz,CAM-08,CHO-146,232.0,232.0,48.0,53.8,0.0,1.0,0.0,1859,producto_id_sin_correspondencia_silver,fecha_local_bolivia_convertida_utc,,ORD-2026-01858,CLI-084,PROD-026,2026-08-12 17:42:00,Santa Cruz,CAM-08,CHO-146,232,232.0,48,53.8,0,1,0,ORD-2026-01858,False,CLI-084,False,PROD-026,False,CAM-08,False,CHO-146,False,Santa Cruz,False,232,False,232.0,False,False,232.0,False,False,48.0,False,False,53.8,False,False,0.0,False,False,1.0,False,False,0.0,False,False,iso,True,2026-08-12 21:42:00+00:00,False,True,False,True,False,,,True,1,0,producto_id_sin_correspondencia_silver,cuarentena
ORD-2026-01863,CLI-068,PROD-053,2026-08-02 19:18:00+00:00,Cochabamba,CAM-27,CHO-072,486.0,467.0,48.0,47.2,1.0,0.0,0.0,1864,camion_id_sin_correspondencia_silver,fecha_local_bolivia_convertida_utc,,ORD-2026-01863,CLI-068,PROD-053,2026-08-02 15:18:00,Cochabamba,CAM-27,CHO-072,486,467.0,48,47.2,1,0,0,ORD-2026-01863,False,CLI-068,False,PROD-053,False,CAM-27,False,CHO-072,False,Cochabamba,False,486,False,486.0,False,False,467.0,False,False,48.0,False,False,47.2,False,False,1.0,False,False,0.0,False,False,0.0,False,False,iso,True,2026-08-02 19:18:00+00:00,False,True,True,False,False,,,True,1,0,camion_id_sin_correspondencia_silver,cuarentena
ORD-2026-01868,CLI-067,PROD-010,2026-08-03 16:06:00+00:00,Tarija,CAM-26,CHO-032,243.0,240.0,72.0,51.1,1.0,0.0,0.0,1869,producto_id_sin_correspondencia_silver,fecha_local_bolivia_convertida_utc,,ORD-2026-01868,CLI-067,PROD-010,2026-08-03 12:06:00,Tarija,CAM-26,CHO-032,243,240.0,72,51.1,1,0,0,ORD-2026-01868,False,CLI-067,False,PROD-010,False,CAM-26,False,CHO-032,False,Tarija,False,243,False,243.0,False,False,240.0,False,False,72.0,False,False,51.1,False,False,1.0,False,False,0.0,False,False,0.0,False,False,iso,True,2026-08-03 16:06:00+00:00,False,True,False,True,False,,,True,1,0,producto_id_sin_correspondencia_silver,cuarentena
ORD-2026-01872,CLI-051,PROD-026,2026-08-05 12:52:00+00:00,La Paz,CAM-15,CHO-140,16.0,16.0,72.0,64.0,1.0,1.0,1.0,1873,producto_id_sin_correspondencia_silver,fecha_local_bolivia_convertida_utc,,ORD-2026-01872,CLI-051,PROD-026,2026-08-05 08:52:00,La Paz,CAM-15,CHO-140,16,16.0,72,64.0,1,1,1,ORD-2026-01872,False,CLI-051,False,PROD-026,False,CAM-15,False,CHO-140,False,La Paz,False,16,False,16.0,False,False,16.0,False,False,72.0,False,False,64.0,False,False,1.0,False,False,1.0,False,False,1.0,False,False,iso,True,2026-08-05 12:52:00+00:00,False,True,False,True,False,,,True,1,0,producto_id_sin_correspondencia_silver,cuarentena
ORD-2026-01875,CLI-069,PROD-010,2026-08-27 01:50:00+00:00,Tarija,CAM-26,CHO-010,448.0,448.0,72.0,52.0,1.0,1.0,1.0,1876,producto_id_sin_correspondencia_silver,fecha_local_bolivia_convertida_utc,,ORD-2026-01875,CLI-069,PROD-010,2026-08-26 21:50:00,Tarija,CAM-26,CHO-010,448,448.0,72,52.0,1,1,1,ORD-2026-01875,False,CLI-069,False,PROD-010,False,CAM-26,False,CHO-010,False,Tarija,False,448,False,448.0,False,False,448.0,False,False,72.0,False,False,52.0,False,False,1.0,False,False,1.0,False,False,1.0,False,False,iso,True,2026-08-27 01:50:00+00:00,False,True,False,True,False,,,True,1,0,producto_id_sin_correspondencia_silver,cuarentena
ORD-2026-01886,CLI-092,PROD-008,2026-08-14 23:13:00+00:00,Oruro,CAM-24,CHO-046,328.0,,72.0,68.9,1.0,1.0,1.0,1887,requerido_ausente:cantidad_entregada,fecha_local_bolivia_convertida_utc,,ORD-2026-01886,CLI-092,PROD-008,2026-08-14 19:13:00,Oruro,CAM-24,CHO-046,328,,72,68.9,1,1,1,ORD-2026-01886,False,CLI-092,False,PROD-008,False,CAM-24,False,CHO-046,False,Oruro,False,328,False,328.0,False,False,,False,False,72.0,False,False,68.9,False,False,1.0,False,False,1.0,False,False,1.0,False,False,iso,True,2026-08-14 23:13:00+00:00,False,True,True,True,False,,,True,1,0,requerido_ausente:cantidad_entregada,cuarentena
ORD-2026-01890,CLI-034,PROD-036,2026-08-04 22:01:00+00:00,La Paz,CAM-15,CHO-018,333.0,333.0,48.0,43.6,1.0,1.0,1.0,1891,producto_id_sin_correspondencia_silver,fecha_local_bolivia_convertida_utc,,ORD-2026-01890,CLI-034,PROD-036,2026-08-04 18:01:00,La Paz,CAM-15,CHO-018,333,333.0,48,43.6,1,1,1,ORD-2026-01890,False,CLI-034,False,PROD-036,False,CAM-15,False,CHO-018,False,La Paz,False,333,False,333.0,False,False,333.0,False,False,48.0,False,False,43.6,False,False,1.0,False,False,1.0,False,False,1.0,False,False,iso,True,2026-08-04 22:01:00+00:00,False,True,False,True,False,,,True,1,0,producto_id_sin_correspondencia_silver,cuarentena
ORD-2026-01894,CLI-022,PROD-024,2026-08-23 00:58:00+00:00,La Paz,CAM-28,CHO-076,275.0,275.0,24.0,19.2,1.0,1.0,1.0,1895,producto_id_sin_correspondencia_silver,fecha_local_bolivia_convertida_utc,,ORD-2026-01894,CLI-022,PROD-024,2026-08-22 20:58:00,La Paz,CAM-28,CHO-076,275,275.0,24,19.2,1,1,1,ORD-2026-01894,False,CLI-022,False,PROD-024,False,CAM-28,False,CHO-076,False,La Paz,False,275,False,275.0,False,False,275.0,False,False,24.0,False,False,19.2,False,False,1.0,False,False,1.0,False,False,1.0,False,False,iso,True,2026-08-23 00:58:00+00:00,False,True,False,True,False,,,True,1,0,producto_id_sin_correspondencia_silver,cuarentena
ORD-2026-01907,CLI-010,PROD-003,2026-08-07 00:33:00+00:00,La Paz,CAM-15,CHO-011,50.0,430.0,48.0,35.3,1.0,1.0,1.0,1908,cantidad_entregada_mayor_solicitada,numero_escrito_normalizado:cantidad_solicitada | fecha_local_bolivia_convertida_utc,,ORD-2026-01907,CLI-010,PROD-003,2026-08-06 20:33:00,La Paz,CAM-15,CHO-011,cincuenta,430.0,48,35.3,1,1,1,ORD-2026-01907,False,CLI-010,False,PROD-003,False,CAM-15,False,CHO-011,False,La Paz,False,50,True,50.0,False,False,430.0,False,False,48.0,False,False,35.3,False,False,1.0,False,False,1.0,False,False,1.0,False,False,iso,True,2026-08-07 00:33:00+00:00,False,True,True,True,False,,,True,2,0,cantidad_entregada_mayor_solicitada,cuarentena
ORD-2026-01910,CLI-067,PROD-020,2026-08-25 23:56:00+00:00,Tarija,CAM-26,CHO-043,218.0,218.0,24.0,21.4,1.0,1.0,1.0,1911,order_id_duplicado,fecha_local_bolivia_convertida_utc,,ORD-2026-01910,CLI-067,PROD-020,2026-08-25 19:56:00,Tarija,CAM-26,CHO-043,218,218.0,24,21.4,1,1,1,ORD-2026-01910,False,CLI-067,False,PROD-020,False,CAM-26,False,CHO-043,False,Tarija,False,218,False,218.0,False,False,218.0,False,False,24.0,False,False,21.4,False,False,1.0,False,False,1.0,False,False,1.0,False,False,iso,True,2026-08-25 23:56:00+00:00,False,True,True,True,False,,,True,1,0,order_id_duplicado,cuarentena
ORD-2026-01911,CLI-059,PROD-036,2026-08-16 22:00:00+00:00,Tarija,CAM-19,CHO-010,477.0,477.0,24.0,19.4,1.0,1.0,1.0,1912,producto_id_sin_correspondencia_silver,fecha_local_bolivia_convertida_utc,,ORD-2026-01911,CLI-059,PROD-036,2026-08-16 18:00:00,Tarija,CAM-19,CHO-010,477,477.0,24,19.4,1,1,1,ORD-2026-01911,False,CLI-059,False,PROD-036,False,CAM-19,False,CHO-010,False,Tarija,False,477,False,477.0,False,False,477.0,False,False,24.0,False,False,19.4,False,False,1.0,False,False,1.0,False,False,1.0,False,False,iso,True,2026-08-16 22:00:00+00:00,False,True,False,True,False,,,True,1,0,producto_id_sin_correspondencia_silver,cuarentena
ORD-2026-01913,CLI-008,PROD-052,2026-08-22 01:57:00+00:00,Cochabamba,CAM-27,CHO-148,193.0,193.0,72.0,52.0,1.0,1.0,1.0,1914,camion_id_sin_correspondencia_silver,fecha_local_bolivia_convertida_utc,,ORD-2026-01913,CLI-008,PROD-052,2026-08-21 21:57:00,Cochabamba,CAM-27,CHO-148,193,193.0,72,52.0,1,1,1,ORD-2026-01913,False,CLI-008,False,PROD-052,False,CAM-27,False,CHO-148,False,Cochabamba,False,193,False,193.0,False,False,193.0,False,False,72.0,False,False,52.0,False,False,1.0,False,False,1.0,False,False,1.0,False,False,iso,True,2026-08-22 01:57:00+00:00,False,True,True,False,False,,,True,1,0,camion_id_sin_correspondencia_silver,cuarentena
ORD-2026-01921,CLI-059,PROD-026,2026-08-16 03:56:00+00:00,Oruro,CAM-24,CHO-038,458.0,458.0,48.0,33.7,1.0,1.0,1.0,1922,producto_id_sin_correspondencia_silver,fecha_local_bolivia_convertida_utc,,ORD-2026-01921,CLI-059,PROD-026,2026-08-15 23:56:00,Oruro,CAM-24,CHO-038,458,458.0,48,33.7,1,1,1,ORD-2026-01921,False,CLI-059,False,PROD-026,False,CAM-24,False,CHO-038,False,Oruro,False,458,False,458.0,False,False,458.0,False,False,48.0,False,False,33.7,False,False,1.0,False,False,1.0,False,False,1.0,False,False,iso,True,2026-08-16 03:56:00+00:00,False,True,False,True,False,,,True,1,0,producto_id_sin_correspondencia_silver,cuarentena
ORD-2026-01966,CLI-082,PROD-024,2026-08-19 02:53:00+00:00,Tarija,CAM-19,CHO-025,50.0,236.0,72.0,71.7,1.0,1.0,1.0,1967,cantidad_entregada_mayor_solicitada | producto_id_sin_correspondencia_silver,numero_escrito_normalizado:cantidad_solicitada | fecha_local_bolivia_convertida_utc,,ORD-2026-01966,CLI-082,PROD-024,2026-08-18 22:53:00,Tarija,CAM-19,CHO-025,cincuenta,236.0,72,71.7,1,1,1,ORD-2026-01966,False,CLI-082,False,PROD-024,False,CAM-19,False,CHO-025,False,Tarija,False,50,True,50.0,False,False,236.0,False,False,72.0,False,False,71.7,False,False,1.0,False,False,1.0,False,False,1.0,False,False,iso,True,2026-08-19 02:53:00+00:00,False,True,False,True,False,,,True,2,0,cantidad_entregada_mayor_solicitada | producto_id_sin_correspondencia_silver,cuarentena
ORD-2026-01995,CLI-055,PROD-035,2026-08-19 06:26:00+00:00,Cochabamba,CAM-01,CHO-128,221.0,221.0,24.0,24.4,0.0,1.0,0.0,1996,camion_id_sin_correspondencia_silver,fecha_local_bolivia_convertida_utc,,ORD-2026-01995,CLI-055,PROD-035,2026-08-19 02:26:00,Cochabamba,CAM-01,CHO-128,221,221.0,24,24.4,0,1,0,ORD-2026-01995,False,CLI-055,False,PROD-035,False,CAM-01,False,CHO-128,False,Cochabamba,False,221,False,221.0,False,False,221.0,False,False,24.0,False,False,24.4,False,False,0.0,False,False,1.0,False,False,0.0,False,False,iso,True,2026-08-19 06:26:00+00:00,False,True,True,False,False,,,True,1,0,camion_id_sin_correspondencia_silver,cuarentena
ORD-2026-02000,CLI-026,PROD-026,2026-08-11 13:30:00+00:00,Cochabamba,CAM-01,CHO-082,253.0,253.0,48.0,30.3,1.0,1.0,1.0,2001,producto_id_sin_correspondencia_silver | camion_id_sin_correspondencia_silver,fecha_local_bolivia_convertida_utc,,ORD-2026-02000,CLI-026,PROD-026,2026-08-11 09:30:00,Cochabamba,CAM-01,CHO-082,253,253.0,48,30.3,1,1,1,ORD-2026-02000,False,CLI-026,False,PROD-026,False,CAM-01,False,CHO-082,False,Cochabamba,False,253,False,253.0,False,False,253.0,False,False,48.0,False,False,30.3,False,False,1.0,False,False,1.0,False,False,1.0,False,False,iso,True,2026-08-11 13:30:00+00:00,False,True,False,False,False,,,True,1,0,producto_id_sin_correspondencia_silver | camion_id_sin_correspondencia_silver,cuarentena
ORD-2026-02011,CLI-013,PROD-010,2026-08-20 22:01:00+00:00,Tarija,CAM-26,CHO-067,113.0,94.0,48.0,44.4,1.0,0.0,0.0,2012,producto_id_sin_correspondencia_silver,fecha_local_bolivia_convertida_utc,,ORD-2026-02011,CLI-013,PROD-010,2026-08-20 18:01:00,Tarija,CAM-26,CHO-067,113,94.0,48,44.4,1,0,0,ORD-2026-02011,False,CLI-013,False,PROD-010,False,CAM-26,False,CHO-067,False,Tarija,False,113,False,113.0,False,False,94.0,False,False,48.0,False,False,44.4,False,False,1.0,False,False,0.0,False,False,0.0,False,False,iso,True,2026-08-20 22:01:00+00:00,False,True,False,True,False,,,True,1,0,producto_id_sin_correspondencia_silver,cuarentena
ORD-2026-02013,CLI-039,PROD-036,2026-08-12 21:30:00+00:00,Oruro,CAM-20,CHO-038,191.0,191.0,24.0,15.1,1.0,1.0,1.0,2014,producto_id_sin_correspondencia_silver,fecha_local_bolivia_convertida_utc,,ORD-2026-02013,CLI-039,PROD-036,2026-08-12 17:30:00,Oruro,CAM-20,CHO-038,191,191.0,24,15.1,1,1,1,ORD-2026-02013,False,CLI-039,False,PROD-036,False,CAM-20,False,CHO-038,False,Oruro,False,191,False,191.0,False,False,191.0,False,False,24.0,False,False,15.1,False,False,1.0,False,False,1.0,False,False,1.0,False,False,iso,True,2026-08-12 21:30:00+00:00,False,True,False,True,False,,,True,1,0,producto_id_sin_correspondencia_silver,cuarentena
ORD-2026-02017,CLI-003,PROD-010,2026-08-11 11:31:00+00:00,Tarija,CAM-26,CHO-025,440.0,440.0,24.0,24.3,0.0,1.0,0.0,2018,producto_id_sin_correspondencia_silver,fecha_local_bolivia_convertida_utc,,ORD-2026-02017,CLI-003,PROD-010,2026-08-11 07:31:00,Tarija,CAM-26,CHO-025,440,440.0,24,24.3,0,1,0,ORD-2026-02017,False,CLI-003,False,PROD-010,False,CAM-26,False,CHO-025,False,Tarija,False,440,False,440.0,False,False,440.0,False,False,24.0,False,False,24.3,False,False,0.0,False,False,1.0,False,False,0.0,False,False,iso,True,2026-08-11 11:31:00+00:00,False,True,False,True,False,,,True,1,0,producto_id_sin_correspondencia_silver,cuarentena
ORD-2026-02018,CLI-036,PROD-043,2026-08-12 06:10:00+00:00,Cochabamba,CAM-01,CHO-007,43.0,43.0,24.0,12.4,1.0,1.0,1.0,2019,camion_id_sin_correspondencia_silver,fecha_local_bolivia_convertida_utc,,ORD-2026-02018,CLI-036,PROD-043,2026-08-12 02:10:00,Cochabamba,CAM-01,CHO-007,43,43.0,24,12.4,1,1,1,ORD-2026-02018,False,CLI-036,False,PROD-043,False,CAM-01,False,CHO-007,False,Cochabamba,False,43,False,43.0,False,False,43.0,False,False,24.0,False,False,12.4,False,False,1.0,False,False,1.0,False,False,1.0,False,False,iso,True,2026-08-12 06:10:00+00:00,False,True,True,False,False,,,True,1,0,camion_id_sin_correspondencia_silver,cuarentena
ORD-2026-02020,CLI-099,PROD-010,2026-08-11 13:08:00+00:00,Cochabamba,CAM-05,CHO-131,88.0,88.0,24.0,13.8,1.0,1.0,1.0,2021,producto_id_sin_correspondencia_silver,fecha_local_bolivia_convertida_utc,,ORD-2026-02020,CLI-099,PROD-010,2026-08-11 09:08:00,Cochabamba,CAM-05,CHO-131,88,88.0,24,13.8,1,1,1,ORD-2026-02020,False,CLI-099,False,PROD-010,False,CAM-05,False,CHO-131,False,Cochabamba,False,88,False,88.0,False,False,88.0,False,False,24.0,False,False,13.8,False,False,1.0,False,False,1.0,False,False,1.0,False,False,iso,True,2026-08-11 13:08:00+00:00,False,True,False,True,False,,,True,1,0,producto_id_sin_correspondencia_silver,cuarentena
ORD-2026-02033,CLI-026,PROD-020,2026-08-24 09:34:00+00:00,Cochabamba,CAM-27,CHO-003,168.0,168.0,72.0,67.8,1.0,1.0,1.0,2034,camion_id_sin_correspondencia_silver,fecha_local_bolivia_convertida_utc,,ORD-2026-02033,CLI-026,PROD-020,2026-08-24 05:34:00,Cochabamba,CAM-27,CHO-003,168,168.0,72,67.8,1,1,1,ORD-2026-02033,False,CLI-026,False,PROD-020,False,CAM-27,False,CHO-003,False,Cochabamba,False,168,False,168.0,False,False,168.0,False,False,72.0,False,False,67.8,False,False,1.0,False,False,1.0,False,False,1.0,False,False,iso,True,2026-08-24 09:34:00+00:00,False,True,True,False,False,,,True,1,0,camion_id_sin_correspondencia_silver,cuarentena
ORD-2026-02037,CLI-030,PROD-036,2026-08-25 09:21:00+00:00,La Paz,CAM-10,CHO-117,200.0,200.0,48.0,37.9,1.0,1.0,1.0,2038,producto_id_sin_correspondencia_silver,fecha_local_bolivia_convertida_utc,,ORD-2026-02037,CLI-030,PROD-036,2026-08-25 05:21:00,La Paz,CAM-10,CHO-117,200,200.0,48,37.9,1,1,1,ORD-2026-02037,False,CLI-030,False,PROD-036,False,CAM-10,False,CHO-117,False,La Paz,False,200,False,200.0,False,False,200.0,False,False,48.0,False,False,37.9,False,False,1.0,False,False,1.0,False,False,1.0,False,False,iso,True,2026-08-25 09:21:00+00:00,False,True,False,True,False,,,True,1,0,producto_id_sin_correspondencia_silver,cuarentena
ORD-2026-02040,CLI-028,PROD-024,2026-08-06 05:02:00+00:00,Tarija,CAM-21,CHO-099,49.0,49.0,48.0,35.9,1.0,1.0,1.0,2041,producto_id_sin_correspondencia_silver,fecha_local_bolivia_convertida_utc,,ORD-2026-02040,CLI-028,PROD-024,2026-08-06 01:02:00,Tarija,CAM-21,CHO-099,49,49.0,48,35.9,1,1,1,ORD-2026-02040,False,CLI-028,False,PROD-024,False,CAM-21,False,CHO-099,False,Tarija,False,49,False,49.0,False,False,49.0,False,False,48.0,False,False,35.9,False,False,1.0,False,False,1.0,False,False,1.0,False,False,iso,True,2026-08-06 05:02:00+00:00,False,True,False,True,False,,,True,1,0,producto_id_sin_correspondencia_silver,cuarentena
ORD-2026-02047,CLI-017,PROD-028,2026-08-13 08:44:00+00:00,Oruro,CAM-03,CHO-038,458.0,458.0,24.0,12.6,1.0,1.0,1.0,2048,producto_id_sin_correspondencia_silver,fecha_local_bolivia_convertida_utc,,ORD-2026-02047,CLI-017,PROD-028,2026-08-13 04:44:00,Oruro,CAM-03,CHO-038,458,458.0,24,12.6,1,1,1,ORD-2026-02047,False,CLI-017,False,PROD-028,False,CAM-03,False,CHO-038,False,Oruro,False,458,False,458.0,False,False,458.0,False,False,24.0,False,False,12.6,False,False,1.0,False,False,1.0,False,False,1.0,False,False,iso,True,2026-08-13 08:44:00+00:00,False,True,False,True,False,,,True,1,0,producto_id_sin_correspondencia_silver,cuarentena
ORD-2026-02053,CLI-076,PROD-028,2026-08-26 20:11:00+00:00,Santa Cruz,CAM-23,CHO-015,354.0,354.0,24.0,24.9,0.0,1.0,0.0,2054,producto_id_sin_correspondencia_silver,fecha_local_bolivia_convertida_utc,,ORD-2026-02053,CLI-076,PROD-028,2026-08-26 16:11:00,Santa Cruz,CAM-23,CHO-015,354,354.0,24,24.9,0,1,0,ORD-2026-02053,False,CLI-076,False,PROD-028,False,CAM-23,False,CHO-015,False,Santa Cruz,False,354,False,354.0,False,False,354.0,False,False,24.0,False,False,24.9,False,False,0.0,False,False,1.0,False,False,0.0,False,False,iso,True,2026-08-26 20:11:00+00:00,False,True,False,True,False,,,True,1,0,producto_id_sin_correspondencia_silver,cuarentena
ORD-2026-02058,CLI-064,PROD-014,2026-08-07 11:52:00+00:00,Santa Cruz,CAM-18,CHO-034,297.0,297.0,48.0,46.0,1.0,1.0,1.0,2059,producto_id_sin_correspondencia_silver,fecha_local_bolivia_convertida_utc,,ORD-2026-02058,CLI-064,PROD-014,2026-08-07 07:52:00,Santa Cruz,CAM-18,CHO-034,297,297.0,48,46.0,1,1,1,ORD-2026-02058,False,CLI-064,False,PROD-014,False,CAM-18,False,CHO-034,False,Santa Cruz,False,297,False,297.0,False,False,297.0,False,False,48.0,False,False,46.0,False,False,1.0,False,False,1.0,False,False,1.0,False,False,iso,True,2026-08-07 11:52:00+00:00,False,True,False,True,False,,,True,1,0,producto_id_sin_correspondencia_silver,cuarentena
ORD-2026-02059,CLI-045,PROD-026,2026-08-13 20:59:00+00:00,La Paz,CAM-07,CHO-124,171.0,171.0,72.0,39.5,1.0,1.0,1.0,2060,producto_id_sin_correspondencia_silver,fecha_local_bolivia_convertida_utc,,ORD-2026-02059,CLI-045,PROD-026,2026-08-13 16:59:00,La Paz,CAM-07,CHO-124,171,171.0,72,39.5,1,1,1,ORD-2026-02059,False,CLI-045,False,PROD-026,False,CAM-07,False,CHO-124,False,La Paz,False,171,False,171.0,False,False,171.0,False,False,72.0,False,False,39.5,False,False,1.0,False,False,1.0,False,False,1.0,False,False,iso,True,2026-08-13 20:59:00+00:00,False,True,False,True,False,,,True,1,0,producto_id_sin_correspondencia_silver,cuarentena
ORD-2026-02061,CLI-049,PROD-019,2026-08-03 19:55:00+00:00,Oruro,CAM-16,CHO-038,322.0,,48.0,33.1,1.0,1.0,1.0,2062,requerido_ausente:cantidad_entregada,fecha_local_bolivia_convertida_utc,,ORD-2026-02061,CLI-049,PROD-019,2026-08-03 15:55:00,Oruro,CAM-16,CHO-038,322,,48,33.1,1,1,1,ORD-2026-02061,False,CLI-049,False,PROD-019,False,CAM-16,False,CHO-038,False,Oruro,False,322,False,322.0,False,False,,False,False,48.0,False,False,33.1,False,False,1.0,False,False,1.0,False,False,1.0,False,False,iso,True,2026-08-03 19:55:00+00:00,False,True,True,True,False,,,True,1,0,requerido_ausente:cantidad_entregada,cuarentena
ORD-2026-02068,CLI-094,PROD-001,2026-08-30 04:37:00+00:00,Cochabamba,CAM-27,CHO-040,80.0,80.0,24.0,23.4,1.0,1.0,1.0,2069,camion_id_sin_correspondencia_silver,fecha_local_bolivia_convertida_utc,,ORD-2026-02068,CLI-094,PROD-001,2026-08-30 00:37:00,Cochabamba,CAM-27,CHO-040,80,80.0,24,23.4,1,1,1,ORD-2026-02068,False,CLI-094,False,PROD-001,False,CAM-27,False,CHO-040,False,Cochabamba,False,80,False,80.0,False,False,80.0,False,False,24.0,False,False,23.4,False,False,1.0,False,False,1.0,False,False,1.0,False,False,iso,True,2026-08-30 04:37:00+00:00,False,True,True,False,False,,,True,1,0,camion_id_sin_correspondencia_silver,cuarentena
ORD-2026-02072,CLI-014,PROD-019,2026-08-22 18:12:00+00:00,Santa Cruz,CAM-23,CHO-112,480.0,,24.0,13.8,1.0,1.0,1.0,2073,requerido_ausente:cantidad_entregada,fecha_local_bolivia_convertida_utc,,ORD-2026-02072,CLI-014,PROD-019,2026-08-22 14:12:00,Santa Cruz,CAM-23,CHO-112,480,,24,13.8,1,1,1,ORD-2026-02072,False,CLI-014,False,PROD-019,False,CAM-23,False,CHO-112,False,Santa Cruz,False,480,False,480.0,False,False,,False,False,24.0,False,False,13.8,False,False,1.0,False,False,1.0,False,False,1.0,False,False,iso,True,2026-08-22 18:12:00+00:00,False,True,True,True,False,,,True,1,0,requerido_ausente:cantidad_entregada,cuarentena
ORD-2026-02075,CLI-098,PROD-024,2026-08-04 07:12:00+00:00,Santa Cruz,CAM-09,CHO-015,56.0,56.0,48.0,33.6,1.0,1.0,1.0,2076,producto_id_sin_correspondencia_silver,fecha_local_bolivia_convertida_utc,,ORD-2026-02075,CLI-098,PROD-024,2026-08-04 03:12:00,Santa Cruz,CAM-09,CHO-015,56,56.0,48,33.6,1,1,1,ORD-2026-02075,False,CLI-098,False,PROD-024,False,CAM-09,False,CHO-015,False,Santa Cruz,False,56,False,56.0,False,False,56.0,False,False,48.0,False,False,33.6,False,False,1.0,False,False,1.0,False,False,1.0,False,False,iso,True,2026-08-04 07:12:00+00:00,False,True,False,True,False,,,True,1,0,producto_id_sin_correspondencia_silver,cuarentena
ORD-2026-02078,CLI-087,PROD-024,2026-08-18 00:02:00+00:00,Tarija,CAM-21,CHO-010,430.0,430.0,72.0,57.6,1.0,1.0,1.0,2079,producto_id_sin_correspondencia_silver,fecha_local_bolivia_convertida_utc,,ORD-2026-02078,CLI-087,PROD-024,2026-08-17 20:02:00,Tarija,CAM-21,CHO-010,430,430.0,72,57.6,1,1,1,ORD-2026-02078,False,CLI-087,False,PROD-024,False,CAM-21,False,CHO-010,False,Tarija,False,430,False,430.0,False,False,430.0,False,False,72.0,False,False,57.6,False,False,1.0,False,False,1.0,False,False,1.0,False,False,iso,True,2026-08-18 00:02:00+00:00,False,True,False,True,False,,,True,1,0,producto_id_sin_correspondencia_silver,cuarentena
ORD-2026-02095,CLI-053,PROD-024,2026-08-05 15:18:00+00:00,Oruro,CAM-03,CHO-066,355.0,355.0,24.0,16.2,1.0,1.0,1.0,2096,producto_id_sin_correspondencia_silver,fecha_local_bolivia_convertida_utc,,ORD-2026-02095,CLI-053,PROD-024,2026-08-05 11:18:00,Oruro,CAM-03,CHO-066,355,355.0,24,16.2,1,1,1,ORD-2026-02095,False,CLI-053,False,PROD-024,False,CAM-03,False,CHO-066,False,Oruro,False,355,False,355.0,False,False,355.0,False,False,24.0,False,False,16.2,False,False,1.0,False,False,1.0,False,False,1.0,False,False,iso,True,2026-08-05 15:18:00+00:00,False,True,False,True,False,,,True,1,0,producto_id_sin_correspondencia_silver,cuarentena
ORD-2026-02096,CLI-047,PROD-024,2026-08-07 05:06:00+00:00,Santa Cruz,CAM-08,CHO-041,90.0,90.0,72.0,66.6,1.0,1.0,1.0,2097,producto_id_sin_correspondencia_silver,fecha_local_bolivia_convertida_utc,,ORD-2026-02096,CLI-047,PROD-024,2026-08-07 01:06:00,Santa Cruz,CAM-08,CHO-041,90,90.0,72,66.6,1,1,1,ORD-2026-02096,False,CLI-047,False,PROD-024,False,CAM-08,False,CHO-041,False,Santa Cruz,False,90,False,90.0,False,False,90.0,False,False,72.0,False,False,66.6,False,False,1.0,False,False,1.0,False,False,1.0,False,False,iso,True,2026-08-07 05:06:00+00:00,False,True,False,True,False,,,True,1,0,producto_id_sin_correspondencia_silver,cuarentena
ORD-2026-02098,CLI-090,PROD-054,2026-08-12 09:05:00+00:00,Cochabamba,CAM-27,CHO-086,92.0,92.0,72.0,50.6,1.0,1.0,1.0,2099,camion_id_sin_correspondencia_silver,fecha_local_bolivia_convertida_utc,,ORD-2026-02098,CLI-090,PROD-054,2026-08-12 05:05:00,Cochabamba,CAM-27,CHO-086,92,92.0,72,50.6,1,1,1,ORD-2026-02098,False,CLI-090,False,PROD-054,False,CAM-27,False,CHO-086,False,Cochabamba,False,92,False,92.0,False,False,92.0,False,False,72.0,False,False,50.6,False,False,1.0,False,False,1.0,False,False,1.0,False,False,iso,True,2026-08-12 09:05:00+00:00,False,True,True,False,False,,,True,1,0,camion_id_sin_correspondencia_silver,cuarentena
ORD-2026-02103,CLI-072,PROD-019,2026-08-15 12:51:00+00:00,Cochabamba,CAM-27,CHO-121,460.0,460.0,48.0,40.4,1.0,1.0,1.0,2104,camion_id_sin_correspondencia_silver,fecha_local_bolivia_convertida_utc,,ORD-2026-02103,CLI-072,PROD-019,2026-08-15 08:51:00,Cochabamba,CAM-27,CHO-121,460,460.0,48,40.4,1,1,1,ORD-2026-02103,False,CLI-072,False,PROD-019,False,CAM-27,False,CHO-121,False,Cochabamba,False,460,False,460.0,False,False,460.0,False,False,48.0,False,False,40.4,False,False,1.0,False,False,1.0,False,False,1.0,False,False,iso,True,2026-08-15 12:51:00+00:00,False,True,True,False,False,,,True,1,0,camion_id_sin_correspondencia_silver,cuarentena
ORD-2026-02109,CLI-056,PROD-028,2026-08-12 14:52:00+00:00,Santa Cruz,CAM-09,CHO-048,137.0,137.0,24.0,13.1,1.0,1.0,1.0,2110,producto_id_sin_correspondencia_silver,fecha_local_bolivia_convertida_utc,,ORD-2026-02109,CLI-056,PROD-028,2026-08-12 10:52:00,Santa Cruz,CAM-09,CHO-048,137,137.0,24,13.1,1,1,1,ORD-2026-02109,False,CLI-056,False,PROD-028,False,CAM-09,False,CHO-048,False,Santa Cruz,False,137,False,137.0,False,False,137.0,False,False,24.0,False,False,13.1,False,False,1.0,False,False,1.0,False,False,1.0,False,False,iso,True,2026-08-12 14:52:00+00:00,False,True,False,True,False,,,True,1,0,producto_id_sin_correspondencia_silver,cuarentena
ORD-2026-02113,CLI-054,PROD-010,2026-08-01 15:59:00+00:00,Oruro,CAM-20,CHO-046,251.0,251.0,48.0,36.0,1.0,1.0,1.0,2114,producto_id_sin_correspondencia_silver,fecha_local_bolivia_convertida_utc,,ORD-2026-02113,CLI-054,PROD-010,2026-08-01 11:59:00,Oruro,CAM-20,CHO-046,251,251.0,48,36.0,1,1,1,ORD-2026-02113,False,CLI-054,False,PROD-010,False,CAM-20,False,CHO-046,False,Oruro,False,251,False,251.0,False,False,251.0,False,False,48.0,False,False,36.0,False,False,1.0,False,False,1.0,False,False,1.0,False,False,iso,True,2026-08-01 15:59:00+00:00,False,True,False,True,False,,,True,1,0,producto_id_sin_correspondencia_silver,cuarentena
ORD-2026-02116,CLI-013,PROD-036,2026-08-28 12:33:00+00:00,Oruro,CAM-24,CHO-027,394.0,394.0,48.0,43.2,1.0,1.0,1.0,2117,producto_id_sin_correspondencia_silver,fecha_local_bolivia_convertida_utc,,ORD-2026-02116,CLI-013,PROD-036,2026-08-28 08:33:00,Oruro,CAM-24,CHO-027,394,394.0,48,43.2,1,1,1,ORD-2026-02116,False,CLI-013,False,PROD-036,False,CAM-24,False,CHO-027,False,Oruro,False,394,False,394.0,False,False,394.0,False,False,48.0,False,False,43.2,False,False,1.0,False,False,1.0,False,False,1.0,False,False,iso,True,2026-08-28 12:33:00+00:00,False,True,False,True,False,,,True,1,0,producto_id_sin_correspondencia_silver,cuarentena
ORD-2026-02117,CLI-062,PROD-026,2026-08-25 16:40:00+00:00,Oruro,CAM-20,CHO-046,145.0,145.0,48.0,27.1,1.0,1.0,1.0,2118,producto_id_sin_correspondencia_silver,fecha_local_bolivia_convertida_utc,,ORD-2026-02117,CLI-062,PROD-026,2026-08-25 12:40:00,Oruro,CAM-20,CHO-046,145,145.0,48,27.1,1,1,1,ORD-2026-02117,False,CLI-062,False,PROD-026,False,CAM-20,False,CHO-046,False,Oruro,False,145,False,145.0,False,False,145.0,False,False,48.0,False,False,27.1,False,False,1.0,False,False,1.0,False,False,1.0,False,False,iso,True,2026-08-25 16:40:00+00:00,False,True,False,True,False,,,True,1,0,producto_id_sin_correspondencia_silver,cuarentena
ORD-2026-02120,CLI-005,PROD-028,2026-08-02 01:36:00+00:00,Tarija,CAM-26,CHO-067,430.0,430.0,48.0,47.4,1.0,1.0,1.0,2121,producto_id_sin_correspondencia_silver,fecha_local_bolivia_convertida_utc,,ORD-2026-02120,CLI-005,PROD-028,2026-08-01 21:36:00,Tarija,CAM-26,CHO-067,430,430.0,48,47.4,1,1,1,ORD-2026-02120,False,CLI-005,False,PROD-028,False,CAM-26,False,CHO-067,False,Tarija,False,430,False,430.0,False,False,430.0,False,False,48.0,False,False,47.4,False,False,1.0,False,False,1.0,False,False,1.0,False,False,iso,True,2026-08-02 01:36:00+00:00,False,True,False,True,False,,,True,1,0,producto_id_sin_correspondencia_silver,cuarentena
ORD-2026-02121,CLI-073,PROD-014,2026-08-26 18:50:00+00:00,Oruro,CAM-16,CHO-066,352.0,351.0,24.0,14.9,1.0,0.0,0.0,2122,producto_id_sin_correspondencia_silver,fecha_local_bolivia_convertida_utc,,ORD-2026-02121,CLI-073,PROD-014,2026-08-26 14:50:00,Oruro,CAM-16,CHO-066,352,351.0,24,14.9,1,0,0,ORD-2026-02121,False,CLI-073,False,PROD-014,False,CAM-16,False,CHO-066,False,Oruro,False,352,False,352.0,False,False,351.0,False,False,24.0,False,False,14.9,False,False,1.0,False,False,0.0,False,False,0.0,False,False,iso,True,2026-08-26 18:50:00+00:00,False,True,False,True,False,,,True,1,0,producto_id_sin_correspondencia_silver,cuarentena
ORD-2026-02123,CLI-039,PROD-024,2026-08-17 02:31:00+00:00,Tarija,CAM-26,CHO-097,361.0,361.0,24.0,15.4,1.0,1.0,1.0,2124,producto_id_sin_correspondencia_silver,fecha_local_bolivia_convertida_utc,,ORD-2026-02123,CLI-039,PROD-024,2026-08-16 22:31:00,Tarija,CAM-26,CHO-097,361,361.0,24,15.4,1,1,1,ORD-2026-02123,False,CLI-039,False,PROD-024,False,CAM-26,False,CHO-097,False,Tarija,False,361,False,361.0,False,False,361.0,False,False,24.0,False,False,15.4,False,False,1.0,False,False,1.0,False,False,1.0,False,False,iso,True,2026-08-17 02:31:00+00:00,False,True,False,True,False,,,True,1,0,producto_id_sin_correspondencia_silver,cuarentena
ORD-2026-02125,CLI-088,PROD-051,2026-08-27 00:02:00+00:00,Cochabamba,CAM-27,CHO-044,208.0,208.0,48.0,38.5,1.0,1.0,1.0,2126,camion_id_sin_correspondencia_silver,fecha_local_bolivia_convertida_utc,,ORD-2026-02125,CLI-088,PROD-051,2026-08-26 20:02:00,Cochabamba,CAM-27,CHO-044,208,208.0,48,38.5,1,1,1,ORD-2026-02125,False,CLI-088,False,PROD-051,False,CAM-27,False,CHO-044,False,Cochabamba,False,208,False,208.0,False,False,208.0,False,False,48.0,False,False,38.5,False,False,1.0,False,False,1.0,False,False,1.0,False,False,iso,True,2026-08-27 00:02:00+00:00,False,True,True,False,False,,,True,1,0,camion_id_sin_correspondencia_silver,cuarentena
ORD-2026-02132,CLI-055,PROD-025,2026-08-15 16:03:00+00:00,Cochabamba,CAM-27,CHO-017,491.0,478.0,72.0,66.3,1.0,0.0,0.0,2133,camion_id_sin_correspondencia_silver,fecha_local_bolivia_convertida_utc,,ORD-2026-02132,CLI-055,PROD-025,2026-08-15 12:03:00,Cochabamba,CAM-27,CHO-017,491,478.0,72,66.3,1,0,0,ORD-2026-02132,False,CLI-055,False,PROD-025,False,CAM-27,False,CHO-017,False,Cochabamba,False,491,False,491.0,False,False,478.0,False,False,72.0,False,False,66.3,False,False,1.0,False,False,0.0,False,False,0.0,False,False,iso,True,2026-08-15 16:03:00+00:00,False,True,True,False,False,,,True,1,0,camion_id_sin_correspondencia_silver,cuarentena
ORD-2026-02146,CLI-052,PROD-028,2026-08-12 10:43:00+00:00,La Paz,CAM-28,CHO-134,455.0,455.0,48.0,36.1,1.0,1.0,1.0,2147,producto_id_sin_correspondencia_silver,fecha_local_bolivia_convertida_utc,,ORD-2026-02146,CLI-052,PROD-028,2026-08-12 06:43:00,La Paz,CAM-28,CHO-134,455,455.0,48,36.1,1,1,1,ORD-2026-02146,False,CLI-052,False,PROD-028,False,CAM-28,False,CHO-134,False,La Paz,False,455,False,455.0,False,False,455.0,False,False,48.0,False,False,36.1,False,False,1.0,False,False,1.0,False,False,1.0,False,False,iso,True,2026-08-12 10:43:00+00:00,False,True,False,True,False,,,True,1,0,producto_id_sin_correspondencia_silver,cuarentena
ORD-2026-02152,CLI-058,PROD-019,2026-08-20 17:55:00+00:00,Cochabamba,CAM-01,CHO-136,419.0,419.0,24.0,17.5,1.0,1.0,1.0,2153,camion_id_sin_correspondencia_silver,fecha_local_bolivia_convertida_utc,,ORD-2026-02152,CLI-058,PROD-019,2026-08-20 13:55:00,Cochabamba,CAM-01,CHO-136,419,419.0,24,17.5,1,1,1,ORD-2026-02152,False,CLI-058,False,PROD-019,False,CAM-01,False,CHO-136,False,Cochabamba,False,419,False,419.0,False,False,419.0,False,False,24.0,False,False,17.5,False,False,1.0,False,False,1.0,False,False,1.0,False,False,iso,True,2026-08-20 17:55:00+00:00,False,True,True,False,False,,,True,1,0,camion_id_sin_correspondencia_silver,cuarentena
ORD-2026-02154,CLI-062,PROD-047,2026-08-20 12:17:00+00:00,Tarija,CAM-19,CHO-043,481.0,,24.0,14.1,1.0,1.0,1.0,2155,requerido_ausente:cantidad_entregada,fecha_local_bolivia_convertida_utc,,ORD-2026-02154,CLI-062,PROD-047,2026-08-20 08:17:00,Tarija,CAM-19,CHO-043,481,,24,14.1,1,1,1,ORD-2026-02154,False,CLI-062,False,PROD-047,False,CAM-19,False,CHO-043,False,Tarija,False,481,False,481.0,False,False,,False,False,24.0,False,False,14.1,False,False,1.0,False,False,1.0,False,False,1.0,False,False,iso,True,2026-08-20 12:17:00+00:00,False,True,True,True,False,,,True,1,0,requerido_ausente:cantidad_entregada,cuarentena
ORD-2026-02155,CLI-088,PROD-028,2026-08-24 05:07:00+00:00,Tarija,CAM-21,CHO-005,113.0,113.0,48.0,38.8,1.0,1.0,1.0,2156,producto_id_sin_correspondencia_silver,fecha_local_bolivia_convertida_utc,,ORD-2026-02155,CLI-088,PROD-028,2026-08-24 01:07:00,Tarija,CAM-21,CHO-005,113,113.0,48,38.8,1,1,1,ORD-2026-02155,False,CLI-088,False,PROD-028,False,CAM-21,False,CHO-005,False,Tarija,False,113,False,113.0,False,False,113.0,False,False,48.0,False,False,38.8,False,False,1.0,False,False,1.0,False,False,1.0,False,False,iso,True,2026-08-24 05:07:00+00:00,False,True,False,True,False,,,True,1,0,producto_id_sin_correspondencia_silver,cuarentena
ORD-2026-02156,CLI-032,PROD-008,2026-08-02 21:57:00+00:00,Cochabamba,CAM-01,CHO-065,494.0,478.0,48.0,35.2,1.0,0.0,0.0,2157,camion_id_sin_correspondencia_silver,fecha_local_bolivia_convertida_utc,,ORD-2026-02156,CLI-032,PROD-008,2026-08-02 17:57:00,Cochabamba,CAM-01,CHO-065,494,478.0,48,35.2,1,0,0,ORD-2026-02156,False,CLI-032,False,PROD-008,False,CAM-01,False,CHO-065,False,Cochabamba,False,494,False,494.0,False,False,478.0,False,False,48.0,False,False,35.2,False,False,1.0,False,False,0.0,False,False,0.0,False,False,iso,True,2026-08-02 21:57:00+00:00,False,True,True,False,False,,,True,1,0,camion_id_sin_correspondencia_silver,cuarentena
ORD-2026-02163,CLI-079,PROD-033,2026-08-11 09:47:00+00:00,Cochabamba,CAM-27,CHO-040,170.0,170.0,48.0,31.2,1.0,1.0,1.0,2164,camion_id_sin_correspondencia_silver,fecha_local_bolivia_convertida_utc,,ORD-2026-02163,CLI-079,PROD-033,2026-08-11 05:47:00,Cochabamba,CAM-27,CHO-040,170,170.0,48,31.2,1,1,1,ORD-2026-02163,False,CLI-079,False,PROD-033,False,CAM-27,False,CHO-040,False,Cochabamba,False,170,False,170.0,False,False,170.0,False,False,48.0,False,False,31.2,False,False,1.0,False,False,1.0,False,False,1.0,False,False,iso,True,2026-08-11 09:47:00+00:00,False,True,True,False,False,,,True,1,0,camion_id_sin_correspondencia_silver,cuarentena
ORD-2026-02175,CLI-067,PROD-056,2026-08-08 09:10:00+00:00,Cochabamba,CAM-01,CHO-049,98.0,98.0,72.0,49.5,1.0,1.0,1.0,2176,camion_id_sin_correspondencia_silver,fecha_local_bolivia_convertida_utc,,ORD-2026-02175,CLI-067,PROD-056,2026-08-08 05:10:00,Cochabamba,CAM-01,CHO-049,98,98.0,72,49.5,1,1,1,ORD-2026-02175,False,CLI-067,False,PROD-056,False,CAM-01,False,CHO-049,False,Cochabamba,False,98,False,98.0,False,False,98.0,False,False,72.0,False,False,49.5,False,False,1.0,False,False,1.0,False,False,1.0,False,False,iso,True,2026-08-08 09:10:00+00:00,False,True,True,False,False,,,True,1,0,camion_id_sin_correspondencia_silver,cuarentena
ORD-2026-02179,CLI-099,PROD-024,2026-08-27 02:16:00+00:00,Santa Cruz,CAM-29,CHO-069,48.0,48.0,24.0,19.7,1.0,1.0,1.0,2180,producto_id_sin_correspondencia_silver,fecha_local_bolivia_convertida_utc,,ORD-2026-02179,CLI-099,PROD-024,2026-08-26 22:16:00,Santa Cruz,CAM-29,CHO-069,48,48.0,24,19.7,1,1,1,ORD-2026-02179,False,CLI-099,False,PROD-024,False,CAM-29,False,CHO-069,False,Santa Cruz,False,48,False,48.0,False,False,48.0,False,False,24.0,False,False,19.7,False,False,1.0,False,False,1.0,False,False,1.0,False,False,iso,True,2026-08-27 02:16:00+00:00,False,True,False,True,False,,,True,1,0,producto_id_sin_correspondencia_silver,cuarentena
ORD-2026-02182,CLI-039,PROD-010,2026-08-28 05:50:00+00:00,Tarija,CAM-19,CHO-014,277.0,277.0,24.0,18.2,1.0,1.0,1.0,2183,producto_id_sin_correspondencia_silver,fecha_local_bolivia_convertida_utc,,ORD-2026-02182,CLI-039,PROD-010,2026-08-28 01:50:00,Tarija,CAM-19,CHO-014,277,277.0,24,18.2,1,1,1,ORD-2026-02182,False,CLI-039,False,PROD-010,False,CAM-19,False,CHO-014,False,Tarija,False,277,False,277.0,False,False,277.0,False,False,24.0,False,False,18.2,False,False,1.0,False,False,1.0,False,False,1.0,False,False,iso,True,2026-08-28 05:50:00+00:00,False,True,False,True,False,,,True,1,0,producto_id_sin_correspondencia_silver,cuarentena
ORD-2026-02188,CLI-046,PROD-036,2026-08-30 01:00:00+00:00,La Paz,CAM-10,CHO-110,379.0,379.0,48.0,41.8,1.0,1.0,1.0,2189,producto_id_sin_correspondencia_silver,fecha_local_bolivia_convertida_utc,,ORD-2026-02188,CLI-046,PROD-036,2026-08-29 21:00:00,La Paz,CAM-10,CHO-110,379,379.0,48,41.8,1,1,1,ORD-2026-02188,False,CLI-046,False,PROD-036,False,CAM-10,False,CHO-110,False,La Paz,False,379,False,379.0,False,False,379.0,False,False,48.0,False,False,41.8,False,False,1.0,False,False,1.0,False,False,1.0,False,False,iso,True,2026-08-30 01:00:00+00:00,False,True,False,True,False,,,True,1,0,producto_id_sin_correspondencia_silver,cuarentena
ORD-2026-02202,CLI-100,PROD-051,2026-08-24 19:52:00+00:00,Tarija,CAM-26,CHO-014,497.0,,48.0,41.9,1.0,1.0,1.0,2203,requerido_ausente:cantidad_entregada,fecha_local_bolivia_convertida_utc,,ORD-2026-02202,CLI-100,PROD-051,2026-08-24 15:52:00,Tarija,CAM-26,CHO-014,497,,48,41.9,1,1,1,ORD-2026-02202,False,CLI-100,False,PROD-051,False,CAM-26,False,CHO-014,False,Tarija,False,497,False,497.0,False,False,,False,False,48.0,False,False,41.9,False,False,1.0,False,False,1.0,False,False,1.0,False,False,iso,True,2026-08-24 19:52:00+00:00,False,True,True,True,False,,,True,1,0,requerido_ausente:cantidad_entregada,cuarentena
ORD-2026-02207,CLI-049,PROD-053,2026-08-16 14:21:00+00:00,Cochabamba,CAM-01,CHO-102,395.0,395.0,24.0,25.8,0.0,1.0,0.0,2208,camion_id_sin_correspondencia_silver,fecha_local_bolivia_convertida_utc,,ORD-2026-02207,CLI-049,PROD-053,2026-08-16 10:21:00,Cochabamba,CAM-01,CHO-102,395,395.0,24,25.8,0,1,0,ORD-2026-02207,False,CLI-049,False,PROD-053,False,CAM-01,False,CHO-102,False,Cochabamba,False,395,False,395.0,False,False,395.0,False,False,24.0,False,False,25.8,False,False,0.0,False,False,1.0,False,False,0.0,False,False,iso,True,2026-08-16 14:21:00+00:00,False,True,True,False,False,,,True,1,0,camion_id_sin_correspondencia_silver,cuarentena
ORD-2026-02221,CLI-079,PROD-037,2026-08-07 22:10:00+00:00,Cochabamba,CAM-01,CHO-087,325.0,325.0,48.0,57.0,0.0,1.0,0.0,2222,camion_id_sin_correspondencia_silver,fecha_local_bolivia_convertida_utc,,ORD-2026-02221,CLI-079,PROD-037,2026-08-07 18:10:00,Cochabamba,CAM-01,CHO-087,325,325.0,48,57.0,0,1,0,ORD-2026-02221,False,CLI-079,False,PROD-037,False,CAM-01,False,CHO-087,False,Cochabamba,False,325,False,325.0,False,False,325.0,False,False,48.0,False,False,57.0,False,False,0.0,False,False,1.0,False,False,0.0,False,False,iso,True,2026-08-07 22:10:00+00:00,False,True,True,False,False,,,True,1,0,camion_id_sin_correspondencia_silver,cuarentena
ORD-2026-02222,CLI-073,PROD-024,2026-08-02 16:49:00+00:00,La Paz,CAM-07,CHO-013,39.0,39.0,48.0,28.8,1.0,1.0,1.0,2223,producto_id_sin_correspondencia_silver,fecha_local_bolivia_convertida_utc,,ORD-2026-02222,CLI-073,PROD-024,2026-08-02 12:49:00,La Paz,CAM-07,CHO-013,39,39.0,48,28.8,1,1,1,ORD-2026-02222,False,CLI-073,False,PROD-024,False,CAM-07,False,CHO-013,False,La Paz,False,39,False,39.0,False,False,39.0,False,False,48.0,False,False,28.8,False,False,1.0,False,False,1.0,False,False,1.0,False,False,iso,True,2026-08-02 16:49:00+00:00,False,True,False,True,False,,,True,1,0,producto_id_sin_correspondencia_silver,cuarentena
ORD-2026-02232,CLI-072,PROD-009,2026-08-12 14:12:00+00:00,Cochabamba,CAM-01,CHO-115,492.0,475.0,24.0,19.0,1.0,0.0,0.0,2233,camion_id_sin_correspondencia_silver,fecha_local_bolivia_convertida_utc,,ORD-2026-02232,CLI-072,PROD-009,2026-08-12 10:12:00,Cochabamba,CAM-01,CHO-115,492,475.0,24,19.0,1,0,0,ORD-2026-02232,False,CLI-072,False,PROD-009,False,CAM-01,False,CHO-115,False,Cochabamba,False,492,False,492.0,False,False,475.0,False,False,24.0,False,False,19.0,False,False,1.0,False,False,0.0,False,False,0.0,False,False,iso,True,2026-08-12 14:12:00+00:00,False,True,True,False,False,,,True,1,0,camion_id_sin_correspondencia_silver,cuarentena
ORD-2026-02247,CLI-066,PROD-010,2026-08-24 07:07:00+00:00,La Paz,CAM-10,CHO-147,222.0,222.0,48.0,46.3,1.0,1.0,1.0,2248,producto_id_sin_correspondencia_silver,fecha_local_bolivia_convertida_utc,,ORD-2026-02247,CLI-066,PROD-010,2026-08-24 03:07:00,La Paz,CAM-10,CHO-147,222,222.0,48,46.3,1,1,1,ORD-2026-02247,False,CLI-066,False,PROD-010,False,CAM-10,False,CHO-147,False,La Paz,False,222,False,222.0,False,False,222.0,False,False,48.0,False,False,46.3,False,False,1.0,False,False,1.0,False,False,1.0,False,False,iso,True,2026-08-24 07:07:00+00:00,False,True,False,True,False,,,True,1,0,producto_id_sin_correspondencia_silver,cuarentena
ORD-2026-02253,CLI-053,PROD-036,2026-08-30 08:16:00+00:00,Santa Cruz,CAM-08,CHO-030,269.0,269.0,48.0,29.1,1.0,1.0,1.0,2254,producto_id_sin_correspondencia_silver,fecha_local_bolivia_convertida_utc,,ORD-2026-02253,CLI-053,PROD-036,2026-08-30 04:16:00,Santa Cruz,CAM-08,CHO-030,269,269.0,48,29.1,1,1,1,ORD-2026-02253,False,CLI-053,False,PROD-036,False,CAM-08,False,CHO-030,False,Santa Cruz,False,269,False,269.0,False,False,269.0,False,False,48.0,False,False,29.1,False,False,1.0,False,False,1.0,False,False,1.0,False,False,iso,True,2026-08-30 08:16:00+00:00,False,True,False,True,False,,,True,1,0,producto_id_sin_correspondencia_silver,cuarentena
ORD-2026-02266,CLI-056,PROD-029,2026-08-14 20:31:00+00:00,La Paz,CAM-10,CHO-124,493.0,,48.0,35.5,1.0,1.0,1.0,2267,requerido_ausente:cantidad_entregada,fecha_local_bolivia_convertida_utc,,ORD-2026-02266,CLI-056,PROD-029,2026-08-14 16:31:00,La Paz,CAM-10,CHO-124,493,,48,35.5,1,1,1,ORD-2026-02266,False,CLI-056,False,PROD-029,False,CAM-10,False,CHO-124,False,La Paz,False,493,False,493.0,False,False,,False,False,48.0,False,False,35.5,False,False,1.0,False,False,1.0,False,False,1.0,False,False,iso,True,2026-08-14 20:31:00+00:00,False,True,True,True,False,,,True,1,0,requerido_ausente:cantidad_entregada,cuarentena
ORD-2026-02267,CLI-069,PROD-036,2026-08-22 19:41:00+00:00,La Paz,CAM-10,CHO-126,119.0,113.0,72.0,55.5,1.0,0.0,0.0,2268,producto_id_sin_correspondencia_silver,fecha_local_bolivia_convertida_utc,,ORD-2026-02267,CLI-069,PROD-036,2026-08-22 15:41:00,La Paz,CAM-10,CHO-126,119,113.0,72,55.5,1,0,0,ORD-2026-02267,False,CLI-069,False,PROD-036,False,CAM-10,False,CHO-126,False,La Paz,False,119,False,119.0,False,False,113.0,False,False,72.0,False,False,55.5,False,False,1.0,False,False,0.0,False,False,0.0,False,False,iso,True,2026-08-22 19:41:00+00:00,False,True,False,True,False,,,True,1,0,producto_id_sin_correspondencia_silver,cuarentena
ORD-2026-02268,CLI-068,PROD-016,2026-08-12 22:57:00+00:00,Cochabamba,CAM-27,CHO-086,485.0,485.0,48.0,48.8,0.0,1.0,0.0,2269,camion_id_sin_correspondencia_silver,fecha_local_bolivia_convertida_utc,,ORD-2026-02268,CLI-068,PROD-016,2026-08-12 18:57:00,Cochabamba,CAM-27,CHO-086,485,485.0,48,48.8,0,1,0,ORD-2026-02268,False,CLI-068,False,PROD-016,False,CAM-27,False,CHO-086,False,Cochabamba,False,485,False,485.0,False,False,485.0,False,False,48.0,False,False,48.8,False,False,0.0,False,False,1.0,False,False,0.0,False,False,iso,True,2026-08-12 22:57:00+00:00,False,True,True,False,False,,,True,1,0,camion_id_sin_correspondencia_silver,cuarentena
ORD-2026-02278,CLI-041,PROD-054,2026-08-26 19:27:00+00:00,Cochabamba,CAM-22,CHO-003,396.0,,48.0,40.8,1.0,1.0,1.0,2279,requerido_ausente:cantidad_entregada,fecha_local_bolivia_convertida_utc,,ORD-2026-02278,CLI-041,PROD-054,2026-08-26 15:27:00,Cochabamba,CAM-22,CHO-003,396,,48,40.8,1,1,1,ORD-2026-02278,False,CLI-041,False,PROD-054,False,CAM-22,False,CHO-003,False,Cochabamba,False,396,False,396.0,False,False,,False,False,48.0,False,False,40.8,False,False,1.0,False,False,1.0,False,False,1.0,False,False,iso,True,2026-08-26 19:27:00+00:00,False,True,True,True,False,,,True,1,0,requerido_ausente:cantidad_entregada,cuarentena
ORD-2026-02285,CLI-062,PROD-036,2026-08-07 23:57:00+00:00,Cochabamba,CAM-25,CHO-016,242.0,242.0,24.0,19.2,1.0,1.0,1.0,2286,producto_id_sin_correspondencia_silver,fecha_local_bolivia_convertida_utc,,ORD-2026-02285,CLI-062,PROD-036,2026-08-07 19:57:00,Cochabamba,CAM-25,CHO-016,242,242.0,24,19.2,1,1,1,ORD-2026-02285,False,CLI-062,False,PROD-036,False,CAM-25,False,CHO-016,False,Cochabamba,False,242,False,242.0,False,False,242.0,False,False,24.0,False,False,19.2,False,False,1.0,False,False,1.0,False,False,1.0,False,False,iso,True,2026-08-07 23:57:00+00:00,False,True,False,True,False,,,True,1,0,producto_id_sin_correspondencia_silver,cuarentena
ORD-2026-02290,CLI-051,PROD-024,2026-08-02 11:21:00+00:00,Oruro,CAM-24,CHO-038,207.0,207.0,48.0,43.1,1.0,1.0,1.0,2291,producto_id_sin_correspondencia_silver,fecha_local_bolivia_convertida_utc,,ORD-2026-02290,CLI-051,PROD-024,2026-08-02 07:21:00,Oruro,CAM-24,CHO-038,207,207.0,48,43.1,1,1,1,ORD-2026-02290,False,CLI-051,False,PROD-024,False,CAM-24,False,CHO-038,False,Oruro,False,207,False,207.0,False,False,207.0,False,False,48.0,False,False,43.1,False,False,1.0,False,False,1.0,False,False,1.0,False,False,iso,True,2026-08-02 11:21:00+00:00,False,True,False,True,False,,,True,1,0,producto_id_sin_correspondencia_silver,cuarentena
ORD-2026-02311,CLI-075,PROD-024,2026-08-24 15:45:00+00:00,La Paz,CAM-12,CHO-013,346.0,346.0,24.0,21.2,1.0,1.0,1.0,2312,producto_id_sin_correspondencia_silver,fecha_local_bolivia_convertida_utc,,ORD-2026-02311,CLI-075,PROD-024,2026-08-24 11:45:00,La Paz,CAM-12,CHO-013,346,346.0,24,21.2,1,1,1,ORD-2026-02311,False,CLI-075,False,PROD-024,False,CAM-12,False,CHO-013,False,La Paz,False,346,False,346.0,False,False,346.0,False,False,24.0,False,False,21.2,False,False,1.0,False,False,1.0,False,False,1.0,False,False,iso,True,2026-08-24 15:45:00+00:00,False,True,False,True,False,,,True,1,0,producto_id_sin_correspondencia_silver,cuarentena
ORD-2026-02320,CLI-097,PROD-036,2026-08-16 19:15:00+00:00,Tarija,CAM-19,CHO-078,273.0,273.0,72.0,63.2,1.0,1.0,1.0,2321,order_id_duplicado | producto_id_sin_correspondencia_silver,fecha_local_bolivia_convertida_utc,,ORD-2026-02320,CLI-097,PROD-036,2026-08-16 15:15:00,Tarija,CAM-19,CHO-078,273,273.0,72,63.2,1,1,1,ORD-2026-02320,False,CLI-097,False,PROD-036,False,CAM-19,False,CHO-078,False,Tarija,False,273,False,273.0,False,False,273.0,False,False,72.0,False,False,63.2,False,False,1.0,False,False,1.0,False,False,1.0,False,False,iso,True,2026-08-16 19:15:00+00:00,False,True,False,True,False,,,True,1,0,order_id_duplicado | producto_id_sin_correspondencia_silver,cuarentena
ORD-2026-02324,CLI-098,PROD-024,2026-08-07 22:11:00+00:00,Santa Cruz,CAM-08,CHO-092,495.0,495.0,48.0,39.9,1.0,1.0,1.0,2325,producto_id_sin_correspondencia_silver,fecha_local_bolivia_convertida_utc,,ORD-2026-02324,CLI-098,PROD-024,2026-08-07 18:11:00,Santa Cruz,CAM-08,CHO-092,495,495.0,48,39.9,1,1,1,ORD-2026-02324,False,CLI-098,False,PROD-024,False,CAM-08,False,CHO-092,False,Santa Cruz,False,495,False,495.0,False,False,495.0,False,False,48.0,False,False,39.9,False,False,1.0,False,False,1.0,False,False,1.0,False,False,iso,True,2026-08-07 22:11:00+00:00,False,True,False,True,False,,,True,1,0,producto_id_sin_correspondencia_silver,cuarentena
ORD-2026-02327,CLI-045,PROD-014,2026-08-23 00:49:00+00:00,Tarija,CAM-26,CHO-068,441.0,431.0,48.0,-25.0,1.0,0.0,0.0,2328,tiempo_real_negativo | producto_id_sin_correspondencia_silver,fecha_local_bolivia_convertida_utc,,ORD-2026-02327,CLI-045,PROD-014,2026-08-22 20:49:00,Tarija,CAM-26,CHO-068,441,431.0,48,-25.0,1,0,0,ORD-2026-02327,False,CLI-045,False,PROD-014,False,CAM-26,False,CHO-068,False,Tarija,False,441,False,441.0,False,False,431.0,False,False,48.0,False,False,-25.0,False,False,1.0,False,False,0.0,False,False,0.0,False,False,iso,True,2026-08-23 00:49:00+00:00,False,True,False,True,False,,,True,1,0,tiempo_real_negativo | producto_id_sin_correspondencia_silver,cuarentena
ORD-2026-02331,CLI-049,PROD-026,2026-08-21 09:25:00+00:00,Oruro,CAM-24,CHO-066,283.0,283.0,24.0,21.7,1.0,1.0,1.0,2332,producto_id_sin_correspondencia_silver,fecha_local_bolivia_convertida_utc,,ORD-2026-02331,CLI-049,PROD-026,2026-08-21 05:25:00,Oruro,CAM-24,CHO-066,283,283.0,24,21.7,1,1,1,ORD-2026-02331,False,CLI-049,False,PROD-026,False,CAM-24,False,CHO-066,False,Oruro,False,283,False,283.0,False,False,283.0,False,False,24.0,False,False,21.7,False,False,1.0,False,False,1.0,False,False,1.0,False,False,iso,True,2026-08-21 09:25:00+00:00,False,True,False,True,False,,,True,1,0,producto_id_sin_correspondencia_silver,cuarentena
ORD-2026-02343,CLI-083,PROD-049,2026-08-07 16:14:00+00:00,Cochabamba,CAM-27,CHO-123,221.0,221.0,48.0,42.7,1.0,1.0,1.0,2344,camion_id_sin_correspondencia_silver,fecha_local_bolivia_convertida_utc,,ORD-2026-02343,CLI-083,PROD-049,2026-08-07 12:14:00,Cochabamba,CAM-27,CHO-123,221,221.0,48,42.7,1,1,1,ORD-2026-02343,False,CLI-083,False,PROD-049,False,CAM-27,False,CHO-123,False,Cochabamba,False,221,False,221.0,False,False,221.0,False,False,48.0,False,False,42.7,False,False,1.0,False,False,1.0,False,False,1.0,False,False,iso,True,2026-08-07 16:14:00+00:00,False,True,True,False,False,,,True,1,0,camion_id_sin_correspondencia_silver,cuarentena
ORD-2026-02347,CLI-083,PROD-024,2026-08-27 14:40:00+00:00,Cochabamba,CAM-30,CHO-033,370.0,370.0,48.0,55.4,0.0,1.0,0.0,2348,producto_id_sin_correspondencia_silver,fecha_local_bolivia_convertida_utc,,ORD-2026-02347,CLI-083,PROD-024,2026-08-27 10:40:00,Cochabamba,CAM-30,CHO-033,370,370.0,48,55.4,0,1,0,ORD-2026-02347,False,CLI-083,False,PROD-024,False,CAM-30,False,CHO-033,False,Cochabamba,False,370,False,370.0,False,False,370.0,False,False,48.0,False,False,55.4,False,False,0.0,False,False,1.0,False,False,0.0,False,False,iso,True,2026-08-27 14:40:00+00:00,False,True,False,True,False,,,True,1,0,producto_id_sin_correspondencia_silver,cuarentena
ORD-2026-02348,CLI-025,PROD-014,2026-08-15 14:07:00+00:00,La Paz,CAM-10,CHO-126,465.0,465.0,24.0,21.3,1.0,1.0,1.0,2349,producto_id_sin_correspondencia_silver,fecha_local_bolivia_convertida_utc,,ORD-2026-02348,CLI-025,PROD-014,2026-08-15 10:07:00,La Paz,CAM-10,CHO-126,465,465.0,24,21.3,1,1,1,ORD-2026-02348,False,CLI-025,False,PROD-014,False,CAM-10,False,CHO-126,False,La Paz,False,465,False,465.0,False,False,465.0,False,False,24.0,False,False,21.3,False,False,1.0,False,False,1.0,False,False,1.0,False,False,iso,True,2026-08-15 14:07:00+00:00,False,True,False,True,False,,,True,1,0,producto_id_sin_correspondencia_silver,cuarentena
ORD-2026-02351,CLI-013,PROD-024,2026-08-17 00:51:00+00:00,Cochabamba,CAM-30,CHO-081,483.0,483.0,24.0,-18.3,1.0,1.0,1.0,2352,tiempo_real_negativo | producto_id_sin_correspondencia_silver,fecha_local_bolivia_convertida_utc,,ORD-2026-02351,CLI-013,PROD-024,2026-08-16 20:51:00,Cochabamba,CAM-30,CHO-081,483,483.0,24,-18.3,1,1,1,ORD-2026-02351,False,CLI-013,False,PROD-024,False,CAM-30,False,CHO-081,False,Cochabamba,False,483,False,483.0,False,False,483.0,False,False,24.0,False,False,-18.3,False,False,1.0,False,False,1.0,False,False,1.0,False,False,iso,True,2026-08-17 00:51:00+00:00,False,True,False,True,False,,,True,1,0,tiempo_real_negativo | producto_id_sin_correspondencia_silver,cuarentena
ORD-2026-02354,CLI-030,PROD-044,2026-08-02 18:24:00+00:00,Cochabamba,CAM-25,CHO-148,165.0,165.0,48.0,30.0,1.0,1.0,1.0,2355,order_id_duplicado,fecha_local_bolivia_convertida_utc,,ORD-2026-02354,CLI-030,PROD-044,2026-08-02 14:24:00,Cochabamba,CAM-25,CHO-148,165,165.0,48,30.0,1,1,1,ORD-2026-02354,False,CLI-030,False,PROD-044,False,CAM-25,False,CHO-148,False,Cochabamba,False,165,False,165.0,False,False,165.0,False,False,48.0,False,False,30.0,False,False,1.0,False,False,1.0,False,False,1.0,False,False,iso,True,2026-08-02 18:24:00+00:00,False,True,True,True,False,,,True,1,0,order_id_duplicado,cuarentena
ORD-2026-02362,CLI-020,PROD-044,2026-08-07 17:45:00+00:00,La Paz,CAM-10,CHO-073,144.0,144.0,72.0,50.0,1.0,1.0,1.0,2363,order_id_duplicado,fecha_local_bolivia_convertida_utc,,ORD-2026-02362,CLI-020,PROD-044,2026-08-07 13:45:00,La Paz,CAM-10,CHO-073,144,144.0,72,50.0,1,1,1,ORD-2026-02362,False,CLI-020,False,PROD-044,False,CAM-10,False,CHO-073,False,La Paz,False,144,False,144.0,False,False,144.0,False,False,72.0,False,False,50.0,False,False,1.0,False,False,1.0,False,False,1.0,False,False,iso,True,2026-08-07 17:45:00+00:00,False,True,True,True,False,,,True,1,0,order_id_duplicado,cuarentena
ORD-2026-02365,CLI-004,PROD-028,2026-08-06 05:21:00+00:00,La Paz,CAM-28,CHO-103,357.0,357.0,48.0,35.7,1.0,1.0,1.0,2366,producto_id_sin_correspondencia_silver,fecha_local_bolivia_convertida_utc,,ORD-2026-02365,CLI-004,PROD-028,2026-08-06 01:21:00,La Paz,CAM-28,CHO-103,357,357.0,48,35.7,1,1,1,ORD-2026-02365,False,CLI-004,False,PROD-028,False,CAM-28,False,CHO-103,False,La Paz,False,357,False,357.0,False,False,357.0,False,False,48.0,False,False,35.7,False,False,1.0,False,False,1.0,False,False,1.0,False,False,iso,True,2026-08-06 05:21:00+00:00,False,True,False,True,False,,,True,1,0,producto_id_sin_correspondencia_silver,cuarentena
ORD-2026-02373,CLI-062,PROD-050,2026-08-04 04:44:00+00:00,Cochabamba,CAM-01,CHO-065,172.0,172.0,24.0,21.6,1.0,1.0,1.0,2374,camion_id_sin_correspondencia_silver,fecha_local_bolivia_convertida_utc,,ORD-2026-02373,CLI-062,PROD-050,2026-08-04 00:44:00,Cochabamba,CAM-01,CHO-065,172,172.0,24,21.6,1,1,1,ORD-2026-02373,False,CLI-062,False,PROD-050,False,CAM-01,False,CHO-065,False,Cochabamba,False,172,False,172.0,False,False,172.0,False,False,24.0,False,False,21.6,False,False,1.0,False,False,1.0,False,False,1.0,False,False,iso,True,2026-08-04 04:44:00+00:00,False,True,True,False,False,,,True,1,0,camion_id_sin_correspondencia_silver,cuarentena
ORD-2026-02388,CLI-026,PROD-026,2026-08-08 10:31:00+00:00,Santa Cruz,CAM-09,CHO-107,33.0,33.0,24.0,15.8,1.0,1.0,1.0,2389,producto_id_sin_correspondencia_silver,fecha_local_bolivia_convertida_utc,,ORD-2026-02388,CLI-026,PROD-026,2026-08-08 06:31:00,Santa Cruz,CAM-09,CHO-107,33,33.0,24,15.8,1,1,1,ORD-2026-02388,False,CLI-026,False,PROD-026,False,CAM-09,False,CHO-107,False,Santa Cruz,False,33,False,33.0,False,False,33.0,False,False,24.0,False,False,15.8,False,False,1.0,False,False,1.0,False,False,1.0,False,False,iso,True,2026-08-08 10:31:00+00:00,False,True,False,True,False,,,True,1,0,producto_id_sin_correspondencia_silver,cuarentena
ORD-2026-02390,CLI-057,PROD-054,2026-08-02 15:52:00+00:00,Cochabamba,CAM-01,CHO-051,151.0,151.0,72.0,55.4,1.0,1.0,1.0,2391,camion_id_sin_correspondencia_silver,fecha_local_bolivia_convertida_utc,,ORD-2026-02390,CLI-057,PROD-054,2026-08-02 11:52:00,Cochabamba,CAM-01,CHO-051,151,151.0,72,55.4,1,1,1,ORD-2026-02390,False,CLI-057,False,PROD-054,False,CAM-01,False,CHO-051,False,Cochabamba,False,151,False,151.0,False,False,151.0,False,False,72.0,False,False,55.4,False,False,1.0,False,False,1.0,False,False,1.0,False,False,iso,True,2026-08-02 15:52:00+00:00,False,True,True,False,False,,,True,1,0,camion_id_sin_correspondencia_silver,cuarentena
ORD-2026-02392,CLI-021,PROD-041,2026-08-25 19:20:00+00:00,Cochabamba,CAM-27,CHO-089,492.0,492.0,72.0,70.3,1.0,1.0,1.0,2393,camion_id_sin_correspondencia_silver,fecha_local_bolivia_convertida_utc,,ORD-2026-02392,CLI-021,PROD-041,2026-08-25 15:20:00,Cochabamba,CAM-27,CHO-089,492,492.0,72,70.3,1,1,1,ORD-2026-02392,False,CLI-021,False,PROD-041,False,CAM-27,False,CHO-089,False,Cochabamba,False,492,False,492.0,False,False,492.0,False,False,72.0,False,False,70.3,False,False,1.0,False,False,1.0,False,False,1.0,False,False,iso,True,2026-08-25 19:20:00+00:00,False,True,True,False,False,,,True,1,0,camion_id_sin_correspondencia_silver,cuarentena
ORD-2026-02399,CLI-048,PROD-037,2026-08-19 09:23:00+00:00,Cochabamba,CAM-27,CHO-049,261.0,261.0,24.0,13.5,1.0,1.0,1.0,2400,camion_id_sin_correspondencia_silver,fecha_local_bolivia_convertida_utc,,ORD-2026-02399,CLI-048,PROD-037,2026-08-19 05:23:00,Cochabamba,CAM-27,CHO-049,261,261.0,24,13.5,1,1,1,ORD-2026-02399,False,CLI-048,False,PROD-037,False,CAM-27,False,CHO-049,False,Cochabamba,False,261,False,261.0,False,False,261.0,False,False,24.0,False,False,13.5,False,False,1.0,False,False,1.0,False,False,1.0,False,False,iso,True,2026-08-19 09:23:00+00:00,False,True,True,False,False,,,True,1,0,camion_id_sin_correspondencia_silver,cuarentena
ORD-2026-02403,CLI-091,PROD-045,2026-08-28 05:05:00+00:00,La Paz,CAM-15,CHO-076,310.0,,72.0,77.4,0.0,1.0,0.0,2404,requerido_ausente:cantidad_entregada,fecha_local_bolivia_convertida_utc,,ORD-2026-02403,CLI-091,PROD-045,2026-08-28 01:05:00,La Paz,CAM-15,CHO-076,310,,72,77.4,0,1,0,ORD-2026-02403,False,CLI-091,False,PROD-045,False,CAM-15,False,CHO-076,False,La Paz,False,310,False,310.0,False,False,,False,False,72.0,False,False,77.4,False,False,0.0,False,False,1.0,False,False,0.0,False,False,iso,True,2026-08-28 05:05:00+00:00,False,True,True,True,False,,,True,1,0,requerido_ausente:cantidad_entregada,cuarentena
ORD-2026-02423,CLI-090,PROD-012,2026-08-26 22:45:00+00:00,Cochabamba,CAM-01,CHO-098,384.0,384.0,48.0,43.7,1.0,1.0,1.0,2424,camion_id_sin_correspondencia_silver,fecha_local_bolivia_convertida_utc,,ORD-2026-02423,CLI-090,PROD-012,2026-08-26 18:45:00,Cochabamba,CAM-01,CHO-098,384,384.0,48,43.7,1,1,1,ORD-2026-02423,False,CLI-090,False,PROD-012,False,CAM-01,False,CHO-098,False,Cochabamba,False,384,False,384.0,False,False,384.0,False,False,48.0,False,False,43.7,False,False,1.0,False,False,1.0,False,False,1.0,False,False,iso,True,2026-08-26 22:45:00+00:00,False,True,True,False,False,,,True,1,0,camion_id_sin_correspondencia_silver,cuarentena
ORD-2026-02432,CLI-042,PROD-052,2026-08-28 07:42:00+00:00,Tarija,CAM-26,CHO-010,27.0,,48.0,34.2,1.0,1.0,1.0,2433,requerido_ausente:cantidad_entregada,fecha_local_bolivia_convertida_utc,,ORD-2026-02432,CLI-042,PROD-052,2026-08-28 03:42:00,Tarija,CAM-26,CHO-010,27,,48,34.2,1,1,1,ORD-2026-02432,False,CLI-042,False,PROD-052,False,CAM-26,False,CHO-010,False,Tarija,False,27,False,27.0,False,False,,False,False,48.0,False,False,34.2,False,False,1.0,False,False,1.0,False,False,1.0,False,False,iso,True,2026-08-28 07:42:00+00:00,False,True,True,True,False,,,True,1,0,requerido_ausente:cantidad_entregada,cuarentena
ORD-2026-02438,CLI-076,PROD-036,2026-08-12 02:01:00+00:00,Tarija,CAM-26,CHO-014,439.0,,72.0,57.5,1.0,1.0,1.0,2439,producto_id_sin_correspondencia_silver | requerido_ausente:cantidad_entregada,fecha_local_bolivia_convertida_utc,,ORD-2026-02438,CLI-076,PROD-036,2026-08-11 22:01:00,Tarija,CAM-26,CHO-014,439,,72,57.5,1,1,1,ORD-2026-02438,False,CLI-076,False,PROD-036,False,CAM-26,False,CHO-014,False,Tarija,False,439,False,439.0,False,False,,False,False,72.0,False,False,57.5,False,False,1.0,False,False,1.0,False,False,1.0,False,False,iso,True,2026-08-12 02:01:00+00:00,False,True,False,True,False,,,True,1,0,producto_id_sin_correspondencia_silver | requerido_ausente:cantidad_entregada,cuarentena
ORD-2026-02444,CLI-090,PROD-026,2026-08-29 09:33:00+00:00,Santa Cruz,CAM-08,CHO-075,14.0,14.0,72.0,27.9,1.0,1.0,1.0,2445,producto_id_sin_correspondencia_silver,fecha_local_bolivia_convertida_utc,,ORD-2026-02444,CLI-090,PROD-026,2026-08-29 05:33:00,Santa Cruz,CAM-08,CHO-075,14,14.0,72,27.9,1,1,1,ORD-2026-02444,False,CLI-090,False,PROD-026,False,CAM-08,False,CHO-075,False,Santa Cruz,False,14,False,14.0,False,False,14.0,False,False,72.0,False,False,27.9,False,False,1.0,False,False,1.0,False,False,1.0,False,False,iso,True,2026-08-29 09:33:00+00:00,False,True,False,True,False,,,True,1,0,producto_id_sin_correspondencia_silver,cuarentena
ORD-2026-02446,CLI-093,PROD-048,2026-08-06 20:04:00+00:00,Oruro,CAM-20,CHO-038,278.0,278.0,48.0,-54.9,0.0,1.0,0.0,2447,tiempo_real_negativo | otif_on_time_incoherente,fecha_local_bolivia_convertida_utc,,ORD-2026-02446,CLI-093,PROD-048,2026-08-06 16:04:00,Oruro,CAM-20,CHO-038,278,278.0,48,-54.9,0,1,0,ORD-2026-02446,False,CLI-093,False,PROD-048,False,CAM-20,False,CHO-038,False,Oruro,False,278,False,278.0,False,False,278.0,False,False,48.0,False,False,-54.9,False,False,0.0,False,False,1.0,False,False,0.0,False,False,iso,True,2026-08-06 20:04:00+00:00,False,True,True,True,False,,,True,1,0,tiempo_real_negativo | otif_on_time_incoherente,cuarentena
ORD-2026-02450,CLI-094,PROD-024,2026-08-11 06:10:00+00:00,Santa Cruz,CAM-18,CHO-075,320.0,320.0,24.0,20.1,1.0,1.0,1.0,2451,producto_id_sin_correspondencia_silver,fecha_local_bolivia_convertida_utc,,ORD-2026-02450,CLI-094,PROD-024,2026-08-11 02:10:00,Santa Cruz,CAM-18,CHO-075,320,320.0,24,20.1,1,1,1,ORD-2026-02450,False,CLI-094,False,PROD-024,False,CAM-18,False,CHO-075,False,Santa Cruz,False,320,False,320.0,False,False,320.0,False,False,24.0,False,False,20.1,False,False,1.0,False,False,1.0,False,False,1.0,False,False,iso,True,2026-08-11 06:10:00+00:00,False,True,False,True,False,,,True,1,0,producto_id_sin_correspondencia_silver,cuarentena
ORD-2026-02456,CLI-084,PROD-047,2026-08-14 00:53:00+00:00,La Paz,CAM-15,CHO-035,357.0,,72.0,73.2,0.0,1.0,0.0,2457,requerido_ausente:cantidad_entregada,fecha_local_bolivia_convertida_utc,,ORD-2026-02456,CLI-084,PROD-047,2026-08-13 20:53:00,La Paz,CAM-15,CHO-035,357,,72,73.2,0,1,0,ORD-2026-02456,False,CLI-084,False,PROD-047,False,CAM-15,False,CHO-035,False,La Paz,False,357,False,357.0,False,False,,False,False,72.0,False,False,73.2,False,False,0.0,False,False,1.0,False,False,0.0,False,False,iso,True,2026-08-14 00:53:00+00:00,False,True,True,True,False,,,True,1,0,requerido_ausente:cantidad_entregada,cuarentena
ORD-2026-02458,CLI-009,PROD-026,2026-08-27 12:33:00+00:00,Santa Cruz,CAM-08,CHO-045,477.0,477.0,48.0,46.5,1.0,1.0,1.0,2459,producto_id_sin_correspondencia_silver,fecha_local_bolivia_convertida_utc,,ORD-2026-02458,CLI-009,PROD-026,2026-08-27 08:33:00,Santa Cruz,CAM-08,CHO-045,477,477.0,48,46.5,1,1,1,ORD-2026-02458,False,CLI-009,False,PROD-026,False,CAM-08,False,CHO-045,False,Santa Cruz,False,477,False,477.0,False,False,477.0,False,False,48.0,False,False,46.5,False,False,1.0,False,False,1.0,False,False,1.0,False,False,iso,True,2026-08-27 12:33:00+00:00,False,True,False,True,False,,,True,1,0,producto_id_sin_correspondencia_silver,cuarentena
ORD-2026-02463,CLI-079,PROD-026,2026-08-17 21:04:00+00:00,La Paz,CAM-28,CHO-050,395.0,395.0,48.0,35.1,1.0,1.0,1.0,2464,producto_id_sin_correspondencia_silver,fecha_local_bolivia_convertida_utc,,ORD-2026-02463,CLI-079,PROD-026,2026-08-17 17:04:00,La Paz,CAM-28,CHO-050,395,395.0,48,35.1,1,1,1,ORD-2026-02463,False,CLI-079,False,PROD-026,False,CAM-28,False,CHO-050,False,La Paz,False,395,False,395.0,False,False,395.0,False,False,48.0,False,False,35.1,False,False,1.0,False,False,1.0,False,False,1.0,False,False,iso,True,2026-08-17 21:04:00+00:00,False,True,False,True,False,,,True,1,0,producto_id_sin_correspondencia_silver,cuarentena
ORD-2026-02465,CLI-035,PROD-010,2026-08-29 04:21:00+00:00,Santa Cruz,CAM-09,CHO-146,102.0,102.0,24.0,24.2,0.0,1.0,0.0,2466,producto_id_sin_correspondencia_silver,fecha_local_bolivia_convertida_utc,,ORD-2026-02465,CLI-035,PROD-010,2026-08-29 00:21:00,Santa Cruz,CAM-09,CHO-146,102,102.0,24,24.2,0,1,0,ORD-2026-02465,False,CLI-035,False,PROD-010,False,CAM-09,False,CHO-146,False,Santa Cruz,False,102,False,102.0,False,False,102.0,False,False,24.0,False,False,24.2,False,False,0.0,False,False,1.0,False,False,0.0,False,False,iso,True,2026-08-29 04:21:00+00:00,False,True,False,True,False,,,True,1,0,producto_id_sin_correspondencia_silver,cuarentena
ORD-2026-02475,CLI-097,PROD-014,2026-08-05 22:07:00+00:00,Santa Cruz,CAM-29,CHO-132,215.0,215.0,72.0,80.6,0.0,1.0,0.0,2476,producto_id_sin_correspondencia_silver,fecha_local_bolivia_convertida_utc,,ORD-2026-02475,CLI-097,PROD-014,2026-08-05 18:07:00,Santa Cruz,CAM-29,CHO-132,215,215.0,72,80.6,0,1,0,ORD-2026-02475,False,CLI-097,False,PROD-014,False,CAM-29,False,CHO-132,False,Santa Cruz,False,215,False,215.0,False,False,215.0,False,False,72.0,False,False,80.6,False,False,0.0,False,False,1.0,False,False,0.0,False,False,iso,True,2026-08-05 22:07:00+00:00,False,True,False,True,False,,,True,1,0,producto_id_sin_correspondencia_silver,cuarentena
ORD-2026-02477,CLI-039,PROD-010,2026-08-17 12:08:00+00:00,Santa Cruz,CAM-23,CHO-145,406.0,406.0,48.0,39.7,1.0,1.0,1.0,2478,producto_id_sin_correspondencia_silver,fecha_local_bolivia_convertida_utc,,ORD-2026-02477,CLI-039,PROD-010,2026-08-17 08:08:00,Santa Cruz,CAM-23,CHO-145,406,406.0,48,39.7,1,1,1,ORD-2026-02477,False,CLI-039,False,PROD-010,False,CAM-23,False,CHO-145,False,Santa Cruz,False,406,False,406.0,False,False,406.0,False,False,48.0,False,False,39.7,False,False,1.0,False,False,1.0,False,False,1.0,False,False,iso,True,2026-08-17 12:08:00+00:00,False,True,False,True,False,,,True,1,0,producto_id_sin_correspondencia_silver,cuarentena
ORD-2026-02478,CLI-039,PROD-052,2026-08-09 22:04:00+00:00,Cochabamba,CAM-01,CHO-049,181.0,181.0,24.0,25.0,0.0,1.0,0.0,2479,camion_id_sin_correspondencia_silver,fecha_local_bolivia_convertida_utc,,ORD-2026-02478,CLI-039,PROD-052,2026-08-09 18:04:00,Cochabamba,CAM-01,CHO-049,181,181.0,24,25.0,0,1,0,ORD-2026-02478,False,CLI-039,False,PROD-052,False,CAM-01,False,CHO-049,False,Cochabamba,False,181,False,181.0,False,False,181.0,False,False,24.0,False,False,25.0,False,False,0.0,False,False,1.0,False,False,0.0,False,False,iso,True,2026-08-09 22:04:00+00:00,False,True,True,False,False,,,True,1,0,camion_id_sin_correspondencia_silver,cuarentena
ORD-2026-02483,CLI-097,PROD-044,2026-08-08 00:07:00+00:00,Cochabamba,CAM-01,CHO-024,418.0,418.0,48.0,44.2,1.0,1.0,1.0,2484,camion_id_sin_correspondencia_silver,fecha_local_bolivia_convertida_utc,,ORD-2026-02483,CLI-097,PROD-044,2026-08-07 20:07:00,Cochabamba,CAM-01,CHO-024,418,418.0,48,44.2,1,1,1,ORD-2026-02483,False,CLI-097,False,PROD-044,False,CAM-01,False,CHO-024,False,Cochabamba,False,418,False,418.0,False,False,418.0,False,False,48.0,False,False,44.2,False,False,1.0,False,False,1.0,False,False,1.0,False,False,iso,True,2026-08-08 00:07:00+00:00,False,True,True,False,False,,,True,1,0,camion_id_sin_correspondencia_silver,cuarentena
ORD-2026-02484,CLI-091,PROD-018,2026-08-24 12:31:00+00:00,Cochabamba,CAM-01,CHO-142,272.0,272.0,24.0,21.2,1.0,1.0,1.0,2485,camion_id_sin_correspondencia_silver,fecha_local_bolivia_convertida_utc,,ORD-2026-02484,CLI-091,PROD-018,2026-08-24 08:31:00,Cochabamba,CAM-01,CHO-142,272,272.0,24,21.2,1,1,1,ORD-2026-02484,False,CLI-091,False,PROD-018,False,CAM-01,False,CHO-142,False,Cochabamba,False,272,False,272.0,False,False,272.0,False,False,24.0,False,False,21.2,False,False,1.0,False,False,1.0,False,False,1.0,False,False,iso,True,2026-08-24 12:31:00+00:00,False,True,True,False,False,,,True,1,0,camion_id_sin_correspondencia_silver,cuarentena
ORD-2026-02486,CLI-082,PROD-026,2026-08-13 13:40:00+00:00,Oruro,CAM-20,CHO-027,428.0,421.0,72.0,57.2,1.0,0.0,0.0,2487,producto_id_sin_correspondencia_silver,fecha_local_bolivia_convertida_utc,,ORD-2026-02486,CLI-082,PROD-026,2026-08-13 09:40:00,Oruro,CAM-20,CHO-027,428,421.0,72,57.2,1,0,0,ORD-2026-02486,False,CLI-082,False,PROD-026,False,CAM-20,False,CHO-027,False,Oruro,False,428,False,428.0,False,False,421.0,False,False,72.0,False,False,57.2,False,False,1.0,False,False,0.0,False,False,0.0,False,False,iso,True,2026-08-13 13:40:00+00:00,False,True,False,True,False,,,True,1,0,producto_id_sin_correspondencia_silver,cuarentena
ORD-2026-02496,CLI-063,PROD-028,2026-08-22 09:38:00+00:00,Santa Cruz,CAM-08,CHO-090,459.0,459.0,48.0,40.2,1.0,1.0,1.0,2497,producto_id_sin_correspondencia_silver,fecha_local_bolivia_convertida_utc,,ORD-2026-02496,CLI-063,PROD-028,2026-08-22 05:38:00,Santa Cruz,CAM-08,CHO-090,459,459.0,48,40.2,1,1,1,ORD-2026-02496,False,CLI-063,False,PROD-028,False,CAM-08,False,CHO-090,False,Santa Cruz,False,459,False,459.0,False,False,459.0,False,False,48.0,False,False,40.2,False,False,1.0,False,False,1.0,False,False,1.0,False,False,iso,True,2026-08-22 09:38:00+00:00,False,True,False,True,False,,,True,1,0,producto_id_sin_correspondencia_silver,cuarentena
ORD-2026-02499,CLI-072,PROD-014,2026-08-26 05:02:00+00:00,Cochabamba,CAM-22,CHO-123,320.0,320.0,72.0,65.0,1.0,1.0,1.0,2500,producto_id_sin_correspondencia_silver,fecha_local_bolivia_convertida_utc,,ORD-2026-02499,CLI-072,PROD-014,2026-08-26 01:02:00,Cochabamba,CAM-22,CHO-123,320,320.0,72,65.0,1,1,1,ORD-2026-02499,False,CLI-072,False,PROD-014,False,CAM-22,False,CHO-123,False,Cochabamba,False,320,False,320.0,False,False,320.0,False,False,72.0,False,False,65.0,False,False,1.0,False,False,1.0,False,False,1.0,False,False,iso,True,2026-08-26 05:02:00+00:00,False,True,False,True,False,,,True,1,0,producto_id_sin_correspondencia_silver,cuarentena
ORD-2026-02503,CLI-063,PROD-010,2026-08-08 10:19:00+00:00,Tarija,CAM-19,CHO-014,385.0,385.0,24.0,19.3,1.0,1.0,1.0,2504,producto_id_sin_correspondencia_silver,fecha_local_bolivia_convertida_utc,,ORD-2026-02503,CLI-063,PROD-010,2026-08-08 06:19:00,Tarija,CAM-19,CHO-014,385,385.0,24,19.3,1,1,1,ORD-2026-02503,False,CLI-063,False,PROD-010,False,CAM-19,False,CHO-014,False,Tarija,False,385,False,385.0,False,False,385.0,False,False,24.0,False,False,19.3,False,False,1.0,False,False,1.0,False,False,1.0,False,False,iso,True,2026-08-08 10:19:00+00:00,False,True,False,True,False,,,True,1,0,producto_id_sin_correspondencia_silver,cuarentena
ORD-2026-02511,CLI-093,PROD-024,2026-08-22 22:49:00+00:00,Cochabamba,CAM-02,CHO-123,76.0,76.0,72.0,52.2,1.0,1.0,1.0,2512,producto_id_sin_correspondencia_silver,fecha_local_bolivia_convertida_utc,,ORD-2026-02511,CLI-093,PROD-024,2026-08-22 18:49:00,Cochabamba,CAM-02,CHO-123,76,76.0,72,52.2,1,1,1,ORD-2026-02511,False,CLI-093,False,PROD-024,False,CAM-02,False,CHO-123,False,Cochabamba,False,76,False,76.0,False,False,76.0,False,False,72.0,False,False,52.2,False,False,1.0,False,False,1.0,False,False,1.0,False,False,iso,True,2026-08-22 22:49:00+00:00,False,True,False,True,False,,,True,1,0,producto_id_sin_correspondencia_silver,cuarentena
ORD-2026-02531,CLI-065,PROD-024,2026-08-13 18:08:00+00:00,Tarija,CAM-21,CHO-055,230.0,230.0,48.0,49.8,0.0,1.0,0.0,2532,producto_id_sin_correspondencia_silver,fecha_local_bolivia_convertida_utc,,ORD-2026-02531,CLI-065,PROD-024,2026-08-13 14:08:00,Tarija,CAM-21,CHO-055,230,230.0,48,49.8,0,1,0,ORD-2026-02531,False,CLI-065,False,PROD-024,False,CAM-21,False,CHO-055,False,Tarija,False,230,False,230.0,False,False,230.0,False,False,48.0,False,False,49.8,False,False,0.0,False,False,1.0,False,False,0.0,False,False,iso,True,2026-08-13 18:08:00+00:00,False,True,False,True,False,,,True,1,0,producto_id_sin_correspondencia_silver,cuarentena
ORD-2026-02545,CLI-012,PROD-028,2026-08-09 04:09:00+00:00,Santa Cruz,CAM-08,CHO-129,240.0,240.0,24.0,11.0,1.0,1.0,1.0,2546,producto_id_sin_correspondencia_silver,fecha_local_bolivia_convertida_utc,,ORD-2026-02545,CLI-012,PROD-028,2026-08-09 00:09:00,Santa Cruz,CAM-08,CHO-129,240,240.0,24,11.0,1,1,1,ORD-2026-02545,False,CLI-012,False,PROD-028,False,CAM-08,False,CHO-129,False,Santa Cruz,False,240,False,240.0,False,False,240.0,False,False,24.0,False,False,11.0,False,False,1.0,False,False,1.0,False,False,1.0,False,False,iso,True,2026-08-09 04:09:00+00:00,False,True,False,True,False,,,True,1,0,producto_id_sin_correspondencia_silver,cuarentena
ORD-2026-02546,CLI-065,PROD-024,2026-08-13 02:49:00+00:00,Oruro,CAM-03,CHO-066,301.0,293.0,48.0,40.7,1.0,0.0,0.0,2547,producto_id_sin_correspondencia_silver,fecha_local_bolivia_convertida_utc,,ORD-2026-02546,CLI-065,PROD-024,2026-08-12 22:49:00,Oruro,CAM-03,CHO-066,301,293.0,48,40.7,1,0,0,ORD-2026-02546,False,CLI-065,False,PROD-024,False,CAM-03,False,CHO-066,False,Oruro,False,301,False,301.0,False,False,293.0,False,False,48.0,False,False,40.7,False,False,1.0,False,False,0.0,False,False,0.0,False,False,iso,True,2026-08-13 02:49:00+00:00,False,True,False,True,False,,,True,1,0,producto_id_sin_correspondencia_silver,cuarentena
ORD-2026-02555,CLI-078,PROD-036,2026-08-27 13:01:00+00:00,Cochabamba,CAM-11,CHO-031,409.0,409.0,24.0,20.9,1.0,1.0,1.0,2556,producto_id_sin_correspondencia_silver,fecha_local_bolivia_convertida_utc,,ORD-2026-02555,CLI-078,PROD-036,2026-08-27 09:01:00,Cochabamba,CAM-11,CHO-031,409,409.0,24,20.9,1,1,1,ORD-2026-02555,False,CLI-078,False,PROD-036,False,CAM-11,False,CHO-031,False,Cochabamba,False,409,False,409.0,False,False,409.0,False,False,24.0,False,False,20.9,False,False,1.0,False,False,1.0,False,False,1.0,False,False,iso,True,2026-08-27 13:01:00+00:00,False,True,False,True,False,,,True,1,0,producto_id_sin_correspondencia_silver,cuarentena
ORD-2026-02557,CLI-024,PROD-033,2026-08-12 21:54:00+00:00,Cochabamba,CAM-01,CHO-040,297.0,297.0,48.0,31.8,1.0,1.0,1.0,2558,camion_id_sin_correspondencia_silver,fecha_local_bolivia_convertida_utc,,ORD-2026-02557,CLI-024,PROD-033,2026-08-12 17:54:00,Cochabamba,CAM-01,CHO-040,297,297.0,48,31.8,1,1,1,ORD-2026-02557,False,CLI-024,False,PROD-033,False,CAM-01,False,CHO-040,False,Cochabamba,False,297,False,297.0,False,False,297.0,False,False,48.0,False,False,31.8,False,False,1.0,False,False,1.0,False,False,1.0,False,False,iso,True,2026-08-12 21:54:00+00:00,False,True,True,False,False,,,True,1,0,camion_id_sin_correspondencia_silver,cuarentena
ORD-2026-02559,CLI-057,PROD-011,2026-08-04 01:53:00+00:00,Cochabamba,CAM-01,CHO-151,352.0,352.0,72.0,56.9,1.0,1.0,1.0,2560,camion_id_sin_correspondencia_silver,fecha_local_bolivia_convertida_utc,,ORD-2026-02559,CLI-057,PROD-011,2026-08-03 21:53:00,Cochabamba,CAM-01,CHO-151,352,352.0,72,56.9,1,1,1,ORD-2026-02559,False,CLI-057,False,PROD-011,False,CAM-01,False,CHO-151,False,Cochabamba,False,352,False,352.0,False,False,352.0,False,False,72.0,False,False,56.9,False,False,1.0,False,False,1.0,False,False,1.0,False,False,iso,True,2026-08-04 01:53:00+00:00,False,True,True,False,False,,,True,1,0,camion_id_sin_correspondencia_silver,cuarentena
ORD-2026-02560,CLI-082,PROD-024,2026-08-28 08:54:00+00:00,Cochabamba,CAM-22,CHO-083,129.0,129.0,48.0,37.8,1.0,1.0,1.0,2561,producto_id_sin_correspondencia_silver,fecha_local_bolivia_convertida_utc,,ORD-2026-02560,CLI-082,PROD-024,2026-08-28 04:54:00,Cochabamba,CAM-22,CHO-083,129,129.0,48,37.8,1,1,1,ORD-2026-02560,False,CLI-082,False,PROD-024,False,CAM-22,False,CHO-083,False,Cochabamba,False,129,False,129.0,False,False,129.0,False,False,48.0,False,False,37.8,False,False,1.0,False,False,1.0,False,False,1.0,False,False,iso,True,2026-08-28 08:54:00+00:00,False,True,False,True,False,,,True,1,0,producto_id_sin_correspondencia_silver,cuarentena
ORD-2026-02578,CLI-058,PROD-014,2026-08-04 03:31:00+00:00,Santa Cruz,CAM-08,CHO-026,18.0,18.0,48.0,51.5,0.0,1.0,0.0,2579,producto_id_sin_correspondencia_silver,fecha_local_bolivia_convertida_utc,,ORD-2026-02578,CLI-058,PROD-014,2026-08-03 23:31:00,Santa Cruz,CAM-08,CHO-026,18,18.0,48,51.5,0,1,0,ORD-2026-02578,False,CLI-058,False,PROD-014,False,CAM-08,False,CHO-026,False,Santa Cruz,False,18,False,18.0,False,False,18.0,False,False,48.0,False,False,51.5,False,False,0.0,False,False,1.0,False,False,0.0,False,False,iso,True,2026-08-04 03:31:00+00:00,False,True,False,True,False,,,True,1,0,producto_id_sin_correspondencia_silver,cuarentena
ORD-2026-02581,CLI-006,PROD-028,2026-08-23 14:32:00+00:00,La Paz,CAM-28,CHO-073,358.0,358.0,72.0,56.7,1.0,1.0,1.0,2582,producto_id_sin_correspondencia_silver,fecha_local_bolivia_convertida_utc,,ORD-2026-02581,CLI-006,PROD-028,2026-08-23 10:32:00,La Paz,CAM-28,CHO-073,358,358.0,72,56.7,1,1,1,ORD-2026-02581,False,CLI-006,False,PROD-028,False,CAM-28,False,CHO-073,False,La Paz,False,358,False,358.0,False,False,358.0,False,False,72.0,False,False,56.7,False,False,1.0,False,False,1.0,False,False,1.0,False,False,iso,True,2026-08-23 14:32:00+00:00,False,True,False,True,False,,,True,1,0,producto_id_sin_correspondencia_silver,cuarentena
ORD-2026-02584,CLI-031,PROD-026,2026-08-02 17:35:00+00:00,Santa Cruz,CAM-08,CHO-116,136.0,136.0,72.0,73.6,0.0,1.0,0.0,2585,producto_id_sin_correspondencia_silver,fecha_local_bolivia_convertida_utc,,ORD-2026-02584,CLI-031,PROD-026,2026-08-02 13:35:00,Santa Cruz,CAM-08,CHO-116,136,136.0,72,73.6,0,1,0,ORD-2026-02584,False,CLI-031,False,PROD-026,False,CAM-08,False,CHO-116,False,Santa Cruz,False,136,False,136.0,False,False,136.0,False,False,72.0,False,False,73.6,False,False,0.0,False,False,1.0,False,False,0.0,False,False,iso,True,2026-08-02 17:35:00+00:00,False,True,False,True,False,,,True,1,0,producto_id_sin_correspondencia_silver,cuarentena
ORD-2026-02585,CLI-071,PROD-026,2026-08-13 20:26:00+00:00,La Paz,CAM-10,CHO-064,243.0,243.0,48.0,38.9,1.0,1.0,1.0,2586,producto_id_sin_correspondencia_silver,fecha_local_bolivia_convertida_utc,,ORD-2026-02585,CLI-071,PROD-026,2026-08-13 16:26:00,La Paz,CAM-10,CHO-064,243,243.0,48,38.9,1,1,1,ORD-2026-02585,False,CLI-071,False,PROD-026,False,CAM-10,False,CHO-064,False,La Paz,False,243,False,243.0,False,False,243.0,False,False,48.0,False,False,38.9,False,False,1.0,False,False,1.0,False,False,1.0,False,False,iso,True,2026-08-13 20:26:00+00:00,False,True,False,True,False,,,True,1,0,producto_id_sin_correspondencia_silver,cuarentena
ORD-2026-02589,CLI-004,PROD-014,2026-08-09 15:34:00+00:00,Tarija,CAM-19,CHO-043,191.0,191.0,48.0,49.1,0.0,1.0,0.0,2590,producto_id_sin_correspondencia_silver,fecha_local_bolivia_convertida_utc,,ORD-2026-02589,CLI-004,PROD-014,2026-08-09 11:34:00,Tarija,CAM-19,CHO-043,191,191.0,48,49.1,0,1,0,ORD-2026-02589,False,CLI-004,False,PROD-014,False,CAM-19,False,CHO-043,False,Tarija,False,191,False,191.0,False,False,191.0,False,False,48.0,False,False,49.1,False,False,0.0,False,False,1.0,False,False,0.0,False,False,iso,True,2026-08-09 15:34:00+00:00,False,True,False,True,False,,,True,1,0,producto_id_sin_correspondencia_silver,cuarentena
ORD-2026-02592,CLI-050,PROD-003,2026-08-14 05:34:00+00:00,Cochabamba,CAM-01,CHO-016,230.0,230.0,48.0,42.5,1.0,1.0,1.0,2593,camion_id_sin_correspondencia_silver,fecha_local_bolivia_convertida_utc,,ORD-2026-02592,CLI-050,PROD-003,2026-08-14 01:34:00,Cochabamba,CAM-01,CHO-016,230,230.0,48,42.5,1,1,1,ORD-2026-02592,False,CLI-050,False,PROD-003,False,CAM-01,False,CHO-016,False,Cochabamba,False,230,False,230.0,False,False,230.0,False,False,48.0,False,False,42.5,False,False,1.0,False,False,1.0,False,False,1.0,False,False,iso,True,2026-08-14 05:34:00+00:00,False,True,True,False,False,,,True,1,0,camion_id_sin_correspondencia_silver,cuarentena
ORD-2026-02594,CLI-036,PROD-010,2026-08-09 03:21:00+00:00,Oruro,CAM-03,CHO-038,463.0,463.0,48.0,37.5,1.0,1.0,1.0,2595,producto_id_sin_correspondencia_silver,fecha_local_bolivia_convertida_utc,,ORD-2026-02594,CLI-036,PROD-010,2026-08-08 23:21:00,Oruro,CAM-03,CHO-038,463,463.0,48,37.5,1,1,1,ORD-2026-02594,False,CLI-036,False,PROD-010,False,CAM-03,False,CHO-038,False,Oruro,False,463,False,463.0,False,False,463.0,False,False,48.0,False,False,37.5,False,False,1.0,False,False,1.0,False,False,1.0,False,False,iso,True,2026-08-09 03:21:00+00:00,False,True,False,True,False,,,True,1,0,producto_id_sin_correspondencia_silver,cuarentena
ORD-2026-02597,CLI-009,PROD-031,2026-08-03 02:07:00+00:00,La Paz,CAM-04,CHO-054,21.0,21.0,48.0,29.8,1.0,1.0,1.0,2598,order_id_duplicado,fecha_local_bolivia_convertida_utc,,ORD-2026-02597,CLI-009,PROD-031,2026-08-02 22:07:00,La Paz,CAM-04,CHO-054,21,21.0,48,29.8,1,1,1,ORD-2026-02597,False,CLI-009,False,PROD-031,False,CAM-04,False,CHO-054,False,La Paz,False,21,False,21.0,False,False,21.0,False,False,48.0,False,False,29.8,False,False,1.0,False,False,1.0,False,False,1.0,False,False,iso,True,2026-08-03 02:07:00+00:00,False,True,True,True,False,,,True,1,0,order_id_duplicado,cuarentena
ORD-2026-02598,CLI-042,PROD-009,2026-08-24 14:30:00+00:00,Cochabamba,CAM-27,CHO-115,351.0,351.0,24.0,17.4,1.0,1.0,1.0,2599,camion_id_sin_correspondencia_silver,fecha_local_bolivia_convertida_utc,,ORD-2026-02598,CLI-042,PROD-009,2026-08-24 10:30:00,Cochabamba,CAM-27,CHO-115,351,351.0,24,17.4,1,1,1,ORD-2026-02598,False,CLI-042,False,PROD-009,False,CAM-27,False,CHO-115,False,Cochabamba,False,351,False,351.0,False,False,351.0,False,False,24.0,False,False,17.4,False,False,1.0,False,False,1.0,False,False,1.0,False,False,iso,True,2026-08-24 14:30:00+00:00,False,True,True,False,False,,,True,1,0,camion_id_sin_correspondencia_silver,cuarentena
ORD-2026-02602,CLI-023,PROD-011,2026-08-28 02:01:00+00:00,Cochabamba,CAM-01,CHO-148,461.0,461.0,72.0,73.7,0.0,1.0,0.0,2603,camion_id_sin_correspondencia_silver,fecha_local_bolivia_convertida_utc,,ORD-2026-02602,CLI-023,PROD-011,2026-08-27 22:01:00,Cochabamba,CAM-01,CHO-148,461,461.0,72,73.7,0,1,0,ORD-2026-02602,False,CLI-023,False,PROD-011,False,CAM-01,False,CHO-148,False,Cochabamba,False,461,False,461.0,False,False,461.0,False,False,72.0,False,False,73.7,False,False,0.0,False,False,1.0,False,False,0.0,False,False,iso,True,2026-08-28 02:01:00+00:00,False,True,True,False,False,,,True,1,0,camion_id_sin_correspondencia_silver,cuarentena
ORD-2026-02605,CLI-090,PROD-014,2026-08-03 02:19:00+00:00,Cochabamba,CAM-11,CHO-040,175.0,175.0,48.0,42.1,1.0,1.0,1.0,2606,producto_id_sin_correspondencia_silver,fecha_local_bolivia_convertida_utc,,ORD-2026-02605,CLI-090,PROD-014,2026-08-02 22:19:00,Cochabamba,CAM-11,CHO-040,175,175.0,48,42.1,1,1,1,ORD-2026-02605,False,CLI-090,False,PROD-014,False,CAM-11,False,CHO-040,False,Cochabamba,False,175,False,175.0,False,False,175.0,False,False,48.0,False,False,42.1,False,False,1.0,False,False,1.0,False,False,1.0,False,False,iso,True,2026-08-03 02:19:00+00:00,False,True,False,True,False,,,True,1,0,producto_id_sin_correspondencia_silver,cuarentena
ORD-2026-02606,CLI-093,PROD-010,2026-08-14 09:23:00+00:00,Santa Cruz,CAM-23,CHO-144,101.0,101.0,72.0,57.5,1.0,1.0,1.0,2607,producto_id_sin_correspondencia_silver,fecha_local_bolivia_convertida_utc,,ORD-2026-02606,CLI-093,PROD-010,2026-08-14 05:23:00,Santa Cruz,CAM-23,CHO-144,101,101.0,72,57.5,1,1,1,ORD-2026-02606,False,CLI-093,False,PROD-010,False,CAM-23,False,CHO-144,False,Santa Cruz,False,101,False,101.0,False,False,101.0,False,False,72.0,False,False,57.5,False,False,1.0,False,False,1.0,False,False,1.0,False,False,iso,True,2026-08-14 09:23:00+00:00,False,True,False,True,False,,,True,1,0,producto_id_sin_correspondencia_silver,cuarentena
ORD-2026-02638,CLI-068,PROD-014,2026-08-24 20:47:00+00:00,Oruro,CAM-20,CHO-046,182.0,182.0,72.0,61.0,1.0,1.0,1.0,2639,producto_id_sin_correspondencia_silver,fecha_local_bolivia_convertida_utc,,ORD-2026-02638,CLI-068,PROD-014,2026-08-24 16:47:00,Oruro,CAM-20,CHO-046,182,182.0,72,61.0,1,1,1,ORD-2026-02638,False,CLI-068,False,PROD-014,False,CAM-20,False,CHO-046,False,Oruro,False,182,False,182.0,False,False,182.0,False,False,72.0,False,False,61.0,False,False,1.0,False,False,1.0,False,False,1.0,False,False,iso,True,2026-08-24 20:47:00+00:00,False,True,False,True,False,,,True,1,0,producto_id_sin_correspondencia_silver,cuarentena
ORD-2026-02641,CLI-018,PROD-039,2026-08-16 19:46:00+00:00,Cochabamba,CAM-30,CHO-123,140.0,,48.0,51.6,0.0,1.0,0.0,2642,requerido_ausente:cantidad_entregada,fecha_local_bolivia_convertida_utc,,ORD-2026-02641,CLI-018,PROD-039,2026-08-16 15:46:00,Cochabamba,CAM-30,CHO-123,140,,48,51.6,0,1,0,ORD-2026-02641,False,CLI-018,False,PROD-039,False,CAM-30,False,CHO-123,False,Cochabamba,False,140,False,140.0,False,False,,False,False,48.0,False,False,51.6,False,False,0.0,False,False,1.0,False,False,0.0,False,False,iso,True,2026-08-16 19:46:00+00:00,False,True,True,True,False,,,True,1,0,requerido_ausente:cantidad_entregada,cuarentena
ORD-2026-02643,CLI-054,PROD-021,2026-08-16 20:17:00+00:00,Cochabamba,CAM-01,CHO-047,141.0,141.0,72.0,58.4,1.0,1.0,1.0,2644,camion_id_sin_correspondencia_silver,fecha_local_bolivia_convertida_utc,,ORD-2026-02643,CLI-054,PROD-021,2026-08-16 16:17:00,Cochabamba,CAM-01,CHO-047,141,141.0,72,58.4,1,1,1,ORD-2026-02643,False,CLI-054,False,PROD-021,False,CAM-01,False,CHO-047,False,Cochabamba,False,141,False,141.0,False,False,141.0,False,False,72.0,False,False,58.4,False,False,1.0,False,False,1.0,False,False,1.0,False,False,iso,True,2026-08-16 20:17:00+00:00,False,True,True,False,False,,,True,1,0,camion_id_sin_correspondencia_silver,cuarentena
ORD-2026-02648,CLI-049,PROD-031,2026-08-27 16:15:00+00:00,Cochabamba,CAM-27,CHO-123,411.0,411.0,72.0,43.7,1.0,1.0,1.0,2649,camion_id_sin_correspondencia_silver,fecha_local_bolivia_convertida_utc,,ORD-2026-02648,CLI-049,PROD-031,2026-08-27 12:15:00,Cochabamba,CAM-27,CHO-123,411,411.0,72,43.7,1,1,1,ORD-2026-02648,False,CLI-049,False,PROD-031,False,CAM-27,False,CHO-123,False,Cochabamba,False,411,False,411.0,False,False,411.0,False,False,72.0,False,False,43.7,False,False,1.0,False,False,1.0,False,False,1.0,False,False,iso,True,2026-08-27 16:15:00+00:00,False,True,True,False,False,,,True,1,0,camion_id_sin_correspondencia_silver,cuarentena
ORD-2026-02650,CLI-016,PROD-036,2026-08-04 23:44:00+00:00,Cochabamba,CAM-02,CHO-120,446.0,446.0,24.0,23.3,1.0,1.0,1.0,2651,producto_id_sin_correspondencia_silver,fecha_local_bolivia_convertida_utc,,ORD-2026-02650,CLI-016,PROD-036,2026-08-04 19:44:00,Cochabamba,CAM-02,CHO-120,446,446.0,24,23.3,1,1,1,ORD-2026-02650,False,CLI-016,False,PROD-036,False,CAM-02,False,CHO-120,False,Cochabamba,False,446,False,446.0,False,False,446.0,False,False,24.0,False,False,23.3,False,False,1.0,False,False,1.0,False,False,1.0,False,False,iso,True,2026-08-04 23:44:00+00:00,False,True,False,True,False,,,True,1,0,producto_id_sin_correspondencia_silver,cuarentena
ORD-2026-02670,CLI-058,PROD-036,2026-08-02 16:56:00+00:00,Tarija,CAM-21,CHO-067,377.0,377.0,72.0,38.5,1.0,1.0,1.0,2671,producto_id_sin_correspondencia_silver,fecha_local_bolivia_convertida_utc,,ORD-2026-02670,CLI-058,PROD-036,2026-08-02 12:56:00,Tarija,CAM-21,CHO-067,377,377.0,72,38.5,1,1,1,ORD-2026-02670,False,CLI-058,False,PROD-036,False,CAM-21,False,CHO-067,False,Tarija,False,377,False,377.0,False,False,377.0,False,False,72.0,False,False,38.5,False,False,1.0,False,False,1.0,False,False,1.0,False,False,iso,True,2026-08-02 16:56:00+00:00,False,True,False,True,False,,,True,1,0,producto_id_sin_correspondencia_silver,cuarentena
ORD-2026-02689,CLI-019,PROD-013,2026-08-20 13:14:00+00:00,Cochabamba,CAM-27,CHO-131,145.0,145.0,24.0,14.6,1.0,1.0,1.0,2690,camion_id_sin_correspondencia_silver,fecha_local_bolivia_convertida_utc,,ORD-2026-02689,CLI-019,PROD-013,2026-08-20 09:14:00,Cochabamba,CAM-27,CHO-131,145,145.0,24,14.6,1,1,1,ORD-2026-02689,False,CLI-019,False,PROD-013,False,CAM-27,False,CHO-131,False,Cochabamba,False,145,False,145.0,False,False,145.0,False,False,24.0,False,False,14.6,False,False,1.0,False,False,1.0,False,False,1.0,False,False,iso,True,2026-08-20 13:14:00+00:00,False,True,True,False,False,,,True,1,0,camion_id_sin_correspondencia_silver,cuarentena
ORD-2026-02700,CLI-069,PROD-026,2026-08-07 02:55:00+00:00,La Paz,CAM-28,CHO-126,163.0,163.0,48.0,34.9,1.0,1.0,1.0,2701,producto_id_sin_correspondencia_silver,fecha_local_bolivia_convertida_utc,,ORD-2026-02700,CLI-069,PROD-026,2026-08-06 22:55:00,La Paz,CAM-28,CHO-126,163,163.0,48,34.9,1,1,1,ORD-2026-02700,False,CLI-069,False,PROD-026,False,CAM-28,False,CHO-126,False,La Paz,False,163,False,163.0,False,False,163.0,False,False,48.0,False,False,34.9,False,False,1.0,False,False,1.0,False,False,1.0,False,False,iso,True,2026-08-07 02:55:00+00:00,False,True,False,True,False,,,True,1,0,producto_id_sin_correspondencia_silver,cuarentena
ORD-2026-02713,CLI-056,PROD-045,2026-08-14 11:17:00+00:00,Cochabamba,CAM-27,CHO-121,315.0,315.0,72.0,57.8,1.0,1.0,1.0,2714,camion_id_sin_correspondencia_silver,fecha_local_bolivia_convertida_utc,,ORD-2026-02713,CLI-056,PROD-045,2026-08-14 07:17:00,Cochabamba,CAM-27,CHO-121,315,315.0,72,57.8,1,1,1,ORD-2026-02713,False,CLI-056,False,PROD-045,False,CAM-27,False,CHO-121,False,Cochabamba,False,315,False,315.0,False,False,315.0,False,False,72.0,False,False,57.8,False,False,1.0,False,False,1.0,False,False,1.0,False,False,iso,True,2026-08-14 11:17:00+00:00,False,True,True,False,False,,,True,1,0,camion_id_sin_correspondencia_silver,cuarentena
ORD-2026-02724,CLI-074,PROD-010,2026-08-04 12:56:00+00:00,La Paz,CAM-12,CHO-018,252.0,252.0,48.0,44.6,1.0,1.0,1.0,2725,producto_id_sin_correspondencia_silver,fecha_local_bolivia_convertida_utc,,ORD-2026-02724,CLI-074,PROD-010,2026-08-04 08:56:00,La Paz,CAM-12,CHO-018,252,252.0,48,44.6,1,1,1,ORD-2026-02724,False,CLI-074,False,PROD-010,False,CAM-12,False,CHO-018,False,La Paz,False,252,False,252.0,False,False,252.0,False,False,48.0,False,False,44.6,False,False,1.0,False,False,1.0,False,False,1.0,False,False,iso,True,2026-08-04 12:56:00+00:00,False,True,False,True,False,,,True,1,0,producto_id_sin_correspondencia_silver,cuarentena
ORD-2026-02728,CLI-052,PROD-014,2026-08-17 14:27:00+00:00,La Paz,CAM-12,CHO-022,151.0,151.0,72.0,50.0,1.0,1.0,1.0,2729,producto_id_sin_correspondencia_silver,fecha_local_bolivia_convertida_utc,,ORD-2026-02728,CLI-052,PROD-014,2026-08-17 10:27:00,La Paz,CAM-12,CHO-022,151,151.0,72,50.0,1,1,1,ORD-2026-02728,False,CLI-052,False,PROD-014,False,CAM-12,False,CHO-022,False,La Paz,False,151,False,151.0,False,False,151.0,False,False,72.0,False,False,50.0,False,False,1.0,False,False,1.0,False,False,1.0,False,False,iso,True,2026-08-17 14:27:00+00:00,False,True,False,True,False,,,True,1,0,producto_id_sin_correspondencia_silver,cuarentena
ORD-2026-02736,CLI-008,PROD-036,2026-08-30 22:25:00+00:00,La Paz,CAM-10,CHO-006,151.0,151.0,24.0,20.1,1.0,1.0,1.0,2737,producto_id_sin_correspondencia_silver,fecha_local_bolivia_convertida_utc,,ORD-2026-02736,CLI-008,PROD-036,2026-08-30 18:25:00,La Paz,CAM-10,CHO-006,151,151.0,24,20.1,1,1,1,ORD-2026-02736,False,CLI-008,False,PROD-036,False,CAM-10,False,CHO-006,False,La Paz,False,151,False,151.0,False,False,151.0,False,False,24.0,False,False,20.1,False,False,1.0,False,False,1.0,False,False,1.0,False,False,iso,True,2026-08-30 22:25:00+00:00,False,True,False,True,False,,,True,1,0,producto_id_sin_correspondencia_silver,cuarentena
ORD-2026-02737,CLI-056,PROD-014,2026-08-18 10:04:00+00:00,Santa Cruz,CAM-23,CHO-034,37.0,37.0,24.0,13.9,1.0,1.0,1.0,2738,producto_id_sin_correspondencia_silver,fecha_local_bolivia_convertida_utc,,ORD-2026-02737,CLI-056,PROD-014,2026-08-18 06:04:00,Santa Cruz,CAM-23,CHO-034,37,37.0,24,13.9,1,1,1,ORD-2026-02737,False,CLI-056,False,PROD-014,False,CAM-23,False,CHO-034,False,Santa Cruz,False,37,False,37.0,False,False,37.0,False,False,24.0,False,False,13.9,False,False,1.0,False,False,1.0,False,False,1.0,False,False,iso,True,2026-08-18 10:04:00+00:00,False,True,False,True,False,,,True,1,0,producto_id_sin_correspondencia_silver,cuarentena
ORD-2026-02744,CLI-057,PROD-024,2026-08-13 18:51:00+00:00,Tarija,CAM-26,CHO-055,152.0,152.0,24.0,18.9,1.0,1.0,1.0,2745,producto_id_sin_correspondencia_silver,fecha_local_bolivia_convertida_utc,,ORD-2026-02744,CLI-057,PROD-024,2026-08-13 14:51:00,Tarija,CAM-26,CHO-055,152,152.0,24,18.9,1,1,1,ORD-2026-02744,False,CLI-057,False,PROD-024,False,CAM-26,False,CHO-055,False,Tarija,False,152,False,152.0,False,False,152.0,False,False,24.0,False,False,18.9,False,False,1.0,False,False,1.0,False,False,1.0,False,False,iso,True,2026-08-13 18:51:00+00:00,False,True,False,True,False,,,True,1,0,producto_id_sin_correspondencia_silver,cuarentena
ORD-2026-02755,CLI-018,PROD-014,2026-08-11 10:39:00+00:00,La Paz,CAM-04,CHO-011,144.0,144.0,72.0,67.1,1.0,1.0,1.0,2756,producto_id_sin_correspondencia_silver,normalizacion_identificador:producto_id | fecha_local_bolivia_convertida_utc,,ORD-2026-02755,CLI-018, prod-014 ,2026-08-11 06:39:00,La Paz,CAM-04,CHO-011,144,144.0,72,67.1,1,1,1,ORD-2026-02755,False,CLI-018,False,PROD-014,True,CAM-04,False,CHO-011,False,La Paz,False,144,False,144.0,False,False,144.0,False,False,72.0,False,False,67.1,False,False,1.0,False,False,1.0,False,False,1.0,False,False,iso,True,2026-08-11 10:39:00+00:00,False,True,False,True,False,,,True,2,0,producto_id_sin_correspondencia_silver,cuarentena
ORD-2026-02778,CLI-041,PROD-036,2026-08-16 00:06:00+00:00,Santa Cruz,CAM-08,CHO-039,22.0,22.0,48.0,37.2,1.0,1.0,1.0,2779,producto_id_sin_correspondencia_silver,fecha_local_bolivia_convertida_utc,,ORD-2026-02778,CLI-041,PROD-036,2026-08-15 20:06:00,Santa Cruz,CAM-08,CHO-039,22,22.0,48,37.2,1,1,1,ORD-2026-02778,False,CLI-041,False,PROD-036,False,CAM-08,False,CHO-039,False,Santa Cruz,False,22,False,22.0,False,False,22.0,False,False,48.0,False,False,37.2,False,False,1.0,False,False,1.0,False,False,1.0,False,False,iso,True,2026-08-16 00:06:00+00:00,False,True,False,True,False,,,True,1,0,producto_id_sin_correspondencia_silver,cuarentena
ORD-2026-02784,CLI-025,PROD-012,,Tarija,CAM-19,CHO-010,73.0,73.0,48.0,36.8,1.0,1.0,1.0,2785,fecha_despacho_invalida,,,ORD-2026-02784,CLI-025,PROD-012,2026-02-31 08:00:00,Tarija,CAM-19,CHO-010,73,73.0,48,36.8,1,1,1,ORD-2026-02784,False,CLI-025,False,PROD-012,False,CAM-19,False,CHO-010,False,Tarija,False,73,False,73.0,False,False,73.0,False,False,48.0,False,False,36.8,False,False,1.0,False,False,1.0,False,False,1.0,False,False,iso,True,,True,False,True,True,False,,,False,0,0,fecha_despacho_invalida,cuarentena
ORD-2026-02787,CLI-056,PROD-028,2026-08-05 11:46:00+00:00,Santa Cruz,CAM-23,CHO-113,271.0,271.0,48.0,42.2,1.0,1.0,1.0,2788,producto_id_sin_correspondencia_silver,fecha_local_bolivia_convertida_utc,,ORD-2026-02787,CLI-056,PROD-028,2026-08-05 07:46:00,Santa Cruz,CAM-23,CHO-113,271,271.0,48,42.2,1,1,1,ORD-2026-02787,False,CLI-056,False,PROD-028,False,CAM-23,False,CHO-113,False,Santa Cruz,False,271,False,271.0,False,False,271.0,False,False,48.0,False,False,42.2,False,False,1.0,False,False,1.0,False,False,1.0,False,False,iso,True,2026-08-05 11:46:00+00:00,False,True,False,True,False,,,True,1,0,producto_id_sin_correspondencia_silver,cuarentena
ORD-2026-02788,CLI-008,PROD-036,2026-08-22 18:32:00+00:00,Cochabamba,CAM-22,CHO-079,213.0,213.0,48.0,36.8,1.0,1.0,1.0,2789,producto_id_sin_correspondencia_silver,fecha_local_bolivia_convertida_utc,,ORD-2026-02788,CLI-008,PROD-036,2026-08-22 14:32:00,Cochabamba,CAM-22,CHO-079,213,213.0,48,36.8,1,1,1,ORD-2026-02788,False,CLI-008,False,PROD-036,False,CAM-22,False,CHO-079,False,Cochabamba,False,213,False,213.0,False,False,213.0,False,False,48.0,False,False,36.8,False,False,1.0,False,False,1.0,False,False,1.0,False,False,iso,True,2026-08-22 18:32:00+00:00,False,True,False,True,False,,,True,1,0,producto_id_sin_correspondencia_silver,cuarentena
ORD-2026-02793,CLI-010,PROD-042,2026-08-21 22:31:00+00:00,Cochabamba,CAM-27,CHO-002,64.0,64.0,48.0,37.6,1.0,1.0,1.0,2794,camion_id_sin_correspondencia_silver,fecha_local_bolivia_convertida_utc,,ORD-2026-02793,CLI-010,PROD-042,2026-08-21 18:31:00,Cochabamba,CAM-27,CHO-002,64,64.0,48,37.6,1,1,1,ORD-2026-02793,False,CLI-010,False,PROD-042,False,CAM-27,False,CHO-002,False,Cochabamba,False,64,False,64.0,False,False,64.0,False,False,48.0,False,False,37.6,False,False,1.0,False,False,1.0,False,False,1.0,False,False,iso,True,2026-08-21 22:31:00+00:00,False,True,True,False,False,,,True,1,0,camion_id_sin_correspondencia_silver,cuarentena
ORD-2026-02794,CLI-040,PROD-024,2026-08-08 15:29:00+00:00,Tarija,CAM-26,CHO-074,446.0,446.0,24.0,23.7,1.0,1.0,1.0,2795,producto_id_sin_correspondencia_silver,fecha_local_bolivia_convertida_utc,,ORD-2026-02794,CLI-040,PROD-024,2026-08-08 11:29:00,Tarija,CAM-26,CHO-074,446,446.0,24,23.7,1,1,1,ORD-2026-02794,False,CLI-040,False,PROD-024,False,CAM-26,False,CHO-074,False,Tarija,False,446,False,446.0,False,False,446.0,False,False,24.0,False,False,23.7,False,False,1.0,False,False,1.0,False,False,1.0,False,False,iso,True,2026-08-08 15:29:00+00:00,False,True,False,True,False,,,True,1,0,producto_id_sin_correspondencia_silver,cuarentena
ORD-2026-02799,CLI-056,PROD-060,2026-08-19 09:00:00+00:00,Tarija,CAM-26,CHO-074,217.0,217.0,24.0,24.3,0.0,1.0,0.0,2800,order_id_duplicado,fecha_local_bolivia_convertida_utc,,ORD-2026-02799,CLI-056,PROD-060,2026-08-19 05:00:00,Tarija,CAM-26,CHO-074,217,217.0,24,24.3,0,1,0,ORD-2026-02799,False,CLI-056,False,PROD-060,False,CAM-26,False,CHO-074,False,Tarija,False,217,False,217.0,False,False,217.0,False,False,24.0,False,False,24.3,False,False,0.0,False,False,1.0,False,False,0.0,False,False,iso,True,2026-08-19 09:00:00+00:00,False,True,True,True,False,,,True,1,0,order_id_duplicado,cuarentena
ORD-2026-02823,CLI-083,PROD-024,2026-08-15 16:01:00+00:00,Tarija,CAM-26,CHO-059,109.0,109.0,48.0,36.9,1.0,1.0,1.0,2824,producto_id_sin_correspondencia_silver,fecha_local_bolivia_convertida_utc,,ORD-2026-02823,CLI-083,PROD-024,2026-08-15 12:01:00,Tarija,CAM-26,CHO-059,109,109.0,48,36.9,1,1,1,ORD-2026-02823,False,CLI-083,False,PROD-024,False,CAM-26,False,CHO-059,False,Tarija,False,109,False,109.0,False,False,109.0,False,False,48.0,False,False,36.9,False,False,1.0,False,False,1.0,False,False,1.0,False,False,iso,True,2026-08-15 16:01:00+00:00,False,True,False,True,False,,,True,1,0,producto_id_sin_correspondencia_silver,cuarentena
ORD-2026-02831,CLI-080,PROD-028,2026-08-05 21:18:00+00:00,Cochabamba,CAM-13,CHO-024,170.0,170.0,48.0,54.4,0.0,1.0,0.0,2832,producto_id_sin_correspondencia_silver,fecha_local_bolivia_convertida_utc,,ORD-2026-02831,CLI-080,PROD-028,2026-08-05 17:18:00,Cochabamba,CAM-13,CHO-024,170,170.0,48,54.4,0,1,0,ORD-2026-02831,False,CLI-080,False,PROD-028,False,CAM-13,False,CHO-024,False,Cochabamba,False,170,False,170.0,False,False,170.0,False,False,48.0,False,False,54.4,False,False,0.0,False,False,1.0,False,False,0.0,False,False,iso,True,2026-08-05 21:18:00+00:00,False,True,False,True,False,,,True,1,0,producto_id_sin_correspondencia_silver,cuarentena
ORD-2026-02833,CLI-065,PROD-004,2026-08-08 19:17:00+00:00,Cochabamba,CAM-27,CHO-091,464.0,464.0,48.0,37.3,1.0,1.0,1.0,2834,camion_id_sin_correspondencia_silver,fecha_local_bolivia_convertida_utc,,ORD-2026-02833,CLI-065,PROD-004,2026-08-08 15:17:00,Cochabamba,CAM-27,CHO-091,464,464.0,48,37.3,1,1,1,ORD-2026-02833,False,CLI-065,False,PROD-004,False,CAM-27,False,CHO-091,False,Cochabamba,False,464,False,464.0,False,False,464.0,False,False,48.0,False,False,37.3,False,False,1.0,False,False,1.0,False,False,1.0,False,False,iso,True,2026-08-08 19:17:00+00:00,False,True,True,False,False,,,True,1,0,camion_id_sin_correspondencia_silver,cuarentena
ORD-2026-02838,CLI-020,PROD-030,2026-08-23 10:16:00+00:00,Santa Cruz,CAM-18,CHO-052,47.0,,24.0,27.4,0.0,1.0,0.0,2839,requerido_ausente:cantidad_entregada,fecha_local_bolivia_convertida_utc,,ORD-2026-02838,CLI-020,PROD-030,2026-08-23 06:16:00,Santa Cruz,CAM-18,CHO-052,47,,24,27.4,0,1,0,ORD-2026-02838,False,CLI-020,False,PROD-030,False,CAM-18,False,CHO-052,False,Santa Cruz,False,47,False,47.0,False,False,,False,False,24.0,False,False,27.4,False,False,0.0,False,False,1.0,False,False,0.0,False,False,iso,True,2026-08-23 10:16:00+00:00,False,True,True,True,False,,,True,1,0,requerido_ausente:cantidad_entregada,cuarentena
ORD-2026-02852,CLI-026,PROD-024,2026-08-21 07:51:00+00:00,La Paz,CAM-12,CHO-104,80.0,80.0,24.0,15.2,1.0,1.0,1.0,2853,producto_id_sin_correspondencia_silver,fecha_local_bolivia_convertida_utc,,ORD-2026-02852,CLI-026,PROD-024,2026-08-21 03:51:00,La Paz,CAM-12,CHO-104,80,80.0,24,15.2,1,1,1,ORD-2026-02852,False,CLI-026,False,PROD-024,False,CAM-12,False,CHO-104,False,La Paz,False,80,False,80.0,False,False,80.0,False,False,24.0,False,False,15.2,False,False,1.0,False,False,1.0,False,False,1.0,False,False,iso,True,2026-08-21 07:51:00+00:00,False,True,False,True,False,,,True,1,0,producto_id_sin_correspondencia_silver,cuarentena
ORD-2026-02854,CLI-033,PROD-036,2026-08-02 19:42:00+00:00,Tarija,CAM-19,CHO-084,209.0,209.0,48.0,56.1,0.0,1.0,0.0,2855,producto_id_sin_correspondencia_silver,fecha_local_bolivia_convertida_utc,,ORD-2026-02854,CLI-033,PROD-036,2026-08-02 15:42:00,Tarija,CAM-19,CHO-084,209,209.0,48,56.1,0,1,0,ORD-2026-02854,False,CLI-033,False,PROD-036,False,CAM-19,False,CHO-084,False,Tarija,False,209,False,209.0,False,False,209.0,False,False,48.0,False,False,56.1,False,False,0.0,False,False,1.0,False,False,0.0,False,False,iso,True,2026-08-02 19:42:00+00:00,False,True,False,True,False,,,True,1,0,producto_id_sin_correspondencia_silver,cuarentena
ORD-2026-02864,CLI-094,PROD-010,2026-08-24 20:23:00+00:00,La Paz,CAM-04,CHO-101,85.0,77.0,24.0,22.5,1.0,0.0,0.0,2865,producto_id_sin_correspondencia_silver,fecha_local_bolivia_convertida_utc,,ORD-2026-02864,CLI-094,PROD-010,2026-08-24 16:23:00,La Paz,CAM-04,CHO-101,85,77.0,24,22.5,1,0,0,ORD-2026-02864,False,CLI-094,False,PROD-010,False,CAM-04,False,CHO-101,False,La Paz,False,85,False,85.0,False,False,77.0,False,False,24.0,False,False,22.5,False,False,1.0,False,False,0.0,False,False,0.0,False,False,iso,True,2026-08-24 20:23:00+00:00,False,True,False,True,False,,,True,1,0,producto_id_sin_correspondencia_silver,cuarentena
ORD-2026-02870,CLI-092,PROD-036,2026-08-01 12:04:00+00:00,Tarija,CAM-26,CHO-097,259.0,259.0,48.0,45.2,1.0,1.0,1.0,2871,producto_id_sin_correspondencia_silver,fecha_local_bolivia_convertida_utc,,ORD-2026-02870,CLI-092,PROD-036,2026-08-01 08:04:00,Tarija,CAM-26,CHO-097,259,259.0,48,45.2,1,1,1,ORD-2026-02870,False,CLI-092,False,PROD-036,False,CAM-26,False,CHO-097,False,Tarija,False,259,False,259.0,False,False,259.0,False,False,48.0,False,False,45.2,False,False,1.0,False,False,1.0,False,False,1.0,False,False,iso,True,2026-08-01 12:04:00+00:00,False,True,False,True,False,,,True,1,0,producto_id_sin_correspondencia_silver,cuarentena
ORD-2026-02879,CLI-069,PROD-010,2026-08-22 18:13:00+00:00,Tarija,CAM-26,CHO-059,336.0,321.0,24.0,16.2,1.0,0.0,0.0,2880,producto_id_sin_correspondencia_silver,fecha_local_bolivia_convertida_utc,,ORD-2026-02879,CLI-069,PROD-010,2026-08-22 14:13:00,Tarija,CAM-26,CHO-059,336,321.0,24,16.2,1,0,0,ORD-2026-02879,False,CLI-069,False,PROD-010,False,CAM-26,False,CHO-059,False,Tarija,False,336,False,336.0,False,False,321.0,False,False,24.0,False,False,16.2,False,False,1.0,False,False,0.0,False,False,0.0,False,False,iso,True,2026-08-22 18:13:00+00:00,False,True,False,True,False,,,True,1,0,producto_id_sin_correspondencia_silver,cuarentena
ORD-2026-02881,CLI-062,PROD-021,2026-08-27 22:02:00+00:00,Cochabamba,CAM-01,CHO-083,291.0,291.0,24.0,17.5,1.0,1.0,1.0,2882,camion_id_sin_correspondencia_silver,fecha_local_bolivia_convertida_utc,,ORD-2026-02881,CLI-062,PROD-021,2026-08-27 18:02:00,Cochabamba,CAM-01,CHO-083,291,291.0,24,17.5,1,1,1,ORD-2026-02881,False,CLI-062,False,PROD-021,False,CAM-01,False,CHO-083,False,Cochabamba,False,291,False,291.0,False,False,291.0,False,False,24.0,False,False,17.5,False,False,1.0,False,False,1.0,False,False,1.0,False,False,iso,True,2026-08-27 22:02:00+00:00,False,True,True,False,False,,,True,1,0,camion_id_sin_correspondencia_silver,cuarentena
ORD-2026-02882,CLI-034,PROD-037,2026-08-20 15:49:00+00:00,Cochabamba,CAM-01,CHO-087,171.0,171.0,24.0,24.9,0.0,1.0,0.0,2883,camion_id_sin_correspondencia_silver,fecha_local_bolivia_convertida_utc,,ORD-2026-02882,CLI-034,PROD-037,2026-08-20 11:49:00,Cochabamba,CAM-01,CHO-087,171,171.0,24,24.9,0,1,0,ORD-2026-02882,False,CLI-034,False,PROD-037,False,CAM-01,False,CHO-087,False,Cochabamba,False,171,False,171.0,False,False,171.0,False,False,24.0,False,False,24.9,False,False,0.0,False,False,1.0,False,False,0.0,False,False,iso,True,2026-08-20 15:49:00+00:00,False,True,True,False,False,,,True,1,0,camion_id_sin_correspondencia_silver,cuarentena
ORD-2026-02895,CLI-062,PROD-024,2026-08-13 16:32:00+00:00,Santa Cruz,CAM-23,CHO-075,158.0,158.0,24.0,13.8,1.0,1.0,1.0,2896,producto_id_sin_correspondencia_silver,fecha_local_bolivia_convertida_utc,,ORD-2026-02895,CLI-062,PROD-024,2026-08-13 12:32:00,Santa Cruz,CAM-23,CHO-075,158,158.0,24,13.8,1,1,1,ORD-2026-02895,False,CLI-062,False,PROD-024,False,CAM-23,False,CHO-075,False,Santa Cruz,False,158,False,158.0,False,False,158.0,False,False,24.0,False,False,13.8,False,False,1.0,False,False,1.0,False,False,1.0,False,False,iso,True,2026-08-13 16:32:00+00:00,False,True,False,True,False,,,True,1,0,producto_id_sin_correspondencia_silver,cuarentena
ORD-2026-02902,CLI-013,PROD-026,2026-08-28 05:44:00+00:00,Santa Cruz,CAM-08,CHO-058,203.0,203.0,24.0,25.7,0.0,1.0,0.0,2903,producto_id_sin_correspondencia_silver,fecha_local_bolivia_convertida_utc,,ORD-2026-02902,CLI-013,PROD-026,2026-08-28 01:44:00,Santa Cruz,CAM-08,CHO-058,203,203.0,24,25.7,0,1,0,ORD-2026-02902,False,CLI-013,False,PROD-026,False,CAM-08,False,CHO-058,False,Santa Cruz,False,203,False,203.0,False,False,203.0,False,False,24.0,False,False,25.7,False,False,0.0,False,False,1.0,False,False,0.0,False,False,iso,True,2026-08-28 05:44:00+00:00,False,True,False,True,False,,,True,1,0,producto_id_sin_correspondencia_silver,cuarentena
ORD-2026-02904,CLI-081,PROD-026,2026-08-28 01:02:00+00:00,Cochabamba,CAM-11,CHO-086,326.0,326.0,48.0,50.9,0.0,1.0,0.0,2905,producto_id_sin_correspondencia_silver,normalizacion_identificador:producto_id | fecha_local_bolivia_convertida_utc,,ORD-2026-02904,CLI-081, prod-026 ,2026-08-27 21:02:00,Cochabamba,CAM-11,CHO-086,326,326.0,48,50.9,0,1,0,ORD-2026-02904,False,CLI-081,False,PROD-026,True,CAM-11,False,CHO-086,False,Cochabamba,False,326,False,326.0,False,False,326.0,False,False,48.0,False,False,50.9,False,False,0.0,False,False,1.0,False,False,0.0,False,False,iso,True,2026-08-28 01:02:00+00:00,False,True,False,True,False,,,True,2,0,producto_id_sin_correspondencia_silver,cuarentena
ORD-2026-02911,CLI-074,PROD-052,2026-08-15 23:49:00+00:00,Cochabamba,CAM-01,CHO-033,404.0,404.0,72.0,48.2,1.0,1.0,1.0,2912,camion_id_sin_correspondencia_silver,fecha_local_bolivia_convertida_utc,,ORD-2026-02911,CLI-074,PROD-052,2026-08-15 19:49:00,Cochabamba,CAM-01,CHO-033,404,404.0,72,48.2,1,1,1,ORD-2026-02911,False,CLI-074,False,PROD-052,False,CAM-01,False,CHO-033,False,Cochabamba,False,404,False,404.0,False,False,404.0,False,False,72.0,False,False,48.2,False,False,1.0,False,False,1.0,False,False,1.0,False,False,iso,True,2026-08-15 23:49:00+00:00,False,True,True,False,False,,,True,1,0,camion_id_sin_correspondencia_silver,cuarentena
ORD-2026-02931,CLI-029,PROD-036,2026-08-29 08:32:00+00:00,Santa Cruz,CAM-08,CHO-053,495.0,483.0,24.0,12.9,1.0,0.0,0.0,2932,producto_id_sin_correspondencia_silver,fecha_local_bolivia_convertida_utc,,ORD-2026-02931,CLI-029,PROD-036,2026-08-29 04:32:00,Santa Cruz,CAM-08,CHO-053,495,483.0,24,12.9,1,0,0,ORD-2026-02931,False,CLI-029,False,PROD-036,False,CAM-08,False,CHO-053,False,Santa Cruz,False,495,False,495.0,False,False,483.0,False,False,24.0,False,False,12.9,False,False,1.0,False,False,0.0,False,False,0.0,False,False,iso,True,2026-08-29 08:32:00+00:00,False,True,False,True,False,,,True,1,0,producto_id_sin_correspondencia_silver,cuarentena
ORD-2026-02948,CLI-060,PROD-010,2026-08-04 04:13:00+00:00,Tarija,CAM-26,CHO-078,92.0,92.0,24.0,23.2,1.0,1.0,1.0,2949,producto_id_sin_correspondencia_silver,fecha_local_bolivia_convertida_utc,,ORD-2026-02948,CLI-060,PROD-010,2026-08-04 00:13:00,Tarija,CAM-26,CHO-078,92,92.0,24,23.2,1,1,1,ORD-2026-02948,False,CLI-060,False,PROD-010,False,CAM-26,False,CHO-078,False,Tarija,False,92,False,92.0,False,False,92.0,False,False,24.0,False,False,23.2,False,False,1.0,False,False,1.0,False,False,1.0,False,False,iso,True,2026-08-04 04:13:00+00:00,False,True,False,True,False,,,True,1,0,producto_id_sin_correspondencia_silver,cuarentena
ORD-2026-02949,CLI-073,PROD-024,2026-08-05 10:28:00+00:00,Oruro,CAM-24,CHO-027,470.0,470.0,72.0,64.4,1.0,1.0,1.0,2950,producto_id_sin_correspondencia_silver,fecha_local_bolivia_convertida_utc,,ORD-2026-02949,CLI-073,PROD-024,2026-08-05 06:28:00,Oruro,CAM-24,CHO-027,470,470.0,72,64.4,1,1,1,ORD-2026-02949,False,CLI-073,False,PROD-024,False,CAM-24,False,CHO-027,False,Oruro,False,470,False,470.0,False,False,470.0,False,False,72.0,False,False,64.4,False,False,1.0,False,False,1.0,False,False,1.0,False,False,iso,True,2026-08-05 10:28:00+00:00,False,True,False,True,False,,,True,1,0,producto_id_sin_correspondencia_silver,cuarentena
ORD-2026-02954,CLI-002,PROD-004,2026-08-16 05:35:00+00:00,Cochabamba,CAM-02,CHO-070,279.0,279.0,48.0,-41.9,1.0,1.0,1.0,2955,tiempo_real_negativo,fecha_local_bolivia_convertida_utc,,ORD-2026-02954,CLI-002,PROD-004,2026-08-16 01:35:00,Cochabamba,CAM-02,CHO-070,279,279.0,48,-41.9,1,1,1,ORD-2026-02954,False,CLI-002,False,PROD-004,False,CAM-02,False,CHO-070,False,Cochabamba,False,279,False,279.0,False,False,279.0,False,False,48.0,False,False,-41.9,False,False,1.0,False,False,1.0,False,False,1.0,False,False,iso,True,2026-08-16 05:35:00+00:00,False,True,True,True,False,,,True,1,0,tiempo_real_negativo,cuarentena
ORD-2026-02964,CLI-027,PROD-014,2026-08-18 09:37:00+00:00,La Paz,CAM-07,CHO-117,333.0,333.0,24.0,16.7,1.0,1.0,1.0,2965,producto_id_sin_correspondencia_silver,fecha_local_bolivia_convertida_utc,,ORD-2026-02964,CLI-027,PROD-014,2026-08-18 05:37:00,La Paz,CAM-07,CHO-117,333,333.0,24,16.7,1,1,1,ORD-2026-02964,False,CLI-027,False,PROD-014,False,CAM-07,False,CHO-117,False,La Paz,False,333,False,333.0,False,False,333.0,False,False,24.0,False,False,16.7,False,False,1.0,False,False,1.0,False,False,1.0,False,False,iso,True,2026-08-18 09:37:00+00:00,False,True,False,True,False,,,True,1,0,producto_id_sin_correspondencia_silver,cuarentena
ORD-2026-02970,CLI-071,PROD-025,2026-08-14 09:40:00+00:00,Cochabamba,CAM-01,CHO-081,97.0,97.0,24.0,16.5,1.0,1.0,1.0,2971,camion_id_sin_correspondencia_silver,fecha_local_bolivia_convertida_utc,,ORD-2026-02970,CLI-071,PROD-025,2026-08-14 05:40:00,Cochabamba,CAM-01,CHO-081,97,97.0,24,16.5,1,1,1,ORD-2026-02970,False,CLI-071,False,PROD-025,False,CAM-01,False,CHO-081,False,Cochabamba,False,97,False,97.0,False,False,97.0,False,False,24.0,False,False,16.5,False,False,1.0,False,False,1.0,False,False,1.0,False,False,iso,True,2026-08-14 09:40:00+00:00,False,True,True,False,False,,,True,1,0,camion_id_sin_correspondencia_silver,cuarentena
ORD-2026-02977,CLI-027,PROD-036,2026-08-31 00:55:00+00:00,Cochabamba,CAM-22,CHO-040,349.0,349.0,72.0,68.2,1.0,1.0,1.0,2978,producto_id_sin_correspondencia_silver,fecha_local_bolivia_convertida_utc,,ORD-2026-02977,CLI-027,PROD-036,2026-08-30 20:55:00,Cochabamba,CAM-22,CHO-040,349,349.0,72,68.2,1,1,1,ORD-2026-02977,False,CLI-027,False,PROD-036,False,CAM-22,False,CHO-040,False,Cochabamba,False,349,False,349.0,False,False,349.0,False,False,72.0,False,False,68.2,False,False,1.0,False,False,1.0,False,False,1.0,False,False,iso,True,2026-08-31 00:55:00+00:00,False,True,False,True,False,,,True,1,0,producto_id_sin_correspondencia_silver,cuarentena
ORD-2026-02981,CLI-018,PROD-036,2026-08-22 11:38:00+00:00,Cochabamba,CAM-25,CHO-109,393.0,393.0,48.0,39.8,1.0,1.0,1.0,2982,producto_id_sin_correspondencia_silver,fecha_local_bolivia_convertida_utc,,ORD-2026-02981,CLI-018,PROD-036,2026-08-22 07:38:00,Cochabamba,CAM-25,CHO-109,393,393.0,48,39.8,1,1,1,ORD-2026-02981,False,CLI-018,False,PROD-036,False,CAM-25,False,CHO-109,False,Cochabamba,False,393,False,393.0,False,False,393.0,False,False,48.0,False,False,39.8,False,False,1.0,False,False,1.0,False,False,1.0,False,False,iso,True,2026-08-22 11:38:00+00:00,False,True,False,True,False,,,True,1,0,producto_id_sin_correspondencia_silver,cuarentena
ORD-2026-02985,CLI-054,PROD-036,2026-08-12 09:23:00+00:00,Cochabamba,CAM-02,CHO-017,454.0,454.0,24.0,20.4,1.0,1.0,1.0,2986,producto_id_sin_correspondencia_silver,fecha_local_bolivia_convertida_utc,,ORD-2026-02985,CLI-054,PROD-036,2026-08-12 05:23:00,Cochabamba,CAM-02,CHO-017,454,454.0,24,20.4,1,1,1,ORD-2026-02985,False,CLI-054,False,PROD-036,False,CAM-02,False,CHO-017,False,Cochabamba,False,454,False,454.0,False,False,454.0,False,False,24.0,False,False,20.4,False,False,1.0,False,False,1.0,False,False,1.0,False,False,iso,True,2026-08-12 09:23:00+00:00,False,True,False,True,False,,,True,1,0,producto_id_sin_correspondencia_silver,cuarentena
ORD-2026-02996,CLI-030,PROD-049,2026-08-04 18:27:00+00:00,Oruro,CAM-24,CHO-095,87.0,87.0,72.0,67.9,1.0,1.0,1.0,2997,order_id_duplicado,fecha_local_bolivia_convertida_utc,,ORD-2026-02996,CLI-030,PROD-049,2026-08-04 14:27:00,Oruro,CAM-24,CHO-095,87,87.0,72,67.9,1,1,1,ORD-2026-02996,False,CLI-030,False,PROD-049,False,CAM-24,False,CHO-095,False,Oruro,False,87,False,87.0,False,False,87.0,False,False,72.0,False,False,67.9,False,False,1.0,False,False,1.0,False,False,1.0,False,False,iso,True,2026-08-04 18:27:00+00:00,False,True,True,True,False,,,True,1,0,order_id_duplicado,cuarentena
ORD-2026-02998,CLI-032,PROD-036,2026-08-13 12:20:00+00:00,Cochabamba,CAM-22,CHO-080,272.0,272.0,72.0,52.0,1.0,1.0,1.0,2999,producto_id_sin_correspondencia_silver,fecha_local_bolivia_convertida_utc,,ORD-2026-02998,CLI-032,PROD-036,2026-08-13 08:20:00,Cochabamba,CAM-22,CHO-080,272,272.0,72,52.0,1,1,1,ORD-2026-02998,False,CLI-032,False,PROD-036,False,CAM-22,False,CHO-080,False,Cochabamba,False,272,False,272.0,False,False,272.0,False,False,72.0,False,False,52.0,False,False,1.0,False,False,1.0,False,False,1.0,False,False,iso,True,2026-08-13 12:20:00+00:00,False,True,False,True,False,,,True,1,0,producto_id_sin_correspondencia_silver,cuarentena
ORD-2026-03003,CLI-020,PROD-010,2026-08-14 17:41:00+00:00,Oruro,CAM-24,CHO-027,309.0,309.0,24.0,19.8,1.0,1.0,1.0,3004,producto_id_sin_correspondencia_silver,fecha_local_bolivia_convertida_utc,,ORD-2026-03003,CLI-020,PROD-010,2026-08-14 13:41:00,Oruro,CAM-24,CHO-027,309,309.0,24,19.8,1,1,1,ORD-2026-03003,False,CLI-020,False,PROD-010,False,CAM-24,False,CHO-027,False,Oruro,False,309,False,309.0,False,False,309.0,False,False,24.0,False,False,19.8,False,False,1.0,False,False,1.0,False,False,1.0,False,False,iso,True,2026-08-14 17:41:00+00:00,False,True,False,True,False,,,True,1,0,producto_id_sin_correspondencia_silver,cuarentena
ORD-2026-03004,CLI-082,PROD-010,2026-08-27 13:41:00+00:00,La Paz,CAM-15,CHO-134,54.0,54.0,72.0,64.8,1.0,1.0,1.0,3005,producto_id_sin_correspondencia_silver,fecha_local_bolivia_convertida_utc,,ORD-2026-03004,CLI-082,PROD-010,2026-08-27 09:41:00,La Paz,CAM-15,CHO-134,54,54.0,72,64.8,1,1,1,ORD-2026-03004,False,CLI-082,False,PROD-010,False,CAM-15,False,CHO-134,False,La Paz,False,54,False,54.0,False,False,54.0,False,False,72.0,False,False,64.8,False,False,1.0,False,False,1.0,False,False,1.0,False,False,iso,True,2026-08-27 13:41:00+00:00,False,True,False,True,False,,,True,1,0,producto_id_sin_correspondencia_silver,cuarentena
ORD-2026-03008,CLI-068,PROD-024,2026-08-18 03:26:00+00:00,Tarija,CAM-19,CHO-059,258.0,258.0,24.0,16.6,1.0,1.0,1.0,3009,producto_id_sin_correspondencia_silver,fecha_local_bolivia_convertida_utc,,ORD-2026-03008,CLI-068,PROD-024,2026-08-17 23:26:00,Tarija,CAM-19,CHO-059,258,258.0,24,16.6,1,1,1,ORD-2026-03008,False,CLI-068,False,PROD-024,False,CAM-19,False,CHO-059,False,Tarija,False,258,False,258.0,False,False,258.0,False,False,24.0,False,False,16.6,False,False,1.0,False,False,1.0,False,False,1.0,False,False,iso,True,2026-08-18 03:26:00+00:00,False,True,False,True,False,,,True,1,0,producto_id_sin_correspondencia_silver,cuarentena
ORD-2026-03011,CLI-054,PROD-028,2026-08-25 18:06:00+00:00,Tarija,CAM-26,CHO-043,428.0,428.0,48.0,56.9,0.0,1.0,0.0,3012,producto_id_sin_correspondencia_silver,fecha_local_bolivia_convertida_utc,,ORD-2026-03011,CLI-054,PROD-028,2026-08-25 14:06:00,Tarija,CAM-26,CHO-043,428,428.0,48,56.9,0,1,0,ORD-2026-03011,False,CLI-054,False,PROD-028,False,CAM-26,False,CHO-043,False,Tarija,False,428,False,428.0,False,False,428.0,False,False,48.0,False,False,56.9,False,False,0.0,False,False,1.0,False,False,0.0,False,False,iso,True,2026-08-25 18:06:00+00:00,False,True,False,True,False,,,True,1,0,producto_id_sin_correspondencia_silver,cuarentena
ORD-2026-03013,CLI-087,PROD-010,2026-08-14 08:38:00+00:00,Tarija,CAM-19,CHO-063,91.0,91.0,24.0,17.2,1.0,1.0,1.0,3014,producto_id_sin_correspondencia_silver,fecha_local_bolivia_convertida_utc,,ORD-2026-03013,CLI-087,PROD-010,2026-08-14 04:38:00,Tarija,CAM-19,CHO-063,91,91.0,24,17.2,1,1,1,ORD-2026-03013,False,CLI-087,False,PROD-010,False,CAM-19,False,CHO-063,False,Tarija,False,91,False,91.0,False,False,91.0,False,False,24.0,False,False,17.2,False,False,1.0,False,False,1.0,False,False,1.0,False,False,iso,True,2026-08-14 08:38:00+00:00,False,True,False,True,False,,,True,1,0,producto_id_sin_correspondencia_silver,cuarentena
ORD-2026-03022,CLI-039,PROD-009,2026-08-02 08:28:00+00:00,Cochabamba,CAM-01,CHO-085,120.0,120.0,72.0,61.3,1.0,1.0,1.0,3023,camion_id_sin_correspondencia_silver,fecha_local_bolivia_convertida_utc,,ORD-2026-03022,CLI-039,PROD-009,2026-08-02 04:28:00,Cochabamba,CAM-01,CHO-085,120,120.0,72,61.3,1,1,1,ORD-2026-03022,False,CLI-039,False,PROD-009,False,CAM-01,False,CHO-085,False,Cochabamba,False,120,False,120.0,False,False,120.0,False,False,72.0,False,False,61.3,False,False,1.0,False,False,1.0,False,False,1.0,False,False,iso,True,2026-08-02 08:28:00+00:00,False,True,True,False,False,,,True,1,0,camion_id_sin_correspondencia_silver,cuarentena
ORD-2026-03025,CLI-053,PROD-028,2026-08-15 14:09:00+00:00,Santa Cruz,CAM-18,CHO-036,393.0,393.0,24.0,23.0,1.0,1.0,1.0,3026,producto_id_sin_correspondencia_silver,fecha_local_bolivia_convertida_utc,,ORD-2026-03025,CLI-053,PROD-028,2026-08-15 10:09:00,Santa Cruz,CAM-18,CHO-036,393,393.0,24,23.0,1,1,1,ORD-2026-03025,False,CLI-053,False,PROD-028,False,CAM-18,False,CHO-036,False,Santa Cruz,False,393,False,393.0,False,False,393.0,False,False,24.0,False,False,23.0,False,False,1.0,False,False,1.0,False,False,1.0,False,False,iso,True,2026-08-15 14:09:00+00:00,False,True,False,True,False,,,True,1,0,producto_id_sin_correspondencia_silver,cuarentena
ORD-2026-03026,CLI-073,PROD-001,2026-08-27 03:06:00+00:00,Cochabamba,CAM-27,CHO-057,458.0,454.0,48.0,35.5,1.0,0.0,0.0,3027,camion_id_sin_correspondencia_silver,fecha_local_bolivia_convertida_utc,,ORD-2026-03026,CLI-073,PROD-001,2026-08-26 23:06:00,Cochabamba,CAM-27,CHO-057,458,454.0,48,35.5,1,0,0,ORD-2026-03026,False,CLI-073,False,PROD-001,False,CAM-27,False,CHO-057,False,Cochabamba,False,458,False,458.0,False,False,454.0,False,False,48.0,False,False,35.5,False,False,1.0,False,False,0.0,False,False,0.0,False,False,iso,True,2026-08-27 03:06:00+00:00,False,True,True,False,False,,,True,1,0,camion_id_sin_correspondencia_silver,cuarentena
ORD-2026-03028,CLI-004,PROD-028,2026-08-02 05:55:00+00:00,Santa Cruz,CAM-23,CHO-114,264.0,264.0,72.0,62.2,1.0,1.0,1.0,3029,producto_id_sin_correspondencia_silver,fecha_local_bolivia_convertida_utc,,ORD-2026-03028,CLI-004,PROD-028,2026-08-02 01:55:00,Santa Cruz,CAM-23,CHO-114,264,264.0,72,62.2,1,1,1,ORD-2026-03028,False,CLI-004,False,PROD-028,False,CAM-23,False,CHO-114,False,Santa Cruz,False,264,False,264.0,False,False,264.0,False,False,72.0,False,False,62.2,False,False,1.0,False,False,1.0,False,False,1.0,False,False,iso,True,2026-08-02 05:55:00+00:00,False,True,False,True,False,,,True,1,0,producto_id_sin_correspondencia_silver,cuarentena
ORD-2026-03036,CLI-083,PROD-010,2026-08-28 05:47:00+00:00,La Paz,CAM-28,CHO-004,293.0,293.0,24.0,16.4,1.0,1.0,1.0,3037,producto_id_sin_correspondencia_silver,fecha_local_bolivia_convertida_utc,,ORD-2026-03036,CLI-083,PROD-010,2026-08-28 01:47:00,La Paz,CAM-28,CHO-004,293,293.0,24,16.4,1,1,1,ORD-2026-03036,False,CLI-083,False,PROD-010,False,CAM-28,False,CHO-004,False,La Paz,False,293,False,293.0,False,False,293.0,False,False,24.0,False,False,16.4,False,False,1.0,False,False,1.0,False,False,1.0,False,False,iso,True,2026-08-28 05:47:00+00:00,False,True,False,True,False,,,True,1,0,producto_id_sin_correspondencia_silver,cuarentena
ORD-2026-03038,CLI-049,PROD-031,2026-08-23 01:27:00+00:00,Cochabamba,CAM-27,CHO-017,82.0,82.0,24.0,18.3,1.0,1.0,1.0,3039,camion_id_sin_correspondencia_silver,fecha_local_bolivia_convertida_utc,,ORD-2026-03038,CLI-049,PROD-031,2026-08-22 21:27:00,Cochabamba,CAM-27,CHO-017,82,82.0,24,18.3,1,1,1,ORD-2026-03038,False,CLI-049,False,PROD-031,False,CAM-27,False,CHO-017,False,Cochabamba,False,82,False,82.0,False,False,82.0,False,False,24.0,False,False,18.3,False,False,1.0,False,False,1.0,False,False,1.0,False,False,iso,True,2026-08-23 01:27:00+00:00,False,True,True,False,False,,,True,1,0,camion_id_sin_correspondencia_silver,cuarentena
ORD-2026-03039,CLI-028,PROD-010,2026-08-27 18:31:00+00:00,Santa Cruz,CAM-08,CHO-114,460.0,460.0,72.0,87.0,0.0,1.0,0.0,3040,producto_id_sin_correspondencia_silver,fecha_local_bolivia_convertida_utc,,ORD-2026-03039,CLI-028,PROD-010,2026-08-27 14:31:00,Santa Cruz,CAM-08,CHO-114,460,460.0,72,87.0,0,1,0,ORD-2026-03039,False,CLI-028,False,PROD-010,False,CAM-08,False,CHO-114,False,Santa Cruz,False,460,False,460.0,False,False,460.0,False,False,72.0,False,False,87.0,False,False,0.0,False,False,1.0,False,False,0.0,False,False,iso,True,2026-08-27 18:31:00+00:00,False,True,False,True,False,,,True,1,0,producto_id_sin_correspondencia_silver,cuarentena
ORD-2026-03054,CLI-072,PROD-014,2026-08-03 12:14:00+00:00,Tarija,CAM-26,CHO-084,338.0,338.0,48.0,43.1,1.0,1.0,1.0,3055,producto_id_sin_correspondencia_silver,fecha_local_bolivia_convertida_utc,,ORD-2026-03054,CLI-072,PROD-014,2026-08-03 08:14:00,Tarija,CAM-26,CHO-084,338,338.0,48,43.1,1,1,1,ORD-2026-03054,False,CLI-072,False,PROD-014,False,CAM-26,False,CHO-084,False,Tarija,False,338,False,338.0,False,False,338.0,False,False,48.0,False,False,43.1,False,False,1.0,False,False,1.0,False,False,1.0,False,False,iso,True,2026-08-03 12:14:00+00:00,False,True,False,True,False,,,True,1,0,producto_id_sin_correspondencia_silver,cuarentena
ORD-2026-03057,CLI-068,PROD-010,2026-08-17 16:55:00+00:00,Cochabamba,CAM-05,CHO-047,95.0,95.0,24.0,23.0,1.0,1.0,1.0,3058,producto_id_sin_correspondencia_silver,fecha_local_bolivia_convertida_utc,,ORD-2026-03057,CLI-068,PROD-010,2026-08-17 12:55:00,Cochabamba,CAM-05,CHO-047,95,95.0,24,23.0,1,1,1,ORD-2026-03057,False,CLI-068,False,PROD-010,False,CAM-05,False,CHO-047,False,Cochabamba,False,95,False,95.0,False,False,95.0,False,False,24.0,False,False,23.0,False,False,1.0,False,False,1.0,False,False,1.0,False,False,iso,True,2026-08-17 16:55:00+00:00,False,True,False,True,False,,,True,1,0,producto_id_sin_correspondencia_silver,cuarentena
ORD-2026-03059,CLI-085,PROD-039,2026-08-20 23:54:00+00:00,Cochabamba,CAM-27,CHO-125,258.0,258.0,72.0,25.2,1.0,1.0,1.0,3060,camion_id_sin_correspondencia_silver,fecha_local_bolivia_convertida_utc,,ORD-2026-03059,CLI-085,PROD-039,2026-08-20 19:54:00,Cochabamba,CAM-27,CHO-125,258,258.0,72,25.2,1,1,1,ORD-2026-03059,False,CLI-085,False,PROD-039,False,CAM-27,False,CHO-125,False,Cochabamba,False,258,False,258.0,False,False,258.0,False,False,72.0,False,False,25.2,False,False,1.0,False,False,1.0,False,False,1.0,False,False,iso,True,2026-08-20 23:54:00+00:00,False,True,True,False,False,,,True,1,0,camion_id_sin_correspondencia_silver,cuarentena
ORD-2026-03070,CLI-020,PROD-026,2026-08-29 17:47:00+00:00,La Paz,CAM-28,CHO-001,143.0,143.0,24.0,16.7,1.0,1.0,1.0,3071,producto_id_sin_correspondencia_silver,fecha_local_bolivia_convertida_utc,,ORD-2026-03070,CLI-020,PROD-026,2026-08-29 13:47:00,La Paz,CAM-28,CHO-001,143,143.0,24,16.7,1,1,1,ORD-2026-03070,False,CLI-020,False,PROD-026,False,CAM-28,False,CHO-001,False,La Paz,False,143,False,143.0,False,False,143.0,False,False,24.0,False,False,16.7,False,False,1.0,False,False,1.0,False,False,1.0,False,False,iso,True,2026-08-29 17:47:00+00:00,False,True,False,True,False,,,True,1,0,producto_id_sin_correspondencia_silver,cuarentena
ORD-2026-03072,CLI-037,PROD-026,2026-08-27 11:27:00+00:00,La Paz,CAM-10,CHO-023,119.0,119.0,48.0,46.8,1.0,1.0,1.0,3073,producto_id_sin_correspondencia_silver,fecha_local_bolivia_convertida_utc,,ORD-2026-03072,CLI-037,PROD-026,2026-08-27 07:27:00,La Paz,CAM-10,CHO-023,119,119.0,48,46.8,1,1,1,ORD-2026-03072,False,CLI-037,False,PROD-026,False,CAM-10,False,CHO-023,False,La Paz,False,119,False,119.0,False,False,119.0,False,False,48.0,False,False,46.8,False,False,1.0,False,False,1.0,False,False,1.0,False,False,iso,True,2026-08-27 11:27:00+00:00,False,True,False,True,False,,,True,1,0,producto_id_sin_correspondencia_silver,cuarentena
ORD-2026-03075,CLI-064,PROD-032,2026-08-03 21:49:00+00:00,Cochabamba,CAM-27,CHO-123,330.0,330.0,24.0,11.3,1.0,1.0,1.0,3076,camion_id_sin_correspondencia_silver,fecha_local_bolivia_convertida_utc,,ORD-2026-03075,CLI-064,PROD-032,2026-08-03 17:49:00,Cochabamba,CAM-27,CHO-123,330,330.0,24,11.3,1,1,1,ORD-2026-03075,False,CLI-064,False,PROD-032,False,CAM-27,False,CHO-123,False,Cochabamba,False,330,False,330.0,False,False,330.0,False,False,24.0,False,False,11.3,False,False,1.0,False,False,1.0,False,False,1.0,False,False,iso,True,2026-08-03 21:49:00+00:00,False,True,True,False,False,,,True,1,0,camion_id_sin_correspondencia_silver,cuarentena
ORD-2026-03082,CLI-088,PROD-014,,Santa Cruz,CAM-08,CHO-132,351.0,351.0,24.0,21.4,1.0,1.0,1.0,3083,fecha_despacho_invalida | producto_id_sin_correspondencia_silver,,,ORD-2026-03082,CLI-088,PROD-014,2026-02-31 08:00:00,Santa Cruz,CAM-08,CHO-132,351,351.0,24,21.4,1,1,1,ORD-2026-03082,False,CLI-088,False,PROD-014,False,CAM-08,False,CHO-132,False,Santa Cruz,False,351,False,351.0,False,False,351.0,False,False,24.0,False,False,21.4,False,False,1.0,False,False,1.0,False,False,1.0,False,False,iso,True,,True,False,False,True,False,,,False,0,0,fecha_despacho_invalida | producto_id_sin_correspondencia_silver,cuarentena
ORD-2026-03083,CLI-097,PROD-036,2026-08-17 22:58:00+00:00,Santa Cruz,CAM-08,CHO-141,275.0,,24.0,21.4,1.0,1.0,1.0,3084,producto_id_sin_correspondencia_silver | requerido_ausente:cantidad_entregada,fecha_local_bolivia_convertida_utc,,ORD-2026-03083,CLI-097,PROD-036,2026-08-17 18:58:00,Santa Cruz,CAM-08,CHO-141,275,,24,21.4,1,1,1,ORD-2026-03083,False,CLI-097,False,PROD-036,False,CAM-08,False,CHO-141,False,Santa Cruz,False,275,False,275.0,False,False,,False,False,24.0,False,False,21.4,False,False,1.0,False,False,1.0,False,False,1.0,False,False,iso,True,2026-08-17 22:58:00+00:00,False,True,False,True,False,,,True,1,0,producto_id_sin_correspondencia_silver | requerido_ausente:cantidad_entregada,cuarentena
ORD-2026-03088,CLI-034,PROD-010,2026-08-08 14:54:00+00:00,Cochabamba,CAM-14,CHO-051,30.0,30.0,24.0,17.0,1.0,1.0,1.0,3089,producto_id_sin_correspondencia_silver,fecha_local_bolivia_convertida_utc,,ORD-2026-03088,CLI-034,PROD-010,2026-08-08 10:54:00,Cochabamba,CAM-14,CHO-051,30,30.0,24,17.0,1,1,1,ORD-2026-03088,False,CLI-034,False,PROD-010,False,CAM-14,False,CHO-051,False,Cochabamba,False,30,False,30.0,False,False,30.0,False,False,24.0,False,False,17.0,False,False,1.0,False,False,1.0,False,False,1.0,False,False,iso,True,2026-08-08 14:54:00+00:00,False,True,False,True,False,,,True,1,0,producto_id_sin_correspondencia_silver,cuarentena
ORD-2026-03090,CLI-009,PROD-010,2026-08-29 05:37:00+00:00,Santa Cruz,CAM-29,CHO-092,313.0,295.0,24.0,18.5,1.0,0.0,0.0,3091,producto_id_sin_correspondencia_silver,fecha_local_bolivia_convertida_utc,,ORD-2026-03090,CLI-009,PROD-010,2026-08-29 01:37:00,Santa Cruz,CAM-29,CHO-092,313,295.0,24,18.5,1,0,0,ORD-2026-03090,False,CLI-009,False,PROD-010,False,CAM-29,False,CHO-092,False,Santa Cruz,False,313,False,313.0,False,False,295.0,False,False,24.0,False,False,18.5,False,False,1.0,False,False,0.0,False,False,0.0,False,False,iso,True,2026-08-29 05:37:00+00:00,False,True,False,True,False,,,True,1,0,producto_id_sin_correspondencia_silver,cuarentena
ORD-2026-03103,CLI-077,PROD-010,2026-08-28 10:54:00+00:00,Tarija,CAM-19,CHO-010,18.0,18.0,24.0,20.3,1.0,1.0,1.0,3104,producto_id_sin_correspondencia_silver,fecha_local_bolivia_convertida_utc,,ORD-2026-03103,CLI-077,PROD-010,2026-08-28 06:54:00,Tarija,CAM-19,CHO-010,18,18.0,24,20.3,1,1,1,ORD-2026-03103,False,CLI-077,False,PROD-010,False,CAM-19,False,CHO-010,False,Tarija,False,18,False,18.0,False,False,18.0,False,False,24.0,False,False,20.3,False,False,1.0,False,False,1.0,False,False,1.0,False,False,iso,True,2026-08-28 10:54:00+00:00,False,True,False,True,False,,,True,1,0,producto_id_sin_correspondencia_silver,cuarentena
ORD-2026-03124,CLI-052,PROD-039,2026-08-06 08:05:00+00:00,La Paz,CAM-28,CHO-117,482.0,,24.0,18.1,1.0,1.0,1.0,3125,requerido_ausente:cantidad_entregada,fecha_local_bolivia_convertida_utc,,ORD-2026-03124,CLI-052,PROD-039,2026-08-06 04:05:00,La Paz,CAM-28,CHO-117,482,,24,18.1,1,1,1,ORD-2026-03124,False,CLI-052,False,PROD-039,False,CAM-28,False,CHO-117,False,La Paz,False,482,False,482.0,False,False,,False,False,24.0,False,False,18.1,False,False,1.0,False,False,1.0,False,False,1.0,False,False,iso,True,2026-08-06 08:05:00+00:00,False,True,True,True,False,,,True,1,0,requerido_ausente:cantidad_entregada,cuarentena
ORD-2026-03131,CLI-009,PROD-028,2026-08-27 23:54:00+00:00,Santa Cruz,CAM-18,CHO-048,285.0,285.0,72.0,73.5,0.0,1.0,0.0,3132,producto_id_sin_correspondencia_silver,fecha_local_bolivia_convertida_utc,,ORD-2026-03131,CLI-009,PROD-028,2026-08-27 19:54:00,Santa Cruz,CAM-18,CHO-048,285,285.0,72,73.5,0,1,0,ORD-2026-03131,False,CLI-009,False,PROD-028,False,CAM-18,False,CHO-048,False,Santa Cruz,False,285,False,285.0,False,False,285.0,False,False,72.0,False,False,73.5,False,False,0.0,False,False,1.0,False,False,0.0,False,False,iso,True,2026-08-27 23:54:00+00:00,False,True,False,True,False,,,True,1,0,producto_id_sin_correspondencia_silver,cuarentena
ORD-2026-03141,CLI-100,PROD-021,2026-08-08 02:04:00+00:00,Tarija,CAM-19,CHO-068,455.0,,48.0,27.8,1.0,1.0,1.0,3142,requerido_ausente:cantidad_entregada,fecha_local_bolivia_convertida_utc,,ORD-2026-03141,CLI-100,PROD-021,2026-08-07 22:04:00,Tarija,CAM-19,CHO-068,455,,48,27.8,1,1,1,ORD-2026-03141,False,CLI-100,False,PROD-021,False,CAM-19,False,CHO-068,False,Tarija,False,455,False,455.0,False,False,,False,False,48.0,False,False,27.8,False,False,1.0,False,False,1.0,False,False,1.0,False,False,iso,True,2026-08-08 02:04:00+00:00,False,True,True,True,False,,,True,1,0,requerido_ausente:cantidad_entregada,cuarentena
ORD-2026-03155,CLI-063,PROD-033,2026-08-06 18:35:00+00:00,Cochabamba,CAM-01,CHO-003,397.0,388.0,24.0,19.1,1.0,0.0,0.0,3156,camion_id_sin_correspondencia_silver,fecha_local_bolivia_convertida_utc,,ORD-2026-03155,CLI-063,PROD-033,2026-08-06 14:35:00,Cochabamba,CAM-01,CHO-003,397,388.0,24,19.1,1,0,0,ORD-2026-03155,False,CLI-063,False,PROD-033,False,CAM-01,False,CHO-003,False,Cochabamba,False,397,False,397.0,False,False,388.0,False,False,24.0,False,False,19.1,False,False,1.0,False,False,0.0,False,False,0.0,False,False,iso,True,2026-08-06 18:35:00+00:00,False,True,True,False,False,,,True,1,0,camion_id_sin_correspondencia_silver,cuarentena
ORD-2026-03156,CLI-083,PROD-035,2026-08-09 09:44:00+00:00,Cochabamba,CAM-01,CHO-085,125.0,125.0,48.0,34.4,1.0,1.0,1.0,3157,camion_id_sin_correspondencia_silver,fecha_local_bolivia_convertida_utc,,ORD-2026-03156,CLI-083,PROD-035,2026-08-09 05:44:00,Cochabamba,CAM-01,CHO-085,125,125.0,48,34.4,1,1,1,ORD-2026-03156,False,CLI-083,False,PROD-035,False,CAM-01,False,CHO-085,False,Cochabamba,False,125,False,125.0,False,False,125.0,False,False,48.0,False,False,34.4,False,False,1.0,False,False,1.0,False,False,1.0,False,False,iso,True,2026-08-09 09:44:00+00:00,False,True,True,False,False,,,True,1,0,camion_id_sin_correspondencia_silver,cuarentena
ORD-2026-03160,CLI-076,PROD-033,2026-08-04 14:48:00+00:00,Oruro,CAM-03,CHO-095,357.0,357.0,72.0,69.4,1.0,1.0,1.0,3161,order_id_duplicado,fecha_local_bolivia_convertida_utc,,ORD-2026-03160,CLI-076,PROD-033,2026-08-04 10:48:00,Oruro,CAM-03,CHO-095,357,357.0,72,69.4,1,1,1,ORD-2026-03160,False,CLI-076,False,PROD-033,False,CAM-03,False,CHO-095,False,Oruro,False,357,False,357.0,False,False,357.0,False,False,72.0,False,False,69.4,False,False,1.0,False,False,1.0,False,False,1.0,False,False,iso,True,2026-08-04 14:48:00+00:00,False,True,True,True,False,,,True,1,0,order_id_duplicado,cuarentena
ORD-2026-03166,CLI-079,PROD-026,2026-08-13 21:44:00+00:00,Santa Cruz,CAM-08,CHO-036,172.0,172.0,72.0,57.7,1.0,1.0,1.0,3167,producto_id_sin_correspondencia_silver,fecha_local_bolivia_convertida_utc,,ORD-2026-03166,CLI-079,PROD-026,2026-08-13 17:44:00,Santa Cruz,CAM-08,CHO-036,172,172.0,72,57.7,1,1,1,ORD-2026-03166,False,CLI-079,False,PROD-026,False,CAM-08,False,CHO-036,False,Santa Cruz,False,172,False,172.0,False,False,172.0,False,False,72.0,False,False,57.7,False,False,1.0,False,False,1.0,False,False,1.0,False,False,iso,True,2026-08-13 21:44:00+00:00,False,True,False,True,False,,,True,1,0,producto_id_sin_correspondencia_silver,cuarentena
ORD-2026-03172,CLI-066,PROD-016,2026-08-29 17:31:00+00:00,Cochabamba,CAM-27,CHO-051,439.0,439.0,48.0,31.5,1.0,1.0,1.0,3173,camion_id_sin_correspondencia_silver,fecha_local_bolivia_convertida_utc,,ORD-2026-03172,CLI-066,PROD-016,2026-08-29 13:31:00,Cochabamba,CAM-27,CHO-051,439,439.0,48,31.5,1,1,1,ORD-2026-03172,False,CLI-066,False,PROD-016,False,CAM-27,False,CHO-051,False,Cochabamba,False,439,False,439.0,False,False,439.0,False,False,48.0,False,False,31.5,False,False,1.0,False,False,1.0,False,False,1.0,False,False,iso,True,2026-08-29 17:31:00+00:00,False,True,True,False,False,,,True,1,0,camion_id_sin_correspondencia_silver,cuarentena
ORD-2026-03179,CLI-030,PROD-026,2026-08-04 17:04:00+00:00,Tarija,CAM-26,CHO-025,247.0,247.0,48.0,44.2,1.0,1.0,1.0,3180,producto_id_sin_correspondencia_silver,fecha_local_bolivia_convertida_utc,,ORD-2026-03179,CLI-030,PROD-026,2026-08-04 13:04:00,Tarija,CAM-26,CHO-025,247,247.0,48,44.2,1,1,1,ORD-2026-03179,False,CLI-030,False,PROD-026,False,CAM-26,False,CHO-025,False,Tarija,False,247,False,247.0,False,False,247.0,False,False,48.0,False,False,44.2,False,False,1.0,False,False,1.0,False,False,1.0,False,False,iso,True,2026-08-04 17:04:00+00:00,False,True,False,True,False,,,True,1,0,producto_id_sin_correspondencia_silver,cuarentena
ORD-2026-03182,CLI-027,PROD-056,2026-08-23 17:38:00+00:00,Cochabamba,CAM-27,CHO-111,274.0,274.0,24.0,27.0,0.0,1.0,0.0,3183,camion_id_sin_correspondencia_silver,fecha_local_bolivia_convertida_utc,,ORD-2026-03182,CLI-027,PROD-056,2026-08-23 13:38:00,Cochabamba,CAM-27,CHO-111,274,274.0,24,27.0,0,1,0,ORD-2026-03182,False,CLI-027,False,PROD-056,False,CAM-27,False,CHO-111,False,Cochabamba,False,274,False,274.0,False,False,274.0,False,False,24.0,False,False,27.0,False,False,0.0,False,False,1.0,False,False,0.0,False,False,iso,True,2026-08-23 17:38:00+00:00,False,True,True,False,False,,,True,1,0,camion_id_sin_correspondencia_silver,cuarentena
ORD-2026-03188,CLI-072,PROD-047,2026-08-26 12:47:00+00:00,Cochabamba,CAM-01,CHO-098,145.0,,24.0,14.8,1.0,0.0,0.0,3189,camion_id_sin_correspondencia_silver | requerido_ausente:cantidad_entregada,fecha_local_bolivia_convertida_utc,,ORD-2026-03188,CLI-072,PROD-047,2026-08-26 08:47:00,Cochabamba,CAM-01,CHO-098,145,,24,14.8,1,0,0,ORD-2026-03188,False,CLI-072,False,PROD-047,False,CAM-01,False,CHO-098,False,Cochabamba,False,145,False,145.0,False,False,,False,False,24.0,False,False,14.8,False,False,1.0,False,False,0.0,False,False,0.0,False,False,iso,True,2026-08-26 12:47:00+00:00,False,True,True,False,False,,,True,1,0,camion_id_sin_correspondencia_silver | requerido_ausente:cantidad_entregada,cuarentena
ORD-2026-03217,CLI-076,PROD-036,2026-08-02 13:04:00+00:00,Tarija,CAM-19,CHO-010,207.0,207.0,48.0,29.2,1.0,1.0,1.0,3218,producto_id_sin_correspondencia_silver,fecha_local_bolivia_convertida_utc,,ORD-2026-03217,CLI-076,PROD-036,2026-08-02 09:04:00,Tarija,CAM-19,CHO-010,207,207.0,48,29.2,1,1,1,ORD-2026-03217,False,CLI-076,False,PROD-036,False,CAM-19,False,CHO-010,False,Tarija,False,207,False,207.0,False,False,207.0,False,False,48.0,False,False,29.2,False,False,1.0,False,False,1.0,False,False,1.0,False,False,iso,True,2026-08-02 13:04:00+00:00,False,True,False,True,False,,,True,1,0,producto_id_sin_correspondencia_silver,cuarentena
ORD-2026-03228,CLI-005,PROD-053,2026-08-24 02:44:00+00:00,Cochabamba,CAM-02,CHO-017,160.0,,48.0,36.8,1.0,1.0,1.0,3229,requerido_ausente:cantidad_entregada,fecha_local_bolivia_convertida_utc,,ORD-2026-03228,CLI-005,PROD-053,2026-08-23 22:44:00,Cochabamba,CAM-02,CHO-017,160,,48,36.8,1,1,1,ORD-2026-03228,False,CLI-005,False,PROD-053,False,CAM-02,False,CHO-017,False,Cochabamba,False,160,False,160.0,False,False,,False,False,48.0,False,False,36.8,False,False,1.0,False,False,1.0,False,False,1.0,False,False,iso,True,2026-08-24 02:44:00+00:00,False,True,True,True,False,,,True,1,0,requerido_ausente:cantidad_entregada,cuarentena
ORD-2026-03232,CLI-086,PROD-024,2026-08-10 08:24:00+00:00,Tarija,CAM-19,CHO-067,399.0,399.0,48.0,38.0,1.0,1.0,1.0,3233,producto_id_sin_correspondencia_silver,fecha_local_bolivia_convertida_utc,,ORD-2026-03232,CLI-086,PROD-024,2026-08-10 04:24:00,Tarija,CAM-19,CHO-067,399,399.0,48,38.0,1,1,1,ORD-2026-03232,False,CLI-086,False,PROD-024,False,CAM-19,False,CHO-067,False,Tarija,False,399,False,399.0,False,False,399.0,False,False,48.0,False,False,38.0,False,False,1.0,False,False,1.0,False,False,1.0,False,False,iso,True,2026-08-10 08:24:00+00:00,False,True,False,True,False,,,True,1,0,producto_id_sin_correspondencia_silver,cuarentena
ORD-2026-03235,CLI-080,PROD-024,2026-08-18 18:42:00+00:00,Oruro,CAM-16,CHO-046,305.0,305.0,48.0,45.5,1.0,1.0,1.0,3236,producto_id_sin_correspondencia_silver,fecha_local_bolivia_convertida_utc,,ORD-2026-03235,CLI-080,PROD-024,2026-08-18 14:42:00,Oruro,CAM-16,CHO-046,305,305.0,48,45.5,1,1,1,ORD-2026-03235,False,CLI-080,False,PROD-024,False,CAM-16,False,CHO-046,False,Oruro,False,305,False,305.0,False,False,305.0,False,False,48.0,False,False,45.5,False,False,1.0,False,False,1.0,False,False,1.0,False,False,iso,True,2026-08-18 18:42:00+00:00,False,True,False,True,False,,,True,1,0,producto_id_sin_correspondencia_silver,cuarentena
ORD-2026-03242,CLI-022,PROD-040,2026-08-11 18:54:00+00:00,Tarija,CAM-19,CHO-067,261.0,,48.0,48.2,0.0,1.0,0.0,3243,requerido_ausente:cantidad_entregada,normalizacion_identificador:cliente_id | fecha_local_bolivia_convertida_utc,,ORD-2026-03242, cli-022 ,PROD-040,2026-08-11 14:54:00,Tarija,CAM-19,CHO-067,261,,48,48.2,0,1,0,ORD-2026-03242,False,CLI-022,True,PROD-040,False,CAM-19,False,CHO-067,False,Tarija,False,261,False,261.0,False,False,,False,False,48.0,False,False,48.2,False,False,0.0,False,False,1.0,False,False,0.0,False,False,iso,True,2026-08-11 18:54:00+00:00,False,True,True,True,False,,,True,2,0,requerido_ausente:cantidad_entregada,cuarentena
ORD-2026-03247,CLI-062,PROD-037,2026-08-19 00:22:00+00:00,Cochabamba,CAM-27,CHO-120,472.0,,72.0,61.0,1.0,1.0,1.0,3248,camion_id_sin_correspondencia_silver | requerido_ausente:cantidad_entregada,fecha_local_bolivia_convertida_utc,,ORD-2026-03247,CLI-062,PROD-037,2026-08-18 20:22:00,Cochabamba,CAM-27,CHO-120,472,,72,61.0,1,1,1,ORD-2026-03247,False,CLI-062,False,PROD-037,False,CAM-27,False,CHO-120,False,Cochabamba,False,472,False,472.0,False,False,,False,False,72.0,False,False,61.0,False,False,1.0,False,False,1.0,False,False,1.0,False,False,iso,True,2026-08-19 00:22:00+00:00,False,True,True,False,False,,,True,1,0,camion_id_sin_correspondencia_silver | requerido_ausente:cantidad_entregada,cuarentena
ORD-2026-03251,CLI-022,PROD-010,2026-08-29 12:12:00+00:00,Cochabamba,CAM-13,CHO-148,466.0,466.0,24.0,22.9,1.0,1.0,1.0,3252,producto_id_sin_correspondencia_silver,fecha_local_bolivia_convertida_utc,,ORD-2026-03251,CLI-022,PROD-010,2026-08-29 08:12:00,Cochabamba,CAM-13,CHO-148,466,466.0,24,22.9,1,1,1,ORD-2026-03251,False,CLI-022,False,PROD-010,False,CAM-13,False,CHO-148,False,Cochabamba,False,466,False,466.0,False,False,466.0,False,False,24.0,False,False,22.9,False,False,1.0,False,False,1.0,False,False,1.0,False,False,iso,True,2026-08-29 12:12:00+00:00,False,True,False,True,False,,,True,1,0,producto_id_sin_correspondencia_silver,cuarentena
ORD-2026-03252,CLI-030,PROD-014,2026-08-03 14:43:00+00:00,Cochabamba,CAM-06,CHO-016,93.0,93.0,48.0,41.0,1.0,1.0,1.0,3253,producto_id_sin_correspondencia_silver,fecha_local_bolivia_convertida_utc,,ORD-2026-03252,CLI-030,PROD-014,2026-08-03 10:43:00,Cochabamba,CAM-06,CHO-016,93,93.0,48,41.0,1,1,1,ORD-2026-03252,False,CLI-030,False,PROD-014,False,CAM-06,False,CHO-016,False,Cochabamba,False,93,False,93.0,False,False,93.0,False,False,48.0,False,False,41.0,False,False,1.0,False,False,1.0,False,False,1.0,False,False,iso,True,2026-08-03 14:43:00+00:00,False,True,False,True,False,,,True,1,0,producto_id_sin_correspondencia_silver,cuarentena
ORD-2026-03259,CLI-041,PROD-003,2026-08-08 11:21:00+00:00,Cochabamba,CAM-27,CHO-096,73.0,73.0,72.0,60.7,1.0,1.0,1.0,3260,camion_id_sin_correspondencia_silver,fecha_local_bolivia_convertida_utc,,ORD-2026-03259,CLI-041,PROD-003,2026-08-08 07:21:00,Cochabamba,CAM-27,CHO-096,73,73.0,72,60.7,1,1,1,ORD-2026-03259,False,CLI-041,False,PROD-003,False,CAM-27,False,CHO-096,False,Cochabamba,False,73,False,73.0,False,False,73.0,False,False,72.0,False,False,60.7,False,False,1.0,False,False,1.0,False,False,1.0,False,False,iso,True,2026-08-08 11:21:00+00:00,False,True,True,False,False,,,True,1,0,camion_id_sin_correspondencia_silver,cuarentena
ORD-2026-03262,CLI-017,PROD-024,2026-08-14 15:58:00+00:00,Santa Cruz,CAM-23,CHO-071,477.0,477.0,48.0,27.6,1.0,1.0,1.0,3263,producto_id_sin_correspondencia_silver,fecha_local_bolivia_convertida_utc,,ORD-2026-03262,CLI-017,PROD-024,2026-08-14 11:58:00,Santa Cruz,CAM-23,CHO-071,477,477.0,48,27.6,1,1,1,ORD-2026-03262,False,CLI-017,False,PROD-024,False,CAM-23,False,CHO-071,False,Santa Cruz,False,477,False,477.0,False,False,477.0,False,False,48.0,False,False,27.6,False,False,1.0,False,False,1.0,False,False,1.0,False,False,iso,True,2026-08-14 15:58:00+00:00,False,True,False,True,False,,,True,1,0,producto_id_sin_correspondencia_silver,cuarentena
ORD-2026-03263,CLI-061,PROD-028,2026-08-29 07:43:00+00:00,Oruro,CAM-20,CHO-046,375.0,375.0,72.0,61.8,1.0,1.0,1.0,3264,producto_id_sin_correspondencia_silver,fecha_local_bolivia_convertida_utc,,ORD-2026-03263,CLI-061,PROD-028,2026-08-29 03:43:00,Oruro,CAM-20,CHO-046,375,375.0,72,61.8,1,1,1,ORD-2026-03263,False,CLI-061,False,PROD-028,False,CAM-20,False,CHO-046,False,Oruro,False,375,False,375.0,False,False,375.0,False,False,72.0,False,False,61.8,False,False,1.0,False,False,1.0,False,False,1.0,False,False,iso,True,2026-08-29 07:43:00+00:00,False,True,False,True,False,,,True,1,0,producto_id_sin_correspondencia_silver,cuarentena
ORD-2026-03265,CLI-078,PROD-020,2026-08-17 13:59:00+00:00,La Paz,CAM-12,CHO-103,265.0,,24.0,22.4,1.0,1.0,1.0,3266,requerido_ausente:cantidad_entregada,fecha_local_bolivia_convertida_utc,,ORD-2026-03265,CLI-078,PROD-020,2026-08-17 09:59:00,La Paz,CAM-12,CHO-103,265,,24,22.4,1,1,1,ORD-2026-03265,False,CLI-078,False,PROD-020,False,CAM-12,False,CHO-103,False,La Paz,False,265,False,265.0,False,False,,False,False,24.0,False,False,22.4,False,False,1.0,False,False,1.0,False,False,1.0,False,False,iso,True,2026-08-17 13:59:00+00:00,False,True,True,True,False,,,True,1,0,requerido_ausente:cantidad_entregada,cuarentena
ORD-2026-03268,CLI-007,PROD-026,2026-08-26 19:02:00+00:00,La Paz,CAM-28,CHO-035,106.0,106.0,72.0,49.0,1.0,1.0,1.0,3269,producto_id_sin_correspondencia_silver,fecha_local_bolivia_convertida_utc,,ORD-2026-03268,CLI-007,PROD-026,2026-08-26 15:02:00,La Paz,CAM-28,CHO-035,106,106.0,72,49.0,1,1,1,ORD-2026-03268,False,CLI-007,False,PROD-026,False,CAM-28,False,CHO-035,False,La Paz,False,106,False,106.0,False,False,106.0,False,False,72.0,False,False,49.0,False,False,1.0,False,False,1.0,False,False,1.0,False,False,iso,True,2026-08-26 19:02:00+00:00,False,True,False,True,False,,,True,1,0,producto_id_sin_correspondencia_silver,cuarentena
ORD-2026-03277,CLI-030,PROD-010,2026-08-16 07:14:00+00:00,Oruro,CAM-24,CHO-027,420.0,420.0,48.0,39.0,1.0,1.0,1.0,3278,producto_id_sin_correspondencia_silver,fecha_local_bolivia_convertida_utc,,ORD-2026-03277,CLI-030,PROD-010,2026-08-16 03:14:00,Oruro,CAM-24,CHO-027,420,420.0,48,39.0,1,1,1,ORD-2026-03277,False,CLI-030,False,PROD-010,False,CAM-24,False,CHO-027,False,Oruro,False,420,False,420.0,False,False,420.0,False,False,48.0,False,False,39.0,False,False,1.0,False,False,1.0,False,False,1.0,False,False,iso,True,2026-08-16 07:14:00+00:00,False,True,False,True,False,,,True,1,0,producto_id_sin_correspondencia_silver,cuarentena
ORD-2026-03286,CLI-058,PROD-014,2026-08-18 22:14:00+00:00,La Paz,CAM-10,CHO-147,248.0,248.0,72.0,44.4,1.0,1.0,1.0,3287,producto_id_sin_correspondencia_silver,fecha_local_bolivia_convertida_utc,,ORD-2026-03286,CLI-058,PROD-014,2026-08-18 18:14:00,La Paz,CAM-10,CHO-147,248,248.0,72,44.4,1,1,1,ORD-2026-03286,False,CLI-058,False,PROD-014,False,CAM-10,False,CHO-147,False,La Paz,False,248,False,248.0,False,False,248.0,False,False,72.0,False,False,44.4,False,False,1.0,False,False,1.0,False,False,1.0,False,False,iso,True,2026-08-18 22:14:00+00:00,False,True,False,True,False,,,True,1,0,producto_id_sin_correspondencia_silver,cuarentena
ORD-2026-03292,CLI-040,PROD-026,2026-08-13 23:18:00+00:00,Cochabamba,CAM-25,CHO-123,200.0,200.0,24.0,20.2,1.0,1.0,1.0,3293,producto_id_sin_correspondencia_silver,fecha_local_bolivia_convertida_utc,,ORD-2026-03292,CLI-040,PROD-026,2026-08-13 19:18:00,Cochabamba,CAM-25,CHO-123,200,200.0,24,20.2,1,1,1,ORD-2026-03292,False,CLI-040,False,PROD-026,False,CAM-25,False,CHO-123,False,Cochabamba,False,200,False,200.0,False,False,200.0,False,False,24.0,False,False,20.2,False,False,1.0,False,False,1.0,False,False,1.0,False,False,iso,True,2026-08-13 23:18:00+00:00,False,True,False,True,False,,,True,1,0,producto_id_sin_correspondencia_silver,cuarentena
ORD-2026-03308,CLI-098,PROD-028,2026-08-20 18:18:00+00:00,Tarija,CAM-26,CHO-078,199.0,199.0,24.0,19.6,1.0,1.0,1.0,3309,producto_id_sin_correspondencia_silver,fecha_local_bolivia_convertida_utc,,ORD-2026-03308,CLI-098,PROD-028,2026-08-20 14:18:00,Tarija,CAM-26,CHO-078,199,199.0,24,19.6,1,1,1,ORD-2026-03308,False,CLI-098,False,PROD-028,False,CAM-26,False,CHO-078,False,Tarija,False,199,False,199.0,False,False,199.0,False,False,24.0,False,False,19.6,False,False,1.0,False,False,1.0,False,False,1.0,False,False,iso,True,2026-08-20 18:18:00+00:00,False,True,False,True,False,,,True,1,0,producto_id_sin_correspondencia_silver,cuarentena
ORD-2026-03314,CLI-051,PROD-026,2026-08-14 03:35:00+00:00,La Paz,CAM-28,CHO-117,184.0,184.0,72.0,75.3,0.0,1.0,0.0,3315,producto_id_sin_correspondencia_silver,fecha_local_bolivia_convertida_utc,,ORD-2026-03314,CLI-051,PROD-026,2026-08-13 23:35:00,La Paz,CAM-28,CHO-117,184,184.0,72,75.3,0,1,0,ORD-2026-03314,False,CLI-051,False,PROD-026,False,CAM-28,False,CHO-117,False,La Paz,False,184,False,184.0,False,False,184.0,False,False,72.0,False,False,75.3,False,False,0.0,False,False,1.0,False,False,0.0,False,False,iso,True,2026-08-14 03:35:00+00:00,False,True,False,True,False,,,True,1,0,producto_id_sin_correspondencia_silver,cuarentena
ORD-2026-03316,CLI-033,PROD-010,2026-08-12 18:03:00+00:00,Tarija,CAM-21,CHO-043,170.0,170.0,48.0,49.2,0.0,1.0,0.0,3317,producto_id_sin_correspondencia_silver,fecha_local_bolivia_convertida_utc,,ORD-2026-03316,CLI-033,PROD-010,2026-08-12 14:03:00,Tarija,CAM-21,CHO-043,170,170.0,48,49.2,0,1,0,ORD-2026-03316,False,CLI-033,False,PROD-010,False,CAM-21,False,CHO-043,False,Tarija,False,170,False,170.0,False,False,170.0,False,False,48.0,False,False,49.2,False,False,0.0,False,False,1.0,False,False,0.0,False,False,iso,True,2026-08-12 18:03:00+00:00,False,True,False,True,False,,,True,1,0,producto_id_sin_correspondencia_silver,cuarentena
ORD-2026-03318,CLI-081,PROD-026,2026-08-07 01:01:00+00:00,La Paz,CAM-15,CHO-035,80.0,80.0,72.0,56.7,1.0,1.0,1.0,3319,producto_id_sin_correspondencia_silver,fecha_local_bolivia_convertida_utc,,ORD-2026-03318,CLI-081,PROD-026,2026-08-06 21:01:00,La Paz,CAM-15,CHO-035,80,80.0,72,56.7,1,1,1,ORD-2026-03318,False,CLI-081,False,PROD-026,False,CAM-15,False,CHO-035,False,La Paz,False,80,False,80.0,False,False,80.0,False,False,72.0,False,False,56.7,False,False,1.0,False,False,1.0,False,False,1.0,False,False,iso,True,2026-08-07 01:01:00+00:00,False,True,False,True,False,,,True,1,0,producto_id_sin_correspondencia_silver,cuarentena
ORD-2026-03320,CLI-074,PROD-028,2026-08-23 20:23:00+00:00,Oruro,CAM-03,CHO-066,434.0,434.0,24.0,21.2,1.0,1.0,1.0,3321,producto_id_sin_correspondencia_silver,fecha_local_bolivia_convertida_utc,,ORD-2026-03320,CLI-074,PROD-028,2026-08-23 16:23:00,Oruro,CAM-03,CHO-066,434,434.0,24,21.2,1,1,1,ORD-2026-03320,False,CLI-074,False,PROD-028,False,CAM-03,False,CHO-066,False,Oruro,False,434,False,434.0,False,False,434.0,False,False,24.0,False,False,21.2,False,False,1.0,False,False,1.0,False,False,1.0,False,False,iso,True,2026-08-23 20:23:00+00:00,False,True,False,True,False,,,True,1,0,producto_id_sin_correspondencia_silver,cuarentena
ORD-2026-03333,CLI-065,PROD-036,2026-08-26 16:41:00+00:00,Cochabamba,CAM-11,CHO-016,332.0,332.0,72.0,43.6,1.0,1.0,1.0,3334,producto_id_sin_correspondencia_silver,fecha_local_bolivia_convertida_utc,,ORD-2026-03333,CLI-065,PROD-036,2026-08-26 12:41:00,Cochabamba,CAM-11,CHO-016,332,332.0,72,43.6,1,1,1,ORD-2026-03333,False,CLI-065,False,PROD-036,False,CAM-11,False,CHO-016,False,Cochabamba,False,332,False,332.0,False,False,332.0,False,False,72.0,False,False,43.6,False,False,1.0,False,False,1.0,False,False,1.0,False,False,iso,True,2026-08-26 16:41:00+00:00,False,True,False,True,False,,,True,1,0,producto_id_sin_correspondencia_silver,cuarentena
ORD-2026-03339,CLI-081,PROD-027,2026-08-08 14:44:00+00:00,Cochabamba,CAM-01,CHO-047,397.0,397.0,48.0,44.4,1.0,1.0,1.0,3340,camion_id_sin_correspondencia_silver,fecha_local_bolivia_convertida_utc,,ORD-2026-03339,CLI-081,PROD-027,2026-08-08 10:44:00,Cochabamba,CAM-01,CHO-047,397,397.0,48,44.4,1,1,1,ORD-2026-03339,False,CLI-081,False,PROD-027,False,CAM-01,False,CHO-047,False,Cochabamba,False,397,False,397.0,False,False,397.0,False,False,48.0,False,False,44.4,False,False,1.0,False,False,1.0,False,False,1.0,False,False,iso,True,2026-08-08 14:44:00+00:00,False,True,True,False,False,,,True,1,0,camion_id_sin_correspondencia_silver,cuarentena
ORD-2026-03340,CLI-028,PROD-028,2026-08-02 16:29:00+00:00,Santa Cruz,CAM-09,CHO-036,499.0,499.0,48.0,35.3,1.0,1.0,1.0,3341,producto_id_sin_correspondencia_silver,fecha_local_bolivia_convertida_utc,,ORD-2026-03340,CLI-028,PROD-028,2026-08-02 12:29:00,Santa Cruz,CAM-09,CHO-036,499,499.0,48,35.3,1,1,1,ORD-2026-03340,False,CLI-028,False,PROD-028,False,CAM-09,False,CHO-036,False,Santa Cruz,False,499,False,499.0,False,False,499.0,False,False,48.0,False,False,35.3,False,False,1.0,False,False,1.0,False,False,1.0,False,False,iso,True,2026-08-02 16:29:00+00:00,False,True,False,True,False,,,True,1,0,producto_id_sin_correspondencia_silver,cuarentena
ORD-2026-03352,CLI-006,PROD-049,2026-08-13 22:36:00+00:00,Cochabamba,CAM-01,CHO-017,53.0,53.0,72.0,50.3,1.0,1.0,1.0,3353,camion_id_sin_correspondencia_silver,fecha_local_bolivia_convertida_utc,,ORD-2026-03352,CLI-006,PROD-049,2026-08-13 18:36:00,Cochabamba,CAM-01,CHO-017,53,53.0,72,50.3,1,1,1,ORD-2026-03352,False,CLI-006,False,PROD-049,False,CAM-01,False,CHO-017,False,Cochabamba,False,53,False,53.0,False,False,53.0,False,False,72.0,False,False,50.3,False,False,1.0,False,False,1.0,False,False,1.0,False,False,iso,True,2026-08-13 22:36:00+00:00,False,True,True,False,False,,,True,1,0,camion_id_sin_correspondencia_silver,cuarentena
ORD-2026-03358,CLI-040,PROD-026,2026-08-09 15:50:00+00:00,Santa Cruz,CAM-08,CHO-138,239.0,239.0,48.0,44.3,1.0,1.0,1.0,3359,producto_id_sin_correspondencia_silver,fecha_local_bolivia_convertida_utc,,ORD-2026-03358,CLI-040,PROD-026,2026-08-09 11:50:00,Santa Cruz,CAM-08,CHO-138,239,239.0,48,44.3,1,1,1,ORD-2026-03358,False,CLI-040,False,PROD-026,False,CAM-08,False,CHO-138,False,Santa Cruz,False,239,False,239.0,False,False,239.0,False,False,48.0,False,False,44.3,False,False,1.0,False,False,1.0,False,False,1.0,False,False,iso,True,2026-08-09 15:50:00+00:00,False,True,False,True,False,,,True,1,0,producto_id_sin_correspondencia_silver,cuarentena
ORD-2026-03364,CLI-092,PROD-021,2026-08-17 13:16:00+00:00,Cochabamba,CAM-27,CHO-057,385.0,385.0,72.0,61.6,1.0,1.0,1.0,3365,camion_id_sin_correspondencia_silver,fecha_local_bolivia_convertida_utc,,ORD-2026-03364,CLI-092,PROD-021,2026-08-17 09:16:00,Cochabamba,CAM-27,CHO-057,385,385.0,72,61.6,1,1,1,ORD-2026-03364,False,CLI-092,False,PROD-021,False,CAM-27,False,CHO-057,False,Cochabamba,False,385,False,385.0,False,False,385.0,False,False,72.0,False,False,61.6,False,False,1.0,False,False,1.0,False,False,1.0,False,False,iso,True,2026-08-17 13:16:00+00:00,False,True,True,False,False,,,True,1,0,camion_id_sin_correspondencia_silver,cuarentena
ORD-2026-03377,CLI-091,PROD-024,2026-08-14 05:17:00+00:00,Santa Cruz,CAM-29,CHO-053,233.0,233.0,72.0,69.6,1.0,1.0,1.0,3378,producto_id_sin_correspondencia_silver,fecha_local_bolivia_convertida_utc,,ORD-2026-03377,CLI-091,PROD-024,2026-08-14 01:17:00,Santa Cruz,CAM-29,CHO-053,233,233.0,72,69.6,1,1,1,ORD-2026-03377,False,CLI-091,False,PROD-024,False,CAM-29,False,CHO-053,False,Santa Cruz,False,233,False,233.0,False,False,233.0,False,False,72.0,False,False,69.6,False,False,1.0,False,False,1.0,False,False,1.0,False,False,iso,True,2026-08-14 05:17:00+00:00,False,True,False,True,False,,,True,1,0,producto_id_sin_correspondencia_silver,cuarentena
ORD-2026-03394,CLI-041,PROD-034,2026-08-03 09:33:00+00:00,Tarija,CAM-26,CHO-067,343.0,343.0,72.0,42.6,1.0,1.0,1.0,3395,order_id_duplicado,fecha_local_bolivia_convertida_utc,,ORD-2026-03394,CLI-041,PROD-034,2026-08-03 05:33:00,Tarija,CAM-26,CHO-067,343,343.0,72,42.6,1,1,1,ORD-2026-03394,False,CLI-041,False,PROD-034,False,CAM-26,False,CHO-067,False,Tarija,False,343,False,343.0,False,False,343.0,False,False,72.0,False,False,42.6,False,False,1.0,False,False,1.0,False,False,1.0,False,False,iso,True,2026-08-03 09:33:00+00:00,False,True,True,True,False,,,True,1,0,order_id_duplicado,cuarentena
ORD-2026-03407,CLI-052,PROD-024,2026-08-27 17:30:00+00:00,Cochabamba,CAM-14,CHO-020,33.0,33.0,72.0,70.4,1.0,1.0,1.0,3408,producto_id_sin_correspondencia_silver,fecha_local_bolivia_convertida_utc,,ORD-2026-03407,CLI-052,PROD-024,2026-08-27 13:30:00,Cochabamba,CAM-14,CHO-020,33,33.0,72,70.4,1,1,1,ORD-2026-03407,False,CLI-052,False,PROD-024,False,CAM-14,False,CHO-020,False,Cochabamba,False,33,False,33.0,False,False,33.0,False,False,72.0,False,False,70.4,False,False,1.0,False,False,1.0,False,False,1.0,False,False,iso,True,2026-08-27 17:30:00+00:00,False,True,False,True,False,,,True,1,0,producto_id_sin_correspondencia_silver,cuarentena
ORD-2026-03408,CLI-006,PROD-014,2026-08-09 14:04:00+00:00,Cochabamba,CAM-17,CHO-019,461.0,461.0,48.0,42.4,1.0,1.0,1.0,3409,producto_id_sin_correspondencia_silver,fecha_local_bolivia_convertida_utc,,ORD-2026-03408,CLI-006,PROD-014,2026-08-09 10:04:00,Cochabamba,CAM-17,CHO-019,461,461.0,48,42.4,1,1,1,ORD-2026-03408,False,CLI-006,False,PROD-014,False,CAM-17,False,CHO-019,False,Cochabamba,False,461,False,461.0,False,False,461.0,False,False,48.0,False,False,42.4,False,False,1.0,False,False,1.0,False,False,1.0,False,False,iso,True,2026-08-09 14:04:00+00:00,False,True,False,True,False,,,True,1,0,producto_id_sin_correspondencia_silver,cuarentena
ORD-2026-03410,CLI-087,PROD-010,2026-08-26 03:00:00+00:00,Cochabamba,CAM-22,CHO-131,86.0,86.0,48.0,29.3,1.0,1.0,1.0,3411,producto_id_sin_correspondencia_silver,fecha_local_bolivia_convertida_utc,,ORD-2026-03410,CLI-087,PROD-010,2026-08-25 23:00:00,Cochabamba,CAM-22,CHO-131,86,86.0,48,29.3,1,1,1,ORD-2026-03410,False,CLI-087,False,PROD-010,False,CAM-22,False,CHO-131,False,Cochabamba,False,86,False,86.0,False,False,86.0,False,False,48.0,False,False,29.3,False,False,1.0,False,False,1.0,False,False,1.0,False,False,iso,True,2026-08-26 03:00:00+00:00,False,True,False,True,False,,,True,1,0,producto_id_sin_correspondencia_silver,cuarentena
ORD-2026-03412,CLI-081,PROD-024,2026-08-07 06:14:00+00:00,Cochabamba,CAM-17,CHO-070,421.0,421.0,48.0,33.5,1.0,1.0,1.0,3413,producto_id_sin_correspondencia_silver,fecha_local_bolivia_convertida_utc,,ORD-2026-03412,CLI-081,PROD-024,2026-08-07 02:14:00,Cochabamba,CAM-17,CHO-070,421,421.0,48,33.5,1,1,1,ORD-2026-03412,False,CLI-081,False,PROD-024,False,CAM-17,False,CHO-070,False,Cochabamba,False,421,False,421.0,False,False,421.0,False,False,48.0,False,False,33.5,False,False,1.0,False,False,1.0,False,False,1.0,False,False,iso,True,2026-08-07 06:14:00+00:00,False,True,False,True,False,,,True,1,0,producto_id_sin_correspondencia_silver,cuarentena
ORD-2026-03415,CLI-037,PROD-024,2026-08-28 23:54:00+00:00,Santa Cruz,CAM-09,CHO-129,341.0,341.0,48.0,29.0,1.0,1.0,1.0,3416,producto_id_sin_correspondencia_silver,fecha_local_bolivia_convertida_utc,,ORD-2026-03415,CLI-037,PROD-024,2026-08-28 19:54:00,Santa Cruz,CAM-09,CHO-129,341,341.0,48,29.0,1,1,1,ORD-2026-03415,False,CLI-037,False,PROD-024,False,CAM-09,False,CHO-129,False,Santa Cruz,False,341,False,341.0,False,False,341.0,False,False,48.0,False,False,29.0,False,False,1.0,False,False,1.0,False,False,1.0,False,False,iso,True,2026-08-28 23:54:00+00:00,False,True,False,True,False,,,True,1,0,producto_id_sin_correspondencia_silver,cuarentena
ORD-2026-03418,CLI-099,PROD-026,2026-08-26 05:44:00+00:00,Cochabamba,CAM-25,CHO-033,39.0,39.0,24.0,15.8,1.0,1.0,1.0,3419,producto_id_sin_correspondencia_silver,fecha_local_bolivia_convertida_utc,,ORD-2026-03418,CLI-099,PROD-026,2026-08-26 01:44:00,Cochabamba,CAM-25,CHO-033,39,39.0,24,15.8,1,1,1,ORD-2026-03418,False,CLI-099,False,PROD-026,False,CAM-25,False,CHO-033,False,Cochabamba,False,39,False,39.0,False,False,39.0,False,False,24.0,False,False,15.8,False,False,1.0,False,False,1.0,False,False,1.0,False,False,iso,True,2026-08-26 05:44:00+00:00,False,True,False,True,False,,,True,1,0,producto_id_sin_correspondencia_silver,cuarentena
ORD-2026-03425,CLI-064,PROD-024,2026-08-23 14:08:00+00:00,Tarija,CAM-26,CHO-099,118.0,118.0,72.0,56.4,1.0,1.0,1.0,3426,producto_id_sin_correspondencia_silver,fecha_local_bolivia_convertida_utc,,ORD-2026-03425,CLI-064,PROD-024,2026-08-23 10:08:00,Tarija,CAM-26,CHO-099,118,118.0,72,56.4,1,1,1,ORD-2026-03425,False,CLI-064,False,PROD-024,False,CAM-26,False,CHO-099,False,Tarija,False,118,False,118.0,False,False,118.0,False,False,72.0,False,False,56.4,False,False,1.0,False,False,1.0,False,False,1.0,False,False,iso,True,2026-08-23 14:08:00+00:00,False,True,False,True,False,,,True,1,0,producto_id_sin_correspondencia_silver,cuarentena
ORD-2026-03427,CLI-059,PROD-055,2026-08-29 21:10:00+00:00,Cochabamba,CAM-27,CHO-047,130.0,130.0,72.0,66.7,1.0,1.0,1.0,3428,camion_id_sin_correspondencia_silver,fecha_local_bolivia_convertida_utc,,ORD-2026-03427,CLI-059,PROD-055,2026-08-29 17:10:00,Cochabamba,CAM-27,CHO-047,130,130.0,72,66.7,1,1,1,ORD-2026-03427,False,CLI-059,False,PROD-055,False,CAM-27,False,CHO-047,False,Cochabamba,False,130,False,130.0,False,False,130.0,False,False,72.0,False,False,66.7,False,False,1.0,False,False,1.0,False,False,1.0,False,False,iso,True,2026-08-29 21:10:00+00:00,False,True,True,False,False,,,True,1,0,camion_id_sin_correspondencia_silver,cuarentena
ORD-2026-03429,CLI-076,PROD-014,2026-08-17 07:39:00+00:00,Tarija,CAM-26,CHO-099,333.0,333.0,24.0,25.5,0.0,1.0,0.0,3430,producto_id_sin_correspondencia_silver,fecha_local_bolivia_convertida_utc,,ORD-2026-03429,CLI-076,PROD-014,2026-08-17 03:39:00,Tarija,CAM-26,CHO-099,333,333.0,24,25.5,0,1,0,ORD-2026-03429,False,CLI-076,False,PROD-014,False,CAM-26,False,CHO-099,False,Tarija,False,333,False,333.0,False,False,333.0,False,False,24.0,False,False,25.5,False,False,0.0,False,False,1.0,False,False,0.0,False,False,iso,True,2026-08-17 07:39:00+00:00,False,True,False,True,False,,,True,1,0,producto_id_sin_correspondencia_silver,cuarentena
ORD-2026-03436,CLI-048,PROD-027,2026-08-31 03:23:00+00:00,Cochabamba,CAM-01,CHO-142,304.0,304.0,48.0,37.4,1.0,1.0,1.0,3437,camion_id_sin_correspondencia_silver,fecha_local_bolivia_convertida_utc,,ORD-2026-03436,CLI-048,PROD-027,2026-08-30 23:23:00,Cochabamba,CAM-01,CHO-142,304,304.0,48,37.4,1,1,1,ORD-2026-03436,False,CLI-048,False,PROD-027,False,CAM-01,False,CHO-142,False,Cochabamba,False,304,False,304.0,False,False,304.0,False,False,48.0,False,False,37.4,False,False,1.0,False,False,1.0,False,False,1.0,False,False,iso,True,2026-08-31 03:23:00+00:00,False,True,True,False,False,,,True,1,0,camion_id_sin_correspondencia_silver,cuarentena
ORD-2026-03468,CLI-004,PROD-036,2026-08-12 22:42:00+00:00,Cochabamba,CAM-25,CHO-042,339.0,339.0,24.0,22.8,1.0,1.0,1.0,3469,producto_id_sin_correspondencia_silver,fecha_local_bolivia_convertida_utc,,ORD-2026-03468,CLI-004,PROD-036,2026-08-12 18:42:00,Cochabamba,CAM-25,CHO-042,339,339.0,24,22.8,1,1,1,ORD-2026-03468,False,CLI-004,False,PROD-036,False,CAM-25,False,CHO-042,False,Cochabamba,False,339,False,339.0,False,False,339.0,False,False,24.0,False,False,22.8,False,False,1.0,False,False,1.0,False,False,1.0,False,False,iso,True,2026-08-12 22:42:00+00:00,False,True,False,True,False,,,True,1,0,producto_id_sin_correspondencia_silver,cuarentena
ORD-2026-03473,CLI-098,PROD-024,2026-08-13 19:40:00+00:00,Tarija,CAM-21,CHO-055,60.0,60.0,48.0,41.4,1.0,1.0,1.0,3474,producto_id_sin_correspondencia_silver,fecha_local_bolivia_convertida_utc,,ORD-2026-03473,CLI-098,PROD-024,2026-08-13 15:40:00,Tarija,CAM-21,CHO-055,60,60.0,48,41.4,1,1,1,ORD-2026-03473,False,CLI-098,False,PROD-024,False,CAM-21,False,CHO-055,False,Tarija,False,60,False,60.0,False,False,60.0,False,False,48.0,False,False,41.4,False,False,1.0,False,False,1.0,False,False,1.0,False,False,iso,True,2026-08-13 19:40:00+00:00,False,True,False,True,False,,,True,1,0,producto_id_sin_correspondencia_silver,cuarentena
ORD-2026-03475,CLI-012,PROD-054,2026-08-31 02:08:00+00:00,Cochabamba,CAM-01,CHO-079,270.0,270.0,48.0,48.6,0.0,1.0,0.0,3476,camion_id_sin_correspondencia_silver,fecha_local_bolivia_convertida_utc,,ORD-2026-03475,CLI-012,PROD-054,2026-08-30 22:08:00,Cochabamba,CAM-01,CHO-079,270,270.0,48,48.6,0,1,0,ORD-2026-03475,False,CLI-012,False,PROD-054,False,CAM-01,False,CHO-079,False,Cochabamba,False,270,False,270.0,False,False,270.0,False,False,48.0,False,False,48.6,False,False,0.0,False,False,1.0,False,False,0.0,False,False,iso,True,2026-08-31 02:08:00+00:00,False,True,True,False,False,,,True,1,0,camion_id_sin_correspondencia_silver,cuarentena
ORD-2026-03477,CLI-016,PROD-036,2026-08-16 20:08:00+00:00,La Paz,CAM-28,CHO-103,258.0,258.0,24.0,20.3,1.0,1.0,1.0,3478,producto_id_sin_correspondencia_silver,fecha_local_bolivia_convertida_utc,,ORD-2026-03477,CLI-016,PROD-036,2026-08-16 16:08:00,La Paz,CAM-28,CHO-103,258,258.0,24,20.3,1,1,1,ORD-2026-03477,False,CLI-016,False,PROD-036,False,CAM-28,False,CHO-103,False,La Paz,False,258,False,258.0,False,False,258.0,False,False,24.0,False,False,20.3,False,False,1.0,False,False,1.0,False,False,1.0,False,False,iso,True,2026-08-16 20:08:00+00:00,False,True,False,True,False,,,True,1,0,producto_id_sin_correspondencia_silver,cuarentena
ORD-2026-03480,CLI-083,PROD-014,2026-08-24 13:18:00+00:00,Santa Cruz,CAM-09,CHO-112,392.0,392.0,48.0,33.3,1.0,1.0,1.0,3481,producto_id_sin_correspondencia_silver,fecha_local_bolivia_convertida_utc,,ORD-2026-03480,CLI-083,PROD-014,2026-08-24 09:18:00,Santa Cruz,CAM-09,CHO-112,392,392.0,48,33.3,1,1,1,ORD-2026-03480,False,CLI-083,False,PROD-014,False,CAM-09,False,CHO-112,False,Santa Cruz,False,392,False,392.0,False,False,392.0,False,False,48.0,False,False,33.3,False,False,1.0,False,False,1.0,False,False,1.0,False,False,iso,True,2026-08-24 13:18:00+00:00,False,True,False,True,False,,,True,1,0,producto_id_sin_correspondencia_silver,cuarentena
ORD-2026-03487,CLI-019,PROD-007,2026-08-30 16:23:00+00:00,Santa Cruz,CAM-09,CHO-053,22.0,22.0,72.0,55.4,1.0,1.0,1.0,3488,order_id_duplicado,fecha_local_bolivia_convertida_utc,,ORD-2026-03487,CLI-019,PROD-007,2026-08-30 12:23:00,Santa Cruz,CAM-09,CHO-053,22,22.0,72,55.4,1,1,1,ORD-2026-03487,False,CLI-019,False,PROD-007,False,CAM-09,False,CHO-053,False,Santa Cruz,False,22,False,22.0,False,False,22.0,False,False,72.0,False,False,55.4,False,False,1.0,False,False,1.0,False,False,1.0,False,False,iso,True,2026-08-30 16:23:00+00:00,False,True,True,True,False,,,True,1,0,order_id_duplicado,cuarentena
ORD-2026-03490,CLI-023,PROD-010,2026-08-06 01:59:00+00:00,Oruro,CAM-24,CHO-066,236.0,236.0,48.0,47.8,1.0,1.0,1.0,3491,producto_id_sin_correspondencia_silver,fecha_local_bolivia_convertida_utc,,ORD-2026-03490,CLI-023,PROD-010,2026-08-05 21:59:00,Oruro,CAM-24,CHO-066,236,236.0,48,47.8,1,1,1,ORD-2026-03490,False,CLI-023,False,PROD-010,False,CAM-24,False,CHO-066,False,Oruro,False,236,False,236.0,False,False,236.0,False,False,48.0,False,False,47.8,False,False,1.0,False,False,1.0,False,False,1.0,False,False,iso,True,2026-08-06 01:59:00+00:00,False,True,False,True,False,,,True,1,0,producto_id_sin_correspondencia_silver,cuarentena
ORD-2026-03491,CLI-066,PROD-003,2026-08-29 22:38:00+00:00,Cochabamba,CAM-01,CHO-087,455.0,451.0,24.0,27.5,0.0,0.0,0.0,3492,camion_id_sin_correspondencia_silver,fecha_local_bolivia_convertida_utc,,ORD-2026-03491,CLI-066,PROD-003,2026-08-29 18:38:00,Cochabamba,CAM-01,CHO-087,455,451.0,24,27.5,0,0,0,ORD-2026-03491,False,CLI-066,False,PROD-003,False,CAM-01,False,CHO-087,False,Cochabamba,False,455,False,455.0,False,False,451.0,False,False,24.0,False,False,27.5,False,False,0.0,False,False,0.0,False,False,0.0,False,False,iso,True,2026-08-29 22:38:00+00:00,False,True,True,False,False,,,True,1,0,camion_id_sin_correspondencia_silver,cuarentena
ORD-2026-03493,CLI-083,PROD-018,2026-08-25 19:13:00+00:00,Cochabamba,CAM-01,CHO-016,37.0,37.0,24.0,16.4,1.0,1.0,1.0,3494,camion_id_sin_correspondencia_silver,fecha_local_bolivia_convertida_utc,,ORD-2026-03493,CLI-083,PROD-018,2026-08-25 15:13:00,Cochabamba,CAM-01,CHO-016,37,37.0,24,16.4,1,1,1,ORD-2026-03493,False,CLI-083,False,PROD-018,False,CAM-01,False,CHO-016,False,Cochabamba,False,37,False,37.0,False,False,37.0,False,False,24.0,False,False,16.4,False,False,1.0,False,False,1.0,False,False,1.0,False,False,iso,True,2026-08-25 19:13:00+00:00,False,True,True,False,False,,,True,1,0,camion_id_sin_correspondencia_silver,cuarentena
ORD-2026-03498,CLI-099,PROD-006,2026-08-10 09:29:00+00:00,La Paz,CAM-04,CHO-023,50.0,138.0,72.0,74.0,0.0,1.0,0.0,3499,cantidad_entregada_mayor_solicitada,numero_escrito_normalizado:cantidad_solicitada | fecha_local_bolivia_convertida_utc,,ORD-2026-03498,CLI-099,PROD-006,2026-08-10 05:29:00,La Paz,CAM-04,CHO-023,cincuenta,138.0,72,74.0,0,1,0,ORD-2026-03498,False,CLI-099,False,PROD-006,False,CAM-04,False,CHO-023,False,La Paz,False,50,True,50.0,False,False,138.0,False,False,72.0,False,False,74.0,False,False,0.0,False,False,1.0,False,False,0.0,False,False,iso,True,2026-08-10 09:29:00+00:00,False,True,True,True,False,,,True,2,0,cantidad_entregada_mayor_solicitada,cuarentena
ORD-2026-03506,CLI-053,PROD-028,2026-08-12 18:25:00+00:00,Santa Cruz,CAM-29,CHO-034,46.0,46.0,24.0,25.1,0.0,1.0,0.0,3507,producto_id_sin_correspondencia_silver,fecha_local_bolivia_convertida_utc,,ORD-2026-03506,CLI-053,PROD-028,2026-08-12 14:25:00,Santa Cruz,CAM-29,CHO-034,46,46.0,24,25.1,0,1,0,ORD-2026-03506,False,CLI-053,False,PROD-028,False,CAM-29,False,CHO-034,False,Santa Cruz,False,46,False,46.0,False,False,46.0,False,False,24.0,False,False,25.1,False,False,0.0,False,False,1.0,False,False,0.0,False,False,iso,True,2026-08-12 18:25:00+00:00,False,True,False,True,False,,,True,1,0,producto_id_sin_correspondencia_silver,cuarentena
ORD-2026-03531,CLI-087,PROD-019,2026-08-06 02:01:00+00:00,Cochabamba,CAM-27,CHO-002,39.0,39.0,72.0,51.3,1.0,1.0,1.0,3532,camion_id_sin_correspondencia_silver,fecha_local_bolivia_convertida_utc,,ORD-2026-03531,CLI-087,PROD-019,2026-08-05 22:01:00,Cochabamba,CAM-27,CHO-002,39,39.0,72,51.3,1,1,1,ORD-2026-03531,False,CLI-087,False,PROD-019,False,CAM-27,False,CHO-002,False,Cochabamba,False,39,False,39.0,False,False,39.0,False,False,72.0,False,False,51.3,False,False,1.0,False,False,1.0,False,False,1.0,False,False,iso,True,2026-08-06 02:01:00+00:00,False,True,True,False,False,,,True,1,0,camion_id_sin_correspondencia_silver,cuarentena
ORD-2026-03566,CLI-056,PROD-010,2026-08-26 22:20:00+00:00,Cochabamba,CAM-30,CHO-040,131.0,131.0,48.0,47.1,1.0,1.0,1.0,3567,producto_id_sin_correspondencia_silver,fecha_local_bolivia_convertida_utc,,ORD-2026-03566,CLI-056,PROD-010,2026-08-26 18:20:00,Cochabamba,CAM-30,CHO-040,131,131.0,48,47.1,1,1,1,ORD-2026-03566,False,CLI-056,False,PROD-010,False,CAM-30,False,CHO-040,False,Cochabamba,False,131,False,131.0,False,False,131.0,False,False,48.0,False,False,47.1,False,False,1.0,False,False,1.0,False,False,1.0,False,False,iso,True,2026-08-26 22:20:00+00:00,False,True,False,True,False,,,True,1,0,producto_id_sin_correspondencia_silver,cuarentena
ORD-2026-03572,CLI-056,PROD-024,2026-08-07 01:02:00+00:00,La Paz,CAM-04,CHO-147,406.0,406.0,24.0,25.0,0.0,1.0,0.0,3573,producto_id_sin_correspondencia_silver,fecha_local_bolivia_convertida_utc,,ORD-2026-03572,CLI-056,PROD-024,2026-08-06 21:02:00,La Paz,CAM-04,CHO-147,406,406.0,24,25.0,0,1,0,ORD-2026-03572,False,CLI-056,False,PROD-024,False,CAM-04,False,CHO-147,False,La Paz,False,406,False,406.0,False,False,406.0,False,False,24.0,False,False,25.0,False,False,0.0,False,False,1.0,False,False,0.0,False,False,iso,True,2026-08-07 01:02:00+00:00,False,True,False,True,False,,,True,1,0,producto_id_sin_correspondencia_silver,cuarentena
ORD-2026-03573,CLI-090,PROD-013,2026-08-12 03:38:00+00:00,Tarija,CAM-19,CHO-014,305.0,305.0,24.0,22.2,1.0,1.0,1.0,3574,order_id_duplicado,fecha_local_bolivia_convertida_utc,,ORD-2026-03573,CLI-090,PROD-013,2026-08-11 23:38:00,Tarija,CAM-19,CHO-014,305,305.0,24,22.2,1,1,1,ORD-2026-03573,False,CLI-090,False,PROD-013,False,CAM-19,False,CHO-014,False,Tarija,False,305,False,305.0,False,False,305.0,False,False,24.0,False,False,22.2,False,False,1.0,False,False,1.0,False,False,1.0,False,False,iso,True,2026-08-12 03:38:00+00:00,False,True,True,True,False,,,True,1,0,order_id_duplicado,cuarentena
ORD-2026-03574,CLI-030,PROD-027,2026-08-03 07:40:00+00:00,Cochabamba,CAM-01,CHO-083,172.0,172.0,72.0,56.5,1.0,1.0,1.0,3575,camion_id_sin_correspondencia_silver,normalizacion_identificador:order_id | fecha_local_bolivia_convertida_utc,, ord-2026-03574 ,CLI-030,PROD-027,2026-08-03 03:40:00,Cochabamba,CAM-01,CHO-083,172,172.0,72,56.5,1,1,1,ORD-2026-03574,True,CLI-030,False,PROD-027,False,CAM-01,False,CHO-083,False,Cochabamba,False,172,False,172.0,False,False,172.0,False,False,72.0,False,False,56.5,False,False,1.0,False,False,1.0,False,False,1.0,False,False,iso,True,2026-08-03 07:40:00+00:00,False,True,True,False,False,,,True,2,0,camion_id_sin_correspondencia_silver,cuarentena
ORD-2026-03582,CLI-019,PROD-033,2026-08-31 01:44:00+00:00,Cochabamba,CAM-01,CHO-003,57.0,57.0,72.0,57.6,1.0,1.0,1.0,3583,camion_id_sin_correspondencia_silver,fecha_local_bolivia_convertida_utc,,ORD-2026-03582,CLI-019,PROD-033,2026-08-30 21:44:00,Cochabamba,CAM-01,CHO-003,57,57.0,72,57.6,1,1,1,ORD-2026-03582,False,CLI-019,False,PROD-033,False,CAM-01,False,CHO-003,False,Cochabamba,False,57,False,57.0,False,False,57.0,False,False,72.0,False,False,57.6,False,False,1.0,False,False,1.0,False,False,1.0,False,False,iso,True,2026-08-31 01:44:00+00:00,False,True,True,False,False,,,True,1,0,camion_id_sin_correspondencia_silver,cuarentena
ORD-2026-03584,CLI-060,PROD-054,2026-08-20 03:09:00+00:00,Santa Cruz,CAM-08,CHO-034,156.0,152.0,48.0,30.7,1.0,0.0,0.0,3585,order_id_duplicado,fecha_local_bolivia_convertida_utc,,ORD-2026-03584,CLI-060,PROD-054,2026-08-19 23:09:00,Santa Cruz,CAM-08,CHO-034,156,152.0,48,30.7,1,0,0,ORD-2026-03584,False,CLI-060,False,PROD-054,False,CAM-08,False,CHO-034,False,Santa Cruz,False,156,False,156.0,False,False,152.0,False,False,48.0,False,False,30.7,False,False,1.0,False,False,0.0,False,False,0.0,False,False,iso,True,2026-08-20 03:09:00+00:00,False,True,True,True,False,,,True,1,0,order_id_duplicado,cuarentena
ORD-2026-03588,CLI-039,PROD-051,2026-08-30 03:12:00+00:00,Cochabamba,CAM-01,CHO-143,475.0,475.0,72.0,58.2,1.0,1.0,1.0,3589,camion_id_sin_correspondencia_silver,fecha_local_bolivia_convertida_utc,,ORD-2026-03588,CLI-039,PROD-051,2026-08-29 23:12:00,Cochabamba,CAM-01,CHO-143,475,475.0,72,58.2,1,1,1,ORD-2026-03588,False,CLI-039,False,PROD-051,False,CAM-01,False,CHO-143,False,Cochabamba,False,475,False,475.0,False,False,475.0,False,False,72.0,False,False,58.2,False,False,1.0,False,False,1.0,False,False,1.0,False,False,iso,True,2026-08-30 03:12:00+00:00,False,True,True,False,False,,,True,1,0,camion_id_sin_correspondencia_silver,cuarentena
ORD-2026-03592,CLI-032,PROD-024,2026-08-13 01:04:00+00:00,Cochabamba,CAM-25,CHO-072,158.0,158.0,48.0,39.5,1.0,1.0,1.0,3593,producto_id_sin_correspondencia_silver,fecha_local_bolivia_convertida_utc,,ORD-2026-03592,CLI-032,PROD-024,2026-08-12 21:04:00,Cochabamba,CAM-25,CHO-072,158,158.0,48,39.5,1,1,1,ORD-2026-03592,False,CLI-032,False,PROD-024,False,CAM-25,False,CHO-072,False,Cochabamba,False,158,False,158.0,False,False,158.0,False,False,48.0,False,False,39.5,False,False,1.0,False,False,1.0,False,False,1.0,False,False,iso,True,2026-08-13 01:04:00+00:00,False,True,False,True,False,,,True,1,0,producto_id_sin_correspondencia_silver,cuarentena
ORD-2026-03614,CLI-009,PROD-024,2026-08-12 13:16:00+00:00,Oruro,CAM-20,CHO-027,122.0,122.0,24.0,17.7,1.0,1.0,1.0,3615,producto_id_sin_correspondencia_silver,fecha_local_bolivia_convertida_utc,,ORD-2026-03614,CLI-009,PROD-024,2026-08-12 09:16:00,Oruro,CAM-20,CHO-027,122,122.0,24,17.7,1,1,1,ORD-2026-03614,False,CLI-009,False,PROD-024,False,CAM-20,False,CHO-027,False,Oruro,False,122,False,122.0,False,False,122.0,False,False,24.0,False,False,17.7,False,False,1.0,False,False,1.0,False,False,1.0,False,False,iso,True,2026-08-12 13:16:00+00:00,False,True,False,True,False,,,True,1,0,producto_id_sin_correspondencia_silver,cuarentena
ORD-2026-03620,CLI-098,PROD-012,2026-08-27 16:50:00+00:00,Cochabamba,CAM-01,CHO-044,311.0,311.0,72.0,72.9,0.0,1.0,0.0,3621,camion_id_sin_correspondencia_silver,fecha_local_bolivia_convertida_utc,,ORD-2026-03620,CLI-098,PROD-012,2026-08-27 12:50:00,Cochabamba,CAM-01,CHO-044,311,311.0,72,72.9,0,1,0,ORD-2026-03620,False,CLI-098,False,PROD-012,False,CAM-01,False,CHO-044,False,Cochabamba,False,311,False,311.0,False,False,311.0,False,False,72.0,False,False,72.9,False,False,0.0,False,False,1.0,False,False,0.0,False,False,iso,True,2026-08-27 16:50:00+00:00,False,True,True,False,False,,,True,1,0,camion_id_sin_correspondencia_silver,cuarentena
ORD-2026-03635,CLI-040,PROD-010,2026-08-16 23:48:00+00:00,Cochabamba,CAM-30,CHO-086,493.0,493.0,48.0,45.7,1.0,1.0,1.0,3636,producto_id_sin_correspondencia_silver,fecha_local_bolivia_convertida_utc,,ORD-2026-03635,CLI-040,PROD-010,2026-08-16 19:48:00,Cochabamba,CAM-30,CHO-086,493,493.0,48,45.7,1,1,1,ORD-2026-03635,False,CLI-040,False,PROD-010,False,CAM-30,False,CHO-086,False,Cochabamba,False,493,False,493.0,False,False,493.0,False,False,48.0,False,False,45.7,False,False,1.0,False,False,1.0,False,False,1.0,False,False,iso,True,2026-08-16 23:48:00+00:00,False,True,False,True,False,,,True,1,0,producto_id_sin_correspondencia_silver,cuarentena
ORD-2026-03638,CLI-044,PROD-036,2026-08-03 10:56:00+00:00,Cochabamba,CAM-02,CHO-077,150.0,150.0,72.0,39.6,1.0,1.0,1.0,3639,producto_id_sin_correspondencia_silver,fecha_local_bolivia_convertida_utc,,ORD-2026-03638,CLI-044,PROD-036,2026-08-03 06:56:00,Cochabamba,CAM-02,CHO-077,150,150.0,72,39.6,1,1,1,ORD-2026-03638,False,CLI-044,False,PROD-036,False,CAM-02,False,CHO-077,False,Cochabamba,False,150,False,150.0,False,False,150.0,False,False,72.0,False,False,39.6,False,False,1.0,False,False,1.0,False,False,1.0,False,False,iso,True,2026-08-03 10:56:00+00:00,False,True,False,True,False,,,True,1,0,producto_id_sin_correspondencia_silver,cuarentena
ORD-2026-03648,CLI-074,PROD-036,2026-08-26 22:03:00+00:00,La Paz,CAM-28,CHO-056,149.0,149.0,48.0,43.4,1.0,1.0,1.0,3649,producto_id_sin_correspondencia_silver,fecha_local_bolivia_convertida_utc,,ORD-2026-03648,CLI-074,PROD-036,2026-08-26 18:03:00,La Paz,CAM-28,CHO-056,149,149.0,48,43.4,1,1,1,ORD-2026-03648,False,CLI-074,False,PROD-036,False,CAM-28,False,CHO-056,False,La Paz,False,149,False,149.0,False,False,149.0,False,False,48.0,False,False,43.4,False,False,1.0,False,False,1.0,False,False,1.0,False,False,iso,True,2026-08-26 22:03:00+00:00,False,True,False,True,False,,,True,1,0,producto_id_sin_correspondencia_silver,cuarentena
ORD-2026-03656,CLI-066,PROD-026,2026-08-16 14:59:00+00:00,Oruro,CAM-20,CHO-038,437.0,437.0,72.0,63.3,1.0,1.0,1.0,3657,producto_id_sin_correspondencia_silver,fecha_local_bolivia_convertida_utc,,ORD-2026-03656,CLI-066,PROD-026,2026-08-16 10:59:00,Oruro,CAM-20,CHO-038,437,437.0,72,63.3,1,1,1,ORD-2026-03656,False,CLI-066,False,PROD-026,False,CAM-20,False,CHO-038,False,Oruro,False,437,False,437.0,False,False,437.0,False,False,72.0,False,False,63.3,False,False,1.0,False,False,1.0,False,False,1.0,False,False,iso,True,2026-08-16 14:59:00+00:00,False,True,False,True,False,,,True,1,0,producto_id_sin_correspondencia_silver,cuarentena
ORD-2026-03658,CLI-074,PROD-026,2026-08-14 13:49:00+00:00,Santa Cruz,CAM-08,CHO-105,45.0,45.0,72.0,64.8,1.0,1.0,1.0,3659,producto_id_sin_correspondencia_silver,fecha_local_bolivia_convertida_utc,,ORD-2026-03658,CLI-074,PROD-026,2026-08-14 09:49:00,Santa Cruz,CAM-08,CHO-105,45,45.0,72,64.8,1,1,1,ORD-2026-03658,False,CLI-074,False,PROD-026,False,CAM-08,False,CHO-105,False,Santa Cruz,False,45,False,45.0,False,False,45.0,False,False,72.0,False,False,64.8,False,False,1.0,False,False,1.0,False,False,1.0,False,False,iso,True,2026-08-14 13:49:00+00:00,False,True,False,True,False,,,True,1,0,producto_id_sin_correspondencia_silver,cuarentena
ORD-2026-03659,CLI-022,PROD-024,2026-08-24 21:12:00+00:00,Oruro,CAM-20,CHO-066,213.0,210.0,24.0,19.7,1.0,0.0,0.0,3660,producto_id_sin_correspondencia_silver,fecha_local_bolivia_convertida_utc,,ORD-2026-03659,CLI-022,PROD-024,2026-08-24 17:12:00,Oruro,CAM-20,CHO-066,213,210.0,24,19.7,1,0,0,ORD-2026-03659,False,CLI-022,False,PROD-024,False,CAM-20,False,CHO-066,False,Oruro,False,213,False,213.0,False,False,210.0,False,False,24.0,False,False,19.7,False,False,1.0,False,False,0.0,False,False,0.0,False,False,iso,True,2026-08-24 21:12:00+00:00,False,True,False,True,False,,,True,1,0,producto_id_sin_correspondencia_silver,cuarentena
ORD-2026-03671,CLI-048,PROD-024,2026-08-30 12:10:00+00:00,Tarija,CAM-21,CHO-043,462.0,462.0,72.0,67.3,1.0,1.0,1.0,3672,producto_id_sin_correspondencia_silver,normalizacion_identificador:order_id | fecha_local_bolivia_convertida_utc,, ord-2026-03671 ,CLI-048,PROD-024,2026-08-30 08:10:00,Tarija,CAM-21,CHO-043,462,462.0,72,67.3,1,1,1,ORD-2026-03671,True,CLI-048,False,PROD-024,False,CAM-21,False,CHO-043,False,Tarija,False,462,False,462.0,False,False,462.0,False,False,72.0,False,False,67.3,False,False,1.0,False,False,1.0,False,False,1.0,False,False,iso,True,2026-08-30 12:10:00+00:00,False,True,False,True,False,,,True,2,0,producto_id_sin_correspondencia_silver,cuarentena
ORD-2026-03679,CLI-067,PROD-012,2026-08-10 03:30:00+00:00,La Paz,CAM-28,CHO-054,316.0,,48.0,31.9,1.0,1.0,1.0,3680,requerido_ausente:cantidad_entregada,fecha_local_bolivia_convertida_utc,,ORD-2026-03679,CLI-067,PROD-012,2026-08-09 23:30:00,La Paz,CAM-28,CHO-054,316,,48,31.9,1,1,1,ORD-2026-03679,False,CLI-067,False,PROD-012,False,CAM-28,False,CHO-054,False,La Paz,False,316,False,316.0,False,False,,False,False,48.0,False,False,31.9,False,False,1.0,False,False,1.0,False,False,1.0,False,False,iso,True,2026-08-10 03:30:00+00:00,False,True,True,True,False,,,True,1,0,requerido_ausente:cantidad_entregada,cuarentena
ORD-2026-03681,CLI-042,PROD-028,2026-08-12 10:30:00+00:00,Tarija,CAM-21,CHO-025,397.0,397.0,48.0,37.7,1.0,1.0,1.0,3682,producto_id_sin_correspondencia_silver,fecha_local_bolivia_convertida_utc,,ORD-2026-03681,CLI-042,PROD-028,2026-08-12 06:30:00,Tarija,CAM-21,CHO-025,397,397.0,48,37.7,1,1,1,ORD-2026-03681,False,CLI-042,False,PROD-028,False,CAM-21,False,CHO-025,False,Tarija,False,397,False,397.0,False,False,397.0,False,False,48.0,False,False,37.7,False,False,1.0,False,False,1.0,False,False,1.0,False,False,iso,True,2026-08-12 10:30:00+00:00,False,True,False,True,False,,,True,1,0,producto_id_sin_correspondencia_silver,cuarentena
ORD-2026-03683,CLI-019,PROD-045,2026-08-16 00:10:00+00:00,Cochabamba,CAM-27,CHO-065,222.0,222.0,48.0,44.2,1.0,1.0,1.0,3684,camion_id_sin_correspondencia_silver,fecha_local_bolivia_convertida_utc,,ORD-2026-03683,CLI-019,PROD-045,2026-08-15 20:10:00,Cochabamba,CAM-27,CHO-065,222,222.0,48,44.2,1,1,1,ORD-2026-03683,False,CLI-019,False,PROD-045,False,CAM-27,False,CHO-065,False,Cochabamba,False,222,False,222.0,False,False,222.0,False,False,48.0,False,False,44.2,False,False,1.0,False,False,1.0,False,False,1.0,False,False,iso,True,2026-08-16 00:10:00+00:00,False,True,True,False,False,,,True,1,0,camion_id_sin_correspondencia_silver,cuarentena
ORD-2026-03685,CLI-001,PROD-058,2026-08-27 21:34:00+00:00,Cochabamba,CAM-01,CHO-085,236.0,236.0,24.0,20.4,1.0,1.0,1.0,3686,camion_id_sin_correspondencia_silver,fecha_local_bolivia_convertida_utc,,ORD-2026-03685,CLI-001,PROD-058,2026-08-27 17:34:00,Cochabamba,CAM-01,CHO-085,236,236.0,24,20.4,1,1,1,ORD-2026-03685,False,CLI-001,False,PROD-058,False,CAM-01,False,CHO-085,False,Cochabamba,False,236,False,236.0,False,False,236.0,False,False,24.0,False,False,20.4,False,False,1.0,False,False,1.0,False,False,1.0,False,False,iso,True,2026-08-27 21:34:00+00:00,False,True,True,False,False,,,True,1,0,camion_id_sin_correspondencia_silver,cuarentena
ORD-2026-03690,CLI-072,PROD-026,2026-08-20 06:08:00+00:00,Cochabamba,CAM-27,CHO-098,15.0,15.0,72.0,73.3,0.0,1.0,0.0,3691,producto_id_sin_correspondencia_silver | camion_id_sin_correspondencia_silver,fecha_local_bolivia_convertida_utc,,ORD-2026-03690,CLI-072,PROD-026,2026-08-20 02:08:00,Cochabamba,CAM-27,CHO-098,15,15.0,72,73.3,0,1,0,ORD-2026-03690,False,CLI-072,False,PROD-026,False,CAM-27,False,CHO-098,False,Cochabamba,False,15,False,15.0,False,False,15.0,False,False,72.0,False,False,73.3,False,False,0.0,False,False,1.0,False,False,0.0,False,False,iso,True,2026-08-20 06:08:00+00:00,False,True,False,False,False,,,True,1,0,producto_id_sin_correspondencia_silver | camion_id_sin_correspondencia_silver,cuarentena
ORD-2026-03698,CLI-015,PROD-032,2026-08-27 03:23:00+00:00,Cochabamba,CAM-27,CHO-007,405.0,405.0,24.0,22.3,1.0,1.0,1.0,3699,camion_id_sin_correspondencia_silver,fecha_local_bolivia_convertida_utc,,ORD-2026-03698,CLI-015,PROD-032,2026-08-26 23:23:00,Cochabamba,CAM-27,CHO-007,405,405.0,24,22.3,1,1,1,ORD-2026-03698,False,CLI-015,False,PROD-032,False,CAM-27,False,CHO-007,False,Cochabamba,False,405,False,405.0,False,False,405.0,False,False,24.0,False,False,22.3,False,False,1.0,False,False,1.0,False,False,1.0,False,False,iso,True,2026-08-27 03:23:00+00:00,False,True,True,False,False,,,True,1,0,camion_id_sin_correspondencia_silver,cuarentena
ORD-2026-03726,CLI-059,PROD-010,2026-08-23 15:01:00+00:00,Cochabamba,CAM-27,CHO-017,415.0,415.0,24.0,15.3,1.0,1.0,1.0,3727,producto_id_sin_correspondencia_silver | camion_id_sin_correspondencia_silver,fecha_local_bolivia_convertida_utc,,ORD-2026-03726,CLI-059,PROD-010,2026-08-23 11:01:00,Cochabamba,CAM-27,CHO-017,415,415.0,24,15.3,1,1,1,ORD-2026-03726,False,CLI-059,False,PROD-010,False,CAM-27,False,CHO-017,False,Cochabamba,False,415,False,415.0,False,False,415.0,False,False,24.0,False,False,15.3,False,False,1.0,False,False,1.0,False,False,1.0,False,False,iso,True,2026-08-23 15:01:00+00:00,False,True,False,False,False,,,True,1,0,producto_id_sin_correspondencia_silver | camion_id_sin_correspondencia_silver,cuarentena
ORD-2026-03733,CLI-078,PROD-028,2026-08-25 22:10:00+00:00,Santa Cruz,CAM-18,CHO-053,272.0,272.0,72.0,89.1,0.0,1.0,0.0,3734,producto_id_sin_correspondencia_silver,fecha_local_bolivia_convertida_utc,,ORD-2026-03733,CLI-078,PROD-028,2026-08-25 18:10:00,Santa Cruz,CAM-18,CHO-053,272,272.0,72,89.1,0,1,0,ORD-2026-03733,False,CLI-078,False,PROD-028,False,CAM-18,False,CHO-053,False,Santa Cruz,False,272,False,272.0,False,False,272.0,False,False,72.0,False,False,89.1,False,False,0.0,False,False,1.0,False,False,0.0,False,False,iso,True,2026-08-25 22:10:00+00:00,False,True,False,True,False,,,True,1,0,producto_id_sin_correspondencia_silver,cuarentena
ORD-2026-03740,CLI-074,PROD-006,2026-08-24 06:16:00+00:00,Cochabamba,CAM-27,CHO-122,288.0,288.0,24.0,21.7,1.0,1.0,1.0,3741,camion_id_sin_correspondencia_silver,fecha_local_bolivia_convertida_utc,,ORD-2026-03740,CLI-074,PROD-006,2026-08-24 02:16:00,Cochabamba,CAM-27,CHO-122,288,288.0,24,21.7,1,1,1,ORD-2026-03740,False,CLI-074,False,PROD-006,False,CAM-27,False,CHO-122,False,Cochabamba,False,288,False,288.0,False,False,288.0,False,False,24.0,False,False,21.7,False,False,1.0,False,False,1.0,False,False,1.0,False,False,iso,True,2026-08-24 06:16:00+00:00,False,True,True,False,False,,,True,1,0,camion_id_sin_correspondencia_silver,cuarentena
ORD-2026-03747,CLI-044,PROD-024,2026-08-24 18:20:00+00:00,Cochabamba,CAM-01,CHO-049,150.0,150.0,72.0,46.4,1.0,1.0,1.0,3748,producto_id_sin_correspondencia_silver | camion_id_sin_correspondencia_silver,normalizacion_identificador:order_id | fecha_local_bolivia_convertida_utc,, ord-2026-03747 ,CLI-044,PROD-024,2026-08-24 14:20:00,Cochabamba,CAM-01,CHO-049,150,150.0,72,46.4,1,1,1,ORD-2026-03747,True,CLI-044,False,PROD-024,False,CAM-01,False,CHO-049,False,Cochabamba,False,150,False,150.0,False,False,150.0,False,False,72.0,False,False,46.4,False,False,1.0,False,False,1.0,False,False,1.0,False,False,iso,True,2026-08-24 18:20:00+00:00,False,True,False,False,False,,,True,2,0,producto_id_sin_correspondencia_silver | camion_id_sin_correspondencia_silver,cuarentena
ORD-2026-03748,CLI-094,PROD-040,2026-08-04 00:45:00+00:00,Cochabamba,CAM-01,CHO-121,86.0,86.0,24.0,12.8,1.0,1.0,1.0,3749,camion_id_sin_correspondencia_silver,fecha_local_bolivia_convertida_utc,,ORD-2026-03748,CLI-094,PROD-040,2026-08-03 20:45:00,Cochabamba,CAM-01,CHO-121,86,86.0,24,12.8,1,1,1,ORD-2026-03748,False,CLI-094,False,PROD-040,False,CAM-01,False,CHO-121,False,Cochabamba,False,86,False,86.0,False,False,86.0,False,False,24.0,False,False,12.8,False,False,1.0,False,False,1.0,False,False,1.0,False,False,iso,True,2026-08-04 00:45:00+00:00,False,True,True,False,False,,,True,1,0,camion_id_sin_correspondencia_silver,cuarentena
ORD-2026-03754,CLI-029,PROD-044,2026-08-30 19:56:00+00:00,Cochabamba,CAM-27,CHO-033,262.0,262.0,24.0,20.8,1.0,1.0,1.0,3755,camion_id_sin_correspondencia_silver,fecha_local_bolivia_convertida_utc,,ORD-2026-03754,CLI-029,PROD-044,2026-08-30 15:56:00,Cochabamba,CAM-27,CHO-033,262,262.0,24,20.8,1,1,1,ORD-2026-03754,False,CLI-029,False,PROD-044,False,CAM-27,False,CHO-033,False,Cochabamba,False,262,False,262.0,False,False,262.0,False,False,24.0,False,False,20.8,False,False,1.0,False,False,1.0,False,False,1.0,False,False,iso,True,2026-08-30 19:56:00+00:00,False,True,True,False,False,,,True,1,0,camion_id_sin_correspondencia_silver,cuarentena
ORD-2026-03755,CLI-003,PROD-006,2026-08-06 03:49:00+00:00,Cochabamba,CAM-01,CHO-111,456.0,456.0,24.0,16.0,1.0,1.0,1.0,3756,camion_id_sin_correspondencia_silver,fecha_local_bolivia_convertida_utc,,ORD-2026-03755,CLI-003,PROD-006,2026-08-05 23:49:00,Cochabamba,CAM-01,CHO-111,456,456.0,24,16.0,1,1,1,ORD-2026-03755,False,CLI-003,False,PROD-006,False,CAM-01,False,CHO-111,False,Cochabamba,False,456,False,456.0,False,False,456.0,False,False,24.0,False,False,16.0,False,False,1.0,False,False,1.0,False,False,1.0,False,False,iso,True,2026-08-06 03:49:00+00:00,False,True,True,False,False,,,True,1,0,camion_id_sin_correspondencia_silver,cuarentena
ORD-2026-03759,CLI-050,PROD-028,2026-08-19 04:17:00+00:00,La Paz,CAM-15,CHO-147,488.0,488.0,72.0,60.0,1.0,1.0,1.0,3760,producto_id_sin_correspondencia_silver,fecha_local_bolivia_convertida_utc,,ORD-2026-03759,CLI-050,PROD-028,2026-08-19 00:17:00,La Paz,CAM-15,CHO-147,488,488.0,72,60.0,1,1,1,ORD-2026-03759,False,CLI-050,False,PROD-028,False,CAM-15,False,CHO-147,False,La Paz,False,488,False,488.0,False,False,488.0,False,False,72.0,False,False,60.0,False,False,1.0,False,False,1.0,False,False,1.0,False,False,iso,True,2026-08-19 04:17:00+00:00,False,True,False,True,False,,,True,1,0,producto_id_sin_correspondencia_silver,cuarentena
ORD-2026-03763,CLI-064,PROD-014,2026-08-13 10:05:00+00:00,Cochabamba,CAM-13,CHO-033,81.0,81.0,72.0,53.1,1.0,1.0,1.0,3764,producto_id_sin_correspondencia_silver,fecha_local_bolivia_convertida_utc,,ORD-2026-03763,CLI-064,PROD-014,2026-08-13 06:05:00,Cochabamba,CAM-13,CHO-033,81,81.0,72,53.1,1,1,1,ORD-2026-03763,False,CLI-064,False,PROD-014,False,CAM-13,False,CHO-033,False,Cochabamba,False,81,False,81.0,False,False,81.0,False,False,72.0,False,False,53.1,False,False,1.0,False,False,1.0,False,False,1.0,False,False,iso,True,2026-08-13 10:05:00+00:00,False,True,False,True,False,,,True,1,0,producto_id_sin_correspondencia_silver,cuarentena
ORD-2026-03768,CLI-014,PROD-025,2026-08-08 10:40:00+00:00,Cochabamba,CAM-01,CHO-081,16.0,1.0,72.0,36.2,1.0,0.0,0.0,3769,camion_id_sin_correspondencia_silver,fecha_local_bolivia_convertida_utc,,ORD-2026-03768,CLI-014,PROD-025,2026-08-08 06:40:00,Cochabamba,CAM-01,CHO-081,16,1.0,72,36.2,1,0,0,ORD-2026-03768,False,CLI-014,False,PROD-025,False,CAM-01,False,CHO-081,False,Cochabamba,False,16,False,16.0,False,False,1.0,False,False,72.0,False,False,36.2,False,False,1.0,False,False,0.0,False,False,0.0,False,False,iso,True,2026-08-08 10:40:00+00:00,False,True,True,False,False,,,True,1,0,camion_id_sin_correspondencia_silver,cuarentena
ORD-2026-03770,CLI-015,PROD-026,2026-08-19 06:15:00+00:00,Cochabamba,CAM-25,CHO-016,473.0,473.0,72.0,57.2,1.0,1.0,1.0,3771,producto_id_sin_correspondencia_silver,fecha_local_bolivia_convertida_utc,,ORD-2026-03770,CLI-015,PROD-026,2026-08-19 02:15:00,Cochabamba,CAM-25,CHO-016,473,473.0,72,57.2,1,1,1,ORD-2026-03770,False,CLI-015,False,PROD-026,False,CAM-25,False,CHO-016,False,Cochabamba,False,473,False,473.0,False,False,473.0,False,False,72.0,False,False,57.2,False,False,1.0,False,False,1.0,False,False,1.0,False,False,iso,True,2026-08-19 06:15:00+00:00,False,True,False,True,False,,,True,1,0,producto_id_sin_correspondencia_silver,cuarentena
ORD-2026-03781,CLI-073,PROD-018,2026-08-15 10:51:00+00:00,Santa Cruz,CAM-29,CHO-090,50.0,,48.0,24.9,1.0,1.0,1.0,3782,requerido_ausente:cantidad_entregada,numero_escrito_normalizado:cantidad_solicitada | fecha_local_bolivia_convertida_utc,,ORD-2026-03781,CLI-073,PROD-018,2026-08-15 06:51:00,Santa Cruz,CAM-29,CHO-090,cincuenta,,48,24.9,1,1,1,ORD-2026-03781,False,CLI-073,False,PROD-018,False,CAM-29,False,CHO-090,False,Santa Cruz,False,50,True,50.0,False,False,,False,False,48.0,False,False,24.9,False,False,1.0,False,False,1.0,False,False,1.0,False,False,iso,True,2026-08-15 10:51:00+00:00,False,True,True,True,False,,,True,2,0,requerido_ausente:cantidad_entregada,cuarentena
ORD-2026-03785,CLI-014,PROD-014,2026-08-15 14:40:00+00:00,Cochabamba,CAM-05,CHO-044,190.0,190.0,72.0,67.4,1.0,1.0,1.0,3786,producto_id_sin_correspondencia_silver,fecha_local_bolivia_convertida_utc,,ORD-2026-03785,CLI-014,PROD-014,2026-08-15 10:40:00,Cochabamba,CAM-05,CHO-044,190,190.0,72,67.4,1,1,1,ORD-2026-03785,False,CLI-014,False,PROD-014,False,CAM-05,False,CHO-044,False,Cochabamba,False,190,False,190.0,False,False,190.0,False,False,72.0,False,False,67.4,False,False,1.0,False,False,1.0,False,False,1.0,False,False,iso,True,2026-08-15 14:40:00+00:00,False,True,False,True,False,,,True,1,0,producto_id_sin_correspondencia_silver,cuarentena
ORD-2026-03800,CLI-015,PROD-034,2026-08-08 04:46:00+00:00,Cochabamba,CAM-27,CHO-002,408.0,408.0,72.0,25.2,1.0,1.0,1.0,3801,camion_id_sin_correspondencia_silver,fecha_local_bolivia_convertida_utc,,ORD-2026-03800,CLI-015,PROD-034,2026-08-08 00:46:00,Cochabamba,CAM-27,CHO-002,408,408.0,72,25.2,1,1,1,ORD-2026-03800,False,CLI-015,False,PROD-034,False,CAM-27,False,CHO-002,False,Cochabamba,False,408,False,408.0,False,False,408.0,False,False,72.0,False,False,25.2,False,False,1.0,False,False,1.0,False,False,1.0,False,False,iso,True,2026-08-08 04:46:00+00:00,False,True,True,False,False,,,True,1,0,camion_id_sin_correspondencia_silver,cuarentena
ORD-2026-03805,CLI-072,PROD-026,2026-08-17 01:11:00+00:00,Santa Cruz,CAM-08,CHO-034,413.0,413.0,24.0,26.2,0.0,1.0,0.0,3806,producto_id_sin_correspondencia_silver,fecha_local_bolivia_convertida_utc,,ORD-2026-03805,CLI-072,PROD-026,2026-08-16 21:11:00,Santa Cruz,CAM-08,CHO-034,413,413.0,24,26.2,0,1,0,ORD-2026-03805,False,CLI-072,False,PROD-026,False,CAM-08,False,CHO-034,False,Santa Cruz,False,413,False,413.0,False,False,413.0,False,False,24.0,False,False,26.2,False,False,0.0,False,False,1.0,False,False,0.0,False,False,iso,True,2026-08-17 01:11:00+00:00,False,True,False,True,False,,,True,1,0,producto_id_sin_correspondencia_silver,cuarentena
ORD-2026-03806,CLI-075,PROD-036,2026-08-20 00:44:00+00:00,Tarija,CAM-26,CHO-097,333.0,333.0,48.0,44.9,1.0,1.0,1.0,3807,producto_id_sin_correspondencia_silver,fecha_local_bolivia_convertida_utc,,ORD-2026-03806,CLI-075,PROD-036,2026-08-19 20:44:00,Tarija,CAM-26,CHO-097,333,333.0,48,44.9,1,1,1,ORD-2026-03806,False,CLI-075,False,PROD-036,False,CAM-26,False,CHO-097,False,Tarija,False,333,False,333.0,False,False,333.0,False,False,48.0,False,False,44.9,False,False,1.0,False,False,1.0,False,False,1.0,False,False,iso,True,2026-08-20 00:44:00+00:00,False,True,False,True,False,,,True,1,0,producto_id_sin_correspondencia_silver,cuarentena
ORD-2026-03809,CLI-010,PROD-033,2026-08-21 19:10:00+00:00,La Paz,CAM-07,CHO-101,279.0,,72.0,54.4,1.0,1.0,1.0,3810,requerido_ausente:cantidad_entregada,fecha_local_bolivia_convertida_utc,,ORD-2026-03809,CLI-010,PROD-033,2026-08-21 15:10:00,La Paz,CAM-07,CHO-101,279,,72,54.4,1,1,1,ORD-2026-03809,False,CLI-010,False,PROD-033,False,CAM-07,False,CHO-101,False,La Paz,False,279,False,279.0,False,False,,False,False,72.0,False,False,54.4,False,False,1.0,False,False,1.0,False,False,1.0,False,False,iso,True,2026-08-21 19:10:00+00:00,False,True,True,True,False,,,True,1,0,requerido_ausente:cantidad_entregada,cuarentena
ORD-2026-03816,CLI-026,PROD-026,2026-08-23 18:10:00+00:00,Cochabamba,CAM-25,CHO-148,412.0,412.0,48.0,33.4,1.0,1.0,1.0,3817,producto_id_sin_correspondencia_silver,fecha_local_bolivia_convertida_utc,,ORD-2026-03816,CLI-026,PROD-026,2026-08-23 14:10:00,Cochabamba,CAM-25,CHO-148,412,412.0,48,33.4,1,1,1,ORD-2026-03816,False,CLI-026,False,PROD-026,False,CAM-25,False,CHO-148,False,Cochabamba,False,412,False,412.0,False,False,412.0,False,False,48.0,False,False,33.4,False,False,1.0,False,False,1.0,False,False,1.0,False,False,iso,True,2026-08-23 18:10:00+00:00,False,True,False,True,False,,,True,1,0,producto_id_sin_correspondencia_silver,cuarentena
ORD-2026-03822,CLI-086,PROD-051,2026-08-13 11:01:00+00:00,Cochabamba,CAM-27,CHO-115,258.0,239.0,24.0,16.1,1.0,0.0,0.0,3823,camion_id_sin_correspondencia_silver,fecha_local_bolivia_convertida_utc,,ORD-2026-03822,CLI-086,PROD-051,2026-08-13 07:01:00,Cochabamba,CAM-27,CHO-115,258,239.0,24,16.1,1,0,0,ORD-2026-03822,False,CLI-086,False,PROD-051,False,CAM-27,False,CHO-115,False,Cochabamba,False,258,False,258.0,False,False,239.0,False,False,24.0,False,False,16.1,False,False,1.0,False,False,0.0,False,False,0.0,False,False,iso,True,2026-08-13 11:01:00+00:00,False,True,True,False,False,,,True,1,0,camion_id_sin_correspondencia_silver,cuarentena
ORD-2026-03828,CLI-067,PROD-058,2026-08-09 08:12:00+00:00,Cochabamba,CAM-27,CHO-062,315.0,315.0,24.0,17.5,1.0,1.0,1.0,3829,camion_id_sin_correspondencia_silver,fecha_local_bolivia_convertida_utc,,ORD-2026-03828,CLI-067,PROD-058,2026-08-09 04:12:00,Cochabamba,CAM-27,CHO-062,315,315.0,24,17.5,1,1,1,ORD-2026-03828,False,CLI-067,False,PROD-058,False,CAM-27,False,CHO-062,False,Cochabamba,False,315,False,315.0,False,False,315.0,False,False,24.0,False,False,17.5,False,False,1.0,False,False,1.0,False,False,1.0,False,False,iso,True,2026-08-09 08:12:00+00:00,False,True,True,False,False,,,True,1,0,camion_id_sin_correspondencia_silver,cuarentena
ORD-2026-03832,CLI-013,PROD-024,2026-08-08 01:44:00+00:00,La Paz,CAM-04,CHO-117,315.0,315.0,24.0,17.9,1.0,1.0,1.0,3833,producto_id_sin_correspondencia_silver,fecha_local_bolivia_convertida_utc,,ORD-2026-03832,CLI-013,PROD-024,2026-08-07 21:44:00,La Paz,CAM-04,CHO-117,315,315.0,24,17.9,1,1,1,ORD-2026-03832,False,CLI-013,False,PROD-024,False,CAM-04,False,CHO-117,False,La Paz,False,315,False,315.0,False,False,315.0,False,False,24.0,False,False,17.9,False,False,1.0,False,False,1.0,False,False,1.0,False,False,iso,True,2026-08-08 01:44:00+00:00,False,True,False,True,False,,,True,1,0,producto_id_sin_correspondencia_silver,cuarentena
ORD-2026-03840,CLI-064,PROD-014,2026-08-19 21:04:00+00:00,Santa Cruz,CAM-23,CHO-138,397.0,397.0,72.0,48.2,1.0,1.0,1.0,3841,producto_id_sin_correspondencia_silver,fecha_local_bolivia_convertida_utc,,ORD-2026-03840,CLI-064,PROD-014,2026-08-19 17:04:00,Santa Cruz,CAM-23,CHO-138,397,397.0,72,48.2,1,1,1,ORD-2026-03840,False,CLI-064,False,PROD-014,False,CAM-23,False,CHO-138,False,Santa Cruz,False,397,False,397.0,False,False,397.0,False,False,72.0,False,False,48.2,False,False,1.0,False,False,1.0,False,False,1.0,False,False,iso,True,2026-08-19 21:04:00+00:00,False,True,False,True,False,,,True,1,0,producto_id_sin_correspondencia_silver,cuarentena
ORD-2026-03843,CLI-020,PROD-035,2026-08-27 05:36:00+00:00,Cochabamba,CAM-01,CHO-019,351.0,351.0,24.0,22.9,1.0,1.0,1.0,3844,camion_id_sin_correspondencia_silver,fecha_local_bolivia_convertida_utc,,ORD-2026-03843,CLI-020,PROD-035,2026-08-27 01:36:00,Cochabamba,CAM-01,CHO-019,351,351.0,24,22.9,1,1,1,ORD-2026-03843,False,CLI-020,False,PROD-035,False,CAM-01,False,CHO-019,False,Cochabamba,False,351,False,351.0,False,False,351.0,False,False,24.0,False,False,22.9,False,False,1.0,False,False,1.0,False,False,1.0,False,False,iso,True,2026-08-27 05:36:00+00:00,False,True,True,False,False,,,True,1,0,camion_id_sin_correspondencia_silver,cuarentena
ORD-2026-03844,CLI-082,PROD-049,2026-08-10 11:53:00+00:00,Oruro,CAM-20,CHO-066,128.0,,48.0,40.4,1.0,1.0,1.0,3845,requerido_ausente:cantidad_entregada,fecha_local_bolivia_convertida_utc,,ORD-2026-03844,CLI-082,PROD-049,2026-08-10 07:53:00,Oruro,CAM-20,CHO-066,128,,48,40.4,1,1,1,ORD-2026-03844,False,CLI-082,False,PROD-049,False,CAM-20,False,CHO-066,False,Oruro,False,128,False,128.0,False,False,,False,False,48.0,False,False,40.4,False,False,1.0,False,False,1.0,False,False,1.0,False,False,iso,True,2026-08-10 11:53:00+00:00,False,True,True,True,False,,,True,1,0,requerido_ausente:cantidad_entregada,cuarentena
ORD-2026-03845,CLI-085,PROD-024,2026-08-23 05:11:00+00:00,Santa Cruz,CAM-18,CHO-037,259.0,259.0,24.0,23.4,1.0,1.0,1.0,3846,producto_id_sin_correspondencia_silver,fecha_local_bolivia_convertida_utc,,ORD-2026-03845,CLI-085,PROD-024,2026-08-23 01:11:00,Santa Cruz,CAM-18,CHO-037,259,259.0,24,23.4,1,1,1,ORD-2026-03845,False,CLI-085,False,PROD-024,False,CAM-18,False,CHO-037,False,Santa Cruz,False,259,False,259.0,False,False,259.0,False,False,24.0,False,False,23.4,False,False,1.0,False,False,1.0,False,False,1.0,False,False,iso,True,2026-08-23 05:11:00+00:00,False,True,False,True,False,,,True,1,0,producto_id_sin_correspondencia_silver,cuarentena
ORD-2026-03849,CLI-084,PROD-036,2026-08-22 19:02:00+00:00,Tarija,CAM-26,CHO-078,499.0,499.0,24.0,18.4,1.0,1.0,1.0,3850,producto_id_sin_correspondencia_silver,fecha_local_bolivia_convertida_utc,,ORD-2026-03849,CLI-084,PROD-036,2026-08-22 15:02:00,Tarija,CAM-26,CHO-078,499,499.0,24,18.4,1,1,1,ORD-2026-03849,False,CLI-084,False,PROD-036,False,CAM-26,False,CHO-078,False,Tarija,False,499,False,499.0,False,False,499.0,False,False,24.0,False,False,18.4,False,False,1.0,False,False,1.0,False,False,1.0,False,False,iso,True,2026-08-22 19:02:00+00:00,False,True,False,True,False,,,True,1,0,producto_id_sin_correspondencia_silver,cuarentena
ORD-2026-03855,CLI-084,PROD-014,2026-08-23 21:38:00+00:00,Oruro,CAM-16,CHO-095,473.0,473.0,48.0,35.2,1.0,1.0,1.0,3856,producto_id_sin_correspondencia_silver,fecha_local_bolivia_convertida_utc,,ORD-2026-03855,CLI-084,PROD-014,2026-08-23 17:38:00,Oruro,CAM-16,CHO-095,473,473.0,48,35.2,1,1,1,ORD-2026-03855,False,CLI-084,False,PROD-014,False,CAM-16,False,CHO-095,False,Oruro,False,473,False,473.0,False,False,473.0,False,False,48.0,False,False,35.2,False,False,1.0,False,False,1.0,False,False,1.0,False,False,iso,True,2026-08-23 21:38:00+00:00,False,True,False,True,False,,,True,1,0,producto_id_sin_correspondencia_silver,cuarentena
ORD-2026-03866,CLI-012,PROD-006,2026-08-25 11:07:00+00:00,Cochabamba,CAM-01,CHO-029,482.0,482.0,48.0,46.6,1.0,1.0,1.0,3867,camion_id_sin_correspondencia_silver,fecha_local_bolivia_convertida_utc,,ORD-2026-03866,CLI-012,PROD-006,2026-08-25 07:07:00,Cochabamba,CAM-01,CHO-029,482,482.0,48,46.6,1,1,1,ORD-2026-03866,False,CLI-012,False,PROD-006,False,CAM-01,False,CHO-029,False,Cochabamba,False,482,False,482.0,False,False,482.0,False,False,48.0,False,False,46.6,False,False,1.0,False,False,1.0,False,False,1.0,False,False,iso,True,2026-08-25 11:07:00+00:00,False,True,True,False,False,,,True,1,0,camion_id_sin_correspondencia_silver,cuarentena
ORD-2026-03869,CLI-018,PROD-014,2026-08-01 05:41:00+00:00,Oruro,CAM-03,CHO-027,30.0,30.0,48.0,31.0,1.0,1.0,1.0,3870,producto_id_sin_correspondencia_silver,fecha_local_bolivia_convertida_utc,,ORD-2026-03869,CLI-018,PROD-014,2026-08-01 01:41:00,Oruro,CAM-03,CHO-027,30,30.0,48,31.0,1,1,1,ORD-2026-03869,False,CLI-018,False,PROD-014,False,CAM-03,False,CHO-027,False,Oruro,False,30,False,30.0,False,False,30.0,False,False,48.0,False,False,31.0,False,False,1.0,False,False,1.0,False,False,1.0,False,False,iso,True,2026-08-01 05:41:00+00:00,False,True,False,True,False,,,True,1,0,producto_id_sin_correspondencia_silver,cuarentena
ORD-2026-03871,CLI-031,PROD-036,2026-08-09 13:20:00+00:00,Oruro,CAM-20,CHO-066,167.0,167.0,24.0,17.8,1.0,1.0,1.0,3872,producto_id_sin_correspondencia_silver,fecha_local_bolivia_convertida_utc,,ORD-2026-03871,CLI-031,PROD-036,2026-08-09 09:20:00,Oruro,CAM-20,CHO-066,167,167.0,24,17.8,1,1,1,ORD-2026-03871,False,CLI-031,False,PROD-036,False,CAM-20,False,CHO-066,False,Oruro,False,167,False,167.0,False,False,167.0,False,False,24.0,False,False,17.8,False,False,1.0,False,False,1.0,False,False,1.0,False,False,iso,True,2026-08-09 13:20:00+00:00,False,True,False,True,False,,,True,1,0,producto_id_sin_correspondencia_silver,cuarentena
ORD-2026-03884,CLI-097,PROD-037,2026-08-21 22:12:00+00:00,Cochabamba,CAM-01,CHO-077,177.0,177.0,48.0,44.3,1.0,1.0,1.0,3885,camion_id_sin_correspondencia_silver,fecha_local_bolivia_convertida_utc,,ORD-2026-03884,CLI-097,PROD-037,2026-08-21 18:12:00,Cochabamba,CAM-01,CHO-077,177,177.0,48,44.3,1,1,1,ORD-2026-03884,False,CLI-097,False,PROD-037,False,CAM-01,False,CHO-077,False,Cochabamba,False,177,False,177.0,False,False,177.0,False,False,48.0,False,False,44.3,False,False,1.0,False,False,1.0,False,False,1.0,False,False,iso,True,2026-08-21 22:12:00+00:00,False,True,True,False,False,,,True,1,0,camion_id_sin_correspondencia_silver,cuarentena
ORD-2026-03890,CLI-078,PROD-017,2026-08-18 09:04:00+00:00,Cochabamba,CAM-27,CHO-031,220.0,220.0,48.0,34.0,1.0,1.0,1.0,3891,camion_id_sin_correspondencia_silver,fecha_local_bolivia_convertida_utc,,ORD-2026-03890,CLI-078,PROD-017,2026-08-18 05:04:00,Cochabamba,CAM-27,CHO-031,220,220.0,48,34.0,1,1,1,ORD-2026-03890,False,CLI-078,False,PROD-017,False,CAM-27,False,CHO-031,False,Cochabamba,False,220,False,220.0,False,False,220.0,False,False,48.0,False,False,34.0,False,False,1.0,False,False,1.0,False,False,1.0,False,False,iso,True,2026-08-18 09:04:00+00:00,False,True,True,False,False,,,True,1,0,camion_id_sin_correspondencia_silver,cuarentena
ORD-2026-03898,CLI-083,PROD-026,2026-08-20 09:51:00+00:00,Oruro,CAM-24,CHO-095,45.0,45.0,72.0,68.1,1.0,1.0,1.0,3899,producto_id_sin_correspondencia_silver,fecha_local_bolivia_convertida_utc,,ORD-2026-03898,CLI-083,PROD-026,2026-08-20 05:51:00,Oruro,CAM-24,CHO-095,45,45.0,72,68.1,1,1,1,ORD-2026-03898,False,CLI-083,False,PROD-026,False,CAM-24,False,CHO-095,False,Oruro,False,45,False,45.0,False,False,45.0,False,False,72.0,False,False,68.1,False,False,1.0,False,False,1.0,False,False,1.0,False,False,iso,True,2026-08-20 09:51:00+00:00,False,True,False,True,False,,,True,1,0,producto_id_sin_correspondencia_silver,cuarentena
ORD-2026-03900,CLI-075,PROD-012,2026-08-26 05:35:00+00:00,Cochabamba,CAM-27,CHO-096,201.0,201.0,24.0,19.1,1.0,1.0,1.0,3901,camion_id_sin_correspondencia_silver,normalizacion_identificador:order_id | fecha_local_bolivia_convertida_utc,, ord-2026-03900 ,CLI-075,PROD-012,2026-08-26 01:35:00,Cochabamba,CAM-27,CHO-096,201,201.0,24,19.1,1,1,1,ORD-2026-03900,True,CLI-075,False,PROD-012,False,CAM-27,False,CHO-096,False,Cochabamba,False,201,False,201.0,False,False,201.0,False,False,24.0,False,False,19.1,False,False,1.0,False,False,1.0,False,False,1.0,False,False,iso,True,2026-08-26 05:35:00+00:00,False,True,True,False,False,,,True,2,0,camion_id_sin_correspondencia_silver,cuarentena
ORD-2026-03905,CLI-010,PROD-026,2026-08-22 01:24:00+00:00,Oruro,CAM-24,CHO-066,416.0,416.0,24.0,17.9,1.0,1.0,1.0,3906,producto_id_sin_correspondencia_silver,fecha_local_bolivia_convertida_utc,,ORD-2026-03905,CLI-010,PROD-026,2026-08-21 21:24:00,Oruro,CAM-24,CHO-066,416,416.0,24,17.9,1,1,1,ORD-2026-03905,False,CLI-010,False,PROD-026,False,CAM-24,False,CHO-066,False,Oruro,False,416,False,416.0,False,False,416.0,False,False,24.0,False,False,17.9,False,False,1.0,False,False,1.0,False,False,1.0,False,False,iso,True,2026-08-22 01:24:00+00:00,False,True,False,True,False,,,True,1,0,producto_id_sin_correspondencia_silver,cuarentena
ORD-2026-03907,CLI-086,PROD-036,2026-08-03 03:34:00+00:00,Santa Cruz,CAM-08,CHO-041,371.0,371.0,48.0,42.4,1.0,1.0,1.0,3908,producto_id_sin_correspondencia_silver,fecha_local_bolivia_convertida_utc,,ORD-2026-03907,CLI-086,PROD-036,2026-08-02 23:34:00,Santa Cruz,CAM-08,CHO-041,371,371.0,48,42.4,1,1,1,ORD-2026-03907,False,CLI-086,False,PROD-036,False,CAM-08,False,CHO-041,False,Santa Cruz,False,371,False,371.0,False,False,371.0,False,False,48.0,False,False,42.4,False,False,1.0,False,False,1.0,False,False,1.0,False,False,iso,True,2026-08-03 03:34:00+00:00,False,True,False,True,False,,,True,1,0,producto_id_sin_correspondencia_silver,cuarentena
ORD-2026-03909,CLI-098,PROD-028,2026-08-23 18:21:00+00:00,La Paz,CAM-07,CHO-073,264.0,264.0,48.0,48.9,0.0,1.0,0.0,3910,producto_id_sin_correspondencia_silver,fecha_local_bolivia_convertida_utc,,ORD-2026-03909,CLI-098,PROD-028,2026-08-23 14:21:00,La Paz,CAM-07,CHO-073,264,264.0,48,48.9,0,1,0,ORD-2026-03909,False,CLI-098,False,PROD-028,False,CAM-07,False,CHO-073,False,La Paz,False,264,False,264.0,False,False,264.0,False,False,48.0,False,False,48.9,False,False,0.0,False,False,1.0,False,False,0.0,False,False,iso,True,2026-08-23 18:21:00+00:00,False,True,False,True,False,,,True,1,0,producto_id_sin_correspondencia_silver,cuarentena
ORD-2026-03913,CLI-026,PROD-036,2026-08-18 14:02:00+00:00,La Paz,CAM-28,CHO-013,408.0,408.0,72.0,52.9,1.0,1.0,1.0,3914,producto_id_sin_correspondencia_silver,fecha_local_bolivia_convertida_utc,,ORD-2026-03913,CLI-026,PROD-036,2026-08-18 10:02:00,La Paz,CAM-28,CHO-013,408,408.0,72,52.9,1,1,1,ORD-2026-03913,False,CLI-026,False,PROD-036,False,CAM-28,False,CHO-013,False,La Paz,False,408,False,408.0,False,False,408.0,False,False,72.0,False,False,52.9,False,False,1.0,False,False,1.0,False,False,1.0,False,False,iso,True,2026-08-18 14:02:00+00:00,False,True,False,True,False,,,True,1,0,producto_id_sin_correspondencia_silver,cuarentena
ORD-2026-03917,CLI-087,PROD-052,2026-08-01 11:02:00+00:00,Cochabamba,CAM-27,CHO-079,374.0,374.0,24.0,18.1,1.0,1.0,1.0,3918,camion_id_sin_correspondencia_silver,fecha_local_bolivia_convertida_utc,,ORD-2026-03917,CLI-087,PROD-052,2026-08-01 07:02:00,Cochabamba,CAM-27,CHO-079,374,374.0,24,18.1,1,1,1,ORD-2026-03917,False,CLI-087,False,PROD-052,False,CAM-27,False,CHO-079,False,Cochabamba,False,374,False,374.0,False,False,374.0,False,False,24.0,False,False,18.1,False,False,1.0,False,False,1.0,False,False,1.0,False,False,iso,True,2026-08-01 11:02:00+00:00,False,True,True,False,False,,,True,1,0,camion_id_sin_correspondencia_silver,cuarentena
ORD-2026-03920,CLI-093,PROD-026,2026-08-13 08:45:00+00:00,Tarija,CAM-26,CHO-067,491.0,491.0,72.0,52.6,1.0,1.0,1.0,3921,producto_id_sin_correspondencia_silver,fecha_local_bolivia_convertida_utc,,ORD-2026-03920,CLI-093,PROD-026,2026-08-13 04:45:00,Tarija,CAM-26,CHO-067,491,491.0,72,52.6,1,1,1,ORD-2026-03920,False,CLI-093,False,PROD-026,False,CAM-26,False,CHO-067,False,Tarija,False,491,False,491.0,False,False,491.0,False,False,72.0,False,False,52.6,False,False,1.0,False,False,1.0,False,False,1.0,False,False,iso,True,2026-08-13 08:45:00+00:00,False,True,False,True,False,,,True,1,0,producto_id_sin_correspondencia_silver,cuarentena
ORD-2026-03931,CLI-062,PROD-039,2026-08-14 19:20:00+00:00,Cochabamba,CAM-01,CHO-131,474.0,474.0,24.0,20.7,1.0,1.0,1.0,3932,camion_id_sin_correspondencia_silver,fecha_local_bolivia_convertida_utc,,ORD-2026-03931,CLI-062,PROD-039,2026-08-14 15:20:00,Cochabamba,CAM-01,CHO-131,474,474.0,24,20.7,1,1,1,ORD-2026-03931,False,CLI-062,False,PROD-039,False,CAM-01,False,CHO-131,False,Cochabamba,False,474,False,474.0,False,False,474.0,False,False,24.0,False,False,20.7,False,False,1.0,False,False,1.0,False,False,1.0,False,False,iso,True,2026-08-14 19:20:00+00:00,False,True,True,False,False,,,True,1,0,camion_id_sin_correspondencia_silver,cuarentena
ORD-2026-03934,CLI-062,PROD-024,2026-08-03 01:18:00+00:00,Santa Cruz,CAM-09,CHO-053,380.0,380.0,24.0,19.1,1.0,1.0,1.0,3935,producto_id_sin_correspondencia_silver,fecha_local_bolivia_convertida_utc,,ORD-2026-03934,CLI-062,PROD-024,2026-08-02 21:18:00,Santa Cruz,CAM-09,CHO-053,380,380.0,24,19.1,1,1,1,ORD-2026-03934,False,CLI-062,False,PROD-024,False,CAM-09,False,CHO-053,False,Santa Cruz,False,380,False,380.0,False,False,380.0,False,False,24.0,False,False,19.1,False,False,1.0,False,False,1.0,False,False,1.0,False,False,iso,True,2026-08-03 01:18:00+00:00,False,True,False,True,False,,,True,1,0,producto_id_sin_correspondencia_silver,cuarentena
ORD-2026-03942,CLI-059,PROD-014,2026-08-10 10:22:00+00:00,Tarija,CAM-19,CHO-014,454.0,454.0,24.0,16.7,1.0,1.0,1.0,3943,producto_id_sin_correspondencia_silver,fecha_local_bolivia_convertida_utc,,ORD-2026-03942,CLI-059,PROD-014,2026-08-10 06:22:00,Tarija,CAM-19,CHO-014,454,454.0,24,16.7,1,1,1,ORD-2026-03942,False,CLI-059,False,PROD-014,False,CAM-19,False,CHO-014,False,Tarija,False,454,False,454.0,False,False,454.0,False,False,24.0,False,False,16.7,False,False,1.0,False,False,1.0,False,False,1.0,False,False,iso,True,2026-08-10 10:22:00+00:00,False,True,False,True,False,,,True,1,0,producto_id_sin_correspondencia_silver,cuarentena
ORD-2026-03945,CLI-095,PROD-024,2026-08-08 07:16:00+00:00,Santa Cruz,CAM-29,CHO-129,330.0,330.0,48.0,48.9,0.0,1.0,0.0,3946,producto_id_sin_correspondencia_silver,fecha_local_bolivia_convertida_utc,,ORD-2026-03945,CLI-095,PROD-024,2026-08-08 03:16:00,Santa Cruz,CAM-29,CHO-129,330,330.0,48,48.9,0,1,0,ORD-2026-03945,False,CLI-095,False,PROD-024,False,CAM-29,False,CHO-129,False,Santa Cruz,False,330,False,330.0,False,False,330.0,False,False,48.0,False,False,48.9,False,False,0.0,False,False,1.0,False,False,0.0,False,False,iso,True,2026-08-08 07:16:00+00:00,False,True,False,True,False,,,True,1,0,producto_id_sin_correspondencia_silver,cuarentena
ORD-2026-03955,CLI-049,PROD-050,2026-08-12 18:09:00+00:00,Cochabamba,CAM-02,CHO-040,13.0,13.0,24.0,16.9,1.0,1.0,1.0,3956,order_id_duplicado,fecha_local_bolivia_convertida_utc,,ORD-2026-03955,CLI-049,PROD-050,2026-08-12 14:09:00,Cochabamba,CAM-02,CHO-040,13,13.0,24,16.9,1,1,1,ORD-2026-03955,False,CLI-049,False,PROD-050,False,CAM-02,False,CHO-040,False,Cochabamba,False,13,False,13.0,False,False,13.0,False,False,24.0,False,False,16.9,False,False,1.0,False,False,1.0,False,False,1.0,False,False,iso,True,2026-08-12 18:09:00+00:00,False,True,True,True,False,,,True,1,0,order_id_duplicado,cuarentena
ORD-2026-03961,CLI-067,PROD-014,2026-08-02 13:08:00+00:00,La Paz,CAM-12,CHO-064,40.0,40.0,72.0,49.4,1.0,1.0,1.0,3962,producto_id_sin_correspondencia_silver,fecha_local_bolivia_convertida_utc,,ORD-2026-03961,CLI-067,PROD-014,2026-08-02 09:08:00,La Paz,CAM-12,CHO-064,40,40.0,72,49.4,1,1,1,ORD-2026-03961,False,CLI-067,False,PROD-014,False,CAM-12,False,CHO-064,False,La Paz,False,40,False,40.0,False,False,40.0,False,False,72.0,False,False,49.4,False,False,1.0,False,False,1.0,False,False,1.0,False,False,iso,True,2026-08-02 13:08:00+00:00,False,True,False,True,False,,,True,1,0,producto_id_sin_correspondencia_silver,cuarentena
ORD-2026-03967,CLI-060,PROD-010,2026-08-01 08:17:00+00:00,Oruro,CAM-03,CHO-066,45.0,45.0,72.0,47.5,1.0,1.0,1.0,3968,producto_id_sin_correspondencia_silver,fecha_local_bolivia_convertida_utc,,ORD-2026-03967,CLI-060,PROD-010,2026-08-01 04:17:00,Oruro,CAM-03,CHO-066,45,45.0,72,47.5,1,1,1,ORD-2026-03967,False,CLI-060,False,PROD-010,False,CAM-03,False,CHO-066,False,Oruro,False,45,False,45.0,False,False,45.0,False,False,72.0,False,False,47.5,False,False,1.0,False,False,1.0,False,False,1.0,False,False,iso,True,2026-08-01 08:17:00+00:00,False,True,False,True,False,,,True,1,0,producto_id_sin_correspondencia_silver,cuarentena
ORD-2026-03970,CLI-058,PROD-016,2026-08-15 06:04:00+00:00,Cochabamba,CAM-01,CHO-081,465.0,465.0,72.0,55.2,1.0,1.0,1.0,3971,camion_id_sin_correspondencia_silver,fecha_local_bolivia_convertida_utc,,ORD-2026-03970,CLI-058,PROD-016,2026-08-15 02:04:00,Cochabamba,CAM-01,CHO-081,465,465.0,72,55.2,1,1,1,ORD-2026-03970,False,CLI-058,False,PROD-016,False,CAM-01,False,CHO-081,False,Cochabamba,False,465,False,465.0,False,False,465.0,False,False,72.0,False,False,55.2,False,False,1.0,False,False,1.0,False,False,1.0,False,False,iso,True,2026-08-15 06:04:00+00:00,False,True,True,False,False,,,True,1,0,camion_id_sin_correspondencia_silver,cuarentena
ORD-2026-03973,CLI-062,PROD-014,2026-08-24 10:32:00+00:00,La Paz,CAM-12,CHO-011,81.0,81.0,48.0,36.2,1.0,1.0,1.0,3974,producto_id_sin_correspondencia_silver,fecha_local_bolivia_convertida_utc,,ORD-2026-03973,CLI-062,PROD-014,2026-08-24 06:32:00,La Paz,CAM-12,CHO-011,81,81.0,48,36.2,1,1,1,ORD-2026-03973,False,CLI-062,False,PROD-014,False,CAM-12,False,CHO-011,False,La Paz,False,81,False,81.0,False,False,81.0,False,False,48.0,False,False,36.2,False,False,1.0,False,False,1.0,False,False,1.0,False,False,iso,True,2026-08-24 10:32:00+00:00,False,True,False,True,False,,,True,1,0,producto_id_sin_correspondencia_silver,cuarentena
ORD-2026-03982,CLI-050,PROD-019,2026-08-10 02:51:00+00:00,Cochabamba,CAM-13,CHO-003,136.0,,24.0,26.4,0.0,1.0,0.0,3983,requerido_ausente:cantidad_entregada,fecha_local_bolivia_convertida_utc,,ORD-2026-03982,CLI-050,PROD-019,2026-08-09 22:51:00,Cochabamba,CAM-13,CHO-003,136,,24,26.4,0,1,0,ORD-2026-03982,False,CLI-050,False,PROD-019,False,CAM-13,False,CHO-003,False,Cochabamba,False,136,False,136.0,False,False,,False,False,24.0,False,False,26.4,False,False,0.0,False,False,1.0,False,False,0.0,False,False,iso,True,2026-08-10 02:51:00+00:00,False,True,True,True,False,,,True,1,0,requerido_ausente:cantidad_entregada,cuarentena
ORD-2026-03984,CLI-050,PROD-028,2026-08-24 23:46:00+00:00,Santa Cruz,CAM-08,CHO-041,423.0,423.0,72.0,74.7,0.0,1.0,0.0,3985,producto_id_sin_correspondencia_silver,fecha_local_bolivia_convertida_utc,,ORD-2026-03984,CLI-050,PROD-028,2026-08-24 19:46:00,Santa Cruz,CAM-08,CHO-041,423,423.0,72,74.7,0,1,0,ORD-2026-03984,False,CLI-050,False,PROD-028,False,CAM-08,False,CHO-041,False,Santa Cruz,False,423,False,423.0,False,False,423.0,False,False,72.0,False,False,74.7,False,False,0.0,False,False,1.0,False,False,0.0,False,False,iso,True,2026-08-24 23:46:00+00:00,False,True,False,True,False,,,True,1,0,producto_id_sin_correspondencia_silver,cuarentena
ORD-2026-03986,CLI-030,PROD-028,2026-08-02 10:12:00+00:00,Tarija,CAM-26,CHO-010,175.0,175.0,72.0,67.9,1.0,1.0,1.0,3987,producto_id_sin_correspondencia_silver,fecha_local_bolivia_convertida_utc,,ORD-2026-03986,CLI-030,PROD-028,2026-08-02 06:12:00,Tarija,CAM-26,CHO-010,175,175.0,72,67.9,1,1,1,ORD-2026-03986,False,CLI-030,False,PROD-028,False,CAM-26,False,CHO-010,False,Tarija,False,175,False,175.0,False,False,175.0,False,False,72.0,False,False,67.9,False,False,1.0,False,False,1.0,False,False,1.0,False,False,iso,True,2026-08-02 10:12:00+00:00,False,True,False,True,False,,,True,1,0,producto_id_sin_correspondencia_silver,cuarentena
ORD-2026-03998,CLI-032,PROD-010,2026-08-22 12:13:00+00:00,Cochabamba,CAM-02,CHO-044,247.0,247.0,72.0,46.3,1.0,1.0,1.0,3999,producto_id_sin_correspondencia_silver,fecha_local_bolivia_convertida_utc,,ORD-2026-03998,CLI-032,PROD-010,2026-08-22 08:13:00,Cochabamba,CAM-02,CHO-044,247,247.0,72,46.3,1,1,1,ORD-2026-03998,False,CLI-032,False,PROD-010,False,CAM-02,False,CHO-044,False,Cochabamba,False,247,False,247.0,False,False,247.0,False,False,72.0,False,False,46.3,False,False,1.0,False,False,1.0,False,False,1.0,False,False,iso,True,2026-08-22 12:13:00+00:00,False,True,False,True,False,,,True,1,0,producto_id_sin_correspondencia_silver,cuarentena
ORD-2026-04003,CLI-046,PROD-024,2026-08-03 11:40:00+00:00,Santa Cruz,CAM-23,CHO-034,272.0,272.0,72.0,65.6,1.0,1.0,1.0,4004,producto_id_sin_correspondencia_silver,fecha_local_bolivia_convertida_utc,,ORD-2026-04003,CLI-046,PROD-024,2026-08-03 07:40:00,Santa Cruz,CAM-23,CHO-034,272,272.0,72,65.6,1,1,1,ORD-2026-04003,False,CLI-046,False,PROD-024,False,CAM-23,False,CHO-034,False,Santa Cruz,False,272,False,272.0,False,False,272.0,False,False,72.0,False,False,65.6,False,False,1.0,False,False,1.0,False,False,1.0,False,False,iso,True,2026-08-03 11:40:00+00:00,False,True,False,True,False,,,True,1,0,producto_id_sin_correspondencia_silver,cuarentena
ORD-2026-04026,CLI-083,PROD-028,2026-08-11 13:14:00+00:00,Cochabamba,CAM-06,CHO-065,132.0,132.0,72.0,63.4,1.0,1.0,1.0,4027,producto_id_sin_correspondencia_silver,fecha_local_bolivia_convertida_utc,,ORD-2026-04026,CLI-083,PROD-028,2026-08-11 09:14:00,Cochabamba,CAM-06,CHO-065,132,132.0,72,63.4,1,1,1,ORD-2026-04026,False,CLI-083,False,PROD-028,False,CAM-06,False,CHO-065,False,Cochabamba,False,132,False,132.0,False,False,132.0,False,False,72.0,False,False,63.4,False,False,1.0,False,False,1.0,False,False,1.0,False,False,iso,True,2026-08-11 13:14:00+00:00,False,True,False,True,False,,,True,1,0,producto_id_sin_correspondencia_silver,cuarentena
ORD-2026-04036,CLI-038,PROD-054,2026-08-27 16:35:00+00:00,Cochabamba,CAM-27,CHO-108,459.0,459.0,48.0,36.0,1.0,1.0,1.0,4037,camion_id_sin_correspondencia_silver,fecha_local_bolivia_convertida_utc,,ORD-2026-04036,CLI-038,PROD-054,2026-08-27 12:35:00,Cochabamba,CAM-27,CHO-108,459,459.0,48,36.0,1,1,1,ORD-2026-04036,False,CLI-038,False,PROD-054,False,CAM-27,False,CHO-108,False,Cochabamba,False,459,False,459.0,False,False,459.0,False,False,48.0,False,False,36.0,False,False,1.0,False,False,1.0,False,False,1.0,False,False,iso,True,2026-08-27 16:35:00+00:00,False,True,True,False,False,,,True,1,0,camion_id_sin_correspondencia_silver,cuarentena
ORD-2026-04048,CLI-031,PROD-024,2026-08-10 22:52:00+00:00,Tarija,CAM-19,CHO-084,41.0,41.0,48.0,43.2,1.0,1.0,1.0,4049,producto_id_sin_correspondencia_silver,fecha_local_bolivia_convertida_utc,,ORD-2026-04048,CLI-031,PROD-024,2026-08-10 18:52:00,Tarija,CAM-19,CHO-084,41,41.0,48,43.2,1,1,1,ORD-2026-04048,False,CLI-031,False,PROD-024,False,CAM-19,False,CHO-084,False,Tarija,False,41,False,41.0,False,False,41.0,False,False,48.0,False,False,43.2,False,False,1.0,False,False,1.0,False,False,1.0,False,False,iso,True,2026-08-10 22:52:00+00:00,False,True,False,True,False,,,True,1,0,producto_id_sin_correspondencia_silver,cuarentena
ORD-2026-04050,CLI-039,PROD-036,2026-08-14 07:07:00+00:00,Santa Cruz,CAM-08,CHO-146,461.0,445.0,24.0,21.3,1.0,0.0,0.0,4051,producto_id_sin_correspondencia_silver,fecha_local_bolivia_convertida_utc,,ORD-2026-04050,CLI-039,PROD-036,2026-08-14 03:07:00,Santa Cruz,CAM-08,CHO-146,461,445.0,24,21.3,1,0,0,ORD-2026-04050,False,CLI-039,False,PROD-036,False,CAM-08,False,CHO-146,False,Santa Cruz,False,461,False,461.0,False,False,445.0,False,False,24.0,False,False,21.3,False,False,1.0,False,False,0.0,False,False,0.0,False,False,iso,True,2026-08-14 07:07:00+00:00,False,True,False,True,False,,,True,1,0,producto_id_sin_correspondencia_silver,cuarentena
ORD-2026-04055,CLI-086,PROD-010,2026-08-25 20:44:00+00:00,Santa Cruz,CAM-09,CHO-141,424.0,424.0,72.0,57.5,1.0,1.0,1.0,4056,producto_id_sin_correspondencia_silver,fecha_local_bolivia_convertida_utc,,ORD-2026-04055,CLI-086,PROD-010,2026-08-25 16:44:00,Santa Cruz,CAM-09,CHO-141,424,424.0,72,57.5,1,1,1,ORD-2026-04055,False,CLI-086,False,PROD-010,False,CAM-09,False,CHO-141,False,Santa Cruz,False,424,False,424.0,False,False,424.0,False,False,72.0,False,False,57.5,False,False,1.0,False,False,1.0,False,False,1.0,False,False,iso,True,2026-08-25 20:44:00+00:00,False,True,False,True,False,,,True,1,0,producto_id_sin_correspondencia_silver,cuarentena
ORD-2026-04069,CLI-031,PROD-024,2026-08-29 10:05:00+00:00,Cochabamba,CAM-25,CHO-079,431.0,431.0,48.0,58.4,0.0,1.0,0.0,4070,producto_id_sin_correspondencia_silver,fecha_local_bolivia_convertida_utc,,ORD-2026-04069,CLI-031,PROD-024,2026-08-29 06:05:00,Cochabamba,CAM-25,CHO-079,431,431.0,48,58.4,0,1,0,ORD-2026-04069,False,CLI-031,False,PROD-024,False,CAM-25,False,CHO-079,False,Cochabamba,False,431,False,431.0,False,False,431.0,False,False,48.0,False,False,58.4,False,False,0.0,False,False,1.0,False,False,0.0,False,False,iso,True,2026-08-29 10:05:00+00:00,False,True,False,True,False,,,True,1,0,producto_id_sin_correspondencia_silver,cuarentena
ORD-2026-04070,CLI-029,PROD-026,2026-08-22 20:19:00+00:00,La Paz,CAM-15,CHO-103,319.0,319.0,24.0,19.8,1.0,1.0,1.0,4071,producto_id_sin_correspondencia_silver,fecha_local_bolivia_convertida_utc,,ORD-2026-04070,CLI-029,PROD-026,2026-08-22 16:19:00,La Paz,CAM-15,CHO-103,319,319.0,24,19.8,1,1,1,ORD-2026-04070,False,CLI-029,False,PROD-026,False,CAM-15,False,CHO-103,False,La Paz,False,319,False,319.0,False,False,319.0,False,False,24.0,False,False,19.8,False,False,1.0,False,False,1.0,False,False,1.0,False,False,iso,True,2026-08-22 20:19:00+00:00,False,True,False,True,False,,,True,1,0,producto_id_sin_correspondencia_silver,cuarentena
ORD-2026-04071,CLI-028,PROD-001,2026-08-29 23:06:00+00:00,Cochabamba,CAM-27,CHO-111,306.0,306.0,48.0,34.5,1.0,1.0,1.0,4072,camion_id_sin_correspondencia_silver,fecha_local_bolivia_convertida_utc,,ORD-2026-04071,CLI-028,PROD-001,2026-08-29 19:06:00,Cochabamba,CAM-27,CHO-111,306,306.0,48,34.5,1,1,1,ORD-2026-04071,False,CLI-028,False,PROD-001,False,CAM-27,False,CHO-111,False,Cochabamba,False,306,False,306.0,False,False,306.0,False,False,48.0,False,False,34.5,False,False,1.0,False,False,1.0,False,False,1.0,False,False,iso,True,2026-08-29 23:06:00+00:00,False,True,True,False,False,,,True,1,0,camion_id_sin_correspondencia_silver,cuarentena
ORD-2026-04072,CLI-054,PROD-026,2026-08-04 17:27:00+00:00,Santa Cruz,CAM-08,CHO-090,136.0,136.0,24.0,23.6,1.0,1.0,1.0,4073,producto_id_sin_correspondencia_silver,fecha_local_bolivia_convertida_utc,,ORD-2026-04072,CLI-054,PROD-026,2026-08-04 13:27:00,Santa Cruz,CAM-08,CHO-090,136,136.0,24,23.6,1,1,1,ORD-2026-04072,False,CLI-054,False,PROD-026,False,CAM-08,False,CHO-090,False,Santa Cruz,False,136,False,136.0,False,False,136.0,False,False,24.0,False,False,23.6,False,False,1.0,False,False,1.0,False,False,1.0,False,False,iso,True,2026-08-04 17:27:00+00:00,False,True,False,True,False,,,True,1,0,producto_id_sin_correspondencia_silver,cuarentena
ORD-2026-04074,CLI-003,PROD-023,2026-08-15 09:32:00+00:00,Cochabamba,CAM-01,CHO-007,282.0,282.0,48.0,41.9,1.0,1.0,1.0,4075,camion_id_sin_correspondencia_silver,fecha_local_bolivia_convertida_utc,,ORD-2026-04074,CLI-003,PROD-023,2026-08-15 05:32:00,Cochabamba,CAM-01,CHO-007,282,282.0,48,41.9,1,1,1,ORD-2026-04074,False,CLI-003,False,PROD-023,False,CAM-01,False,CHO-007,False,Cochabamba,False,282,False,282.0,False,False,282.0,False,False,48.0,False,False,41.9,False,False,1.0,False,False,1.0,False,False,1.0,False,False,iso,True,2026-08-15 09:32:00+00:00,False,True,True,False,False,,,True,1,0,camion_id_sin_correspondencia_silver,cuarentena
ORD-2026-04076,CLI-077,PROD-026,2026-08-25 23:55:00+00:00,Santa Cruz,CAM-08,CHO-113,353.0,353.0,24.0,21.3,1.0,1.0,1.0,4077,producto_id_sin_correspondencia_silver,fecha_local_bolivia_convertida_utc,,ORD-2026-04076,CLI-077,PROD-026,2026-08-25 19:55:00,Santa Cruz,CAM-08,CHO-113,353,353.0,24,21.3,1,1,1,ORD-2026-04076,False,CLI-077,False,PROD-026,False,CAM-08,False,CHO-113,False,Santa Cruz,False,353,False,353.0,False,False,353.0,False,False,24.0,False,False,21.3,False,False,1.0,False,False,1.0,False,False,1.0,False,False,iso,True,2026-08-25 23:55:00+00:00,False,True,False,True,False,,,True,1,0,producto_id_sin_correspondencia_silver,cuarentena
ORD-2026-04077,CLI-038,PROD-014,2026-08-14 06:28:00+00:00,Tarija,CAM-19,CHO-043,420.0,420.0,72.0,68.4,1.0,1.0,1.0,4078,producto_id_sin_correspondencia_silver,fecha_local_bolivia_convertida_utc,,ORD-2026-04077,CLI-038,PROD-014,2026-08-14 02:28:00,Tarija,CAM-19,CHO-043,420,420.0,72,68.4,1,1,1,ORD-2026-04077,False,CLI-038,False,PROD-014,False,CAM-19,False,CHO-043,False,Tarija,False,420,False,420.0,False,False,420.0,False,False,72.0,False,False,68.4,False,False,1.0,False,False,1.0,False,False,1.0,False,False,iso,True,2026-08-14 06:28:00+00:00,False,True,False,True,False,,,True,1,0,producto_id_sin_correspondencia_silver,cuarentena
ORD-2026-04088,CLI-079,PROD-040,2026-08-04 20:09:00+00:00,Cochabamba,CAM-01,CHO-072,191.0,191.0,24.0,24.9,0.0,1.0,0.0,4089,camion_id_sin_correspondencia_silver,fecha_local_bolivia_convertida_utc,,ORD-2026-04088,CLI-079,PROD-040,2026-08-04 16:09:00,Cochabamba,CAM-01,CHO-072,191,191.0,24,24.9,0,1,0,ORD-2026-04088,False,CLI-079,False,PROD-040,False,CAM-01,False,CHO-072,False,Cochabamba,False,191,False,191.0,False,False,191.0,False,False,24.0,False,False,24.9,False,False,0.0,False,False,1.0,False,False,0.0,False,False,iso,True,2026-08-04 20:09:00+00:00,False,True,True,False,False,,,True,1,0,camion_id_sin_correspondencia_silver,cuarentena
ORD-2026-04094,CLI-053,PROD-028,2026-08-01 21:07:00+00:00,Cochabamba,CAM-30,CHO-080,447.0,447.0,48.0,47.4,1.0,1.0,1.0,4095,producto_id_sin_correspondencia_silver,fecha_local_bolivia_convertida_utc,,ORD-2026-04094,CLI-053,PROD-028,2026-08-01 17:07:00,Cochabamba,CAM-30,CHO-080,447,447.0,48,47.4,1,1,1,ORD-2026-04094,False,CLI-053,False,PROD-028,False,CAM-30,False,CHO-080,False,Cochabamba,False,447,False,447.0,False,False,447.0,False,False,48.0,False,False,47.4,False,False,1.0,False,False,1.0,False,False,1.0,False,False,iso,True,2026-08-01 21:07:00+00:00,False,True,False,True,False,,,True,1,0,producto_id_sin_correspondencia_silver,cuarentena
ORD-2026-04095,CLI-020,PROD-052,2026-08-29 13:00:00+00:00,Cochabamba,CAM-27,CHO-096,385.0,378.0,48.0,33.4,1.0,0.0,0.0,4096,camion_id_sin_correspondencia_silver,fecha_local_bolivia_convertida_utc,,ORD-2026-04095,CLI-020,PROD-052,2026-08-29 09:00:00,Cochabamba,CAM-27,CHO-096,385,378.0,48,33.4,1,0,0,ORD-2026-04095,False,CLI-020,False,PROD-052,False,CAM-27,False,CHO-096,False,Cochabamba,False,385,False,385.0,False,False,378.0,False,False,48.0,False,False,33.4,False,False,1.0,False,False,0.0,False,False,0.0,False,False,iso,True,2026-08-29 13:00:00+00:00,False,True,True,False,False,,,True,1,0,camion_id_sin_correspondencia_silver,cuarentena
ORD-2026-04097,CLI-045,PROD-014,2026-08-11 09:39:00+00:00,Cochabamba,CAM-11,CHO-108,481.0,481.0,72.0,47.4,1.0,1.0,1.0,4098,producto_id_sin_correspondencia_silver,fecha_local_bolivia_convertida_utc,,ORD-2026-04097,CLI-045,PROD-014,2026-08-11 05:39:00,Cochabamba,CAM-11,CHO-108,481,481.0,72,47.4,1,1,1,ORD-2026-04097,False,CLI-045,False,PROD-014,False,CAM-11,False,CHO-108,False,Cochabamba,False,481,False,481.0,False,False,481.0,False,False,72.0,False,False,47.4,False,False,1.0,False,False,1.0,False,False,1.0,False,False,iso,True,2026-08-11 09:39:00+00:00,False,True,False,True,False,,,True,1,0,producto_id_sin_correspondencia_silver,cuarentena
ORD-2026-04109,CLI-089,PROD-028,2026-08-02 08:44:00+00:00,Cochabamba,CAM-22,CHO-024,482.0,477.0,72.0,54.1,1.0,0.0,0.0,4110,producto_id_sin_correspondencia_silver,fecha_local_bolivia_convertida_utc,,ORD-2026-04109,CLI-089,PROD-028,2026-08-02 04:44:00,Cochabamba,CAM-22,CHO-024,482,477.0,72,54.1,1,0,0,ORD-2026-04109,False,CLI-089,False,PROD-028,False,CAM-22,False,CHO-024,False,Cochabamba,False,482,False,482.0,False,False,477.0,False,False,72.0,False,False,54.1,False,False,1.0,False,False,0.0,False,False,0.0,False,False,iso,True,2026-08-02 08:44:00+00:00,False,True,False,True,False,,,True,1,0,producto_id_sin_correspondencia_silver,cuarentena
ORD-2026-04110,CLI-026,PROD-013,2026-08-16 06:48:00+00:00,Cochabamba,CAM-27,CHO-002,33.0,33.0,48.0,36.2,1.0,1.0,1.0,4111,camion_id_sin_correspondencia_silver,fecha_local_bolivia_convertida_utc,,ORD-2026-04110,CLI-026,PROD-013,2026-08-16 02:48:00,Cochabamba,CAM-27,CHO-002,33,33.0,48,36.2,1,1,1,ORD-2026-04110,False,CLI-026,False,PROD-013,False,CAM-27,False,CHO-002,False,Cochabamba,False,33,False,33.0,False,False,33.0,False,False,48.0,False,False,36.2,False,False,1.0,False,False,1.0,False,False,1.0,False,False,iso,True,2026-08-16 06:48:00+00:00,False,True,True,False,False,,,True,1,0,camion_id_sin_correspondencia_silver,cuarentena
ORD-2026-04113,CLI-008,PROD-036,2026-08-21 22:11:00+00:00,Santa Cruz,CAM-08,CHO-132,81.0,81.0,24.0,18.2,1.0,1.0,1.0,4114,producto_id_sin_correspondencia_silver,fecha_local_bolivia_convertida_utc,,ORD-2026-04113,CLI-008,PROD-036,2026-08-21 18:11:00,Santa Cruz,CAM-08,CHO-132,81,81.0,24,18.2,1,1,1,ORD-2026-04113,False,CLI-008,False,PROD-036,False,CAM-08,False,CHO-132,False,Santa Cruz,False,81,False,81.0,False,False,81.0,False,False,24.0,False,False,18.2,False,False,1.0,False,False,1.0,False,False,1.0,False,False,iso,True,2026-08-21 22:11:00+00:00,False,True,False,True,False,,,True,1,0,producto_id_sin_correspondencia_silver,cuarentena
ORD-2026-04121,CLI-076,PROD-025,2026-08-07 20:20:00+00:00,Cochabamba,CAM-01,CHO-087,365.0,365.0,24.0,16.7,1.0,1.0,1.0,4122,camion_id_sin_correspondencia_silver,fecha_local_bolivia_convertida_utc,,ORD-2026-04121,CLI-076,PROD-025,2026-08-07 16:20:00,Cochabamba,CAM-01,CHO-087,365,365.0,24,16.7,1,1,1,ORD-2026-04121,False,CLI-076,False,PROD-025,False,CAM-01,False,CHO-087,False,Cochabamba,False,365,False,365.0,False,False,365.0,False,False,24.0,False,False,16.7,False,False,1.0,False,False,1.0,False,False,1.0,False,False,iso,True,2026-08-07 20:20:00+00:00,False,True,True,False,False,,,True,1,0,camion_id_sin_correspondencia_silver,cuarentena
ORD-2026-04125,CLI-061,PROD-026,2026-08-13 05:16:00+00:00,Cochabamba,CAM-11,CHO-098,313.0,313.0,24.0,21.1,1.0,1.0,1.0,4126,producto_id_sin_correspondencia_silver,fecha_local_bolivia_convertida_utc,,ORD-2026-04125,CLI-061,PROD-026,2026-08-13 01:16:00,Cochabamba,CAM-11,CHO-098,313,313.0,24,21.1,1,1,1,ORD-2026-04125,False,CLI-061,False,PROD-026,False,CAM-11,False,CHO-098,False,Cochabamba,False,313,False,313.0,False,False,313.0,False,False,24.0,False,False,21.1,False,False,1.0,False,False,1.0,False,False,1.0,False,False,iso,True,2026-08-13 05:16:00+00:00,False,True,False,True,False,,,True,1,0,producto_id_sin_correspondencia_silver,cuarentena
ORD-2026-04126,CLI-034,PROD-059,2026-08-04 17:46:00+00:00,La Paz,CAM-10,CHO-054,472.0,,24.0,23.2,1.0,1.0,1.0,4127,requerido_ausente:cantidad_entregada,fecha_local_bolivia_convertida_utc,,ORD-2026-04126,CLI-034,PROD-059,2026-08-04 13:46:00,La Paz,CAM-10,CHO-054,472,,24,23.2,1,1,1,ORD-2026-04126,False,CLI-034,False,PROD-059,False,CAM-10,False,CHO-054,False,La Paz,False,472,False,472.0,False,False,,False,False,24.0,False,False,23.2,False,False,1.0,False,False,1.0,False,False,1.0,False,False,iso,True,2026-08-04 17:46:00+00:00,False,True,True,True,False,,,True,1,0,requerido_ausente:cantidad_entregada,cuarentena
ORD-2026-04133,CLI-081,PROD-014,2026-08-20 04:07:00+00:00,Oruro,CAM-20,CHO-046,57.0,57.0,48.0,37.4,1.0,1.0,1.0,4134,producto_id_sin_correspondencia_silver,fecha_local_bolivia_convertida_utc,,ORD-2026-04133,CLI-081,PROD-014,2026-08-20 00:07:00,Oruro,CAM-20,CHO-046,57,57.0,48,37.4,1,1,1,ORD-2026-04133,False,CLI-081,False,PROD-014,False,CAM-20,False,CHO-046,False,Oruro,False,57,False,57.0,False,False,57.0,False,False,48.0,False,False,37.4,False,False,1.0,False,False,1.0,False,False,1.0,False,False,iso,True,2026-08-20 04:07:00+00:00,False,True,False,True,False,,,True,1,0,producto_id_sin_correspondencia_silver,cuarentena
ORD-2026-04138,CLI-028,PROD-055,2026-08-12 01:23:00+00:00,Cochabamba,CAM-01,CHO-033,359.0,359.0,72.0,62.6,1.0,1.0,1.0,4139,camion_id_sin_correspondencia_silver,fecha_local_bolivia_convertida_utc,,ORD-2026-04138,CLI-028,PROD-055,2026-08-11 21:23:00,Cochabamba,CAM-01,CHO-033,359,359.0,72,62.6,1,1,1,ORD-2026-04138,False,CLI-028,False,PROD-055,False,CAM-01,False,CHO-033,False,Cochabamba,False,359,False,359.0,False,False,359.0,False,False,72.0,False,False,62.6,False,False,1.0,False,False,1.0,False,False,1.0,False,False,iso,True,2026-08-12 01:23:00+00:00,False,True,True,False,False,,,True,1,0,camion_id_sin_correspondencia_silver,cuarentena
ORD-2026-04139,CLI-029,PROD-028,2026-08-25 19:21:00+00:00,Santa Cruz,CAM-29,CHO-053,431.0,431.0,24.0,15.3,1.0,1.0,1.0,4140,producto_id_sin_correspondencia_silver,fecha_local_bolivia_convertida_utc,,ORD-2026-04139,CLI-029,PROD-028,2026-08-25 15:21:00,Santa Cruz,CAM-29,CHO-053,431,431.0,24,15.3,1,1,1,ORD-2026-04139,False,CLI-029,False,PROD-028,False,CAM-29,False,CHO-053,False,Santa Cruz,False,431,False,431.0,False,False,431.0,False,False,24.0,False,False,15.3,False,False,1.0,False,False,1.0,False,False,1.0,False,False,iso,True,2026-08-25 19:21:00+00:00,False,True,False,True,False,,,True,1,0,producto_id_sin_correspondencia_silver,cuarentena
ORD-2026-04143,CLI-053,PROD-023,2026-08-16 22:43:00+00:00,Cochabamba,CAM-27,CHO-098,269.0,269.0,48.0,56.8,0.0,1.0,0.0,4144,camion_id_sin_correspondencia_silver,fecha_local_bolivia_convertida_utc,,ORD-2026-04143,CLI-053,PROD-023,2026-08-16 18:43:00,Cochabamba,CAM-27,CHO-098,269,269.0,48,56.8,0,1,0,ORD-2026-04143,False,CLI-053,False,PROD-023,False,CAM-27,False,CHO-098,False,Cochabamba,False,269,False,269.0,False,False,269.0,False,False,48.0,False,False,56.8,False,False,0.0,False,False,1.0,False,False,0.0,False,False,iso,True,2026-08-16 22:43:00+00:00,False,True,True,False,False,,,True,1,0,camion_id_sin_correspondencia_silver,cuarentena
ORD-2026-04144,CLI-043,PROD-013,2026-08-19 08:01:00+00:00,Cochabamba,CAM-27,CHO-024,482.0,482.0,48.0,30.2,1.0,1.0,1.0,4145,camion_id_sin_correspondencia_silver,fecha_local_bolivia_convertida_utc,,ORD-2026-04144,CLI-043,PROD-013,2026-08-19 04:01:00,Cochabamba,CAM-27,CHO-024,482,482.0,48,30.2,1,1,1,ORD-2026-04144,False,CLI-043,False,PROD-013,False,CAM-27,False,CHO-024,False,Cochabamba,False,482,False,482.0,False,False,482.0,False,False,48.0,False,False,30.2,False,False,1.0,False,False,1.0,False,False,1.0,False,False,iso,True,2026-08-19 08:01:00+00:00,False,True,True,False,False,,,True,1,0,camion_id_sin_correspondencia_silver,cuarentena
ORD-2026-04148,CLI-063,PROD-052,2026-08-25 20:01:00+00:00,Cochabamba,CAM-27,CHO-017,421.0,421.0,24.0,20.4,1.0,1.0,1.0,4149,camion_id_sin_correspondencia_silver,fecha_local_bolivia_convertida_utc,,ORD-2026-04148,CLI-063,PROD-052,2026-08-25 16:01:00,Cochabamba,CAM-27,CHO-017,421,421.0,24,20.4,1,1,1,ORD-2026-04148,False,CLI-063,False,PROD-052,False,CAM-27,False,CHO-017,False,Cochabamba,False,421,False,421.0,False,False,421.0,False,False,24.0,False,False,20.4,False,False,1.0,False,False,1.0,False,False,1.0,False,False,iso,True,2026-08-25 20:01:00+00:00,False,True,True,False,False,,,True,1,0,camion_id_sin_correspondencia_silver,cuarentena
ORD-2026-04154,CLI-087,PROD-010,2026-08-22 13:27:00+00:00,La Paz,CAM-10,CHO-006,228.0,228.0,48.0,33.9,1.0,1.0,1.0,4155,producto_id_sin_correspondencia_silver,fecha_local_bolivia_convertida_utc,,ORD-2026-04154,CLI-087,PROD-010,2026-08-22 09:27:00,La Paz,CAM-10,CHO-006,228,228.0,48,33.9,1,1,1,ORD-2026-04154,False,CLI-087,False,PROD-010,False,CAM-10,False,CHO-006,False,La Paz,False,228,False,228.0,False,False,228.0,False,False,48.0,False,False,33.9,False,False,1.0,False,False,1.0,False,False,1.0,False,False,iso,True,2026-08-22 13:27:00+00:00,False,True,False,True,False,,,True,1,0,producto_id_sin_correspondencia_silver,cuarentena
ORD-2026-04171,CLI-002,PROD-026,2026-08-20 19:19:00+00:00,Oruro,CAM-24,CHO-066,460.0,460.0,72.0,55.3,1.0,1.0,1.0,4172,producto_id_sin_correspondencia_silver,normalizacion_identificador:order_id | fecha_local_bolivia_convertida_utc,, ord-2026-04171 ,CLI-002,PROD-026,2026-08-20 15:19:00,Oruro,CAM-24,CHO-066,460,460.0,72,55.3,1,1,1,ORD-2026-04171,True,CLI-002,False,PROD-026,False,CAM-24,False,CHO-066,False,Oruro,False,460,False,460.0,False,False,460.0,False,False,72.0,False,False,55.3,False,False,1.0,False,False,1.0,False,False,1.0,False,False,iso,True,2026-08-20 19:19:00+00:00,False,True,False,True,False,,,True,2,0,producto_id_sin_correspondencia_silver,cuarentena
ORD-2026-04173,CLI-062,PROD-027,2026-08-19 01:41:00+00:00,Cochabamba,CAM-27,CHO-024,110.0,110.0,24.0,31.2,0.0,1.0,0.0,4174,camion_id_sin_correspondencia_silver,fecha_local_bolivia_convertida_utc,,ORD-2026-04173,CLI-062,PROD-027,2026-08-18 21:41:00,Cochabamba,CAM-27,CHO-024,110,110.0,24,31.2,0,1,0,ORD-2026-04173,False,CLI-062,False,PROD-027,False,CAM-27,False,CHO-024,False,Cochabamba,False,110,False,110.0,False,False,110.0,False,False,24.0,False,False,31.2,False,False,0.0,False,False,1.0,False,False,0.0,False,False,iso,True,2026-08-19 01:41:00+00:00,False,True,True,False,False,,,True,1,0,camion_id_sin_correspondencia_silver,cuarentena
ORD-2026-04185,CLI-047,PROD-014,2026-08-14 18:47:00+00:00,Oruro,CAM-20,CHO-046,114.0,114.0,72.0,55.4,1.0,1.0,1.0,4186,producto_id_sin_correspondencia_silver,fecha_local_bolivia_convertida_utc,,ORD-2026-04185,CLI-047,PROD-014,2026-08-14 14:47:00,Oruro,CAM-20,CHO-046,114,114.0,72,55.4,1,1,1,ORD-2026-04185,False,CLI-047,False,PROD-014,False,CAM-20,False,CHO-046,False,Oruro,False,114,False,114.0,False,False,114.0,False,False,72.0,False,False,55.4,False,False,1.0,False,False,1.0,False,False,1.0,False,False,iso,True,2026-08-14 18:47:00+00:00,False,True,False,True,False,,,True,1,0,producto_id_sin_correspondencia_silver,cuarentena
ORD-2026-04204,CLI-100,PROD-010,2026-08-29 06:27:00+00:00,La Paz,CAM-07,CHO-018,179.0,179.0,72.0,53.9,1.0,1.0,1.0,4205,producto_id_sin_correspondencia_silver,fecha_local_bolivia_convertida_utc,,ORD-2026-04204,CLI-100,PROD-010,2026-08-29 02:27:00,La Paz,CAM-07,CHO-018,179,179.0,72,53.9,1,1,1,ORD-2026-04204,False,CLI-100,False,PROD-010,False,CAM-07,False,CHO-018,False,La Paz,False,179,False,179.0,False,False,179.0,False,False,72.0,False,False,53.9,False,False,1.0,False,False,1.0,False,False,1.0,False,False,iso,True,2026-08-29 06:27:00+00:00,False,True,False,True,False,,,True,1,0,producto_id_sin_correspondencia_silver,cuarentena
ORD-2026-04209,CLI-050,PROD-038,2026-08-02 22:47:00+00:00,Oruro,CAM-03,CHO-046,228.0,228.0,24.0,22.0,1.0,1.0,1.0,4210,order_id_duplicado,fecha_local_bolivia_convertida_utc,,ORD-2026-04209,CLI-050,PROD-038,2026-08-02 18:47:00,Oruro,CAM-03,CHO-046,228,228.0,24,22.0,1,1,1,ORD-2026-04209,False,CLI-050,False,PROD-038,False,CAM-03,False,CHO-046,False,Oruro,False,228,False,228.0,False,False,228.0,False,False,24.0,False,False,22.0,False,False,1.0,False,False,1.0,False,False,1.0,False,False,iso,True,2026-08-02 22:47:00+00:00,False,True,True,True,False,,,True,1,0,order_id_duplicado,cuarentena
ORD-2026-04210,CLI-073,PROD-028,2026-08-08 02:29:00+00:00,Cochabamba,CAM-11,CHO-121,493.0,493.0,72.0,55.7,1.0,1.0,1.0,4211,producto_id_sin_correspondencia_silver,fecha_local_bolivia_convertida_utc,,ORD-2026-04210,CLI-073,PROD-028,2026-08-07 22:29:00,Cochabamba,CAM-11,CHO-121,493,493.0,72,55.7,1,1,1,ORD-2026-04210,False,CLI-073,False,PROD-028,False,CAM-11,False,CHO-121,False,Cochabamba,False,493,False,493.0,False,False,493.0,False,False,72.0,False,False,55.7,False,False,1.0,False,False,1.0,False,False,1.0,False,False,iso,True,2026-08-08 02:29:00+00:00,False,True,False,True,False,,,True,1,0,producto_id_sin_correspondencia_silver,cuarentena
ORD-2026-04225,CLI-021,PROD-010,2026-08-01 05:40:00+00:00,La Paz,CAM-12,CHO-076,461.0,461.0,24.0,12.9,1.0,1.0,1.0,4226,producto_id_sin_correspondencia_silver,fecha_local_bolivia_convertida_utc,,ORD-2026-04225,CLI-021,PROD-010,2026-08-01 01:40:00,La Paz,CAM-12,CHO-076,461,461.0,24,12.9,1,1,1,ORD-2026-04225,False,CLI-021,False,PROD-010,False,CAM-12,False,CHO-076,False,La Paz,False,461,False,461.0,False,False,461.0,False,False,24.0,False,False,12.9,False,False,1.0,False,False,1.0,False,False,1.0,False,False,iso,True,2026-08-01 05:40:00+00:00,False,True,False,True,False,,,True,1,0,producto_id_sin_correspondencia_silver,cuarentena
ORD-2026-04240,CLI-097,PROD-036,2026-08-22 01:56:00+00:00,Oruro,CAM-24,CHO-095,88.0,88.0,24.0,20.6,1.0,1.0,1.0,4241,producto_id_sin_correspondencia_silver,fecha_local_bolivia_convertida_utc,,ORD-2026-04240,CLI-097,PROD-036,2026-08-21 21:56:00,Oruro,CAM-24,CHO-095,88,88.0,24,20.6,1,1,1,ORD-2026-04240,False,CLI-097,False,PROD-036,False,CAM-24,False,CHO-095,False,Oruro,False,88,False,88.0,False,False,88.0,False,False,24.0,False,False,20.6,False,False,1.0,False,False,1.0,False,False,1.0,False,False,iso,True,2026-08-22 01:56:00+00:00,False,True,False,True,False,,,True,1,0,producto_id_sin_correspondencia_silver,cuarentena
ORD-2026-04251,CLI-073,PROD-026,2026-08-05 23:03:00+00:00,La Paz,CAM-28,CHO-054,184.0,184.0,48.0,43.1,1.0,1.0,1.0,4252,producto_id_sin_correspondencia_silver,fecha_local_bolivia_convertida_utc,,ORD-2026-04251,CLI-073,PROD-026,2026-08-05 19:03:00,La Paz,CAM-28,CHO-054,184,184.0,48,43.1,1,1,1,ORD-2026-04251,False,CLI-073,False,PROD-026,False,CAM-28,False,CHO-054,False,La Paz,False,184,False,184.0,False,False,184.0,False,False,48.0,False,False,43.1,False,False,1.0,False,False,1.0,False,False,1.0,False,False,iso,True,2026-08-05 23:03:00+00:00,False,True,False,True,False,,,True,1,0,producto_id_sin_correspondencia_silver,cuarentena
ORD-2026-04259,CLI-042,PROD-010,2026-08-25 21:00:00+00:00,Cochabamba,CAM-06,CHO-077,251.0,251.0,24.0,17.9,1.0,1.0,1.0,4260,producto_id_sin_correspondencia_silver,fecha_local_bolivia_convertida_utc,,ORD-2026-04259,CLI-042,PROD-010,2026-08-25 17:00:00,Cochabamba,CAM-06,CHO-077,251,251.0,24,17.9,1,1,1,ORD-2026-04259,False,CLI-042,False,PROD-010,False,CAM-06,False,CHO-077,False,Cochabamba,False,251,False,251.0,False,False,251.0,False,False,24.0,False,False,17.9,False,False,1.0,False,False,1.0,False,False,1.0,False,False,iso,True,2026-08-25 21:00:00+00:00,False,True,False,True,False,,,True,1,0,producto_id_sin_correspondencia_silver,cuarentena
ORD-2026-04273,CLI-017,PROD-028,2026-08-31 00:22:00+00:00,Cochabamba,CAM-11,CHO-089,442.0,442.0,72.0,54.6,1.0,1.0,1.0,4274,producto_id_sin_correspondencia_silver,fecha_local_bolivia_convertida_utc,,ORD-2026-04273,CLI-017,PROD-028,2026-08-30 20:22:00,Cochabamba,CAM-11,CHO-089,442,442.0,72,54.6,1,1,1,ORD-2026-04273,False,CLI-017,False,PROD-028,False,CAM-11,False,CHO-089,False,Cochabamba,False,442,False,442.0,False,False,442.0,False,False,72.0,False,False,54.6,False,False,1.0,False,False,1.0,False,False,1.0,False,False,iso,True,2026-08-31 00:22:00+00:00,False,True,False,True,False,,,True,1,0,producto_id_sin_correspondencia_silver,cuarentena
ORD-2026-04277,CLI-029,PROD-039,2026-08-22 11:21:00+00:00,Cochabamba,CAM-01,CHO-122,25.0,15.0,24.0,17.0,1.0,0.0,0.0,4278,camion_id_sin_correspondencia_silver,fecha_local_bolivia_convertida_utc,,ORD-2026-04277,CLI-029,PROD-039,2026-08-22 07:21:00,Cochabamba,CAM-01,CHO-122,25,15.0,24,17.0,1,0,0,ORD-2026-04277,False,CLI-029,False,PROD-039,False,CAM-01,False,CHO-122,False,Cochabamba,False,25,False,25.0,False,False,15.0,False,False,24.0,False,False,17.0,False,False,1.0,False,False,0.0,False,False,0.0,False,False,iso,True,2026-08-22 11:21:00+00:00,False,True,True,False,False,,,True,1,0,camion_id_sin_correspondencia_silver,cuarentena
ORD-2026-04279,CLI-047,PROD-035,2026-08-24 10:23:00+00:00,Oruro,CAM-20,CHO-046,452.0,452.0,24.0,14.6,1.0,1.0,1.0,4280,order_id_duplicado,fecha_local_bolivia_convertida_utc,,ORD-2026-04279,CLI-047,PROD-035,2026-08-24 06:23:00,Oruro,CAM-20,CHO-046,452,452.0,24,14.6,1,1,1,ORD-2026-04279,False,CLI-047,False,PROD-035,False,CAM-20,False,CHO-046,False,Oruro,False,452,False,452.0,False,False,452.0,False,False,24.0,False,False,14.6,False,False,1.0,False,False,1.0,False,False,1.0,False,False,iso,True,2026-08-24 10:23:00+00:00,False,True,True,True,False,,,True,1,0,order_id_duplicado,cuarentena
ORD-2026-04297,CLI-013,PROD-015,2026-08-05 09:15:00+00:00,Cochabamba,CAM-27,CHO-088,273.0,273.0,72.0,54.3,1.0,1.0,1.0,4298,camion_id_sin_correspondencia_silver,fecha_local_bolivia_convertida_utc,,ORD-2026-04297,CLI-013,PROD-015,2026-08-05 05:15:00,Cochabamba,CAM-27,CHO-088,273,273.0,72,54.3,1,1,1,ORD-2026-04297,False,CLI-013,False,PROD-015,False,CAM-27,False,CHO-088,False,Cochabamba,False,273,False,273.0,False,False,273.0,False,False,72.0,False,False,54.3,False,False,1.0,False,False,1.0,False,False,1.0,False,False,iso,True,2026-08-05 09:15:00+00:00,False,True,True,False,False,,,True,1,0,camion_id_sin_correspondencia_silver,cuarentena
ORD-2026-04300,CLI-004,PROD-010,2026-08-11 19:58:00+00:00,Cochabamba,CAM-17,CHO-029,491.0,491.0,48.0,42.6,1.0,1.0,1.0,4301,producto_id_sin_correspondencia_silver,fecha_local_bolivia_convertida_utc,,ORD-2026-04300,CLI-004,PROD-010,2026-08-11 15:58:00,Cochabamba,CAM-17,CHO-029,491,491.0,48,42.6,1,1,1,ORD-2026-04300,False,CLI-004,False,PROD-010,False,CAM-17,False,CHO-029,False,Cochabamba,False,491,False,491.0,False,False,491.0,False,False,48.0,False,False,42.6,False,False,1.0,False,False,1.0,False,False,1.0,False,False,iso,True,2026-08-11 19:58:00+00:00,False,True,False,True,False,,,True,1,0,producto_id_sin_correspondencia_silver,cuarentena
ORD-2026-04301,CLI-061,PROD-024,2026-08-30 00:51:00+00:00,La Paz,CAM-07,CHO-101,245.0,245.0,24.0,20.0,1.0,1.0,1.0,4302,producto_id_sin_correspondencia_silver,fecha_local_bolivia_convertida_utc,,ORD-2026-04301,CLI-061,PROD-024,2026-08-29 20:51:00,La Paz,CAM-07,CHO-101,245,245.0,24,20.0,1,1,1,ORD-2026-04301,False,CLI-061,False,PROD-024,False,CAM-07,False,CHO-101,False,La Paz,False,245,False,245.0,False,False,245.0,False,False,24.0,False,False,20.0,False,False,1.0,False,False,1.0,False,False,1.0,False,False,iso,True,2026-08-30 00:51:00+00:00,False,True,False,True,False,,,True,1,0,producto_id_sin_correspondencia_silver,cuarentena
ORD-2026-04302,CLI-096,PROD-024,2026-08-12 17:41:00+00:00,Cochabamba,CAM-27,CHO-065,458.0,458.0,24.0,15.2,1.0,1.0,1.0,4303,producto_id_sin_correspondencia_silver | camion_id_sin_correspondencia_silver,fecha_local_bolivia_convertida_utc,,ORD-2026-04302,CLI-096,PROD-024,2026-08-12 13:41:00,Cochabamba,CAM-27,CHO-065,458,458.0,24,15.2,1,1,1,ORD-2026-04302,False,CLI-096,False,PROD-024,False,CAM-27,False,CHO-065,False,Cochabamba,False,458,False,458.0,False,False,458.0,False,False,24.0,False,False,15.2,False,False,1.0,False,False,1.0,False,False,1.0,False,False,iso,True,2026-08-12 17:41:00+00:00,False,True,False,False,False,,,True,1,0,producto_id_sin_correspondencia_silver | camion_id_sin_correspondencia_silver,cuarentena
ORD-2026-04303,CLI-069,PROD-013,2026-08-06 16:03:00+00:00,Cochabamba,CAM-01,CHO-007,76.0,76.0,24.0,20.3,1.0,1.0,1.0,4304,camion_id_sin_correspondencia_silver,fecha_local_bolivia_convertida_utc,,ORD-2026-04303,CLI-069,PROD-013,2026-08-06 12:03:00,Cochabamba,CAM-01,CHO-007,76,76.0,24,20.3,1,1,1,ORD-2026-04303,False,CLI-069,False,PROD-013,False,CAM-01,False,CHO-007,False,Cochabamba,False,76,False,76.0,False,False,76.0,False,False,24.0,False,False,20.3,False,False,1.0,False,False,1.0,False,False,1.0,False,False,iso,True,2026-08-06 16:03:00+00:00,False,True,True,False,False,,,True,1,0,camion_id_sin_correspondencia_silver,cuarentena
ORD-2026-04308,CLI-011,PROD-028,2026-08-19 15:10:00+00:00,La Paz,CAM-28,CHO-006,78.0,78.0,24.0,21.7,1.0,1.0,1.0,4309,producto_id_sin_correspondencia_silver,fecha_local_bolivia_convertida_utc,,ORD-2026-04308,CLI-011,PROD-028,2026-08-19 11:10:00,La Paz,CAM-28,CHO-006,78,78.0,24,21.7,1,1,1,ORD-2026-04308,False,CLI-011,False,PROD-028,False,CAM-28,False,CHO-006,False,La Paz,False,78,False,78.0,False,False,78.0,False,False,24.0,False,False,21.7,False,False,1.0,False,False,1.0,False,False,1.0,False,False,iso,True,2026-08-19 15:10:00+00:00,False,True,False,True,False,,,True,1,0,producto_id_sin_correspondencia_silver,cuarentena
ORD-2026-04311,CLI-014,PROD-045,2026-08-08 02:17:00+00:00,Cochabamba,CAM-01,CHO-120,192.0,192.0,72.0,52.2,1.0,1.0,1.0,4312,camion_id_sin_correspondencia_silver,fecha_local_bolivia_convertida_utc,,ORD-2026-04311,CLI-014,PROD-045,2026-08-07 22:17:00,Cochabamba,CAM-01,CHO-120,192,192.0,72,52.2,1,1,1,ORD-2026-04311,False,CLI-014,False,PROD-045,False,CAM-01,False,CHO-120,False,Cochabamba,False,192,False,192.0,False,False,192.0,False,False,72.0,False,False,52.2,False,False,1.0,False,False,1.0,False,False,1.0,False,False,iso,True,2026-08-08 02:17:00+00:00,False,True,True,False,False,,,True,1,0,camion_id_sin_correspondencia_silver,cuarentena
ORD-2026-04324,CLI-029,PROD-009,2026-08-18 06:08:00+00:00,Cochabamba,CAM-01,CHO-012,265.0,265.0,72.0,71.6,1.0,1.0,1.0,4325,camion_id_sin_correspondencia_silver,fecha_local_bolivia_convertida_utc,,ORD-2026-04324,CLI-029,PROD-009,2026-08-18 02:08:00,Cochabamba,CAM-01,CHO-012,265,265.0,72,71.6,1,1,1,ORD-2026-04324,False,CLI-029,False,PROD-009,False,CAM-01,False,CHO-012,False,Cochabamba,False,265,False,265.0,False,False,265.0,False,False,72.0,False,False,71.6,False,False,1.0,False,False,1.0,False,False,1.0,False,False,iso,True,2026-08-18 06:08:00+00:00,False,True,True,False,False,,,True,1,0,camion_id_sin_correspondencia_silver,cuarentena
ORD-2026-04326,CLI-022,PROD-036,2026-08-18 10:55:00+00:00,Cochabamba,CAM-02,CHO-012,115.0,115.0,72.0,50.0,1.0,1.0,1.0,4327,producto_id_sin_correspondencia_silver,fecha_local_bolivia_convertida_utc,,ORD-2026-04326,CLI-022,PROD-036,2026-08-18 06:55:00,Cochabamba,CAM-02,CHO-012,115,115.0,72,50.0,1,1,1,ORD-2026-04326,False,CLI-022,False,PROD-036,False,CAM-02,False,CHO-012,False,Cochabamba,False,115,False,115.0,False,False,115.0,False,False,72.0,False,False,50.0,False,False,1.0,False,False,1.0,False,False,1.0,False,False,iso,True,2026-08-18 10:55:00+00:00,False,True,False,True,False,,,True,1,0,producto_id_sin_correspondencia_silver,cuarentena
ORD-2026-04331,CLI-013,PROD-036,2026-08-09 00:54:00+00:00,Santa Cruz,CAM-08,CHO-141,486.0,486.0,48.0,48.8,0.0,1.0,0.0,4332,producto_id_sin_correspondencia_silver,fecha_local_bolivia_convertida_utc,,ORD-2026-04331,CLI-013,PROD-036,2026-08-08 20:54:00,Santa Cruz,CAM-08,CHO-141,486,486.0,48,48.8,0,1,0,ORD-2026-04331,False,CLI-013,False,PROD-036,False,CAM-08,False,CHO-141,False,Santa Cruz,False,486,False,486.0,False,False,486.0,False,False,48.0,False,False,48.8,False,False,0.0,False,False,1.0,False,False,0.0,False,False,iso,True,2026-08-09 00:54:00+00:00,False,True,False,True,False,,,True,1,0,producto_id_sin_correspondencia_silver,cuarentena
ORD-2026-04332,CLI-014,PROD-009,2026-08-04 00:25:00+00:00,Cochabamba,CAM-27,CHO-088,11.0,1.0,48.0,38.4,1.0,0.0,0.0,4333,camion_id_sin_correspondencia_silver,fecha_local_bolivia_convertida_utc,,ORD-2026-04332,CLI-014,PROD-009,2026-08-03 20:25:00,Cochabamba,CAM-27,CHO-088,11,1.0,48,38.4,1,0,0,ORD-2026-04332,False,CLI-014,False,PROD-009,False,CAM-27,False,CHO-088,False,Cochabamba,False,11,False,11.0,False,False,1.0,False,False,48.0,False,False,38.4,False,False,1.0,False,False,0.0,False,False,0.0,False,False,iso,True,2026-08-04 00:25:00+00:00,False,True,True,False,False,,,True,1,0,camion_id_sin_correspondencia_silver,cuarentena
ORD-2026-04334,CLI-033,PROD-022,2026-08-28 11:55:00+00:00,Cochabamba,CAM-27,CHO-131,489.0,489.0,48.0,50.0,0.0,1.0,0.0,4335,camion_id_sin_correspondencia_silver,fecha_local_bolivia_convertida_utc,,ORD-2026-04334,CLI-033,PROD-022,2026-08-28 07:55:00,Cochabamba,CAM-27,CHO-131,489,489.0,48,50.0,0,1,0,ORD-2026-04334,False,CLI-033,False,PROD-022,False,CAM-27,False,CHO-131,False,Cochabamba,False,489,False,489.0,False,False,489.0,False,False,48.0,False,False,50.0,False,False,0.0,False,False,1.0,False,False,0.0,False,False,iso,True,2026-08-28 11:55:00+00:00,False,True,True,False,False,,,True,1,0,camion_id_sin_correspondencia_silver,cuarentena
ORD-2026-04343,CLI-081,PROD-045,2026-08-02 02:31:00+00:00,La Paz,CAM-10,CHO-018,50.0,299.0,72.0,69.9,1.0,0.0,0.0,4344,cantidad_entregada_mayor_solicitada | otif_in_full_incoherente,numero_escrito_normalizado:cantidad_solicitada | fecha_local_bolivia_convertida_utc,,ORD-2026-04343,CLI-081,PROD-045,2026-08-01 22:31:00,La Paz,CAM-10,CHO-018,cincuenta,299.0,72,69.9,1,0,0,ORD-2026-04343,False,CLI-081,False,PROD-045,False,CAM-10,False,CHO-018,False,La Paz,False,50,True,50.0,False,False,299.0,False,False,72.0,False,False,69.9,False,False,1.0,False,False,0.0,False,False,0.0,False,False,iso,True,2026-08-02 02:31:00+00:00,False,True,True,True,False,,,True,2,0,cantidad_entregada_mayor_solicitada | otif_in_full_incoherente,cuarentena
ORD-2026-04354,CLI-011,PROD-035,2026-08-28 10:47:00+00:00,Cochabamba,CAM-27,CHO-089,121.0,121.0,72.0,50.7,1.0,1.0,1.0,4355,camion_id_sin_correspondencia_silver,fecha_local_bolivia_convertida_utc,,ORD-2026-04354,CLI-011,PROD-035,2026-08-28 06:47:00,Cochabamba,CAM-27,CHO-089,121,121.0,72,50.7,1,1,1,ORD-2026-04354,False,CLI-011,False,PROD-035,False,CAM-27,False,CHO-089,False,Cochabamba,False,121,False,121.0,False,False,121.0,False,False,72.0,False,False,50.7,False,False,1.0,False,False,1.0,False,False,1.0,False,False,iso,True,2026-08-28 10:47:00+00:00,False,True,True,False,False,,,True,1,0,camion_id_sin_correspondencia_silver,cuarentena
ORD-2026-04356,CLI-053,PROD-013,2026-08-19 19:01:00+00:00,Cochabamba,CAM-27,CHO-111,49.0,49.0,48.0,44.2,1.0,1.0,1.0,4357,camion_id_sin_correspondencia_silver,fecha_local_bolivia_convertida_utc,,ORD-2026-04356,CLI-053,PROD-013,2026-08-19 15:01:00,Cochabamba,CAM-27,CHO-111,49,49.0,48,44.2,1,1,1,ORD-2026-04356,False,CLI-053,False,PROD-013,False,CAM-27,False,CHO-111,False,Cochabamba,False,49,False,49.0,False,False,49.0,False,False,48.0,False,False,44.2,False,False,1.0,False,False,1.0,False,False,1.0,False,False,iso,True,2026-08-19 19:01:00+00:00,False,True,True,False,False,,,True,1,0,camion_id_sin_correspondencia_silver,cuarentena
ORD-2026-04359,CLI-023,PROD-034,2026-08-05 17:43:00+00:00,Cochabamba,CAM-01,CHO-065,311.0,311.0,24.0,21.1,1.0,1.0,1.0,4360,camion_id_sin_correspondencia_silver,fecha_local_bolivia_convertida_utc,,ORD-2026-04359,CLI-023,PROD-034,2026-08-05 13:43:00,Cochabamba,CAM-01,CHO-065,311,311.0,24,21.1,1,1,1,ORD-2026-04359,False,CLI-023,False,PROD-034,False,CAM-01,False,CHO-065,False,Cochabamba,False,311,False,311.0,False,False,311.0,False,False,24.0,False,False,21.1,False,False,1.0,False,False,1.0,False,False,1.0,False,False,iso,True,2026-08-05 17:43:00+00:00,False,True,True,False,False,,,True,1,0,camion_id_sin_correspondencia_silver,cuarentena
ORD-2026-04360,CLI-004,PROD-010,2026-08-08 18:45:00+00:00,La Paz,CAM-12,CHO-126,357.0,357.0,48.0,57.4,0.0,1.0,0.0,4361,producto_id_sin_correspondencia_silver,fecha_local_bolivia_convertida_utc,,ORD-2026-04360,CLI-004,PROD-010,2026-08-08 14:45:00,La Paz,CAM-12,CHO-126,357,357.0,48,57.4,0,1,0,ORD-2026-04360,False,CLI-004,False,PROD-010,False,CAM-12,False,CHO-126,False,La Paz,False,357,False,357.0,False,False,357.0,False,False,48.0,False,False,57.4,False,False,0.0,False,False,1.0,False,False,0.0,False,False,iso,True,2026-08-08 18:45:00+00:00,False,True,False,True,False,,,True,1,0,producto_id_sin_correspondencia_silver,cuarentena
ORD-2026-04363,CLI-052,PROD-031,2026-08-09 08:35:00+00:00,Cochabamba,CAM-27,CHO-020,252.0,252.0,24.0,18.6,1.0,1.0,1.0,4364,camion_id_sin_correspondencia_silver,fecha_local_bolivia_convertida_utc,,ORD-2026-04363,CLI-052,PROD-031,2026-08-09 04:35:00,Cochabamba,CAM-27,CHO-020,252,252.0,24,18.6,1,1,1,ORD-2026-04363,False,CLI-052,False,PROD-031,False,CAM-27,False,CHO-020,False,Cochabamba,False,252,False,252.0,False,False,252.0,False,False,24.0,False,False,18.6,False,False,1.0,False,False,1.0,False,False,1.0,False,False,iso,True,2026-08-09 08:35:00+00:00,False,True,True,False,False,,,True,1,0,camion_id_sin_correspondencia_silver,cuarentena
ORD-2026-04366,CLI-009,PROD-036,2026-08-23 01:08:00+00:00,La Paz,CAM-28,CHO-140,266.0,265.0,72.0,47.1,1.0,0.0,0.0,4367,producto_id_sin_correspondencia_silver,fecha_local_bolivia_convertida_utc,,ORD-2026-04366,CLI-009,PROD-036,2026-08-22 21:08:00,La Paz,CAM-28,CHO-140,266,265.0,72,47.1,1,0,0,ORD-2026-04366,False,CLI-009,False,PROD-036,False,CAM-28,False,CHO-140,False,La Paz,False,266,False,266.0,False,False,265.0,False,False,72.0,False,False,47.1,False,False,1.0,False,False,0.0,False,False,0.0,False,False,iso,True,2026-08-23 01:08:00+00:00,False,True,False,True,False,,,True,1,0,producto_id_sin_correspondencia_silver,cuarentena
ORD-2026-04368,CLI-026,PROD-010,2026-08-23 17:22:00+00:00,Cochabamba,CAM-11,CHO-016,278.0,278.0,48.0,45.8,1.0,1.0,1.0,4369,producto_id_sin_correspondencia_silver,fecha_local_bolivia_convertida_utc,,ORD-2026-04368,CLI-026,PROD-010,2026-08-23 13:22:00,Cochabamba,CAM-11,CHO-016,278,278.0,48,45.8,1,1,1,ORD-2026-04368,False,CLI-026,False,PROD-010,False,CAM-11,False,CHO-016,False,Cochabamba,False,278,False,278.0,False,False,278.0,False,False,48.0,False,False,45.8,False,False,1.0,False,False,1.0,False,False,1.0,False,False,iso,True,2026-08-23 17:22:00+00:00,False,True,False,True,False,,,True,1,0,producto_id_sin_correspondencia_silver,cuarentena
ORD-2026-04371,CLI-048,PROD-036,2026-08-01 10:38:00+00:00,Oruro,CAM-24,CHO-095,169.0,164.0,48.0,39.3,1.0,0.0,0.0,4372,producto_id_sin_correspondencia_silver,fecha_local_bolivia_convertida_utc,,ORD-2026-04371,CLI-048,PROD-036,2026-08-01 06:38:00,Oruro,CAM-24,CHO-095,169,164.0,48,39.3,1,0,0,ORD-2026-04371,False,CLI-048,False,PROD-036,False,CAM-24,False,CHO-095,False,Oruro,False,169,False,169.0,False,False,164.0,False,False,48.0,False,False,39.3,False,False,1.0,False,False,0.0,False,False,0.0,False,False,iso,True,2026-08-01 10:38:00+00:00,False,True,False,True,False,,,True,1,0,producto_id_sin_correspondencia_silver,cuarentena
ORD-2026-04389,CLI-046,PROD-036,2026-08-15 10:40:00+00:00,Cochabamba,CAM-22,CHO-003,445.0,445.0,48.0,46.7,1.0,1.0,1.0,4390,producto_id_sin_correspondencia_silver,fecha_local_bolivia_convertida_utc,,ORD-2026-04389,CLI-046,PROD-036,2026-08-15 06:40:00,Cochabamba,CAM-22,CHO-003,445,445.0,48,46.7,1,1,1,ORD-2026-04389,False,CLI-046,False,PROD-036,False,CAM-22,False,CHO-003,False,Cochabamba,False,445,False,445.0,False,False,445.0,False,False,48.0,False,False,46.7,False,False,1.0,False,False,1.0,False,False,1.0,False,False,iso,True,2026-08-15 10:40:00+00:00,False,True,False,True,False,,,True,1,0,producto_id_sin_correspondencia_silver,cuarentena
ORD-2026-04391,CLI-029,PROD-024,2026-08-27 01:29:00+00:00,La Paz,CAM-04,CHO-130,69.0,69.0,72.0,77.4,0.0,1.0,0.0,4392,producto_id_sin_correspondencia_silver,fecha_local_bolivia_convertida_utc,,ORD-2026-04391,CLI-029,PROD-024,2026-08-26 21:29:00,La Paz,CAM-04,CHO-130,69,69.0,72,77.4,0,1,0,ORD-2026-04391,False,CLI-029,False,PROD-024,False,CAM-04,False,CHO-130,False,La Paz,False,69,False,69.0,False,False,69.0,False,False,72.0,False,False,77.4,False,False,0.0,False,False,1.0,False,False,0.0,False,False,iso,True,2026-08-27 01:29:00+00:00,False,True,False,True,False,,,True,1,0,producto_id_sin_correspondencia_silver,cuarentena
ORD-2026-04392,CLI-089,PROD-034,2026-08-18 14:04:00+00:00,Cochabamba,CAM-01,CHO-040,306.0,306.0,24.0,19.0,1.0,1.0,1.0,4393,camion_id_sin_correspondencia_silver,fecha_local_bolivia_convertida_utc,,ORD-2026-04392,CLI-089,PROD-034,2026-08-18 10:04:00,Cochabamba,CAM-01,CHO-040,306,306.0,24,19.0,1,1,1,ORD-2026-04392,False,CLI-089,False,PROD-034,False,CAM-01,False,CHO-040,False,Cochabamba,False,306,False,306.0,False,False,306.0,False,False,24.0,False,False,19.0,False,False,1.0,False,False,1.0,False,False,1.0,False,False,iso,True,2026-08-18 14:04:00+00:00,False,True,True,False,False,,,True,1,0,camion_id_sin_correspondencia_silver,cuarentena
ORD-2026-04393,CLI-057,PROD-028,2026-08-22 15:26:00+00:00,Tarija,CAM-26,CHO-119,224.0,224.0,48.0,40.1,1.0,1.0,1.0,4394,producto_id_sin_correspondencia_silver,fecha_local_bolivia_convertida_utc,,ORD-2026-04393,CLI-057,PROD-028,2026-08-22 11:26:00,Tarija,CAM-26,CHO-119,224,224.0,48,40.1,1,1,1,ORD-2026-04393,False,CLI-057,False,PROD-028,False,CAM-26,False,CHO-119,False,Tarija,False,224,False,224.0,False,False,224.0,False,False,48.0,False,False,40.1,False,False,1.0,False,False,1.0,False,False,1.0,False,False,iso,True,2026-08-22 15:26:00+00:00,False,True,False,True,False,,,True,1,0,producto_id_sin_correspondencia_silver,cuarentena
ORD-2026-04394,CLI-071,PROD-036,2026-08-04 11:05:00+00:00,Cochabamba,CAM-02,CHO-012,126.0,126.0,24.0,21.3,1.0,1.0,1.0,4395,producto_id_sin_correspondencia_silver,fecha_local_bolivia_convertida_utc,,ORD-2026-04394,CLI-071,PROD-036,2026-08-04 07:05:00,Cochabamba,CAM-02,CHO-012,126,126.0,24,21.3,1,1,1,ORD-2026-04394,False,CLI-071,False,PROD-036,False,CAM-02,False,CHO-012,False,Cochabamba,False,126,False,126.0,False,False,126.0,False,False,24.0,False,False,21.3,False,False,1.0,False,False,1.0,False,False,1.0,False,False,iso,True,2026-08-04 11:05:00+00:00,False,True,False,True,False,,,True,1,0,producto_id_sin_correspondencia_silver,cuarentena
ORD-2026-04414,CLI-027,PROD-010,2026-08-19 08:04:00+00:00,La Paz,CAM-15,CHO-147,251.0,251.0,48.0,43.1,1.0,1.0,1.0,4415,producto_id_sin_correspondencia_silver,fecha_local_bolivia_convertida_utc,,ORD-2026-04414,CLI-027,PROD-010,2026-08-19 04:04:00,La Paz,CAM-15,CHO-147,251,251.0,48,43.1,1,1,1,ORD-2026-04414,False,CLI-027,False,PROD-010,False,CAM-15,False,CHO-147,False,La Paz,False,251,False,251.0,False,False,251.0,False,False,48.0,False,False,43.1,False,False,1.0,False,False,1.0,False,False,1.0,False,False,iso,True,2026-08-19 08:04:00+00:00,False,True,False,True,False,,,True,1,0,producto_id_sin_correspondencia_silver,cuarentena
ORD-2026-04415,CLI-086,PROD-024,2026-08-14 20:50:00+00:00,Santa Cruz,CAM-09,CHO-150,324.0,324.0,24.0,22.8,1.0,1.0,1.0,4416,producto_id_sin_correspondencia_silver,fecha_local_bolivia_convertida_utc,,ORD-2026-04415,CLI-086,PROD-024,2026-08-14 16:50:00,Santa Cruz,CAM-09,CHO-150,324,324.0,24,22.8,1,1,1,ORD-2026-04415,False,CLI-086,False,PROD-024,False,CAM-09,False,CHO-150,False,Santa Cruz,False,324,False,324.0,False,False,324.0,False,False,24.0,False,False,22.8,False,False,1.0,False,False,1.0,False,False,1.0,False,False,iso,True,2026-08-14 20:50:00+00:00,False,True,False,True,False,,,True,1,0,producto_id_sin_correspondencia_silver,cuarentena
ORD-2026-04417,CLI-029,PROD-039,2026-08-15 06:43:00+00:00,Cochabamba,CAM-27,CHO-012,320.0,320.0,48.0,54.6,0.0,1.0,0.0,4418,camion_id_sin_correspondencia_silver,fecha_local_bolivia_convertida_utc,,ORD-2026-04417,CLI-029,PROD-039,2026-08-15 02:43:00,Cochabamba,CAM-27,CHO-012,320,320.0,48,54.6,0,1,0,ORD-2026-04417,False,CLI-029,False,PROD-039,False,CAM-27,False,CHO-012,False,Cochabamba,False,320,False,320.0,False,False,320.0,False,False,48.0,False,False,54.6,False,False,0.0,False,False,1.0,False,False,0.0,False,False,iso,True,2026-08-15 06:43:00+00:00,False,True,True,False,False,,,True,1,0,camion_id_sin_correspondencia_silver,cuarentena
ORD-2026-04419,CLI-084,PROD-014,2026-08-13 06:03:00+00:00,La Paz,CAM-07,CHO-140,416.0,416.0,24.0,22.7,1.0,1.0,1.0,4420,producto_id_sin_correspondencia_silver,fecha_local_bolivia_convertida_utc,,ORD-2026-04419,CLI-084,PROD-014,2026-08-13 02:03:00,La Paz,CAM-07,CHO-140,416,416.0,24,22.7,1,1,1,ORD-2026-04419,False,CLI-084,False,PROD-014,False,CAM-07,False,CHO-140,False,La Paz,False,416,False,416.0,False,False,416.0,False,False,24.0,False,False,22.7,False,False,1.0,False,False,1.0,False,False,1.0,False,False,iso,True,2026-08-13 06:03:00+00:00,False,True,False,True,False,,,True,1,0,producto_id_sin_correspondencia_silver,cuarentena
ORD-2026-04425,CLI-090,PROD-010,2026-08-11 05:02:00+00:00,Oruro,CAM-20,CHO-066,51.0,51.0,72.0,47.9,1.0,1.0,1.0,4426,producto_id_sin_correspondencia_silver,fecha_local_bolivia_convertida_utc,,ORD-2026-04425,CLI-090,PROD-010,2026-08-11 01:02:00,Oruro,CAM-20,CHO-066,51,51.0,72,47.9,1,1,1,ORD-2026-04425,False,CLI-090,False,PROD-010,False,CAM-20,False,CHO-066,False,Oruro,False,51,False,51.0,False,False,51.0,False,False,72.0,False,False,47.9,False,False,1.0,False,False,1.0,False,False,1.0,False,False,iso,True,2026-08-11 05:02:00+00:00,False,True,False,True,False,,,True,1,0,producto_id_sin_correspondencia_silver,cuarentena
ORD-2026-04426,CLI-017,PROD-036,2026-08-25 21:28:00+00:00,Santa Cruz,CAM-08,CHO-112,478.0,478.0,48.0,40.1,1.0,1.0,1.0,4427,producto_id_sin_correspondencia_silver,fecha_local_bolivia_convertida_utc,,ORD-2026-04426,CLI-017,PROD-036,2026-08-25 17:28:00,Santa Cruz,CAM-08,CHO-112,478,478.0,48,40.1,1,1,1,ORD-2026-04426,False,CLI-017,False,PROD-036,False,CAM-08,False,CHO-112,False,Santa Cruz,False,478,False,478.0,False,False,478.0,False,False,48.0,False,False,40.1,False,False,1.0,False,False,1.0,False,False,1.0,False,False,iso,True,2026-08-25 21:28:00+00:00,False,True,False,True,False,,,True,1,0,producto_id_sin_correspondencia_silver,cuarentena
ORD-2026-04429,CLI-075,PROD-027,2026-08-16 04:07:00+00:00,La Paz,CAM-28,CHO-147,59.0,59.0,72.0,44.0,1.0,1.0,1.0,4430,order_id_duplicado,fecha_local_bolivia_convertida_utc,,ORD-2026-04429,CLI-075,PROD-027,2026-08-16 00:07:00,La Paz,CAM-28,CHO-147,59,59.0,72,44.0,1,1,1,ORD-2026-04429,False,CLI-075,False,PROD-027,False,CAM-28,False,CHO-147,False,La Paz,False,59,False,59.0,False,False,59.0,False,False,72.0,False,False,44.0,False,False,1.0,False,False,1.0,False,False,1.0,False,False,iso,True,2026-08-16 04:07:00+00:00,False,True,True,True,False,,,True,1,0,order_id_duplicado,cuarentena
ORD-2026-04440,CLI-013,PROD-021,2026-08-21 23:38:00+00:00,Tarija,CAM-19,CHO-025,219.0,219.0,72.0,51.9,1.0,1.0,1.0,4441,order_id_duplicado,fecha_local_bolivia_convertida_utc,,ORD-2026-04440,CLI-013,PROD-021,2026-08-21 19:38:00,Tarija,CAM-19,CHO-025,219,219.0,72,51.9,1,1,1,ORD-2026-04440,False,CLI-013,False,PROD-021,False,CAM-19,False,CHO-025,False,Tarija,False,219,False,219.0,False,False,219.0,False,False,72.0,False,False,51.9,False,False,1.0,False,False,1.0,False,False,1.0,False,False,iso,True,2026-08-21 23:38:00+00:00,False,True,True,True,False,,,True,1,0,order_id_duplicado,cuarentena
ORD-2026-04446,CLI-065,PROD-015,2026-08-14 22:20:00+00:00,Cochabamba,CAM-01,CHO-136,482.0,482.0,24.0,25.8,0.0,1.0,0.0,4447,camion_id_sin_correspondencia_silver,fecha_local_bolivia_convertida_utc,,ORD-2026-04446,CLI-065,PROD-015,2026-08-14 18:20:00,Cochabamba,CAM-01,CHO-136,482,482.0,24,25.8,0,1,0,ORD-2026-04446,False,CLI-065,False,PROD-015,False,CAM-01,False,CHO-136,False,Cochabamba,False,482,False,482.0,False,False,482.0,False,False,24.0,False,False,25.8,False,False,0.0,False,False,1.0,False,False,0.0,False,False,iso,True,2026-08-14 22:20:00+00:00,False,True,True,False,False,,,True,1,0,camion_id_sin_correspondencia_silver,cuarentena
ORD-2026-04447,CLI-039,PROD-036,2026-08-10 17:49:00+00:00,La Paz,CAM-28,CHO-056,206.0,206.0,72.0,61.3,1.0,1.0,1.0,4448,producto_id_sin_correspondencia_silver,fecha_local_bolivia_convertida_utc,,ORD-2026-04447,CLI-039,PROD-036,2026-08-10 13:49:00,La Paz,CAM-28,CHO-056,206,206.0,72,61.3,1,1,1,ORD-2026-04447,False,CLI-039,False,PROD-036,False,CAM-28,False,CHO-056,False,La Paz,False,206,False,206.0,False,False,206.0,False,False,72.0,False,False,61.3,False,False,1.0,False,False,1.0,False,False,1.0,False,False,iso,True,2026-08-10 17:49:00+00:00,False,True,False,True,False,,,True,1,0,producto_id_sin_correspondencia_silver,cuarentena
ORD-2026-04449,CLI-083,PROD-024,2026-08-29 17:51:00+00:00,Oruro,CAM-16,CHO-066,449.0,449.0,24.0,20.6,1.0,1.0,1.0,4450,producto_id_sin_correspondencia_silver,fecha_local_bolivia_convertida_utc,,ORD-2026-04449,CLI-083,PROD-024,2026-08-29 13:51:00,Oruro,CAM-16,CHO-066,449,449.0,24,20.6,1,1,1,ORD-2026-04449,False,CLI-083,False,PROD-024,False,CAM-16,False,CHO-066,False,Oruro,False,449,False,449.0,False,False,449.0,False,False,24.0,False,False,20.6,False,False,1.0,False,False,1.0,False,False,1.0,False,False,iso,True,2026-08-29 17:51:00+00:00,False,True,False,True,False,,,True,1,0,producto_id_sin_correspondencia_silver,cuarentena
ORD-2026-04462,CLI-068,PROD-010,2026-08-19 07:47:00+00:00,Santa Cruz,CAM-29,CHO-021,17.0,17.0,24.0,21.1,1.0,1.0,1.0,4463,producto_id_sin_correspondencia_silver,fecha_local_bolivia_convertida_utc,,ORD-2026-04462,CLI-068,PROD-010,2026-08-19 03:47:00,Santa Cruz,CAM-29,CHO-021,17,17.0,24,21.1,1,1,1,ORD-2026-04462,False,CLI-068,False,PROD-010,False,CAM-29,False,CHO-021,False,Santa Cruz,False,17,False,17.0,False,False,17.0,False,False,24.0,False,False,21.1,False,False,1.0,False,False,1.0,False,False,1.0,False,False,iso,True,2026-08-19 07:47:00+00:00,False,True,False,True,False,,,True,1,0,producto_id_sin_correspondencia_silver,cuarentena
ORD-2026-04464,CLI-052,PROD-023,2026-08-29 16:24:00+00:00,Cochabamba,CAM-01,CHO-136,208.0,208.0,48.0,49.8,0.0,1.0,0.0,4465,camion_id_sin_correspondencia_silver,fecha_local_bolivia_convertida_utc,,ORD-2026-04464,CLI-052,PROD-023,2026-08-29 12:24:00,Cochabamba,CAM-01,CHO-136,208,208.0,48,49.8,0,1,0,ORD-2026-04464,False,CLI-052,False,PROD-023,False,CAM-01,False,CHO-136,False,Cochabamba,False,208,False,208.0,False,False,208.0,False,False,48.0,False,False,49.8,False,False,0.0,False,False,1.0,False,False,0.0,False,False,iso,True,2026-08-29 16:24:00+00:00,False,True,True,False,False,,,True,1,0,camion_id_sin_correspondencia_silver,cuarentena
ORD-2026-04465,CLI-034,PROD-010,2026-08-25 16:59:00+00:00,Oruro,CAM-03,CHO-038,492.0,492.0,24.0,15.8,1.0,1.0,1.0,4466,producto_id_sin_correspondencia_silver,fecha_local_bolivia_convertida_utc,,ORD-2026-04465,CLI-034,PROD-010,2026-08-25 12:59:00,Oruro,CAM-03,CHO-038,492,492.0,24,15.8,1,1,1,ORD-2026-04465,False,CLI-034,False,PROD-010,False,CAM-03,False,CHO-038,False,Oruro,False,492,False,492.0,False,False,492.0,False,False,24.0,False,False,15.8,False,False,1.0,False,False,1.0,False,False,1.0,False,False,iso,True,2026-08-25 16:59:00+00:00,False,True,False,True,False,,,True,1,0,producto_id_sin_correspondencia_silver,cuarentena
ORD-2026-04468,CLI-032,PROD-056,2026-08-05 00:24:00+00:00,Oruro,CAM-24,CHO-046,465.0,460.0,24.0,17.9,1.0,0.0,0.0,4469,order_id_duplicado,fecha_local_bolivia_convertida_utc,,ORD-2026-04468,CLI-032,PROD-056,2026-08-04 20:24:00,Oruro,CAM-24,CHO-046,465,460.0,24,17.9,1,0,0,ORD-2026-04468,False,CLI-032,False,PROD-056,False,CAM-24,False,CHO-046,False,Oruro,False,465,False,465.0,False,False,460.0,False,False,24.0,False,False,17.9,False,False,1.0,False,False,0.0,False,False,0.0,False,False,iso,True,2026-08-05 00:24:00+00:00,False,True,True,True,False,,,True,1,0,order_id_duplicado,cuarentena
ORD-2026-04477,CLI-002,PROD-026,2026-08-08 00:11:00+00:00,Oruro,CAM-24,CHO-027,431.0,431.0,24.0,22.1,1.0,1.0,1.0,4478,producto_id_sin_correspondencia_silver,fecha_local_bolivia_convertida_utc,,ORD-2026-04477,CLI-002,PROD-026,2026-08-07 20:11:00,Oruro,CAM-24,CHO-027,431,431.0,24,22.1,1,1,1,ORD-2026-04477,False,CLI-002,False,PROD-026,False,CAM-24,False,CHO-027,False,Oruro,False,431,False,431.0,False,False,431.0,False,False,24.0,False,False,22.1,False,False,1.0,False,False,1.0,False,False,1.0,False,False,iso,True,2026-08-08 00:11:00+00:00,False,True,False,True,False,,,True,1,0,producto_id_sin_correspondencia_silver,cuarentena
ORD-2026-04486,CLI-094,PROD-028,2026-08-16 00:38:00+00:00,La Paz,CAM-15,CHO-023,390.0,390.0,48.0,46.4,1.0,1.0,1.0,4487,producto_id_sin_correspondencia_silver,fecha_local_bolivia_convertida_utc,,ORD-2026-04486,CLI-094,PROD-028,2026-08-15 20:38:00,La Paz,CAM-15,CHO-023,390,390.0,48,46.4,1,1,1,ORD-2026-04486,False,CLI-094,False,PROD-028,False,CAM-15,False,CHO-023,False,La Paz,False,390,False,390.0,False,False,390.0,False,False,48.0,False,False,46.4,False,False,1.0,False,False,1.0,False,False,1.0,False,False,iso,True,2026-08-16 00:38:00+00:00,False,True,False,True,False,,,True,1,0,producto_id_sin_correspondencia_silver,cuarentena
ORD-2026-04492,CLI-048,PROD-010,2026-08-27 17:38:00+00:00,Tarija,CAM-19,CHO-063,260.0,260.0,48.0,49.0,0.0,1.0,0.0,4493,producto_id_sin_correspondencia_silver,fecha_local_bolivia_convertida_utc,,ORD-2026-04492,CLI-048,PROD-010,2026-08-27 13:38:00,Tarija,CAM-19,CHO-063,260,260.0,48,49.0,0,1,0,ORD-2026-04492,False,CLI-048,False,PROD-010,False,CAM-19,False,CHO-063,False,Tarija,False,260,False,260.0,False,False,260.0,False,False,48.0,False,False,49.0,False,False,0.0,False,False,1.0,False,False,0.0,False,False,iso,True,2026-08-27 17:38:00+00:00,False,True,False,True,False,,,True,1,0,producto_id_sin_correspondencia_silver,cuarentena
ORD-2026-04494,CLI-004,PROD-024,2026-08-26 13:54:00+00:00,Cochabamba,CAM-22,CHO-017,221.0,221.0,24.0,24.6,0.0,1.0,0.0,4495,producto_id_sin_correspondencia_silver,fecha_local_bolivia_convertida_utc,,ORD-2026-04494,CLI-004,PROD-024,2026-08-26 09:54:00,Cochabamba,CAM-22,CHO-017,221,221.0,24,24.6,0,1,0,ORD-2026-04494,False,CLI-004,False,PROD-024,False,CAM-22,False,CHO-017,False,Cochabamba,False,221,False,221.0,False,False,221.0,False,False,24.0,False,False,24.6,False,False,0.0,False,False,1.0,False,False,0.0,False,False,iso,True,2026-08-26 13:54:00+00:00,False,True,False,True,False,,,True,1,0,producto_id_sin_correspondencia_silver,cuarentena
ORD-2026-04502,CLI-013,PROD-024,2026-08-15 01:00:00+00:00,La Paz,CAM-04,CHO-011,117.0,117.0,48.0,40.3,1.0,1.0,1.0,4503,producto_id_sin_correspondencia_silver,fecha_local_bolivia_convertida_utc,,ORD-2026-04502,CLI-013,PROD-024,2026-08-14 21:00:00,La Paz,CAM-04,CHO-011,117,117.0,48,40.3,1,1,1,ORD-2026-04502,False,CLI-013,False,PROD-024,False,CAM-04,False,CHO-011,False,La Paz,False,117,False,117.0,False,False,117.0,False,False,48.0,False,False,40.3,False,False,1.0,False,False,1.0,False,False,1.0,False,False,iso,True,2026-08-15 01:00:00+00:00,False,True,False,True,False,,,True,1,0,producto_id_sin_correspondencia_silver,cuarentena
ORD-2026-04517,CLI-016,PROD-014,2026-08-03 17:50:00+00:00,Tarija,CAM-21,CHO-099,30.0,19.0,48.0,46.0,1.0,0.0,0.0,4518,producto_id_sin_correspondencia_silver,fecha_local_bolivia_convertida_utc,,ORD-2026-04517,CLI-016,PROD-014,2026-08-03 13:50:00,Tarija,CAM-21,CHO-099,30,19.0,48,46.0,1,0,0,ORD-2026-04517,False,CLI-016,False,PROD-014,False,CAM-21,False,CHO-099,False,Tarija,False,30,False,30.0,False,False,19.0,False,False,48.0,False,False,46.0,False,False,1.0,False,False,0.0,False,False,0.0,False,False,iso,True,2026-08-03 17:50:00+00:00,False,True,False,True,False,,,True,1,0,producto_id_sin_correspondencia_silver,cuarentena
ORD-2026-04518,CLI-013,PROD-014,2026-08-03 14:55:00+00:00,Cochabamba,CAM-30,CHO-079,242.0,242.0,24.0,21.8,1.0,1.0,1.0,4519,producto_id_sin_correspondencia_silver,fecha_local_bolivia_convertida_utc,,ORD-2026-04518,CLI-013,PROD-014,2026-08-03 10:55:00,Cochabamba,CAM-30,CHO-079,242,242.0,24,21.8,1,1,1,ORD-2026-04518,False,CLI-013,False,PROD-014,False,CAM-30,False,CHO-079,False,Cochabamba,False,242,False,242.0,False,False,242.0,False,False,24.0,False,False,21.8,False,False,1.0,False,False,1.0,False,False,1.0,False,False,iso,True,2026-08-03 14:55:00+00:00,False,True,False,True,False,,,True,1,0,producto_id_sin_correspondencia_silver,cuarentena
ORD-2026-04520,CLI-097,PROD-029,2026-08-05 13:43:00+00:00,Cochabamba,CAM-01,CHO-020,309.0,309.0,24.0,18.6,1.0,1.0,1.0,4521,camion_id_sin_correspondencia_silver,fecha_local_bolivia_convertida_utc,,ORD-2026-04520,CLI-097,PROD-029,2026-08-05 09:43:00,Cochabamba,CAM-01,CHO-020,309,309.0,24,18.6,1,1,1,ORD-2026-04520,False,CLI-097,False,PROD-029,False,CAM-01,False,CHO-020,False,Cochabamba,False,309,False,309.0,False,False,309.0,False,False,24.0,False,False,18.6,False,False,1.0,False,False,1.0,False,False,1.0,False,False,iso,True,2026-08-05 13:43:00+00:00,False,True,True,False,False,,,True,1,0,camion_id_sin_correspondencia_silver,cuarentena
ORD-2026-04521,CLI-036,PROD-060,2026-08-05 14:08:00+00:00,Cochabamba,CAM-01,CHO-077,306.0,306.0,24.0,17.6,1.0,1.0,1.0,4522,camion_id_sin_correspondencia_silver,fecha_local_bolivia_convertida_utc,,ORD-2026-04521,CLI-036,PROD-060,2026-08-05 10:08:00,Cochabamba,CAM-01,CHO-077,306,306.0,24,17.6,1,1,1,ORD-2026-04521,False,CLI-036,False,PROD-060,False,CAM-01,False,CHO-077,False,Cochabamba,False,306,False,306.0,False,False,306.0,False,False,24.0,False,False,17.6,False,False,1.0,False,False,1.0,False,False,1.0,False,False,iso,True,2026-08-05 14:08:00+00:00,False,True,True,False,False,,,True,1,0,camion_id_sin_correspondencia_silver,cuarentena
ORD-2026-04522,CLI-018,PROD-035,2026-08-16 02:45:00+00:00,Cochabamba,CAM-27,CHO-151,493.0,493.0,24.0,22.1,1.0,1.0,1.0,4523,camion_id_sin_correspondencia_silver,fecha_local_bolivia_convertida_utc,,ORD-2026-04522,CLI-018,PROD-035,2026-08-15 22:45:00,Cochabamba,CAM-27,CHO-151,493,493.0,24,22.1,1,1,1,ORD-2026-04522,False,CLI-018,False,PROD-035,False,CAM-27,False,CHO-151,False,Cochabamba,False,493,False,493.0,False,False,493.0,False,False,24.0,False,False,22.1,False,False,1.0,False,False,1.0,False,False,1.0,False,False,iso,True,2026-08-16 02:45:00+00:00,False,True,True,False,False,,,True,1,0,camion_id_sin_correspondencia_silver,cuarentena
ORD-2026-04534,CLI-019,PROD-014,2026-08-05 12:33:00+00:00,Santa Cruz,CAM-08,CHO-015,409.0,409.0,24.0,21.4,1.0,1.0,1.0,4535,producto_id_sin_correspondencia_silver,fecha_local_bolivia_convertida_utc,,ORD-2026-04534,CLI-019,PROD-014,2026-08-05 08:33:00,Santa Cruz,CAM-08,CHO-015,409,409.0,24,21.4,1,1,1,ORD-2026-04534,False,CLI-019,False,PROD-014,False,CAM-08,False,CHO-015,False,Santa Cruz,False,409,False,409.0,False,False,409.0,False,False,24.0,False,False,21.4,False,False,1.0,False,False,1.0,False,False,1.0,False,False,iso,True,2026-08-05 12:33:00+00:00,False,True,False,True,False,,,True,1,0,producto_id_sin_correspondencia_silver,cuarentena
ORD-2026-04539,CLI-015,PROD-048,2026-08-30 18:29:00+00:00,Cochabamba,CAM-17,CHO-096,50.0,70.0,24.0,19.6,1.0,1.0,1.0,4540,cantidad_entregada_mayor_solicitada,numero_escrito_normalizado:cantidad_solicitada | fecha_local_bolivia_convertida_utc,,ORD-2026-04539,CLI-015,PROD-048,2026-08-30 14:29:00,Cochabamba,CAM-17,CHO-096,cincuenta,70.0,24,19.6,1,1,1,ORD-2026-04539,False,CLI-015,False,PROD-048,False,CAM-17,False,CHO-096,False,Cochabamba,False,50,True,50.0,False,False,70.0,False,False,24.0,False,False,19.6,False,False,1.0,False,False,1.0,False,False,1.0,False,False,iso,True,2026-08-30 18:29:00+00:00,False,True,True,True,False,,,True,2,0,cantidad_entregada_mayor_solicitada,cuarentena
ORD-2026-04541,CLI-097,PROD-059,2026-08-10 02:29:00+00:00,Cochabamba,CAM-27,CHO-081,108.0,108.0,48.0,16.8,1.0,1.0,1.0,4542,camion_id_sin_correspondencia_silver,fecha_local_bolivia_convertida_utc,,ORD-2026-04541,CLI-097,PROD-059,2026-08-09 22:29:00,Cochabamba,CAM-27,CHO-081,108,108.0,48,16.8,1,1,1,ORD-2026-04541,False,CLI-097,False,PROD-059,False,CAM-27,False,CHO-081,False,Cochabamba,False,108,False,108.0,False,False,108.0,False,False,48.0,False,False,16.8,False,False,1.0,False,False,1.0,False,False,1.0,False,False,iso,True,2026-08-10 02:29:00+00:00,False,True,True,False,False,,,True,1,0,camion_id_sin_correspondencia_silver,cuarentena
ORD-2026-04543,CLI-069,PROD-022,2026-08-21 02:43:00+00:00,Cochabamba,CAM-01,CHO-131,295.0,295.0,48.0,40.2,1.0,1.0,1.0,4544,camion_id_sin_correspondencia_silver,fecha_local_bolivia_convertida_utc,,ORD-2026-04543,CLI-069,PROD-022,2026-08-20 22:43:00,Cochabamba,CAM-01,CHO-131,295,295.0,48,40.2,1,1,1,ORD-2026-04543,False,CLI-069,False,PROD-022,False,CAM-01,False,CHO-131,False,Cochabamba,False,295,False,295.0,False,False,295.0,False,False,48.0,False,False,40.2,False,False,1.0,False,False,1.0,False,False,1.0,False,False,iso,True,2026-08-21 02:43:00+00:00,False,True,True,False,False,,,True,1,0,camion_id_sin_correspondencia_silver,cuarentena
ORD-2026-04550,CLI-070,PROD-028,2026-08-26 14:34:00+00:00,Tarija,CAM-26,CHO-055,249.0,249.0,24.0,25.6,0.0,1.0,0.0,4551,producto_id_sin_correspondencia_silver,fecha_local_bolivia_convertida_utc,,ORD-2026-04550,CLI-070,PROD-028,2026-08-26 10:34:00,Tarija,CAM-26,CHO-055,249,249.0,24,25.6,0,1,0,ORD-2026-04550,False,CLI-070,False,PROD-028,False,CAM-26,False,CHO-055,False,Tarija,False,249,False,249.0,False,False,249.0,False,False,24.0,False,False,25.6,False,False,0.0,False,False,1.0,False,False,0.0,False,False,iso,True,2026-08-26 14:34:00+00:00,False,True,False,True,False,,,True,1,0,producto_id_sin_correspondencia_silver,cuarentena
ORD-2026-04557,CLI-037,PROD-035,2026-08-03 13:16:00+00:00,Cochabamba,CAM-27,CHO-082,229.0,,24.0,26.1,0.0,1.0,0.0,4558,camion_id_sin_correspondencia_silver | requerido_ausente:cantidad_entregada,fecha_local_bolivia_convertida_utc,,ORD-2026-04557,CLI-037,PROD-035,2026-08-03 09:16:00,Cochabamba,CAM-27,CHO-082,229,,24,26.1,0,1,0,ORD-2026-04557,False,CLI-037,False,PROD-035,False,CAM-27,False,CHO-082,False,Cochabamba,False,229,False,229.0,False,False,,False,False,24.0,False,False,26.1,False,False,0.0,False,False,1.0,False,False,0.0,False,False,iso,True,2026-08-03 13:16:00+00:00,False,True,True,False,False,,,True,1,0,camion_id_sin_correspondencia_silver | requerido_ausente:cantidad_entregada,cuarentena
ORD-2026-04558,CLI-007,PROD-026,2026-08-17 05:42:00+00:00,Tarija,CAM-26,CHO-055,390.0,390.0,48.0,41.6,1.0,1.0,1.0,4559,producto_id_sin_correspondencia_silver,fecha_local_bolivia_convertida_utc,,ORD-2026-04558,CLI-007,PROD-026,2026-08-17 01:42:00,Tarija,CAM-26,CHO-055,390,390.0,48,41.6,1,1,1,ORD-2026-04558,False,CLI-007,False,PROD-026,False,CAM-26,False,CHO-055,False,Tarija,False,390,False,390.0,False,False,390.0,False,False,48.0,False,False,41.6,False,False,1.0,False,False,1.0,False,False,1.0,False,False,iso,True,2026-08-17 05:42:00+00:00,False,True,False,True,False,,,True,1,0,producto_id_sin_correspondencia_silver,cuarentena
ORD-2026-04586,CLI-032,PROD-028,2026-08-27 10:49:00+00:00,La Paz,CAM-12,CHO-056,193.0,193.0,72.0,62.7,1.0,1.0,1.0,4587,producto_id_sin_correspondencia_silver,fecha_local_bolivia_convertida_utc,,ORD-2026-04586,CLI-032,PROD-028,2026-08-27 06:49:00,La Paz,CAM-12,CHO-056,193,193.0,72,62.7,1,1,1,ORD-2026-04586,False,CLI-032,False,PROD-028,False,CAM-12,False,CHO-056,False,La Paz,False,193,False,193.0,False,False,193.0,False,False,72.0,False,False,62.7,False,False,1.0,False,False,1.0,False,False,1.0,False,False,iso,True,2026-08-27 10:49:00+00:00,False,True,False,True,False,,,True,1,0,producto_id_sin_correspondencia_silver,cuarentena
ORD-2026-04600,CLI-048,PROD-001,2026-08-14 16:11:00+00:00,Cochabamba,CAM-01,CHO-042,464.0,464.0,48.0,42.9,1.0,1.0,1.0,4601,camion_id_sin_correspondencia_silver,fecha_local_bolivia_convertida_utc,,ORD-2026-04600,CLI-048,PROD-001,2026-08-14 12:11:00,Cochabamba,CAM-01,CHO-042,464,464.0,48,42.9,1,1,1,ORD-2026-04600,False,CLI-048,False,PROD-001,False,CAM-01,False,CHO-042,False,Cochabamba,False,464,False,464.0,False,False,464.0,False,False,48.0,False,False,42.9,False,False,1.0,False,False,1.0,False,False,1.0,False,False,iso,True,2026-08-14 16:11:00+00:00,False,True,True,False,False,,,True,1,0,camion_id_sin_correspondencia_silver,cuarentena
ORD-2026-04610,CLI-037,PROD-036,2026-08-07 10:29:00+00:00,Santa Cruz,CAM-08,CHO-133,164.0,164.0,48.0,31.5,1.0,1.0,1.0,4611,producto_id_sin_correspondencia_silver,fecha_local_bolivia_convertida_utc,,ORD-2026-04610,CLI-037,PROD-036,2026-08-07 06:29:00,Santa Cruz,CAM-08,CHO-133,164,164.0,48,31.5,1,1,1,ORD-2026-04610,False,CLI-037,False,PROD-036,False,CAM-08,False,CHO-133,False,Santa Cruz,False,164,False,164.0,False,False,164.0,False,False,48.0,False,False,31.5,False,False,1.0,False,False,1.0,False,False,1.0,False,False,iso,True,2026-08-07 10:29:00+00:00,False,True,False,True,False,,,True,1,0,producto_id_sin_correspondencia_silver,cuarentena
ORD-2026-04612,CLI-064,PROD-036,2026-08-22 21:23:00+00:00,La Paz,CAM-28,CHO-110,242.0,242.0,72.0,77.2,0.0,1.0,0.0,4613,producto_id_sin_correspondencia_silver,fecha_local_bolivia_convertida_utc,,ORD-2026-04612,CLI-064,PROD-036,2026-08-22 17:23:00,La Paz,CAM-28,CHO-110,242,242.0,72,77.2,0,1,0,ORD-2026-04612,False,CLI-064,False,PROD-036,False,CAM-28,False,CHO-110,False,La Paz,False,242,False,242.0,False,False,242.0,False,False,72.0,False,False,77.2,False,False,0.0,False,False,1.0,False,False,0.0,False,False,iso,True,2026-08-22 21:23:00+00:00,False,True,False,True,False,,,True,1,0,producto_id_sin_correspondencia_silver,cuarentena
ORD-2026-04617,CLI-085,PROD-036,2026-08-01 07:53:00+00:00,Oruro,CAM-24,CHO-038,194.0,194.0,72.0,58.0,1.0,1.0,1.0,4618,producto_id_sin_correspondencia_silver,fecha_local_bolivia_convertida_utc,,ORD-2026-04617,CLI-085,PROD-036,2026-08-01 03:53:00,Oruro,CAM-24,CHO-038,194,194.0,72,58.0,1,1,1,ORD-2026-04617,False,CLI-085,False,PROD-036,False,CAM-24,False,CHO-038,False,Oruro,False,194,False,194.0,False,False,194.0,False,False,72.0,False,False,58.0,False,False,1.0,False,False,1.0,False,False,1.0,False,False,iso,True,2026-08-01 07:53:00+00:00,False,True,False,True,False,,,True,1,0,producto_id_sin_correspondencia_silver,cuarentena
ORD-2026-04619,CLI-076,PROD-049,2026-08-29 08:10:00+00:00,Cochabamba,CAM-01,CHO-049,304.0,304.0,24.0,24.8,0.0,1.0,0.0,4620,camion_id_sin_correspondencia_silver,fecha_local_bolivia_convertida_utc,,ORD-2026-04619,CLI-076,PROD-049,2026-08-29 04:10:00,Cochabamba,CAM-01,CHO-049,304,304.0,24,24.8,0,1,0,ORD-2026-04619,False,CLI-076,False,PROD-049,False,CAM-01,False,CHO-049,False,Cochabamba,False,304,False,304.0,False,False,304.0,False,False,24.0,False,False,24.8,False,False,0.0,False,False,1.0,False,False,0.0,False,False,iso,True,2026-08-29 08:10:00+00:00,False,True,True,False,False,,,True,1,0,camion_id_sin_correspondencia_silver,cuarentena
ORD-2026-04620,CLI-010,PROD-028,2026-08-22 13:40:00+00:00,Oruro,CAM-16,CHO-046,239.0,239.0,24.0,19.4,1.0,1.0,1.0,4621,producto_id_sin_correspondencia_silver,fecha_local_bolivia_convertida_utc,,ORD-2026-04620,CLI-010,PROD-028,2026-08-22 09:40:00,Oruro,CAM-16,CHO-046,239,239.0,24,19.4,1,1,1,ORD-2026-04620,False,CLI-010,False,PROD-028,False,CAM-16,False,CHO-046,False,Oruro,False,239,False,239.0,False,False,239.0,False,False,24.0,False,False,19.4,False,False,1.0,False,False,1.0,False,False,1.0,False,False,iso,True,2026-08-22 13:40:00+00:00,False,True,False,True,False,,,True,1,0,producto_id_sin_correspondencia_silver,cuarentena
ORD-2026-04623,CLI-019,PROD-049,2026-08-26 12:11:00+00:00,Cochabamba,CAM-01,CHO-122,159.0,159.0,72.0,47.4,1.0,1.0,1.0,4624,camion_id_sin_correspondencia_silver,fecha_local_bolivia_convertida_utc,,ORD-2026-04623,CLI-019,PROD-049,2026-08-26 08:11:00,Cochabamba,CAM-01,CHO-122,159,159.0,72,47.4,1,1,1,ORD-2026-04623,False,CLI-019,False,PROD-049,False,CAM-01,False,CHO-122,False,Cochabamba,False,159,False,159.0,False,False,159.0,False,False,72.0,False,False,47.4,False,False,1.0,False,False,1.0,False,False,1.0,False,False,iso,True,2026-08-26 12:11:00+00:00,False,True,True,False,False,,,True,1,0,camion_id_sin_correspondencia_silver,cuarentena
ORD-2026-04635,CLI-065,PROD-029,2026-08-30 01:30:00+00:00,Cochabamba,CAM-01,CHO-007,44.0,44.0,48.0,39.8,1.0,1.0,1.0,4636,camion_id_sin_correspondencia_silver,fecha_local_bolivia_convertida_utc,,ORD-2026-04635,CLI-065,PROD-029,2026-08-29 21:30:00,Cochabamba,CAM-01,CHO-007,44,44.0,48,39.8,1,1,1,ORD-2026-04635,False,CLI-065,False,PROD-029,False,CAM-01,False,CHO-007,False,Cochabamba,False,44,False,44.0,False,False,44.0,False,False,48.0,False,False,39.8,False,False,1.0,False,False,1.0,False,False,1.0,False,False,iso,True,2026-08-30 01:30:00+00:00,False,True,True,False,False,,,True,1,0,camion_id_sin_correspondencia_silver,cuarentena
ORD-2026-04643,CLI-090,PROD-024,2026-08-23 22:24:00+00:00,Santa Cruz,CAM-18,CHO-092,382.0,382.0,72.0,58.7,1.0,1.0,1.0,4644,producto_id_sin_correspondencia_silver,fecha_local_bolivia_convertida_utc,,ORD-2026-04643,CLI-090,PROD-024,2026-08-23 18:24:00,Santa Cruz,CAM-18,CHO-092,382,382.0,72,58.7,1,1,1,ORD-2026-04643,False,CLI-090,False,PROD-024,False,CAM-18,False,CHO-092,False,Santa Cruz,False,382,False,382.0,False,False,382.0,False,False,72.0,False,False,58.7,False,False,1.0,False,False,1.0,False,False,1.0,False,False,iso,True,2026-08-23 22:24:00+00:00,False,True,False,True,False,,,True,1,0,producto_id_sin_correspondencia_silver,cuarentena
ORD-2026-04658,CLI-095,PROD-010,2026-08-06 05:59:00+00:00,Cochabamba,CAM-17,CHO-017,416.0,416.0,48.0,39.1,1.0,1.0,1.0,4659,producto_id_sin_correspondencia_silver,fecha_local_bolivia_convertida_utc,,ORD-2026-04658,CLI-095,PROD-010,2026-08-06 01:59:00,Cochabamba,CAM-17,CHO-017,416,416.0,48,39.1,1,1,1,ORD-2026-04658,False,CLI-095,False,PROD-010,False,CAM-17,False,CHO-017,False,Cochabamba,False,416,False,416.0,False,False,416.0,False,False,48.0,False,False,39.1,False,False,1.0,False,False,1.0,False,False,1.0,False,False,iso,True,2026-08-06 05:59:00+00:00,False,True,False,True,False,,,True,1,0,producto_id_sin_correspondencia_silver,cuarentena
ORD-2026-04661,CLI-015,PROD-028,2026-08-03 13:01:00+00:00,Oruro,CAM-03,CHO-046,406.0,406.0,72.0,49.5,1.0,1.0,1.0,4662,producto_id_sin_correspondencia_silver,fecha_local_bolivia_convertida_utc,,ORD-2026-04661,CLI-015,PROD-028,2026-08-03 09:01:00,Oruro,CAM-03,CHO-046,406,406.0,72,49.5,1,1,1,ORD-2026-04661,False,CLI-015,False,PROD-028,False,CAM-03,False,CHO-046,False,Oruro,False,406,False,406.0,False,False,406.0,False,False,72.0,False,False,49.5,False,False,1.0,False,False,1.0,False,False,1.0,False,False,iso,True,2026-08-03 13:01:00+00:00,False,True,False,True,False,,,True,1,0,producto_id_sin_correspondencia_silver,cuarentena
ORD-2026-04662,CLI-024,PROD-024,2026-08-08 22:32:00+00:00,Santa Cruz,CAM-23,CHO-075,326.0,326.0,48.0,32.6,1.0,1.0,1.0,4663,producto_id_sin_correspondencia_silver,fecha_local_bolivia_convertida_utc,,ORD-2026-04662,CLI-024,PROD-024,2026-08-08 18:32:00,Santa Cruz,CAM-23,CHO-075,326,326.0,48,32.6,1,1,1,ORD-2026-04662,False,CLI-024,False,PROD-024,False,CAM-23,False,CHO-075,False,Santa Cruz,False,326,False,326.0,False,False,326.0,False,False,48.0,False,False,32.6,False,False,1.0,False,False,1.0,False,False,1.0,False,False,iso,True,2026-08-08 22:32:00+00:00,False,True,False,True,False,,,True,1,0,producto_id_sin_correspondencia_silver,cuarentena
ORD-2026-04665,CLI-097,PROD-024,2026-08-09 05:11:00+00:00,Tarija,CAM-21,CHO-097,289.0,289.0,48.0,40.9,1.0,1.0,1.0,4666,producto_id_sin_correspondencia_silver,fecha_local_bolivia_convertida_utc,,ORD-2026-04665,CLI-097,PROD-024,2026-08-09 01:11:00,Tarija,CAM-21,CHO-097,289,289.0,48,40.9,1,1,1,ORD-2026-04665,False,CLI-097,False,PROD-024,False,CAM-21,False,CHO-097,False,Tarija,False,289,False,289.0,False,False,289.0,False,False,48.0,False,False,40.9,False,False,1.0,False,False,1.0,False,False,1.0,False,False,iso,True,2026-08-09 05:11:00+00:00,False,True,False,True,False,,,True,1,0,producto_id_sin_correspondencia_silver,cuarentena
ORD-2026-04667,CLI-072,PROD-028,2026-08-12 15:19:00+00:00,Tarija,CAM-26,CHO-084,475.0,475.0,48.0,43.2,1.0,1.0,1.0,4668,producto_id_sin_correspondencia_silver,fecha_local_bolivia_convertida_utc,,ORD-2026-04667,CLI-072,PROD-028,2026-08-12 11:19:00,Tarija,CAM-26,CHO-084,475,475.0,48,43.2,1,1,1,ORD-2026-04667,False,CLI-072,False,PROD-028,False,CAM-26,False,CHO-084,False,Tarija,False,475,False,475.0,False,False,475.0,False,False,48.0,False,False,43.2,False,False,1.0,False,False,1.0,False,False,1.0,False,False,iso,True,2026-08-12 15:19:00+00:00,False,True,False,True,False,,,True,1,0,producto_id_sin_correspondencia_silver,cuarentena
ORD-2026-04676,CLI-042,PROD-024,2026-08-15 16:11:00+00:00,Santa Cruz,CAM-29,CHO-105,481.0,481.0,48.0,50.2,0.0,1.0,0.0,4677,producto_id_sin_correspondencia_silver,fecha_local_bolivia_convertida_utc,,ORD-2026-04676,CLI-042,PROD-024,2026-08-15 12:11:00,Santa Cruz,CAM-29,CHO-105,481,481.0,48,50.2,0,1,0,ORD-2026-04676,False,CLI-042,False,PROD-024,False,CAM-29,False,CHO-105,False,Santa Cruz,False,481,False,481.0,False,False,481.0,False,False,48.0,False,False,50.2,False,False,0.0,False,False,1.0,False,False,0.0,False,False,iso,True,2026-08-15 16:11:00+00:00,False,True,False,True,False,,,True,1,0,producto_id_sin_correspondencia_silver,cuarentena
ORD-2026-04679,CLI-090,PROD-014,2026-08-09 22:54:00+00:00,Tarija,CAM-26,CHO-063,431.0,431.0,24.0,20.7,1.0,1.0,1.0,4680,producto_id_sin_correspondencia_silver,fecha_local_bolivia_convertida_utc,,ORD-2026-04679,CLI-090,PROD-014,2026-08-09 18:54:00,Tarija,CAM-26,CHO-063,431,431.0,24,20.7,1,1,1,ORD-2026-04679,False,CLI-090,False,PROD-014,False,CAM-26,False,CHO-063,False,Tarija,False,431,False,431.0,False,False,431.0,False,False,24.0,False,False,20.7,False,False,1.0,False,False,1.0,False,False,1.0,False,False,iso,True,2026-08-09 22:54:00+00:00,False,True,False,True,False,,,True,1,0,producto_id_sin_correspondencia_silver,cuarentena
ORD-2026-04690,CLI-043,PROD-014,2026-08-07 07:49:00+00:00,Oruro,CAM-16,CHO-027,178.0,178.0,48.0,44.4,1.0,1.0,1.0,4691,producto_id_sin_correspondencia_silver,fecha_local_bolivia_convertida_utc,,ORD-2026-04690,CLI-043,PROD-014,2026-08-07 03:49:00,Oruro,CAM-16,CHO-027,178,178.0,48,44.4,1,1,1,ORD-2026-04690,False,CLI-043,False,PROD-014,False,CAM-16,False,CHO-027,False,Oruro,False,178,False,178.0,False,False,178.0,False,False,48.0,False,False,44.4,False,False,1.0,False,False,1.0,False,False,1.0,False,False,iso,True,2026-08-07 07:49:00+00:00,False,True,False,True,False,,,True,1,0,producto_id_sin_correspondencia_silver,cuarentena
ORD-2026-04693,CLI-084,PROD-014,2026-08-22 05:54:00+00:00,Oruro,CAM-24,CHO-066,193.0,193.0,72.0,67.0,1.0,1.0,1.0,4694,producto_id_sin_correspondencia_silver,fecha_local_bolivia_convertida_utc,,ORD-2026-04693,CLI-084,PROD-014,2026-08-22 01:54:00,Oruro,CAM-24,CHO-066,193,193.0,72,67.0,1,1,1,ORD-2026-04693,False,CLI-084,False,PROD-014,False,CAM-24,False,CHO-066,False,Oruro,False,193,False,193.0,False,False,193.0,False,False,72.0,False,False,67.0,False,False,1.0,False,False,1.0,False,False,1.0,False,False,iso,True,2026-08-22 05:54:00+00:00,False,True,False,True,False,,,True,1,0,producto_id_sin_correspondencia_silver,cuarentena
ORD-2026-04700,CLI-047,PROD-014,2026-08-24 07:03:00+00:00,Santa Cruz,CAM-09,CHO-118,494.0,490.0,48.0,39.8,1.0,0.0,0.0,4701,producto_id_sin_correspondencia_silver,fecha_local_bolivia_convertida_utc,,ORD-2026-04700,CLI-047,PROD-014,2026-08-24 03:03:00,Santa Cruz,CAM-09,CHO-118,494,490.0,48,39.8,1,0,0,ORD-2026-04700,False,CLI-047,False,PROD-014,False,CAM-09,False,CHO-118,False,Santa Cruz,False,494,False,494.0,False,False,490.0,False,False,48.0,False,False,39.8,False,False,1.0,False,False,0.0,False,False,0.0,False,False,iso,True,2026-08-24 07:03:00+00:00,False,True,False,True,False,,,True,1,0,producto_id_sin_correspondencia_silver,cuarentena
ORD-2026-04709,CLI-089,PROD-052,2026-08-05 15:20:00+00:00,Cochabamba,CAM-27,CHO-061,50.0,50.0,72.0,73.0,0.0,1.0,0.0,4710,camion_id_sin_correspondencia_silver,fecha_local_bolivia_convertida_utc,,ORD-2026-04709,CLI-089,PROD-052,2026-08-05 11:20:00,Cochabamba,CAM-27,CHO-061,50,50.0,72,73.0,0,1,0,ORD-2026-04709,False,CLI-089,False,PROD-052,False,CAM-27,False,CHO-061,False,Cochabamba,False,50,False,50.0,False,False,50.0,False,False,72.0,False,False,73.0,False,False,0.0,False,False,1.0,False,False,0.0,False,False,iso,True,2026-08-05 15:20:00+00:00,False,True,True,False,False,,,True,1,0,camion_id_sin_correspondencia_silver,cuarentena
ORD-2026-04721,CLI-088,PROD-003,2026-08-29 16:52:00+00:00,La Paz,CAM-12,CHO-104,186.0,,48.0,50.9,0.0,1.0,0.0,4722,requerido_ausente:cantidad_entregada,fecha_local_bolivia_convertida_utc,,ORD-2026-04721,CLI-088,PROD-003,2026-08-29 12:52:00,La Paz,CAM-12,CHO-104,186,,48,50.9,0,1,0,ORD-2026-04721,False,CLI-088,False,PROD-003,False,CAM-12,False,CHO-104,False,La Paz,False,186,False,186.0,False,False,,False,False,48.0,False,False,50.9,False,False,0.0,False,False,1.0,False,False,0.0,False,False,iso,True,2026-08-29 16:52:00+00:00,False,True,True,True,False,,,True,1,0,requerido_ausente:cantidad_entregada,cuarentena
ORD-2026-04732,CLI-041,PROD-008,2026-08-24 00:30:00+00:00,Cochabamba,CAM-01,CHO-115,189.0,189.0,24.0,20.9,1.0,1.0,1.0,4733,camion_id_sin_correspondencia_silver,fecha_local_bolivia_convertida_utc,,ORD-2026-04732,CLI-041,PROD-008,2026-08-23 20:30:00,Cochabamba,CAM-01,CHO-115,189,189.0,24,20.9,1,1,1,ORD-2026-04732,False,CLI-041,False,PROD-008,False,CAM-01,False,CHO-115,False,Cochabamba,False,189,False,189.0,False,False,189.0,False,False,24.0,False,False,20.9,False,False,1.0,False,False,1.0,False,False,1.0,False,False,iso,True,2026-08-24 00:30:00+00:00,False,True,True,False,False,,,True,1,0,camion_id_sin_correspondencia_silver,cuarentena
ORD-2026-04740,CLI-079,PROD-050,2026-08-09 00:37:00+00:00,Cochabamba,CAM-01,CHO-109,359.0,359.0,24.0,19.2,1.0,1.0,1.0,4741,camion_id_sin_correspondencia_silver,fecha_local_bolivia_convertida_utc,,ORD-2026-04740,CLI-079,PROD-050,2026-08-08 20:37:00,Cochabamba,CAM-01,CHO-109,359,359.0,24,19.2,1,1,1,ORD-2026-04740,False,CLI-079,False,PROD-050,False,CAM-01,False,CHO-109,False,Cochabamba,False,359,False,359.0,False,False,359.0,False,False,24.0,False,False,19.2,False,False,1.0,False,False,1.0,False,False,1.0,False,False,iso,True,2026-08-09 00:37:00+00:00,False,True,True,False,False,,,True,1,0,camion_id_sin_correspondencia_silver,cuarentena
ORD-2026-04759,CLI-053,PROD-044,2026-08-12 14:54:00+00:00,Santa Cruz,CAM-08,CHO-026,353.0,353.0,48.0,51.8,0.0,1.0,0.0,4760,order_id_duplicado,fecha_local_bolivia_convertida_utc,,ORD-2026-04759,CLI-053,PROD-044,2026-08-12 10:54:00,Santa Cruz,CAM-08,CHO-026,353,353.0,48,51.8,0,1,0,ORD-2026-04759,False,CLI-053,False,PROD-044,False,CAM-08,False,CHO-026,False,Santa Cruz,False,353,False,353.0,False,False,353.0,False,False,48.0,False,False,51.8,False,False,0.0,False,False,1.0,False,False,0.0,False,False,iso,True,2026-08-12 14:54:00+00:00,False,True,True,True,False,,,True,1,0,order_id_duplicado,cuarentena
ORD-2026-04762,CLI-014,PROD-060,2026-08-05 00:58:00+00:00,La Paz,CAM-10,CHO-134,272.0,,24.0,24.3,0.0,0.0,0.0,4763,requerido_ausente:cantidad_entregada,fecha_local_bolivia_convertida_utc,,ORD-2026-04762,CLI-014,PROD-060,2026-08-04 20:58:00,La Paz,CAM-10,CHO-134,272,,24,24.3,0,0,0,ORD-2026-04762,False,CLI-014,False,PROD-060,False,CAM-10,False,CHO-134,False,La Paz,False,272,False,272.0,False,False,,False,False,24.0,False,False,24.3,False,False,0.0,False,False,0.0,False,False,0.0,False,False,iso,True,2026-08-05 00:58:00+00:00,False,True,True,True,False,,,True,1,0,requerido_ausente:cantidad_entregada,cuarentena
ORD-2026-04763,CLI-059,PROD-011,2026-08-02 13:31:00+00:00,Cochabamba,CAM-27,CHO-002,273.0,273.0,24.0,21.0,1.0,1.0,1.0,4764,camion_id_sin_correspondencia_silver,fecha_local_bolivia_convertida_utc,,ORD-2026-04763,CLI-059,PROD-011,2026-08-02 09:31:00,Cochabamba,CAM-27,CHO-002,273,273.0,24,21.0,1,1,1,ORD-2026-04763,False,CLI-059,False,PROD-011,False,CAM-27,False,CHO-002,False,Cochabamba,False,273,False,273.0,False,False,273.0,False,False,24.0,False,False,21.0,False,False,1.0,False,False,1.0,False,False,1.0,False,False,iso,True,2026-08-02 13:31:00+00:00,False,True,True,False,False,,,True,1,0,camion_id_sin_correspondencia_silver,cuarentena
ORD-2026-04764,CLI-096,PROD-045,2026-08-12 22:33:00+00:00,Cochabamba,CAM-01,CHO-070,241.0,224.0,24.0,18.7,1.0,0.0,0.0,4765,camion_id_sin_correspondencia_silver,fecha_local_bolivia_convertida_utc,,ORD-2026-04764,CLI-096,PROD-045,2026-08-12 18:33:00,Cochabamba,CAM-01,CHO-070,241,224.0,24,18.7,1,0,0,ORD-2026-04764,False,CLI-096,False,PROD-045,False,CAM-01,False,CHO-070,False,Cochabamba,False,241,False,241.0,False,False,224.0,False,False,24.0,False,False,18.7,False,False,1.0,False,False,0.0,False,False,0.0,False,False,iso,True,2026-08-12 22:33:00+00:00,False,True,True,False,False,,,True,1,0,camion_id_sin_correspondencia_silver,cuarentena
ORD-2026-04768,CLI-011,PROD-059,2026-08-16 09:12:00+00:00,Cochabamba,CAM-01,CHO-017,491.0,491.0,24.0,18.2,1.0,1.0,1.0,4769,camion_id_sin_correspondencia_silver,fecha_local_bolivia_convertida_utc,,ORD-2026-04768,CLI-011,PROD-059,2026-08-16 05:12:00,Cochabamba,CAM-01,CHO-017,491,491.0,24,18.2,1,1,1,ORD-2026-04768,False,CLI-011,False,PROD-059,False,CAM-01,False,CHO-017,False,Cochabamba,False,491,False,491.0,False,False,491.0,False,False,24.0,False,False,18.2,False,False,1.0,False,False,1.0,False,False,1.0,False,False,iso,True,2026-08-16 09:12:00+00:00,False,True,True,False,False,,,True,1,0,camion_id_sin_correspondencia_silver,cuarentena
ORD-2026-04771,CLI-032,PROD-014,2026-08-24 01:01:00+00:00,La Paz,CAM-10,CHO-035,222.0,222.0,72.0,40.6,1.0,1.0,1.0,4772,producto_id_sin_correspondencia_silver,fecha_local_bolivia_convertida_utc,,ORD-2026-04771,CLI-032,PROD-014,2026-08-23 21:01:00,La Paz,CAM-10,CHO-035,222,222.0,72,40.6,1,1,1,ORD-2026-04771,False,CLI-032,False,PROD-014,False,CAM-10,False,CHO-035,False,La Paz,False,222,False,222.0,False,False,222.0,False,False,72.0,False,False,40.6,False,False,1.0,False,False,1.0,False,False,1.0,False,False,iso,True,2026-08-24 01:01:00+00:00,False,True,False,True,False,,,True,1,0,producto_id_sin_correspondencia_silver,cuarentena
ORD-2026-04776,CLI-087,PROD-059,2026-08-10 07:34:00+00:00,Cochabamba,CAM-27,CHO-091,425.0,425.0,72.0,63.7,1.0,1.0,1.0,4777,camion_id_sin_correspondencia_silver,fecha_local_bolivia_convertida_utc,,ORD-2026-04776,CLI-087,PROD-059,2026-08-10 03:34:00,Cochabamba,CAM-27,CHO-091,425,425.0,72,63.7,1,1,1,ORD-2026-04776,False,CLI-087,False,PROD-059,False,CAM-27,False,CHO-091,False,Cochabamba,False,425,False,425.0,False,False,425.0,False,False,72.0,False,False,63.7,False,False,1.0,False,False,1.0,False,False,1.0,False,False,iso,True,2026-08-10 07:34:00+00:00,False,True,True,False,False,,,True,1,0,camion_id_sin_correspondencia_silver,cuarentena
ORD-2026-04784,CLI-065,PROD-023,2026-08-13 11:58:00+00:00,Oruro,CAM-24,CHO-095,173.0,173.0,24.0,-25.1,0.0,1.0,0.0,4785,tiempo_real_negativo | otif_on_time_incoherente,fecha_local_bolivia_convertida_utc,,ORD-2026-04784,CLI-065,PROD-023,2026-08-13 07:58:00,Oruro,CAM-24,CHO-095,173,173.0,24,-25.1,0,1,0,ORD-2026-04784,False,CLI-065,False,PROD-023,False,CAM-24,False,CHO-095,False,Oruro,False,173,False,173.0,False,False,173.0,False,False,24.0,False,False,-25.1,False,False,0.0,False,False,1.0,False,False,0.0,False,False,iso,True,2026-08-13 11:58:00+00:00,False,True,True,True,False,,,True,1,0,tiempo_real_negativo | otif_on_time_incoherente,cuarentena
ORD-2026-04793,CLI-086,PROD-026,2026-08-06 23:08:00+00:00,Cochabamba,CAM-02,CHO-047,234.0,234.0,72.0,45.1,1.0,1.0,1.0,4794,producto_id_sin_correspondencia_silver,fecha_local_bolivia_convertida_utc,,ORD-2026-04793,CLI-086,PROD-026,2026-08-06 19:08:00,Cochabamba,CAM-02,CHO-047,234,234.0,72,45.1,1,1,1,ORD-2026-04793,False,CLI-086,False,PROD-026,False,CAM-02,False,CHO-047,False,Cochabamba,False,234,False,234.0,False,False,234.0,False,False,72.0,False,False,45.1,False,False,1.0,False,False,1.0,False,False,1.0,False,False,iso,True,2026-08-06 23:08:00+00:00,False,True,False,True,False,,,True,1,0,producto_id_sin_correspondencia_silver,cuarentena
ORD-2026-04798,CLI-080,PROD-010,2026-08-05 15:21:00+00:00,Cochabamba,CAM-02,CHO-109,294.0,294.0,24.0,22.3,1.0,1.0,1.0,4799,producto_id_sin_correspondencia_silver,fecha_local_bolivia_convertida_utc,,ORD-2026-04798,CLI-080,PROD-010,2026-08-05 11:21:00,Cochabamba,CAM-02,CHO-109,294,294.0,24,22.3,1,1,1,ORD-2026-04798,False,CLI-080,False,PROD-010,False,CAM-02,False,CHO-109,False,Cochabamba,False,294,False,294.0,False,False,294.0,False,False,24.0,False,False,22.3,False,False,1.0,False,False,1.0,False,False,1.0,False,False,iso,True,2026-08-05 15:21:00+00:00,False,True,False,True,False,,,True,1,0,producto_id_sin_correspondencia_silver,cuarentena
ORD-2026-04799,CLI-019,PROD-010,2026-08-22 11:46:00+00:00,Oruro,CAM-16,CHO-038,164.0,164.0,48.0,38.9,1.0,1.0,1.0,4800,producto_id_sin_correspondencia_silver,fecha_local_bolivia_convertida_utc,,ORD-2026-04799,CLI-019,PROD-010,2026-08-22 07:46:00,Oruro,CAM-16,CHO-038,164,164.0,48,38.9,1,1,1,ORD-2026-04799,False,CLI-019,False,PROD-010,False,CAM-16,False,CHO-038,False,Oruro,False,164,False,164.0,False,False,164.0,False,False,48.0,False,False,38.9,False,False,1.0,False,False,1.0,False,False,1.0,False,False,iso,True,2026-08-22 11:46:00+00:00,False,True,False,True,False,,,True,1,0,producto_id_sin_correspondencia_silver,cuarentena
ORD-2026-04827,CLI-071,PROD-036,2026-08-24 11:14:00+00:00,Cochabamba,CAM-01,CHO-020,33.0,20.0,48.0,39.4,1.0,0.0,0.0,4828,producto_id_sin_correspondencia_silver | camion_id_sin_correspondencia_silver,fecha_local_bolivia_convertida_utc,,ORD-2026-04827,CLI-071,PROD-036,24/08/2026 07:14,Cochabamba,CAM-01,CHO-020,33,20.0,48,39.4,1,0,0,ORD-2026-04827,False,CLI-071,False,PROD-036,False,CAM-01,False,CHO-020,False,Cochabamba,False,33,False,33.0,False,False,20.0,False,False,48.0,False,False,39.4,False,False,1.0,False,False,0.0,False,False,0.0,False,False,dmy,True,2026-08-24 11:14:00+00:00,False,True,False,False,False,,,True,1,0,producto_id_sin_correspondencia_silver | camion_id_sin_correspondencia_silver,cuarentena
ORD-2026-04828,CLI-079,PROD-045,2026-08-03 13:07:00+00:00,Cochabamba,CAM-01,CHO-033,470.0,470.0,24.0,28.8,0.0,1.0,0.0,4829,camion_id_sin_correspondencia_silver,fecha_local_bolivia_convertida_utc,,ORD-2026-04828,CLI-079,PROD-045,2026-08-03 09:07:00,Cochabamba,CAM-01,CHO-033,470,470.0,24,28.8,0,1,0,ORD-2026-04828,False,CLI-079,False,PROD-045,False,CAM-01,False,CHO-033,False,Cochabamba,False,470,False,470.0,False,False,470.0,False,False,24.0,False,False,28.8,False,False,0.0,False,False,1.0,False,False,0.0,False,False,iso,True,2026-08-03 13:07:00+00:00,False,True,True,False,False,,,True,1,0,camion_id_sin_correspondencia_silver,cuarentena
ORD-2026-04829,CLI-011,PROD-004,2026-08-18 20:53:00+00:00,Cochabamba,CAM-27,CHO-136,54.0,54.0,48.0,40.5,1.0,1.0,1.0,4830,camion_id_sin_correspondencia_silver,fecha_local_bolivia_convertida_utc,,ORD-2026-04829,CLI-011,PROD-004,2026-08-18 16:53:00,Cochabamba,CAM-27,CHO-136,54,54.0,48,40.5,1,1,1,ORD-2026-04829,False,CLI-011,False,PROD-004,False,CAM-27,False,CHO-136,False,Cochabamba,False,54,False,54.0,False,False,54.0,False,False,48.0,False,False,40.5,False,False,1.0,False,False,1.0,False,False,1.0,False,False,iso,True,2026-08-18 20:53:00+00:00,False,True,True,False,False,,,True,1,0,camion_id_sin_correspondencia_silver,cuarentena
ORD-2026-04843,CLI-080,PROD-036,2026-08-10 03:48:00+00:00,Cochabamba,CAM-11,CHO-115,496.0,496.0,72.0,62.0,1.0,1.0,1.0,4844,producto_id_sin_correspondencia_silver,fecha_local_bolivia_convertida_utc,,ORD-2026-04843,CLI-080,PROD-036,2026-08-09 23:48:00,Cochabamba,CAM-11,CHO-115,496,496.0,72,62.0,1,1,1,ORD-2026-04843,False,CLI-080,False,PROD-036,False,CAM-11,False,CHO-115,False,Cochabamba,False,496,False,496.0,False,False,496.0,False,False,72.0,False,False,62.0,False,False,1.0,False,False,1.0,False,False,1.0,False,False,iso,True,2026-08-10 03:48:00+00:00,False,True,False,True,False,,,True,1,0,producto_id_sin_correspondencia_silver,cuarentena
ORD-2026-04844,CLI-011,PROD-055,2026-08-05 00:47:00+00:00,Cochabamba,CAM-27,CHO-080,470.0,470.0,24.0,21.0,1.0,1.0,1.0,4845,camion_id_sin_correspondencia_silver,fecha_local_bolivia_convertida_utc,,ORD-2026-04844,CLI-011,PROD-055,2026-08-04 20:47:00,Cochabamba,CAM-27,CHO-080,470,470.0,24,21.0,1,1,1,ORD-2026-04844,False,CLI-011,False,PROD-055,False,CAM-27,False,CHO-080,False,Cochabamba,False,470,False,470.0,False,False,470.0,False,False,24.0,False,False,21.0,False,False,1.0,False,False,1.0,False,False,1.0,False,False,iso,True,2026-08-05 00:47:00+00:00,False,True,True,False,False,,,True,1,0,camion_id_sin_correspondencia_silver,cuarentena
ORD-2026-04849,CLI-068,PROD-060,2026-08-26 05:46:00+00:00,Tarija,CAM-26,CHO-074,18.0,,48.0,20.7,1.0,1.0,1.0,4850,requerido_ausente:cantidad_entregada,fecha_local_bolivia_convertida_utc,,ORD-2026-04849,CLI-068,PROD-060,2026-08-26 01:46:00,Tarija,CAM-26,CHO-074,18,,48,20.7,1,1,1,ORD-2026-04849,False,CLI-068,False,PROD-060,False,CAM-26,False,CHO-074,False,Tarija,False,18,False,18.0,False,False,,False,False,48.0,False,False,20.7,False,False,1.0,False,False,1.0,False,False,1.0,False,False,iso,True,2026-08-26 05:46:00+00:00,False,True,True,True,False,,,True,1,0,requerido_ausente:cantidad_entregada,cuarentena
ORD-2026-04851,CLI-083,PROD-036,2026-08-29 15:34:00+00:00,La Paz,CAM-15,CHO-001,147.0,147.0,24.0,21.3,1.0,1.0,1.0,4852,producto_id_sin_correspondencia_silver,fecha_local_bolivia_convertida_utc,,ORD-2026-04851,CLI-083,PROD-036,2026-08-29 11:34:00,La Paz,CAM-15,CHO-001,147,147.0,24,21.3,1,1,1,ORD-2026-04851,False,CLI-083,False,PROD-036,False,CAM-15,False,CHO-001,False,La Paz,False,147,False,147.0,False,False,147.0,False,False,24.0,False,False,21.3,False,False,1.0,False,False,1.0,False,False,1.0,False,False,iso,True,2026-08-29 15:34:00+00:00,False,True,False,True,False,,,True,1,0,producto_id_sin_correspondencia_silver,cuarentena
ORD-2026-04853,CLI-063,PROD-028,2026-08-07 11:50:00+00:00,Tarija,CAM-19,CHO-119,370.0,370.0,24.0,16.9,1.0,1.0,1.0,4854,producto_id_sin_correspondencia_silver,fecha_local_bolivia_convertida_utc,,ORD-2026-04853,CLI-063,PROD-028,2026-08-07 07:50:00,Tarija,CAM-19,CHO-119,370,370.0,24,16.9,1,1,1,ORD-2026-04853,False,CLI-063,False,PROD-028,False,CAM-19,False,CHO-119,False,Tarija,False,370,False,370.0,False,False,370.0,False,False,24.0,False,False,16.9,False,False,1.0,False,False,1.0,False,False,1.0,False,False,iso,True,2026-08-07 11:50:00+00:00,False,True,False,True,False,,,True,1,0,producto_id_sin_correspondencia_silver,cuarentena
ORD-2026-04855,CLI-020,PROD-036,2026-08-15 23:57:00+00:00,Tarija,CAM-19,CHO-010,87.0,87.0,72.0,59.0,1.0,1.0,1.0,4856,order_id_duplicado | producto_id_sin_correspondencia_silver,fecha_local_bolivia_convertida_utc,,ORD-2026-04855,CLI-020,PROD-036,2026-08-15 19:57:00,Tarija,CAM-19,CHO-010,87,87.0,72,59.0,1,1,1,ORD-2026-04855,False,CLI-020,False,PROD-036,False,CAM-19,False,CHO-010,False,Tarija,False,87,False,87.0,False,False,87.0,False,False,72.0,False,False,59.0,False,False,1.0,False,False,1.0,False,False,1.0,False,False,iso,True,2026-08-15 23:57:00+00:00,False,True,False,True,False,,,True,1,0,order_id_duplicado | producto_id_sin_correspondencia_silver,cuarentena
ORD-2026-04856,CLI-053,PROD-010,2026-08-26 06:43:00+00:00,Tarija,CAM-21,CHO-010,250.0,250.0,24.0,17.9,1.0,1.0,1.0,4857,producto_id_sin_correspondencia_silver,fecha_local_bolivia_convertida_utc,,ORD-2026-04856,CLI-053,PROD-010,2026-08-26 02:43:00,Tarija,CAM-21,CHO-010,250,250.0,24,17.9,1,1,1,ORD-2026-04856,False,CLI-053,False,PROD-010,False,CAM-21,False,CHO-010,False,Tarija,False,250,False,250.0,False,False,250.0,False,False,24.0,False,False,17.9,False,False,1.0,False,False,1.0,False,False,1.0,False,False,iso,True,2026-08-26 06:43:00+00:00,False,True,False,True,False,,,True,1,0,producto_id_sin_correspondencia_silver,cuarentena
ORD-2026-04861,CLI-071,PROD-004,2026-08-28 14:26:00+00:00,Cochabamba,CAM-01,CHO-125,99.0,83.0,24.0,15.8,1.0,0.0,0.0,4862,camion_id_sin_correspondencia_silver,fecha_local_bolivia_convertida_utc,,ORD-2026-04861,CLI-071,PROD-004,2026-08-28 10:26:00,Cochabamba,CAM-01,CHO-125,99,83.0,24,15.8,1,0,0,ORD-2026-04861,False,CLI-071,False,PROD-004,False,CAM-01,False,CHO-125,False,Cochabamba,False,99,False,99.0,False,False,83.0,False,False,24.0,False,False,15.8,False,False,1.0,False,False,0.0,False,False,0.0,False,False,iso,True,2026-08-28 14:26:00+00:00,False,True,True,False,False,,,True,1,0,camion_id_sin_correspondencia_silver,cuarentena
ORD-2026-04875,CLI-024,PROD-028,2026-08-30 21:30:00+00:00,Cochabamba,CAM-27,CHO-088,458.0,458.0,24.0,24.7,0.0,1.0,0.0,4876,producto_id_sin_correspondencia_silver | camion_id_sin_correspondencia_silver,fecha_local_bolivia_convertida_utc,,ORD-2026-04875,CLI-024,PROD-028,2026-08-30 17:30:00,Cochabamba,CAM-27,CHO-088,458,458.0,24,24.7,0,1,0,ORD-2026-04875,False,CLI-024,False,PROD-028,False,CAM-27,False,CHO-088,False,Cochabamba,False,458,False,458.0,False,False,458.0,False,False,24.0,False,False,24.7,False,False,0.0,False,False,1.0,False,False,0.0,False,False,iso,True,2026-08-30 21:30:00+00:00,False,True,False,False,False,,,True,1,0,producto_id_sin_correspondencia_silver | camion_id_sin_correspondencia_silver,cuarentena
ORD-2026-04877,CLI-054,PROD-014,2026-08-16 09:10:00+00:00,Santa Cruz,CAM-23,CHO-036,279.0,,72.0,56.8,1.0,1.0,1.0,4878,producto_id_sin_correspondencia_silver | requerido_ausente:cantidad_entregada,fecha_local_bolivia_convertida_utc,,ORD-2026-04877,CLI-054,PROD-014,2026-08-16 05:10:00,Santa Cruz,CAM-23,CHO-036,279,,72,56.8,1,1,1,ORD-2026-04877,False,CLI-054,False,PROD-014,False,CAM-23,False,CHO-036,False,Santa Cruz,False,279,False,279.0,False,False,,False,False,72.0,False,False,56.8,False,False,1.0,False,False,1.0,False,False,1.0,False,False,iso,True,2026-08-16 09:10:00+00:00,False,True,False,True,False,,,True,1,0,producto_id_sin_correspondencia_silver | requerido_ausente:cantidad_entregada,cuarentena
ORD-2026-04878,CLI-019,PROD-036,2026-08-05 02:29:00+00:00,Cochabamba,CAM-11,CHO-121,113.0,113.0,24.0,19.0,1.0,1.0,1.0,4879,producto_id_sin_correspondencia_silver,fecha_local_bolivia_convertida_utc,,ORD-2026-04878,CLI-019,PROD-036,2026-08-04 22:29:00,Cochabamba,CAM-11,CHO-121,113,113.0,24,19.0,1,1,1,ORD-2026-04878,False,CLI-019,False,PROD-036,False,CAM-11,False,CHO-121,False,Cochabamba,False,113,False,113.0,False,False,113.0,False,False,24.0,False,False,19.0,False,False,1.0,False,False,1.0,False,False,1.0,False,False,iso,True,2026-08-05 02:29:00+00:00,False,True,False,True,False,,,True,1,0,producto_id_sin_correspondencia_silver,cuarentena
ORD-2026-04880,CLI-043,PROD-034,2026-08-01 04:30:00+00:00,Santa Cruz,CAM-08,CHO-137,20.0,,24.0,12.7,1.0,1.0,1.0,4881,requerido_ausente:cantidad_entregada,fecha_local_bolivia_convertida_utc,,ORD-2026-04880,CLI-043,PROD-034,2026-08-01 00:30:00,Santa Cruz,CAM-08,CHO-137,20,,24,12.7,1,1,1,ORD-2026-04880,False,CLI-043,False,PROD-034,False,CAM-08,False,CHO-137,False,Santa Cruz,False,20,False,20.0,False,False,,False,False,24.0,False,False,12.7,False,False,1.0,False,False,1.0,False,False,1.0,False,False,iso,True,2026-08-01 04:30:00+00:00,False,True,True,True,False,,,True,1,0,requerido_ausente:cantidad_entregada,cuarentena
ORD-2026-04885,CLI-082,PROD-050,2026-08-26 12:22:00+00:00,La Paz,CAM-04,CHO-056,50.0,231.0,24.0,22.0,1.0,1.0,1.0,4886,cantidad_entregada_mayor_solicitada,numero_escrito_normalizado:cantidad_solicitada | fecha_local_bolivia_convertida_utc,,ORD-2026-04885,CLI-082,PROD-050,2026-08-26 08:22:00,La Paz,CAM-04,CHO-056,cincuenta,231.0,24,22.0,1,1,1,ORD-2026-04885,False,CLI-082,False,PROD-050,False,CAM-04,False,CHO-056,False,La Paz,False,50,True,50.0,False,False,231.0,False,False,24.0,False,False,22.0,False,False,1.0,False,False,1.0,False,False,1.0,False,False,iso,True,2026-08-26 12:22:00+00:00,False,True,True,True,False,,,True,2,0,cantidad_entregada_mayor_solicitada,cuarentena
ORD-2026-04886,CLI-017,PROD-009,2026-08-06 06:05:00+00:00,Tarija,CAM-19,CHO-055,136.0,,24.0,22.0,1.0,1.0,1.0,4887,requerido_ausente:cantidad_entregada,fecha_local_bolivia_convertida_utc,,ORD-2026-04886,CLI-017,PROD-009,2026-08-06 02:05:00,Tarija,CAM-19,CHO-055,136,,24,22.0,1,1,1,ORD-2026-04886,False,CLI-017,False,PROD-009,False,CAM-19,False,CHO-055,False,Tarija,False,136,False,136.0,False,False,,False,False,24.0,False,False,22.0,False,False,1.0,False,False,1.0,False,False,1.0,False,False,iso,True,2026-08-06 06:05:00+00:00,False,True,True,True,False,,,True,1,0,requerido_ausente:cantidad_entregada,cuarentena
ORD-2026-04909,CLI-092,PROD-028,2026-08-26 22:19:00+00:00,Cochabamba,CAM-30,CHO-082,56.0,56.0,24.0,20.9,1.0,1.0,1.0,4910,producto_id_sin_correspondencia_silver,fecha_local_bolivia_convertida_utc,,ORD-2026-04909,CLI-092,PROD-028,2026-08-26 18:19:00,Cochabamba,CAM-30,CHO-082,56,56.0,24,20.9,1,1,1,ORD-2026-04909,False,CLI-092,False,PROD-028,False,CAM-30,False,CHO-082,False,Cochabamba,False,56,False,56.0,False,False,56.0,False,False,24.0,False,False,20.9,False,False,1.0,False,False,1.0,False,False,1.0,False,False,iso,True,2026-08-26 22:19:00+00:00,False,True,False,True,False,,,True,1,0,producto_id_sin_correspondencia_silver,cuarentena
ORD-2026-04914,CLI-053,PROD-028,2026-08-15 02:12:00+00:00,Tarija,CAM-19,CHO-097,347.0,347.0,24.0,21.3,1.0,1.0,1.0,4915,producto_id_sin_correspondencia_silver,fecha_local_bolivia_convertida_utc,,ORD-2026-04914,CLI-053,PROD-028,2026-08-14 22:12:00,Tarija,CAM-19,CHO-097,347,347.0,24,21.3,1,1,1,ORD-2026-04914,False,CLI-053,False,PROD-028,False,CAM-19,False,CHO-097,False,Tarija,False,347,False,347.0,False,False,347.0,False,False,24.0,False,False,21.3,False,False,1.0,False,False,1.0,False,False,1.0,False,False,iso,True,2026-08-15 02:12:00+00:00,False,True,False,True,False,,,True,1,0,producto_id_sin_correspondencia_silver,cuarentena
ORD-2026-04942,CLI-014,PROD-010,2026-08-01 17:54:00+00:00,Tarija,CAM-26,CHO-067,439.0,439.0,48.0,40.5,1.0,1.0,1.0,4943,producto_id_sin_correspondencia_silver,fecha_local_bolivia_convertida_utc,,ORD-2026-04942,CLI-014,PROD-010,2026-08-01 13:54:00,Tarija,CAM-26,CHO-067,439,439.0,48,40.5,1,1,1,ORD-2026-04942,False,CLI-014,False,PROD-010,False,CAM-26,False,CHO-067,False,Tarija,False,439,False,439.0,False,False,439.0,False,False,48.0,False,False,40.5,False,False,1.0,False,False,1.0,False,False,1.0,False,False,iso,True,2026-08-01 17:54:00+00:00,False,True,False,True,False,,,True,1,0,producto_id_sin_correspondencia_silver,cuarentena
ORD-2026-04945,CLI-062,PROD-024,2026-08-24 00:16:00+00:00,Oruro,CAM-20,CHO-027,361.0,361.0,48.0,46.9,1.0,1.0,1.0,4946,producto_id_sin_correspondencia_silver,fecha_local_bolivia_convertida_utc,,ORD-2026-04945,CLI-062,PROD-024,2026-08-23 20:16:00,Oruro,CAM-20,CHO-027,361,361.0,48,46.9,1,1,1,ORD-2026-04945,False,CLI-062,False,PROD-024,False,CAM-20,False,CHO-027,False,Oruro,False,361,False,361.0,False,False,361.0,False,False,48.0,False,False,46.9,False,False,1.0,False,False,1.0,False,False,1.0,False,False,iso,True,2026-08-24 00:16:00+00:00,False,True,False,True,False,,,True,1,0,producto_id_sin_correspondencia_silver,cuarentena
ORD-2026-04959,CLI-033,PROD-037,2026-08-06 17:59:00+00:00,Cochabamba,CAM-27,CHO-123,386.0,386.0,72.0,49.6,1.0,1.0,1.0,4960,camion_id_sin_correspondencia_silver,fecha_local_bolivia_convertida_utc,,ORD-2026-04959,CLI-033,PROD-037,2026-08-06 13:59:00,Cochabamba,CAM-27,CHO-123,386,386.0,72,49.6,1,1,1,ORD-2026-04959,False,CLI-033,False,PROD-037,False,CAM-27,False,CHO-123,False,Cochabamba,False,386,False,386.0,False,False,386.0,False,False,72.0,False,False,49.6,False,False,1.0,False,False,1.0,False,False,1.0,False,False,iso,True,2026-08-06 17:59:00+00:00,False,True,True,False,False,,,True,1,0,camion_id_sin_correspondencia_silver,cuarentena
ORD-2026-04962,CLI-008,PROD-010,2026-08-29 01:22:00+00:00,Tarija,CAM-19,CHO-063,145.0,145.0,48.0,27.5,1.0,1.0,1.0,4963,producto_id_sin_correspondencia_silver,fecha_local_bolivia_convertida_utc,,ORD-2026-04962,CLI-008,PROD-010,2026-08-28 21:22:00,Tarija,CAM-19,CHO-063,145,145.0,48,27.5,1,1,1,ORD-2026-04962,False,CLI-008,False,PROD-010,False,CAM-19,False,CHO-063,False,Tarija,False,145,False,145.0,False,False,145.0,False,False,48.0,False,False,27.5,False,False,1.0,False,False,1.0,False,False,1.0,False,False,iso,True,2026-08-29 01:22:00+00:00,False,True,False,True,False,,,True,1,0,producto_id_sin_correspondencia_silver,cuarentena
ORD-2026-04965,CLI-068,PROD-022,2026-08-25 21:48:00+00:00,Santa Cruz,CAM-08,CHO-090,122.0,122.0,72.0,44.8,1.0,1.0,1.0,4966,order_id_duplicado,fecha_local_bolivia_convertida_utc,,ORD-2026-04965,CLI-068,PROD-022,2026-08-25 17:48:00,Santa Cruz,CAM-08,CHO-090,122,122.0,72,44.8,1,1,1,ORD-2026-04965,False,CLI-068,False,PROD-022,False,CAM-08,False,CHO-090,False,Santa Cruz,False,122,False,122.0,False,False,122.0,False,False,72.0,False,False,44.8,False,False,1.0,False,False,1.0,False,False,1.0,False,False,iso,True,2026-08-25 21:48:00+00:00,False,True,True,True,False,,,True,1,0,order_id_duplicado,cuarentena
ORD-2026-04967,CLI-087,PROD-052,2026-08-28 10:09:00+00:00,Tarija,CAM-21,CHO-068,50.0,71.0,48.0,39.3,1.0,1.0,1.0,4968,cantidad_entregada_mayor_solicitada,numero_escrito_normalizado:cantidad_solicitada | fecha_local_bolivia_convertida_utc,,ORD-2026-04967,CLI-087,PROD-052,2026-08-28 06:09:00,Tarija,CAM-21,CHO-068,cincuenta,71.0,48,39.3,1,1,1,ORD-2026-04967,False,CLI-087,False,PROD-052,False,CAM-21,False,CHO-068,False,Tarija,False,50,True,50.0,False,False,71.0,False,False,48.0,False,False,39.3,False,False,1.0,False,False,1.0,False,False,1.0,False,False,iso,True,2026-08-28 10:09:00+00:00,False,True,True,True,False,,,True,2,0,cantidad_entregada_mayor_solicitada,cuarentena
ORD-2026-04981,CLI-096,PROD-026,2026-08-12 17:06:00+00:00,Oruro,CAM-24,CHO-066,18.0,18.0,72.0,69.1,1.0,1.0,1.0,4982,producto_id_sin_correspondencia_silver,fecha_local_bolivia_convertida_utc,,ORD-2026-04981,CLI-096,PROD-026,2026-08-12 13:06:00,Oruro,CAM-24,CHO-066,18,18.0,72,69.1,1,1,1,ORD-2026-04981,False,CLI-096,False,PROD-026,False,CAM-24,False,CHO-066,False,Oruro,False,18,False,18.0,False,False,18.0,False,False,72.0,False,False,69.1,False,False,1.0,False,False,1.0,False,False,1.0,False,False,iso,True,2026-08-12 17:06:00+00:00,False,True,False,True,False,,,True,1,0,producto_id_sin_correspondencia_silver,cuarentena
ORD-2026-04997,CLI-021,PROD-010,2026-08-17 01:52:00+00:00,Tarija,CAM-19,CHO-097,189.0,189.0,24.0,20.2,1.0,1.0,1.0,4998,producto_id_sin_correspondencia_silver,fecha_local_bolivia_convertida_utc,,ORD-2026-04997,CLI-021,PROD-010,2026-08-16 21:52:00,Tarija,CAM-19,CHO-097,189,189.0,24,20.2,1,1,1,ORD-2026-04997,False,CLI-021,False,PROD-010,False,CAM-19,False,CHO-097,False,Tarija,False,189,False,189.0,False,False,189.0,False,False,24.0,False,False,20.2,False,False,1.0,False,False,1.0,False,False,1.0,False,False,iso,True,2026-08-17 01:52:00+00:00,False,True,False,True,False,,,True,1,0,producto_id_sin_correspondencia_silver,cuarentena
ORD-2026-05003,CLI-032,PROD-026,2026-08-08 15:29:00+00:00,Santa Cruz,CAM-08,CHO-137,267.0,267.0,48.0,38.7,1.0,1.0,1.0,5004,producto_id_sin_correspondencia_silver,fecha_local_bolivia_convertida_utc,,ORD-2026-05003,CLI-032,PROD-026,2026-08-08 11:29:00,Santa Cruz,CAM-08,CHO-137,267,267.0,48,38.7,1,1,1,ORD-2026-05003,False,CLI-032,False,PROD-026,False,CAM-08,False,CHO-137,False,Santa Cruz,False,267,False,267.0,False,False,267.0,False,False,48.0,False,False,38.7,False,False,1.0,False,False,1.0,False,False,1.0,False,False,iso,True,2026-08-08 15:29:00+00:00,False,True,False,True,False,,,True,1,0,producto_id_sin_correspondencia_silver,cuarentena
ORD-2026-05018,CLI-004,PROD-056,2026-08-11 10:02:00+00:00,Cochabamba,CAM-01,CHO-082,196.0,196.0,48.0,38.5,1.0,1.0,1.0,5019,camion_id_sin_correspondencia_silver,fecha_local_bolivia_convertida_utc,,ORD-2026-05018,CLI-004,PROD-056,2026-08-11 06:02:00,Cochabamba,CAM-01,CHO-082,196,196.0,48,38.5,1,1,1,ORD-2026-05018,False,CLI-004,False,PROD-056,False,CAM-01,False,CHO-082,False,Cochabamba,False,196,False,196.0,False,False,196.0,False,False,48.0,False,False,38.5,False,False,1.0,False,False,1.0,False,False,1.0,False,False,iso,True,2026-08-11 10:02:00+00:00,False,True,True,False,False,,,True,1,0,camion_id_sin_correspondencia_silver,cuarentena
ORD-2026-05019,CLI-086,PROD-005,2026-08-12 11:13:00+00:00,Cochabamba,CAM-27,CHO-020,476.0,476.0,72.0,62.4,1.0,1.0,1.0,5020,camion_id_sin_correspondencia_silver,fecha_local_bolivia_convertida_utc,,ORD-2026-05019,CLI-086,PROD-005,2026-08-12 07:13:00,Cochabamba,CAM-27,CHO-020,476,476.0,72,62.4,1,1,1,ORD-2026-05019,False,CLI-086,False,PROD-005,False,CAM-27,False,CHO-020,False,Cochabamba,False,476,False,476.0,False,False,476.0,False,False,72.0,False,False,62.4,False,False,1.0,False,False,1.0,False,False,1.0,False,False,iso,True,2026-08-12 11:13:00+00:00,False,True,True,False,False,,,True,1,0,camion_id_sin_correspondencia_silver,cuarentena
ORD-2026-05021,CLI-078,PROD-026,2026-08-02 21:20:00+00:00,Tarija,CAM-19,CHO-084,376.0,376.0,72.0,65.7,1.0,1.0,1.0,5022,producto_id_sin_correspondencia_silver,fecha_local_bolivia_convertida_utc,,ORD-2026-05021,CLI-078,PROD-026,2026-08-02 17:20:00,Tarija,CAM-19,CHO-084,376,376.0,72,65.7,1,1,1,ORD-2026-05021,False,CLI-078,False,PROD-026,False,CAM-19,False,CHO-084,False,Tarija,False,376,False,376.0,False,False,376.0,False,False,72.0,False,False,65.7,False,False,1.0,False,False,1.0,False,False,1.0,False,False,iso,True,2026-08-02 21:20:00+00:00,False,True,False,True,False,,,True,1,0,producto_id_sin_correspondencia_silver,cuarentena
ORD-2026-05026,CLI-063,PROD-006,2026-08-30 02:28:00+00:00,Tarija,CAM-19,CHO-067,482.0,,72.0,78.5,0.0,0.0,0.0,5027,requerido_ausente:cantidad_entregada,fecha_local_bolivia_convertida_utc,,ORD-2026-05026,CLI-063,PROD-006,2026-08-29 22:28:00,Tarija,CAM-19,CHO-067,482,,72,78.5,0,0,0,ORD-2026-05026,False,CLI-063,False,PROD-006,False,CAM-19,False,CHO-067,False,Tarija,False,482,False,482.0,False,False,,False,False,72.0,False,False,78.5,False,False,0.0,False,False,0.0,False,False,0.0,False,False,iso,True,2026-08-30 02:28:00+00:00,False,True,True,True,False,,,True,1,0,requerido_ausente:cantidad_entregada,cuarentena
ORD-2026-05038,CLI-063,PROD-036,2026-08-20 03:22:00+00:00,Tarija,CAM-19,CHO-119,398.0,398.0,72.0,52.8,1.0,1.0,1.0,5039,producto_id_sin_correspondencia_silver,fecha_local_bolivia_convertida_utc,,ORD-2026-05038,CLI-063,PROD-036,2026-08-19 23:22:00,Tarija,CAM-19,CHO-119,398,398.0,72,52.8,1,1,1,ORD-2026-05038,False,CLI-063,False,PROD-036,False,CAM-19,False,CHO-119,False,Tarija,False,398,False,398.0,False,False,398.0,False,False,72.0,False,False,52.8,False,False,1.0,False,False,1.0,False,False,1.0,False,False,iso,True,2026-08-20 03:22:00+00:00,False,True,False,True,False,,,True,1,0,producto_id_sin_correspondencia_silver,cuarentena
ORD-2026-05039,CLI-048,PROD-036,2026-08-18 08:23:00+00:00,Tarija,CAM-26,CHO-099,439.0,439.0,72.0,63.1,1.0,1.0,1.0,5040,producto_id_sin_correspondencia_silver,fecha_local_bolivia_convertida_utc,,ORD-2026-05039,CLI-048,PROD-036,2026-08-18 04:23:00,Tarija,CAM-26,CHO-099,439,439.0,72,63.1,1,1,1,ORD-2026-05039,False,CLI-048,False,PROD-036,False,CAM-26,False,CHO-099,False,Tarija,False,439,False,439.0,False,False,439.0,False,False,72.0,False,False,63.1,False,False,1.0,False,False,1.0,False,False,1.0,False,False,iso,True,2026-08-18 08:23:00+00:00,False,True,False,True,False,,,True,1,0,producto_id_sin_correspondencia_silver,cuarentena
ORD-2026-05041,CLI-053,PROD-024,2026-08-04 22:42:00+00:00,Cochabamba,CAM-01,CHO-062,459.0,459.0,72.0,43.8,1.0,1.0,1.0,5042,producto_id_sin_correspondencia_silver | camion_id_sin_correspondencia_silver,fecha_local_bolivia_convertida_utc,,ORD-2026-05041,CLI-053,PROD-024,2026-08-04 18:42:00,Cochabamba,CAM-01,CHO-062,459,459.0,72,43.8,1,1,1,ORD-2026-05041,False,CLI-053,False,PROD-024,False,CAM-01,False,CHO-062,False,Cochabamba,False,459,False,459.0,False,False,459.0,False,False,72.0,False,False,43.8,False,False,1.0,False,False,1.0,False,False,1.0,False,False,iso,True,2026-08-04 22:42:00+00:00,False,True,False,False,False,,,True,1,0,producto_id_sin_correspondencia_silver | camion_id_sin_correspondencia_silver,cuarentena
ORD-2026-05049,CLI-006,PROD-014,2026-08-26 18:19:00+00:00,Cochabamba,CAM-25,CHO-003,254.0,254.0,72.0,67.7,1.0,1.0,1.0,5050,producto_id_sin_correspondencia_silver,fecha_local_bolivia_convertida_utc,,ORD-2026-05049,CLI-006,PROD-014,2026-08-26 14:19:00,Cochabamba,CAM-25,CHO-003,254,254.0,72,67.7,1,1,1,ORD-2026-05049,False,CLI-006,False,PROD-014,False,CAM-25,False,CHO-003,False,Cochabamba,False,254,False,254.0,False,False,254.0,False,False,72.0,False,False,67.7,False,False,1.0,False,False,1.0,False,False,1.0,False,False,iso,True,2026-08-26 18:19:00+00:00,False,True,False,True,False,,,True,1,0,producto_id_sin_correspondencia_silver,cuarentena
ORD-2026-05052,CLI-041,PROD-059,2026-08-09 09:45:00+00:00,Cochabamba,CAM-01,CHO-096,229.0,229.0,72.0,54.3,1.0,1.0,1.0,5053,camion_id_sin_correspondencia_silver,fecha_local_bolivia_convertida_utc,,ORD-2026-05052,CLI-041,PROD-059,2026-08-09 05:45:00,Cochabamba,CAM-01,CHO-096,229,229.0,72,54.3,1,1,1,ORD-2026-05052,False,CLI-041,False,PROD-059,False,CAM-01,False,CHO-096,False,Cochabamba,False,229,False,229.0,False,False,229.0,False,False,72.0,False,False,54.3,False,False,1.0,False,False,1.0,False,False,1.0,False,False,iso,True,2026-08-09 09:45:00+00:00,False,True,True,False,False,,,True,1,0,camion_id_sin_correspondencia_silver,cuarentena
ORD-2026-05055,CLI-006,PROD-026,2026-08-21 12:05:00+00:00,Oruro,CAM-20,CHO-095,370.0,370.0,48.0,36.3,1.0,1.0,1.0,5056,producto_id_sin_correspondencia_silver,fecha_local_bolivia_convertida_utc,,ORD-2026-05055,CLI-006,PROD-026,2026-08-21 08:05:00,Oruro,CAM-20,CHO-095,370,370.0,48,36.3,1,1,1,ORD-2026-05055,False,CLI-006,False,PROD-026,False,CAM-20,False,CHO-095,False,Oruro,False,370,False,370.0,False,False,370.0,False,False,48.0,False,False,36.3,False,False,1.0,False,False,1.0,False,False,1.0,False,False,iso,True,2026-08-21 12:05:00+00:00,False,True,False,True,False,,,True,1,0,producto_id_sin_correspondencia_silver,cuarentena
ORD-2026-05065,CLI-012,PROD-059,2026-08-17 05:22:00+00:00,Cochabamba,CAM-27,CHO-065,125.0,125.0,24.0,17.2,1.0,1.0,1.0,5066,camion_id_sin_correspondencia_silver,fecha_local_bolivia_convertida_utc,,ORD-2026-05065,CLI-012,PROD-059,2026-08-17 01:22:00,Cochabamba,CAM-27,CHO-065,125,125.0,24,17.2,1,1,1,ORD-2026-05065,False,CLI-012,False,PROD-059,False,CAM-27,False,CHO-065,False,Cochabamba,False,125,False,125.0,False,False,125.0,False,False,24.0,False,False,17.2,False,False,1.0,False,False,1.0,False,False,1.0,False,False,iso,True,2026-08-17 05:22:00+00:00,False,True,True,False,False,,,True,1,0,camion_id_sin_correspondencia_silver,cuarentena
ORD-2026-05068,CLI-075,PROD-014,2026-08-05 04:10:00+00:00,La Paz,CAM-28,CHO-094,23.0,23.0,72.0,78.7,0.0,1.0,0.0,5069,producto_id_sin_correspondencia_silver,fecha_local_bolivia_convertida_utc,,ORD-2026-05068,CLI-075,PROD-014,2026-08-05 00:10:00,La Paz,CAM-28,CHO-094,23,23.0,72,78.7,0,1,0,ORD-2026-05068,False,CLI-075,False,PROD-014,False,CAM-28,False,CHO-094,False,La Paz,False,23,False,23.0,False,False,23.0,False,False,72.0,False,False,78.7,False,False,0.0,False,False,1.0,False,False,0.0,False,False,iso,True,2026-08-05 04:10:00+00:00,False,True,False,True,False,,,True,1,0,producto_id_sin_correspondencia_silver,cuarentena
ORD-2026-05069,CLI-040,PROD-036,2026-08-08 20:46:00+00:00,Oruro,CAM-24,CHO-046,137.0,137.0,48.0,41.5,1.0,1.0,1.0,5070,producto_id_sin_correspondencia_silver,fecha_local_bolivia_convertida_utc,,ORD-2026-05069,CLI-040,PROD-036,2026-08-08 16:46:00,Oruro,CAM-24,CHO-046,137,137.0,48,41.5,1,1,1,ORD-2026-05069,False,CLI-040,False,PROD-036,False,CAM-24,False,CHO-046,False,Oruro,False,137,False,137.0,False,False,137.0,False,False,48.0,False,False,41.5,False,False,1.0,False,False,1.0,False,False,1.0,False,False,iso,True,2026-08-08 20:46:00+00:00,False,True,False,True,False,,,True,1,0,producto_id_sin_correspondencia_silver,cuarentena
ORD-2026-05082,CLI-005,PROD-026,2026-08-02 19:54:00+00:00,Oruro,CAM-20,CHO-027,13.0,13.0,48.0,38.0,1.0,1.0,1.0,5083,producto_id_sin_correspondencia_silver,fecha_local_bolivia_convertida_utc,,ORD-2026-05082,CLI-005,PROD-026,2026-08-02 15:54:00,Oruro,CAM-20,CHO-027,13,13.0,48,38.0,1,1,1,ORD-2026-05082,False,CLI-005,False,PROD-026,False,CAM-20,False,CHO-027,False,Oruro,False,13,False,13.0,False,False,13.0,False,False,48.0,False,False,38.0,False,False,1.0,False,False,1.0,False,False,1.0,False,False,iso,True,2026-08-02 19:54:00+00:00,False,True,False,True,False,,,True,1,0,producto_id_sin_correspondencia_silver,cuarentena
ORD-2026-05084,CLI-070,PROD-026,2026-08-08 16:16:00+00:00,La Paz,CAM-10,CHO-018,225.0,225.0,72.0,65.6,1.0,1.0,1.0,5085,producto_id_sin_correspondencia_silver,fecha_local_bolivia_convertida_utc,,ORD-2026-05084,CLI-070,PROD-026,2026-08-08 12:16:00,La Paz,CAM-10,CHO-018,225,225.0,72,65.6,1,1,1,ORD-2026-05084,False,CLI-070,False,PROD-026,False,CAM-10,False,CHO-018,False,La Paz,False,225,False,225.0,False,False,225.0,False,False,72.0,False,False,65.6,False,False,1.0,False,False,1.0,False,False,1.0,False,False,iso,True,2026-08-08 16:16:00+00:00,False,True,False,True,False,,,True,1,0,producto_id_sin_correspondencia_silver,cuarentena
ORD-2026-05089,CLI-042,PROD-024,2026-08-15 22:10:00+00:00,Tarija,CAM-26,CHO-097,378.0,378.0,24.0,15.5,1.0,1.0,1.0,5090,producto_id_sin_correspondencia_silver,fecha_local_bolivia_convertida_utc,,ORD-2026-05089,CLI-042,PROD-024,2026-08-15 18:10:00,Tarija,CAM-26,CHO-097,378,378.0,24,15.5,1,1,1,ORD-2026-05089,False,CLI-042,False,PROD-024,False,CAM-26,False,CHO-097,False,Tarija,False,378,False,378.0,False,False,378.0,False,False,24.0,False,False,15.5,False,False,1.0,False,False,1.0,False,False,1.0,False,False,iso,True,2026-08-15 22:10:00+00:00,False,True,False,True,False,,,True,1,0,producto_id_sin_correspondencia_silver,cuarentena
ORD-2026-05097,CLI-012,PROD-038,2026-08-08 04:42:00+00:00,Cochabamba,CAM-27,CHO-121,36.0,36.0,72.0,58.2,1.0,1.0,1.0,5098,camion_id_sin_correspondencia_silver,fecha_local_bolivia_convertida_utc,,ORD-2026-05097,CLI-012,PROD-038,2026-08-08 00:42:00,Cochabamba,CAM-27,CHO-121,36,36.0,72,58.2,1,1,1,ORD-2026-05097,False,CLI-012,False,PROD-038,False,CAM-27,False,CHO-121,False,Cochabamba,False,36,False,36.0,False,False,36.0,False,False,72.0,False,False,58.2,False,False,1.0,False,False,1.0,False,False,1.0,False,False,iso,True,2026-08-08 04:42:00+00:00,False,True,True,False,False,,,True,1,0,camion_id_sin_correspondencia_silver,cuarentena
ORD-2026-05098,CLI-097,PROD-024,2026-08-03 09:38:00+00:00,Tarija,CAM-21,CHO-119,201.0,201.0,48.0,28.3,1.0,1.0,1.0,5099,producto_id_sin_correspondencia_silver,fecha_local_bolivia_convertida_utc,,ORD-2026-05098,CLI-097,PROD-024,2026-08-03 05:38:00,Tarija,CAM-21,CHO-119,201,201.0,48,28.3,1,1,1,ORD-2026-05098,False,CLI-097,False,PROD-024,False,CAM-21,False,CHO-119,False,Tarija,False,201,False,201.0,False,False,201.0,False,False,48.0,False,False,28.3,False,False,1.0,False,False,1.0,False,False,1.0,False,False,iso,True,2026-08-03 09:38:00+00:00,False,True,False,True,False,,,True,1,0,producto_id_sin_correspondencia_silver,cuarentena
ORD-2026-05100,CLI-070,PROD-051,2026-08-15 11:46:00+00:00,Cochabamba,CAM-01,CHO-128,279.0,279.0,72.0,62.3,1.0,1.0,1.0,5101,camion_id_sin_correspondencia_silver,fecha_local_bolivia_convertida_utc,,ORD-2026-05100,CLI-070,PROD-051,2026-08-15 07:46:00,Cochabamba,CAM-01,CHO-128,279,279.0,72,62.3,1,1,1,ORD-2026-05100,False,CLI-070,False,PROD-051,False,CAM-01,False,CHO-128,False,Cochabamba,False,279,False,279.0,False,False,279.0,False,False,72.0,False,False,62.3,False,False,1.0,False,False,1.0,False,False,1.0,False,False,iso,True,2026-08-15 11:46:00+00:00,False,True,True,False,False,,,True,1,0,camion_id_sin_correspondencia_silver,cuarentena
ORD-2026-05110,CLI-064,PROD-048,2026-08-23 10:08:00+00:00,Cochabamba,CAM-27,CHO-051,113.0,113.0,48.0,44.8,1.0,1.0,1.0,5111,camion_id_sin_correspondencia_silver,fecha_local_bolivia_convertida_utc,,ORD-2026-05110,CLI-064,PROD-048,2026-08-23 06:08:00,Cochabamba,CAM-27,CHO-051,113,113.0,48,44.8,1,1,1,ORD-2026-05110,False,CLI-064,False,PROD-048,False,CAM-27,False,CHO-051,False,Cochabamba,False,113,False,113.0,False,False,113.0,False,False,48.0,False,False,44.8,False,False,1.0,False,False,1.0,False,False,1.0,False,False,iso,True,2026-08-23 10:08:00+00:00,False,True,True,False,False,,,True,1,0,camion_id_sin_correspondencia_silver,cuarentena
ORD-2026-05112,CLI-078,PROD-034,2026-08-13 11:07:00+00:00,Tarija,CAM-19,CHO-084,342.0,,48.0,67.3,0.0,1.0,0.0,5113,requerido_ausente:cantidad_entregada,fecha_local_bolivia_convertida_utc,,ORD-2026-05112,CLI-078,PROD-034,2026-08-13 07:07:00,Tarija,CAM-19,CHO-084,342,,48,67.3,0,1,0,ORD-2026-05112,False,CLI-078,False,PROD-034,False,CAM-19,False,CHO-084,False,Tarija,False,342,False,342.0,False,False,,False,False,48.0,False,False,67.3,False,False,0.0,False,False,1.0,False,False,0.0,False,False,iso,True,2026-08-13 11:07:00+00:00,False,True,True,True,False,,,True,1,0,requerido_ausente:cantidad_entregada,cuarentena
ORD-2026-05119,CLI-075,PROD-036,2026-08-09 21:28:00+00:00,Tarija,CAM-26,CHO-084,367.0,367.0,24.0,20.9,1.0,1.0,1.0,5120,producto_id_sin_correspondencia_silver,fecha_local_bolivia_convertida_utc,,ORD-2026-05119,CLI-075,PROD-036,2026-08-09 17:28:00,Tarija,CAM-26,CHO-084,367,367.0,24,20.9,1,1,1,ORD-2026-05119,False,CLI-075,False,PROD-036,False,CAM-26,False,CHO-084,False,Tarija,False,367,False,367.0,False,False,367.0,False,False,24.0,False,False,20.9,False,False,1.0,False,False,1.0,False,False,1.0,False,False,iso,True,2026-08-09 21:28:00+00:00,False,True,False,True,False,,,True,1,0,producto_id_sin_correspondencia_silver,cuarentena
ORD-2026-05120,CLI-069,PROD-028,,La Paz,CAM-10,CHO-001,222.0,222.0,72.0,67.7,1.0,1.0,1.0,5121,fecha_despacho_invalida | producto_id_sin_correspondencia_silver,,,ORD-2026-05120,CLI-069,PROD-028,2026-02-31 08:00:00,La Paz,CAM-10,CHO-001,222,222.0,72,67.7,1,1,1,ORD-2026-05120,False,CLI-069,False,PROD-028,False,CAM-10,False,CHO-001,False,La Paz,False,222,False,222.0,False,False,222.0,False,False,72.0,False,False,67.7,False,False,1.0,False,False,1.0,False,False,1.0,False,False,iso,True,,True,False,False,True,False,,,False,0,0,fecha_despacho_invalida | producto_id_sin_correspondencia_silver,cuarentena
ORD-2026-05124,CLI-085,PROD-014,2026-08-03 18:32:00+00:00,Tarija,CAM-19,CHO-005,234.0,234.0,48.0,46.0,1.0,1.0,1.0,5125,producto_id_sin_correspondencia_silver,fecha_local_bolivia_convertida_utc,,ORD-2026-05124,CLI-085,PROD-014,2026-08-03 14:32:00,Tarija,CAM-19,CHO-005,234,234.0,48,46.0,1,1,1,ORD-2026-05124,False,CLI-085,False,PROD-014,False,CAM-19,False,CHO-005,False,Tarija,False,234,False,234.0,False,False,234.0,False,False,48.0,False,False,46.0,False,False,1.0,False,False,1.0,False,False,1.0,False,False,iso,True,2026-08-03 18:32:00+00:00,False,True,False,True,False,,,True,1,0,producto_id_sin_correspondencia_silver,cuarentena
ORD-2026-05135,CLI-020,PROD-039,2026-08-03 02:16:00+00:00,Cochabamba,CAM-01,CHO-040,88.0,88.0,72.0,51.2,1.0,1.0,1.0,5136,camion_id_sin_correspondencia_silver,fecha_local_bolivia_convertida_utc,,ORD-2026-05135,CLI-020,PROD-039,2026-08-02 22:16:00,Cochabamba,CAM-01,CHO-040,88,88.0,72,51.2,1,1,1,ORD-2026-05135,False,CLI-020,False,PROD-039,False,CAM-01,False,CHO-040,False,Cochabamba,False,88,False,88.0,False,False,88.0,False,False,72.0,False,False,51.2,False,False,1.0,False,False,1.0,False,False,1.0,False,False,iso,True,2026-08-03 02:16:00+00:00,False,True,True,False,False,,,True,1,0,camion_id_sin_correspondencia_silver,cuarentena
ORD-2026-05136,CLI-013,PROD-024,2026-08-03 19:25:00+00:00,Tarija,CAM-19,CHO-074,215.0,215.0,48.0,40.2,1.0,1.0,1.0,5137,producto_id_sin_correspondencia_silver,fecha_local_bolivia_convertida_utc,,ORD-2026-05136,CLI-013,PROD-024,2026-08-03 15:25:00,Tarija,CAM-19,CHO-074,215,215.0,48,40.2,1,1,1,ORD-2026-05136,False,CLI-013,False,PROD-024,False,CAM-19,False,CHO-074,False,Tarija,False,215,False,215.0,False,False,215.0,False,False,48.0,False,False,40.2,False,False,1.0,False,False,1.0,False,False,1.0,False,False,iso,True,2026-08-03 19:25:00+00:00,False,True,False,True,False,,,True,1,0,producto_id_sin_correspondencia_silver,cuarentena
ORD-2026-05146,CLI-019,PROD-024,2026-08-20 16:06:00+00:00,La Paz,CAM-28,CHO-130,253.0,253.0,24.0,18.5,1.0,1.0,1.0,5147,producto_id_sin_correspondencia_silver,fecha_local_bolivia_convertida_utc,,ORD-2026-05146,CLI-019,PROD-024,2026-08-20 12:06:00,La Paz,CAM-28,CHO-130,253,253.0,24,18.5,1,1,1,ORD-2026-05146,False,CLI-019,False,PROD-024,False,CAM-28,False,CHO-130,False,La Paz,False,253,False,253.0,False,False,253.0,False,False,24.0,False,False,18.5,False,False,1.0,False,False,1.0,False,False,1.0,False,False,iso,True,2026-08-20 16:06:00+00:00,False,True,False,True,False,,,True,1,0,producto_id_sin_correspondencia_silver,cuarentena
ORD-2026-05147,CLI-044,PROD-026,2026-08-13 04:55:00+00:00,Tarija,CAM-26,CHO-043,425.0,425.0,48.0,45.9,1.0,1.0,1.0,5148,producto_id_sin_correspondencia_silver,fecha_local_bolivia_convertida_utc,,ORD-2026-05147,CLI-044,PROD-026,2026-08-13 00:55:00,Tarija,CAM-26,CHO-043,425,425.0,48,45.9,1,1,1,ORD-2026-05147,False,CLI-044,False,PROD-026,False,CAM-26,False,CHO-043,False,Tarija,False,425,False,425.0,False,False,425.0,False,False,48.0,False,False,45.9,False,False,1.0,False,False,1.0,False,False,1.0,False,False,iso,True,2026-08-13 04:55:00+00:00,False,True,False,True,False,,,True,1,0,producto_id_sin_correspondencia_silver,cuarentena
ORD-2026-05166,CLI-037,PROD-024,2026-08-23 11:01:00+00:00,Tarija,CAM-21,CHO-025,212.0,212.0,24.0,23.1,1.0,1.0,1.0,5167,producto_id_sin_correspondencia_silver,normalizacion_identificador:producto_id | fecha_local_bolivia_convertida_utc,,ORD-2026-05166,CLI-037, prod-024 ,2026-08-23 07:01:00,Tarija,CAM-21,CHO-025,212,212.0,24,23.1,1,1,1,ORD-2026-05166,False,CLI-037,False,PROD-024,True,CAM-21,False,CHO-025,False,Tarija,False,212,False,212.0,False,False,212.0,False,False,24.0,False,False,23.1,False,False,1.0,False,False,1.0,False,False,1.0,False,False,iso,True,2026-08-23 11:01:00+00:00,False,True,False,True,False,,,True,2,0,producto_id_sin_correspondencia_silver,cuarentena
ORD-2026-05172,CLI-039,PROD-024,2026-08-03 01:24:00+00:00,Santa Cruz,CAM-18,CHO-106,347.0,347.0,72.0,63.5,1.0,1.0,1.0,5173,producto_id_sin_correspondencia_silver,fecha_local_bolivia_convertida_utc,,ORD-2026-05172,CLI-039,PROD-024,2026-08-02 21:24:00,Santa Cruz,CAM-18,CHO-106,347,347.0,72,63.5,1,1,1,ORD-2026-05172,False,CLI-039,False,PROD-024,False,CAM-18,False,CHO-106,False,Santa Cruz,False,347,False,347.0,False,False,347.0,False,False,72.0,False,False,63.5,False,False,1.0,False,False,1.0,False,False,1.0,False,False,iso,True,2026-08-03 01:24:00+00:00,False,True,False,True,False,,,True,1,0,producto_id_sin_correspondencia_silver,cuarentena
ORD-2026-05176,CLI-055,PROD-026,2026-08-25 04:21:00+00:00,Cochabamba,CAM-06,CHO-096,106.0,106.0,72.0,36.1,1.0,1.0,1.0,5177,producto_id_sin_correspondencia_silver,fecha_local_bolivia_convertida_utc,,ORD-2026-05176,CLI-055,PROD-026,2026-08-25 00:21:00,Cochabamba,CAM-06,CHO-096,106,106.0,72,36.1,1,1,1,ORD-2026-05176,False,CLI-055,False,PROD-026,False,CAM-06,False,CHO-096,False,Cochabamba,False,106,False,106.0,False,False,106.0,False,False,72.0,False,False,36.1,False,False,1.0,False,False,1.0,False,False,1.0,False,False,iso,True,2026-08-25 04:21:00+00:00,False,True,False,True,False,,,True,1,0,producto_id_sin_correspondencia_silver,cuarentena
ORD-2026-05177,CLI-091,PROD-045,2026-08-15 02:56:00+00:00,Oruro,CAM-24,CHO-066,50.0,223.0,72.0,60.2,1.0,1.0,1.0,5178,cantidad_entregada_mayor_solicitada,numero_escrito_normalizado:cantidad_solicitada | fecha_local_bolivia_convertida_utc,,ORD-2026-05177,CLI-091,PROD-045,2026-08-14 22:56:00,Oruro,CAM-24,CHO-066,cincuenta,223.0,72,60.2,1,1,1,ORD-2026-05177,False,CLI-091,False,PROD-045,False,CAM-24,False,CHO-066,False,Oruro,False,50,True,50.0,False,False,223.0,False,False,72.0,False,False,60.2,False,False,1.0,False,False,1.0,False,False,1.0,False,False,iso,True,2026-08-15 02:56:00+00:00,False,True,True,True,False,,,True,2,0,cantidad_entregada_mayor_solicitada,cuarentena
ORD-2026-05179,CLI-023,PROD-016,2026-08-26 22:44:00+00:00,Cochabamba,CAM-27,CHO-029,492.0,492.0,72.0,55.3,1.0,1.0,1.0,5180,camion_id_sin_correspondencia_silver,fecha_local_bolivia_convertida_utc,,ORD-2026-05179,CLI-023,PROD-016,2026-08-26 18:44:00,Cochabamba,CAM-27,CHO-029,492,492.0,72,55.3,1,1,1,ORD-2026-05179,False,CLI-023,False,PROD-016,False,CAM-27,False,CHO-029,False,Cochabamba,False,492,False,492.0,False,False,492.0,False,False,72.0,False,False,55.3,False,False,1.0,False,False,1.0,False,False,1.0,False,False,iso,True,2026-08-26 22:44:00+00:00,False,True,True,False,False,,,True,1,0,camion_id_sin_correspondencia_silver,cuarentena
ORD-2026-05183,CLI-046,PROD-028,2026-08-30 00:17:00+00:00,Oruro,CAM-03,CHO-027,348.0,348.0,72.0,47.3,1.0,1.0,1.0,5184,producto_id_sin_correspondencia_silver,fecha_local_bolivia_convertida_utc,,ORD-2026-05183,CLI-046,PROD-028,2026-08-29 20:17:00,Oruro,CAM-03,CHO-027,348,348.0,72,47.3,1,1,1,ORD-2026-05183,False,CLI-046,False,PROD-028,False,CAM-03,False,CHO-027,False,Oruro,False,348,False,348.0,False,False,348.0,False,False,72.0,False,False,47.3,False,False,1.0,False,False,1.0,False,False,1.0,False,False,iso,True,2026-08-30 00:17:00+00:00,False,True,False,True,False,,,True,1,0,producto_id_sin_correspondencia_silver,cuarentena
ORD-2026-05186,CLI-095,PROD-026,2026-08-24 12:58:00+00:00,Cochabamba,CAM-11,CHO-061,24.0,24.0,48.0,38.0,1.0,1.0,1.0,5187,producto_id_sin_correspondencia_silver,fecha_local_bolivia_convertida_utc,,ORD-2026-05186,CLI-095,PROD-026,2026-08-24 08:58:00,Cochabamba,CAM-11,CHO-061,24,24.0,48,38.0,1,1,1,ORD-2026-05186,False,CLI-095,False,PROD-026,False,CAM-11,False,CHO-061,False,Cochabamba,False,24,False,24.0,False,False,24.0,False,False,48.0,False,False,38.0,False,False,1.0,False,False,1.0,False,False,1.0,False,False,iso,True,2026-08-24 12:58:00+00:00,False,True,False,True,False,,,True,1,0,producto_id_sin_correspondencia_silver,cuarentena
ORD-2026-05192,CLI-059,PROD-008,2026-08-19 09:35:00+00:00,Cochabamba,CAM-27,CHO-121,448.0,448.0,48.0,30.5,1.0,1.0,1.0,5193,camion_id_sin_correspondencia_silver,fecha_local_bolivia_convertida_utc,,ORD-2026-05192,CLI-059,PROD-008,2026-08-19 05:35:00,Cochabamba,CAM-27,CHO-121,448,448.0,48,30.5,1,1,1,ORD-2026-05192,False,CLI-059,False,PROD-008,False,CAM-27,False,CHO-121,False,Cochabamba,False,448,False,448.0,False,False,448.0,False,False,48.0,False,False,30.5,False,False,1.0,False,False,1.0,False,False,1.0,False,False,iso,True,2026-08-19 09:35:00+00:00,False,True,True,False,False,,,True,1,0,camion_id_sin_correspondencia_silver,cuarentena
ORD-2026-05194,CLI-073,PROD-028,2026-08-30 18:44:00+00:00,Tarija,CAM-21,CHO-119,258.0,258.0,48.0,28.1,1.0,1.0,1.0,5195,producto_id_sin_correspondencia_silver,fecha_local_bolivia_convertida_utc,,ORD-2026-05194,CLI-073,PROD-028,2026-08-30 14:44:00,Tarija,CAM-21,CHO-119,258,258.0,48,28.1,1,1,1,ORD-2026-05194,False,CLI-073,False,PROD-028,False,CAM-21,False,CHO-119,False,Tarija,False,258,False,258.0,False,False,258.0,False,False,48.0,False,False,28.1,False,False,1.0,False,False,1.0,False,False,1.0,False,False,iso,True,2026-08-30 18:44:00+00:00,False,True,False,True,False,,,True,1,0,producto_id_sin_correspondencia_silver,cuarentena
ORD-2026-05195,CLI-065,PROD-047,2026-08-26 11:27:00+00:00,Cochabamba,CAM-01,CHO-081,145.0,145.0,48.0,27.8,1.0,1.0,1.0,5196,camion_id_sin_correspondencia_silver,fecha_local_bolivia_convertida_utc,,ORD-2026-05195,CLI-065,PROD-047,2026-08-26 07:27:00,Cochabamba,CAM-01,CHO-081,145,145.0,48,27.8,1,1,1,ORD-2026-05195,False,CLI-065,False,PROD-047,False,CAM-01,False,CHO-081,False,Cochabamba,False,145,False,145.0,False,False,145.0,False,False,48.0,False,False,27.8,False,False,1.0,False,False,1.0,False,False,1.0,False,False,iso,True,2026-08-26 11:27:00+00:00,False,True,True,False,False,,,True,1,0,camion_id_sin_correspondencia_silver,cuarentena
ORD-2026-05198,CLI-059,PROD-026,2026-08-05 14:59:00+00:00,Tarija,CAM-26,CHO-084,95.0,95.0,48.0,41.9,1.0,1.0,1.0,5199,producto_id_sin_correspondencia_silver,fecha_local_bolivia_convertida_utc,,ORD-2026-05198,CLI-059,PROD-026,2026-08-05 10:59:00,Tarija,CAM-26,CHO-084,95,95.0,48,41.9,1,1,1,ORD-2026-05198,False,CLI-059,False,PROD-026,False,CAM-26,False,CHO-084,False,Tarija,False,95,False,95.0,False,False,95.0,False,False,48.0,False,False,41.9,False,False,1.0,False,False,1.0,False,False,1.0,False,False,iso,True,2026-08-05 14:59:00+00:00,False,True,False,True,False,,,True,1,0,producto_id_sin_correspondencia_silver,cuarentena
ORD-2026-05201,CLI-078,PROD-014,2026-08-18 22:04:00+00:00,Santa Cruz,CAM-18,CHO-114,16.0,16.0,72.0,61.4,1.0,1.0,1.0,5202,producto_id_sin_correspondencia_silver,fecha_local_bolivia_convertida_utc,,ORD-2026-05201,CLI-078,PROD-014,2026-08-18 18:04:00,Santa Cruz,CAM-18,CHO-114,16,16.0,72,61.4,1,1,1,ORD-2026-05201,False,CLI-078,False,PROD-014,False,CAM-18,False,CHO-114,False,Santa Cruz,False,16,False,16.0,False,False,16.0,False,False,72.0,False,False,61.4,False,False,1.0,False,False,1.0,False,False,1.0,False,False,iso,True,2026-08-18 22:04:00+00:00,False,True,False,True,False,,,True,1,0,producto_id_sin_correspondencia_silver,cuarentena
ORD-2026-05202,CLI-044,PROD-014,2026-08-24 16:41:00+00:00,Santa Cruz,CAM-29,CHO-052,71.0,71.0,24.0,19.0,1.0,1.0,1.0,5203,producto_id_sin_correspondencia_silver,fecha_local_bolivia_convertida_utc,,ORD-2026-05202,CLI-044,PROD-014,2026-08-24 12:41:00,Santa Cruz,CAM-29,CHO-052,71,71.0,24,19.0,1,1,1,ORD-2026-05202,False,CLI-044,False,PROD-014,False,CAM-29,False,CHO-052,False,Santa Cruz,False,71,False,71.0,False,False,71.0,False,False,24.0,False,False,19.0,False,False,1.0,False,False,1.0,False,False,1.0,False,False,iso,True,2026-08-24 16:41:00+00:00,False,True,False,True,False,,,True,1,0,producto_id_sin_correspondencia_silver,cuarentena
ORD-2026-05215,CLI-038,PROD-026,2026-08-20 15:43:00+00:00,La Paz,CAM-15,CHO-006,42.0,42.0,24.0,28.8,0.0,1.0,0.0,5216,producto_id_sin_correspondencia_silver,fecha_local_bolivia_convertida_utc,,ORD-2026-05215,CLI-038,PROD-026,2026-08-20 11:43:00,La Paz,CAM-15,CHO-006,42,42.0,24,28.8,0,1,0,ORD-2026-05215,False,CLI-038,False,PROD-026,False,CAM-15,False,CHO-006,False,La Paz,False,42,False,42.0,False,False,42.0,False,False,24.0,False,False,28.8,False,False,0.0,False,False,1.0,False,False,0.0,False,False,iso,True,2026-08-20 15:43:00+00:00,False,True,False,True,False,,,True,1,0,producto_id_sin_correspondencia_silver,cuarentena
ORD-2026-05223,CLI-023,PROD-027,2026-08-19 11:25:00+00:00,Cochabamba,CAM-01,CHO-017,252.0,252.0,24.0,22.3,1.0,1.0,1.0,5224,camion_id_sin_correspondencia_silver,fecha_local_bolivia_convertida_utc,,ORD-2026-05223,CLI-023,PROD-027,2026-08-19 07:25:00,Cochabamba,CAM-01,CHO-017,252,252.0,24,22.3,1,1,1,ORD-2026-05223,False,CLI-023,False,PROD-027,False,CAM-01,False,CHO-017,False,Cochabamba,False,252,False,252.0,False,False,252.0,False,False,24.0,False,False,22.3,False,False,1.0,False,False,1.0,False,False,1.0,False,False,iso,True,2026-08-19 11:25:00+00:00,False,True,True,False,False,,,True,1,0,camion_id_sin_correspondencia_silver,cuarentena
ORD-2026-05230,CLI-050,PROD-025,2026-08-22 02:13:00+00:00,Cochabamba,CAM-27,CHO-136,172.0,172.0,48.0,39.4,1.0,1.0,1.0,5231,camion_id_sin_correspondencia_silver,fecha_local_bolivia_convertida_utc,,ORD-2026-05230,CLI-050,PROD-025,2026-08-21 22:13:00,Cochabamba,CAM-27,CHO-136,172,172.0,48,39.4,1,1,1,ORD-2026-05230,False,CLI-050,False,PROD-025,False,CAM-27,False,CHO-136,False,Cochabamba,False,172,False,172.0,False,False,172.0,False,False,48.0,False,False,39.4,False,False,1.0,False,False,1.0,False,False,1.0,False,False,iso,True,2026-08-22 02:13:00+00:00,False,True,True,False,False,,,True,1,0,camion_id_sin_correspondencia_silver,cuarentena
ORD-2026-05232,CLI-027,PROD-026,2026-08-17 01:34:00+00:00,Oruro,CAM-20,CHO-046,498.0,498.0,48.0,40.1,1.0,1.0,1.0,5233,producto_id_sin_correspondencia_silver,fecha_local_bolivia_convertida_utc,,ORD-2026-05232,CLI-027,PROD-026,2026-08-16 21:34:00,Oruro,CAM-20,CHO-046,498,498.0,48,40.1,1,1,1,ORD-2026-05232,False,CLI-027,False,PROD-026,False,CAM-20,False,CHO-046,False,Oruro,False,498,False,498.0,False,False,498.0,False,False,48.0,False,False,40.1,False,False,1.0,False,False,1.0,False,False,1.0,False,False,iso,True,2026-08-17 01:34:00+00:00,False,True,False,True,False,,,True,1,0,producto_id_sin_correspondencia_silver,cuarentena
ORD-2026-05233,CLI-079,PROD-008,2026-08-15 04:41:00+00:00,Tarija,CAM-19,CHO-119,216.0,,72.0,38.6,1.0,1.0,1.0,5234,requerido_ausente:cantidad_entregada,fecha_local_bolivia_convertida_utc,,ORD-2026-05233,CLI-079,PROD-008,2026-08-15 00:41:00,Tarija,CAM-19,CHO-119,216,,72,38.6,1,1,1,ORD-2026-05233,False,CLI-079,False,PROD-008,False,CAM-19,False,CHO-119,False,Tarija,False,216,False,216.0,False,False,,False,False,72.0,False,False,38.6,False,False,1.0,False,False,1.0,False,False,1.0,False,False,iso,True,2026-08-15 04:41:00+00:00,False,True,True,True,False,,,True,1,0,requerido_ausente:cantidad_entregada,cuarentena
ORD-2026-05242,CLI-083,PROD-024,2026-08-20 00:48:00+00:00,Cochabamba,CAM-22,CHO-085,54.0,54.0,24.0,27.8,0.0,1.0,0.0,5243,producto_id_sin_correspondencia_silver,fecha_local_bolivia_convertida_utc,,ORD-2026-05242,CLI-083,PROD-024,2026-08-19 20:48:00,Cochabamba,CAM-22,CHO-085,54,54.0,24,27.8,0,1,0,ORD-2026-05242,False,CLI-083,False,PROD-024,False,CAM-22,False,CHO-085,False,Cochabamba,False,54,False,54.0,False,False,54.0,False,False,24.0,False,False,27.8,False,False,0.0,False,False,1.0,False,False,0.0,False,False,iso,True,2026-08-20 00:48:00+00:00,False,True,False,True,False,,,True,1,0,producto_id_sin_correspondencia_silver,cuarentena
ORD-2026-05251,CLI-066,PROD-028,2026-08-11 18:59:00+00:00,Oruro,CAM-16,CHO-038,248.0,248.0,24.0,17.4,1.0,1.0,1.0,5252,producto_id_sin_correspondencia_silver,fecha_local_bolivia_convertida_utc,,ORD-2026-05251,CLI-066,PROD-028,2026-08-11 14:59:00,Oruro,CAM-16,CHO-038,248,248.0,24,17.4,1,1,1,ORD-2026-05251,False,CLI-066,False,PROD-028,False,CAM-16,False,CHO-038,False,Oruro,False,248,False,248.0,False,False,248.0,False,False,24.0,False,False,17.4,False,False,1.0,False,False,1.0,False,False,1.0,False,False,iso,True,2026-08-11 18:59:00+00:00,False,True,False,True,False,,,True,1,0,producto_id_sin_correspondencia_silver,cuarentena
ORD-2026-05258,CLI-035,PROD-024,2026-08-18 05:08:00+00:00,La Paz,CAM-12,CHO-011,436.0,436.0,24.0,19.3,1.0,1.0,1.0,5259,producto_id_sin_correspondencia_silver,fecha_local_bolivia_convertida_utc,,ORD-2026-05258,CLI-035,PROD-024,2026-08-18 01:08:00,La Paz,CAM-12,CHO-011,436,436.0,24,19.3,1,1,1,ORD-2026-05258,False,CLI-035,False,PROD-024,False,CAM-12,False,CHO-011,False,La Paz,False,436,False,436.0,False,False,436.0,False,False,24.0,False,False,19.3,False,False,1.0,False,False,1.0,False,False,1.0,False,False,iso,True,2026-08-18 05:08:00+00:00,False,True,False,True,False,,,True,1,0,producto_id_sin_correspondencia_silver,cuarentena
ORD-2026-05263,CLI-032,PROD-014,2026-08-06 10:04:00+00:00,La Paz,CAM-28,CHO-126,102.0,102.0,24.0,20.2,1.0,1.0,1.0,5264,producto_id_sin_correspondencia_silver,fecha_local_bolivia_convertida_utc,,ORD-2026-05263,CLI-032,PROD-014,2026-08-06 06:04:00,La Paz,CAM-28,CHO-126,102,102.0,24,20.2,1,1,1,ORD-2026-05263,False,CLI-032,False,PROD-014,False,CAM-28,False,CHO-126,False,La Paz,False,102,False,102.0,False,False,102.0,False,False,24.0,False,False,20.2,False,False,1.0,False,False,1.0,False,False,1.0,False,False,iso,True,2026-08-06 10:04:00+00:00,False,True,False,True,False,,,True,1,0,producto_id_sin_correspondencia_silver,cuarentena
ORD-2026-05268,CLI-016,PROD-011,2026-08-10 21:19:00+00:00,Cochabamba,CAM-01,CHO-062,361.0,361.0,48.0,42.8,1.0,1.0,1.0,5269,camion_id_sin_correspondencia_silver,fecha_local_bolivia_convertida_utc,,ORD-2026-05268,CLI-016,PROD-011,2026-08-10 17:19:00,Cochabamba,CAM-01,CHO-062,361,361.0,48,42.8,1,1,1,ORD-2026-05268,False,CLI-016,False,PROD-011,False,CAM-01,False,CHO-062,False,Cochabamba,False,361,False,361.0,False,False,361.0,False,False,48.0,False,False,42.8,False,False,1.0,False,False,1.0,False,False,1.0,False,False,iso,True,2026-08-10 21:19:00+00:00,False,True,True,False,False,,,True,1,0,camion_id_sin_correspondencia_silver,cuarentena
ORD-2026-05269,CLI-097,PROD-036,2026-08-12 16:57:00+00:00,La Paz,CAM-28,CHO-130,416.0,416.0,72.0,61.7,1.0,1.0,1.0,5270,producto_id_sin_correspondencia_silver,fecha_local_bolivia_convertida_utc,,ORD-2026-05269,CLI-097,PROD-036,2026-08-12 12:57:00,La Paz,CAM-28,CHO-130,416,416.0,72,61.7,1,1,1,ORD-2026-05269,False,CLI-097,False,PROD-036,False,CAM-28,False,CHO-130,False,La Paz,False,416,False,416.0,False,False,416.0,False,False,72.0,False,False,61.7,False,False,1.0,False,False,1.0,False,False,1.0,False,False,iso,True,2026-08-12 16:57:00+00:00,False,True,False,True,False,,,True,1,0,producto_id_sin_correspondencia_silver,cuarentena
ORD-2026-05271,CLI-077,PROD-014,2026-08-30 17:17:00+00:00,Tarija,CAM-19,CHO-099,456.0,456.0,72.0,49.4,1.0,1.0,1.0,5272,producto_id_sin_correspondencia_silver,fecha_local_bolivia_convertida_utc,,ORD-2026-05271,CLI-077,PROD-014,2026-08-30 13:17:00,Tarija,CAM-19,CHO-099,456,456.0,72,49.4,1,1,1,ORD-2026-05271,False,CLI-077,False,PROD-014,False,CAM-19,False,CHO-099,False,Tarija,False,456,False,456.0,False,False,456.0,False,False,72.0,False,False,49.4,False,False,1.0,False,False,1.0,False,False,1.0,False,False,iso,True,2026-08-30 17:17:00+00:00,False,True,False,True,False,,,True,1,0,producto_id_sin_correspondencia_silver,cuarentena
ORD-2026-05275,CLI-081,PROD-036,2026-08-27 07:27:00+00:00,Tarija,CAM-19,CHO-005,136.0,136.0,48.0,41.4,1.0,1.0,1.0,5276,producto_id_sin_correspondencia_silver,fecha_local_bolivia_convertida_utc,,ORD-2026-05275,CLI-081,PROD-036,2026-08-27 03:27:00,Tarija,CAM-19,CHO-005,136,136.0,48,41.4,1,1,1,ORD-2026-05275,False,CLI-081,False,PROD-036,False,CAM-19,False,CHO-005,False,Tarija,False,136,False,136.0,False,False,136.0,False,False,48.0,False,False,41.4,False,False,1.0,False,False,1.0,False,False,1.0,False,False,iso,True,2026-08-27 07:27:00+00:00,False,True,False,True,False,,,True,1,0,producto_id_sin_correspondencia_silver,cuarentena
ORD-2026-05279,CLI-026,PROD-054,2026-08-27 02:48:00+00:00,Cochabamba,CAM-01,CHO-131,253.0,253.0,72.0,67.0,1.0,1.0,1.0,5280,camion_id_sin_correspondencia_silver,fecha_local_bolivia_convertida_utc,,ORD-2026-05279,CLI-026,PROD-054,2026-08-26 22:48:00,Cochabamba,CAM-01,CHO-131,253,253.0,72,67.0,1,1,1,ORD-2026-05279,False,CLI-026,False,PROD-054,False,CAM-01,False,CHO-131,False,Cochabamba,False,253,False,253.0,False,False,253.0,False,False,72.0,False,False,67.0,False,False,1.0,False,False,1.0,False,False,1.0,False,False,iso,True,2026-08-27 02:48:00+00:00,False,True,True,False,False,,,True,1,0,camion_id_sin_correspondencia_silver,cuarentena
ORD-2026-05288,CLI-080,PROD-036,2026-08-29 13:02:00+00:00,Cochabamba,CAM-11,CHO-002,30.0,30.0,72.0,49.9,1.0,1.0,1.0,5289,producto_id_sin_correspondencia_silver,fecha_local_bolivia_convertida_utc,,ORD-2026-05288,CLI-080,PROD-036,2026-08-29 09:02:00,Cochabamba,CAM-11,CHO-002,30,30.0,72,49.9,1,1,1,ORD-2026-05288,False,CLI-080,False,PROD-036,False,CAM-11,False,CHO-002,False,Cochabamba,False,30,False,30.0,False,False,30.0,False,False,72.0,False,False,49.9,False,False,1.0,False,False,1.0,False,False,1.0,False,False,iso,True,2026-08-29 13:02:00+00:00,False,True,False,True,False,,,True,1,0,producto_id_sin_correspondencia_silver,cuarentena
ORD-2026-05295,CLI-010,PROD-010,2026-08-23 00:04:00+00:00,La Paz,CAM-04,CHO-006,397.0,397.0,24.0,19.9,1.0,1.0,1.0,5296,producto_id_sin_correspondencia_silver,fecha_local_bolivia_convertida_utc,,ORD-2026-05295,CLI-010,PROD-010,2026-08-22 20:04:00,La Paz,CAM-04,CHO-006,397,397.0,24,19.9,1,1,1,ORD-2026-05295,False,CLI-010,False,PROD-010,False,CAM-04,False,CHO-006,False,La Paz,False,397,False,397.0,False,False,397.0,False,False,24.0,False,False,19.9,False,False,1.0,False,False,1.0,False,False,1.0,False,False,iso,True,2026-08-23 00:04:00+00:00,False,True,False,True,False,,,True,1,0,producto_id_sin_correspondencia_silver,cuarentena
ORD-2026-05297,CLI-036,PROD-017,2026-08-30 15:16:00+00:00,Cochabamba,CAM-01,CHO-049,228.0,228.0,48.0,39.8,1.0,1.0,1.0,5298,camion_id_sin_correspondencia_silver,fecha_local_bolivia_convertida_utc,,ORD-2026-05297,CLI-036,PROD-017,2026-08-30 11:16:00,Cochabamba,CAM-01,CHO-049,228,228.0,48,39.8,1,1,1,ORD-2026-05297,False,CLI-036,False,PROD-017,False,CAM-01,False,CHO-049,False,Cochabamba,False,228,False,228.0,False,False,228.0,False,False,48.0,False,False,39.8,False,False,1.0,False,False,1.0,False,False,1.0,False,False,iso,True,2026-08-30 15:16:00+00:00,False,True,True,False,False,,,True,1,0,camion_id_sin_correspondencia_silver,cuarentena
ORD-2026-05298,CLI-093,PROD-036,2026-08-10 19:45:00+00:00,La Paz,CAM-15,CHO-001,483.0,483.0,24.0,16.0,1.0,1.0,1.0,5299,producto_id_sin_correspondencia_silver,fecha_local_bolivia_convertida_utc,,ORD-2026-05298,CLI-093,PROD-036,2026-08-10 15:45:00,La Paz,CAM-15,CHO-001,483,483.0,24,16.0,1,1,1,ORD-2026-05298,False,CLI-093,False,PROD-036,False,CAM-15,False,CHO-001,False,La Paz,False,483,False,483.0,False,False,483.0,False,False,24.0,False,False,16.0,False,False,1.0,False,False,1.0,False,False,1.0,False,False,iso,True,2026-08-10 19:45:00+00:00,False,True,False,True,False,,,True,1,0,producto_id_sin_correspondencia_silver,cuarentena
ORD-2026-05301,CLI-013,PROD-024,2026-08-25 10:53:00+00:00,La Paz,CAM-15,CHO-101,242.0,242.0,24.0,29.5,0.0,1.0,0.0,5302,producto_id_sin_correspondencia_silver,fecha_local_bolivia_convertida_utc,,ORD-2026-05301,CLI-013,PROD-024,2026-08-25 06:53:00,La Paz,CAM-15,CHO-101,242,242.0,24,29.5,0,1,0,ORD-2026-05301,False,CLI-013,False,PROD-024,False,CAM-15,False,CHO-101,False,La Paz,False,242,False,242.0,False,False,242.0,False,False,24.0,False,False,29.5,False,False,0.0,False,False,1.0,False,False,0.0,False,False,iso,True,2026-08-25 10:53:00+00:00,False,True,False,True,False,,,True,1,0,producto_id_sin_correspondencia_silver,cuarentena
ORD-2026-05310,CLI-019,PROD-028,2026-08-05 14:45:00+00:00,Santa Cruz,CAM-09,CHO-139,97.0,97.0,24.0,23.2,1.0,1.0,1.0,5311,producto_id_sin_correspondencia_silver,fecha_local_bolivia_convertida_utc,,ORD-2026-05310,CLI-019,PROD-028,2026-08-05 10:45:00,Santa Cruz,CAM-09,CHO-139,97,97.0,24,23.2,1,1,1,ORD-2026-05310,False,CLI-019,False,PROD-028,False,CAM-09,False,CHO-139,False,Santa Cruz,False,97,False,97.0,False,False,97.0,False,False,24.0,False,False,23.2,False,False,1.0,False,False,1.0,False,False,1.0,False,False,iso,True,2026-08-05 14:45:00+00:00,False,True,False,True,False,,,True,1,0,producto_id_sin_correspondencia_silver,cuarentena
ORD-2026-05313,CLI-067,PROD-014,2026-08-06 14:58:00+00:00,Cochabamba,CAM-27,CHO-077,243.0,243.0,48.0,60.1,0.0,1.0,0.0,5314,producto_id_sin_correspondencia_silver | camion_id_sin_correspondencia_silver,fecha_local_bolivia_convertida_utc,,ORD-2026-05313,CLI-067,PROD-014,2026-08-06 10:58:00,Cochabamba,CAM-27,CHO-077,243,243.0,48,60.1,0,1,0,ORD-2026-05313,False,CLI-067,False,PROD-014,False,CAM-27,False,CHO-077,False,Cochabamba,False,243,False,243.0,False,False,243.0,False,False,48.0,False,False,60.1,False,False,0.0,False,False,1.0,False,False,0.0,False,False,iso,True,2026-08-06 14:58:00+00:00,False,True,False,False,False,,,True,1,0,producto_id_sin_correspondencia_silver | camion_id_sin_correspondencia_silver,cuarentena
ORD-2026-05317,CLI-030,PROD-024,2026-08-25 13:57:00+00:00,La Paz,CAM-12,CHO-001,17.0,17.0,48.0,49.8,0.0,1.0,0.0,5318,producto_id_sin_correspondencia_silver,fecha_local_bolivia_convertida_utc,,ORD-2026-05317,CLI-030,PROD-024,2026-08-25 09:57:00,La Paz,CAM-12,CHO-001,17,17.0,48,49.8,0,1,0,ORD-2026-05317,False,CLI-030,False,PROD-024,False,CAM-12,False,CHO-001,False,La Paz,False,17,False,17.0,False,False,17.0,False,False,48.0,False,False,49.8,False,False,0.0,False,False,1.0,False,False,0.0,False,False,iso,True,2026-08-25 13:57:00+00:00,False,True,False,True,False,,,True,1,0,producto_id_sin_correspondencia_silver,cuarentena
ORD-2026-05322,CLI-053,PROD-010,2026-08-03 07:25:00+00:00,Santa Cruz,CAM-23,CHO-028,405.0,405.0,48.0,49.3,0.0,1.0,0.0,5323,producto_id_sin_correspondencia_silver,fecha_local_bolivia_convertida_utc,,ORD-2026-05322,CLI-053,PROD-010,2026-08-03 03:25:00,Santa Cruz,CAM-23,CHO-028,405,405.0,48,49.3,0,1,0,ORD-2026-05322,False,CLI-053,False,PROD-010,False,CAM-23,False,CHO-028,False,Santa Cruz,False,405,False,405.0,False,False,405.0,False,False,48.0,False,False,49.3,False,False,0.0,False,False,1.0,False,False,0.0,False,False,iso,True,2026-08-03 07:25:00+00:00,False,True,False,True,False,,,True,1,0,producto_id_sin_correspondencia_silver,cuarentena
ORD-2026-05335,CLI-050,PROD-024,2026-08-07 08:12:00+00:00,La Paz,CAM-07,CHO-117,75.0,75.0,48.0,35.3,1.0,1.0,1.0,5336,producto_id_sin_correspondencia_silver,fecha_local_bolivia_convertida_utc,,ORD-2026-05335,CLI-050,PROD-024,2026-08-07 04:12:00,La Paz,CAM-07,CHO-117,75,75.0,48,35.3,1,1,1,ORD-2026-05335,False,CLI-050,False,PROD-024,False,CAM-07,False,CHO-117,False,La Paz,False,75,False,75.0,False,False,75.0,False,False,48.0,False,False,35.3,False,False,1.0,False,False,1.0,False,False,1.0,False,False,iso,True,2026-08-07 08:12:00+00:00,False,True,False,True,False,,,True,1,0,producto_id_sin_correspondencia_silver,cuarentena
ORD-2026-05343,CLI-014,PROD-008,2026-08-28 04:49:00+00:00,Tarija,CAM-26,CHO-067,176.0,,24.0,18.0,1.0,1.0,1.0,5344,requerido_ausente:cantidad_entregada,fecha_local_bolivia_convertida_utc,,ORD-2026-05343,CLI-014,PROD-008,2026-08-28 00:49:00,Tarija,CAM-26,CHO-067,176,,24,18.0,1,1,1,ORD-2026-05343,False,CLI-014,False,PROD-008,False,CAM-26,False,CHO-067,False,Tarija,False,176,False,176.0,False,False,,False,False,24.0,False,False,18.0,False,False,1.0,False,False,1.0,False,False,1.0,False,False,iso,True,2026-08-28 04:49:00+00:00,False,True,True,True,False,,,True,1,0,requerido_ausente:cantidad_entregada,cuarentena
ORD-2026-05344,CLI-010,PROD-028,2026-08-30 22:06:00+00:00,Oruro,CAM-20,CHO-038,90.0,90.0,48.0,42.3,1.0,1.0,1.0,5345,producto_id_sin_correspondencia_silver,fecha_local_bolivia_convertida_utc,,ORD-2026-05344,CLI-010,PROD-028,2026-08-30 18:06:00,Oruro,CAM-20,CHO-038,90,90.0,48,42.3,1,1,1,ORD-2026-05344,False,CLI-010,False,PROD-028,False,CAM-20,False,CHO-038,False,Oruro,False,90,False,90.0,False,False,90.0,False,False,48.0,False,False,42.3,False,False,1.0,False,False,1.0,False,False,1.0,False,False,iso,True,2026-08-30 22:06:00+00:00,False,True,False,True,False,,,True,1,0,producto_id_sin_correspondencia_silver,cuarentena
ORD-2026-05349,CLI-063,PROD-002,2026-08-06 22:17:00+00:00,Cochabamba,CAM-27,CHO-047,12.0,12.0,72.0,73.9,0.0,1.0,0.0,5350,camion_id_sin_correspondencia_silver,fecha_local_bolivia_convertida_utc,,ORD-2026-05349,CLI-063,PROD-002,2026-08-06 18:17:00,Cochabamba,CAM-27,CHO-047,12,12.0,72,73.9,0,1,0,ORD-2026-05349,False,CLI-063,False,PROD-002,False,CAM-27,False,CHO-047,False,Cochabamba,False,12,False,12.0,False,False,12.0,False,False,72.0,False,False,73.9,False,False,0.0,False,False,1.0,False,False,0.0,False,False,iso,True,2026-08-06 22:17:00+00:00,False,True,True,False,False,,,True,1,0,camion_id_sin_correspondencia_silver,cuarentena
ORD-2026-05351,CLI-052,PROD-006,2026-08-03 22:37:00+00:00,Cochabamba,CAM-27,CHO-120,231.0,231.0,48.0,45.9,1.0,1.0,1.0,5352,camion_id_sin_correspondencia_silver,fecha_local_bolivia_convertida_utc,,ORD-2026-05351,CLI-052,PROD-006,2026-08-03 18:37:00,Cochabamba,CAM-27,CHO-120,231,231.0,48,45.9,1,1,1,ORD-2026-05351,False,CLI-052,False,PROD-006,False,CAM-27,False,CHO-120,False,Cochabamba,False,231,False,231.0,False,False,231.0,False,False,48.0,False,False,45.9,False,False,1.0,False,False,1.0,False,False,1.0,False,False,iso,True,2026-08-03 22:37:00+00:00,False,True,True,False,False,,,True,1,0,camion_id_sin_correspondencia_silver,cuarentena
ORD-2026-05355,CLI-036,PROD-017,2026-08-13 23:16:00+00:00,Cochabamba,CAM-27,CHO-012,11.0,11.0,48.0,46.1,1.0,1.0,1.0,5356,camion_id_sin_correspondencia_silver,fecha_local_bolivia_convertida_utc,,ORD-2026-05355,CLI-036,PROD-017,2026-08-13 19:16:00,Cochabamba,CAM-27,CHO-012,11,11.0,48,46.1,1,1,1,ORD-2026-05355,False,CLI-036,False,PROD-017,False,CAM-27,False,CHO-012,False,Cochabamba,False,11,False,11.0,False,False,11.0,False,False,48.0,False,False,46.1,False,False,1.0,False,False,1.0,False,False,1.0,False,False,iso,True,2026-08-13 23:16:00+00:00,False,True,True,False,False,,,True,1,0,camion_id_sin_correspondencia_silver,cuarentena
ORD-2026-05368,CLI-036,PROD-010,2026-08-11 23:10:00+00:00,Santa Cruz,CAM-08,CHO-026,166.0,166.0,48.0,47.0,1.0,1.0,1.0,5369,producto_id_sin_correspondencia_silver,fecha_local_bolivia_convertida_utc,,ORD-2026-05368,CLI-036,PROD-010,2026-08-11 19:10:00,Santa Cruz,CAM-08,CHO-026,166,166.0,48,47.0,1,1,1,ORD-2026-05368,False,CLI-036,False,PROD-010,False,CAM-08,False,CHO-026,False,Santa Cruz,False,166,False,166.0,False,False,166.0,False,False,48.0,False,False,47.0,False,False,1.0,False,False,1.0,False,False,1.0,False,False,iso,True,2026-08-11 23:10:00+00:00,False,True,False,True,False,,,True,1,0,producto_id_sin_correspondencia_silver,cuarentena
ORD-2026-05384,CLI-004,PROD-024,2026-08-08 09:47:00+00:00,La Paz,CAM-04,CHO-101,206.0,206.0,48.0,45.8,1.0,1.0,1.0,5385,producto_id_sin_correspondencia_silver,fecha_local_bolivia_convertida_utc,,ORD-2026-05384,CLI-004,PROD-024,2026-08-08 05:47:00,La Paz,CAM-04,CHO-101,206,206.0,48,45.8,1,1,1,ORD-2026-05384,False,CLI-004,False,PROD-024,False,CAM-04,False,CHO-101,False,La Paz,False,206,False,206.0,False,False,206.0,False,False,48.0,False,False,45.8,False,False,1.0,False,False,1.0,False,False,1.0,False,False,iso,True,2026-08-08 09:47:00+00:00,False,True,False,True,False,,,True,1,0,producto_id_sin_correspondencia_silver,cuarentena
ORD-2026-05388,CLI-009,PROD-028,2026-08-03 14:12:00+00:00,Santa Cruz,CAM-18,CHO-144,201.0,201.0,72.0,37.2,1.0,1.0,1.0,5389,producto_id_sin_correspondencia_silver,fecha_local_bolivia_convertida_utc,,ORD-2026-05388,CLI-009,PROD-028,2026-08-03 10:12:00,Santa Cruz,CAM-18,CHO-144,201,201.0,72,37.2,1,1,1,ORD-2026-05388,False,CLI-009,False,PROD-028,False,CAM-18,False,CHO-144,False,Santa Cruz,False,201,False,201.0,False,False,201.0,False,False,72.0,False,False,37.2,False,False,1.0,False,False,1.0,False,False,1.0,False,False,iso,True,2026-08-03 14:12:00+00:00,False,True,False,True,False,,,True,1,0,producto_id_sin_correspondencia_silver,cuarentena
ORD-2026-05390,CLI-002,PROD-026,2026-08-21 16:14:00+00:00,Santa Cruz,CAM-08,CHO-071,51.0,51.0,24.0,21.3,1.0,1.0,1.0,5391,producto_id_sin_correspondencia_silver,fecha_local_bolivia_convertida_utc,,ORD-2026-05390,CLI-002,PROD-026,2026-08-21 12:14:00,Santa Cruz,CAM-08,CHO-071,51,51.0,24,21.3,1,1,1,ORD-2026-05390,False,CLI-002,False,PROD-026,False,CAM-08,False,CHO-071,False,Santa Cruz,False,51,False,51.0,False,False,51.0,False,False,24.0,False,False,21.3,False,False,1.0,False,False,1.0,False,False,1.0,False,False,iso,True,2026-08-21 16:14:00+00:00,False,True,False,True,False,,,True,1,0,producto_id_sin_correspondencia_silver,cuarentena
ORD-2026-05395,CLI-033,PROD-056,2026-08-22 10:14:00+00:00,Cochabamba,CAM-01,CHO-044,30.0,30.0,72.0,62.4,1.0,1.0,1.0,5396,camion_id_sin_correspondencia_silver,fecha_local_bolivia_convertida_utc,,ORD-2026-05395,CLI-033,PROD-056,2026-08-22 06:14:00,Cochabamba,CAM-01,CHO-044,30,30.0,72,62.4,1,1,1,ORD-2026-05395,False,CLI-033,False,PROD-056,False,CAM-01,False,CHO-044,False,Cochabamba,False,30,False,30.0,False,False,30.0,False,False,72.0,False,False,62.4,False,False,1.0,False,False,1.0,False,False,1.0,False,False,iso,True,2026-08-22 10:14:00+00:00,False,True,True,False,False,,,True,1,0,camion_id_sin_correspondencia_silver,cuarentena
ORD-2026-05397,CLI-090,PROD-016,2026-08-22 17:38:00+00:00,Tarija,CAM-19,CHO-074,70.0,66.0,72.0,49.9,1.0,0.0,0.0,5398,order_id_duplicado,fecha_local_bolivia_convertida_utc,,ORD-2026-05397,CLI-090,PROD-016,2026-08-22 13:38:00,Tarija,CAM-19,CHO-074,70,66.0,72,49.9,1,0,0,ORD-2026-05397,False,CLI-090,False,PROD-016,False,CAM-19,False,CHO-074,False,Tarija,False,70,False,70.0,False,False,66.0,False,False,72.0,False,False,49.9,False,False,1.0,False,False,0.0,False,False,0.0,False,False,iso,True,2026-08-22 17:38:00+00:00,False,True,True,True,False,,,True,1,0,order_id_duplicado,cuarentena
ORD-2026-05403,CLI-059,PROD-059,2026-08-25 15:38:00+00:00,Cochabamba,CAM-27,CHO-089,387.0,387.0,72.0,64.3,1.0,1.0,1.0,5404,camion_id_sin_correspondencia_silver,fecha_local_bolivia_convertida_utc,,ORD-2026-05403,CLI-059,PROD-059,2026-08-25 11:38:00,Cochabamba,CAM-27,CHO-089,387,387.0,72,64.3,1,1,1,ORD-2026-05403,False,CLI-059,False,PROD-059,False,CAM-27,False,CHO-089,False,Cochabamba,False,387,False,387.0,False,False,387.0,False,False,72.0,False,False,64.3,False,False,1.0,False,False,1.0,False,False,1.0,False,False,iso,True,2026-08-25 15:38:00+00:00,False,True,True,False,False,,,True,1,0,camion_id_sin_correspondencia_silver,cuarentena
ORD-2026-05414,CLI-044,PROD-011,2026-08-23 09:09:00+00:00,Cochabamba,CAM-01,CHO-029,94.0,76.0,24.0,18.9,1.0,0.0,0.0,5415,camion_id_sin_correspondencia_silver,fecha_local_bolivia_convertida_utc,,ORD-2026-05414,CLI-044,PROD-011,2026-08-23 05:09:00,Cochabamba,CAM-01,CHO-029,94,76.0,24,18.9,1,0,0,ORD-2026-05414,False,CLI-044,False,PROD-011,False,CAM-01,False,CHO-029,False,Cochabamba,False,94,False,94.0,False,False,76.0,False,False,24.0,False,False,18.9,False,False,1.0,False,False,0.0,False,False,0.0,False,False,iso,True,2026-08-23 09:09:00+00:00,False,True,True,False,False,,,True,1,0,camion_id_sin_correspondencia_silver,cuarentena
ORD-2026-05415,CLI-013,PROD-028,2026-08-26 19:42:00+00:00,Santa Cruz,CAM-09,CHO-093,193.0,193.0,48.0,41.0,1.0,1.0,1.0,5416,producto_id_sin_correspondencia_silver,fecha_local_bolivia_convertida_utc,,ORD-2026-05415,CLI-013,PROD-028,2026-08-26 15:42:00,Santa Cruz,CAM-09,CHO-093,193,193.0,48,41.0,1,1,1,ORD-2026-05415,False,CLI-013,False,PROD-028,False,CAM-09,False,CHO-093,False,Santa Cruz,False,193,False,193.0,False,False,193.0,False,False,48.0,False,False,41.0,False,False,1.0,False,False,1.0,False,False,1.0,False,False,iso,True,2026-08-26 19:42:00+00:00,False,True,False,True,False,,,True,1,0,producto_id_sin_correspondencia_silver,cuarentena
ORD-2026-05416,CLI-040,PROD-014,2026-08-08 23:55:00+00:00,Oruro,CAM-03,CHO-046,192.0,192.0,48.0,44.0,1.0,1.0,1.0,5417,producto_id_sin_correspondencia_silver,fecha_local_bolivia_convertida_utc,,ORD-2026-05416,CLI-040,PROD-014,2026-08-08 19:55:00,Oruro,CAM-03,CHO-046,192,192.0,48,44.0,1,1,1,ORD-2026-05416,False,CLI-040,False,PROD-014,False,CAM-03,False,CHO-046,False,Oruro,False,192,False,192.0,False,False,192.0,False,False,48.0,False,False,44.0,False,False,1.0,False,False,1.0,False,False,1.0,False,False,iso,True,2026-08-08 23:55:00+00:00,False,True,False,True,False,,,True,1,0,producto_id_sin_correspondencia_silver,cuarentena
ORD-2026-05424,CLI-070,PROD-024,2026-08-22 14:42:00+00:00,Santa Cruz,CAM-09,CHO-141,136.0,136.0,24.0,21.6,1.0,1.0,1.0,5425,producto_id_sin_correspondencia_silver,fecha_local_bolivia_convertida_utc,,ORD-2026-05424,CLI-070,PROD-024,2026-08-22 10:42:00,Santa Cruz,CAM-09,CHO-141,136,136.0,24,21.6,1,1,1,ORD-2026-05424,False,CLI-070,False,PROD-024,False,CAM-09,False,CHO-141,False,Santa Cruz,False,136,False,136.0,False,False,136.0,False,False,24.0,False,False,21.6,False,False,1.0,False,False,1.0,False,False,1.0,False,False,iso,True,2026-08-22 14:42:00+00:00,False,True,False,True,False,,,True,1,0,producto_id_sin_correspondencia_silver,cuarentena
ORD-2026-05436,CLI-076,PROD-036,2026-08-29 16:18:00+00:00,Cochabamba,CAM-25,CHO-024,431.0,431.0,48.0,36.4,1.0,1.0,1.0,5437,producto_id_sin_correspondencia_silver,fecha_local_bolivia_convertida_utc,,ORD-2026-05436,CLI-076,PROD-036,2026-08-29 12:18:00,Cochabamba,CAM-25,CHO-024,431,431.0,48,36.4,1,1,1,ORD-2026-05436,False,CLI-076,False,PROD-036,False,CAM-25,False,CHO-024,False,Cochabamba,False,431,False,431.0,False,False,431.0,False,False,48.0,False,False,36.4,False,False,1.0,False,False,1.0,False,False,1.0,False,False,iso,True,2026-08-29 16:18:00+00:00,False,True,False,True,False,,,True,1,0,producto_id_sin_correspondencia_silver,cuarentena
ORD-2026-05437,CLI-064,PROD-056,2026-08-24 08:08:00+00:00,Oruro,CAM-20,CHO-046,113.0,113.0,72.0,-59.1,1.0,1.0,1.0,5438,tiempo_real_negativo,fecha_local_bolivia_convertida_utc,,ORD-2026-05437,CLI-064,PROD-056,2026-08-24 04:08:00,Oruro,CAM-20,CHO-046,113,113.0,72,-59.1,1,1,1,ORD-2026-05437,False,CLI-064,False,PROD-056,False,CAM-20,False,CHO-046,False,Oruro,False,113,False,113.0,False,False,113.0,False,False,72.0,False,False,-59.1,False,False,1.0,False,False,1.0,False,False,1.0,False,False,iso,True,2026-08-24 08:08:00+00:00,False,True,True,True,False,,,True,1,0,tiempo_real_negativo,cuarentena
ORD-2026-05440,CLI-040,PROD-031,2026-08-28 02:20:00+00:00,Santa Cruz,CAM-08,CHO-052,51.0,51.0,48.0,43.6,1.0,1.0,1.0,5441,order_id_duplicado,fecha_local_bolivia_convertida_utc,,ORD-2026-05440,CLI-040,PROD-031,2026-08-27 22:20:00,Santa Cruz,CAM-08,CHO-052,51,51.0,48,43.6,1,1,1,ORD-2026-05440,False,CLI-040,False,PROD-031,False,CAM-08,False,CHO-052,False,Santa Cruz,False,51,False,51.0,False,False,51.0,False,False,48.0,False,False,43.6,False,False,1.0,False,False,1.0,False,False,1.0,False,False,iso,True,2026-08-28 02:20:00+00:00,False,True,True,True,False,,,True,1,0,order_id_duplicado,cuarentena
ORD-2026-05444,CLI-007,PROD-017,2026-08-16 23:17:00+00:00,Cochabamba,CAM-27,CHO-019,184.0,184.0,24.0,21.0,1.0,1.0,1.0,5445,camion_id_sin_correspondencia_silver,fecha_local_bolivia_convertida_utc,,ORD-2026-05444,CLI-007,PROD-017,2026-08-16 19:17:00,Cochabamba,CAM-27,CHO-019,184,184.0,24,21.0,1,1,1,ORD-2026-05444,False,CLI-007,False,PROD-017,False,CAM-27,False,CHO-019,False,Cochabamba,False,184,False,184.0,False,False,184.0,False,False,24.0,False,False,21.0,False,False,1.0,False,False,1.0,False,False,1.0,False,False,iso,True,2026-08-16 23:17:00+00:00,False,True,True,False,False,,,True,1,0,camion_id_sin_correspondencia_silver,cuarentena
ORD-2026-05450,CLI-050,PROD-010,2026-08-03 20:17:00+00:00,Cochabamba,CAM-30,CHO-029,147.0,147.0,24.0,23.6,1.0,1.0,1.0,5451,producto_id_sin_correspondencia_silver,fecha_local_bolivia_convertida_utc,,ORD-2026-05450,CLI-050,PROD-010,2026-08-03 16:17:00,Cochabamba,CAM-30,CHO-029,147,147.0,24,23.6,1,1,1,ORD-2026-05450,False,CLI-050,False,PROD-010,False,CAM-30,False,CHO-029,False,Cochabamba,False,147,False,147.0,False,False,147.0,False,False,24.0,False,False,23.6,False,False,1.0,False,False,1.0,False,False,1.0,False,False,iso,True,2026-08-03 20:17:00+00:00,False,True,False,True,False,,,True,1,0,producto_id_sin_correspondencia_silver,cuarentena
ORD-2026-05451,CLI-089,PROD-041,2026-08-01 19:34:00+00:00,Cochabamba,CAM-01,CHO-079,458.0,458.0,24.0,24.2,0.0,1.0,0.0,5452,camion_id_sin_correspondencia_silver,fecha_local_bolivia_convertida_utc,,ORD-2026-05451,CLI-089,PROD-041,2026-08-01 15:34:00,Cochabamba,CAM-01,CHO-079,458,458.0,24,24.2,0,1,0,ORD-2026-05451,False,CLI-089,False,PROD-041,False,CAM-01,False,CHO-079,False,Cochabamba,False,458,False,458.0,False,False,458.0,False,False,24.0,False,False,24.2,False,False,0.0,False,False,1.0,False,False,0.0,False,False,iso,True,2026-08-01 19:34:00+00:00,False,True,True,False,False,,,True,1,0,camion_id_sin_correspondencia_silver,cuarentena
ORD-2026-05457,CLI-074,PROD-014,2026-08-30 13:48:00+00:00,La Paz,CAM-04,CHO-001,245.0,245.0,48.0,35.1,1.0,1.0,1.0,5458,producto_id_sin_correspondencia_silver,fecha_local_bolivia_convertida_utc,,ORD-2026-05457,CLI-074,PROD-014,2026-08-30 09:48:00,La Paz,CAM-04,CHO-001,245,245.0,48,35.1,1,1,1,ORD-2026-05457,False,CLI-074,False,PROD-014,False,CAM-04,False,CHO-001,False,La Paz,False,245,False,245.0,False,False,245.0,False,False,48.0,False,False,35.1,False,False,1.0,False,False,1.0,False,False,1.0,False,False,iso,True,2026-08-30 13:48:00+00:00,False,True,False,True,False,,,True,1,0,producto_id_sin_correspondencia_silver,cuarentena
ORD-2026-05458,CLI-078,PROD-017,2026-08-18 22:19:00+00:00,Cochabamba,CAM-01,CHO-061,284.0,284.0,24.0,17.4,1.0,1.0,1.0,5459,camion_id_sin_correspondencia_silver,fecha_local_bolivia_convertida_utc,,ORD-2026-05458,CLI-078,PROD-017,2026-08-18 18:19:00,Cochabamba,CAM-01,CHO-061,284,284.0,24,17.4,1,1,1,ORD-2026-05458,False,CLI-078,False,PROD-017,False,CAM-01,False,CHO-061,False,Cochabamba,False,284,False,284.0,False,False,284.0,False,False,24.0,False,False,17.4,False,False,1.0,False,False,1.0,False,False,1.0,False,False,iso,True,2026-08-18 22:19:00+00:00,False,True,True,False,False,,,True,1,0,camion_id_sin_correspondencia_silver,cuarentena
ORD-2026-05466,CLI-077,PROD-026,2026-08-30 03:27:00+00:00,Oruro,CAM-20,CHO-027,48.0,48.0,48.0,34.5,1.0,1.0,1.0,5467,producto_id_sin_correspondencia_silver,fecha_local_bolivia_convertida_utc,,ORD-2026-05466,CLI-077,PROD-026,2026-08-29 23:27:00,Oruro,CAM-20,CHO-027,48,48.0,48,34.5,1,1,1,ORD-2026-05466,False,CLI-077,False,PROD-026,False,CAM-20,False,CHO-027,False,Oruro,False,48,False,48.0,False,False,48.0,False,False,48.0,False,False,34.5,False,False,1.0,False,False,1.0,False,False,1.0,False,False,iso,True,2026-08-30 03:27:00+00:00,False,True,False,True,False,,,True,1,0,producto_id_sin_correspondencia_silver,cuarentena
ORD-2026-05470,CLI-031,PROD-037,2026-08-27 06:03:00+00:00,Cochabamba,CAM-27,CHO-003,296.0,296.0,48.0,45.6,1.0,1.0,1.0,5471,camion_id_sin_correspondencia_silver,fecha_local_bolivia_convertida_utc,,ORD-2026-05470,CLI-031,PROD-037,2026-08-27 02:03:00,Cochabamba,CAM-27,CHO-003,296,296.0,48,45.6,1,1,1,ORD-2026-05470,False,CLI-031,False,PROD-037,False,CAM-27,False,CHO-003,False,Cochabamba,False,296,False,296.0,False,False,296.0,False,False,48.0,False,False,45.6,False,False,1.0,False,False,1.0,False,False,1.0,False,False,iso,True,2026-08-27 06:03:00+00:00,False,True,True,False,False,,,True,1,0,camion_id_sin_correspondencia_silver,cuarentena
ORD-2026-05475,CLI-011,PROD-058,2026-08-04 03:20:00+00:00,Cochabamba,CAM-27,CHO-049,246.0,246.0,24.0,25.9,0.0,1.0,0.0,5476,camion_id_sin_correspondencia_silver,fecha_local_bolivia_convertida_utc,,ORD-2026-05475,CLI-011,PROD-058,2026-08-03 23:20:00,Cochabamba,CAM-27,CHO-049,246,246.0,24,25.9,0,1,0,ORD-2026-05475,False,CLI-011,False,PROD-058,False,CAM-27,False,CHO-049,False,Cochabamba,False,246,False,246.0,False,False,246.0,False,False,24.0,False,False,25.9,False,False,0.0,False,False,1.0,False,False,0.0,False,False,iso,True,2026-08-04 03:20:00+00:00,False,True,True,False,False,,,True,1,0,camion_id_sin_correspondencia_silver,cuarentena
ORD-2026-05479,CLI-064,PROD-028,2026-08-27 06:49:00+00:00,Tarija,CAM-19,CHO-078,108.0,108.0,48.0,57.5,0.0,1.0,0.0,5480,producto_id_sin_correspondencia_silver,fecha_local_bolivia_convertida_utc,,ORD-2026-05479,CLI-064,PROD-028,2026-08-27 02:49:00,Tarija,CAM-19,CHO-078,108,108.0,48,57.5,0,1,0,ORD-2026-05479,False,CLI-064,False,PROD-028,False,CAM-19,False,CHO-078,False,Tarija,False,108,False,108.0,False,False,108.0,False,False,48.0,False,False,57.5,False,False,0.0,False,False,1.0,False,False,0.0,False,False,iso,True,2026-08-27 06:49:00+00:00,False,True,False,True,False,,,True,1,0,producto_id_sin_correspondencia_silver,cuarentena
ORD-2026-05483,CLI-083,PROD-028,2026-08-26 12:57:00+00:00,Cochabamba,CAM-01,CHO-049,466.0,466.0,72.0,55.2,1.0,1.0,1.0,5484,producto_id_sin_correspondencia_silver | camion_id_sin_correspondencia_silver,fecha_local_bolivia_convertida_utc,,ORD-2026-05483,CLI-083,PROD-028,2026-08-26 08:57:00,Cochabamba,CAM-01,CHO-049,466,466.0,72,55.2,1,1,1,ORD-2026-05483,False,CLI-083,False,PROD-028,False,CAM-01,False,CHO-049,False,Cochabamba,False,466,False,466.0,False,False,466.0,False,False,72.0,False,False,55.2,False,False,1.0,False,False,1.0,False,False,1.0,False,False,iso,True,2026-08-26 12:57:00+00:00,False,True,False,False,False,,,True,1,0,producto_id_sin_correspondencia_silver | camion_id_sin_correspondencia_silver,cuarentena
ORD-2026-05497,CLI-022,PROD-010,2026-08-20 09:02:00+00:00,Oruro,CAM-20,CHO-038,358.0,358.0,48.0,49.4,0.0,1.0,0.0,5498,producto_id_sin_correspondencia_silver,fecha_local_bolivia_convertida_utc,,ORD-2026-05497,CLI-022,PROD-010,2026-08-20 05:02:00,Oruro,CAM-20,CHO-038,358,358.0,48,49.4,0,1,0,ORD-2026-05497,False,CLI-022,False,PROD-010,False,CAM-20,False,CHO-038,False,Oruro,False,358,False,358.0,False,False,358.0,False,False,48.0,False,False,49.4,False,False,0.0,False,False,1.0,False,False,0.0,False,False,iso,True,2026-08-20 09:02:00+00:00,False,True,False,True,False,,,True,1,0,producto_id_sin_correspondencia_silver,cuarentena
ORD-2026-05500,CLI-095,PROD-010,2026-08-21 16:28:00+00:00,Oruro,CAM-24,CHO-095,27.0,27.0,48.0,49.6,0.0,1.0,0.0,5501,producto_id_sin_correspondencia_silver,fecha_local_bolivia_convertida_utc,,ORD-2026-05500,CLI-095,PROD-010,2026-08-21 12:28:00,Oruro,CAM-24,CHO-095,27,27.0,48,49.6,0,1,0,ORD-2026-05500,False,CLI-095,False,PROD-010,False,CAM-24,False,CHO-095,False,Oruro,False,27,False,27.0,False,False,27.0,False,False,48.0,False,False,49.6,False,False,0.0,False,False,1.0,False,False,0.0,False,False,iso,True,2026-08-21 16:28:00+00:00,False,True,False,True,False,,,True,1,0,producto_id_sin_correspondencia_silver,cuarentena
ORD-2026-05502,CLI-016,PROD-024,2026-08-01 08:28:00+00:00,Oruro,CAM-03,CHO-038,392.0,392.0,24.0,18.5,1.0,1.0,1.0,5503,producto_id_sin_correspondencia_silver,fecha_local_bolivia_convertida_utc,,ORD-2026-05502,CLI-016,PROD-024,2026-08-01 04:28:00,Oruro,CAM-03,CHO-038,392,392.0,24,18.5,1,1,1,ORD-2026-05502,False,CLI-016,False,PROD-024,False,CAM-03,False,CHO-038,False,Oruro,False,392,False,392.0,False,False,392.0,False,False,24.0,False,False,18.5,False,False,1.0,False,False,1.0,False,False,1.0,False,False,iso,True,2026-08-01 08:28:00+00:00,False,True,False,True,False,,,True,1,0,producto_id_sin_correspondencia_silver,cuarentena
ORD-2026-05519,CLI-007,PROD-036,2026-08-08 18:24:00+00:00,Cochabamba,CAM-27,CHO-033,32.0,32.0,24.0,20.6,1.0,1.0,1.0,5520,producto_id_sin_correspondencia_silver | camion_id_sin_correspondencia_silver,fecha_local_bolivia_convertida_utc,,ORD-2026-05519,CLI-007,PROD-036,2026-08-08 14:24:00,Cochabamba,CAM-27,CHO-033,32,32.0,24,20.6,1,1,1,ORD-2026-05519,False,CLI-007,False,PROD-036,False,CAM-27,False,CHO-033,False,Cochabamba,False,32,False,32.0,False,False,32.0,False,False,24.0,False,False,20.6,False,False,1.0,False,False,1.0,False,False,1.0,False,False,iso,True,2026-08-08 18:24:00+00:00,False,True,False,False,False,,,True,1,0,producto_id_sin_correspondencia_silver | camion_id_sin_correspondencia_silver,cuarentena
ORD-2026-05522,CLI-058,PROD-028,2026-08-19 23:04:00+00:00,Cochabamba,CAM-13,CHO-143,95.0,95.0,48.0,38.8,1.0,1.0,1.0,5523,producto_id_sin_correspondencia_silver,fecha_local_bolivia_convertida_utc,,ORD-2026-05522,CLI-058,PROD-028,2026-08-19 19:04:00,Cochabamba,CAM-13,CHO-143,95,95.0,48,38.8,1,1,1,ORD-2026-05522,False,CLI-058,False,PROD-028,False,CAM-13,False,CHO-143,False,Cochabamba,False,95,False,95.0,False,False,95.0,False,False,48.0,False,False,38.8,False,False,1.0,False,False,1.0,False,False,1.0,False,False,iso,True,2026-08-19 23:04:00+00:00,False,True,False,True,False,,,True,1,0,producto_id_sin_correspondencia_silver,cuarentena
ORD-2026-05527,CLI-087,PROD-002,2026-08-23 21:13:00+00:00,Cochabamba,CAM-27,CHO-051,245.0,245.0,24.0,21.9,1.0,1.0,1.0,5528,camion_id_sin_correspondencia_silver,fecha_local_bolivia_convertida_utc,,ORD-2026-05527,CLI-087,PROD-002,2026-08-23 17:13:00,Cochabamba,CAM-27,CHO-051,245,245.0,24,21.9,1,1,1,ORD-2026-05527,False,CLI-087,False,PROD-002,False,CAM-27,False,CHO-051,False,Cochabamba,False,245,False,245.0,False,False,245.0,False,False,24.0,False,False,21.9,False,False,1.0,False,False,1.0,False,False,1.0,False,False,iso,True,2026-08-23 21:13:00+00:00,False,True,True,False,False,,,True,1,0,camion_id_sin_correspondencia_silver,cuarentena
ORD-2026-05532,CLI-065,PROD-052,2026-08-14 13:05:00+00:00,Cochabamba,CAM-27,CHO-083,141.0,141.0,24.0,24.4,0.0,1.0,0.0,5533,camion_id_sin_correspondencia_silver,fecha_local_bolivia_convertida_utc,,ORD-2026-05532,CLI-065,PROD-052,2026-08-14 09:05:00,Cochabamba,CAM-27,CHO-083,141,141.0,24,24.4,0,1,0,ORD-2026-05532,False,CLI-065,False,PROD-052,False,CAM-27,False,CHO-083,False,Cochabamba,False,141,False,141.0,False,False,141.0,False,False,24.0,False,False,24.4,False,False,0.0,False,False,1.0,False,False,0.0,False,False,iso,True,2026-08-14 13:05:00+00:00,False,True,True,False,False,,,True,1,0,camion_id_sin_correspondencia_silver,cuarentena
ORD-2026-05536,CLI-023,PROD-010,2026-08-07 14:00:00+00:00,Santa Cruz,CAM-08,CHO-053,296.0,296.0,48.0,39.8,1.0,1.0,1.0,5537,producto_id_sin_correspondencia_silver,fecha_local_bolivia_convertida_utc,,ORD-2026-05536,CLI-023,PROD-010,2026-08-07 10:00:00,Santa Cruz,CAM-08,CHO-053,296,296.0,48,39.8,1,1,1,ORD-2026-05536,False,CLI-023,False,PROD-010,False,CAM-08,False,CHO-053,False,Santa Cruz,False,296,False,296.0,False,False,296.0,False,False,48.0,False,False,39.8,False,False,1.0,False,False,1.0,False,False,1.0,False,False,iso,True,2026-08-07 14:00:00+00:00,False,True,False,True,False,,,True,1,0,producto_id_sin_correspondencia_silver,cuarentena
ORD-2026-05542,CLI-062,PROD-014,2026-08-07 04:47:00+00:00,Tarija,CAM-19,CHO-032,362.0,362.0,72.0,49.2,1.0,1.0,1.0,5543,producto_id_sin_correspondencia_silver,fecha_local_bolivia_convertida_utc,,ORD-2026-05542,CLI-062,PROD-014,2026-08-07 00:47:00,Tarija,CAM-19,CHO-032,362,362.0,72,49.2,1,1,1,ORD-2026-05542,False,CLI-062,False,PROD-014,False,CAM-19,False,CHO-032,False,Tarija,False,362,False,362.0,False,False,362.0,False,False,72.0,False,False,49.2,False,False,1.0,False,False,1.0,False,False,1.0,False,False,iso,True,2026-08-07 04:47:00+00:00,False,True,False,True,False,,,True,1,0,producto_id_sin_correspondencia_silver,cuarentena
ORD-2026-05551,CLI-003,PROD-018,2026-08-26 05:42:00+00:00,Cochabamba,CAM-27,CHO-024,244.0,244.0,72.0,57.7,1.0,1.0,1.0,5552,camion_id_sin_correspondencia_silver,fecha_local_bolivia_convertida_utc,,ORD-2026-05551,CLI-003,PROD-018,2026-08-26 01:42:00,Cochabamba,CAM-27,CHO-024,244,244.0,72,57.7,1,1,1,ORD-2026-05551,False,CLI-003,False,PROD-018,False,CAM-27,False,CHO-024,False,Cochabamba,False,244,False,244.0,False,False,244.0,False,False,72.0,False,False,57.7,False,False,1.0,False,False,1.0,False,False,1.0,False,False,iso,True,2026-08-26 05:42:00+00:00,False,True,True,False,False,,,True,1,0,camion_id_sin_correspondencia_silver,cuarentena
ORD-2026-05554,CLI-045,PROD-018,2026-08-29 10:23:00+00:00,Santa Cruz,CAM-18,CHO-053,217.0,,72.0,51.6,1.0,1.0,1.0,5555,requerido_ausente:cantidad_entregada,fecha_local_bolivia_convertida_utc,,ORD-2026-05554,CLI-045,PROD-018,2026-08-29 06:23:00,Santa Cruz,CAM-18,CHO-053,217,,72,51.6,1,1,1,ORD-2026-05554,False,CLI-045,False,PROD-018,False,CAM-18,False,CHO-053,False,Santa Cruz,False,217,False,217.0,False,False,,False,False,72.0,False,False,51.6,False,False,1.0,False,False,1.0,False,False,1.0,False,False,iso,True,2026-08-29 10:23:00+00:00,False,True,True,True,False,,,True,1,0,requerido_ausente:cantidad_entregada,cuarentena
ORD-2026-05557,CLI-060,PROD-051,2026-08-11 03:41:00+00:00,Cochabamba,CAM-01,CHO-087,158.0,158.0,24.0,22.6,1.0,1.0,1.0,5558,camion_id_sin_correspondencia_silver,fecha_local_bolivia_convertida_utc,,ORD-2026-05557,CLI-060,PROD-051,2026-08-10 23:41:00,Cochabamba,CAM-01,CHO-087,158,158.0,24,22.6,1,1,1,ORD-2026-05557,False,CLI-060,False,PROD-051,False,CAM-01,False,CHO-087,False,Cochabamba,False,158,False,158.0,False,False,158.0,False,False,24.0,False,False,22.6,False,False,1.0,False,False,1.0,False,False,1.0,False,False,iso,True,2026-08-11 03:41:00+00:00,False,True,True,False,False,,,True,1,0,camion_id_sin_correspondencia_silver,cuarentena
ORD-2026-05559,CLI-051,PROD-030,2026-08-11 13:03:00+00:00,Cochabamba,CAM-27,CHO-125,197.0,189.0,72.0,67.3,1.0,0.0,0.0,5560,camion_id_sin_correspondencia_silver,fecha_local_bolivia_convertida_utc,,ORD-2026-05559,CLI-051,PROD-030,2026-08-11 09:03:00,Cochabamba,CAM-27,CHO-125,197,189.0,72,67.3,1,0,0,ORD-2026-05559,False,CLI-051,False,PROD-030,False,CAM-27,False,CHO-125,False,Cochabamba,False,197,False,197.0,False,False,189.0,False,False,72.0,False,False,67.3,False,False,1.0,False,False,0.0,False,False,0.0,False,False,iso,True,2026-08-11 13:03:00+00:00,False,True,True,False,False,,,True,1,0,camion_id_sin_correspondencia_silver,cuarentena
ORD-2026-05571,CLI-100,PROD-015,2026-08-20 16:12:00+00:00,Cochabamba,CAM-27,CHO-131,333.0,333.0,72.0,71.7,1.0,1.0,1.0,5572,camion_id_sin_correspondencia_silver,fecha_local_bolivia_convertida_utc,,ORD-2026-05571,CLI-100,PROD-015,2026-08-20 12:12:00,Cochabamba,CAM-27,CHO-131,333,333.0,72,71.7,1,1,1,ORD-2026-05571,False,CLI-100,False,PROD-015,False,CAM-27,False,CHO-131,False,Cochabamba,False,333,False,333.0,False,False,333.0,False,False,72.0,False,False,71.7,False,False,1.0,False,False,1.0,False,False,1.0,False,False,iso,True,2026-08-20 16:12:00+00:00,False,True,True,False,False,,,True,1,0,camion_id_sin_correspondencia_silver,cuarentena
ORD-2026-05574,CLI-087,PROD-014,2026-08-20 00:23:00+00:00,Santa Cruz,CAM-09,CHO-112,134.0,134.0,48.0,48.5,0.0,1.0,0.0,5575,producto_id_sin_correspondencia_silver,fecha_local_bolivia_convertida_utc,,ORD-2026-05574,CLI-087,PROD-014,2026-08-19 20:23:00,Santa Cruz,CAM-09,CHO-112,134,134.0,48,48.5,0,1,0,ORD-2026-05574,False,CLI-087,False,PROD-014,False,CAM-09,False,CHO-112,False,Santa Cruz,False,134,False,134.0,False,False,134.0,False,False,48.0,False,False,48.5,False,False,0.0,False,False,1.0,False,False,0.0,False,False,iso,True,2026-08-20 00:23:00+00:00,False,True,False,True,False,,,True,1,0,producto_id_sin_correspondencia_silver,cuarentena
ORD-2026-05584,CLI-048,PROD-036,2026-08-25 00:51:00+00:00,Tarija,CAM-19,CHO-074,385.0,385.0,24.0,20.9,1.0,1.0,1.0,5585,producto_id_sin_correspondencia_silver,fecha_local_bolivia_convertida_utc,,ORD-2026-05584,CLI-048,PROD-036,2026-08-24 20:51:00,Tarija,CAM-19,CHO-074,385,385.0,24,20.9,1,1,1,ORD-2026-05584,False,CLI-048,False,PROD-036,False,CAM-19,False,CHO-074,False,Tarija,False,385,False,385.0,False,False,385.0,False,False,24.0,False,False,20.9,False,False,1.0,False,False,1.0,False,False,1.0,False,False,iso,True,2026-08-25 00:51:00+00:00,False,True,False,True,False,,,True,1,0,producto_id_sin_correspondencia_silver,cuarentena
ORD-2026-05590,CLI-048,PROD-024,2026-08-02 04:19:00+00:00,Oruro,CAM-16,CHO-066,395.0,395.0,24.0,24.2,0.0,1.0,0.0,5591,producto_id_sin_correspondencia_silver,fecha_local_bolivia_convertida_utc,,ORD-2026-05590,CLI-048,PROD-024,2026-08-02 00:19:00,Oruro,CAM-16,CHO-066,395,395.0,24,24.2,0,1,0,ORD-2026-05590,False,CLI-048,False,PROD-024,False,CAM-16,False,CHO-066,False,Oruro,False,395,False,395.0,False,False,395.0,False,False,24.0,False,False,24.2,False,False,0.0,False,False,1.0,False,False,0.0,False,False,iso,True,2026-08-02 04:19:00+00:00,False,True,False,True,False,,,True,1,0,producto_id_sin_correspondencia_silver,cuarentena
ORD-2026-05592,CLI-055,PROD-036,2026-08-14 11:27:00+00:00,Tarija,CAM-26,CHO-067,314.0,314.0,24.0,17.4,1.0,1.0,1.0,5593,producto_id_sin_correspondencia_silver,fecha_local_bolivia_convertida_utc,,ORD-2026-05592,CLI-055,PROD-036,2026-08-14 07:27:00,Tarija,CAM-26,CHO-067,314,314.0,24,17.4,1,1,1,ORD-2026-05592,False,CLI-055,False,PROD-036,False,CAM-26,False,CHO-067,False,Tarija,False,314,False,314.0,False,False,314.0,False,False,24.0,False,False,17.4,False,False,1.0,False,False,1.0,False,False,1.0,False,False,iso,True,2026-08-14 11:27:00+00:00,False,True,False,True,False,,,True,1,0,producto_id_sin_correspondencia_silver,cuarentena
ORD-2026-05593,CLI-022,PROD-024,2026-08-01 17:12:00+00:00,Santa Cruz,CAM-29,CHO-058,236.0,236.0,48.0,39.7,1.0,1.0,1.0,5594,producto_id_sin_correspondencia_silver,fecha_local_bolivia_convertida_utc,,ORD-2026-05593,CLI-022,PROD-024,2026-08-01 13:12:00,Santa Cruz,CAM-29,CHO-058,236,236.0,48,39.7,1,1,1,ORD-2026-05593,False,CLI-022,False,PROD-024,False,CAM-29,False,CHO-058,False,Santa Cruz,False,236,False,236.0,False,False,236.0,False,False,48.0,False,False,39.7,False,False,1.0,False,False,1.0,False,False,1.0,False,False,iso,True,2026-08-01 17:12:00+00:00,False,True,False,True,False,,,True,1,0,producto_id_sin_correspondencia_silver,cuarentena
ORD-2026-05594,CLI-014,PROD-045,2026-08-14 06:06:00+00:00,Cochabamba,CAM-01,CHO-079,274.0,274.0,48.0,42.3,1.0,1.0,1.0,5595,camion_id_sin_correspondencia_silver,fecha_local_bolivia_convertida_utc,,ORD-2026-05594,CLI-014,PROD-045,2026-08-14 02:06:00,Cochabamba,CAM-01,CHO-079,274,274.0,48,42.3,1,1,1,ORD-2026-05594,False,CLI-014,False,PROD-045,False,CAM-01,False,CHO-079,False,Cochabamba,False,274,False,274.0,False,False,274.0,False,False,48.0,False,False,42.3,False,False,1.0,False,False,1.0,False,False,1.0,False,False,iso,True,2026-08-14 06:06:00+00:00,False,True,True,False,False,,,True,1,0,camion_id_sin_correspondencia_silver,cuarentena
ORD-2026-05598,CLI-088,PROD-010,2026-08-27 05:10:00+00:00,La Paz,CAM-10,CHO-023,276.0,276.0,48.0,56.9,0.0,1.0,0.0,5599,producto_id_sin_correspondencia_silver,fecha_local_bolivia_convertida_utc,,ORD-2026-05598,CLI-088,PROD-010,2026-08-27 01:10:00,La Paz,CAM-10,CHO-023,276,276.0,48,56.9,0,1,0,ORD-2026-05598,False,CLI-088,False,PROD-010,False,CAM-10,False,CHO-023,False,La Paz,False,276,False,276.0,False,False,276.0,False,False,48.0,False,False,56.9,False,False,0.0,False,False,1.0,False,False,0.0,False,False,iso,True,2026-08-27 05:10:00+00:00,False,True,False,True,False,,,True,1,0,producto_id_sin_correspondencia_silver,cuarentena
ORD-2026-05599,CLI-032,PROD-026,2026-08-22 05:50:00+00:00,Oruro,CAM-20,CHO-095,224.0,224.0,72.0,46.6,1.0,1.0,1.0,5600,producto_id_sin_correspondencia_silver,fecha_local_bolivia_convertida_utc,,ORD-2026-05599,CLI-032,PROD-026,2026-08-22 01:50:00,Oruro,CAM-20,CHO-095,224,224.0,72,46.6,1,1,1,ORD-2026-05599,False,CLI-032,False,PROD-026,False,CAM-20,False,CHO-095,False,Oruro,False,224,False,224.0,False,False,224.0,False,False,72.0,False,False,46.6,False,False,1.0,False,False,1.0,False,False,1.0,False,False,iso,True,2026-08-22 05:50:00+00:00,False,True,False,True,False,,,True,1,0,producto_id_sin_correspondencia_silver,cuarentena
ORD-2026-05609,CLI-046,PROD-014,2026-08-17 00:56:00+00:00,Cochabamba,CAM-02,CHO-044,342.0,342.0,72.0,78.2,0.0,1.0,0.0,5610,producto_id_sin_correspondencia_silver,fecha_local_bolivia_convertida_utc,,ORD-2026-05609,CLI-046,PROD-014,2026-08-16 20:56:00,Cochabamba,CAM-02,CHO-044,342,342.0,72,78.2,0,1,0,ORD-2026-05609,False,CLI-046,False,PROD-014,False,CAM-02,False,CHO-044,False,Cochabamba,False,342,False,342.0,False,False,342.0,False,False,72.0,False,False,78.2,False,False,0.0,False,False,1.0,False,False,0.0,False,False,iso,True,2026-08-17 00:56:00+00:00,False,True,False,True,False,,,True,1,0,producto_id_sin_correspondencia_silver,cuarentena
ORD-2026-05617,CLI-077,PROD-024,2026-08-25 02:57:00+00:00,La Paz,CAM-10,CHO-147,341.0,341.0,72.0,63.1,1.0,1.0,1.0,5618,producto_id_sin_correspondencia_silver,fecha_local_bolivia_convertida_utc,,ORD-2026-05617,CLI-077,PROD-024,2026-08-24 22:57:00,La Paz,CAM-10,CHO-147,341,341.0,72,63.1,1,1,1,ORD-2026-05617,False,CLI-077,False,PROD-024,False,CAM-10,False,CHO-147,False,La Paz,False,341,False,341.0,False,False,341.0,False,False,72.0,False,False,63.1,False,False,1.0,False,False,1.0,False,False,1.0,False,False,iso,True,2026-08-25 02:57:00+00:00,False,True,False,True,False,,,True,1,0,producto_id_sin_correspondencia_silver,cuarentena
ORD-2026-05624,CLI-064,PROD-037,2026-08-12 13:08:00+00:00,Cochabamba,CAM-27,CHO-047,474.0,474.0,72.0,59.6,1.0,1.0,1.0,5625,camion_id_sin_correspondencia_silver,fecha_local_bolivia_convertida_utc,,ORD-2026-05624,CLI-064,PROD-037,2026-08-12 09:08:00,Cochabamba,CAM-27,CHO-047,474,474.0,72,59.6,1,1,1,ORD-2026-05624,False,CLI-064,False,PROD-037,False,CAM-27,False,CHO-047,False,Cochabamba,False,474,False,474.0,False,False,474.0,False,False,72.0,False,False,59.6,False,False,1.0,False,False,1.0,False,False,1.0,False,False,iso,True,2026-08-12 13:08:00+00:00,False,True,True,False,False,,,True,1,0,camion_id_sin_correspondencia_silver,cuarentena
ORD-2026-05634,CLI-099,PROD-024,2026-08-07 10:47:00+00:00,Santa Cruz,CAM-29,CHO-093,296.0,290.0,48.0,41.9,1.0,0.0,0.0,5635,producto_id_sin_correspondencia_silver,fecha_local_bolivia_convertida_utc,,ORD-2026-05634,CLI-099,PROD-024,2026-08-07 06:47:00,Santa Cruz,CAM-29,CHO-093,296,290.0,48,41.9,1,0,0,ORD-2026-05634,False,CLI-099,False,PROD-024,False,CAM-29,False,CHO-093,False,Santa Cruz,False,296,False,296.0,False,False,290.0,False,False,48.0,False,False,41.9,False,False,1.0,False,False,0.0,False,False,0.0,False,False,iso,True,2026-08-07 10:47:00+00:00,False,True,False,True,False,,,True,1,0,producto_id_sin_correspondencia_silver,cuarentena
ORD-2026-05645,CLI-074,PROD-034,2026-08-20 08:45:00+00:00,Cochabamba,CAM-27,CHO-115,294.0,294.0,48.0,47.3,1.0,1.0,1.0,5646,camion_id_sin_correspondencia_silver,fecha_local_bolivia_convertida_utc,,ORD-2026-05645,CLI-074,PROD-034,2026-08-20 04:45:00,Cochabamba,CAM-27,CHO-115,294,294.0,48,47.3,1,1,1,ORD-2026-05645,False,CLI-074,False,PROD-034,False,CAM-27,False,CHO-115,False,Cochabamba,False,294,False,294.0,False,False,294.0,False,False,48.0,False,False,47.3,False,False,1.0,False,False,1.0,False,False,1.0,False,False,iso,True,2026-08-20 08:45:00+00:00,False,True,True,False,False,,,True,1,0,camion_id_sin_correspondencia_silver,cuarentena
ORD-2026-05651,CLI-093,PROD-010,2026-08-13 18:50:00+00:00,La Paz,CAM-15,CHO-001,307.0,307.0,24.0,17.9,1.0,1.0,1.0,5652,producto_id_sin_correspondencia_silver,fecha_local_bolivia_convertida_utc,,ORD-2026-05651,CLI-093,PROD-010,2026-08-13 14:50:00,La Paz,CAM-15,CHO-001,307,307.0,24,17.9,1,1,1,ORD-2026-05651,False,CLI-093,False,PROD-010,False,CAM-15,False,CHO-001,False,La Paz,False,307,False,307.0,False,False,307.0,False,False,24.0,False,False,17.9,False,False,1.0,False,False,1.0,False,False,1.0,False,False,iso,True,2026-08-13 18:50:00+00:00,False,True,False,True,False,,,True,1,0,producto_id_sin_correspondencia_silver,cuarentena
ORD-2026-05660,CLI-067,PROD-026,2026-08-05 14:30:00+00:00,Tarija,CAM-19,CHO-074,60.0,60.0,48.0,41.3,1.0,1.0,1.0,5661,producto_id_sin_correspondencia_silver,fecha_local_bolivia_convertida_utc,,ORD-2026-05660,CLI-067,PROD-026,2026-08-05 10:30:00,Tarija,CAM-19,CHO-074,60,60.0,48,41.3,1,1,1,ORD-2026-05660,False,CLI-067,False,PROD-026,False,CAM-19,False,CHO-074,False,Tarija,False,60,False,60.0,False,False,60.0,False,False,48.0,False,False,41.3,False,False,1.0,False,False,1.0,False,False,1.0,False,False,iso,True,2026-08-05 14:30:00+00:00,False,True,False,True,False,,,True,1,0,producto_id_sin_correspondencia_silver,cuarentena
ORD-2026-05674,CLI-052,PROD-044,2026-08-09 21:32:00+00:00,Cochabamba,CAM-27,CHO-007,358.0,358.0,48.0,28.4,1.0,1.0,1.0,5675,camion_id_sin_correspondencia_silver,fecha_local_bolivia_convertida_utc,,ORD-2026-05674,CLI-052,PROD-044,2026-08-09 17:32:00,Cochabamba,CAM-27,CHO-007,358,358.0,48,28.4,1,1,1,ORD-2026-05674,False,CLI-052,False,PROD-044,False,CAM-27,False,CHO-007,False,Cochabamba,False,358,False,358.0,False,False,358.0,False,False,48.0,False,False,28.4,False,False,1.0,False,False,1.0,False,False,1.0,False,False,iso,True,2026-08-09 21:32:00+00:00,False,True,True,False,False,,,True,1,0,camion_id_sin_correspondencia_silver,cuarentena
ORD-2026-05675,CLI-003,PROD-028,2026-08-25 11:11:00+00:00,Oruro,CAM-16,CHO-038,313.0,313.0,24.0,24.8,0.0,1.0,0.0,5676,producto_id_sin_correspondencia_silver,fecha_local_bolivia_convertida_utc,,ORD-2026-05675,CLI-003,PROD-028,2026-08-25 07:11:00,Oruro,CAM-16,CHO-038,313,313.0,24,24.8,0,1,0,ORD-2026-05675,False,CLI-003,False,PROD-028,False,CAM-16,False,CHO-038,False,Oruro,False,313,False,313.0,False,False,313.0,False,False,24.0,False,False,24.8,False,False,0.0,False,False,1.0,False,False,0.0,False,False,iso,True,2026-08-25 11:11:00+00:00,False,True,False,True,False,,,True,1,0,producto_id_sin_correspondencia_silver,cuarentena
ORD-2026-05679,CLI-067,PROD-036,2026-08-05 10:32:00+00:00,La Paz,CAM-28,CHO-013,295.0,295.0,72.0,59.3,1.0,1.0,1.0,5680,producto_id_sin_correspondencia_silver,fecha_local_bolivia_convertida_utc,,ORD-2026-05679,CLI-067,PROD-036,2026-08-05 06:32:00,La Paz,CAM-28,CHO-013,295,295.0,72,59.3,1,1,1,ORD-2026-05679,False,CLI-067,False,PROD-036,False,CAM-28,False,CHO-013,False,La Paz,False,295,False,295.0,False,False,295.0,False,False,72.0,False,False,59.3,False,False,1.0,False,False,1.0,False,False,1.0,False,False,iso,True,2026-08-05 10:32:00+00:00,False,True,False,True,False,,,True,1,0,producto_id_sin_correspondencia_silver,cuarentena
ORD-2026-05682,CLI-057,PROD-026,2026-08-28 08:43:00+00:00,Tarija,CAM-26,CHO-099,27.0,25.0,24.0,23.9,1.0,0.0,0.0,5683,producto_id_sin_correspondencia_silver,fecha_local_bolivia_convertida_utc,,ORD-2026-05682,CLI-057,PROD-026,2026-08-28 04:43:00,Tarija,CAM-26,CHO-099,27,25.0,24,23.9,1,0,0,ORD-2026-05682,False,CLI-057,False,PROD-026,False,CAM-26,False,CHO-099,False,Tarija,False,27,False,27.0,False,False,25.0,False,False,24.0,False,False,23.9,False,False,1.0,False,False,0.0,False,False,0.0,False,False,iso,True,2026-08-28 08:43:00+00:00,False,True,False,True,False,,,True,1,0,producto_id_sin_correspondencia_silver,cuarentena
ORD-2026-05702,CLI-057,PROD-014,2026-08-21 20:53:00+00:00,Cochabamba,CAM-02,CHO-120,243.0,243.0,24.0,23.7,1.0,1.0,1.0,5703,producto_id_sin_correspondencia_silver,fecha_local_bolivia_convertida_utc,,ORD-2026-05702,CLI-057,PROD-014,2026-08-21 16:53:00,Cochabamba,CAM-02,CHO-120,243,243.0,24,23.7,1,1,1,ORD-2026-05702,False,CLI-057,False,PROD-014,False,CAM-02,False,CHO-120,False,Cochabamba,False,243,False,243.0,False,False,243.0,False,False,24.0,False,False,23.7,False,False,1.0,False,False,1.0,False,False,1.0,False,False,iso,True,2026-08-21 20:53:00+00:00,False,True,False,True,False,,,True,1,0,producto_id_sin_correspondencia_silver,cuarentena
ORD-2026-05713,CLI-058,PROD-036,2026-08-28 06:30:00+00:00,Oruro,CAM-20,CHO-046,470.0,470.0,48.0,42.0,1.0,1.0,1.0,5714,producto_id_sin_correspondencia_silver,fecha_local_bolivia_convertida_utc,,ORD-2026-05713,CLI-058,PROD-036,2026-08-28 02:30:00,Oruro,CAM-20,CHO-046,470,470.0,48,42.0,1,1,1,ORD-2026-05713,False,CLI-058,False,PROD-036,False,CAM-20,False,CHO-046,False,Oruro,False,470,False,470.0,False,False,470.0,False,False,48.0,False,False,42.0,False,False,1.0,False,False,1.0,False,False,1.0,False,False,iso,True,2026-08-28 06:30:00+00:00,False,True,False,True,False,,,True,1,0,producto_id_sin_correspondencia_silver,cuarentena
ORD-2026-05716,CLI-029,PROD-010,2026-08-24 08:58:00+00:00,Santa Cruz,CAM-18,CHO-075,448.0,448.0,24.0,31.0,0.0,1.0,0.0,5717,producto_id_sin_correspondencia_silver,fecha_local_bolivia_convertida_utc,,ORD-2026-05716,CLI-029,PROD-010,2026-08-24 04:58:00,Santa Cruz,CAM-18,CHO-075,448,448.0,24,31.0,0,1,0,ORD-2026-05716,False,CLI-029,False,PROD-010,False,CAM-18,False,CHO-075,False,Santa Cruz,False,448,False,448.0,False,False,448.0,False,False,24.0,False,False,31.0,False,False,0.0,False,False,1.0,False,False,0.0,False,False,iso,True,2026-08-24 08:58:00+00:00,False,True,False,True,False,,,True,1,0,producto_id_sin_correspondencia_silver,cuarentena
ORD-2026-05729,CLI-026,PROD-036,2026-08-19 19:58:00+00:00,Santa Cruz,CAM-08,CHO-106,369.0,369.0,72.0,53.9,1.0,1.0,1.0,5730,producto_id_sin_correspondencia_silver,fecha_local_bolivia_convertida_utc,,ORD-2026-05729,CLI-026,PROD-036,2026-08-19 15:58:00,Santa Cruz,CAM-08,CHO-106,369,369.0,72,53.9,1,1,1,ORD-2026-05729,False,CLI-026,False,PROD-036,False,CAM-08,False,CHO-106,False,Santa Cruz,False,369,False,369.0,False,False,369.0,False,False,72.0,False,False,53.9,False,False,1.0,False,False,1.0,False,False,1.0,False,False,iso,True,2026-08-19 19:58:00+00:00,False,True,False,True,False,,,True,1,0,producto_id_sin_correspondencia_silver,cuarentena
ORD-2026-05735,CLI-013,PROD-026,2026-08-06 12:37:00+00:00,Cochabamba,CAM-27,CHO-033,364.0,364.0,48.0,43.8,1.0,1.0,1.0,5736,producto_id_sin_correspondencia_silver | camion_id_sin_correspondencia_silver,fecha_local_bolivia_convertida_utc,,ORD-2026-05735,CLI-013,PROD-026,2026-08-06 08:37:00,Cochabamba,CAM-27,CHO-033,364,364.0,48,43.8,1,1,1,ORD-2026-05735,False,CLI-013,False,PROD-026,False,CAM-27,False,CHO-033,False,Cochabamba,False,364,False,364.0,False,False,364.0,False,False,48.0,False,False,43.8,False,False,1.0,False,False,1.0,False,False,1.0,False,False,iso,True,2026-08-06 12:37:00+00:00,False,True,False,False,False,,,True,1,0,producto_id_sin_correspondencia_silver | camion_id_sin_correspondencia_silver,cuarentena
ORD-2026-05760,CLI-098,PROD-036,2026-08-20 04:55:00+00:00,La Paz,CAM-10,CHO-094,174.0,174.0,24.0,24.6,0.0,1.0,0.0,5761,producto_id_sin_correspondencia_silver,fecha_local_bolivia_convertida_utc,,ORD-2026-05760,CLI-098,PROD-036,2026-08-20 00:55:00,La Paz,CAM-10,CHO-094,174,174.0,24,24.6,0,1,0,ORD-2026-05760,False,CLI-098,False,PROD-036,False,CAM-10,False,CHO-094,False,La Paz,False,174,False,174.0,False,False,174.0,False,False,24.0,False,False,24.6,False,False,0.0,False,False,1.0,False,False,0.0,False,False,iso,True,2026-08-20 04:55:00+00:00,False,True,False,True,False,,,True,1,0,producto_id_sin_correspondencia_silver,cuarentena
ORD-2026-05762,CLI-022,PROD-004,2026-08-25 15:45:00+00:00,Cochabamba,CAM-01,CHO-080,446.0,446.0,24.0,16.6,1.0,1.0,1.0,5763,camion_id_sin_correspondencia_silver,fecha_local_bolivia_convertida_utc,,ORD-2026-05762,CLI-022,PROD-004,2026-08-25 11:45:00,Cochabamba,CAM-01,CHO-080,446,446.0,24,16.6,1,1,1,ORD-2026-05762,False,CLI-022,False,PROD-004,False,CAM-01,False,CHO-080,False,Cochabamba,False,446,False,446.0,False,False,446.0,False,False,24.0,False,False,16.6,False,False,1.0,False,False,1.0,False,False,1.0,False,False,iso,True,2026-08-25 15:45:00+00:00,False,True,True,False,False,,,True,1,0,camion_id_sin_correspondencia_silver,cuarentena
ORD-2026-05769,CLI-076,PROD-014,2026-08-24 21:34:00+00:00,Oruro,CAM-24,CHO-027,488.0,488.0,24.0,14.7,1.0,1.0,1.0,5770,producto_id_sin_correspondencia_silver,fecha_local_bolivia_convertida_utc,,ORD-2026-05769,CLI-076,PROD-014,2026-08-24 17:34:00,Oruro,CAM-24,CHO-027,488,488.0,24,14.7,1,1,1,ORD-2026-05769,False,CLI-076,False,PROD-014,False,CAM-24,False,CHO-027,False,Oruro,False,488,False,488.0,False,False,488.0,False,False,24.0,False,False,14.7,False,False,1.0,False,False,1.0,False,False,1.0,False,False,iso,True,2026-08-24 21:34:00+00:00,False,True,False,True,False,,,True,1,0,producto_id_sin_correspondencia_silver,cuarentena
ORD-2026-05771,CLI-029,PROD-028,2026-08-17 16:32:00+00:00,Tarija,CAM-19,CHO-055,442.0,442.0,48.0,45.6,1.0,1.0,1.0,5772,producto_id_sin_correspondencia_silver,fecha_local_bolivia_convertida_utc,,ORD-2026-05771,CLI-029,PROD-028,2026-08-17 12:32:00,Tarija,CAM-19,CHO-055,442,442.0,48,45.6,1,1,1,ORD-2026-05771,False,CLI-029,False,PROD-028,False,CAM-19,False,CHO-055,False,Tarija,False,442,False,442.0,False,False,442.0,False,False,48.0,False,False,45.6,False,False,1.0,False,False,1.0,False,False,1.0,False,False,iso,True,2026-08-17 16:32:00+00:00,False,True,False,True,False,,,True,1,0,producto_id_sin_correspondencia_silver,cuarentena
ORD-2026-05774,CLI-033,PROD-036,2026-08-15 08:13:00+00:00,Tarija,CAM-19,CHO-005,390.0,390.0,24.0,13.8,1.0,1.0,1.0,5775,producto_id_sin_correspondencia_silver,fecha_local_bolivia_convertida_utc,,ORD-2026-05774,CLI-033,PROD-036,2026-08-15 04:13:00,Tarija,CAM-19,CHO-005,390,390.0,24,13.8,1,1,1,ORD-2026-05774,False,CLI-033,False,PROD-036,False,CAM-19,False,CHO-005,False,Tarija,False,390,False,390.0,False,False,390.0,False,False,24.0,False,False,13.8,False,False,1.0,False,False,1.0,False,False,1.0,False,False,iso,True,2026-08-15 08:13:00+00:00,False,True,False,True,False,,,True,1,0,producto_id_sin_correspondencia_silver,cuarentena
ORD-2026-05777,CLI-027,PROD-036,2026-08-20 22:51:00+00:00,Santa Cruz,CAM-08,CHO-116,245.0,245.0,24.0,21.3,1.0,1.0,1.0,5778,producto_id_sin_correspondencia_silver,fecha_local_bolivia_convertida_utc,,ORD-2026-05777,CLI-027,PROD-036,2026-08-20 18:51:00,Santa Cruz,CAM-08,CHO-116,245,245.0,24,21.3,1,1,1,ORD-2026-05777,False,CLI-027,False,PROD-036,False,CAM-08,False,CHO-116,False,Santa Cruz,False,245,False,245.0,False,False,245.0,False,False,24.0,False,False,21.3,False,False,1.0,False,False,1.0,False,False,1.0,False,False,iso,True,2026-08-20 22:51:00+00:00,False,True,False,True,False,,,True,1,0,producto_id_sin_correspondencia_silver,cuarentena
ORD-2026-05778,CLI-011,PROD-024,2026-08-10 10:28:00+00:00,La Paz,CAM-28,CHO-130,483.0,483.0,24.0,27.5,0.0,1.0,0.0,5779,producto_id_sin_correspondencia_silver,fecha_local_bolivia_convertida_utc,,ORD-2026-05778,CLI-011,PROD-024,2026-08-10 06:28:00,La Paz,CAM-28,CHO-130,483,483.0,24,27.5,0,1,0,ORD-2026-05778,False,CLI-011,False,PROD-024,False,CAM-28,False,CHO-130,False,La Paz,False,483,False,483.0,False,False,483.0,False,False,24.0,False,False,27.5,False,False,0.0,False,False,1.0,False,False,0.0,False,False,iso,True,2026-08-10 10:28:00+00:00,False,True,False,True,False,,,True,1,0,producto_id_sin_correspondencia_silver,cuarentena
ORD-2026-05805,CLI-022,PROD-036,2026-08-06 23:24:00+00:00,La Paz,CAM-10,CHO-013,189.0,185.0,24.0,21.7,1.0,0.0,0.0,5806,producto_id_sin_correspondencia_silver,fecha_local_bolivia_convertida_utc,,ORD-2026-05805,CLI-022,PROD-036,2026-08-06 19:24:00,La Paz,CAM-10,CHO-013,189,185.0,24,21.7,1,0,0,ORD-2026-05805,False,CLI-022,False,PROD-036,False,CAM-10,False,CHO-013,False,La Paz,False,189,False,189.0,False,False,185.0,False,False,24.0,False,False,21.7,False,False,1.0,False,False,0.0,False,False,0.0,False,False,iso,True,2026-08-06 23:24:00+00:00,False,True,False,True,False,,,True,1,0,producto_id_sin_correspondencia_silver,cuarentena
ORD-2026-05806,CLI-060,PROD-028,2026-08-18 22:02:00+00:00,La Paz,CAM-04,CHO-073,185.0,185.0,72.0,54.5,1.0,1.0,1.0,5807,producto_id_sin_correspondencia_silver,fecha_local_bolivia_convertida_utc,,ORD-2026-05806,CLI-060,PROD-028,2026-08-18 18:02:00,La Paz,CAM-04,CHO-073,185,185.0,72,54.5,1,1,1,ORD-2026-05806,False,CLI-060,False,PROD-028,False,CAM-04,False,CHO-073,False,La Paz,False,185,False,185.0,False,False,185.0,False,False,72.0,False,False,54.5,False,False,1.0,False,False,1.0,False,False,1.0,False,False,iso,True,2026-08-18 22:02:00+00:00,False,True,False,True,False,,,True,1,0,producto_id_sin_correspondencia_silver,cuarentena
ORD-2026-05807,CLI-085,PROD-026,2026-08-23 08:18:00+00:00,Santa Cruz,CAM-08,CHO-041,159.0,159.0,72.0,64.1,1.0,1.0,1.0,5808,producto_id_sin_correspondencia_silver,fecha_local_bolivia_convertida_utc,,ORD-2026-05807,CLI-085,PROD-026,2026-08-23 04:18:00,Santa Cruz,CAM-08,CHO-041,159,159.0,72,64.1,1,1,1,ORD-2026-05807,False,CLI-085,False,PROD-026,False,CAM-08,False,CHO-041,False,Santa Cruz,False,159,False,159.0,False,False,159.0,False,False,72.0,False,False,64.1,False,False,1.0,False,False,1.0,False,False,1.0,False,False,iso,True,2026-08-23 08:18:00+00:00,False,True,False,True,False,,,True,1,0,producto_id_sin_correspondencia_silver,cuarentena
ORD-2026-05813,CLI-021,PROD-010,2026-08-24 04:59:00+00:00,Tarija,CAM-19,CHO-055,193.0,193.0,24.0,22.4,1.0,1.0,1.0,5814,producto_id_sin_correspondencia_silver,fecha_local_bolivia_convertida_utc,,ORD-2026-05813,CLI-021,PROD-010,2026-08-24 00:59:00,Tarija,CAM-19,CHO-055,193,193.0,24,22.4,1,1,1,ORD-2026-05813,False,CLI-021,False,PROD-010,False,CAM-19,False,CHO-055,False,Tarija,False,193,False,193.0,False,False,193.0,False,False,24.0,False,False,22.4,False,False,1.0,False,False,1.0,False,False,1.0,False,False,iso,True,2026-08-24 04:59:00+00:00,False,True,False,True,False,,,True,1,0,producto_id_sin_correspondencia_silver,cuarentena
ORD-2026-05829,CLI-085,PROD-036,2026-08-02 13:23:00+00:00,Santa Cruz,CAM-08,CHO-146,128.0,,24.0,21.2,1.0,1.0,1.0,5830,producto_id_sin_correspondencia_silver | requerido_ausente:cantidad_entregada,fecha_local_bolivia_convertida_utc,,ORD-2026-05829,CLI-085,PROD-036,2026-08-02 09:23:00,Santa Cruz,CAM-08,CHO-146,128,,24,21.2,1,1,1,ORD-2026-05829,False,CLI-085,False,PROD-036,False,CAM-08,False,CHO-146,False,Santa Cruz,False,128,False,128.0,False,False,,False,False,24.0,False,False,21.2,False,False,1.0,False,False,1.0,False,False,1.0,False,False,iso,True,2026-08-02 13:23:00+00:00,False,True,False,True,False,,,True,1,0,producto_id_sin_correspondencia_silver | requerido_ausente:cantidad_entregada,cuarentena
ORD-2026-05834,CLI-076,PROD-028,2026-08-15 18:40:00+00:00,Tarija,CAM-19,CHO-119,422.0,422.0,72.0,72.3,0.0,1.0,0.0,5835,producto_id_sin_correspondencia_silver,fecha_local_bolivia_convertida_utc,,ORD-2026-05834,CLI-076,PROD-028,2026-08-15 14:40:00,Tarija,CAM-19,CHO-119,422,422.0,72,72.3,0,1,0,ORD-2026-05834,False,CLI-076,False,PROD-028,False,CAM-19,False,CHO-119,False,Tarija,False,422,False,422.0,False,False,422.0,False,False,72.0,False,False,72.3,False,False,0.0,False,False,1.0,False,False,0.0,False,False,iso,True,2026-08-15 18:40:00+00:00,False,True,False,True,False,,,True,1,0,producto_id_sin_correspondencia_silver,cuarentena
ORD-2026-05836,CLI-072,PROD-026,2026-08-26 11:03:00+00:00,Oruro,CAM-20,CHO-095,120.0,120.0,72.0,69.1,1.0,1.0,1.0,5837,producto_id_sin_correspondencia_silver,fecha_local_bolivia_convertida_utc,,ORD-2026-05836,CLI-072,PROD-026,2026-08-26 07:03:00,Oruro,CAM-20,CHO-095,120,120.0,72,69.1,1,1,1,ORD-2026-05836,False,CLI-072,False,PROD-026,False,CAM-20,False,CHO-095,False,Oruro,False,120,False,120.0,False,False,120.0,False,False,72.0,False,False,69.1,False,False,1.0,False,False,1.0,False,False,1.0,False,False,iso,True,2026-08-26 11:03:00+00:00,False,True,False,True,False,,,True,1,0,producto_id_sin_correspondencia_silver,cuarentena
ORD-2026-05840,CLI-098,PROD-026,2026-08-29 21:39:00+00:00,Oruro,CAM-24,CHO-038,72.0,72.0,72.0,41.4,1.0,1.0,1.0,5841,producto_id_sin_correspondencia_silver,fecha_local_bolivia_convertida_utc,,ORD-2026-05840,CLI-098,PROD-026,2026-08-29 17:39:00,Oruro,CAM-24,CHO-038,72,72.0,72,41.4,1,1,1,ORD-2026-05840,False,CLI-098,False,PROD-026,False,CAM-24,False,CHO-038,False,Oruro,False,72,False,72.0,False,False,72.0,False,False,72.0,False,False,41.4,False,False,1.0,False,False,1.0,False,False,1.0,False,False,iso,True,2026-08-29 21:39:00+00:00,False,True,False,True,False,,,True,1,0,producto_id_sin_correspondencia_silver,cuarentena
ORD-2026-05849,CLI-071,PROD-010,2026-08-20 17:21:00+00:00,Oruro,CAM-20,CHO-027,265.0,,24.0,18.8,1.0,1.0,1.0,5850,producto_id_sin_correspondencia_silver | requerido_ausente:cantidad_entregada,fecha_local_bolivia_convertida_utc,,ORD-2026-05849,CLI-071,PROD-010,2026-08-20 13:21:00,Oruro,CAM-20,CHO-027,265,,24,18.8,1,1,1,ORD-2026-05849,False,CLI-071,False,PROD-010,False,CAM-20,False,CHO-027,False,Oruro,False,265,False,265.0,False,False,,False,False,24.0,False,False,18.8,False,False,1.0,False,False,1.0,False,False,1.0,False,False,iso,True,2026-08-20 17:21:00+00:00,False,True,False,True,False,,,True,1,0,producto_id_sin_correspondencia_silver | requerido_ausente:cantidad_entregada,cuarentena
ORD-2026-05851,CLI-025,PROD-024,2026-08-29 13:10:00+00:00,La Paz,CAM-12,CHO-134,286.0,286.0,48.0,37.8,1.0,1.0,1.0,5852,producto_id_sin_correspondencia_silver,fecha_local_bolivia_convertida_utc,,ORD-2026-05851,CLI-025,PROD-024,2026-08-29 09:10:00,La Paz,CAM-12,CHO-134,286,286.0,48,37.8,1,1,1,ORD-2026-05851,False,CLI-025,False,PROD-024,False,CAM-12,False,CHO-134,False,La Paz,False,286,False,286.0,False,False,286.0,False,False,48.0,False,False,37.8,False,False,1.0,False,False,1.0,False,False,1.0,False,False,iso,True,2026-08-29 13:10:00+00:00,False,True,False,True,False,,,True,1,0,producto_id_sin_correspondencia_silver,cuarentena
ORD-2026-05852,CLI-068,PROD-008,2026-08-02 08:05:00+00:00,Cochabamba,CAM-27,CHO-148,150.0,150.0,72.0,54.9,1.0,1.0,1.0,5853,camion_id_sin_correspondencia_silver,fecha_local_bolivia_convertida_utc,,ORD-2026-05852,CLI-068,PROD-008,2026-08-02 04:05:00,Cochabamba,CAM-27,CHO-148,150,150.0,72,54.9,1,1,1,ORD-2026-05852,False,CLI-068,False,PROD-008,False,CAM-27,False,CHO-148,False,Cochabamba,False,150,False,150.0,False,False,150.0,False,False,72.0,False,False,54.9,False,False,1.0,False,False,1.0,False,False,1.0,False,False,iso,True,2026-08-02 08:05:00+00:00,False,True,True,False,False,,,True,1,0,camion_id_sin_correspondencia_silver,cuarentena
ORD-2026-05869,CLI-038,PROD-024,2026-08-02 08:58:00+00:00,Cochabamba,CAM-25,CHO-123,90.0,90.0,48.0,49.9,0.0,1.0,0.0,5870,producto_id_sin_correspondencia_silver,fecha_local_bolivia_convertida_utc,,ORD-2026-05869,CLI-038,PROD-024,2026-08-02 04:58:00,Cochabamba,CAM-25,CHO-123,90,90.0,48,49.9,0,1,0,ORD-2026-05869,False,CLI-038,False,PROD-024,False,CAM-25,False,CHO-123,False,Cochabamba,False,90,False,90.0,False,False,90.0,False,False,48.0,False,False,49.9,False,False,0.0,False,False,1.0,False,False,0.0,False,False,iso,True,2026-08-02 08:58:00+00:00,False,True,False,True,False,,,True,1,0,producto_id_sin_correspondencia_silver,cuarentena
ORD-2026-05871,CLI-031,PROD-031,2026-08-25 00:47:00+00:00,Cochabamba,CAM-01,CHO-081,262.0,262.0,48.0,39.1,1.0,1.0,1.0,5872,camion_id_sin_correspondencia_silver,fecha_local_bolivia_convertida_utc,,ORD-2026-05871,CLI-031,PROD-031,2026-08-24 20:47:00,Cochabamba,CAM-01,CHO-081,262,262.0,48,39.1,1,1,1,ORD-2026-05871,False,CLI-031,False,PROD-031,False,CAM-01,False,CHO-081,False,Cochabamba,False,262,False,262.0,False,False,262.0,False,False,48.0,False,False,39.1,False,False,1.0,False,False,1.0,False,False,1.0,False,False,iso,True,2026-08-25 00:47:00+00:00,False,True,True,False,False,,,True,1,0,camion_id_sin_correspondencia_silver,cuarentena
ORD-2026-05876,CLI-079,PROD-014,2026-08-18 07:09:00+00:00,La Paz,CAM-10,CHO-073,471.0,471.0,48.0,41.7,1.0,1.0,1.0,5877,producto_id_sin_correspondencia_silver,fecha_local_bolivia_convertida_utc,,ORD-2026-05876,CLI-079,PROD-014,2026-08-18 03:09:00,La Paz,CAM-10,CHO-073,471,471.0,48,41.7,1,1,1,ORD-2026-05876,False,CLI-079,False,PROD-014,False,CAM-10,False,CHO-073,False,La Paz,False,471,False,471.0,False,False,471.0,False,False,48.0,False,False,41.7,False,False,1.0,False,False,1.0,False,False,1.0,False,False,iso,True,2026-08-18 07:09:00+00:00,False,True,False,True,False,,,True,1,0,producto_id_sin_correspondencia_silver,cuarentena
ORD-2026-05883,CLI-087,PROD-016,2026-08-09 09:58:00+00:00,Cochabamba,CAM-27,CHO-087,313.0,313.0,48.0,39.8,1.0,1.0,1.0,5884,camion_id_sin_correspondencia_silver,fecha_local_bolivia_convertida_utc,,ORD-2026-05883,CLI-087,PROD-016,2026-08-09 05:58:00,Cochabamba,CAM-27,CHO-087,313,313.0,48,39.8,1,1,1,ORD-2026-05883,False,CLI-087,False,PROD-016,False,CAM-27,False,CHO-087,False,Cochabamba,False,313,False,313.0,False,False,313.0,False,False,48.0,False,False,39.8,False,False,1.0,False,False,1.0,False,False,1.0,False,False,iso,True,2026-08-09 09:58:00+00:00,False,True,True,False,False,,,True,1,0,camion_id_sin_correspondencia_silver,cuarentena
ORD-2026-05886,CLI-088,PROD-010,2026-08-15 18:35:00+00:00,Oruro,CAM-03,CHO-038,136.0,136.0,72.0,43.0,1.0,1.0,1.0,5887,producto_id_sin_correspondencia_silver,fecha_local_bolivia_convertida_utc,,ORD-2026-05886,CLI-088,PROD-010,2026-08-15 14:35:00,Oruro,CAM-03,CHO-038,136,136.0,72,43.0,1,1,1,ORD-2026-05886,False,CLI-088,False,PROD-010,False,CAM-03,False,CHO-038,False,Oruro,False,136,False,136.0,False,False,136.0,False,False,72.0,False,False,43.0,False,False,1.0,False,False,1.0,False,False,1.0,False,False,iso,True,2026-08-15 18:35:00+00:00,False,True,False,True,False,,,True,1,0,producto_id_sin_correspondencia_silver,cuarentena
ORD-2026-05888,CLI-060,PROD-024,2026-08-15 07:44:00+00:00,La Paz,CAM-07,CHO-060,126.0,126.0,48.0,39.0,1.0,1.0,1.0,5889,producto_id_sin_correspondencia_silver,fecha_local_bolivia_convertida_utc,,ORD-2026-05888,CLI-060,PROD-024,2026-08-15 03:44:00,La Paz,CAM-07,CHO-060,126,126.0,48,39.0,1,1,1,ORD-2026-05888,False,CLI-060,False,PROD-024,False,CAM-07,False,CHO-060,False,La Paz,False,126,False,126.0,False,False,126.0,False,False,48.0,False,False,39.0,False,False,1.0,False,False,1.0,False,False,1.0,False,False,iso,True,2026-08-15 07:44:00+00:00,False,True,False,True,False,,,True,1,0,producto_id_sin_correspondencia_silver,cuarentena
ORD-2026-05893,CLI-089,PROD-021,2026-08-30 21:36:00+00:00,Cochabamba,CAM-02,CHO-131,381.0,381.0,24.0,-27.1,0.0,1.0,0.0,5894,tiempo_real_negativo | otif_on_time_incoherente,fecha_local_bolivia_convertida_utc,,ORD-2026-05893,CLI-089,PROD-021,2026-08-30 17:36:00,Cochabamba,CAM-02,CHO-131,381,381.0,24,-27.1,0,1,0,ORD-2026-05893,False,CLI-089,False,PROD-021,False,CAM-02,False,CHO-131,False,Cochabamba,False,381,False,381.0,False,False,381.0,False,False,24.0,False,False,-27.1,False,False,0.0,False,False,1.0,False,False,0.0,False,False,iso,True,2026-08-30 21:36:00+00:00,False,True,True,True,False,,,True,1,0,tiempo_real_negativo | otif_on_time_incoherente,cuarentena
ORD-2026-05894,CLI-098,PROD-047,2026-08-10 23:25:00+00:00,Cochabamba,CAM-01,CHO-017,177.0,177.0,48.0,33.4,1.0,1.0,1.0,5895,camion_id_sin_correspondencia_silver,fecha_local_bolivia_convertida_utc,,ORD-2026-05894,CLI-098,PROD-047,2026-08-10 19:25:00,Cochabamba,CAM-01,CHO-017,177,177.0,48,33.4,1,1,1,ORD-2026-05894,False,CLI-098,False,PROD-047,False,CAM-01,False,CHO-017,False,Cochabamba,False,177,False,177.0,False,False,177.0,False,False,48.0,False,False,33.4,False,False,1.0,False,False,1.0,False,False,1.0,False,False,iso,True,2026-08-10 23:25:00+00:00,False,True,True,False,False,,,True,1,0,camion_id_sin_correspondencia_silver,cuarentena
ORD-2026-05895,CLI-036,PROD-021,2026-08-28 00:15:00+00:00,Cochabamba,CAM-27,CHO-111,206.0,206.0,72.0,70.5,1.0,1.0,1.0,5896,camion_id_sin_correspondencia_silver,fecha_local_bolivia_convertida_utc,,ORD-2026-05895,CLI-036,PROD-021,2026-08-27 20:15:00,Cochabamba,CAM-27,CHO-111,206,206.0,72,70.5,1,1,1,ORD-2026-05895,False,CLI-036,False,PROD-021,False,CAM-27,False,CHO-111,False,Cochabamba,False,206,False,206.0,False,False,206.0,False,False,72.0,False,False,70.5,False,False,1.0,False,False,1.0,False,False,1.0,False,False,iso,True,2026-08-28 00:15:00+00:00,False,True,True,False,False,,,True,1,0,camion_id_sin_correspondencia_silver,cuarentena
ORD-2026-05913,CLI-052,PROD-014,2026-08-11 05:07:00+00:00,Santa Cruz,CAM-18,CHO-149,206.0,206.0,24.0,23.3,1.0,1.0,1.0,5914,producto_id_sin_correspondencia_silver,fecha_local_bolivia_convertida_utc,,ORD-2026-05913,CLI-052,PROD-014,2026-08-11 01:07:00,Santa Cruz,CAM-18,CHO-149,206,206.0,24,23.3,1,1,1,ORD-2026-05913,False,CLI-052,False,PROD-014,False,CAM-18,False,CHO-149,False,Santa Cruz,False,206,False,206.0,False,False,206.0,False,False,24.0,False,False,23.3,False,False,1.0,False,False,1.0,False,False,1.0,False,False,iso,True,2026-08-11 05:07:00+00:00,False,True,False,True,False,,,True,1,0,producto_id_sin_correspondencia_silver,cuarentena
ORD-2026-05916,CLI-044,PROD-047,2026-08-30 22:25:00+00:00,Cochabamba,CAM-01,CHO-115,356.0,356.0,24.0,24.9,0.0,1.0,0.0,5917,camion_id_sin_correspondencia_silver,fecha_local_bolivia_convertida_utc,,ORD-2026-05916,CLI-044,PROD-047,2026-08-30 18:25:00,Cochabamba,CAM-01,CHO-115,356,356.0,24,24.9,0,1,0,ORD-2026-05916,False,CLI-044,False,PROD-047,False,CAM-01,False,CHO-115,False,Cochabamba,False,356,False,356.0,False,False,356.0,False,False,24.0,False,False,24.9,False,False,0.0,False,False,1.0,False,False,0.0,False,False,iso,True,2026-08-30 22:25:00+00:00,False,True,True,False,False,,,True,1,0,camion_id_sin_correspondencia_silver,cuarentena
ORD-2026-05921,CLI-049,PROD-026,2026-08-23 14:15:00+00:00,Tarija,CAM-19,CHO-068,455.0,455.0,24.0,20.6,1.0,1.0,1.0,5922,producto_id_sin_correspondencia_silver,fecha_local_bolivia_convertida_utc,,ORD-2026-05921,CLI-049,PROD-026,2026-08-23 10:15:00,Tarija,CAM-19,CHO-068,455,455.0,24,20.6,1,1,1,ORD-2026-05921,False,CLI-049,False,PROD-026,False,CAM-19,False,CHO-068,False,Tarija,False,455,False,455.0,False,False,455.0,False,False,24.0,False,False,20.6,False,False,1.0,False,False,1.0,False,False,1.0,False,False,iso,True,2026-08-23 14:15:00+00:00,False,True,False,True,False,,,True,1,0,producto_id_sin_correspondencia_silver,cuarentena
ORD-2026-05926,CLI-029,PROD-024,2026-08-07 17:10:00+00:00,Santa Cruz,CAM-23,CHO-030,177.0,177.0,48.0,39.3,1.0,1.0,1.0,5927,producto_id_sin_correspondencia_silver,fecha_local_bolivia_convertida_utc,,ORD-2026-05926,CLI-029,PROD-024,2026-08-07 13:10:00,Santa Cruz,CAM-23,CHO-030,177,177.0,48,39.3,1,1,1,ORD-2026-05926,False,CLI-029,False,PROD-024,False,CAM-23,False,CHO-030,False,Santa Cruz,False,177,False,177.0,False,False,177.0,False,False,48.0,False,False,39.3,False,False,1.0,False,False,1.0,False,False,1.0,False,False,iso,True,2026-08-07 17:10:00+00:00,False,True,False,True,False,,,True,1,0,producto_id_sin_correspondencia_silver,cuarentena
ORD-2026-05930,CLI-068,PROD-010,2026-08-30 21:18:00+00:00,Tarija,CAM-26,CHO-099,11.0,11.0,72.0,62.5,1.0,1.0,1.0,5931,producto_id_sin_correspondencia_silver,fecha_local_bolivia_convertida_utc,,ORD-2026-05930,CLI-068,PROD-010,2026-08-30 17:18:00,Tarija,CAM-26,CHO-099,11,11.0,72,62.5,1,1,1,ORD-2026-05930,False,CLI-068,False,PROD-010,False,CAM-26,False,CHO-099,False,Tarija,False,11,False,11.0,False,False,11.0,False,False,72.0,False,False,62.5,False,False,1.0,False,False,1.0,False,False,1.0,False,False,iso,True,2026-08-30 21:18:00+00:00,False,True,False,True,False,,,True,1,0,producto_id_sin_correspondencia_silver,cuarentena
ORD-2026-05934,CLI-036,PROD-007,2026-08-25 14:27:00+00:00,Cochabamba,CAM-27,CHO-131,283.0,283.0,24.0,12.9,1.0,1.0,1.0,5935,camion_id_sin_correspondencia_silver,fecha_local_bolivia_convertida_utc,,ORD-2026-05934,CLI-036,PROD-007,2026-08-25 10:27:00,Cochabamba,CAM-27,CHO-131,283,283.0,24,12.9,1,1,1,ORD-2026-05934,False,CLI-036,False,PROD-007,False,CAM-27,False,CHO-131,False,Cochabamba,False,283,False,283.0,False,False,283.0,False,False,24.0,False,False,12.9,False,False,1.0,False,False,1.0,False,False,1.0,False,False,iso,True,2026-08-25 14:27:00+00:00,False,True,True,False,False,,,True,1,0,camion_id_sin_correspondencia_silver,cuarentena
ORD-2026-05935,CLI-048,PROD-028,2026-08-09 03:36:00+00:00,Santa Cruz,CAM-08,CHO-113,457.0,457.0,48.0,42.9,1.0,1.0,1.0,5936,producto_id_sin_correspondencia_silver,fecha_local_bolivia_convertida_utc,,ORD-2026-05935,CLI-048,PROD-028,2026-08-08 23:36:00,Santa Cruz,CAM-08,CHO-113,457,457.0,48,42.9,1,1,1,ORD-2026-05935,False,CLI-048,False,PROD-028,False,CAM-08,False,CHO-113,False,Santa Cruz,False,457,False,457.0,False,False,457.0,False,False,48.0,False,False,42.9,False,False,1.0,False,False,1.0,False,False,1.0,False,False,iso,True,2026-08-09 03:36:00+00:00,False,True,False,True,False,,,True,1,0,producto_id_sin_correspondencia_silver,cuarentena
ORD-2026-05945,CLI-028,PROD-034,2026-08-23 08:34:00+00:00,Santa Cruz,CAM-08,CHO-030,354.0,354.0,48.0,34.8,1.0,1.0,1.0,5946,order_id_duplicado,fecha_local_bolivia_convertida_utc,,ORD-2026-05945,CLI-028,PROD-034,2026-08-23 04:34:00,Santa Cruz,CAM-08,CHO-030,354,354.0,48,34.8,1,1,1,ORD-2026-05945,False,CLI-028,False,PROD-034,False,CAM-08,False,CHO-030,False,Santa Cruz,False,354,False,354.0,False,False,354.0,False,False,48.0,False,False,34.8,False,False,1.0,False,False,1.0,False,False,1.0,False,False,iso,True,2026-08-23 08:34:00+00:00,False,True,True,True,False,,,True,1,0,order_id_duplicado,cuarentena
ORD-2026-05948,CLI-023,PROD-036,2026-08-18 13:54:00+00:00,Cochabamba,CAM-25,CHO-077,428.0,428.0,72.0,68.0,1.0,1.0,1.0,5949,producto_id_sin_correspondencia_silver,fecha_local_bolivia_convertida_utc,,ORD-2026-05948,CLI-023,PROD-036,2026-08-18 09:54:00,Cochabamba,CAM-25,CHO-077,428,428.0,72,68.0,1,1,1,ORD-2026-05948,False,CLI-023,False,PROD-036,False,CAM-25,False,CHO-077,False,Cochabamba,False,428,False,428.0,False,False,428.0,False,False,72.0,False,False,68.0,False,False,1.0,False,False,1.0,False,False,1.0,False,False,iso,True,2026-08-18 13:54:00+00:00,False,True,False,True,False,,,True,1,0,producto_id_sin_correspondencia_silver,cuarentena
ORD-2026-05949,CLI-035,PROD-012,2026-08-14 19:07:00+00:00,Tarija,CAM-26,CHO-032,315.0,315.0,24.0,15.9,1.0,1.0,1.0,5950,order_id_duplicado,fecha_local_bolivia_convertida_utc,,ORD-2026-05949,CLI-035,PROD-012,2026-08-14 15:07:00,Tarija,CAM-26,CHO-032,315,315.0,24,15.9,1,1,1,ORD-2026-05949,False,CLI-035,False,PROD-012,False,CAM-26,False,CHO-032,False,Tarija,False,315,False,315.0,False,False,315.0,False,False,24.0,False,False,15.9,False,False,1.0,False,False,1.0,False,False,1.0,False,False,iso,True,2026-08-14 19:07:00+00:00,False,True,True,True,False,,,True,1,0,order_id_duplicado,cuarentena
ORD-2026-05951,CLI-048,PROD-010,2026-08-14 16:57:00+00:00,Oruro,CAM-20,CHO-066,254.0,254.0,24.0,15.5,1.0,1.0,1.0,5952,producto_id_sin_correspondencia_silver,fecha_local_bolivia_convertida_utc,,ORD-2026-05951,CLI-048,PROD-010,2026-08-14 12:57:00,Oruro,CAM-20,CHO-066,254,254.0,24,15.5,1,1,1,ORD-2026-05951,False,CLI-048,False,PROD-010,False,CAM-20,False,CHO-066,False,Oruro,False,254,False,254.0,False,False,254.0,False,False,24.0,False,False,15.5,False,False,1.0,False,False,1.0,False,False,1.0,False,False,iso,True,2026-08-14 16:57:00+00:00,False,True,False,True,False,,,True,1,0,producto_id_sin_correspondencia_silver,cuarentena
ORD-2026-05957,CLI-008,PROD-014,2026-08-27 15:19:00+00:00,Cochabamba,CAM-30,CHO-111,98.0,98.0,72.0,56.4,1.0,1.0,1.0,5958,producto_id_sin_correspondencia_silver,fecha_local_bolivia_convertida_utc,,ORD-2026-05957,CLI-008,PROD-014,2026-08-27 11:19:00,Cochabamba,CAM-30,CHO-111,98,98.0,72,56.4,1,1,1,ORD-2026-05957,False,CLI-008,False,PROD-014,False,CAM-30,False,CHO-111,False,Cochabamba,False,98,False,98.0,False,False,98.0,False,False,72.0,False,False,56.4,False,False,1.0,False,False,1.0,False,False,1.0,False,False,iso,True,2026-08-27 15:19:00+00:00,False,True,False,True,False,,,True,1,0,producto_id_sin_correspondencia_silver,cuarentena
ORD-2026-05962,CLI-047,PROD-023,2026-08-17 00:39:00+00:00,Cochabamba,CAM-27,CHO-072,263.0,263.0,48.0,41.5,1.0,1.0,1.0,5963,camion_id_sin_correspondencia_silver,fecha_local_bolivia_convertida_utc,,ORD-2026-05962,CLI-047,PROD-023,2026-08-16 20:39:00,Cochabamba,CAM-27,CHO-072,263,263.0,48,41.5,1,1,1,ORD-2026-05962,False,CLI-047,False,PROD-023,False,CAM-27,False,CHO-072,False,Cochabamba,False,263,False,263.0,False,False,263.0,False,False,48.0,False,False,41.5,False,False,1.0,False,False,1.0,False,False,1.0,False,False,iso,True,2026-08-17 00:39:00+00:00,False,True,True,False,False,,,True,1,0,camion_id_sin_correspondencia_silver,cuarentena
ORD-2026-05964,CLI-004,PROD-027,2026-08-02 20:17:00+00:00,Cochabamba,CAM-01,CHO-102,407.0,407.0,24.0,24.0,1.0,1.0,1.0,5965,camion_id_sin_correspondencia_silver,fecha_local_bolivia_convertida_utc,,ORD-2026-05964,CLI-004,PROD-027,2026-08-02 16:17:00,Cochabamba,CAM-01,CHO-102,407,407.0,24,24.0,1,1,1,ORD-2026-05964,False,CLI-004,False,PROD-027,False,CAM-01,False,CHO-102,False,Cochabamba,False,407,False,407.0,False,False,407.0,False,False,24.0,False,False,24.0,False,False,1.0,False,False,1.0,False,False,1.0,False,False,iso,True,2026-08-02 20:17:00+00:00,False,True,True,False,False,,,True,1,0,camion_id_sin_correspondencia_silver,cuarentena
ORD-2026-05969,CLI-008,PROD-001,2026-08-22 14:13:00+00:00,Cochabamba,CAM-27,CHO-098,218.0,218.0,24.0,21.3,1.0,1.0,1.0,5970,camion_id_sin_correspondencia_silver,fecha_local_bolivia_convertida_utc,,ORD-2026-05969,CLI-008,PROD-001,2026-08-22 10:13:00,Cochabamba,CAM-27,CHO-098,218,218.0,24,21.3,1,1,1,ORD-2026-05969,False,CLI-008,False,PROD-001,False,CAM-27,False,CHO-098,False,Cochabamba,False,218,False,218.0,False,False,218.0,False,False,24.0,False,False,21.3,False,False,1.0,False,False,1.0,False,False,1.0,False,False,iso,True,2026-08-22 14:13:00+00:00,False,True,True,False,False,,,True,1,0,camion_id_sin_correspondencia_silver,cuarentena
ORD-2026-05972,CLI-040,PROD-023,2026-08-05 15:22:00+00:00,Cochabamba,CAM-01,CHO-070,223.0,206.0,72.0,62.6,1.0,0.0,0.0,5973,camion_id_sin_correspondencia_silver,fecha_local_bolivia_convertida_utc,,ORD-2026-05972,CLI-040,PROD-023,2026-08-05 11:22:00,Cochabamba,CAM-01,CHO-070,223,206.0,72,62.6,1,0,0,ORD-2026-05972,False,CLI-040,False,PROD-023,False,CAM-01,False,CHO-070,False,Cochabamba,False,223,False,223.0,False,False,206.0,False,False,72.0,False,False,62.6,False,False,1.0,False,False,0.0,False,False,0.0,False,False,iso,True,2026-08-05 15:22:00+00:00,False,True,True,False,False,,,True,1,0,camion_id_sin_correspondencia_silver,cuarentena
ORD-2026-05973,CLI-043,PROD-014,2026-08-22 14:28:00+00:00,Cochabamba,CAM-27,CHO-031,13.0,13.0,48.0,38.7,1.0,1.0,1.0,5974,producto_id_sin_correspondencia_silver | camion_id_sin_correspondencia_silver,fecha_local_bolivia_convertida_utc,,ORD-2026-05973,CLI-043,PROD-014,2026-08-22 10:28:00,Cochabamba,CAM-27,CHO-031,13,13.0,48,38.7,1,1,1,ORD-2026-05973,False,CLI-043,False,PROD-014,False,CAM-27,False,CHO-031,False,Cochabamba,False,13,False,13.0,False,False,13.0,False,False,48.0,False,False,38.7,False,False,1.0,False,False,1.0,False,False,1.0,False,False,iso,True,2026-08-22 14:28:00+00:00,False,True,False,False,False,,,True,1,0,producto_id_sin_correspondencia_silver | camion_id_sin_correspondencia_silver,cuarentena
ORD-2026-05979,CLI-048,PROD-014,2026-08-08 08:44:00+00:00,Oruro,CAM-24,CHO-046,234.0,234.0,24.0,25.7,0.0,1.0,0.0,5980,producto_id_sin_correspondencia_silver,fecha_local_bolivia_convertida_utc,,ORD-2026-05979,CLI-048,PROD-014,2026-08-08 04:44:00,Oruro,CAM-24,CHO-046,234,234.0,24,25.7,0,1,0,ORD-2026-05979,False,CLI-048,False,PROD-014,False,CAM-24,False,CHO-046,False,Oruro,False,234,False,234.0,False,False,234.0,False,False,24.0,False,False,25.7,False,False,0.0,False,False,1.0,False,False,0.0,False,False,iso,True,2026-08-08 08:44:00+00:00,False,True,False,True,False,,,True,1,0,producto_id_sin_correspondencia_silver,cuarentena
ORD-2026-05990,CLI-099,PROD-014,2026-08-10 14:04:00+00:00,Tarija,CAM-26,CHO-025,366.0,366.0,48.0,51.3,0.0,1.0,0.0,5991,producto_id_sin_correspondencia_silver,fecha_local_bolivia_convertida_utc,,ORD-2026-05990,CLI-099,PROD-014,2026-08-10 10:04:00,Tarija,CAM-26,CHO-025,366,366.0,48,51.3,0,1,0,ORD-2026-05990,False,CLI-099,False,PROD-014,False,CAM-26,False,CHO-025,False,Tarija,False,366,False,366.0,False,False,366.0,False,False,48.0,False,False,51.3,False,False,0.0,False,False,1.0,False,False,0.0,False,False,iso,True,2026-08-10 14:04:00+00:00,False,True,False,True,False,,,True,1,0,producto_id_sin_correspondencia_silver,cuarentena
ORD-2026-05992,CLI-017,PROD-028,2026-08-25 08:48:00+00:00,Oruro,CAM-03,CHO-038,53.0,53.0,72.0,75.7,0.0,1.0,0.0,5993,producto_id_sin_correspondencia_silver,fecha_local_bolivia_convertida_utc,,ORD-2026-05992,CLI-017,PROD-028,2026-08-25 04:48:00,Oruro,CAM-03,CHO-038,53,53.0,72,75.7,0,1,0,ORD-2026-05992,False,CLI-017,False,PROD-028,False,CAM-03,False,CHO-038,False,Oruro,False,53,False,53.0,False,False,53.0,False,False,72.0,False,False,75.7,False,False,0.0,False,False,1.0,False,False,0.0,False,False,iso,True,2026-08-25 08:48:00+00:00,False,True,False,True,False,,,True,1,0,producto_id_sin_correspondencia_silver,cuarentena
ORD-2026-05995,CLI-065,PROD-021,2026-08-13 17:55:00+00:00,Cochabamba,CAM-27,CHO-082,436.0,436.0,24.0,18.1,1.0,1.0,1.0,5996,camion_id_sin_correspondencia_silver,fecha_local_bolivia_convertida_utc,,ORD-2026-05995,CLI-065,PROD-021,2026-08-13 13:55:00,Cochabamba,CAM-27,CHO-082,436,436.0,24,18.1,1,1,1,ORD-2026-05995,False,CLI-065,False,PROD-021,False,CAM-27,False,CHO-082,False,Cochabamba,False,436,False,436.0,False,False,436.0,False,False,24.0,False,False,18.1,False,False,1.0,False,False,1.0,False,False,1.0,False,False,iso,True,2026-08-13 17:55:00+00:00,False,True,True,False,False,,,True,1,0,camion_id_sin_correspondencia_silver,cuarentena
ORD-2026-06006,CLI-093,PROD-036,2026-08-08 12:22:00+00:00,Santa Cruz,CAM-08,CHO-039,119.0,119.0,72.0,49.5,1.0,1.0,1.0,6007,producto_id_sin_correspondencia_silver,fecha_local_bolivia_convertida_utc,,ORD-2026-06006,CLI-093,PROD-036,2026-08-08 08:22:00,Santa Cruz,CAM-08,CHO-039,119,119.0,72,49.5,1,1,1,ORD-2026-06006,False,CLI-093,False,PROD-036,False,CAM-08,False,CHO-039,False,Santa Cruz,False,119,False,119.0,False,False,119.0,False,False,72.0,False,False,49.5,False,False,1.0,False,False,1.0,False,False,1.0,False,False,iso,True,2026-08-08 12:22:00+00:00,False,True,False,True,False,,,True,1,0,producto_id_sin_correspondencia_silver,cuarentena
ORD-2026-06015,CLI-043,PROD-024,2026-08-10 07:28:00+00:00,La Paz,CAM-04,CHO-117,202.0,202.0,24.0,21.2,1.0,1.0,1.0,6016,producto_id_sin_correspondencia_silver,fecha_local_bolivia_convertida_utc,,ORD-2026-06015,CLI-043,PROD-024,2026-08-10 03:28:00,La Paz,CAM-04,CHO-117,202,202.0,24,21.2,1,1,1,ORD-2026-06015,False,CLI-043,False,PROD-024,False,CAM-04,False,CHO-117,False,La Paz,False,202,False,202.0,False,False,202.0,False,False,24.0,False,False,21.2,False,False,1.0,False,False,1.0,False,False,1.0,False,False,iso,True,2026-08-10 07:28:00+00:00,False,True,False,True,False,,,True,1,0,producto_id_sin_correspondencia_silver,cuarentena
ORD-2026-06016,CLI-015,PROD-036,2026-08-21 02:06:00+00:00,Oruro,CAM-24,CHO-095,34.0,34.0,72.0,73.7,0.0,1.0,0.0,6017,producto_id_sin_correspondencia_silver,fecha_local_bolivia_convertida_utc,,ORD-2026-06016,CLI-015,PROD-036,2026-08-20 22:06:00,Oruro,CAM-24,CHO-095,34,34.0,72,73.7,0,1,0,ORD-2026-06016,False,CLI-015,False,PROD-036,False,CAM-24,False,CHO-095,False,Oruro,False,34,False,34.0,False,False,34.0,False,False,72.0,False,False,73.7,False,False,0.0,False,False,1.0,False,False,0.0,False,False,iso,True,2026-08-21 02:06:00+00:00,False,True,False,True,False,,,True,1,0,producto_id_sin_correspondencia_silver,cuarentena
ORD-2026-06019,CLI-049,PROD-028,2026-08-06 10:41:00+00:00,Tarija,CAM-21,CHO-078,133.0,133.0,24.0,23.4,1.0,1.0,1.0,6020,producto_id_sin_correspondencia_silver,fecha_local_bolivia_convertida_utc,,ORD-2026-06019,CLI-049,PROD-028,2026-08-06 06:41:00,Tarija,CAM-21,CHO-078,133,133.0,24,23.4,1,1,1,ORD-2026-06019,False,CLI-049,False,PROD-028,False,CAM-21,False,CHO-078,False,Tarija,False,133,False,133.0,False,False,133.0,False,False,24.0,False,False,23.4,False,False,1.0,False,False,1.0,False,False,1.0,False,False,iso,True,2026-08-06 10:41:00+00:00,False,True,False,True,False,,,True,1,0,producto_id_sin_correspondencia_silver,cuarentena
ORD-2026-06021,CLI-057,PROD-028,2026-08-15 22:32:00+00:00,La Paz,CAM-12,CHO-035,333.0,333.0,24.0,24.8,0.0,1.0,0.0,6022,producto_id_sin_correspondencia_silver,fecha_local_bolivia_convertida_utc,,ORD-2026-06021,CLI-057,PROD-028,2026-08-15 18:32:00,La Paz,CAM-12,CHO-035,333,333.0,24,24.8,0,1,0,ORD-2026-06021,False,CLI-057,False,PROD-028,False,CAM-12,False,CHO-035,False,La Paz,False,333,False,333.0,False,False,333.0,False,False,24.0,False,False,24.8,False,False,0.0,False,False,1.0,False,False,0.0,False,False,iso,True,2026-08-15 22:32:00+00:00,False,True,False,True,False,,,True,1,0,producto_id_sin_correspondencia_silver,cuarentena
ORD-2026-06023,CLI-052,PROD-014,2026-08-17 18:20:00+00:00,Santa Cruz,CAM-23,CHO-133,272.0,272.0,24.0,25.4,0.0,1.0,0.0,6024,producto_id_sin_correspondencia_silver,fecha_local_bolivia_convertida_utc,,ORD-2026-06023,CLI-052,PROD-014,2026-08-17 14:20:00,Santa Cruz,CAM-23,CHO-133,272,272.0,24,25.4,0,1,0,ORD-2026-06023,False,CLI-052,False,PROD-014,False,CAM-23,False,CHO-133,False,Santa Cruz,False,272,False,272.0,False,False,272.0,False,False,24.0,False,False,25.4,False,False,0.0,False,False,1.0,False,False,0.0,False,False,iso,True,2026-08-17 18:20:00+00:00,False,True,False,True,False,,,True,1,0,producto_id_sin_correspondencia_silver,cuarentena
ORD-2026-06030,CLI-025,PROD-034,2026-08-03 23:10:00+00:00,La Paz,CAM-28,CHO-134,198.0,,48.0,37.6,1.0,1.0,1.0,6031,requerido_ausente:cantidad_entregada,fecha_local_bolivia_convertida_utc,,ORD-2026-06030,CLI-025,PROD-034,2026-08-03 19:10:00,La Paz,CAM-28,CHO-134,198,,48,37.6,1,1,1,ORD-2026-06030,False,CLI-025,False,PROD-034,False,CAM-28,False,CHO-134,False,La Paz,False,198,False,198.0,False,False,,False,False,48.0,False,False,37.6,False,False,1.0,False,False,1.0,False,False,1.0,False,False,iso,True,2026-08-03 23:10:00+00:00,False,True,True,True,False,,,True,1,0,requerido_ausente:cantidad_entregada,cuarentena
ORD-2026-06032,CLI-007,PROD-024,2026-08-20 19:26:00+00:00,Tarija,CAM-21,CHO-084,81.0,81.0,24.0,18.4,1.0,1.0,1.0,6033,producto_id_sin_correspondencia_silver,fecha_local_bolivia_convertida_utc,,ORD-2026-06032,CLI-007,PROD-024,2026-08-20 15:26:00,Tarija,CAM-21,CHO-084,81,81.0,24,18.4,1,1,1,ORD-2026-06032,False,CLI-007,False,PROD-024,False,CAM-21,False,CHO-084,False,Tarija,False,81,False,81.0,False,False,81.0,False,False,24.0,False,False,18.4,False,False,1.0,False,False,1.0,False,False,1.0,False,False,iso,True,2026-08-20 19:26:00+00:00,False,True,False,True,False,,,True,1,0,producto_id_sin_correspondencia_silver,cuarentena
ORD-2026-06033,CLI-025,PROD-041,2026-08-23 07:58:00+00:00,Cochabamba,CAM-27,CHO-109,314.0,314.0,48.0,40.2,1.0,1.0,1.0,6034,camion_id_sin_correspondencia_silver,fecha_local_bolivia_convertida_utc,,ORD-2026-06033,CLI-025,PROD-041,2026-08-23 03:58:00,Cochabamba,CAM-27,CHO-109,314,314.0,48,40.2,1,1,1,ORD-2026-06033,False,CLI-025,False,PROD-041,False,CAM-27,False,CHO-109,False,Cochabamba,False,314,False,314.0,False,False,314.0,False,False,48.0,False,False,40.2,False,False,1.0,False,False,1.0,False,False,1.0,False,False,iso,True,2026-08-23 07:58:00+00:00,False,True,True,False,False,,,True,1,0,camion_id_sin_correspondencia_silver,cuarentena
ORD-2026-06036,CLI-004,PROD-018,2026-08-24 01:52:00+00:00,Cochabamba,CAM-01,CHO-044,371.0,371.0,24.0,18.9,1.0,1.0,1.0,6037,camion_id_sin_correspondencia_silver,fecha_local_bolivia_convertida_utc,,ORD-2026-06036,CLI-004,PROD-018,2026-08-23 21:52:00,Cochabamba,CAM-01,CHO-044,371,371.0,24,18.9,1,1,1,ORD-2026-06036,False,CLI-004,False,PROD-018,False,CAM-01,False,CHO-044,False,Cochabamba,False,371,False,371.0,False,False,371.0,False,False,24.0,False,False,18.9,False,False,1.0,False,False,1.0,False,False,1.0,False,False,iso,True,2026-08-24 01:52:00+00:00,False,True,True,False,False,,,True,1,0,camion_id_sin_correspondencia_silver,cuarentena
ORD-2026-06042,CLI-027,PROD-044,2026-08-12 15:05:00+00:00,Cochabamba,CAM-01,CHO-091,89.0,89.0,24.0,12.8,1.0,1.0,1.0,6043,camion_id_sin_correspondencia_silver,fecha_local_bolivia_convertida_utc,,ORD-2026-06042,CLI-027,PROD-044,2026-08-12 11:05:00,Cochabamba,CAM-01,CHO-091,89,89.0,24,12.8,1,1,1,ORD-2026-06042,False,CLI-027,False,PROD-044,False,CAM-01,False,CHO-091,False,Cochabamba,False,89,False,89.0,False,False,89.0,False,False,24.0,False,False,12.8,False,False,1.0,False,False,1.0,False,False,1.0,False,False,iso,True,2026-08-12 15:05:00+00:00,False,True,True,False,False,,,True,1,0,camion_id_sin_correspondencia_silver,cuarentena
ORD-2026-06047,CLI-001,PROD-010,2026-08-28 07:43:00+00:00,Oruro,CAM-20,CHO-038,456.0,456.0,72.0,67.6,1.0,1.0,1.0,6048,producto_id_sin_correspondencia_silver,fecha_local_bolivia_convertida_utc,,ORD-2026-06047,CLI-001,PROD-010,2026-08-28 03:43:00,Oruro,CAM-20,CHO-038,456,456.0,72,67.6,1,1,1,ORD-2026-06047,False,CLI-001,False,PROD-010,False,CAM-20,False,CHO-038,False,Oruro,False,456,False,456.0,False,False,456.0,False,False,72.0,False,False,67.6,False,False,1.0,False,False,1.0,False,False,1.0,False,False,iso,True,2026-08-28 07:43:00+00:00,False,True,False,True,False,,,True,1,0,producto_id_sin_correspondencia_silver,cuarentena
ORD-2026-06052,CLI-043,PROD-024,2026-08-27 03:34:00+00:00,La Paz,CAM-12,CHO-094,11.0,11.0,48.0,38.9,1.0,1.0,1.0,6053,producto_id_sin_correspondencia_silver,fecha_local_bolivia_convertida_utc,,ORD-2026-06052,CLI-043,PROD-024,2026-08-26 23:34:00,La Paz,CAM-12,CHO-094,11,11.0,48,38.9,1,1,1,ORD-2026-06052,False,CLI-043,False,PROD-024,False,CAM-12,False,CHO-094,False,La Paz,False,11,False,11.0,False,False,11.0,False,False,48.0,False,False,38.9,False,False,1.0,False,False,1.0,False,False,1.0,False,False,iso,True,2026-08-27 03:34:00+00:00,False,True,False,True,False,,,True,1,0,producto_id_sin_correspondencia_silver,cuarentena
ORD-2026-06054,CLI-034,PROD-026,2026-08-19 14:09:00+00:00,Cochabamba,CAM-27,CHO-109,496.0,496.0,48.0,33.5,1.0,1.0,1.0,6055,producto_id_sin_correspondencia_silver | camion_id_sin_correspondencia_silver,fecha_local_bolivia_convertida_utc,,ORD-2026-06054,CLI-034,PROD-026,2026-08-19 10:09:00,Cochabamba,CAM-27,CHO-109,496,496.0,48,33.5,1,1,1,ORD-2026-06054,False,CLI-034,False,PROD-026,False,CAM-27,False,CHO-109,False,Cochabamba,False,496,False,496.0,False,False,496.0,False,False,48.0,False,False,33.5,False,False,1.0,False,False,1.0,False,False,1.0,False,False,iso,True,2026-08-19 14:09:00+00:00,False,True,False,False,False,,,True,1,0,producto_id_sin_correspondencia_silver | camion_id_sin_correspondencia_silver,cuarentena
ORD-2026-06060,CLI-067,PROD-010,2026-08-14 05:33:00+00:00,Tarija,CAM-26,CHO-084,456.0,456.0,24.0,17.2,1.0,1.0,1.0,6061,producto_id_sin_correspondencia_silver,fecha_local_bolivia_convertida_utc,,ORD-2026-06060,CLI-067,PROD-010,2026-08-14 01:33:00,Tarija,CAM-26,CHO-084,456,456.0,24,17.2,1,1,1,ORD-2026-06060,False,CLI-067,False,PROD-010,False,CAM-26,False,CHO-084,False,Tarija,False,456,False,456.0,False,False,456.0,False,False,24.0,False,False,17.2,False,False,1.0,False,False,1.0,False,False,1.0,False,False,iso,True,2026-08-14 05:33:00+00:00,False,True,False,True,False,,,True,1,0,producto_id_sin_correspondencia_silver,cuarentena
ORD-2026-06061,CLI-006,PROD-037,2026-08-29 06:18:00+00:00,Cochabamba,CAM-27,CHO-012,380.0,380.0,48.0,32.6,1.0,1.0,1.0,6062,camion_id_sin_correspondencia_silver,fecha_local_bolivia_convertida_utc,,ORD-2026-06061,CLI-006,PROD-037,2026-08-29 02:18:00,Cochabamba,CAM-27,CHO-012,380,380.0,48,32.6,1,1,1,ORD-2026-06061,False,CLI-006,False,PROD-037,False,CAM-27,False,CHO-012,False,Cochabamba,False,380,False,380.0,False,False,380.0,False,False,48.0,False,False,32.6,False,False,1.0,False,False,1.0,False,False,1.0,False,False,iso,True,2026-08-29 06:18:00+00:00,False,True,True,False,False,,,True,1,0,camion_id_sin_correspondencia_silver,cuarentena
ORD-2026-06063,CLI-069,PROD-036,2026-08-04 18:03:00+00:00,Tarija,CAM-26,CHO-032,278.0,278.0,24.0,17.2,1.0,1.0,1.0,6064,producto_id_sin_correspondencia_silver,fecha_local_bolivia_convertida_utc,,ORD-2026-06063,CLI-069,PROD-036,2026-08-04 14:03:00,Tarija,CAM-26,CHO-032,278,278.0,24,17.2,1,1,1,ORD-2026-06063,False,CLI-069,False,PROD-036,False,CAM-26,False,CHO-032,False,Tarija,False,278,False,278.0,False,False,278.0,False,False,24.0,False,False,17.2,False,False,1.0,False,False,1.0,False,False,1.0,False,False,iso,True,2026-08-04 18:03:00+00:00,False,True,False,True,False,,,True,1,0,producto_id_sin_correspondencia_silver,cuarentena
ORD-2026-06070,CLI-016,PROD-049,2026-08-11 18:18:00+00:00,Cochabamba,CAM-27,CHO-083,467.0,467.0,72.0,36.2,1.0,1.0,1.0,6071,camion_id_sin_correspondencia_silver,fecha_local_bolivia_convertida_utc,,ORD-2026-06070,CLI-016,PROD-049,2026-08-11 14:18:00,Cochabamba,CAM-27,CHO-083,467,467.0,72,36.2,1,1,1,ORD-2026-06070,False,CLI-016,False,PROD-049,False,CAM-27,False,CHO-083,False,Cochabamba,False,467,False,467.0,False,False,467.0,False,False,72.0,False,False,36.2,False,False,1.0,False,False,1.0,False,False,1.0,False,False,iso,True,2026-08-11 18:18:00+00:00,False,True,True,False,False,,,True,1,0,camion_id_sin_correspondencia_silver,cuarentena
ORD-2026-06077,CLI-046,PROD-036,2026-08-13 10:26:00+00:00,Oruro,CAM-24,CHO-046,164.0,150.0,48.0,42.3,1.0,0.0,0.0,6078,producto_id_sin_correspondencia_silver,fecha_local_bolivia_convertida_utc,,ORD-2026-06077,CLI-046,PROD-036,2026-08-13 06:26:00,Oruro,CAM-24,CHO-046,164,150.0,48,42.3,1,0,0,ORD-2026-06077,False,CLI-046,False,PROD-036,False,CAM-24,False,CHO-046,False,Oruro,False,164,False,164.0,False,False,150.0,False,False,48.0,False,False,42.3,False,False,1.0,False,False,0.0,False,False,0.0,False,False,iso,True,2026-08-13 10:26:00+00:00,False,True,False,True,False,,,True,1,0,producto_id_sin_correspondencia_silver,cuarentena
ORD-2026-06078,CLI-014,PROD-008,2026-08-13 01:48:00+00:00,Cochabamba,CAM-01,CHO-122,121.0,121.0,72.0,52.0,1.0,1.0,1.0,6079,camion_id_sin_correspondencia_silver,fecha_local_bolivia_convertida_utc,,ORD-2026-06078,CLI-014,PROD-008,2026-08-12 21:48:00,Cochabamba,CAM-01,CHO-122,121,121.0,72,52.0,1,1,1,ORD-2026-06078,False,CLI-014,False,PROD-008,False,CAM-01,False,CHO-122,False,Cochabamba,False,121,False,121.0,False,False,121.0,False,False,72.0,False,False,52.0,False,False,1.0,False,False,1.0,False,False,1.0,False,False,iso,True,2026-08-13 01:48:00+00:00,False,True,True,False,False,,,True,1,0,camion_id_sin_correspondencia_silver,cuarentena
ORD-2026-06079,CLI-028,PROD-028,2026-08-21 15:48:00+00:00,La Paz,CAM-10,CHO-009,118.0,118.0,24.0,17.1,1.0,1.0,1.0,6080,producto_id_sin_correspondencia_silver,fecha_local_bolivia_convertida_utc,,ORD-2026-06079,CLI-028,PROD-028,2026-08-21 11:48:00,La Paz,CAM-10,CHO-009,118,118.0,24,17.1,1,1,1,ORD-2026-06079,False,CLI-028,False,PROD-028,False,CAM-10,False,CHO-009,False,La Paz,False,118,False,118.0,False,False,118.0,False,False,24.0,False,False,17.1,False,False,1.0,False,False,1.0,False,False,1.0,False,False,iso,True,2026-08-21 15:48:00+00:00,False,True,False,True,False,,,True,1,0,producto_id_sin_correspondencia_silver,cuarentena
ORD-2026-06089,CLI-041,PROD-036,2026-08-12 01:10:00+00:00,Cochabamba,CAM-11,CHO-089,462.0,462.0,48.0,41.1,1.0,1.0,1.0,6090,producto_id_sin_correspondencia_silver,fecha_local_bolivia_convertida_utc,,ORD-2026-06089,CLI-041,PROD-036,2026-08-11 21:10:00,Cochabamba,CAM-11,CHO-089,462,462.0,48,41.1,1,1,1,ORD-2026-06089,False,CLI-041,False,PROD-036,False,CAM-11,False,CHO-089,False,Cochabamba,False,462,False,462.0,False,False,462.0,False,False,48.0,False,False,41.1,False,False,1.0,False,False,1.0,False,False,1.0,False,False,iso,True,2026-08-12 01:10:00+00:00,False,True,False,True,False,,,True,1,0,producto_id_sin_correspondencia_silver,cuarentena
ORD-2026-06091,CLI-005,PROD-024,2026-08-20 14:34:00+00:00,Oruro,CAM-03,CHO-046,310.0,310.0,48.0,52.7,0.0,1.0,0.0,6092,producto_id_sin_correspondencia_silver,fecha_local_bolivia_convertida_utc,,ORD-2026-06091,CLI-005,PROD-024,2026-08-20 10:34:00,Oruro,CAM-03,CHO-046,310,310.0,48,52.7,0,1,0,ORD-2026-06091,False,CLI-005,False,PROD-024,False,CAM-03,False,CHO-046,False,Oruro,False,310,False,310.0,False,False,310.0,False,False,48.0,False,False,52.7,False,False,0.0,False,False,1.0,False,False,0.0,False,False,iso,True,2026-08-20 14:34:00+00:00,False,True,False,True,False,,,True,1,0,producto_id_sin_correspondencia_silver,cuarentena
ORD-2026-06095,CLI-061,PROD-024,2026-08-20 14:19:00+00:00,Cochabamba,CAM-13,CHO-123,223.0,223.0,48.0,41.0,1.0,1.0,1.0,6096,producto_id_sin_correspondencia_silver,fecha_local_bolivia_convertida_utc,,ORD-2026-06095,CLI-061,PROD-024,2026-08-20 10:19:00,Cochabamba,CAM-13,CHO-123,223,223.0,48,41.0,1,1,1,ORD-2026-06095,False,CLI-061,False,PROD-024,False,CAM-13,False,CHO-123,False,Cochabamba,False,223,False,223.0,False,False,223.0,False,False,48.0,False,False,41.0,False,False,1.0,False,False,1.0,False,False,1.0,False,False,iso,True,2026-08-20 14:19:00+00:00,False,True,False,True,False,,,True,1,0,producto_id_sin_correspondencia_silver,cuarentena
ORD-2026-06098,CLI-026,PROD-031,2026-08-09 09:04:00+00:00,Cochabamba,CAM-01,CHO-109,400.0,400.0,48.0,52.7,0.0,1.0,0.0,6099,camion_id_sin_correspondencia_silver,fecha_local_bolivia_convertida_utc,,ORD-2026-06098,CLI-026,PROD-031,2026-08-09 05:04:00,Cochabamba,CAM-01,CHO-109,400,400.0,48,52.7,0,1,0,ORD-2026-06098,False,CLI-026,False,PROD-031,False,CAM-01,False,CHO-109,False,Cochabamba,False,400,False,400.0,False,False,400.0,False,False,48.0,False,False,52.7,False,False,0.0,False,False,1.0,False,False,0.0,False,False,iso,True,2026-08-09 09:04:00+00:00,False,True,True,False,False,,,True,1,0,camion_id_sin_correspondencia_silver,cuarentena
ORD-2026-06101,CLI-086,PROD-028,2026-08-18 23:37:00+00:00,La Paz,CAM-07,CHO-134,57.0,57.0,48.0,37.8,1.0,1.0,1.0,6102,producto_id_sin_correspondencia_silver,fecha_local_bolivia_convertida_utc,,ORD-2026-06101,CLI-086,PROD-028,2026-08-18 19:37:00,La Paz,CAM-07,CHO-134,57,57.0,48,37.8,1,1,1,ORD-2026-06101,False,CLI-086,False,PROD-028,False,CAM-07,False,CHO-134,False,La Paz,False,57,False,57.0,False,False,57.0,False,False,48.0,False,False,37.8,False,False,1.0,False,False,1.0,False,False,1.0,False,False,iso,True,2026-08-18 23:37:00+00:00,False,True,False,True,False,,,True,1,0,producto_id_sin_correspondencia_silver,cuarentena
ORD-2026-06102,CLI-060,PROD-052,2026-08-05 15:46:00+00:00,Oruro,CAM-24,CHO-095,381.0,381.0,72.0,64.4,1.0,1.0,1.0,6103,order_id_duplicado,fecha_local_bolivia_convertida_utc,,ORD-2026-06102,CLI-060,PROD-052,2026-08-05 11:46:00,Oruro,CAM-24,CHO-095,381,381.0,72,64.4,1,1,1,ORD-2026-06102,False,CLI-060,False,PROD-052,False,CAM-24,False,CHO-095,False,Oruro,False,381,False,381.0,False,False,381.0,False,False,72.0,False,False,64.4,False,False,1.0,False,False,1.0,False,False,1.0,False,False,iso,True,2026-08-05 15:46:00+00:00,False,True,True,True,False,,,True,1,0,order_id_duplicado,cuarentena
ORD-2026-06105,CLI-022,PROD-014,2026-08-30 04:41:00+00:00,Cochabamba,CAM-14,CHO-029,128.0,128.0,24.0,20.9,1.0,1.0,1.0,6106,producto_id_sin_correspondencia_silver,fecha_local_bolivia_convertida_utc,,ORD-2026-06105,CLI-022,PROD-014,2026-08-30 00:41:00,Cochabamba,CAM-14,CHO-029,128,128.0,24,20.9,1,1,1,ORD-2026-06105,False,CLI-022,False,PROD-014,False,CAM-14,False,CHO-029,False,Cochabamba,False,128,False,128.0,False,False,128.0,False,False,24.0,False,False,20.9,False,False,1.0,False,False,1.0,False,False,1.0,False,False,iso,True,2026-08-30 04:41:00+00:00,False,True,False,True,False,,,True,1,0,producto_id_sin_correspondencia_silver,cuarentena
ORD-2026-06107,CLI-018,PROD-026,2026-08-25 16:50:00+00:00,Santa Cruz,CAM-08,CHO-145,116.0,106.0,72.0,76.4,0.0,0.0,0.0,6108,producto_id_sin_correspondencia_silver,fecha_local_bolivia_convertida_utc,,ORD-2026-06107,CLI-018,PROD-026,2026-08-25 12:50:00,Santa Cruz,CAM-08,CHO-145,116,106.0,72,76.4,0,0,0,ORD-2026-06107,False,CLI-018,False,PROD-026,False,CAM-08,False,CHO-145,False,Santa Cruz,False,116,False,116.0,False,False,106.0,False,False,72.0,False,False,76.4,False,False,0.0,False,False,0.0,False,False,0.0,False,False,iso,True,2026-08-25 16:50:00+00:00,False,True,False,True,False,,,True,1,0,producto_id_sin_correspondencia_silver,cuarentena
ORD-2026-06112,CLI-004,PROD-010,2026-08-05 11:34:00+00:00,Oruro,CAM-03,CHO-066,472.0,472.0,72.0,80.9,0.0,1.0,0.0,6113,producto_id_sin_correspondencia_silver,fecha_local_bolivia_convertida_utc,,ORD-2026-06112,CLI-004,PROD-010,2026-08-05 07:34:00,Oruro,CAM-03,CHO-066,472,472.0,72,80.9,0,1,0,ORD-2026-06112,False,CLI-004,False,PROD-010,False,CAM-03,False,CHO-066,False,Oruro,False,472,False,472.0,False,False,472.0,False,False,72.0,False,False,80.9,False,False,0.0,False,False,1.0,False,False,0.0,False,False,iso,True,2026-08-05 11:34:00+00:00,False,True,False,True,False,,,True,1,0,producto_id_sin_correspondencia_silver,cuarentena
ORD-2026-06113,CLI-009,PROD-024,2026-08-25 00:41:00+00:00,Tarija,CAM-19,CHO-078,53.0,53.0,24.0,29.9,0.0,1.0,0.0,6114,producto_id_sin_correspondencia_silver,fecha_local_bolivia_convertida_utc,,ORD-2026-06113,CLI-009,PROD-024,2026-08-24 20:41:00,Tarija,CAM-19,CHO-078,53,53.0,24,29.9,0,1,0,ORD-2026-06113,False,CLI-009,False,PROD-024,False,CAM-19,False,CHO-078,False,Tarija,False,53,False,53.0,False,False,53.0,False,False,24.0,False,False,29.9,False,False,0.0,False,False,1.0,False,False,0.0,False,False,iso,True,2026-08-25 00:41:00+00:00,False,True,False,True,False,,,True,1,0,producto_id_sin_correspondencia_silver,cuarentena
ORD-2026-06121,CLI-029,PROD-052,2026-08-11 05:36:00+00:00,Cochabamba,CAM-01,CHO-061,104.0,104.0,48.0,32.3,1.0,1.0,1.0,6122,camion_id_sin_correspondencia_silver,fecha_local_bolivia_convertida_utc,,ORD-2026-06121,CLI-029,PROD-052,2026-08-11 01:36:00,Cochabamba,CAM-01,CHO-061,104,104.0,48,32.3,1,1,1,ORD-2026-06121,False,CLI-029,False,PROD-052,False,CAM-01,False,CHO-061,False,Cochabamba,False,104,False,104.0,False,False,104.0,False,False,48.0,False,False,32.3,False,False,1.0,False,False,1.0,False,False,1.0,False,False,iso,True,2026-08-11 05:36:00+00:00,False,True,True,False,False,,,True,1,0,camion_id_sin_correspondencia_silver,cuarentena
ORD-2026-06126,CLI-078,PROD-036,2026-08-22 10:35:00+00:00,Tarija,CAM-19,CHO-119,427.0,427.0,24.0,25.8,0.0,1.0,0.0,6127,producto_id_sin_correspondencia_silver,fecha_local_bolivia_convertida_utc,,ORD-2026-06126,CLI-078,PROD-036,2026-08-22 06:35:00,Tarija,CAM-19,CHO-119,427,427.0,24,25.8,0,1,0,ORD-2026-06126,False,CLI-078,False,PROD-036,False,CAM-19,False,CHO-119,False,Tarija,False,427,False,427.0,False,False,427.0,False,False,24.0,False,False,25.8,False,False,0.0,False,False,1.0,False,False,0.0,False,False,iso,True,2026-08-22 10:35:00+00:00,False,True,False,True,False,,,True,1,0,producto_id_sin_correspondencia_silver,cuarentena
ORD-2026-06135,CLI-025,PROD-042,2026-08-24 15:14:00+00:00,Santa Cruz,CAM-29,CHO-058,124.0,,72.0,70.1,1.0,0.0,0.0,6136,requerido_ausente:cantidad_entregada,fecha_local_bolivia_convertida_utc,,ORD-2026-06135,CLI-025,PROD-042,2026-08-24 11:14:00,Santa Cruz,CAM-29,CHO-058,124,,72,70.1,1,0,0,ORD-2026-06135,False,CLI-025,False,PROD-042,False,CAM-29,False,CHO-058,False,Santa Cruz,False,124,False,124.0,False,False,,False,False,72.0,False,False,70.1,False,False,1.0,False,False,0.0,False,False,0.0,False,False,iso,True,2026-08-24 15:14:00+00:00,False,True,True,True,False,,,True,1,0,requerido_ausente:cantidad_entregada,cuarentena
ORD-2026-06137,CLI-058,PROD-014,2026-08-09 20:11:00+00:00,Oruro,CAM-20,CHO-046,380.0,380.0,72.0,56.0,1.0,1.0,1.0,6138,producto_id_sin_correspondencia_silver,fecha_local_bolivia_convertida_utc,,ORD-2026-06137,CLI-058,PROD-014,2026-08-09 16:11:00,Oruro,CAM-20,CHO-046,380,380.0,72,56.0,1,1,1,ORD-2026-06137,False,CLI-058,False,PROD-014,False,CAM-20,False,CHO-046,False,Oruro,False,380,False,380.0,False,False,380.0,False,False,72.0,False,False,56.0,False,False,1.0,False,False,1.0,False,False,1.0,False,False,iso,True,2026-08-09 20:11:00+00:00,False,True,False,True,False,,,True,1,0,producto_id_sin_correspondencia_silver,cuarentena
ORD-2026-06144,CLI-002,PROD-036,2026-08-09 02:51:00+00:00,Cochabamba,CAM-05,CHO-003,125.0,125.0,72.0,83.6,0.0,1.0,0.0,6145,producto_id_sin_correspondencia_silver,fecha_local_bolivia_convertida_utc,,ORD-2026-06144,CLI-002,PROD-036,2026-08-08 22:51:00,Cochabamba,CAM-05,CHO-003,125,125.0,72,83.6,0,1,0,ORD-2026-06144,False,CLI-002,False,PROD-036,False,CAM-05,False,CHO-003,False,Cochabamba,False,125,False,125.0,False,False,125.0,False,False,72.0,False,False,83.6,False,False,0.0,False,False,1.0,False,False,0.0,False,False,iso,True,2026-08-09 02:51:00+00:00,False,True,False,True,False,,,True,1,0,producto_id_sin_correspondencia_silver,cuarentena
ORD-2026-06149,CLI-086,PROD-044,2026-08-29 21:27:00+00:00,Cochabamba,CAM-01,CHO-016,50.0,342.0,24.0,17.4,1.0,1.0,1.0,6150,cantidad_entregada_mayor_solicitada | camion_id_sin_correspondencia_silver,numero_escrito_normalizado:cantidad_solicitada | fecha_local_bolivia_convertida_utc,,ORD-2026-06149,CLI-086,PROD-044,2026-08-29 17:27:00,Cochabamba,CAM-01,CHO-016,cincuenta,342.0,24,17.4,1,1,1,ORD-2026-06149,False,CLI-086,False,PROD-044,False,CAM-01,False,CHO-016,False,Cochabamba,False,50,True,50.0,False,False,342.0,False,False,24.0,False,False,17.4,False,False,1.0,False,False,1.0,False,False,1.0,False,False,iso,True,2026-08-29 21:27:00+00:00,False,True,True,False,False,,,True,2,0,cantidad_entregada_mayor_solicitada | camion_id_sin_correspondencia_silver,cuarentena
ORD-2026-06156,CLI-010,PROD-024,2026-08-07 08:46:00+00:00,Santa Cruz,CAM-23,CHO-090,105.0,105.0,24.0,15.7,1.0,1.0,1.0,6157,producto_id_sin_correspondencia_silver,fecha_local_bolivia_convertida_utc,,ORD-2026-06156,CLI-010,PROD-024,2026-08-07 04:46:00,Santa Cruz,CAM-23,CHO-090,105,105.0,24,15.7,1,1,1,ORD-2026-06156,False,CLI-010,False,PROD-024,False,CAM-23,False,CHO-090,False,Santa Cruz,False,105,False,105.0,False,False,105.0,False,False,24.0,False,False,15.7,False,False,1.0,False,False,1.0,False,False,1.0,False,False,iso,True,2026-08-07 08:46:00+00:00,False,True,False,True,False,,,True,1,0,producto_id_sin_correspondencia_silver,cuarentena
ORD-2026-06162,CLI-008,PROD-014,2026-08-07 05:41:00+00:00,Tarija,CAM-26,CHO-005,50.0,50.0,24.0,24.6,0.0,1.0,0.0,6163,producto_id_sin_correspondencia_silver,fecha_local_bolivia_convertida_utc,,ORD-2026-06162,CLI-008,PROD-014,2026-08-07 01:41:00,Tarija,CAM-26,CHO-005,50,50.0,24,24.6,0,1,0,ORD-2026-06162,False,CLI-008,False,PROD-014,False,CAM-26,False,CHO-005,False,Tarija,False,50,False,50.0,False,False,50.0,False,False,24.0,False,False,24.6,False,False,0.0,False,False,1.0,False,False,0.0,False,False,iso,True,2026-08-07 05:41:00+00:00,False,True,False,True,False,,,True,1,0,producto_id_sin_correspondencia_silver,cuarentena
ORD-2026-06165,CLI-087,PROD-013,2026-08-24 13:18:00+00:00,Cochabamba,CAM-27,CHO-085,73.0,73.0,24.0,17.5,1.0,1.0,1.0,6166,camion_id_sin_correspondencia_silver,fecha_local_bolivia_convertida_utc,,ORD-2026-06165,CLI-087,PROD-013,2026-08-24 09:18:00,Cochabamba,CAM-27,CHO-085,73,73.0,24,17.5,1,1,1,ORD-2026-06165,False,CLI-087,False,PROD-013,False,CAM-27,False,CHO-085,False,Cochabamba,False,73,False,73.0,False,False,73.0,False,False,24.0,False,False,17.5,False,False,1.0,False,False,1.0,False,False,1.0,False,False,iso,True,2026-08-24 13:18:00+00:00,False,True,True,False,False,,,True,1,0,camion_id_sin_correspondencia_silver,cuarentena
ORD-2026-06172,CLI-092,PROD-028,2026-08-25 12:30:00+00:00,Santa Cruz,CAM-18,CHO-150,412.0,407.0,48.0,52.1,0.0,0.0,0.0,6173,producto_id_sin_correspondencia_silver,fecha_local_bolivia_convertida_utc,,ORD-2026-06172,CLI-092,PROD-028,2026-08-25 08:30:00,Santa Cruz,CAM-18,CHO-150,412,407.0,48,52.1,0,0,0,ORD-2026-06172,False,CLI-092,False,PROD-028,False,CAM-18,False,CHO-150,False,Santa Cruz,False,412,False,412.0,False,False,407.0,False,False,48.0,False,False,52.1,False,False,0.0,False,False,0.0,False,False,0.0,False,False,iso,True,2026-08-25 12:30:00+00:00,False,True,False,True,False,,,True,1,0,producto_id_sin_correspondencia_silver,cuarentena
ORD-2026-06179,CLI-007,PROD-001,2026-08-01 05:00:00+00:00,La Paz,CAM-10,CHO-134,85.0,,48.0,45.0,1.0,1.0,1.0,6180,requerido_ausente:cantidad_entregada,fecha_local_bolivia_convertida_utc,,ORD-2026-06179,CLI-007,PROD-001,2026-08-01 01:00:00,La Paz,CAM-10,CHO-134,85,,48,45.0,1,1,1,ORD-2026-06179,False,CLI-007,False,PROD-001,False,CAM-10,False,CHO-134,False,La Paz,False,85,False,85.0,False,False,,False,False,48.0,False,False,45.0,False,False,1.0,False,False,1.0,False,False,1.0,False,False,iso,True,2026-08-01 05:00:00+00:00,False,True,True,True,False,,,True,1,0,requerido_ausente:cantidad_entregada,cuarentena
ORD-2026-06180,CLI-013,PROD-026,2026-08-11 06:34:00+00:00,Oruro,CAM-24,CHO-027,129.0,129.0,72.0,46.9,1.0,1.0,1.0,6181,producto_id_sin_correspondencia_silver,fecha_local_bolivia_convertida_utc,,ORD-2026-06180,CLI-013,PROD-026,2026-08-11 02:34:00,Oruro,CAM-24,CHO-027,129,129.0,72,46.9,1,1,1,ORD-2026-06180,False,CLI-013,False,PROD-026,False,CAM-24,False,CHO-027,False,Oruro,False,129,False,129.0,False,False,129.0,False,False,72.0,False,False,46.9,False,False,1.0,False,False,1.0,False,False,1.0,False,False,iso,True,2026-08-11 06:34:00+00:00,False,True,False,True,False,,,True,1,0,producto_id_sin_correspondencia_silver,cuarentena
ORD-2026-06184,CLI-050,PROD-038,2026-08-26 23:11:00+00:00,Cochabamba,CAM-27,CHO-051,69.0,69.0,48.0,53.5,0.0,1.0,0.0,6185,camion_id_sin_correspondencia_silver,fecha_local_bolivia_convertida_utc,,ORD-2026-06184,CLI-050,PROD-038,2026-08-26 19:11:00,Cochabamba,CAM-27,CHO-051,69,69.0,48,53.5,0,1,0,ORD-2026-06184,False,CLI-050,False,PROD-038,False,CAM-27,False,CHO-051,False,Cochabamba,False,69,False,69.0,False,False,69.0,False,False,48.0,False,False,53.5,False,False,0.0,False,False,1.0,False,False,0.0,False,False,iso,True,2026-08-26 23:11:00+00:00,False,True,True,False,False,,,True,1,0,camion_id_sin_correspondencia_silver,cuarentena
ORD-2026-06198,CLI-045,PROD-014,2026-08-28 04:03:00+00:00,La Paz,CAM-12,CHO-011,441.0,441.0,48.0,20.0,1.0,1.0,1.0,6199,producto_id_sin_correspondencia_silver,fecha_local_bolivia_convertida_utc,,ORD-2026-06198,CLI-045,PROD-014,2026-08-28 00:03:00,La Paz,CAM-12,CHO-011,441,441.0,48,20.0,1,1,1,ORD-2026-06198,False,CLI-045,False,PROD-014,False,CAM-12,False,CHO-011,False,La Paz,False,441,False,441.0,False,False,441.0,False,False,48.0,False,False,20.0,False,False,1.0,False,False,1.0,False,False,1.0,False,False,iso,True,2026-08-28 04:03:00+00:00,False,True,False,True,False,,,True,1,0,producto_id_sin_correspondencia_silver,cuarentena
ORD-2026-06199,CLI-040,PROD-026,2026-08-10 00:21:00+00:00,Tarija,CAM-19,CHO-074,384.0,,24.0,20.2,1.0,1.0,1.0,6200,producto_id_sin_correspondencia_silver | requerido_ausente:cantidad_entregada,fecha_local_bolivia_convertida_utc,,ORD-2026-06199,CLI-040,PROD-026,2026-08-09 20:21:00,Tarija,CAM-19,CHO-074,384,,24,20.2,1,1,1,ORD-2026-06199,False,CLI-040,False,PROD-026,False,CAM-19,False,CHO-074,False,Tarija,False,384,False,384.0,False,False,,False,False,24.0,False,False,20.2,False,False,1.0,False,False,1.0,False,False,1.0,False,False,iso,True,2026-08-10 00:21:00+00:00,False,True,False,True,False,,,True,1,0,producto_id_sin_correspondencia_silver | requerido_ausente:cantidad_entregada,cuarentena
ORD-2026-06201,CLI-041,PROD-014,2026-08-23 12:16:00+00:00,La Paz,CAM-15,CHO-001,438.0,438.0,24.0,23.7,1.0,1.0,1.0,6202,producto_id_sin_correspondencia_silver,fecha_local_bolivia_convertida_utc,,ORD-2026-06201,CLI-041,PROD-014,2026-08-23 08:16:00,La Paz,CAM-15,CHO-001,438,438.0,24,23.7,1,1,1,ORD-2026-06201,False,CLI-041,False,PROD-014,False,CAM-15,False,CHO-001,False,La Paz,False,438,False,438.0,False,False,438.0,False,False,24.0,False,False,23.7,False,False,1.0,False,False,1.0,False,False,1.0,False,False,iso,True,2026-08-23 12:16:00+00:00,False,True,False,True,False,,,True,1,0,producto_id_sin_correspondencia_silver,cuarentena
ORD-2026-06207,CLI-020,PROD-026,2026-08-15 14:37:00+00:00,Santa Cruz,CAM-08,CHO-034,38.0,38.0,48.0,43.8,1.0,1.0,1.0,6208,producto_id_sin_correspondencia_silver,fecha_local_bolivia_convertida_utc,,ORD-2026-06207,CLI-020,PROD-026,2026-08-15 10:37:00,Santa Cruz,CAM-08,CHO-034,38,38.0,48,43.8,1,1,1,ORD-2026-06207,False,CLI-020,False,PROD-026,False,CAM-08,False,CHO-034,False,Santa Cruz,False,38,False,38.0,False,False,38.0,False,False,48.0,False,False,43.8,False,False,1.0,False,False,1.0,False,False,1.0,False,False,iso,True,2026-08-15 14:37:00+00:00,False,True,False,True,False,,,True,1,0,producto_id_sin_correspondencia_silver,cuarentena
ORD-2026-06217,CLI-052,PROD-024,2026-08-26 07:31:00+00:00,La Paz,CAM-07,CHO-126,52.0,52.0,72.0,77.6,0.0,1.0,0.0,6218,producto_id_sin_correspondencia_silver,fecha_local_bolivia_convertida_utc,,ORD-2026-06217,CLI-052,PROD-024,2026-08-26 03:31:00,La Paz,CAM-07,CHO-126,52,52.0,72,77.6,0,1,0,ORD-2026-06217,False,CLI-052,False,PROD-024,False,CAM-07,False,CHO-126,False,La Paz,False,52,False,52.0,False,False,52.0,False,False,72.0,False,False,77.6,False,False,0.0,False,False,1.0,False,False,0.0,False,False,iso,True,2026-08-26 07:31:00+00:00,False,True,False,True,False,,,True,1,0,producto_id_sin_correspondencia_silver,cuarentena
ORD-2026-06224,CLI-044,PROD-036,2026-08-13 23:11:00+00:00,Santa Cruz,CAM-08,CHO-133,214.0,214.0,72.0,39.9,1.0,1.0,1.0,6225,producto_id_sin_correspondencia_silver,fecha_local_bolivia_convertida_utc,,ORD-2026-06224,CLI-044,PROD-036,2026-08-13 19:11:00,Santa Cruz,CAM-08,CHO-133,214,214.0,72,39.9,1,1,1,ORD-2026-06224,False,CLI-044,False,PROD-036,False,CAM-08,False,CHO-133,False,Santa Cruz,False,214,False,214.0,False,False,214.0,False,False,72.0,False,False,39.9,False,False,1.0,False,False,1.0,False,False,1.0,False,False,iso,True,2026-08-13 23:11:00+00:00,False,True,False,True,False,,,True,1,0,producto_id_sin_correspondencia_silver,cuarentena
ORD-2026-06228,CLI-064,PROD-004,2026-08-27 18:23:00+00:00,Cochabamba,CAM-01,CHO-077,361.0,361.0,48.0,45.7,1.0,1.0,1.0,6229,camion_id_sin_correspondencia_silver,fecha_local_bolivia_convertida_utc,,ORD-2026-06228,CLI-064,PROD-004,2026-08-27 14:23:00,Cochabamba,CAM-01,CHO-077,361,361.0,48,45.7,1,1,1,ORD-2026-06228,False,CLI-064,False,PROD-004,False,CAM-01,False,CHO-077,False,Cochabamba,False,361,False,361.0,False,False,361.0,False,False,48.0,False,False,45.7,False,False,1.0,False,False,1.0,False,False,1.0,False,False,iso,True,2026-08-27 18:23:00+00:00,False,True,True,False,False,,,True,1,0,camion_id_sin_correspondencia_silver,cuarentena
ORD-2026-06232,CLI-082,PROD-024,2026-08-12 04:38:00+00:00,Santa Cruz,CAM-08,CHO-114,38.0,38.0,48.0,39.5,1.0,1.0,1.0,6233,producto_id_sin_correspondencia_silver,fecha_local_bolivia_convertida_utc,,ORD-2026-06232,CLI-082,PROD-024,2026-08-12 00:38:00,Santa Cruz,CAM-08,CHO-114,38,38.0,48,39.5,1,1,1,ORD-2026-06232,False,CLI-082,False,PROD-024,False,CAM-08,False,CHO-114,False,Santa Cruz,False,38,False,38.0,False,False,38.0,False,False,48.0,False,False,39.5,False,False,1.0,False,False,1.0,False,False,1.0,False,False,iso,True,2026-08-12 04:38:00+00:00,False,True,False,True,False,,,True,1,0,producto_id_sin_correspondencia_silver,cuarentena
ORD-2026-06236,CLI-017,PROD-024,2026-08-04 20:56:00+00:00,La Paz,CAM-04,CHO-134,233.0,233.0,72.0,53.0,1.0,1.0,1.0,6237,producto_id_sin_correspondencia_silver,fecha_local_bolivia_convertida_utc,,ORD-2026-06236,CLI-017,PROD-024,2026-08-04 16:56:00,La Paz,CAM-04,CHO-134,233,233.0,72,53.0,1,1,1,ORD-2026-06236,False,CLI-017,False,PROD-024,False,CAM-04,False,CHO-134,False,La Paz,False,233,False,233.0,False,False,233.0,False,False,72.0,False,False,53.0,False,False,1.0,False,False,1.0,False,False,1.0,False,False,iso,True,2026-08-04 20:56:00+00:00,False,True,False,True,False,,,True,1,0,producto_id_sin_correspondencia_silver,cuarentena
ORD-2026-06245,CLI-014,PROD-036,2026-08-08 09:32:00+00:00,Tarija,CAM-26,CHO-059,352.0,352.0,24.0,17.7,1.0,1.0,1.0,6246,producto_id_sin_correspondencia_silver,fecha_local_bolivia_convertida_utc,,ORD-2026-06245,CLI-014,PROD-036,2026-08-08 05:32:00,Tarija,CAM-26,CHO-059,352,352.0,24,17.7,1,1,1,ORD-2026-06245,False,CLI-014,False,PROD-036,False,CAM-26,False,CHO-059,False,Tarija,False,352,False,352.0,False,False,352.0,False,False,24.0,False,False,17.7,False,False,1.0,False,False,1.0,False,False,1.0,False,False,iso,True,2026-08-08 09:32:00+00:00,False,True,False,True,False,,,True,1,0,producto_id_sin_correspondencia_silver,cuarentena
ORD-2026-06248,CLI-065,PROD-017,2026-08-01 17:55:00+00:00,Santa Cruz,CAM-23,CHO-116,55.0,,72.0,62.5,1.0,1.0,1.0,6249,requerido_ausente:cantidad_entregada,fecha_local_bolivia_convertida_utc,,ORD-2026-06248,CLI-065,PROD-017,2026-08-01 13:55:00,Santa Cruz,CAM-23,CHO-116,55,,72,62.5,1,1,1,ORD-2026-06248,False,CLI-065,False,PROD-017,False,CAM-23,False,CHO-116,False,Santa Cruz,False,55,False,55.0,False,False,,False,False,72.0,False,False,62.5,False,False,1.0,False,False,1.0,False,False,1.0,False,False,iso,True,2026-08-01 17:55:00+00:00,False,True,True,True,False,,,True,1,0,requerido_ausente:cantidad_entregada,cuarentena
ORD-2026-06260,CLI-060,PROD-024,2026-08-12 20:40:00+00:00,Cochabamba,CAM-13,CHO-115,423.0,423.0,24.0,22.4,1.0,1.0,1.0,6261,producto_id_sin_correspondencia_silver,fecha_local_bolivia_convertida_utc,,ORD-2026-06260,CLI-060,PROD-024,2026-08-12 16:40:00,Cochabamba,CAM-13,CHO-115,423,423.0,24,22.4,1,1,1,ORD-2026-06260,False,CLI-060,False,PROD-024,False,CAM-13,False,CHO-115,False,Cochabamba,False,423,False,423.0,False,False,423.0,False,False,24.0,False,False,22.4,False,False,1.0,False,False,1.0,False,False,1.0,False,False,iso,True,2026-08-12 20:40:00+00:00,False,True,False,True,False,,,True,1,0,producto_id_sin_correspondencia_silver,cuarentena
ORD-2026-06267,CLI-092,PROD-010,2026-08-08 01:33:00+00:00,La Paz,CAM-15,CHO-117,188.0,188.0,72.0,33.7,1.0,1.0,1.0,6268,producto_id_sin_correspondencia_silver,fecha_local_bolivia_convertida_utc,,ORD-2026-06267,CLI-092,PROD-010,2026-08-07 21:33:00,La Paz,CAM-15,CHO-117,188,188.0,72,33.7,1,1,1,ORD-2026-06267,False,CLI-092,False,PROD-010,False,CAM-15,False,CHO-117,False,La Paz,False,188,False,188.0,False,False,188.0,False,False,72.0,False,False,33.7,False,False,1.0,False,False,1.0,False,False,1.0,False,False,iso,True,2026-08-08 01:33:00+00:00,False,True,False,True,False,,,True,1,0,producto_id_sin_correspondencia_silver,cuarentena
ORD-2026-06281,CLI-032,PROD-015,2026-08-05 14:06:00+00:00,Cochabamba,CAM-27,CHO-079,201.0,201.0,48.0,35.9,1.0,1.0,1.0,6282,camion_id_sin_correspondencia_silver,fecha_local_bolivia_convertida_utc,,ORD-2026-06281,CLI-032,PROD-015,2026-08-05 10:06:00,Cochabamba,CAM-27,CHO-079,201,201.0,48,35.9,1,1,1,ORD-2026-06281,False,CLI-032,False,PROD-015,False,CAM-27,False,CHO-079,False,Cochabamba,False,201,False,201.0,False,False,201.0,False,False,48.0,False,False,35.9,False,False,1.0,False,False,1.0,False,False,1.0,False,False,iso,True,2026-08-05 14:06:00+00:00,False,True,True,False,False,,,True,1,0,camion_id_sin_correspondencia_silver,cuarentena
ORD-2026-06292,CLI-025,PROD-014,2026-08-21 20:03:00+00:00,Tarija,CAM-21,CHO-084,155.0,155.0,24.0,22.4,1.0,1.0,1.0,6293,producto_id_sin_correspondencia_silver,fecha_local_bolivia_convertida_utc,,ORD-2026-06292,CLI-025,PROD-014,2026-08-21 16:03:00,Tarija,CAM-21,CHO-084,155,155.0,24,22.4,1,1,1,ORD-2026-06292,False,CLI-025,False,PROD-014,False,CAM-21,False,CHO-084,False,Tarija,False,155,False,155.0,False,False,155.0,False,False,24.0,False,False,22.4,False,False,1.0,False,False,1.0,False,False,1.0,False,False,iso,True,2026-08-21 20:03:00+00:00,False,True,False,True,False,,,True,1,0,producto_id_sin_correspondencia_silver,cuarentena
ORD-2026-06295,CLI-034,PROD-024,2026-08-02 13:13:00+00:00,La Paz,CAM-28,CHO-013,267.0,267.0,48.0,32.5,1.0,1.0,1.0,6296,producto_id_sin_correspondencia_silver,fecha_local_bolivia_convertida_utc,,ORD-2026-06295,CLI-034,PROD-024,2026-08-02 09:13:00,La Paz,CAM-28,CHO-013,267,267.0,48,32.5,1,1,1,ORD-2026-06295,False,CLI-034,False,PROD-024,False,CAM-28,False,CHO-013,False,La Paz,False,267,False,267.0,False,False,267.0,False,False,48.0,False,False,32.5,False,False,1.0,False,False,1.0,False,False,1.0,False,False,iso,True,2026-08-02 13:13:00+00:00,False,True,False,True,False,,,True,1,0,producto_id_sin_correspondencia_silver,cuarentena
ORD-2026-06296,CLI-044,PROD-036,2026-08-10 23:04:00+00:00,La Paz,CAM-28,CHO-103,379.0,379.0,24.0,17.3,1.0,1.0,1.0,6297,producto_id_sin_correspondencia_silver,fecha_local_bolivia_convertida_utc,,ORD-2026-06296,CLI-044,PROD-036,2026-08-10 19:04:00,La Paz,CAM-28,CHO-103,379,379.0,24,17.3,1,1,1,ORD-2026-06296,False,CLI-044,False,PROD-036,False,CAM-28,False,CHO-103,False,La Paz,False,379,False,379.0,False,False,379.0,False,False,24.0,False,False,17.3,False,False,1.0,False,False,1.0,False,False,1.0,False,False,iso,True,2026-08-10 23:04:00+00:00,False,True,False,True,False,,,True,1,0,producto_id_sin_correspondencia_silver,cuarentena
ORD-2026-06297,CLI-005,PROD-028,2026-08-21 01:11:00+00:00,La Paz,CAM-15,CHO-004,210.0,210.0,48.0,43.0,1.0,1.0,1.0,6298,producto_id_sin_correspondencia_silver,fecha_local_bolivia_convertida_utc,,ORD-2026-06297,CLI-005,PROD-028,2026-08-20 21:11:00,La Paz,CAM-15,CHO-004,210,210.0,48,43.0,1,1,1,ORD-2026-06297,False,CLI-005,False,PROD-028,False,CAM-15,False,CHO-004,False,La Paz,False,210,False,210.0,False,False,210.0,False,False,48.0,False,False,43.0,False,False,1.0,False,False,1.0,False,False,1.0,False,False,iso,True,2026-08-21 01:11:00+00:00,False,True,False,True,False,,,True,1,0,producto_id_sin_correspondencia_silver,cuarentena
ORD-2026-06307,CLI-073,PROD-036,2026-08-09 09:58:00+00:00,Oruro,CAM-03,CHO-046,15.0,15.0,24.0,26.9,0.0,1.0,0.0,6308,producto_id_sin_correspondencia_silver,fecha_local_bolivia_convertida_utc,,ORD-2026-06307,CLI-073,PROD-036,2026-08-09 05:58:00,Oruro,CAM-03,CHO-046,15,15.0,24,26.9,0,1,0,ORD-2026-06307,False,CLI-073,False,PROD-036,False,CAM-03,False,CHO-046,False,Oruro,False,15,False,15.0,False,False,15.0,False,False,24.0,False,False,26.9,False,False,0.0,False,False,1.0,False,False,0.0,False,False,iso,True,2026-08-09 09:58:00+00:00,False,True,False,True,False,,,True,1,0,producto_id_sin_correspondencia_silver,cuarentena
ORD-2026-06323,CLI-081,PROD-028,2026-08-15 01:31:00+00:00,La Paz,CAM-07,CHO-054,206.0,206.0,48.0,32.7,1.0,1.0,1.0,6324,producto_id_sin_correspondencia_silver,fecha_local_bolivia_convertida_utc,,ORD-2026-06323,CLI-081,PROD-028,2026-08-14 21:31:00,La Paz,CAM-07,CHO-054,206,206.0,48,32.7,1,1,1,ORD-2026-06323,False,CLI-081,False,PROD-028,False,CAM-07,False,CHO-054,False,La Paz,False,206,False,206.0,False,False,206.0,False,False,48.0,False,False,32.7,False,False,1.0,False,False,1.0,False,False,1.0,False,False,iso,True,2026-08-15 01:31:00+00:00,False,True,False,True,False,,,True,1,0,producto_id_sin_correspondencia_silver,cuarentena
ORD-2026-06327,CLI-016,PROD-028,2026-08-19 10:12:00+00:00,Santa Cruz,CAM-09,CHO-028,220.0,220.0,48.0,26.1,1.0,1.0,1.0,6328,producto_id_sin_correspondencia_silver,fecha_local_bolivia_convertida_utc,,ORD-2026-06327,CLI-016,PROD-028,2026-08-19 06:12:00,Santa Cruz,CAM-09,CHO-028,220,220.0,48,26.1,1,1,1,ORD-2026-06327,False,CLI-016,False,PROD-028,False,CAM-09,False,CHO-028,False,Santa Cruz,False,220,False,220.0,False,False,220.0,False,False,48.0,False,False,26.1,False,False,1.0,False,False,1.0,False,False,1.0,False,False,iso,True,2026-08-19 10:12:00+00:00,False,True,False,True,False,,,True,1,0,producto_id_sin_correspondencia_silver,cuarentena
ORD-2026-06329,CLI-024,PROD-018,2026-08-07 09:32:00+00:00,Cochabamba,CAM-13,CHO-143,296.0,,48.0,48.6,0.0,1.0,0.0,6330,requerido_ausente:cantidad_entregada,fecha_local_bolivia_convertida_utc,,ORD-2026-06329,CLI-024,PROD-018,2026-08-07 05:32:00,Cochabamba,CAM-13,CHO-143,296,,48,48.6,0,1,0,ORD-2026-06329,False,CLI-024,False,PROD-018,False,CAM-13,False,CHO-143,False,Cochabamba,False,296,False,296.0,False,False,,False,False,48.0,False,False,48.6,False,False,0.0,False,False,1.0,False,False,0.0,False,False,iso,True,2026-08-07 09:32:00+00:00,False,True,True,True,False,,,True,1,0,requerido_ausente:cantidad_entregada,cuarentena
ORD-2026-06333,CLI-059,PROD-059,2026-08-23 06:27:00+00:00,Tarija,CAM-19,CHO-043,124.0,,72.0,68.3,1.0,1.0,1.0,6334,requerido_ausente:cantidad_entregada,fecha_local_bolivia_convertida_utc,,ORD-2026-06333,CLI-059,PROD-059,2026-08-23 02:27:00,Tarija,CAM-19,CHO-043,124,,72,68.3,1,1,1,ORD-2026-06333,False,CLI-059,False,PROD-059,False,CAM-19,False,CHO-043,False,Tarija,False,124,False,124.0,False,False,,False,False,72.0,False,False,68.3,False,False,1.0,False,False,1.0,False,False,1.0,False,False,iso,True,2026-08-23 06:27:00+00:00,False,True,True,True,False,,,True,1,0,requerido_ausente:cantidad_entregada,cuarentena
ORD-2026-06334,CLI-072,PROD-014,2026-08-23 02:40:00+00:00,La Paz,CAM-15,CHO-064,72.0,72.0,48.0,39.2,1.0,1.0,1.0,6335,producto_id_sin_correspondencia_silver,fecha_local_bolivia_convertida_utc,,ORD-2026-06334,CLI-072,PROD-014,2026-08-22 22:40:00,La Paz,CAM-15,CHO-064,72,72.0,48,39.2,1,1,1,ORD-2026-06334,False,CLI-072,False,PROD-014,False,CAM-15,False,CHO-064,False,La Paz,False,72,False,72.0,False,False,72.0,False,False,48.0,False,False,39.2,False,False,1.0,False,False,1.0,False,False,1.0,False,False,iso,True,2026-08-23 02:40:00+00:00,False,True,False,True,False,,,True,1,0,producto_id_sin_correspondencia_silver,cuarentena
ORD-2026-06339,CLI-098,PROD-028,2026-08-09 23:26:00+00:00,La Paz,CAM-15,CHO-140,385.0,385.0,48.0,51.4,0.0,1.0,0.0,6340,producto_id_sin_correspondencia_silver,fecha_local_bolivia_convertida_utc,,ORD-2026-06339,CLI-098,PROD-028,2026-08-09 19:26:00,La Paz,CAM-15,CHO-140,385,385.0,48,51.4,0,1,0,ORD-2026-06339,False,CLI-098,False,PROD-028,False,CAM-15,False,CHO-140,False,La Paz,False,385,False,385.0,False,False,385.0,False,False,48.0,False,False,51.4,False,False,0.0,False,False,1.0,False,False,0.0,False,False,iso,True,2026-08-09 23:26:00+00:00,False,True,False,True,False,,,True,1,0,producto_id_sin_correspondencia_silver,cuarentena
ORD-2026-06348,CLI-098,PROD-014,2026-08-03 23:11:00+00:00,Santa Cruz,CAM-09,CHO-100,348.0,331.0,48.0,35.9,1.0,0.0,0.0,6349,producto_id_sin_correspondencia_silver,fecha_local_bolivia_convertida_utc,,ORD-2026-06348,CLI-098,PROD-014,2026-08-03 19:11:00,Santa Cruz,CAM-09,CHO-100,348,331.0,48,35.9,1,0,0,ORD-2026-06348,False,CLI-098,False,PROD-014,False,CAM-09,False,CHO-100,False,Santa Cruz,False,348,False,348.0,False,False,331.0,False,False,48.0,False,False,35.9,False,False,1.0,False,False,0.0,False,False,0.0,False,False,iso,True,2026-08-03 23:11:00+00:00,False,True,False,True,False,,,True,1,0,producto_id_sin_correspondencia_silver,cuarentena
ORD-2026-06358,CLI-057,PROD-044,2026-08-25 15:05:00+00:00,Cochabamba,CAM-01,CHO-051,16.0,16.0,48.0,41.5,1.0,1.0,1.0,6359,camion_id_sin_correspondencia_silver,fecha_local_bolivia_convertida_utc,,ORD-2026-06358,CLI-057,PROD-044,2026-08-25 11:05:00,Cochabamba,CAM-01,CHO-051,16,16.0,48,41.5,1,1,1,ORD-2026-06358,False,CLI-057,False,PROD-044,False,CAM-01,False,CHO-051,False,Cochabamba,False,16,False,16.0,False,False,16.0,False,False,48.0,False,False,41.5,False,False,1.0,False,False,1.0,False,False,1.0,False,False,iso,True,2026-08-25 15:05:00+00:00,False,True,True,False,False,,,True,1,0,camion_id_sin_correspondencia_silver,cuarentena
ORD-2026-06361,CLI-036,PROD-014,2026-08-10 05:28:00+00:00,Santa Cruz,CAM-18,CHO-028,411.0,411.0,48.0,40.5,1.0,1.0,1.0,6362,producto_id_sin_correspondencia_silver,fecha_local_bolivia_convertida_utc,,ORD-2026-06361,CLI-036,PROD-014,2026-08-10 01:28:00,Santa Cruz,CAM-18,CHO-028,411,411.0,48,40.5,1,1,1,ORD-2026-06361,False,CLI-036,False,PROD-014,False,CAM-18,False,CHO-028,False,Santa Cruz,False,411,False,411.0,False,False,411.0,False,False,48.0,False,False,40.5,False,False,1.0,False,False,1.0,False,False,1.0,False,False,iso,True,2026-08-10 05:28:00+00:00,False,True,False,True,False,,,True,1,0,producto_id_sin_correspondencia_silver,cuarentena
ORD-2026-06366,CLI-068,PROD-010,2026-08-02 15:56:00+00:00,Santa Cruz,CAM-09,CHO-112,67.0,67.0,24.0,16.7,1.0,1.0,1.0,6367,producto_id_sin_correspondencia_silver,fecha_local_bolivia_convertida_utc,,ORD-2026-06366,CLI-068,PROD-010,2026-08-02 11:56:00,Santa Cruz,CAM-09,CHO-112,67,67.0,24,16.7,1,1,1,ORD-2026-06366,False,CLI-068,False,PROD-010,False,CAM-09,False,CHO-112,False,Santa Cruz,False,67,False,67.0,False,False,67.0,False,False,24.0,False,False,16.7,False,False,1.0,False,False,1.0,False,False,1.0,False,False,iso,True,2026-08-02 15:56:00+00:00,False,True,False,True,False,,,True,1,0,producto_id_sin_correspondencia_silver,cuarentena
ORD-2026-06368,CLI-077,PROD-015,2026-08-03 01:55:00+00:00,La Paz,CAM-10,CHO-001,142.0,142.0,24.0,-21.2,1.0,1.0,1.0,6369,tiempo_real_negativo,fecha_local_bolivia_convertida_utc,,ORD-2026-06368,CLI-077,PROD-015,2026-08-02 21:55:00,La Paz,CAM-10,CHO-001,142,142.0,24,-21.2,1,1,1,ORD-2026-06368,False,CLI-077,False,PROD-015,False,CAM-10,False,CHO-001,False,La Paz,False,142,False,142.0,False,False,142.0,False,False,24.0,False,False,-21.2,False,False,1.0,False,False,1.0,False,False,1.0,False,False,iso,True,2026-08-03 01:55:00+00:00,False,True,True,True,False,,,True,1,0,tiempo_real_negativo,cuarentena
ORD-2026-06369,CLI-088,PROD-012,2026-08-23 12:17:00+00:00,Cochabamba,CAM-01,CHO-040,420.0,420.0,72.0,77.8,0.0,1.0,0.0,6370,camion_id_sin_correspondencia_silver,fecha_local_bolivia_convertida_utc,,ORD-2026-06369,CLI-088,PROD-012,2026-08-23 08:17:00,Cochabamba,CAM-01,CHO-040,420,420.0,72,77.8,0,1,0,ORD-2026-06369,False,CLI-088,False,PROD-012,False,CAM-01,False,CHO-040,False,Cochabamba,False,420,False,420.0,False,False,420.0,False,False,72.0,False,False,77.8,False,False,0.0,False,False,1.0,False,False,0.0,False,False,iso,True,2026-08-23 12:17:00+00:00,False,True,True,False,False,,,True,1,0,camion_id_sin_correspondencia_silver,cuarentena
ORD-2026-06377,CLI-012,PROD-032,2026-08-29 13:35:00+00:00,Cochabamba,CAM-27,CHO-079,82.0,82.0,24.0,18.3,1.0,1.0,1.0,6378,camion_id_sin_correspondencia_silver,fecha_local_bolivia_convertida_utc,,ORD-2026-06377,CLI-012,PROD-032,2026-08-29 09:35:00,Cochabamba,CAM-27,CHO-079,82,82.0,24,18.3,1,1,1,ORD-2026-06377,False,CLI-012,False,PROD-032,False,CAM-27,False,CHO-079,False,Cochabamba,False,82,False,82.0,False,False,82.0,False,False,24.0,False,False,18.3,False,False,1.0,False,False,1.0,False,False,1.0,False,False,iso,True,2026-08-29 13:35:00+00:00,False,True,True,False,False,,,True,1,0,camion_id_sin_correspondencia_silver,cuarentena
ORD-2026-06382,CLI-071,PROD-002,2026-08-26 20:12:00+00:00,Cochabamba,CAM-02,CHO-040,289.0,,24.0,18.1,1.0,1.0,1.0,6383,requerido_ausente:cantidad_entregada,fecha_local_bolivia_convertida_utc,,ORD-2026-06382,CLI-071,PROD-002,2026-08-26 16:12:00,Cochabamba,CAM-02,CHO-040,289,,24,18.1,1,1,1,ORD-2026-06382,False,CLI-071,False,PROD-002,False,CAM-02,False,CHO-040,False,Cochabamba,False,289,False,289.0,False,False,,False,False,24.0,False,False,18.1,False,False,1.0,False,False,1.0,False,False,1.0,False,False,iso,True,2026-08-26 20:12:00+00:00,False,True,True,True,False,,,True,1,0,requerido_ausente:cantidad_entregada,cuarentena
ORD-2026-06383,CLI-016,PROD-010,2026-08-17 23:08:00+00:00,Oruro,CAM-16,CHO-046,127.0,127.0,72.0,66.8,1.0,1.0,1.0,6384,producto_id_sin_correspondencia_silver,fecha_local_bolivia_convertida_utc,,ORD-2026-06383,CLI-016,PROD-010,2026-08-17 19:08:00,Oruro,CAM-16,CHO-046,127,127.0,72,66.8,1,1,1,ORD-2026-06383,False,CLI-016,False,PROD-010,False,CAM-16,False,CHO-046,False,Oruro,False,127,False,127.0,False,False,127.0,False,False,72.0,False,False,66.8,False,False,1.0,False,False,1.0,False,False,1.0,False,False,iso,True,2026-08-17 23:08:00+00:00,False,True,False,True,False,,,True,1,0,producto_id_sin_correspondencia_silver,cuarentena
ORD-2026-06396,CLI-013,PROD-028,2026-08-09 06:30:00+00:00,Tarija,CAM-19,CHO-025,316.0,316.0,48.0,33.4,1.0,1.0,1.0,6397,producto_id_sin_correspondencia_silver,fecha_local_bolivia_convertida_utc,,ORD-2026-06396,CLI-013,PROD-028,2026-08-09 02:30:00,Tarija,CAM-19,CHO-025,316,316.0,48,33.4,1,1,1,ORD-2026-06396,False,CLI-013,False,PROD-028,False,CAM-19,False,CHO-025,False,Tarija,False,316,False,316.0,False,False,316.0,False,False,48.0,False,False,33.4,False,False,1.0,False,False,1.0,False,False,1.0,False,False,iso,True,2026-08-09 06:30:00+00:00,False,True,False,True,False,,,True,1,0,producto_id_sin_correspondencia_silver,cuarentena
ORD-2026-06413,CLI-038,PROD-036,2026-08-08 16:30:00+00:00,Santa Cruz,CAM-08,CHO-039,481.0,469.0,24.0,10.2,1.0,0.0,0.0,6414,producto_id_sin_correspondencia_silver,fecha_local_bolivia_convertida_utc,,ORD-2026-06413,CLI-038,PROD-036,2026-08-08 12:30:00,Santa Cruz,CAM-08,CHO-039,481,469.0,24,10.2,1,0,0,ORD-2026-06413,False,CLI-038,False,PROD-036,False,CAM-08,False,CHO-039,False,Santa Cruz,False,481,False,481.0,False,False,469.0,False,False,24.0,False,False,10.2,False,False,1.0,False,False,0.0,False,False,0.0,False,False,iso,True,2026-08-08 16:30:00+00:00,False,True,False,True,False,,,True,1,0,producto_id_sin_correspondencia_silver,cuarentena
ORD-2026-06419,CLI-088,PROD-014,2026-08-06 18:59:00+00:00,La Paz,CAM-07,CHO-073,99.0,99.0,72.0,66.0,1.0,1.0,1.0,6420,producto_id_sin_correspondencia_silver,fecha_local_bolivia_convertida_utc,,ORD-2026-06419,CLI-088,PROD-014,2026-08-06 14:59:00,La Paz,CAM-07,CHO-073,99,99.0,72,66.0,1,1,1,ORD-2026-06419,False,CLI-088,False,PROD-014,False,CAM-07,False,CHO-073,False,La Paz,False,99,False,99.0,False,False,99.0,False,False,72.0,False,False,66.0,False,False,1.0,False,False,1.0,False,False,1.0,False,False,iso,True,2026-08-06 18:59:00+00:00,False,True,False,True,False,,,True,1,0,producto_id_sin_correspondencia_silver,cuarentena
ORD-2026-06424,CLI-082,PROD-024,2026-08-11 15:05:00+00:00,Oruro,CAM-03,CHO-066,261.0,261.0,24.0,14.7,1.0,1.0,1.0,6425,producto_id_sin_correspondencia_silver,fecha_local_bolivia_convertida_utc,,ORD-2026-06424,CLI-082,PROD-024,2026-08-11 11:05:00,Oruro,CAM-03,CHO-066,261,261.0,24,14.7,1,1,1,ORD-2026-06424,False,CLI-082,False,PROD-024,False,CAM-03,False,CHO-066,False,Oruro,False,261,False,261.0,False,False,261.0,False,False,24.0,False,False,14.7,False,False,1.0,False,False,1.0,False,False,1.0,False,False,iso,True,2026-08-11 15:05:00+00:00,False,True,False,True,False,,,True,1,0,producto_id_sin_correspondencia_silver,cuarentena
ORD-2026-06425,CLI-011,PROD-010,2026-08-16 11:52:00+00:00,Santa Cruz,CAM-23,CHO-127,248.0,248.0,48.0,43.4,1.0,1.0,1.0,6426,producto_id_sin_correspondencia_silver,fecha_local_bolivia_convertida_utc,,ORD-2026-06425,CLI-011,PROD-010,2026-08-16 07:52:00,Santa Cruz,CAM-23,CHO-127,248,248.0,48,43.4,1,1,1,ORD-2026-06425,False,CLI-011,False,PROD-010,False,CAM-23,False,CHO-127,False,Santa Cruz,False,248,False,248.0,False,False,248.0,False,False,48.0,False,False,43.4,False,False,1.0,False,False,1.0,False,False,1.0,False,False,iso,True,2026-08-16 11:52:00+00:00,False,True,False,True,False,,,True,1,0,producto_id_sin_correspondencia_silver,cuarentena
ORD-2026-06429,CLI-085,PROD-028,2026-08-10 22:17:00+00:00,Tarija,CAM-19,CHO-097,122.0,122.0,24.0,12.5,1.0,1.0,1.0,6430,producto_id_sin_correspondencia_silver,fecha_local_bolivia_convertida_utc,,ORD-2026-06429,CLI-085,PROD-028,2026-08-10 18:17:00,Tarija,CAM-19,CHO-097,122,122.0,24,12.5,1,1,1,ORD-2026-06429,False,CLI-085,False,PROD-028,False,CAM-19,False,CHO-097,False,Tarija,False,122,False,122.0,False,False,122.0,False,False,24.0,False,False,12.5,False,False,1.0,False,False,1.0,False,False,1.0,False,False,iso,True,2026-08-10 22:17:00+00:00,False,True,False,True,False,,,True,1,0,producto_id_sin_correspondencia_silver,cuarentena
ORD-2026-06443,CLI-026,PROD-010,2026-08-09 09:58:00+00:00,Oruro,CAM-03,CHO-038,495.0,495.0,72.0,67.8,1.0,1.0,1.0,6444,producto_id_sin_correspondencia_silver,fecha_local_bolivia_convertida_utc,,ORD-2026-06443,CLI-026,PROD-010,2026-08-09 05:58:00,Oruro,CAM-03,CHO-038,495,495.0,72,67.8,1,1,1,ORD-2026-06443,False,CLI-026,False,PROD-010,False,CAM-03,False,CHO-038,False,Oruro,False,495,False,495.0,False,False,495.0,False,False,72.0,False,False,67.8,False,False,1.0,False,False,1.0,False,False,1.0,False,False,iso,True,2026-08-09 09:58:00+00:00,False,True,False,True,False,,,True,1,0,producto_id_sin_correspondencia_silver,cuarentena
ORD-2026-06446,CLI-014,PROD-052,2026-08-17 23:03:00+00:00,Cochabamba,CAM-27,CHO-019,434.0,434.0,24.0,23.1,1.0,1.0,1.0,6447,camion_id_sin_correspondencia_silver,fecha_local_bolivia_convertida_utc,,ORD-2026-06446,CLI-014,PROD-052,2026-08-17 19:03:00,Cochabamba,CAM-27,CHO-019,434,434.0,24,23.1,1,1,1,ORD-2026-06446,False,CLI-014,False,PROD-052,False,CAM-27,False,CHO-019,False,Cochabamba,False,434,False,434.0,False,False,434.0,False,False,24.0,False,False,23.1,False,False,1.0,False,False,1.0,False,False,1.0,False,False,iso,True,2026-08-17 23:03:00+00:00,False,True,True,False,False,,,True,1,0,camion_id_sin_correspondencia_silver,cuarentena
ORD-2026-06447,CLI-093,PROD-036,2026-08-05 11:00:00+00:00,Tarija,CAM-26,CHO-078,11.0,11.0,24.0,15.3,1.0,1.0,1.0,6448,producto_id_sin_correspondencia_silver,fecha_local_bolivia_convertida_utc,,ORD-2026-06447,CLI-093,PROD-036,2026-08-05 07:00:00,Tarija,CAM-26,CHO-078,11,11.0,24,15.3,1,1,1,ORD-2026-06447,False,CLI-093,False,PROD-036,False,CAM-26,False,CHO-078,False,Tarija,False,11,False,11.0,False,False,11.0,False,False,24.0,False,False,15.3,False,False,1.0,False,False,1.0,False,False,1.0,False,False,iso,True,2026-08-05 11:00:00+00:00,False,True,False,True,False,,,True,1,0,producto_id_sin_correspondencia_silver,cuarentena
ORD-2026-06462,CLI-042,PROD-036,2026-08-13 16:39:00+00:00,Santa Cruz,CAM-08,CHO-129,462.0,462.0,24.0,15.2,1.0,1.0,1.0,6463,producto_id_sin_correspondencia_silver,fecha_local_bolivia_convertida_utc,,ORD-2026-06462,CLI-042,PROD-036,2026-08-13 12:39:00,Santa Cruz,CAM-08,CHO-129,462,462.0,24,15.2,1,1,1,ORD-2026-06462,False,CLI-042,False,PROD-036,False,CAM-08,False,CHO-129,False,Santa Cruz,False,462,False,462.0,False,False,462.0,False,False,24.0,False,False,15.2,False,False,1.0,False,False,1.0,False,False,1.0,False,False,iso,True,2026-08-13 16:39:00+00:00,False,True,False,True,False,,,True,1,0,producto_id_sin_correspondencia_silver,cuarentena
ORD-2026-06482,CLI-062,PROD-014,2026-08-05 22:45:00+00:00,Cochabamba,CAM-01,CHO-081,165.0,165.0,48.0,34.6,1.0,1.0,1.0,6483,producto_id_sin_correspondencia_silver | camion_id_sin_correspondencia_silver,fecha_local_bolivia_convertida_utc,,ORD-2026-06482,CLI-062,PROD-014,2026-08-05 18:45:00,Cochabamba,CAM-01,CHO-081,165,165.0,48,34.6,1,1,1,ORD-2026-06482,False,CLI-062,False,PROD-014,False,CAM-01,False,CHO-081,False,Cochabamba,False,165,False,165.0,False,False,165.0,False,False,48.0,False,False,34.6,False,False,1.0,False,False,1.0,False,False,1.0,False,False,iso,True,2026-08-05 22:45:00+00:00,False,True,False,False,False,,,True,1,0,producto_id_sin_correspondencia_silver | camion_id_sin_correspondencia_silver,cuarentena
ORD-2026-06488,CLI-028,PROD-012,2026-08-29 23:14:00+00:00,Cochabamba,CAM-01,CHO-062,106.0,106.0,48.0,53.1,0.0,1.0,0.0,6489,camion_id_sin_correspondencia_silver,fecha_local_bolivia_convertida_utc,,ORD-2026-06488,CLI-028,PROD-012,2026-08-29 19:14:00,Cochabamba,CAM-01,CHO-062,106,106.0,48,53.1,0,1,0,ORD-2026-06488,False,CLI-028,False,PROD-012,False,CAM-01,False,CHO-062,False,Cochabamba,False,106,False,106.0,False,False,106.0,False,False,48.0,False,False,53.1,False,False,0.0,False,False,1.0,False,False,0.0,False,False,iso,True,2026-08-29 23:14:00+00:00,False,True,True,False,False,,,True,1,0,camion_id_sin_correspondencia_silver,cuarentena
ORD-2026-06497,CLI-084,PROD-024,2026-08-17 08:43:00+00:00,Cochabamba,CAM-11,CHO-123,170.0,170.0,48.0,29.6,1.0,1.0,1.0,6498,producto_id_sin_correspondencia_silver,fecha_local_bolivia_convertida_utc,,ORD-2026-06497,CLI-084,PROD-024,2026-08-17 04:43:00,Cochabamba,CAM-11,CHO-123,170,170.0,48,29.6,1,1,1,ORD-2026-06497,False,CLI-084,False,PROD-024,False,CAM-11,False,CHO-123,False,Cochabamba,False,170,False,170.0,False,False,170.0,False,False,48.0,False,False,29.6,False,False,1.0,False,False,1.0,False,False,1.0,False,False,iso,True,2026-08-17 08:43:00+00:00,False,True,False,True,False,,,True,1,0,producto_id_sin_correspondencia_silver,cuarentena
ORD-2026-06499,CLI-004,PROD-046,2026-08-30 11:48:00+00:00,Cochabamba,CAM-01,CHO-087,301.0,301.0,48.0,40.5,1.0,1.0,1.0,6500,camion_id_sin_correspondencia_silver,fecha_local_bolivia_convertida_utc,,ORD-2026-06499,CLI-004,PROD-046,2026-08-30 07:48:00,Cochabamba,CAM-01,CHO-087,301,301.0,48,40.5,1,1,1,ORD-2026-06499,False,CLI-004,False,PROD-046,False,CAM-01,False,CHO-087,False,Cochabamba,False,301,False,301.0,False,False,301.0,False,False,48.0,False,False,40.5,False,False,1.0,False,False,1.0,False,False,1.0,False,False,iso,True,2026-08-30 11:48:00+00:00,False,True,True,False,False,,,True,1,0,camion_id_sin_correspondencia_silver,cuarentena
ORD-2026-06504,CLI-084,PROD-014,2026-08-10 10:14:00+00:00,Santa Cruz,CAM-08,CHO-146,395.0,395.0,48.0,31.3,1.0,1.0,1.0,6505,producto_id_sin_correspondencia_silver,fecha_local_bolivia_convertida_utc,,ORD-2026-06504,CLI-084,PROD-014,2026-08-10 06:14:00,Santa Cruz,CAM-08,CHO-146,395,395.0,48,31.3,1,1,1,ORD-2026-06504,False,CLI-084,False,PROD-014,False,CAM-08,False,CHO-146,False,Santa Cruz,False,395,False,395.0,False,False,395.0,False,False,48.0,False,False,31.3,False,False,1.0,False,False,1.0,False,False,1.0,False,False,iso,True,2026-08-10 10:14:00+00:00,False,True,False,True,False,,,True,1,0,producto_id_sin_correspondencia_silver,cuarentena
ORD-2026-06508,CLI-005,PROD-036,2026-08-23 14:43:00+00:00,Cochabamba,CAM-22,CHO-029,456.0,456.0,48.0,34.0,1.0,1.0,1.0,6509,producto_id_sin_correspondencia_silver,fecha_local_bolivia_convertida_utc,,ORD-2026-06508,CLI-005,PROD-036,2026-08-23 10:43:00,Cochabamba,CAM-22,CHO-029,456,456.0,48,34.0,1,1,1,ORD-2026-06508,False,CLI-005,False,PROD-036,False,CAM-22,False,CHO-029,False,Cochabamba,False,456,False,456.0,False,False,456.0,False,False,48.0,False,False,34.0,False,False,1.0,False,False,1.0,False,False,1.0,False,False,iso,True,2026-08-23 14:43:00+00:00,False,True,False,True,False,,,True,1,0,producto_id_sin_correspondencia_silver,cuarentena
ORD-2026-06517,CLI-060,PROD-031,2026-08-20 01:30:00+00:00,Cochabamba,CAM-27,CHO-123,111.0,111.0,72.0,61.5,1.0,1.0,1.0,6518,camion_id_sin_correspondencia_silver,fecha_local_bolivia_convertida_utc,,ORD-2026-06517,CLI-060,PROD-031,2026-08-19 21:30:00,Cochabamba,CAM-27,CHO-123,111,111.0,72,61.5,1,1,1,ORD-2026-06517,False,CLI-060,False,PROD-031,False,CAM-27,False,CHO-123,False,Cochabamba,False,111,False,111.0,False,False,111.0,False,False,72.0,False,False,61.5,False,False,1.0,False,False,1.0,False,False,1.0,False,False,iso,True,2026-08-20 01:30:00+00:00,False,True,True,False,False,,,True,1,0,camion_id_sin_correspondencia_silver,cuarentena
ORD-2026-06520,CLI-003,PROD-024,2026-08-12 11:32:00+00:00,Cochabamba,CAM-01,CHO-070,108.0,108.0,48.0,31.6,1.0,1.0,1.0,6521,producto_id_sin_correspondencia_silver | camion_id_sin_correspondencia_silver,fecha_local_bolivia_convertida_utc,,ORD-2026-06520,CLI-003,PROD-024,2026-08-12 07:32:00,Cochabamba,CAM-01,CHO-070,108,108.0,48,31.6,1,1,1,ORD-2026-06520,False,CLI-003,False,PROD-024,False,CAM-01,False,CHO-070,False,Cochabamba,False,108,False,108.0,False,False,108.0,False,False,48.0,False,False,31.6,False,False,1.0,False,False,1.0,False,False,1.0,False,False,iso,True,2026-08-12 11:32:00+00:00,False,True,False,False,False,,,True,1,0,producto_id_sin_correspondencia_silver | camion_id_sin_correspondencia_silver,cuarentena
ORD-2026-06521,CLI-019,PROD-026,2026-08-05 21:45:00+00:00,Cochabamba,CAM-22,CHO-083,178.0,178.0,72.0,51.0,1.0,1.0,1.0,6522,producto_id_sin_correspondencia_silver,fecha_local_bolivia_convertida_utc,,ORD-2026-06521,CLI-019,PROD-026,2026-08-05 17:45:00,Cochabamba,CAM-22,CHO-083,178,178.0,72,51.0,1,1,1,ORD-2026-06521,False,CLI-019,False,PROD-026,False,CAM-22,False,CHO-083,False,Cochabamba,False,178,False,178.0,False,False,178.0,False,False,72.0,False,False,51.0,False,False,1.0,False,False,1.0,False,False,1.0,False,False,iso,True,2026-08-05 21:45:00+00:00,False,True,False,True,False,,,True,1,0,producto_id_sin_correspondencia_silver,cuarentena
ORD-2026-06522,CLI-027,PROD-024,2026-08-02 09:17:00+00:00,Tarija,CAM-26,CHO-078,136.0,136.0,72.0,60.8,1.0,1.0,1.0,6523,producto_id_sin_correspondencia_silver,fecha_local_bolivia_convertida_utc,,ORD-2026-06522,CLI-027,PROD-024,2026-08-02 05:17:00,Tarija,CAM-26,CHO-078,136,136.0,72,60.8,1,1,1,ORD-2026-06522,False,CLI-027,False,PROD-024,False,CAM-26,False,CHO-078,False,Tarija,False,136,False,136.0,False,False,136.0,False,False,72.0,False,False,60.8,False,False,1.0,False,False,1.0,False,False,1.0,False,False,iso,True,2026-08-02 09:17:00+00:00,False,True,False,True,False,,,True,1,0,producto_id_sin_correspondencia_silver,cuarentena
ORD-2026-06524,CLI-044,PROD-026,2026-08-17 23:12:00+00:00,Oruro,CAM-24,CHO-038,392.0,392.0,48.0,44.9,1.0,1.0,1.0,6525,producto_id_sin_correspondencia_silver,fecha_local_bolivia_convertida_utc,,ORD-2026-06524,CLI-044,PROD-026,2026-08-17 19:12:00,Oruro,CAM-24,CHO-038,392,392.0,48,44.9,1,1,1,ORD-2026-06524,False,CLI-044,False,PROD-026,False,CAM-24,False,CHO-038,False,Oruro,False,392,False,392.0,False,False,392.0,False,False,48.0,False,False,44.9,False,False,1.0,False,False,1.0,False,False,1.0,False,False,iso,True,2026-08-17 23:12:00+00:00,False,True,False,True,False,,,True,1,0,producto_id_sin_correspondencia_silver,cuarentena
ORD-2026-06525,CLI-073,PROD-058,2026-08-01 17:45:00+00:00,Cochabamba,CAM-27,CHO-121,336.0,336.0,24.0,14.6,1.0,1.0,1.0,6526,camion_id_sin_correspondencia_silver,fecha_local_bolivia_convertida_utc,,ORD-2026-06525,CLI-073,PROD-058,2026-08-01 13:45:00,Cochabamba,CAM-27,CHO-121,336,336.0,24,14.6,1,1,1,ORD-2026-06525,False,CLI-073,False,PROD-058,False,CAM-27,False,CHO-121,False,Cochabamba,False,336,False,336.0,False,False,336.0,False,False,24.0,False,False,14.6,False,False,1.0,False,False,1.0,False,False,1.0,False,False,iso,True,2026-08-01 17:45:00+00:00,False,True,True,False,False,,,True,1,0,camion_id_sin_correspondencia_silver,cuarentena
ORD-2026-06530,CLI-093,PROD-028,2026-08-19 01:53:00+00:00,La Paz,CAM-15,CHO-073,50.0,405.0,48.0,48.2,0.0,1.0,0.0,6531,cantidad_entregada_mayor_solicitada | producto_id_sin_correspondencia_silver,numero_escrito_normalizado:cantidad_solicitada | fecha_local_bolivia_convertida_utc,,ORD-2026-06530,CLI-093,PROD-028,2026-08-18 21:53:00,La Paz,CAM-15,CHO-073,cincuenta,405.0,48,48.2,0,1,0,ORD-2026-06530,False,CLI-093,False,PROD-028,False,CAM-15,False,CHO-073,False,La Paz,False,50,True,50.0,False,False,405.0,False,False,48.0,False,False,48.2,False,False,0.0,False,False,1.0,False,False,0.0,False,False,iso,True,2026-08-19 01:53:00+00:00,False,True,False,True,False,,,True,2,0,cantidad_entregada_mayor_solicitada | producto_id_sin_correspondencia_silver,cuarentena
ORD-2026-06535,CLI-095,PROD-028,2026-08-30 07:49:00+00:00,La Paz,CAM-04,CHO-130,224.0,224.0,24.0,23.0,1.0,1.0,1.0,6536,producto_id_sin_correspondencia_silver,fecha_local_bolivia_convertida_utc,,ORD-2026-06535,CLI-095,PROD-028,2026-08-30 03:49:00,La Paz,CAM-04,CHO-130,224,224.0,24,23.0,1,1,1,ORD-2026-06535,False,CLI-095,False,PROD-028,False,CAM-04,False,CHO-130,False,La Paz,False,224,False,224.0,False,False,224.0,False,False,24.0,False,False,23.0,False,False,1.0,False,False,1.0,False,False,1.0,False,False,iso,True,2026-08-30 07:49:00+00:00,False,True,False,True,False,,,True,1,0,producto_id_sin_correspondencia_silver,cuarentena
ORD-2026-06549,CLI-084,PROD-036,2026-08-09 22:37:00+00:00,Tarija,CAM-26,CHO-119,271.0,271.0,48.0,36.7,1.0,1.0,1.0,6550,producto_id_sin_correspondencia_silver,fecha_local_bolivia_convertida_utc,,ORD-2026-06549,CLI-084,PROD-036,2026-08-09 18:37:00,Tarija,CAM-26,CHO-119,271,271.0,48,36.7,1,1,1,ORD-2026-06549,False,CLI-084,False,PROD-036,False,CAM-26,False,CHO-119,False,Tarija,False,271,False,271.0,False,False,271.0,False,False,48.0,False,False,36.7,False,False,1.0,False,False,1.0,False,False,1.0,False,False,iso,True,2026-08-09 22:37:00+00:00,False,True,False,True,False,,,True,1,0,producto_id_sin_correspondencia_silver,cuarentena
ORD-2026-06552,CLI-019,PROD-028,2026-08-24 03:48:00+00:00,Tarija,CAM-21,CHO-063,304.0,304.0,72.0,70.3,1.0,1.0,1.0,6553,producto_id_sin_correspondencia_silver,fecha_local_bolivia_convertida_utc,,ORD-2026-06552,CLI-019,PROD-028,2026-08-23 23:48:00,Tarija,CAM-21,CHO-063,304,304.0,72,70.3,1,1,1,ORD-2026-06552,False,CLI-019,False,PROD-028,False,CAM-21,False,CHO-063,False,Tarija,False,304,False,304.0,False,False,304.0,False,False,72.0,False,False,70.3,False,False,1.0,False,False,1.0,False,False,1.0,False,False,iso,True,2026-08-24 03:48:00+00:00,False,True,False,True,False,,,True,1,0,producto_id_sin_correspondencia_silver,cuarentena
ORD-2026-06561,CLI-036,PROD-014,2026-08-12 08:18:00+00:00,Santa Cruz,CAM-18,CHO-037,267.0,267.0,48.0,32.2,1.0,1.0,1.0,6562,producto_id_sin_correspondencia_silver,fecha_local_bolivia_convertida_utc,,ORD-2026-06561,CLI-036,PROD-014,2026-08-12 04:18:00,Santa Cruz,CAM-18,CHO-037,267,267.0,48,32.2,1,1,1,ORD-2026-06561,False,CLI-036,False,PROD-014,False,CAM-18,False,CHO-037,False,Santa Cruz,False,267,False,267.0,False,False,267.0,False,False,48.0,False,False,32.2,False,False,1.0,False,False,1.0,False,False,1.0,False,False,iso,True,2026-08-12 08:18:00+00:00,False,True,False,True,False,,,True,1,0,producto_id_sin_correspondencia_silver,cuarentena
ORD-2026-06564,CLI-029,PROD-014,2026-08-30 09:22:00+00:00,La Paz,CAM-04,CHO-018,395.0,395.0,72.0,58.2,1.0,1.0,1.0,6565,producto_id_sin_correspondencia_silver,fecha_local_bolivia_convertida_utc,,ORD-2026-06564,CLI-029,PROD-014,2026-08-30 05:22:00,La Paz,CAM-04,CHO-018,395,395.0,72,58.2,1,1,1,ORD-2026-06564,False,CLI-029,False,PROD-014,False,CAM-04,False,CHO-018,False,La Paz,False,395,False,395.0,False,False,395.0,False,False,72.0,False,False,58.2,False,False,1.0,False,False,1.0,False,False,1.0,False,False,iso,True,2026-08-30 09:22:00+00:00,False,True,False,True,False,,,True,1,0,producto_id_sin_correspondencia_silver,cuarentena
ORD-2026-06573,CLI-076,PROD-045,2026-08-23 23:50:00+00:00,Cochabamba,CAM-27,CHO-070,429.0,429.0,48.0,45.0,1.0,1.0,1.0,6574,camion_id_sin_correspondencia_silver,normalizacion_identificador:cliente_id | fecha_local_bolivia_convertida_utc,,ORD-2026-06573, cli-076 ,PROD-045,2026-08-23 19:50:00,Cochabamba,CAM-27,CHO-070,429,429.0,48,45.0,1,1,1,ORD-2026-06573,False,CLI-076,True,PROD-045,False,CAM-27,False,CHO-070,False,Cochabamba,False,429,False,429.0,False,False,429.0,False,False,48.0,False,False,45.0,False,False,1.0,False,False,1.0,False,False,1.0,False,False,iso,True,2026-08-23 23:50:00+00:00,False,True,True,False,False,,,True,2,0,camion_id_sin_correspondencia_silver,cuarentena
ORD-2026-06574,CLI-075,PROD-048,2026-08-10 04:02:00+00:00,Cochabamba,CAM-27,CHO-125,139.0,139.0,48.0,32.6,1.0,1.0,1.0,6575,camion_id_sin_correspondencia_silver,fecha_local_bolivia_convertida_utc,,ORD-2026-06574,CLI-075,PROD-048,2026-08-10 00:02:00,Cochabamba,CAM-27,CHO-125,139,139.0,48,32.6,1,1,1,ORD-2026-06574,False,CLI-075,False,PROD-048,False,CAM-27,False,CHO-125,False,Cochabamba,False,139,False,139.0,False,False,139.0,False,False,48.0,False,False,32.6,False,False,1.0,False,False,1.0,False,False,1.0,False,False,iso,True,2026-08-10 04:02:00+00:00,False,True,True,False,False,,,True,1,0,camion_id_sin_correspondencia_silver,cuarentena
ORD-2026-06580,CLI-100,PROD-014,2026-08-07 14:15:00+00:00,Cochabamba,CAM-11,CHO-065,339.0,339.0,24.0,21.1,1.0,1.0,1.0,6581,producto_id_sin_correspondencia_silver,fecha_local_bolivia_convertida_utc,,ORD-2026-06580,CLI-100,PROD-014,2026-08-07 10:15:00,Cochabamba,CAM-11,CHO-065,339,339.0,24,21.1,1,1,1,ORD-2026-06580,False,CLI-100,False,PROD-014,False,CAM-11,False,CHO-065,False,Cochabamba,False,339,False,339.0,False,False,339.0,False,False,24.0,False,False,21.1,False,False,1.0,False,False,1.0,False,False,1.0,False,False,iso,True,2026-08-07 14:15:00+00:00,False,True,False,True,False,,,True,1,0,producto_id_sin_correspondencia_silver,cuarentena
ORD-2026-06582,CLI-019,PROD-028,2026-08-13 17:03:00+00:00,Tarija,CAM-21,CHO-084,155.0,155.0,24.0,19.6,1.0,1.0,1.0,6583,producto_id_sin_correspondencia_silver,fecha_local_bolivia_convertida_utc,,ORD-2026-06582,CLI-019,PROD-028,2026-08-13 13:03:00,Tarija,CAM-21,CHO-084,155,155.0,24,19.6,1,1,1,ORD-2026-06582,False,CLI-019,False,PROD-028,False,CAM-21,False,CHO-084,False,Tarija,False,155,False,155.0,False,False,155.0,False,False,24.0,False,False,19.6,False,False,1.0,False,False,1.0,False,False,1.0,False,False,iso,True,2026-08-13 17:03:00+00:00,False,True,False,True,False,,,True,1,0,producto_id_sin_correspondencia_silver,cuarentena
ORD-2026-06584,CLI-087,PROD-014,2026-08-18 00:38:00+00:00,La Paz,CAM-07,CHO-094,250.0,250.0,48.0,54.9,0.0,1.0,0.0,6585,producto_id_sin_correspondencia_silver,fecha_local_bolivia_convertida_utc,,ORD-2026-06584,CLI-087,PROD-014,2026-08-17 20:38:00,La Paz,CAM-07,CHO-094,250,250.0,48,54.9,0,1,0,ORD-2026-06584,False,CLI-087,False,PROD-014,False,CAM-07,False,CHO-094,False,La Paz,False,250,False,250.0,False,False,250.0,False,False,48.0,False,False,54.9,False,False,0.0,False,False,1.0,False,False,0.0,False,False,iso,True,2026-08-18 00:38:00+00:00,False,True,False,True,False,,,True,1,0,producto_id_sin_correspondencia_silver,cuarentena
ORD-2026-06587,CLI-032,PROD-040,2026-08-03 16:57:00+00:00,Santa Cruz,CAM-29,CHO-116,207.0,207.0,24.0,24.1,0.0,1.0,0.0,6588,order_id_duplicado,fecha_local_bolivia_convertida_utc,,ORD-2026-06587,CLI-032,PROD-040,2026-08-03 12:57:00,Santa Cruz,CAM-29,CHO-116,207,207.0,24,24.1,0,1,0,ORD-2026-06587,False,CLI-032,False,PROD-040,False,CAM-29,False,CHO-116,False,Santa Cruz,False,207,False,207.0,False,False,207.0,False,False,24.0,False,False,24.1,False,False,0.0,False,False,1.0,False,False,0.0,False,False,iso,True,2026-08-03 16:57:00+00:00,False,True,True,True,False,,,True,1,0,order_id_duplicado,cuarentena
ORD-2026-06589,CLI-085,PROD-010,2026-08-24 07:29:00+00:00,Santa Cruz,CAM-29,CHO-118,190.0,190.0,72.0,67.6,1.0,1.0,1.0,6590,producto_id_sin_correspondencia_silver,fecha_local_bolivia_convertida_utc,,ORD-2026-06589,CLI-085,PROD-010,2026-08-24 03:29:00,Santa Cruz,CAM-29,CHO-118,190,190.0,72,67.6,1,1,1,ORD-2026-06589,False,CLI-085,False,PROD-010,False,CAM-29,False,CHO-118,False,Santa Cruz,False,190,False,190.0,False,False,190.0,False,False,72.0,False,False,67.6,False,False,1.0,False,False,1.0,False,False,1.0,False,False,iso,True,2026-08-24 07:29:00+00:00,False,True,False,True,False,,,True,1,0,producto_id_sin_correspondencia_silver,cuarentena
ORD-2026-06592,CLI-052,PROD-014,2026-08-07 20:10:00+00:00,Oruro,CAM-20,CHO-027,389.0,389.0,48.0,28.8,1.0,1.0,1.0,6593,producto_id_sin_correspondencia_silver,fecha_local_bolivia_convertida_utc,,ORD-2026-06592,CLI-052,PROD-014,2026-08-07 16:10:00,Oruro,CAM-20,CHO-027,389,389.0,48,28.8,1,1,1,ORD-2026-06592,False,CLI-052,False,PROD-014,False,CAM-20,False,CHO-027,False,Oruro,False,389,False,389.0,False,False,389.0,False,False,48.0,False,False,28.8,False,False,1.0,False,False,1.0,False,False,1.0,False,False,iso,True,2026-08-07 20:10:00+00:00,False,True,False,True,False,,,True,1,0,producto_id_sin_correspondencia_silver,cuarentena
ORD-2026-06594,CLI-002,PROD-010,2026-08-22 19:01:00+00:00,La Paz,CAM-04,CHO-011,385.0,385.0,24.0,17.6,1.0,1.0,1.0,6595,producto_id_sin_correspondencia_silver,fecha_local_bolivia_convertida_utc,,ORD-2026-06594,CLI-002,PROD-010,2026-08-22 15:01:00,La Paz,CAM-04,CHO-011,385,385.0,24,17.6,1,1,1,ORD-2026-06594,False,CLI-002,False,PROD-010,False,CAM-04,False,CHO-011,False,La Paz,False,385,False,385.0,False,False,385.0,False,False,24.0,False,False,17.6,False,False,1.0,False,False,1.0,False,False,1.0,False,False,iso,True,2026-08-22 19:01:00+00:00,False,True,False,True,False,,,True,1,0,producto_id_sin_correspondencia_silver,cuarentena
ORD-2026-06610,CLI-089,PROD-036,2026-08-05 20:51:00+00:00,Tarija,CAM-19,CHO-084,492.0,492.0,24.0,25.2,0.0,1.0,0.0,6611,producto_id_sin_correspondencia_silver,fecha_local_bolivia_convertida_utc,,ORD-2026-06610,CLI-089,PROD-036,2026-08-05 16:51:00,Tarija,CAM-19,CHO-084,492,492.0,24,25.2,0,1,0,ORD-2026-06610,False,CLI-089,False,PROD-036,False,CAM-19,False,CHO-084,False,Tarija,False,492,False,492.0,False,False,492.0,False,False,24.0,False,False,25.2,False,False,0.0,False,False,1.0,False,False,0.0,False,False,iso,True,2026-08-05 20:51:00+00:00,False,True,False,True,False,,,True,1,0,producto_id_sin_correspondencia_silver,cuarentena
ORD-2026-06611,CLI-031,PROD-016,2026-08-12 11:05:00+00:00,Cochabamba,CAM-27,CHO-125,123.0,123.0,72.0,58.6,1.0,1.0,1.0,6612,camion_id_sin_correspondencia_silver,fecha_local_bolivia_convertida_utc,,ORD-2026-06611,CLI-031,PROD-016,2026-08-12 07:05:00,Cochabamba,CAM-27,CHO-125,123,123.0,72,58.6,1,1,1,ORD-2026-06611,False,CLI-031,False,PROD-016,False,CAM-27,False,CHO-125,False,Cochabamba,False,123,False,123.0,False,False,123.0,False,False,72.0,False,False,58.6,False,False,1.0,False,False,1.0,False,False,1.0,False,False,iso,True,2026-08-12 11:05:00+00:00,False,True,True,False,False,,,True,1,0,camion_id_sin_correspondencia_silver,cuarentena
ORD-2026-06614,CLI-017,PROD-022,2026-08-18 14:45:00+00:00,Cochabamba,CAM-27,CHO-044,202.0,202.0,72.0,71.3,1.0,1.0,1.0,6615,camion_id_sin_correspondencia_silver,fecha_local_bolivia_convertida_utc,,ORD-2026-06614,CLI-017,PROD-022,2026-08-18 10:45:00,Cochabamba,CAM-27,CHO-044,202,202.0,72,71.3,1,1,1,ORD-2026-06614,False,CLI-017,False,PROD-022,False,CAM-27,False,CHO-044,False,Cochabamba,False,202,False,202.0,False,False,202.0,False,False,72.0,False,False,71.3,False,False,1.0,False,False,1.0,False,False,1.0,False,False,iso,True,2026-08-18 14:45:00+00:00,False,True,True,False,False,,,True,1,0,camion_id_sin_correspondencia_silver,cuarentena
ORD-2026-06615,CLI-054,PROD-010,2026-08-18 16:16:00+00:00,La Paz,CAM-10,CHO-009,161.0,161.0,24.0,21.8,1.0,1.0,1.0,6616,producto_id_sin_correspondencia_silver,fecha_local_bolivia_convertida_utc,,ORD-2026-06615,CLI-054,PROD-010,2026-08-18 12:16:00,La Paz,CAM-10,CHO-009,161,161.0,24,21.8,1,1,1,ORD-2026-06615,False,CLI-054,False,PROD-010,False,CAM-10,False,CHO-009,False,La Paz,False,161,False,161.0,False,False,161.0,False,False,24.0,False,False,21.8,False,False,1.0,False,False,1.0,False,False,1.0,False,False,iso,True,2026-08-18 16:16:00+00:00,False,True,False,True,False,,,True,1,0,producto_id_sin_correspondencia_silver,cuarentena
ORD-2026-06618,CLI-060,PROD-036,2026-08-21 09:53:00+00:00,Tarija,CAM-26,CHO-043,182.0,182.0,48.0,35.8,1.0,1.0,1.0,6619,producto_id_sin_correspondencia_silver,fecha_local_bolivia_convertida_utc,,ORD-2026-06618,CLI-060,PROD-036,2026-08-21 05:53:00,Tarija,CAM-26,CHO-043,182,182.0,48,35.8,1,1,1,ORD-2026-06618,False,CLI-060,False,PROD-036,False,CAM-26,False,CHO-043,False,Tarija,False,182,False,182.0,False,False,182.0,False,False,48.0,False,False,35.8,False,False,1.0,False,False,1.0,False,False,1.0,False,False,iso,True,2026-08-21 09:53:00+00:00,False,True,False,True,False,,,True,1,0,producto_id_sin_correspondencia_silver,cuarentena
ORD-2026-06622,CLI-065,PROD-010,2026-08-08 09:49:00+00:00,Tarija,CAM-19,CHO-099,261.0,261.0,48.0,40.1,1.0,1.0,1.0,6623,producto_id_sin_correspondencia_silver,fecha_local_bolivia_convertida_utc,,ORD-2026-06622,CLI-065,PROD-010,2026-08-08 05:49:00,Tarija,CAM-19,CHO-099,261,261.0,48,40.1,1,1,1,ORD-2026-06622,False,CLI-065,False,PROD-010,False,CAM-19,False,CHO-099,False,Tarija,False,261,False,261.0,False,False,261.0,False,False,48.0,False,False,40.1,False,False,1.0,False,False,1.0,False,False,1.0,False,False,iso,True,2026-08-08 09:49:00+00:00,False,True,False,True,False,,,True,1,0,producto_id_sin_correspondencia_silver,cuarentena
ORD-2026-06623,CLI-059,PROD-024,2026-08-19 11:53:00+00:00,La Paz,CAM-07,CHO-056,225.0,219.0,48.0,50.4,0.0,0.0,0.0,6624,producto_id_sin_correspondencia_silver,fecha_local_bolivia_convertida_utc,,ORD-2026-06623,CLI-059,PROD-024,2026-08-19 07:53:00,La Paz,CAM-07,CHO-056,225,219.0,48,50.4,0,0,0,ORD-2026-06623,False,CLI-059,False,PROD-024,False,CAM-07,False,CHO-056,False,La Paz,False,225,False,225.0,False,False,219.0,False,False,48.0,False,False,50.4,False,False,0.0,False,False,0.0,False,False,0.0,False,False,iso,True,2026-08-19 11:53:00+00:00,False,True,False,True,False,,,True,1,0,producto_id_sin_correspondencia_silver,cuarentena
ORD-2026-06627,CLI-023,PROD-027,2026-08-02 16:38:00+00:00,Cochabamba,CAM-27,CHO-108,193.0,193.0,72.0,67.7,1.0,1.0,1.0,6628,camion_id_sin_correspondencia_silver,fecha_local_bolivia_convertida_utc,,ORD-2026-06627,CLI-023,PROD-027,2026-08-02 12:38:00,Cochabamba,CAM-27,CHO-108,193,193.0,72,67.7,1,1,1,ORD-2026-06627,False,CLI-023,False,PROD-027,False,CAM-27,False,CHO-108,False,Cochabamba,False,193,False,193.0,False,False,193.0,False,False,72.0,False,False,67.7,False,False,1.0,False,False,1.0,False,False,1.0,False,False,iso,True,2026-08-02 16:38:00+00:00,False,True,True,False,False,,,True,1,0,camion_id_sin_correspondencia_silver,cuarentena
ORD-2026-06629,CLI-029,PROD-010,2026-08-29 14:10:00+00:00,La Paz,CAM-28,CHO-006,354.0,354.0,72.0,68.0,1.0,1.0,1.0,6630,producto_id_sin_correspondencia_silver,fecha_local_bolivia_convertida_utc,,ORD-2026-06629,CLI-029,PROD-010,2026-08-29 10:10:00,La Paz,CAM-28,CHO-006,354,354.0,72,68.0,1,1,1,ORD-2026-06629,False,CLI-029,False,PROD-010,False,CAM-28,False,CHO-006,False,La Paz,False,354,False,354.0,False,False,354.0,False,False,72.0,False,False,68.0,False,False,1.0,False,False,1.0,False,False,1.0,False,False,iso,True,2026-08-29 14:10:00+00:00,False,True,False,True,False,,,True,1,0,producto_id_sin_correspondencia_silver,cuarentena
ORD-2026-06636,CLI-059,PROD-037,2026-08-13 15:09:00+00:00,Cochabamba,CAM-01,CHO-029,107.0,107.0,48.0,44.7,1.0,1.0,1.0,6637,camion_id_sin_correspondencia_silver,fecha_local_bolivia_convertida_utc,,ORD-2026-06636,CLI-059,PROD-037,2026-08-13 11:09:00,Cochabamba,CAM-01,CHO-029,107,107.0,48,44.7,1,1,1,ORD-2026-06636,False,CLI-059,False,PROD-037,False,CAM-01,False,CHO-029,False,Cochabamba,False,107,False,107.0,False,False,107.0,False,False,48.0,False,False,44.7,False,False,1.0,False,False,1.0,False,False,1.0,False,False,iso,True,2026-08-13 15:09:00+00:00,False,True,True,False,False,,,True,1,0,camion_id_sin_correspondencia_silver,cuarentena
ORD-2026-06637,CLI-033,PROD-028,2026-08-06 23:27:00+00:00,La Paz,CAM-15,CHO-140,439.0,439.0,72.0,52.3,1.0,1.0,1.0,6638,producto_id_sin_correspondencia_silver,fecha_local_bolivia_convertida_utc,,ORD-2026-06637,CLI-033,PROD-028,2026-08-06 19:27:00,La Paz,CAM-15,CHO-140,439,439.0,72,52.3,1,1,1,ORD-2026-06637,False,CLI-033,False,PROD-028,False,CAM-15,False,CHO-140,False,La Paz,False,439,False,439.0,False,False,439.0,False,False,72.0,False,False,52.3,False,False,1.0,False,False,1.0,False,False,1.0,False,False,iso,True,2026-08-06 23:27:00+00:00,False,True,False,True,False,,,True,1,0,producto_id_sin_correspondencia_silver,cuarentena
ORD-2026-06643,CLI-014,PROD-014,2026-08-08 22:56:00+00:00,Santa Cruz,CAM-09,CHO-146,33.0,33.0,24.0,22.6,1.0,1.0,1.0,6644,producto_id_sin_correspondencia_silver,fecha_local_bolivia_convertida_utc,,ORD-2026-06643,CLI-014,PROD-014,2026-08-08 18:56:00,Santa Cruz,CAM-09,CHO-146,33,33.0,24,22.6,1,1,1,ORD-2026-06643,False,CLI-014,False,PROD-014,False,CAM-09,False,CHO-146,False,Santa Cruz,False,33,False,33.0,False,False,33.0,False,False,24.0,False,False,22.6,False,False,1.0,False,False,1.0,False,False,1.0,False,False,iso,True,2026-08-08 22:56:00+00:00,False,True,False,True,False,,,True,1,0,producto_id_sin_correspondencia_silver,cuarentena
ORD-2026-06648,CLI-099,PROD-010,2026-08-08 23:32:00+00:00,Tarija,CAM-19,CHO-032,114.0,98.0,24.0,15.4,1.0,0.0,0.0,6649,producto_id_sin_correspondencia_silver,fecha_local_bolivia_convertida_utc,,ORD-2026-06648,CLI-099,PROD-010,2026-08-08 19:32:00,Tarija,CAM-19,CHO-032,114,98.0,24,15.4,1,0,0,ORD-2026-06648,False,CLI-099,False,PROD-010,False,CAM-19,False,CHO-032,False,Tarija,False,114,False,114.0,False,False,98.0,False,False,24.0,False,False,15.4,False,False,1.0,False,False,0.0,False,False,0.0,False,False,iso,True,2026-08-08 23:32:00+00:00,False,True,False,True,False,,,True,1,0,producto_id_sin_correspondencia_silver,cuarentena
ORD-2026-06650,CLI-083,PROD-026,2026-08-26 07:12:00+00:00,Santa Cruz,CAM-08,CHO-146,322.0,322.0,72.0,57.5,1.0,1.0,1.0,6651,producto_id_sin_correspondencia_silver,fecha_local_bolivia_convertida_utc,,ORD-2026-06650,CLI-083,PROD-026,2026-08-26 03:12:00,Santa Cruz,CAM-08,CHO-146,322,322.0,72,57.5,1,1,1,ORD-2026-06650,False,CLI-083,False,PROD-026,False,CAM-08,False,CHO-146,False,Santa Cruz,False,322,False,322.0,False,False,322.0,False,False,72.0,False,False,57.5,False,False,1.0,False,False,1.0,False,False,1.0,False,False,iso,True,2026-08-26 07:12:00+00:00,False,True,False,True,False,,,True,1,0,producto_id_sin_correspondencia_silver,cuarentena
ORD-2026-06661,CLI-056,PROD-024,2026-08-06 08:06:00+00:00,La Paz,CAM-15,CHO-001,360.0,360.0,48.0,40.9,1.0,1.0,1.0,6662,producto_id_sin_correspondencia_silver,fecha_local_bolivia_convertida_utc,,ORD-2026-06661,CLI-056,PROD-024,2026-08-06 04:06:00,La Paz,CAM-15,CHO-001,360,360.0,48,40.9,1,1,1,ORD-2026-06661,False,CLI-056,False,PROD-024,False,CAM-15,False,CHO-001,False,La Paz,False,360,False,360.0,False,False,360.0,False,False,48.0,False,False,40.9,False,False,1.0,False,False,1.0,False,False,1.0,False,False,iso,True,2026-08-06 08:06:00+00:00,False,True,False,True,False,,,True,1,0,producto_id_sin_correspondencia_silver,cuarentena
ORD-2026-06662,CLI-098,PROD-045,2026-08-30 01:06:00+00:00,Cochabamba,CAM-27,CHO-088,196.0,196.0,72.0,66.8,1.0,1.0,1.0,6663,camion_id_sin_correspondencia_silver,fecha_local_bolivia_convertida_utc,,ORD-2026-06662,CLI-098,PROD-045,2026-08-29 21:06:00,Cochabamba,CAM-27,CHO-088,196,196.0,72,66.8,1,1,1,ORD-2026-06662,False,CLI-098,False,PROD-045,False,CAM-27,False,CHO-088,False,Cochabamba,False,196,False,196.0,False,False,196.0,False,False,72.0,False,False,66.8,False,False,1.0,False,False,1.0,False,False,1.0,False,False,iso,True,2026-08-30 01:06:00+00:00,False,True,True,False,False,,,True,1,0,camion_id_sin_correspondencia_silver,cuarentena
ORD-2026-06667,CLI-033,PROD-024,2026-08-14 16:18:00+00:00,Santa Cruz,CAM-08,CHO-112,442.0,442.0,24.0,17.8,1.0,1.0,1.0,6668,producto_id_sin_correspondencia_silver,normalizacion_identificador:cliente_id | fecha_local_bolivia_convertida_utc,,ORD-2026-06667, cli-033 ,PROD-024,2026-08-14 12:18:00,Santa Cruz,CAM-08,CHO-112,442,442.0,24,17.8,1,1,1,ORD-2026-06667,False,CLI-033,True,PROD-024,False,CAM-08,False,CHO-112,False,Santa Cruz,False,442,False,442.0,False,False,442.0,False,False,24.0,False,False,17.8,False,False,1.0,False,False,1.0,False,False,1.0,False,False,iso,True,2026-08-14 16:18:00+00:00,False,True,False,True,False,,,True,2,0,producto_id_sin_correspondencia_silver,cuarentena
ORD-2026-06669,CLI-037,PROD-014,2026-08-29 04:27:00+00:00,Santa Cruz,CAM-09,CHO-137,147.0,147.0,72.0,47.0,1.0,1.0,1.0,6670,producto_id_sin_correspondencia_silver,fecha_local_bolivia_convertida_utc,,ORD-2026-06669,CLI-037,PROD-014,2026-08-29 00:27:00,Santa Cruz,CAM-09,CHO-137,147,147.0,72,47.0,1,1,1,ORD-2026-06669,False,CLI-037,False,PROD-014,False,CAM-09,False,CHO-137,False,Santa Cruz,False,147,False,147.0,False,False,147.0,False,False,72.0,False,False,47.0,False,False,1.0,False,False,1.0,False,False,1.0,False,False,iso,True,2026-08-29 04:27:00+00:00,False,True,False,True,False,,,True,1,0,producto_id_sin_correspondencia_silver,cuarentena
ORD-2026-06671,CLI-017,PROD-036,2026-08-07 17:48:00+00:00,La Paz,CAM-28,CHO-004,219.0,201.0,24.0,19.5,1.0,0.0,0.0,6672,producto_id_sin_correspondencia_silver,fecha_local_bolivia_convertida_utc,,ORD-2026-06671,CLI-017,PROD-036,2026-08-07 13:48:00,La Paz,CAM-28,CHO-004,219,201.0,24,19.5,1,0,0,ORD-2026-06671,False,CLI-017,False,PROD-036,False,CAM-28,False,CHO-004,False,La Paz,False,219,False,219.0,False,False,201.0,False,False,24.0,False,False,19.5,False,False,1.0,False,False,0.0,False,False,0.0,False,False,iso,True,2026-08-07 17:48:00+00:00,False,True,False,True,False,,,True,1,0,producto_id_sin_correspondencia_silver,cuarentena
ORD-2026-06673,CLI-092,PROD-010,2026-08-10 15:59:00+00:00,La Paz,CAM-15,CHO-126,24.0,24.0,48.0,34.9,1.0,1.0,1.0,6674,producto_id_sin_correspondencia_silver,fecha_local_bolivia_convertida_utc,,ORD-2026-06673,CLI-092,PROD-010,2026-08-10 11:59:00,La Paz,CAM-15,CHO-126,24,24.0,48,34.9,1,1,1,ORD-2026-06673,False,CLI-092,False,PROD-010,False,CAM-15,False,CHO-126,False,La Paz,False,24,False,24.0,False,False,24.0,False,False,48.0,False,False,34.9,False,False,1.0,False,False,1.0,False,False,1.0,False,False,iso,True,2026-08-10 15:59:00+00:00,False,True,False,True,False,,,True,1,0,producto_id_sin_correspondencia_silver,cuarentena
ORD-2026-06674,CLI-047,PROD-026,2026-08-07 03:11:00+00:00,Tarija,CAM-19,CHO-119,132.0,132.0,24.0,16.0,1.0,1.0,1.0,6675,producto_id_sin_correspondencia_silver,fecha_local_bolivia_convertida_utc,,ORD-2026-06674,CLI-047,PROD-026,2026-08-06 23:11:00,Tarija,CAM-19,CHO-119,132,132.0,24,16.0,1,1,1,ORD-2026-06674,False,CLI-047,False,PROD-026,False,CAM-19,False,CHO-119,False,Tarija,False,132,False,132.0,False,False,132.0,False,False,24.0,False,False,16.0,False,False,1.0,False,False,1.0,False,False,1.0,False,False,iso,True,2026-08-07 03:11:00+00:00,False,True,False,True,False,,,True,1,0,producto_id_sin_correspondencia_silver,cuarentena
ORD-2026-06683,CLI-027,PROD-024,2026-08-01 23:29:00+00:00,Cochabamba,CAM-27,CHO-089,171.0,171.0,48.0,47.3,1.0,1.0,1.0,6684,producto_id_sin_correspondencia_silver | camion_id_sin_correspondencia_silver,fecha_local_bolivia_convertida_utc,,ORD-2026-06683,CLI-027,PROD-024,2026-08-01 19:29:00,Cochabamba,CAM-27,CHO-089,171,171.0,48,47.3,1,1,1,ORD-2026-06683,False,CLI-027,False,PROD-024,False,CAM-27,False,CHO-089,False,Cochabamba,False,171,False,171.0,False,False,171.0,False,False,48.0,False,False,47.3,False,False,1.0,False,False,1.0,False,False,1.0,False,False,iso,True,2026-08-01 23:29:00+00:00,False,True,False,False,False,,,True,1,0,producto_id_sin_correspondencia_silver | camion_id_sin_correspondencia_silver,cuarentena
ORD-2026-06698,CLI-018,PROD-024,2026-08-06 08:08:00+00:00,Cochabamba,CAM-01,CHO-142,201.0,201.0,48.0,36.8,1.0,1.0,1.0,6699,producto_id_sin_correspondencia_silver | camion_id_sin_correspondencia_silver,fecha_local_bolivia_convertida_utc,,ORD-2026-06698,CLI-018,PROD-024,2026-08-06 04:08:00,Cochabamba,CAM-01,CHO-142,201,201.0,48,36.8,1,1,1,ORD-2026-06698,False,CLI-018,False,PROD-024,False,CAM-01,False,CHO-142,False,Cochabamba,False,201,False,201.0,False,False,201.0,False,False,48.0,False,False,36.8,False,False,1.0,False,False,1.0,False,False,1.0,False,False,iso,True,2026-08-06 08:08:00+00:00,False,True,False,False,False,,,True,1,0,producto_id_sin_correspondencia_silver | camion_id_sin_correspondencia_silver,cuarentena
ORD-2026-06701,CLI-065,PROD-026,2026-08-18 07:54:00+00:00,Santa Cruz,CAM-08,CHO-021,219.0,219.0,24.0,22.3,1.0,1.0,1.0,6702,producto_id_sin_correspondencia_silver,fecha_local_bolivia_convertida_utc,,ORD-2026-06701,CLI-065,PROD-026,2026-08-18 03:54:00,Santa Cruz,CAM-08,CHO-021,219,219.0,24,22.3,1,1,1,ORD-2026-06701,False,CLI-065,False,PROD-026,False,CAM-08,False,CHO-021,False,Santa Cruz,False,219,False,219.0,False,False,219.0,False,False,24.0,False,False,22.3,False,False,1.0,False,False,1.0,False,False,1.0,False,False,iso,True,2026-08-18 07:54:00+00:00,False,True,False,True,False,,,True,1,0,producto_id_sin_correspondencia_silver,cuarentena
ORD-2026-06707,CLI-038,PROD-020,2026-08-19 12:01:00+00:00,Cochabamba,CAM-01,CHO-087,61.0,61.0,48.0,33.9,1.0,1.0,1.0,6708,camion_id_sin_correspondencia_silver,fecha_local_bolivia_convertida_utc,,ORD-2026-06707,CLI-038,PROD-020,2026-08-19 08:01:00,Cochabamba,CAM-01,CHO-087,61,61.0,48,33.9,1,1,1,ORD-2026-06707,False,CLI-038,False,PROD-020,False,CAM-01,False,CHO-087,False,Cochabamba,False,61,False,61.0,False,False,61.0,False,False,48.0,False,False,33.9,False,False,1.0,False,False,1.0,False,False,1.0,False,False,iso,True,2026-08-19 12:01:00+00:00,False,True,True,False,False,,,True,1,0,camion_id_sin_correspondencia_silver,cuarentena
ORD-2026-06720,CLI-007,PROD-028,2026-08-01 08:54:00+00:00,Oruro,CAM-16,CHO-066,406.0,406.0,48.0,47.5,1.0,1.0,1.0,6721,producto_id_sin_correspondencia_silver,fecha_local_bolivia_convertida_utc,,ORD-2026-06720,CLI-007,PROD-028,2026-08-01 04:54:00,Oruro,CAM-16,CHO-066,406,406.0,48,47.5,1,1,1,ORD-2026-06720,False,CLI-007,False,PROD-028,False,CAM-16,False,CHO-066,False,Oruro,False,406,False,406.0,False,False,406.0,False,False,48.0,False,False,47.5,False,False,1.0,False,False,1.0,False,False,1.0,False,False,iso,True,2026-08-01 08:54:00+00:00,False,True,False,True,False,,,True,1,0,producto_id_sin_correspondencia_silver,cuarentena
ORD-2026-06729,CLI-077,PROD-036,2026-08-28 23:05:00+00:00,Cochabamba,CAM-22,CHO-082,293.0,293.0,48.0,55.1,0.0,1.0,0.0,6730,producto_id_sin_correspondencia_silver,fecha_local_bolivia_convertida_utc,,ORD-2026-06729,CLI-077,PROD-036,2026-08-28 19:05:00,Cochabamba,CAM-22,CHO-082,293,293.0,48,55.1,0,1,0,ORD-2026-06729,False,CLI-077,False,PROD-036,False,CAM-22,False,CHO-082,False,Cochabamba,False,293,False,293.0,False,False,293.0,False,False,48.0,False,False,55.1,False,False,0.0,False,False,1.0,False,False,0.0,False,False,iso,True,2026-08-28 23:05:00+00:00,False,True,False,True,False,,,True,1,0,producto_id_sin_correspondencia_silver,cuarentena
ORD-2026-06736,CLI-003,PROD-028,2026-08-17 15:12:00+00:00,Tarija,CAM-21,CHO-063,212.0,212.0,24.0,17.0,1.0,1.0,1.0,6737,producto_id_sin_correspondencia_silver,fecha_local_bolivia_convertida_utc,,ORD-2026-06736,CLI-003,PROD-028,2026-08-17 11:12:00,Tarija,CAM-21,CHO-063,212,212.0,24,17.0,1,1,1,ORD-2026-06736,False,CLI-003,False,PROD-028,False,CAM-21,False,CHO-063,False,Tarija,False,212,False,212.0,False,False,212.0,False,False,24.0,False,False,17.0,False,False,1.0,False,False,1.0,False,False,1.0,False,False,iso,True,2026-08-17 15:12:00+00:00,False,True,False,True,False,,,True,1,0,producto_id_sin_correspondencia_silver,cuarentena
ORD-2026-06739,CLI-033,PROD-010,2026-08-04 19:41:00+00:00,Tarija,CAM-19,CHO-055,66.0,66.0,24.0,11.1,1.0,1.0,1.0,6740,producto_id_sin_correspondencia_silver,fecha_local_bolivia_convertida_utc,,ORD-2026-06739,CLI-033,PROD-010,2026-08-04 15:41:00,Tarija,CAM-19,CHO-055,66,66.0,24,11.1,1,1,1,ORD-2026-06739,False,CLI-033,False,PROD-010,False,CAM-19,False,CHO-055,False,Tarija,False,66,False,66.0,False,False,66.0,False,False,24.0,False,False,11.1,False,False,1.0,False,False,1.0,False,False,1.0,False,False,iso,True,2026-08-04 19:41:00+00:00,False,True,False,True,False,,,True,1,0,producto_id_sin_correspondencia_silver,cuarentena
ORD-2026-06756,CLI-015,PROD-036,2026-08-27 03:42:00+00:00,Cochabamba,CAM-11,CHO-042,91.0,77.0,24.0,20.4,1.0,0.0,0.0,6757,producto_id_sin_correspondencia_silver,fecha_local_bolivia_convertida_utc,,ORD-2026-06756,CLI-015,PROD-036,2026-08-26 23:42:00,Cochabamba,CAM-11,CHO-042,91,77.0,24,20.4,1,0,0,ORD-2026-06756,False,CLI-015,False,PROD-036,False,CAM-11,False,CHO-042,False,Cochabamba,False,91,False,91.0,False,False,77.0,False,False,24.0,False,False,20.4,False,False,1.0,False,False,0.0,False,False,0.0,False,False,iso,True,2026-08-27 03:42:00+00:00,False,True,False,True,False,,,True,1,0,producto_id_sin_correspondencia_silver,cuarentena
ORD-2026-06761,CLI-007,PROD-010,2026-08-14 02:25:00+00:00,Cochabamba,CAM-06,CHO-136,19.0,19.0,48.0,40.8,1.0,1.0,1.0,6762,producto_id_sin_correspondencia_silver,fecha_local_bolivia_convertida_utc,,ORD-2026-06761,CLI-007,PROD-010,2026-08-13 22:25:00,Cochabamba,CAM-06,CHO-136,19,19.0,48,40.8,1,1,1,ORD-2026-06761,False,CLI-007,False,PROD-010,False,CAM-06,False,CHO-136,False,Cochabamba,False,19,False,19.0,False,False,19.0,False,False,48.0,False,False,40.8,False,False,1.0,False,False,1.0,False,False,1.0,False,False,iso,True,2026-08-14 02:25:00+00:00,False,True,False,True,False,,,True,1,0,producto_id_sin_correspondencia_silver,cuarentena
ORD-2026-06762,CLI-044,PROD-010,2026-08-14 10:03:00+00:00,La Paz,CAM-28,CHO-011,130.0,130.0,48.0,34.3,1.0,1.0,1.0,6763,producto_id_sin_correspondencia_silver,fecha_local_bolivia_convertida_utc,,ORD-2026-06762,CLI-044,PROD-010,2026-08-14 06:03:00,La Paz,CAM-28,CHO-011,130,130.0,48,34.3,1,1,1,ORD-2026-06762,False,CLI-044,False,PROD-010,False,CAM-28,False,CHO-011,False,La Paz,False,130,False,130.0,False,False,130.0,False,False,48.0,False,False,34.3,False,False,1.0,False,False,1.0,False,False,1.0,False,False,iso,True,2026-08-14 10:03:00+00:00,False,True,False,True,False,,,True,1,0,producto_id_sin_correspondencia_silver,cuarentena
ORD-2026-06764,CLI-095,PROD-005,2026-08-15 05:10:00+00:00,Cochabamba,CAM-01,CHO-042,93.0,93.0,48.0,28.6,1.0,1.0,1.0,6765,camion_id_sin_correspondencia_silver,fecha_local_bolivia_convertida_utc,,ORD-2026-06764,CLI-095,PROD-005,2026-08-15 01:10:00,Cochabamba,CAM-01,CHO-042,93,93.0,48,28.6,1,1,1,ORD-2026-06764,False,CLI-095,False,PROD-005,False,CAM-01,False,CHO-042,False,Cochabamba,False,93,False,93.0,False,False,93.0,False,False,48.0,False,False,28.6,False,False,1.0,False,False,1.0,False,False,1.0,False,False,iso,True,2026-08-15 05:10:00+00:00,False,True,True,False,False,,,True,1,0,camion_id_sin_correspondencia_silver,cuarentena
ORD-2026-06765,CLI-088,PROD-036,2026-08-01 22:53:00+00:00,Tarija,CAM-19,CHO-005,258.0,258.0,72.0,54.8,1.0,1.0,1.0,6766,producto_id_sin_correspondencia_silver,fecha_local_bolivia_convertida_utc,,ORD-2026-06765,CLI-088,PROD-036,2026-08-01 18:53:00,Tarija,CAM-19,CHO-005,258,258.0,72,54.8,1,1,1,ORD-2026-06765,False,CLI-088,False,PROD-036,False,CAM-19,False,CHO-005,False,Tarija,False,258,False,258.0,False,False,258.0,False,False,72.0,False,False,54.8,False,False,1.0,False,False,1.0,False,False,1.0,False,False,iso,True,2026-08-01 22:53:00+00:00,False,True,False,True,False,,,True,1,0,producto_id_sin_correspondencia_silver,cuarentena
ORD-2026-06770,CLI-070,PROD-024,2026-08-25 06:45:00+00:00,La Paz,CAM-28,CHO-117,103.0,103.0,24.0,18.2,1.0,1.0,1.0,6771,producto_id_sin_correspondencia_silver,fecha_local_bolivia_convertida_utc,,ORD-2026-06770,CLI-070,PROD-024,2026-08-25 02:45:00,La Paz,CAM-28,CHO-117,103,103.0,24,18.2,1,1,1,ORD-2026-06770,False,CLI-070,False,PROD-024,False,CAM-28,False,CHO-117,False,La Paz,False,103,False,103.0,False,False,103.0,False,False,24.0,False,False,18.2,False,False,1.0,False,False,1.0,False,False,1.0,False,False,iso,True,2026-08-25 06:45:00+00:00,False,True,False,True,False,,,True,1,0,producto_id_sin_correspondencia_silver,cuarentena
ORD-2026-06785,CLI-003,PROD-028,2026-08-16 22:15:00+00:00,Santa Cruz,CAM-29,CHO-052,407.0,407.0,72.0,55.2,1.0,1.0,1.0,6786,order_id_duplicado | producto_id_sin_correspondencia_silver,fecha_local_bolivia_convertida_utc,,ORD-2026-06785,CLI-003,PROD-028,2026-08-16 18:15:00,Santa Cruz,CAM-29,CHO-052,407,407.0,72,55.2,1,1,1,ORD-2026-06785,False,CLI-003,False,PROD-028,False,CAM-29,False,CHO-052,False,Santa Cruz,False,407,False,407.0,False,False,407.0,False,False,72.0,False,False,55.2,False,False,1.0,False,False,1.0,False,False,1.0,False,False,iso,True,2026-08-16 22:15:00+00:00,False,True,False,True,False,,,True,1,0,order_id_duplicado | producto_id_sin_correspondencia_silver,cuarentena
ORD-2026-06795,CLI-039,PROD-036,2026-08-15 10:16:00+00:00,Santa Cruz,CAM-08,CHO-069,488.0,488.0,48.0,23.4,1.0,1.0,1.0,6796,producto_id_sin_correspondencia_silver,fecha_local_bolivia_convertida_utc,,ORD-2026-06795,CLI-039,PROD-036,2026-08-15 06:16:00,Santa Cruz,CAM-08,CHO-069,488,488.0,48,23.4,1,1,1,ORD-2026-06795,False,CLI-039,False,PROD-036,False,CAM-08,False,CHO-069,False,Santa Cruz,False,488,False,488.0,False,False,488.0,False,False,48.0,False,False,23.4,False,False,1.0,False,False,1.0,False,False,1.0,False,False,iso,True,2026-08-15 10:16:00+00:00,False,True,False,True,False,,,True,1,0,producto_id_sin_correspondencia_silver,cuarentena
ORD-2026-06803,CLI-006,PROD-014,2026-08-27 03:01:00+00:00,Cochabamba,CAM-05,CHO-136,258.0,258.0,24.0,24.1,0.0,1.0,0.0,6804,producto_id_sin_correspondencia_silver,fecha_local_bolivia_convertida_utc,,ORD-2026-06803,CLI-006,PROD-014,2026-08-26 23:01:00,Cochabamba,CAM-05,CHO-136,258,258.0,24,24.1,0,1,0,ORD-2026-06803,False,CLI-006,False,PROD-014,False,CAM-05,False,CHO-136,False,Cochabamba,False,258,False,258.0,False,False,258.0,False,False,24.0,False,False,24.1,False,False,0.0,False,False,1.0,False,False,0.0,False,False,iso,True,2026-08-27 03:01:00+00:00,False,True,False,True,False,,,True,1,0,producto_id_sin_correspondencia_silver,cuarentena
ORD-2026-06817,CLI-044,PROD-026,2026-08-22 15:39:00+00:00,Santa Cruz,CAM-29,CHO-118,381.0,381.0,48.0,51.4,0.0,1.0,0.0,6818,producto_id_sin_correspondencia_silver,fecha_local_bolivia_convertida_utc,,ORD-2026-06817,CLI-044,PROD-026,2026-08-22 11:39:00,Santa Cruz,CAM-29,CHO-118,381,381.0,48,51.4,0,1,0,ORD-2026-06817,False,CLI-044,False,PROD-026,False,CAM-29,False,CHO-118,False,Santa Cruz,False,381,False,381.0,False,False,381.0,False,False,48.0,False,False,51.4,False,False,0.0,False,False,1.0,False,False,0.0,False,False,iso,True,2026-08-22 15:39:00+00:00,False,True,False,True,False,,,True,1,0,producto_id_sin_correspondencia_silver,cuarentena
ORD-2026-06819,CLI-020,PROD-024,2026-08-05 16:15:00+00:00,Oruro,CAM-03,CHO-095,456.0,456.0,72.0,45.8,1.0,1.0,1.0,6820,producto_id_sin_correspondencia_silver,fecha_local_bolivia_convertida_utc,,ORD-2026-06819,CLI-020,PROD-024,2026-08-05 12:15:00,Oruro,CAM-03,CHO-095,456,456.0,72,45.8,1,1,1,ORD-2026-06819,False,CLI-020,False,PROD-024,False,CAM-03,False,CHO-095,False,Oruro,False,456,False,456.0,False,False,456.0,False,False,72.0,False,False,45.8,False,False,1.0,False,False,1.0,False,False,1.0,False,False,iso,True,2026-08-05 16:15:00+00:00,False,True,False,True,False,,,True,1,0,producto_id_sin_correspondencia_silver,cuarentena
ORD-2026-06821,CLI-023,PROD-029,2026-08-12 17:54:00+00:00,Cochabamba,CAM-27,CHO-148,212.0,212.0,24.0,21.5,1.0,1.0,1.0,6822,camion_id_sin_correspondencia_silver,fecha_local_bolivia_convertida_utc,,ORD-2026-06821,CLI-023,PROD-029,2026-08-12 13:54:00,Cochabamba,CAM-27,CHO-148,212,212.0,24,21.5,1,1,1,ORD-2026-06821,False,CLI-023,False,PROD-029,False,CAM-27,False,CHO-148,False,Cochabamba,False,212,False,212.0,False,False,212.0,False,False,24.0,False,False,21.5,False,False,1.0,False,False,1.0,False,False,1.0,False,False,iso,True,2026-08-12 17:54:00+00:00,False,True,True,False,False,,,True,1,0,camion_id_sin_correspondencia_silver,cuarentena
ORD-2026-06824,CLI-076,PROD-024,2026-08-08 01:49:00+00:00,Tarija,CAM-21,CHO-099,405.0,405.0,72.0,47.2,1.0,1.0,1.0,6825,producto_id_sin_correspondencia_silver,fecha_local_bolivia_convertida_utc,,ORD-2026-06824,CLI-076,PROD-024,2026-08-07 21:49:00,Tarija,CAM-21,CHO-099,405,405.0,72,47.2,1,1,1,ORD-2026-06824,False,CLI-076,False,PROD-024,False,CAM-21,False,CHO-099,False,Tarija,False,405,False,405.0,False,False,405.0,False,False,72.0,False,False,47.2,False,False,1.0,False,False,1.0,False,False,1.0,False,False,iso,True,2026-08-08 01:49:00+00:00,False,True,False,True,False,,,True,1,0,producto_id_sin_correspondencia_silver,cuarentena
ORD-2026-06840,CLI-076,PROD-026,2026-08-21 06:19:00+00:00,Santa Cruz,CAM-08,CHO-141,368.0,368.0,48.0,36.6,1.0,1.0,1.0,6841,producto_id_sin_correspondencia_silver,fecha_local_bolivia_convertida_utc,,ORD-2026-06840,CLI-076,PROD-026,2026-08-21 02:19:00,Santa Cruz,CAM-08,CHO-141,368,368.0,48,36.6,1,1,1,ORD-2026-06840,False,CLI-076,False,PROD-026,False,CAM-08,False,CHO-141,False,Santa Cruz,False,368,False,368.0,False,False,368.0,False,False,48.0,False,False,36.6,False,False,1.0,False,False,1.0,False,False,1.0,False,False,iso,True,2026-08-21 06:19:00+00:00,False,True,False,True,False,,,True,1,0,producto_id_sin_correspondencia_silver,cuarentena
ORD-2026-06841,CLI-056,PROD-010,2026-08-29 11:25:00+00:00,Tarija,CAM-19,CHO-068,354.0,354.0,72.0,57.8,1.0,1.0,1.0,6842,producto_id_sin_correspondencia_silver,fecha_local_bolivia_convertida_utc,,ORD-2026-06841,CLI-056,PROD-010,2026-08-29 07:25:00,Tarija,CAM-19,CHO-068,354,354.0,72,57.8,1,1,1,ORD-2026-06841,False,CLI-056,False,PROD-010,False,CAM-19,False,CHO-068,False,Tarija,False,354,False,354.0,False,False,354.0,False,False,72.0,False,False,57.8,False,False,1.0,False,False,1.0,False,False,1.0,False,False,iso,True,2026-08-29 11:25:00+00:00,False,True,False,True,False,,,True,1,0,producto_id_sin_correspondencia_silver,cuarentena
ORD-2026-06854,CLI-086,PROD-010,2026-08-15 17:54:00+00:00,Santa Cruz,CAM-08,CHO-107,32.0,32.0,24.0,18.9,1.0,1.0,1.0,6855,producto_id_sin_correspondencia_silver,fecha_local_bolivia_convertida_utc,,ORD-2026-06854,CLI-086,PROD-010,2026-08-15 13:54:00,Santa Cruz,CAM-08,CHO-107,32,32.0,24,18.9,1,1,1,ORD-2026-06854,False,CLI-086,False,PROD-010,False,CAM-08,False,CHO-107,False,Santa Cruz,False,32,False,32.0,False,False,32.0,False,False,24.0,False,False,18.9,False,False,1.0,False,False,1.0,False,False,1.0,False,False,iso,True,2026-08-15 17:54:00+00:00,False,True,False,True,False,,,True,1,0,producto_id_sin_correspondencia_silver,cuarentena
ORD-2026-06872,CLI-081,PROD-024,2026-08-23 13:57:00+00:00,Tarija,CAM-26,CHO-010,461.0,461.0,48.0,36.5,1.0,1.0,1.0,6873,producto_id_sin_correspondencia_silver,fecha_local_bolivia_convertida_utc,,ORD-2026-06872,CLI-081,PROD-024,2026-08-23 09:57:00,Tarija,CAM-26,CHO-010,461,461.0,48,36.5,1,1,1,ORD-2026-06872,False,CLI-081,False,PROD-024,False,CAM-26,False,CHO-010,False,Tarija,False,461,False,461.0,False,False,461.0,False,False,48.0,False,False,36.5,False,False,1.0,False,False,1.0,False,False,1.0,False,False,iso,True,2026-08-23 13:57:00+00:00,False,True,False,True,False,,,True,1,0,producto_id_sin_correspondencia_silver,cuarentena
ORD-2026-06873,CLI-009,PROD-010,2026-08-02 13:38:00+00:00,La Paz,CAM-15,CHO-004,457.0,457.0,48.0,27.2,1.0,1.0,1.0,6874,producto_id_sin_correspondencia_silver,fecha_local_bolivia_convertida_utc,,ORD-2026-06873,CLI-009,PROD-010,02/08/2026 09:38,La Paz,CAM-15,CHO-004,457,457.0,48,27.2,1,1,1,ORD-2026-06873,False,CLI-009,False,PROD-010,False,CAM-15,False,CHO-004,False,La Paz,False,457,False,457.0,False,False,457.0,False,False,48.0,False,False,27.2,False,False,1.0,False,False,1.0,False,False,1.0,False,False,dmy,True,2026-08-02 13:38:00+00:00,False,True,False,True,False,,,True,1,0,producto_id_sin_correspondencia_silver,cuarentena
ORD-2026-06881,CLI-038,PROD-050,2026-08-06 15:00:00+00:00,Oruro,CAM-16,CHO-027,129.0,,72.0,60.4,1.0,1.0,1.0,6882,requerido_ausente:cantidad_entregada,fecha_local_bolivia_convertida_utc,,ORD-2026-06881,CLI-038,PROD-050,2026-08-06 11:00:00,Oruro,CAM-16,CHO-027,129,,72,60.4,1,1,1,ORD-2026-06881,False,CLI-038,False,PROD-050,False,CAM-16,False,CHO-027,False,Oruro,False,129,False,129.0,False,False,,False,False,72.0,False,False,60.4,False,False,1.0,False,False,1.0,False,False,1.0,False,False,iso,True,2026-08-06 15:00:00+00:00,False,True,True,True,False,,,True,1,0,requerido_ausente:cantidad_entregada,cuarentena
ORD-2026-06883,CLI-062,PROD-060,2026-08-03 09:37:00+00:00,Cochabamba,CAM-22,CHO-044,221.0,221.0,48.0,41.3,1.0,1.0,1.0,6884,order_id_duplicado,fecha_local_bolivia_convertida_utc,,ORD-2026-06883,CLI-062,PROD-060,2026-08-03 05:37:00,Cochabamba,CAM-22,CHO-044,221,221.0,48,41.3,1,1,1,ORD-2026-06883,False,CLI-062,False,PROD-060,False,CAM-22,False,CHO-044,False,Cochabamba,False,221,False,221.0,False,False,221.0,False,False,48.0,False,False,41.3,False,False,1.0,False,False,1.0,False,False,1.0,False,False,iso,True,2026-08-03 09:37:00+00:00,False,True,True,True,False,,,True,1,0,order_id_duplicado,cuarentena
ORD-2026-06889,CLI-040,PROD-036,2026-08-08 23:47:00+00:00,Tarija,CAM-26,CHO-010,351.0,351.0,48.0,25.5,1.0,1.0,1.0,6890,producto_id_sin_correspondencia_silver,fecha_local_bolivia_convertida_utc,,ORD-2026-06889,CLI-040,PROD-036,2026-08-08 19:47:00,Tarija,CAM-26,CHO-010,351,351.0,48,25.5,1,1,1,ORD-2026-06889,False,CLI-040,False,PROD-036,False,CAM-26,False,CHO-010,False,Tarija,False,351,False,351.0,False,False,351.0,False,False,48.0,False,False,25.5,False,False,1.0,False,False,1.0,False,False,1.0,False,False,iso,True,2026-08-08 23:47:00+00:00,False,True,False,True,False,,,True,1,0,producto_id_sin_correspondencia_silver,cuarentena
ORD-2026-06894,CLI-078,PROD-024,2026-08-15 15:24:00+00:00,Tarija,CAM-26,CHO-005,266.0,266.0,24.0,18.0,1.0,1.0,1.0,6895,producto_id_sin_correspondencia_silver,fecha_local_bolivia_convertida_utc,,ORD-2026-06894,CLI-078,PROD-024,2026-08-15 11:24:00,Tarija,CAM-26,CHO-005,266,266.0,24,18.0,1,1,1,ORD-2026-06894,False,CLI-078,False,PROD-024,False,CAM-26,False,CHO-005,False,Tarija,False,266,False,266.0,False,False,266.0,False,False,24.0,False,False,18.0,False,False,1.0,False,False,1.0,False,False,1.0,False,False,iso,True,2026-08-15 15:24:00+00:00,False,True,False,True,False,,,True,1,0,producto_id_sin_correspondencia_silver,cuarentena
ORD-2026-06900,CLI-002,PROD-026,2026-08-25 07:33:00+00:00,Oruro,CAM-24,CHO-066,458.0,454.0,72.0,66.9,1.0,0.0,0.0,6901,producto_id_sin_correspondencia_silver,fecha_local_bolivia_convertida_utc,,ORD-2026-06900,CLI-002,PROD-026,2026-08-25 03:33:00,Oruro,CAM-24,CHO-066,458,454.0,72,66.9,1,0,0,ORD-2026-06900,False,CLI-002,False,PROD-026,False,CAM-24,False,CHO-066,False,Oruro,False,458,False,458.0,False,False,454.0,False,False,72.0,False,False,66.9,False,False,1.0,False,False,0.0,False,False,0.0,False,False,iso,True,2026-08-25 07:33:00+00:00,False,True,False,True,False,,,True,1,0,producto_id_sin_correspondencia_silver,cuarentena
ORD-2026-06903,CLI-022,PROD-028,2026-08-04 22:31:00+00:00,La Paz,CAM-10,CHO-001,292.0,292.0,48.0,50.7,0.0,1.0,0.0,6904,producto_id_sin_correspondencia_silver,fecha_local_bolivia_convertida_utc,,ORD-2026-06903,CLI-022,PROD-028,2026-08-04 18:31:00,La Paz,CAM-10,CHO-001,292,292.0,48,50.7,0,1,0,ORD-2026-06903,False,CLI-022,False,PROD-028,False,CAM-10,False,CHO-001,False,La Paz,False,292,False,292.0,False,False,292.0,False,False,48.0,False,False,50.7,False,False,0.0,False,False,1.0,False,False,0.0,False,False,iso,True,2026-08-04 22:31:00+00:00,False,True,False,True,False,,,True,1,0,producto_id_sin_correspondencia_silver,cuarentena
ORD-2026-06913,CLI-001,PROD-058,2026-08-09 17:18:00+00:00,Cochabamba,CAM-01,CHO-082,277.0,277.0,72.0,74.5,0.0,1.0,0.0,6914,camion_id_sin_correspondencia_silver,fecha_local_bolivia_convertida_utc,,ORD-2026-06913,CLI-001,PROD-058,2026-08-09 13:18:00,Cochabamba,CAM-01,CHO-082,277,277.0,72,74.5,0,1,0,ORD-2026-06913,False,CLI-001,False,PROD-058,False,CAM-01,False,CHO-082,False,Cochabamba,False,277,False,277.0,False,False,277.0,False,False,72.0,False,False,74.5,False,False,0.0,False,False,1.0,False,False,0.0,False,False,iso,True,2026-08-09 17:18:00+00:00,False,True,True,False,False,,,True,1,0,camion_id_sin_correspondencia_silver,cuarentena
ORD-2026-06917,CLI-085,PROD-014,2026-08-12 00:33:00+00:00,Oruro,CAM-03,CHO-027,15.0,15.0,72.0,65.0,1.0,1.0,1.0,6918,producto_id_sin_correspondencia_silver,fecha_local_bolivia_convertida_utc,,ORD-2026-06917,CLI-085,PROD-014,2026-08-11 20:33:00,Oruro,CAM-03,CHO-027,15,15.0,72,65.0,1,1,1,ORD-2026-06917,False,CLI-085,False,PROD-014,False,CAM-03,False,CHO-027,False,Oruro,False,15,False,15.0,False,False,15.0,False,False,72.0,False,False,65.0,False,False,1.0,False,False,1.0,False,False,1.0,False,False,iso,True,2026-08-12 00:33:00+00:00,False,True,False,True,False,,,True,1,0,producto_id_sin_correspondencia_silver,cuarentena
ORD-2026-06921,CLI-060,PROD-010,2026-08-13 05:38:00+00:00,Santa Cruz,CAM-09,CHO-145,225.0,225.0,48.0,44.0,1.0,1.0,1.0,6922,producto_id_sin_correspondencia_silver,fecha_local_bolivia_convertida_utc,,ORD-2026-06921,CLI-060,PROD-010,2026-08-13 01:38:00,Santa Cruz,CAM-09,CHO-145,225,225.0,48,44.0,1,1,1,ORD-2026-06921,False,CLI-060,False,PROD-010,False,CAM-09,False,CHO-145,False,Santa Cruz,False,225,False,225.0,False,False,225.0,False,False,48.0,False,False,44.0,False,False,1.0,False,False,1.0,False,False,1.0,False,False,iso,True,2026-08-13 05:38:00+00:00,False,True,False,True,False,,,True,1,0,producto_id_sin_correspondencia_silver,cuarentena
ORD-2026-06928,CLI-075,PROD-010,2026-08-27 17:25:00+00:00,Tarija,CAM-26,CHO-025,376.0,376.0,48.0,43.8,1.0,1.0,1.0,6929,producto_id_sin_correspondencia_silver,fecha_local_bolivia_convertida_utc,,ORD-2026-06928,CLI-075,PROD-010,2026-08-27 13:25:00,Tarija,CAM-26,CHO-025,376,376.0,48,43.8,1,1,1,ORD-2026-06928,False,CLI-075,False,PROD-010,False,CAM-26,False,CHO-025,False,Tarija,False,376,False,376.0,False,False,376.0,False,False,48.0,False,False,43.8,False,False,1.0,False,False,1.0,False,False,1.0,False,False,iso,True,2026-08-27 17:25:00+00:00,False,True,False,True,False,,,True,1,0,producto_id_sin_correspondencia_silver,cuarentena
ORD-2026-06933,CLI-023,PROD-026,2026-08-21 02:01:00+00:00,La Paz,CAM-15,CHO-134,334.0,334.0,48.0,32.5,1.0,1.0,1.0,6934,producto_id_sin_correspondencia_silver,fecha_local_bolivia_convertida_utc,,ORD-2026-06933,CLI-023,PROD-026,2026-08-20 22:01:00,La Paz,CAM-15,CHO-134,334,334.0,48,32.5,1,1,1,ORD-2026-06933,False,CLI-023,False,PROD-026,False,CAM-15,False,CHO-134,False,La Paz,False,334,False,334.0,False,False,334.0,False,False,48.0,False,False,32.5,False,False,1.0,False,False,1.0,False,False,1.0,False,False,iso,True,2026-08-21 02:01:00+00:00,False,True,False,True,False,,,True,1,0,producto_id_sin_correspondencia_silver,cuarentena
ORD-2026-06939,CLI-010,PROD-028,2026-08-20 18:36:00+00:00,Oruro,CAM-20,CHO-046,306.0,306.0,24.0,12.2,1.0,1.0,1.0,6940,producto_id_sin_correspondencia_silver,fecha_local_bolivia_convertida_utc,,ORD-2026-06939,CLI-010,PROD-028,2026-08-20 14:36:00,Oruro,CAM-20,CHO-046,306,306.0,24,12.2,1,1,1,ORD-2026-06939,False,CLI-010,False,PROD-028,False,CAM-20,False,CHO-046,False,Oruro,False,306,False,306.0,False,False,306.0,False,False,24.0,False,False,12.2,False,False,1.0,False,False,1.0,False,False,1.0,False,False,iso,True,2026-08-20 18:36:00+00:00,False,True,False,True,False,,,True,1,0,producto_id_sin_correspondencia_silver,cuarentena
ORD-2026-06953,CLI-018,PROD-012,2026-08-13 11:54:00+00:00,Cochabamba,CAM-22,CHO-087,206.0,206.0,48.0,29.2,1.0,1.0,1.0,6954,order_id_duplicado,fecha_local_bolivia_convertida_utc,,ORD-2026-06953,CLI-018,PROD-012,2026-08-13 07:54:00,Cochabamba,CAM-22,CHO-087,206,206.0,48,29.2,1,1,1,ORD-2026-06953,False,CLI-018,False,PROD-012,False,CAM-22,False,CHO-087,False,Cochabamba,False,206,False,206.0,False,False,206.0,False,False,48.0,False,False,29.2,False,False,1.0,False,False,1.0,False,False,1.0,False,False,iso,True,2026-08-13 11:54:00+00:00,False,True,True,True,False,,,True,1,0,order_id_duplicado,cuarentena
ORD-2026-06967,CLI-026,PROD-028,2026-08-10 23:05:00+00:00,Tarija,CAM-21,CHO-068,305.0,305.0,72.0,57.7,1.0,1.0,1.0,6968,producto_id_sin_correspondencia_silver,fecha_local_bolivia_convertida_utc,,ORD-2026-06967,CLI-026,PROD-028,2026-08-10 19:05:00,Tarija,CAM-21,CHO-068,305,305.0,72,57.7,1,1,1,ORD-2026-06967,False,CLI-026,False,PROD-028,False,CAM-21,False,CHO-068,False,Tarija,False,305,False,305.0,False,False,305.0,False,False,72.0,False,False,57.7,False,False,1.0,False,False,1.0,False,False,1.0,False,False,iso,True,2026-08-10 23:05:00+00:00,False,True,False,True,False,,,True,1,0,producto_id_sin_correspondencia_silver,cuarentena
ORD-2026-06969,CLI-006,PROD-024,2026-08-03 14:12:00+00:00,Oruro,CAM-24,CHO-066,105.0,105.0,48.0,32.8,1.0,1.0,1.0,6970,producto_id_sin_correspondencia_silver,fecha_local_bolivia_convertida_utc,,ORD-2026-06969,CLI-006,PROD-024,2026-08-03 10:12:00,Oruro,CAM-24,CHO-066,105,105.0,48,32.8,1,1,1,ORD-2026-06969,False,CLI-006,False,PROD-024,False,CAM-24,False,CHO-066,False,Oruro,False,105,False,105.0,False,False,105.0,False,False,48.0,False,False,32.8,False,False,1.0,False,False,1.0,False,False,1.0,False,False,iso,True,2026-08-03 14:12:00+00:00,False,True,False,True,False,,,True,1,0,producto_id_sin_correspondencia_silver,cuarentena
ORD-2026-06970,CLI-047,PROD-014,2026-08-05 04:35:00+00:00,Tarija,CAM-21,CHO-005,212.0,212.0,48.0,41.5,1.0,1.0,1.0,6971,producto_id_sin_correspondencia_silver,fecha_local_bolivia_convertida_utc,,ORD-2026-06970,CLI-047,PROD-014,2026-08-05 00:35:00,Tarija,CAM-21,CHO-005,212,212.0,48,41.5,1,1,1,ORD-2026-06970,False,CLI-047,False,PROD-014,False,CAM-21,False,CHO-005,False,Tarija,False,212,False,212.0,False,False,212.0,False,False,48.0,False,False,41.5,False,False,1.0,False,False,1.0,False,False,1.0,False,False,iso,True,2026-08-05 04:35:00+00:00,False,True,False,True,False,,,True,1,0,producto_id_sin_correspondencia_silver,cuarentena
ORD-2026-06978,CLI-021,PROD-033,2026-08-29 04:41:00+00:00,Tarija,CAM-26,CHO-059,215.0,215.0,48.0,39.3,1.0,1.0,1.0,6979,order_id_duplicado,fecha_local_bolivia_convertida_utc,,ORD-2026-06978,CLI-021,PROD-033,2026-08-29 00:41:00,Tarija,CAM-26,CHO-059,215,215.0,48,39.3,1,1,1,ORD-2026-06978,False,CLI-021,False,PROD-033,False,CAM-26,False,CHO-059,False,Tarija,False,215,False,215.0,False,False,215.0,False,False,48.0,False,False,39.3,False,False,1.0,False,False,1.0,False,False,1.0,False,False,iso,True,2026-08-29 04:41:00+00:00,False,True,True,True,False,,,True,1,0,order_id_duplicado,cuarentena
ORD-2026-06982,CLI-076,PROD-024,2026-08-30 21:59:00+00:00,Santa Cruz,CAM-08,CHO-145,113.0,113.0,24.0,20.4,1.0,1.0,1.0,6983,producto_id_sin_correspondencia_silver,fecha_local_bolivia_convertida_utc,,ORD-2026-06982,CLI-076,PROD-024,2026-08-30 17:59:00,Santa Cruz,CAM-08,CHO-145,113,113.0,24,20.4,1,1,1,ORD-2026-06982,False,CLI-076,False,PROD-024,False,CAM-08,False,CHO-145,False,Santa Cruz,False,113,False,113.0,False,False,113.0,False,False,24.0,False,False,20.4,False,False,1.0,False,False,1.0,False,False,1.0,False,False,iso,True,2026-08-30 21:59:00+00:00,False,True,False,True,False,,,True,1,0,producto_id_sin_correspondencia_silver,cuarentena
ORD-2026-06987,CLI-042,PROD-024,2026-08-16 00:54:00+00:00,La Paz,CAM-28,CHO-140,382.0,382.0,48.0,31.9,1.0,1.0,1.0,6988,producto_id_sin_correspondencia_silver,fecha_local_bolivia_convertida_utc,,ORD-2026-06987,CLI-042,PROD-024,2026-08-15 20:54:00,La Paz,CAM-28,CHO-140,382,382.0,48,31.9,1,1,1,ORD-2026-06987,False,CLI-042,False,PROD-024,False,CAM-28,False,CHO-140,False,La Paz,False,382,False,382.0,False,False,382.0,False,False,48.0,False,False,31.9,False,False,1.0,False,False,1.0,False,False,1.0,False,False,iso,True,2026-08-16 00:54:00+00:00,False,True,False,True,False,,,True,1,0,producto_id_sin_correspondencia_silver,cuarentena
ORD-2026-06999,CLI-095,PROD-036,2026-08-29 16:34:00+00:00,Cochabamba,CAM-27,CHO-031,381.0,381.0,72.0,59.3,1.0,1.0,1.0,7000,producto_id_sin_correspondencia_silver | camion_id_sin_correspondencia_silver,fecha_local_bolivia_convertida_utc,,ORD-2026-06999,CLI-095,PROD-036,2026-08-29 12:34:00,Cochabamba,CAM-27,CHO-031,381,381.0,72,59.3,1,1,1,ORD-2026-06999,False,CLI-095,False,PROD-036,False,CAM-27,False,CHO-031,False,Cochabamba,False,381,False,381.0,False,False,381.0,False,False,72.0,False,False,59.3,False,False,1.0,False,False,1.0,False,False,1.0,False,False,iso,True,2026-08-29 16:34:00+00:00,False,True,False,False,False,,,True,1,0,producto_id_sin_correspondencia_silver | camion_id_sin_correspondencia_silver,cuarentena
ORD-2026-07002,CLI-083,PROD-060,2026-08-19 15:26:00+00:00,Cochabamba,CAM-27,CHO-062,194.0,194.0,72.0,51.8,1.0,1.0,1.0,7003,camion_id_sin_correspondencia_silver,fecha_local_bolivia_convertida_utc,,ORD-2026-07002,CLI-083,PROD-060,2026-08-19 11:26:00,Cochabamba,CAM-27,CHO-062,194,194.0,72,51.8,1,1,1,ORD-2026-07002,False,CLI-083,False,PROD-060,False,CAM-27,False,CHO-062,False,Cochabamba,False,194,False,194.0,False,False,194.0,False,False,72.0,False,False,51.8,False,False,1.0,False,False,1.0,False,False,1.0,False,False,iso,True,2026-08-19 15:26:00+00:00,False,True,True,False,False,,,True,1,0,camion_id_sin_correspondencia_silver,cuarentena
ORD-2026-07003,CLI-050,PROD-010,2026-08-01 11:57:00+00:00,Cochabamba,CAM-27,CHO-042,271.0,271.0,48.0,43.0,1.0,1.0,1.0,7004,producto_id_sin_correspondencia_silver | camion_id_sin_correspondencia_silver,fecha_local_bolivia_convertida_utc,,ORD-2026-07003,CLI-050,PROD-010,2026-08-01 07:57:00,Cochabamba,CAM-27,CHO-042,271,271.0,48,43.0,1,1,1,ORD-2026-07003,False,CLI-050,False,PROD-010,False,CAM-27,False,CHO-042,False,Cochabamba,False,271,False,271.0,False,False,271.0,False,False,48.0,False,False,43.0,False,False,1.0,False,False,1.0,False,False,1.0,False,False,iso,True,2026-08-01 11:57:00+00:00,False,True,False,False,False,,,True,1,0,producto_id_sin_correspondencia_silver | camion_id_sin_correspondencia_silver,cuarentena
ORD-2026-07005,CLI-061,PROD-010,2026-08-03 08:30:00+00:00,Oruro,CAM-20,CHO-046,285.0,285.0,48.0,37.4,1.0,1.0,1.0,7006,producto_id_sin_correspondencia_silver,fecha_local_bolivia_convertida_utc,,ORD-2026-07005,CLI-061,PROD-010,2026-08-03 04:30:00,Oruro,CAM-20,CHO-046,285,285.0,48,37.4,1,1,1,ORD-2026-07005,False,CLI-061,False,PROD-010,False,CAM-20,False,CHO-046,False,Oruro,False,285,False,285.0,False,False,285.0,False,False,48.0,False,False,37.4,False,False,1.0,False,False,1.0,False,False,1.0,False,False,iso,True,2026-08-03 08:30:00+00:00,False,True,False,True,False,,,True,1,0,producto_id_sin_correspondencia_silver,cuarentena
ORD-2026-07006,CLI-040,PROD-028,2026-08-22 14:48:00+00:00,Tarija,CAM-19,CHO-084,338.0,338.0,24.0,18.4,1.0,1.0,1.0,7007,producto_id_sin_correspondencia_silver,fecha_local_bolivia_convertida_utc,,ORD-2026-07006,CLI-040,PROD-028,2026-08-22 10:48:00,Tarija,CAM-19,CHO-084,338,338.0,24,18.4,1,1,1,ORD-2026-07006,False,CLI-040,False,PROD-028,False,CAM-19,False,CHO-084,False,Tarija,False,338,False,338.0,False,False,338.0,False,False,24.0,False,False,18.4,False,False,1.0,False,False,1.0,False,False,1.0,False,False,iso,True,2026-08-22 14:48:00+00:00,False,True,False,True,False,,,True,1,0,producto_id_sin_correspondencia_silver,cuarentena
ORD-2026-07008,CLI-026,PROD-036,2026-08-05 20:50:00+00:00,Oruro,CAM-24,CHO-095,57.0,57.0,72.0,66.0,1.0,1.0,1.0,7009,producto_id_sin_correspondencia_silver,fecha_local_bolivia_convertida_utc,,ORD-2026-07008,CLI-026,PROD-036,2026-08-05 16:50:00,Oruro,CAM-24,CHO-095,57,57.0,72,66.0,1,1,1,ORD-2026-07008,False,CLI-026,False,PROD-036,False,CAM-24,False,CHO-095,False,Oruro,False,57,False,57.0,False,False,57.0,False,False,72.0,False,False,66.0,False,False,1.0,False,False,1.0,False,False,1.0,False,False,iso,True,2026-08-05 20:50:00+00:00,False,True,False,True,False,,,True,1,0,producto_id_sin_correspondencia_silver,cuarentena
ORD-2026-07010,CLI-055,PROD-010,2026-08-18 22:36:00+00:00,Santa Cruz,CAM-29,CHO-092,213.0,213.0,24.0,22.4,1.0,1.0,1.0,7011,producto_id_sin_correspondencia_silver,fecha_local_bolivia_convertida_utc,,ORD-2026-07010,CLI-055,PROD-010,2026-08-18 18:36:00,Santa Cruz,CAM-29,CHO-092,213,213.0,24,22.4,1,1,1,ORD-2026-07010,False,CLI-055,False,PROD-010,False,CAM-29,False,CHO-092,False,Santa Cruz,False,213,False,213.0,False,False,213.0,False,False,24.0,False,False,22.4,False,False,1.0,False,False,1.0,False,False,1.0,False,False,iso,True,2026-08-18 22:36:00+00:00,False,True,False,True,False,,,True,1,0,producto_id_sin_correspondencia_silver,cuarentena
ORD-2026-07015,CLI-036,PROD-040,2026-08-28 13:07:00+00:00,Oruro,CAM-16,CHO-038,50.0,58.0,24.0,24.7,0.0,1.0,0.0,7016,cantidad_entregada_mayor_solicitada,numero_escrito_normalizado:cantidad_solicitada | fecha_local_bolivia_convertida_utc,,ORD-2026-07015,CLI-036,PROD-040,2026-08-28 09:07:00,Oruro,CAM-16,CHO-038,cincuenta,58.0,24,24.7,0,1,0,ORD-2026-07015,False,CLI-036,False,PROD-040,False,CAM-16,False,CHO-038,False,Oruro,False,50,True,50.0,False,False,58.0,False,False,24.0,False,False,24.7,False,False,0.0,False,False,1.0,False,False,0.0,False,False,iso,True,2026-08-28 13:07:00+00:00,False,True,True,True,False,,,True,2,0,cantidad_entregada_mayor_solicitada,cuarentena
ORD-2026-07020,CLI-013,PROD-028,2026-08-31 01:43:00+00:00,Oruro,CAM-03,CHO-027,366.0,366.0,72.0,55.2,1.0,1.0,1.0,7021,producto_id_sin_correspondencia_silver,fecha_local_bolivia_convertida_utc,,ORD-2026-07020,CLI-013,PROD-028,2026-08-30 21:43:00,Oruro,CAM-03,CHO-027,366,366.0,72,55.2,1,1,1,ORD-2026-07020,False,CLI-013,False,PROD-028,False,CAM-03,False,CHO-027,False,Oruro,False,366,False,366.0,False,False,366.0,False,False,72.0,False,False,55.2,False,False,1.0,False,False,1.0,False,False,1.0,False,False,iso,True,2026-08-31 01:43:00+00:00,False,True,False,True,False,,,True,1,0,producto_id_sin_correspondencia_silver,cuarentena
ORD-2026-07023,CLI-071,PROD-036,2026-08-14 21:51:00+00:00,Santa Cruz,CAM-08,CHO-092,207.0,207.0,72.0,58.7,1.0,1.0,1.0,7024,producto_id_sin_correspondencia_silver,fecha_local_bolivia_convertida_utc,,ORD-2026-07023,CLI-071,PROD-036,2026-08-14 17:51:00,Santa Cruz,CAM-08,CHO-092,207,207.0,72,58.7,1,1,1,ORD-2026-07023,False,CLI-071,False,PROD-036,False,CAM-08,False,CHO-092,False,Santa Cruz,False,207,False,207.0,False,False,207.0,False,False,72.0,False,False,58.7,False,False,1.0,False,False,1.0,False,False,1.0,False,False,iso,True,2026-08-14 21:51:00+00:00,False,True,False,True,False,,,True,1,0,producto_id_sin_correspondencia_silver,cuarentena
ORD-2026-07029,CLI-023,PROD-024,2026-08-30 15:47:00+00:00,Santa Cruz,CAM-09,CHO-118,492.0,492.0,24.0,17.0,1.0,1.0,1.0,7030,producto_id_sin_correspondencia_silver,fecha_local_bolivia_convertida_utc,,ORD-2026-07029,CLI-023,PROD-024,2026-08-30 11:47:00,Santa Cruz,CAM-09,CHO-118,492,492.0,24,17.0,1,1,1,ORD-2026-07029,False,CLI-023,False,PROD-024,False,CAM-09,False,CHO-118,False,Santa Cruz,False,492,False,492.0,False,False,492.0,False,False,24.0,False,False,17.0,False,False,1.0,False,False,1.0,False,False,1.0,False,False,iso,True,2026-08-30 15:47:00+00:00,False,True,False,True,False,,,True,1,0,producto_id_sin_correspondencia_silver,cuarentena
ORD-2026-07033,CLI-048,PROD-036,2026-08-15 00:23:00+00:00,Santa Cruz,CAM-08,CHO-048,226.0,210.0,48.0,57.7,0.0,0.0,0.0,7034,producto_id_sin_correspondencia_silver,fecha_local_bolivia_convertida_utc,,ORD-2026-07033,CLI-048,PROD-036,2026-08-14 20:23:00,Santa Cruz,CAM-08,CHO-048,226,210.0,48,57.7,0,0,0,ORD-2026-07033,False,CLI-048,False,PROD-036,False,CAM-08,False,CHO-048,False,Santa Cruz,False,226,False,226.0,False,False,210.0,False,False,48.0,False,False,57.7,False,False,0.0,False,False,0.0,False,False,0.0,False,False,iso,True,2026-08-15 00:23:00+00:00,False,True,False,True,False,,,True,1,0,producto_id_sin_correspondencia_silver,cuarentena
ORD-2026-07038,CLI-079,PROD-024,2026-08-19 18:58:00+00:00,La Paz,CAM-12,CHO-134,350.0,350.0,24.0,21.5,1.0,1.0,1.0,7039,producto_id_sin_correspondencia_silver,fecha_local_bolivia_convertida_utc,,ORD-2026-07038,CLI-079,PROD-024,2026-08-19 14:58:00,La Paz,CAM-12,CHO-134,350,350.0,24,21.5,1,1,1,ORD-2026-07038,False,CLI-079,False,PROD-024,False,CAM-12,False,CHO-134,False,La Paz,False,350,False,350.0,False,False,350.0,False,False,24.0,False,False,21.5,False,False,1.0,False,False,1.0,False,False,1.0,False,False,iso,True,2026-08-19 18:58:00+00:00,False,True,False,True,False,,,True,1,0,producto_id_sin_correspondencia_silver,cuarentena
ORD-2026-07040,CLI-082,PROD-023,2026-08-07 08:35:00+00:00,Cochabamba,CAM-01,CHO-085,62.0,62.0,24.0,24.9,0.0,1.0,0.0,7041,camion_id_sin_correspondencia_silver,fecha_local_bolivia_convertida_utc,,ORD-2026-07040,CLI-082,PROD-023,2026-08-07 04:35:00,Cochabamba,CAM-01,CHO-085,62,62.0,24,24.9,0,1,0,ORD-2026-07040,False,CLI-082,False,PROD-023,False,CAM-01,False,CHO-085,False,Cochabamba,False,62,False,62.0,False,False,62.0,False,False,24.0,False,False,24.9,False,False,0.0,False,False,1.0,False,False,0.0,False,False,iso,True,2026-08-07 08:35:00+00:00,False,True,True,False,False,,,True,1,0,camion_id_sin_correspondencia_silver,cuarentena
ORD-2026-07046,CLI-094,PROD-028,2026-08-28 17:34:00+00:00,Tarija,CAM-21,CHO-099,281.0,281.0,48.0,58.3,0.0,1.0,0.0,7047,producto_id_sin_correspondencia_silver,fecha_local_bolivia_convertida_utc,,ORD-2026-07046,CLI-094,PROD-028,2026-08-28 13:34:00,Tarija,CAM-21,CHO-099,281,281.0,48,58.3,0,1,0,ORD-2026-07046,False,CLI-094,False,PROD-028,False,CAM-21,False,CHO-099,False,Tarija,False,281,False,281.0,False,False,281.0,False,False,48.0,False,False,58.3,False,False,0.0,False,False,1.0,False,False,0.0,False,False,iso,True,2026-08-28 17:34:00+00:00,False,True,False,True,False,,,True,1,0,producto_id_sin_correspondencia_silver,cuarentena
ORD-2026-07050,CLI-078,PROD-028,2026-08-27 06:18:00+00:00,Cochabamba,CAM-22,CHO-003,146.0,129.0,72.0,52.1,1.0,0.0,0.0,7051,producto_id_sin_correspondencia_silver,fecha_local_bolivia_convertida_utc,,ORD-2026-07050,CLI-078,PROD-028,2026-08-27 02:18:00,Cochabamba,CAM-22,CHO-003,146,129.0,72,52.1,1,0,0,ORD-2026-07050,False,CLI-078,False,PROD-028,False,CAM-22,False,CHO-003,False,Cochabamba,False,146,False,146.0,False,False,129.0,False,False,72.0,False,False,52.1,False,False,1.0,False,False,0.0,False,False,0.0,False,False,iso,True,2026-08-27 06:18:00+00:00,False,True,False,True,False,,,True,1,0,producto_id_sin_correspondencia_silver,cuarentena
ORD-2026-07053,CLI-078,PROD-014,2026-08-04 06:08:00+00:00,Santa Cruz,CAM-08,CHO-069,22.0,22.0,48.0,44.5,1.0,1.0,1.0,7054,producto_id_sin_correspondencia_silver,fecha_local_bolivia_convertida_utc,,ORD-2026-07053,CLI-078,PROD-014,2026-08-04 02:08:00,Santa Cruz,CAM-08,CHO-069,22,22.0,48,44.5,1,1,1,ORD-2026-07053,False,CLI-078,False,PROD-014,False,CAM-08,False,CHO-069,False,Santa Cruz,False,22,False,22.0,False,False,22.0,False,False,48.0,False,False,44.5,False,False,1.0,False,False,1.0,False,False,1.0,False,False,iso,True,2026-08-04 06:08:00+00:00,False,True,False,True,False,,,True,1,0,producto_id_sin_correspondencia_silver,cuarentena
ORD-2026-07055,CLI-026,PROD-024,2026-08-07 11:04:00+00:00,Oruro,CAM-24,CHO-066,173.0,154.0,24.0,17.7,1.0,0.0,0.0,7056,producto_id_sin_correspondencia_silver,fecha_local_bolivia_convertida_utc,,ORD-2026-07055,CLI-026,PROD-024,2026-08-07 07:04:00,Oruro,CAM-24,CHO-066,173,154.0,24,17.7,1,0,0,ORD-2026-07055,False,CLI-026,False,PROD-024,False,CAM-24,False,CHO-066,False,Oruro,False,173,False,173.0,False,False,154.0,False,False,24.0,False,False,17.7,False,False,1.0,False,False,0.0,False,False,0.0,False,False,iso,True,2026-08-07 11:04:00+00:00,False,True,False,True,False,,,True,1,0,producto_id_sin_correspondencia_silver,cuarentena
ORD-2026-07073,CLI-046,PROD-027,2026-08-30 15:56:00+00:00,Cochabamba,CAM-01,CHO-077,415.0,415.0,24.0,15.5,1.0,1.0,1.0,7074,camion_id_sin_correspondencia_silver,fecha_local_bolivia_convertida_utc,,ORD-2026-07073,CLI-046,PROD-027,2026-08-30 11:56:00,Cochabamba,CAM-01,CHO-077,415,415.0,24,15.5,1,1,1,ORD-2026-07073,False,CLI-046,False,PROD-027,False,CAM-01,False,CHO-077,False,Cochabamba,False,415,False,415.0,False,False,415.0,False,False,24.0,False,False,15.5,False,False,1.0,False,False,1.0,False,False,1.0,False,False,iso,True,2026-08-30 15:56:00+00:00,False,True,True,False,False,,,True,1,0,camion_id_sin_correspondencia_silver,cuarentena
ORD-2026-07077,CLI-072,PROD-024,2026-08-04 22:14:00+00:00,La Paz,CAM-07,CHO-101,83.0,83.0,48.0,39.7,1.0,1.0,1.0,7078,producto_id_sin_correspondencia_silver,fecha_local_bolivia_convertida_utc,,ORD-2026-07077,CLI-072,PROD-024,2026-08-04 18:14:00,La Paz,CAM-07,CHO-101,83,83.0,48,39.7,1,1,1,ORD-2026-07077,False,CLI-072,False,PROD-024,False,CAM-07,False,CHO-101,False,La Paz,False,83,False,83.0,False,False,83.0,False,False,48.0,False,False,39.7,False,False,1.0,False,False,1.0,False,False,1.0,False,False,iso,True,2026-08-04 22:14:00+00:00,False,True,False,True,False,,,True,1,0,producto_id_sin_correspondencia_silver,cuarentena
ORD-2026-07078,CLI-082,PROD-028,2026-08-22 12:11:00+00:00,La Paz,CAM-10,CHO-101,472.0,472.0,48.0,45.4,1.0,1.0,1.0,7079,producto_id_sin_correspondencia_silver,fecha_local_bolivia_convertida_utc,,ORD-2026-07078,CLI-082,PROD-028,2026-08-22 08:11:00,La Paz,CAM-10,CHO-101,472,472.0,48,45.4,1,1,1,ORD-2026-07078,False,CLI-082,False,PROD-028,False,CAM-10,False,CHO-101,False,La Paz,False,472,False,472.0,False,False,472.0,False,False,48.0,False,False,45.4,False,False,1.0,False,False,1.0,False,False,1.0,False,False,iso,True,2026-08-22 12:11:00+00:00,False,True,False,True,False,,,True,1,0,producto_id_sin_correspondencia_silver,cuarentena
ORD-2026-07080,CLI-019,PROD-012,2026-08-28 12:20:00+00:00,Cochabamba,CAM-27,CHO-051,209.0,209.0,48.0,41.3,1.0,1.0,1.0,7081,camion_id_sin_correspondencia_silver,fecha_local_bolivia_convertida_utc,,ORD-2026-07080,CLI-019,PROD-012,2026-08-28 08:20:00,Cochabamba,CAM-27,CHO-051,209,209.0,48,41.3,1,1,1,ORD-2026-07080,False,CLI-019,False,PROD-012,False,CAM-27,False,CHO-051,False,Cochabamba,False,209,False,209.0,False,False,209.0,False,False,48.0,False,False,41.3,False,False,1.0,False,False,1.0,False,False,1.0,False,False,iso,True,2026-08-28 12:20:00+00:00,False,True,True,False,False,,,True,1,0,camion_id_sin_correspondencia_silver,cuarentena
ORD-2026-07083,CLI-019,PROD-014,2026-08-18 07:50:00+00:00,La Paz,CAM-28,CHO-013,93.0,93.0,48.0,18.6,1.0,1.0,1.0,7084,producto_id_sin_correspondencia_silver,fecha_local_bolivia_convertida_utc,,ORD-2026-07083,CLI-019,PROD-014,2026-08-18 03:50:00,La Paz,CAM-28,CHO-013,93,93.0,48,18.6,1,1,1,ORD-2026-07083,False,CLI-019,False,PROD-014,False,CAM-28,False,CHO-013,False,La Paz,False,93,False,93.0,False,False,93.0,False,False,48.0,False,False,18.6,False,False,1.0,False,False,1.0,False,False,1.0,False,False,iso,True,2026-08-18 07:50:00+00:00,False,True,False,True,False,,,True,1,0,producto_id_sin_correspondencia_silver,cuarentena
ORD-2026-07089,CLI-096,PROD-014,2026-08-14 13:01:00+00:00,La Paz,CAM-10,CHO-006,164.0,164.0,48.0,41.7,1.0,1.0,1.0,7090,producto_id_sin_correspondencia_silver,fecha_local_bolivia_convertida_utc,,ORD-2026-07089,CLI-096,PROD-014,2026-08-14 09:01:00,La Paz,CAM-10,CHO-006,164,164.0,48,41.7,1,1,1,ORD-2026-07089,False,CLI-096,False,PROD-014,False,CAM-10,False,CHO-006,False,La Paz,False,164,False,164.0,False,False,164.0,False,False,48.0,False,False,41.7,False,False,1.0,False,False,1.0,False,False,1.0,False,False,iso,True,2026-08-14 13:01:00+00:00,False,True,False,True,False,,,True,1,0,producto_id_sin_correspondencia_silver,cuarentena
ORD-2026-07094,CLI-009,PROD-036,2026-08-25 21:07:00+00:00,Santa Cruz,CAM-08,CHO-048,389.0,389.0,72.0,63.9,1.0,1.0,1.0,7095,producto_id_sin_correspondencia_silver,fecha_local_bolivia_convertida_utc,,ORD-2026-07094,CLI-009,PROD-036,2026-08-25 17:07:00,Santa Cruz,CAM-08,CHO-048,389,389.0,72,63.9,1,1,1,ORD-2026-07094,False,CLI-009,False,PROD-036,False,CAM-08,False,CHO-048,False,Santa Cruz,False,389,False,389.0,False,False,389.0,False,False,72.0,False,False,63.9,False,False,1.0,False,False,1.0,False,False,1.0,False,False,iso,True,2026-08-25 21:07:00+00:00,False,True,False,True,False,,,True,1,0,producto_id_sin_correspondencia_silver,cuarentena
ORD-2026-07099,CLI-053,PROD-036,2026-08-07 18:30:00+00:00,Tarija,CAM-19,CHO-119,28.0,28.0,24.0,16.2,1.0,1.0,1.0,7100,producto_id_sin_correspondencia_silver,fecha_local_bolivia_convertida_utc,,ORD-2026-07099,CLI-053,PROD-036,2026-08-07 14:30:00,Tarija,CAM-19,CHO-119,28,28.0,24,16.2,1,1,1,ORD-2026-07099,False,CLI-053,False,PROD-036,False,CAM-19,False,CHO-119,False,Tarija,False,28,False,28.0,False,False,28.0,False,False,24.0,False,False,16.2,False,False,1.0,False,False,1.0,False,False,1.0,False,False,iso,True,2026-08-07 18:30:00+00:00,False,True,False,True,False,,,True,1,0,producto_id_sin_correspondencia_silver,cuarentena
ORD-2026-07100,CLI-083,PROD-028,2026-08-21 08:22:00+00:00,Oruro,CAM-16,CHO-027,212.0,212.0,24.0,21.1,1.0,1.0,1.0,7101,producto_id_sin_correspondencia_silver,fecha_local_bolivia_convertida_utc,,ORD-2026-07100,CLI-083,PROD-028,2026-08-21 04:22:00,Oruro,CAM-16,CHO-027,212,212.0,24,21.1,1,1,1,ORD-2026-07100,False,CLI-083,False,PROD-028,False,CAM-16,False,CHO-027,False,Oruro,False,212,False,212.0,False,False,212.0,False,False,24.0,False,False,21.1,False,False,1.0,False,False,1.0,False,False,1.0,False,False,iso,True,2026-08-21 08:22:00+00:00,False,True,False,True,False,,,True,1,0,producto_id_sin_correspondencia_silver,cuarentena
ORD-2026-07101,CLI-048,PROD-050,2026-08-06 01:45:00+00:00,Cochabamba,CAM-01,CHO-002,87.0,87.0,48.0,34.8,1.0,1.0,1.0,7102,camion_id_sin_correspondencia_silver,fecha_local_bolivia_convertida_utc,,ORD-2026-07101,CLI-048,PROD-050,2026-08-05 21:45:00,Cochabamba,CAM-01,CHO-002,87,87.0,48,34.8,1,1,1,ORD-2026-07101,False,CLI-048,False,PROD-050,False,CAM-01,False,CHO-002,False,Cochabamba,False,87,False,87.0,False,False,87.0,False,False,48.0,False,False,34.8,False,False,1.0,False,False,1.0,False,False,1.0,False,False,iso,True,2026-08-06 01:45:00+00:00,False,True,True,False,False,,,True,1,0,camion_id_sin_correspondencia_silver,cuarentena
ORD-2026-07109,CLI-010,PROD-010,2026-08-17 12:21:00+00:00,Santa Cruz,CAM-09,CHO-127,399.0,399.0,48.0,44.0,1.0,1.0,1.0,7110,producto_id_sin_correspondencia_silver,fecha_local_bolivia_convertida_utc,,ORD-2026-07109,CLI-010,PROD-010,2026-08-17 08:21:00,Santa Cruz,CAM-09,CHO-127,399,399.0,48,44.0,1,1,1,ORD-2026-07109,False,CLI-010,False,PROD-010,False,CAM-09,False,CHO-127,False,Santa Cruz,False,399,False,399.0,False,False,399.0,False,False,48.0,False,False,44.0,False,False,1.0,False,False,1.0,False,False,1.0,False,False,iso,True,2026-08-17 12:21:00+00:00,False,True,False,True,False,,,True,1,0,producto_id_sin_correspondencia_silver,cuarentena
ORD-2026-07112,CLI-097,PROD-028,2026-08-01 14:55:00+00:00,Cochabamba,CAM-01,CHO-057,73.0,73.0,48.0,37.3,1.0,1.0,1.0,7113,producto_id_sin_correspondencia_silver | camion_id_sin_correspondencia_silver,fecha_local_bolivia_convertida_utc,,ORD-2026-07112,CLI-097,PROD-028,2026-08-01 10:55:00,Cochabamba,CAM-01,CHO-057,73,73.0,48,37.3,1,1,1,ORD-2026-07112,False,CLI-097,False,PROD-028,False,CAM-01,False,CHO-057,False,Cochabamba,False,73,False,73.0,False,False,73.0,False,False,48.0,False,False,37.3,False,False,1.0,False,False,1.0,False,False,1.0,False,False,iso,True,2026-08-01 14:55:00+00:00,False,True,False,False,False,,,True,1,0,producto_id_sin_correspondencia_silver | camion_id_sin_correspondencia_silver,cuarentena
ORD-2026-07126,CLI-026,PROD-024,2026-08-08 09:13:00+00:00,Oruro,CAM-24,CHO-038,236.0,236.0,48.0,53.0,0.0,1.0,0.0,7127,producto_id_sin_correspondencia_silver,fecha_local_bolivia_convertida_utc,,ORD-2026-07126,CLI-026,PROD-024,2026-08-08 05:13:00,Oruro,CAM-24,CHO-038,236,236.0,48,53.0,0,1,0,ORD-2026-07126,False,CLI-026,False,PROD-024,False,CAM-24,False,CHO-038,False,Oruro,False,236,False,236.0,False,False,236.0,False,False,48.0,False,False,53.0,False,False,0.0,False,False,1.0,False,False,0.0,False,False,iso,True,2026-08-08 09:13:00+00:00,False,True,False,True,False,,,True,1,0,producto_id_sin_correspondencia_silver,cuarentena
ORD-2026-07129,CLI-079,PROD-028,2026-08-10 01:46:00+00:00,Oruro,CAM-16,CHO-046,202.0,202.0,48.0,32.1,1.0,1.0,1.0,7130,producto_id_sin_correspondencia_silver,fecha_local_bolivia_convertida_utc,,ORD-2026-07129,CLI-079,PROD-028,2026-08-09 21:46:00,Oruro,CAM-16,CHO-046,202,202.0,48,32.1,1,1,1,ORD-2026-07129,False,CLI-079,False,PROD-028,False,CAM-16,False,CHO-046,False,Oruro,False,202,False,202.0,False,False,202.0,False,False,48.0,False,False,32.1,False,False,1.0,False,False,1.0,False,False,1.0,False,False,iso,True,2026-08-10 01:46:00+00:00,False,True,False,True,False,,,True,1,0,producto_id_sin_correspondencia_silver,cuarentena
ORD-2026-07130,CLI-074,PROD-024,2026-08-23 04:29:00+00:00,Tarija,CAM-21,CHO-059,418.0,418.0,72.0,55.8,1.0,1.0,1.0,7131,producto_id_sin_correspondencia_silver,fecha_local_bolivia_convertida_utc,,ORD-2026-07130,CLI-074,PROD-024,2026-08-23 00:29:00,Tarija,CAM-21,CHO-059,418,418.0,72,55.8,1,1,1,ORD-2026-07130,False,CLI-074,False,PROD-024,False,CAM-21,False,CHO-059,False,Tarija,False,418,False,418.0,False,False,418.0,False,False,72.0,False,False,55.8,False,False,1.0,False,False,1.0,False,False,1.0,False,False,iso,True,2026-08-23 04:29:00+00:00,False,True,False,True,False,,,True,1,0,producto_id_sin_correspondencia_silver,cuarentena
ORD-2026-07131,CLI-001,PROD-028,2026-08-02 18:46:00+00:00,Santa Cruz,CAM-23,CHO-058,37.0,37.0,48.0,36.1,1.0,1.0,1.0,7132,producto_id_sin_correspondencia_silver,fecha_local_bolivia_convertida_utc,,ORD-2026-07131,CLI-001,PROD-028,2026-08-02 14:46:00,Santa Cruz,CAM-23,CHO-058,37,37.0,48,36.1,1,1,1,ORD-2026-07131,False,CLI-001,False,PROD-028,False,CAM-23,False,CHO-058,False,Santa Cruz,False,37,False,37.0,False,False,37.0,False,False,48.0,False,False,36.1,False,False,1.0,False,False,1.0,False,False,1.0,False,False,iso,True,2026-08-02 18:46:00+00:00,False,True,False,True,False,,,True,1,0,producto_id_sin_correspondencia_silver,cuarentena
ORD-2026-07137,CLI-055,PROD-034,2026-08-18 14:05:00+00:00,Cochabamba,CAM-27,CHO-123,278.0,278.0,24.0,18.0,1.0,1.0,1.0,7138,camion_id_sin_correspondencia_silver,fecha_local_bolivia_convertida_utc,,ORD-2026-07137,CLI-055,PROD-034,2026-08-18 10:05:00,Cochabamba,CAM-27,CHO-123,278,278.0,24,18.0,1,1,1,ORD-2026-07137,False,CLI-055,False,PROD-034,False,CAM-27,False,CHO-123,False,Cochabamba,False,278,False,278.0,False,False,278.0,False,False,24.0,False,False,18.0,False,False,1.0,False,False,1.0,False,False,1.0,False,False,iso,True,2026-08-18 14:05:00+00:00,False,True,True,False,False,,,True,1,0,camion_id_sin_correspondencia_silver,cuarentena
ORD-2026-07143,CLI-019,PROD-018,2026-08-16 05:25:00+00:00,Oruro,CAM-20,CHO-046,382.0,,48.0,41.1,1.0,1.0,1.0,7144,requerido_ausente:cantidad_entregada,fecha_local_bolivia_convertida_utc,,ORD-2026-07143,CLI-019,PROD-018,2026-08-16 01:25:00,Oruro,CAM-20,CHO-046,382,,48,41.1,1,1,1,ORD-2026-07143,False,CLI-019,False,PROD-018,False,CAM-20,False,CHO-046,False,Oruro,False,382,False,382.0,False,False,,False,False,48.0,False,False,41.1,False,False,1.0,False,False,1.0,False,False,1.0,False,False,iso,True,2026-08-16 05:25:00+00:00,False,True,True,True,False,,,True,1,0,requerido_ausente:cantidad_entregada,cuarentena
ORD-2026-07157,CLI-021,PROD-054,2026-08-25 11:14:00+00:00,Cochabamba,CAM-01,CHO-148,273.0,273.0,48.0,37.3,1.0,1.0,1.0,7158,camion_id_sin_correspondencia_silver,fecha_local_bolivia_convertida_utc,,ORD-2026-07157,CLI-021,PROD-054,2026-08-25 07:14:00,Cochabamba,CAM-01,CHO-148,273,273.0,48,37.3,1,1,1,ORD-2026-07157,False,CLI-021,False,PROD-054,False,CAM-01,False,CHO-148,False,Cochabamba,False,273,False,273.0,False,False,273.0,False,False,48.0,False,False,37.3,False,False,1.0,False,False,1.0,False,False,1.0,False,False,iso,True,2026-08-25 11:14:00+00:00,False,True,True,False,False,,,True,1,0,camion_id_sin_correspondencia_silver,cuarentena
ORD-2026-07159,CLI-041,PROD-010,2026-08-12 21:05:00+00:00,Santa Cruz,CAM-09,CHO-034,55.0,55.0,24.0,15.2,1.0,1.0,1.0,7160,producto_id_sin_correspondencia_silver,fecha_local_bolivia_convertida_utc,,ORD-2026-07159,CLI-041,PROD-010,2026-08-12 17:05:00,Santa Cruz,CAM-09,CHO-034,55,55.0,24,15.2,1,1,1,ORD-2026-07159,False,CLI-041,False,PROD-010,False,CAM-09,False,CHO-034,False,Santa Cruz,False,55,False,55.0,False,False,55.0,False,False,24.0,False,False,15.2,False,False,1.0,False,False,1.0,False,False,1.0,False,False,iso,True,2026-08-12 21:05:00+00:00,False,True,False,True,False,,,True,1,0,producto_id_sin_correspondencia_silver,cuarentena
ORD-2026-07164,CLI-084,PROD-004,2026-08-28 07:23:00+00:00,Cochabamba,CAM-01,CHO-088,181.0,181.0,48.0,44.1,1.0,1.0,1.0,7165,camion_id_sin_correspondencia_silver,fecha_local_bolivia_convertida_utc,,ORD-2026-07164,CLI-084,PROD-004,2026-08-28 03:23:00,Cochabamba,CAM-01,CHO-088,181,181.0,48,44.1,1,1,1,ORD-2026-07164,False,CLI-084,False,PROD-004,False,CAM-01,False,CHO-088,False,Cochabamba,False,181,False,181.0,False,False,181.0,False,False,48.0,False,False,44.1,False,False,1.0,False,False,1.0,False,False,1.0,False,False,iso,True,2026-08-28 07:23:00+00:00,False,True,True,False,False,,,True,1,0,camion_id_sin_correspondencia_silver,cuarentena
ORD-2026-07181,CLI-100,PROD-018,2026-08-06 21:10:00+00:00,Cochabamba,CAM-27,CHO-049,342.0,342.0,72.0,76.3,0.0,1.0,0.0,7182,camion_id_sin_correspondencia_silver,normalizacion_identificador:producto_id | fecha_local_bolivia_convertida_utc,,ORD-2026-07181,CLI-100, prod-018 ,2026-08-06 17:10:00,Cochabamba,CAM-27,CHO-049,342,342.0,72,76.3,0,1,0,ORD-2026-07181,False,CLI-100,False,PROD-018,True,CAM-27,False,CHO-049,False,Cochabamba,False,342,False,342.0,False,False,342.0,False,False,72.0,False,False,76.3,False,False,0.0,False,False,1.0,False,False,0.0,False,False,iso,True,2026-08-06 21:10:00+00:00,False,True,True,False,False,,,True,2,0,camion_id_sin_correspondencia_silver,cuarentena
ORD-2026-07186,CLI-058,PROD-028,2026-08-25 23:44:00+00:00,Oruro,CAM-20,CHO-066,349.0,349.0,48.0,43.9,1.0,1.0,1.0,7187,producto_id_sin_correspondencia_silver,fecha_local_bolivia_convertida_utc,,ORD-2026-07186,CLI-058,PROD-028,2026-08-25 19:44:00,Oruro,CAM-20,CHO-066,349,349.0,48,43.9,1,1,1,ORD-2026-07186,False,CLI-058,False,PROD-028,False,CAM-20,False,CHO-066,False,Oruro,False,349,False,349.0,False,False,349.0,False,False,48.0,False,False,43.9,False,False,1.0,False,False,1.0,False,False,1.0,False,False,iso,True,2026-08-25 23:44:00+00:00,False,True,False,True,False,,,True,1,0,producto_id_sin_correspondencia_silver,cuarentena
ORD-2026-07189,CLI-005,PROD-024,2026-08-14 12:20:00+00:00,Oruro,CAM-24,CHO-066,59.0,59.0,24.0,23.9,1.0,1.0,1.0,7190,producto_id_sin_correspondencia_silver,fecha_local_bolivia_convertida_utc,,ORD-2026-07189,CLI-005,PROD-024,2026-08-14 08:20:00,Oruro,CAM-24,CHO-066,59,59.0,24,23.9,1,1,1,ORD-2026-07189,False,CLI-005,False,PROD-024,False,CAM-24,False,CHO-066,False,Oruro,False,59,False,59.0,False,False,59.0,False,False,24.0,False,False,23.9,False,False,1.0,False,False,1.0,False,False,1.0,False,False,iso,True,2026-08-14 12:20:00+00:00,False,True,False,True,False,,,True,1,0,producto_id_sin_correspondencia_silver,cuarentena
ORD-2026-07190,CLI-047,PROD-014,2026-08-27 06:06:00+00:00,Cochabamba,CAM-06,CHO-102,402.0,402.0,48.0,37.6,1.0,1.0,1.0,7191,producto_id_sin_correspondencia_silver,fecha_local_bolivia_convertida_utc,,ORD-2026-07190,CLI-047,PROD-014,2026-08-27 02:06:00,Cochabamba,CAM-06,CHO-102,402,402.0,48,37.6,1,1,1,ORD-2026-07190,False,CLI-047,False,PROD-014,False,CAM-06,False,CHO-102,False,Cochabamba,False,402,False,402.0,False,False,402.0,False,False,48.0,False,False,37.6,False,False,1.0,False,False,1.0,False,False,1.0,False,False,iso,True,2026-08-27 06:06:00+00:00,False,True,False,True,False,,,True,1,0,producto_id_sin_correspondencia_silver,cuarentena
ORD-2026-07192,CLI-080,PROD-025,2026-08-06 06:42:00+00:00,Cochabamba,CAM-01,CHO-087,43.0,43.0,48.0,47.7,1.0,1.0,1.0,7193,camion_id_sin_correspondencia_silver,fecha_local_bolivia_convertida_utc,,ORD-2026-07192,CLI-080,PROD-025,2026-08-06 02:42:00,Cochabamba,CAM-01,CHO-087,43,43.0,48,47.7,1,1,1,ORD-2026-07192,False,CLI-080,False,PROD-025,False,CAM-01,False,CHO-087,False,Cochabamba,False,43,False,43.0,False,False,43.0,False,False,48.0,False,False,47.7,False,False,1.0,False,False,1.0,False,False,1.0,False,False,iso,True,2026-08-06 06:42:00+00:00,False,True,True,False,False,,,True,1,0,camion_id_sin_correspondencia_silver,cuarentena
ORD-2026-07194,CLI-077,PROD-026,2026-08-02 10:57:00+00:00,Tarija,CAM-26,CHO-078,76.0,76.0,72.0,54.8,1.0,1.0,1.0,7195,producto_id_sin_correspondencia_silver,fecha_local_bolivia_convertida_utc,,ORD-2026-07194,CLI-077,PROD-026,2026-08-02 06:57:00,Tarija,CAM-26,CHO-078,76,76.0,72,54.8,1,1,1,ORD-2026-07194,False,CLI-077,False,PROD-026,False,CAM-26,False,CHO-078,False,Tarija,False,76,False,76.0,False,False,76.0,False,False,72.0,False,False,54.8,False,False,1.0,False,False,1.0,False,False,1.0,False,False,iso,True,2026-08-02 10:57:00+00:00,False,True,False,True,False,,,True,1,0,producto_id_sin_correspondencia_silver,cuarentena
ORD-2026-07196,CLI-048,PROD-015,2026-08-19 22:08:00+00:00,Cochabamba,CAM-27,CHO-042,365.0,365.0,48.0,42.0,1.0,1.0,1.0,7197,camion_id_sin_correspondencia_silver,fecha_local_bolivia_convertida_utc,,ORD-2026-07196,CLI-048,PROD-015,2026-08-19 18:08:00,Cochabamba,CAM-27,CHO-042,365,365.0,48,42.0,1,1,1,ORD-2026-07196,False,CLI-048,False,PROD-015,False,CAM-27,False,CHO-042,False,Cochabamba,False,365,False,365.0,False,False,365.0,False,False,48.0,False,False,42.0,False,False,1.0,False,False,1.0,False,False,1.0,False,False,iso,True,2026-08-19 22:08:00+00:00,False,True,True,False,False,,,True,1,0,camion_id_sin_correspondencia_silver,cuarentena
ORD-2026-07200,CLI-050,PROD-004,2026-08-17 00:11:00+00:00,Cochabamba,CAM-27,CHO-007,73.0,57.0,48.0,-52.9,0.0,0.0,0.0,7201,tiempo_real_negativo | otif_on_time_incoherente | camion_id_sin_correspondencia_silver,fecha_local_bolivia_convertida_utc,,ORD-2026-07200,CLI-050,PROD-004,2026-08-16 20:11:00,Cochabamba,CAM-27,CHO-007,73,57.0,48,-52.9,0,0,0,ORD-2026-07200,False,CLI-050,False,PROD-004,False,CAM-27,False,CHO-007,False,Cochabamba,False,73,False,73.0,False,False,57.0,False,False,48.0,False,False,-52.9,False,False,0.0,False,False,0.0,False,False,0.0,False,False,iso,True,2026-08-17 00:11:00+00:00,False,True,True,False,False,,,True,1,0,tiempo_real_negativo | otif_on_time_incoherente | camion_id_sin_correspondencia_silver,cuarentena
ORD-2026-07205,CLI-086,PROD-043,2026-08-04 19:11:00+00:00,Cochabamba,CAM-01,CHO-020,297.0,294.0,48.0,29.7,1.0,0.0,0.0,7206,camion_id_sin_correspondencia_silver,fecha_local_bolivia_convertida_utc,,ORD-2026-07205,CLI-086,PROD-043,2026-08-04 15:11:00,Cochabamba,CAM-01,CHO-020,297,294.0,48,29.7,1,0,0,ORD-2026-07205,False,CLI-086,False,PROD-043,False,CAM-01,False,CHO-020,False,Cochabamba,False,297,False,297.0,False,False,294.0,False,False,48.0,False,False,29.7,False,False,1.0,False,False,0.0,False,False,0.0,False,False,iso,True,2026-08-04 19:11:00+00:00,False,True,True,False,False,,,True,1,0,camion_id_sin_correspondencia_silver,cuarentena
ORD-2026-07212,CLI-023,PROD-026,2026-08-25 15:28:00+00:00,Tarija,CAM-26,CHO-014,11.0,,72.0,57.9,1.0,0.0,0.0,7213,producto_id_sin_correspondencia_silver | requerido_ausente:cantidad_entregada,fecha_local_bolivia_convertida_utc,,ORD-2026-07212,CLI-023,PROD-026,2026-08-25 11:28:00,Tarija,CAM-26,CHO-014,11,,72,57.9,1,0,0,ORD-2026-07212,False,CLI-023,False,PROD-026,False,CAM-26,False,CHO-014,False,Tarija,False,11,False,11.0,False,False,,False,False,72.0,False,False,57.9,False,False,1.0,False,False,0.0,False,False,0.0,False,False,iso,True,2026-08-25 15:28:00+00:00,False,True,False,True,False,,,True,1,0,producto_id_sin_correspondencia_silver | requerido_ausente:cantidad_entregada,cuarentena
ORD-2026-07218,CLI-030,PROD-025,2026-08-29 20:26:00+00:00,Cochabamba,CAM-27,CHO-088,383.0,364.0,48.0,43.4,1.0,0.0,0.0,7219,camion_id_sin_correspondencia_silver,fecha_local_bolivia_convertida_utc,,ORD-2026-07218,CLI-030,PROD-025,2026-08-29 16:26:00,Cochabamba,CAM-27,CHO-088,383,364.0,48,43.4,1,0,0,ORD-2026-07218,False,CLI-030,False,PROD-025,False,CAM-27,False,CHO-088,False,Cochabamba,False,383,False,383.0,False,False,364.0,False,False,48.0,False,False,43.4,False,False,1.0,False,False,0.0,False,False,0.0,False,False,iso,True,2026-08-29 20:26:00+00:00,False,True,True,False,False,,,True,1,0,camion_id_sin_correspondencia_silver,cuarentena
ORD-2026-07245,CLI-025,PROD-060,2026-08-21 09:23:00+00:00,Cochabamba,CAM-27,CHO-077,18.0,18.0,24.0,16.0,1.0,1.0,1.0,7246,camion_id_sin_correspondencia_silver,fecha_local_bolivia_convertida_utc,,ORD-2026-07245,CLI-025,PROD-060,2026-08-21 05:23:00,Cochabamba,CAM-27,CHO-077,18,18.0,24,16.0,1,1,1,ORD-2026-07245,False,CLI-025,False,PROD-060,False,CAM-27,False,CHO-077,False,Cochabamba,False,18,False,18.0,False,False,18.0,False,False,24.0,False,False,16.0,False,False,1.0,False,False,1.0,False,False,1.0,False,False,iso,True,2026-08-21 09:23:00+00:00,False,True,True,False,False,,,True,1,0,camion_id_sin_correspondencia_silver,cuarentena
ORD-2026-07269,CLI-018,PROD-010,2026-08-29 22:49:00+00:00,Oruro,CAM-03,CHO-038,58.0,58.0,24.0,17.9,1.0,1.0,1.0,7270,producto_id_sin_correspondencia_silver,fecha_local_bolivia_convertida_utc,,ORD-2026-07269,CLI-018,PROD-010,2026-08-29 18:49:00,Oruro,CAM-03,CHO-038,58,58.0,24,17.9,1,1,1,ORD-2026-07269,False,CLI-018,False,PROD-010,False,CAM-03,False,CHO-038,False,Oruro,False,58,False,58.0,False,False,58.0,False,False,24.0,False,False,17.9,False,False,1.0,False,False,1.0,False,False,1.0,False,False,iso,True,2026-08-29 22:49:00+00:00,False,True,False,True,False,,,True,1,0,producto_id_sin_correspondencia_silver,cuarentena
ORD-2026-07271,CLI-044,PROD-026,2026-08-14 16:31:00+00:00,Cochabamba,CAM-02,CHO-061,158.0,158.0,72.0,53.8,1.0,1.0,1.0,7272,producto_id_sin_correspondencia_silver,fecha_local_bolivia_convertida_utc,,ORD-2026-07271,CLI-044,PROD-026,2026-08-14 12:31:00,Cochabamba,CAM-02,CHO-061,158,158.0,72,53.8,1,1,1,ORD-2026-07271,False,CLI-044,False,PROD-026,False,CAM-02,False,CHO-061,False,Cochabamba,False,158,False,158.0,False,False,158.0,False,False,72.0,False,False,53.8,False,False,1.0,False,False,1.0,False,False,1.0,False,False,iso,True,2026-08-14 16:31:00+00:00,False,True,False,True,False,,,True,1,0,producto_id_sin_correspondencia_silver,cuarentena
ORD-2026-07281,CLI-059,PROD-028,2026-08-17 03:10:00+00:00,Tarija,CAM-21,CHO-067,341.0,341.0,48.0,43.5,1.0,1.0,1.0,7282,producto_id_sin_correspondencia_silver,fecha_local_bolivia_convertida_utc,,ORD-2026-07281,CLI-059,PROD-028,2026-08-16 23:10:00,Tarija,CAM-21,CHO-067,341,341.0,48,43.5,1,1,1,ORD-2026-07281,False,CLI-059,False,PROD-028,False,CAM-21,False,CHO-067,False,Tarija,False,341,False,341.0,False,False,341.0,False,False,48.0,False,False,43.5,False,False,1.0,False,False,1.0,False,False,1.0,False,False,iso,True,2026-08-17 03:10:00+00:00,False,True,False,True,False,,,True,1,0,producto_id_sin_correspondencia_silver,cuarentena
ORD-2026-07285,CLI-023,PROD-002,2026-08-22 11:17:00+00:00,Cochabamba,CAM-01,CHO-102,345.0,345.0,48.0,36.3,1.0,1.0,1.0,7286,camion_id_sin_correspondencia_silver,fecha_local_bolivia_convertida_utc,,ORD-2026-07285,CLI-023,PROD-002,2026-08-22 07:17:00,Cochabamba,CAM-01,CHO-102,345,345.0,48,36.3,1,1,1,ORD-2026-07285,False,CLI-023,False,PROD-002,False,CAM-01,False,CHO-102,False,Cochabamba,False,345,False,345.0,False,False,345.0,False,False,48.0,False,False,36.3,False,False,1.0,False,False,1.0,False,False,1.0,False,False,iso,True,2026-08-22 11:17:00+00:00,False,True,True,False,False,,,True,1,0,camion_id_sin_correspondencia_silver,cuarentena
ORD-2026-07300,CLI-075,PROD-036,2026-08-05 12:24:00+00:00,Tarija,CAM-19,CHO-084,245.0,245.0,48.0,43.2,1.0,1.0,1.0,7301,producto_id_sin_correspondencia_silver,fecha_local_bolivia_convertida_utc,,ORD-2026-07300,CLI-075,PROD-036,2026-08-05 08:24:00,Tarija,CAM-19,CHO-084,245,245.0,48,43.2,1,1,1,ORD-2026-07300,False,CLI-075,False,PROD-036,False,CAM-19,False,CHO-084,False,Tarija,False,245,False,245.0,False,False,245.0,False,False,48.0,False,False,43.2,False,False,1.0,False,False,1.0,False,False,1.0,False,False,iso,True,2026-08-05 12:24:00+00:00,False,True,False,True,False,,,True,1,0,producto_id_sin_correspondencia_silver,cuarentena
ORD-2026-07301,CLI-058,PROD-009,2026-08-16 20:06:00+00:00,Cochabamba,CAM-01,CHO-086,30.0,30.0,24.0,26.4,0.0,1.0,0.0,7302,camion_id_sin_correspondencia_silver,fecha_local_bolivia_convertida_utc,,ORD-2026-07301,CLI-058,PROD-009,2026-08-16 16:06:00,Cochabamba,CAM-01,CHO-086,30,30.0,24,26.4,0,1,0,ORD-2026-07301,False,CLI-058,False,PROD-009,False,CAM-01,False,CHO-086,False,Cochabamba,False,30,False,30.0,False,False,30.0,False,False,24.0,False,False,26.4,False,False,0.0,False,False,1.0,False,False,0.0,False,False,iso,True,2026-08-16 20:06:00+00:00,False,True,True,False,False,,,True,1,0,camion_id_sin_correspondencia_silver,cuarentena
ORD-2026-07308,CLI-044,PROD-026,2026-08-06 10:03:00+00:00,Oruro,CAM-24,CHO-027,44.0,44.0,48.0,43.1,1.0,1.0,1.0,7309,producto_id_sin_correspondencia_silver,fecha_local_bolivia_convertida_utc,,ORD-2026-07308,CLI-044,PROD-026,2026-08-06 06:03:00,Oruro,CAM-24,CHO-027,44,44.0,48,43.1,1,1,1,ORD-2026-07308,False,CLI-044,False,PROD-026,False,CAM-24,False,CHO-027,False,Oruro,False,44,False,44.0,False,False,44.0,False,False,48.0,False,False,43.1,False,False,1.0,False,False,1.0,False,False,1.0,False,False,iso,True,2026-08-06 10:03:00+00:00,False,True,False,True,False,,,True,1,0,producto_id_sin_correspondencia_silver,cuarentena
ORD-2026-07313,CLI-007,PROD-027,2026-08-28 06:02:00+00:00,Cochabamba,CAM-27,CHO-122,90.0,90.0,24.0,23.7,1.0,1.0,1.0,7314,camion_id_sin_correspondencia_silver,fecha_local_bolivia_convertida_utc,,ORD-2026-07313,CLI-007,PROD-027,2026-08-28 02:02:00,Cochabamba,CAM-27,CHO-122,90,90.0,24,23.7,1,1,1,ORD-2026-07313,False,CLI-007,False,PROD-027,False,CAM-27,False,CHO-122,False,Cochabamba,False,90,False,90.0,False,False,90.0,False,False,24.0,False,False,23.7,False,False,1.0,False,False,1.0,False,False,1.0,False,False,iso,True,2026-08-28 06:02:00+00:00,False,True,True,False,False,,,True,1,0,camion_id_sin_correspondencia_silver,cuarentena
ORD-2026-07324,CLI-042,PROD-036,,Oruro,CAM-24,CHO-066,465.0,465.0,72.0,52.3,1.0,1.0,1.0,7325,fecha_despacho_invalida | producto_id_sin_correspondencia_silver,,,ORD-2026-07324,CLI-042,PROD-036,2026-02-31 08:00:00,Oruro,CAM-24,CHO-066,465,465.0,72,52.3,1,1,1,ORD-2026-07324,False,CLI-042,False,PROD-036,False,CAM-24,False,CHO-066,False,Oruro,False,465,False,465.0,False,False,465.0,False,False,72.0,False,False,52.3,False,False,1.0,False,False,1.0,False,False,1.0,False,False,iso,True,,True,False,False,True,False,,,False,0,0,fecha_despacho_invalida | producto_id_sin_correspondencia_silver,cuarentena
ORD-2026-07329,CLI-015,PROD-010,2026-08-16 19:13:00+00:00,Oruro,CAM-20,CHO-038,374.0,374.0,72.0,92.0,0.0,1.0,0.0,7330,producto_id_sin_correspondencia_silver,fecha_local_bolivia_convertida_utc,,ORD-2026-07329,CLI-015,PROD-010,2026-08-16 15:13:00,Oruro,CAM-20,CHO-038,374,374.0,72,92.0,0,1,0,ORD-2026-07329,False,CLI-015,False,PROD-010,False,CAM-20,False,CHO-038,False,Oruro,False,374,False,374.0,False,False,374.0,False,False,72.0,False,False,92.0,False,False,0.0,False,False,1.0,False,False,0.0,False,False,iso,True,2026-08-16 19:13:00+00:00,False,True,False,True,False,,,True,1,0,producto_id_sin_correspondencia_silver,cuarentena
ORD-2026-07330,CLI-028,PROD-010,2026-08-23 01:53:00+00:00,Tarija,CAM-19,CHO-063,327.0,327.0,72.0,68.5,1.0,1.0,1.0,7331,producto_id_sin_correspondencia_silver,fecha_local_bolivia_convertida_utc,,ORD-2026-07330,CLI-028,PROD-010,2026-08-22 21:53:00,Tarija,CAM-19,CHO-063,327,327.0,72,68.5,1,1,1,ORD-2026-07330,False,CLI-028,False,PROD-010,False,CAM-19,False,CHO-063,False,Tarija,False,327,False,327.0,False,False,327.0,False,False,72.0,False,False,68.5,False,False,1.0,False,False,1.0,False,False,1.0,False,False,iso,True,2026-08-23 01:53:00+00:00,False,True,False,True,False,,,True,1,0,producto_id_sin_correspondencia_silver,cuarentena
ORD-2026-07337,CLI-002,PROD-004,2026-08-08 14:06:00+00:00,Cochabamba,CAM-27,CHO-115,211.0,211.0,72.0,61.0,1.0,1.0,1.0,7338,camion_id_sin_correspondencia_silver,fecha_local_bolivia_convertida_utc,,ORD-2026-07337,CLI-002,PROD-004,2026-08-08 10:06:00,Cochabamba,CAM-27,CHO-115,211,211.0,72,61.0,1,1,1,ORD-2026-07337,False,CLI-002,False,PROD-004,False,CAM-27,False,CHO-115,False,Cochabamba,False,211,False,211.0,False,False,211.0,False,False,72.0,False,False,61.0,False,False,1.0,False,False,1.0,False,False,1.0,False,False,iso,True,2026-08-08 14:06:00+00:00,False,True,True,False,False,,,True,1,0,camion_id_sin_correspondencia_silver,cuarentena
ORD-2026-07340,CLI-061,PROD-036,2026-08-18 07:40:00+00:00,Tarija,CAM-21,CHO-099,362.0,362.0,24.0,21.3,1.0,1.0,1.0,7341,producto_id_sin_correspondencia_silver,fecha_local_bolivia_convertida_utc,,ORD-2026-07340,CLI-061,PROD-036,2026-08-18 03:40:00,Tarija,CAM-21,CHO-099,362,362.0,24,21.3,1,1,1,ORD-2026-07340,False,CLI-061,False,PROD-036,False,CAM-21,False,CHO-099,False,Tarija,False,362,False,362.0,False,False,362.0,False,False,24.0,False,False,21.3,False,False,1.0,False,False,1.0,False,False,1.0,False,False,iso,True,2026-08-18 07:40:00+00:00,False,True,False,True,False,,,True,1,0,producto_id_sin_correspondencia_silver,cuarentena
ORD-2026-07342,CLI-088,PROD-046,2026-08-17 21:20:00+00:00,Cochabamba,CAM-01,CHO-072,26.0,26.0,24.0,13.5,1.0,1.0,1.0,7343,camion_id_sin_correspondencia_silver,fecha_local_bolivia_convertida_utc,,ORD-2026-07342,CLI-088,PROD-046,2026-08-17 17:20:00,Cochabamba,CAM-01,CHO-072,26,26.0,24,13.5,1,1,1,ORD-2026-07342,False,CLI-088,False,PROD-046,False,CAM-01,False,CHO-072,False,Cochabamba,False,26,False,26.0,False,False,26.0,False,False,24.0,False,False,13.5,False,False,1.0,False,False,1.0,False,False,1.0,False,False,iso,True,2026-08-17 21:20:00+00:00,False,True,True,False,False,,,True,1,0,camion_id_sin_correspondencia_silver,cuarentena
ORD-2026-07351,CLI-084,PROD-010,2026-08-05 21:47:00+00:00,Santa Cruz,CAM-08,CHO-052,328.0,328.0,24.0,23.3,1.0,1.0,1.0,7352,producto_id_sin_correspondencia_silver,fecha_local_bolivia_convertida_utc,,ORD-2026-07351,CLI-084,PROD-010,2026-08-05 17:47:00,Santa Cruz,CAM-08,CHO-052,328,328.0,24,23.3,1,1,1,ORD-2026-07351,False,CLI-084,False,PROD-010,False,CAM-08,False,CHO-052,False,Santa Cruz,False,328,False,328.0,False,False,328.0,False,False,24.0,False,False,23.3,False,False,1.0,False,False,1.0,False,False,1.0,False,False,iso,True,2026-08-05 21:47:00+00:00,False,True,False,True,False,,,True,1,0,producto_id_sin_correspondencia_silver,cuarentena
ORD-2026-07358,CLI-014,PROD-014,2026-08-29 07:47:00+00:00,La Paz,CAM-28,CHO-006,186.0,186.0,72.0,62.8,1.0,1.0,1.0,7359,producto_id_sin_correspondencia_silver,fecha_local_bolivia_convertida_utc,,ORD-2026-07358,CLI-014,PROD-014,2026-08-29 03:47:00,La Paz,CAM-28,CHO-006,186,186.0,72,62.8,1,1,1,ORD-2026-07358,False,CLI-014,False,PROD-014,False,CAM-28,False,CHO-006,False,La Paz,False,186,False,186.0,False,False,186.0,False,False,72.0,False,False,62.8,False,False,1.0,False,False,1.0,False,False,1.0,False,False,iso,True,2026-08-29 07:47:00+00:00,False,True,False,True,False,,,True,1,0,producto_id_sin_correspondencia_silver,cuarentena
ORD-2026-07370,CLI-095,PROD-024,2026-08-14 19:01:00+00:00,Santa Cruz,CAM-29,CHO-146,216.0,216.0,72.0,78.4,0.0,1.0,0.0,7371,producto_id_sin_correspondencia_silver,fecha_local_bolivia_convertida_utc,,ORD-2026-07370,CLI-095,PROD-024,2026-08-14 15:01:00,Santa Cruz,CAM-29,CHO-146,216,216.0,72,78.4,0,1,0,ORD-2026-07370,False,CLI-095,False,PROD-024,False,CAM-29,False,CHO-146,False,Santa Cruz,False,216,False,216.0,False,False,216.0,False,False,72.0,False,False,78.4,False,False,0.0,False,False,1.0,False,False,0.0,False,False,iso,True,2026-08-14 19:01:00+00:00,False,True,False,True,False,,,True,1,0,producto_id_sin_correspondencia_silver,cuarentena
ORD-2026-07385,CLI-035,PROD-036,2026-08-14 15:19:00+00:00,La Paz,CAM-15,CHO-013,490.0,490.0,48.0,36.3,1.0,1.0,1.0,7386,producto_id_sin_correspondencia_silver,fecha_local_bolivia_convertida_utc,,ORD-2026-07385,CLI-035,PROD-036,2026-08-14 11:19:00,La Paz,CAM-15,CHO-013,490,490.0,48,36.3,1,1,1,ORD-2026-07385,False,CLI-035,False,PROD-036,False,CAM-15,False,CHO-013,False,La Paz,False,490,False,490.0,False,False,490.0,False,False,48.0,False,False,36.3,False,False,1.0,False,False,1.0,False,False,1.0,False,False,iso,True,2026-08-14 15:19:00+00:00,False,True,False,True,False,,,True,1,0,producto_id_sin_correspondencia_silver,cuarentena
ORD-2026-07391,CLI-039,PROD-003,2026-08-07 03:04:00+00:00,Cochabamba,CAM-27,CHO-002,371.0,371.0,72.0,61.5,1.0,1.0,1.0,7392,camion_id_sin_correspondencia_silver,fecha_local_bolivia_convertida_utc,,ORD-2026-07391,CLI-039,PROD-003,2026-08-06 23:04:00,Cochabamba,CAM-27,CHO-002,371,371.0,72,61.5,1,1,1,ORD-2026-07391,False,CLI-039,False,PROD-003,False,CAM-27,False,CHO-002,False,Cochabamba,False,371,False,371.0,False,False,371.0,False,False,72.0,False,False,61.5,False,False,1.0,False,False,1.0,False,False,1.0,False,False,iso,True,2026-08-07 03:04:00+00:00,False,True,True,False,False,,,True,1,0,camion_id_sin_correspondencia_silver,cuarentena
ORD-2026-07404,CLI-041,PROD-026,2026-08-25 18:46:00+00:00,La Paz,CAM-15,CHO-004,119.0,119.0,24.0,23.9,1.0,1.0,1.0,7405,producto_id_sin_correspondencia_silver,fecha_local_bolivia_convertida_utc,,ORD-2026-07404,CLI-041,PROD-026,2026-08-25 14:46:00,La Paz,CAM-15,CHO-004,119,119.0,24,23.9,1,1,1,ORD-2026-07404,False,CLI-041,False,PROD-026,False,CAM-15,False,CHO-004,False,La Paz,False,119,False,119.0,False,False,119.0,False,False,24.0,False,False,23.9,False,False,1.0,False,False,1.0,False,False,1.0,False,False,iso,True,2026-08-25 18:46:00+00:00,False,True,False,True,False,,,True,1,0,producto_id_sin_correspondencia_silver,cuarentena
ORD-2026-07407,CLI-074,PROD-043,2026-08-22 10:29:00+00:00,Cochabamba,CAM-02,CHO-148,460.0,458.0,48.0,44.8,1.0,0.0,0.0,7408,order_id_duplicado,fecha_local_bolivia_convertida_utc,,ORD-2026-07407,CLI-074,PROD-043,2026-08-22 06:29:00,Cochabamba,CAM-02,CHO-148,460,458.0,48,44.8,1,0,0,ORD-2026-07407,False,CLI-074,False,PROD-043,False,CAM-02,False,CHO-148,False,Cochabamba,False,460,False,460.0,False,False,458.0,False,False,48.0,False,False,44.8,False,False,1.0,False,False,0.0,False,False,0.0,False,False,iso,True,2026-08-22 10:29:00+00:00,False,True,True,True,False,,,True,1,0,order_id_duplicado,cuarentena
ORD-2026-07413,CLI-042,PROD-059,2026-08-04 05:59:00+00:00,Cochabamba,CAM-27,CHO-131,208.0,208.0,72.0,42.7,1.0,1.0,1.0,7414,camion_id_sin_correspondencia_silver,fecha_local_bolivia_convertida_utc,,ORD-2026-07413,CLI-042,PROD-059,2026-08-04 01:59:00,Cochabamba,CAM-27,CHO-131,208,208.0,72,42.7,1,1,1,ORD-2026-07413,False,CLI-042,False,PROD-059,False,CAM-27,False,CHO-131,False,Cochabamba,False,208,False,208.0,False,False,208.0,False,False,72.0,False,False,42.7,False,False,1.0,False,False,1.0,False,False,1.0,False,False,iso,True,2026-08-04 05:59:00+00:00,False,True,True,False,False,,,True,1,0,camion_id_sin_correspondencia_silver,cuarentena
ORD-2026-07425,CLI-023,PROD-048,2026-08-24 11:27:00+00:00,Cochabamba,CAM-01,CHO-096,374.0,374.0,72.0,76.6,0.0,1.0,0.0,7426,camion_id_sin_correspondencia_silver,fecha_local_bolivia_convertida_utc,,ORD-2026-07425,CLI-023,PROD-048,2026-08-24 07:27:00,Cochabamba,CAM-01,CHO-096,374,374.0,72,76.6,0,1,0,ORD-2026-07425,False,CLI-023,False,PROD-048,False,CAM-01,False,CHO-096,False,Cochabamba,False,374,False,374.0,False,False,374.0,False,False,72.0,False,False,76.6,False,False,0.0,False,False,1.0,False,False,0.0,False,False,iso,True,2026-08-24 11:27:00+00:00,False,True,True,False,False,,,True,1,0,camion_id_sin_correspondencia_silver,cuarentena
ORD-2026-07434,CLI-076,PROD-014,2026-08-15 14:40:00+00:00,Santa Cruz,CAM-29,CHO-015,165.0,165.0,24.0,16.7,1.0,1.0,1.0,7435,producto_id_sin_correspondencia_silver,fecha_local_bolivia_convertida_utc,,ORD-2026-07434,CLI-076,PROD-014,2026-08-15 10:40:00,Santa Cruz,CAM-29,CHO-015,165,165.0,24,16.7,1,1,1,ORD-2026-07434,False,CLI-076,False,PROD-014,False,CAM-29,False,CHO-015,False,Santa Cruz,False,165,False,165.0,False,False,165.0,False,False,24.0,False,False,16.7,False,False,1.0,False,False,1.0,False,False,1.0,False,False,iso,True,2026-08-15 14:40:00+00:00,False,True,False,True,False,,,True,1,0,producto_id_sin_correspondencia_silver,cuarentena
ORD-2026-07439,CLI-055,PROD-026,2026-08-08 15:35:00+00:00,Santa Cruz,CAM-08,CHO-015,335.0,335.0,48.0,31.1,1.0,1.0,1.0,7440,producto_id_sin_correspondencia_silver,fecha_local_bolivia_convertida_utc,,ORD-2026-07439,CLI-055,PROD-026,2026-08-08 11:35:00,Santa Cruz,CAM-08,CHO-015,335,335.0,48,31.1,1,1,1,ORD-2026-07439,False,CLI-055,False,PROD-026,False,CAM-08,False,CHO-015,False,Santa Cruz,False,335,False,335.0,False,False,335.0,False,False,48.0,False,False,31.1,False,False,1.0,False,False,1.0,False,False,1.0,False,False,iso,True,2026-08-08 15:35:00+00:00,False,True,False,True,False,,,True,1,0,producto_id_sin_correspondencia_silver,cuarentena
ORD-2026-07448,CLI-081,PROD-026,2026-08-23 14:54:00+00:00,Oruro,CAM-20,CHO-046,454.0,454.0,48.0,29.5,1.0,1.0,1.0,7449,producto_id_sin_correspondencia_silver,fecha_local_bolivia_convertida_utc,,ORD-2026-07448,CLI-081,PROD-026,2026-08-23 10:54:00,Oruro,CAM-20,CHO-046,454,454.0,48,29.5,1,1,1,ORD-2026-07448,False,CLI-081,False,PROD-026,False,CAM-20,False,CHO-046,False,Oruro,False,454,False,454.0,False,False,454.0,False,False,48.0,False,False,29.5,False,False,1.0,False,False,1.0,False,False,1.0,False,False,iso,True,2026-08-23 14:54:00+00:00,False,True,False,True,False,,,True,1,0,producto_id_sin_correspondencia_silver,cuarentena
ORD-2026-07455,CLI-038,PROD-012,2026-08-24 07:21:00+00:00,Santa Cruz,CAM-09,CHO-138,296.0,,24.0,15.6,1.0,1.0,1.0,7456,requerido_ausente:cantidad_entregada,fecha_local_bolivia_convertida_utc,,ORD-2026-07455,CLI-038,PROD-012,2026-08-24 03:21:00,Santa Cruz,CAM-09,CHO-138,296,,24,15.6,1,1,1,ORD-2026-07455,False,CLI-038,False,PROD-012,False,CAM-09,False,CHO-138,False,Santa Cruz,False,296,False,296.0,False,False,,False,False,24.0,False,False,15.6,False,False,1.0,False,False,1.0,False,False,1.0,False,False,iso,True,2026-08-24 07:21:00+00:00,False,True,True,True,False,,,True,1,0,requerido_ausente:cantidad_entregada,cuarentena
ORD-2026-07457,CLI-048,PROD-024,2026-08-07 04:50:00+00:00,Santa Cruz,CAM-09,CHO-026,74.0,74.0,24.0,24.3,0.0,1.0,0.0,7458,producto_id_sin_correspondencia_silver,fecha_local_bolivia_convertida_utc,,ORD-2026-07457,CLI-048,PROD-024,2026-08-07 00:50:00,Santa Cruz,CAM-09,CHO-026,74,74.0,24,24.3,0,1,0,ORD-2026-07457,False,CLI-048,False,PROD-024,False,CAM-09,False,CHO-026,False,Santa Cruz,False,74,False,74.0,False,False,74.0,False,False,24.0,False,False,24.3,False,False,0.0,False,False,1.0,False,False,0.0,False,False,iso,True,2026-08-07 04:50:00+00:00,False,True,False,True,False,,,True,1,0,producto_id_sin_correspondencia_silver,cuarentena
ORD-2026-07468,CLI-037,PROD-026,2026-08-03 08:55:00+00:00,Santa Cruz,CAM-08,CHO-052,294.0,294.0,72.0,66.7,1.0,1.0,1.0,7469,producto_id_sin_correspondencia_silver,fecha_local_bolivia_convertida_utc,,ORD-2026-07468,CLI-037,PROD-026,2026-08-03 04:55:00,Santa Cruz,CAM-08,CHO-052,294,294.0,72,66.7,1,1,1,ORD-2026-07468,False,CLI-037,False,PROD-026,False,CAM-08,False,CHO-052,False,Santa Cruz,False,294,False,294.0,False,False,294.0,False,False,72.0,False,False,66.7,False,False,1.0,False,False,1.0,False,False,1.0,False,False,iso,True,2026-08-03 08:55:00+00:00,False,True,False,True,False,,,True,1,0,producto_id_sin_correspondencia_silver,cuarentena
ORD-2026-07471,CLI-020,PROD-028,2026-08-14 09:11:00+00:00,Tarija,CAM-26,CHO-119,105.0,105.0,24.0,21.7,1.0,1.0,1.0,7472,producto_id_sin_correspondencia_silver,fecha_local_bolivia_convertida_utc,,ORD-2026-07471,CLI-020,PROD-028,2026-08-14 05:11:00,Tarija,CAM-26,CHO-119,105,105.0,24,21.7,1,1,1,ORD-2026-07471,False,CLI-020,False,PROD-028,False,CAM-26,False,CHO-119,False,Tarija,False,105,False,105.0,False,False,105.0,False,False,24.0,False,False,21.7,False,False,1.0,False,False,1.0,False,False,1.0,False,False,iso,True,2026-08-14 09:11:00+00:00,False,True,False,True,False,,,True,1,0,producto_id_sin_correspondencia_silver,cuarentena
ORD-2026-07474,CLI-072,PROD-014,2026-08-19 00:18:00+00:00,Oruro,CAM-24,CHO-038,35.0,35.0,48.0,41.3,1.0,1.0,1.0,7475,producto_id_sin_correspondencia_silver,fecha_local_bolivia_convertida_utc,,ORD-2026-07474,CLI-072,PROD-014,2026-08-18 20:18:00,Oruro,CAM-24,CHO-038,35,35.0,48,41.3,1,1,1,ORD-2026-07474,False,CLI-072,False,PROD-014,False,CAM-24,False,CHO-038,False,Oruro,False,35,False,35.0,False,False,35.0,False,False,48.0,False,False,41.3,False,False,1.0,False,False,1.0,False,False,1.0,False,False,iso,True,2026-08-19 00:18:00+00:00,False,True,False,True,False,,,True,1,0,producto_id_sin_correspondencia_silver,cuarentena
ORD-2026-07481,CLI-060,PROD-022,2026-08-24 21:12:00+00:00,Cochabamba,CAM-27,CHO-088,445.0,445.0,72.0,28.2,1.0,1.0,1.0,7482,camion_id_sin_correspondencia_silver,fecha_local_bolivia_convertida_utc,,ORD-2026-07481,CLI-060,PROD-022,2026-08-24 17:12:00,Cochabamba,CAM-27,CHO-088,445,445.0,72,28.2,1,1,1,ORD-2026-07481,False,CLI-060,False,PROD-022,False,CAM-27,False,CHO-088,False,Cochabamba,False,445,False,445.0,False,False,445.0,False,False,72.0,False,False,28.2,False,False,1.0,False,False,1.0,False,False,1.0,False,False,iso,True,2026-08-24 21:12:00+00:00,False,True,True,False,False,,,True,1,0,camion_id_sin_correspondencia_silver,cuarentena
ORD-2026-07482,CLI-039,PROD-026,2026-08-14 08:37:00+00:00,Oruro,CAM-24,CHO-095,315.0,315.0,48.0,29.2,1.0,1.0,1.0,7483,producto_id_sin_correspondencia_silver,fecha_local_bolivia_convertida_utc,,ORD-2026-07482,CLI-039,PROD-026,2026-08-14 04:37:00,Oruro,CAM-24,CHO-095,315,315.0,48,29.2,1,1,1,ORD-2026-07482,False,CLI-039,False,PROD-026,False,CAM-24,False,CHO-095,False,Oruro,False,315,False,315.0,False,False,315.0,False,False,48.0,False,False,29.2,False,False,1.0,False,False,1.0,False,False,1.0,False,False,iso,True,2026-08-14 08:37:00+00:00,False,True,False,True,False,,,True,1,0,producto_id_sin_correspondencia_silver,cuarentena
ORD-2026-07490,CLI-006,PROD-019,2026-08-06 18:57:00+00:00,Santa Cruz,CAM-29,CHO-093,101.0,101.0,72.0,-58.3,1.0,1.0,1.0,7491,tiempo_real_negativo,fecha_local_bolivia_convertida_utc,,ORD-2026-07490,CLI-006,PROD-019,2026-08-06 14:57:00,Santa Cruz,CAM-29,CHO-093,101,101.0,72,-58.3,1,1,1,ORD-2026-07490,False,CLI-006,False,PROD-019,False,CAM-29,False,CHO-093,False,Santa Cruz,False,101,False,101.0,False,False,101.0,False,False,72.0,False,False,-58.3,False,False,1.0,False,False,1.0,False,False,1.0,False,False,iso,True,2026-08-06 18:57:00+00:00,False,True,True,True,False,,,True,1,0,tiempo_real_negativo,cuarentena
ORD-2026-07494,CLI-087,PROD-024,2026-08-09 19:24:00+00:00,Santa Cruz,CAM-18,CHO-021,312.0,312.0,72.0,66.6,1.0,1.0,1.0,7495,producto_id_sin_correspondencia_silver,fecha_local_bolivia_convertida_utc,,ORD-2026-07494,CLI-087,PROD-024,2026-08-09 15:24:00,Santa Cruz,CAM-18,CHO-021,312,312.0,72,66.6,1,1,1,ORD-2026-07494,False,CLI-087,False,PROD-024,False,CAM-18,False,CHO-021,False,Santa Cruz,False,312,False,312.0,False,False,312.0,False,False,72.0,False,False,66.6,False,False,1.0,False,False,1.0,False,False,1.0,False,False,iso,True,2026-08-09 19:24:00+00:00,False,True,False,True,False,,,True,1,0,producto_id_sin_correspondencia_silver,cuarentena
ORD-2026-00866,CLI-086,PROD-005,2026-08-30 21:04:00+00:00,Cochabamba,CAM-05,CHO-077,164.0,164.0,72.0,74.2,0.0,1.0,0.0,7502,order_id_duplicado,fecha_local_bolivia_convertida_utc,,ORD-2026-00866,CLI-086,PROD-005,2026-08-30 17:04:00,Cochabamba,CAM-05,CHO-077,164,164.0,72,74.2,0,1,0,ORD-2026-00866,False,CLI-086,False,PROD-005,False,CAM-05,False,CHO-077,False,Cochabamba,False,164,False,164.0,False,False,164.0,False,False,72.0,False,False,74.2,False,False,0.0,False,False,1.0,False,False,0.0,False,False,iso,True,2026-08-30 21:04:00+00:00,False,True,True,True,False,,,True,1,0,order_id_duplicado,cuarentena
ORD-2026-06883,CLI-062,PROD-060,2026-08-03 09:37:00+00:00,Cochabamba,CAM-22,CHO-044,221.0,221.0,48.0,41.3,1.0,1.0,1.0,7503,order_id_duplicado,fecha_local_bolivia_convertida_utc,,ORD-2026-06883,CLI-062,PROD-060,2026-08-03 05:37:00,Cochabamba,CAM-22,CHO-044,221,221.0,48,41.3,1,1,1,ORD-2026-06883,False,CLI-062,False,PROD-060,False,CAM-22,False,CHO-044,False,Cochabamba,False,221,False,221.0,False,False,221.0,False,False,48.0,False,False,41.3,False,False,1.0,False,False,1.0,False,False,1.0,False,False,iso,True,2026-08-03 09:37:00+00:00,False,True,True,True,False,,,True,1,0,order_id_duplicado,cuarentena
ORD-2026-04429,CLI-075,PROD-027,2026-08-16 04:07:00+00:00,La Paz,CAM-28,CHO-147,59.0,59.0,72.0,44.0,1.0,1.0,1.0,7504,order_id_duplicado,fecha_local_bolivia_convertida_utc,,ORD-2026-04429,CLI-075,PROD-027,2026-08-16 00:07:00,La Paz,CAM-28,CHO-147,59,59.0,72,44.0,1,1,1,ORD-2026-04429,False,CLI-075,False,PROD-027,False,CAM-28,False,CHO-147,False,La Paz,False,59,False,59.0,False,False,59.0,False,False,72.0,False,False,44.0,False,False,1.0,False,False,1.0,False,False,1.0,False,False,iso,True,2026-08-16 04:07:00+00:00,False,True,True,True,False,,,True,1,0,order_id_duplicado,cuarentena
ORD-2026-03573,CLI-090,PROD-013,2026-08-12 03:38:00+00:00,Tarija,CAM-19,CHO-014,305.0,305.0,24.0,22.2,1.0,1.0,1.0,7505,order_id_duplicado,fecha_local_bolivia_convertida_utc,,ORD-2026-03573,CLI-090,PROD-013,2026-08-11 23:38:00,Tarija,CAM-19,CHO-014,305,305.0,24,22.2,1,1,1,ORD-2026-03573,False,CLI-090,False,PROD-013,False,CAM-19,False,CHO-014,False,Tarija,False,305,False,305.0,False,False,305.0,False,False,24.0,False,False,22.2,False,False,1.0,False,False,1.0,False,False,1.0,False,False,iso,True,2026-08-12 03:38:00+00:00,False,True,True,True,False,,,True,1,0,order_id_duplicado,cuarentena
ORD-2026-01161,CLI-072,PROD-053,2026-08-30 23:17:00+00:00,Tarija,CAM-26,CHO-025,338.0,319.0,72.0,57.3,1.0,0.0,0.0,7506,order_id_duplicado,fecha_local_bolivia_convertida_utc,,ORD-2026-01161,CLI-072,PROD-053,2026-08-30 19:17:00,Tarija,CAM-26,CHO-025,338,319.0,72,57.3,1,0,0,ORD-2026-01161,False,CLI-072,False,PROD-053,False,CAM-26,False,CHO-025,False,Tarija,False,338,False,338.0,False,False,319.0,False,False,72.0,False,False,57.3,False,False,1.0,False,False,0.0,False,False,0.0,False,False,iso,True,2026-08-30 23:17:00+00:00,False,True,True,True,False,,,True,1,0,order_id_duplicado,cuarentena
ORD-2026-00505,CLI-048,PROD-043,2026-08-15 16:57:00+00:00,Cochabamba,CAM-02,CHO-120,137.0,137.0,48.0,37.4,1.0,1.0,1.0,7507,order_id_duplicado,fecha_local_bolivia_convertida_utc,,ORD-2026-00505,CLI-048,PROD-043,2026-08-15 12:57:00,Cochabamba,CAM-02,CHO-120,137,137.0,48,37.4,1,1,1,ORD-2026-00505,False,CLI-048,False,PROD-043,False,CAM-02,False,CHO-120,False,Cochabamba,False,137,False,137.0,False,False,137.0,False,False,48.0,False,False,37.4,False,False,1.0,False,False,1.0,False,False,1.0,False,False,iso,True,2026-08-15 16:57:00+00:00,False,True,True,True,False,,,True,1,0,order_id_duplicado,cuarentena
ORD-2026-03394,CLI-041,PROD-034,2026-08-03 09:33:00+00:00,Tarija,CAM-26,CHO-067,343.0,343.0,72.0,42.6,1.0,1.0,1.0,7508,order_id_duplicado,fecha_local_bolivia_convertida_utc,,ORD-2026-03394,CLI-041,PROD-034,2026-08-03 05:33:00,Tarija,CAM-26,CHO-067,343,343.0,72,42.6,1,1,1,ORD-2026-03394,False,CLI-041,False,PROD-034,False,CAM-26,False,CHO-067,False,Tarija,False,343,False,343.0,False,False,343.0,False,False,72.0,False,False,42.6,False,False,1.0,False,False,1.0,False,False,1.0,False,False,iso,True,2026-08-03 09:33:00+00:00,False,True,True,True,False,,,True,1,0,order_id_duplicado,cuarentena
ORD-2026-02354,CLI-030,PROD-044,2026-08-02 18:24:00+00:00,Cochabamba,CAM-25,CHO-148,165.0,165.0,48.0,30.0,1.0,1.0,1.0,7509,order_id_duplicado,fecha_local_bolivia_convertida_utc,,ORD-2026-02354,CLI-030,PROD-044,2026-08-02 14:24:00,Cochabamba,CAM-25,CHO-148,165,165.0,48,30.0,1,1,1,ORD-2026-02354,False,CLI-030,False,PROD-044,False,CAM-25,False,CHO-148,False,Cochabamba,False,165,False,165.0,False,False,165.0,False,False,48.0,False,False,30.0,False,False,1.0,False,False,1.0,False,False,1.0,False,False,iso,True,2026-08-02 18:24:00+00:00,False,True,True,True,False,,,True,1,0,order_id_duplicado,cuarentena
ORD-2026-06785,CLI-003,PROD-028,2026-08-16 22:15:00+00:00,Santa Cruz,CAM-29,CHO-052,407.0,407.0,72.0,55.2,1.0,1.0,1.0,7510,order_id_duplicado | producto_id_sin_correspondencia_silver,fecha_local_bolivia_convertida_utc,,ORD-2026-06785,CLI-003,PROD-028,2026-08-16 18:15:00,Santa Cruz,CAM-29,CHO-052,407,407.0,72,55.2,1,1,1,ORD-2026-06785,False,CLI-003,False,PROD-028,False,CAM-29,False,CHO-052,False,Santa Cruz,False,407,False,407.0,False,False,407.0,False,False,72.0,False,False,55.2,False,False,1.0,False,False,1.0,False,False,1.0,False,False,iso,True,2026-08-16 22:15:00+00:00,False,True,False,True,False,,,True,1,0,order_id_duplicado | producto_id_sin_correspondencia_silver,cuarentena
ORD-2026-04855,CLI-020,PROD-036,2026-08-15 23:57:00+00:00,Tarija,CAM-19,CHO-010,87.0,87.0,72.0,59.0,1.0,1.0,1.0,7511,order_id_duplicado | producto_id_sin_correspondencia_silver,fecha_local_bolivia_convertida_utc,,ORD-2026-04855,CLI-020,PROD-036,2026-08-15 19:57:00,Tarija,CAM-19,CHO-010,87,87.0,72,59.0,1,1,1,ORD-2026-04855,False,CLI-020,False,PROD-036,False,CAM-19,False,CHO-010,False,Tarija,False,87,False,87.0,False,False,87.0,False,False,72.0,False,False,59.0,False,False,1.0,False,False,1.0,False,False,1.0,False,False,iso,True,2026-08-15 23:57:00+00:00,False,True,False,True,False,,,True,1,0,order_id_duplicado | producto_id_sin_correspondencia_silver,cuarentena
ORD-2026-00959,CLI-024,PROD-023,2026-08-30 00:53:00+00:00,La Paz,CAM-10,CHO-013,166.0,166.0,72.0,65.4,1.0,1.0,1.0,7512,order_id_duplicado,fecha_local_bolivia_convertida_utc,,ORD-2026-00959,CLI-024,PROD-023,2026-08-29 20:53:00,La Paz,CAM-10,CHO-013,166,166.0,72,65.4,1,1,1,ORD-2026-00959,False,CLI-024,False,PROD-023,False,CAM-10,False,CHO-013,False,La Paz,False,166,False,166.0,False,False,166.0,False,False,72.0,False,False,65.4,False,False,1.0,False,False,1.0,False,False,1.0,False,False,iso,True,2026-08-30 00:53:00+00:00,False,True,True,True,False,,,True,1,0,order_id_duplicado,cuarentena
ORD-2026-00634,CLI-055,PROD-044,2026-08-08 14:23:00+00:00,La Paz,CAM-10,CHO-147,121.0,121.0,72.0,88.3,0.0,1.0,0.0,7513,order_id_duplicado,fecha_local_bolivia_convertida_utc,,ORD-2026-00634,CLI-055,PROD-044,2026-08-08 10:23:00,La Paz,CAM-10,CHO-147,121,121.0,72,88.3,0,1,0,ORD-2026-00634,False,CLI-055,False,PROD-044,False,CAM-10,False,CHO-147,False,La Paz,False,121,False,121.0,False,False,121.0,False,False,72.0,False,False,88.3,False,False,0.0,False,False,1.0,False,False,0.0,False,False,iso,True,2026-08-08 14:23:00+00:00,False,True,True,True,False,,,True,1,0,order_id_duplicado,cuarentena
ORD-2026-02996,CLI-030,PROD-049,2026-08-04 18:27:00+00:00,Oruro,CAM-24,CHO-095,87.0,87.0,72.0,67.9,1.0,1.0,1.0,7514,order_id_duplicado,fecha_local_bolivia_convertida_utc,,ORD-2026-02996,CLI-030,PROD-049,2026-08-04 14:27:00,Oruro,CAM-24,CHO-095,87,87.0,72,67.9,1,1,1,ORD-2026-02996,False,CLI-030,False,PROD-049,False,CAM-24,False,CHO-095,False,Oruro,False,87,False,87.0,False,False,87.0,False,False,72.0,False,False,67.9,False,False,1.0,False,False,1.0,False,False,1.0,False,False,iso,True,2026-08-04 18:27:00+00:00,False,True,True,True,False,,,True,1,0,order_id_duplicado,cuarentena
ORD-2026-01428,CLI-094,PROD-009,2026-08-23 07:45:00+00:00,Oruro,CAM-20,CHO-095,42.0,42.0,24.0,16.1,1.0,1.0,1.0,7515,order_id_duplicado,fecha_local_bolivia_convertida_utc,,ORD-2026-01428,CLI-094,PROD-009,2026-08-23 03:45:00,Oruro,CAM-20,CHO-095,42,42.0,24,16.1,1,1,1,ORD-2026-01428,False,CLI-094,False,PROD-009,False,CAM-20,False,CHO-095,False,Oruro,False,42,False,42.0,False,False,42.0,False,False,24.0,False,False,16.1,False,False,1.0,False,False,1.0,False,False,1.0,False,False,iso,True,2026-08-23 07:45:00+00:00,False,True,True,True,False,,,True,1,0,order_id_duplicado,cuarentena
ORD-2026-05440,CLI-040,PROD-031,2026-08-28 02:20:00+00:00,Santa Cruz,CAM-08,CHO-052,51.0,51.0,48.0,43.6,1.0,1.0,1.0,7516,order_id_duplicado,fecha_local_bolivia_convertida_utc,,ORD-2026-05440,CLI-040,PROD-031,2026-08-27 22:20:00,Santa Cruz,CAM-08,CHO-052,51,51.0,48,43.6,1,1,1,ORD-2026-05440,False,CLI-040,False,PROD-031,False,CAM-08,False,CHO-052,False,Santa Cruz,False,51,False,51.0,False,False,51.0,False,False,48.0,False,False,43.6,False,False,1.0,False,False,1.0,False,False,1.0,False,False,iso,True,2026-08-28 02:20:00+00:00,False,True,True,True,False,,,True,1,0,order_id_duplicado,cuarentena
ORD-2026-01466,CLI-048,PROD-060,2026-08-19 07:08:00+00:00,Cochabamba,CAM-01,CHO-087,99.0,99.0,48.0,32.2,1.0,1.0,1.0,7517,order_id_duplicado | camion_id_sin_correspondencia_silver,fecha_local_bolivia_convertida_utc,,ORD-2026-01466,CLI-048,PROD-060,2026-08-19 03:08:00,Cochabamba,CAM-01,CHO-087,99,99.0,48,32.2,1,1,1,ORD-2026-01466,False,CLI-048,False,PROD-060,False,CAM-01,False,CHO-087,False,Cochabamba,False,99,False,99.0,False,False,99.0,False,False,48.0,False,False,32.2,False,False,1.0,False,False,1.0,False,False,1.0,False,False,iso,True,2026-08-19 07:08:00+00:00,False,True,True,False,False,,,True,1,0,order_id_duplicado | camion_id_sin_correspondencia_silver,cuarentena
ORD-2026-05397,CLI-090,PROD-016,2026-08-22 17:38:00+00:00,Tarija,CAM-19,CHO-074,70.0,66.0,72.0,49.9,1.0,0.0,0.0,7518,order_id_duplicado,fecha_local_bolivia_convertida_utc,,ORD-2026-05397,CLI-090,PROD-016,2026-08-22 13:38:00,Tarija,CAM-19,CHO-074,70,66.0,72,49.9,1,0,0,ORD-2026-05397,False,CLI-090,False,PROD-016,False,CAM-19,False,CHO-074,False,Tarija,False,70,False,70.0,False,False,66.0,False,False,72.0,False,False,49.9,False,False,1.0,False,False,0.0,False,False,0.0,False,False,iso,True,2026-08-22 17:38:00+00:00,False,True,True,True,False,,,True,1,0,order_id_duplicado,cuarentena
ORD-2026-00963,CLI-031,PROD-002,2026-08-03 10:49:00+00:00,La Paz,CAM-15,CHO-054,305.0,305.0,48.0,30.7,1.0,1.0,1.0,7519,order_id_duplicado,fecha_local_bolivia_convertida_utc,,ORD-2026-00963,CLI-031,PROD-002,2026-08-03 06:49:00,La Paz,CAM-15,CHO-054,305,305.0,48,30.7,1,1,1,ORD-2026-00963,False,CLI-031,False,PROD-002,False,CAM-15,False,CHO-054,False,La Paz,False,305,False,305.0,False,False,305.0,False,False,48.0,False,False,30.7,False,False,1.0,False,False,1.0,False,False,1.0,False,False,iso,True,2026-08-03 10:49:00+00:00,False,True,True,True,False,,,True,1,0,order_id_duplicado,cuarentena
ORD-2026-02362,CLI-020,PROD-044,2026-08-07 17:45:00+00:00,La Paz,CAM-10,CHO-073,144.0,144.0,72.0,50.0,1.0,1.0,1.0,7520,order_id_duplicado,fecha_local_bolivia_convertida_utc,,ORD-2026-02362,CLI-020,PROD-044,2026-08-07 13:45:00,La Paz,CAM-10,CHO-073,144,144.0,72,50.0,1,1,1,ORD-2026-02362,False,CLI-020,False,PROD-044,False,CAM-10,False,CHO-073,False,La Paz,False,144,False,144.0,False,False,144.0,False,False,72.0,False,False,50.0,False,False,1.0,False,False,1.0,False,False,1.0,False,False,iso,True,2026-08-07 17:45:00+00:00,False,True,True,True,False,,,True,1,0,order_id_duplicado,cuarentena
ORD-2026-01743,CLI-088,PROD-036,2026-08-07 01:33:00+00:00,Santa Cruz,CAM-08,CHO-036,388.0,388.0,48.0,51.1,0.0,1.0,0.0,7521,order_id_duplicado | producto_id_sin_correspondencia_silver,fecha_local_bolivia_convertida_utc,,ORD-2026-01743,CLI-088,PROD-036,2026-08-06 21:33:00,Santa Cruz,CAM-08,CHO-036,388,388.0,48,51.1,0,1,0,ORD-2026-01743,False,CLI-088,False,PROD-036,False,CAM-08,False,CHO-036,False,Santa Cruz,False,388,False,388.0,False,False,388.0,False,False,48.0,False,False,51.1,False,False,0.0,False,False,1.0,False,False,0.0,False,False,iso,True,2026-08-07 01:33:00+00:00,False,True,False,True,False,,,True,1,0,order_id_duplicado | producto_id_sin_correspondencia_silver,cuarentena
ORD-2026-06102,CLI-060,PROD-052,2026-08-05 15:46:00+00:00,Oruro,CAM-24,CHO-095,381.0,381.0,72.0,64.4,1.0,1.0,1.0,7522,order_id_duplicado,fecha_local_bolivia_convertida_utc,,ORD-2026-06102,CLI-060,PROD-052,2026-08-05 11:46:00,Oruro,CAM-24,CHO-095,381,381.0,72,64.4,1,1,1,ORD-2026-06102,False,CLI-060,False,PROD-052,False,CAM-24,False,CHO-095,False,Oruro,False,381,False,381.0,False,False,381.0,False,False,72.0,False,False,64.4,False,False,1.0,False,False,1.0,False,False,1.0,False,False,iso,True,2026-08-05 15:46:00+00:00,False,True,True,True,False,,,True,1,0,order_id_duplicado,cuarentena
ORD-2026-02799,CLI-056,PROD-060,2026-08-19 09:00:00+00:00,Tarija,CAM-26,CHO-074,217.0,217.0,24.0,24.3,0.0,1.0,0.0,7523,order_id_duplicado,fecha_local_bolivia_convertida_utc,,ORD-2026-02799,CLI-056,PROD-060,2026-08-19 05:00:00,Tarija,CAM-26,CHO-074,217,217.0,24,24.3,0,1,0,ORD-2026-02799,False,CLI-056,False,PROD-060,False,CAM-26,False,CHO-074,False,Tarija,False,217,False,217.0,False,False,217.0,False,False,24.0,False,False,24.3,False,False,0.0,False,False,1.0,False,False,0.0,False,False,iso,True,2026-08-19 09:00:00+00:00,False,True,True,True,False,,,True,1,0,order_id_duplicado,cuarentena
ORD-2026-05945,CLI-028,PROD-034,2026-08-23 08:34:00+00:00,Santa Cruz,CAM-08,CHO-030,354.0,354.0,48.0,34.8,1.0,1.0,1.0,7524,order_id_duplicado,fecha_local_bolivia_convertida_utc,,ORD-2026-05945,CLI-028,PROD-034,2026-08-23 04:34:00,Santa Cruz,CAM-08,CHO-030,354,354.0,48,34.8,1,1,1,ORD-2026-05945,False,CLI-028,False,PROD-034,False,CAM-08,False,CHO-030,False,Santa Cruz,False,354,False,354.0,False,False,354.0,False,False,48.0,False,False,34.8,False,False,1.0,False,False,1.0,False,False,1.0,False,False,iso,True,2026-08-23 08:34:00+00:00,False,True,True,True,False,,,True,1,0,order_id_duplicado,cuarentena
ORD-2026-03487,CLI-019,PROD-007,2026-08-30 16:23:00+00:00,Santa Cruz,CAM-09,CHO-053,22.0,22.0,72.0,55.4,1.0,1.0,1.0,7525,order_id_duplicado,fecha_local_bolivia_convertida_utc,,ORD-2026-03487,CLI-019,PROD-007,2026-08-30 12:23:00,Santa Cruz,CAM-09,CHO-053,22,22.0,72,55.4,1,1,1,ORD-2026-03487,False,CLI-019,False,PROD-007,False,CAM-09,False,CHO-053,False,Santa Cruz,False,22,False,22.0,False,False,22.0,False,False,72.0,False,False,55.4,False,False,1.0,False,False,1.0,False,False,1.0,False,False,iso,True,2026-08-30 16:23:00+00:00,False,True,True,True,False,,,True,1,0,order_id_duplicado,cuarentena
ORD-2026-06587,CLI-032,PROD-040,2026-08-03 16:57:00+00:00,Santa Cruz,CAM-29,CHO-116,207.0,207.0,24.0,24.1,0.0,1.0,0.0,7526,order_id_duplicado,fecha_local_bolivia_convertida_utc,,ORD-2026-06587,CLI-032,PROD-040,2026-08-03 12:57:00,Santa Cruz,CAM-29,CHO-116,207,207.0,24,24.1,0,1,0,ORD-2026-06587,False,CLI-032,False,PROD-040,False,CAM-29,False,CHO-116,False,Santa Cruz,False,207,False,207.0,False,False,207.0,False,False,24.0,False,False,24.1,False,False,0.0,False,False,1.0,False,False,0.0,False,False,iso,True,2026-08-03 16:57:00+00:00,False,True,True,True,False,,,True,1,0,order_id_duplicado,cuarentena
ORD-2026-01910,CLI-067,PROD-020,2026-08-25 23:56:00+00:00,Tarija,CAM-26,CHO-043,218.0,218.0,24.0,21.4,1.0,1.0,1.0,7527,order_id_duplicado,fecha_local_bolivia_convertida_utc,,ORD-2026-01910,CLI-067,PROD-020,2026-08-25 19:56:00,Tarija,CAM-26,CHO-043,218,218.0,24,21.4,1,1,1,ORD-2026-01910,False,CLI-067,False,PROD-020,False,CAM-26,False,CHO-043,False,Tarija,False,218,False,218.0,False,False,218.0,False,False,24.0,False,False,21.4,False,False,1.0,False,False,1.0,False,False,1.0,False,False,iso,True,2026-08-25 23:56:00+00:00,False,True,True,True,False,,,True,1,0,order_id_duplicado,cuarentena
ORD-2026-04468,CLI-032,PROD-056,2026-08-05 00:24:00+00:00,Oruro,CAM-24,CHO-046,465.0,460.0,24.0,17.9,1.0,0.0,0.0,7528,order_id_duplicado,fecha_local_bolivia_convertida_utc,,ORD-2026-04468,CLI-032,PROD-056,2026-08-04 20:24:00,Oruro,CAM-24,CHO-046,465,460.0,24,17.9,1,0,0,ORD-2026-04468,False,CLI-032,False,PROD-056,False,CAM-24,False,CHO-046,False,Oruro,False,465,False,465.0,False,False,460.0,False,False,24.0,False,False,17.9,False,False,1.0,False,False,0.0,False,False,0.0,False,False,iso,True,2026-08-05 00:24:00+00:00,False,True,True,True,False,,,True,1,0,order_id_duplicado,cuarentena
ORD-2026-03584,CLI-060,PROD-054,2026-08-20 03:09:00+00:00,Santa Cruz,CAM-08,CHO-034,156.0,152.0,48.0,30.7,1.0,0.0,0.0,7529,order_id_duplicado,fecha_local_bolivia_convertida_utc,,ORD-2026-03584,CLI-060,PROD-054,2026-08-19 23:09:00,Santa Cruz,CAM-08,CHO-034,156,152.0,48,30.7,1,0,0,ORD-2026-03584,False,CLI-060,False,PROD-054,False,CAM-08,False,CHO-034,False,Santa Cruz,False,156,False,156.0,False,False,152.0,False,False,48.0,False,False,30.7,False,False,1.0,False,False,0.0,False,False,0.0,False,False,iso,True,2026-08-20 03:09:00+00:00,False,True,True,True,False,,,True,1,0,order_id_duplicado,cuarentena
ORD-2026-06978,CLI-021,PROD-033,2026-08-29 04:41:00+00:00,Tarija,CAM-26,CHO-059,215.0,215.0,48.0,39.3,1.0,1.0,1.0,7530,order_id_duplicado,fecha_local_bolivia_convertida_utc,,ORD-2026-06978,CLI-021,PROD-033,2026-08-29 00:41:00,Tarija,CAM-26,CHO-059,215,215.0,48,39.3,1,1,1,ORD-2026-06978,False,CLI-021,False,PROD-033,False,CAM-26,False,CHO-059,False,Tarija,False,215,False,215.0,False,False,215.0,False,False,48.0,False,False,39.3,False,False,1.0,False,False,1.0,False,False,1.0,False,False,iso,True,2026-08-29 04:41:00+00:00,False,True,True,True,False,,,True,1,0,order_id_duplicado,cuarentena
ORD-2026-04440,CLI-013,PROD-021,2026-08-21 23:38:00+00:00,Tarija,CAM-19,CHO-025,219.0,219.0,72.0,51.9,1.0,1.0,1.0,7531,order_id_duplicado,fecha_local_bolivia_convertida_utc,,ORD-2026-04440,CLI-013,PROD-021,2026-08-21 19:38:00,Tarija,CAM-19,CHO-025,219,219.0,72,51.9,1,1,1,ORD-2026-04440,False,CLI-013,False,PROD-021,False,CAM-19,False,CHO-025,False,Tarija,False,219,False,219.0,False,False,219.0,False,False,72.0,False,False,51.9,False,False,1.0,False,False,1.0,False,False,1.0,False,False,iso,True,2026-08-21 23:38:00+00:00,False,True,True,True,False,,,True,1,0,order_id_duplicado,cuarentena
ORD-2026-00316,CLI-087,PROD-001,2026-08-25 04:00:00+00:00,La Paz,CAM-28,CHO-147,27.0,27.0,48.0,37.4,1.0,1.0,1.0,7532,order_id_duplicado,fecha_local_bolivia_convertida_utc,,ORD-2026-00316,CLI-087,PROD-001,2026-08-25 00:00:00,La Paz,CAM-28,CHO-147,27,27.0,48,37.4,1,1,1,ORD-2026-00316,False,CLI-087,False,PROD-001,False,CAM-28,False,CHO-147,False,La Paz,False,27,False,27.0,False,False,27.0,False,False,48.0,False,False,37.4,False,False,1.0,False,False,1.0,False,False,1.0,False,False,iso,True,2026-08-25 04:00:00+00:00,False,True,True,True,False,,,True,1,0,order_id_duplicado,cuarentena
ORD-2026-03160,CLI-076,PROD-033,2026-08-04 14:48:00+00:00,Oruro,CAM-03,CHO-095,357.0,357.0,72.0,69.4,1.0,1.0,1.0,7533,order_id_duplicado,fecha_local_bolivia_convertida_utc,,ORD-2026-03160,CLI-076,PROD-033,2026-08-04 10:48:00,Oruro,CAM-03,CHO-095,357,357.0,72,69.4,1,1,1,ORD-2026-03160,False,CLI-076,False,PROD-033,False,CAM-03,False,CHO-095,False,Oruro,False,357,False,357.0,False,False,357.0,False,False,72.0,False,False,69.4,False,False,1.0,False,False,1.0,False,False,1.0,False,False,iso,True,2026-08-04 14:48:00+00:00,False,True,True,True,False,,,True,1,0,order_id_duplicado,cuarentena
ORD-2026-00363,CLI-022,PROD-008,2026-08-07 21:56:00+00:00,Oruro,CAM-24,CHO-066,317.0,317.0,48.0,49.3,0.0,1.0,0.0,7534,order_id_duplicado,fecha_local_bolivia_convertida_utc,,ORD-2026-00363,CLI-022,PROD-008,2026-08-07 17:56:00,Oruro,CAM-24,CHO-066,317,317.0,48,49.3,0,1,0,ORD-2026-00363,False,CLI-022,False,PROD-008,False,CAM-24,False,CHO-066,False,Oruro,False,317,False,317.0,False,False,317.0,False,False,48.0,False,False,49.3,False,False,0.0,False,False,1.0,False,False,0.0,False,False,iso,True,2026-08-07 21:56:00+00:00,False,True,True,True,False,,,True,1,0,order_id_duplicado,cuarentena
ORD-2026-01565,CLI-067,PROD-009,2026-08-20 20:44:00+00:00,Oruro,CAM-24,CHO-046,313.0,313.0,24.0,15.5,1.0,1.0,1.0,7535,order_id_duplicado,fecha_local_bolivia_convertida_utc,,ORD-2026-01565,CLI-067,PROD-009,2026-08-20 16:44:00,Oruro,CAM-24,CHO-046,313,313.0,24,15.5,1,1,1,ORD-2026-01565,False,CLI-067,False,PROD-009,False,CAM-24,False,CHO-046,False,Oruro,False,313,False,313.0,False,False,313.0,False,False,24.0,False,False,15.5,False,False,1.0,False,False,1.0,False,False,1.0,False,False,iso,True,2026-08-20 20:44:00+00:00,False,True,True,True,False,,,True,1,0,order_id_duplicado,cuarentena
ORD-2026-04279,CLI-047,PROD-035,2026-08-24 10:23:00+00:00,Oruro,CAM-20,CHO-046,452.0,452.0,24.0,14.6,1.0,1.0,1.0,7536,order_id_duplicado,fecha_local_bolivia_convertida_utc,,ORD-2026-04279,CLI-047,PROD-035,2026-08-24 06:23:00,Oruro,CAM-20,CHO-046,452,452.0,24,14.6,1,1,1,ORD-2026-04279,False,CLI-047,False,PROD-035,False,CAM-20,False,CHO-046,False,Oruro,False,452,False,452.0,False,False,452.0,False,False,24.0,False,False,14.6,False,False,1.0,False,False,1.0,False,False,1.0,False,False,iso,True,2026-08-24 10:23:00+00:00,False,True,True,True,False,,,True,1,0,order_id_duplicado,cuarentena
ORD-2026-00707,CLI-053,PROD-007,2026-08-31 00:03:00+00:00,Tarija,CAM-21,CHO-032,111.0,111.0,72.0,49.1,1.0,1.0,1.0,7537,order_id_duplicado,fecha_local_bolivia_convertida_utc,,ORD-2026-00707,CLI-053,PROD-007,2026-08-30 20:03:00,Tarija,CAM-21,CHO-032,111,111.0,72,49.1,1,1,1,ORD-2026-00707,False,CLI-053,False,PROD-007,False,CAM-21,False,CHO-032,False,Tarija,False,111,False,111.0,False,False,111.0,False,False,72.0,False,False,49.1,False,False,1.0,False,False,1.0,False,False,1.0,False,False,iso,True,2026-08-31 00:03:00+00:00,False,True,True,True,False,,,True,1,0,order_id_duplicado,cuarentena
ORD-2026-02597,CLI-009,PROD-031,2026-08-03 02:07:00+00:00,La Paz,CAM-04,CHO-054,21.0,21.0,48.0,29.8,1.0,1.0,1.0,7538,order_id_duplicado,fecha_local_bolivia_convertida_utc,,ORD-2026-02597,CLI-009,PROD-031,2026-08-02 22:07:00,La Paz,CAM-04,CHO-054,21,21.0,48,29.8,1,1,1,ORD-2026-02597,False,CLI-009,False,PROD-031,False,CAM-04,False,CHO-054,False,La Paz,False,21,False,21.0,False,False,21.0,False,False,48.0,False,False,29.8,False,False,1.0,False,False,1.0,False,False,1.0,False,False,iso,True,2026-08-03 02:07:00+00:00,False,True,True,True,False,,,True,1,0,order_id_duplicado,cuarentena
ORD-2026-07407,CLI-074,PROD-043,2026-08-22 10:29:00+00:00,Cochabamba,CAM-02,CHO-148,460.0,458.0,48.0,44.8,1.0,0.0,0.0,7539,order_id_duplicado,fecha_local_bolivia_convertida_utc,,ORD-2026-07407,CLI-074,PROD-043,2026-08-22 06:29:00,Cochabamba,CAM-02,CHO-148,460,458.0,48,44.8,1,0,0,ORD-2026-07407,False,CLI-074,False,PROD-043,False,CAM-02,False,CHO-148,False,Cochabamba,False,460,False,460.0,False,False,458.0,False,False,48.0,False,False,44.8,False,False,1.0,False,False,0.0,False,False,0.0,False,False,iso,True,2026-08-22 10:29:00+00:00,False,True,True,True,False,,,True,1,0,order_id_duplicado,cuarentena
ORD-2026-01327,CLI-061,PROD-051,2026-08-25 02:34:00+00:00,Santa Cruz,CAM-08,CHO-137,478.0,478.0,48.0,35.8,1.0,1.0,1.0,7540,order_id_duplicado,fecha_local_bolivia_convertida_utc,,ORD-2026-01327,CLI-061,PROD-051,2026-08-24 22:34:00,Santa Cruz,CAM-08,CHO-137,478,478.0,48,35.8,1,1,1,ORD-2026-01327,False,CLI-061,False,PROD-051,False,CAM-08,False,CHO-137,False,Santa Cruz,False,478,False,478.0,False,False,478.0,False,False,48.0,False,False,35.8,False,False,1.0,False,False,1.0,False,False,1.0,False,False,iso,True,2026-08-25 02:34:00+00:00,False,True,True,True,False,,,True,1,0,order_id_duplicado,cuarentena
ORD-2026-02320,CLI-097,PROD-036,2026-08-16 19:15:00+00:00,Tarija,CAM-19,CHO-078,273.0,273.0,72.0,63.2,1.0,1.0,1.0,7541,order_id_duplicado | producto_id_sin_correspondencia_silver,fecha_local_bolivia_convertida_utc,,ORD-2026-02320,CLI-097,PROD-036,2026-08-16 15:15:00,Tarija,CAM-19,CHO-078,273,273.0,72,63.2,1,1,1,ORD-2026-02320,False,CLI-097,False,PROD-036,False,CAM-19,False,CHO-078,False,Tarija,False,273,False,273.0,False,False,273.0,False,False,72.0,False,False,63.2,False,False,1.0,False,False,1.0,False,False,1.0,False,False,iso,True,2026-08-16 19:15:00+00:00,False,True,False,True,False,,,True,1,0,order_id_duplicado | producto_id_sin_correspondencia_silver,cuarentena
ORD-2026-00077,CLI-052,PROD-028,2026-08-16 04:53:00+00:00,Cochabamba,CAM-06,CHO-019,288.0,288.0,72.0,52.5,1.0,1.0,1.0,7542,order_id_duplicado | producto_id_sin_correspondencia_silver,fecha_local_bolivia_convertida_utc,,ORD-2026-00077,CLI-052,PROD-028,2026-08-16 00:53:00,Cochabamba,CAM-06,CHO-019,288,288.0,72,52.5,1,1,1,ORD-2026-00077,False,CLI-052,False,PROD-028,False,CAM-06,False,CHO-019,False,Cochabamba,False,288,False,288.0,False,False,288.0,False,False,72.0,False,False,52.5,False,False,1.0,False,False,1.0,False,False,1.0,False,False,iso,True,2026-08-16 04:53:00+00:00,False,True,False,True,False,,,True,1,0,order_id_duplicado | producto_id_sin_correspondencia_silver,cuarentena
ORD-2026-06953,CLI-018,PROD-012,2026-08-13 11:54:00+00:00,Cochabamba,CAM-22,CHO-087,206.0,206.0,48.0,29.2,1.0,1.0,1.0,7543,order_id_duplicado,fecha_local_bolivia_convertida_utc,,ORD-2026-06953,CLI-018,PROD-012,2026-08-13 07:54:00,Cochabamba,CAM-22,CHO-087,206,206.0,48,29.2,1,1,1,ORD-2026-06953,False,CLI-018,False,PROD-012,False,CAM-22,False,CHO-087,False,Cochabamba,False,206,False,206.0,False,False,206.0,False,False,48.0,False,False,29.2,False,False,1.0,False,False,1.0,False,False,1.0,False,False,iso,True,2026-08-13 11:54:00+00:00,False,True,True,True,False,,,True,1,0,order_id_duplicado,cuarentena
ORD-2026-00738,CLI-043,PROD-050,2026-08-31 00:15:00+00:00,Santa Cruz,CAM-29,CHO-139,380.0,380.0,24.0,12.3,1.0,1.0,1.0,7544,order_id_duplicado,fecha_local_bolivia_convertida_utc,,ORD-2026-00738,CLI-043,PROD-050,2026-08-30 20:15:00,Santa Cruz,CAM-29,CHO-139,380,380.0,24,12.3,1,1,1,ORD-2026-00738,False,CLI-043,False,PROD-050,False,CAM-29,False,CHO-139,False,Santa Cruz,False,380,False,380.0,False,False,380.0,False,False,24.0,False,False,12.3,False,False,1.0,False,False,1.0,False,False,1.0,False,False,iso,True,2026-08-31 00:15:00+00:00,False,True,True,True,False,,,True,1,0,order_id_duplicado,cuarentena
ORD-2026-04965,CLI-068,PROD-022,2026-08-25 21:48:00+00:00,Santa Cruz,CAM-08,CHO-090,122.0,122.0,72.0,44.8,1.0,1.0,1.0,7545,order_id_duplicado,fecha_local_bolivia_convertida_utc,,ORD-2026-04965,CLI-068,PROD-022,2026-08-25 17:48:00,Santa Cruz,CAM-08,CHO-090,122,122.0,72,44.8,1,1,1,ORD-2026-04965,False,CLI-068,False,PROD-022,False,CAM-08,False,CHO-090,False,Santa Cruz,False,122,False,122.0,False,False,122.0,False,False,72.0,False,False,44.8,False,False,1.0,False,False,1.0,False,False,1.0,False,False,iso,True,2026-08-25 21:48:00+00:00,False,True,True,True,False,,,True,1,0,order_id_duplicado,cuarentena
ORD-2026-03955,CLI-049,PROD-050,2026-08-12 18:09:00+00:00,Cochabamba,CAM-02,CHO-040,13.0,13.0,24.0,16.9,1.0,1.0,1.0,7546,order_id_duplicado,fecha_local_bolivia_convertida_utc,,ORD-2026-03955,CLI-049,PROD-050,2026-08-12 14:09:00,Cochabamba,CAM-02,CHO-040,13,13.0,24,16.9,1,1,1,ORD-2026-03955,False,CLI-049,False,PROD-050,False,CAM-02,False,CHO-040,False,Cochabamba,False,13,False,13.0,False,False,13.0,False,False,24.0,False,False,16.9,False,False,1.0,False,False,1.0,False,False,1.0,False,False,iso,True,2026-08-12 18:09:00+00:00,False,True,True,True,False,,,True,1,0,order_id_duplicado,cuarentena
ORD-2026-04759,CLI-053,PROD-044,2026-08-12 14:54:00+00:00,Santa Cruz,CAM-08,CHO-026,353.0,353.0,48.0,51.8,0.0,1.0,0.0,7547,order_id_duplicado,fecha_local_bolivia_convertida_utc,,ORD-2026-04759,CLI-053,PROD-044,2026-08-12 10:54:00,Santa Cruz,CAM-08,CHO-026,353,353.0,48,51.8,0,1,0,ORD-2026-04759,False,CLI-053,False,PROD-044,False,CAM-08,False,CHO-026,False,Santa Cruz,False,353,False,353.0,False,False,353.0,False,False,48.0,False,False,51.8,False,False,0.0,False,False,1.0,False,False,0.0,False,False,iso,True,2026-08-12 14:54:00+00:00,False,True,True,True,False,,,True,1,0,order_id_duplicado,cuarentena
ORD-2026-01598,CLI-001,PROD-050,2026-08-13 08:30:00+00:00,Oruro,CAM-24,CHO-095,342.0,342.0,72.0,56.7,1.0,1.0,1.0,7548,order_id_duplicado,fecha_local_bolivia_convertida_utc,,ORD-2026-01598,CLI-001,PROD-050,2026-08-13 04:30:00,Oruro,CAM-24,CHO-095,342,342.0,72,56.7,1,1,1,ORD-2026-01598,False,CLI-001,False,PROD-050,False,CAM-24,False,CHO-095,False,Oruro,False,342,False,342.0,False,False,342.0,False,False,72.0,False,False,56.7,False,False,1.0,False,False,1.0,False,False,1.0,False,False,iso,True,2026-08-13 08:30:00+00:00,False,True,True,True,False,,,True,1,0,order_id_duplicado,cuarentena
ORD-2026-00139,CLI-061,PROD-051,2026-08-10 14:06:00+00:00,Santa Cruz,CAM-08,CHO-118,199.0,199.0,24.0,15.8,1.0,1.0,1.0,7549,order_id_duplicado,fecha_local_bolivia_convertida_utc,,ORD-2026-00139,CLI-061,PROD-051,2026-08-10 10:06:00,Santa Cruz,CAM-08,CHO-118,199,199.0,24,15.8,1,1,1,ORD-2026-00139,False,CLI-061,False,PROD-051,False,CAM-08,False,CHO-118,False,Santa Cruz,False,199,False,199.0,False,False,199.0,False,False,24.0,False,False,15.8,False,False,1.0,False,False,1.0,False,False,1.0,False,False,iso,True,2026-08-10 14:06:00+00:00,False,True,True,True,False,,,True,1,0,order_id_duplicado,cuarentena
ORD-2026-04209,CLI-050,PROD-038,2026-08-02 22:47:00+00:00,Oruro,CAM-03,CHO-046,228.0,228.0,24.0,22.0,1.0,1.0,1.0,7550,order_id_duplicado,fecha_local_bolivia_convertida_utc,,ORD-2026-04209,CLI-050,PROD-038,2026-08-02 18:47:00,Oruro,CAM-03,CHO-046,228,228.0,24,22.0,1,1,1,ORD-2026-04209,False,CLI-050,False,PROD-038,False,CAM-03,False,CHO-046,False,Oruro,False,228,False,228.0,False,False,228.0,False,False,24.0,False,False,22.0,False,False,1.0,False,False,1.0,False,False,1.0,False,False,iso,True,2026-08-02 22:47:00+00:00,False,True,True,True,False,,,True,1,0,order_id_duplicado,cuarentena
ORD-2026-05949,CLI-035,PROD-012,2026-08-14 19:07:00+00:00,Tarija,CAM-26,CHO-032,315.0,315.0,24.0,15.9,1.0,1.0,1.0,7551,order_id_duplicado,fecha_local_bolivia_convertida_utc,,ORD-2026-05949,CLI-035,PROD-012,2026-08-14 15:07:00,Tarija,CAM-26,CHO-032,315,315.0,24,15.9,1,1,1,ORD-2026-05949,False,CLI-035,False,PROD-012,False,CAM-26,False,CHO-032,False,Tarija,False,315,False,315.0,False,False,315.0,False,False,24.0,False,False,15.9,False,False,1.0,False,False,1.0,False,False,1.0,False,False,iso,True,2026-08-14 19:07:00+00:00,False,True,True,True,False,,,True,1,0,order_id_duplicado,cuarentena
