timestamp,viaje_id,order_id,camion_id,producto_id,temperatura_cabina_c,temp_unit,humedad_cabina_pct,desviacion_termica_flag,desviacion_proximos_60min_flag,_fila_bronze,errores_bloqueantes,banderas_informativas,motivos_transformacion,motivos_imputacion,timestamp_original,viaje_id_original,order_id_original,camion_id_original,producto_id_original,temperatura_cabina_c_original,temp_unit_original,humedad_cabina_pct_original,desviacion_termica_flag_original,desviacion_proximos_60min_flag_original,viaje_id_tratado,viaje_id_transformado,order_id_tratado,order_id_transformado,camion_id_tratado,camion_id_transformado,producto_id_tratado,producto_id_transformado,temp_unit_tratado,temp_unit_transformado,temperatura_cabina_c_conversion_invalida,temperatura_cabina_c_centinela_detectado,temperatura_cabina_c_tratado,humedad_cabina_pct_conversion_invalida,humedad_cabina_pct_centinela_detectado,humedad_cabina_pct_tratado,desviacion_termica_flag_conversion_invalida,desviacion_termica_flag_centinela_detectado,desviacion_termica_flag_tratado,desviacion_proximos_60min_flag_conversion_invalida,desviacion_proximos_60min_flag_centinela_detectado,desviacion_proximos_60min_flag_tratado,temperatura_convertida_fahrenheit,temperatura_unidad_no_esperada,temperatura_unidad_desconocida,temperatura_cabina_c_ausente,humedad_cabina_pct_ausente,humedad_cabina_pct_fuera_rango,timestamp_formato_reconocido,timestamp_tratado,timestamp_conversion_invalida,timestamp_transformado,lectura_clave_duplicada,intervalo_fuente_min,secuencia_fuente_fuera_orden,order_id_corresponde_wms_silver,producto_id_corresponde_silver,camion_id_corresponde_silver,producto_id_coherente_con_wms,camion_id_coherente_con_wms,desviacion_termica_calculable,desviacion_termica_calculada,desviacion_termica_flag_coherente,fue_imputada,imputacion_metodo,imputacion_motivo,fue_transformada,conteo_transformaciones,conteo_imputaciones,conteo_errores_bloqueantes,conteo_banderas_informativas,calidad_motivo,calidad_estado
2026-08-13 08:00:00+00:00,VIA-00002,ORD-2026-04815,CAM-12,PROD-029,19.63,C,59.6,0,0,35,lectura_duplicada:viaje_id_timestamp,,fecha_local_bolivia_convertida_utc,,2026-08-13 04:00:00,VIA-00002,ORD-2026-04815,CAM-12,PROD-029,19.63,C,59.6,0,0,VIA-00002,False,ORD-2026-04815,False,CAM-12,False,PROD-029,False,C,False,False,False,19.63,False,False,59.6,False,False,0,False,False,0,False,False,False,False,False,False,True,2026-08-13 08:00:00+00:00,False,True,True,30.0,False,True,True,True,True,True,True,False,True,False,,,True,1,0,1,0,lectura_duplicada:viaje_id_timestamp,cuarentena
2026-08-13 15:22:00+00:00,VIA-00010,ORD-2026-02783,CAM-14,PROD-059,,C,55.4,0,0,230,centinela:temperatura_cabina_c,,fecha_local_bolivia_convertida_utc,,2026-08-13 11:22:00,VIA-00010,ORD-2026-02783,CAM-14,PROD-059,-999.0,C,55.4,0,0,VIA-00010,False,ORD-2026-02783,False,CAM-14,False,PROD-059,False,C,False,False,True,,False,False,55.4,False,False,0,False,False,0,False,False,False,False,False,False,True,2026-08-13 15:22:00+00:00,False,True,False,30.0,False,True,True,True,True,True,False,,True,False,,,True,1,0,1,0,centinela:temperatura_cabina_c,cuarentena
2026-08-13 19:52:00+00:00,VIA-00010,ORD-2026-02783,CAM-14,PROD-059,,C,51.9,0,0,239,temperatura_ausente,,fecha_local_bolivia_convertida_utc,,2026-08-13 15:52:00,VIA-00010,ORD-2026-02783,CAM-14,PROD-059,,C,51.9,0,0,VIA-00010,False,ORD-2026-02783,False,CAM-14,False,PROD-059,False,C,False,False,False,,False,False,51.9,False,False,0,False,False,0,False,False,False,True,False,False,True,2026-08-13 19:52:00+00:00,False,True,False,30.0,False,True,True,True,True,True,False,,True,False,,,True,1,0,1,0,temperatura_ausente,cuarentena
2026-08-19 06:41:00+00:00,VIA-00018,ORD-2026-03390,CAM-08,PROD-052,,C,91.5,0,0,426,centinela:temperatura_cabina_c,,fecha_local_bolivia_convertida_utc,,2026-08-19 02:41:00,VIA-00018,ORD-2026-03390,CAM-08,PROD-052,-999.0,C,91.5,0,0,VIA-00018,False,ORD-2026-03390,False,CAM-08,False,PROD-052,False,C,False,False,True,,False,False,91.5,False,False,0,False,False,0,False,False,False,False,False,False,True,2026-08-19 06:41:00+00:00,False,True,False,30.0,False,True,True,True,True,True,False,,True,False,,,True,1,0,1,0,centinela:temperatura_cabina_c,cuarentena
2026-08-26 01:24:00+00:00,VIA-00020,ORD-2026-01231,CAM-20,PROD-039,,C,51.6,1,0,460,centinela:temperatura_cabina_c,,fecha_local_bolivia_convertida_utc,,2026-08-25 21:24:00,VIA-00020,ORD-2026-01231,CAM-20,PROD-039,-999.0,C,51.6,1,0,VIA-00020,False,ORD-2026-01231,False,CAM-20,False,PROD-039,False,C,False,False,True,,False,False,51.6,False,False,1,False,False,0,False,False,False,False,False,False,True,2026-08-26 01:24:00+00:00,False,True,False,30.0,False,True,True,True,True,True,False,,True,False,,,True,1,0,1,0,centinela:temperatura_cabina_c,cuarentena
2026-08-26 06:24:00+00:00,VIA-00020,ORD-2026-01231,CAM-20,PROD-039,,C,50.1,0,0,470,centinela:temperatura_cabina_c,,fecha_local_bolivia_convertida_utc,,2026-08-26 02:24:00,VIA-00020,ORD-2026-01231,CAM-20,PROD-039,-999.0,C,50.1,0,0,VIA-00020,False,ORD-2026-01231,False,CAM-20,False,PROD-039,False,C,False,False,True,,False,False,50.1,False,False,0,False,False,0,False,False,False,False,False,False,True,2026-08-26 06:24:00+00:00,False,True,False,30.0,False,True,True,True,True,True,False,,True,False,,,True,1,0,1,0,centinela:temperatura_cabina_c,cuarentena
2026-08-26 10:24:00+00:00,VIA-00020,ORD-2026-01231,CAM-20,PROD-039,,C,49.0,0,0,478,temperatura_ausente,,fecha_local_bolivia_convertida_utc,,2026-08-26 06:24:00,VIA-00020,ORD-2026-01231,CAM-20,PROD-039,,C,49.0,0,0,VIA-00020,False,ORD-2026-01231,False,CAM-20,False,PROD-039,False,C,False,False,False,,False,False,49.0,False,False,0,False,False,0,False,False,False,True,False,False,True,2026-08-26 10:24:00+00:00,False,True,False,30.0,False,True,True,True,True,True,False,,True,False,,,True,1,0,1,0,temperatura_ausente,cuarentena
2026-08-14 20:48:00+00:00,VIA-00023,ORD-2026-01360,CAM-12,PROD-012,20.54,C,-45.2,0,0,531,humedad_fuera_rango_0_100,,fecha_local_bolivia_convertida_utc,,2026-08-14 16:48:00,VIA-00023,ORD-2026-01360,CAM-12,PROD-012,20.54,C,-45.2,0,0,VIA-00023,False,ORD-2026-01360,False,CAM-12,False,PROD-012,False,C,False,False,False,20.54,False,False,-45.2,False,False,0,False,False,0,False,False,False,False,False,True,True,2026-08-14 20:48:00+00:00,False,True,False,30.0,False,True,True,True,True,True,True,False,True,False,,,True,1,0,1,0,humedad_fuera_rango_0_100,cuarentena
2026-08-30 12:27:00+00:00,VIA-00027,ORD-2026-05466,CAM-20,PROD-026,,C,90.3,0,0,644,centinela:temperatura_cabina_c,order_id_sin_correspondencia_wms_silver | producto_id_sin_correspondencia_silver,fecha_local_bolivia_convertida_utc,,2026-08-30 08:27:00,VIA-00027,ORD-2026-05466,CAM-20,PROD-026,-999.0,C,90.3,0,0,VIA-00027,False,ORD-2026-05466,False,CAM-20,False,PROD-026,False,C,False,False,True,,False,False,90.3,False,False,0,False,False,0,False,False,False,False,False,False,True,2026-08-30 12:27:00+00:00,False,True,False,30.0,False,False,False,True,True,True,False,,True,False,,,True,1,0,1,2,centinela:temperatura_cabina_c,cuarentena
2026-08-30 14:57:00+00:00,VIA-00027,ORD-2026-05466,CAM-20,PROD-026,3.31,C,78.1,0,0,649,lectura_duplicada:viaje_id_timestamp,order_id_sin_correspondencia_wms_silver | producto_id_sin_correspondencia_silver,fecha_local_bolivia_convertida_utc,,2026-08-30 10:57:00,VIA-00027,ORD-2026-05466,CAM-20,PROD-026,3.31,C,78.1,0,0,VIA-00027,False,ORD-2026-05466,False,CAM-20,False,PROD-026,False,C,False,False,False,3.31,False,False,78.1,False,False,0,False,False,0,False,False,False,False,False,False,True,2026-08-30 14:57:00+00:00,False,True,True,30.0,False,False,False,True,True,True,False,,True,False,,,True,1,0,1,2,lectura_duplicada:viaje_id_timestamp,cuarentena
2026-08-28 06:29:00+00:00,VIA-00032,ORD-2026-01878,CAM-24,PROD-058,,C,69.4,0,0,758,temperatura_ausente,,fecha_local_bolivia_convertida_utc,,2026-08-28 02:29:00,VIA-00032,ORD-2026-01878,CAM-24,PROD-058,,C,69.4,0,0,VIA-00032,False,ORD-2026-01878,False,CAM-24,False,PROD-058,False,C,False,False,False,,False,False,69.4,False,False,0,False,False,0,False,False,False,True,False,False,True,2026-08-28 06:29:00+00:00,False,True,False,30.0,False,True,True,True,True,True,False,,True,False,,,True,1,0,1,0,temperatura_ausente,cuarentena
2026-08-01 05:56:00+00:00,VIA-00037,ORD-2026-01721,CAM-01,PROD-001,3.53,C,72.0,0,0,869,lectura_duplicada:viaje_id_timestamp,order_id_sin_correspondencia_wms_silver | camion_id_sin_correspondencia_silver,fecha_local_bolivia_convertida_utc,,2026-08-01 01:56:00,VIA-00037,ORD-2026-01721,CAM-01,PROD-001,3.53,C,72.0,0,0,VIA-00037,False,ORD-2026-01721,False,CAM-01,False,PROD-001,False,C,False,False,False,3.53,False,False,72.0,False,False,0,False,False,0,False,False,False,False,False,False,True,2026-08-01 05:56:00+00:00,False,True,True,30.0,False,False,True,False,True,True,True,False,True,False,,,True,1,0,1,2,lectura_duplicada:viaje_id_timestamp,cuarentena
2026-08-30 07:44:00+00:00,VIA-00038,ORD-2026-05727,CAM-29,PROD-005,,C,48.7,0,0,902,centinela:temperatura_cabina_c,,fecha_local_bolivia_convertida_utc,,2026-08-30 03:44:00,VIA-00038,ORD-2026-05727,CAM-29,PROD-005,-999.0,C,48.7,0,0,VIA-00038,False,ORD-2026-05727,False,CAM-29,False,PROD-005,False,C,False,False,True,,False,False,48.7,False,False,0,False,False,0,False,False,False,False,False,False,True,2026-08-30 07:44:00+00:00,False,True,False,30.0,False,True,True,True,True,True,False,,True,False,,,True,1,0,1,0,centinela:temperatura_cabina_c,cuarentena
2026-08-07 17:29:00+00:00,VIA-00040,ORD-2026-02804,CAM-20,PROD-060,-17.72,C,79.1,0,0,961,lectura_duplicada:viaje_id_timestamp,,fecha_local_bolivia_convertida_utc,,2026-08-07 13:29:00,VIA-00040,ORD-2026-02804,CAM-20,PROD-060,-17.72,C,79.1,0,0,VIA-00040,False,ORD-2026-02804,False,CAM-20,False,PROD-060,False,C,False,False,False,-17.72,False,False,79.1,False,False,0,False,False,0,False,False,False,False,False,False,True,2026-08-07 17:29:00+00:00,False,True,True,30.0,False,True,True,True,True,True,True,False,True,False,,,True,1,0,1,0,lectura_duplicada:viaje_id_timestamp,cuarentena
2026-08-15 09:16:00+00:00,VIA-00045,ORD-2026-01164,CAM-22,PROD-039,,C,48.0,0,0,1080,temperatura_ausente,,fecha_local_bolivia_convertida_utc,,2026-08-15 05:16:00,VIA-00045,ORD-2026-01164,CAM-22,PROD-039,,C,48.0,0,0,VIA-00045,False,ORD-2026-01164,False,CAM-22,False,PROD-039,False,C,False,False,False,,False,False,48.0,False,False,0,False,False,0,False,False,False,True,False,False,True,2026-08-15 09:16:00+00:00,False,True,False,30.0,False,True,True,True,True,True,False,,True,False,,,True,1,0,1,0,temperatura_ausente,cuarentena
2026-08-20 13:07:00+00:00,VIA-00046,ORD-2026-00641,CAM-09,PROD-033,,C,50.1,0,0,1102,centinela:temperatura_cabina_c,,fecha_local_bolivia_convertida_utc,,2026-08-20 09:07:00,VIA-00046,ORD-2026-00641,CAM-09,PROD-033,-999.0,C,50.1,0,0,VIA-00046,False,ORD-2026-00641,False,CAM-09,False,PROD-033,False,C,False,False,True,,False,False,50.1,False,False,0,False,False,0,False,False,False,False,False,False,True,2026-08-20 13:07:00+00:00,False,True,False,30.0,False,True,True,True,True,True,False,,True,False,,,True,1,0,1,0,centinela:temperatura_cabina_c,cuarentena
2026-08-29 10:13:00+00:00,VIA-00047,ORD-2026-03263,CAM-20,PROD-028,21.22,C,50.4,0,0,1111,lectura_duplicada:viaje_id_timestamp,order_id_sin_correspondencia_wms_silver | producto_id_sin_correspondencia_silver,fecha_local_bolivia_convertida_utc,,2026-08-29 06:13:00,VIA-00047,ORD-2026-03263,CAM-20,PROD-028,21.22,C,50.4,0,0,VIA-00047,False,ORD-2026-03263,False,CAM-20,False,PROD-028,False,C,False,False,False,21.22,False,False,50.4,False,False,0,False,False,0,False,False,False,False,False,False,True,2026-08-29 10:13:00+00:00,False,True,True,30.0,False,False,False,True,True,True,False,,True,False,,,True,1,0,1,2,lectura_duplicada:viaje_id_timestamp,cuarentena
2026-08-08 12:14:00+00:00,VIA-00049,ORD-2026-02871,CAM-08,PROD-016,,C,68.1,0,0,1170,temperatura_ausente,,fecha_local_bolivia_convertida_utc,,2026-08-08 08:14:00,VIA-00049,ORD-2026-02871,CAM-08,PROD-016,,C,68.1,0,0,VIA-00049,False,ORD-2026-02871,False,CAM-08,False,PROD-016,False,C,False,False,False,,False,False,68.1,False,False,0,False,False,0,False,False,False,True,False,False,True,2026-08-08 12:14:00+00:00,False,True,False,30.0,False,True,True,True,True,True,False,,True,False,,,True,1,0,1,0,temperatura_ausente,cuarentena
2026-08-06 10:54:00+00:00,VIA-00051,ORD-2026-04075,CAM-28,PROD-025,,C,77.8,0,0,1206,centinela:temperatura_cabina_c,,fecha_local_bolivia_convertida_utc,,2026-08-06 06:54:00,VIA-00051,ORD-2026-04075,CAM-28,PROD-025,-999.0,C,77.8,0,0,VIA-00051,False,ORD-2026-04075,False,CAM-28,False,PROD-025,False,C,False,False,True,,False,False,77.8,False,False,0,False,False,0,False,False,False,False,False,False,True,2026-08-06 10:54:00+00:00,False,True,False,30.0,False,True,True,True,True,True,False,,True,False,,,True,1,0,1,0,centinela:temperatura_cabina_c,cuarentena
2026-08-06 12:24:00+00:00,VIA-00051,ORD-2026-04075,CAM-28,PROD-025,,C,76.9,0,1,1209,centinela:temperatura_cabina_c,,fecha_local_bolivia_convertida_utc,,2026-08-06 08:24:00,VIA-00051,ORD-2026-04075,CAM-28,PROD-025,-999.0,C,76.9,0,1,VIA-00051,False,ORD-2026-04075,False,CAM-28,False,PROD-025,False,C,False,False,True,,False,False,76.9,False,False,0,False,False,1,False,False,False,False,False,False,True,2026-08-06 12:24:00+00:00,False,True,False,30.0,False,True,True,True,True,True,False,,True,False,,,True,1,0,1,0,centinela:temperatura_cabina_c,cuarentena
2026-08-06 18:54:00+00:00,VIA-00051,ORD-2026-04075,CAM-28,PROD-025,-18.07,C,55.7,0,0,1222,lectura_duplicada:viaje_id_timestamp,,fecha_local_bolivia_convertida_utc,,2026-08-06 14:54:00,VIA-00051,ORD-2026-04075,CAM-28,PROD-025,-18.07,C,55.7,0,0,VIA-00051,False,ORD-2026-04075,False,CAM-28,False,PROD-025,False,C,False,False,False,-18.07,False,False,55.7,False,False,0,False,False,0,False,False,False,False,False,False,True,2026-08-06 18:54:00+00:00,False,True,True,30.0,False,True,True,True,True,True,True,False,True,False,,,True,1,0,1,0,lectura_duplicada:viaje_id_timestamp,cuarentena
2026-08-21 09:29:00+00:00,VIA-00052,ORD-2026-02691,CAM-10,PROD-060,,C,59.0,0,0,1234,centinela:temperatura_cabina_c,,fecha_local_bolivia_convertida_utc,,2026-08-21 05:29:00,VIA-00052,ORD-2026-02691,CAM-10,PROD-060,-999.0,C,59.0,0,0,VIA-00052,False,ORD-2026-02691,False,CAM-10,False,PROD-060,False,C,False,False,True,,False,False,59.0,False,False,0,False,False,0,False,False,False,False,False,False,True,2026-08-21 09:29:00+00:00,False,True,False,30.0,False,True,True,True,True,True,False,,True,False,,,True,1,0,1,0,centinela:temperatura_cabina_c,cuarentena
2026-08-10 03:54:00+00:00,VIA-00053,ORD-2026-03071,CAM-19,PROD-011,-19.27,C,73.8,0,0,1264,lectura_duplicada:viaje_id_timestamp,,fecha_local_bolivia_convertida_utc,,2026-08-09 23:54:00,VIA-00053,ORD-2026-03071,CAM-19,PROD-011,-19.27,C,73.8,0,0,VIA-00053,False,ORD-2026-03071,False,CAM-19,False,PROD-011,False,C,False,False,False,-19.27,False,False,73.8,False,False,0,False,False,0,False,False,False,False,False,False,True,2026-08-10 03:54:00+00:00,False,True,True,30.0,False,True,True,True,True,True,True,False,True,False,,,True,1,0,1,0,lectura_duplicada:viaje_id_timestamp,cuarentena
2026-08-18 06:12:00+00:00,VIA-00054,ORD-2026-05811,CAM-10,PROD-041,-19.93,C,-72.7,0,0,1277,humedad_fuera_rango_0_100,,fecha_local_bolivia_convertida_utc,,2026-08-18 02:12:00,VIA-00054,ORD-2026-05811,CAM-10,PROD-041,-19.93,C,-72.7,0,0,VIA-00054,False,ORD-2026-05811,False,CAM-10,False,PROD-041,False,C,False,False,False,-19.93,False,False,-72.7,False,False,0,False,False,0,False,False,False,False,False,True,True,2026-08-18 06:12:00+00:00,False,True,False,30.0,False,True,True,True,True,True,True,False,True,False,,,True,1,0,1,0,humedad_fuera_rango_0_100,cuarentena
2026-08-18 11:12:00+00:00,VIA-00054,ORD-2026-05811,CAM-10,PROD-041,,C,68.6,0,1,1287,temperatura_ausente,,fecha_local_bolivia_convertida_utc,,2026-08-18 07:12:00,VIA-00054,ORD-2026-05811,CAM-10,PROD-041,,C,68.6,0,1,VIA-00054,False,ORD-2026-05811,False,CAM-10,False,PROD-041,False,C,False,False,False,,False,False,68.6,False,False,0,False,False,1,False,False,False,True,False,False,True,2026-08-18 11:12:00+00:00,False,True,False,30.0,False,True,True,True,True,True,False,,True,False,,,True,1,0,1,0,temperatura_ausente,cuarentena
2026-08-15 14:56:00+00:00,VIA-00056,ORD-2026-06250,CAM-11,PROD-006,,C,42.1,0,0,1337,temperatura_ausente,,fecha_local_bolivia_convertida_utc,,2026-08-15 10:56:00,VIA-00056,ORD-2026-06250,CAM-11,PROD-006,,C,42.1,0,0,VIA-00056,False,ORD-2026-06250,False,CAM-11,False,PROD-006,False,C,False,False,False,,False,False,42.1,False,False,0,False,False,0,False,False,False,True,False,False,True,2026-08-15 14:56:00+00:00,False,True,False,30.0,False,True,True,True,True,True,False,,True,False,,,True,1,0,1,0,temperatura_ausente,cuarentena
2026-08-21 00:23:00+00:00,VIA-00059,ORD-2026-02676,CAM-07,PROD-055,,C,59.1,0,0,1403,centinela:temperatura_cabina_c,,fecha_local_bolivia_convertida_utc,,2026-08-20 20:23:00,VIA-00059,ORD-2026-02676,CAM-07,PROD-055,-999.0,C,59.1,0,0,VIA-00059,False,ORD-2026-02676,False,CAM-07,False,PROD-055,False,C,False,False,True,,False,False,59.1,False,False,0,False,False,0,False,False,False,False,False,False,True,2026-08-21 00:23:00+00:00,False,True,False,30.0,False,True,True,True,True,True,False,,True,False,,,True,1,0,1,0,centinela:temperatura_cabina_c,cuarentena
2026-08-23 16:32:00+00:00,VIA-00062,ORD-2026-02581,CAM-28,PROD-028,,C,56.8,0,0,1470,temperatura_ausente,order_id_sin_correspondencia_wms_silver | producto_id_sin_correspondencia_silver,fecha_local_bolivia_convertida_utc,,2026-08-23 12:32:00,VIA-00062,ORD-2026-02581,CAM-28,PROD-028,,C,56.8,0,0,VIA-00062,False,ORD-2026-02581,False,CAM-28,False,PROD-028,False,C,False,False,False,,False,False,56.8,False,False,0,False,False,0,False,False,False,True,False,False,True,2026-08-23 16:32:00+00:00,False,True,False,30.0,False,False,False,True,True,True,False,,True,False,,,True,1,0,1,2,temperatura_ausente,cuarentena
2026-08-23 17:32:00+00:00,VIA-00062,ORD-2026-02581,CAM-28,PROD-028,,C,37.7,0,0,1472,centinela:temperatura_cabina_c,order_id_sin_correspondencia_wms_silver | producto_id_sin_correspondencia_silver,fecha_local_bolivia_convertida_utc,,2026-08-23 13:32:00,VIA-00062,ORD-2026-02581,CAM-28,PROD-028,-999.0,C,37.7,0,0,VIA-00062,False,ORD-2026-02581,False,CAM-28,False,PROD-028,False,C,False,False,True,,False,False,37.7,False,False,0,False,False,0,False,False,False,False,False,False,True,2026-08-23 17:32:00+00:00,False,True,False,30.0,False,False,False,True,True,True,False,,True,False,,,True,1,0,1,2,centinela:temperatura_cabina_c,cuarentena
2026-08-14 22:43:00+00:00,VIA-00068,ORD-2026-06340,CAM-10,PROD-042,20.37,C,50.3,0,0,1632,lectura_duplicada:viaje_id_timestamp,,fecha_local_bolivia_convertida_utc,,2026-08-14 18:43:00,VIA-00068,ORD-2026-06340,CAM-10,PROD-042,20.37,C,50.3,0,0,VIA-00068,False,ORD-2026-06340,False,CAM-10,False,PROD-042,False,C,False,False,False,20.37,False,False,50.3,False,False,0,False,False,0,False,False,False,False,False,False,True,2026-08-14 22:43:00+00:00,False,True,True,30.0,False,True,True,True,True,True,True,False,True,False,,,True,1,0,1,0,lectura_duplicada:viaje_id_timestamp,cuarentena
2026-08-28 23:53:00+00:00,VIA-00070,ORD-2026-06154,CAM-19,PROD-040,,C,47.7,0,0,1661,centinela:temperatura_cabina_c,,fecha_local_bolivia_convertida_utc,,2026-08-28 19:53:00,VIA-00070,ORD-2026-06154,CAM-19,PROD-040,-999.0,C,47.7,0,0,VIA-00070,False,ORD-2026-06154,False,CAM-19,False,PROD-040,False,C,False,False,True,,False,False,47.7,False,False,0,False,False,0,False,False,False,False,False,False,True,2026-08-28 23:53:00+00:00,False,True,False,30.0,False,True,True,True,True,True,False,,True,False,,,True,1,0,1,0,centinela:temperatura_cabina_c,cuarentena
2026-08-17 09:56:00+00:00,VIA-00073,ORD-2026-01330,CAM-13,PROD-018,,C,51.9,0,0,1731,temperatura_ausente,,fecha_local_bolivia_convertida_utc,,2026-08-17 05:56:00,VIA-00073,ORD-2026-01330,CAM-13,PROD-018,,C,51.9,0,0,VIA-00073,False,ORD-2026-01330,False,CAM-13,False,PROD-018,False,C,False,False,False,,False,False,51.9,False,False,0,False,False,0,False,False,False,True,False,False,True,2026-08-17 09:56:00+00:00,False,True,False,30.0,False,True,True,True,True,True,False,,True,False,,,True,1,0,1,0,temperatura_ausente,cuarentena
2026-08-17 12:26:00+00:00,VIA-00073,ORD-2026-01330,CAM-13,PROD-018,20.25,C,53.6,0,0,1736,lectura_duplicada:viaje_id_timestamp,,fecha_local_bolivia_convertida_utc,,2026-08-17 08:26:00,VIA-00073,ORD-2026-01330,CAM-13,PROD-018,20.25,C,53.6,0,0,VIA-00073,False,ORD-2026-01330,False,CAM-13,False,PROD-018,False,C,False,False,False,20.25,False,False,53.6,False,False,0,False,False,0,False,False,False,False,False,False,True,2026-08-17 12:26:00+00:00,False,True,True,30.0,False,True,True,True,True,True,True,False,True,False,,,True,1,0,1,0,lectura_duplicada:viaje_id_timestamp,cuarentena
2026-08-17 19:56:00+00:00,VIA-00073,ORD-2026-01330,CAM-13,PROD-018,,C,56.8,0,0,1751,centinela:temperatura_cabina_c,,fecha_local_bolivia_convertida_utc,,2026-08-17 15:56:00,VIA-00073,ORD-2026-01330,CAM-13,PROD-018,-999.0,C,56.8,0,0,VIA-00073,False,ORD-2026-01330,False,CAM-13,False,PROD-018,False,C,False,False,True,,False,False,56.8,False,False,0,False,False,0,False,False,False,False,False,False,True,2026-08-17 19:56:00+00:00,False,True,False,30.0,False,True,True,True,True,True,False,,True,False,,,True,1,0,1,0,centinela:temperatura_cabina_c,cuarentena
2026-08-12 17:15:00+00:00,VIA-00079,ORD-2026-03382,CAM-30,PROD-016,17.05,C,40.6,0,0,1877,lectura_duplicada:viaje_id_timestamp,,fecha_local_bolivia_convertida_utc,,2026-08-12 13:15:00,VIA-00079,ORD-2026-03382,CAM-30,PROD-016,17.05,C,40.6,0,0,VIA-00079,False,ORD-2026-03382,False,CAM-30,False,PROD-016,False,C,False,False,False,17.05,False,False,40.6,False,False,0,False,False,0,False,False,False,False,False,False,True,2026-08-12 17:15:00+00:00,False,True,True,30.0,False,True,True,True,True,True,True,False,True,False,,,True,1,0,1,0,lectura_duplicada:viaje_id_timestamp,cuarentena
2026-08-02 23:35:00+00:00,VIA-00082,ORD-2026-06630,CAM-18,PROD-033,,C,59.3,0,0,1968,temperatura_ausente,,fecha_local_bolivia_convertida_utc,,2026-08-02 19:35:00,VIA-00082,ORD-2026-06630,CAM-18,PROD-033,,C,59.3,0,0,VIA-00082,False,ORD-2026-06630,False,CAM-18,False,PROD-033,False,C,False,False,False,,False,False,59.3,False,False,0,False,False,0,False,False,False,True,False,False,True,2026-08-02 23:35:00+00:00,False,True,False,30.0,False,True,True,True,True,True,False,,True,False,,,True,1,0,1,0,temperatura_ausente,cuarentena
2026-08-20 23:22:00+00:00,VIA-00091,ORD-2026-05940,CAM-26,PROD-053,4.46,C,78.3,0,0,2183,lectura_duplicada:viaje_id_timestamp,,fecha_local_bolivia_convertida_utc,,2026-08-20 19:22:00,VIA-00091,ORD-2026-05940,CAM-26,PROD-053,4.46,C,78.3,0,0,VIA-00091,False,ORD-2026-05940,False,CAM-26,False,PROD-053,False,C,False,False,False,4.46,False,False,78.3,False,False,0,False,False,0,False,False,False,False,False,False,True,2026-08-20 23:22:00+00:00,False,True,True,30.0,False,True,True,True,True,True,True,False,True,False,,,True,1,0,1,0,lectura_duplicada:viaje_id_timestamp,cuarentena
2026-08-21 00:22:00+00:00,VIA-00091,ORD-2026-05940,CAM-26,PROD-053,,C,73.6,0,0,2185,centinela:temperatura_cabina_c,,fecha_local_bolivia_convertida_utc,,2026-08-20 20:22:00,VIA-00091,ORD-2026-05940,CAM-26,PROD-053,-999.0,C,73.6,0,0,VIA-00091,False,ORD-2026-05940,False,CAM-26,False,PROD-053,False,C,False,False,True,,False,False,73.6,False,False,0,False,False,0,False,False,False,False,False,False,True,2026-08-21 00:22:00+00:00,False,True,False,30.0,False,True,True,True,True,True,False,,True,False,,,True,1,0,1,0,centinela:temperatura_cabina_c,cuarentena
2026-08-27 00:55:00+00:00,VIA-00098,ORD-2026-01622,CAM-20,PROD-009,,C,81.9,0,0,2347,temperatura_ausente,,fecha_local_bolivia_convertida_utc,,2026-08-26 20:55:00,VIA-00098,ORD-2026-01622,CAM-20,PROD-009,,C,81.9,0,0,VIA-00098,False,ORD-2026-01622,False,CAM-20,False,PROD-009,False,C,False,False,False,,False,False,81.9,False,False,0,False,False,0,False,False,False,True,False,False,True,2026-08-27 00:55:00+00:00,False,True,False,30.0,False,True,True,True,True,True,False,,True,False,,,True,1,0,1,0,temperatura_ausente,cuarentena
2026-08-16 09:53:00+00:00,VIA-00099,ORD-2026-03689,CAM-25,PROD-050,,C,45.2,0,0,2357,temperatura_ausente,,fecha_local_bolivia_convertida_utc,,2026-08-16 05:53:00,VIA-00099,ORD-2026-03689,CAM-25,PROD-050,,C,45.2,0,0,VIA-00099,False,ORD-2026-03689,False,CAM-25,False,PROD-050,False,C,False,False,False,,False,False,45.2,False,False,0,False,False,0,False,False,False,True,False,False,True,2026-08-16 09:53:00+00:00,False,True,False,30.0,False,True,True,True,True,True,False,,True,False,,,True,1,0,1,0,temperatura_ausente,cuarentena
2026-08-23 04:04:00+00:00,VIA-00101,ORD-2026-04951,CAM-12,PROD-029,18.08,C,41.2,0,0,2421,lectura_duplicada:viaje_id_timestamp,,fecha_local_bolivia_convertida_utc,,2026-08-23 00:04:00,VIA-00101,ORD-2026-04951,CAM-12,PROD-029,18.08,C,41.2,0,0,VIA-00101,False,ORD-2026-04951,False,CAM-12,False,PROD-029,False,C,False,False,False,18.08,False,False,41.2,False,False,0,False,False,0,False,False,False,False,False,False,True,2026-08-23 04:04:00+00:00,False,True,True,30.0,False,True,True,True,True,True,True,False,True,False,,,True,1,0,1,0,lectura_duplicada:viaje_id_timestamp,cuarentena
2026-08-31 10:41:00+00:00,VIA-00108,ORD-2026-04673,CAM-08,PROD-049,,C,73.4,0,0,2584,temperatura_ausente,,fecha_local_bolivia_convertida_utc,,2026-08-31 06:41:00,VIA-00108,ORD-2026-04673,CAM-08,PROD-049,,C,73.4,0,0,VIA-00108,False,ORD-2026-04673,False,CAM-08,False,PROD-049,False,C,False,False,False,,False,False,73.4,False,False,0,False,False,0,False,False,False,True,False,False,True,2026-08-31 10:41:00+00:00,False,True,False,30.0,False,True,True,True,True,True,False,,True,False,,,True,1,0,1,0,temperatura_ausente,cuarentena
2026-08-05 22:36:00+00:00,VIA-00121,ORD-2026-06281,CAM-27,PROD-015,3.77,C,74.1,0,0,2899,lectura_duplicada:viaje_id_timestamp,order_id_sin_correspondencia_wms_silver | camion_id_sin_correspondencia_silver,fecha_local_bolivia_convertida_utc,,2026-08-05 18:36:00,VIA-00121,ORD-2026-06281,CAM-27,PROD-015,3.77,C,74.1,0,0,VIA-00121,False,ORD-2026-06281,False,CAM-27,False,PROD-015,False,C,False,False,False,3.77,False,False,74.1,False,False,0,False,False,0,False,False,False,False,False,False,True,2026-08-05 22:36:00+00:00,False,True,True,30.0,False,False,True,False,True,True,True,False,True,False,,,True,1,0,1,2,lectura_duplicada:viaje_id_timestamp,cuarentena
2026-08-23 19:16:00+00:00,VIA-00122,ORD-2026-04337,CAM-04,PROD-039,19.96,C,45.8,0,0,2914,lectura_duplicada:viaje_id_timestamp,,fecha_local_bolivia_convertida_utc,,2026-08-23 15:16:00,VIA-00122,ORD-2026-04337,CAM-04,PROD-039,19.96,C,45.8,0,0,VIA-00122,False,ORD-2026-04337,False,CAM-04,False,PROD-039,False,C,False,False,False,19.96,False,False,45.8,False,False,0,False,False,0,False,False,False,False,False,False,True,2026-08-23 19:16:00+00:00,False,True,True,30.0,False,True,True,True,True,True,True,False,True,False,,,True,1,0,1,0,lectura_duplicada:viaje_id_timestamp,cuarentena
2026-08-24 02:16:00+00:00,VIA-00122,ORD-2026-04337,CAM-04,PROD-039,,C,56.6,0,0,2928,centinela:temperatura_cabina_c,,fecha_local_bolivia_convertida_utc,,2026-08-23 22:16:00,VIA-00122,ORD-2026-04337,CAM-04,PROD-039,-999.0,C,56.6,0,0,VIA-00122,False,ORD-2026-04337,False,CAM-04,False,PROD-039,False,C,False,False,True,,False,False,56.6,False,False,0,False,False,0,False,False,False,False,False,False,True,2026-08-24 02:16:00+00:00,False,True,False,30.0,False,True,True,True,True,True,False,,True,False,,,True,1,0,1,0,centinela:temperatura_cabina_c,cuarentena
2026-08-04 10:17:00+00:00,VIA-00123,ORD-2026-03892,CAM-10,PROD-054,-17.46,C,79.1,0,0,2949,lectura_duplicada:viaje_id_timestamp,,fecha_local_bolivia_convertida_utc,,2026-08-04 06:17:00,VIA-00123,ORD-2026-03892,CAM-10,PROD-054,-17.46,C,79.1,0,0,VIA-00123,False,ORD-2026-03892,False,CAM-10,False,PROD-054,False,C,False,False,False,-17.46,False,False,79.1,False,False,0,False,False,0,False,False,False,False,False,False,True,2026-08-04 10:17:00+00:00,False,True,True,30.0,False,True,True,True,True,True,True,False,True,False,,,True,1,0,1,0,lectura_duplicada:viaje_id_timestamp,cuarentena
2026-08-19 17:56:00+00:00,VIA-00124,ORD-2026-03143,CAM-18,PROD-029,23.82,C,55.8,0,0,2960,lectura_duplicada:viaje_id_timestamp,,fecha_local_bolivia_convertida_utc,,2026-08-19 13:56:00,VIA-00124,ORD-2026-03143,CAM-18,PROD-029,23.82,C,55.8,0,0,VIA-00124,False,ORD-2026-03143,False,CAM-18,False,PROD-029,False,C,False,False,False,23.82,False,False,55.8,False,False,0,False,False,0,False,False,False,False,False,False,True,2026-08-19 17:56:00+00:00,False,True,True,30.0,False,True,True,True,True,True,True,False,True,False,,,True,1,0,1,0,lectura_duplicada:viaje_id_timestamp,cuarentena
2026-08-23 08:23:00+00:00,VIA-00125,ORD-2026-07330,CAM-19,PROD-010,,C,36.8,0,0,2991,temperatura_ausente,order_id_sin_correspondencia_wms_silver | producto_id_sin_correspondencia_silver,fecha_local_bolivia_convertida_utc,,2026-08-23 04:23:00,VIA-00125,ORD-2026-07330,CAM-19,PROD-010,,C,36.8,0,0,VIA-00125,False,ORD-2026-07330,False,CAM-19,False,PROD-010,False,C,False,False,False,,False,False,36.8,False,False,0,False,False,0,False,False,False,True,False,False,True,2026-08-23 08:23:00+00:00,False,True,False,30.0,False,False,False,True,True,True,False,,True,False,,,True,1,0,1,2,temperatura_ausente,cuarentena
2026-08-20 20:03:00+00:00,VIA-00128,ORD-2026-02317,CAM-06,PROD-019,,C,45.4,0,0,3061,temperatura_ausente,,fecha_local_bolivia_convertida_utc,,2026-08-20 16:03:00,VIA-00128,ORD-2026-02317,CAM-06,PROD-019,,C,45.4,0,0,VIA-00128,False,ORD-2026-02317,False,CAM-06,False,PROD-019,False,C,False,False,False,,False,False,45.4,False,False,0,False,False,0,False,False,False,True,False,False,True,2026-08-20 20:03:00+00:00,False,True,False,30.0,False,True,True,True,True,True,False,,True,False,,,True,1,0,1,0,temperatura_ausente,cuarentena
2026-08-04 21:56:00+00:00,VIA-00135,ORD-2026-02724,CAM-12,PROD-010,19.46,C,54.0,0,0,3236,lectura_duplicada:viaje_id_timestamp,order_id_sin_correspondencia_wms_silver | producto_id_sin_correspondencia_silver,fecha_local_bolivia_convertida_utc,,2026-08-04 17:56:00,VIA-00135,ORD-2026-02724,CAM-12,PROD-010,19.46,C,54.0,0,0,VIA-00135,False,ORD-2026-02724,False,CAM-12,False,PROD-010,False,C,False,False,False,19.46,False,False,54.0,False,False,0,False,False,0,False,False,False,False,False,False,True,2026-08-04 21:56:00+00:00,False,True,True,30.0,False,False,False,True,True,True,False,,True,False,,,True,1,0,1,2,lectura_duplicada:viaje_id_timestamp,cuarentena
2026-08-29 18:59:00+00:00,VIA-00137,ORD-2026-06375,CAM-08,PROD-054,,C,85.2,0,0,3269,centinela:temperatura_cabina_c,,fecha_local_bolivia_convertida_utc,,2026-08-29 14:59:00,VIA-00137,ORD-2026-06375,CAM-08,PROD-054,-999.0,C,85.2,0,0,VIA-00137,False,ORD-2026-06375,False,CAM-08,False,PROD-054,False,C,False,False,True,,False,False,85.2,False,False,0,False,False,0,False,False,False,False,False,False,True,2026-08-29 18:59:00+00:00,False,True,False,30.0,False,True,True,True,True,True,False,,True,False,,,True,1,0,1,0,centinela:temperatura_cabina_c,cuarentena
2026-08-29 01:27:00+00:00,VIA-00138,ORD-2026-05332,CAM-25,PROD-060,,C,79.0,0,0,3308,centinela:temperatura_cabina_c,,fecha_local_bolivia_convertida_utc,,2026-08-28 21:27:00,VIA-00138,ORD-2026-05332,CAM-25,PROD-060,-999.0,C,79.0,0,0,VIA-00138,False,ORD-2026-05332,False,CAM-25,False,PROD-060,False,C,False,False,True,,False,False,79.0,False,False,0,False,False,0,False,False,False,False,False,False,True,2026-08-29 01:27:00+00:00,False,True,False,30.0,False,True,True,True,True,True,False,,True,False,,,True,1,0,1,0,centinela:temperatura_cabina_c,cuarentena
2026-08-16 06:53:00+00:00,VIA-00140,ORD-2026-03911,CAM-15,PROD-027,,K,80.5,0,0,3351,unidad_temperatura_no_esperada:K,,fecha_local_bolivia_convertida_utc,,2026-08-16 02:53:00,VIA-00140,ORD-2026-03911,CAM-15,PROD-027,276.72,K,80.5,0,0,VIA-00140,False,ORD-2026-03911,False,CAM-15,False,PROD-027,False,K,False,False,False,,False,False,80.5,False,False,0,False,False,0,False,True,False,False,False,False,True,2026-08-16 06:53:00+00:00,False,True,False,30.0,False,True,True,True,True,True,False,,True,False,,,True,1,0,1,0,unidad_temperatura_no_esperada:K,cuarentena
2026-08-11 13:01:00+00:00,VIA-00143,ORD-2026-01542,CAM-19,PROD-047,,C,78.7,0,0,3418,centinela:temperatura_cabina_c,,fecha_local_bolivia_convertida_utc,,2026-08-11 09:01:00,VIA-00143,ORD-2026-01542,CAM-19,PROD-047,-999.0,C,78.7,0,0,VIA-00143,False,ORD-2026-01542,False,CAM-19,False,PROD-047,False,C,False,False,True,,False,False,78.7,False,False,0,False,False,0,False,False,False,False,False,False,True,2026-08-11 13:01:00+00:00,False,True,False,30.0,False,True,True,True,True,True,False,,True,False,,,True,1,0,1,0,centinela:temperatura_cabina_c,cuarentena
2026-08-29 23:50:00+00:00,VIA-00151,ORD-2026-05731,CAM-23,PROD-048,,C,47.4,0,0,3618,temperatura_ausente,,fecha_local_bolivia_convertida_utc,,2026-08-29 19:50:00,VIA-00151,ORD-2026-05731,CAM-23,PROD-048,,C,47.4,0,0,VIA-00151,False,ORD-2026-05731,False,CAM-23,False,PROD-048,False,C,False,False,False,,False,False,47.4,False,False,0,False,False,0,False,False,False,True,False,False,True,2026-08-29 23:50:00+00:00,False,True,False,30.0,False,True,True,True,True,True,False,,True,False,,,True,1,0,1,0,temperatura_ausente,cuarentena
2026-08-03 18:56:00+00:00,VIA-00164,ORD-2026-03533,CAM-21,PROD-018,18.61,C,45.2,0,0,3915,lectura_duplicada:viaje_id_timestamp,,fecha_local_bolivia_convertida_utc,,2026-08-03 14:56:00,VIA-00164,ORD-2026-03533,CAM-21,PROD-018,18.61,C,45.2,0,0,VIA-00164,False,ORD-2026-03533,False,CAM-21,False,PROD-018,False,C,False,False,False,18.61,False,False,45.2,False,False,0,False,False,0,False,False,False,False,False,False,True,2026-08-03 18:56:00+00:00,False,True,True,30.0,False,True,True,True,True,True,True,False,True,False,,,True,1,0,1,0,lectura_duplicada:viaje_id_timestamp,cuarentena
2026-08-08 19:20:00+00:00,VIA-00168,ORD-2026-03448,CAM-19,PROD-020,,C,48.9,0,0,4012,centinela:temperatura_cabina_c,,fecha_local_bolivia_convertida_utc,,2026-08-08 15:20:00,VIA-00168,ORD-2026-03448,CAM-19,PROD-020,-999.0,C,48.9,0,0,VIA-00168,False,ORD-2026-03448,False,CAM-19,False,PROD-020,False,C,False,False,True,,False,False,48.9,False,False,0,False,False,0,False,False,False,False,False,False,True,2026-08-08 19:20:00+00:00,False,True,False,30.0,False,True,True,True,True,True,False,,True,False,,,True,1,0,1,0,centinela:temperatura_cabina_c,cuarentena
2026-08-22 02:55:00+00:00,VIA-00171,ORD-2026-04015,CAM-03,PROD-018,,C,48.9,0,0,4103,temperatura_ausente,,fecha_local_bolivia_convertida_utc,,2026-08-21 22:55:00,VIA-00171,ORD-2026-04015,CAM-03,PROD-018,,C,48.9,0,0,VIA-00171,False,ORD-2026-04015,False,CAM-03,False,PROD-018,False,C,False,False,False,,False,False,48.9,False,False,0,False,False,0,False,False,False,True,False,False,True,2026-08-22 02:55:00+00:00,False,True,False,30.0,False,True,True,True,True,True,False,,True,False,,,True,1,0,1,0,temperatura_ausente,cuarentena
2026-08-21 20:21:00+00:00,VIA-00184,ORD-2026-02963,CAM-19,PROD-008,-19.1,C,82.6,0,0,4404,lectura_duplicada:viaje_id_timestamp,,fecha_local_bolivia_convertida_utc,,2026-08-21 16:21:00,VIA-00184,ORD-2026-02963,CAM-19,PROD-008,-19.1,C,82.6,0,0,VIA-00184,False,ORD-2026-02963,False,CAM-19,False,PROD-008,False,C,False,False,False,-19.1,False,False,82.6,False,False,0,False,False,0,False,False,False,False,False,False,True,2026-08-21 20:21:00+00:00,False,True,True,30.0,False,True,True,True,True,True,True,False,True,False,,,True,1,0,1,0,lectura_duplicada:viaje_id_timestamp,cuarentena
2026-08-22 19:54:00+00:00,VIA-00185,ORD-2026-00226,CAM-15,PROD-017,19.18,C,49.2,0,0,4440,lectura_duplicada:viaje_id_timestamp,,fecha_local_bolivia_convertida_utc,,2026-08-22 15:54:00,VIA-00185,ORD-2026-00226,CAM-15,PROD-017,19.18,C,49.2,0,0,VIA-00185,False,ORD-2026-00226,False,CAM-15,False,PROD-017,False,C,False,False,False,19.18,False,False,49.2,False,False,0,False,False,0,False,False,False,False,False,False,True,2026-08-22 19:54:00+00:00,False,True,True,30.0,False,True,True,True,True,True,True,False,True,False,,,True,1,0,1,0,lectura_duplicada:viaje_id_timestamp,cuarentena
2026-08-13 05:05:00+00:00,VIA-00188,ORD-2026-00183,CAM-12,PROD-020,18.63,C,59.8,0,0,4493,lectura_duplicada:viaje_id_timestamp,,fecha_local_bolivia_convertida_utc,,2026-08-13 01:05:00,VIA-00188,ORD-2026-00183,CAM-12,PROD-020,18.63,C,59.8,0,0,VIA-00188,False,ORD-2026-00183,False,CAM-12,False,PROD-020,False,C,False,False,False,18.63,False,False,59.8,False,False,0,False,False,0,False,False,False,False,False,False,True,2026-08-13 05:05:00+00:00,False,True,True,30.0,False,True,True,True,True,True,True,False,True,False,,,True,1,0,1,0,lectura_duplicada:viaje_id_timestamp,cuarentena
,VIA-00190,ORD-2026-07185,CAM-28,PROD-051,-17.76,C,76.6,0,0,4538,timestamp_invalido,,,,2026-02-31 09:15:00,VIA-00190,ORD-2026-07185,CAM-28,PROD-051,-17.76,C,76.6,0,0,VIA-00190,False,ORD-2026-07185,False,CAM-28,False,PROD-051,False,C,False,False,False,-17.76,False,False,76.6,False,False,0,False,False,0,False,False,False,False,False,False,True,,True,False,False,,False,True,True,True,True,True,True,False,True,False,,,False,0,0,1,0,timestamp_invalido,cuarentena
2026-08-15 05:03:00+00:00,VIA-00190,ORD-2026-07185,CAM-28,PROD-051,-18.74,C,80.6,0,0,4544,lectura_duplicada:viaje_id_timestamp,,fecha_local_bolivia_convertida_utc,,2026-08-15 01:03:00,VIA-00190,ORD-2026-07185,CAM-28,PROD-051,-18.74,C,80.6,0,0,VIA-00190,False,ORD-2026-07185,False,CAM-28,False,PROD-051,False,C,False,False,False,-18.74,False,False,80.6,False,False,0,False,False,0,False,False,False,False,False,False,True,2026-08-15 05:03:00+00:00,False,True,True,30.0,False,True,True,True,True,True,True,False,True,False,,,True,1,0,1,0,lectura_duplicada:viaje_id_timestamp,cuarentena
2026-08-23 09:30:00+00:00,VIA-00192,ORD-2026-05621,CAM-11,PROD-004,,C,86.5,0,0,4594,temperatura_ausente,,fecha_local_bolivia_convertida_utc,,2026-08-23 05:30:00,VIA-00192,ORD-2026-05621,CAM-11,PROD-004,,C,86.5,0,0,VIA-00192,False,ORD-2026-05621,False,CAM-11,False,PROD-004,False,C,False,False,False,,False,False,86.5,False,False,0,False,False,0,False,False,False,True,False,False,True,2026-08-23 09:30:00+00:00,False,True,False,30.0,False,True,True,True,True,True,False,,True,False,,,True,1,0,1,0,temperatura_ausente,cuarentena
2026-08-23 12:30:00+00:00,VIA-00192,ORD-2026-05621,CAM-11,PROD-004,,C,68.2,0,0,4600,temperatura_ausente,,fecha_local_bolivia_convertida_utc,,2026-08-23 08:30:00,VIA-00192,ORD-2026-05621,CAM-11,PROD-004,,C,68.2,0,0,VIA-00192,False,ORD-2026-05621,False,CAM-11,False,PROD-004,False,C,False,False,False,,False,False,68.2,False,False,0,False,False,0,False,False,False,True,False,False,True,2026-08-23 12:30:00+00:00,False,True,False,30.0,False,True,True,True,True,True,False,,True,False,,,True,1,0,1,0,temperatura_ausente,cuarentena
2026-08-18 08:11:00+00:00,VIA-00194,ORD-2026-06568,CAM-16,PROD-030,21.32,C,63.3,0,0,4635,lectura_duplicada:viaje_id_timestamp,,fecha_local_bolivia_convertida_utc,,2026-08-18 04:11:00,VIA-00194,ORD-2026-06568,CAM-16,PROD-030,21.32,C,63.3,0,0,VIA-00194,False,ORD-2026-06568,False,CAM-16,False,PROD-030,False,C,False,False,False,21.32,False,False,63.3,False,False,0,False,False,0,False,False,False,False,False,False,True,2026-08-18 08:11:00+00:00,False,True,True,30.0,False,True,True,True,True,True,True,False,True,False,,,True,1,0,1,0,lectura_duplicada:viaje_id_timestamp,cuarentena
2026-08-24 12:13:00+00:00,VIA-00195,ORD-2026-01977,CAM-26,PROD-011,,C,84.2,0,0,4675,temperatura_ausente,,fecha_local_bolivia_convertida_utc,,2026-08-24 08:13:00,VIA-00195,ORD-2026-01977,CAM-26,PROD-011,,C,84.2,0,0,VIA-00195,False,ORD-2026-01977,False,CAM-26,False,PROD-011,False,C,False,False,False,,False,False,84.2,False,False,0,False,False,0,False,False,False,True,False,False,True,2026-08-24 12:13:00+00:00,False,True,False,30.0,False,True,True,True,True,True,False,,True,False,,,True,1,0,1,0,temperatura_ausente,cuarentena
2026-08-20 01:30:00+00:00,VIA-00197,ORD-2026-01303,CAM-19,PROD-005,15.39,C,44.7,0,0,4721,lectura_duplicada:viaje_id_timestamp,,fecha_local_bolivia_convertida_utc,,2026-08-19 21:30:00,VIA-00197,ORD-2026-01303,CAM-19,PROD-005,15.39,C,44.7,0,0,VIA-00197,False,ORD-2026-01303,False,CAM-19,False,PROD-005,False,C,False,False,False,15.39,False,False,44.7,False,False,0,False,False,0,False,False,False,False,False,False,True,2026-08-20 01:30:00+00:00,False,True,True,30.0,False,True,True,True,True,True,True,False,True,False,,,True,1,0,1,0,lectura_duplicada:viaje_id_timestamp,cuarentena
,VIA-00199,ORD-2026-04716,CAM-28,PROD-012,16.79,C,42.4,0,0,4769,timestamp_invalido,,,,2026-02-31 09:15:00,VIA-00199,ORD-2026-04716,CAM-28,PROD-012,16.79,C,42.4,0,0,VIA-00199,False,ORD-2026-04716,False,CAM-28,False,PROD-012,False,C,False,False,False,16.79,False,False,42.4,False,False,0,False,False,0,False,False,False,False,False,False,True,,True,False,False,,False,True,True,True,True,True,True,False,True,False,,,False,0,0,1,0,timestamp_invalido,cuarentena
2026-08-14 18:06:00+00:00,VIA-00202,ORD-2026-05095,CAM-30,PROD-018,,C,46.9,0,0,4837,centinela:temperatura_cabina_c,,fecha_local_bolivia_convertida_utc,,2026-08-14 14:06:00,VIA-00202,ORD-2026-05095,CAM-30,PROD-018,-999.0,C,46.9,0,0,VIA-00202,False,ORD-2026-05095,False,CAM-30,False,PROD-018,False,C,False,False,True,,False,False,46.9,False,False,0,False,False,0,False,False,False,False,False,False,True,2026-08-14 18:06:00+00:00,False,True,False,30.0,False,True,True,True,True,True,False,,True,False,,,True,1,0,1,0,centinela:temperatura_cabina_c,cuarentena
2026-08-27 04:06:00+00:00,VIA-00209,ORD-2026-05108,CAM-11,PROD-008,-18.24,C,84.3,0,1,5010,lectura_duplicada:viaje_id_timestamp,,fecha_local_bolivia_convertida_utc,,2026-08-27 00:06:00,VIA-00209,ORD-2026-05108,CAM-11,PROD-008,-18.24,C,84.3,0,1,VIA-00209,False,ORD-2026-05108,False,CAM-11,False,PROD-008,False,C,False,False,False,-18.24,False,False,84.3,False,False,0,False,False,1,False,False,False,False,False,False,True,2026-08-27 04:06:00+00:00,False,True,True,30.0,False,True,True,True,True,True,True,False,True,False,,,True,1,0,1,0,lectura_duplicada:viaje_id_timestamp,cuarentena
2026-08-02 06:10:00+00:00,VIA-00211,ORD-2026-00598,CAM-08,PROD-038,,C,52.2,0,1,5044,centinela:temperatura_cabina_c,,fecha_local_bolivia_convertida_utc,,2026-08-02 02:10:00,VIA-00211,ORD-2026-00598,CAM-08,PROD-038,-999.0,C,52.2,0,1,VIA-00211,False,ORD-2026-00598,False,CAM-08,False,PROD-038,False,C,False,False,True,,False,False,52.2,False,False,0,False,False,1,False,False,False,False,False,False,True,2026-08-02 06:10:00+00:00,False,True,False,30.0,False,True,True,True,True,True,False,,True,False,,,True,1,0,1,0,centinela:temperatura_cabina_c,cuarentena
2026-08-18 16:40:00+00:00,VIA-00216,ORD-2026-00969,CAM-08,PROD-060,,C,75.3,0,0,5162,centinela:temperatura_cabina_c,,fecha_local_bolivia_convertida_utc,,2026-08-18 12:40:00,VIA-00216,ORD-2026-00969,CAM-08,PROD-060,-999.0,C,75.3,0,0,VIA-00216,False,ORD-2026-00969,False,CAM-08,False,PROD-060,False,C,False,False,True,,False,False,75.3,False,False,0,False,False,0,False,False,False,False,False,False,True,2026-08-18 16:40:00+00:00,False,True,False,,False,True,True,True,True,True,False,,True,False,,,True,1,0,1,0,centinela:temperatura_cabina_c,cuarentena
2026-08-12 16:57:00+00:00,VIA-00217,ORD-2026-05269,CAM-28,PROD-036,3.57,C,75.6,0,0,5186,lectura_duplicada:viaje_id_timestamp,order_id_sin_correspondencia_wms_silver | producto_id_sin_correspondencia_silver,fecha_local_bolivia_convertida_utc,,2026-08-12 12:57:00,VIA-00217,ORD-2026-05269,CAM-28,PROD-036,3.57,C,75.6,0,0,VIA-00217,False,ORD-2026-05269,False,CAM-28,False,PROD-036,False,C,False,False,False,3.57,False,False,75.6,False,False,0,False,False,0,False,False,False,False,False,False,True,2026-08-12 16:57:00+00:00,False,True,True,,False,False,False,True,True,True,False,,True,False,,,True,1,0,1,2,lectura_duplicada:viaje_id_timestamp,cuarentena
2026-08-26 17:40:00+00:00,VIA-00218,ORD-2026-05490,CAM-17,PROD-059,,C,49.9,0,0,5223,centinela:temperatura_cabina_c,,fecha_local_bolivia_convertida_utc,,2026-08-26 13:40:00,VIA-00218,ORD-2026-05490,CAM-17,PROD-059,-999.0,C,49.9,0,0,VIA-00218,False,ORD-2026-05490,False,CAM-17,False,PROD-059,False,C,False,False,True,,False,False,49.9,False,False,0,False,False,0,False,False,False,False,False,False,True,2026-08-26 17:40:00+00:00,False,True,False,30.0,False,True,True,True,True,True,False,,True,False,,,True,1,0,1,0,centinela:temperatura_cabina_c,cuarentena
2026-08-31 08:55:00+00:00,VIA-00219,ORD-2026-04699,CAM-19,PROD-029,,C,48.9,0,0,5253,centinela:temperatura_cabina_c,,fecha_local_bolivia_convertida_utc,,2026-08-31 04:55:00,VIA-00219,ORD-2026-04699,CAM-19,PROD-029,-999.0,C,48.9,0,0,VIA-00219,False,ORD-2026-04699,False,CAM-19,False,PROD-029,False,C,False,False,True,,False,False,48.9,False,False,0,False,False,0,False,False,False,False,False,False,True,2026-08-31 08:55:00+00:00,False,True,False,30.0,False,True,True,True,True,True,False,,True,False,,,True,1,0,1,0,centinela:temperatura_cabina_c,cuarentena
2026-08-30 09:48:00+00:00,VIA-00222,ORD-2026-02741,CAM-15,PROD-008,,C,66.7,1,1,5317,temperatura_ausente,,fecha_local_bolivia_convertida_utc,,2026-08-30 05:48:00,VIA-00222,ORD-2026-02741,CAM-15,PROD-008,,C,66.7,1,1,VIA-00222,False,ORD-2026-02741,False,CAM-15,False,PROD-008,False,C,False,False,False,,False,False,66.7,False,False,1,False,False,1,False,False,False,True,False,False,True,2026-08-30 09:48:00+00:00,False,True,False,30.0,False,True,True,True,True,True,False,,True,False,,,True,1,0,1,0,temperatura_ausente,cuarentena
2026-08-22 05:33:00+00:00,VIA-00224,ORD-2026-04902,CAM-04,PROD-006,,C,41.6,0,0,5371,centinela:temperatura_cabina_c,,fecha_local_bolivia_convertida_utc,,2026-08-22 01:33:00,VIA-00224,ORD-2026-04902,CAM-04,PROD-006,-999.0,C,41.6,0,0,VIA-00224,False,ORD-2026-04902,False,CAM-04,False,PROD-006,False,C,False,False,True,,False,False,41.6,False,False,0,False,False,0,False,False,False,False,False,False,True,2026-08-22 05:33:00+00:00,False,True,False,30.0,False,True,True,True,True,True,False,,True,False,,,True,1,0,1,0,centinela:temperatura_cabina_c,cuarentena
2026-08-18 08:25:00+00:00,VIA-00234,ORD-2026-01178,CAM-03,PROD-010,,C,50.7,0,0,5610,temperatura_ausente,order_id_sin_correspondencia_wms_silver | producto_id_sin_correspondencia_silver,fecha_local_bolivia_convertida_utc,,2026-08-18 04:25:00,VIA-00234,ORD-2026-01178,CAM-03,PROD-010,,C,50.7,0,0,VIA-00234,False,ORD-2026-01178,False,CAM-03,False,PROD-010,False,C,False,False,False,,False,False,50.7,False,False,0,False,False,0,False,False,False,True,False,False,True,2026-08-18 08:25:00+00:00,False,True,False,30.0,False,False,False,True,True,True,False,,True,False,,,True,1,0,1,2,temperatura_ausente,cuarentena
2026-08-24 01:33:00+00:00,VIA-00235,ORD-2026-04152,CAM-10,PROD-035,,C,72.8,0,0,5629,centinela:temperatura_cabina_c,,fecha_local_bolivia_convertida_utc,,2026-08-23 21:33:00,VIA-00235,ORD-2026-04152,CAM-10,PROD-035,-999.0,C,72.8,0,0,VIA-00235,False,ORD-2026-04152,False,CAM-10,False,PROD-035,False,C,False,False,True,,False,False,72.8,False,False,0,False,False,0,False,False,False,False,False,False,True,2026-08-24 01:33:00+00:00,False,True,False,30.0,False,True,True,True,True,True,False,,True,False,,,True,1,0,1,0,centinela:temperatura_cabina_c,cuarentena
2026-08-11 00:07:00+00:00,VIA-00236,ORD-2026-03207,CAM-29,PROD-050,22.03,C,41.3,0,0,5660,lectura_duplicada:viaje_id_timestamp,,fecha_local_bolivia_convertida_utc,,2026-08-10 20:07:00,VIA-00236,ORD-2026-03207,CAM-29,PROD-050,22.03,C,41.3,0,0,VIA-00236,False,ORD-2026-03207,False,CAM-29,False,PROD-050,False,C,False,False,False,22.03,False,False,41.3,False,False,0,False,False,0,False,False,False,False,False,False,True,2026-08-11 00:07:00+00:00,False,True,True,30.0,False,True,True,True,True,True,True,False,True,False,,,True,1,0,1,0,lectura_duplicada:viaje_id_timestamp,cuarentena
2026-08-18 21:23:00+00:00,VIA-00242,ORD-2026-04829,CAM-27,PROD-004,2.93,C,78.1,0,0,5787,lectura_duplicada:viaje_id_timestamp,order_id_sin_correspondencia_wms_silver | camion_id_sin_correspondencia_silver,fecha_local_bolivia_convertida_utc,,2026-08-18 17:23:00,VIA-00242,ORD-2026-04829,CAM-27,PROD-004,2.93,C,78.1,0,0,VIA-00242,False,ORD-2026-04829,False,CAM-27,False,PROD-004,False,C,False,False,False,2.93,False,False,78.1,False,False,0,False,False,0,False,False,False,False,False,False,True,2026-08-18 21:23:00+00:00,False,True,True,30.0,False,False,True,False,True,True,True,False,True,False,,,True,1,0,1,2,lectura_duplicada:viaje_id_timestamp,cuarentena
,VIA-00243,ORD-2026-02147,CAM-24,PROD-058,-17.9,C,74.8,0,0,5824,timestamp_invalido,,,,2026-02-31 09:15:00,VIA-00243,ORD-2026-02147,CAM-24,PROD-058,-17.9,C,74.8,0,0,VIA-00243,False,ORD-2026-02147,False,CAM-24,False,PROD-058,False,C,False,False,False,-17.9,False,False,74.8,False,False,0,False,False,0,False,False,False,False,False,False,True,,True,False,False,,False,True,True,True,True,True,True,False,True,False,,,False,0,0,1,0,timestamp_invalido,cuarentena
2026-08-21 00:53:00+00:00,VIA-00244,ORD-2026-06776,CAM-08,PROD-027,,C,67.8,0,0,5857,temperatura_ausente,,fecha_local_bolivia_convertida_utc,,2026-08-20 20:53:00,VIA-00244,ORD-2026-06776,CAM-08,PROD-027,,C,67.8,0,0,VIA-00244,False,ORD-2026-06776,False,CAM-08,False,PROD-027,False,C,False,False,False,,False,False,67.8,False,False,0,False,False,0,False,False,False,True,False,False,True,2026-08-21 00:53:00+00:00,False,True,False,30.0,False,True,True,True,True,True,False,,True,False,,,True,1,0,1,0,temperatura_ausente,cuarentena
2026-08-18 12:24:00+00:00,VIA-00258,ORD-2026-04678,CAM-08,PROD-058,,C,81.8,0,0,6175,centinela:temperatura_cabina_c,,fecha_local_bolivia_convertida_utc,,2026-08-18 08:24:00,VIA-00258,ORD-2026-04678,CAM-08,PROD-058,-999.0,C,81.8,0,0,VIA-00258,False,ORD-2026-04678,False,CAM-08,False,PROD-058,False,C,False,False,True,,False,False,81.8,False,False,0,False,False,0,False,False,False,False,False,False,True,2026-08-18 12:24:00+00:00,False,True,False,30.0,False,True,True,True,True,True,False,,True,False,,,True,1,0,1,0,centinela:temperatura_cabina_c,cuarentena
2026-08-18 18:54:00+00:00,VIA-00258,ORD-2026-04678,CAM-08,PROD-058,-18.64,C,70.4,0,0,6188,lectura_duplicada:viaje_id_timestamp,,fecha_local_bolivia_convertida_utc,,2026-08-18 14:54:00,VIA-00258,ORD-2026-04678,CAM-08,PROD-058,-18.64,C,70.4,0,0,VIA-00258,False,ORD-2026-04678,False,CAM-08,False,PROD-058,False,C,False,False,False,-18.64,False,False,70.4,False,False,0,False,False,0,False,False,False,False,False,False,True,2026-08-18 18:54:00+00:00,False,True,True,30.0,False,True,True,True,True,True,True,False,True,False,,,True,1,0,1,0,lectura_duplicada:viaje_id_timestamp,cuarentena
2026-08-19 15:40:00+00:00,VIA-00259,ORD-2026-04308,CAM-28,PROD-028,18.88,C,43.4,0,0,6195,lectura_duplicada:viaje_id_timestamp,order_id_sin_correspondencia_wms_silver | producto_id_sin_correspondencia_silver,fecha_local_bolivia_convertida_utc,,2026-08-19 11:40:00,VIA-00259,ORD-2026-04308,CAM-28,PROD-028,18.88,C,43.4,0,0,VIA-00259,False,ORD-2026-04308,False,CAM-28,False,PROD-028,False,C,False,False,False,18.88,False,False,43.4,False,False,0,False,False,0,False,False,False,False,False,False,True,2026-08-19 15:40:00+00:00,False,True,True,30.0,False,False,False,True,True,True,False,,True,False,,,True,1,0,1,2,lectura_duplicada:viaje_id_timestamp,cuarentena
2026-08-03 01:34:00+00:00,VIA-00260,ORD-2026-02932,CAM-30,PROD-002,21.86,C,50.1,0,0,6219,lectura_duplicada:viaje_id_timestamp,,fecha_local_bolivia_convertida_utc,,2026-08-02 21:34:00,VIA-00260,ORD-2026-02932,CAM-30,PROD-002,21.86,C,50.1,0,0,VIA-00260,False,ORD-2026-02932,False,CAM-30,False,PROD-002,False,C,False,False,False,21.86,False,False,50.1,False,False,0,False,False,0,False,False,False,False,False,False,True,2026-08-03 01:34:00+00:00,False,True,True,30.0,False,True,True,True,True,True,True,False,True,False,,,True,1,0,1,0,lectura_duplicada:viaje_id_timestamp,cuarentena
2026-08-03 02:34:00+00:00,VIA-00260,ORD-2026-02932,CAM-30,PROD-002,22.76,C,44.5,0,0,6221,lectura_duplicada:viaje_id_timestamp,,fecha_local_bolivia_convertida_utc,,2026-08-02 22:34:00,VIA-00260,ORD-2026-02932,CAM-30,PROD-002,22.76,C,44.5,0,0,VIA-00260,False,ORD-2026-02932,False,CAM-30,False,PROD-002,False,C,False,False,False,22.76,False,False,44.5,False,False,0,False,False,0,False,False,False,False,False,False,True,2026-08-03 02:34:00+00:00,False,True,True,30.0,False,True,True,True,True,True,True,False,True,False,,,True,1,0,1,0,lectura_duplicada:viaje_id_timestamp,cuarentena
2026-08-26 16:40:00+00:00,VIA-00265,ORD-2026-04491,CAM-19,PROD-041,-17.98,C,72.9,0,0,6361,lectura_duplicada:viaje_id_timestamp,,fecha_local_bolivia_convertida_utc,,2026-08-26 12:40:00,VIA-00265,ORD-2026-04491,CAM-19,PROD-041,-17.98,C,72.9,0,0,VIA-00265,False,ORD-2026-04491,False,CAM-19,False,PROD-041,False,C,False,False,False,-17.98,False,False,72.9,False,False,0,False,False,0,False,False,False,False,False,False,True,2026-08-26 16:40:00+00:00,False,True,True,30.0,False,True,True,True,True,True,True,False,True,False,,,True,1,0,1,0,lectura_duplicada:viaje_id_timestamp,cuarentena
2026-08-14 07:37:00+00:00,VIA-00267,ORD-2026-07158,CAM-03,PROD-012,,C,51.8,0,0,6398,temperatura_ausente,,fecha_local_bolivia_convertida_utc,,2026-08-14 03:37:00,VIA-00267,ORD-2026-07158,CAM-03,PROD-012,,C,51.8,0,0,VIA-00267,False,ORD-2026-07158,False,CAM-03,False,PROD-012,False,C,False,False,False,,False,False,51.8,False,False,0,False,False,0,False,False,False,True,False,False,True,2026-08-14 07:37:00+00:00,False,True,False,30.0,False,True,True,True,True,True,False,,True,False,,,True,1,0,1,0,temperatura_ausente,cuarentena
2026-08-14 19:35:00+00:00,VIA-00268,ORD-2026-04761,CAM-19,PROD-022,3.49,C,90.9,0,0,6410,lectura_duplicada:viaje_id_timestamp,,fecha_local_bolivia_convertida_utc,,2026-08-14 15:35:00,VIA-00268,ORD-2026-04761,CAM-19,PROD-022,3.49,C,90.9,0,0,VIA-00268,False,ORD-2026-04761,False,CAM-19,False,PROD-022,False,C,False,False,False,3.49,False,False,90.9,False,False,0,False,False,0,False,False,False,False,False,False,True,2026-08-14 19:35:00+00:00,False,True,True,,False,True,True,True,True,True,True,False,True,False,,,True,1,0,1,0,lectura_duplicada:viaje_id_timestamp,cuarentena
2026-08-18 05:51:00+00:00,VIA-00270,ORD-2026-02523,CAM-08,PROD-004,,C,87.0,0,0,6478,centinela:temperatura_cabina_c,,fecha_local_bolivia_convertida_utc,,2026-08-18 01:51:00,VIA-00270,ORD-2026-02523,CAM-08,PROD-004,-999.0,C,87.0,0,0,VIA-00270,False,ORD-2026-02523,False,CAM-08,False,PROD-004,False,C,False,False,True,,False,False,87.0,False,False,0,False,False,0,False,False,False,False,False,False,True,2026-08-18 05:51:00+00:00,False,True,False,30.0,False,True,True,True,True,True,False,,True,False,,,True,1,0,1,0,centinela:temperatura_cabina_c,cuarentena
2026-08-11 23:05:00+00:00,VIA-00297,ORD-2026-06424,CAM-03,PROD-024,20.21,C,45.0,0,0,7122,lectura_duplicada:viaje_id_timestamp,order_id_sin_correspondencia_wms_silver | producto_id_sin_correspondencia_silver,fecha_local_bolivia_convertida_utc,,2026-08-11 19:05:00,VIA-00297,ORD-2026-06424,CAM-03,PROD-024,20.21,C,45.0,0,0,VIA-00297,False,ORD-2026-06424,False,CAM-03,False,PROD-024,False,C,False,False,False,20.21,False,False,45.0,False,False,0,False,False,0,False,False,False,False,False,False,True,2026-08-11 23:05:00+00:00,False,True,True,30.0,False,False,False,True,True,True,False,,True,False,,,True,1,0,1,2,lectura_duplicada:viaje_id_timestamp,cuarentena
2026-08-12 17:29:00+00:00,VIA-00299,ORD-2026-05162,CAM-08,PROD-043,-17.25,C,-81.2,0,0,7174,humedad_fuera_rango_0_100,,fecha_local_bolivia_convertida_utc,,2026-08-12 13:29:00,VIA-00299,ORD-2026-05162,CAM-08,PROD-043,-17.25,C,-81.2,0,0,VIA-00299,False,ORD-2026-05162,False,CAM-08,False,PROD-043,False,C,False,False,False,-17.25,False,False,-81.2,False,False,0,False,False,0,False,False,False,False,False,True,True,2026-08-12 17:29:00+00:00,False,True,False,30.0,False,True,True,True,True,True,True,False,True,False,,,True,1,0,1,0,humedad_fuera_rango_0_100,cuarentena
2026-08-20 19:44:00+00:00,VIA-00300,ORD-2026-07036,CAM-20,PROD-021,4.72,C,80.6,0,0,7190,lectura_duplicada:viaje_id_timestamp,,fecha_local_bolivia_convertida_utc,,2026-08-20 15:44:00,VIA-00300,ORD-2026-07036,CAM-20,PROD-021,4.72,C,80.6,0,0,VIA-00300,False,ORD-2026-07036,False,CAM-20,False,PROD-021,False,C,False,False,False,4.72,False,False,80.6,False,False,0,False,False,0,False,False,False,False,False,False,True,2026-08-20 19:44:00+00:00,False,True,True,30.0,False,True,True,True,True,True,True,False,True,False,,,True,1,0,1,0,lectura_duplicada:viaje_id_timestamp,cuarentena
2026-08-26 18:21:00+00:00,VIA-00302,ORD-2026-00057,CAM-20,PROD-045,,C,71.7,0,0,7229,centinela:temperatura_cabina_c,,fecha_local_bolivia_convertida_utc,,2026-08-26 14:21:00,VIA-00302,ORD-2026-00057,CAM-20,PROD-045,-999.0,C,71.7,0,0,VIA-00302,False,ORD-2026-00057,False,CAM-20,False,PROD-045,False,C,False,False,True,,False,False,71.7,False,False,0,False,False,0,False,False,False,False,False,False,True,2026-08-26 18:21:00+00:00,False,True,False,30.0,False,True,True,True,True,True,False,,True,False,,,True,1,0,1,0,centinela:temperatura_cabina_c,cuarentena
2026-08-23 19:01:00+00:00,VIA-00305,ORD-2026-02961,CAM-09,PROD-007,20.73,C,39.4,0,0,7312,lectura_duplicada:viaje_id_timestamp,,fecha_local_bolivia_convertida_utc,,2026-08-23 15:01:00,VIA-00305,ORD-2026-02961,CAM-09,PROD-007,20.73,C,39.4,0,0,VIA-00305,False,ORD-2026-02961,False,CAM-09,False,PROD-007,False,C,False,False,False,20.73,False,False,39.4,False,False,0,False,False,0,False,False,False,False,False,False,True,2026-08-23 19:01:00+00:00,False,True,True,30.0,False,True,True,True,True,True,True,False,True,False,,,True,1,0,1,0,lectura_duplicada:viaje_id_timestamp,cuarentena
2026-08-05 09:12:00+00:00,VIA-00306,ORD-2026-06512,CAM-24,PROD-045,,C,67.2,0,0,7332,centinela:temperatura_cabina_c,,fecha_local_bolivia_convertida_utc,,2026-08-05 05:12:00,VIA-00306,ORD-2026-06512,CAM-24,PROD-045,-999.0,C,67.2,0,0,VIA-00306,False,ORD-2026-06512,False,CAM-24,False,PROD-045,False,C,False,False,True,,False,False,67.2,False,False,0,False,False,0,False,False,False,False,False,False,True,2026-08-05 09:12:00+00:00,False,True,False,30.0,False,True,True,True,True,True,False,,True,False,,,True,1,0,1,0,centinela:temperatura_cabina_c,cuarentena
2026-08-05 13:12:00+00:00,VIA-00306,ORD-2026-06512,CAM-24,PROD-045,4.37,C,82.2,0,0,7340,lectura_duplicada:viaje_id_timestamp,,fecha_local_bolivia_convertida_utc,,2026-08-05 09:12:00,VIA-00306,ORD-2026-06512,CAM-24,PROD-045,4.37,C,82.2,0,0,VIA-00306,False,ORD-2026-06512,False,CAM-24,False,PROD-045,False,C,False,False,False,4.37,False,False,82.2,False,False,0,False,False,0,False,False,False,False,False,False,True,2026-08-05 13:12:00+00:00,False,True,True,30.0,False,True,True,True,True,True,True,False,True,False,,,True,1,0,1,0,lectura_duplicada:viaje_id_timestamp,cuarentena
2026-08-31 11:49:00+00:00,VIA-00307,ORD-2026-04702,CAM-02,PROD-043,-18.14,C,75.9,0,0,7363,lectura_duplicada:viaje_id_timestamp,,fecha_local_bolivia_convertida_utc,,2026-08-31 07:49:00,VIA-00307,ORD-2026-04702,CAM-02,PROD-043,-18.14,C,75.9,0,0,VIA-00307,False,ORD-2026-04702,False,CAM-02,False,PROD-043,False,C,False,False,False,-18.14,False,False,75.9,False,False,0,False,False,0,False,False,False,False,False,False,True,2026-08-31 11:49:00+00:00,False,True,True,30.0,False,True,True,True,True,True,True,False,True,False,,,True,1,0,1,0,lectura_duplicada:viaje_id_timestamp,cuarentena
2026-08-17 01:21:00+00:00,VIA-00308,ORD-2026-02207,CAM-01,PROD-053,,C,94.3,0,0,7392,temperatura_ausente,order_id_sin_correspondencia_wms_silver | camion_id_sin_correspondencia_silver,fecha_local_bolivia_convertida_utc,,2026-08-16 21:21:00,VIA-00308,ORD-2026-02207,CAM-01,PROD-053,,C,94.3,0,0,VIA-00308,False,ORD-2026-02207,False,CAM-01,False,PROD-053,False,C,False,False,False,,False,False,94.3,False,False,0,False,False,0,False,False,False,True,False,False,True,2026-08-17 01:21:00+00:00,False,True,False,30.0,False,False,True,False,True,True,False,,True,False,,,True,1,0,1,2,temperatura_ausente,cuarentena
2026-08-03 17:00:00+00:00,VIA-00312,ORD-2026-02434,CAM-19,PROD-043,,C,58.3,0,0,7468,centinela:temperatura_cabina_c,,fecha_local_bolivia_convertida_utc,,2026-08-03 13:00:00,VIA-00312,ORD-2026-02434,CAM-19,PROD-043,-999.0,C,58.3,0,0,VIA-00312,False,ORD-2026-02434,False,CAM-19,False,PROD-043,False,C,False,False,True,,False,False,58.3,False,False,0,False,False,0,False,False,False,False,False,False,True,2026-08-03 17:00:00+00:00,False,True,False,30.0,False,True,True,True,True,True,False,,True,False,,,True,1,0,1,0,centinela:temperatura_cabina_c,cuarentena
2026-08-18 19:59:00+00:00,VIA-00316,ORD-2026-04476,CAM-11,PROD-021,,C,75.0,0,0,7584,temperatura_ausente,,fecha_local_bolivia_convertida_utc,,2026-08-18 15:59:00,VIA-00316,ORD-2026-04476,CAM-11,PROD-021,,C,75.0,0,0,VIA-00316,False,ORD-2026-04476,False,CAM-11,False,PROD-021,False,C,False,False,False,,False,False,75.0,False,False,0,False,False,0,False,False,False,True,False,False,True,2026-08-18 19:59:00+00:00,False,True,False,30.0,False,True,True,True,True,True,False,,True,False,,,True,1,0,1,0,temperatura_ausente,cuarentena
2026-08-07 18:40:00+00:00,VIA-00321,ORD-2026-04625,CAM-21,PROD-005,18.9,C,-50.5,0,0,7682,humedad_fuera_rango_0_100,,fecha_local_bolivia_convertida_utc,,2026-08-07 14:40:00,VIA-00321,ORD-2026-04625,CAM-21,PROD-005,18.9,C,-50.5,0,0,VIA-00321,False,ORD-2026-04625,False,CAM-21,False,PROD-005,False,C,False,False,False,18.9,False,False,-50.5,False,False,0,False,False,0,False,False,False,False,False,True,True,2026-08-07 18:40:00+00:00,False,True,False,,False,True,True,True,True,True,True,False,True,False,,,True,1,0,1,0,humedad_fuera_rango_0_100,cuarentena
2026-08-07 14:26:00+00:00,VIA-00323,ORD-2026-06309,CAM-24,PROD-002,,C,51.2,0,0,7750,centinela:temperatura_cabina_c,,fecha_local_bolivia_convertida_utc,,2026-08-07 10:26:00,VIA-00323,ORD-2026-06309,CAM-24,PROD-002,-999.0,C,51.2,0,0,VIA-00323,False,ORD-2026-06309,False,CAM-24,False,PROD-002,False,C,False,False,True,,False,False,51.2,False,False,0,False,False,0,False,False,False,False,False,False,True,2026-08-07 14:26:00+00:00,False,True,False,30.0,False,True,True,True,True,True,False,,True,False,,,True,1,0,1,0,centinela:temperatura_cabina_c,cuarentena
2026-08-19 21:26:00+00:00,VIA-00324,ORD-2026-05843,CAM-03,PROD-057,,C,51.0,0,0,7777,temperatura_ausente,,fecha_local_bolivia_convertida_utc,,2026-08-19 17:26:00,VIA-00324,ORD-2026-05843,CAM-03,PROD-057,,C,51.0,0,0,VIA-00324,False,ORD-2026-05843,False,CAM-03,False,PROD-057,False,C,False,False,False,,False,False,51.0,False,False,0,False,False,0,False,False,False,True,False,False,True,2026-08-19 21:26:00+00:00,False,True,False,30.0,False,True,True,True,True,True,False,,True,False,,,True,1,0,1,0,temperatura_ausente,cuarentena
2026-08-30 23:56:00+00:00,VIA-00325,ORD-2026-00169,CAM-27,PROD-048,,C,48.9,0,0,7783,temperatura_ausente,order_id_sin_correspondencia_wms_silver | camion_id_sin_correspondencia_silver,fecha_local_bolivia_convertida_utc,,2026-08-30 19:56:00,VIA-00325,ORD-2026-00169,CAM-27,PROD-048,,C,48.9,0,0,VIA-00325,False,ORD-2026-00169,False,CAM-27,False,PROD-048,False,C,False,False,False,,False,False,48.9,False,False,0,False,False,0,False,False,False,True,False,False,True,2026-08-30 23:56:00+00:00,False,True,False,30.0,False,False,True,False,True,True,False,,True,False,,,True,1,0,1,2,temperatura_ausente,cuarentena
2026-08-29 09:39:00+00:00,VIA-00327,ORD-2026-04344,CAM-26,PROD-029,,C,49.6,0,0,7833,centinela:temperatura_cabina_c,,fecha_local_bolivia_convertida_utc,,2026-08-29 05:39:00,VIA-00327,ORD-2026-04344,CAM-26,PROD-029,-999.0,C,49.6,0,0,VIA-00327,False,ORD-2026-04344,False,CAM-26,False,PROD-029,False,C,False,False,True,,False,False,49.6,False,False,0,False,False,0,False,False,False,False,False,False,True,2026-08-29 09:39:00+00:00,False,True,False,30.0,False,True,True,True,True,True,False,,True,False,,,True,1,0,1,0,centinela:temperatura_cabina_c,cuarentena
2026-08-19 09:30:00+00:00,VIA-00328,ORD-2026-00921,CAM-19,PROD-054,-17.98,C,67.9,0,0,7855,lectura_duplicada:viaje_id_timestamp,,fecha_local_bolivia_convertida_utc,,2026-08-19 05:30:00,VIA-00328,ORD-2026-00921,CAM-19,PROD-054,-17.98,C,67.9,0,0,VIA-00328,False,ORD-2026-00921,False,CAM-19,False,PROD-054,False,C,False,False,False,-17.98,False,False,67.9,False,False,0,False,False,0,False,False,False,False,False,False,True,2026-08-19 09:30:00+00:00,False,True,True,30.0,False,True,True,True,True,True,True,False,True,False,,,True,1,0,1,0,lectura_duplicada:viaje_id_timestamp,cuarentena
2026-08-29 18:16:00+00:00,VIA-00335,ORD-2026-07179,CAM-29,PROD-030,,C,37.7,0,0,8029,temperatura_ausente,,fecha_local_bolivia_convertida_utc,,2026-08-29 14:16:00,VIA-00335,ORD-2026-07179,CAM-29,PROD-030,,C,37.7,0,0,VIA-00335,False,ORD-2026-07179,False,CAM-29,False,PROD-030,False,C,False,False,False,,False,False,37.7,False,False,0,False,False,0,False,False,False,True,False,False,True,2026-08-29 18:16:00+00:00,False,True,False,30.0,False,True,True,True,True,True,False,,True,False,,,True,1,0,1,0,temperatura_ausente,cuarentena
2026-08-04 09:36:00+00:00,VIA-00350,ORD-2026-03587,CAM-21,PROD-018,,C,51.5,0,0,8390,centinela:temperatura_cabina_c,,fecha_local_bolivia_convertida_utc,,2026-08-04 05:36:00,VIA-00350,ORD-2026-03587,CAM-21,PROD-018,-999.0,C,51.5,0,0,VIA-00350,False,ORD-2026-03587,False,CAM-21,False,PROD-018,False,C,False,False,True,,False,False,51.5,False,False,0,False,False,0,False,False,False,False,False,False,True,2026-08-04 09:36:00+00:00,False,True,False,30.0,False,True,True,True,True,True,False,,True,False,,,True,1,0,1,0,centinela:temperatura_cabina_c,cuarentena
2026-08-04 23:26:00+00:00,VIA-00357,ORD-2026-04496,CAM-19,PROD-043,,C,69.6,0,0,8560,centinela:temperatura_cabina_c,,fecha_local_bolivia_convertida_utc,,2026-08-04 19:26:00,VIA-00357,ORD-2026-04496,CAM-19,PROD-043,-999.0,C,69.6,0,0,VIA-00357,False,ORD-2026-04496,False,CAM-19,False,PROD-043,False,C,False,False,True,,False,False,69.6,False,False,0,False,False,0,False,False,False,False,False,False,True,2026-08-04 23:26:00+00:00,False,True,False,30.0,False,True,True,True,True,True,False,,True,False,,,True,1,0,1,0,centinela:temperatura_cabina_c,cuarentena
2026-08-06 04:41:00+00:00,VIA-00360,ORD-2026-01444,CAM-19,PROD-003,20.09,C,46.5,0,0,8618,lectura_duplicada:viaje_id_timestamp,,fecha_local_bolivia_convertida_utc,,2026-08-06 00:41:00,VIA-00360,ORD-2026-01444,CAM-19,PROD-003,20.09,C,46.5,0,0,VIA-00360,False,ORD-2026-01444,False,CAM-19,False,PROD-003,False,C,False,False,False,20.09,False,False,46.5,False,False,0,False,False,0,False,False,False,False,False,False,True,2026-08-06 04:41:00+00:00,False,True,True,,False,True,True,True,True,True,True,False,True,False,,,True,1,0,1,0,lectura_duplicada:viaje_id_timestamp,cuarentena
,VIA-00363,ORD-2026-07429,CAM-10,PROD-001,2.74,C,70.2,0,0,8697,timestamp_invalido,,,,2026-02-31 09:15:00,VIA-00363,ORD-2026-07429,CAM-10,PROD-001,2.74,C,70.2,0,0,VIA-00363,False,ORD-2026-07429,False,CAM-10,False,PROD-001,False,C,False,False,False,2.74,False,False,70.2,False,False,0,False,False,0,False,False,False,False,False,False,True,,True,False,False,,False,True,True,True,True,True,True,False,True,False,,,False,0,0,1,0,timestamp_invalido,cuarentena
2026-08-06 09:11:00+00:00,VIA-00363,ORD-2026-07429,CAM-10,PROD-001,4.07,C,91.4,0,0,8701,lectura_duplicada:viaje_id_timestamp,,fecha_local_bolivia_convertida_utc,,2026-08-06 05:11:00,VIA-00363,ORD-2026-07429,CAM-10,PROD-001,4.07,C,91.4,0,0,VIA-00363,False,ORD-2026-07429,False,CAM-10,False,PROD-001,False,C,False,False,False,4.07,False,False,91.4,False,False,0,False,False,0,False,False,False,False,False,False,True,2026-08-06 09:11:00+00:00,False,True,True,30.0,False,True,True,True,True,True,True,False,True,False,,,True,1,0,1,0,lectura_duplicada:viaje_id_timestamp,cuarentena
2026-08-21 06:19:00+00:00,VIA-00371,ORD-2026-05057,CAM-16,PROD-033,18.64,C,48.0,0,0,8901,lectura_duplicada:viaje_id_timestamp,,fecha_local_bolivia_convertida_utc,,2026-08-21 02:19:00,VIA-00371,ORD-2026-05057,CAM-16,PROD-033,18.64,C,48.0,0,0,VIA-00371,False,ORD-2026-05057,False,CAM-16,False,PROD-033,False,C,False,False,False,18.64,False,False,48.0,False,False,0,False,False,0,False,False,False,False,False,False,True,2026-08-21 06:19:00+00:00,False,True,True,30.0,False,True,True,True,True,True,True,False,True,False,,,True,1,0,1,0,lectura_duplicada:viaje_id_timestamp,cuarentena
2026-08-05 09:31:00+00:00,VIA-00374,ORD-2026-06903,CAM-10,PROD-028,20.95,C,34.5,0,0,8976,lectura_duplicada:viaje_id_timestamp,order_id_sin_correspondencia_wms_silver | producto_id_sin_correspondencia_silver,fecha_local_bolivia_convertida_utc,,2026-08-05 05:31:00,VIA-00374,ORD-2026-06903,CAM-10,PROD-028,20.95,C,34.5,0,0,VIA-00374,False,ORD-2026-06903,False,CAM-10,False,PROD-028,False,C,False,False,False,20.95,False,False,34.5,False,False,0,False,False,0,False,False,False,False,False,False,True,2026-08-05 09:31:00+00:00,False,True,True,30.0,False,False,False,True,True,True,False,,True,False,,,True,1,0,1,2,lectura_duplicada:viaje_id_timestamp,cuarentena
2026-08-14 06:26:00+00:00,VIA-00379,ORD-2026-04281,CAM-08,PROD-008,-18.33,C,63.4,0,0,9079,lectura_duplicada:viaje_id_timestamp,,fecha_local_bolivia_convertida_utc,,2026-08-14 02:26:00,VIA-00379,ORD-2026-04281,CAM-08,PROD-008,-18.33,C,63.4,0,0,VIA-00379,False,ORD-2026-04281,False,CAM-08,False,PROD-008,False,C,False,False,False,-18.33,False,False,63.4,False,False,0,False,False,0,False,False,False,False,False,False,True,2026-08-14 06:26:00+00:00,False,True,True,30.0,False,True,True,True,True,True,True,False,True,False,,,True,1,0,1,0,lectura_duplicada:viaje_id_timestamp,cuarentena
2026-08-14 10:56:00+00:00,VIA-00379,ORD-2026-04281,CAM-08,PROD-008,-16.48,C,67.8,0,0,9088,lectura_duplicada:viaje_id_timestamp,,fecha_local_bolivia_convertida_utc,,2026-08-14 06:56:00,VIA-00379,ORD-2026-04281,CAM-08,PROD-008,-16.48,C,67.8,0,0,VIA-00379,False,ORD-2026-04281,False,CAM-08,False,PROD-008,False,C,False,False,False,-16.48,False,False,67.8,False,False,0,False,False,0,False,False,False,False,False,False,True,2026-08-14 10:56:00+00:00,False,True,True,30.0,False,True,True,True,True,True,True,False,True,False,,,True,1,0,1,0,lectura_duplicada:viaje_id_timestamp,cuarentena
2026-08-14 11:26:00+00:00,VIA-00379,ORD-2026-04281,CAM-08,PROD-008,,C,69.1,0,0,9089,centinela:temperatura_cabina_c,,fecha_local_bolivia_convertida_utc,,2026-08-14 07:26:00,VIA-00379,ORD-2026-04281,CAM-08,PROD-008,-999.0,C,69.1,0,0,VIA-00379,False,ORD-2026-04281,False,CAM-08,False,PROD-008,False,C,False,False,True,,False,False,69.1,False,False,0,False,False,0,False,False,False,False,False,False,True,2026-08-14 11:26:00+00:00,False,True,False,30.0,False,True,True,True,True,True,False,,True,False,,,True,1,0,1,0,centinela:temperatura_cabina_c,cuarentena
2026-08-01 19:38:00+00:00,VIA-00380,ORD-2026-02526,CAM-08,PROD-004,3.39,C,74.5,0,0,9111,lectura_duplicada:viaje_id_timestamp,,fecha_local_bolivia_convertida_utc,,2026-08-01 15:38:00,VIA-00380,ORD-2026-02526,CAM-08,PROD-004,3.39,C,74.5,0,0,VIA-00380,False,ORD-2026-02526,False,CAM-08,False,PROD-004,False,C,False,False,False,3.39,False,False,74.5,False,False,0,False,False,0,False,False,False,False,False,False,True,2026-08-01 19:38:00+00:00,False,True,True,30.0,False,True,True,True,True,True,True,False,True,False,,,True,1,0,1,0,lectura_duplicada:viaje_id_timestamp,cuarentena
2026-08-15 23:53:00+00:00,VIA-00384,ORD-2026-00605,CAM-06,PROD-014,,C,52.6,0,0,9216,centinela:temperatura_cabina_c,order_id_sin_correspondencia_wms_silver | producto_id_sin_correspondencia_silver,fecha_local_bolivia_convertida_utc,,2026-08-15 19:53:00,VIA-00384,ORD-2026-00605,CAM-06,PROD-014,-999.0,C,52.6,0,0,VIA-00384,False,ORD-2026-00605,False,CAM-06,False,PROD-014,False,C,False,False,True,,False,False,52.6,False,False,0,False,False,0,False,False,False,False,False,False,True,2026-08-15 23:53:00+00:00,False,True,False,30.0,False,False,False,True,True,True,False,,True,False,,,True,1,0,1,2,centinela:temperatura_cabina_c,cuarentena
2026-08-28 18:17:00+00:00,VIA-00389,ORD-2026-02236,CAM-26,PROD-058,,C,69.6,0,0,9334,temperatura_ausente,,fecha_local_bolivia_convertida_utc,,2026-08-28 14:17:00,VIA-00389,ORD-2026-02236,CAM-26,PROD-058,,C,69.6,0,0,VIA-00389,False,ORD-2026-02236,False,CAM-26,False,PROD-058,False,C,False,False,False,,False,False,69.6,False,False,0,False,False,0,False,False,False,True,False,False,True,2026-08-28 18:17:00+00:00,False,True,False,30.0,False,True,True,True,True,True,False,,True,False,,,True,1,0,1,0,temperatura_ausente,cuarentena
2026-08-11 08:47:00+00:00,VIA-00391,ORD-2026-06429,CAM-19,PROD-028,,C,41.1,0,0,9383,centinela:temperatura_cabina_c,order_id_sin_correspondencia_wms_silver | producto_id_sin_correspondencia_silver,fecha_local_bolivia_convertida_utc,,2026-08-11 04:47:00,VIA-00391,ORD-2026-06429,CAM-19,PROD-028,-999.0,C,41.1,0,0,VIA-00391,False,ORD-2026-06429,False,CAM-19,False,PROD-028,False,C,False,False,True,,False,False,41.1,False,False,0,False,False,0,False,False,False,False,False,False,True,2026-08-11 08:47:00+00:00,False,True,False,30.0,False,False,False,True,True,True,False,,True,False,,,True,1,0,1,2,centinela:temperatura_cabina_c,cuarentena
,VIA-00394,ORD-2026-07231,CAM-25,PROD-046,19.91,C,41.7,0,0,9457,timestamp_invalido,,,,2026-02-31 09:15:00,VIA-00394,ORD-2026-07231,CAM-25,PROD-046,19.91,C,41.7,0,0,VIA-00394,False,ORD-2026-07231,False,CAM-25,False,PROD-046,False,C,False,False,False,19.91,False,False,41.7,False,False,0,False,False,0,False,False,False,False,False,False,True,,True,False,False,,False,True,True,True,True,True,True,False,True,False,,,False,0,0,1,0,timestamp_invalido,cuarentena
2026-08-27 06:12:00+00:00,VIA-00397,ORD-2026-06382,CAM-02,PROD-002,,C,49.9,0,0,9526,centinela:temperatura_cabina_c,order_id_sin_correspondencia_wms_silver,fecha_local_bolivia_convertida_utc,,2026-08-27 02:12:00,VIA-00397,ORD-2026-06382,CAM-02,PROD-002,-999.0,C,49.9,0,0,VIA-00397,False,ORD-2026-06382,False,CAM-02,False,PROD-002,False,C,False,False,True,,False,False,49.9,False,False,0,False,False,0,False,False,False,False,False,False,True,2026-08-27 06:12:00+00:00,False,True,False,30.0,False,False,True,True,True,True,False,,True,False,,,True,1,0,1,1,centinela:temperatura_cabina_c,cuarentena
2026-08-08 09:57:00+00:00,VIA-00406,ORD-2026-06686,CAM-20,PROD-046,,C,56.3,0,0,9736,centinela:temperatura_cabina_c,,fecha_local_bolivia_convertida_utc,,2026-08-08 05:57:00,VIA-00406,ORD-2026-06686,CAM-20,PROD-046,-999.0,C,56.3,0,0,VIA-00406,False,ORD-2026-06686,False,CAM-20,False,PROD-046,False,C,False,False,True,,False,False,56.3,False,False,0,False,False,0,False,False,False,False,False,False,True,2026-08-08 09:57:00+00:00,False,True,False,30.0,False,True,True,True,True,True,False,,True,False,,,True,1,0,1,0,centinela:temperatura_cabina_c,cuarentena
2026-08-14 22:19:00+00:00,VIA-00409,ORD-2026-00947,CAM-28,PROD-003,21.05,C,45.7,0,0,9814,lectura_duplicada:viaje_id_timestamp,,fecha_local_bolivia_convertida_utc,,2026-08-14 18:19:00,VIA-00409,ORD-2026-00947,CAM-28,PROD-003,21.05,C,45.7,0,0,VIA-00409,False,ORD-2026-00947,False,CAM-28,False,PROD-003,False,C,False,False,False,21.05,False,False,45.7,False,False,0,False,False,0,False,False,False,False,False,False,True,2026-08-14 22:19:00+00:00,False,True,True,30.0,False,True,True,True,True,True,True,False,True,False,,,True,1,0,1,0,lectura_duplicada:viaje_id_timestamp,cuarentena
2026-08-05 12:02:00+00:00,VIA-00418,ORD-2026-05862,CAM-09,PROD-005,,C,46.9,0,0,10022,temperatura_ausente,,fecha_local_bolivia_convertida_utc,,2026-08-05 08:02:00,VIA-00418,ORD-2026-05862,CAM-09,PROD-005,,C,46.9,0,0,VIA-00418,False,ORD-2026-05862,False,CAM-09,False,PROD-005,False,C,False,False,False,,False,False,46.9,False,False,0,False,False,0,False,False,False,True,False,False,True,2026-08-05 12:02:00+00:00,False,True,False,30.0,False,True,True,True,True,True,False,,True,False,,,True,1,0,1,0,temperatura_ausente,cuarentena
2026-08-04 01:51:00+00:00,VIA-00420,ORD-2026-02885,CAM-15,PROD-035,,C,61.5,0,0,10081,temperatura_ausente,,fecha_local_bolivia_convertida_utc,,2026-08-03 21:51:00,VIA-00420,ORD-2026-02885,CAM-15,PROD-035,,C,61.5,0,0,VIA-00420,False,ORD-2026-02885,False,CAM-15,False,PROD-035,False,C,False,False,False,,False,False,61.5,False,False,0,False,False,0,False,False,False,True,False,False,True,2026-08-04 01:51:00+00:00,False,True,False,30.0,False,True,True,True,True,True,False,,True,False,,,True,1,0,1,0,temperatura_ausente,cuarentena
2026-08-30 08:23:00+00:00,VIA-00421,ORD-2026-05712,CAM-15,PROD-025,,C,60.0,0,0,10094,centinela:temperatura_cabina_c,,fecha_local_bolivia_convertida_utc,,2026-08-30 04:23:00,VIA-00421,ORD-2026-05712,CAM-15,PROD-025,-999.0,C,60.0,0,0,VIA-00421,False,ORD-2026-05712,False,CAM-15,False,PROD-025,False,C,False,False,True,,False,False,60.0,False,False,0,False,False,0,False,False,False,False,False,False,True,2026-08-30 08:23:00+00:00,False,True,False,30.0,False,True,True,True,True,True,False,,True,False,,,True,1,0,1,0,centinela:temperatura_cabina_c,cuarentena
,VIA-00422,ORD-2026-00525,CAM-20,PROD-001,2.511111111111113,C,64.4,0,0,10124,timestamp_invalido,,temperatura_fahrenheit_convertida_celsius,,2026-02-31 09:15:00,VIA-00422,ORD-2026-00525,CAM-20,PROD-001,36.52,F,64.4,0,0,VIA-00422,False,ORD-2026-00525,False,CAM-20,False,PROD-001,False,F,False,False,False,2.511111111111113,False,False,64.4,False,False,0,False,False,0,True,False,False,False,False,False,True,,True,False,False,,False,True,True,True,True,True,True,False,True,False,,,True,1,0,1,0,timestamp_invalido,cuarentena
2026-08-16 05:33:00+00:00,VIA-00429,ORD-2026-04991,CAM-24,PROD-013,,C,74.6,0,0,10285,centinela:temperatura_cabina_c,,fecha_local_bolivia_convertida_utc,,2026-08-16 01:33:00,VIA-00429,ORD-2026-04991,CAM-24,PROD-013,-999.0,C,74.6,0,0,VIA-00429,False,ORD-2026-04991,False,CAM-24,False,PROD-013,False,C,False,False,True,,False,False,74.6,False,False,0,False,False,0,False,False,False,False,False,False,True,2026-08-16 05:33:00+00:00,False,True,False,30.0,False,True,True,True,True,True,False,,True,False,,,True,1,0,1,0,centinela:temperatura_cabina_c,cuarentena
2026-08-16 06:33:00+00:00,VIA-00429,ORD-2026-04991,CAM-24,PROD-013,,C,79.5,0,0,10287,centinela:temperatura_cabina_c,,fecha_local_bolivia_convertida_utc,,2026-08-16 02:33:00,VIA-00429,ORD-2026-04991,CAM-24,PROD-013,-999.0,C,79.5,0,0,VIA-00429,False,ORD-2026-04991,False,CAM-24,False,PROD-013,False,C,False,False,True,,False,False,79.5,False,False,0,False,False,0,False,False,False,False,False,False,True,2026-08-16 06:33:00+00:00,False,True,False,30.0,False,True,True,True,True,True,False,,True,False,,,True,1,0,1,0,centinela:temperatura_cabina_c,cuarentena
2026-08-30 02:23:00+00:00,VIA-00433,ORD-2026-00959,CAM-10,PROD-023,,C,80.7,0,0,10373,temperatura_ausente,order_id_sin_correspondencia_wms_silver,fecha_local_bolivia_convertida_utc,,2026-08-29 22:23:00,VIA-00433,ORD-2026-00959,CAM-10,PROD-023,,C,80.7,0,0,VIA-00433,False,ORD-2026-00959,False,CAM-10,False,PROD-023,False,C,False,False,False,,False,False,80.7,False,False,0,False,False,0,False,False,False,True,False,False,True,2026-08-30 02:23:00+00:00,False,True,False,30.0,False,False,True,True,True,True,False,,True,False,,,True,1,0,1,1,temperatura_ausente,cuarentena
2026-08-30 09:53:00+00:00,VIA-00433,ORD-2026-00959,CAM-10,PROD-023,2.99,C,64.7,0,0,10388,lectura_duplicada:viaje_id_timestamp,order_id_sin_correspondencia_wms_silver,fecha_local_bolivia_convertida_utc,,2026-08-30 05:53:00,VIA-00433,ORD-2026-00959,CAM-10,PROD-023,2.99,C,64.7,0,0,VIA-00433,False,ORD-2026-00959,False,CAM-10,False,PROD-023,False,C,False,False,False,2.99,False,False,64.7,False,False,0,False,False,0,False,False,False,False,False,False,True,2026-08-30 09:53:00+00:00,False,True,True,30.0,False,False,True,True,True,True,True,False,True,False,,,True,1,0,1,1,lectura_duplicada:viaje_id_timestamp,cuarentena
2026-08-21 17:05:00+00:00,VIA-00434,ORD-2026-01323,CAM-08,PROD-008,,C,63.8,0,0,10405,centinela:temperatura_cabina_c,,fecha_local_bolivia_convertida_utc,,2026-08-21 13:05:00,VIA-00434,ORD-2026-01323,CAM-08,PROD-008,-999.0,C,63.8,0,0,VIA-00434,False,ORD-2026-01323,False,CAM-08,False,PROD-008,False,C,False,False,True,,False,False,63.8,False,False,0,False,False,0,False,False,False,False,False,False,True,2026-08-21 17:05:00+00:00,False,True,False,30.0,False,True,True,True,True,True,False,,True,False,,,True,1,0,1,0,centinela:temperatura_cabina_c,cuarentena
2026-08-17 14:34:00+00:00,VIA-00438,ORD-2026-04327,CAM-12,PROD-016,,C,46.0,0,0,10512,centinela:temperatura_cabina_c,,fecha_local_bolivia_convertida_utc,,2026-08-17 10:34:00,VIA-00438,ORD-2026-04327,CAM-12,PROD-016,-999.0,C,46.0,0,0,VIA-00438,False,ORD-2026-04327,False,CAM-12,False,PROD-016,False,C,False,False,True,,False,False,46.0,False,False,0,False,False,0,False,False,False,False,False,False,True,2026-08-17 14:34:00+00:00,False,True,False,30.0,False,True,True,True,True,True,False,,True,False,,,True,1,0,1,0,centinela:temperatura_cabina_c,cuarentena
2026-08-15 21:31:00+00:00,VIA-00442,ORD-2026-02381,CAM-24,PROD-059,20.77,C,47.2,0,0,10601,lectura_duplicada:viaje_id_timestamp,,fecha_local_bolivia_convertida_utc,,2026-08-15 17:31:00,VIA-00442,ORD-2026-02381,CAM-24,PROD-059,20.77,C,47.2,0,0,VIA-00442,False,ORD-2026-02381,False,CAM-24,False,PROD-059,False,C,False,False,False,20.77,False,False,47.2,False,False,0,False,False,0,False,False,False,False,False,False,True,2026-08-15 21:31:00+00:00,False,True,True,30.0,False,True,True,True,True,True,True,False,True,False,,,True,1,0,1,0,lectura_duplicada:viaje_id_timestamp,cuarentena
2026-08-06 08:15:00+00:00,VIA-00445,ORD-2026-03433,CAM-08,PROD-022,4.03,C,90.0,0,0,10664,lectura_duplicada:viaje_id_timestamp,,fecha_local_bolivia_convertida_utc,,2026-08-06 04:15:00,VIA-00445,ORD-2026-03433,CAM-08,PROD-022,4.03,C,90.0,0,0,VIA-00445,False,ORD-2026-03433,False,CAM-08,False,PROD-022,False,C,False,False,False,4.03,False,False,90.0,False,False,0,False,False,0,False,False,False,False,False,False,True,2026-08-06 08:15:00+00:00,False,True,True,30.0,False,True,True,True,True,True,True,False,True,False,,,True,1,0,1,0,lectura_duplicada:viaje_id_timestamp,cuarentena
2026-08-08 23:43:00+00:00,VIA-00446,ORD-2026-04726,CAM-08,PROD-008,,C,75.9,0,0,10688,centinela:temperatura_cabina_c,,fecha_local_bolivia_convertida_utc,,2026-08-08 19:43:00,VIA-00446,ORD-2026-04726,CAM-08,PROD-008,-999.0,C,75.9,0,0,VIA-00446,False,ORD-2026-04726,False,CAM-08,False,PROD-008,False,C,False,False,True,,False,False,75.9,False,False,0,False,False,0,False,False,False,False,False,False,True,2026-08-08 23:43:00+00:00,False,True,False,30.0,False,True,True,True,True,True,False,,True,False,,,True,1,0,1,0,centinela:temperatura_cabina_c,cuarentena
2026-08-13 12:52:00+00:00,VIA-00453,ORD-2026-06672,CAM-29,PROD-059,16.26,C,39.8,0,0,10851,lectura_duplicada:viaje_id_timestamp,,fecha_local_bolivia_convertida_utc,,2026-08-13 08:52:00,VIA-00453,ORD-2026-06672,CAM-29,PROD-059,16.26,C,39.8,0,0,VIA-00453,False,ORD-2026-06672,False,CAM-29,False,PROD-059,False,C,False,False,False,16.26,False,False,39.8,False,False,0,False,False,0,False,False,False,False,False,False,True,2026-08-13 12:52:00+00:00,False,True,True,30.0,False,True,True,True,True,True,True,False,True,False,,,True,1,0,1,0,lectura_duplicada:viaje_id_timestamp,cuarentena
2026-08-19 14:13:00+00:00,VIA-00457,ORD-2026-01549,CAM-23,PROD-020,,C,36.9,0,0,10946,centinela:temperatura_cabina_c,,fecha_local_bolivia_convertida_utc,,2026-08-19 10:13:00,VIA-00457,ORD-2026-01549,CAM-23,PROD-020,-999.0,C,36.9,0,0,VIA-00457,False,ORD-2026-01549,False,CAM-23,False,PROD-020,False,C,False,False,True,,False,False,36.9,False,False,0,False,False,0,False,False,False,False,False,False,True,2026-08-19 14:13:00+00:00,False,True,False,,False,True,True,True,True,True,False,,True,False,,,True,1,0,1,0,centinela:temperatura_cabina_c,cuarentena
2026-08-25 07:25:00+00:00,VIA-00465,ORD-2026-03454,CAM-04,PROD-002,,C,49.5,0,0,11159,centinela:temperatura_cabina_c,,fecha_local_bolivia_convertida_utc,,2026-08-25 03:25:00,VIA-00465,ORD-2026-03454,CAM-04,PROD-002,-999.0,C,49.5,0,0,VIA-00465,False,ORD-2026-03454,False,CAM-04,False,PROD-002,False,C,False,False,True,,False,False,49.5,False,False,0,False,False,0,False,False,False,False,False,False,True,2026-08-25 07:25:00+00:00,False,True,False,30.0,False,True,True,True,True,True,False,,True,False,,,True,1,0,1,0,centinela:temperatura_cabina_c,cuarentena
2026-08-15 16:38:00+00:00,VIA-00467,ORD-2026-07428,CAM-26,PROD-053,3.5,C,82.0,0,0,11192,lectura_duplicada:viaje_id_timestamp,,fecha_local_bolivia_convertida_utc,,2026-08-15 12:38:00,VIA-00467,ORD-2026-07428,CAM-26,PROD-053,3.5,C,82.0,0,0,VIA-00467,False,ORD-2026-07428,False,CAM-26,False,PROD-053,False,C,False,False,False,3.5,False,False,82.0,False,False,0,False,False,0,False,False,False,False,False,False,True,2026-08-15 16:38:00+00:00,False,True,True,30.0,False,True,True,True,True,True,True,False,True,False,,,True,1,0,1,0,lectura_duplicada:viaje_id_timestamp,cuarentena
2026-08-30 07:12:00+00:00,VIA-00470,ORD-2026-00187,CAM-11,PROD-035,,C,75.7,0,0,11258,centinela:temperatura_cabina_c,,fecha_local_bolivia_convertida_utc,,2026-08-30 03:12:00,VIA-00470,ORD-2026-00187,CAM-11,PROD-035,-999.0,C,75.7,0,0,VIA-00470,False,ORD-2026-00187,False,CAM-11,False,PROD-035,False,C,False,False,True,,False,False,75.7,False,False,0,False,False,0,False,False,False,False,False,False,True,2026-08-30 07:12:00+00:00,False,True,False,,False,True,True,True,True,True,False,,True,False,,,True,1,0,1,0,centinela:temperatura_cabina_c,cuarentena
2026-08-10 08:36:00+00:00,VIA-00474,ORD-2026-05908,CAM-22,PROD-060,,C,54.3,0,0,11360,centinela:temperatura_cabina_c,,fecha_local_bolivia_convertida_utc,,2026-08-10 04:36:00,VIA-00474,ORD-2026-05908,CAM-22,PROD-060,-999.0,C,54.3,0,0,VIA-00474,False,ORD-2026-05908,False,CAM-22,False,PROD-060,False,C,False,False,True,,False,False,54.3,False,False,0,False,False,0,False,False,False,False,False,False,True,2026-08-10 08:36:00+00:00,False,True,False,30.0,False,True,True,True,True,True,False,,True,False,,,True,1,0,1,0,centinela:temperatura_cabina_c,cuarentena
2026-08-27 23:42:00+00:00,VIA-00475,ORD-2026-01792,CAM-03,PROD-016,18.45,C,52.8,0,0,11386,lectura_duplicada:viaje_id_timestamp,,fecha_local_bolivia_convertida_utc,,2026-08-27 19:42:00,VIA-00475,ORD-2026-01792,CAM-03,PROD-016,18.45,C,52.8,0,0,VIA-00475,False,ORD-2026-01792,False,CAM-03,False,PROD-016,False,C,False,False,False,18.45,False,False,52.8,False,False,0,False,False,0,False,False,False,False,False,False,True,2026-08-27 23:42:00+00:00,False,True,True,30.0,False,True,True,True,True,True,True,False,True,False,,,True,1,0,1,0,lectura_duplicada:viaje_id_timestamp,cuarentena
2026-08-28 00:42:00+00:00,VIA-00475,ORD-2026-01792,CAM-03,PROD-016,,C,43.1,0,0,11388,temperatura_ausente,,fecha_local_bolivia_convertida_utc,,2026-08-27 20:42:00,VIA-00475,ORD-2026-01792,CAM-03,PROD-016,,C,43.1,0,0,VIA-00475,False,ORD-2026-01792,False,CAM-03,False,PROD-016,False,C,False,False,False,,False,False,43.1,False,False,0,False,False,0,False,False,False,True,False,False,True,2026-08-28 00:42:00+00:00,False,True,False,30.0,False,True,True,True,True,True,False,,True,False,,,True,1,0,1,0,temperatura_ausente,cuarentena
2026-08-11 04:02:00+00:00,VIA-00484,ORD-2026-04669,CAM-24,PROD-041,,C,80.7,0,0,11595,centinela:temperatura_cabina_c,,fecha_local_bolivia_convertida_utc,,2026-08-11 00:02:00,VIA-00484,ORD-2026-04669,CAM-24,PROD-041,-999.0,C,80.7,0,0,VIA-00484,False,ORD-2026-04669,False,CAM-24,False,PROD-041,False,C,False,False,True,,False,False,80.7,False,False,0,False,False,0,False,False,False,False,False,False,True,2026-08-11 04:02:00+00:00,False,True,False,30.0,False,True,True,True,True,True,False,,True,False,,,True,1,0,1,0,centinela:temperatura_cabina_c,cuarentena
2026-08-09 15:02:00+00:00,VIA-00486,ORD-2026-04675,CAM-08,PROD-053,4.5,C,76.4,0,0,11649,lectura_duplicada:viaje_id_timestamp,,fecha_local_bolivia_convertida_utc,,2026-08-09 11:02:00,VIA-00486,ORD-2026-04675,CAM-08,PROD-053,4.5,C,76.4,0,0,VIA-00486,False,ORD-2026-04675,False,CAM-08,False,PROD-053,False,C,False,False,False,4.5,False,False,76.4,False,False,0,False,False,0,False,False,False,False,False,False,True,2026-08-09 15:02:00+00:00,False,True,True,30.0,False,True,True,True,True,True,True,False,True,False,,,True,1,0,1,0,lectura_duplicada:viaje_id_timestamp,cuarentena
2026-08-01 19:05:00+00:00,VIA-00493,ORD-2026-00167,CAM-25,PROD-008,,C,71.6,0,0,11823,temperatura_ausente,,fecha_local_bolivia_convertida_utc,,2026-08-01 15:05:00,VIA-00493,ORD-2026-00167,CAM-25,PROD-008,,C,71.6,0,0,VIA-00493,False,ORD-2026-00167,False,CAM-25,False,PROD-008,False,C,False,False,False,,False,False,71.6,False,False,0,False,False,0,False,False,False,True,False,False,True,2026-08-01 19:05:00+00:00,False,True,False,30.0,False,True,True,True,True,True,False,,True,False,,,True,1,0,1,0,temperatura_ausente,cuarentena
2026-08-16 19:25:00+00:00,VIA-00497,ORD-2026-02619,CAM-03,PROD-033,,C,57.7,0,0,11927,temperatura_ausente,,fecha_local_bolivia_convertida_utc,,2026-08-16 15:25:00,VIA-00497,ORD-2026-02619,CAM-03,PROD-033,,C,57.7,0,0,VIA-00497,False,ORD-2026-02619,False,CAM-03,False,PROD-033,False,C,False,False,False,,False,False,57.7,False,False,0,False,False,0,False,False,False,True,False,False,True,2026-08-16 19:25:00+00:00,False,True,False,30.0,False,True,True,True,True,True,False,,True,False,,,True,1,0,1,0,temperatura_ausente,cuarentena
2026-08-29 02:41:00+00:00,VIA-00503,ORD-2026-01320,CAM-20,PROD-043,,C,59.1,0,0,12054,centinela:temperatura_cabina_c,,fecha_local_bolivia_convertida_utc,,2026-08-28 22:41:00,VIA-00503,ORD-2026-01320,CAM-20,PROD-043,-999.0,C,59.1,0,0,VIA-00503,False,ORD-2026-01320,False,CAM-20,False,PROD-043,False,C,False,False,True,,False,False,59.1,False,False,0,False,False,0,False,False,False,False,False,False,True,2026-08-29 02:41:00+00:00,False,True,False,30.0,False,True,True,True,True,True,False,,True,False,,,True,1,0,1,0,centinela:temperatura_cabina_c,cuarentena
2026-08-11 11:38:00+00:00,VIA-00505,ORD-2026-02549,CAM-23,PROD-029,,C,45.0,0,0,12098,centinela:temperatura_cabina_c,,fecha_local_bolivia_convertida_utc,,2026-08-11 07:38:00,VIA-00505,ORD-2026-02549,CAM-23,PROD-029,-999.0,C,45.0,0,0,VIA-00505,False,ORD-2026-02549,False,CAM-23,False,PROD-029,False,C,False,False,True,,False,False,45.0,False,False,0,False,False,0,False,False,False,False,False,False,True,2026-08-11 11:38:00+00:00,False,True,False,,False,True,True,True,True,True,False,,True,False,,,True,1,0,1,0,centinela:temperatura_cabina_c,cuarentena
2026-08-11 15:33:00+00:00,VIA-00509,ORD-2026-05559,CAM-27,PROD-030,,C,47.4,0,0,12199,centinela:temperatura_cabina_c,order_id_sin_correspondencia_wms_silver | camion_id_sin_correspondencia_silver,fecha_local_bolivia_convertida_utc,,2026-08-11 11:33:00,VIA-00509,ORD-2026-05559,CAM-27,PROD-030,-999.0,C,47.4,0,0,VIA-00509,False,ORD-2026-05559,False,CAM-27,False,PROD-030,False,C,False,False,True,,False,False,47.4,False,False,0,False,False,0,False,False,False,False,False,False,True,2026-08-11 15:33:00+00:00,False,True,False,30.0,False,False,True,False,True,True,False,,True,False,,,True,1,0,1,2,centinela:temperatura_cabina_c,cuarentena
2026-08-29 12:01:00+00:00,VIA-00518,ORD-2026-06065,CAM-24,PROD-001,3.19,C,90.4,0,0,12411,lectura_duplicada:viaje_id_timestamp,,fecha_local_bolivia_convertida_utc,,2026-08-29 08:01:00,VIA-00518,ORD-2026-06065,CAM-24,PROD-001,3.19,C,90.4,0,0,VIA-00518,False,ORD-2026-06065,False,CAM-24,False,PROD-001,False,C,False,False,False,3.19,False,False,90.4,False,False,0,False,False,0,False,False,False,False,False,False,True,2026-08-29 12:01:00+00:00,False,True,True,30.0,False,True,True,True,True,True,True,False,True,False,,,True,1,0,1,0,lectura_duplicada:viaje_id_timestamp,cuarentena
2026-08-05 17:15:00+00:00,VIA-00529,ORD-2026-05310,CAM-09,PROD-028,,C,47.0,0,0,12679,temperatura_ausente,order_id_sin_correspondencia_wms_silver | producto_id_sin_correspondencia_silver,fecha_local_bolivia_convertida_utc,,2026-08-05 13:15:00,VIA-00529,ORD-2026-05310,CAM-09,PROD-028,,C,47.0,0,0,VIA-00529,False,ORD-2026-05310,False,CAM-09,False,PROD-028,False,C,False,False,False,,False,False,47.0,False,False,0,False,False,0,False,False,False,True,False,False,True,2026-08-05 17:15:00+00:00,False,True,False,30.0,False,False,False,True,True,True,False,,True,False,,,True,1,0,1,2,temperatura_ausente,cuarentena
2026-08-06 01:45:00+00:00,VIA-00529,ORD-2026-05310,CAM-09,PROD-028,,C,56.9,0,0,12696,centinela:temperatura_cabina_c,order_id_sin_correspondencia_wms_silver | producto_id_sin_correspondencia_silver,fecha_local_bolivia_convertida_utc,,2026-08-05 21:45:00,VIA-00529,ORD-2026-05310,CAM-09,PROD-028,-999.0,C,56.9,0,0,VIA-00529,False,ORD-2026-05310,False,CAM-09,False,PROD-028,False,C,False,False,True,,False,False,56.9,False,False,0,False,False,0,False,False,False,False,False,False,True,2026-08-06 01:45:00+00:00,False,True,False,30.0,False,False,False,True,True,True,False,,True,False,,,True,1,0,1,2,centinela:temperatura_cabina_c,cuarentena
2026-08-07 03:25:00+00:00,VIA-00531,ORD-2026-07401,CAM-08,PROD-058,-17.73,C,68.4,0,0,12722,lectura_duplicada:viaje_id_timestamp,,fecha_local_bolivia_convertida_utc,,2026-08-06 23:25:00,VIA-00531,ORD-2026-07401,CAM-08,PROD-058,-17.73,C,68.4,0,0,VIA-00531,False,ORD-2026-07401,False,CAM-08,False,PROD-058,False,C,False,False,False,-17.73,False,False,68.4,False,False,0,False,False,0,False,False,False,False,False,False,True,2026-08-07 03:25:00+00:00,False,True,True,,False,True,True,True,True,True,True,False,True,False,,,True,1,0,1,0,lectura_duplicada:viaje_id_timestamp,cuarentena
2026-08-31 02:23:00+00:00,VIA-00532,ORD-2026-04733,CAM-23,PROD-019,,C,56.2,0,0,12758,temperatura_ausente,,fecha_local_bolivia_convertida_utc,,2026-08-30 22:23:00,VIA-00532,ORD-2026-04733,CAM-23,PROD-019,,C,56.2,0,0,VIA-00532,False,ORD-2026-04733,False,CAM-23,False,PROD-019,False,C,False,False,False,,False,False,56.2,False,False,0,False,False,0,False,False,False,True,False,False,True,2026-08-31 02:23:00+00:00,False,True,False,30.0,False,True,True,True,True,True,False,,True,False,,,True,1,0,1,0,temperatura_ausente,cuarentena
2026-08-10 01:15:00+00:00,VIA-00533,ORD-2026-06751,CAM-11,PROD-017,,C,49.3,0,0,12772,temperatura_ausente,,fecha_local_bolivia_convertida_utc,,2026-08-09 21:15:00,VIA-00533,ORD-2026-06751,CAM-11,PROD-017,,C,49.3,0,0,VIA-00533,False,ORD-2026-06751,False,CAM-11,False,PROD-017,False,C,False,False,False,,False,False,49.3,False,False,0,False,False,0,False,False,False,True,False,False,True,2026-08-10 01:15:00+00:00,False,True,False,30.0,False,True,True,True,True,True,False,,True,False,,,True,1,0,1,0,temperatura_ausente,cuarentena
2026-08-10 02:45:00+00:00,VIA-00533,ORD-2026-06751,CAM-11,PROD-017,,C,50.6,0,0,12775,centinela:temperatura_cabina_c,,fecha_local_bolivia_convertida_utc,,2026-08-09 22:45:00,VIA-00533,ORD-2026-06751,CAM-11,PROD-017,-999.0,C,50.6,0,0,VIA-00533,False,ORD-2026-06751,False,CAM-11,False,PROD-017,False,C,False,False,True,,False,False,50.6,False,False,0,False,False,0,False,False,False,False,False,False,True,2026-08-10 02:45:00+00:00,False,True,False,30.0,False,True,True,True,True,True,False,,True,False,,,True,1,0,1,0,centinela:temperatura_cabina_c,cuarentena
2026-08-07 23:52:00+00:00,VIA-00539,ORD-2026-01406,CAM-12,PROD-041,,C,75.7,0,0,12918,centinela:temperatura_cabina_c,,fecha_local_bolivia_convertida_utc,,2026-08-07 19:52:00,VIA-00539,ORD-2026-01406,CAM-12,PROD-041,-999.0,C,75.7,0,0,VIA-00539,False,ORD-2026-01406,False,CAM-12,False,PROD-041,False,C,False,False,True,,False,False,75.7,False,False,0,False,False,0,False,False,False,False,False,False,True,2026-08-07 23:52:00+00:00,False,True,False,30.0,False,True,True,True,True,True,False,,True,False,,,True,1,0,1,0,centinela:temperatura_cabina_c,cuarentena
2026-08-29 03:01:00+00:00,VIA-00543,ORD-2026-03706,CAM-24,PROD-031,20.24,C,46.3,0,0,13017,lectura_duplicada:viaje_id_timestamp,,fecha_local_bolivia_convertida_utc,,2026-08-28 23:01:00,VIA-00543,ORD-2026-03706,CAM-24,PROD-031,20.24,C,46.3,0,0,VIA-00543,False,ORD-2026-03706,False,CAM-24,False,PROD-031,False,C,False,False,False,20.24,False,False,46.3,False,False,0,False,False,0,False,False,False,False,False,False,True,2026-08-29 03:01:00+00:00,False,True,True,30.0,False,True,True,True,True,True,True,False,True,False,,,True,1,0,1,0,lectura_duplicada:viaje_id_timestamp,cuarentena
,VIA-00543,ORD-2026-03706,CAM-24,PROD-031,16.59,C,46.4,0,0,13030,timestamp_invalido,,,,2026-02-31 09:15:00,VIA-00543,ORD-2026-03706,CAM-24,PROD-031,16.59,C,46.4,0,0,VIA-00543,False,ORD-2026-03706,False,CAM-24,False,PROD-031,False,C,False,False,False,16.59,False,False,46.4,False,False,0,False,False,0,False,False,False,False,False,False,True,,True,False,False,,False,True,True,True,True,True,True,False,True,False,,,False,0,0,1,0,timestamp_invalido,cuarentena
2026-08-13 08:23:00+00:00,VIA-00544,ORD-2026-02077,CAM-08,PROD-019,19.81,C,-52.1,0,0,13056,humedad_fuera_rango_0_100,,fecha_local_bolivia_convertida_utc,,2026-08-13 04:23:00,VIA-00544,ORD-2026-02077,CAM-08,PROD-019,19.81,C,-52.1,0,0,VIA-00544,False,ORD-2026-02077,False,CAM-08,False,PROD-019,False,C,False,False,False,19.81,False,False,-52.1,False,False,0,False,False,0,False,False,False,False,False,True,True,2026-08-13 08:23:00+00:00,False,True,False,30.0,False,True,True,True,True,True,True,False,True,False,,,True,1,0,1,0,humedad_fuera_rango_0_100,cuarentena
2026-08-02 00:37:00+00:00,VIA-00547,ORD-2026-04094,CAM-30,PROD-028,,C,51.1,0,0,13113,centinela:temperatura_cabina_c,order_id_sin_correspondencia_wms_silver | producto_id_sin_correspondencia_silver,fecha_local_bolivia_convertida_utc,,2026-08-01 20:37:00,VIA-00547,ORD-2026-04094,CAM-30,PROD-028,-999.0,C,51.1,0,0,VIA-00547,False,ORD-2026-04094,False,CAM-30,False,PROD-028,False,C,False,False,True,,False,False,51.1,False,False,0,False,False,0,False,False,False,False,False,False,True,2026-08-02 00:37:00+00:00,False,True,False,30.0,False,False,False,True,True,True,False,,True,False,,,True,1,0,1,2,centinela:temperatura_cabina_c,cuarentena
2026-08-05 02:41:00+00:00,VIA-00550,ORD-2026-07205,CAM-01,PROD-043,,C,65.8,0,0,13193,centinela:temperatura_cabina_c,order_id_sin_correspondencia_wms_silver | camion_id_sin_correspondencia_silver,fecha_local_bolivia_convertida_utc,,2026-08-04 22:41:00,VIA-00550,ORD-2026-07205,CAM-01,PROD-043,-999.0,C,65.8,0,0,VIA-00550,False,ORD-2026-07205,False,CAM-01,False,PROD-043,False,C,False,False,True,,False,False,65.8,False,False,0,False,False,0,False,False,False,False,False,False,True,2026-08-05 02:41:00+00:00,False,True,False,30.0,False,False,True,False,True,True,False,,True,False,,,True,1,0,1,2,centinela:temperatura_cabina_c,cuarentena
2026-08-02 06:54:00+00:00,VIA-00555,ORD-2026-05267,CAM-20,PROD-021,,C,82.8,0,0,13299,temperatura_ausente,,fecha_local_bolivia_convertida_utc,,2026-08-02 02:54:00,VIA-00555,ORD-2026-05267,CAM-20,PROD-021,,C,82.8,0,0,VIA-00555,False,ORD-2026-05267,False,CAM-20,False,PROD-021,False,C,False,False,False,,False,False,82.8,False,False,0,False,False,0,False,False,False,True,False,False,True,2026-08-02 06:54:00+00:00,False,True,False,30.0,False,True,True,True,True,True,False,,True,False,,,True,1,0,1,0,temperatura_ausente,cuarentena
2026-08-16 15:48:00+00:00,VIA-00560,ORD-2026-04169,CAM-12,PROD-046,,C,40.8,0,0,13441,centinela:temperatura_cabina_c,,fecha_local_bolivia_convertida_utc,,2026-08-16 11:48:00,VIA-00560,ORD-2026-04169,CAM-12,PROD-046,-999.0,C,40.8,0,0,VIA-00560,False,ORD-2026-04169,False,CAM-12,False,PROD-046,False,C,False,False,True,,False,False,40.8,False,False,0,False,False,0,False,False,False,False,False,False,True,2026-08-16 15:48:00+00:00,False,True,False,30.0,False,True,True,True,True,True,False,,True,False,,,True,1,0,1,0,centinela:temperatura_cabina_c,cuarentena
2026-08-21 21:53:00+00:00,VIA-00567,ORD-2026-04493,CAM-08,PROD-052,,C,77.7,0,0,13587,temperatura_ausente,,fecha_local_bolivia_convertida_utc,,2026-08-21 17:53:00,VIA-00567,ORD-2026-04493,CAM-08,PROD-052,,C,77.7,0,0,VIA-00567,False,ORD-2026-04493,False,CAM-08,False,PROD-052,False,C,False,False,False,,False,False,77.7,False,False,0,False,False,0,False,False,False,True,False,False,True,2026-08-21 21:53:00+00:00,False,True,False,30.0,False,True,True,True,True,True,False,,True,False,,,True,1,0,1,0,temperatura_ausente,cuarentena
2026-08-17 04:14:00+00:00,VIA-00571,ORD-2026-01188,CAM-19,PROD-049,,C,82.6,1,1,13693,centinela:temperatura_cabina_c,,fecha_local_bolivia_convertida_utc,,2026-08-17 00:14:00,VIA-00571,ORD-2026-01188,CAM-19,PROD-049,-999.0,C,82.6,1,1,VIA-00571,False,ORD-2026-01188,False,CAM-19,False,PROD-049,False,C,False,False,True,,False,False,82.6,False,False,1,False,False,1,False,False,False,False,False,False,True,2026-08-17 04:14:00+00:00,False,True,False,30.0,False,True,True,True,True,True,False,,True,False,,,True,1,0,1,0,centinela:temperatura_cabina_c,cuarentena
2026-08-24 12:23:00+00:00,VIA-00573,ORD-2026-03959,CAM-09,PROD-012,18.93,C,52.5,0,0,13750,lectura_duplicada:viaje_id_timestamp,,fecha_local_bolivia_convertida_utc,,2026-08-24 08:23:00,VIA-00573,ORD-2026-03959,CAM-09,PROD-012,18.93,C,52.5,0,0,VIA-00573,False,ORD-2026-03959,False,CAM-09,False,PROD-012,False,C,False,False,False,18.93,False,False,52.5,False,False,0,False,False,0,False,False,False,False,False,False,True,2026-08-24 12:23:00+00:00,False,True,True,30.0,False,True,True,True,True,True,True,False,True,False,,,True,1,0,1,0,lectura_duplicada:viaje_id_timestamp,cuarentena
2026-08-23 20:19:00+00:00,VIA-00576,ORD-2026-05478,CAM-16,PROD-020,,C,42.5,0,0,13825,centinela:temperatura_cabina_c,,fecha_local_bolivia_convertida_utc,,2026-08-23 16:19:00,VIA-00576,ORD-2026-05478,CAM-16,PROD-020,-999.0,C,42.5,0,0,VIA-00576,False,ORD-2026-05478,False,CAM-16,False,PROD-020,False,C,False,False,True,,False,False,42.5,False,False,0,False,False,0,False,False,False,False,False,False,True,2026-08-23 20:19:00+00:00,False,True,False,30.0,False,True,True,True,True,True,False,,True,False,,,True,1,0,1,0,centinela:temperatura_cabina_c,cuarentena
2026-08-12 18:02:00+00:00,VIA-00584,ORD-2026-04073,CAM-02,PROD-001,,C,79.1,0,0,14009,temperatura_ausente,,fecha_local_bolivia_convertida_utc,,2026-08-12 14:02:00,VIA-00584,ORD-2026-04073,CAM-02,PROD-001,,C,79.1,0,0,VIA-00584,False,ORD-2026-04073,False,CAM-02,False,PROD-001,False,C,False,False,False,,False,False,79.1,False,False,0,False,False,0,False,False,False,True,False,False,True,2026-08-12 18:02:00+00:00,False,True,False,30.0,False,True,True,True,True,True,False,,True,False,,,True,1,0,1,0,temperatura_ausente,cuarentena
2026-08-31 04:54:00+00:00,VIA-00588,ORD-2026-00674,CAM-26,PROD-027,,C,74.3,0,0,14106,centinela:temperatura_cabina_c,,fecha_local_bolivia_convertida_utc,,2026-08-31 00:54:00,VIA-00588,ORD-2026-00674,CAM-26,PROD-027,-999.0,C,74.3,0,0,VIA-00588,False,ORD-2026-00674,False,CAM-26,False,PROD-027,False,C,False,False,True,,False,False,74.3,False,False,0,False,False,0,False,False,False,False,False,False,True,2026-08-31 04:54:00+00:00,False,True,False,30.0,False,True,True,True,True,True,False,,True,False,,,True,1,0,1,0,centinela:temperatura_cabina_c,cuarentena
,VIA-00591,ORD-2026-05366,CAM-08,PROD-051,-17.62,C,56.1,0,0,14166,timestamp_invalido,,,,2026-02-31 09:15:00,VIA-00591,ORD-2026-05366,CAM-08,PROD-051,-17.62,C,56.1,0,0,VIA-00591,False,ORD-2026-05366,False,CAM-08,False,PROD-051,False,C,False,False,False,-17.62,False,False,56.1,False,False,0,False,False,0,False,False,False,False,False,False,True,,True,False,False,,False,True,True,True,True,True,True,False,True,False,,,False,0,0,1,0,timestamp_invalido,cuarentena
2026-08-02 12:45:00+00:00,VIA-00597,ORD-2026-03700,CAM-20,PROD-002,16.95,C,-52.3,0,0,14309,humedad_fuera_rango_0_100,,fecha_local_bolivia_convertida_utc,,2026-08-02 08:45:00,VIA-00597,ORD-2026-03700,CAM-20,PROD-002,16.95,C,-52.3,0,0,VIA-00597,False,ORD-2026-03700,False,CAM-20,False,PROD-002,False,C,False,False,False,16.95,False,False,-52.3,False,False,0,False,False,0,False,False,False,False,False,True,True,2026-08-02 12:45:00+00:00,False,True,False,30.0,False,True,True,True,True,True,True,False,True,False,,,True,1,0,1,0,humedad_fuera_rango_0_100,cuarentena
2026-08-26 03:01:00+00:00,VIA-00599,ORD-2026-04996,CAM-08,PROD-030,,C,47.3,0,0,14377,temperatura_ausente,,fecha_local_bolivia_convertida_utc,,2026-08-25 23:01:00,VIA-00599,ORD-2026-04996,CAM-08,PROD-030,,C,47.3,0,0,VIA-00599,False,ORD-2026-04996,False,CAM-08,False,PROD-030,False,C,False,False,False,,False,False,47.3,False,False,0,False,False,0,False,False,False,True,False,False,True,2026-08-26 03:01:00+00:00,False,True,False,30.0,False,True,True,True,True,True,False,,True,False,,,True,1,0,1,0,temperatura_ausente,cuarentena
,VIA-00601,ORD-2026-00100,CAM-26,PROD-049,9.13,C,86.3,1,1,14415,timestamp_invalido,,,,2026-02-31 09:15:00,VIA-00601,ORD-2026-00100,CAM-26,PROD-049,9.13,C,86.3,1,1,VIA-00601,False,ORD-2026-00100,False,CAM-26,False,PROD-049,False,C,False,False,False,9.13,False,False,86.3,False,False,1,False,False,1,False,False,False,False,False,False,True,,True,False,False,,False,True,True,True,True,True,True,True,True,False,,,False,0,0,1,0,timestamp_invalido,cuarentena
2026-08-18 11:00:00+00:00,VIA-00614,ORD-2026-03723,CAM-08,PROD-030,,C,46.8,0,0,14719,temperatura_ausente,,fecha_local_bolivia_convertida_utc,,2026-08-18 07:00:00,VIA-00614,ORD-2026-03723,CAM-08,PROD-030,,C,46.8,0,0,VIA-00614,False,ORD-2026-03723,False,CAM-08,False,PROD-030,False,C,False,False,False,,False,False,46.8,False,False,0,False,False,0,False,False,False,True,False,False,True,2026-08-18 11:00:00+00:00,False,True,False,30.0,False,True,True,True,True,True,False,,True,False,,,True,1,0,1,0,temperatura_ausente,cuarentena
2026-08-06 07:31:00+00:00,VIA-00617,ORD-2026-01874,CAM-20,PROD-054,,C,69.3,0,0,14792,centinela:temperatura_cabina_c,,fecha_local_bolivia_convertida_utc,,2026-08-06 03:31:00,VIA-00617,ORD-2026-01874,CAM-20,PROD-054,-999.0,C,69.3,0,0,VIA-00617,False,ORD-2026-01874,False,CAM-20,False,PROD-054,False,C,False,False,True,,False,False,69.3,False,False,0,False,False,0,False,False,False,False,False,False,True,2026-08-06 07:31:00+00:00,False,True,False,30.0,False,True,True,True,True,True,False,,True,False,,,True,1,0,1,0,centinela:temperatura_cabina_c,cuarentena
2026-08-16 01:10:00+00:00,VIA-00620,ORD-2026-05089,CAM-26,PROD-024,,C,40.8,0,0,14864,temperatura_ausente,order_id_sin_correspondencia_wms_silver | producto_id_sin_correspondencia_silver,fecha_local_bolivia_convertida_utc,,2026-08-15 21:10:00,VIA-00620,ORD-2026-05089,CAM-26,PROD-024,,C,40.8,0,0,VIA-00620,False,ORD-2026-05089,False,CAM-26,False,PROD-024,False,C,False,False,False,,False,False,40.8,False,False,0,False,False,0,False,False,False,True,False,False,True,2026-08-16 01:10:00+00:00,False,True,False,30.0,False,False,False,True,True,True,False,,True,False,,,True,1,0,1,2,temperatura_ausente,cuarentena
2026-08-29 08:32:00+00:00,VIA-00622,ORD-2026-02931,CAM-08,PROD-036,3.53,C,75.4,0,0,14906,lectura_duplicada:viaje_id_timestamp,order_id_sin_correspondencia_wms_silver | producto_id_sin_correspondencia_silver,fecha_local_bolivia_convertida_utc,,2026-08-29 04:32:00,VIA-00622,ORD-2026-02931,CAM-08,PROD-036,3.53,C,75.4,0,0,VIA-00622,False,ORD-2026-02931,False,CAM-08,False,PROD-036,False,C,False,False,False,3.53,False,False,75.4,False,False,0,False,False,0,False,False,False,False,False,False,True,2026-08-29 08:32:00+00:00,False,True,True,,False,False,False,True,True,True,False,,True,False,,,True,1,0,1,2,lectura_duplicada:viaje_id_timestamp,cuarentena
2026-08-09 10:04:00+00:00,VIA-00626,ORD-2026-01601,CAM-18,PROD-017,,C,34.5,0,0,15014,temperatura_ausente,,fecha_local_bolivia_convertida_utc,,2026-08-09 06:04:00,VIA-00626,ORD-2026-01601,CAM-18,PROD-017,,C,34.5,0,0,VIA-00626,False,ORD-2026-01601,False,CAM-18,False,PROD-017,False,C,False,False,False,,False,False,34.5,False,False,0,False,False,0,False,False,False,True,False,False,True,2026-08-09 10:04:00+00:00,False,True,False,30.0,False,True,True,True,True,True,False,,True,False,,,True,1,0,1,0,temperatura_ausente,cuarentena
,VIA-00636,ORD-2026-07494,CAM-18,PROD-024,20.62,C,42.1,0,0,15245,timestamp_invalido,order_id_sin_correspondencia_wms_silver | producto_id_sin_correspondencia_silver,,,2026-02-31 09:15:00,VIA-00636,ORD-2026-07494,CAM-18,PROD-024,20.62,C,42.1,0,0,VIA-00636,False,ORD-2026-07494,False,CAM-18,False,PROD-024,False,C,False,False,False,20.62,False,False,42.1,False,False,0,False,False,0,False,False,False,False,False,False,True,,True,False,False,,False,False,False,True,True,True,False,,True,False,,,False,0,0,1,2,timestamp_invalido,cuarentena
2026-08-06 03:29:00+00:00,VIA-00640,ORD-2026-02492,CAM-22,PROD-047,3.86,C,66.3,0,0,15356,lectura_duplicada:viaje_id_timestamp,,fecha_local_bolivia_convertida_utc,,2026-08-05 23:29:00,VIA-00640,ORD-2026-02492,CAM-22,PROD-047,3.86,C,66.3,0,0,VIA-00640,False,ORD-2026-02492,False,CAM-22,False,PROD-047,False,C,False,False,False,3.86,False,False,66.3,False,False,0,False,False,0,False,False,False,False,False,False,True,2026-08-06 03:29:00+00:00,False,True,True,30.0,False,True,True,True,True,True,True,False,True,False,,,True,1,0,1,0,lectura_duplicada:viaje_id_timestamp,cuarentena
2026-08-16 07:28:00+00:00,VIA-00646,ORD-2026-05705,CAM-15,PROD-009,2.4,C,-87.9,0,0,15502,humedad_fuera_rango_0_100,,fecha_local_bolivia_convertida_utc,,2026-08-16 03:28:00,VIA-00646,ORD-2026-05705,CAM-15,PROD-009,2.4,C,-87.9,0,0,VIA-00646,False,ORD-2026-05705,False,CAM-15,False,PROD-009,False,C,False,False,False,2.4,False,False,-87.9,False,False,0,False,False,0,False,False,False,False,False,True,True,2026-08-16 07:28:00+00:00,False,True,False,30.0,False,True,True,True,True,True,True,False,True,False,,,True,1,0,1,0,humedad_fuera_rango_0_100,cuarentena
2026-08-29 13:25:00+00:00,VIA-00658,ORD-2026-06403,CAM-28,PROD-045,,C,83.2,0,1,15781,centinela:temperatura_cabina_c,,fecha_local_bolivia_convertida_utc,,2026-08-29 09:25:00,VIA-00658,ORD-2026-06403,CAM-28,PROD-045,-999.0,C,83.2,0,1,VIA-00658,False,ORD-2026-06403,False,CAM-28,False,PROD-045,False,C,False,False,True,,False,False,83.2,False,False,0,False,False,1,False,False,False,False,False,False,True,2026-08-29 13:25:00+00:00,False,True,False,30.0,False,True,True,True,True,True,False,,True,False,,,True,1,0,1,0,centinela:temperatura_cabina_c,cuarentena
2026-08-12 06:44:00+00:00,VIA-00662,ORD-2026-05320,CAM-10,PROD-058,-18.66,C,62.2,0,0,15866,lectura_duplicada:viaje_id_timestamp,,fecha_local_bolivia_convertida_utc,,2026-08-12 02:44:00,VIA-00662,ORD-2026-05320,CAM-10,PROD-058,-18.66,C,62.2,0,0,VIA-00662,False,ORD-2026-05320,False,CAM-10,False,PROD-058,False,C,False,False,False,-18.66,False,False,62.2,False,False,0,False,False,0,False,False,False,False,False,False,True,2026-08-12 06:44:00+00:00,False,True,True,,False,True,True,True,True,True,True,False,True,False,,,True,1,0,1,0,lectura_duplicada:viaje_id_timestamp,cuarentena
2026-08-23 08:11:00+00:00,VIA-00666,ORD-2026-03093,CAM-26,PROD-021,,C,74.5,0,0,15969,centinela:temperatura_cabina_c,,fecha_local_bolivia_convertida_utc,,2026-08-23 04:11:00,VIA-00666,ORD-2026-03093,CAM-26,PROD-021,-999.0,C,74.5,0,0,VIA-00666,False,ORD-2026-03093,False,CAM-26,False,PROD-021,False,C,False,False,True,,False,False,74.5,False,False,0,False,False,0,False,False,False,False,False,False,True,2026-08-23 08:11:00+00:00,False,True,False,30.0,False,True,True,True,True,True,False,,True,False,,,True,1,0,1,0,centinela:temperatura_cabina_c,cuarentena
2026-08-28 16:01:00+00:00,VIA-00670,ORD-2026-03021,CAM-08,PROD-041,-19.07,C,68.9,0,0,16062,lectura_duplicada:viaje_id_timestamp,,fecha_local_bolivia_convertida_utc,,2026-08-28 12:01:00,VIA-00670,ORD-2026-03021,CAM-08,PROD-041,-19.07,C,68.9,0,0,VIA-00670,False,ORD-2026-03021,False,CAM-08,False,PROD-041,False,C,False,False,False,-19.07,False,False,68.9,False,False,0,False,False,0,False,False,False,False,False,False,True,2026-08-28 16:01:00+00:00,False,True,True,30.0,False,True,True,True,True,True,True,False,True,False,,,True,1,0,1,0,lectura_duplicada:viaje_id_timestamp,cuarentena
2026-08-28 22:01:00+00:00,VIA-00670,ORD-2026-03021,CAM-08,PROD-041,-19.21,C,78.3,0,0,16074,lectura_duplicada:viaje_id_timestamp,,fecha_local_bolivia_convertida_utc,,2026-08-28 18:01:00,VIA-00670,ORD-2026-03021,CAM-08,PROD-041,-19.21,C,78.3,0,0,VIA-00670,False,ORD-2026-03021,False,CAM-08,False,PROD-041,False,C,False,False,False,-19.21,False,False,78.3,False,False,0,False,False,0,False,False,False,False,False,False,True,2026-08-28 22:01:00+00:00,False,True,True,30.0,False,True,True,True,True,True,True,False,True,False,,,True,1,0,1,0,lectura_duplicada:viaje_id_timestamp,cuarentena
2026-08-30 23:32:00+00:00,VIA-00673,ORD-2026-04325,CAM-20,PROD-027,4.29,C,80.9,0,0,16140,lectura_duplicada:viaje_id_timestamp,,fecha_local_bolivia_convertida_utc,,2026-08-30 19:32:00,VIA-00673,ORD-2026-04325,CAM-20,PROD-027,4.29,C,80.9,0,0,VIA-00673,False,ORD-2026-04325,False,CAM-20,False,PROD-027,False,C,False,False,False,4.29,False,False,80.9,False,False,0,False,False,0,False,False,False,False,False,False,True,2026-08-30 23:32:00+00:00,False,True,True,30.0,False,True,True,True,True,True,True,False,True,False,,,True,1,0,1,0,lectura_duplicada:viaje_id_timestamp,cuarentena
2026-08-08 12:33:00+00:00,VIA-00674,ORD-2026-05091,CAM-08,PROD-055,22.22,C,47.9,0,0,16168,lectura_duplicada:viaje_id_timestamp,,fecha_local_bolivia_convertida_utc,,2026-08-08 08:33:00,VIA-00674,ORD-2026-05091,CAM-08,PROD-055,22.22,C,47.9,0,0,VIA-00674,False,ORD-2026-05091,False,CAM-08,False,PROD-055,False,C,False,False,False,22.22,False,False,47.9,False,False,0,False,False,0,False,False,False,False,False,False,True,2026-08-08 12:33:00+00:00,False,True,True,30.0,False,True,True,True,True,True,True,False,True,False,,,True,1,0,1,0,lectura_duplicada:viaje_id_timestamp,cuarentena
2026-08-06 17:54:00+00:00,VIA-00679,ORD-2026-05063,CAM-08,PROD-004,3.08,C,81.6,0,0,16283,lectura_duplicada:viaje_id_timestamp,,fecha_local_bolivia_convertida_utc,,2026-08-06 13:54:00,VIA-00679,ORD-2026-05063,CAM-08,PROD-004,3.08,C,81.6,0,0,VIA-00679,False,ORD-2026-05063,False,CAM-08,False,PROD-004,False,C,False,False,False,3.08,False,False,81.6,False,False,0,False,False,0,False,False,False,False,False,False,True,2026-08-06 17:54:00+00:00,False,True,True,30.0,False,True,True,True,True,True,True,False,True,False,,,True,1,0,1,0,lectura_duplicada:viaje_id_timestamp,cuarentena
2026-08-06 18:54:00+00:00,VIA-00679,ORD-2026-05063,CAM-08,PROD-004,,C,80.0,0,0,16285,temperatura_ausente,,fecha_local_bolivia_convertida_utc,,2026-08-06 14:54:00,VIA-00679,ORD-2026-05063,CAM-08,PROD-004,,C,80.0,0,0,VIA-00679,False,ORD-2026-05063,False,CAM-08,False,PROD-004,False,C,False,False,False,,False,False,80.0,False,False,0,False,False,0,False,False,False,True,False,False,True,2026-08-06 18:54:00+00:00,False,True,False,30.0,False,True,True,True,True,True,False,,True,False,,,True,1,0,1,0,temperatura_ausente,cuarentena
2026-08-07 23:56:00+00:00,VIA-00685,ORD-2026-05960,CAM-08,PROD-051,,C,83.0,0,0,16428,centinela:temperatura_cabina_c,,fecha_local_bolivia_convertida_utc,,2026-08-07 19:56:00,VIA-00685,ORD-2026-05960,CAM-08,PROD-051,-999.0,C,83.0,0,0,VIA-00685,False,ORD-2026-05960,False,CAM-08,False,PROD-051,False,C,False,False,True,,False,False,83.0,False,False,0,False,False,0,False,False,False,False,False,False,True,2026-08-07 23:56:00+00:00,False,True,False,30.0,False,True,True,True,True,True,False,,True,False,,,True,1,0,1,0,centinela:temperatura_cabina_c,cuarentena
2026-08-08 02:26:00+00:00,VIA-00685,ORD-2026-05960,CAM-08,PROD-051,,C,53.4,0,0,16433,centinela:temperatura_cabina_c,,fecha_local_bolivia_convertida_utc,,2026-08-07 22:26:00,VIA-00685,ORD-2026-05960,CAM-08,PROD-051,-999.0,C,53.4,0,0,VIA-00685,False,ORD-2026-05960,False,CAM-08,False,PROD-051,False,C,False,False,True,,False,False,53.4,False,False,0,False,False,0,False,False,False,False,False,False,True,2026-08-08 02:26:00+00:00,False,True,False,30.0,False,True,True,True,True,True,False,,True,False,,,True,1,0,1,0,centinela:temperatura_cabina_c,cuarentena
2026-08-14 02:04:00+00:00,VIA-00686,ORD-2026-03138,CAM-08,PROD-053,3.85,C,71.9,0,0,16446,lectura_duplicada:viaje_id_timestamp,,fecha_local_bolivia_convertida_utc,,2026-08-13 22:04:00,VIA-00686,ORD-2026-03138,CAM-08,PROD-053,3.85,C,71.9,0,0,VIA-00686,False,ORD-2026-03138,False,CAM-08,False,PROD-053,False,C,False,False,False,3.85,False,False,71.9,False,False,0,False,False,0,False,False,False,False,False,False,True,2026-08-14 02:04:00+00:00,False,True,True,30.0,False,True,True,True,True,True,True,False,True,False,,,True,1,0,1,0,lectura_duplicada:viaje_id_timestamp,cuarentena
2026-08-20 11:45:00+00:00,VIA-00687,ORD-2026-03211,CAM-15,PROD-016,,C,52.6,0,0,16489,centinela:temperatura_cabina_c,,fecha_local_bolivia_convertida_utc,,2026-08-20 07:45:00,VIA-00687,ORD-2026-03211,CAM-15,PROD-016,-999.0,C,52.6,0,0,VIA-00687,False,ORD-2026-03211,False,CAM-15,False,PROD-016,False,C,False,False,True,,False,False,52.6,False,False,0,False,False,0,False,False,False,False,False,False,True,2026-08-20 11:45:00+00:00,False,True,False,30.0,False,True,True,True,True,True,False,,True,False,,,True,1,0,1,0,centinela:temperatura_cabina_c,cuarentena
2026-08-06 20:52:00+00:00,VIA-00691,ORD-2026-05152,CAM-15,PROD-040,,C,43.5,0,0,16577,temperatura_ausente,,fecha_local_bolivia_convertida_utc,,2026-08-06 16:52:00,VIA-00691,ORD-2026-05152,CAM-15,PROD-040,,C,43.5,0,0,VIA-00691,False,ORD-2026-05152,False,CAM-15,False,PROD-040,False,C,False,False,False,,False,False,43.5,False,False,0,False,False,0,False,False,False,True,False,False,True,2026-08-06 20:52:00+00:00,False,True,False,30.0,False,True,True,True,True,True,False,,True,False,,,True,1,0,1,0,temperatura_ausente,cuarentena
2026-08-01 15:33:00+00:00,VIA-00693,ORD-2026-02485,CAM-15,PROD-008,-18.88,C,67.9,0,0,16610,lectura_duplicada:viaje_id_timestamp,,fecha_local_bolivia_convertida_utc,,2026-08-01 11:33:00,VIA-00693,ORD-2026-02485,CAM-15,PROD-008,-18.88,C,67.9,0,0,VIA-00693,False,ORD-2026-02485,False,CAM-15,False,PROD-008,False,C,False,False,False,-18.88,False,False,67.9,False,False,0,False,False,0,False,False,False,False,False,False,True,2026-08-01 15:33:00+00:00,False,True,True,,False,True,True,True,True,True,True,False,True,False,,,True,1,0,1,0,lectura_duplicada:viaje_id_timestamp,cuarentena
2026-08-02 01:03:00+00:00,VIA-00693,ORD-2026-02485,CAM-15,PROD-008,-19.34,C,74.1,0,0,16629,lectura_duplicada:viaje_id_timestamp,,fecha_local_bolivia_convertida_utc,,2026-08-01 21:03:00,VIA-00693,ORD-2026-02485,CAM-15,PROD-008,-19.34,C,74.1,0,0,VIA-00693,False,ORD-2026-02485,False,CAM-15,False,PROD-008,False,C,False,False,False,-19.34,False,False,74.1,False,False,0,False,False,0,False,False,False,False,False,False,True,2026-08-02 01:03:00+00:00,False,True,True,30.0,False,True,True,True,True,True,True,False,True,False,,,True,1,0,1,0,lectura_duplicada:viaje_id_timestamp,cuarentena
2026-08-04 10:10:00+00:00,VIA-00694,ORD-2026-00099,CAM-25,PROD-027,3.35,C,79.8,0,0,16639,lectura_duplicada:viaje_id_timestamp,,fecha_local_bolivia_convertida_utc,,2026-08-04 06:10:00,VIA-00694,ORD-2026-00099,CAM-25,PROD-027,3.35,C,79.8,0,0,VIA-00694,False,ORD-2026-00099,False,CAM-25,False,PROD-027,False,C,False,False,False,3.35,False,False,79.8,False,False,0,False,False,0,False,False,False,False,False,False,True,2026-08-04 10:10:00+00:00,False,True,True,30.0,False,True,True,True,True,True,True,False,True,False,,,True,1,0,1,0,lectura_duplicada:viaje_id_timestamp,cuarentena
2026-08-10 13:20:00+00:00,VIA-00701,ORD-2026-05711,CAM-10,PROD-002,,C,43.7,0,0,16805,centinela:temperatura_cabina_c,,fecha_local_bolivia_convertida_utc,,2026-08-10 09:20:00,VIA-00701,ORD-2026-05711,CAM-10,PROD-002,-999.0,C,43.7,0,0,VIA-00701,False,ORD-2026-05711,False,CAM-10,False,PROD-002,False,C,False,False,True,,False,False,43.7,False,False,0,False,False,0,False,False,False,False,False,False,True,2026-08-10 13:20:00+00:00,False,True,False,30.0,False,True,True,True,True,True,False,,True,False,,,True,1,0,1,0,centinela:temperatura_cabina_c,cuarentena
2026-08-28 13:34:00+00:00,VIA-00705,ORD-2026-00944,CAM-10,PROD-053,2.57,C,68.4,0,0,16917,lectura_duplicada:viaje_id_timestamp,order_id_sin_correspondencia_wms_silver,fecha_local_bolivia_convertida_utc,,2026-08-28 09:34:00,VIA-00705,ORD-2026-00944,CAM-10,PROD-053,2.57,C,68.4,0,0,VIA-00705,False,ORD-2026-00944,False,CAM-10,False,PROD-053,False,C,False,False,False,2.57,False,False,68.4,False,False,0,False,False,0,False,False,False,False,False,False,True,2026-08-28 13:34:00+00:00,False,True,True,30.0,False,False,True,True,True,True,True,False,True,False,,,True,1,0,1,1,lectura_duplicada:viaje_id_timestamp,cuarentena
2026-08-14 22:28:00+00:00,VIA-00707,ORD-2026-02385,CAM-24,PROD-058,,C,78.9,0,0,16968,centinela:temperatura_cabina_c,,fecha_local_bolivia_convertida_utc,,2026-08-14 18:28:00,VIA-00707,ORD-2026-02385,CAM-24,PROD-058,-999.0,C,78.9,0,0,VIA-00707,False,ORD-2026-02385,False,CAM-24,False,PROD-058,False,C,False,False,True,,False,False,78.9,False,False,0,False,False,0,False,False,False,False,False,False,True,2026-08-14 22:28:00+00:00,False,True,False,30.0,False,True,True,True,True,True,False,,True,False,,,True,1,0,1,0,centinela:temperatura_cabina_c,cuarentena
2026-08-16 00:20:00+00:00,VIA-00710,ORD-2026-02533,CAM-26,PROD-030,,C,49.6,0,0,17018,centinela:temperatura_cabina_c,,fecha_local_bolivia_convertida_utc,,2026-08-15 20:20:00,VIA-00710,ORD-2026-02533,CAM-26,PROD-030,-999.0,C,49.6,0,0,VIA-00710,False,ORD-2026-02533,False,CAM-26,False,PROD-030,False,C,False,False,True,,False,False,49.6,False,False,0,False,False,0,False,False,False,False,False,False,True,2026-08-16 00:20:00+00:00,False,True,False,,False,True,True,True,True,True,False,,True,False,,,True,1,0,1,0,centinela:temperatura_cabina_c,cuarentena
2026-08-19 00:15:00+00:00,VIA-00713,ORD-2026-06906,CAM-21,PROD-042,,C,48.4,0,0,17110,temperatura_ausente,,fecha_local_bolivia_convertida_utc,,2026-08-18 20:15:00,VIA-00713,ORD-2026-06906,CAM-21,PROD-042,,C,48.4,0,0,VIA-00713,False,ORD-2026-06906,False,CAM-21,False,PROD-042,False,C,False,False,False,,False,False,48.4,False,False,0,False,False,0,False,False,False,True,False,False,True,2026-08-19 00:15:00+00:00,False,True,False,30.0,False,True,True,True,True,True,False,,True,False,,,True,1,0,1,0,temperatura_ausente,cuarentena
2026-08-17 01:30:00+00:00,VIA-00716,ORD-2026-00719,CAM-22,PROD-004,,C,78.6,0,0,17182,centinela:temperatura_cabina_c,,fecha_local_bolivia_convertida_utc,,2026-08-16 21:30:00,VIA-00716,ORD-2026-00719,CAM-22,PROD-004,-999.0,C,78.6,0,0,VIA-00716,False,ORD-2026-00719,False,CAM-22,False,PROD-004,False,C,False,False,True,,False,False,78.6,False,False,0,False,False,0,False,False,False,False,False,False,True,2026-08-17 01:30:00+00:00,False,True,False,30.0,False,True,True,True,True,True,False,,True,False,,,True,1,0,1,0,centinela:temperatura_cabina_c,cuarentena
2026-08-16 05:15:00+00:00,VIA-00718,ORD-2026-00659,CAM-21,PROD-038,20.83,C,38.6,0,1,17212,lectura_duplicada:viaje_id_timestamp,,fecha_local_bolivia_convertida_utc,,2026-08-16 01:15:00,VIA-00718,ORD-2026-00659,CAM-21,PROD-038,20.83,C,38.6,0,1,VIA-00718,False,ORD-2026-00659,False,CAM-21,False,PROD-038,False,C,False,False,False,20.83,False,False,38.6,False,False,0,False,False,1,False,False,False,False,False,False,True,2026-08-16 05:15:00+00:00,False,True,True,30.0,False,True,True,True,True,True,True,False,True,False,,,True,1,0,1,0,lectura_duplicada:viaje_id_timestamp,cuarentena
2026-08-16 06:15:00+00:00,VIA-00718,ORD-2026-00659,CAM-21,PROD-038,25.26,C,47.3,1,0,17214,lectura_duplicada:viaje_id_timestamp,,fecha_local_bolivia_convertida_utc,,2026-08-16 02:15:00,VIA-00718,ORD-2026-00659,CAM-21,PROD-038,25.26,C,47.3,1,0,VIA-00718,False,ORD-2026-00659,False,CAM-21,False,PROD-038,False,C,False,False,False,25.26,False,False,47.3,False,False,1,False,False,0,False,False,False,False,False,False,True,2026-08-16 06:15:00+00:00,False,True,True,30.0,False,True,True,True,True,True,True,True,True,False,,,True,1,0,1,0,lectura_duplicada:viaje_id_timestamp,cuarentena
2026-08-09 05:09:00+00:00,VIA-00724,ORD-2026-03198,CAM-08,PROD-019,,C,48.8,0,0,17375,temperatura_ausente,,fecha_local_bolivia_convertida_utc,,2026-08-09 01:09:00,VIA-00724,ORD-2026-03198,CAM-08,PROD-019,,C,48.8,0,0,VIA-00724,False,ORD-2026-03198,False,CAM-08,False,PROD-019,False,C,False,False,False,,False,False,48.8,False,False,0,False,False,0,False,False,False,True,False,False,True,2026-08-09 05:09:00+00:00,False,True,False,30.0,False,True,True,True,True,True,False,,True,False,,,True,1,0,1,0,temperatura_ausente,cuarentena
2026-08-04 01:27:00+00:00,VIA-00738,ORD-2026-06546,CAM-10,PROD-031,18.25,C,-55.9,0,0,17706,humedad_fuera_rango_0_100,,fecha_local_bolivia_convertida_utc,,2026-08-03 21:27:00,VIA-00738,ORD-2026-06546,CAM-10,PROD-031,18.25,C,-55.9,0,0,VIA-00738,False,ORD-2026-06546,False,CAM-10,False,PROD-031,False,C,False,False,False,18.25,False,False,-55.9,False,False,0,False,False,0,False,False,False,False,False,True,True,2026-08-04 01:27:00+00:00,False,True,False,30.0,False,True,True,True,True,True,True,False,True,False,,,True,1,0,1,0,humedad_fuera_rango_0_100,cuarentena
2026-08-20 09:54:00+00:00,VIA-00740,ORD-2026-01576,CAM-16,PROD-059,,C,57.6,0,0,17743,centinela:temperatura_cabina_c,,fecha_local_bolivia_convertida_utc,,2026-08-20 05:54:00,VIA-00740,ORD-2026-01576,CAM-16,PROD-059,-999.0,C,57.6,0,0,VIA-00740,False,ORD-2026-01576,False,CAM-16,False,PROD-059,False,C,False,False,True,,False,False,57.6,False,False,0,False,False,0,False,False,False,False,False,False,True,2026-08-20 09:54:00+00:00,False,True,False,30.0,False,True,True,True,True,True,False,,True,False,,,True,1,0,1,0,centinela:temperatura_cabina_c,cuarentena
2026-08-16 12:46:00+00:00,VIA-00743,ORD-2026-06555,CAM-10,PROD-049,,C,65.7,0,0,17824,temperatura_ausente,,fecha_local_bolivia_convertida_utc,,2026-08-16 08:46:00,VIA-00743,ORD-2026-06555,CAM-10,PROD-049,,C,65.7,0,0,VIA-00743,False,ORD-2026-06555,False,CAM-10,False,PROD-049,False,C,False,False,False,,False,False,65.7,False,False,0,False,False,0,False,False,False,True,False,False,True,2026-08-16 12:46:00+00:00,False,True,False,30.0,False,True,True,True,True,True,False,,True,False,,,True,1,0,1,0,temperatura_ausente,cuarentena
2026-08-04 09:51:00+00:00,VIA-00749,ORD-2026-02880,CAM-10,PROD-037,,C,74.2,0,0,17960,centinela:temperatura_cabina_c,,fecha_local_bolivia_convertida_utc,,2026-08-04 05:51:00,VIA-00749,ORD-2026-02880,CAM-10,PROD-037,-999.0,C,74.2,0,0,VIA-00749,False,ORD-2026-02880,False,CAM-10,False,PROD-037,False,C,False,False,True,,False,False,74.2,False,False,0,False,False,0,False,False,False,False,False,False,True,2026-08-04 09:51:00+00:00,False,True,False,30.0,False,True,True,True,True,True,False,,True,False,,,True,1,0,1,0,centinela:temperatura_cabina_c,cuarentena
2026-08-04 19:52:00+00:00,VIA-00751,ORD-2026-06416,CAM-09,PROD-048,18.51,C,44.0,0,0,18020,lectura_duplicada:viaje_id_timestamp,,fecha_local_bolivia_convertida_utc,,2026-08-04 15:52:00,VIA-00751,ORD-2026-06416,CAM-09,PROD-048,18.51,C,44.0,0,0,VIA-00751,False,ORD-2026-06416,False,CAM-09,False,PROD-048,False,C,False,False,False,18.51,False,False,44.0,False,False,0,False,False,0,False,False,False,False,False,False,True,2026-08-04 19:52:00+00:00,False,True,True,30.0,False,True,True,True,True,True,True,False,True,False,,,True,1,0,1,0,lectura_duplicada:viaje_id_timestamp,cuarentena
2026-08-25 10:10:00+00:00,VIA-00753,ORD-2026-01152,CAM-10,PROD-036,4.03,C,84.1,0,0,18065,lectura_duplicada:viaje_id_timestamp,order_id_sin_correspondencia_wms_silver | producto_id_sin_correspondencia_silver,fecha_local_bolivia_convertida_utc,,2026-08-25 06:10:00,VIA-00753,ORD-2026-01152,CAM-10,PROD-036,4.03,C,84.1,0,0,VIA-00753,False,ORD-2026-01152,False,CAM-10,False,PROD-036,False,C,False,False,False,4.03,False,False,84.1,False,False,0,False,False,0,False,False,False,False,False,False,True,2026-08-25 10:10:00+00:00,False,True,True,30.0,False,False,False,True,True,True,False,,True,False,,,True,1,0,1,2,lectura_duplicada:viaje_id_timestamp,cuarentena
2026-08-20 13:55:00+00:00,VIA-00755,ORD-2026-06845,CAM-14,PROD-032,18.59,C,51.2,0,0,18112,lectura_duplicada:viaje_id_timestamp,,fecha_local_bolivia_convertida_utc,,2026-08-20 09:55:00,VIA-00755,ORD-2026-06845,CAM-14,PROD-032,18.59,C,51.2,0,0,VIA-00755,False,ORD-2026-06845,False,CAM-14,False,PROD-032,False,C,False,False,False,18.59,False,False,51.2,False,False,0,False,False,0,False,False,False,False,False,False,True,2026-08-20 13:55:00+00:00,False,True,True,30.0,False,True,True,True,True,True,True,False,True,False,,,True,1,0,1,0,lectura_duplicada:viaje_id_timestamp,cuarentena
2026-08-27 09:16:00+00:00,VIA-00757,ORD-2026-01175,CAM-20,PROD-042,20.86,C,50.7,0,0,18153,lectura_duplicada:viaje_id_timestamp,,fecha_local_bolivia_convertida_utc,,2026-08-27 05:16:00,VIA-00757,ORD-2026-01175,CAM-20,PROD-042,20.86,C,50.7,0,0,VIA-00757,False,ORD-2026-01175,False,CAM-20,False,PROD-042,False,C,False,False,False,20.86,False,False,50.7,False,False,0,False,False,0,False,False,False,False,False,False,True,2026-08-27 09:16:00+00:00,False,True,True,30.0,False,True,True,True,True,True,True,False,True,False,,,True,1,0,1,0,lectura_duplicada:viaje_id_timestamp,cuarentena
2026-08-30 05:44:00+00:00,VIA-00758,ORD-2026-06488,CAM-01,PROD-012,,C,62.4,0,0,18183,centinela:temperatura_cabina_c,order_id_sin_correspondencia_wms_silver | camion_id_sin_correspondencia_silver,fecha_local_bolivia_convertida_utc,,2026-08-30 01:44:00,VIA-00758,ORD-2026-06488,CAM-01,PROD-012,-999.0,C,62.4,0,0,VIA-00758,False,ORD-2026-06488,False,CAM-01,False,PROD-012,False,C,False,False,True,,False,False,62.4,False,False,0,False,False,0,False,False,False,False,False,False,True,2026-08-30 05:44:00+00:00,False,True,False,30.0,False,False,True,False,True,True,False,,True,False,,,True,1,0,1,2,centinela:temperatura_cabina_c,cuarentena
2026-08-07 07:53:00+00:00,VIA-00760,ORD-2026-06010,CAM-09,PROD-018,,C,52.0,0,0,18238,temperatura_ausente,,fecha_local_bolivia_convertida_utc,,2026-08-07 03:53:00,VIA-00760,ORD-2026-06010,CAM-09,PROD-018,,C,52.0,0,0,VIA-00760,False,ORD-2026-06010,False,CAM-09,False,PROD-018,False,C,False,False,False,,False,False,52.0,False,False,0,False,False,0,False,False,False,True,False,False,True,2026-08-07 07:53:00+00:00,False,True,False,30.0,False,True,True,True,True,True,False,,True,False,,,True,1,0,1,0,temperatura_ausente,cuarentena
2026-08-26 22:25:00+00:00,VIA-00761,ORD-2026-00954,CAM-24,PROD-015,3.77,C,75.5,0,0,18257,lectura_duplicada:viaje_id_timestamp,,fecha_local_bolivia_convertida_utc,,2026-08-26 18:25:00,VIA-00761,ORD-2026-00954,CAM-24,PROD-015,3.77,C,75.5,0,0,VIA-00761,False,ORD-2026-00954,False,CAM-24,False,PROD-015,False,C,False,False,False,3.77,False,False,75.5,False,False,0,False,False,0,False,False,False,False,False,False,True,2026-08-26 22:25:00+00:00,False,True,True,30.0,False,True,True,True,True,True,True,False,True,False,,,True,1,0,1,0,lectura_duplicada:viaje_id_timestamp,cuarentena
2026-08-14 17:36:00+00:00,VIA-00764,ORD-2026-06632,CAM-19,PROD-002,,C,46.6,0,0,18331,centinela:temperatura_cabina_c,,fecha_local_bolivia_convertida_utc,,2026-08-14 13:36:00,VIA-00764,ORD-2026-06632,CAM-19,PROD-002,-999.0,C,46.6,0,0,VIA-00764,False,ORD-2026-06632,False,CAM-19,False,PROD-002,False,C,False,False,True,,False,False,46.6,False,False,0,False,False,0,False,False,False,False,False,False,True,2026-08-14 17:36:00+00:00,False,True,False,30.0,False,True,True,True,True,True,False,,True,False,,,True,1,0,1,0,centinela:temperatura_cabina_c,cuarentena
2026-08-23 21:15:00+00:00,VIA-00766,ORD-2026-01516,CAM-19,PROD-001,,C,73.7,0,0,18380,centinela:temperatura_cabina_c,,fecha_local_bolivia_convertida_utc,,2026-08-23 17:15:00,VIA-00766,ORD-2026-01516,CAM-19,PROD-001,-999.0,C,73.7,0,0,VIA-00766,False,ORD-2026-01516,False,CAM-19,False,PROD-001,False,C,False,False,True,,False,False,73.7,False,False,0,False,False,0,False,False,False,False,False,False,True,2026-08-23 21:15:00+00:00,False,True,False,30.0,False,True,True,True,True,True,False,,True,False,,,True,1,0,1,0,centinela:temperatura_cabina_c,cuarentena
2026-08-23 23:15:00+00:00,VIA-00766,ORD-2026-01516,CAM-19,PROD-001,,C,77.8,0,0,18384,centinela:temperatura_cabina_c,,fecha_local_bolivia_convertida_utc,,2026-08-23 19:15:00,VIA-00766,ORD-2026-01516,CAM-19,PROD-001,-999.0,C,77.8,0,0,VIA-00766,False,ORD-2026-01516,False,CAM-19,False,PROD-001,False,C,False,False,True,,False,False,77.8,False,False,0,False,False,0,False,False,False,False,False,False,True,2026-08-23 23:15:00+00:00,False,True,False,30.0,False,True,True,True,True,True,False,,True,False,,,True,1,0,1,0,centinela:temperatura_cabina_c,cuarentena
2026-08-31 11:27:00+00:00,VIA-00768,ORD-2026-06675,CAM-03,PROD-006,,C,41.6,0,0,18432,centinela:temperatura_cabina_c,,fecha_local_bolivia_convertida_utc,,2026-08-31 07:27:00,VIA-00768,ORD-2026-06675,CAM-03,PROD-006,-999.0,C,41.6,0,0,VIA-00768,False,ORD-2026-06675,False,CAM-03,False,PROD-006,False,C,False,False,True,,False,False,41.6,False,False,0,False,False,0,False,False,False,False,False,False,True,2026-08-31 11:27:00+00:00,False,True,False,30.0,False,True,True,True,True,True,False,,True,False,,,True,1,0,1,0,centinela:temperatura_cabina_c,cuarentena
2026-08-17 11:31:00+00:00,VIA-00776,ORD-2026-01071,CAM-28,PROD-023,,K,81.6,0,0,18620,unidad_temperatura_no_esperada:K,,fecha_local_bolivia_convertida_utc,,2026-08-17 07:31:00,VIA-00776,ORD-2026-01071,CAM-28,PROD-023,277.87,K,81.6,0,0,VIA-00776,False,ORD-2026-01071,False,CAM-28,False,PROD-023,False,K,False,False,False,,False,False,81.6,False,False,0,False,False,0,False,True,False,False,False,False,True,2026-08-17 11:31:00+00:00,False,True,False,30.0,False,True,True,True,True,True,False,,True,False,,,True,1,0,1,0,unidad_temperatura_no_esperada:K,cuarentena
2026-08-16 15:23:00+00:00,VIA-00777,ORD-2026-06731,CAM-03,PROD-020,,C,41.2,0,0,18633,temperatura_ausente,,fecha_local_bolivia_convertida_utc,,2026-08-16 11:23:00,VIA-00777,ORD-2026-06731,CAM-03,PROD-020,,C,41.2,0,0,VIA-00777,False,ORD-2026-06731,False,CAM-03,False,PROD-020,False,C,False,False,False,,False,False,41.2,False,False,0,False,False,0,False,False,False,True,False,False,True,2026-08-16 15:23:00+00:00,False,True,False,30.0,False,True,True,True,True,True,False,,True,False,,,True,1,0,1,0,temperatura_ausente,cuarentena
2026-08-16 17:23:00+00:00,VIA-00777,ORD-2026-06731,CAM-03,PROD-020,18.22,C,-38.8,0,0,18637,humedad_fuera_rango_0_100,,fecha_local_bolivia_convertida_utc,,2026-08-16 13:23:00,VIA-00777,ORD-2026-06731,CAM-03,PROD-020,18.22,C,-38.8,0,0,VIA-00777,False,ORD-2026-06731,False,CAM-03,False,PROD-020,False,C,False,False,False,18.22,False,False,-38.8,False,False,0,False,False,0,False,False,False,False,False,True,True,2026-08-16 17:23:00+00:00,False,True,False,30.0,False,True,True,True,True,True,True,False,True,False,,,True,1,0,1,0,humedad_fuera_rango_0_100,cuarentena
2026-08-16 08:20:00+00:00,VIA-00781,ORD-2026-05431,CAM-08,PROD-001,3.95,C,69.3,0,0,18742,lectura_duplicada:viaje_id_timestamp,,fecha_local_bolivia_convertida_utc,,2026-08-16 04:20:00,VIA-00781,ORD-2026-05431,CAM-08,PROD-001,3.95,C,69.3,0,0,VIA-00781,False,ORD-2026-05431,False,CAM-08,False,PROD-001,False,C,False,False,False,3.95,False,False,69.3,False,False,0,False,False,0,False,False,False,False,False,False,True,2026-08-16 08:20:00+00:00,False,True,True,30.0,False,True,True,True,True,True,True,False,True,False,,,True,1,0,1,0,lectura_duplicada:viaje_id_timestamp,cuarentena
2026-08-15 14:07:00+00:00,VIA-00783,ORD-2026-05701,CAM-20,PROD-052,,C,77.8,0,0,18783,temperatura_ausente,,fecha_local_bolivia_convertida_utc,,2026-08-15 10:07:00,VIA-00783,ORD-2026-05701,CAM-20,PROD-052,,C,77.8,0,0,VIA-00783,False,ORD-2026-05701,False,CAM-20,False,PROD-052,False,C,False,False,False,,False,False,77.8,False,False,0,False,False,0,False,False,False,True,False,False,True,2026-08-15 14:07:00+00:00,False,True,False,30.0,False,True,True,True,True,True,False,,True,False,,,True,1,0,1,0,temperatura_ausente,cuarentena
2026-08-22 14:58:00+00:00,VIA-00784,ORD-2026-02448,CAM-15,PROD-005,,C,42.4,0,0,18811,temperatura_ausente,,fecha_local_bolivia_convertida_utc,,2026-08-22 10:58:00,VIA-00784,ORD-2026-02448,CAM-15,PROD-005,,C,42.4,0,0,VIA-00784,False,ORD-2026-02448,False,CAM-15,False,PROD-005,False,C,False,False,False,,False,False,42.4,False,False,0,False,False,0,False,False,False,True,False,False,True,2026-08-22 14:58:00+00:00,False,True,False,30.0,False,True,True,True,True,True,False,,True,False,,,True,1,0,1,0,temperatura_ausente,cuarentena
2026-08-12 20:33:00+00:00,VIA-00786,ORD-2026-05280,CAM-13,PROD-040,21.28,C,39.7,0,0,18844,lectura_duplicada:viaje_id_timestamp,,fecha_local_bolivia_convertida_utc,,2026-08-12 16:33:00,VIA-00786,ORD-2026-05280,CAM-13,PROD-040,21.28,C,39.7,0,0,VIA-00786,False,ORD-2026-05280,False,CAM-13,False,PROD-040,False,C,False,False,False,21.28,False,False,39.7,False,False,0,False,False,0,False,False,False,False,False,False,True,2026-08-12 20:33:00+00:00,False,True,True,30.0,False,True,True,True,True,True,True,False,True,False,,,True,1,0,1,0,lectura_duplicada:viaje_id_timestamp,cuarentena
2026-08-27 05:28:00+00:00,VIA-00794,ORD-2026-02599,CAM-19,PROD-040,,C,48.6,0,0,19041,centinela:temperatura_cabina_c,,fecha_local_bolivia_convertida_utc,,2026-08-27 01:28:00,VIA-00794,ORD-2026-02599,CAM-19,PROD-040,-999.0,C,48.6,0,0,VIA-00794,False,ORD-2026-02599,False,CAM-19,False,PROD-040,False,C,False,False,True,,False,False,48.6,False,False,0,False,False,0,False,False,False,False,False,False,True,2026-08-27 05:28:00+00:00,False,True,False,30.0,False,True,True,True,True,True,False,,True,False,,,True,1,0,1,0,centinela:temperatura_cabina_c,cuarentena
2026-08-26 04:48:00+00:00,VIA-00801,ORD-2026-05376,CAM-26,PROD-055,23.06,C,47.9,0,0,19203,lectura_duplicada:viaje_id_timestamp,,fecha_local_bolivia_convertida_utc,,2026-08-26 00:48:00,VIA-00801,ORD-2026-05376,CAM-26,PROD-055,23.06,C,47.9,0,0,VIA-00801,False,ORD-2026-05376,False,CAM-26,False,PROD-055,False,C,False,False,False,23.06,False,False,47.9,False,False,0,False,False,0,False,False,False,False,False,False,True,2026-08-26 04:48:00+00:00,False,True,True,30.0,False,True,True,True,True,True,True,False,True,False,,,True,1,0,1,0,lectura_duplicada:viaje_id_timestamp,cuarentena
2026-08-15 19:30:00+00:00,VIA-00807,ORD-2026-01194,CAM-29,PROD-018,18.9,C,51.4,0,0,19349,lectura_duplicada:viaje_id_timestamp,,fecha_local_bolivia_convertida_utc,,2026-08-15 15:30:00,VIA-00807,ORD-2026-01194,CAM-29,PROD-018,18.9,C,51.4,0,0,VIA-00807,False,ORD-2026-01194,False,CAM-29,False,PROD-018,False,C,False,False,False,18.9,False,False,51.4,False,False,0,False,False,0,False,False,False,False,False,False,True,2026-08-15 19:30:00+00:00,False,True,True,30.0,False,True,True,True,True,True,True,False,True,False,,,True,1,0,1,0,lectura_duplicada:viaje_id_timestamp,cuarentena
2026-08-22 11:40:00+00:00,VIA-00809,ORD-2026-02325,CAM-04,PROD-017,18.13,C,-50.9,0,0,19394,humedad_fuera_rango_0_100,,fecha_local_bolivia_convertida_utc,,2026-08-22 07:40:00,VIA-00809,ORD-2026-02325,CAM-04,PROD-017,18.13,C,-50.9,0,0,VIA-00809,False,ORD-2026-02325,False,CAM-04,False,PROD-017,False,C,False,False,False,18.13,False,False,-50.9,False,False,0,False,False,0,False,False,False,False,False,True,True,2026-08-22 11:40:00+00:00,False,True,False,,False,True,True,True,True,True,True,False,True,False,,,True,1,0,1,0,humedad_fuera_rango_0_100,cuarentena
2026-08-30 01:04:00+00:00,VIA-00817,ORD-2026-03696,CAM-19,PROD-044,,C,74.4,0,0,19590,centinela:temperatura_cabina_c,,fecha_local_bolivia_convertida_utc,,2026-08-29 21:04:00,VIA-00817,ORD-2026-03696,CAM-19,PROD-044,-999.0,C,74.4,0,0,VIA-00817,False,ORD-2026-03696,False,CAM-19,False,PROD-044,False,C,False,False,True,,False,False,74.4,False,False,0,False,False,0,False,False,False,False,False,False,True,2026-08-30 01:04:00+00:00,False,True,False,30.0,False,True,True,True,True,True,False,,True,False,,,True,1,0,1,0,centinela:temperatura_cabina_c,cuarentena
2026-08-02 03:23:00+00:00,VIA-00821,ORD-2026-06765,CAM-19,PROD-036,2.96,C,79.3,0,0,19691,lectura_duplicada:viaje_id_timestamp,order_id_sin_correspondencia_wms_silver | producto_id_sin_correspondencia_silver,fecha_local_bolivia_convertida_utc,,2026-08-01 23:23:00,VIA-00821,ORD-2026-06765,CAM-19,PROD-036,2.96,C,79.3,0,0,VIA-00821,False,ORD-2026-06765,False,CAM-19,False,PROD-036,False,C,False,False,False,2.96,False,False,79.3,False,False,0,False,False,0,False,False,False,False,False,False,True,2026-08-02 03:23:00+00:00,False,True,True,30.0,False,False,False,True,True,True,False,,True,False,,,True,1,0,1,2,lectura_duplicada:viaje_id_timestamp,cuarentena
2026-08-03 07:34:00+00:00,VIA-00823,ORD-2026-03527,CAM-19,PROD-044,8.85,C,82.2,1,1,19740,lectura_duplicada:viaje_id_timestamp,,fecha_local_bolivia_convertida_utc,,2026-08-03 03:34:00,VIA-00823,ORD-2026-03527,CAM-19,PROD-044,8.85,C,82.2,1,1,VIA-00823,False,ORD-2026-03527,False,CAM-19,False,PROD-044,False,C,False,False,False,8.85,False,False,82.2,False,False,1,False,False,1,False,False,False,False,False,False,True,2026-08-03 07:34:00+00:00,False,True,True,30.0,False,True,True,True,True,True,True,True,True,False,,,True,1,0,1,0,lectura_duplicada:viaje_id_timestamp,cuarentena
2026-08-23 02:19:00+00:00,VIA-00827,ORD-2026-01453,CAM-01,PROD-014,,C,42.2,0,0,19830,centinela:temperatura_cabina_c,order_id_sin_correspondencia_wms_silver | producto_id_sin_correspondencia_silver | camion_id_sin_correspondencia_silver,fecha_local_bolivia_convertida_utc,,2026-08-22 22:19:00,VIA-00827,ORD-2026-01453,CAM-01,PROD-014,-999.0,C,42.2,0,0,VIA-00827,False,ORD-2026-01453,False,CAM-01,False,PROD-014,False,C,False,False,True,,False,False,42.2,False,False,0,False,False,0,False,False,False,False,False,False,True,2026-08-23 02:19:00+00:00,False,True,False,30.0,False,False,False,False,True,True,False,,True,False,,,True,1,0,1,3,centinela:temperatura_cabina_c,cuarentena
2026-08-26 16:11:00+00:00,VIA-00828,ORD-2026-04623,CAM-01,PROD-049,4.17,C,75.5,0,0,19858,lectura_duplicada:viaje_id_timestamp,order_id_sin_correspondencia_wms_silver | camion_id_sin_correspondencia_silver,fecha_local_bolivia_convertida_utc,,2026-08-26 12:11:00,VIA-00828,ORD-2026-04623,CAM-01,PROD-049,4.17,C,75.5,0,0,VIA-00828,False,ORD-2026-04623,False,CAM-01,False,PROD-049,False,C,False,False,False,4.17,False,False,75.5,False,False,0,False,False,0,False,False,False,False,False,False,True,2026-08-26 16:11:00+00:00,False,True,True,30.0,False,False,True,False,True,True,True,False,True,False,,,True,1,0,1,2,lectura_duplicada:viaje_id_timestamp,cuarentena
2026-08-17 07:53:00+00:00,VIA-00829,ORD-2026-00696,CAM-24,PROD-041,,C,71.8,0,0,19882,centinela:temperatura_cabina_c,,fecha_local_bolivia_convertida_utc,,2026-08-17 03:53:00,VIA-00829,ORD-2026-00696,CAM-24,PROD-041,-999.0,C,71.8,0,0,VIA-00829,False,ORD-2026-00696,False,CAM-24,False,PROD-041,False,C,False,False,True,,False,False,71.8,False,False,0,False,False,0,False,False,False,False,False,False,True,2026-08-17 07:53:00+00:00,False,True,False,30.0,False,True,True,True,True,True,False,,True,False,,,True,1,0,1,0,centinela:temperatura_cabina_c,cuarentena
2026-08-21 02:48:00+00:00,VIA-00832,ORD-2026-03308,CAM-26,PROD-028,,C,50.8,0,0,19963,centinela:temperatura_cabina_c,order_id_sin_correspondencia_wms_silver | producto_id_sin_correspondencia_silver,fecha_local_bolivia_convertida_utc,,2026-08-20 22:48:00,VIA-00832,ORD-2026-03308,CAM-26,PROD-028,-999.0,C,50.8,0,0,VIA-00832,False,ORD-2026-03308,False,CAM-26,False,PROD-028,False,C,False,False,True,,False,False,50.8,False,False,0,False,False,0,False,False,False,False,False,False,True,2026-08-21 02:48:00+00:00,False,True,False,30.0,False,False,False,True,True,True,False,,True,False,,,True,1,0,1,2,centinela:temperatura_cabina_c,cuarentena
2026-08-13 15:53:00+00:00,VIA-00835,ORD-2026-00787,CAM-25,PROD-060,,K,81.6,0,0,20040,unidad_temperatura_no_esperada:K,,fecha_local_bolivia_convertida_utc,,2026-08-13 11:53:00,VIA-00835,ORD-2026-00787,CAM-25,PROD-060,254.28,K,81.6,0,0,VIA-00835,False,ORD-2026-00787,False,CAM-25,False,PROD-060,False,K,False,False,False,,False,False,81.6,False,False,0,False,False,0,False,True,False,False,False,False,True,2026-08-13 15:53:00+00:00,False,True,False,30.0,False,True,True,True,True,True,False,,True,False,,,True,1,0,1,0,unidad_temperatura_no_esperada:K,cuarentena
2026-08-02 12:25:00+00:00,VIA-00837,ORD-2026-05889,CAM-15,PROD-055,,C,55.9,0,0,20072,temperatura_ausente,,fecha_local_bolivia_convertida_utc,,2026-08-02 08:25:00,VIA-00837,ORD-2026-05889,CAM-15,PROD-055,,C,55.9,0,0,VIA-00837,False,ORD-2026-05889,False,CAM-15,False,PROD-055,False,C,False,False,False,,False,False,55.9,False,False,0,False,False,0,False,False,False,True,False,False,True,2026-08-02 12:25:00+00:00,False,True,False,30.0,False,True,True,True,True,True,False,,True,False,,,True,1,0,1,0,temperatura_ausente,cuarentena
2026-08-16 08:26:00+00:00,VIA-00841,ORD-2026-03786,CAM-10,PROD-011,-17.95,C,61.3,0,0,20164,lectura_duplicada:viaje_id_timestamp,,fecha_local_bolivia_convertida_utc,,2026-08-16 04:26:00,VIA-00841,ORD-2026-03786,CAM-10,PROD-011,-17.95,C,61.3,0,0,VIA-00841,False,ORD-2026-03786,False,CAM-10,False,PROD-011,False,C,False,False,False,-17.95,False,False,61.3,False,False,0,False,False,0,False,False,False,False,False,False,True,2026-08-16 08:26:00+00:00,False,True,True,30.0,False,True,True,True,True,True,True,False,True,False,,,True,1,0,1,0,lectura_duplicada:viaje_id_timestamp,cuarentena
2026-08-26 13:42:00+00:00,VIA-00843,ORD-2026-07262,CAM-28,PROD-025,-10.1,C,-83.3,1,1,20229,humedad_fuera_rango_0_100,,fecha_local_bolivia_convertida_utc,,2026-08-26 09:42:00,VIA-00843,ORD-2026-07262,CAM-28,PROD-025,-10.1,C,-83.3,1,1,VIA-00843,False,ORD-2026-07262,False,CAM-28,False,PROD-025,False,C,False,False,False,-10.1,False,False,-83.3,False,False,1,False,False,1,False,False,False,False,False,True,True,2026-08-26 13:42:00+00:00,False,True,False,30.0,False,True,True,True,True,True,True,True,True,False,,,True,1,0,1,0,humedad_fuera_rango_0_100,cuarentena
2026-08-18 14:45:00+00:00,VIA-00847,ORD-2026-04887,CAM-19,PROD-018,,C,50.1,0,0,20312,centinela:temperatura_cabina_c,,fecha_local_bolivia_convertida_utc,,2026-08-18 10:45:00,VIA-00847,ORD-2026-04887,CAM-19,PROD-018,-999.0,C,50.1,0,0,VIA-00847,False,ORD-2026-04887,False,CAM-19,False,PROD-018,False,C,False,False,True,,False,False,50.1,False,False,0,False,False,0,False,False,False,False,False,False,True,2026-08-18 14:45:00+00:00,False,True,False,30.0,False,True,True,True,True,True,False,,True,False,,,True,1,0,1,0,centinela:temperatura_cabina_c,cuarentena
2026-08-16 08:10:00+00:00,VIA-00850,ORD-2026-05780,CAM-26,PROD-034,,C,71.4,1,1,20389,centinela:temperatura_cabina_c,,fecha_local_bolivia_convertida_utc,,2026-08-16 04:10:00,VIA-00850,ORD-2026-05780,CAM-26,PROD-034,-999.0,C,71.4,1,1,VIA-00850,False,ORD-2026-05780,False,CAM-26,False,PROD-034,False,C,False,False,True,,False,False,71.4,False,False,1,False,False,1,False,False,False,False,False,False,True,2026-08-16 08:10:00+00:00,False,True,False,30.0,False,True,True,True,True,True,False,,True,False,,,True,1,0,1,0,centinela:temperatura_cabina_c,cuarentena
2026-08-16 22:36:00+00:00,VIA-00853,ORD-2026-06319,CAM-02,PROD-052,,C,59.9,0,0,20462,centinela:temperatura_cabina_c,,fecha_local_bolivia_convertida_utc,,2026-08-16 18:36:00,VIA-00853,ORD-2026-06319,CAM-02,PROD-052,-999.0,C,59.9,0,0,VIA-00853,False,ORD-2026-06319,False,CAM-02,False,PROD-052,False,C,False,False,True,,False,False,59.9,False,False,0,False,False,0,False,False,False,False,False,False,True,2026-08-16 22:36:00+00:00,False,True,False,30.0,False,True,True,True,True,True,False,,True,False,,,True,1,0,1,0,centinela:temperatura_cabina_c,cuarentena
2026-08-20 19:36:00+00:00,VIA-00856,ORD-2026-05146,CAM-28,PROD-024,19.68,C,43.1,0,0,20529,lectura_duplicada:viaje_id_timestamp,order_id_sin_correspondencia_wms_silver | producto_id_sin_correspondencia_silver,fecha_local_bolivia_convertida_utc,,2026-08-20 15:36:00,VIA-00856,ORD-2026-05146,CAM-28,PROD-024,19.68,C,43.1,0,0,VIA-00856,False,ORD-2026-05146,False,CAM-28,False,PROD-024,False,C,False,False,False,19.68,False,False,43.1,False,False,0,False,False,0,False,False,False,False,False,False,True,2026-08-20 19:36:00+00:00,False,True,True,30.0,False,False,False,True,True,True,False,,True,False,,,True,1,0,1,2,lectura_duplicada:viaje_id_timestamp,cuarentena
2026-08-24 22:54:00+00:00,VIA-00861,ORD-2026-00829,CAM-06,PROD-039,,C,57.9,0,0,20646,centinela:temperatura_cabina_c,,fecha_local_bolivia_convertida_utc,,2026-08-24 18:54:00,VIA-00861,ORD-2026-00829,CAM-06,PROD-039,-999.0,C,57.9,0,0,VIA-00861,False,ORD-2026-00829,False,CAM-06,False,PROD-039,False,C,False,False,True,,False,False,57.9,False,False,0,False,False,0,False,False,False,False,False,False,True,2026-08-24 22:54:00+00:00,False,True,False,30.0,False,True,True,True,True,True,False,,True,False,,,True,1,0,1,0,centinela:temperatura_cabina_c,cuarentena
2026-08-03 09:18:00+00:00,VIA-00864,ORD-2026-00645,CAM-24,PROD-043,-17.96,C,71.4,0,0,20717,lectura_duplicada:viaje_id_timestamp,,fecha_local_bolivia_convertida_utc,,2026-08-03 05:18:00,VIA-00864,ORD-2026-00645,CAM-24,PROD-043,-17.96,C,71.4,0,0,VIA-00864,False,ORD-2026-00645,False,CAM-24,False,PROD-043,False,C,False,False,False,-17.96,False,False,71.4,False,False,0,False,False,0,False,False,False,False,False,False,True,2026-08-03 09:18:00+00:00,False,True,True,30.0,False,True,True,True,True,True,True,False,True,False,,,True,1,0,1,0,lectura_duplicada:viaje_id_timestamp,cuarentena
2026-08-10 13:33:00+00:00,VIA-00871,ORD-2026-05637,CAM-24,PROD-030,22.6,C,56.9,0,0,20900,lectura_duplicada:viaje_id_timestamp,,fecha_local_bolivia_convertida_utc,,2026-08-10 09:33:00,VIA-00871,ORD-2026-05637,CAM-24,PROD-030,22.6,C,56.9,0,0,VIA-00871,False,ORD-2026-05637,False,CAM-24,False,PROD-030,False,C,False,False,False,22.6,False,False,56.9,False,False,0,False,False,0,False,False,False,False,False,False,True,2026-08-10 13:33:00+00:00,False,True,True,30.0,False,True,True,True,True,True,True,False,True,False,,,True,1,0,1,0,lectura_duplicada:viaje_id_timestamp,cuarentena
,VIA-00878,ORD-2026-02175,CAM-01,PROD-056,5.08,C,85.4,0,0,21059,timestamp_invalido,order_id_sin_correspondencia_wms_silver | camion_id_sin_correspondencia_silver,,,2026-02-31 09:15:00,VIA-00878,ORD-2026-02175,CAM-01,PROD-056,5.08,C,85.4,0,0,VIA-00878,False,ORD-2026-02175,False,CAM-01,False,PROD-056,False,C,False,False,False,5.08,False,False,85.4,False,False,0,False,False,0,False,False,False,False,False,False,True,,True,False,False,,False,False,True,False,True,True,True,False,True,False,,,False,0,0,1,2,timestamp_invalido,cuarentena
2026-08-19 12:31:00+00:00,VIA-00879,ORD-2026-06707,CAM-01,PROD-020,,C,62.5,0,1,21075,centinela:temperatura_cabina_c,order_id_sin_correspondencia_wms_silver | camion_id_sin_correspondencia_silver,fecha_local_bolivia_convertida_utc,,2026-08-19 08:31:00,VIA-00879,ORD-2026-06707,CAM-01,PROD-020,-999.0,C,62.5,0,1,VIA-00879,False,ORD-2026-06707,False,CAM-01,False,PROD-020,False,C,False,False,True,,False,False,62.5,False,False,0,False,False,1,False,False,False,False,False,False,True,2026-08-19 12:31:00+00:00,False,True,False,30.0,False,False,True,False,True,True,False,,True,False,,,True,1,0,1,2,centinela:temperatura_cabina_c,cuarentena
2026-08-24 08:02:00+00:00,VIA-00882,ORD-2026-00488,CAM-26,PROD-041,,C,64.1,0,0,21160,centinela:temperatura_cabina_c,,fecha_local_bolivia_convertida_utc,,2026-08-24 04:02:00,VIA-00882,ORD-2026-00488,CAM-26,PROD-041,-999.0,C,64.1,0,0,VIA-00882,False,ORD-2026-00488,False,CAM-26,False,PROD-041,False,C,False,False,True,,False,False,64.1,False,False,0,False,False,0,False,False,False,False,False,False,True,2026-08-24 08:02:00+00:00,False,True,False,30.0,False,True,True,True,True,True,False,,True,False,,,True,1,0,1,0,centinela:temperatura_cabina_c,cuarentena
2026-08-26 08:37:00+00:00,VIA-00885,ORD-2026-07094,CAM-08,PROD-036,,C,75.9,0,0,21241,temperatura_ausente | lectura_duplicada:viaje_id_timestamp,order_id_sin_correspondencia_wms_silver | producto_id_sin_correspondencia_silver,fecha_local_bolivia_convertida_utc,,2026-08-26 04:37:00,VIA-00885,ORD-2026-07094,CAM-08,PROD-036,,C,75.9,0,0,VIA-00885,False,ORD-2026-07094,False,CAM-08,False,PROD-036,False,C,False,False,False,,False,False,75.9,False,False,0,False,False,0,False,False,False,True,False,False,True,2026-08-26 08:37:00+00:00,False,True,True,30.0,False,False,False,True,True,True,False,,True,False,,,True,1,0,2,2,temperatura_ausente | lectura_duplicada:viaje_id_timestamp,cuarentena
2026-08-07 15:11:00+00:00,VIA-00889,ORD-2026-03183,CAM-07,PROD-060,,C,67.2,0,0,21326,temperatura_ausente,,fecha_local_bolivia_convertida_utc,,2026-08-07 11:11:00,VIA-00889,ORD-2026-03183,CAM-07,PROD-060,,C,67.2,0,0,VIA-00889,False,ORD-2026-03183,False,CAM-07,False,PROD-060,False,C,False,False,False,,False,False,67.2,False,False,0,False,False,0,False,False,False,True,False,False,True,2026-08-07 15:11:00+00:00,False,True,False,30.0,False,True,True,True,True,True,False,,True,False,,,True,1,0,1,0,temperatura_ausente,cuarentena
2026-08-05 06:17:00+00:00,VIA-00893,ORD-2026-01236,CAM-10,PROD-049,,C,72.8,0,0,21410,temperatura_ausente,,fecha_local_bolivia_convertida_utc,,2026-08-05 02:17:00,VIA-00893,ORD-2026-01236,CAM-10,PROD-049,,C,72.8,0,0,VIA-00893,False,ORD-2026-01236,False,CAM-10,False,PROD-049,False,C,False,False,False,,False,False,72.8,False,False,0,False,False,0,False,False,False,True,False,False,True,2026-08-05 06:17:00+00:00,False,True,False,,False,True,True,True,True,True,False,,True,False,,,True,1,0,1,0,temperatura_ausente,cuarentena
2026-08-05 08:17:00+00:00,VIA-00893,ORD-2026-01236,CAM-10,PROD-049,,C,78.6,0,0,21414,temperatura_ausente,,fecha_local_bolivia_convertida_utc,,2026-08-05 04:17:00,VIA-00893,ORD-2026-01236,CAM-10,PROD-049,,C,78.6,0,0,VIA-00893,False,ORD-2026-01236,False,CAM-10,False,PROD-049,False,C,False,False,False,,False,False,78.6,False,False,0,False,False,0,False,False,False,True,False,False,True,2026-08-05 08:17:00+00:00,False,True,False,30.0,False,True,True,True,True,True,False,,True,False,,,True,1,0,1,0,temperatura_ausente,cuarentena
,VIA-00893,ORD-2026-01236,CAM-10,PROD-049,4.08,C,68.3,0,1,21422,timestamp_invalido,,,,2026-02-31 09:15:00,VIA-00893,ORD-2026-01236,CAM-10,PROD-049,4.08,C,68.3,0,1,VIA-00893,False,ORD-2026-01236,False,CAM-10,False,PROD-049,False,C,False,False,False,4.08,False,False,68.3,False,False,0,False,False,1,False,False,False,False,False,False,True,,True,False,False,,False,True,True,True,True,True,True,False,True,False,,,False,0,0,1,0,timestamp_invalido,cuarentena
2026-08-31 00:40:00+00:00,VIA-00894,ORD-2026-03236,CAM-26,PROD-015,,C,78.4,0,0,21453,centinela:temperatura_cabina_c,,fecha_local_bolivia_convertida_utc,,2026-08-30 20:40:00,VIA-00894,ORD-2026-03236,CAM-26,PROD-015,-999.0,C,78.4,0,0,VIA-00894,False,ORD-2026-03236,False,CAM-26,False,PROD-015,False,C,False,False,True,,False,False,78.4,False,False,0,False,False,0,False,False,False,False,False,False,True,2026-08-31 00:40:00+00:00,False,True,False,30.0,False,True,True,True,True,True,False,,True,False,,,True,1,0,1,0,centinela:temperatura_cabina_c,cuarentena
2026-08-23 02:35:00+00:00,VIA-00895,ORD-2026-01584,CAM-28,PROD-054,,C,64.0,0,0,21461,centinela:temperatura_cabina_c,,fecha_local_bolivia_convertida_utc,,2026-08-22 22:35:00,VIA-00895,ORD-2026-01584,CAM-28,PROD-054,-999.0,C,64.0,0,0,VIA-00895,False,ORD-2026-01584,False,CAM-28,False,PROD-054,False,C,False,False,True,,False,False,64.0,False,False,0,False,False,0,False,False,False,False,False,False,True,2026-08-23 02:35:00+00:00,False,True,False,30.0,False,True,True,True,True,True,False,,True,False,,,True,1,0,1,0,centinela:temperatura_cabina_c,cuarentena
2026-08-04 04:41:00+00:00,VIA-00896,ORD-2026-06348,CAM-09,PROD-014,19.26,C,41.6,0,0,21493,lectura_duplicada:viaje_id_timestamp,order_id_sin_correspondencia_wms_silver | producto_id_sin_correspondencia_silver,fecha_local_bolivia_convertida_utc,,2026-08-04 00:41:00,VIA-00896,ORD-2026-06348,CAM-09,PROD-014,19.26,C,41.6,0,0,VIA-00896,False,ORD-2026-06348,False,CAM-09,False,PROD-014,False,C,False,False,False,19.26,False,False,41.6,False,False,0,False,False,0,False,False,False,False,False,False,True,2026-08-04 04:41:00+00:00,False,True,True,30.0,False,False,False,True,True,True,False,,True,False,,,True,1,0,1,2,lectura_duplicada:viaje_id_timestamp,cuarentena
2026-08-30 18:53:00+00:00,VIA-00897,ORD-2026-04328,CAM-23,PROD-027,3.05,C,71.5,0,0,21507,lectura_duplicada:viaje_id_timestamp,,fecha_local_bolivia_convertida_utc,,2026-08-30 14:53:00,VIA-00897,ORD-2026-04328,CAM-23,PROD-027,3.05,C,71.5,0,0,VIA-00897,False,ORD-2026-04328,False,CAM-23,False,PROD-027,False,C,False,False,False,3.05,False,False,71.5,False,False,0,False,False,0,False,False,False,False,False,False,True,2026-08-30 18:53:00+00:00,False,True,True,30.0,False,True,True,True,True,True,True,False,True,False,,,True,1,0,1,0,lectura_duplicada:viaje_id_timestamp,cuarentena
2026-08-05 05:48:00+00:00,VIA-00903,ORD-2026-05830,CAM-19,PROD-051,-17.92,C,69.9,0,0,21665,lectura_duplicada:viaje_id_timestamp,,fecha_local_bolivia_convertida_utc,,2026-08-05 01:48:00,VIA-00903,ORD-2026-05830,CAM-19,PROD-051,-17.92,C,69.9,0,0,VIA-00903,False,ORD-2026-05830,False,CAM-19,False,PROD-051,False,C,False,False,False,-17.92,False,False,69.9,False,False,0,False,False,0,False,False,False,False,False,False,True,2026-08-05 05:48:00+00:00,False,True,True,30.0,False,True,True,True,True,True,True,False,True,False,,,True,1,0,1,0,lectura_duplicada:viaje_id_timestamp,cuarentena
2026-08-10 10:35:00+00:00,VIA-00905,ORD-2026-02563,CAM-28,PROD-040,,C,46.3,0,0,21715,centinela:temperatura_cabina_c,,fecha_local_bolivia_convertida_utc,,2026-08-10 06:35:00,VIA-00905,ORD-2026-02563,CAM-28,PROD-040,-999.0,C,46.3,0,0,VIA-00905,False,ORD-2026-02563,False,CAM-28,False,PROD-040,False,C,False,False,True,,False,False,46.3,False,False,0,False,False,0,False,False,False,False,False,False,True,2026-08-10 10:35:00+00:00,False,True,False,30.0,False,True,True,True,True,True,False,,True,False,,,True,1,0,1,0,centinela:temperatura_cabina_c,cuarentena
2026-08-10 06:51:00+00:00,VIA-00907,ORD-2026-07219,CAM-17,PROD-040,,C,56.0,0,0,21755,centinela:temperatura_cabina_c,,fecha_local_bolivia_convertida_utc,,2026-08-10 02:51:00,VIA-00907,ORD-2026-07219,CAM-17,PROD-040,-999.0,C,56.0,0,0,VIA-00907,False,ORD-2026-07219,False,CAM-17,False,PROD-040,False,C,False,False,True,,False,False,56.0,False,False,0,False,False,0,False,False,False,False,False,False,True,2026-08-10 06:51:00+00:00,False,True,False,30.0,False,True,True,True,True,True,False,,True,False,,,True,1,0,1,0,centinela:temperatura_cabina_c,cuarentena
2026-08-02 08:49:00+00:00,VIA-00914,ORD-2026-01504,CAM-10,PROD-014,,C,59.8,0,0,21914,centinela:temperatura_cabina_c,order_id_sin_correspondencia_wms_silver | producto_id_sin_correspondencia_silver,fecha_local_bolivia_convertida_utc,,2026-08-02 04:49:00,VIA-00914,ORD-2026-01504,CAM-10,PROD-014,-999.0,C,59.8,0,0,VIA-00914,False,ORD-2026-01504,False,CAM-10,False,PROD-014,False,C,False,False,True,,False,False,59.8,False,False,0,False,False,0,False,False,False,False,False,False,True,2026-08-02 08:49:00+00:00,False,True,False,,False,False,False,True,True,True,False,,True,False,,,True,1,0,1,2,centinela:temperatura_cabina_c,cuarentena
2026-08-02 15:49:00+00:00,VIA-00914,ORD-2026-01504,CAM-10,PROD-014,17.85,C,39.5,0,0,21928,lectura_duplicada:viaje_id_timestamp,order_id_sin_correspondencia_wms_silver | producto_id_sin_correspondencia_silver,fecha_local_bolivia_convertida_utc,,2026-08-02 11:49:00,VIA-00914,ORD-2026-01504,CAM-10,PROD-014,17.85,C,39.5,0,0,VIA-00914,False,ORD-2026-01504,False,CAM-10,False,PROD-014,False,C,False,False,False,17.85,False,False,39.5,False,False,0,False,False,0,False,False,False,False,False,False,True,2026-08-02 15:49:00+00:00,False,True,True,30.0,False,False,False,True,True,True,False,,True,False,,,True,1,0,1,2,lectura_duplicada:viaje_id_timestamp,cuarentena
2026-08-26 14:35:00+00:00,VIA-00927,ORD-2026-07022,CAM-20,PROD-002,22.24,C,42.0,0,0,22235,lectura_duplicada:viaje_id_timestamp,,fecha_local_bolivia_convertida_utc,,2026-08-26 10:35:00,VIA-00927,ORD-2026-07022,CAM-20,PROD-002,22.24,C,42.0,0,0,VIA-00927,False,ORD-2026-07022,False,CAM-20,False,PROD-002,False,C,False,False,False,22.24,False,False,42.0,False,False,0,False,False,0,False,False,False,False,False,False,True,2026-08-26 14:35:00+00:00,False,True,True,30.0,False,True,True,True,True,True,True,False,True,False,,,True,1,0,1,0,lectura_duplicada:viaje_id_timestamp,cuarentena
2026-08-30 08:45:00+00:00,VIA-00932,ORD-2026-02192,CAM-26,PROD-050,,C,63.7,0,0,22366,temperatura_ausente,,fecha_local_bolivia_convertida_utc,,2026-08-30 04:45:00,VIA-00932,ORD-2026-02192,CAM-26,PROD-050,,C,63.7,0,0,VIA-00932,False,ORD-2026-02192,False,CAM-26,False,PROD-050,False,C,False,False,False,,False,False,63.7,False,False,0,False,False,0,False,False,False,True,False,False,True,2026-08-30 08:45:00+00:00,False,True,False,30.0,False,True,True,True,True,True,False,,True,False,,,True,1,0,1,0,temperatura_ausente,cuarentena
2026-08-14 13:12:00+00:00,VIA-00939,ORD-2026-05340,CAM-03,PROD-030,21.35,C,53.8,0,0,22531,lectura_duplicada:viaje_id_timestamp,,fecha_local_bolivia_convertida_utc,,2026-08-14 09:12:00,VIA-00939,ORD-2026-05340,CAM-03,PROD-030,21.35,C,53.8,0,0,VIA-00939,False,ORD-2026-05340,False,CAM-03,False,PROD-030,False,C,False,False,False,21.35,False,False,53.8,False,False,0,False,False,0,False,False,False,False,False,False,True,2026-08-14 13:12:00+00:00,False,True,True,30.0,False,True,True,True,True,True,True,False,True,False,,,True,1,0,1,0,lectura_duplicada:viaje_id_timestamp,cuarentena
2026-08-01 07:40:00+00:00,VIA-00942,ORD-2026-01543,CAM-26,PROD-057,,C,46.4,0,0,22593,temperatura_ausente,,fecha_local_bolivia_convertida_utc,,2026-08-01 03:40:00,VIA-00942,ORD-2026-01543,CAM-26,PROD-057,,C,46.4,0,0,VIA-00942,False,ORD-2026-01543,False,CAM-26,False,PROD-057,False,C,False,False,False,,False,False,46.4,False,False,0,False,False,0,False,False,False,True,False,False,True,2026-08-01 07:40:00+00:00,False,True,False,30.0,False,True,True,True,True,True,False,,True,False,,,True,1,0,1,0,temperatura_ausente,cuarentena
,VIA-00943,ORD-2026-05464,CAM-19,PROD-050,17.07,C,45.9,0,0,22614,timestamp_invalido,,,,2026-02-31 09:15:00,VIA-00943,ORD-2026-05464,CAM-19,PROD-050,17.07,C,45.9,0,0,VIA-00943,False,ORD-2026-05464,False,CAM-19,False,PROD-050,False,C,False,False,False,17.07,False,False,45.9,False,False,0,False,False,0,False,False,False,False,False,False,True,,True,False,False,,False,True,True,True,True,True,True,False,True,False,,,False,0,0,1,0,timestamp_invalido,cuarentena
2026-08-02 02:36:00+00:00,VIA-00946,ORD-2026-05672,CAM-20,PROD-053,4.13,C,65.5,0,0,22699,lectura_duplicada:viaje_id_timestamp,,fecha_local_bolivia_convertida_utc,,2026-08-01 22:36:00,VIA-00946,ORD-2026-05672,CAM-20,PROD-053,4.13,C,65.5,0,0,VIA-00946,False,ORD-2026-05672,False,CAM-20,False,PROD-053,False,C,False,False,False,4.13,False,False,65.5,False,False,0,False,False,0,False,False,False,False,False,False,True,2026-08-02 02:36:00+00:00,False,True,True,30.0,False,True,True,True,True,True,True,False,True,False,,,True,1,0,1,0,lectura_duplicada:viaje_id_timestamp,cuarentena
2026-08-26 18:22:00+00:00,VIA-00952,ORD-2026-06575,CAM-19,PROD-043,,C,79.2,0,0,22836,centinela:temperatura_cabina_c,,fecha_local_bolivia_convertida_utc,,2026-08-26 14:22:00,VIA-00952,ORD-2026-06575,CAM-19,PROD-043,-999.0,C,79.2,0,0,VIA-00952,False,ORD-2026-06575,False,CAM-19,False,PROD-043,False,C,False,False,True,,False,False,79.2,False,False,0,False,False,0,False,False,False,False,False,False,True,2026-08-26 18:22:00+00:00,False,True,False,30.0,False,True,True,True,True,True,False,,True,False,,,True,1,0,1,0,centinela:temperatura_cabina_c,cuarentena
2026-08-16 19:19:00+00:00,VIA-00961,ORD-2026-06299,CAM-11,PROD-034,,C,67.0,0,0,23056,centinela:temperatura_cabina_c,,fecha_local_bolivia_convertida_utc,,2026-08-16 15:19:00,VIA-00961,ORD-2026-06299,CAM-11,PROD-034,-999.0,C,67.0,0,0,VIA-00961,False,ORD-2026-06299,False,CAM-11,False,PROD-034,False,C,False,False,True,,False,False,67.0,False,False,0,False,False,0,False,False,False,False,False,False,True,2026-08-16 19:19:00+00:00,False,True,False,30.0,False,True,True,True,True,True,False,,True,False,,,True,1,0,1,0,centinela:temperatura_cabina_c,cuarentena
2026-08-09 02:43:00+00:00,VIA-00962,ORD-2026-07499,CAM-18,PROD-050,18.22,C,50.1,0,0,23071,lectura_duplicada:viaje_id_timestamp,,fecha_local_bolivia_convertida_utc,,2026-08-08 22:43:00,VIA-00962,ORD-2026-07499,CAM-18,PROD-050,18.22,C,50.1,0,0,VIA-00962,False,ORD-2026-07499,False,CAM-18,False,PROD-050,False,C,False,False,False,18.22,False,False,50.1,False,False,0,False,False,0,False,False,False,False,False,False,True,2026-08-09 02:43:00+00:00,False,True,True,30.0,False,True,True,True,True,True,True,False,True,False,,,True,1,0,1,0,lectura_duplicada:viaje_id_timestamp,cuarentena
2026-08-03 02:08:00+00:00,VIA-00963,ORD-2026-07082,CAM-03,PROD-031,,C,46.7,0,0,23094,temperatura_ausente,,fecha_local_bolivia_convertida_utc,,2026-08-02 22:08:00,VIA-00963,ORD-2026-07082,CAM-03,PROD-031,,C,46.7,0,0,VIA-00963,False,ORD-2026-07082,False,CAM-03,False,PROD-031,False,C,False,False,False,,False,False,46.7,False,False,0,False,False,0,False,False,False,True,False,False,True,2026-08-03 02:08:00+00:00,False,True,False,30.0,False,True,True,True,True,True,False,,True,False,,,True,1,0,1,0,temperatura_ausente,cuarentena
2026-08-28 13:59:00+00:00,VIA-00966,ORD-2026-00270,CAM-24,PROD-001,,C,77.6,0,0,23168,centinela:temperatura_cabina_c,,fecha_local_bolivia_convertida_utc,,2026-08-28 09:59:00,VIA-00966,ORD-2026-00270,CAM-24,PROD-001,-999.0,C,77.6,0,0,VIA-00966,False,ORD-2026-00270,False,CAM-24,False,PROD-001,False,C,False,False,True,,False,False,77.6,False,False,0,False,False,0,False,False,False,False,False,False,True,2026-08-28 13:59:00+00:00,False,True,False,30.0,False,True,True,True,True,True,False,,True,False,,,True,1,0,1,0,centinela:temperatura_cabina_c,cuarentena
2026-08-15 18:59:00+00:00,VIA-00967,ORD-2026-03341,CAM-02,PROD-052,2.95,C,75.8,0,0,23208,lectura_duplicada:viaje_id_timestamp,,fecha_local_bolivia_convertida_utc,,2026-08-15 14:59:00,VIA-00967,ORD-2026-03341,CAM-02,PROD-052,2.95,C,75.8,0,0,VIA-00967,False,ORD-2026-03341,False,CAM-02,False,PROD-052,False,C,False,False,False,2.95,False,False,75.8,False,False,0,False,False,0,False,False,False,False,False,False,True,2026-08-15 18:59:00+00:00,False,True,True,30.0,False,True,True,True,True,True,True,False,True,False,,,True,1,0,1,0,lectura_duplicada:viaje_id_timestamp,cuarentena
2026-08-27 22:37:00+00:00,VIA-00968,ORD-2026-03406,CAM-28,PROD-047,,C,73.5,0,0,23221,centinela:temperatura_cabina_c,,fecha_local_bolivia_convertida_utc,,2026-08-27 18:37:00,VIA-00968,ORD-2026-03406,CAM-28,PROD-047,-999.0,C,73.5,0,0,VIA-00968,False,ORD-2026-03406,False,CAM-28,False,PROD-047,False,C,False,False,True,,False,False,73.5,False,False,0,False,False,0,False,False,False,False,False,False,True,2026-08-27 22:37:00+00:00,False,True,False,30.0,False,True,True,True,True,True,False,,True,False,,,True,1,0,1,0,centinela:temperatura_cabina_c,cuarentena
2026-08-25 08:44:00+00:00,VIA-00970,ORD-2026-00258,CAM-04,PROD-057,16.78,C,48.8,0,0,23263,lectura_duplicada:viaje_id_timestamp,,fecha_local_bolivia_convertida_utc,,2026-08-25 04:44:00,VIA-00970,ORD-2026-00258,CAM-04,PROD-057,16.78,C,48.8,0,0,VIA-00970,False,ORD-2026-00258,False,CAM-04,False,PROD-057,False,C,False,False,False,16.78,False,False,48.8,False,False,0,False,False,0,False,False,False,False,False,False,True,2026-08-25 08:44:00+00:00,False,True,True,30.0,False,True,True,True,True,True,True,False,True,False,,,True,1,0,1,0,lectura_duplicada:viaje_id_timestamp,cuarentena
2026-08-21 20:30:00+00:00,VIA-00977,ORD-2026-01289,CAM-20,PROD-056,,C,73.4,0,0,23427,centinela:temperatura_cabina_c,,fecha_local_bolivia_convertida_utc,,2026-08-21 16:30:00,VIA-00977,ORD-2026-01289,CAM-20,PROD-056,-999.0,C,73.4,0,0,VIA-00977,False,ORD-2026-01289,False,CAM-20,False,PROD-056,False,C,False,False,True,,False,False,73.4,False,False,0,False,False,0,False,False,False,False,False,False,True,2026-08-21 20:30:00+00:00,False,True,False,30.0,False,True,True,True,True,True,False,,True,False,,,True,1,0,1,0,centinela:temperatura_cabina_c,cuarentena
2026-08-05 18:02:00+00:00,VIA-00980,ORD-2026-05944,CAM-26,PROD-007,21.78,C,49.8,0,0,23504,lectura_duplicada:viaje_id_timestamp,,fecha_local_bolivia_convertida_utc,,2026-08-05 14:02:00,VIA-00980,ORD-2026-05944,CAM-26,PROD-007,21.78,C,49.8,0,0,VIA-00980,False,ORD-2026-05944,False,CAM-26,False,PROD-007,False,C,False,False,False,21.78,False,False,49.8,False,False,0,False,False,0,False,False,False,False,False,False,True,2026-08-05 18:02:00+00:00,False,True,True,30.0,False,True,True,True,True,True,True,False,True,False,,,True,1,0,1,0,lectura_duplicada:viaje_id_timestamp,cuarentena
2026-08-15 02:14:00+00:00,VIA-00982,ORD-2026-04963,CAM-24,PROD-034,,C,84.4,0,0,23562,centinela:temperatura_cabina_c,,fecha_local_bolivia_convertida_utc,,2026-08-14 22:14:00,VIA-00982,ORD-2026-04963,CAM-24,PROD-034,-999.0,C,84.4,0,0,VIA-00982,False,ORD-2026-04963,False,CAM-24,False,PROD-034,False,C,False,False,True,,False,False,84.4,False,False,0,False,False,0,False,False,False,False,False,False,True,2026-08-15 02:14:00+00:00,False,True,False,30.0,False,True,True,True,True,True,False,,True,False,,,True,1,0,1,0,centinela:temperatura_cabina_c,cuarentena
2026-08-08 20:52:00+00:00,VIA-00984,ORD-2026-02983,CAM-24,PROD-058,,C,74.9,0,0,23602,temperatura_ausente,,fecha_local_bolivia_convertida_utc,,2026-08-08 16:52:00,VIA-00984,ORD-2026-02983,CAM-24,PROD-058,,C,74.9,0,0,VIA-00984,False,ORD-2026-02983,False,CAM-24,False,PROD-058,False,C,False,False,False,,False,False,74.9,False,False,0,False,False,0,False,False,False,True,False,False,True,2026-08-08 20:52:00+00:00,False,True,False,30.0,False,True,True,True,True,True,False,,True,False,,,True,1,0,1,0,temperatura_ausente,cuarentena
2026-08-04 17:49:00+00:00,VIA-00985,ORD-2026-01091,CAM-19,PROD-058,-17.56,C,54.4,0,0,23618,lectura_duplicada:viaje_id_timestamp,,fecha_local_bolivia_convertida_utc,,2026-08-04 13:49:00,VIA-00985,ORD-2026-01091,CAM-19,PROD-058,-17.56,C,54.4,0,0,VIA-00985,False,ORD-2026-01091,False,CAM-19,False,PROD-058,False,C,False,False,False,-17.56,False,False,54.4,False,False,0,False,False,0,False,False,False,False,False,False,True,2026-08-04 17:49:00+00:00,False,True,True,,False,True,True,True,True,True,True,False,True,False,,,True,1,0,1,0,lectura_duplicada:viaje_id_timestamp,cuarentena
2026-08-17 06:59:00+00:00,VIA-00988,ORD-2026-04780,CAM-26,PROD-002,,C,56.6,0,0,23703,centinela:temperatura_cabina_c,,fecha_local_bolivia_convertida_utc,,2026-08-17 02:59:00,VIA-00988,ORD-2026-04780,CAM-26,PROD-002,-999.0,C,56.6,0,0,VIA-00988,False,ORD-2026-04780,False,CAM-26,False,PROD-002,False,C,False,False,True,,False,False,56.6,False,False,0,False,False,0,False,False,False,False,False,False,True,2026-08-17 06:59:00+00:00,False,True,False,30.0,False,True,True,True,True,True,False,,True,False,,,True,1,0,1,0,centinela:temperatura_cabina_c,cuarentena
2026-08-15 15:59:00+00:00,VIA-00989,ORD-2026-01031,CAM-21,PROD-012,18.81,C,42.5,0,0,23715,lectura_duplicada:viaje_id_timestamp,,fecha_local_bolivia_convertida_utc,,2026-08-15 11:59:00,VIA-00989,ORD-2026-01031,CAM-21,PROD-012,18.81,C,42.5,0,0,VIA-00989,False,ORD-2026-01031,False,CAM-21,False,PROD-012,False,C,False,False,False,18.81,False,False,42.5,False,False,0,False,False,0,False,False,False,False,False,False,True,2026-08-15 15:59:00+00:00,False,True,True,30.0,False,True,True,True,True,True,True,False,True,False,,,True,1,0,1,0,lectura_duplicada:viaje_id_timestamp,cuarentena
2026-08-10 07:43:00+00:00,VIA-00995,ORD-2026-07065,CAM-28,PROD-055,,C,56.3,0,0,23862,centinela:temperatura_cabina_c,,fecha_local_bolivia_convertida_utc,,2026-08-10 03:43:00,VIA-00995,ORD-2026-07065,CAM-28,PROD-055,-999.0,C,56.3,0,0,VIA-00995,False,ORD-2026-07065,False,CAM-28,False,PROD-055,False,C,False,False,True,,False,False,56.3,False,False,0,False,False,0,False,False,False,False,False,False,True,2026-08-10 07:43:00+00:00,False,True,False,30.0,False,True,True,True,True,True,False,,True,False,,,True,1,0,1,0,centinela:temperatura_cabina_c,cuarentena
2026-08-23 08:52:00+00:00,VIA-01000,ORD-2026-06120,CAM-25,PROD-016,,C,49.1,0,0,23992,temperatura_ausente,,fecha_local_bolivia_convertida_utc,,2026-08-23 04:52:00,VIA-01000,ORD-2026-06120,CAM-25,PROD-016,,C,49.1,0,0,VIA-01000,False,ORD-2026-06120,False,CAM-25,False,PROD-016,False,C,False,False,False,,False,False,49.1,False,False,0,False,False,0,False,False,False,True,False,False,True,2026-08-23 08:52:00+00:00,False,True,False,30.0,False,True,True,True,True,True,False,,True,False,,,True,1,0,1,0,temperatura_ausente,cuarentena
2026-08-27 08:18:00+00:00,VIA-01003,ORD-2026-06727,CAM-20,PROD-023,4.3,C,70.4,0,0,24053,lectura_duplicada:viaje_id_timestamp,,fecha_local_bolivia_convertida_utc,,2026-08-27 04:18:00,VIA-01003,ORD-2026-06727,CAM-20,PROD-023,4.3,C,70.4,0,0,VIA-01003,False,ORD-2026-06727,False,CAM-20,False,PROD-023,False,C,False,False,False,4.3,False,False,70.4,False,False,0,False,False,0,False,False,False,False,False,False,True,2026-08-27 08:18:00+00:00,False,True,True,30.0,False,True,True,True,True,True,True,False,True,False,,,True,1,0,1,0,lectura_duplicada:viaje_id_timestamp,cuarentena
2026-08-12 18:05:00+00:00,VIA-01017,ORD-2026-00092,CAM-26,PROD-019,,C,59.4,0,0,24403,centinela:temperatura_cabina_c,,fecha_local_bolivia_convertida_utc,,2026-08-12 14:05:00,VIA-01017,ORD-2026-00092,CAM-26,PROD-019,-999.0,C,59.4,0,0,VIA-01017,False,ORD-2026-00092,False,CAM-26,False,PROD-019,False,C,False,False,True,,False,False,59.4,False,False,0,False,False,0,False,False,False,False,False,False,True,2026-08-12 18:05:00+00:00,False,True,False,30.0,False,True,True,True,True,True,False,,True,False,,,True,1,0,1,0,centinela:temperatura_cabina_c,cuarentena
2026-08-21 16:20:00+00:00,VIA-01023,ORD-2026-03826,CAM-02,PROD-009,3.73,C,67.5,0,0,24542,lectura_duplicada:viaje_id_timestamp,,fecha_local_bolivia_convertida_utc,,2026-08-21 12:20:00,VIA-01023,ORD-2026-03826,CAM-02,PROD-009,3.73,C,67.5,0,0,VIA-01023,False,ORD-2026-03826,False,CAM-02,False,PROD-009,False,C,False,False,False,3.73,False,False,67.5,False,False,0,False,False,0,False,False,False,False,False,False,True,2026-08-21 16:20:00+00:00,False,True,True,30.0,False,True,True,True,True,True,True,False,True,False,,,True,1,0,1,0,lectura_duplicada:viaje_id_timestamp,cuarentena
2026-08-29 06:29:00+00:00,VIA-01024,ORD-2026-04021,CAM-20,PROD-039,16.64,C,53.8,0,0,24559,lectura_duplicada:viaje_id_timestamp,,fecha_local_bolivia_convertida_utc,,2026-08-29 02:29:00,VIA-01024,ORD-2026-04021,CAM-20,PROD-039,16.64,C,53.8,0,0,VIA-01024,False,ORD-2026-04021,False,CAM-20,False,PROD-039,False,C,False,False,False,16.64,False,False,53.8,False,False,0,False,False,0,False,False,False,False,False,False,True,2026-08-29 06:29:00+00:00,False,True,True,30.0,False,True,True,True,True,True,True,False,True,False,,,True,1,0,1,0,lectura_duplicada:viaje_id_timestamp,cuarentena
2026-08-03 12:03:00+00:00,VIA-01025,ORD-2026-01983,CAM-18,PROD-047,5.16,C,-92.6,0,0,24580,humedad_fuera_rango_0_100,,fecha_local_bolivia_convertida_utc,,2026-08-03 08:03:00,VIA-01025,ORD-2026-01983,CAM-18,PROD-047,5.16,C,-92.6,0,0,VIA-01025,False,ORD-2026-01983,False,CAM-18,False,PROD-047,False,C,False,False,False,5.16,False,False,-92.6,False,False,0,False,False,0,False,False,False,False,False,True,True,2026-08-03 12:03:00+00:00,False,True,False,30.0,False,True,True,True,True,True,True,False,True,False,,,True,1,0,1,0,humedad_fuera_rango_0_100,cuarentena
2026-08-25 13:47:00+00:00,VIA-01026,ORD-2026-00985,CAM-25,PROD-044,2.88,C,82.7,0,0,24621,lectura_duplicada:viaje_id_timestamp,,fecha_local_bolivia_convertida_utc,,2026-08-25 09:47:00,VIA-01026,ORD-2026-00985,CAM-25,PROD-044,2.88,C,82.7,0,0,VIA-01026,False,ORD-2026-00985,False,CAM-25,False,PROD-044,False,C,False,False,False,2.88,False,False,82.7,False,False,0,False,False,0,False,False,False,False,False,False,True,2026-08-25 13:47:00+00:00,False,True,True,30.0,False,True,True,True,True,True,True,False,True,False,,,True,1,0,1,0,lectura_duplicada:viaje_id_timestamp,cuarentena
2026-08-03 08:51:00+00:00,VIA-01027,ORD-2026-00798,CAM-19,PROD-054,,C,69.4,0,0,24648,centinela:temperatura_cabina_c,,fecha_local_bolivia_convertida_utc,,2026-08-03 04:51:00,VIA-01027,ORD-2026-00798,CAM-19,PROD-054,-999.0,C,69.4,0,0,VIA-01027,False,ORD-2026-00798,False,CAM-19,False,PROD-054,False,C,False,False,True,,False,False,69.4,False,False,0,False,False,0,False,False,False,False,False,False,True,2026-08-03 08:51:00+00:00,False,True,False,30.0,False,True,True,True,True,True,False,,True,False,,,True,1,0,1,0,centinela:temperatura_cabina_c,cuarentena
2026-08-14 05:36:00+00:00,VIA-01028,ORD-2026-07477,CAM-15,PROD-034,4.93,C,79.0,0,0,24666,lectura_duplicada:viaje_id_timestamp,,fecha_local_bolivia_convertida_utc,,2026-08-14 01:36:00,VIA-01028,ORD-2026-07477,CAM-15,PROD-034,4.93,C,79.0,0,0,VIA-01028,False,ORD-2026-07477,False,CAM-15,False,PROD-034,False,C,False,False,False,4.93,False,False,79.0,False,False,0,False,False,0,False,False,False,False,False,False,True,2026-08-14 05:36:00+00:00,False,True,True,30.0,False,True,True,True,True,True,True,False,True,False,,,True,1,0,1,0,lectura_duplicada:viaje_id_timestamp,cuarentena
2026-08-05 11:19:00+00:00,VIA-01029,ORD-2026-05517,CAM-24,PROD-034,,C,72.8,0,0,24675,temperatura_ausente,,fecha_local_bolivia_convertida_utc,,2026-08-05 07:19:00,VIA-01029,ORD-2026-05517,CAM-24,PROD-034,,C,72.8,0,0,VIA-01029,False,ORD-2026-05517,False,CAM-24,False,PROD-034,False,C,False,False,False,,False,False,72.8,False,False,0,False,False,0,False,False,False,True,False,False,True,2026-08-05 11:19:00+00:00,False,True,False,30.0,False,True,True,True,True,True,False,,True,False,,,True,1,0,1,0,temperatura_ausente,cuarentena
2026-08-19 08:44:00+00:00,VIA-01035,ORD-2026-03286,CAM-10,PROD-014,,C,63.1,0,0,24839,centinela:temperatura_cabina_c,order_id_sin_correspondencia_wms_silver | producto_id_sin_correspondencia_silver,fecha_local_bolivia_convertida_utc,,2026-08-19 04:44:00,VIA-01035,ORD-2026-03286,CAM-10,PROD-014,-999.0,C,63.1,0,0,VIA-01035,False,ORD-2026-03286,False,CAM-10,False,PROD-014,False,C,False,False,True,,False,False,63.1,False,False,0,False,False,0,False,False,False,False,False,False,True,2026-08-19 08:44:00+00:00,False,True,False,30.0,False,False,False,True,True,True,False,,True,False,,,True,1,0,1,2,centinela:temperatura_cabina_c,cuarentena
2026-08-16 08:08:00+00:00,VIA-01036,ORD-2026-03048,CAM-19,PROD-051,-18.99,C,61.0,0,0,24846,lectura_duplicada:viaje_id_timestamp,,fecha_local_bolivia_convertida_utc,,2026-08-16 04:08:00,VIA-01036,ORD-2026-03048,CAM-19,PROD-051,-18.99,C,61.0,0,0,VIA-01036,False,ORD-2026-03048,False,CAM-19,False,PROD-051,False,C,False,False,False,-18.99,False,False,61.0,False,False,0,False,False,0,False,False,False,False,False,False,True,2026-08-16 08:08:00+00:00,False,True,True,30.0,False,True,True,True,True,True,True,False,True,False,,,True,1,0,1,0,lectura_duplicada:viaje_id_timestamp,cuarentena
2026-08-16 09:38:00+00:00,VIA-01036,ORD-2026-03048,CAM-19,PROD-051,-17.26,C,74.7,0,0,24849,lectura_duplicada:viaje_id_timestamp,,fecha_local_bolivia_convertida_utc,,2026-08-16 05:38:00,VIA-01036,ORD-2026-03048,CAM-19,PROD-051,-17.26,C,74.7,0,0,VIA-01036,False,ORD-2026-03048,False,CAM-19,False,PROD-051,False,C,False,False,False,-17.26,False,False,74.7,False,False,0,False,False,0,False,False,False,False,False,False,True,2026-08-16 09:38:00+00:00,False,True,True,30.0,False,True,True,True,True,True,True,False,True,False,,,True,1,0,1,0,lectura_duplicada:viaje_id_timestamp,cuarentena
2026-08-16 05:22:00+00:00,VIA-01056,ORD-2026-02364,CAM-28,PROD-008,-17.47,C,60.7,0,0,25337,lectura_duplicada:viaje_id_timestamp,,fecha_local_bolivia_convertida_utc,,2026-08-16 01:22:00,VIA-01056,ORD-2026-02364,CAM-28,PROD-008,-17.47,C,60.7,0,0,VIA-01056,False,ORD-2026-02364,False,CAM-28,False,PROD-008,False,C,False,False,False,-17.47,False,False,60.7,False,False,0,False,False,0,False,False,False,False,False,False,True,2026-08-16 05:22:00+00:00,False,True,True,30.0,False,True,True,True,True,True,True,False,True,False,,,True,1,0,1,0,lectura_duplicada:viaje_id_timestamp,cuarentena
2026-08-19 13:55:00+00:00,VIA-01062,ORD-2026-01155,CAM-20,PROD-009,,C,77.8,0,0,25486,centinela:temperatura_cabina_c,,fecha_local_bolivia_convertida_utc,,2026-08-19 09:55:00,VIA-01062,ORD-2026-01155,CAM-20,PROD-009,-999.0,C,77.8,0,0,VIA-01062,False,ORD-2026-01155,False,CAM-20,False,PROD-009,False,C,False,False,True,,False,False,77.8,False,False,0,False,False,0,False,False,False,False,False,False,True,2026-08-19 13:55:00+00:00,False,True,False,30.0,False,True,True,True,True,True,False,,True,False,,,True,1,0,1,0,centinela:temperatura_cabina_c,cuarentena
2026-08-28 12:15:00+00:00,VIA-01064,ORD-2026-01024,CAM-09,PROD-039,21.12,C,53.2,0,0,25522,lectura_duplicada:viaje_id_timestamp,,fecha_local_bolivia_convertida_utc,,2026-08-28 08:15:00,VIA-01064,ORD-2026-01024,CAM-09,PROD-039,21.12,C,53.2,0,0,VIA-01064,False,ORD-2026-01024,False,CAM-09,False,PROD-039,False,C,False,False,False,21.12,False,False,53.2,False,False,0,False,False,0,False,False,False,False,False,False,True,2026-08-28 12:15:00+00:00,False,True,True,30.0,False,True,True,True,True,True,True,False,True,False,,,True,1,0,1,0,lectura_duplicada:viaje_id_timestamp,cuarentena
2026-08-28 17:45:00+00:00,VIA-01064,ORD-2026-01024,CAM-09,PROD-039,,C,48.3,0,0,25533,centinela:temperatura_cabina_c,,fecha_local_bolivia_convertida_utc,,2026-08-28 13:45:00,VIA-01064,ORD-2026-01024,CAM-09,PROD-039,-999.0,C,48.3,0,0,VIA-01064,False,ORD-2026-01024,False,CAM-09,False,PROD-039,False,C,False,False,True,,False,False,48.3,False,False,0,False,False,0,False,False,False,False,False,False,True,2026-08-28 17:45:00+00:00,False,True,False,30.0,False,True,True,True,True,True,False,,True,False,,,True,1,0,1,0,centinela:temperatura_cabina_c,cuarentena
2026-08-28 19:15:00+00:00,VIA-01064,ORD-2026-01024,CAM-09,PROD-039,,C,49.7,0,0,25536,temperatura_ausente,,fecha_local_bolivia_convertida_utc,,2026-08-28 15:15:00,VIA-01064,ORD-2026-01024,CAM-09,PROD-039,,C,49.7,0,0,VIA-01064,False,ORD-2026-01024,False,CAM-09,False,PROD-039,False,C,False,False,False,,False,False,49.7,False,False,0,False,False,0,False,False,False,True,False,False,True,2026-08-28 19:15:00+00:00,False,True,False,30.0,False,True,True,True,True,True,False,,True,False,,,True,1,0,1,0,temperatura_ausente,cuarentena
2026-08-08 02:28:00+00:00,VIA-01068,ORD-2026-01414,CAM-28,PROD-023,,C,85.4,1,0,25631,temperatura_ausente,,fecha_local_bolivia_convertida_utc,,2026-08-07 22:28:00,VIA-01068,ORD-2026-01414,CAM-28,PROD-023,,C,85.4,1,0,VIA-01068,False,ORD-2026-01414,False,CAM-28,False,PROD-023,False,C,False,False,False,,False,False,85.4,False,False,1,False,False,0,False,False,False,True,False,False,True,2026-08-08 02:28:00+00:00,False,True,False,30.0,False,True,True,True,True,True,False,,True,False,,,True,1,0,1,0,temperatura_ausente,cuarentena
2026-08-20 22:11:00+00:00,VIA-01070,ORD-2026-03508,CAM-02,PROD-052,2.89,C,78.8,0,0,25662,lectura_duplicada:viaje_id_timestamp,,fecha_local_bolivia_convertida_utc,,2026-08-20 18:11:00,VIA-01070,ORD-2026-03508,CAM-02,PROD-052,2.89,C,78.8,0,0,VIA-01070,False,ORD-2026-03508,False,CAM-02,False,PROD-052,False,C,False,False,False,2.89,False,False,78.8,False,False,0,False,False,0,False,False,False,False,False,False,True,2026-08-20 22:11:00+00:00,False,True,True,30.0,False,True,True,True,True,True,True,False,True,False,,,True,1,0,1,0,lectura_duplicada:viaje_id_timestamp,cuarentena
2026-08-22 21:38:00+00:00,VIA-01086,ORD-2026-06737,CAM-08,PROD-047,,C,70.9,0,0,26048,temperatura_ausente,,fecha_local_bolivia_convertida_utc,,2026-08-22 17:38:00,VIA-01086,ORD-2026-06737,CAM-08,PROD-047,,C,70.9,0,0,VIA-01086,False,ORD-2026-06737,False,CAM-08,False,PROD-047,False,C,False,False,False,,False,False,70.9,False,False,0,False,False,0,False,False,False,True,False,False,True,2026-08-22 21:38:00+00:00,False,True,False,30.0,False,True,True,True,True,True,False,,True,False,,,True,1,0,1,0,temperatura_ausente,cuarentena
2026-08-17 06:16:00+00:00,VIA-01088,ORD-2026-05447,CAM-25,PROD-033,18.34,C,50.3,0,0,26093,lectura_duplicada:viaje_id_timestamp,,fecha_local_bolivia_convertida_utc,,2026-08-17 02:16:00,VIA-01088,ORD-2026-05447,CAM-25,PROD-033,18.34,C,50.3,0,0,VIA-01088,False,ORD-2026-05447,False,CAM-25,False,PROD-033,False,C,False,False,False,18.34,False,False,50.3,False,False,0,False,False,0,False,False,False,False,False,False,True,2026-08-17 06:16:00+00:00,False,True,True,30.0,False,True,True,True,True,True,True,False,True,False,,,True,1,0,1,0,lectura_duplicada:viaje_id_timestamp,cuarentena
2026-08-17 06:46:00+00:00,VIA-01088,ORD-2026-05447,CAM-25,PROD-033,,C,46.0,0,0,26094,centinela:temperatura_cabina_c,,fecha_local_bolivia_convertida_utc,,2026-08-17 02:46:00,VIA-01088,ORD-2026-05447,CAM-25,PROD-033,-999.0,C,46.0,0,0,VIA-01088,False,ORD-2026-05447,False,CAM-25,False,PROD-033,False,C,False,False,True,,False,False,46.0,False,False,0,False,False,0,False,False,False,False,False,False,True,2026-08-17 06:46:00+00:00,False,True,False,30.0,False,True,True,True,True,True,False,,True,False,,,True,1,0,1,0,centinela:temperatura_cabina_c,cuarentena
2026-08-17 10:46:00+00:00,VIA-01088,ORD-2026-05447,CAM-25,PROD-033,20.62,C,-37.4,0,0,26102,humedad_fuera_rango_0_100,,fecha_local_bolivia_convertida_utc,,2026-08-17 06:46:00,VIA-01088,ORD-2026-05447,CAM-25,PROD-033,20.62,C,-37.4,0,0,VIA-01088,False,ORD-2026-05447,False,CAM-25,False,PROD-033,False,C,False,False,False,20.62,False,False,-37.4,False,False,0,False,False,0,False,False,False,False,False,True,True,2026-08-17 10:46:00+00:00,False,True,False,30.0,False,True,True,True,True,True,True,False,True,False,,,True,1,0,1,0,humedad_fuera_rango_0_100,cuarentena
2026-08-20 20:32:00+00:00,VIA-01089,ORD-2026-01989,CAM-26,PROD-048,,C,41.6,0,0,26121,centinela:temperatura_cabina_c,,fecha_local_bolivia_convertida_utc,,2026-08-20 16:32:00,VIA-01089,ORD-2026-01989,CAM-26,PROD-048,-999.0,C,41.6,0,0,VIA-01089,False,ORD-2026-01989,False,CAM-26,False,PROD-048,False,C,False,False,True,,False,False,41.6,False,False,0,False,False,0,False,False,False,False,False,False,True,2026-08-20 20:32:00+00:00,False,True,False,30.0,False,True,True,True,True,True,False,,True,False,,,True,1,0,1,0,centinela:temperatura_cabina_c,cuarentena
2026-08-06 15:38:00+00:00,VIA-01090,ORD-2026-06698,CAM-01,PROD-024,,K,28.0,0,0,26153,unidad_temperatura_no_esperada:K,order_id_sin_correspondencia_wms_silver | producto_id_sin_correspondencia_silver | camion_id_sin_correspondencia_silver,fecha_local_bolivia_convertida_utc,,2026-08-06 11:38:00,VIA-01090,ORD-2026-06698,CAM-01,PROD-024,291.22,K,28.0,0,0,VIA-01090,False,ORD-2026-06698,False,CAM-01,False,PROD-024,False,K,False,False,False,,False,False,28.0,False,False,0,False,False,0,False,True,False,False,False,False,True,2026-08-06 15:38:00+00:00,False,True,False,30.0,False,False,False,False,True,True,False,,True,False,,,True,1,0,1,3,unidad_temperatura_no_esperada:K,cuarentena
2026-08-06 17:38:00+00:00,VIA-01090,ORD-2026-06698,CAM-01,PROD-024,,C,43.3,0,0,26157,temperatura_ausente,order_id_sin_correspondencia_wms_silver | producto_id_sin_correspondencia_silver | camion_id_sin_correspondencia_silver,fecha_local_bolivia_convertida_utc,,2026-08-06 13:38:00,VIA-01090,ORD-2026-06698,CAM-01,PROD-024,,C,43.3,0,0,VIA-01090,False,ORD-2026-06698,False,CAM-01,False,PROD-024,False,C,False,False,False,,False,False,43.3,False,False,0,False,False,0,False,False,False,True,False,False,True,2026-08-06 17:38:00+00:00,False,True,False,30.0,False,False,False,False,True,True,False,,True,False,,,True,1,0,1,3,temperatura_ausente,cuarentena
,VIA-01094,ORD-2026-01593,CAM-08,PROD-025,-18.8,C,65.2,0,0,26243,timestamp_invalido,,,,2026-02-31 09:15:00,VIA-01094,ORD-2026-01593,CAM-08,PROD-025,-18.8,C,65.2,0,0,VIA-01094,False,ORD-2026-01593,False,CAM-08,False,PROD-025,False,C,False,False,False,-18.8,False,False,65.2,False,False,0,False,False,0,False,False,False,False,False,False,True,,True,False,False,,False,True,True,True,True,True,True,False,True,False,,,False,0,0,1,0,timestamp_invalido,cuarentena
2026-08-11 15:32:00+00:00,VIA-01099,ORD-2026-03719,CAM-30,PROD-048,,C,43.2,0,0,26354,temperatura_ausente,,fecha_local_bolivia_convertida_utc,,2026-08-11 11:32:00,VIA-01099,ORD-2026-03719,CAM-30,PROD-048,,C,43.2,0,0,VIA-01099,False,ORD-2026-03719,False,CAM-30,False,PROD-048,False,C,False,False,False,,False,False,43.2,False,False,0,False,False,0,False,False,False,True,False,False,True,2026-08-11 15:32:00+00:00,False,True,False,,False,True,True,True,True,True,False,,True,False,,,True,1,0,1,0,temperatura_ausente,cuarentena
2026-08-14 06:28:00+00:00,VIA-01102,ORD-2026-04077,CAM-19,PROD-014,,C,47.7,0,0,26426,temperatura_ausente,order_id_sin_correspondencia_wms_silver | producto_id_sin_correspondencia_silver,fecha_local_bolivia_convertida_utc,,2026-08-14 02:28:00,VIA-01102,ORD-2026-04077,CAM-19,PROD-014,,C,47.7,0,0,VIA-01102,False,ORD-2026-04077,False,CAM-19,False,PROD-014,False,C,False,False,False,,False,False,47.7,False,False,0,False,False,0,False,False,False,True,False,False,True,2026-08-14 06:28:00+00:00,False,True,False,,False,False,False,True,True,True,False,,True,False,,,True,1,0,1,2,temperatura_ausente,cuarentena
2026-08-13 03:04:00+00:00,VIA-01106,ORD-2026-03592,CAM-25,PROD-024,,C,54.5,0,0,26526,centinela:temperatura_cabina_c,order_id_sin_correspondencia_wms_silver | producto_id_sin_correspondencia_silver,fecha_local_bolivia_convertida_utc,,2026-08-12 23:04:00,VIA-01106,ORD-2026-03592,CAM-25,PROD-024,-999.0,C,54.5,0,0,VIA-01106,False,ORD-2026-03592,False,CAM-25,False,PROD-024,False,C,False,False,True,,False,False,54.5,False,False,0,False,False,0,False,False,False,False,False,False,True,2026-08-13 03:04:00+00:00,False,True,False,30.0,False,False,False,True,True,True,False,,True,False,,,True,1,0,1,2,centinela:temperatura_cabina_c,cuarentena
2026-08-03 14:21:00+00:00,VIA-01108,ORD-2026-04770,CAM-11,PROD-004,4.54,C,-76.6,0,0,26585,humedad_fuera_rango_0_100,,fecha_local_bolivia_convertida_utc,,2026-08-03 10:21:00,VIA-01108,ORD-2026-04770,CAM-11,PROD-004,4.54,C,-76.6,0,0,VIA-01108,False,ORD-2026-04770,False,CAM-11,False,PROD-004,False,C,False,False,False,4.54,False,False,-76.6,False,False,0,False,False,0,False,False,False,False,False,True,True,2026-08-03 14:21:00+00:00,False,True,False,30.0,False,True,True,True,True,True,True,False,True,False,,,True,1,0,1,0,humedad_fuera_rango_0_100,cuarentena
2026-08-07 16:39:00+00:00,VIA-01134,ORD-2026-05392,CAM-09,PROD-012,,C,51.6,0,0,27215,centinela:temperatura_cabina_c,,fecha_local_bolivia_convertida_utc,,2026-08-07 12:39:00,VIA-01134,ORD-2026-05392,CAM-09,PROD-012,-999.0,C,51.6,0,0,VIA-01134,False,ORD-2026-05392,False,CAM-09,False,PROD-012,False,C,False,False,True,,False,False,51.6,False,False,0,False,False,0,False,False,False,False,False,False,True,2026-08-07 16:39:00+00:00,False,True,False,30.0,False,True,True,True,True,True,False,,True,False,,,True,1,0,1,0,centinela:temperatura_cabina_c,cuarentena
2026-08-24 23:35:00+00:00,VIA-01138,ORD-2026-04129,CAM-03,PROD-019,,C,52.0,0,0,27299,temperatura_ausente,,fecha_local_bolivia_convertida_utc,,2026-08-24 19:35:00,VIA-01138,ORD-2026-04129,CAM-03,PROD-019,,C,52.0,0,0,VIA-01138,False,ORD-2026-04129,False,CAM-03,False,PROD-019,False,C,False,False,False,,False,False,52.0,False,False,0,False,False,0,False,False,False,True,False,False,True,2026-08-24 23:35:00+00:00,False,True,False,30.0,False,True,True,True,True,True,False,,True,False,,,True,1,0,1,0,temperatura_ausente,cuarentena
2026-08-07 08:23:00+00:00,VIA-01141,ORD-2026-06915,CAM-18,PROD-040,,C,43.2,0,0,27381,centinela:temperatura_cabina_c,,fecha_local_bolivia_convertida_utc,,2026-08-07 04:23:00,VIA-01141,ORD-2026-06915,CAM-18,PROD-040,-999.0,C,43.2,0,0,VIA-01141,False,ORD-2026-06915,False,CAM-18,False,PROD-040,False,C,False,False,True,,False,False,43.2,False,False,0,False,False,0,False,False,False,False,False,False,True,2026-08-07 08:23:00+00:00,False,True,False,30.0,False,True,True,True,True,True,False,,True,False,,,True,1,0,1,0,centinela:temperatura_cabina_c,cuarentena
2026-08-10 19:05:00+00:00,VIA-01142,ORD-2026-06640,CAM-28,PROD-008,,C,61.6,0,0,27391,centinela:temperatura_cabina_c,,fecha_local_bolivia_convertida_utc,,2026-08-10 15:05:00,VIA-01142,ORD-2026-06640,CAM-28,PROD-008,-999.0,C,61.6,0,0,VIA-01142,False,ORD-2026-06640,False,CAM-28,False,PROD-008,False,C,False,False,True,,False,False,61.6,False,False,0,False,False,0,False,False,False,False,False,False,True,2026-08-10 19:05:00+00:00,False,True,False,30.0,False,True,True,True,True,True,False,,True,False,,,True,1,0,1,0,centinela:temperatura_cabina_c,cuarentena
2026-08-06 08:01:00+00:00,VIA-01143,ORD-2026-03531,CAM-27,PROD-019,18.79,C,-39.8,0,0,27422,humedad_fuera_rango_0_100,order_id_sin_correspondencia_wms_silver | camion_id_sin_correspondencia_silver,fecha_local_bolivia_convertida_utc,,2026-08-06 04:01:00,VIA-01143,ORD-2026-03531,CAM-27,PROD-019,18.79,C,-39.8,0,0,VIA-01143,False,ORD-2026-03531,False,CAM-27,False,PROD-019,False,C,False,False,False,18.79,False,False,-39.8,False,False,0,False,False,0,False,False,False,False,False,True,True,2026-08-06 08:01:00+00:00,False,True,False,30.0,False,False,True,False,True,True,True,False,True,False,,,True,1,0,1,2,humedad_fuera_rango_0_100,cuarentena
2026-08-17 15:38:00+00:00,VIA-01144,ORD-2026-04306,CAM-26,PROD-002,,C,46.8,0,0,27444,temperatura_ausente,,fecha_local_bolivia_convertida_utc,,2026-08-17 11:38:00,VIA-01144,ORD-2026-04306,CAM-26,PROD-002,,C,46.8,0,0,VIA-01144,False,ORD-2026-04306,False,CAM-26,False,PROD-002,False,C,False,False,False,,False,False,46.8,False,False,0,False,False,0,False,False,False,True,False,False,True,2026-08-17 15:38:00+00:00,False,True,False,30.0,False,True,True,True,True,True,False,,True,False,,,True,1,0,1,0,temperatura_ausente,cuarentena
2026-08-08 18:52:00+00:00,VIA-01146,ORD-2026-06006,CAM-08,PROD-036,5.09,C,72.2,0,0,27495,lectura_duplicada:viaje_id_timestamp,order_id_sin_correspondencia_wms_silver | producto_id_sin_correspondencia_silver,fecha_local_bolivia_convertida_utc,,2026-08-08 14:52:00,VIA-01146,ORD-2026-06006,CAM-08,PROD-036,5.09,C,72.2,0,0,VIA-01146,False,ORD-2026-06006,False,CAM-08,False,PROD-036,False,C,False,False,False,5.09,False,False,72.2,False,False,0,False,False,0,False,False,False,False,False,False,True,2026-08-08 18:52:00+00:00,False,True,True,30.0,False,False,False,True,True,True,False,,True,False,,,True,1,0,1,2,lectura_duplicada:viaje_id_timestamp,cuarentena
2026-08-20 01:04:00+00:00,VIA-01148,ORD-2026-03254,CAM-19,PROD-047,,C,63.6,0,0,27543,centinela:temperatura_cabina_c,,fecha_local_bolivia_convertida_utc,,2026-08-19 21:04:00,VIA-01148,ORD-2026-03254,CAM-19,PROD-047,-999.0,C,63.6,0,0,VIA-01148,False,ORD-2026-03254,False,CAM-19,False,PROD-047,False,C,False,False,True,,False,False,63.6,False,False,0,False,False,0,False,False,False,False,False,False,True,2026-08-20 01:04:00+00:00,False,True,False,30.0,False,True,True,True,True,True,False,,True,False,,,True,1,0,1,0,centinela:temperatura_cabina_c,cuarentena
2026-08-11 02:58:00+00:00,VIA-01151,ORD-2026-01183,CAM-28,PROD-037,,C,69.8,0,0,27606,centinela:temperatura_cabina_c,,fecha_local_bolivia_convertida_utc,,2026-08-10 22:58:00,VIA-01151,ORD-2026-01183,CAM-28,PROD-037,-999.0,C,69.8,0,0,VIA-01151,False,ORD-2026-01183,False,CAM-28,False,PROD-037,False,C,False,False,True,,False,False,69.8,False,False,0,False,False,0,False,False,False,False,False,False,True,2026-08-11 02:58:00+00:00,False,True,False,30.0,False,True,True,True,True,True,False,,True,False,,,True,1,0,1,0,centinela:temperatura_cabina_c,cuarentena
2026-08-27 09:48:00+00:00,VIA-01159,ORD-2026-05279,CAM-01,PROD-054,,C,55.3,0,1,27808,centinela:temperatura_cabina_c,order_id_sin_correspondencia_wms_silver | camion_id_sin_correspondencia_silver,fecha_local_bolivia_convertida_utc,,2026-08-27 05:48:00,VIA-01159,ORD-2026-05279,CAM-01,PROD-054,-999.0,C,55.3,0,1,VIA-01159,False,ORD-2026-05279,False,CAM-01,False,PROD-054,False,C,False,False,True,,False,False,55.3,False,False,0,False,False,1,False,False,False,False,False,False,True,2026-08-27 09:48:00+00:00,False,True,False,30.0,False,False,True,False,True,True,False,,True,False,,,True,1,0,1,2,centinela:temperatura_cabina_c,cuarentena
2026-08-03 18:45:00+00:00,VIA-01164,ORD-2026-05578,CAM-04,PROD-003,,C,33.7,0,0,27937,temperatura_ausente,,fecha_local_bolivia_convertida_utc,,2026-08-03 14:45:00,VIA-01164,ORD-2026-05578,CAM-04,PROD-003,,C,33.7,0,0,VIA-01164,False,ORD-2026-05578,False,CAM-04,False,PROD-003,False,C,False,False,False,,False,False,33.7,False,False,0,False,False,0,False,False,False,True,False,False,True,2026-08-03 18:45:00+00:00,False,True,False,30.0,False,True,True,True,True,True,False,,True,False,,,True,1,0,1,0,temperatura_ausente,cuarentena
2026-08-16 12:41:00+00:00,VIA-01166,ORD-2026-01739,CAM-27,PROD-050,23.28,C,45.8,0,0,27978,lectura_duplicada:viaje_id_timestamp,order_id_sin_correspondencia_wms_silver | camion_id_sin_correspondencia_silver,fecha_local_bolivia_convertida_utc,,2026-08-16 08:41:00,VIA-01166,ORD-2026-01739,CAM-27,PROD-050,23.28,C,45.8,0,0,VIA-01166,False,ORD-2026-01739,False,CAM-27,False,PROD-050,False,C,False,False,False,23.28,False,False,45.8,False,False,0,False,False,0,False,False,False,False,False,False,True,2026-08-16 12:41:00+00:00,False,True,True,30.0,False,False,True,False,True,True,True,False,True,False,,,True,1,0,1,2,lectura_duplicada:viaje_id_timestamp,cuarentena
2026-08-02 04:15:00+00:00,VIA-01172,ORD-2026-02661,CAM-26,PROD-046,,C,57.5,0,0,28112,temperatura_ausente,,fecha_local_bolivia_convertida_utc,,2026-08-02 00:15:00,VIA-01172,ORD-2026-02661,CAM-26,PROD-046,,C,57.5,0,0,VIA-01172,False,ORD-2026-02661,False,CAM-26,False,PROD-046,False,C,False,False,False,,False,False,57.5,False,False,0,False,False,0,False,False,False,True,False,False,True,2026-08-02 04:15:00+00:00,False,True,False,30.0,False,True,True,True,True,True,False,,True,False,,,True,1,0,1,0,temperatura_ausente,cuarentena
2026-08-02 12:45:00+00:00,VIA-01172,ORD-2026-02661,CAM-26,PROD-046,19.44,C,34.7,0,0,28129,lectura_duplicada:viaje_id_timestamp,,fecha_local_bolivia_convertida_utc,,2026-08-02 08:45:00,VIA-01172,ORD-2026-02661,CAM-26,PROD-046,19.44,C,34.7,0,0,VIA-01172,False,ORD-2026-02661,False,CAM-26,False,PROD-046,False,C,False,False,False,19.44,False,False,34.7,False,False,0,False,False,0,False,False,False,False,False,False,True,2026-08-02 12:45:00+00:00,False,True,True,30.0,False,True,True,True,True,True,True,False,True,False,,,True,1,0,1,0,lectura_duplicada:viaje_id_timestamp,cuarentena
,VIA-01173,ORD-2026-01654,CAM-15,PROD-025,-19.12,C,65.0,0,0,28133,timestamp_invalido,order_id_sin_correspondencia_wms_silver,,,2026-02-31 09:15:00,VIA-01173,ORD-2026-01654,CAM-15,PROD-025,-19.12,C,65.0,0,0,VIA-01173,False,ORD-2026-01654,False,CAM-15,False,PROD-025,False,C,False,False,False,-19.12,False,False,65.0,False,False,0,False,False,0,False,False,False,False,False,False,True,,True,False,False,,False,False,True,True,True,True,True,False,True,False,,,False,0,0,1,1,timestamp_invalido,cuarentena
2026-08-16 12:15:00+00:00,VIA-01175,ORD-2026-00491,CAM-08,PROD-015,,C,70.3,0,0,28182,temperatura_ausente,,fecha_local_bolivia_convertida_utc,,2026-08-16 08:15:00,VIA-01175,ORD-2026-00491,CAM-08,PROD-015,,C,70.3,0,0,VIA-01175,False,ORD-2026-00491,False,CAM-08,False,PROD-015,False,C,False,False,False,,False,False,70.3,False,False,0,False,False,0,False,False,False,True,False,False,True,2026-08-16 12:15:00+00:00,False,True,False,30.0,False,True,True,True,True,True,False,,True,False,,,True,1,0,1,0,temperatura_ausente,cuarentena
2026-08-16 15:15:00+00:00,VIA-01175,ORD-2026-00491,CAM-08,PROD-015,,K,74.6,0,0,28188,unidad_temperatura_no_esperada:K,,fecha_local_bolivia_convertida_utc,,2026-08-16 11:15:00,VIA-01175,ORD-2026-00491,CAM-08,PROD-015,276.55,K,74.6,0,0,VIA-01175,False,ORD-2026-00491,False,CAM-08,False,PROD-015,False,K,False,False,False,,False,False,74.6,False,False,0,False,False,0,False,True,False,False,False,False,True,2026-08-16 15:15:00+00:00,False,True,False,30.0,False,True,True,True,True,True,False,,True,False,,,True,1,0,1,0,unidad_temperatura_no_esperada:K,cuarentena
2026-08-06 00:51:00+00:00,VIA-01181,ORD-2026-01540,CAM-19,PROD-057,,C,45.4,0,0,28337,temperatura_ausente,,fecha_local_bolivia_convertida_utc,,2026-08-05 20:51:00,VIA-01181,ORD-2026-01540,CAM-19,PROD-057,,C,45.4,0,0,VIA-01181,False,ORD-2026-01540,False,CAM-19,False,PROD-057,False,C,False,False,False,,False,False,45.4,False,False,0,False,False,0,False,False,False,True,False,False,True,2026-08-06 00:51:00+00:00,False,True,False,30.0,False,True,True,True,True,True,False,,True,False,,,True,1,0,1,0,temperatura_ausente,cuarentena
2026-08-12 22:33:00+00:00,VIA-01182,ORD-2026-01656,CAM-26,PROD-048,21.01,C,46.3,0,0,28352,lectura_duplicada:viaje_id_timestamp,,fecha_local_bolivia_convertida_utc,,2026-08-12 18:33:00,VIA-01182,ORD-2026-01656,CAM-26,PROD-048,21.01,C,46.3,0,0,VIA-01182,False,ORD-2026-01656,False,CAM-26,False,PROD-048,False,C,False,False,False,21.01,False,False,46.3,False,False,0,False,False,0,False,False,False,False,False,False,True,2026-08-12 22:33:00+00:00,False,True,True,30.0,False,True,True,True,True,True,True,False,True,False,,,True,1,0,1,0,lectura_duplicada:viaje_id_timestamp,cuarentena
2026-08-29 12:57:00+00:00,VIA-01184,ORD-2026-01082,CAM-12,PROD-006,17.04,C,49.2,0,0,28416,lectura_duplicada:viaje_id_timestamp,,fecha_local_bolivia_convertida_utc,,2026-08-29 08:57:00,VIA-01184,ORD-2026-01082,CAM-12,PROD-006,17.04,C,49.2,0,0,VIA-01184,False,ORD-2026-01082,False,CAM-12,False,PROD-006,False,C,False,False,False,17.04,False,False,49.2,False,False,0,False,False,0,False,False,False,False,False,False,True,2026-08-29 12:57:00+00:00,False,True,True,30.0,False,True,True,True,True,True,True,False,True,False,,,True,1,0,1,0,lectura_duplicada:viaje_id_timestamp,cuarentena
2026-08-04 08:24:00+00:00,VIA-01188,ORD-2026-04191,CAM-24,PROD-001,,C,75.3,0,0,28491,centinela:temperatura_cabina_c,,fecha_local_bolivia_convertida_utc,,2026-08-04 04:24:00,VIA-01188,ORD-2026-04191,CAM-24,PROD-001,-999.0,C,75.3,0,0,VIA-01188,False,ORD-2026-04191,False,CAM-24,False,PROD-001,False,C,False,False,True,,False,False,75.3,False,False,0,False,False,0,False,False,False,False,False,False,True,2026-08-04 08:24:00+00:00,False,True,False,30.0,False,True,True,True,True,True,False,,True,False,,,True,1,0,1,0,centinela:temperatura_cabina_c,cuarentena
2026-08-11 00:07:00+00:00,VIA-00236,ORD-2026-03207,CAM-29,PROD-050,22.03,C,41.3,0,0,28802,lectura_duplicada:viaje_id_timestamp,secuencia_fuente_fuera_orden,fecha_local_bolivia_convertida_utc,,2026-08-10 20:07:00,VIA-00236,ORD-2026-03207,CAM-29,PROD-050,22.03,C,41.3,0,0,VIA-00236,False,ORD-2026-03207,False,CAM-29,False,PROD-050,False,C,False,False,False,22.03,False,False,41.3,False,False,0,False,False,0,False,False,False,False,False,False,True,2026-08-11 00:07:00+00:00,False,True,True,-150.0,True,True,True,True,True,True,True,False,True,False,,,True,1,0,1,1,lectura_duplicada:viaje_id_timestamp,cuarentena
2026-08-21 20:21:00+00:00,VIA-00184,ORD-2026-02963,CAM-19,PROD-008,-19.1,C,82.6,0,0,28803,lectura_duplicada:viaje_id_timestamp,secuencia_fuente_fuera_orden,fecha_local_bolivia_convertida_utc,,2026-08-21 16:21:00,VIA-00184,ORD-2026-02963,CAM-19,PROD-008,-19.1,C,82.6,0,0,VIA-00184,False,ORD-2026-02963,False,CAM-19,False,PROD-008,False,C,False,False,False,-19.1,False,False,82.6,False,False,0,False,False,0,False,False,False,False,False,False,True,2026-08-21 20:21:00+00:00,False,True,True,-390.0,True,True,True,True,True,True,True,False,True,False,,,True,1,0,1,1,lectura_duplicada:viaje_id_timestamp,cuarentena
2026-08-25 08:44:00+00:00,VIA-00970,ORD-2026-00258,CAM-04,PROD-057,16.78,C,48.8,0,0,28804,lectura_duplicada:viaje_id_timestamp,secuencia_fuente_fuera_orden,fecha_local_bolivia_convertida_utc,,2026-08-25 04:44:00,VIA-00970,ORD-2026-00258,CAM-04,PROD-057,16.78,C,48.8,0,0,VIA-00970,False,ORD-2026-00258,False,CAM-04,False,PROD-057,False,C,False,False,False,16.78,False,False,48.8,False,False,0,False,False,0,False,False,False,False,False,False,True,2026-08-25 08:44:00+00:00,False,True,True,-540.0,True,True,True,True,True,True,True,False,True,False,,,True,1,0,1,1,lectura_duplicada:viaje_id_timestamp,cuarentena
2026-08-18 08:11:00+00:00,VIA-00194,ORD-2026-06568,CAM-16,PROD-030,21.32,C,63.3,0,0,28805,lectura_duplicada:viaje_id_timestamp,secuencia_fuente_fuera_orden,fecha_local_bolivia_convertida_utc,,2026-08-18 04:11:00,VIA-00194,ORD-2026-06568,CAM-16,PROD-030,21.32,C,63.3,0,0,VIA-00194,False,ORD-2026-06568,False,CAM-16,False,PROD-030,False,C,False,False,False,21.32,False,False,63.3,False,False,0,False,False,0,False,False,False,False,False,False,True,2026-08-18 08:11:00+00:00,False,True,True,-660.0,True,True,True,True,True,True,True,False,True,False,,,True,1,0,1,1,lectura_duplicada:viaje_id_timestamp,cuarentena
2026-08-02 15:49:00+00:00,VIA-00914,ORD-2026-01504,CAM-10,PROD-014,17.85,C,39.5,0,0,28806,lectura_duplicada:viaje_id_timestamp,secuencia_fuente_fuera_orden | order_id_sin_correspondencia_wms_silver | producto_id_sin_correspondencia_silver,fecha_local_bolivia_convertida_utc,,2026-08-02 11:49:00,VIA-00914,ORD-2026-01504,CAM-10,PROD-014,17.85,C,39.5,0,0,VIA-00914,False,ORD-2026-01504,False,CAM-10,False,PROD-014,False,C,False,False,False,17.85,False,False,39.5,False,False,0,False,False,0,False,False,False,False,False,False,True,2026-08-02 15:49:00+00:00,False,True,True,-270.0,True,False,False,True,True,True,False,,True,False,,,True,1,0,1,3,lectura_duplicada:viaje_id_timestamp,cuarentena
2026-08-19 15:40:00+00:00,VIA-00259,ORD-2026-04308,CAM-28,PROD-028,18.88,C,43.4,0,0,28807,lectura_duplicada:viaje_id_timestamp,secuencia_fuente_fuera_orden | order_id_sin_correspondencia_wms_silver | producto_id_sin_correspondencia_silver,fecha_local_bolivia_convertida_utc,,2026-08-19 11:40:00,VIA-00259,ORD-2026-04308,CAM-28,PROD-028,18.88,C,43.4,0,0,VIA-00259,False,ORD-2026-04308,False,CAM-28,False,PROD-028,False,C,False,False,False,18.88,False,False,43.4,False,False,0,False,False,0,False,False,False,False,False,False,True,2026-08-19 15:40:00+00:00,False,True,True,-660.0,True,False,False,True,True,True,False,,True,False,,,True,1,0,1,3,lectura_duplicada:viaje_id_timestamp,cuarentena
2026-08-18 21:23:00+00:00,VIA-00242,ORD-2026-04829,CAM-27,PROD-004,2.93,C,78.1,0,0,28808,lectura_duplicada:viaje_id_timestamp,secuencia_fuente_fuera_orden | order_id_sin_correspondencia_wms_silver | camion_id_sin_correspondencia_silver,fecha_local_bolivia_convertida_utc,,2026-08-18 17:23:00,VIA-00242,ORD-2026-04829,CAM-27,PROD-004,2.93,C,78.1,0,0,VIA-00242,False,ORD-2026-04829,False,CAM-27,False,PROD-004,False,C,False,False,False,2.93,False,False,78.1,False,False,0,False,False,0,False,False,False,False,False,False,True,2026-08-18 21:23:00+00:00,False,True,True,-660.0,True,False,True,False,True,True,True,False,True,False,,,True,1,0,1,3,lectura_duplicada:viaje_id_timestamp,cuarentena
2026-08-12 06:44:00+00:00,VIA-00662,ORD-2026-05320,CAM-10,PROD-058,-18.66,C,62.2,0,0,28809,lectura_duplicada:viaje_id_timestamp,secuencia_fuente_fuera_orden,fecha_local_bolivia_convertida_utc,,2026-08-12 02:44:00,VIA-00662,ORD-2026-05320,CAM-10,PROD-058,-18.66,C,62.2,0,0,VIA-00662,False,ORD-2026-05320,False,CAM-10,False,PROD-058,False,C,False,False,False,-18.66,False,False,62.2,False,False,0,False,False,0,False,False,False,False,False,False,True,2026-08-12 06:44:00+00:00,False,True,True,-690.0,True,True,True,True,True,True,True,False,True,False,,,True,1,0,1,1,lectura_duplicada:viaje_id_timestamp,cuarentena
2026-08-16 09:38:00+00:00,VIA-01036,ORD-2026-03048,CAM-19,PROD-051,-17.26,C,74.7,0,0,28810,lectura_duplicada:viaje_id_timestamp,secuencia_fuente_fuera_orden,fecha_local_bolivia_convertida_utc,,2026-08-16 05:38:00,VIA-01036,ORD-2026-03048,CAM-19,PROD-051,-17.26,C,74.7,0,0,VIA-01036,False,ORD-2026-03048,False,CAM-19,False,PROD-051,False,C,False,False,False,-17.26,False,False,74.7,False,False,0,False,False,0,False,False,False,False,False,False,True,2026-08-16 09:38:00+00:00,False,True,True,-480.0,True,True,True,True,True,True,True,False,True,False,,,True,1,0,1,1,lectura_duplicada:viaje_id_timestamp,cuarentena
2026-08-02 12:45:00+00:00,VIA-01172,ORD-2026-02661,CAM-26,PROD-046,19.44,C,34.7,0,0,28811,lectura_duplicada:viaje_id_timestamp,,fecha_local_bolivia_convertida_utc,,2026-08-02 08:45:00,VIA-01172,ORD-2026-02661,CAM-26,PROD-046,19.44,C,34.7,0,0,VIA-01172,False,ORD-2026-02661,False,CAM-26,False,PROD-046,False,C,False,False,False,19.44,False,False,34.7,False,False,0,False,False,0,False,False,False,False,False,False,True,2026-08-02 12:45:00+00:00,False,True,True,0.0,False,True,True,True,True,True,True,False,True,False,,,True,1,0,1,0,lectura_duplicada:viaje_id_timestamp,cuarentena
2026-08-06 09:11:00+00:00,VIA-00363,ORD-2026-07429,CAM-10,PROD-001,4.07,C,91.4,0,0,28812,lectura_duplicada:viaje_id_timestamp,secuencia_fuente_fuera_orden,fecha_local_bolivia_convertida_utc,,2026-08-06 05:11:00,VIA-00363,ORD-2026-07429,CAM-10,PROD-001,4.07,C,91.4,0,0,VIA-00363,False,ORD-2026-07429,False,CAM-10,False,PROD-001,False,C,False,False,False,4.07,False,False,91.4,False,False,0,False,False,0,False,False,False,False,False,False,True,2026-08-06 09:11:00+00:00,False,True,True,-360.0,True,True,True,True,True,True,True,False,True,False,,,True,1,0,1,1,lectura_duplicada:viaje_id_timestamp,cuarentena
2026-08-26 14:35:00+00:00,VIA-00927,ORD-2026-07022,CAM-20,PROD-002,22.24,C,42.0,0,0,28813,lectura_duplicada:viaje_id_timestamp,secuencia_fuente_fuera_orden,fecha_local_bolivia_convertida_utc,,2026-08-26 10:35:00,VIA-00927,ORD-2026-07022,CAM-20,PROD-002,22.24,C,42.0,0,0,VIA-00927,False,ORD-2026-07022,False,CAM-20,False,PROD-002,False,C,False,False,False,22.24,False,False,42.0,False,False,0,False,False,0,False,False,False,False,False,False,True,2026-08-26 14:35:00+00:00,False,True,True,-420.0,True,True,True,True,True,True,True,False,True,False,,,True,1,0,1,1,lectura_duplicada:viaje_id_timestamp,cuarentena
2026-08-15 19:30:00+00:00,VIA-00807,ORD-2026-01194,CAM-29,PROD-018,18.9,C,51.4,0,0,28814,lectura_duplicada:viaje_id_timestamp,secuencia_fuente_fuera_orden,fecha_local_bolivia_convertida_utc,,2026-08-15 15:30:00,VIA-00807,ORD-2026-01194,CAM-29,PROD-018,18.9,C,51.4,0,0,VIA-00807,False,ORD-2026-01194,False,CAM-29,False,PROD-018,False,C,False,False,False,18.9,False,False,51.4,False,False,0,False,False,0,False,False,False,False,False,False,True,2026-08-15 19:30:00+00:00,False,True,True,-600.0,True,True,True,True,True,True,True,False,True,False,,,True,1,0,1,1,lectura_duplicada:viaje_id_timestamp,cuarentena
2026-08-09 15:02:00+00:00,VIA-00486,ORD-2026-04675,CAM-08,PROD-053,4.5,C,76.4,0,0,28815,lectura_duplicada:viaje_id_timestamp,secuencia_fuente_fuera_orden,fecha_local_bolivia_convertida_utc,,2026-08-09 11:02:00,VIA-00486,ORD-2026-04675,CAM-08,PROD-053,4.5,C,76.4,0,0,VIA-00486,False,ORD-2026-04675,False,CAM-08,False,PROD-053,False,C,False,False,False,4.5,False,False,76.4,False,False,0,False,False,0,False,False,False,False,False,False,True,2026-08-09 15:02:00+00:00,False,True,True,-480.0,True,True,True,True,True,True,True,False,True,False,,,True,1,0,1,1,lectura_duplicada:viaje_id_timestamp,cuarentena
2026-08-20 01:30:00+00:00,VIA-00197,ORD-2026-01303,CAM-19,PROD-005,15.39,C,44.7,0,0,28816,lectura_duplicada:viaje_id_timestamp,secuencia_fuente_fuera_orden,fecha_local_bolivia_convertida_utc,,2026-08-19 21:30:00,VIA-00197,ORD-2026-01303,CAM-19,PROD-005,15.39,C,44.7,0,0,VIA-00197,False,ORD-2026-01303,False,CAM-19,False,PROD-005,False,C,False,False,False,15.39,False,False,44.7,False,False,0,False,False,0,False,False,False,False,False,False,True,2026-08-20 01:30:00+00:00,False,True,True,-240.0,True,True,True,True,True,True,True,False,True,False,,,True,1,0,1,1,lectura_duplicada:viaje_id_timestamp,cuarentena
2026-08-28 22:01:00+00:00,VIA-00670,ORD-2026-03021,CAM-08,PROD-041,-19.21,C,78.3,0,0,28817,lectura_duplicada:viaje_id_timestamp,secuencia_fuente_fuera_orden,fecha_local_bolivia_convertida_utc,,2026-08-28 18:01:00,VIA-00670,ORD-2026-03021,CAM-08,PROD-041,-19.21,C,78.3,0,0,VIA-00670,False,ORD-2026-03021,False,CAM-08,False,PROD-041,False,C,False,False,False,-19.21,False,False,78.3,False,False,0,False,False,0,False,False,False,False,False,False,True,2026-08-28 22:01:00+00:00,False,True,True,-210.0,True,True,True,True,True,True,True,False,True,False,,,True,1,0,1,1,lectura_duplicada:viaje_id_timestamp,cuarentena
2026-08-16 08:20:00+00:00,VIA-00781,ORD-2026-05431,CAM-08,PROD-001,3.95,C,69.3,0,0,28818,lectura_duplicada:viaje_id_timestamp,secuencia_fuente_fuera_orden,fecha_local_bolivia_convertida_utc,,2026-08-16 04:20:00,VIA-00781,ORD-2026-05431,CAM-08,PROD-001,3.95,C,69.3,0,0,VIA-00781,False,ORD-2026-05431,False,CAM-08,False,PROD-001,False,C,False,False,False,3.95,False,False,69.3,False,False,0,False,False,0,False,False,False,False,False,False,True,2026-08-16 08:20:00+00:00,False,True,True,-90.0,True,True,True,True,True,True,True,False,True,False,,,True,1,0,1,1,lectura_duplicada:viaje_id_timestamp,cuarentena
2026-08-10 03:54:00+00:00,VIA-00053,ORD-2026-03071,CAM-19,PROD-011,-19.27,C,73.8,0,0,28819,lectura_duplicada:viaje_id_timestamp,secuencia_fuente_fuera_orden,fecha_local_bolivia_convertida_utc,,2026-08-09 23:54:00,VIA-00053,ORD-2026-03071,CAM-19,PROD-011,-19.27,C,73.8,0,0,VIA-00053,False,ORD-2026-03071,False,CAM-19,False,PROD-011,False,C,False,False,False,-19.27,False,False,73.8,False,False,0,False,False,0,False,False,False,False,False,False,True,2026-08-10 03:54:00+00:00,False,True,True,-270.0,True,True,True,True,True,True,True,False,True,False,,,True,1,0,1,1,lectura_duplicada:viaje_id_timestamp,cuarentena
2026-08-29 10:13:00+00:00,VIA-00047,ORD-2026-03263,CAM-20,PROD-028,21.22,C,50.4,0,0,28820,lectura_duplicada:viaje_id_timestamp,secuencia_fuente_fuera_orden | order_id_sin_correspondencia_wms_silver | producto_id_sin_correspondencia_silver,fecha_local_bolivia_convertida_utc,,2026-08-29 06:13:00,VIA-00047,ORD-2026-03263,CAM-20,PROD-028,21.22,C,50.4,0,0,VIA-00047,False,ORD-2026-03263,False,CAM-20,False,PROD-028,False,C,False,False,False,21.22,False,False,50.4,False,False,0,False,False,0,False,False,False,False,False,False,True,2026-08-29 10:13:00+00:00,False,True,True,-540.0,True,False,False,True,True,True,False,,True,False,,,True,1,0,1,3,lectura_duplicada:viaje_id_timestamp,cuarentena
2026-08-23 19:01:00+00:00,VIA-00305,ORD-2026-02961,CAM-09,PROD-007,20.73,C,39.4,0,0,28821,lectura_duplicada:viaje_id_timestamp,secuencia_fuente_fuera_orden,fecha_local_bolivia_convertida_utc,,2026-08-23 15:01:00,VIA-00305,ORD-2026-02961,CAM-09,PROD-007,20.73,C,39.4,0,0,VIA-00305,False,ORD-2026-02961,False,CAM-09,False,PROD-007,False,C,False,False,False,20.73,False,False,39.4,False,False,0,False,False,0,False,False,False,False,False,False,True,2026-08-23 19:01:00+00:00,False,True,True,-270.0,True,True,True,True,True,True,True,False,True,False,,,True,1,0,1,1,lectura_duplicada:viaje_id_timestamp,cuarentena
2026-08-23 19:16:00+00:00,VIA-00122,ORD-2026-04337,CAM-04,PROD-039,19.96,C,45.8,0,0,28822,lectura_duplicada:viaje_id_timestamp,secuencia_fuente_fuera_orden,fecha_local_bolivia_convertida_utc,,2026-08-23 15:16:00,VIA-00122,ORD-2026-04337,CAM-04,PROD-039,19.96,C,45.8,0,0,VIA-00122,False,ORD-2026-04337,False,CAM-04,False,PROD-039,False,C,False,False,False,19.96,False,False,45.8,False,False,0,False,False,0,False,False,False,False,False,False,True,2026-08-23 19:16:00+00:00,False,True,True,-450.0,True,True,True,True,True,True,True,False,True,False,,,True,1,0,1,1,lectura_duplicada:viaje_id_timestamp,cuarentena
2026-08-03 07:34:00+00:00,VIA-00823,ORD-2026-03527,CAM-19,PROD-044,8.85,C,82.2,1,1,28823,lectura_duplicada:viaje_id_timestamp,secuencia_fuente_fuera_orden,fecha_local_bolivia_convertida_utc,,2026-08-03 03:34:00,VIA-00823,ORD-2026-03527,CAM-19,PROD-044,8.85,C,82.2,1,1,VIA-00823,False,ORD-2026-03527,False,CAM-19,False,PROD-044,False,C,False,False,False,8.85,False,False,82.2,False,False,1,False,False,1,False,False,False,False,False,False,True,2026-08-03 07:34:00+00:00,False,True,True,-390.0,True,True,True,True,True,True,True,True,True,False,,,True,1,0,1,1,lectura_duplicada:viaje_id_timestamp,cuarentena
2026-08-04 04:41:00+00:00,VIA-00896,ORD-2026-06348,CAM-09,PROD-014,19.26,C,41.6,0,0,28824,lectura_duplicada:viaje_id_timestamp,secuencia_fuente_fuera_orden | order_id_sin_correspondencia_wms_silver | producto_id_sin_correspondencia_silver,fecha_local_bolivia_convertida_utc,,2026-08-04 00:41:00,VIA-00896,ORD-2026-06348,CAM-09,PROD-014,19.26,C,41.6,0,0,VIA-00896,False,ORD-2026-06348,False,CAM-09,False,PROD-014,False,C,False,False,False,19.26,False,False,41.6,False,False,0,False,False,0,False,False,False,False,False,False,True,2026-08-04 04:41:00+00:00,False,True,True,-360.0,True,False,False,True,True,True,False,,True,False,,,True,1,0,1,3,lectura_duplicada:viaje_id_timestamp,cuarentena
2026-08-01 19:38:00+00:00,VIA-00380,ORD-2026-02526,CAM-08,PROD-004,3.39,C,74.5,0,0,28825,lectura_duplicada:viaje_id_timestamp,secuencia_fuente_fuera_orden,fecha_local_bolivia_convertida_utc,,2026-08-01 15:38:00,VIA-00380,ORD-2026-02526,CAM-08,PROD-004,3.39,C,74.5,0,0,VIA-00380,False,ORD-2026-02526,False,CAM-08,False,PROD-004,False,C,False,False,False,3.39,False,False,74.5,False,False,0,False,False,0,False,False,False,False,False,False,True,2026-08-01 19:38:00+00:00,False,True,True,-300.0,True,True,True,True,True,True,True,False,True,False,,,True,1,0,1,1,lectura_duplicada:viaje_id_timestamp,cuarentena
2026-08-06 17:54:00+00:00,VIA-00679,ORD-2026-05063,CAM-08,PROD-004,3.08,C,81.6,0,0,28826,lectura_duplicada:viaje_id_timestamp,secuencia_fuente_fuera_orden,fecha_local_bolivia_convertida_utc,,2026-08-06 13:54:00,VIA-00679,ORD-2026-05063,CAM-08,PROD-004,3.08,C,81.6,0,0,VIA-00679,False,ORD-2026-05063,False,CAM-08,False,PROD-004,False,C,False,False,False,3.08,False,False,81.6,False,False,0,False,False,0,False,False,False,False,False,False,True,2026-08-06 17:54:00+00:00,False,True,True,-420.0,True,True,True,True,True,True,True,False,True,False,,,True,1,0,1,1,lectura_duplicada:viaje_id_timestamp,cuarentena
2026-08-12 16:57:00+00:00,VIA-00217,ORD-2026-05269,CAM-28,PROD-036,3.57,C,75.6,0,0,28827,lectura_duplicada:viaje_id_timestamp,secuencia_fuente_fuera_orden | order_id_sin_correspondencia_wms_silver | producto_id_sin_correspondencia_silver,fecha_local_bolivia_convertida_utc,,2026-08-12 12:57:00,VIA-00217,ORD-2026-05269,CAM-28,PROD-036,3.57,C,75.6,0,0,VIA-00217,False,ORD-2026-05269,False,CAM-28,False,PROD-036,False,C,False,False,False,3.57,False,False,75.6,False,False,0,False,False,0,False,False,False,False,False,False,True,2026-08-12 16:57:00+00:00,False,True,True,-690.0,True,False,False,True,True,True,False,,True,False,,,True,1,0,1,3,lectura_duplicada:viaje_id_timestamp,cuarentena
2026-08-30 14:57:00+00:00,VIA-00027,ORD-2026-05466,CAM-20,PROD-026,3.31,C,78.1,0,0,28828,lectura_duplicada:viaje_id_timestamp,order_id_sin_correspondencia_wms_silver | producto_id_sin_correspondencia_silver,fecha_local_bolivia_convertida_utc,,2026-08-30 10:57:00,VIA-00027,ORD-2026-05466,CAM-20,PROD-026,3.31,C,78.1,0,0,VIA-00027,False,ORD-2026-05466,False,CAM-20,False,PROD-026,False,C,False,False,False,3.31,False,False,78.1,False,False,0,False,False,0,False,False,False,False,False,False,True,2026-08-30 14:57:00+00:00,False,True,True,0.0,False,False,False,True,True,True,False,,True,False,,,True,1,0,1,2,lectura_duplicada:viaje_id_timestamp,cuarentena
2026-08-06 18:54:00+00:00,VIA-00051,ORD-2026-04075,CAM-28,PROD-025,-18.07,C,55.7,0,0,28829,lectura_duplicada:viaje_id_timestamp,secuencia_fuente_fuera_orden,fecha_local_bolivia_convertida_utc,,2026-08-06 14:54:00,VIA-00051,ORD-2026-04075,CAM-28,PROD-025,-18.07,C,55.7,0,0,VIA-00051,False,ORD-2026-04075,False,CAM-28,False,PROD-025,False,C,False,False,False,-18.07,False,False,55.7,False,False,0,False,False,0,False,False,False,False,False,False,True,2026-08-06 18:54:00+00:00,False,True,True,-90.0,True,True,True,True,True,True,True,False,True,False,,,True,1,0,1,1,lectura_duplicada:viaje_id_timestamp,cuarentena
2026-08-03 09:18:00+00:00,VIA-00864,ORD-2026-00645,CAM-24,PROD-043,-17.96,C,71.4,0,0,28830,lectura_duplicada:viaje_id_timestamp,secuencia_fuente_fuera_orden,fecha_local_bolivia_convertida_utc,,2026-08-03 05:18:00,VIA-00864,ORD-2026-00645,CAM-24,PROD-043,-17.96,C,71.4,0,0,VIA-00864,False,ORD-2026-00645,False,CAM-24,False,PROD-043,False,C,False,False,False,-17.96,False,False,71.4,False,False,0,False,False,0,False,False,False,False,False,False,True,2026-08-03 09:18:00+00:00,False,True,True,-600.0,True,True,True,True,True,True,True,False,True,False,,,True,1,0,1,1,lectura_duplicada:viaje_id_timestamp,cuarentena
2026-08-20 22:11:00+00:00,VIA-01070,ORD-2026-03508,CAM-02,PROD-052,2.89,C,78.8,0,0,28831,lectura_duplicada:viaje_id_timestamp,secuencia_fuente_fuera_orden,fecha_local_bolivia_convertida_utc,,2026-08-20 18:11:00,VIA-01070,ORD-2026-03508,CAM-02,PROD-052,2.89,C,78.8,0,0,VIA-01070,False,ORD-2026-03508,False,CAM-02,False,PROD-052,False,C,False,False,False,2.89,False,False,78.8,False,False,0,False,False,0,False,False,False,False,False,False,True,2026-08-20 22:11:00+00:00,False,True,True,-570.0,True,True,True,True,True,True,True,False,True,False,,,True,1,0,1,1,lectura_duplicada:viaje_id_timestamp,cuarentena
2026-08-20 19:36:00+00:00,VIA-00856,ORD-2026-05146,CAM-28,PROD-024,19.68,C,43.1,0,0,28832,lectura_duplicada:viaje_id_timestamp,secuencia_fuente_fuera_orden | order_id_sin_correspondencia_wms_silver | producto_id_sin_correspondencia_silver,fecha_local_bolivia_convertida_utc,,2026-08-20 15:36:00,VIA-00856,ORD-2026-05146,CAM-28,PROD-024,19.68,C,43.1,0,0,VIA-00856,False,ORD-2026-05146,False,CAM-28,False,PROD-024,False,C,False,False,False,19.68,False,False,43.1,False,False,0,False,False,0,False,False,False,False,False,False,True,2026-08-20 19:36:00+00:00,False,True,True,-480.0,True,False,False,True,True,True,False,,True,False,,,True,1,0,1,3,lectura_duplicada:viaje_id_timestamp,cuarentena
2026-08-14 10:56:00+00:00,VIA-00379,ORD-2026-04281,CAM-08,PROD-008,-16.48,C,67.8,0,0,28833,lectura_duplicada:viaje_id_timestamp,secuencia_fuente_fuera_orden,fecha_local_bolivia_convertida_utc,,2026-08-14 06:56:00,VIA-00379,ORD-2026-04281,CAM-08,PROD-008,-16.48,C,67.8,0,0,VIA-00379,False,ORD-2026-04281,False,CAM-08,False,PROD-008,False,C,False,False,False,-16.48,False,False,67.8,False,False,0,False,False,0,False,False,False,False,False,False,True,2026-08-14 10:56:00+00:00,False,True,True,-270.0,True,True,True,True,True,True,True,False,True,False,,,True,1,0,1,1,lectura_duplicada:viaje_id_timestamp,cuarentena
2026-08-13 08:00:00+00:00,VIA-00002,ORD-2026-04815,CAM-12,PROD-029,19.63,C,59.6,0,0,28834,lectura_duplicada:viaje_id_timestamp,secuencia_fuente_fuera_orden,fecha_local_bolivia_convertida_utc,,2026-08-13 04:00:00,VIA-00002,ORD-2026-04815,CAM-12,PROD-029,19.63,C,59.6,0,0,VIA-00002,False,ORD-2026-04815,False,CAM-12,False,PROD-029,False,C,False,False,False,19.63,False,False,59.6,False,False,0,False,False,0,False,False,False,False,False,False,True,2026-08-13 08:00:00+00:00,False,True,True,-420.0,True,True,True,True,True,True,True,False,True,False,,,True,1,0,1,1,lectura_duplicada:viaje_id_timestamp,cuarentena
2026-08-21 16:20:00+00:00,VIA-01023,ORD-2026-03826,CAM-02,PROD-009,3.73,C,67.5,0,0,28835,lectura_duplicada:viaje_id_timestamp,secuencia_fuente_fuera_orden,fecha_local_bolivia_convertida_utc,,2026-08-21 12:20:00,VIA-01023,ORD-2026-03826,CAM-02,PROD-009,3.73,C,67.5,0,0,VIA-01023,False,ORD-2026-03826,False,CAM-02,False,PROD-009,False,C,False,False,False,3.73,False,False,67.5,False,False,0,False,False,0,False,False,False,False,False,False,True,2026-08-21 16:20:00+00:00,False,True,True,-330.0,True,True,True,True,True,True,True,False,True,False,,,True,1,0,1,1,lectura_duplicada:viaje_id_timestamp,cuarentena
2026-08-08 18:52:00+00:00,VIA-01146,ORD-2026-06006,CAM-08,PROD-036,5.09,C,72.2,0,0,28836,lectura_duplicada:viaje_id_timestamp,secuencia_fuente_fuera_orden | order_id_sin_correspondencia_wms_silver | producto_id_sin_correspondencia_silver,fecha_local_bolivia_convertida_utc,,2026-08-08 14:52:00,VIA-01146,ORD-2026-06006,CAM-08,PROD-036,5.09,C,72.2,0,0,VIA-01146,False,ORD-2026-06006,False,CAM-08,False,PROD-036,False,C,False,False,False,5.09,False,False,72.2,False,False,0,False,False,0,False,False,False,False,False,False,True,2026-08-08 18:52:00+00:00,False,True,True,-300.0,True,False,False,True,True,True,False,,True,False,,,True,1,0,1,3,lectura_duplicada:viaje_id_timestamp,cuarentena
2026-08-05 13:12:00+00:00,VIA-00306,ORD-2026-06512,CAM-24,PROD-045,4.37,C,82.2,0,0,28837,lectura_duplicada:viaje_id_timestamp,secuencia_fuente_fuera_orden,fecha_local_bolivia_convertida_utc,,2026-08-05 09:12:00,VIA-00306,ORD-2026-06512,CAM-24,PROD-045,4.37,C,82.2,0,0,VIA-00306,False,ORD-2026-06512,False,CAM-24,False,PROD-045,False,C,False,False,False,4.37,False,False,82.2,False,False,0,False,False,0,False,False,False,False,False,False,True,2026-08-05 13:12:00+00:00,False,True,True,-150.0,True,True,True,True,True,True,True,False,True,False,,,True,1,0,1,1,lectura_duplicada:viaje_id_timestamp,cuarentena
2026-08-30 23:32:00+00:00,VIA-00673,ORD-2026-04325,CAM-20,PROD-027,4.29,C,80.9,0,0,28838,lectura_duplicada:viaje_id_timestamp,secuencia_fuente_fuera_orden,fecha_local_bolivia_convertida_utc,,2026-08-30 19:32:00,VIA-00673,ORD-2026-04325,CAM-20,PROD-027,4.29,C,80.9,0,0,VIA-00673,False,ORD-2026-04325,False,CAM-20,False,PROD-027,False,C,False,False,False,4.29,False,False,80.9,False,False,0,False,False,0,False,False,False,False,False,False,True,2026-08-30 23:32:00+00:00,False,True,True,-390.0,True,True,True,True,True,True,True,False,True,False,,,True,1,0,1,1,lectura_duplicada:viaje_id_timestamp,cuarentena
2026-08-04 21:56:00+00:00,VIA-00135,ORD-2026-02724,CAM-12,PROD-010,19.46,C,54.0,0,0,28839,lectura_duplicada:viaje_id_timestamp,secuencia_fuente_fuera_orden | order_id_sin_correspondencia_wms_silver | producto_id_sin_correspondencia_silver,fecha_local_bolivia_convertida_utc,,2026-08-04 17:56:00,VIA-00135,ORD-2026-02724,CAM-12,PROD-010,19.46,C,54.0,0,0,VIA-00135,False,ORD-2026-02724,False,CAM-12,False,PROD-010,False,C,False,False,False,19.46,False,False,54.0,False,False,0,False,False,0,False,False,False,False,False,False,True,2026-08-04 21:56:00+00:00,False,True,True,-150.0,True,False,False,True,True,True,False,,True,False,,,True,1,0,1,3,lectura_duplicada:viaje_id_timestamp,cuarentena
2026-08-02 03:23:00+00:00,VIA-00821,ORD-2026-06765,CAM-19,PROD-036,2.96,C,79.3,0,0,28840,lectura_duplicada:viaje_id_timestamp,secuencia_fuente_fuera_orden | order_id_sin_correspondencia_wms_silver | producto_id_sin_correspondencia_silver,fecha_local_bolivia_convertida_utc,,2026-08-01 23:23:00,VIA-00821,ORD-2026-06765,CAM-19,PROD-036,2.96,C,79.3,0,0,VIA-00821,False,ORD-2026-06765,False,CAM-19,False,PROD-036,False,C,False,False,False,2.96,False,False,79.3,False,False,0,False,False,0,False,False,False,False,False,False,True,2026-08-02 03:23:00+00:00,False,True,True,-420.0,True,False,False,True,True,True,False,,True,False,,,True,1,0,1,3,lectura_duplicada:viaje_id_timestamp,cuarentena
2026-08-20 13:55:00+00:00,VIA-00755,ORD-2026-06845,CAM-14,PROD-032,18.59,C,51.2,0,0,28841,lectura_duplicada:viaje_id_timestamp,secuencia_fuente_fuera_orden,fecha_local_bolivia_convertida_utc,,2026-08-20 09:55:00,VIA-00755,ORD-2026-06845,CAM-14,PROD-032,18.59,C,51.2,0,0,VIA-00755,False,ORD-2026-06845,False,CAM-14,False,PROD-032,False,C,False,False,False,18.59,False,False,51.2,False,False,0,False,False,0,False,False,False,False,False,False,True,2026-08-20 13:55:00+00:00,False,True,True,-270.0,True,True,True,True,True,True,True,False,True,False,,,True,1,0,1,1,lectura_duplicada:viaje_id_timestamp,cuarentena
2026-08-07 03:25:00+00:00,VIA-00531,ORD-2026-07401,CAM-08,PROD-058,-17.73,C,68.4,0,0,28842,lectura_duplicada:viaje_id_timestamp,secuencia_fuente_fuera_orden,fecha_local_bolivia_convertida_utc,,2026-08-06 23:25:00,VIA-00531,ORD-2026-07401,CAM-08,PROD-058,-17.73,C,68.4,0,0,VIA-00531,False,ORD-2026-07401,False,CAM-08,False,PROD-058,False,C,False,False,False,-17.73,False,False,68.4,False,False,0,False,False,0,False,False,False,False,False,False,True,2026-08-07 03:25:00+00:00,False,True,True,-690.0,True,True,True,True,True,True,True,False,True,False,,,True,1,0,1,1,lectura_duplicada:viaje_id_timestamp,cuarentena
2026-08-27 09:16:00+00:00,VIA-00757,ORD-2026-01175,CAM-20,PROD-042,20.86,C,50.7,0,0,28843,lectura_duplicada:viaje_id_timestamp,secuencia_fuente_fuera_orden,fecha_local_bolivia_convertida_utc,,2026-08-27 05:16:00,VIA-00757,ORD-2026-01175,CAM-20,PROD-042,20.86,C,50.7,0,0,VIA-00757,False,ORD-2026-01175,False,CAM-20,False,PROD-042,False,C,False,False,False,20.86,False,False,50.7,False,False,0,False,False,0,False,False,False,False,False,False,True,2026-08-27 09:16:00+00:00,False,True,True,-480.0,True,True,True,True,True,True,True,False,True,False,,,True,1,0,1,1,lectura_duplicada:viaje_id_timestamp,cuarentena
2026-08-30 18:53:00+00:00,VIA-00897,ORD-2026-04328,CAM-23,PROD-027,3.05,C,71.5,0,0,28844,lectura_duplicada:viaje_id_timestamp,secuencia_fuente_fuera_orden,fecha_local_bolivia_convertida_utc,,2026-08-30 14:53:00,VIA-00897,ORD-2026-04328,CAM-23,PROD-027,3.05,C,71.5,0,0,VIA-00897,False,ORD-2026-04328,False,CAM-23,False,PROD-027,False,C,False,False,False,3.05,False,False,71.5,False,False,0,False,False,0,False,False,False,False,False,False,True,2026-08-30 18:53:00+00:00,False,True,True,-660.0,True,True,True,True,True,True,True,False,True,False,,,True,1,0,1,1,lectura_duplicada:viaje_id_timestamp,cuarentena
2026-08-20 23:22:00+00:00,VIA-00091,ORD-2026-05940,CAM-26,PROD-053,4.46,C,78.3,0,0,28845,lectura_duplicada:viaje_id_timestamp,secuencia_fuente_fuera_orden,fecha_local_bolivia_convertida_utc,,2026-08-20 19:22:00,VIA-00091,ORD-2026-05940,CAM-26,PROD-053,4.46,C,78.3,0,0,VIA-00091,False,ORD-2026-05940,False,CAM-26,False,PROD-053,False,C,False,False,False,4.46,False,False,78.3,False,False,0,False,False,0,False,False,False,False,False,False,True,2026-08-20 23:22:00+00:00,False,True,True,-60.0,True,True,True,True,True,True,True,False,True,False,,,True,1,0,1,1,lectura_duplicada:viaje_id_timestamp,cuarentena
2026-08-05 18:02:00+00:00,VIA-00980,ORD-2026-05944,CAM-26,PROD-007,21.78,C,49.8,0,0,28846,lectura_duplicada:viaje_id_timestamp,secuencia_fuente_fuera_orden,fecha_local_bolivia_convertida_utc,,2026-08-05 14:02:00,VIA-00980,ORD-2026-05944,CAM-26,PROD-007,21.78,C,49.8,0,0,VIA-00980,False,ORD-2026-05944,False,CAM-26,False,PROD-007,False,C,False,False,False,21.78,False,False,49.8,False,False,0,False,False,0,False,False,False,False,False,False,True,2026-08-05 18:02:00+00:00,False,True,True,-510.0,True,True,True,True,True,True,True,False,True,False,,,True,1,0,1,1,lectura_duplicada:viaje_id_timestamp,cuarentena
2026-08-06 03:29:00+00:00,VIA-00640,ORD-2026-02492,CAM-22,PROD-047,3.86,C,66.3,0,0,28847,lectura_duplicada:viaje_id_timestamp,secuencia_fuente_fuera_orden,fecha_local_bolivia_convertida_utc,,2026-08-05 23:29:00,VIA-00640,ORD-2026-02492,CAM-22,PROD-047,3.86,C,66.3,0,0,VIA-00640,False,ORD-2026-02492,False,CAM-22,False,PROD-047,False,C,False,False,False,3.86,False,False,66.3,False,False,0,False,False,0,False,False,False,False,False,False,True,2026-08-06 03:29:00+00:00,False,True,True,-150.0,True,True,True,True,True,True,True,False,True,False,,,True,1,0,1,1,lectura_duplicada:viaje_id_timestamp,cuarentena
2026-08-29 03:01:00+00:00,VIA-00543,ORD-2026-03706,CAM-24,PROD-031,,C,46.3,0,0,28848,temperatura_ausente | lectura_duplicada:viaje_id_timestamp,secuencia_fuente_fuera_orden,fecha_local_bolivia_convertida_utc,,2026-08-28 23:01:00,VIA-00543,ORD-2026-03706,CAM-24,PROD-031,,C,46.3,0,0,VIA-00543,False,ORD-2026-03706,False,CAM-24,False,PROD-031,False,C,False,False,False,,False,False,46.3,False,False,0,False,False,0,False,False,False,True,False,False,True,2026-08-29 03:01:00+00:00,False,True,True,-480.0,True,True,True,True,True,True,False,,True,False,,,True,1,0,2,1,temperatura_ausente | lectura_duplicada:viaje_id_timestamp,cuarentena
2026-08-27 23:42:00+00:00,VIA-00475,ORD-2026-01792,CAM-03,PROD-016,18.45,C,,0,0,28849,lectura_duplicada:viaje_id_timestamp,humedad_ausente_no_imputada | secuencia_fuente_fuera_orden,fecha_local_bolivia_convertida_utc,,2026-08-27 19:42:00,VIA-00475,ORD-2026-01792,CAM-03,PROD-016,18.45,C,,0,0,VIA-00475,False,ORD-2026-01792,False,CAM-03,False,PROD-016,False,C,False,False,False,18.45,False,False,,False,False,0,False,False,0,False,False,False,False,True,False,True,2026-08-27 23:42:00+00:00,False,True,True,-450.0,True,True,True,True,True,True,True,False,True,False,,,True,1,0,1,2,lectura_duplicada:viaje_id_timestamp,cuarentena
2026-08-17 12:26:00+00:00,VIA-00073,ORD-2026-01330,CAM-13,PROD-018,20.25,C,53.6,0,0,28850,lectura_duplicada:viaje_id_timestamp,secuencia_fuente_fuera_orden,fecha_local_bolivia_convertida_utc,,2026-08-17 08:26:00,VIA-00073,ORD-2026-01330,CAM-13,PROD-018,20.25,C,53.6,0,0,VIA-00073,False,ORD-2026-01330,False,CAM-13,False,PROD-018,False,C,False,False,False,20.25,False,False,53.6,False,False,0,False,False,0,False,False,False,False,False,False,True,2026-08-17 12:26:00+00:00,False,True,True,-510.0,True,True,True,True,True,True,True,False,True,False,,,True,1,0,1,1,lectura_duplicada:viaje_id_timestamp,cuarentena
2026-08-04 17:49:00+00:00,VIA-00985,ORD-2026-01091,CAM-19,PROD-058,-17.56,C,54.4,0,0,28851,lectura_duplicada:viaje_id_timestamp,secuencia_fuente_fuera_orden,fecha_local_bolivia_convertida_utc,,2026-08-04 13:49:00,VIA-00985,ORD-2026-01091,CAM-19,PROD-058,-17.56,C,54.4,0,0,VIA-00985,False,ORD-2026-01091,False,CAM-19,False,PROD-058,False,C,False,False,False,-17.56,False,False,54.4,False,False,0,False,False,0,False,False,False,False,False,False,True,2026-08-04 17:49:00+00:00,False,True,True,-690.0,True,True,True,True,True,True,True,False,True,False,,,True,1,0,1,1,lectura_duplicada:viaje_id_timestamp,cuarentena
2026-08-12 22:33:00+00:00,VIA-01182,ORD-2026-01656,CAM-26,PROD-048,21.01,C,46.3,0,0,28852,lectura_duplicada:viaje_id_timestamp,secuencia_fuente_fuera_orden,fecha_local_bolivia_convertida_utc,,2026-08-12 18:33:00,VIA-01182,ORD-2026-01656,CAM-26,PROD-048,21.01,C,46.3,0,0,VIA-01182,False,ORD-2026-01656,False,CAM-26,False,PROD-048,False,C,False,False,False,21.01,False,False,46.3,False,False,0,False,False,0,False,False,False,False,False,False,True,2026-08-12 22:33:00+00:00,False,True,True,-510.0,True,True,True,True,True,True,True,False,True,False,,,True,1,0,1,1,lectura_duplicada:viaje_id_timestamp,cuarentena
2026-08-14 06:26:00+00:00,VIA-00379,ORD-2026-04281,CAM-08,PROD-008,-18.33,C,63.4,0,0,28853,lectura_duplicada:viaje_id_timestamp,secuencia_fuente_fuera_orden,fecha_local_bolivia_convertida_utc,,2026-08-14 02:26:00,VIA-00379,ORD-2026-04281,CAM-08,PROD-008,-18.33,C,63.4,0,0,VIA-00379,False,ORD-2026-04281,False,CAM-08,False,PROD-008,False,C,False,False,False,-18.33,False,False,63.4,False,False,0,False,False,0,False,False,False,False,False,False,True,2026-08-14 06:26:00+00:00,False,True,True,-270.0,True,True,True,True,True,True,True,False,True,False,,,True,1,0,1,1,lectura_duplicada:viaje_id_timestamp,cuarentena
2026-08-18 18:54:00+00:00,VIA-00258,ORD-2026-04678,CAM-08,PROD-058,-18.64,C,70.4,0,0,28854,lectura_duplicada:viaje_id_timestamp,secuencia_fuente_fuera_orden,fecha_local_bolivia_convertida_utc,,2026-08-18 14:54:00,VIA-00258,ORD-2026-04678,CAM-08,PROD-058,-18.64,C,70.4,0,0,VIA-00258,False,ORD-2026-04678,False,CAM-08,False,PROD-058,False,C,False,False,False,-18.64,False,False,70.4,False,False,0,False,False,0,False,False,False,False,False,False,True,2026-08-18 18:54:00+00:00,False,True,True,-150.0,True,True,True,True,True,True,True,False,True,False,,,True,1,0,1,1,lectura_duplicada:viaje_id_timestamp,cuarentena
2026-08-14 13:12:00+00:00,VIA-00939,ORD-2026-05340,CAM-03,PROD-030,21.35,C,53.8,0,0,28855,lectura_duplicada:viaje_id_timestamp,secuencia_fuente_fuera_orden,fecha_local_bolivia_convertida_utc,,2026-08-14 09:12:00,VIA-00939,ORD-2026-05340,CAM-03,PROD-030,21.35,C,53.8,0,0,VIA-00939,False,ORD-2026-05340,False,CAM-03,False,PROD-030,False,C,False,False,False,21.35,False,False,53.8,False,False,0,False,False,0,False,False,False,False,False,False,True,2026-08-14 13:12:00+00:00,False,True,True,-180.0,True,True,True,True,True,True,True,False,True,False,,,True,1,0,1,1,lectura_duplicada:viaje_id_timestamp,cuarentena
2026-08-16 12:41:00+00:00,VIA-01166,ORD-2026-01739,CAM-27,PROD-050,23.28,C,45.8,0,0,28856,lectura_duplicada:viaje_id_timestamp,secuencia_fuente_fuera_orden | order_id_sin_correspondencia_wms_silver | camion_id_sin_correspondencia_silver,fecha_local_bolivia_convertida_utc,,2026-08-16 08:41:00,VIA-01166,ORD-2026-01739,CAM-27,PROD-050,23.28,C,45.8,0,0,VIA-01166,False,ORD-2026-01739,False,CAM-27,False,PROD-050,False,C,False,False,False,23.28,False,False,45.8,False,False,0,False,False,0,False,False,False,False,False,False,True,2026-08-16 12:41:00+00:00,False,True,True,-210.0,True,False,True,False,True,True,True,False,True,False,,,True,1,0,1,3,lectura_duplicada:viaje_id_timestamp,cuarentena
2026-08-30 09:53:00+00:00,VIA-00433,ORD-2026-00959,CAM-10,PROD-023,2.99,C,64.7,0,0,28857,lectura_duplicada:viaje_id_timestamp,secuencia_fuente_fuera_orden | order_id_sin_correspondencia_wms_silver,fecha_local_bolivia_convertida_utc,,2026-08-30 05:53:00,VIA-00433,ORD-2026-00959,CAM-10,PROD-023,2.99,C,64.7,0,0,VIA-00433,False,ORD-2026-00959,False,CAM-10,False,PROD-023,False,C,False,False,False,2.99,False,False,64.7,False,False,0,False,False,0,False,False,False,False,False,False,True,2026-08-30 09:53:00+00:00,False,True,True,-150.0,True,False,True,True,True,True,True,False,True,False,,,True,1,0,1,2,lectura_duplicada:viaje_id_timestamp,cuarentena
2026-08-03 02:34:00+00:00,VIA-00260,ORD-2026-02932,CAM-30,PROD-002,22.76,C,44.5,0,0,28858,lectura_duplicada:viaje_id_timestamp,secuencia_fuente_fuera_orden,fecha_local_bolivia_convertida_utc,,2026-08-02 22:34:00,VIA-00260,ORD-2026-02932,CAM-30,PROD-002,22.76,C,44.5,0,0,VIA-00260,False,ORD-2026-02932,False,CAM-30,False,PROD-002,False,C,False,False,False,22.76,False,False,44.5,False,False,0,False,False,0,False,False,False,False,False,False,True,2026-08-03 02:34:00+00:00,False,True,True,-600.0,True,True,True,True,True,True,True,False,True,False,,,True,1,0,1,1,lectura_duplicada:viaje_id_timestamp,cuarentena
2026-08-08 12:33:00+00:00,VIA-00674,ORD-2026-05091,CAM-08,PROD-055,22.22,C,47.9,0,0,28859,lectura_duplicada:viaje_id_timestamp,secuencia_fuente_fuera_orden,fecha_local_bolivia_convertida_utc,,2026-08-08 08:33:00,VIA-00674,ORD-2026-05091,CAM-08,PROD-055,22.22,C,47.9,0,0,VIA-00674,False,ORD-2026-05091,False,CAM-08,False,PROD-055,False,C,False,False,False,22.22,False,False,47.9,False,False,0,False,False,0,False,False,False,False,False,False,True,2026-08-08 12:33:00+00:00,False,True,True,-270.0,True,True,True,True,True,True,True,False,True,False,,,True,1,0,1,1,lectura_duplicada:viaje_id_timestamp,cuarentena
2026-08-26 16:11:00+00:00,VIA-00828,ORD-2026-04623,CAM-01,PROD-049,4.17,C,75.5,0,0,28860,lectura_duplicada:viaje_id_timestamp,secuencia_fuente_fuera_orden | order_id_sin_correspondencia_wms_silver | camion_id_sin_correspondencia_silver,fecha_local_bolivia_convertida_utc,,2026-08-26 12:11:00,VIA-00828,ORD-2026-04623,CAM-01,PROD-049,4.17,C,75.5,0,0,VIA-00828,False,ORD-2026-04623,False,CAM-01,False,PROD-049,False,C,False,False,False,4.17,False,False,75.5,False,False,0,False,False,0,False,False,False,False,False,False,True,2026-08-26 16:11:00+00:00,False,True,True,-450.0,True,False,True,False,True,True,True,False,True,False,,,True,1,0,1,3,lectura_duplicada:viaje_id_timestamp,cuarentena
2026-08-04 19:52:00+00:00,VIA-00751,ORD-2026-06416,CAM-09,PROD-048,18.51,C,44.0,0,0,28861,lectura_duplicada:viaje_id_timestamp,secuencia_fuente_fuera_orden,fecha_local_bolivia_convertida_utc,,2026-08-04 15:52:00,VIA-00751,ORD-2026-06416,CAM-09,PROD-048,18.51,C,44.0,0,0,VIA-00751,False,ORD-2026-06416,False,CAM-09,False,PROD-048,False,C,False,False,False,18.51,False,False,44.0,False,False,0,False,False,0,False,False,False,False,False,False,True,2026-08-04 19:52:00+00:00,False,True,True,-150.0,True,True,True,True,True,True,True,False,True,False,,,True,1,0,1,1,lectura_duplicada:viaje_id_timestamp,cuarentena
2026-08-16 05:15:00+00:00,VIA-00718,ORD-2026-00659,CAM-21,PROD-038,20.83,C,38.6,0,1,28862,lectura_duplicada:viaje_id_timestamp,secuencia_fuente_fuera_orden,fecha_local_bolivia_convertida_utc,,2026-08-16 01:15:00,VIA-00718,ORD-2026-00659,CAM-21,PROD-038,20.83,C,38.6,0,1,VIA-00718,False,ORD-2026-00659,False,CAM-21,False,PROD-038,False,C,False,False,False,20.83,False,False,38.6,False,False,0,False,False,1,False,False,False,False,False,False,True,2026-08-16 05:15:00+00:00,False,True,True,-630.0,True,True,True,True,True,True,True,False,True,False,,,True,1,0,1,1,lectura_duplicada:viaje_id_timestamp,cuarentena
2026-08-26 22:25:00+00:00,VIA-00761,ORD-2026-00954,CAM-24,PROD-015,3.77,C,,0,0,28863,lectura_duplicada:viaje_id_timestamp,humedad_ausente_no_imputada | secuencia_fuente_fuera_orden,fecha_local_bolivia_convertida_utc,,2026-08-26 18:25:00,VIA-00761,ORD-2026-00954,CAM-24,PROD-015,3.77,C,,0,0,VIA-00761,False,ORD-2026-00954,False,CAM-24,False,PROD-015,False,C,False,False,False,3.77,False,False,,False,False,0,False,False,0,False,False,False,False,True,False,True,2026-08-26 22:25:00+00:00,False,True,True,-240.0,True,True,True,True,True,True,True,False,True,False,,,True,1,0,1,2,lectura_duplicada:viaje_id_timestamp,cuarentena
2026-08-05 09:31:00+00:00,VIA-00374,ORD-2026-06903,CAM-10,PROD-028,20.95,C,34.5,0,0,28864,lectura_duplicada:viaje_id_timestamp,secuencia_fuente_fuera_orden | order_id_sin_correspondencia_wms_silver | producto_id_sin_correspondencia_silver,fecha_local_bolivia_convertida_utc,,2026-08-05 05:31:00,VIA-00374,ORD-2026-06903,CAM-10,PROD-028,20.95,C,34.5,0,0,VIA-00374,False,ORD-2026-06903,False,CAM-10,False,PROD-028,False,C,False,False,False,20.95,False,False,34.5,False,False,0,False,False,0,False,False,False,False,False,False,True,2026-08-05 09:31:00+00:00,False,True,True,-30.0,True,False,False,True,True,True,False,,True,False,,,True,1,0,1,3,lectura_duplicada:viaje_id_timestamp,cuarentena
2026-08-14 05:36:00+00:00,VIA-01028,ORD-2026-07477,CAM-15,PROD-034,4.93,C,79.0,0,0,28865,lectura_duplicada:viaje_id_timestamp,secuencia_fuente_fuera_orden,fecha_local_bolivia_convertida_utc,,2026-08-14 01:36:00,VIA-01028,ORD-2026-07477,CAM-15,PROD-034,4.93,C,79.0,0,0,VIA-01028,False,ORD-2026-07477,False,CAM-15,False,PROD-034,False,C,False,False,False,4.93,False,False,79.0,False,False,0,False,False,0,False,False,False,False,False,False,True,2026-08-14 05:36:00+00:00,False,True,True,-210.0,True,True,True,True,True,True,True,False,True,False,,,True,1,0,1,1,lectura_duplicada:viaje_id_timestamp,cuarentena
2026-08-16 05:22:00+00:00,VIA-01056,ORD-2026-02364,CAM-28,PROD-008,-17.47,C,60.7,0,0,28866,lectura_duplicada:viaje_id_timestamp,secuencia_fuente_fuera_orden,fecha_local_bolivia_convertida_utc,,2026-08-16 01:22:00,VIA-01056,ORD-2026-02364,CAM-28,PROD-008,-17.47,C,60.7,0,0,VIA-01056,False,ORD-2026-02364,False,CAM-28,False,PROD-008,False,C,False,False,False,-17.47,False,False,60.7,False,False,0,False,False,0,False,False,False,False,False,False,True,2026-08-16 05:22:00+00:00,False,True,True,-240.0,True,True,True,True,True,True,True,False,True,False,,,True,1,0,1,1,lectura_duplicada:viaje_id_timestamp,cuarentena
2026-08-12 20:33:00+00:00,VIA-00786,ORD-2026-05280,CAM-13,PROD-040,21.28,C,39.7,0,0,28867,lectura_duplicada:viaje_id_timestamp,secuencia_fuente_fuera_orden,fecha_local_bolivia_convertida_utc,,2026-08-12 16:33:00,VIA-00786,ORD-2026-05280,CAM-13,PROD-040,21.28,C,39.7,0,0,VIA-00786,False,ORD-2026-05280,False,CAM-13,False,PROD-040,False,C,False,False,False,21.28,False,False,39.7,False,False,0,False,False,0,False,False,False,False,False,False,True,2026-08-12 20:33:00+00:00,False,True,True,-630.0,True,True,True,True,True,True,True,False,True,False,,,True,1,0,1,1,lectura_duplicada:viaje_id_timestamp,cuarentena
2026-08-15 21:31:00+00:00,VIA-00442,ORD-2026-02381,CAM-24,PROD-059,20.77,C,47.2,0,0,28868,lectura_duplicada:viaje_id_timestamp,secuencia_fuente_fuera_orden,fecha_local_bolivia_convertida_utc,,2026-08-15 17:31:00,VIA-00442,ORD-2026-02381,CAM-24,PROD-059,20.77,C,47.2,0,0,VIA-00442,False,ORD-2026-02381,False,CAM-24,False,PROD-059,False,C,False,False,False,20.77,False,False,47.2,False,False,0,False,False,0,False,False,False,False,False,False,True,2026-08-15 21:31:00+00:00,False,True,True,-240.0,True,True,True,True,True,True,True,False,True,False,,,True,1,0,1,1,lectura_duplicada:viaje_id_timestamp,cuarentena
2026-08-28 16:01:00+00:00,VIA-00670,ORD-2026-03021,CAM-08,PROD-041,-19.07,C,68.9,0,0,28869,lectura_duplicada:viaje_id_timestamp,secuencia_fuente_fuera_orden,fecha_local_bolivia_convertida_utc,,2026-08-28 12:01:00,VIA-00670,ORD-2026-03021,CAM-08,PROD-041,-19.07,C,68.9,0,0,VIA-00670,False,ORD-2026-03021,False,CAM-08,False,PROD-041,False,C,False,False,False,-19.07,False,False,68.9,False,False,0,False,False,0,False,False,False,False,False,False,True,2026-08-28 16:01:00+00:00,False,True,True,-360.0,True,True,True,True,True,True,True,False,True,False,,,True,1,0,1,1,lectura_duplicada:viaje_id_timestamp,cuarentena
2026-08-09 02:43:00+00:00,VIA-00962,ORD-2026-07499,CAM-18,PROD-050,18.22,C,50.1,0,0,28870,lectura_duplicada:viaje_id_timestamp,secuencia_fuente_fuera_orden,fecha_local_bolivia_convertida_utc,,2026-08-08 22:43:00,VIA-00962,ORD-2026-07499,CAM-18,PROD-050,18.22,C,50.1,0,0,VIA-00962,False,ORD-2026-07499,False,CAM-18,False,PROD-050,False,C,False,False,False,18.22,False,False,50.1,False,False,0,False,False,0,False,False,False,False,False,False,True,2026-08-09 02:43:00+00:00,False,True,True,-540.0,True,True,True,True,True,True,True,False,True,False,,,True,1,0,1,1,lectura_duplicada:viaje_id_timestamp,cuarentena
2026-08-04 10:10:00+00:00,VIA-00694,ORD-2026-00099,CAM-25,PROD-027,3.35,C,79.8,0,0,28871,lectura_duplicada:viaje_id_timestamp,secuencia_fuente_fuera_orden,fecha_local_bolivia_convertida_utc,,2026-08-04 06:10:00,VIA-00694,ORD-2026-00099,CAM-25,PROD-027,3.35,C,79.8,0,0,VIA-00694,False,ORD-2026-00099,False,CAM-25,False,PROD-027,False,C,False,False,False,3.35,False,False,79.8,False,False,0,False,False,0,False,False,False,False,False,False,True,2026-08-04 10:10:00+00:00,False,True,True,-540.0,True,True,True,True,True,True,True,False,True,False,,,True,1,0,1,1,lectura_duplicada:viaje_id_timestamp,cuarentena
2026-08-22 19:54:00+00:00,VIA-00185,ORD-2026-00226,CAM-15,PROD-017,19.18,C,49.2,0,0,28872,lectura_duplicada:viaje_id_timestamp,secuencia_fuente_fuera_orden,fecha_local_bolivia_convertida_utc,,2026-08-22 15:54:00,VIA-00185,ORD-2026-00226,CAM-15,PROD-017,19.18,C,49.2,0,0,VIA-00185,False,ORD-2026-00226,False,CAM-15,False,PROD-017,False,C,False,False,False,19.18,False,False,49.2,False,False,0,False,False,0,False,False,False,False,False,False,True,2026-08-22 19:54:00+00:00,False,True,True,-30.0,True,True,True,True,True,True,True,False,True,False,,,True,1,0,1,1,lectura_duplicada:viaje_id_timestamp,cuarentena
2026-08-06 08:15:00+00:00,VIA-00445,ORD-2026-03433,CAM-08,PROD-022,4.03,C,90.0,0,0,28873,lectura_duplicada:viaje_id_timestamp,secuencia_fuente_fuera_orden,fecha_local_bolivia_convertida_utc,,2026-08-06 04:15:00,VIA-00445,ORD-2026-03433,CAM-08,PROD-022,4.03,C,90.0,0,0,VIA-00445,False,ORD-2026-03433,False,CAM-08,False,PROD-022,False,C,False,False,False,4.03,False,False,90.0,False,False,0,False,False,0,False,False,False,False,False,False,True,2026-08-06 08:15:00+00:00,False,True,True,-510.0,True,True,True,True,True,True,True,False,True,False,,,True,1,0,1,1,lectura_duplicada:viaje_id_timestamp,cuarentena
2026-08-13 05:05:00+00:00,VIA-00188,ORD-2026-00183,CAM-12,PROD-020,18.63,C,59.8,0,0,28874,lectura_duplicada:viaje_id_timestamp,secuencia_fuente_fuera_orden,fecha_local_bolivia_convertida_utc,,2026-08-13 01:05:00,VIA-00188,ORD-2026-00183,CAM-12,PROD-020,18.63,C,59.8,0,0,VIA-00188,False,ORD-2026-00183,False,CAM-12,False,PROD-020,False,C,False,False,False,18.63,False,False,59.8,False,False,0,False,False,0,False,False,False,False,False,False,True,2026-08-13 05:05:00+00:00,False,True,True,-600.0,True,True,True,True,True,True,True,False,True,False,,,True,1,0,1,1,lectura_duplicada:viaje_id_timestamp,cuarentena
2026-08-15 15:59:00+00:00,VIA-00989,ORD-2026-01031,CAM-21,PROD-012,18.81,C,42.5,0,0,28875,lectura_duplicada:viaje_id_timestamp,secuencia_fuente_fuera_orden,fecha_local_bolivia_convertida_utc,,2026-08-15 11:59:00,VIA-00989,ORD-2026-01031,CAM-21,PROD-012,18.81,C,42.5,0,0,VIA-00989,False,ORD-2026-01031,False,CAM-21,False,PROD-012,False,C,False,False,False,18.81,False,False,42.5,False,False,0,False,False,0,False,False,False,False,False,False,True,2026-08-15 15:59:00+00:00,False,True,True,-660.0,True,True,True,True,True,True,True,False,True,False,,,True,1,0,1,1,lectura_duplicada:viaje_id_timestamp,cuarentena
2026-08-21 06:19:00+00:00,VIA-00371,ORD-2026-05057,CAM-16,PROD-033,18.64,C,48.0,0,0,28876,lectura_duplicada:viaje_id_timestamp,secuencia_fuente_fuera_orden,fecha_local_bolivia_convertida_utc,,2026-08-21 02:19:00,VIA-00371,ORD-2026-05057,CAM-16,PROD-033,18.64,C,48.0,0,0,VIA-00371,False,ORD-2026-05057,False,CAM-16,False,PROD-033,False,C,False,False,False,18.64,False,False,48.0,False,False,0,False,False,0,False,False,False,False,False,False,True,2026-08-21 06:19:00+00:00,False,True,True,-120.0,True,True,True,True,True,True,True,False,True,False,,,True,1,0,1,1,lectura_duplicada:viaje_id_timestamp,cuarentena
2026-08-17 06:16:00+00:00,VIA-01088,ORD-2026-05447,CAM-25,PROD-033,18.34,C,50.3,0,0,28877,lectura_duplicada:viaje_id_timestamp,secuencia_fuente_fuera_orden,fecha_local_bolivia_convertida_utc,,2026-08-17 02:16:00,VIA-01088,ORD-2026-05447,CAM-25,PROD-033,18.34,C,50.3,0,0,VIA-01088,False,ORD-2026-05447,False,CAM-25,False,PROD-033,False,C,False,False,False,18.34,False,False,50.3,False,False,0,False,False,0,False,False,False,False,False,False,True,2026-08-17 06:16:00+00:00,False,True,True,-600.0,True,True,True,True,True,True,True,False,True,False,,,True,1,0,1,1,lectura_duplicada:viaje_id_timestamp,cuarentena
2026-08-31 11:49:00+00:00,VIA-00307,ORD-2026-04702,CAM-02,PROD-043,-18.14,C,75.9,0,0,28878,lectura_duplicada:viaje_id_timestamp,secuencia_fuente_fuera_orden,fecha_local_bolivia_convertida_utc,,2026-08-31 07:49:00,VIA-00307,ORD-2026-04702,CAM-02,PROD-043,-18.14,C,75.9,0,0,VIA-00307,False,ORD-2026-04702,False,CAM-02,False,PROD-043,False,C,False,False,False,-18.14,False,False,75.9,False,False,0,False,False,0,False,False,False,False,False,False,True,2026-08-31 11:49:00+00:00,False,True,True,-180.0,True,True,True,True,True,True,True,False,True,False,,,True,1,0,1,1,lectura_duplicada:viaje_id_timestamp,cuarentena
2026-08-16 08:26:00+00:00,VIA-00841,ORD-2026-03786,CAM-10,PROD-011,-17.95,C,61.3,0,0,28879,lectura_duplicada:viaje_id_timestamp,secuencia_fuente_fuera_orden,fecha_local_bolivia_convertida_utc,,2026-08-16 04:26:00,VIA-00841,ORD-2026-03786,CAM-10,PROD-011,-17.95,C,61.3,0,0,VIA-00841,False,ORD-2026-03786,False,CAM-10,False,PROD-011,False,C,False,False,False,-17.95,False,False,61.3,False,False,0,False,False,0,False,False,False,False,False,False,True,2026-08-16 08:26:00+00:00,False,True,True,-630.0,True,True,True,True,True,True,True,False,True,False,,,True,1,0,1,1,lectura_duplicada:viaje_id_timestamp,cuarentena
2026-08-29 08:32:00+00:00,VIA-00622,ORD-2026-02931,CAM-08,PROD-036,3.53,C,75.4,0,0,28880,lectura_duplicada:viaje_id_timestamp,secuencia_fuente_fuera_orden | order_id_sin_correspondencia_wms_silver | producto_id_sin_correspondencia_silver,fecha_local_bolivia_convertida_utc,,2026-08-29 04:32:00,VIA-00622,ORD-2026-02931,CAM-08,PROD-036,3.53,C,75.4,0,0,VIA-00622,False,ORD-2026-02931,False,CAM-08,False,PROD-036,False,C,False,False,False,3.53,False,False,75.4,False,False,0,False,False,0,False,False,False,False,False,False,True,2026-08-29 08:32:00+00:00,False,True,True,-690.0,True,False,False,True,True,True,False,,True,False,,,True,1,0,1,3,lectura_duplicada:viaje_id_timestamp,cuarentena
2026-08-15 16:38:00+00:00,VIA-00467,ORD-2026-07428,CAM-26,PROD-053,3.5,C,82.0,0,0,28881,lectura_duplicada:viaje_id_timestamp,secuencia_fuente_fuera_orden,fecha_local_bolivia_convertida_utc,,2026-08-15 12:38:00,VIA-00467,ORD-2026-07428,CAM-26,PROD-053,3.5,C,82.0,0,0,VIA-00467,False,ORD-2026-07428,False,CAM-26,False,PROD-053,False,C,False,False,False,3.5,False,False,82.0,False,False,0,False,False,0,False,False,False,False,False,False,True,2026-08-15 16:38:00+00:00,False,True,True,-510.0,True,True,True,True,True,True,True,False,True,False,,,True,1,0,1,1,lectura_duplicada:viaje_id_timestamp,cuarentena
2026-08-29 12:01:00+00:00,VIA-00518,ORD-2026-06065,CAM-24,PROD-001,3.19,C,90.4,0,0,28882,lectura_duplicada:viaje_id_timestamp,secuencia_fuente_fuera_orden,fecha_local_bolivia_convertida_utc,,2026-08-29 08:01:00,VIA-00518,ORD-2026-06065,CAM-24,PROD-001,3.19,C,90.4,0,0,VIA-00518,False,ORD-2026-06065,False,CAM-24,False,PROD-001,False,C,False,False,False,3.19,False,False,90.4,False,False,0,False,False,0,False,False,False,False,False,False,True,2026-08-29 12:01:00+00:00,False,True,True,-660.0,True,True,True,True,True,True,True,False,True,False,,,True,1,0,1,1,lectura_duplicada:viaje_id_timestamp,cuarentena
2026-08-13 12:52:00+00:00,VIA-00453,ORD-2026-06672,CAM-29,PROD-059,16.26,C,39.8,0,0,28883,lectura_duplicada:viaje_id_timestamp,secuencia_fuente_fuera_orden,fecha_local_bolivia_convertida_utc,,2026-08-13 08:52:00,VIA-00453,ORD-2026-06672,CAM-29,PROD-059,16.26,C,39.8,0,0,VIA-00453,False,ORD-2026-06672,False,CAM-29,False,PROD-059,False,C,False,False,False,16.26,False,False,39.8,False,False,0,False,False,0,False,False,False,False,False,False,True,2026-08-13 12:52:00+00:00,False,True,True,-660.0,True,True,True,True,True,True,True,False,True,False,,,True,1,0,1,1,lectura_duplicada:viaje_id_timestamp,cuarentena
2026-08-20 19:44:00+00:00,VIA-00300,ORD-2026-07036,CAM-20,PROD-021,4.72,C,80.6,0,0,28884,lectura_duplicada:viaje_id_timestamp,secuencia_fuente_fuera_orden,fecha_local_bolivia_convertida_utc,,2026-08-20 15:44:00,VIA-00300,ORD-2026-07036,CAM-20,PROD-021,4.72,C,80.6,0,0,VIA-00300,False,ORD-2026-07036,False,CAM-20,False,PROD-021,False,C,False,False,False,4.72,False,False,80.6,False,False,0,False,False,0,False,False,False,False,False,False,True,2026-08-20 19:44:00+00:00,False,True,True,-330.0,True,True,True,True,True,True,True,False,True,False,,,True,1,0,1,1,lectura_duplicada:viaje_id_timestamp,cuarentena
2026-08-28 13:34:00+00:00,VIA-00705,ORD-2026-00944,CAM-10,PROD-053,2.57,C,68.4,0,0,28885,lectura_duplicada:viaje_id_timestamp,secuencia_fuente_fuera_orden | order_id_sin_correspondencia_wms_silver,fecha_local_bolivia_convertida_utc,,2026-08-28 09:34:00,VIA-00705,ORD-2026-00944,CAM-10,PROD-053,2.57,C,68.4,0,0,VIA-00705,False,ORD-2026-00944,False,CAM-10,False,PROD-053,False,C,False,False,False,2.57,False,False,68.4,False,False,0,False,False,0,False,False,False,False,False,False,True,2026-08-28 13:34:00+00:00,False,True,True,-120.0,True,False,True,True,True,True,True,False,True,False,,,True,1,0,1,2,lectura_duplicada:viaje_id_timestamp,cuarentena
2026-08-01 15:33:00+00:00,VIA-00693,ORD-2026-02485,CAM-15,PROD-008,-18.88,C,67.9,0,0,28886,lectura_duplicada:viaje_id_timestamp,secuencia_fuente_fuera_orden,fecha_local_bolivia_convertida_utc,,2026-08-01 11:33:00,VIA-00693,ORD-2026-02485,CAM-15,PROD-008,-18.88,C,67.9,0,0,VIA-00693,False,ORD-2026-02485,False,CAM-15,False,PROD-008,False,C,False,False,False,-18.88,False,False,67.9,False,False,0,False,False,0,False,False,False,False,False,False,True,2026-08-01 15:33:00+00:00,False,True,True,-690.0,True,True,True,True,True,True,True,False,True,False,,,True,1,0,1,1,lectura_duplicada:viaje_id_timestamp,cuarentena
2026-08-05 05:48:00+00:00,VIA-00903,ORD-2026-05830,CAM-19,PROD-051,-17.92,C,69.9,0,0,28887,lectura_duplicada:viaje_id_timestamp,secuencia_fuente_fuera_orden,fecha_local_bolivia_convertida_utc,,2026-08-05 01:48:00,VIA-00903,ORD-2026-05830,CAM-19,PROD-051,-17.92,C,69.9,0,0,VIA-00903,False,ORD-2026-05830,False,CAM-19,False,PROD-051,False,C,False,False,False,-17.92,False,False,69.9,False,False,0,False,False,0,False,False,False,False,False,False,True,2026-08-05 05:48:00+00:00,False,True,True,-240.0,True,True,True,True,True,True,True,False,True,False,,,True,1,0,1,1,lectura_duplicada:viaje_id_timestamp,cuarentena
2026-08-24 12:23:00+00:00,VIA-00573,ORD-2026-03959,CAM-09,PROD-012,18.93,C,52.5,0,0,28888,lectura_duplicada:viaje_id_timestamp,secuencia_fuente_fuera_orden,fecha_local_bolivia_convertida_utc,,2026-08-24 08:23:00,VIA-00573,ORD-2026-03959,CAM-09,PROD-012,18.93,C,52.5,0,0,VIA-00573,False,ORD-2026-03959,False,CAM-09,False,PROD-012,False,C,False,False,False,18.93,False,False,52.5,False,False,0,False,False,0,False,False,False,False,False,False,True,2026-08-24 12:23:00+00:00,False,True,True,-90.0,True,True,True,True,True,True,True,False,True,False,,,True,1,0,1,1,lectura_duplicada:viaje_id_timestamp,cuarentena
2026-08-03 18:56:00+00:00,VIA-00164,ORD-2026-03533,CAM-21,PROD-018,18.61,C,45.2,0,0,28889,lectura_duplicada:viaje_id_timestamp,secuencia_fuente_fuera_orden,fecha_local_bolivia_convertida_utc,,2026-08-03 14:56:00,VIA-00164,ORD-2026-03533,CAM-21,PROD-018,18.61,C,45.2,0,0,VIA-00164,False,ORD-2026-03533,False,CAM-21,False,PROD-018,False,C,False,False,False,18.61,False,False,45.2,False,False,0,False,False,0,False,False,False,False,False,False,True,2026-08-03 18:56:00+00:00,False,True,True,-660.0,True,True,True,True,True,True,True,False,True,False,,,True,1,0,1,1,lectura_duplicada:viaje_id_timestamp,cuarentena
2026-08-29 12:57:00+00:00,VIA-01184,ORD-2026-01082,CAM-12,PROD-006,17.04,C,49.2,0,0,28890,lectura_duplicada:viaje_id_timestamp,secuencia_fuente_fuera_orden,fecha_local_bolivia_convertida_utc,,2026-08-29 08:57:00,VIA-01184,ORD-2026-01082,CAM-12,PROD-006,17.04,C,49.2,0,0,VIA-01184,False,ORD-2026-01082,False,CAM-12,False,PROD-006,False,C,False,False,False,17.04,False,False,49.2,False,False,0,False,False,0,False,False,False,False,False,False,True,2026-08-29 12:57:00+00:00,False,True,True,-30.0,True,True,True,True,True,True,True,False,True,False,,,True,1,0,1,1,lectura_duplicada:viaje_id_timestamp,cuarentena
2026-08-19 09:30:00+00:00,VIA-00328,ORD-2026-00921,CAM-19,PROD-054,-17.98,C,67.9,0,0,28891,lectura_duplicada:viaje_id_timestamp,secuencia_fuente_fuera_orden,fecha_local_bolivia_convertida_utc,,2026-08-19 05:30:00,VIA-00328,ORD-2026-00921,CAM-19,PROD-054,-17.98,C,67.9,0,0,VIA-00328,False,ORD-2026-00921,False,CAM-19,False,PROD-054,False,C,False,False,False,-17.98,False,False,67.9,False,False,0,False,False,0,False,False,False,False,False,False,True,2026-08-19 09:30:00+00:00,False,True,True,-540.0,True,True,True,True,True,True,True,False,True,False,,,True,1,0,1,1,lectura_duplicada:viaje_id_timestamp,cuarentena
2026-08-25 13:47:00+00:00,VIA-01026,ORD-2026-00985,CAM-25,PROD-044,2.88,C,82.7,0,0,28892,lectura_duplicada:viaje_id_timestamp,secuencia_fuente_fuera_orden,fecha_local_bolivia_convertida_utc,,2026-08-25 09:47:00,VIA-01026,ORD-2026-00985,CAM-25,PROD-044,2.88,C,82.7,0,0,VIA-01026,False,ORD-2026-00985,False,CAM-25,False,PROD-044,False,C,False,False,False,2.88,False,False,82.7,False,False,0,False,False,0,False,False,False,False,False,False,True,2026-08-25 13:47:00+00:00,False,True,True,-120.0,True,True,True,True,True,True,True,False,True,False,,,True,1,0,1,1,lectura_duplicada:viaje_id_timestamp,cuarentena
2026-08-15 05:03:00+00:00,VIA-00190,ORD-2026-07185,CAM-28,PROD-051,-18.74,C,80.6,0,0,28893,lectura_duplicada:viaje_id_timestamp,secuencia_fuente_fuera_orden,fecha_local_bolivia_convertida_utc,,2026-08-15 01:03:00,VIA-00190,ORD-2026-07185,CAM-28,PROD-051,-18.74,C,80.6,0,0,VIA-00190,False,ORD-2026-07185,False,CAM-28,False,PROD-051,False,C,False,False,False,-18.74,False,False,80.6,False,False,0,False,False,0,False,False,False,False,False,False,True,2026-08-15 05:03:00+00:00,False,True,True,-510.0,True,True,True,True,True,True,True,False,True,False,,,True,1,0,1,1,lectura_duplicada:viaje_id_timestamp,cuarentena
2026-08-16 06:15:00+00:00,VIA-00718,ORD-2026-00659,CAM-21,PROD-038,25.26,C,47.3,1,0,28894,lectura_duplicada:viaje_id_timestamp,,fecha_local_bolivia_convertida_utc,,2026-08-16 02:15:00,VIA-00718,ORD-2026-00659,CAM-21,PROD-038,25.26,C,47.3,1,0,VIA-00718,False,ORD-2026-00659,False,CAM-21,False,PROD-038,False,C,False,False,False,25.26,False,False,47.3,False,False,1,False,False,0,False,False,False,False,False,False,True,2026-08-16 06:15:00+00:00,False,True,True,60.0,False,True,True,True,True,True,True,True,True,False,,,True,1,0,1,0,lectura_duplicada:viaje_id_timestamp,cuarentena
2026-08-14 22:43:00+00:00,VIA-00068,ORD-2026-06340,CAM-10,PROD-042,20.37,C,50.3,0,0,28895,lectura_duplicada:viaje_id_timestamp,secuencia_fuente_fuera_orden,fecha_local_bolivia_convertida_utc,,2026-08-14 18:43:00,VIA-00068,ORD-2026-06340,CAM-10,PROD-042,20.37,C,50.3,0,0,VIA-00068,False,ORD-2026-06340,False,CAM-10,False,PROD-042,False,C,False,False,False,20.37,False,False,50.3,False,False,0,False,False,0,False,False,False,False,False,False,True,2026-08-14 22:43:00+00:00,False,True,True,-30.0,True,True,True,True,True,True,True,False,True,False,,,True,1,0,1,1,lectura_duplicada:viaje_id_timestamp,cuarentena
2026-08-05 22:36:00+00:00,VIA-00121,ORD-2026-06281,CAM-27,PROD-015,3.77,C,74.1,0,0,28896,lectura_duplicada:viaje_id_timestamp,secuencia_fuente_fuera_orden | order_id_sin_correspondencia_wms_silver | camion_id_sin_correspondencia_silver,fecha_local_bolivia_convertida_utc,,2026-08-05 18:36:00,VIA-00121,ORD-2026-06281,CAM-27,PROD-015,3.77,C,74.1,0,0,VIA-00121,False,ORD-2026-06281,False,CAM-27,False,PROD-015,False,C,False,False,False,3.77,False,False,74.1,False,False,0,False,False,0,False,False,False,False,False,False,True,2026-08-05 22:36:00+00:00,False,True,True,-180.0,True,False,True,False,True,True,True,False,True,False,,,True,1,0,1,3,lectura_duplicada:viaje_id_timestamp,cuarentena
2026-08-14 19:35:00+00:00,VIA-00268,ORD-2026-04761,CAM-19,PROD-022,3.49,C,90.9,0,0,28897,lectura_duplicada:viaje_id_timestamp,secuencia_fuente_fuera_orden,fecha_local_bolivia_convertida_utc,,2026-08-14 15:35:00,VIA-00268,ORD-2026-04761,CAM-19,PROD-022,3.49,C,90.9,0,0,VIA-00268,False,ORD-2026-04761,False,CAM-19,False,PROD-022,False,C,False,False,False,3.49,False,False,90.9,False,False,0,False,False,0,False,False,False,False,False,False,True,2026-08-14 19:35:00+00:00,False,True,True,-690.0,True,True,True,True,True,True,True,False,True,False,,,True,1,0,1,1,lectura_duplicada:viaje_id_timestamp,cuarentena
2026-08-14 22:19:00+00:00,VIA-00409,ORD-2026-00947,CAM-28,PROD-003,21.05,C,45.7,0,0,28898,lectura_duplicada:viaje_id_timestamp,secuencia_fuente_fuera_orden,fecha_local_bolivia_convertida_utc,,2026-08-14 18:19:00,VIA-00409,ORD-2026-00947,CAM-28,PROD-003,21.05,C,45.7,0,0,VIA-00409,False,ORD-2026-00947,False,CAM-28,False,PROD-003,False,C,False,False,False,21.05,False,False,45.7,False,False,0,False,False,0,False,False,False,False,False,False,True,2026-08-14 22:19:00+00:00,False,True,True,-90.0,True,True,True,True,True,True,True,False,True,False,,,True,1,0,1,1,lectura_duplicada:viaje_id_timestamp,cuarentena
2026-08-06 04:41:00+00:00,VIA-00360,ORD-2026-01444,CAM-19,PROD-003,20.09,C,46.5,0,0,28899,lectura_duplicada:viaje_id_timestamp,secuencia_fuente_fuera_orden,fecha_local_bolivia_convertida_utc,,2026-08-06 00:41:00,VIA-00360,ORD-2026-01444,CAM-19,PROD-003,20.09,C,46.5,0,0,VIA-00360,False,ORD-2026-01444,False,CAM-19,False,PROD-003,False,C,False,False,False,20.09,False,False,46.5,False,False,0,False,False,0,False,False,False,False,False,False,True,2026-08-06 04:41:00+00:00,False,True,True,-690.0,True,True,True,True,True,True,True,False,True,False,,,True,1,0,1,1,lectura_duplicada:viaje_id_timestamp,cuarentena
2026-08-04 10:17:00+00:00,VIA-00123,ORD-2026-03892,CAM-10,PROD-054,-17.46,C,79.1,0,0,28900,lectura_duplicada:viaje_id_timestamp,secuencia_fuente_fuera_orden,fecha_local_bolivia_convertida_utc,,2026-08-04 06:17:00,VIA-00123,ORD-2026-03892,CAM-10,PROD-054,-17.46,C,79.1,0,0,VIA-00123,False,ORD-2026-03892,False,CAM-10,False,PROD-054,False,C,False,False,False,-17.46,False,False,79.1,False,False,0,False,False,0,False,False,False,False,False,False,True,2026-08-04 10:17:00+00:00,False,True,True,-120.0,True,True,True,True,True,True,True,False,True,False,,,True,1,0,1,1,lectura_duplicada:viaje_id_timestamp,cuarentena
2026-08-29 06:29:00+00:00,VIA-01024,ORD-2026-04021,CAM-20,PROD-039,16.64,C,53.8,0,0,28901,lectura_duplicada:viaje_id_timestamp,secuencia_fuente_fuera_orden,fecha_local_bolivia_convertida_utc,,2026-08-29 02:29:00,VIA-01024,ORD-2026-04021,CAM-20,PROD-039,16.64,C,53.8,0,0,VIA-01024,False,ORD-2026-04021,False,CAM-20,False,PROD-039,False,C,False,False,False,16.64,False,False,53.8,False,False,0,False,False,0,False,False,False,False,False,False,True,2026-08-29 06:29:00+00:00,False,True,True,-540.0,True,True,True,True,True,True,True,False,True,False,,,True,1,0,1,1,lectura_duplicada:viaje_id_timestamp,cuarentena
2026-08-26 08:37:00+00:00,VIA-00885,ORD-2026-07094,CAM-08,PROD-036,5.11,C,75.9,0,0,28902,lectura_duplicada:viaje_id_timestamp,order_id_sin_correspondencia_wms_silver | producto_id_sin_correspondencia_silver,fecha_local_bolivia_convertida_utc,,2026-08-26 04:37:00,VIA-00885,ORD-2026-07094,CAM-08,PROD-036,5.11,C,75.9,0,0,VIA-00885,False,ORD-2026-07094,False,CAM-08,False,PROD-036,False,C,False,False,False,5.11,False,False,75.9,False,False,0,False,False,0,False,False,False,False,False,False,True,2026-08-26 08:37:00+00:00,False,True,True,0.0,False,False,False,True,True,True,False,,True,False,,,True,1,0,1,2,lectura_duplicada:viaje_id_timestamp,cuarentena
2026-08-26 16:40:00+00:00,VIA-00265,ORD-2026-04491,CAM-19,PROD-041,-17.98,C,72.9,0,0,28903,lectura_duplicada:viaje_id_timestamp,,fecha_local_bolivia_convertida_utc,,2026-08-26 12:40:00,VIA-00265,ORD-2026-04491,CAM-19,PROD-041,-17.98,C,72.9,0,0,VIA-00265,False,ORD-2026-04491,False,CAM-19,False,PROD-041,False,C,False,False,False,-17.98,False,False,72.9,False,False,0,False,False,0,False,False,False,False,False,False,True,2026-08-26 16:40:00+00:00,False,True,True,0.0,False,True,True,True,True,True,True,False,True,False,,,True,1,0,1,0,lectura_duplicada:viaje_id_timestamp,cuarentena
2026-08-16 08:08:00+00:00,VIA-01036,ORD-2026-03048,CAM-19,PROD-051,-18.99,C,61.0,0,0,28904,lectura_duplicada:viaje_id_timestamp,secuencia_fuente_fuera_orden,fecha_local_bolivia_convertida_utc,,2026-08-16 04:08:00,VIA-01036,ORD-2026-03048,CAM-19,PROD-051,-18.99,C,61.0,0,0,VIA-01036,False,ORD-2026-03048,False,CAM-19,False,PROD-051,False,C,False,False,False,-18.99,False,False,61.0,False,False,0,False,False,0,False,False,False,False,False,False,True,2026-08-16 08:08:00+00:00,False,True,True,-90.0,True,True,True,True,True,True,True,False,True,False,,,True,1,0,1,1,lectura_duplicada:viaje_id_timestamp,cuarentena
2026-08-10 13:33:00+00:00,VIA-00871,ORD-2026-05637,CAM-24,PROD-030,22.6,C,56.9,0,0,28905,lectura_duplicada:viaje_id_timestamp,secuencia_fuente_fuera_orden,fecha_local_bolivia_convertida_utc,,2026-08-10 09:33:00,VIA-00871,ORD-2026-05637,CAM-24,PROD-030,22.6,C,56.9,0,0,VIA-00871,False,ORD-2026-05637,False,CAM-24,False,PROD-030,False,C,False,False,False,22.6,False,False,56.9,False,False,0,False,False,0,False,False,False,False,False,False,True,2026-08-10 13:33:00+00:00,False,True,True,-150.0,True,True,True,True,True,True,True,False,True,False,,,True,1,0,1,1,lectura_duplicada:viaje_id_timestamp,cuarentena
2026-08-12 17:15:00+00:00,VIA-00079,ORD-2026-03382,CAM-30,PROD-016,17.05,C,40.6,0,0,28906,lectura_duplicada:viaje_id_timestamp,secuencia_fuente_fuera_orden,fecha_local_bolivia_convertida_utc,,2026-08-12 13:15:00,VIA-00079,ORD-2026-03382,CAM-30,PROD-016,17.05,C,40.6,0,0,VIA-00079,False,ORD-2026-03382,False,CAM-30,False,PROD-016,False,C,False,False,False,17.05,False,False,40.6,False,False,0,False,False,0,False,False,False,False,False,False,True,2026-08-12 17:15:00+00:00,False,True,True,-600.0,True,True,True,True,True,True,True,False,True,False,,,True,1,0,1,1,lectura_duplicada:viaje_id_timestamp,cuarentena
2026-08-15 18:59:00+00:00,VIA-00967,ORD-2026-03341,CAM-02,PROD-052,2.95,C,75.8,0,0,28907,lectura_duplicada:viaje_id_timestamp,secuencia_fuente_fuera_orden,fecha_local_bolivia_convertida_utc,,2026-08-15 14:59:00,VIA-00967,ORD-2026-03341,CAM-02,PROD-052,2.95,C,75.8,0,0,VIA-00967,False,ORD-2026-03341,False,CAM-02,False,PROD-052,False,C,False,False,False,2.95,False,False,75.8,False,False,0,False,False,0,False,False,False,False,False,False,True,2026-08-15 18:59:00+00:00,False,True,True,-30.0,True,True,True,True,True,True,True,False,True,False,,,True,1,0,1,1,lectura_duplicada:viaje_id_timestamp,cuarentena
2026-08-25 10:10:00+00:00,VIA-00753,ORD-2026-01152,CAM-10,PROD-036,4.03,C,84.1,0,0,28908,lectura_duplicada:viaje_id_timestamp,secuencia_fuente_fuera_orden | order_id_sin_correspondencia_wms_silver | producto_id_sin_correspondencia_silver,fecha_local_bolivia_convertida_utc,,2026-08-25 06:10:00,VIA-00753,ORD-2026-01152,CAM-10,PROD-036,4.03,C,84.1,0,0,VIA-00753,False,ORD-2026-01152,False,CAM-10,False,PROD-036,False,C,False,False,False,4.03,False,False,84.1,False,False,0,False,False,0,False,False,False,False,False,False,True,2026-08-25 10:10:00+00:00,False,True,True,-240.0,True,False,False,True,True,True,False,,True,False,,,True,1,0,1,3,lectura_duplicada:viaje_id_timestamp,cuarentena
2026-08-11 23:05:00+00:00,VIA-00297,ORD-2026-06424,CAM-03,PROD-024,20.21,C,45.0,0,0,28909,lectura_duplicada:viaje_id_timestamp,secuencia_fuente_fuera_orden | order_id_sin_correspondencia_wms_silver | producto_id_sin_correspondencia_silver,fecha_local_bolivia_convertida_utc,,2026-08-11 19:05:00,VIA-00297,ORD-2026-06424,CAM-03,PROD-024,20.21,C,45.0,0,0,VIA-00297,False,ORD-2026-06424,False,CAM-03,False,PROD-024,False,C,False,False,False,20.21,False,False,45.0,False,False,0,False,False,0,False,False,False,False,False,False,True,2026-08-11 23:05:00+00:00,False,True,True,-210.0,True,False,False,True,True,True,False,,True,False,,,True,1,0,1,3,lectura_duplicada:viaje_id_timestamp,cuarentena
2026-08-07 17:29:00+00:00,VIA-00040,ORD-2026-02804,CAM-20,PROD-060,-17.72,C,79.1,0,0,28910,lectura_duplicada:viaje_id_timestamp,,fecha_local_bolivia_convertida_utc,,2026-08-07 13:29:00,VIA-00040,ORD-2026-02804,CAM-20,PROD-060,-17.72,C,79.1,0,0,VIA-00040,False,ORD-2026-02804,False,CAM-20,False,PROD-060,False,C,False,False,False,-17.72,False,False,79.1,False,False,0,False,False,0,False,False,False,False,False,False,True,2026-08-07 17:29:00+00:00,False,True,True,0.0,False,True,True,True,True,True,True,False,True,False,,,True,1,0,1,0,lectura_duplicada:viaje_id_timestamp,cuarentena
2026-08-23 04:04:00+00:00,VIA-00101,ORD-2026-04951,CAM-12,PROD-029,18.08,C,41.2,0,0,28911,lectura_duplicada:viaje_id_timestamp,secuencia_fuente_fuera_orden,fecha_local_bolivia_convertida_utc,,2026-08-23 00:04:00,VIA-00101,ORD-2026-04951,CAM-12,PROD-029,18.08,C,41.2,0,0,VIA-00101,False,ORD-2026-04951,False,CAM-12,False,PROD-029,False,C,False,False,False,18.08,False,False,41.2,False,False,0,False,False,0,False,False,False,False,False,False,True,2026-08-23 04:04:00+00:00,False,True,True,-120.0,True,True,True,True,True,True,True,False,True,False,,,True,1,0,1,1,lectura_duplicada:viaje_id_timestamp,cuarentena
2026-08-01 05:56:00+00:00,VIA-00037,ORD-2026-01721,CAM-01,PROD-001,3.53,C,72.0,0,0,28912,lectura_duplicada:viaje_id_timestamp,secuencia_fuente_fuera_orden | order_id_sin_correspondencia_wms_silver | camion_id_sin_correspondencia_silver,fecha_local_bolivia_convertida_utc,,2026-08-01 01:56:00,VIA-00037,ORD-2026-01721,CAM-01,PROD-001,3.53,C,72.0,0,0,VIA-00037,False,ORD-2026-01721,False,CAM-01,False,PROD-001,False,C,False,False,False,3.53,False,False,72.0,False,False,0,False,False,0,False,False,False,False,False,False,True,2026-08-01 05:56:00+00:00,False,True,True,-600.0,True,False,True,False,True,True,True,False,True,False,,,True,1,0,1,3,lectura_duplicada:viaje_id_timestamp,cuarentena
2026-08-19 17:56:00+00:00,VIA-00124,ORD-2026-03143,CAM-18,PROD-029,,C,55.8,0,0,28913,temperatura_ausente | lectura_duplicada:viaje_id_timestamp,secuencia_fuente_fuera_orden,fecha_local_bolivia_convertida_utc,,2026-08-19 13:56:00,VIA-00124,ORD-2026-03143,CAM-18,PROD-029,,C,55.8,0,0,VIA-00124,False,ORD-2026-03143,False,CAM-18,False,PROD-029,False,C,False,False,False,,False,False,55.8,False,False,0,False,False,0,False,False,False,True,False,False,True,2026-08-19 17:56:00+00:00,False,True,True,-510.0,True,True,True,True,True,True,False,,True,False,,,True,1,0,2,1,temperatura_ausente | lectura_duplicada:viaje_id_timestamp,cuarentena
2026-08-27 04:06:00+00:00,VIA-00209,ORD-2026-05108,CAM-11,PROD-008,-18.24,C,84.3,0,1,28914,lectura_duplicada:viaje_id_timestamp,secuencia_fuente_fuera_orden,fecha_local_bolivia_convertida_utc,,2026-08-27 00:06:00,VIA-00209,ORD-2026-05108,CAM-11,PROD-008,-18.24,C,84.3,0,1,VIA-00209,False,ORD-2026-05108,False,CAM-11,False,PROD-008,False,C,False,False,False,-18.24,False,False,84.3,False,False,0,False,False,1,False,False,False,False,False,False,True,2026-08-27 04:06:00+00:00,False,True,True,-210.0,True,True,True,True,True,True,True,False,True,False,,,True,1,0,1,1,lectura_duplicada:viaje_id_timestamp,cuarentena
2026-08-28 12:15:00+00:00,VIA-01064,ORD-2026-01024,CAM-09,PROD-039,21.12,C,53.2,0,0,28915,lectura_duplicada:viaje_id_timestamp,secuencia_fuente_fuera_orden,fecha_local_bolivia_convertida_utc,,2026-08-28 08:15:00,VIA-01064,ORD-2026-01024,CAM-09,PROD-039,21.12,C,53.2,0,0,VIA-01064,False,ORD-2026-01024,False,CAM-09,False,PROD-039,False,C,False,False,False,21.12,False,False,53.2,False,False,0,False,False,0,False,False,False,False,False,False,True,2026-08-28 12:15:00+00:00,False,True,True,-450.0,True,True,True,True,True,True,True,False,True,False,,,True,1,0,1,1,lectura_duplicada:viaje_id_timestamp,cuarentena
2026-08-27 08:18:00+00:00,VIA-01003,ORD-2026-06727,CAM-20,PROD-023,4.3,C,70.4,0,0,28916,lectura_duplicada:viaje_id_timestamp,secuencia_fuente_fuera_orden,fecha_local_bolivia_convertida_utc,,2026-08-27 04:18:00,VIA-01003,ORD-2026-06727,CAM-20,PROD-023,4.3,C,70.4,0,0,VIA-01003,False,ORD-2026-06727,False,CAM-20,False,PROD-023,False,C,False,False,False,4.3,False,False,70.4,False,False,0,False,False,0,False,False,False,False,False,False,True,2026-08-27 08:18:00+00:00,False,True,True,-600.0,True,True,True,True,True,True,True,False,True,False,,,True,1,0,1,1,lectura_duplicada:viaje_id_timestamp,cuarentena
2026-08-02 01:03:00+00:00,VIA-00693,ORD-2026-02485,CAM-15,PROD-008,-19.34,C,74.1,0,0,28917,lectura_duplicada:viaje_id_timestamp,,fecha_local_bolivia_convertida_utc,,2026-08-01 21:03:00,VIA-00693,ORD-2026-02485,CAM-15,PROD-008,-19.34,C,74.1,0,0,VIA-00693,False,ORD-2026-02485,False,CAM-15,False,PROD-008,False,C,False,False,False,-19.34,False,False,74.1,False,False,0,False,False,0,False,False,False,False,False,False,True,2026-08-02 01:03:00+00:00,False,True,True,570.0,False,True,True,True,True,True,True,False,True,False,,,True,1,0,1,0,lectura_duplicada:viaje_id_timestamp,cuarentena
2026-08-14 02:04:00+00:00,VIA-00686,ORD-2026-03138,CAM-08,PROD-053,3.85,C,71.9,0,0,28918,lectura_duplicada:viaje_id_timestamp,secuencia_fuente_fuera_orden,fecha_local_bolivia_convertida_utc,,2026-08-13 22:04:00,VIA-00686,ORD-2026-03138,CAM-08,PROD-053,3.85,C,71.9,0,0,VIA-00686,False,ORD-2026-03138,False,CAM-08,False,PROD-053,False,C,False,False,False,3.85,False,False,71.9,False,False,0,False,False,0,False,False,False,False,False,False,True,2026-08-14 02:04:00+00:00,False,True,True,-570.0,True,True,True,True,True,True,True,False,True,False,,,True,1,0,1,1,lectura_duplicada:viaje_id_timestamp,cuarentena
2026-08-02 02:36:00+00:00,VIA-00946,ORD-2026-05672,CAM-20,PROD-053,4.13,C,65.5,0,0,28919,lectura_duplicada:viaje_id_timestamp,secuencia_fuente_fuera_orden,fecha_local_bolivia_convertida_utc,,2026-08-01 22:36:00,VIA-00946,ORD-2026-05672,CAM-20,PROD-053,4.13,C,65.5,0,0,VIA-00946,False,ORD-2026-05672,False,CAM-20,False,PROD-053,False,C,False,False,False,4.13,False,False,65.5,False,False,0,False,False,0,False,False,False,False,False,False,True,2026-08-02 02:36:00+00:00,False,True,True,-180.0,True,True,True,True,True,True,True,False,True,False,,,True,1,0,1,1,lectura_duplicada:viaje_id_timestamp,cuarentena
2026-08-03 01:34:00+00:00,VIA-00260,ORD-2026-02932,CAM-30,PROD-002,21.86,C,50.1,0,0,28920,lectura_duplicada:viaje_id_timestamp,secuencia_fuente_fuera_orden,fecha_local_bolivia_convertida_utc,,2026-08-02 21:34:00,VIA-00260,ORD-2026-02932,CAM-30,PROD-002,21.86,C,50.1,0,0,VIA-00260,False,ORD-2026-02932,False,CAM-30,False,PROD-002,False,C,False,False,False,21.86,False,False,50.1,False,False,0,False,False,0,False,False,False,False,False,False,True,2026-08-03 01:34:00+00:00,False,True,True,-60.0,True,True,True,True,True,True,True,False,True,False,,,True,1,0,1,1,lectura_duplicada:viaje_id_timestamp,cuarentena
2026-08-26 04:48:00+00:00,VIA-00801,ORD-2026-05376,CAM-26,PROD-055,23.06,C,47.9,0,0,28921,lectura_duplicada:viaje_id_timestamp,secuencia_fuente_fuera_orden,fecha_local_bolivia_convertida_utc,,2026-08-26 00:48:00,VIA-00801,ORD-2026-05376,CAM-26,PROD-055,23.06,C,47.9,0,0,VIA-00801,False,ORD-2026-05376,False,CAM-26,False,PROD-055,False,C,False,False,False,23.06,False,False,47.9,False,False,0,False,False,0,False,False,False,False,False,False,True,2026-08-26 04:48:00+00:00,False,True,True,-660.0,True,True,True,True,True,True,True,False,True,False,,,True,1,0,1,1,lectura_duplicada:viaje_id_timestamp,cuarentena
