fila_bronze,timestamp,viaje_id,order_id,camion_id,producto_id,temperatura_cabina_c,temp_unit,humedad_cabina_pct,desviacion_termica_flag,desviacion_proximos_60min_flag,columnas_con_problemas,cantidad_problemas,reglas_con_problemas,incidencias_json,cantidad_critical,cantidad_warning,en_cuarentena,version_diagnostico,version_catalogo,sha256_bronze,zona_horaria_origen,reglas_no_ejecutadas,timestamp_utc,zona_horaria_origen_asumida,temperatura_c_preparada,tratamiento_temperatura,camion_id_preparado,en_cuarentena_final,motivos_finales,cobertura_producto,cobertura_flota,apto_serie,apto_termica,version_tratamiento
8,2026-08-11 17:41:00,VIA-00001,ORD-2026-05710,CAM-20,PROD-045,3.48,C,,0,0,humedad_cabina_pct|camion_id,2,IOT-R019|IOT-R027,"[{""rule_id"": ""IOT-R019"", ""columna_afectada"": ""humedad_cabina_pct"", ""codigo_error"": ""FALTANTE"", ""severidad"": ""CRITICAL"", ""accion"": ""CUARENTENA"", ""tipo_problema"": ""FALTANTE"", ""dimension_calidad"": ""COMPLETITUD"", ""valor_original"": """", ""detalle"": ""Humedad vacía""}, {""rule_id"": ""IOT-R027"", ""columna_afectada"": ""camion_id"", ""codigo_error"": ""REFERENCIA_INEXISTENTE"", ""severidad"": ""WARNING"", ""accion"": ""REVISAR"", ""tipo_problema"": ""INTEGRIDAD"", ""dimension_calidad"": ""INTEGRIDAD"", ""valor_original"": ""CAM-20"", ""detalle"": ""Sin correspondencia en dimensión Silver de cobertura parcial; revisar, no inferir identificador inválido""}]",1,1,True,GIAD-M3-S4-IOT-diagnostico-v7,1.1.0,edb7afe2f7fb836e59fe605d30c88b3b5b13a6d8ab2ec0b37f206a14e58de6bf,America/La_Paz,IOT-R028,2026-08-11T21:41:00Z,America/La_Paz,3.48,C_ORIGINAL,CAM-20,True,IOT-R019:FALTANTE,True,False,False,False,GIAD-M3-S4-IOT-tratamiento-v6
121,2026-08-11 10:57:00,VIA-00006,ORD-2026-01337,CAM-26,PROD-060,-18.44,C,,0,0,humedad_cabina_pct,1,IOT-R019,"[{""rule_id"": ""IOT-R019"", ""columna_afectada"": ""humedad_cabina_pct"", ""codigo_error"": ""FALTANTE"", ""severidad"": ""CRITICAL"", ""accion"": ""CUARENTENA"", ""tipo_problema"": ""FALTANTE"", ""dimension_calidad"": ""COMPLETITUD"", ""valor_original"": """", ""detalle"": ""Humedad vacía""}]",1,0,True,GIAD-M3-S4-IOT-diagnostico-v7,1.1.0,edb7afe2f7fb836e59fe605d30c88b3b5b13a6d8ab2ec0b37f206a14e58de6bf,America/La_Paz,IOT-R028,2026-08-11T14:57:00Z,America/La_Paz,-18.44,C_ORIGINAL,CAM-26,True,IOT-R019:FALTANTE,True,True,False,False,GIAD-M3-S4-IOT-tratamiento-v6
213,2026-08-07 20:50:00,VIA-00009,ORD-2026-03793,CAM-20,PROD-043,-17.18,C,,0,0,humedad_cabina_pct|camion_id,2,IOT-R019|IOT-R027,"[{""rule_id"": ""IOT-R019"", ""columna_afectada"": ""humedad_cabina_pct"", ""codigo_error"": ""FALTANTE"", ""severidad"": ""CRITICAL"", ""accion"": ""CUARENTENA"", ""tipo_problema"": ""FALTANTE"", ""dimension_calidad"": ""COMPLETITUD"", ""valor_original"": """", ""detalle"": ""Humedad vacía""}, {""rule_id"": ""IOT-R027"", ""columna_afectada"": ""camion_id"", ""codigo_error"": ""REFERENCIA_INEXISTENTE"", ""severidad"": ""WARNING"", ""accion"": ""REVISAR"", ""tipo_problema"": ""INTEGRIDAD"", ""dimension_calidad"": ""INTEGRIDAD"", ""valor_original"": ""CAM-20"", ""detalle"": ""Sin correspondencia en dimensión Silver de cobertura parcial; revisar, no inferir identificador inválido""}]",1,1,True,GIAD-M3-S4-IOT-diagnostico-v7,1.1.0,edb7afe2f7fb836e59fe605d30c88b3b5b13a6d8ab2ec0b37f206a14e58de6bf,America/La_Paz,IOT-R028,2026-08-08T00:50:00Z,America/La_Paz,-17.18,C_ORIGINAL,CAM-20,True,IOT-R019:FALTANTE,True,False,False,False,GIAD-M3-S4-IOT-tratamiento-v6
229,2026-08-13 11:22:00,VIA-00010,ORD-2026-02783,CAM-14,PROD-059,-999.0,C,55.4,0,0,temperatura_cabina_c,1,IOT-R018,"[{""rule_id"": ""IOT-R018"", ""columna_afectada"": ""temperatura_cabina_c"", ""codigo_error"": ""VALOR_CENTINELA"", ""severidad"": ""CRITICAL"", ""accion"": ""CUARENTENA"", ""tipo_problema"": ""VALIDEZ"", ""dimension_calidad"": ""VALIDEZ"", ""valor_original"": ""-999.0"", ""detalle"": ""-999 es centinela: lectura no evaluable para rangos térmicos""}]",1,0,True,GIAD-M3-S4-IOT-diagnostico-v7,1.1.0,edb7afe2f7fb836e59fe605d30c88b3b5b13a6d8ab2ec0b37f206a14e58de6bf,America/La_Paz,IOT-R028,2026-08-13T15:22:00Z,America/La_Paz,,SIN_TRATAMIENTO,CAM-14,True,IOT-R018:VALOR_CENTINELA,True,True,False,False,GIAD-M3-S4-IOT-tratamiento-v6
238,2026-08-13 15:52:00,VIA-00010,ORD-2026-02783,CAM-14,PROD-059,,C,51.9,0,0,temperatura_cabina_c,1,IOT-R016,"[{""rule_id"": ""IOT-R016"", ""columna_afectada"": ""temperatura_cabina_c"", ""codigo_error"": ""FALTANTE"", ""severidad"": ""CRITICAL"", ""accion"": ""CUARENTENA"", ""tipo_problema"": ""FALTANTE"", ""dimension_calidad"": ""COMPLETITUD"", ""valor_original"": """", ""detalle"": ""Temperatura vacía""}]",1,0,True,GIAD-M3-S4-IOT-diagnostico-v7,1.1.0,edb7afe2f7fb836e59fe605d30c88b3b5b13a6d8ab2ec0b37f206a14e58de6bf,America/La_Paz,IOT-R028,2026-08-13T19:52:00Z,America/La_Paz,,SIN_TRATAMIENTO,CAM-14,True,IOT-R016:FALTANTE,True,True,False,False,GIAD-M3-S4-IOT-tratamiento-v6
425,2026-08-19 02:41:00,VIA-00018,ORD-2026-03390,CAM-08,PROD-052,-999.0,C,91.5,0,0,temperatura_cabina_c,1,IOT-R018,"[{""rule_id"": ""IOT-R018"", ""columna_afectada"": ""temperatura_cabina_c"", ""codigo_error"": ""VALOR_CENTINELA"", ""severidad"": ""CRITICAL"", ""accion"": ""CUARENTENA"", ""tipo_problema"": ""VALIDEZ"", ""dimension_calidad"": ""VALIDEZ"", ""valor_original"": ""-999.0"", ""detalle"": ""-999 es centinela: lectura no evaluable para rangos térmicos""}]",1,0,True,GIAD-M3-S4-IOT-diagnostico-v7,1.1.0,edb7afe2f7fb836e59fe605d30c88b3b5b13a6d8ab2ec0b37f206a14e58de6bf,America/La_Paz,IOT-R028,2026-08-19T06:41:00Z,America/La_Paz,,SIN_TRATAMIENTO,CAM-08,True,IOT-R018:VALOR_CENTINELA,True,True,False,False,GIAD-M3-S4-IOT-tratamiento-v6
459,2026-08-25 21:24:00,VIA-00020,ORD-2026-01231,CAM-20,PROD-039,-999.0,C,51.6,1,0,temperatura_cabina_c|camion_id,2,IOT-R018|IOT-R027,"[{""rule_id"": ""IOT-R018"", ""columna_afectada"": ""temperatura_cabina_c"", ""codigo_error"": ""VALOR_CENTINELA"", ""severidad"": ""CRITICAL"", ""accion"": ""CUARENTENA"", ""tipo_problema"": ""VALIDEZ"", ""dimension_calidad"": ""VALIDEZ"", ""valor_original"": ""-999.0"", ""detalle"": ""-999 es centinela: lectura no evaluable para rangos térmicos""}, {""rule_id"": ""IOT-R027"", ""columna_afectada"": ""camion_id"", ""codigo_error"": ""REFERENCIA_INEXISTENTE"", ""severidad"": ""WARNING"", ""accion"": ""REVISAR"", ""tipo_problema"": ""INTEGRIDAD"", ""dimension_calidad"": ""INTEGRIDAD"", ""valor_original"": ""CAM-20"", ""detalle"": ""Sin correspondencia en dimensión Silver de cobertura parcial; revisar, no inferir identificador inválido""}]",1,1,True,GIAD-M3-S4-IOT-diagnostico-v7,1.1.0,edb7afe2f7fb836e59fe605d30c88b3b5b13a6d8ab2ec0b37f206a14e58de6bf,America/La_Paz,IOT-R028,2026-08-26T01:24:00Z,America/La_Paz,,SIN_TRATAMIENTO,CAM-20,True,IOT-R018:VALOR_CENTINELA,True,False,False,False,GIAD-M3-S4-IOT-tratamiento-v6
469,2026-08-26 02:24:00,VIA-00020,ORD-2026-01231,CAM-20,PROD-039,-999.0,C,50.1,0,0,temperatura_cabina_c|camion_id,2,IOT-R018|IOT-R027,"[{""rule_id"": ""IOT-R018"", ""columna_afectada"": ""temperatura_cabina_c"", ""codigo_error"": ""VALOR_CENTINELA"", ""severidad"": ""CRITICAL"", ""accion"": ""CUARENTENA"", ""tipo_problema"": ""VALIDEZ"", ""dimension_calidad"": ""VALIDEZ"", ""valor_original"": ""-999.0"", ""detalle"": ""-999 es centinela: lectura no evaluable para rangos térmicos""}, {""rule_id"": ""IOT-R027"", ""columna_afectada"": ""camion_id"", ""codigo_error"": ""REFERENCIA_INEXISTENTE"", ""severidad"": ""WARNING"", ""accion"": ""REVISAR"", ""tipo_problema"": ""INTEGRIDAD"", ""dimension_calidad"": ""INTEGRIDAD"", ""valor_original"": ""CAM-20"", ""detalle"": ""Sin correspondencia en dimensión Silver de cobertura parcial; revisar, no inferir identificador inválido""}]",1,1,True,GIAD-M3-S4-IOT-diagnostico-v7,1.1.0,edb7afe2f7fb836e59fe605d30c88b3b5b13a6d8ab2ec0b37f206a14e58de6bf,America/La_Paz,IOT-R028,2026-08-26T06:24:00Z,America/La_Paz,,SIN_TRATAMIENTO,CAM-20,True,IOT-R018:VALOR_CENTINELA,True,False,False,False,GIAD-M3-S4-IOT-tratamiento-v6
477,2026-08-26 06:24:00,VIA-00020,ORD-2026-01231,CAM-20,PROD-039,,C,49.0,0,0,temperatura_cabina_c|camion_id,2,IOT-R016|IOT-R027,"[{""rule_id"": ""IOT-R016"", ""columna_afectada"": ""temperatura_cabina_c"", ""codigo_error"": ""FALTANTE"", ""severidad"": ""CRITICAL"", ""accion"": ""CUARENTENA"", ""tipo_problema"": ""FALTANTE"", ""dimension_calidad"": ""COMPLETITUD"", ""valor_original"": """", ""detalle"": ""Temperatura vacía""}, {""rule_id"": ""IOT-R027"", ""columna_afectada"": ""camion_id"", ""codigo_error"": ""REFERENCIA_INEXISTENTE"", ""severidad"": ""WARNING"", ""accion"": ""REVISAR"", ""tipo_problema"": ""INTEGRIDAD"", ""dimension_calidad"": ""INTEGRIDAD"", ""valor_original"": ""CAM-20"", ""detalle"": ""Sin correspondencia en dimensión Silver de cobertura parcial; revisar, no inferir identificador inválido""}]",1,1,True,GIAD-M3-S4-IOT-diagnostico-v7,1.1.0,edb7afe2f7fb836e59fe605d30c88b3b5b13a6d8ab2ec0b37f206a14e58de6bf,America/La_Paz,IOT-R028,2026-08-26T10:24:00Z,America/La_Paz,,SIN_TRATAMIENTO,CAM-20,True,IOT-R016:FALTANTE,True,False,False,False,GIAD-M3-S4-IOT-tratamiento-v6
530,2026-08-14 16:48:00,VIA-00023,ORD-2026-01360,CAM-12,PROD-012,20.54,C,-45.2,0,0,humedad_cabina_pct,1,IOT-R021,"[{""rule_id"": ""IOT-R021"", ""columna_afectada"": ""humedad_cabina_pct"", ""codigo_error"": ""FUERA_RANGO"", ""severidad"": ""CRITICAL"", ""accion"": ""CUARENTENA"", ""tipo_problema"": ""VALIDEZ"", ""dimension_calidad"": ""VALIDEZ"", ""valor_original"": ""-45.2"", ""detalle"": ""Humedad fuera de 0 a 100%""}]",1,0,True,GIAD-M3-S4-IOT-diagnostico-v7,1.1.0,edb7afe2f7fb836e59fe605d30c88b3b5b13a6d8ab2ec0b37f206a14e58de6bf,America/La_Paz,IOT-R028,2026-08-14T20:48:00Z,America/La_Paz,20.54,C_ORIGINAL,CAM-12,True,IOT-R021:FUERA_RANGO,True,True,False,False,GIAD-M3-S4-IOT-tratamiento-v6
533,2026-08-14 18:18:00,VIA-00023,ORD-2026-01360,CAM-12,PROD-012,18.69,C,,0,0,humedad_cabina_pct,1,IOT-R019,"[{""rule_id"": ""IOT-R019"", ""columna_afectada"": ""humedad_cabina_pct"", ""codigo_error"": ""FALTANTE"", ""severidad"": ""CRITICAL"", ""accion"": ""CUARENTENA"", ""tipo_problema"": ""FALTANTE"", ""dimension_calidad"": ""COMPLETITUD"", ""valor_original"": """", ""detalle"": ""Humedad vacía""}]",1,0,True,GIAD-M3-S4-IOT-diagnostico-v7,1.1.0,edb7afe2f7fb836e59fe605d30c88b3b5b13a6d8ab2ec0b37f206a14e58de6bf,America/La_Paz,IOT-R028,2026-08-14T22:18:00Z,America/La_Paz,18.69,C_ORIGINAL,CAM-12,True,IOT-R019:FALTANTE,True,True,False,False,GIAD-M3-S4-IOT-tratamiento-v6
598,2026-08-14 04:21:00,VIA-00025,ORD-2026-06241,CAM-24,PROD-052,4.38,C,,0,0,humedad_cabina_pct,1,IOT-R019,"[{""rule_id"": ""IOT-R019"", ""columna_afectada"": ""humedad_cabina_pct"", ""codigo_error"": ""FALTANTE"", ""severidad"": ""CRITICAL"", ""accion"": ""CUARENTENA"", ""tipo_problema"": ""FALTANTE"", ""dimension_calidad"": ""COMPLETITUD"", ""valor_original"": """", ""detalle"": ""Humedad vacía""}]",1,0,True,GIAD-M3-S4-IOT-diagnostico-v7,1.1.0,edb7afe2f7fb836e59fe605d30c88b3b5b13a6d8ab2ec0b37f206a14e58de6bf,America/La_Paz,IOT-R028,2026-08-14T08:21:00Z,America/La_Paz,4.38,C_ORIGINAL,CAM-24,True,IOT-R019:FALTANTE,True,True,False,False,GIAD-M3-S4-IOT-tratamiento-v6
643,2026-08-30 08:27:00,VIA-00027,ORD-2026-05466,CAM-20,PROD-026,-999.0,C,90.3,0,0,temperatura_cabina_c|producto_id|camion_id,3,IOT-R018|IOT-R026|IOT-R027,"[{""rule_id"": ""IOT-R018"", ""columna_afectada"": ""temperatura_cabina_c"", ""codigo_error"": ""VALOR_CENTINELA"", ""severidad"": ""CRITICAL"", ""accion"": ""CUARENTENA"", ""tipo_problema"": ""VALIDEZ"", ""dimension_calidad"": ""VALIDEZ"", ""valor_original"": ""-999.0"", ""detalle"": ""-999 es centinela: lectura no evaluable para rangos térmicos""}, {""rule_id"": ""IOT-R026"", ""columna_afectada"": ""producto_id"", ""codigo_error"": ""REFERENCIA_INEXISTENTE"", ""severidad"": ""WARNING"", ""accion"": ""REVISAR"", ""tipo_problema"": ""INTEGRIDAD"", ""dimension_calidad"": ""INTEGRIDAD"", ""valor_original"": ""PROD-026"", ""detalle"": ""Sin correspondencia en dimensión Silver de cobertura parcial; revisar, no inferir identificador inválido""}, {""rule_id"": ""IOT-R027"", ""columna_afectada"": ""camion_id"", ""codigo_error"": ""REFERENCIA_INEXISTENTE"", ""severidad"": ""WARNING"", ""accion"": ""REVISAR"", ""tipo_problema"": ""INTEGRIDAD"", ""dimension_calidad"": ""INTEGRIDAD"", ""valor_original"": ""CAM-20"", ""detalle"": ""Sin correspondencia en dimensión Silver de cobertura parcial; revisar, no inferir identificador inválido""}]",1,2,True,GIAD-M3-S4-IOT-diagnostico-v7,1.1.0,edb7afe2f7fb836e59fe605d30c88b3b5b13a6d8ab2ec0b37f206a14e58de6bf,America/La_Paz,IOT-R028,2026-08-30T12:27:00Z,America/La_Paz,,SIN_TRATAMIENTO,CAM-20,True,IOT-R018:VALOR_CENTINELA,False,False,False,False,GIAD-M3-S4-IOT-tratamiento-v6
757,2026-08-28 02:29:00,VIA-00032,ORD-2026-01878,CAM-24,PROD-058,,C,69.4,0,0,temperatura_cabina_c,1,IOT-R016,"[{""rule_id"": ""IOT-R016"", ""columna_afectada"": ""temperatura_cabina_c"", ""codigo_error"": ""FALTANTE"", ""severidad"": ""CRITICAL"", ""accion"": ""CUARENTENA"", ""tipo_problema"": ""FALTANTE"", ""dimension_calidad"": ""COMPLETITUD"", ""valor_original"": """", ""detalle"": ""Temperatura vacía""}]",1,0,True,GIAD-M3-S4-IOT-diagnostico-v7,1.1.0,edb7afe2f7fb836e59fe605d30c88b3b5b13a6d8ab2ec0b37f206a14e58de6bf,America/La_Paz,IOT-R028,2026-08-28T06:29:00Z,America/La_Paz,,SIN_TRATAMIENTO,CAM-24,True,IOT-R016:FALTANTE,True,True,False,False,GIAD-M3-S4-IOT-tratamiento-v6
901,2026-08-30 03:44:00,VIA-00038,ORD-2026-05727,CAM-29,PROD-005,-999.0,C,48.7,0,0,temperatura_cabina_c,1,IOT-R018,"[{""rule_id"": ""IOT-R018"", ""columna_afectada"": ""temperatura_cabina_c"", ""codigo_error"": ""VALOR_CENTINELA"", ""severidad"": ""CRITICAL"", ""accion"": ""CUARENTENA"", ""tipo_problema"": ""VALIDEZ"", ""dimension_calidad"": ""VALIDEZ"", ""valor_original"": ""-999.0"", ""detalle"": ""-999 es centinela: lectura no evaluable para rangos térmicos""}]",1,0,True,GIAD-M3-S4-IOT-diagnostico-v7,1.1.0,edb7afe2f7fb836e59fe605d30c88b3b5b13a6d8ab2ec0b37f206a14e58de6bf,America/La_Paz,IOT-R028,2026-08-30T07:44:00Z,America/La_Paz,,SIN_TRATAMIENTO,CAM-29,True,IOT-R018:VALOR_CENTINELA,True,True,False,False,GIAD-M3-S4-IOT-tratamiento-v6
1079,2026-08-15 05:16:00,VIA-00045,ORD-2026-01164,CAM-22,PROD-039,,C,48.0,0,0,temperatura_cabina_c,1,IOT-R016,"[{""rule_id"": ""IOT-R016"", ""columna_afectada"": ""temperatura_cabina_c"", ""codigo_error"": ""FALTANTE"", ""severidad"": ""CRITICAL"", ""accion"": ""CUARENTENA"", ""tipo_problema"": ""FALTANTE"", ""dimension_calidad"": ""COMPLETITUD"", ""valor_original"": """", ""detalle"": ""Temperatura vacía""}]",1,0,True,GIAD-M3-S4-IOT-diagnostico-v7,1.1.0,edb7afe2f7fb836e59fe605d30c88b3b5b13a6d8ab2ec0b37f206a14e58de6bf,America/La_Paz,IOT-R028,2026-08-15T09:16:00Z,America/La_Paz,,SIN_TRATAMIENTO,CAM-22,True,IOT-R016:FALTANTE,True,True,False,False,GIAD-M3-S4-IOT-tratamiento-v6
1101,2026-08-20 09:07:00,VIA-00046,ORD-2026-00641,CAM-09,PROD-033,-999.0,C,50.1,0,0,temperatura_cabina_c,1,IOT-R018,"[{""rule_id"": ""IOT-R018"", ""columna_afectada"": ""temperatura_cabina_c"", ""codigo_error"": ""VALOR_CENTINELA"", ""severidad"": ""CRITICAL"", ""accion"": ""CUARENTENA"", ""tipo_problema"": ""VALIDEZ"", ""dimension_calidad"": ""VALIDEZ"", ""valor_original"": ""-999.0"", ""detalle"": ""-999 es centinela: lectura no evaluable para rangos térmicos""}]",1,0,True,GIAD-M3-S4-IOT-diagnostico-v7,1.1.0,edb7afe2f7fb836e59fe605d30c88b3b5b13a6d8ab2ec0b37f206a14e58de6bf,America/La_Paz,IOT-R028,2026-08-20T13:07:00Z,America/La_Paz,,SIN_TRATAMIENTO,CAM-09,True,IOT-R018:VALOR_CENTINELA,True,True,False,False,GIAD-M3-S4-IOT-tratamiento-v6
1169,2026-08-08 08:14:00,VIA-00049,ORD-2026-02871,CAM-08,PROD-016,,C,68.1,0,0,temperatura_cabina_c|producto_id,2,IOT-R016|IOT-R026,"[{""rule_id"": ""IOT-R016"", ""columna_afectada"": ""temperatura_cabina_c"", ""codigo_error"": ""FALTANTE"", ""severidad"": ""CRITICAL"", ""accion"": ""CUARENTENA"", ""tipo_problema"": ""FALTANTE"", ""dimension_calidad"": ""COMPLETITUD"", ""valor_original"": """", ""detalle"": ""Temperatura vacía""}, {""rule_id"": ""IOT-R026"", ""columna_afectada"": ""producto_id"", ""codigo_error"": ""REFERENCIA_INEXISTENTE"", ""severidad"": ""WARNING"", ""accion"": ""REVISAR"", ""tipo_problema"": ""INTEGRIDAD"", ""dimension_calidad"": ""INTEGRIDAD"", ""valor_original"": ""PROD-016"", ""detalle"": ""Sin correspondencia en dimensión Silver de cobertura parcial; revisar, no inferir identificador inválido""}]",1,1,True,GIAD-M3-S4-IOT-diagnostico-v7,1.1.0,edb7afe2f7fb836e59fe605d30c88b3b5b13a6d8ab2ec0b37f206a14e58de6bf,America/La_Paz,IOT-R028,2026-08-08T12:14:00Z,America/La_Paz,,SIN_TRATAMIENTO,CAM-08,True,IOT-R016:FALTANTE,False,True,False,False,GIAD-M3-S4-IOT-tratamiento-v6
1205,2026-08-06 06:54:00,VIA-00051,ORD-2026-04075,CAM-28,PROD-025,-999.0,C,77.8,0,0,temperatura_cabina_c,1,IOT-R018,"[{""rule_id"": ""IOT-R018"", ""columna_afectada"": ""temperatura_cabina_c"", ""codigo_error"": ""VALOR_CENTINELA"", ""severidad"": ""CRITICAL"", ""accion"": ""CUARENTENA"", ""tipo_problema"": ""VALIDEZ"", ""dimension_calidad"": ""VALIDEZ"", ""valor_original"": ""-999.0"", ""detalle"": ""-999 es centinela: lectura no evaluable para rangos térmicos""}]",1,0,True,GIAD-M3-S4-IOT-diagnostico-v7,1.1.0,edb7afe2f7fb836e59fe605d30c88b3b5b13a6d8ab2ec0b37f206a14e58de6bf,America/La_Paz,IOT-R028,2026-08-06T10:54:00Z,America/La_Paz,,SIN_TRATAMIENTO,CAM-28,True,IOT-R018:VALOR_CENTINELA,True,True,False,False,GIAD-M3-S4-IOT-tratamiento-v6
1208,2026-08-06 08:24:00,VIA-00051,ORD-2026-04075,CAM-28,PROD-025,-999.0,C,76.9,0,1,temperatura_cabina_c,1,IOT-R018,"[{""rule_id"": ""IOT-R018"", ""columna_afectada"": ""temperatura_cabina_c"", ""codigo_error"": ""VALOR_CENTINELA"", ""severidad"": ""CRITICAL"", ""accion"": ""CUARENTENA"", ""tipo_problema"": ""VALIDEZ"", ""dimension_calidad"": ""VALIDEZ"", ""valor_original"": ""-999.0"", ""detalle"": ""-999 es centinela: lectura no evaluable para rangos térmicos""}]",1,0,True,GIAD-M3-S4-IOT-diagnostico-v7,1.1.0,edb7afe2f7fb836e59fe605d30c88b3b5b13a6d8ab2ec0b37f206a14e58de6bf,America/La_Paz,IOT-R028,2026-08-06T12:24:00Z,America/La_Paz,,SIN_TRATAMIENTO,CAM-28,True,IOT-R018:VALOR_CENTINELA,True,True,False,False,GIAD-M3-S4-IOT-tratamiento-v6
1233,2026-08-21 05:29:00,VIA-00052,ORD-2026-02691,CAM-10,PROD-060,-999.0,C,59.0,0,0,temperatura_cabina_c,1,IOT-R018,"[{""rule_id"": ""IOT-R018"", ""columna_afectada"": ""temperatura_cabina_c"", ""codigo_error"": ""VALOR_CENTINELA"", ""severidad"": ""CRITICAL"", ""accion"": ""CUARENTENA"", ""tipo_problema"": ""VALIDEZ"", ""dimension_calidad"": ""VALIDEZ"", ""valor_original"": ""-999.0"", ""detalle"": ""-999 es centinela: lectura no evaluable para rangos térmicos""}]",1,0,True,GIAD-M3-S4-IOT-diagnostico-v7,1.1.0,edb7afe2f7fb836e59fe605d30c88b3b5b13a6d8ab2ec0b37f206a14e58de6bf,America/La_Paz,IOT-R028,2026-08-21T09:29:00Z,America/La_Paz,,SIN_TRATAMIENTO,CAM-10,True,IOT-R018:VALOR_CENTINELA,True,True,False,False,GIAD-M3-S4-IOT-tratamiento-v6
1276,2026-08-18 02:12:00,VIA-00054,ORD-2026-05811,CAM-10,PROD-041,-19.93,C,-72.7,0,0,humedad_cabina_pct,1,IOT-R021,"[{""rule_id"": ""IOT-R021"", ""columna_afectada"": ""humedad_cabina_pct"", ""codigo_error"": ""FUERA_RANGO"", ""severidad"": ""CRITICAL"", ""accion"": ""CUARENTENA"", ""tipo_problema"": ""VALIDEZ"", ""dimension_calidad"": ""VALIDEZ"", ""valor_original"": ""-72.7"", ""detalle"": ""Humedad fuera de 0 a 100%""}]",1,0,True,GIAD-M3-S4-IOT-diagnostico-v7,1.1.0,edb7afe2f7fb836e59fe605d30c88b3b5b13a6d8ab2ec0b37f206a14e58de6bf,America/La_Paz,IOT-R028,2026-08-18T06:12:00Z,America/La_Paz,-19.93,C_ORIGINAL,CAM-10,True,IOT-R021:FUERA_RANGO,True,True,False,False,GIAD-M3-S4-IOT-tratamiento-v6
1286,2026-08-18 07:12:00,VIA-00054,ORD-2026-05811,CAM-10,PROD-041,,C,68.6,0,1,temperatura_cabina_c,1,IOT-R016,"[{""rule_id"": ""IOT-R016"", ""columna_afectada"": ""temperatura_cabina_c"", ""codigo_error"": ""FALTANTE"", ""severidad"": ""CRITICAL"", ""accion"": ""CUARENTENA"", ""tipo_problema"": ""FALTANTE"", ""dimension_calidad"": ""COMPLETITUD"", ""valor_original"": """", ""detalle"": ""Temperatura vacía""}]",1,0,True,GIAD-M3-S4-IOT-diagnostico-v7,1.1.0,edb7afe2f7fb836e59fe605d30c88b3b5b13a6d8ab2ec0b37f206a14e58de6bf,America/La_Paz,IOT-R028,2026-08-18T11:12:00Z,America/La_Paz,,SIN_TRATAMIENTO,CAM-10,True,IOT-R016:FALTANTE,True,True,False,False,GIAD-M3-S4-IOT-tratamiento-v6
1336,2026-08-15 10:56:00,VIA-00056,ORD-2026-06250,CAM-11,PROD-006,,C,42.1,0,0,temperatura_cabina_c,1,IOT-R016,"[{""rule_id"": ""IOT-R016"", ""columna_afectada"": ""temperatura_cabina_c"", ""codigo_error"": ""FALTANTE"", ""severidad"": ""CRITICAL"", ""accion"": ""CUARENTENA"", ""tipo_problema"": ""FALTANTE"", ""dimension_calidad"": ""COMPLETITUD"", ""valor_original"": """", ""detalle"": ""Temperatura vacía""}]",1,0,True,GIAD-M3-S4-IOT-diagnostico-v7,1.1.0,edb7afe2f7fb836e59fe605d30c88b3b5b13a6d8ab2ec0b37f206a14e58de6bf,America/La_Paz,IOT-R028,2026-08-15T14:56:00Z,America/La_Paz,,SIN_TRATAMIENTO,CAM-11,True,IOT-R016:FALTANTE,True,True,False,False,GIAD-M3-S4-IOT-tratamiento-v6
1402,2026-08-20 20:23:00,VIA-00059,ORD-2026-02676,CAM-07,PROD-055,-999.0,C,59.1,0,0,temperatura_cabina_c,1,IOT-R018,"[{""rule_id"": ""IOT-R018"", ""columna_afectada"": ""temperatura_cabina_c"", ""codigo_error"": ""VALOR_CENTINELA"", ""severidad"": ""CRITICAL"", ""accion"": ""CUARENTENA"", ""tipo_problema"": ""VALIDEZ"", ""dimension_calidad"": ""VALIDEZ"", ""valor_original"": ""-999.0"", ""detalle"": ""-999 es centinela: lectura no evaluable para rangos térmicos""}]",1,0,True,GIAD-M3-S4-IOT-diagnostico-v7,1.1.0,edb7afe2f7fb836e59fe605d30c88b3b5b13a6d8ab2ec0b37f206a14e58de6bf,America/La_Paz,IOT-R028,2026-08-21T00:23:00Z,America/La_Paz,,SIN_TRATAMIENTO,CAM-07,True,IOT-R018:VALOR_CENTINELA,True,True,False,False,GIAD-M3-S4-IOT-tratamiento-v6
1469,2026-08-23 12:32:00,VIA-00062,ORD-2026-02581,CAM-28,PROD-028,,C,56.8,0,0,temperatura_cabina_c|producto_id,2,IOT-R016|IOT-R026,"[{""rule_id"": ""IOT-R016"", ""columna_afectada"": ""temperatura_cabina_c"", ""codigo_error"": ""FALTANTE"", ""severidad"": ""CRITICAL"", ""accion"": ""CUARENTENA"", ""tipo_problema"": ""FALTANTE"", ""dimension_calidad"": ""COMPLETITUD"", ""valor_original"": """", ""detalle"": ""Temperatura vacía""}, {""rule_id"": ""IOT-R026"", ""columna_afectada"": ""producto_id"", ""codigo_error"": ""REFERENCIA_INEXISTENTE"", ""severidad"": ""WARNING"", ""accion"": ""REVISAR"", ""tipo_problema"": ""INTEGRIDAD"", ""dimension_calidad"": ""INTEGRIDAD"", ""valor_original"": ""PROD-028"", ""detalle"": ""Sin correspondencia en dimensión Silver de cobertura parcial; revisar, no inferir identificador inválido""}]",1,1,True,GIAD-M3-S4-IOT-diagnostico-v7,1.1.0,edb7afe2f7fb836e59fe605d30c88b3b5b13a6d8ab2ec0b37f206a14e58de6bf,America/La_Paz,IOT-R028,2026-08-23T16:32:00Z,America/La_Paz,,SIN_TRATAMIENTO,CAM-28,True,IOT-R016:FALTANTE,False,True,False,False,GIAD-M3-S4-IOT-tratamiento-v6
1471,2026-08-23 13:32:00,VIA-00062,ORD-2026-02581,CAM-28,PROD-028,-999.0,C,37.7,0,0,temperatura_cabina_c|producto_id,2,IOT-R018|IOT-R026,"[{""rule_id"": ""IOT-R018"", ""columna_afectada"": ""temperatura_cabina_c"", ""codigo_error"": ""VALOR_CENTINELA"", ""severidad"": ""CRITICAL"", ""accion"": ""CUARENTENA"", ""tipo_problema"": ""VALIDEZ"", ""dimension_calidad"": ""VALIDEZ"", ""valor_original"": ""-999.0"", ""detalle"": ""-999 es centinela: lectura no evaluable para rangos térmicos""}, {""rule_id"": ""IOT-R026"", ""columna_afectada"": ""producto_id"", ""codigo_error"": ""REFERENCIA_INEXISTENTE"", ""severidad"": ""WARNING"", ""accion"": ""REVISAR"", ""tipo_problema"": ""INTEGRIDAD"", ""dimension_calidad"": ""INTEGRIDAD"", ""valor_original"": ""PROD-028"", ""detalle"": ""Sin correspondencia en dimensión Silver de cobertura parcial; revisar, no inferir identificador inválido""}]",1,1,True,GIAD-M3-S4-IOT-diagnostico-v7,1.1.0,edb7afe2f7fb836e59fe605d30c88b3b5b13a6d8ab2ec0b37f206a14e58de6bf,America/La_Paz,IOT-R028,2026-08-23T17:32:00Z,America/La_Paz,,SIN_TRATAMIENTO,CAM-28,True,IOT-R018:VALOR_CENTINELA,False,True,False,False,GIAD-M3-S4-IOT-tratamiento-v6
1594,2026-08-07 20:40:00,VIA-00067,ORD-2026-06592, cam-20 ,PROD-014,20.6,C,55.8,0,0,camion_id,2,IOT-R008|IOT-R027,"[{""rule_id"": ""IOT-R008"", ""columna_afectada"": ""camion_id"", ""codigo_error"": ""FORMATO_INVALIDO"", ""severidad"": ""CRITICAL"", ""accion"": ""CUARENTENA"", ""tipo_problema"": ""FORMATO"", ""dimension_calidad"": ""CONFORMIDAD"", ""valor_original"": "" cam-20 "", ""detalle"": ""Formato esperado CAM-00""}, {""rule_id"": ""IOT-R027"", ""columna_afectada"": ""camion_id"", ""codigo_error"": ""REFERENCIA_INEXISTENTE"", ""severidad"": ""WARNING"", ""accion"": ""REVISAR"", ""tipo_problema"": ""INTEGRIDAD"", ""dimension_calidad"": ""INTEGRIDAD"", ""valor_original"": "" cam-20 "", ""detalle"": ""Sin correspondencia en dimensión Silver de cobertura parcial; revisar, no inferir identificador inválido""}]",1,1,True,GIAD-M3-S4-IOT-diagnostico-v7,1.1.0,edb7afe2f7fb836e59fe605d30c88b3b5b13a6d8ab2ec0b37f206a14e58de6bf,America/La_Paz,IOT-R028,2026-08-08T00:40:00Z,America/La_Paz,20.6,C_ORIGINAL, cam-20 ,True,IOT-R008:FORMATO_INVALIDO,True,False,False,False,GIAD-M3-S4-IOT-tratamiento-v6
1660,2026-08-28 19:53:00,VIA-00070,ORD-2026-06154,CAM-19,PROD-040,-999.0,C,47.7,0,0,temperatura_cabina_c,1,IOT-R018,"[{""rule_id"": ""IOT-R018"", ""columna_afectada"": ""temperatura_cabina_c"", ""codigo_error"": ""VALOR_CENTINELA"", ""severidad"": ""CRITICAL"", ""accion"": ""CUARENTENA"", ""tipo_problema"": ""VALIDEZ"", ""dimension_calidad"": ""VALIDEZ"", ""valor_original"": ""-999.0"", ""detalle"": ""-999 es centinela: lectura no evaluable para rangos térmicos""}]",1,0,True,GIAD-M3-S4-IOT-diagnostico-v7,1.1.0,edb7afe2f7fb836e59fe605d30c88b3b5b13a6d8ab2ec0b37f206a14e58de6bf,America/La_Paz,IOT-R028,2026-08-28T23:53:00Z,America/La_Paz,,SIN_TRATAMIENTO,CAM-19,True,IOT-R018:VALOR_CENTINELA,True,True,False,False,GIAD-M3-S4-IOT-tratamiento-v6
1730,2026-08-17 05:56:00,VIA-00073,ORD-2026-01330,CAM-13,PROD-018,,C,51.9,0,0,temperatura_cabina_c|producto_id,2,IOT-R016|IOT-R026,"[{""rule_id"": ""IOT-R016"", ""columna_afectada"": ""temperatura_cabina_c"", ""codigo_error"": ""FALTANTE"", ""severidad"": ""CRITICAL"", ""accion"": ""CUARENTENA"", ""tipo_problema"": ""FALTANTE"", ""dimension_calidad"": ""COMPLETITUD"", ""valor_original"": """", ""detalle"": ""Temperatura vacía""}, {""rule_id"": ""IOT-R026"", ""columna_afectada"": ""producto_id"", ""codigo_error"": ""REFERENCIA_INEXISTENTE"", ""severidad"": ""WARNING"", ""accion"": ""REVISAR"", ""tipo_problema"": ""INTEGRIDAD"", ""dimension_calidad"": ""INTEGRIDAD"", ""valor_original"": ""PROD-018"", ""detalle"": ""Sin correspondencia en dimensión Silver de cobertura parcial; revisar, no inferir identificador inválido""}]",1,1,True,GIAD-M3-S4-IOT-diagnostico-v7,1.1.0,edb7afe2f7fb836e59fe605d30c88b3b5b13a6d8ab2ec0b37f206a14e58de6bf,America/La_Paz,IOT-R028,2026-08-17T09:56:00Z,America/La_Paz,,SIN_TRATAMIENTO,CAM-13,True,IOT-R016:FALTANTE,False,True,False,False,GIAD-M3-S4-IOT-tratamiento-v6
1750,2026-08-17 15:56:00,VIA-00073,ORD-2026-01330,CAM-13,PROD-018,-999.0,C,56.8,0,0,temperatura_cabina_c|producto_id,2,IOT-R018|IOT-R026,"[{""rule_id"": ""IOT-R018"", ""columna_afectada"": ""temperatura_cabina_c"", ""codigo_error"": ""VALOR_CENTINELA"", ""severidad"": ""CRITICAL"", ""accion"": ""CUARENTENA"", ""tipo_problema"": ""VALIDEZ"", ""dimension_calidad"": ""VALIDEZ"", ""valor_original"": ""-999.0"", ""detalle"": ""-999 es centinela: lectura no evaluable para rangos térmicos""}, {""rule_id"": ""IOT-R026"", ""columna_afectada"": ""producto_id"", ""codigo_error"": ""REFERENCIA_INEXISTENTE"", ""severidad"": ""WARNING"", ""accion"": ""REVISAR"", ""tipo_problema"": ""INTEGRIDAD"", ""dimension_calidad"": ""INTEGRIDAD"", ""valor_original"": ""PROD-018"", ""detalle"": ""Sin correspondencia en dimensión Silver de cobertura parcial; revisar, no inferir identificador inválido""}]",1,1,True,GIAD-M3-S4-IOT-diagnostico-v7,1.1.0,edb7afe2f7fb836e59fe605d30c88b3b5b13a6d8ab2ec0b37f206a14e58de6bf,America/La_Paz,IOT-R028,2026-08-17T19:56:00Z,America/La_Paz,,SIN_TRATAMIENTO,CAM-13,True,IOT-R018:VALOR_CENTINELA,False,True,False,False,GIAD-M3-S4-IOT-tratamiento-v6
1798,2026-08-11 16:29:00,VIA-00075,ORD-2026-03282,CAM-08,PROD-057,19.83,C,,0,0,humedad_cabina_pct,1,IOT-R019,"[{""rule_id"": ""IOT-R019"", ""columna_afectada"": ""humedad_cabina_pct"", ""codigo_error"": ""FALTANTE"", ""severidad"": ""CRITICAL"", ""accion"": ""CUARENTENA"", ""tipo_problema"": ""FALTANTE"", ""dimension_calidad"": ""COMPLETITUD"", ""valor_original"": """", ""detalle"": ""Humedad vacía""}]",1,0,True,GIAD-M3-S4-IOT-diagnostico-v7,1.1.0,edb7afe2f7fb836e59fe605d30c88b3b5b13a6d8ab2ec0b37f206a14e58de6bf,America/La_Paz,IOT-R028,2026-08-11T20:29:00Z,America/La_Paz,19.83,C_ORIGINAL,CAM-08,True,IOT-R019:FALTANTE,True,True,False,False,GIAD-M3-S4-IOT-tratamiento-v6
1967,2026-08-02 19:35:00,VIA-00082,ORD-2026-06630,CAM-18,PROD-033,,C,59.3,0,0,temperatura_cabina_c,1,IOT-R016,"[{""rule_id"": ""IOT-R016"", ""columna_afectada"": ""temperatura_cabina_c"", ""codigo_error"": ""FALTANTE"", ""severidad"": ""CRITICAL"", ""accion"": ""CUARENTENA"", ""tipo_problema"": ""FALTANTE"", ""dimension_calidad"": ""COMPLETITUD"", ""valor_original"": """", ""detalle"": ""Temperatura vacía""}]",1,0,True,GIAD-M3-S4-IOT-diagnostico-v7,1.1.0,edb7afe2f7fb836e59fe605d30c88b3b5b13a6d8ab2ec0b37f206a14e58de6bf,America/La_Paz,IOT-R028,2026-08-02T23:35:00Z,America/La_Paz,,SIN_TRATAMIENTO,CAM-18,True,IOT-R016:FALTANTE,True,True,False,False,GIAD-M3-S4-IOT-tratamiento-v6
2184,2026-08-20 20:22:00,VIA-00091,ORD-2026-05940,CAM-26,PROD-053,-999.0,C,73.6,0,0,temperatura_cabina_c,1,IOT-R018,"[{""rule_id"": ""IOT-R018"", ""columna_afectada"": ""temperatura_cabina_c"", ""codigo_error"": ""VALOR_CENTINELA"", ""severidad"": ""CRITICAL"", ""accion"": ""CUARENTENA"", ""tipo_problema"": ""VALIDEZ"", ""dimension_calidad"": ""VALIDEZ"", ""valor_original"": ""-999.0"", ""detalle"": ""-999 es centinela: lectura no evaluable para rangos térmicos""}]",1,0,True,GIAD-M3-S4-IOT-diagnostico-v7,1.1.0,edb7afe2f7fb836e59fe605d30c88b3b5b13a6d8ab2ec0b37f206a14e58de6bf,America/La_Paz,IOT-R028,2026-08-21T00:22:00Z,America/La_Paz,,SIN_TRATAMIENTO,CAM-26,True,IOT-R018:VALOR_CENTINELA,True,True,False,False,GIAD-M3-S4-IOT-tratamiento-v6
2346,2026-08-26 20:55:00,VIA-00098,ORD-2026-01622,CAM-20,PROD-009,,C,81.9,0,0,temperatura_cabina_c|camion_id,2,IOT-R016|IOT-R027,"[{""rule_id"": ""IOT-R016"", ""columna_afectada"": ""temperatura_cabina_c"", ""codigo_error"": ""FALTANTE"", ""severidad"": ""CRITICAL"", ""accion"": ""CUARENTENA"", ""tipo_problema"": ""FALTANTE"", ""dimension_calidad"": ""COMPLETITUD"", ""valor_original"": """", ""detalle"": ""Temperatura vacía""}, {""rule_id"": ""IOT-R027"", ""columna_afectada"": ""camion_id"", ""codigo_error"": ""REFERENCIA_INEXISTENTE"", ""severidad"": ""WARNING"", ""accion"": ""REVISAR"", ""tipo_problema"": ""INTEGRIDAD"", ""dimension_calidad"": ""INTEGRIDAD"", ""valor_original"": ""CAM-20"", ""detalle"": ""Sin correspondencia en dimensión Silver de cobertura parcial; revisar, no inferir identificador inválido""}]",1,1,True,GIAD-M3-S4-IOT-diagnostico-v7,1.1.0,edb7afe2f7fb836e59fe605d30c88b3b5b13a6d8ab2ec0b37f206a14e58de6bf,America/La_Paz,IOT-R028,2026-08-27T00:55:00Z,America/La_Paz,,SIN_TRATAMIENTO,CAM-20,True,IOT-R016:FALTANTE,True,False,False,False,GIAD-M3-S4-IOT-tratamiento-v6
2356,2026-08-16 05:53:00,VIA-00099,ORD-2026-03689,CAM-25,PROD-050,,C,45.2,0,0,temperatura_cabina_c,1,IOT-R016,"[{""rule_id"": ""IOT-R016"", ""columna_afectada"": ""temperatura_cabina_c"", ""codigo_error"": ""FALTANTE"", ""severidad"": ""CRITICAL"", ""accion"": ""CUARENTENA"", ""tipo_problema"": ""FALTANTE"", ""dimension_calidad"": ""COMPLETITUD"", ""valor_original"": """", ""detalle"": ""Temperatura vacía""}]",1,0,True,GIAD-M3-S4-IOT-diagnostico-v7,1.1.0,edb7afe2f7fb836e59fe605d30c88b3b5b13a6d8ab2ec0b37f206a14e58de6bf,America/La_Paz,IOT-R028,2026-08-16T09:53:00Z,America/La_Paz,,SIN_TRATAMIENTO,CAM-25,True,IOT-R016:FALTANTE,True,True,False,False,GIAD-M3-S4-IOT-tratamiento-v6
2583,2026-08-31 06:41:00,VIA-00108,ORD-2026-04673,CAM-08,PROD-049,,C,73.4,0,0,temperatura_cabina_c|producto_id,2,IOT-R016|IOT-R026,"[{""rule_id"": ""IOT-R016"", ""columna_afectada"": ""temperatura_cabina_c"", ""codigo_error"": ""FALTANTE"", ""severidad"": ""CRITICAL"", ""accion"": ""CUARENTENA"", ""tipo_problema"": ""FALTANTE"", ""dimension_calidad"": ""COMPLETITUD"", ""valor_original"": """", ""detalle"": ""Temperatura vacía""}, {""rule_id"": ""IOT-R026"", ""columna_afectada"": ""producto_id"", ""codigo_error"": ""REFERENCIA_INEXISTENTE"", ""severidad"": ""WARNING"", ""accion"": ""REVISAR"", ""tipo_problema"": ""INTEGRIDAD"", ""dimension_calidad"": ""INTEGRIDAD"", ""valor_original"": ""PROD-049"", ""detalle"": ""Sin correspondencia en dimensión Silver de cobertura parcial; revisar, no inferir identificador inválido""}]",1,1,True,GIAD-M3-S4-IOT-diagnostico-v7,1.1.0,edb7afe2f7fb836e59fe605d30c88b3b5b13a6d8ab2ec0b37f206a14e58de6bf,America/La_Paz,IOT-R028,2026-08-31T10:41:00Z,America/La_Paz,,SIN_TRATAMIENTO,CAM-08,True,IOT-R016:FALTANTE,False,True,False,False,GIAD-M3-S4-IOT-tratamiento-v6
2601,2026-08-08 22:28:00,VIA-00109,ORD-2026-06621,CAM-18,PROD-005,20.99,C,,0,0,humedad_cabina_pct,1,IOT-R019,"[{""rule_id"": ""IOT-R019"", ""columna_afectada"": ""humedad_cabina_pct"", ""codigo_error"": ""FALTANTE"", ""severidad"": ""CRITICAL"", ""accion"": ""CUARENTENA"", ""tipo_problema"": ""FALTANTE"", ""dimension_calidad"": ""COMPLETITUD"", ""valor_original"": """", ""detalle"": ""Humedad vacía""}]",1,0,True,GIAD-M3-S4-IOT-diagnostico-v7,1.1.0,edb7afe2f7fb836e59fe605d30c88b3b5b13a6d8ab2ec0b37f206a14e58de6bf,America/La_Paz,IOT-R028,2026-08-09T02:28:00Z,America/La_Paz,20.99,C_ORIGINAL,CAM-18,True,IOT-R019:FALTANTE,True,True,False,False,GIAD-M3-S4-IOT-tratamiento-v6
2788,2026-08-04 03:49:00,VIA-00117,ORD-2026-00035,CAM-26,PROD-036,3.96,C,,0,0,humedad_cabina_pct|producto_id,2,IOT-R019|IOT-R026,"[{""rule_id"": ""IOT-R019"", ""columna_afectada"": ""humedad_cabina_pct"", ""codigo_error"": ""FALTANTE"", ""severidad"": ""CRITICAL"", ""accion"": ""CUARENTENA"", ""tipo_problema"": ""FALTANTE"", ""dimension_calidad"": ""COMPLETITUD"", ""valor_original"": """", ""detalle"": ""Humedad vacía""}, {""rule_id"": ""IOT-R026"", ""columna_afectada"": ""producto_id"", ""codigo_error"": ""REFERENCIA_INEXISTENTE"", ""severidad"": ""WARNING"", ""accion"": ""REVISAR"", ""tipo_problema"": ""INTEGRIDAD"", ""dimension_calidad"": ""INTEGRIDAD"", ""valor_original"": ""PROD-036"", ""detalle"": ""Sin correspondencia en dimensión Silver de cobertura parcial; revisar, no inferir identificador inválido""}]",1,1,True,GIAD-M3-S4-IOT-diagnostico-v7,1.1.0,edb7afe2f7fb836e59fe605d30c88b3b5b13a6d8ab2ec0b37f206a14e58de6bf,America/La_Paz,IOT-R028,2026-08-04T07:49:00Z,America/La_Paz,3.96,C_ORIGINAL,CAM-26,True,IOT-R019:FALTANTE,False,True,False,False,GIAD-M3-S4-IOT-tratamiento-v6
2927,2026-08-23 22:16:00,VIA-00122,ORD-2026-04337,CAM-04,PROD-039,-999.0,C,56.6,0,0,temperatura_cabina_c,1,IOT-R018,"[{""rule_id"": ""IOT-R018"", ""columna_afectada"": ""temperatura_cabina_c"", ""codigo_error"": ""VALOR_CENTINELA"", ""severidad"": ""CRITICAL"", ""accion"": ""CUARENTENA"", ""tipo_problema"": ""VALIDEZ"", ""dimension_calidad"": ""VALIDEZ"", ""valor_original"": ""-999.0"", ""detalle"": ""-999 es centinela: lectura no evaluable para rangos térmicos""}]",1,0,True,GIAD-M3-S4-IOT-diagnostico-v7,1.1.0,edb7afe2f7fb836e59fe605d30c88b3b5b13a6d8ab2ec0b37f206a14e58de6bf,America/La_Paz,IOT-R028,2026-08-24T02:16:00Z,America/La_Paz,,SIN_TRATAMIENTO,CAM-04,True,IOT-R018:VALOR_CENTINELA,True,True,False,False,GIAD-M3-S4-IOT-tratamiento-v6
2990,2026-08-23 04:23:00,VIA-00125,ORD-2026-07330,CAM-19,PROD-010,,C,36.8,0,0,temperatura_cabina_c,1,IOT-R016,"[{""rule_id"": ""IOT-R016"", ""columna_afectada"": ""temperatura_cabina_c"", ""codigo_error"": ""FALTANTE"", ""severidad"": ""CRITICAL"", ""accion"": ""CUARENTENA"", ""tipo_problema"": ""FALTANTE"", ""dimension_calidad"": ""COMPLETITUD"", ""valor_original"": """", ""detalle"": ""Temperatura vacía""}]",1,0,True,GIAD-M3-S4-IOT-diagnostico-v7,1.1.0,edb7afe2f7fb836e59fe605d30c88b3b5b13a6d8ab2ec0b37f206a14e58de6bf,America/La_Paz,IOT-R028,2026-08-23T08:23:00Z,America/La_Paz,,SIN_TRATAMIENTO,CAM-19,True,IOT-R016:FALTANTE,True,True,False,False,GIAD-M3-S4-IOT-tratamiento-v6
3019,2026-08-10 12:46:00,VIA-00126,ORD-2026-00648,CAM-20,PROD-036,4.51,C,,0,0,humedad_cabina_pct|producto_id|camion_id,3,IOT-R019|IOT-R026|IOT-R027,"[{""rule_id"": ""IOT-R019"", ""columna_afectada"": ""humedad_cabina_pct"", ""codigo_error"": ""FALTANTE"", ""severidad"": ""CRITICAL"", ""accion"": ""CUARENTENA"", ""tipo_problema"": ""FALTANTE"", ""dimension_calidad"": ""COMPLETITUD"", ""valor_original"": """", ""detalle"": ""Humedad vacía""}, {""rule_id"": ""IOT-R026"", ""columna_afectada"": ""producto_id"", ""codigo_error"": ""REFERENCIA_INEXISTENTE"", ""severidad"": ""WARNING"", ""accion"": ""REVISAR"", ""tipo_problema"": ""INTEGRIDAD"", ""dimension_calidad"": ""INTEGRIDAD"", ""valor_original"": ""PROD-036"", ""detalle"": ""Sin correspondencia en dimensión Silver de cobertura parcial; revisar, no inferir identificador inválido""}, {""rule_id"": ""IOT-R027"", ""columna_afectada"": ""camion_id"", ""codigo_error"": ""REFERENCIA_INEXISTENTE"", ""severidad"": ""WARNING"", ""accion"": ""REVISAR"", ""tipo_problema"": ""INTEGRIDAD"", ""dimension_calidad"": ""INTEGRIDAD"", ""valor_original"": ""CAM-20"", ""detalle"": ""Sin correspondencia en dimensión Silver de cobertura parcial; revisar, no inferir identificador inválido""}]",1,2,True,GIAD-M3-S4-IOT-diagnostico-v7,1.1.0,edb7afe2f7fb836e59fe605d30c88b3b5b13a6d8ab2ec0b37f206a14e58de6bf,America/La_Paz,IOT-R028,2026-08-10T16:46:00Z,America/La_Paz,4.51,C_ORIGINAL,CAM-20,True,IOT-R019:FALTANTE,False,False,False,False,GIAD-M3-S4-IOT-tratamiento-v6
3060,2026-08-20 16:03:00,VIA-00128,ORD-2026-02317,CAM-06,PROD-019,,C,45.4,0,0,temperatura_cabina_c,1,IOT-R016,"[{""rule_id"": ""IOT-R016"", ""columna_afectada"": ""temperatura_cabina_c"", ""codigo_error"": ""FALTANTE"", ""severidad"": ""CRITICAL"", ""accion"": ""CUARENTENA"", ""tipo_problema"": ""FALTANTE"", ""dimension_calidad"": ""COMPLETITUD"", ""valor_original"": """", ""detalle"": ""Temperatura vacía""}]",1,0,True,GIAD-M3-S4-IOT-diagnostico-v7,1.1.0,edb7afe2f7fb836e59fe605d30c88b3b5b13a6d8ab2ec0b37f206a14e58de6bf,America/La_Paz,IOT-R028,2026-08-20T20:03:00Z,America/La_Paz,,SIN_TRATAMIENTO,CAM-06,True,IOT-R016:FALTANTE,True,True,False,False,GIAD-M3-S4-IOT-tratamiento-v6
3106,2026-08-18 16:46:00,VIA-00130,ORD-2026-06615,CAM-10,PROD-010,19.7,C,,0,0,humedad_cabina_pct,1,IOT-R019,"[{""rule_id"": ""IOT-R019"", ""columna_afectada"": ""humedad_cabina_pct"", ""codigo_error"": ""FALTANTE"", ""severidad"": ""CRITICAL"", ""accion"": ""CUARENTENA"", ""tipo_problema"": ""FALTANTE"", ""dimension_calidad"": ""COMPLETITUD"", ""valor_original"": """", ""detalle"": ""Humedad vacía""}]",1,0,True,GIAD-M3-S4-IOT-diagnostico-v7,1.1.0,edb7afe2f7fb836e59fe605d30c88b3b5b13a6d8ab2ec0b37f206a14e58de6bf,America/La_Paz,IOT-R028,2026-08-18T20:46:00Z,America/La_Paz,19.7,C_ORIGINAL,CAM-10,True,IOT-R019:FALTANTE,True,True,False,False,GIAD-M3-S4-IOT-tratamiento-v6
3201,2026-08-06 16:08:00,VIA-00134,ORD-2026-00288,CAM-04,PROD-030,19.72,C,,0,0,humedad_cabina_pct,1,IOT-R019,"[{""rule_id"": ""IOT-R019"", ""columna_afectada"": ""humedad_cabina_pct"", ""codigo_error"": ""FALTANTE"", ""severidad"": ""CRITICAL"", ""accion"": ""CUARENTENA"", ""tipo_problema"": ""FALTANTE"", ""dimension_calidad"": ""COMPLETITUD"", ""valor_original"": """", ""detalle"": ""Humedad vacía""}]",1,0,True,GIAD-M3-S4-IOT-diagnostico-v7,1.1.0,edb7afe2f7fb836e59fe605d30c88b3b5b13a6d8ab2ec0b37f206a14e58de6bf,America/La_Paz,IOT-R028,2026-08-06T20:08:00Z,America/La_Paz,19.72,C_ORIGINAL,CAM-04,True,IOT-R019:FALTANTE,True,True,False,False,GIAD-M3-S4-IOT-tratamiento-v6
3268,2026-08-29 14:59:00,VIA-00137,ORD-2026-06375,CAM-08,PROD-054,-999.0,C,85.2,0,0,temperatura_cabina_c,1,IOT-R018,"[{""rule_id"": ""IOT-R018"", ""columna_afectada"": ""temperatura_cabina_c"", ""codigo_error"": ""VALOR_CENTINELA"", ""severidad"": ""CRITICAL"", ""accion"": ""CUARENTENA"", ""tipo_problema"": ""VALIDEZ"", ""dimension_calidad"": ""VALIDEZ"", ""valor_original"": ""-999.0"", ""detalle"": ""-999 es centinela: lectura no evaluable para rangos térmicos""}]",1,0,True,GIAD-M3-S4-IOT-diagnostico-v7,1.1.0,edb7afe2f7fb836e59fe605d30c88b3b5b13a6d8ab2ec0b37f206a14e58de6bf,America/La_Paz,IOT-R028,2026-08-29T18:59:00Z,America/La_Paz,,SIN_TRATAMIENTO,CAM-08,True,IOT-R018:VALOR_CENTINELA,True,True,False,False,GIAD-M3-S4-IOT-tratamiento-v6
3272,2026-08-29 16:59:00,VIA-00137,ORD-2026-06375,CAM-08,PROD-054,-17.77,C,,0,0,humedad_cabina_pct,1,IOT-R019,"[{""rule_id"": ""IOT-R019"", ""columna_afectada"": ""humedad_cabina_pct"", ""codigo_error"": ""FALTANTE"", ""severidad"": ""CRITICAL"", ""accion"": ""CUARENTENA"", ""tipo_problema"": ""FALTANTE"", ""dimension_calidad"": ""COMPLETITUD"", ""valor_original"": """", ""detalle"": ""Humedad vacía""}]",1,0,True,GIAD-M3-S4-IOT-diagnostico-v7,1.1.0,edb7afe2f7fb836e59fe605d30c88b3b5b13a6d8ab2ec0b37f206a14e58de6bf,America/La_Paz,IOT-R028,2026-08-29T20:59:00Z,America/La_Paz,-17.77,C_ORIGINAL,CAM-08,True,IOT-R019:FALTANTE,True,True,False,False,GIAD-M3-S4-IOT-tratamiento-v6
3300,2026-08-28 17:57:00,VIA-00138,ORD-2026-05332,CAM-25,PROD-060,-17.81,C,,0,1,humedad_cabina_pct,1,IOT-R019,"[{""rule_id"": ""IOT-R019"", ""columna_afectada"": ""humedad_cabina_pct"", ""codigo_error"": ""FALTANTE"", ""severidad"": ""CRITICAL"", ""accion"": ""CUARENTENA"", ""tipo_problema"": ""FALTANTE"", ""dimension_calidad"": ""COMPLETITUD"", ""valor_original"": """", ""detalle"": ""Humedad vacía""}]",1,0,True,GIAD-M3-S4-IOT-diagnostico-v7,1.1.0,edb7afe2f7fb836e59fe605d30c88b3b5b13a6d8ab2ec0b37f206a14e58de6bf,America/La_Paz,IOT-R028,2026-08-28T21:57:00Z,America/La_Paz,-17.81,C_ORIGINAL,CAM-25,True,IOT-R019:FALTANTE,True,True,False,False,GIAD-M3-S4-IOT-tratamiento-v6
3307,2026-08-28 21:27:00,VIA-00138,ORD-2026-05332,CAM-25,PROD-060,-999.0,C,79.0,0,0,temperatura_cabina_c,1,IOT-R018,"[{""rule_id"": ""IOT-R018"", ""columna_afectada"": ""temperatura_cabina_c"", ""codigo_error"": ""VALOR_CENTINELA"", ""severidad"": ""CRITICAL"", ""accion"": ""CUARENTENA"", ""tipo_problema"": ""VALIDEZ"", ""dimension_calidad"": ""VALIDEZ"", ""valor_original"": ""-999.0"", ""detalle"": ""-999 es centinela: lectura no evaluable para rangos térmicos""}]",1,0,True,GIAD-M3-S4-IOT-diagnostico-v7,1.1.0,edb7afe2f7fb836e59fe605d30c88b3b5b13a6d8ab2ec0b37f206a14e58de6bf,America/La_Paz,IOT-R028,2026-08-29T01:27:00Z,America/La_Paz,,SIN_TRATAMIENTO,CAM-25,True,IOT-R018:VALOR_CENTINELA,True,True,False,False,GIAD-M3-S4-IOT-tratamiento-v6
3343,2026-08-15 23:23:00,VIA-00140,ORD-2026-03911,CAM-15,PROD-027,3.36,C,,0,0,humedad_cabina_pct,1,IOT-R019,"[{""rule_id"": ""IOT-R019"", ""columna_afectada"": ""humedad_cabina_pct"", ""codigo_error"": ""FALTANTE"", ""severidad"": ""CRITICAL"", ""accion"": ""CUARENTENA"", ""tipo_problema"": ""FALTANTE"", ""dimension_calidad"": ""COMPLETITUD"", ""valor_original"": """", ""detalle"": ""Humedad vacía""}]",1,0,True,GIAD-M3-S4-IOT-diagnostico-v7,1.1.0,edb7afe2f7fb836e59fe605d30c88b3b5b13a6d8ab2ec0b37f206a14e58de6bf,America/La_Paz,IOT-R028,2026-08-16T03:23:00Z,America/La_Paz,3.36,C_ORIGINAL,CAM-15,True,IOT-R019:FALTANTE,True,True,False,False,GIAD-M3-S4-IOT-tratamiento-v6
3349,2026-08-16 02:23:00,VIA-00140,ORD-2026-03911,CAM-15,PROD-027,3.58,C,,0,0,humedad_cabina_pct,1,IOT-R019,"[{""rule_id"": ""IOT-R019"", ""columna_afectada"": ""humedad_cabina_pct"", ""codigo_error"": ""FALTANTE"", ""severidad"": ""CRITICAL"", ""accion"": ""CUARENTENA"", ""tipo_problema"": ""FALTANTE"", ""dimension_calidad"": ""COMPLETITUD"", ""valor_original"": """", ""detalle"": ""Humedad vacía""}]",1,0,True,GIAD-M3-S4-IOT-diagnostico-v7,1.1.0,edb7afe2f7fb836e59fe605d30c88b3b5b13a6d8ab2ec0b37f206a14e58de6bf,America/La_Paz,IOT-R028,2026-08-16T06:23:00Z,America/La_Paz,3.58,C_ORIGINAL,CAM-15,True,IOT-R019:FALTANTE,True,True,False,False,GIAD-M3-S4-IOT-tratamiento-v6
3350,2026-08-16 02:53:00,VIA-00140,ORD-2026-03911,CAM-15,PROD-027,276.72,K,80.5,0,0,temp_unit,1,IOT-R029,"[{""rule_id"": ""IOT-R029"", ""columna_afectada"": ""temp_unit"", ""codigo_error"": ""UNIDAD_NO_ESPERADA"", ""severidad"": ""CRITICAL"", ""accion"": ""CUARENTENA"", ""tipo_problema"": ""DOMINIO"", ""dimension_calidad"": ""VALIDEZ"", ""valor_original"": ""K"", ""detalle"": ""Kelvin no es una unidad operacional admitida para AndinaLog; revisar procedencia""}]",1,0,True,GIAD-M3-S4-IOT-diagnostico-v7,1.1.0,edb7afe2f7fb836e59fe605d30c88b3b5b13a6d8ab2ec0b37f206a14e58de6bf,America/La_Paz,IOT-R028,2026-08-16T06:53:00Z,America/La_Paz,,SIN_TRATAMIENTO,CAM-15,True,IOT-R029:UNIDAD_NO_ESPERADA,True,True,False,False,GIAD-M3-S4-IOT-tratamiento-v6
3417,2026-08-11 09:01:00,VIA-00143,ORD-2026-01542,CAM-19,PROD-047,-999.0,C,78.7,0,0,temperatura_cabina_c,1,IOT-R018,"[{""rule_id"": ""IOT-R018"", ""columna_afectada"": ""temperatura_cabina_c"", ""codigo_error"": ""VALOR_CENTINELA"", ""severidad"": ""CRITICAL"", ""accion"": ""CUARENTENA"", ""tipo_problema"": ""VALIDEZ"", ""dimension_calidad"": ""VALIDEZ"", ""valor_original"": ""-999.0"", ""detalle"": ""-999 es centinela: lectura no evaluable para rangos térmicos""}]",1,0,True,GIAD-M3-S4-IOT-diagnostico-v7,1.1.0,edb7afe2f7fb836e59fe605d30c88b3b5b13a6d8ab2ec0b37f206a14e58de6bf,America/La_Paz,IOT-R028,2026-08-11T13:01:00Z,America/La_Paz,,SIN_TRATAMIENTO,CAM-19,True,IOT-R018:VALOR_CENTINELA,True,True,False,False,GIAD-M3-S4-IOT-tratamiento-v6
3617,2026-08-29 19:50:00,VIA-00151,ORD-2026-05731,CAM-23,PROD-048,,C,47.4,0,0,temperatura_cabina_c,1,IOT-R016,"[{""rule_id"": ""IOT-R016"", ""columna_afectada"": ""temperatura_cabina_c"", ""codigo_error"": ""FALTANTE"", ""severidad"": ""CRITICAL"", ""accion"": ""CUARENTENA"", ""tipo_problema"": ""FALTANTE"", ""dimension_calidad"": ""COMPLETITUD"", ""valor_original"": """", ""detalle"": ""Temperatura vacía""}]",1,0,True,GIAD-M3-S4-IOT-diagnostico-v7,1.1.0,edb7afe2f7fb836e59fe605d30c88b3b5b13a6d8ab2ec0b37f206a14e58de6bf,America/La_Paz,IOT-R028,2026-08-29T23:50:00Z,America/La_Paz,,SIN_TRATAMIENTO,CAM-23,True,IOT-R016:FALTANTE,True,True,False,False,GIAD-M3-S4-IOT-tratamiento-v6
4011,2026-08-08 15:20:00,VIA-00168,ORD-2026-03448,CAM-19,PROD-020,-999.0,C,48.9,0,0,temperatura_cabina_c,1,IOT-R018,"[{""rule_id"": ""IOT-R018"", ""columna_afectada"": ""temperatura_cabina_c"", ""codigo_error"": ""VALOR_CENTINELA"", ""severidad"": ""CRITICAL"", ""accion"": ""CUARENTENA"", ""tipo_problema"": ""VALIDEZ"", ""dimension_calidad"": ""VALIDEZ"", ""valor_original"": ""-999.0"", ""detalle"": ""-999 es centinela: lectura no evaluable para rangos térmicos""}]",1,0,True,GIAD-M3-S4-IOT-diagnostico-v7,1.1.0,edb7afe2f7fb836e59fe605d30c88b3b5b13a6d8ab2ec0b37f206a14e58de6bf,America/La_Paz,IOT-R028,2026-08-08T19:20:00Z,America/La_Paz,,SIN_TRATAMIENTO,CAM-19,True,IOT-R018:VALOR_CENTINELA,True,True,False,False,GIAD-M3-S4-IOT-tratamiento-v6
4059,2026-08-03 10:07:00,VIA-00170,ORD-2026-04828,CAM-01,PROD-045,4.13,C,,0,0,humedad_cabina_pct,1,IOT-R019,"[{""rule_id"": ""IOT-R019"", ""columna_afectada"": ""humedad_cabina_pct"", ""codigo_error"": ""FALTANTE"", ""severidad"": ""CRITICAL"", ""accion"": ""CUARENTENA"", ""tipo_problema"": ""FALTANTE"", ""dimension_calidad"": ""COMPLETITUD"", ""valor_original"": """", ""detalle"": ""Humedad vacía""}]",1,0,True,GIAD-M3-S4-IOT-diagnostico-v7,1.1.0,edb7afe2f7fb836e59fe605d30c88b3b5b13a6d8ab2ec0b37f206a14e58de6bf,America/La_Paz,IOT-R028,2026-08-03T14:07:00Z,America/La_Paz,4.13,C_ORIGINAL,CAM-01,True,IOT-R019:FALTANTE,True,True,False,False,GIAD-M3-S4-IOT-tratamiento-v6
4065,2026-08-03 13:07:00,VIA-00170,ORD-2026-04828,CAM-01,PROD-045,2.59,C,,0,0,humedad_cabina_pct,1,IOT-R019,"[{""rule_id"": ""IOT-R019"", ""columna_afectada"": ""humedad_cabina_pct"", ""codigo_error"": ""FALTANTE"", ""severidad"": ""CRITICAL"", ""accion"": ""CUARENTENA"", ""tipo_problema"": ""FALTANTE"", ""dimension_calidad"": ""COMPLETITUD"", ""valor_original"": """", ""detalle"": ""Humedad vacía""}]",1,0,True,GIAD-M3-S4-IOT-diagnostico-v7,1.1.0,edb7afe2f7fb836e59fe605d30c88b3b5b13a6d8ab2ec0b37f206a14e58de6bf,America/La_Paz,IOT-R028,2026-08-03T17:07:00Z,America/La_Paz,2.59,C_ORIGINAL,CAM-01,True,IOT-R019:FALTANTE,True,True,False,False,GIAD-M3-S4-IOT-tratamiento-v6
4067,2026-08-03 14:07:00,VIA-00170,ORD-2026-04828,CAM-01,PROD-045,4.02,C,,0,1,humedad_cabina_pct,1,IOT-R019,"[{""rule_id"": ""IOT-R019"", ""columna_afectada"": ""humedad_cabina_pct"", ""codigo_error"": ""FALTANTE"", ""severidad"": ""CRITICAL"", ""accion"": ""CUARENTENA"", ""tipo_problema"": ""FALTANTE"", ""dimension_calidad"": ""COMPLETITUD"", ""valor_original"": """", ""detalle"": ""Humedad vacía""}]",1,0,True,GIAD-M3-S4-IOT-diagnostico-v7,1.1.0,edb7afe2f7fb836e59fe605d30c88b3b5b13a6d8ab2ec0b37f206a14e58de6bf,America/La_Paz,IOT-R028,2026-08-03T18:07:00Z,America/La_Paz,4.02,C_ORIGINAL,CAM-01,True,IOT-R019:FALTANTE,True,True,False,False,GIAD-M3-S4-IOT-tratamiento-v6
4102,2026-08-21 22:55:00,VIA-00171,ORD-2026-04015,CAM-03,PROD-018,,C,48.9,0,0,temperatura_cabina_c|producto_id,2,IOT-R016|IOT-R026,"[{""rule_id"": ""IOT-R016"", ""columna_afectada"": ""temperatura_cabina_c"", ""codigo_error"": ""FALTANTE"", ""severidad"": ""CRITICAL"", ""accion"": ""CUARENTENA"", ""tipo_problema"": ""FALTANTE"", ""dimension_calidad"": ""COMPLETITUD"", ""valor_original"": """", ""detalle"": ""Temperatura vacía""}, {""rule_id"": ""IOT-R026"", ""columna_afectada"": ""producto_id"", ""codigo_error"": ""REFERENCIA_INEXISTENTE"", ""severidad"": ""WARNING"", ""accion"": ""REVISAR"", ""tipo_problema"": ""INTEGRIDAD"", ""dimension_calidad"": ""INTEGRIDAD"", ""valor_original"": ""PROD-018"", ""detalle"": ""Sin correspondencia en dimensión Silver de cobertura parcial; revisar, no inferir identificador inválido""}]",1,1,True,GIAD-M3-S4-IOT-diagnostico-v7,1.1.0,edb7afe2f7fb836e59fe605d30c88b3b5b13a6d8ab2ec0b37f206a14e58de6bf,America/La_Paz,IOT-R028,2026-08-22T02:55:00Z,America/La_Paz,,SIN_TRATAMIENTO,CAM-03,True,IOT-R016:FALTANTE,False,True,False,False,GIAD-M3-S4-IOT-tratamiento-v6
4423,2026-08-22 07:54:00,VIA-00185,ORD-2026-00226,CAM-15,PROD-017,23.81,C,,0,0,humedad_cabina_pct,1,IOT-R019,"[{""rule_id"": ""IOT-R019"", ""columna_afectada"": ""humedad_cabina_pct"", ""codigo_error"": ""FALTANTE"", ""severidad"": ""CRITICAL"", ""accion"": ""CUARENTENA"", ""tipo_problema"": ""FALTANTE"", ""dimension_calidad"": ""COMPLETITUD"", ""valor_original"": """", ""detalle"": ""Humedad vacía""}]",1,0,True,GIAD-M3-S4-IOT-diagnostico-v7,1.1.0,edb7afe2f7fb836e59fe605d30c88b3b5b13a6d8ab2ec0b37f206a14e58de6bf,America/La_Paz,IOT-R028,2026-08-22T11:54:00Z,America/La_Paz,23.81,C_ORIGINAL,CAM-15,True,IOT-R019:FALTANTE,True,True,False,False,GIAD-M3-S4-IOT-tratamiento-v6
4537,2026-02-31 09:15:00,VIA-00190,ORD-2026-07185,CAM-28,PROD-051,-17.76,C,76.6,0,0,timestamp,1,IOT-R002,"[{""rule_id"": ""IOT-R002"", ""columna_afectada"": ""timestamp"", ""codigo_error"": ""FECHA_INVALIDA"", ""severidad"": ""CRITICAL"", ""accion"": ""CUARENTENA"", ""tipo_problema"": ""FORMATO"", ""dimension_calidad"": ""CONFORMIDAD"", ""valor_original"": ""2026-02-31 09:15:00"", ""detalle"": ""Formato incorrecto o fecha imposible""}]",1,0,True,GIAD-M3-S4-IOT-diagnostico-v7,1.1.0,edb7afe2f7fb836e59fe605d30c88b3b5b13a6d8ab2ec0b37f206a14e58de6bf,America/La_Paz,IOT-R028,,America/La_Paz,-17.76,C_ORIGINAL,CAM-28,True,IOT-R002:FECHA_INVALIDA,True,True,False,False,GIAD-M3-S4-IOT-tratamiento-v6
4576,2026-08-16 02:33:00,VIA-00191,ORD-2026-06851,CAM-21,PROD-003,18.94,C,,0,0,humedad_cabina_pct,1,IOT-R019,"[{""rule_id"": ""IOT-R019"", ""columna_afectada"": ""humedad_cabina_pct"", ""codigo_error"": ""FALTANTE"", ""severidad"": ""CRITICAL"", ""accion"": ""CUARENTENA"", ""tipo_problema"": ""FALTANTE"", ""dimension_calidad"": ""COMPLETITUD"", ""valor_original"": """", ""detalle"": ""Humedad vacía""}]",1,0,True,GIAD-M3-S4-IOT-diagnostico-v7,1.1.0,edb7afe2f7fb836e59fe605d30c88b3b5b13a6d8ab2ec0b37f206a14e58de6bf,America/La_Paz,IOT-R028,2026-08-16T06:33:00Z,America/La_Paz,18.94,C_ORIGINAL,CAM-21,True,IOT-R019:FALTANTE,True,True,False,False,GIAD-M3-S4-IOT-tratamiento-v6
4593,2026-08-23 05:30:00,VIA-00192,ORD-2026-05621,CAM-11,PROD-004,,C,86.5,0,0,temperatura_cabina_c,1,IOT-R016,"[{""rule_id"": ""IOT-R016"", ""columna_afectada"": ""temperatura_cabina_c"", ""codigo_error"": ""FALTANTE"", ""severidad"": ""CRITICAL"", ""accion"": ""CUARENTENA"", ""tipo_problema"": ""FALTANTE"", ""dimension_calidad"": ""COMPLETITUD"", ""valor_original"": """", ""detalle"": ""Temperatura vacía""}]",1,0,True,GIAD-M3-S4-IOT-diagnostico-v7,1.1.0,edb7afe2f7fb836e59fe605d30c88b3b5b13a6d8ab2ec0b37f206a14e58de6bf,America/La_Paz,IOT-R028,2026-08-23T09:30:00Z,America/La_Paz,,SIN_TRATAMIENTO,CAM-11,True,IOT-R016:FALTANTE,True,True,False,False,GIAD-M3-S4-IOT-tratamiento-v6
4599,2026-08-23 08:30:00,VIA-00192,ORD-2026-05621,CAM-11,PROD-004,,C,68.2,0,0,temperatura_cabina_c,1,IOT-R016,"[{""rule_id"": ""IOT-R016"", ""columna_afectada"": ""temperatura_cabina_c"", ""codigo_error"": ""FALTANTE"", ""severidad"": ""CRITICAL"", ""accion"": ""CUARENTENA"", ""tipo_problema"": ""FALTANTE"", ""dimension_calidad"": ""COMPLETITUD"", ""valor_original"": """", ""detalle"": ""Temperatura vacía""}]",1,0,True,GIAD-M3-S4-IOT-diagnostico-v7,1.1.0,edb7afe2f7fb836e59fe605d30c88b3b5b13a6d8ab2ec0b37f206a14e58de6bf,America/La_Paz,IOT-R028,2026-08-23T12:30:00Z,America/La_Paz,,SIN_TRATAMIENTO,CAM-11,True,IOT-R016:FALTANTE,True,True,False,False,GIAD-M3-S4-IOT-tratamiento-v6
4674,2026-08-24 08:13:00,VIA-00195,ORD-2026-01977,CAM-26,PROD-011,,C,84.2,0,0,temperatura_cabina_c,1,IOT-R016,"[{""rule_id"": ""IOT-R016"", ""columna_afectada"": ""temperatura_cabina_c"", ""codigo_error"": ""FALTANTE"", ""severidad"": ""CRITICAL"", ""accion"": ""CUARENTENA"", ""tipo_problema"": ""FALTANTE"", ""dimension_calidad"": ""COMPLETITUD"", ""valor_original"": """", ""detalle"": ""Temperatura vacía""}]",1,0,True,GIAD-M3-S4-IOT-diagnostico-v7,1.1.0,edb7afe2f7fb836e59fe605d30c88b3b5b13a6d8ab2ec0b37f206a14e58de6bf,America/La_Paz,IOT-R028,2026-08-24T12:13:00Z,America/La_Paz,,SIN_TRATAMIENTO,CAM-26,True,IOT-R016:FALTANTE,True,True,False,False,GIAD-M3-S4-IOT-tratamiento-v6
4768,2026-02-31 09:15:00,VIA-00199,ORD-2026-04716,CAM-28,PROD-012,16.79,C,42.4,0,0,timestamp,1,IOT-R002,"[{""rule_id"": ""IOT-R002"", ""columna_afectada"": ""timestamp"", ""codigo_error"": ""FECHA_INVALIDA"", ""severidad"": ""CRITICAL"", ""accion"": ""CUARENTENA"", ""tipo_problema"": ""FORMATO"", ""dimension_calidad"": ""CONFORMIDAD"", ""valor_original"": ""2026-02-31 09:15:00"", ""detalle"": ""Formato incorrecto o fecha imposible""}]",1,0,True,GIAD-M3-S4-IOT-diagnostico-v7,1.1.0,edb7afe2f7fb836e59fe605d30c88b3b5b13a6d8ab2ec0b37f206a14e58de6bf,America/La_Paz,IOT-R028,,America/La_Paz,16.79,C_ORIGINAL,CAM-28,True,IOT-R002:FECHA_INVALIDA,True,True,False,False,GIAD-M3-S4-IOT-tratamiento-v6
4836,2026-08-14 14:06:00,VIA-00202,ORD-2026-05095,CAM-30,PROD-018,-999.0,C,46.9,0,0,temperatura_cabina_c|producto_id|camion_id,3,IOT-R018|IOT-R026|IOT-R027,"[{""rule_id"": ""IOT-R018"", ""columna_afectada"": ""temperatura_cabina_c"", ""codigo_error"": ""VALOR_CENTINELA"", ""severidad"": ""CRITICAL"", ""accion"": ""CUARENTENA"", ""tipo_problema"": ""VALIDEZ"", ""dimension_calidad"": ""VALIDEZ"", ""valor_original"": ""-999.0"", ""detalle"": ""-999 es centinela: lectura no evaluable para rangos térmicos""}, {""rule_id"": ""IOT-R026"", ""columna_afectada"": ""producto_id"", ""codigo_error"": ""REFERENCIA_INEXISTENTE"", ""severidad"": ""WARNING"", ""accion"": ""REVISAR"", ""tipo_problema"": ""INTEGRIDAD"", ""dimension_calidad"": ""INTEGRIDAD"", ""valor_original"": ""PROD-018"", ""detalle"": ""Sin correspondencia en dimensión Silver de cobertura parcial; revisar, no inferir identificador inválido""}, {""rule_id"": ""IOT-R027"", ""columna_afectada"": ""camion_id"", ""codigo_error"": ""REFERENCIA_INEXISTENTE"", ""severidad"": ""WARNING"", ""accion"": ""REVISAR"", ""tipo_problema"": ""INTEGRIDAD"", ""dimension_calidad"": ""INTEGRIDAD"", ""valor_original"": ""CAM-30"", ""detalle"": ""Sin correspondencia en dimensión Silver de cobertura parcial; revisar, no inferir identificador inválido""}]",1,2,True,GIAD-M3-S4-IOT-diagnostico-v7,1.1.0,edb7afe2f7fb836e59fe605d30c88b3b5b13a6d8ab2ec0b37f206a14e58de6bf,America/La_Paz,IOT-R028,2026-08-14T18:06:00Z,America/La_Paz,,SIN_TRATAMIENTO,CAM-30,True,IOT-R018:VALOR_CENTINELA,False,False,False,False,GIAD-M3-S4-IOT-tratamiento-v6
4907,2026-08-25 01:12:00,VIA-00205,ORD-2026-02007,CAM-08,PROD-045,2.84,C,,0,0,humedad_cabina_pct,1,IOT-R019,"[{""rule_id"": ""IOT-R019"", ""columna_afectada"": ""humedad_cabina_pct"", ""codigo_error"": ""FALTANTE"", ""severidad"": ""CRITICAL"", ""accion"": ""CUARENTENA"", ""tipo_problema"": ""FALTANTE"", ""dimension_calidad"": ""COMPLETITUD"", ""valor_original"": """", ""detalle"": ""Humedad vacía""}]",1,0,True,GIAD-M3-S4-IOT-diagnostico-v7,1.1.0,edb7afe2f7fb836e59fe605d30c88b3b5b13a6d8ab2ec0b37f206a14e58de6bf,America/La_Paz,IOT-R028,2026-08-25T05:12:00Z,America/La_Paz,2.84,C_ORIGINAL,CAM-08,True,IOT-R019:FALTANTE,True,True,False,False,GIAD-M3-S4-IOT-tratamiento-v6
5043,2026-08-02 02:10:00,VIA-00211,ORD-2026-00598,CAM-08,PROD-038,-999.0,C,52.2,0,1,temperatura_cabina_c,1,IOT-R018,"[{""rule_id"": ""IOT-R018"", ""columna_afectada"": ""temperatura_cabina_c"", ""codigo_error"": ""VALOR_CENTINELA"", ""severidad"": ""CRITICAL"", ""accion"": ""CUARENTENA"", ""tipo_problema"": ""VALIDEZ"", ""dimension_calidad"": ""VALIDEZ"", ""valor_original"": ""-999.0"", ""detalle"": ""-999 es centinela: lectura no evaluable para rangos térmicos""}]",1,0,True,GIAD-M3-S4-IOT-diagnostico-v7,1.1.0,edb7afe2f7fb836e59fe605d30c88b3b5b13a6d8ab2ec0b37f206a14e58de6bf,America/La_Paz,IOT-R028,2026-08-02T06:10:00Z,America/La_Paz,,SIN_TRATAMIENTO,CAM-08,True,IOT-R018:VALOR_CENTINELA,True,True,False,False,GIAD-M3-S4-IOT-tratamiento-v6
5113,2026-08-02 10:22:00,VIA-00214,ORD-2026-00997,CAM-08,PROD-047,4.16,C,,0,0,humedad_cabina_pct,1,IOT-R019,"[{""rule_id"": ""IOT-R019"", ""columna_afectada"": ""humedad_cabina_pct"", ""codigo_error"": ""FALTANTE"", ""severidad"": ""CRITICAL"", ""accion"": ""CUARENTENA"", ""tipo_problema"": ""FALTANTE"", ""dimension_calidad"": ""COMPLETITUD"", ""valor_original"": """", ""detalle"": ""Humedad vacía""}]",1,0,True,GIAD-M3-S4-IOT-diagnostico-v7,1.1.0,edb7afe2f7fb836e59fe605d30c88b3b5b13a6d8ab2ec0b37f206a14e58de6bf,America/La_Paz,IOT-R028,2026-08-02T14:22:00Z,America/La_Paz,4.16,C_ORIGINAL,CAM-08,True,IOT-R019:FALTANTE,True,True,False,False,GIAD-M3-S4-IOT-tratamiento-v6
5161,2026-08-18 12:40:00,VIA-00216,ORD-2026-00969,CAM-08,PROD-060,-999.0,C,75.3,0,0,temperatura_cabina_c,1,IOT-R018,"[{""rule_id"": ""IOT-R018"", ""columna_afectada"": ""temperatura_cabina_c"", ""codigo_error"": ""VALOR_CENTINELA"", ""severidad"": ""CRITICAL"", ""accion"": ""CUARENTENA"", ""tipo_problema"": ""VALIDEZ"", ""dimension_calidad"": ""VALIDEZ"", ""valor_original"": ""-999.0"", ""detalle"": ""-999 es centinela: lectura no evaluable para rangos térmicos""}]",1,0,True,GIAD-M3-S4-IOT-diagnostico-v7,1.1.0,edb7afe2f7fb836e59fe605d30c88b3b5b13a6d8ab2ec0b37f206a14e58de6bf,America/La_Paz,IOT-R028,2026-08-18T16:40:00Z,America/La_Paz,,SIN_TRATAMIENTO,CAM-08,True,IOT-R018:VALOR_CENTINELA,True,True,False,False,GIAD-M3-S4-IOT-tratamiento-v6
5222,2026-08-26 13:40:00,VIA-00218,ORD-2026-05490,CAM-17,PROD-059,-999.0,C,49.9,0,0,temperatura_cabina_c,1,IOT-R018,"[{""rule_id"": ""IOT-R018"", ""columna_afectada"": ""temperatura_cabina_c"", ""codigo_error"": ""VALOR_CENTINELA"", ""severidad"": ""CRITICAL"", ""accion"": ""CUARENTENA"", ""tipo_problema"": ""VALIDEZ"", ""dimension_calidad"": ""VALIDEZ"", ""valor_original"": ""-999.0"", ""detalle"": ""-999 es centinela: lectura no evaluable para rangos térmicos""}]",1,0,True,GIAD-M3-S4-IOT-diagnostico-v7,1.1.0,edb7afe2f7fb836e59fe605d30c88b3b5b13a6d8ab2ec0b37f206a14e58de6bf,America/La_Paz,IOT-R028,2026-08-26T17:40:00Z,America/La_Paz,,SIN_TRATAMIENTO,CAM-17,True,IOT-R018:VALOR_CENTINELA,True,True,False,False,GIAD-M3-S4-IOT-tratamiento-v6
5252,2026-08-31 04:55:00,VIA-00219,ORD-2026-04699,CAM-19,PROD-029,-999.0,C,48.9,0,0,temperatura_cabina_c,1,IOT-R018,"[{""rule_id"": ""IOT-R018"", ""columna_afectada"": ""temperatura_cabina_c"", ""codigo_error"": ""VALOR_CENTINELA"", ""severidad"": ""CRITICAL"", ""accion"": ""CUARENTENA"", ""tipo_problema"": ""VALIDEZ"", ""dimension_calidad"": ""VALIDEZ"", ""valor_original"": ""-999.0"", ""detalle"": ""-999 es centinela: lectura no evaluable para rangos térmicos""}]",1,0,True,GIAD-M3-S4-IOT-diagnostico-v7,1.1.0,edb7afe2f7fb836e59fe605d30c88b3b5b13a6d8ab2ec0b37f206a14e58de6bf,America/La_Paz,IOT-R028,2026-08-31T08:55:00Z,America/La_Paz,,SIN_TRATAMIENTO,CAM-19,True,IOT-R018:VALOR_CENTINELA,True,True,False,False,GIAD-M3-S4-IOT-tratamiento-v6
5307,2026-08-30 01:18:00,VIA-00222,ORD-2026-02741,CAM-15,PROD-008,-18.21,C,,0,0,humedad_cabina_pct|producto_id,2,IOT-R019|IOT-R026,"[{""rule_id"": ""IOT-R019"", ""columna_afectada"": ""humedad_cabina_pct"", ""codigo_error"": ""FALTANTE"", ""severidad"": ""CRITICAL"", ""accion"": ""CUARENTENA"", ""tipo_problema"": ""FALTANTE"", ""dimension_calidad"": ""COMPLETITUD"", ""valor_original"": """", ""detalle"": ""Humedad vacía""}, {""rule_id"": ""IOT-R026"", ""columna_afectada"": ""producto_id"", ""codigo_error"": ""REFERENCIA_INEXISTENTE"", ""severidad"": ""WARNING"", ""accion"": ""REVISAR"", ""tipo_problema"": ""INTEGRIDAD"", ""dimension_calidad"": ""INTEGRIDAD"", ""valor_original"": ""PROD-008"", ""detalle"": ""Sin correspondencia en dimensión Silver de cobertura parcial; revisar, no inferir identificador inválido""}]",1,1,True,GIAD-M3-S4-IOT-diagnostico-v7,1.1.0,edb7afe2f7fb836e59fe605d30c88b3b5b13a6d8ab2ec0b37f206a14e58de6bf,America/La_Paz,IOT-R028,2026-08-30T05:18:00Z,America/La_Paz,-18.21,C_ORIGINAL,CAM-15,True,IOT-R019:FALTANTE,False,True,False,False,GIAD-M3-S4-IOT-tratamiento-v6
5316,2026-08-30 05:48:00,VIA-00222,ORD-2026-02741,CAM-15,PROD-008,,C,66.7,1,1,temperatura_cabina_c|producto_id,2,IOT-R016|IOT-R026,"[{""rule_id"": ""IOT-R016"", ""columna_afectada"": ""temperatura_cabina_c"", ""codigo_error"": ""FALTANTE"", ""severidad"": ""CRITICAL"", ""accion"": ""CUARENTENA"", ""tipo_problema"": ""FALTANTE"", ""dimension_calidad"": ""COMPLETITUD"", ""valor_original"": """", ""detalle"": ""Temperatura vacía""}, {""rule_id"": ""IOT-R026"", ""columna_afectada"": ""producto_id"", ""codigo_error"": ""REFERENCIA_INEXISTENTE"", ""severidad"": ""WARNING"", ""accion"": ""REVISAR"", ""tipo_problema"": ""INTEGRIDAD"", ""dimension_calidad"": ""INTEGRIDAD"", ""valor_original"": ""PROD-008"", ""detalle"": ""Sin correspondencia en dimensión Silver de cobertura parcial; revisar, no inferir identificador inválido""}]",1,1,True,GIAD-M3-S4-IOT-diagnostico-v7,1.1.0,edb7afe2f7fb836e59fe605d30c88b3b5b13a6d8ab2ec0b37f206a14e58de6bf,America/La_Paz,IOT-R028,2026-08-30T09:48:00Z,America/La_Paz,,SIN_TRATAMIENTO,CAM-15,True,IOT-R016:FALTANTE,False,True,False,False,GIAD-M3-S4-IOT-tratamiento-v6
5370,2026-08-22 01:33:00,VIA-00224,ORD-2026-04902,CAM-04,PROD-006,-999.0,C,41.6,0,0,temperatura_cabina_c,1,IOT-R018,"[{""rule_id"": ""IOT-R018"", ""columna_afectada"": ""temperatura_cabina_c"", ""codigo_error"": ""VALOR_CENTINELA"", ""severidad"": ""CRITICAL"", ""accion"": ""CUARENTENA"", ""tipo_problema"": ""VALIDEZ"", ""dimension_calidad"": ""VALIDEZ"", ""valor_original"": ""-999.0"", ""detalle"": ""-999 es centinela: lectura no evaluable para rangos térmicos""}]",1,0,True,GIAD-M3-S4-IOT-diagnostico-v7,1.1.0,edb7afe2f7fb836e59fe605d30c88b3b5b13a6d8ab2ec0b37f206a14e58de6bf,America/La_Paz,IOT-R028,2026-08-22T05:33:00Z,America/La_Paz,,SIN_TRATAMIENTO,CAM-04,True,IOT-R018:VALOR_CENTINELA,True,True,False,False,GIAD-M3-S4-IOT-tratamiento-v6
5371,2026-08-22 02:03:00,VIA-00224,ORD-2026-04902,CAM-04,PROD-006,21.63,C,,0,0,humedad_cabina_pct,1,IOT-R019,"[{""rule_id"": ""IOT-R019"", ""columna_afectada"": ""humedad_cabina_pct"", ""codigo_error"": ""FALTANTE"", ""severidad"": ""CRITICAL"", ""accion"": ""CUARENTENA"", ""tipo_problema"": ""FALTANTE"", ""dimension_calidad"": ""COMPLETITUD"", ""valor_original"": """", ""detalle"": ""Humedad vacía""}]",1,0,True,GIAD-M3-S4-IOT-diagnostico-v7,1.1.0,edb7afe2f7fb836e59fe605d30c88b3b5b13a6d8ab2ec0b37f206a14e58de6bf,America/La_Paz,IOT-R028,2026-08-22T06:03:00Z,America/La_Paz,21.63,C_ORIGINAL,CAM-04,True,IOT-R019:FALTANTE,True,True,False,False,GIAD-M3-S4-IOT-tratamiento-v6
5468,2026-08-08 14:04:00,VIA-00228,ORD-2026-02255,CAM-16,PROD-048,19.07,C,,0,0,humedad_cabina_pct,1,IOT-R019,"[{""rule_id"": ""IOT-R019"", ""columna_afectada"": ""humedad_cabina_pct"", ""codigo_error"": ""FALTANTE"", ""severidad"": ""CRITICAL"", ""accion"": ""CUARENTENA"", ""tipo_problema"": ""FALTANTE"", ""dimension_calidad"": ""COMPLETITUD"", ""valor_original"": """", ""detalle"": ""Humedad vacía""}]",1,0,True,GIAD-M3-S4-IOT-diagnostico-v7,1.1.0,edb7afe2f7fb836e59fe605d30c88b3b5b13a6d8ab2ec0b37f206a14e58de6bf,America/La_Paz,IOT-R028,2026-08-08T18:04:00Z,America/La_Paz,19.07,C_ORIGINAL,CAM-16,True,IOT-R019:FALTANTE,True,True,False,False,GIAD-M3-S4-IOT-tratamiento-v6
5609,2026-08-18 04:25:00,VIA-00234,ORD-2026-01178,CAM-03,PROD-010,,C,50.7,0,0,temperatura_cabina_c,1,IOT-R016,"[{""rule_id"": ""IOT-R016"", ""columna_afectada"": ""temperatura_cabina_c"", ""codigo_error"": ""FALTANTE"", ""severidad"": ""CRITICAL"", ""accion"": ""CUARENTENA"", ""tipo_problema"": ""FALTANTE"", ""dimension_calidad"": ""COMPLETITUD"", ""valor_original"": """", ""detalle"": ""Temperatura vacía""}]",1,0,True,GIAD-M3-S4-IOT-diagnostico-v7,1.1.0,edb7afe2f7fb836e59fe605d30c88b3b5b13a6d8ab2ec0b37f206a14e58de6bf,America/La_Paz,IOT-R028,2026-08-18T08:25:00Z,America/La_Paz,,SIN_TRATAMIENTO,CAM-03,True,IOT-R016:FALTANTE,True,True,False,False,GIAD-M3-S4-IOT-tratamiento-v6
5628,2026-08-23 21:33:00,VIA-00235,ORD-2026-04152,CAM-10,PROD-035,-999.0,C,72.8,0,0,temperatura_cabina_c,1,IOT-R018,"[{""rule_id"": ""IOT-R018"", ""columna_afectada"": ""temperatura_cabina_c"", ""codigo_error"": ""VALOR_CENTINELA"", ""severidad"": ""CRITICAL"", ""accion"": ""CUARENTENA"", ""tipo_problema"": ""VALIDEZ"", ""dimension_calidad"": ""VALIDEZ"", ""valor_original"": ""-999.0"", ""detalle"": ""-999 es centinela: lectura no evaluable para rangos térmicos""}]",1,0,True,GIAD-M3-S4-IOT-diagnostico-v7,1.1.0,edb7afe2f7fb836e59fe605d30c88b3b5b13a6d8ab2ec0b37f206a14e58de6bf,America/La_Paz,IOT-R028,2026-08-24T01:33:00Z,America/La_Paz,,SIN_TRATAMIENTO,CAM-10,True,IOT-R018:VALOR_CENTINELA,True,True,False,False,GIAD-M3-S4-IOT-tratamiento-v6
5823,2026-02-31 09:15:00,VIA-00243,ORD-2026-02147,CAM-24,PROD-058,-17.9,C,74.8,0,0,timestamp,1,IOT-R002,"[{""rule_id"": ""IOT-R002"", ""columna_afectada"": ""timestamp"", ""codigo_error"": ""FECHA_INVALIDA"", ""severidad"": ""CRITICAL"", ""accion"": ""CUARENTENA"", ""tipo_problema"": ""FORMATO"", ""dimension_calidad"": ""CONFORMIDAD"", ""valor_original"": ""2026-02-31 09:15:00"", ""detalle"": ""Formato incorrecto o fecha imposible""}]",1,0,True,GIAD-M3-S4-IOT-diagnostico-v7,1.1.0,edb7afe2f7fb836e59fe605d30c88b3b5b13a6d8ab2ec0b37f206a14e58de6bf,America/La_Paz,IOT-R028,,America/La_Paz,-17.9,C_ORIGINAL,CAM-24,True,IOT-R002:FECHA_INVALIDA,True,True,False,False,GIAD-M3-S4-IOT-tratamiento-v6
5856,2026-08-20 20:53:00,VIA-00244,ORD-2026-06776,CAM-08,PROD-027,,C,67.8,0,0,temperatura_cabina_c,1,IOT-R016,"[{""rule_id"": ""IOT-R016"", ""columna_afectada"": ""temperatura_cabina_c"", ""codigo_error"": ""FALTANTE"", ""severidad"": ""CRITICAL"", ""accion"": ""CUARENTENA"", ""tipo_problema"": ""FALTANTE"", ""dimension_calidad"": ""COMPLETITUD"", ""valor_original"": """", ""detalle"": ""Temperatura vacía""}]",1,0,True,GIAD-M3-S4-IOT-diagnostico-v7,1.1.0,edb7afe2f7fb836e59fe605d30c88b3b5b13a6d8ab2ec0b37f206a14e58de6bf,America/La_Paz,IOT-R028,2026-08-21T00:53:00Z,America/La_Paz,,SIN_TRATAMIENTO,CAM-08,True,IOT-R016:FALTANTE,True,True,False,False,GIAD-M3-S4-IOT-tratamiento-v6
6174,2026-08-18 08:24:00,VIA-00258,ORD-2026-04678,CAM-08,PROD-058,-999.0,C,81.8,0,0,temperatura_cabina_c,1,IOT-R018,"[{""rule_id"": ""IOT-R018"", ""columna_afectada"": ""temperatura_cabina_c"", ""codigo_error"": ""VALOR_CENTINELA"", ""severidad"": ""CRITICAL"", ""accion"": ""CUARENTENA"", ""tipo_problema"": ""VALIDEZ"", ""dimension_calidad"": ""VALIDEZ"", ""valor_original"": ""-999.0"", ""detalle"": ""-999 es centinela: lectura no evaluable para rangos térmicos""}]",1,0,True,GIAD-M3-S4-IOT-diagnostico-v7,1.1.0,edb7afe2f7fb836e59fe605d30c88b3b5b13a6d8ab2ec0b37f206a14e58de6bf,America/La_Paz,IOT-R028,2026-08-18T12:24:00Z,America/La_Paz,,SIN_TRATAMIENTO,CAM-08,True,IOT-R018:VALOR_CENTINELA,True,True,False,False,GIAD-M3-S4-IOT-tratamiento-v6
6397,2026-08-14 03:37:00,VIA-00267,ORD-2026-07158,CAM-03,PROD-012,,C,51.8,0,0,temperatura_cabina_c,1,IOT-R016,"[{""rule_id"": ""IOT-R016"", ""columna_afectada"": ""temperatura_cabina_c"", ""codigo_error"": ""FALTANTE"", ""severidad"": ""CRITICAL"", ""accion"": ""CUARENTENA"", ""tipo_problema"": ""FALTANTE"", ""dimension_calidad"": ""COMPLETITUD"", ""valor_original"": """", ""detalle"": ""Temperatura vacía""}]",1,0,True,GIAD-M3-S4-IOT-diagnostico-v7,1.1.0,edb7afe2f7fb836e59fe605d30c88b3b5b13a6d8ab2ec0b37f206a14e58de6bf,America/La_Paz,IOT-R028,2026-08-14T07:37:00Z,America/La_Paz,,SIN_TRATAMIENTO,CAM-03,True,IOT-R016:FALTANTE,True,True,False,False,GIAD-M3-S4-IOT-tratamiento-v6
6473,2026-08-17 23:51:00,VIA-00270,ORD-2026-02523,CAM-08,PROD-004,3.98,C,,0,0,humedad_cabina_pct,1,IOT-R019,"[{""rule_id"": ""IOT-R019"", ""columna_afectada"": ""humedad_cabina_pct"", ""codigo_error"": ""FALTANTE"", ""severidad"": ""CRITICAL"", ""accion"": ""CUARENTENA"", ""tipo_problema"": ""FALTANTE"", ""dimension_calidad"": ""COMPLETITUD"", ""valor_original"": """", ""detalle"": ""Humedad vacía""}]",1,0,True,GIAD-M3-S4-IOT-diagnostico-v7,1.1.0,edb7afe2f7fb836e59fe605d30c88b3b5b13a6d8ab2ec0b37f206a14e58de6bf,America/La_Paz,IOT-R028,2026-08-18T03:51:00Z,America/La_Paz,3.98,C_ORIGINAL,CAM-08,True,IOT-R019:FALTANTE,True,True,False,False,GIAD-M3-S4-IOT-tratamiento-v6
6477,2026-08-18 01:51:00,VIA-00270,ORD-2026-02523,CAM-08,PROD-004,-999.0,C,87.0,0,0,temperatura_cabina_c,1,IOT-R018,"[{""rule_id"": ""IOT-R018"", ""columna_afectada"": ""temperatura_cabina_c"", ""codigo_error"": ""VALOR_CENTINELA"", ""severidad"": ""CRITICAL"", ""accion"": ""CUARENTENA"", ""tipo_problema"": ""VALIDEZ"", ""dimension_calidad"": ""VALIDEZ"", ""valor_original"": ""-999.0"", ""detalle"": ""-999 es centinela: lectura no evaluable para rangos térmicos""}]",1,0,True,GIAD-M3-S4-IOT-diagnostico-v7,1.1.0,edb7afe2f7fb836e59fe605d30c88b3b5b13a6d8ab2ec0b37f206a14e58de6bf,America/La_Paz,IOT-R028,2026-08-18T05:51:00Z,America/La_Paz,,SIN_TRATAMIENTO,CAM-08,True,IOT-R018:VALOR_CENTINELA,True,True,False,False,GIAD-M3-S4-IOT-tratamiento-v6
6767,2026-08-26 05:34:00,VIA-00282,ORD-2026-02946,CAM-08,PROD-006,21.7,C,,0,0,humedad_cabina_pct,1,IOT-R019,"[{""rule_id"": ""IOT-R019"", ""columna_afectada"": ""humedad_cabina_pct"", ""codigo_error"": ""FALTANTE"", ""severidad"": ""CRITICAL"", ""accion"": ""CUARENTENA"", ""tipo_problema"": ""FALTANTE"", ""dimension_calidad"": ""COMPLETITUD"", ""valor_original"": """", ""detalle"": ""Humedad vacía""}]",1,0,True,GIAD-M3-S4-IOT-diagnostico-v7,1.1.0,edb7afe2f7fb836e59fe605d30c88b3b5b13a6d8ab2ec0b37f206a14e58de6bf,America/La_Paz,IOT-R028,2026-08-26T09:34:00Z,America/La_Paz,21.7,C_ORIGINAL,CAM-08,True,IOT-R019:FALTANTE,True,True,False,False,GIAD-M3-S4-IOT-tratamiento-v6
6832,2026-08-30 04:39:00,VIA-00285,ORD-2026-05247,CAM-02,PROD-047,3.94,C,,0,0,humedad_cabina_pct,1,IOT-R019,"[{""rule_id"": ""IOT-R019"", ""columna_afectada"": ""humedad_cabina_pct"", ""codigo_error"": ""FALTANTE"", ""severidad"": ""CRITICAL"", ""accion"": ""CUARENTENA"", ""tipo_problema"": ""FALTANTE"", ""dimension_calidad"": ""COMPLETITUD"", ""valor_original"": """", ""detalle"": ""Humedad vacía""}]",1,0,True,GIAD-M3-S4-IOT-diagnostico-v7,1.1.0,edb7afe2f7fb836e59fe605d30c88b3b5b13a6d8ab2ec0b37f206a14e58de6bf,America/La_Paz,IOT-R028,2026-08-30T08:39:00Z,America/La_Paz,3.94,C_ORIGINAL,CAM-02,True,IOT-R019:FALTANTE,True,True,False,False,GIAD-M3-S4-IOT-tratamiento-v6
7173,2026-08-12 13:29:00,VIA-00299,ORD-2026-05162,CAM-08,PROD-043,-17.25,C,-81.2,0,0,humedad_cabina_pct,1,IOT-R021,"[{""rule_id"": ""IOT-R021"", ""columna_afectada"": ""humedad_cabina_pct"", ""codigo_error"": ""FUERA_RANGO"", ""severidad"": ""CRITICAL"", ""accion"": ""CUARENTENA"", ""tipo_problema"": ""VALIDEZ"", ""dimension_calidad"": ""VALIDEZ"", ""valor_original"": ""-81.2"", ""detalle"": ""Humedad fuera de 0 a 100%""}]",1,0,True,GIAD-M3-S4-IOT-diagnostico-v7,1.1.0,edb7afe2f7fb836e59fe605d30c88b3b5b13a6d8ab2ec0b37f206a14e58de6bf,America/La_Paz,IOT-R028,2026-08-12T17:29:00Z,America/La_Paz,-17.25,C_ORIGINAL,CAM-08,True,IOT-R021:FUERA_RANGO,True,True,False,False,GIAD-M3-S4-IOT-tratamiento-v6
7228,2026-08-26 14:21:00,VIA-00302,ORD-2026-00057,CAM-20,PROD-045,-999.0,C,71.7,0,0,temperatura_cabina_c|camion_id,2,IOT-R018|IOT-R027,"[{""rule_id"": ""IOT-R018"", ""columna_afectada"": ""temperatura_cabina_c"", ""codigo_error"": ""VALOR_CENTINELA"", ""severidad"": ""CRITICAL"", ""accion"": ""CUARENTENA"", ""tipo_problema"": ""VALIDEZ"", ""dimension_calidad"": ""VALIDEZ"", ""valor_original"": ""-999.0"", ""detalle"": ""-999 es centinela: lectura no evaluable para rangos térmicos""}, {""rule_id"": ""IOT-R027"", ""columna_afectada"": ""camion_id"", ""codigo_error"": ""REFERENCIA_INEXISTENTE"", ""severidad"": ""WARNING"", ""accion"": ""REVISAR"", ""tipo_problema"": ""INTEGRIDAD"", ""dimension_calidad"": ""INTEGRIDAD"", ""valor_original"": ""CAM-20"", ""detalle"": ""Sin correspondencia en dimensión Silver de cobertura parcial; revisar, no inferir identificador inválido""}]",1,1,True,GIAD-M3-S4-IOT-diagnostico-v7,1.1.0,edb7afe2f7fb836e59fe605d30c88b3b5b13a6d8ab2ec0b37f206a14e58de6bf,America/La_Paz,IOT-R028,2026-08-26T18:21:00Z,America/La_Paz,,SIN_TRATAMIENTO,CAM-20,True,IOT-R018:VALOR_CENTINELA,True,False,False,False,GIAD-M3-S4-IOT-tratamiento-v6
7245,2026-08-26 22:51:00,VIA-00302,ORD-2026-00057,CAM-20,PROD-045,4.76,C,,0,0,humedad_cabina_pct|camion_id,2,IOT-R019|IOT-R027,"[{""rule_id"": ""IOT-R019"", ""columna_afectada"": ""humedad_cabina_pct"", ""codigo_error"": ""FALTANTE"", ""severidad"": ""CRITICAL"", ""accion"": ""CUARENTENA"", ""tipo_problema"": ""FALTANTE"", ""dimension_calidad"": ""COMPLETITUD"", ""valor_original"": """", ""detalle"": ""Humedad vacía""}, {""rule_id"": ""IOT-R027"", ""columna_afectada"": ""camion_id"", ""codigo_error"": ""REFERENCIA_INEXISTENTE"", ""severidad"": ""WARNING"", ""accion"": ""REVISAR"", ""tipo_problema"": ""INTEGRIDAD"", ""dimension_calidad"": ""INTEGRIDAD"", ""valor_original"": ""CAM-20"", ""detalle"": ""Sin correspondencia en dimensión Silver de cobertura parcial; revisar, no inferir identificador inválido""}]",1,1,True,GIAD-M3-S4-IOT-diagnostico-v7,1.1.0,edb7afe2f7fb836e59fe605d30c88b3b5b13a6d8ab2ec0b37f206a14e58de6bf,America/La_Paz,IOT-R028,2026-08-27T02:51:00Z,America/La_Paz,4.76,C_ORIGINAL,CAM-20,True,IOT-R019:FALTANTE,True,False,False,False,GIAD-M3-S4-IOT-tratamiento-v6
7256,2026-08-07 06:24:00,VIA-00303,ORD-2026-03846,CAM-02,PROD-044,5.42,C,,0,0,humedad_cabina_pct,1,IOT-R019,"[{""rule_id"": ""IOT-R019"", ""columna_afectada"": ""humedad_cabina_pct"", ""codigo_error"": ""FALTANTE"", ""severidad"": ""CRITICAL"", ""accion"": ""CUARENTENA"", ""tipo_problema"": ""FALTANTE"", ""dimension_calidad"": ""COMPLETITUD"", ""valor_original"": """", ""detalle"": ""Humedad vacía""}]",1,0,True,GIAD-M3-S4-IOT-diagnostico-v7,1.1.0,edb7afe2f7fb836e59fe605d30c88b3b5b13a6d8ab2ec0b37f206a14e58de6bf,America/La_Paz,IOT-R028,2026-08-07T10:24:00Z,America/La_Paz,5.42,C_ORIGINAL,CAM-02,True,IOT-R019:FALTANTE,True,True,False,False,GIAD-M3-S4-IOT-tratamiento-v6
7331,2026-08-05 05:12:00,VIA-00306,ORD-2026-06512,CAM-24,PROD-045,-999.0,C,67.2,0,0,temperatura_cabina_c,1,IOT-R018,"[{""rule_id"": ""IOT-R018"", ""columna_afectada"": ""temperatura_cabina_c"", ""codigo_error"": ""VALOR_CENTINELA"", ""severidad"": ""CRITICAL"", ""accion"": ""CUARENTENA"", ""tipo_problema"": ""VALIDEZ"", ""dimension_calidad"": ""VALIDEZ"", ""valor_original"": ""-999.0"", ""detalle"": ""-999 es centinela: lectura no evaluable para rangos térmicos""}]",1,0,True,GIAD-M3-S4-IOT-diagnostico-v7,1.1.0,edb7afe2f7fb836e59fe605d30c88b3b5b13a6d8ab2ec0b37f206a14e58de6bf,America/La_Paz,IOT-R028,2026-08-05T09:12:00Z,America/La_Paz,,SIN_TRATAMIENTO,CAM-24,True,IOT-R018:VALOR_CENTINELA,True,True,False,False,GIAD-M3-S4-IOT-tratamiento-v6
7391,2026-08-16 21:21:00,VIA-00308,ORD-2026-02207,CAM-01,PROD-053,,C,94.3,0,0,temperatura_cabina_c,1,IOT-R016,"[{""rule_id"": ""IOT-R016"", ""columna_afectada"": ""temperatura_cabina_c"", ""codigo_error"": ""FALTANTE"", ""severidad"": ""CRITICAL"", ""accion"": ""CUARENTENA"", ""tipo_problema"": ""FALTANTE"", ""dimension_calidad"": ""COMPLETITUD"", ""valor_original"": """", ""detalle"": ""Temperatura vacía""}]",1,0,True,GIAD-M3-S4-IOT-diagnostico-v7,1.1.0,edb7afe2f7fb836e59fe605d30c88b3b5b13a6d8ab2ec0b37f206a14e58de6bf,America/La_Paz,IOT-R028,2026-08-17T01:21:00Z,America/La_Paz,,SIN_TRATAMIENTO,CAM-01,True,IOT-R016:FALTANTE,True,True,False,False,GIAD-M3-S4-IOT-tratamiento-v6
7455,2026-08-05 13:28:00,VIA-00311,ORD-2026-02949,CAM-24,PROD-024,22.52,C,,0,0,humedad_cabina_pct,1,IOT-R019,"[{""rule_id"": ""IOT-R019"", ""columna_afectada"": ""humedad_cabina_pct"", ""codigo_error"": ""FALTANTE"", ""severidad"": ""CRITICAL"", ""accion"": ""CUARENTENA"", ""tipo_problema"": ""FALTANTE"", ""dimension_calidad"": ""COMPLETITUD"", ""valor_original"": """", ""detalle"": ""Humedad vacía""}]",1,0,True,GIAD-M3-S4-IOT-diagnostico-v7,1.1.0,edb7afe2f7fb836e59fe605d30c88b3b5b13a6d8ab2ec0b37f206a14e58de6bf,America/La_Paz,IOT-R028,2026-08-05T17:28:00Z,America/La_Paz,22.52,C_ORIGINAL,CAM-24,True,IOT-R019:FALTANTE,True,True,False,False,GIAD-M3-S4-IOT-tratamiento-v6
7467,2026-08-03 13:00:00,VIA-00312,ORD-2026-02434,CAM-19,PROD-043,-999.0,C,58.3,0,0,temperatura_cabina_c,1,IOT-R018,"[{""rule_id"": ""IOT-R018"", ""columna_afectada"": ""temperatura_cabina_c"", ""codigo_error"": ""VALOR_CENTINELA"", ""severidad"": ""CRITICAL"", ""accion"": ""CUARENTENA"", ""tipo_problema"": ""VALIDEZ"", ""dimension_calidad"": ""VALIDEZ"", ""valor_original"": ""-999.0"", ""detalle"": ""-999 es centinela: lectura no evaluable para rangos térmicos""}]",1,0,True,GIAD-M3-S4-IOT-diagnostico-v7,1.1.0,edb7afe2f7fb836e59fe605d30c88b3b5b13a6d8ab2ec0b37f206a14e58de6bf,America/La_Paz,IOT-R028,2026-08-03T17:00:00Z,America/La_Paz,,SIN_TRATAMIENTO,CAM-19,True,IOT-R018:VALOR_CENTINELA,True,True,False,False,GIAD-M3-S4-IOT-tratamiento-v6
7583,2026-08-18 15:59:00,VIA-00316,ORD-2026-04476,CAM-11,PROD-021,,C,75.0,0,0,temperatura_cabina_c,1,IOT-R016,"[{""rule_id"": ""IOT-R016"", ""columna_afectada"": ""temperatura_cabina_c"", ""codigo_error"": ""FALTANTE"", ""severidad"": ""CRITICAL"", ""accion"": ""CUARENTENA"", ""tipo_problema"": ""FALTANTE"", ""dimension_calidad"": ""COMPLETITUD"", ""valor_original"": """", ""detalle"": ""Temperatura vacía""}]",1,0,True,GIAD-M3-S4-IOT-diagnostico-v7,1.1.0,edb7afe2f7fb836e59fe605d30c88b3b5b13a6d8ab2ec0b37f206a14e58de6bf,America/La_Paz,IOT-R028,2026-08-18T19:59:00Z,America/La_Paz,,SIN_TRATAMIENTO,CAM-11,True,IOT-R016:FALTANTE,True,True,False,False,GIAD-M3-S4-IOT-tratamiento-v6
7681,2026-08-07 14:40:00,VIA-00321,ORD-2026-04625,CAM-21,PROD-005,18.9,C,-50.5,0,0,humedad_cabina_pct,1,IOT-R021,"[{""rule_id"": ""IOT-R021"", ""columna_afectada"": ""humedad_cabina_pct"", ""codigo_error"": ""FUERA_RANGO"", ""severidad"": ""CRITICAL"", ""accion"": ""CUARENTENA"", ""tipo_problema"": ""VALIDEZ"", ""dimension_calidad"": ""VALIDEZ"", ""valor_original"": ""-50.5"", ""detalle"": ""Humedad fuera de 0 a 100%""}]",1,0,True,GIAD-M3-S4-IOT-diagnostico-v7,1.1.0,edb7afe2f7fb836e59fe605d30c88b3b5b13a6d8ab2ec0b37f206a14e58de6bf,America/La_Paz,IOT-R028,2026-08-07T18:40:00Z,America/La_Paz,18.9,C_ORIGINAL,CAM-21,True,IOT-R021:FUERA_RANGO,True,True,False,False,GIAD-M3-S4-IOT-tratamiento-v6
7749,2026-08-07 10:26:00,VIA-00323,ORD-2026-06309,CAM-24,PROD-002,-999.0,C,51.2,0,0,temperatura_cabina_c,1,IOT-R018,"[{""rule_id"": ""IOT-R018"", ""columna_afectada"": ""temperatura_cabina_c"", ""codigo_error"": ""VALOR_CENTINELA"", ""severidad"": ""CRITICAL"", ""accion"": ""CUARENTENA"", ""tipo_problema"": ""VALIDEZ"", ""dimension_calidad"": ""VALIDEZ"", ""valor_original"": ""-999.0"", ""detalle"": ""-999 es centinela: lectura no evaluable para rangos térmicos""}]",1,0,True,GIAD-M3-S4-IOT-diagnostico-v7,1.1.0,edb7afe2f7fb836e59fe605d30c88b3b5b13a6d8ab2ec0b37f206a14e58de6bf,America/La_Paz,IOT-R028,2026-08-07T14:26:00Z,America/La_Paz,,SIN_TRATAMIENTO,CAM-24,True,IOT-R018:VALOR_CENTINELA,True,True,False,False,GIAD-M3-S4-IOT-tratamiento-v6
7776,2026-08-19 17:26:00,VIA-00324,ORD-2026-05843,CAM-03,PROD-057,,C,51.0,0,0,temperatura_cabina_c,1,IOT-R016,"[{""rule_id"": ""IOT-R016"", ""columna_afectada"": ""temperatura_cabina_c"", ""codigo_error"": ""FALTANTE"", ""severidad"": ""CRITICAL"", ""accion"": ""CUARENTENA"", ""tipo_problema"": ""FALTANTE"", ""dimension_calidad"": ""COMPLETITUD"", ""valor_original"": """", ""detalle"": ""Temperatura vacía""}]",1,0,True,GIAD-M3-S4-IOT-diagnostico-v7,1.1.0,edb7afe2f7fb836e59fe605d30c88b3b5b13a6d8ab2ec0b37f206a14e58de6bf,America/La_Paz,IOT-R028,2026-08-19T21:26:00Z,America/La_Paz,,SIN_TRATAMIENTO,CAM-03,True,IOT-R016:FALTANTE,True,True,False,False,GIAD-M3-S4-IOT-tratamiento-v6
7782,2026-08-30 19:56:00,VIA-00325,ORD-2026-00169,CAM-27,PROD-048,,C,48.9,0,0,temperatura_cabina_c,1,IOT-R016,"[{""rule_id"": ""IOT-R016"", ""columna_afectada"": ""temperatura_cabina_c"", ""codigo_error"": ""FALTANTE"", ""severidad"": ""CRITICAL"", ""accion"": ""CUARENTENA"", ""tipo_problema"": ""FALTANTE"", ""dimension_calidad"": ""COMPLETITUD"", ""valor_original"": """", ""detalle"": ""Temperatura vacía""}]",1,0,True,GIAD-M3-S4-IOT-diagnostico-v7,1.1.0,edb7afe2f7fb836e59fe605d30c88b3b5b13a6d8ab2ec0b37f206a14e58de6bf,America/La_Paz,IOT-R028,2026-08-30T23:56:00Z,America/La_Paz,,SIN_TRATAMIENTO,CAM-27,True,IOT-R016:FALTANTE,True,True,False,False,GIAD-M3-S4-IOT-tratamiento-v6
7832,2026-08-29 05:39:00,VIA-00327,ORD-2026-04344,CAM-26,PROD-029,-999.0,C,49.6,0,0,temperatura_cabina_c,1,IOT-R018,"[{""rule_id"": ""IOT-R018"", ""columna_afectada"": ""temperatura_cabina_c"", ""codigo_error"": ""VALOR_CENTINELA"", ""severidad"": ""CRITICAL"", ""accion"": ""CUARENTENA"", ""tipo_problema"": ""VALIDEZ"", ""dimension_calidad"": ""VALIDEZ"", ""valor_original"": ""-999.0"", ""detalle"": ""-999 es centinela: lectura no evaluable para rangos térmicos""}]",1,0,True,GIAD-M3-S4-IOT-diagnostico-v7,1.1.0,edb7afe2f7fb836e59fe605d30c88b3b5b13a6d8ab2ec0b37f206a14e58de6bf,America/La_Paz,IOT-R028,2026-08-29T09:39:00Z,America/La_Paz,,SIN_TRATAMIENTO,CAM-26,True,IOT-R018:VALOR_CENTINELA,True,True,False,False,GIAD-M3-S4-IOT-tratamiento-v6
7941,2026-08-16 02:23:00,VIA-00331,ORD-2026-03610,CAM-22,PROD-043,-19.3,C,,0,0,humedad_cabina_pct,1,IOT-R019,"[{""rule_id"": ""IOT-R019"", ""columna_afectada"": ""humedad_cabina_pct"", ""codigo_error"": ""FALTANTE"", ""severidad"": ""CRITICAL"", ""accion"": ""CUARENTENA"", ""tipo_problema"": ""FALTANTE"", ""dimension_calidad"": ""COMPLETITUD"", ""valor_original"": """", ""detalle"": ""Humedad vacía""}]",1,0,True,GIAD-M3-S4-IOT-diagnostico-v7,1.1.0,edb7afe2f7fb836e59fe605d30c88b3b5b13a6d8ab2ec0b37f206a14e58de6bf,America/La_Paz,IOT-R028,2026-08-16T06:23:00Z,America/La_Paz,-19.3,C_ORIGINAL,CAM-22,True,IOT-R019:FALTANTE,True,True,False,False,GIAD-M3-S4-IOT-tratamiento-v6
8028,2026-08-29 14:16:00,VIA-00335,ORD-2026-07179,CAM-29,PROD-030,,C,37.7,0,0,temperatura_cabina_c,1,IOT-R016,"[{""rule_id"": ""IOT-R016"", ""columna_afectada"": ""temperatura_cabina_c"", ""codigo_error"": ""FALTANTE"", ""severidad"": ""CRITICAL"", ""accion"": ""CUARENTENA"", ""tipo_problema"": ""FALTANTE"", ""dimension_calidad"": ""COMPLETITUD"", ""valor_original"": """", ""detalle"": ""Temperatura vacía""}]",1,0,True,GIAD-M3-S4-IOT-diagnostico-v7,1.1.0,edb7afe2f7fb836e59fe605d30c88b3b5b13a6d8ab2ec0b37f206a14e58de6bf,America/La_Paz,IOT-R028,2026-08-29T18:16:00Z,America/La_Paz,,SIN_TRATAMIENTO,CAM-29,True,IOT-R016:FALTANTE,True,True,False,False,GIAD-M3-S4-IOT-tratamiento-v6
8232,2026-08-09 00:00:00,VIA-00343,ORD-2026-06413,CAM-08,PROD-036,3.43,C,,0,0,humedad_cabina_pct|producto_id,2,IOT-R019|IOT-R026,"[{""rule_id"": ""IOT-R019"", ""columna_afectada"": ""humedad_cabina_pct"", ""codigo_error"": ""FALTANTE"", ""severidad"": ""CRITICAL"", ""accion"": ""CUARENTENA"", ""tipo_problema"": ""FALTANTE"", ""dimension_calidad"": ""COMPLETITUD"", ""valor_original"": """", ""detalle"": ""Humedad vacía""}, {""rule_id"": ""IOT-R026"", ""columna_afectada"": ""producto_id"", ""codigo_error"": ""REFERENCIA_INEXISTENTE"", ""severidad"": ""WARNING"", ""accion"": ""REVISAR"", ""tipo_problema"": ""INTEGRIDAD"", ""dimension_calidad"": ""INTEGRIDAD"", ""valor_original"": ""PROD-036"", ""detalle"": ""Sin correspondencia en dimensión Silver de cobertura parcial; revisar, no inferir identificador inválido""}]",1,1,True,GIAD-M3-S4-IOT-diagnostico-v7,1.1.0,edb7afe2f7fb836e59fe605d30c88b3b5b13a6d8ab2ec0b37f206a14e58de6bf,America/La_Paz,IOT-R028,2026-08-09T04:00:00Z,America/La_Paz,3.43,C_ORIGINAL,CAM-08,True,IOT-R019:FALTANTE,False,True,False,False,GIAD-M3-S4-IOT-tratamiento-v6
8389,2026-08-04 05:36:00,VIA-00350,ORD-2026-03587,CAM-21,PROD-018,-999.0,C,51.5,0,0,temperatura_cabina_c|producto_id,2,IOT-R018|IOT-R026,"[{""rule_id"": ""IOT-R018"", ""columna_afectada"": ""temperatura_cabina_c"", ""codigo_error"": ""VALOR_CENTINELA"", ""severidad"": ""CRITICAL"", ""accion"": ""CUARENTENA"", ""tipo_problema"": ""VALIDEZ"", ""dimension_calidad"": ""VALIDEZ"", ""valor_original"": ""-999.0"", ""detalle"": ""-999 es centinela: lectura no evaluable para rangos térmicos""}, {""rule_id"": ""IOT-R026"", ""columna_afectada"": ""producto_id"", ""codigo_error"": ""REFERENCIA_INEXISTENTE"", ""severidad"": ""WARNING"", ""accion"": ""REVISAR"", ""tipo_problema"": ""INTEGRIDAD"", ""dimension_calidad"": ""INTEGRIDAD"", ""valor_original"": ""PROD-018"", ""detalle"": ""Sin correspondencia en dimensión Silver de cobertura parcial; revisar, no inferir identificador inválido""}]",1,1,True,GIAD-M3-S4-IOT-diagnostico-v7,1.1.0,edb7afe2f7fb836e59fe605d30c88b3b5b13a6d8ab2ec0b37f206a14e58de6bf,America/La_Paz,IOT-R028,2026-08-04T09:36:00Z,America/La_Paz,,SIN_TRATAMIENTO,CAM-21,True,IOT-R018:VALOR_CENTINELA,False,True,False,False,GIAD-M3-S4-IOT-tratamiento-v6
8559,2026-08-04 19:26:00,VIA-00357,ORD-2026-04496,CAM-19,PROD-043,-999.0,C,69.6,0,0,temperatura_cabina_c,1,IOT-R018,"[{""rule_id"": ""IOT-R018"", ""columna_afectada"": ""temperatura_cabina_c"", ""codigo_error"": ""VALOR_CENTINELA"", ""severidad"": ""CRITICAL"", ""accion"": ""CUARENTENA"", ""tipo_problema"": ""VALIDEZ"", ""dimension_calidad"": ""VALIDEZ"", ""valor_original"": ""-999.0"", ""detalle"": ""-999 es centinela: lectura no evaluable para rangos térmicos""}]",1,0,True,GIAD-M3-S4-IOT-diagnostico-v7,1.1.0,edb7afe2f7fb836e59fe605d30c88b3b5b13a6d8ab2ec0b37f206a14e58de6bf,America/La_Paz,IOT-R028,2026-08-04T23:26:00Z,America/La_Paz,,SIN_TRATAMIENTO,CAM-19,True,IOT-R018:VALOR_CENTINELA,True,True,False,False,GIAD-M3-S4-IOT-tratamiento-v6
8696,2026-02-31 09:15:00,VIA-00363,ORD-2026-07429,CAM-10,PROD-001,2.74,C,70.2,0,0,timestamp,1,IOT-R002,"[{""rule_id"": ""IOT-R002"", ""columna_afectada"": ""timestamp"", ""codigo_error"": ""FECHA_INVALIDA"", ""severidad"": ""CRITICAL"", ""accion"": ""CUARENTENA"", ""tipo_problema"": ""FORMATO"", ""dimension_calidad"": ""CONFORMIDAD"", ""valor_original"": ""2026-02-31 09:15:00"", ""detalle"": ""Formato incorrecto o fecha imposible""}]",1,0,True,GIAD-M3-S4-IOT-diagnostico-v7,1.1.0,edb7afe2f7fb836e59fe605d30c88b3b5b13a6d8ab2ec0b37f206a14e58de6bf,America/La_Paz,IOT-R028,,America/La_Paz,2.74,C_ORIGINAL,CAM-10,True,IOT-R002:FECHA_INVALIDA,True,True,False,False,GIAD-M3-S4-IOT-tratamiento-v6
9088,2026-08-14 07:26:00,VIA-00379,ORD-2026-04281,CAM-08,PROD-008,-999.0,C,69.1,0,0,temperatura_cabina_c|producto_id,2,IOT-R018|IOT-R026,"[{""rule_id"": ""IOT-R018"", ""columna_afectada"": ""temperatura_cabina_c"", ""codigo_error"": ""VALOR_CENTINELA"", ""severidad"": ""CRITICAL"", ""accion"": ""CUARENTENA"", ""tipo_problema"": ""VALIDEZ"", ""dimension_calidad"": ""VALIDEZ"", ""valor_original"": ""-999.0"", ""detalle"": ""-999 es centinela: lectura no evaluable para rangos térmicos""}, {""rule_id"": ""IOT-R026"", ""columna_afectada"": ""producto_id"", ""codigo_error"": ""REFERENCIA_INEXISTENTE"", ""severidad"": ""WARNING"", ""accion"": ""REVISAR"", ""tipo_problema"": ""INTEGRIDAD"", ""dimension_calidad"": ""INTEGRIDAD"", ""valor_original"": ""PROD-008"", ""detalle"": ""Sin correspondencia en dimensión Silver de cobertura parcial; revisar, no inferir identificador inválido""}]",1,1,True,GIAD-M3-S4-IOT-diagnostico-v7,1.1.0,edb7afe2f7fb836e59fe605d30c88b3b5b13a6d8ab2ec0b37f206a14e58de6bf,America/La_Paz,IOT-R028,2026-08-14T11:26:00Z,America/La_Paz,,SIN_TRATAMIENTO,CAM-08,True,IOT-R018:VALOR_CENTINELA,False,True,False,False,GIAD-M3-S4-IOT-tratamiento-v6
9215,2026-08-15 19:53:00,VIA-00384,ORD-2026-00605,CAM-06,PROD-014,-999.0,C,52.6,0,0,temperatura_cabina_c,1,IOT-R018,"[{""rule_id"": ""IOT-R018"", ""columna_afectada"": ""temperatura_cabina_c"", ""codigo_error"": ""VALOR_CENTINELA"", ""severidad"": ""CRITICAL"", ""accion"": ""CUARENTENA"", ""tipo_problema"": ""VALIDEZ"", ""dimension_calidad"": ""VALIDEZ"", ""valor_original"": ""-999.0"", ""detalle"": ""-999 es centinela: lectura no evaluable para rangos térmicos""}]",1,0,True,GIAD-M3-S4-IOT-diagnostico-v7,1.1.0,edb7afe2f7fb836e59fe605d30c88b3b5b13a6d8ab2ec0b37f206a14e58de6bf,America/La_Paz,IOT-R028,2026-08-15T23:53:00Z,America/La_Paz,,SIN_TRATAMIENTO,CAM-06,True,IOT-R018:VALOR_CENTINELA,True,True,False,False,GIAD-M3-S4-IOT-tratamiento-v6
9333,2026-08-28 14:17:00,VIA-00389,ORD-2026-02236,CAM-26,PROD-058,,C,69.6,0,0,temperatura_cabina_c,1,IOT-R016,"[{""rule_id"": ""IOT-R016"", ""columna_afectada"": ""temperatura_cabina_c"", ""codigo_error"": ""FALTANTE"", ""severidad"": ""CRITICAL"", ""accion"": ""CUARENTENA"", ""tipo_problema"": ""FALTANTE"", ""dimension_calidad"": ""COMPLETITUD"", ""valor_original"": """", ""detalle"": ""Temperatura vacía""}]",1,0,True,GIAD-M3-S4-IOT-diagnostico-v7,1.1.0,edb7afe2f7fb836e59fe605d30c88b3b5b13a6d8ab2ec0b37f206a14e58de6bf,America/La_Paz,IOT-R028,2026-08-28T18:17:00Z,America/La_Paz,,SIN_TRATAMIENTO,CAM-26,True,IOT-R016:FALTANTE,True,True,False,False,GIAD-M3-S4-IOT-tratamiento-v6
9382,2026-08-11 04:47:00,VIA-00391,ORD-2026-06429,CAM-19,PROD-028,-999.0,C,41.1,0,0,temperatura_cabina_c|producto_id,2,IOT-R018|IOT-R026,"[{""rule_id"": ""IOT-R018"", ""columna_afectada"": ""temperatura_cabina_c"", ""codigo_error"": ""VALOR_CENTINELA"", ""severidad"": ""CRITICAL"", ""accion"": ""CUARENTENA"", ""tipo_problema"": ""VALIDEZ"", ""dimension_calidad"": ""VALIDEZ"", ""valor_original"": ""-999.0"", ""detalle"": ""-999 es centinela: lectura no evaluable para rangos térmicos""}, {""rule_id"": ""IOT-R026"", ""columna_afectada"": ""producto_id"", ""codigo_error"": ""REFERENCIA_INEXISTENTE"", ""severidad"": ""WARNING"", ""accion"": ""REVISAR"", ""tipo_problema"": ""INTEGRIDAD"", ""dimension_calidad"": ""INTEGRIDAD"", ""valor_original"": ""PROD-028"", ""detalle"": ""Sin correspondencia en dimensión Silver de cobertura parcial; revisar, no inferir identificador inválido""}]",1,1,True,GIAD-M3-S4-IOT-diagnostico-v7,1.1.0,edb7afe2f7fb836e59fe605d30c88b3b5b13a6d8ab2ec0b37f206a14e58de6bf,America/La_Paz,IOT-R028,2026-08-11T08:47:00Z,America/La_Paz,,SIN_TRATAMIENTO,CAM-19,True,IOT-R018:VALOR_CENTINELA,False,True,False,False,GIAD-M3-S4-IOT-tratamiento-v6
9412,2026-08-10 20:00:00,VIA-00393,ORD-2026-02901,CAM-18,PROD-032,19.92,C,,0,0,humedad_cabina_pct,1,IOT-R019,"[{""rule_id"": ""IOT-R019"", ""columna_afectada"": ""humedad_cabina_pct"", ""codigo_error"": ""FALTANTE"", ""severidad"": ""CRITICAL"", ""accion"": ""CUARENTENA"", ""tipo_problema"": ""FALTANTE"", ""dimension_calidad"": ""COMPLETITUD"", ""valor_original"": """", ""detalle"": ""Humedad vacía""}]",1,0,True,GIAD-M3-S4-IOT-diagnostico-v7,1.1.0,edb7afe2f7fb836e59fe605d30c88b3b5b13a6d8ab2ec0b37f206a14e58de6bf,America/La_Paz,IOT-R028,2026-08-11T00:00:00Z,America/La_Paz,19.92,C_ORIGINAL,CAM-18,True,IOT-R019:FALTANTE,True,True,False,False,GIAD-M3-S4-IOT-tratamiento-v6
9456,2026-02-31 09:15:00,VIA-00394,ORD-2026-07231,CAM-25,PROD-046,19.91,C,41.7,0,0,timestamp|producto_id,2,IOT-R002|IOT-R026,"[{""rule_id"": ""IOT-R002"", ""columna_afectada"": ""timestamp"", ""codigo_error"": ""FECHA_INVALIDA"", ""severidad"": ""CRITICAL"", ""accion"": ""CUARENTENA"", ""tipo_problema"": ""FORMATO"", ""dimension_calidad"": ""CONFORMIDAD"", ""valor_original"": ""2026-02-31 09:15:00"", ""detalle"": ""Formato incorrecto o fecha imposible""}, {""rule_id"": ""IOT-R026"", ""columna_afectada"": ""producto_id"", ""codigo_error"": ""REFERENCIA_INEXISTENTE"", ""severidad"": ""WARNING"", ""accion"": ""REVISAR"", ""tipo_problema"": ""INTEGRIDAD"", ""dimension_calidad"": ""INTEGRIDAD"", ""valor_original"": ""PROD-046"", ""detalle"": ""Sin correspondencia en dimensión Silver de cobertura parcial; revisar, no inferir identificador inválido""}]",1,1,True,GIAD-M3-S4-IOT-diagnostico-v7,1.1.0,edb7afe2f7fb836e59fe605d30c88b3b5b13a6d8ab2ec0b37f206a14e58de6bf,America/La_Paz,IOT-R028,,America/La_Paz,19.91,C_ORIGINAL,CAM-25,True,IOT-R002:FECHA_INVALIDA,False,True,False,False,GIAD-M3-S4-IOT-tratamiento-v6
9525,2026-08-27 02:12:00,VIA-00397,ORD-2026-06382,CAM-02,PROD-002,-999.0,C,49.9,0,0,temperatura_cabina_c,1,IOT-R018,"[{""rule_id"": ""IOT-R018"", ""columna_afectada"": ""temperatura_cabina_c"", ""codigo_error"": ""VALOR_CENTINELA"", ""severidad"": ""CRITICAL"", ""accion"": ""CUARENTENA"", ""tipo_problema"": ""VALIDEZ"", ""dimension_calidad"": ""VALIDEZ"", ""valor_original"": ""-999.0"", ""detalle"": ""-999 es centinela: lectura no evaluable para rangos térmicos""}]",1,0,True,GIAD-M3-S4-IOT-diagnostico-v7,1.1.0,edb7afe2f7fb836e59fe605d30c88b3b5b13a6d8ab2ec0b37f206a14e58de6bf,America/La_Paz,IOT-R028,2026-08-27T06:12:00Z,America/La_Paz,,SIN_TRATAMIENTO,CAM-02,True,IOT-R018:VALOR_CENTINELA,True,True,False,False,GIAD-M3-S4-IOT-tratamiento-v6
9735,2026-08-08 05:57:00,VIA-00406,ORD-2026-06686,CAM-20,PROD-046,-999.0,C,56.3,0,0,temperatura_cabina_c|producto_id|camion_id,3,IOT-R018|IOT-R026|IOT-R027,"[{""rule_id"": ""IOT-R018"", ""columna_afectada"": ""temperatura_cabina_c"", ""codigo_error"": ""VALOR_CENTINELA"", ""severidad"": ""CRITICAL"", ""accion"": ""CUARENTENA"", ""tipo_problema"": ""VALIDEZ"", ""dimension_calidad"": ""VALIDEZ"", ""valor_original"": ""-999.0"", ""detalle"": ""-999 es centinela: lectura no evaluable para rangos térmicos""}, {""rule_id"": ""IOT-R026"", ""columna_afectada"": ""producto_id"", ""codigo_error"": ""REFERENCIA_INEXISTENTE"", ""severidad"": ""WARNING"", ""accion"": ""REVISAR"", ""tipo_problema"": ""INTEGRIDAD"", ""dimension_calidad"": ""INTEGRIDAD"", ""valor_original"": ""PROD-046"", ""detalle"": ""Sin correspondencia en dimensión Silver de cobertura parcial; revisar, no inferir identificador inválido""}, {""rule_id"": ""IOT-R027"", ""columna_afectada"": ""camion_id"", ""codigo_error"": ""REFERENCIA_INEXISTENTE"", ""severidad"": ""WARNING"", ""accion"": ""REVISAR"", ""tipo_problema"": ""INTEGRIDAD"", ""dimension_calidad"": ""INTEGRIDAD"", ""valor_original"": ""CAM-20"", ""detalle"": ""Sin correspondencia en dimensión Silver de cobertura parcial; revisar, no inferir identificador inválido""}]",1,2,True,GIAD-M3-S4-IOT-diagnostico-v7,1.1.0,edb7afe2f7fb836e59fe605d30c88b3b5b13a6d8ab2ec0b37f206a14e58de6bf,America/La_Paz,IOT-R028,2026-08-08T09:57:00Z,America/La_Paz,,SIN_TRATAMIENTO,CAM-20,True,IOT-R018:VALOR_CENTINELA,False,False,False,False,GIAD-M3-S4-IOT-tratamiento-v6
9741,2026-08-08 08:57:00,VIA-00406,ORD-2026-06686, cam-20 ,PROD-046,18.19,C,37.2,0,0,camion_id|producto_id,3,IOT-R008|IOT-R026|IOT-R027,"[{""rule_id"": ""IOT-R008"", ""columna_afectada"": ""camion_id"", ""codigo_error"": ""FORMATO_INVALIDO"", ""severidad"": ""CRITICAL"", ""accion"": ""CUARENTENA"", ""tipo_problema"": ""FORMATO"", ""dimension_calidad"": ""CONFORMIDAD"", ""valor_original"": "" cam-20 "", ""detalle"": ""Formato esperado CAM-00""}, {""rule_id"": ""IOT-R026"", ""columna_afectada"": ""producto_id"", ""codigo_error"": ""REFERENCIA_INEXISTENTE"", ""severidad"": ""WARNING"", ""accion"": ""REVISAR"", ""tipo_problema"": ""INTEGRIDAD"", ""dimension_calidad"": ""INTEGRIDAD"", ""valor_original"": ""PROD-046"", ""detalle"": ""Sin correspondencia en dimensión Silver de cobertura parcial; revisar, no inferir identificador inválido""}, {""rule_id"": ""IOT-R027"", ""columna_afectada"": ""camion_id"", ""codigo_error"": ""REFERENCIA_INEXISTENTE"", ""severidad"": ""WARNING"", ""accion"": ""REVISAR"", ""tipo_problema"": ""INTEGRIDAD"", ""dimension_calidad"": ""INTEGRIDAD"", ""valor_original"": "" cam-20 "", ""detalle"": ""Sin correspondencia en dimensión Silver de cobertura parcial; revisar, no inferir identificador inválido""}]",1,2,True,GIAD-M3-S4-IOT-diagnostico-v7,1.1.0,edb7afe2f7fb836e59fe605d30c88b3b5b13a6d8ab2ec0b37f206a14e58de6bf,America/La_Paz,IOT-R028,2026-08-08T12:57:00Z,America/La_Paz,18.19,C_ORIGINAL, cam-20 ,True,IOT-R008:FORMATO_INVALIDO,False,False,False,False,GIAD-M3-S4-IOT-tratamiento-v6
9968,2026-08-04 16:19:00,VIA-00416,ORD-2026-01855,CAM-22,PROD-015,5.24,C,,0,0,humedad_cabina_pct,1,IOT-R019,"[{""rule_id"": ""IOT-R019"", ""columna_afectada"": ""humedad_cabina_pct"", ""codigo_error"": ""FALTANTE"", ""severidad"": ""CRITICAL"", ""accion"": ""CUARENTENA"", ""tipo_problema"": ""FALTANTE"", ""dimension_calidad"": ""COMPLETITUD"", ""valor_original"": """", ""detalle"": ""Humedad vacía""}]",1,0,True,GIAD-M3-S4-IOT-diagnostico-v7,1.1.0,edb7afe2f7fb836e59fe605d30c88b3b5b13a6d8ab2ec0b37f206a14e58de6bf,America/La_Paz,IOT-R028,2026-08-04T20:19:00Z,America/La_Paz,5.24,C_ORIGINAL,CAM-22,True,IOT-R019:FALTANTE,True,True,False,False,GIAD-M3-S4-IOT-tratamiento-v6
10021,2026-08-05 08:02:00,VIA-00418,ORD-2026-05862,CAM-09,PROD-005,,C,46.9,0,0,temperatura_cabina_c,1,IOT-R016,"[{""rule_id"": ""IOT-R016"", ""columna_afectada"": ""temperatura_cabina_c"", ""codigo_error"": ""FALTANTE"", ""severidad"": ""CRITICAL"", ""accion"": ""CUARENTENA"", ""tipo_problema"": ""FALTANTE"", ""dimension_calidad"": ""COMPLETITUD"", ""valor_original"": """", ""detalle"": ""Temperatura vacía""}]",1,0,True,GIAD-M3-S4-IOT-diagnostico-v7,1.1.0,edb7afe2f7fb836e59fe605d30c88b3b5b13a6d8ab2ec0b37f206a14e58de6bf,America/La_Paz,IOT-R028,2026-08-05T12:02:00Z,America/La_Paz,,SIN_TRATAMIENTO,CAM-09,True,IOT-R016:FALTANTE,True,True,False,False,GIAD-M3-S4-IOT-tratamiento-v6
10080,2026-08-03 21:51:00,VIA-00420,ORD-2026-02885,CAM-15,PROD-035,,C,61.5,0,0,temperatura_cabina_c,1,IOT-R016,"[{""rule_id"": ""IOT-R016"", ""columna_afectada"": ""temperatura_cabina_c"", ""codigo_error"": ""FALTANTE"", ""severidad"": ""CRITICAL"", ""accion"": ""CUARENTENA"", ""tipo_problema"": ""FALTANTE"", ""dimension_calidad"": ""COMPLETITUD"", ""valor_original"": """", ""detalle"": ""Temperatura vacía""}]",1,0,True,GIAD-M3-S4-IOT-diagnostico-v7,1.1.0,edb7afe2f7fb836e59fe605d30c88b3b5b13a6d8ab2ec0b37f206a14e58de6bf,America/La_Paz,IOT-R028,2026-08-04T01:51:00Z,America/La_Paz,,SIN_TRATAMIENTO,CAM-15,True,IOT-R016:FALTANTE,True,True,False,False,GIAD-M3-S4-IOT-tratamiento-v6
10093,2026-08-30 04:23:00,VIA-00421,ORD-2026-05712,CAM-15,PROD-025,-999.0,C,60.0,0,0,temperatura_cabina_c,1,IOT-R018,"[{""rule_id"": ""IOT-R018"", ""columna_afectada"": ""temperatura_cabina_c"", ""codigo_error"": ""VALOR_CENTINELA"", ""severidad"": ""CRITICAL"", ""accion"": ""CUARENTENA"", ""tipo_problema"": ""VALIDEZ"", ""dimension_calidad"": ""VALIDEZ"", ""valor_original"": ""-999.0"", ""detalle"": ""-999 es centinela: lectura no evaluable para rangos térmicos""}]",1,0,True,GIAD-M3-S4-IOT-diagnostico-v7,1.1.0,edb7afe2f7fb836e59fe605d30c88b3b5b13a6d8ab2ec0b37f206a14e58de6bf,America/La_Paz,IOT-R028,2026-08-30T08:23:00Z,America/La_Paz,,SIN_TRATAMIENTO,CAM-15,True,IOT-R018:VALOR_CENTINELA,True,True,False,False,GIAD-M3-S4-IOT-tratamiento-v6
10123,2026-02-31 09:15:00,VIA-00422,ORD-2026-00525,CAM-20,PROD-001,36.52,F,64.4,0,0,timestamp|temp_unit|camion_id,3,IOT-R002|IOT-R015|IOT-R027,"[{""rule_id"": ""IOT-R002"", ""columna_afectada"": ""timestamp"", ""codigo_error"": ""FECHA_INVALIDA"", ""severidad"": ""CRITICAL"", ""accion"": ""CUARENTENA"", ""tipo_problema"": ""FORMATO"", ""dimension_calidad"": ""CONFORMIDAD"", ""valor_original"": ""2026-02-31 09:15:00"", ""detalle"": ""Formato incorrecto o fecha imposible""}, {""rule_id"": ""IOT-R015"", ""columna_afectada"": ""temp_unit"", ""codigo_error"": ""PENDIENTE_CONVERSION_F"", ""severidad"": ""WARNING"", ""accion"": ""REVISAR"", ""tipo_problema"": ""CONFORMIDAD"", ""dimension_calidad"": ""CONFORMIDAD"", ""valor_original"": ""F"", ""detalle"": ""Lectura válida en F; estandarización corresponde al tratamiento""}, {""rule_id"": ""IOT-R027"", ""columna_afectada"": ""camion_id"", ""codigo_error"": ""REFERENCIA_INEXISTENTE"", ""severidad"": ""WARNING"", ""accion"": ""REVISAR"", ""tipo_problema"": ""INTEGRIDAD"", ""dimension_calidad"": ""INTEGRIDAD"", ""valor_original"": ""CAM-20"", ""detalle"": ""Sin correspondencia en dimensión Silver de cobertura parcial; revisar, no inferir identificador inválido""}]",1,2,True,GIAD-M3-S4-IOT-diagnostico-v7,1.1.0,edb7afe2f7fb836e59fe605d30c88b3b5b13a6d8ab2ec0b37f206a14e58de6bf,America/La_Paz,IOT-R028,,America/La_Paz,2.511111,F_A_C,CAM-20,True,IOT-R002:FECHA_INVALIDA,True,False,False,False,GIAD-M3-S4-IOT-tratamiento-v6
10240,2026-08-19 02:56:00,VIA-00427,ORD-2026-04049,CAM-18,PROD-006,19.56,C,,0,0,humedad_cabina_pct,1,IOT-R019,"[{""rule_id"": ""IOT-R019"", ""columna_afectada"": ""humedad_cabina_pct"", ""codigo_error"": ""FALTANTE"", ""severidad"": ""CRITICAL"", ""accion"": ""CUARENTENA"", ""tipo_problema"": ""FALTANTE"", ""dimension_calidad"": ""COMPLETITUD"", ""valor_original"": """", ""detalle"": ""Humedad vacía""}]",1,0,True,GIAD-M3-S4-IOT-diagnostico-v7,1.1.0,edb7afe2f7fb836e59fe605d30c88b3b5b13a6d8ab2ec0b37f206a14e58de6bf,America/La_Paz,IOT-R028,2026-08-19T06:56:00Z,America/La_Paz,19.56,C_ORIGINAL,CAM-18,True,IOT-R019:FALTANTE,True,True,False,False,GIAD-M3-S4-IOT-tratamiento-v6
10284,2026-08-16 01:33:00,VIA-00429,ORD-2026-04991,CAM-24,PROD-013,-999.0,C,74.6,0,0,temperatura_cabina_c,1,IOT-R018,"[{""rule_id"": ""IOT-R018"", ""columna_afectada"": ""temperatura_cabina_c"", ""codigo_error"": ""VALOR_CENTINELA"", ""severidad"": ""CRITICAL"", ""accion"": ""CUARENTENA"", ""tipo_problema"": ""VALIDEZ"", ""dimension_calidad"": ""VALIDEZ"", ""valor_original"": ""-999.0"", ""detalle"": ""-999 es centinela: lectura no evaluable para rangos térmicos""}]",1,0,True,GIAD-M3-S4-IOT-diagnostico-v7,1.1.0,edb7afe2f7fb836e59fe605d30c88b3b5b13a6d8ab2ec0b37f206a14e58de6bf,America/La_Paz,IOT-R028,2026-08-16T05:33:00Z,America/La_Paz,,SIN_TRATAMIENTO,CAM-24,True,IOT-R018:VALOR_CENTINELA,True,True,False,False,GIAD-M3-S4-IOT-tratamiento-v6
10286,2026-08-16 02:33:00,VIA-00429,ORD-2026-04991,CAM-24,PROD-013,-999.0,C,79.5,0,0,temperatura_cabina_c,1,IOT-R018,"[{""rule_id"": ""IOT-R018"", ""columna_afectada"": ""temperatura_cabina_c"", ""codigo_error"": ""VALOR_CENTINELA"", ""severidad"": ""CRITICAL"", ""accion"": ""CUARENTENA"", ""tipo_problema"": ""VALIDEZ"", ""dimension_calidad"": ""VALIDEZ"", ""valor_original"": ""-999.0"", ""detalle"": ""-999 es centinela: lectura no evaluable para rangos térmicos""}]",1,0,True,GIAD-M3-S4-IOT-diagnostico-v7,1.1.0,edb7afe2f7fb836e59fe605d30c88b3b5b13a6d8ab2ec0b37f206a14e58de6bf,America/La_Paz,IOT-R028,2026-08-16T06:33:00Z,America/La_Paz,,SIN_TRATAMIENTO,CAM-24,True,IOT-R018:VALOR_CENTINELA,True,True,False,False,GIAD-M3-S4-IOT-tratamiento-v6
10309,2026-08-03 14:12:00,VIA-00430,ORD-2026-02197,CAM-20,PROD-041,-18.14,C,,0,0,humedad_cabina_pct|camion_id,2,IOT-R019|IOT-R027,"[{""rule_id"": ""IOT-R019"", ""columna_afectada"": ""humedad_cabina_pct"", ""codigo_error"": ""FALTANTE"", ""severidad"": ""CRITICAL"", ""accion"": ""CUARENTENA"", ""tipo_problema"": ""FALTANTE"", ""dimension_calidad"": ""COMPLETITUD"", ""valor_original"": """", ""detalle"": ""Humedad vacía""}, {""rule_id"": ""IOT-R027"", ""columna_afectada"": ""camion_id"", ""codigo_error"": ""REFERENCIA_INEXISTENTE"", ""severidad"": ""WARNING"", ""accion"": ""REVISAR"", ""tipo_problema"": ""INTEGRIDAD"", ""dimension_calidad"": ""INTEGRIDAD"", ""valor_original"": ""CAM-20"", ""detalle"": ""Sin correspondencia en dimensión Silver de cobertura parcial; revisar, no inferir identificador inválido""}]",1,1,True,GIAD-M3-S4-IOT-diagnostico-v7,1.1.0,edb7afe2f7fb836e59fe605d30c88b3b5b13a6d8ab2ec0b37f206a14e58de6bf,America/La_Paz,IOT-R028,2026-08-03T18:12:00Z,America/La_Paz,-18.14,C_ORIGINAL,CAM-20,True,IOT-R019:FALTANTE,True,False,False,False,GIAD-M3-S4-IOT-tratamiento-v6
10372,2026-08-29 22:23:00,VIA-00433,ORD-2026-00959,CAM-10,PROD-023,,C,80.7,0,0,temperatura_cabina_c,1,IOT-R016,"[{""rule_id"": ""IOT-R016"", ""columna_afectada"": ""temperatura_cabina_c"", ""codigo_error"": ""FALTANTE"", ""severidad"": ""CRITICAL"", ""accion"": ""CUARENTENA"", ""tipo_problema"": ""FALTANTE"", ""dimension_calidad"": ""COMPLETITUD"", ""valor_original"": """", ""detalle"": ""Temperatura vacía""}]",1,0,True,GIAD-M3-S4-IOT-diagnostico-v7,1.1.0,edb7afe2f7fb836e59fe605d30c88b3b5b13a6d8ab2ec0b37f206a14e58de6bf,America/La_Paz,IOT-R028,2026-08-30T02:23:00Z,America/La_Paz,,SIN_TRATAMIENTO,CAM-10,True,IOT-R016:FALTANTE,True,True,False,False,GIAD-M3-S4-IOT-tratamiento-v6
10385,2026-08-30 04:53:00,VIA-00433,ORD-2026-00959,CAM-10,PROD-023,3.95,C,,0,0,humedad_cabina_pct,1,IOT-R019,"[{""rule_id"": ""IOT-R019"", ""columna_afectada"": ""humedad_cabina_pct"", ""codigo_error"": ""FALTANTE"", ""severidad"": ""CRITICAL"", ""accion"": ""CUARENTENA"", ""tipo_problema"": ""FALTANTE"", ""dimension_calidad"": ""COMPLETITUD"", ""valor_original"": """", ""detalle"": ""Humedad vacía""}]",1,0,True,GIAD-M3-S4-IOT-diagnostico-v7,1.1.0,edb7afe2f7fb836e59fe605d30c88b3b5b13a6d8ab2ec0b37f206a14e58de6bf,America/La_Paz,IOT-R028,2026-08-30T08:53:00Z,America/La_Paz,3.95,C_ORIGINAL,CAM-10,True,IOT-R019:FALTANTE,True,True,False,False,GIAD-M3-S4-IOT-tratamiento-v6
10404,2026-08-21 13:05:00,VIA-00434,ORD-2026-01323,CAM-08,PROD-008,-999.0,C,63.8,0,0,temperatura_cabina_c|producto_id,2,IOT-R018|IOT-R026,"[{""rule_id"": ""IOT-R018"", ""columna_afectada"": ""temperatura_cabina_c"", ""codigo_error"": ""VALOR_CENTINELA"", ""severidad"": ""CRITICAL"", ""accion"": ""CUARENTENA"", ""tipo_problema"": ""VALIDEZ"", ""dimension_calidad"": ""VALIDEZ"", ""valor_original"": ""-999.0"", ""detalle"": ""-999 es centinela: lectura no evaluable para rangos térmicos""}, {""rule_id"": ""IOT-R026"", ""columna_afectada"": ""producto_id"", ""codigo_error"": ""REFERENCIA_INEXISTENTE"", ""severidad"": ""WARNING"", ""accion"": ""REVISAR"", ""tipo_problema"": ""INTEGRIDAD"", ""dimension_calidad"": ""INTEGRIDAD"", ""valor_original"": ""PROD-008"", ""detalle"": ""Sin correspondencia en dimensión Silver de cobertura parcial; revisar, no inferir identificador inválido""}]",1,1,True,GIAD-M3-S4-IOT-diagnostico-v7,1.1.0,edb7afe2f7fb836e59fe605d30c88b3b5b13a6d8ab2ec0b37f206a14e58de6bf,America/La_Paz,IOT-R028,2026-08-21T17:05:00Z,America/La_Paz,,SIN_TRATAMIENTO,CAM-08,True,IOT-R018:VALOR_CENTINELA,False,True,False,False,GIAD-M3-S4-IOT-tratamiento-v6
10511,2026-08-17 10:34:00,VIA-00438,ORD-2026-04327,CAM-12,PROD-016,-999.0,C,46.0,0,0,temperatura_cabina_c|producto_id,2,IOT-R018|IOT-R026,"[{""rule_id"": ""IOT-R018"", ""columna_afectada"": ""temperatura_cabina_c"", ""codigo_error"": ""VALOR_CENTINELA"", ""severidad"": ""CRITICAL"", ""accion"": ""CUARENTENA"", ""tipo_problema"": ""VALIDEZ"", ""dimension_calidad"": ""VALIDEZ"", ""valor_original"": ""-999.0"", ""detalle"": ""-999 es centinela: lectura no evaluable para rangos térmicos""}, {""rule_id"": ""IOT-R026"", ""columna_afectada"": ""producto_id"", ""codigo_error"": ""REFERENCIA_INEXISTENTE"", ""severidad"": ""WARNING"", ""accion"": ""REVISAR"", ""tipo_problema"": ""INTEGRIDAD"", ""dimension_calidad"": ""INTEGRIDAD"", ""valor_original"": ""PROD-016"", ""detalle"": ""Sin correspondencia en dimensión Silver de cobertura parcial; revisar, no inferir identificador inválido""}]",1,1,True,GIAD-M3-S4-IOT-diagnostico-v7,1.1.0,edb7afe2f7fb836e59fe605d30c88b3b5b13a6d8ab2ec0b37f206a14e58de6bf,America/La_Paz,IOT-R028,2026-08-17T14:34:00Z,America/La_Paz,,SIN_TRATAMIENTO,CAM-12,True,IOT-R018:VALOR_CENTINELA,False,True,False,False,GIAD-M3-S4-IOT-tratamiento-v6
10599,2026-08-15 17:01:00,VIA-00442,ORD-2026-02381,CAM-24,PROD-059,19.58,C,,0,0,humedad_cabina_pct,1,IOT-R019,"[{""rule_id"": ""IOT-R019"", ""columna_afectada"": ""humedad_cabina_pct"", ""codigo_error"": ""FALTANTE"", ""severidad"": ""CRITICAL"", ""accion"": ""CUARENTENA"", ""tipo_problema"": ""FALTANTE"", ""dimension_calidad"": ""COMPLETITUD"", ""valor_original"": """", ""detalle"": ""Humedad vacía""}]",1,0,True,GIAD-M3-S4-IOT-diagnostico-v7,1.1.0,edb7afe2f7fb836e59fe605d30c88b3b5b13a6d8ab2ec0b37f206a14e58de6bf,America/La_Paz,IOT-R028,2026-08-15T21:01:00Z,America/La_Paz,19.58,C_ORIGINAL,CAM-24,True,IOT-R019:FALTANTE,True,True,False,False,GIAD-M3-S4-IOT-tratamiento-v6
10687,2026-08-08 19:43:00,VIA-00446,ORD-2026-04726,CAM-08,PROD-008,-999.0,C,75.9,0,0,temperatura_cabina_c|producto_id,2,IOT-R018|IOT-R026,"[{""rule_id"": ""IOT-R018"", ""columna_afectada"": ""temperatura_cabina_c"", ""codigo_error"": ""VALOR_CENTINELA"", ""severidad"": ""CRITICAL"", ""accion"": ""CUARENTENA"", ""tipo_problema"": ""VALIDEZ"", ""dimension_calidad"": ""VALIDEZ"", ""valor_original"": ""-999.0"", ""detalle"": ""-999 es centinela: lectura no evaluable para rangos térmicos""}, {""rule_id"": ""IOT-R026"", ""columna_afectada"": ""producto_id"", ""codigo_error"": ""REFERENCIA_INEXISTENTE"", ""severidad"": ""WARNING"", ""accion"": ""REVISAR"", ""tipo_problema"": ""INTEGRIDAD"", ""dimension_calidad"": ""INTEGRIDAD"", ""valor_original"": ""PROD-008"", ""detalle"": ""Sin correspondencia en dimensión Silver de cobertura parcial; revisar, no inferir identificador inválido""}]",1,1,True,GIAD-M3-S4-IOT-diagnostico-v7,1.1.0,edb7afe2f7fb836e59fe605d30c88b3b5b13a6d8ab2ec0b37f206a14e58de6bf,America/La_Paz,IOT-R028,2026-08-08T23:43:00Z,America/La_Paz,,SIN_TRATAMIENTO,CAM-08,True,IOT-R018:VALOR_CENTINELA,False,True,False,False,GIAD-M3-S4-IOT-tratamiento-v6
10714,2026-08-19 19:17:00,VIA-00447,ORD-2026-05229,CAM-28,PROD-054,-17.36,C,,0,0,humedad_cabina_pct,1,IOT-R019,"[{""rule_id"": ""IOT-R019"", ""columna_afectada"": ""humedad_cabina_pct"", ""codigo_error"": ""FALTANTE"", ""severidad"": ""CRITICAL"", ""accion"": ""CUARENTENA"", ""tipo_problema"": ""FALTANTE"", ""dimension_calidad"": ""COMPLETITUD"", ""valor_original"": """", ""detalle"": ""Humedad vacía""}]",1,0,True,GIAD-M3-S4-IOT-diagnostico-v7,1.1.0,edb7afe2f7fb836e59fe605d30c88b3b5b13a6d8ab2ec0b37f206a14e58de6bf,America/La_Paz,IOT-R028,2026-08-19T23:17:00Z,America/La_Paz,-17.36,C_ORIGINAL,CAM-28,True,IOT-R019:FALTANTE,True,True,False,False,GIAD-M3-S4-IOT-tratamiento-v6
10945,2026-08-19 10:13:00,VIA-00457,ORD-2026-01549,CAM-23,PROD-020,-999.0,C,36.9,0,0,temperatura_cabina_c,1,IOT-R018,"[{""rule_id"": ""IOT-R018"", ""columna_afectada"": ""temperatura_cabina_c"", ""codigo_error"": ""VALOR_CENTINELA"", ""severidad"": ""CRITICAL"", ""accion"": ""CUARENTENA"", ""tipo_problema"": ""VALIDEZ"", ""dimension_calidad"": ""VALIDEZ"", ""valor_original"": ""-999.0"", ""detalle"": ""-999 es centinela: lectura no evaluable para rangos térmicos""}]",1,0,True,GIAD-M3-S4-IOT-diagnostico-v7,1.1.0,edb7afe2f7fb836e59fe605d30c88b3b5b13a6d8ab2ec0b37f206a14e58de6bf,America/La_Paz,IOT-R028,2026-08-19T14:13:00Z,America/La_Paz,,SIN_TRATAMIENTO,CAM-23,True,IOT-R018:VALOR_CENTINELA,True,True,False,False,GIAD-M3-S4-IOT-tratamiento-v6
11002,2026-08-24 07:51:00,VIA-00459,ORD-2026-07455,CAM-09,PROD-012,20.06,C,,0,0,humedad_cabina_pct,1,IOT-R019,"[{""rule_id"": ""IOT-R019"", ""columna_afectada"": ""humedad_cabina_pct"", ""codigo_error"": ""FALTANTE"", ""severidad"": ""CRITICAL"", ""accion"": ""CUARENTENA"", ""tipo_problema"": ""FALTANTE"", ""dimension_calidad"": ""COMPLETITUD"", ""valor_original"": """", ""detalle"": ""Humedad vacía""}]",1,0,True,GIAD-M3-S4-IOT-diagnostico-v7,1.1.0,edb7afe2f7fb836e59fe605d30c88b3b5b13a6d8ab2ec0b37f206a14e58de6bf,America/La_Paz,IOT-R028,2026-08-24T11:51:00Z,America/La_Paz,20.06,C_ORIGINAL,CAM-09,True,IOT-R019:FALTANTE,True,True,False,False,GIAD-M3-S4-IOT-tratamiento-v6
11158,2026-08-25 03:25:00,VIA-00465,ORD-2026-03454,CAM-04,PROD-002,-999.0,C,49.5,0,0,temperatura_cabina_c,1,IOT-R018,"[{""rule_id"": ""IOT-R018"", ""columna_afectada"": ""temperatura_cabina_c"", ""codigo_error"": ""VALOR_CENTINELA"", ""severidad"": ""CRITICAL"", ""accion"": ""CUARENTENA"", ""tipo_problema"": ""VALIDEZ"", ""dimension_calidad"": ""VALIDEZ"", ""valor_original"": ""-999.0"", ""detalle"": ""-999 es centinela: lectura no evaluable para rangos térmicos""}]",1,0,True,GIAD-M3-S4-IOT-diagnostico-v7,1.1.0,edb7afe2f7fb836e59fe605d30c88b3b5b13a6d8ab2ec0b37f206a14e58de6bf,America/La_Paz,IOT-R028,2026-08-25T07:25:00Z,America/La_Paz,,SIN_TRATAMIENTO,CAM-04,True,IOT-R018:VALOR_CENTINELA,True,True,False,False,GIAD-M3-S4-IOT-tratamiento-v6
11185,2026-08-15 09:38:00,VIA-00467,ORD-2026-07428,CAM-26,PROD-053,4.62,C,,0,0,humedad_cabina_pct,1,IOT-R019,"[{""rule_id"": ""IOT-R019"", ""columna_afectada"": ""humedad_cabina_pct"", ""codigo_error"": ""FALTANTE"", ""severidad"": ""CRITICAL"", ""accion"": ""CUARENTENA"", ""tipo_problema"": ""FALTANTE"", ""dimension_calidad"": ""COMPLETITUD"", ""valor_original"": """", ""detalle"": ""Humedad vacía""}]",1,0,True,GIAD-M3-S4-IOT-diagnostico-v7,1.1.0,edb7afe2f7fb836e59fe605d30c88b3b5b13a6d8ab2ec0b37f206a14e58de6bf,America/La_Paz,IOT-R028,2026-08-15T13:38:00Z,America/La_Paz,4.62,C_ORIGINAL,CAM-26,True,IOT-R019:FALTANTE,True,True,False,False,GIAD-M3-S4-IOT-tratamiento-v6
11242,2026-08-19 02:23:00,VIA-00469,ORD-2026-01442,CAM-27,PROD-057,19.77,C,,0,0,humedad_cabina_pct,1,IOT-R019,"[{""rule_id"": ""IOT-R019"", ""columna_afectada"": ""humedad_cabina_pct"", ""codigo_error"": ""FALTANTE"", ""severidad"": ""CRITICAL"", ""accion"": ""CUARENTENA"", ""tipo_problema"": ""FALTANTE"", ""dimension_calidad"": ""COMPLETITUD"", ""valor_original"": """", ""detalle"": ""Humedad vacía""}]",1,0,True,GIAD-M3-S4-IOT-diagnostico-v7,1.1.0,edb7afe2f7fb836e59fe605d30c88b3b5b13a6d8ab2ec0b37f206a14e58de6bf,America/La_Paz,IOT-R028,2026-08-19T06:23:00Z,America/La_Paz,19.77,C_ORIGINAL,CAM-27,True,IOT-R019:FALTANTE,True,True,False,False,GIAD-M3-S4-IOT-tratamiento-v6
11257,2026-08-30 03:12:00,VIA-00470,ORD-2026-00187,CAM-11,PROD-035,-999.0,C,75.7,0,0,temperatura_cabina_c,1,IOT-R018,"[{""rule_id"": ""IOT-R018"", ""columna_afectada"": ""temperatura_cabina_c"", ""codigo_error"": ""VALOR_CENTINELA"", ""severidad"": ""CRITICAL"", ""accion"": ""CUARENTENA"", ""tipo_problema"": ""VALIDEZ"", ""dimension_calidad"": ""VALIDEZ"", ""valor_original"": ""-999.0"", ""detalle"": ""-999 es centinela: lectura no evaluable para rangos térmicos""}]",1,0,True,GIAD-M3-S4-IOT-diagnostico-v7,1.1.0,edb7afe2f7fb836e59fe605d30c88b3b5b13a6d8ab2ec0b37f206a14e58de6bf,America/La_Paz,IOT-R028,2026-08-30T07:12:00Z,America/La_Paz,,SIN_TRATAMIENTO,CAM-11,True,IOT-R018:VALOR_CENTINELA,True,True,False,False,GIAD-M3-S4-IOT-tratamiento-v6
11359,2026-08-10 04:36:00,VIA-00474,ORD-2026-05908,CAM-22,PROD-060,-999.0,C,54.3,0,0,temperatura_cabina_c,1,IOT-R018,"[{""rule_id"": ""IOT-R018"", ""columna_afectada"": ""temperatura_cabina_c"", ""codigo_error"": ""VALOR_CENTINELA"", ""severidad"": ""CRITICAL"", ""accion"": ""CUARENTENA"", ""tipo_problema"": ""VALIDEZ"", ""dimension_calidad"": ""VALIDEZ"", ""valor_original"": ""-999.0"", ""detalle"": ""-999 es centinela: lectura no evaluable para rangos térmicos""}]",1,0,True,GIAD-M3-S4-IOT-diagnostico-v7,1.1.0,edb7afe2f7fb836e59fe605d30c88b3b5b13a6d8ab2ec0b37f206a14e58de6bf,America/La_Paz,IOT-R028,2026-08-10T08:36:00Z,America/La_Paz,,SIN_TRATAMIENTO,CAM-22,True,IOT-R018:VALOR_CENTINELA,True,True,False,False,GIAD-M3-S4-IOT-tratamiento-v6
11375,2026-08-10 12:36:00,VIA-00474,ORD-2026-05908,CAM-22,PROD-060,-17.16,C,,0,0,humedad_cabina_pct,1,IOT-R019,"[{""rule_id"": ""IOT-R019"", ""columna_afectada"": ""humedad_cabina_pct"", ""codigo_error"": ""FALTANTE"", ""severidad"": ""CRITICAL"", ""accion"": ""CUARENTENA"", ""tipo_problema"": ""FALTANTE"", ""dimension_calidad"": ""COMPLETITUD"", ""valor_original"": """", ""detalle"": ""Humedad vacía""}]",1,0,True,GIAD-M3-S4-IOT-diagnostico-v7,1.1.0,edb7afe2f7fb836e59fe605d30c88b3b5b13a6d8ab2ec0b37f206a14e58de6bf,America/La_Paz,IOT-R028,2026-08-10T16:36:00Z,America/La_Paz,-17.16,C_ORIGINAL,CAM-22,True,IOT-R019:FALTANTE,True,True,False,False,GIAD-M3-S4-IOT-tratamiento-v6
11387,2026-08-27 20:42:00,VIA-00475,ORD-2026-01792,CAM-03,PROD-016,,C,43.1,0,0,temperatura_cabina_c|producto_id,2,IOT-R016|IOT-R026,"[{""rule_id"": ""IOT-R016"", ""columna_afectada"": ""temperatura_cabina_c"", ""codigo_error"": ""FALTANTE"", ""severidad"": ""CRITICAL"", ""accion"": ""CUARENTENA"", ""tipo_problema"": ""FALTANTE"", ""dimension_calidad"": ""COMPLETITUD"", ""valor_original"": """", ""detalle"": ""Temperatura vacía""}, {""rule_id"": ""IOT-R026"", ""columna_afectada"": ""producto_id"", ""codigo_error"": ""REFERENCIA_INEXISTENTE"", ""severidad"": ""WARNING"", ""accion"": ""REVISAR"", ""tipo_problema"": ""INTEGRIDAD"", ""dimension_calidad"": ""INTEGRIDAD"", ""valor_original"": ""PROD-016"", ""detalle"": ""Sin correspondencia en dimensión Silver de cobertura parcial; revisar, no inferir identificador inválido""}]",1,1,True,GIAD-M3-S4-IOT-diagnostico-v7,1.1.0,edb7afe2f7fb836e59fe605d30c88b3b5b13a6d8ab2ec0b37f206a14e58de6bf,America/La_Paz,IOT-R028,2026-08-28T00:42:00Z,America/La_Paz,,SIN_TRATAMIENTO,CAM-03,True,IOT-R016:FALTANTE,False,True,False,False,GIAD-M3-S4-IOT-tratamiento-v6
11464,2026-08-03 20:26:00,VIA-00478,ORD-2026-00466,CAM-26,PROD-013,4.58,C,,0,0,humedad_cabina_pct,1,IOT-R019,"[{""rule_id"": ""IOT-R019"", ""columna_afectada"": ""humedad_cabina_pct"", ""codigo_error"": ""FALTANTE"", ""severidad"": ""CRITICAL"", ""accion"": ""CUARENTENA"", ""tipo_problema"": ""FALTANTE"", ""dimension_calidad"": ""COMPLETITUD"", ""valor_original"": """", ""detalle"": ""Humedad vacía""}]",1,0,True,GIAD-M3-S4-IOT-diagnostico-v7,1.1.0,edb7afe2f7fb836e59fe605d30c88b3b5b13a6d8ab2ec0b37f206a14e58de6bf,America/La_Paz,IOT-R028,2026-08-04T00:26:00Z,America/La_Paz,4.58,C_ORIGINAL,CAM-26,True,IOT-R019:FALTANTE,True,True,False,False,GIAD-M3-S4-IOT-tratamiento-v6
11594,2026-08-11 00:02:00,VIA-00484,ORD-2026-04669,CAM-24,PROD-041,-999.0,C,80.7,0,0,temperatura_cabina_c,1,IOT-R018,"[{""rule_id"": ""IOT-R018"", ""columna_afectada"": ""temperatura_cabina_c"", ""codigo_error"": ""VALOR_CENTINELA"", ""severidad"": ""CRITICAL"", ""accion"": ""CUARENTENA"", ""tipo_problema"": ""VALIDEZ"", ""dimension_calidad"": ""VALIDEZ"", ""valor_original"": ""-999.0"", ""detalle"": ""-999 es centinela: lectura no evaluable para rangos térmicos""}]",1,0,True,GIAD-M3-S4-IOT-diagnostico-v7,1.1.0,edb7afe2f7fb836e59fe605d30c88b3b5b13a6d8ab2ec0b37f206a14e58de6bf,America/La_Paz,IOT-R028,2026-08-11T04:02:00Z,America/La_Paz,,SIN_TRATAMIENTO,CAM-24,True,IOT-R018:VALOR_CENTINELA,True,True,False,False,GIAD-M3-S4-IOT-tratamiento-v6
11804,2026-08-02 18:49:00,VIA-00492,ORD-2026-01737,CAM-20,PROD-023,2.32,C,,0,0,humedad_cabina_pct|camion_id,2,IOT-R019|IOT-R027,"[{""rule_id"": ""IOT-R019"", ""columna_afectada"": ""humedad_cabina_pct"", ""codigo_error"": ""FALTANTE"", ""severidad"": ""CRITICAL"", ""accion"": ""CUARENTENA"", ""tipo_problema"": ""FALTANTE"", ""dimension_calidad"": ""COMPLETITUD"", ""valor_original"": """", ""detalle"": ""Humedad vacía""}, {""rule_id"": ""IOT-R027"", ""columna_afectada"": ""camion_id"", ""codigo_error"": ""REFERENCIA_INEXISTENTE"", ""severidad"": ""WARNING"", ""accion"": ""REVISAR"", ""tipo_problema"": ""INTEGRIDAD"", ""dimension_calidad"": ""INTEGRIDAD"", ""valor_original"": ""CAM-20"", ""detalle"": ""Sin correspondencia en dimensión Silver de cobertura parcial; revisar, no inferir identificador inválido""}]",1,1,True,GIAD-M3-S4-IOT-diagnostico-v7,1.1.0,edb7afe2f7fb836e59fe605d30c88b3b5b13a6d8ab2ec0b37f206a14e58de6bf,America/La_Paz,IOT-R028,2026-08-02T22:49:00Z,America/La_Paz,2.32,C_ORIGINAL,CAM-20,True,IOT-R019:FALTANTE,True,False,False,False,GIAD-M3-S4-IOT-tratamiento-v6
11822,2026-08-01 15:05:00,VIA-00493,ORD-2026-00167,CAM-25,PROD-008,,C,71.6,0,0,temperatura_cabina_c|producto_id,2,IOT-R016|IOT-R026,"[{""rule_id"": ""IOT-R016"", ""columna_afectada"": ""temperatura_cabina_c"", ""codigo_error"": ""FALTANTE"", ""severidad"": ""CRITICAL"", ""accion"": ""CUARENTENA"", ""tipo_problema"": ""FALTANTE"", ""dimension_calidad"": ""COMPLETITUD"", ""valor_original"": """", ""detalle"": ""Temperatura vacía""}, {""rule_id"": ""IOT-R026"", ""columna_afectada"": ""producto_id"", ""codigo_error"": ""REFERENCIA_INEXISTENTE"", ""severidad"": ""WARNING"", ""accion"": ""REVISAR"", ""tipo_problema"": ""INTEGRIDAD"", ""dimension_calidad"": ""INTEGRIDAD"", ""valor_original"": ""PROD-008"", ""detalle"": ""Sin correspondencia en dimensión Silver de cobertura parcial; revisar, no inferir identificador inválido""}]",1,1,True,GIAD-M3-S4-IOT-diagnostico-v7,1.1.0,edb7afe2f7fb836e59fe605d30c88b3b5b13a6d8ab2ec0b37f206a14e58de6bf,America/La_Paz,IOT-R028,2026-08-01T19:05:00Z,America/La_Paz,,SIN_TRATAMIENTO,CAM-25,True,IOT-R016:FALTANTE,False,True,False,False,GIAD-M3-S4-IOT-tratamiento-v6
11926,2026-08-16 15:25:00,VIA-00497,ORD-2026-02619,CAM-03,PROD-033,,C,57.7,0,0,temperatura_cabina_c,1,IOT-R016,"[{""rule_id"": ""IOT-R016"", ""columna_afectada"": ""temperatura_cabina_c"", ""codigo_error"": ""FALTANTE"", ""severidad"": ""CRITICAL"", ""accion"": ""CUARENTENA"", ""tipo_problema"": ""FALTANTE"", ""dimension_calidad"": ""COMPLETITUD"", ""valor_original"": """", ""detalle"": ""Temperatura vacía""}]",1,0,True,GIAD-M3-S4-IOT-diagnostico-v7,1.1.0,edb7afe2f7fb836e59fe605d30c88b3b5b13a6d8ab2ec0b37f206a14e58de6bf,America/La_Paz,IOT-R028,2026-08-16T19:25:00Z,America/La_Paz,,SIN_TRATAMIENTO,CAM-03,True,IOT-R016:FALTANTE,True,True,False,False,GIAD-M3-S4-IOT-tratamiento-v6
12053,2026-08-28 22:41:00,VIA-00503,ORD-2026-01320,CAM-20,PROD-043,-999.0,C,59.1,0,0,temperatura_cabina_c|camion_id,2,IOT-R018|IOT-R027,"[{""rule_id"": ""IOT-R018"", ""columna_afectada"": ""temperatura_cabina_c"", ""codigo_error"": ""VALOR_CENTINELA"", ""severidad"": ""CRITICAL"", ""accion"": ""CUARENTENA"", ""tipo_problema"": ""VALIDEZ"", ""dimension_calidad"": ""VALIDEZ"", ""valor_original"": ""-999.0"", ""detalle"": ""-999 es centinela: lectura no evaluable para rangos térmicos""}, {""rule_id"": ""IOT-R027"", ""columna_afectada"": ""camion_id"", ""codigo_error"": ""REFERENCIA_INEXISTENTE"", ""severidad"": ""WARNING"", ""accion"": ""REVISAR"", ""tipo_problema"": ""INTEGRIDAD"", ""dimension_calidad"": ""INTEGRIDAD"", ""valor_original"": ""CAM-20"", ""detalle"": ""Sin correspondencia en dimensión Silver de cobertura parcial; revisar, no inferir identificador inválido""}]",1,1,True,GIAD-M3-S4-IOT-diagnostico-v7,1.1.0,edb7afe2f7fb836e59fe605d30c88b3b5b13a6d8ab2ec0b37f206a14e58de6bf,America/La_Paz,IOT-R028,2026-08-29T02:41:00Z,America/La_Paz,,SIN_TRATAMIENTO,CAM-20,True,IOT-R018:VALOR_CENTINELA,True,False,False,False,GIAD-M3-S4-IOT-tratamiento-v6
12097,2026-08-11 07:38:00,VIA-00505,ORD-2026-02549,CAM-23,PROD-029,-999.0,C,45.0,0,0,temperatura_cabina_c,1,IOT-R018,"[{""rule_id"": ""IOT-R018"", ""columna_afectada"": ""temperatura_cabina_c"", ""codigo_error"": ""VALOR_CENTINELA"", ""severidad"": ""CRITICAL"", ""accion"": ""CUARENTENA"", ""tipo_problema"": ""VALIDEZ"", ""dimension_calidad"": ""VALIDEZ"", ""valor_original"": ""-999.0"", ""detalle"": ""-999 es centinela: lectura no evaluable para rangos térmicos""}]",1,0,True,GIAD-M3-S4-IOT-diagnostico-v7,1.1.0,edb7afe2f7fb836e59fe605d30c88b3b5b13a6d8ab2ec0b37f206a14e58de6bf,America/La_Paz,IOT-R028,2026-08-11T11:38:00Z,America/La_Paz,,SIN_TRATAMIENTO,CAM-23,True,IOT-R018:VALOR_CENTINELA,True,True,False,False,GIAD-M3-S4-IOT-tratamiento-v6
12198,2026-08-11 11:33:00,VIA-00509,ORD-2026-05559,CAM-27,PROD-030,-999.0,C,47.4,0,0,temperatura_cabina_c,1,IOT-R018,"[{""rule_id"": ""IOT-R018"", ""columna_afectada"": ""temperatura_cabina_c"", ""codigo_error"": ""VALOR_CENTINELA"", ""severidad"": ""CRITICAL"", ""accion"": ""CUARENTENA"", ""tipo_problema"": ""VALIDEZ"", ""dimension_calidad"": ""VALIDEZ"", ""valor_original"": ""-999.0"", ""detalle"": ""-999 es centinela: lectura no evaluable para rangos térmicos""}]",1,0,True,GIAD-M3-S4-IOT-diagnostico-v7,1.1.0,edb7afe2f7fb836e59fe605d30c88b3b5b13a6d8ab2ec0b37f206a14e58de6bf,America/La_Paz,IOT-R028,2026-08-11T15:33:00Z,America/La_Paz,,SIN_TRATAMIENTO,CAM-27,True,IOT-R018:VALOR_CENTINELA,True,True,False,False,GIAD-M3-S4-IOT-tratamiento-v6
12450,2026-08-24 08:40:00,VIA-00519,ORD-2026-03330,CAM-26,PROD-003,19.63,C,,0,0,humedad_cabina_pct,1,IOT-R019,"[{""rule_id"": ""IOT-R019"", ""columna_afectada"": ""humedad_cabina_pct"", ""codigo_error"": ""FALTANTE"", ""severidad"": ""CRITICAL"", ""accion"": ""CUARENTENA"", ""tipo_problema"": ""FALTANTE"", ""dimension_calidad"": ""COMPLETITUD"", ""valor_original"": """", ""detalle"": ""Humedad vacía""}]",1,0,True,GIAD-M3-S4-IOT-diagnostico-v7,1.1.0,edb7afe2f7fb836e59fe605d30c88b3b5b13a6d8ab2ec0b37f206a14e58de6bf,America/La_Paz,IOT-R028,2026-08-24T12:40:00Z,America/La_Paz,19.63,C_ORIGINAL,CAM-26,True,IOT-R019:FALTANTE,True,True,False,False,GIAD-M3-S4-IOT-tratamiento-v6
12678,2026-08-05 13:15:00,VIA-00529,ORD-2026-05310,CAM-09,PROD-028,,C,47.0,0,0,temperatura_cabina_c|producto_id,2,IOT-R016|IOT-R026,"[{""rule_id"": ""IOT-R016"", ""columna_afectada"": ""temperatura_cabina_c"", ""codigo_error"": ""FALTANTE"", ""severidad"": ""CRITICAL"", ""accion"": ""CUARENTENA"", ""tipo_problema"": ""FALTANTE"", ""dimension_calidad"": ""COMPLETITUD"", ""valor_original"": """", ""detalle"": ""Temperatura vacía""}, {""rule_id"": ""IOT-R026"", ""columna_afectada"": ""producto_id"", ""codigo_error"": ""REFERENCIA_INEXISTENTE"", ""severidad"": ""WARNING"", ""accion"": ""REVISAR"", ""tipo_problema"": ""INTEGRIDAD"", ""dimension_calidad"": ""INTEGRIDAD"", ""valor_original"": ""PROD-028"", ""detalle"": ""Sin correspondencia en dimensión Silver de cobertura parcial; revisar, no inferir identificador inválido""}]",1,1,True,GIAD-M3-S4-IOT-diagnostico-v7,1.1.0,edb7afe2f7fb836e59fe605d30c88b3b5b13a6d8ab2ec0b37f206a14e58de6bf,America/La_Paz,IOT-R028,2026-08-05T17:15:00Z,America/La_Paz,,SIN_TRATAMIENTO,CAM-09,True,IOT-R016:FALTANTE,False,True,False,False,GIAD-M3-S4-IOT-tratamiento-v6
12695,2026-08-05 21:45:00,VIA-00529,ORD-2026-05310,CAM-09,PROD-028,-999.0,C,56.9,0,0,temperatura_cabina_c|producto_id,2,IOT-R018|IOT-R026,"[{""rule_id"": ""IOT-R018"", ""columna_afectada"": ""temperatura_cabina_c"", ""codigo_error"": ""VALOR_CENTINELA"", ""severidad"": ""CRITICAL"", ""accion"": ""CUARENTENA"", ""tipo_problema"": ""VALIDEZ"", ""dimension_calidad"": ""VALIDEZ"", ""valor_original"": ""-999.0"", ""detalle"": ""-999 es centinela: lectura no evaluable para rangos térmicos""}, {""rule_id"": ""IOT-R026"", ""columna_afectada"": ""producto_id"", ""codigo_error"": ""REFERENCIA_INEXISTENTE"", ""severidad"": ""WARNING"", ""accion"": ""REVISAR"", ""tipo_problema"": ""INTEGRIDAD"", ""dimension_calidad"": ""INTEGRIDAD"", ""valor_original"": ""PROD-028"", ""detalle"": ""Sin correspondencia en dimensión Silver de cobertura parcial; revisar, no inferir identificador inválido""}]",1,1,True,GIAD-M3-S4-IOT-diagnostico-v7,1.1.0,edb7afe2f7fb836e59fe605d30c88b3b5b13a6d8ab2ec0b37f206a14e58de6bf,America/La_Paz,IOT-R028,2026-08-06T01:45:00Z,America/La_Paz,,SIN_TRATAMIENTO,CAM-09,True,IOT-R018:VALOR_CENTINELA,False,True,False,False,GIAD-M3-S4-IOT-tratamiento-v6
12757,2026-08-30 22:23:00,VIA-00532,ORD-2026-04733,CAM-23,PROD-019,,C,56.2,0,0,temperatura_cabina_c,1,IOT-R016,"[{""rule_id"": ""IOT-R016"", ""columna_afectada"": ""temperatura_cabina_c"", ""codigo_error"": ""FALTANTE"", ""severidad"": ""CRITICAL"", ""accion"": ""CUARENTENA"", ""tipo_problema"": ""FALTANTE"", ""dimension_calidad"": ""COMPLETITUD"", ""valor_original"": """", ""detalle"": ""Temperatura vacía""}]",1,0,True,GIAD-M3-S4-IOT-diagnostico-v7,1.1.0,edb7afe2f7fb836e59fe605d30c88b3b5b13a6d8ab2ec0b37f206a14e58de6bf,America/La_Paz,IOT-R028,2026-08-31T02:23:00Z,America/La_Paz,,SIN_TRATAMIENTO,CAM-23,True,IOT-R016:FALTANTE,True,True,False,False,GIAD-M3-S4-IOT-tratamiento-v6
12771,2026-08-09 21:15:00,VIA-00533,ORD-2026-06751,CAM-11,PROD-017,,C,49.3,0,0,temperatura_cabina_c,1,IOT-R016,"[{""rule_id"": ""IOT-R016"", ""columna_afectada"": ""temperatura_cabina_c"", ""codigo_error"": ""FALTANTE"", ""severidad"": ""CRITICAL"", ""accion"": ""CUARENTENA"", ""tipo_problema"": ""FALTANTE"", ""dimension_calidad"": ""COMPLETITUD"", ""valor_original"": """", ""detalle"": ""Temperatura vacía""}]",1,0,True,GIAD-M3-S4-IOT-diagnostico-v7,1.1.0,edb7afe2f7fb836e59fe605d30c88b3b5b13a6d8ab2ec0b37f206a14e58de6bf,America/La_Paz,IOT-R028,2026-08-10T01:15:00Z,America/La_Paz,,SIN_TRATAMIENTO,CAM-11,True,IOT-R016:FALTANTE,True,True,False,False,GIAD-M3-S4-IOT-tratamiento-v6
12774,2026-08-09 22:45:00,VIA-00533,ORD-2026-06751,CAM-11,PROD-017,-999.0,C,50.6,0,0,temperatura_cabina_c,1,IOT-R018,"[{""rule_id"": ""IOT-R018"", ""columna_afectada"": ""temperatura_cabina_c"", ""codigo_error"": ""VALOR_CENTINELA"", ""severidad"": ""CRITICAL"", ""accion"": ""CUARENTENA"", ""tipo_problema"": ""VALIDEZ"", ""dimension_calidad"": ""VALIDEZ"", ""valor_original"": ""-999.0"", ""detalle"": ""-999 es centinela: lectura no evaluable para rangos térmicos""}]",1,0,True,GIAD-M3-S4-IOT-diagnostico-v7,1.1.0,edb7afe2f7fb836e59fe605d30c88b3b5b13a6d8ab2ec0b37f206a14e58de6bf,America/La_Paz,IOT-R028,2026-08-10T02:45:00Z,America/La_Paz,,SIN_TRATAMIENTO,CAM-11,True,IOT-R018:VALOR_CENTINELA,True,True,False,False,GIAD-M3-S4-IOT-tratamiento-v6
12917,2026-08-07 19:52:00,VIA-00539,ORD-2026-01406,CAM-12,PROD-041,-999.0,C,75.7,0,0,temperatura_cabina_c,1,IOT-R018,"[{""rule_id"": ""IOT-R018"", ""columna_afectada"": ""temperatura_cabina_c"", ""codigo_error"": ""VALOR_CENTINELA"", ""severidad"": ""CRITICAL"", ""accion"": ""CUARENTENA"", ""tipo_problema"": ""VALIDEZ"", ""dimension_calidad"": ""VALIDEZ"", ""valor_original"": ""-999.0"", ""detalle"": ""-999 es centinela: lectura no evaluable para rangos térmicos""}]",1,0,True,GIAD-M3-S4-IOT-diagnostico-v7,1.1.0,edb7afe2f7fb836e59fe605d30c88b3b5b13a6d8ab2ec0b37f206a14e58de6bf,America/La_Paz,IOT-R028,2026-08-07T23:52:00Z,America/La_Paz,,SIN_TRATAMIENTO,CAM-12,True,IOT-R018:VALOR_CENTINELA,True,True,False,False,GIAD-M3-S4-IOT-tratamiento-v6
12964,2026-08-12 13:22:00,VIA-00541,ORD-2026-07125,CAM-04,PROD-055,21.72,C,,0,0,humedad_cabina_pct,1,IOT-R019,"[{""rule_id"": ""IOT-R019"", ""columna_afectada"": ""humedad_cabina_pct"", ""codigo_error"": ""FALTANTE"", ""severidad"": ""CRITICAL"", ""accion"": ""CUARENTENA"", ""tipo_problema"": ""FALTANTE"", ""dimension_calidad"": ""COMPLETITUD"", ""valor_original"": """", ""detalle"": ""Humedad vacía""}]",1,0,True,GIAD-M3-S4-IOT-diagnostico-v7,1.1.0,edb7afe2f7fb836e59fe605d30c88b3b5b13a6d8ab2ec0b37f206a14e58de6bf,America/La_Paz,IOT-R028,2026-08-12T17:22:00Z,America/La_Paz,21.72,C_ORIGINAL,CAM-04,True,IOT-R019:FALTANTE,True,True,False,False,GIAD-M3-S4-IOT-tratamiento-v6
13029,2026-02-31 09:15:00,VIA-00543,ORD-2026-03706,CAM-24,PROD-031,16.59,C,46.4,0,0,timestamp|producto_id,2,IOT-R002|IOT-R026,"[{""rule_id"": ""IOT-R002"", ""columna_afectada"": ""timestamp"", ""codigo_error"": ""FECHA_INVALIDA"", ""severidad"": ""CRITICAL"", ""accion"": ""CUARENTENA"", ""tipo_problema"": ""FORMATO"", ""dimension_calidad"": ""CONFORMIDAD"", ""valor_original"": ""2026-02-31 09:15:00"", ""detalle"": ""Formato incorrecto o fecha imposible""}, {""rule_id"": ""IOT-R026"", ""columna_afectada"": ""producto_id"", ""codigo_error"": ""REFERENCIA_INEXISTENTE"", ""severidad"": ""WARNING"", ""accion"": ""REVISAR"", ""tipo_problema"": ""INTEGRIDAD"", ""dimension_calidad"": ""INTEGRIDAD"", ""valor_original"": ""PROD-031"", ""detalle"": ""Sin correspondencia en dimensión Silver de cobertura parcial; revisar, no inferir identificador inválido""}]",1,1,True,GIAD-M3-S4-IOT-diagnostico-v7,1.1.0,edb7afe2f7fb836e59fe605d30c88b3b5b13a6d8ab2ec0b37f206a14e58de6bf,America/La_Paz,IOT-R028,,America/La_Paz,16.59,C_ORIGINAL,CAM-24,True,IOT-R002:FECHA_INVALIDA,False,True,False,False,GIAD-M3-S4-IOT-tratamiento-v6
13055,2026-08-13 04:23:00,VIA-00544,ORD-2026-02077,CAM-08,PROD-019,19.81,C,-52.1,0,0,humedad_cabina_pct,1,IOT-R021,"[{""rule_id"": ""IOT-R021"", ""columna_afectada"": ""humedad_cabina_pct"", ""codigo_error"": ""FUERA_RANGO"", ""severidad"": ""CRITICAL"", ""accion"": ""CUARENTENA"", ""tipo_problema"": ""VALIDEZ"", ""dimension_calidad"": ""VALIDEZ"", ""valor_original"": ""-52.1"", ""detalle"": ""Humedad fuera de 0 a 100%""}]",1,0,True,GIAD-M3-S4-IOT-diagnostico-v7,1.1.0,edb7afe2f7fb836e59fe605d30c88b3b5b13a6d8ab2ec0b37f206a14e58de6bf,America/La_Paz,IOT-R028,2026-08-13T08:23:00Z,America/La_Paz,19.81,C_ORIGINAL,CAM-08,True,IOT-R021:FUERA_RANGO,True,True,False,False,GIAD-M3-S4-IOT-tratamiento-v6
13112,2026-08-01 20:37:00,VIA-00547,ORD-2026-04094,CAM-30,PROD-028,-999.0,C,51.1,0,0,temperatura_cabina_c|producto_id|camion_id,3,IOT-R018|IOT-R026|IOT-R027,"[{""rule_id"": ""IOT-R018"", ""columna_afectada"": ""temperatura_cabina_c"", ""codigo_error"": ""VALOR_CENTINELA"", ""severidad"": ""CRITICAL"", ""accion"": ""CUARENTENA"", ""tipo_problema"": ""VALIDEZ"", ""dimension_calidad"": ""VALIDEZ"", ""valor_original"": ""-999.0"", ""detalle"": ""-999 es centinela: lectura no evaluable para rangos térmicos""}, {""rule_id"": ""IOT-R026"", ""columna_afectada"": ""producto_id"", ""codigo_error"": ""REFERENCIA_INEXISTENTE"", ""severidad"": ""WARNING"", ""accion"": ""REVISAR"", ""tipo_problema"": ""INTEGRIDAD"", ""dimension_calidad"": ""INTEGRIDAD"", ""valor_original"": ""PROD-028"", ""detalle"": ""Sin correspondencia en dimensión Silver de cobertura parcial; revisar, no inferir identificador inválido""}, {""rule_id"": ""IOT-R027"", ""columna_afectada"": ""camion_id"", ""codigo_error"": ""REFERENCIA_INEXISTENTE"", ""severidad"": ""WARNING"", ""accion"": ""REVISAR"", ""tipo_problema"": ""INTEGRIDAD"", ""dimension_calidad"": ""INTEGRIDAD"", ""valor_original"": ""CAM-30"", ""detalle"": ""Sin correspondencia en dimensión Silver de cobertura parcial; revisar, no inferir identificador inválido""}]",1,2,True,GIAD-M3-S4-IOT-diagnostico-v7,1.1.0,edb7afe2f7fb836e59fe605d30c88b3b5b13a6d8ab2ec0b37f206a14e58de6bf,America/La_Paz,IOT-R028,2026-08-02T00:37:00Z,America/La_Paz,,SIN_TRATAMIENTO,CAM-30,True,IOT-R018:VALOR_CENTINELA,False,False,False,False,GIAD-M3-S4-IOT-tratamiento-v6
13130,2026-08-02 19:39:00,VIA-00548,ORD-2026-02360,CAM-02,PROD-021,3.95,C,,0,0,humedad_cabina_pct,1,IOT-R019,"[{""rule_id"": ""IOT-R019"", ""columna_afectada"": ""humedad_cabina_pct"", ""codigo_error"": ""FALTANTE"", ""severidad"": ""CRITICAL"", ""accion"": ""CUARENTENA"", ""tipo_problema"": ""FALTANTE"", ""dimension_calidad"": ""COMPLETITUD"", ""valor_original"": """", ""detalle"": ""Humedad vacía""}]",1,0,True,GIAD-M3-S4-IOT-diagnostico-v7,1.1.0,edb7afe2f7fb836e59fe605d30c88b3b5b13a6d8ab2ec0b37f206a14e58de6bf,America/La_Paz,IOT-R028,2026-08-02T23:39:00Z,America/La_Paz,3.95,C_ORIGINAL,CAM-02,True,IOT-R019:FALTANTE,True,True,False,False,GIAD-M3-S4-IOT-tratamiento-v6
13192,2026-08-04 22:41:00,VIA-00550,ORD-2026-07205,CAM-01,PROD-043,-999.0,C,65.8,0,0,temperatura_cabina_c,1,IOT-R018,"[{""rule_id"": ""IOT-R018"", ""columna_afectada"": ""temperatura_cabina_c"", ""codigo_error"": ""VALOR_CENTINELA"", ""severidad"": ""CRITICAL"", ""accion"": ""CUARENTENA"", ""tipo_problema"": ""VALIDEZ"", ""dimension_calidad"": ""VALIDEZ"", ""valor_original"": ""-999.0"", ""detalle"": ""-999 es centinela: lectura no evaluable para rangos térmicos""}]",1,0,True,GIAD-M3-S4-IOT-diagnostico-v7,1.1.0,edb7afe2f7fb836e59fe605d30c88b3b5b13a6d8ab2ec0b37f206a14e58de6bf,America/La_Paz,IOT-R028,2026-08-05T02:41:00Z,America/La_Paz,,SIN_TRATAMIENTO,CAM-01,True,IOT-R018:VALOR_CENTINELA,True,True,False,False,GIAD-M3-S4-IOT-tratamiento-v6
13298,2026-08-02 02:54:00,VIA-00555,ORD-2026-05267,CAM-20,PROD-021,,C,82.8,0,0,temperatura_cabina_c|camion_id,2,IOT-R016|IOT-R027,"[{""rule_id"": ""IOT-R016"", ""columna_afectada"": ""temperatura_cabina_c"", ""codigo_error"": ""FALTANTE"", ""severidad"": ""CRITICAL"", ""accion"": ""CUARENTENA"", ""tipo_problema"": ""FALTANTE"", ""dimension_calidad"": ""COMPLETITUD"", ""valor_original"": """", ""detalle"": ""Temperatura vacía""}, {""rule_id"": ""IOT-R027"", ""columna_afectada"": ""camion_id"", ""codigo_error"": ""REFERENCIA_INEXISTENTE"", ""severidad"": ""WARNING"", ""accion"": ""REVISAR"", ""tipo_problema"": ""INTEGRIDAD"", ""dimension_calidad"": ""INTEGRIDAD"", ""valor_original"": ""CAM-20"", ""detalle"": ""Sin correspondencia en dimensión Silver de cobertura parcial; revisar, no inferir identificador inválido""}]",1,1,True,GIAD-M3-S4-IOT-diagnostico-v7,1.1.0,edb7afe2f7fb836e59fe605d30c88b3b5b13a6d8ab2ec0b37f206a14e58de6bf,America/La_Paz,IOT-R028,2026-08-02T06:54:00Z,America/La_Paz,,SIN_TRATAMIENTO,CAM-20,True,IOT-R016:FALTANTE,True,False,False,False,GIAD-M3-S4-IOT-tratamiento-v6
13440,2026-08-16 11:48:00,VIA-00560,ORD-2026-04169,CAM-12,PROD-046,-999.0,C,40.8,0,0,temperatura_cabina_c|producto_id,2,IOT-R018|IOT-R026,"[{""rule_id"": ""IOT-R018"", ""columna_afectada"": ""temperatura_cabina_c"", ""codigo_error"": ""VALOR_CENTINELA"", ""severidad"": ""CRITICAL"", ""accion"": ""CUARENTENA"", ""tipo_problema"": ""VALIDEZ"", ""dimension_calidad"": ""VALIDEZ"", ""valor_original"": ""-999.0"", ""detalle"": ""-999 es centinela: lectura no evaluable para rangos térmicos""}, {""rule_id"": ""IOT-R026"", ""columna_afectada"": ""producto_id"", ""codigo_error"": ""REFERENCIA_INEXISTENTE"", ""severidad"": ""WARNING"", ""accion"": ""REVISAR"", ""tipo_problema"": ""INTEGRIDAD"", ""dimension_calidad"": ""INTEGRIDAD"", ""valor_original"": ""PROD-046"", ""detalle"": ""Sin correspondencia en dimensión Silver de cobertura parcial; revisar, no inferir identificador inválido""}]",1,1,True,GIAD-M3-S4-IOT-diagnostico-v7,1.1.0,edb7afe2f7fb836e59fe605d30c88b3b5b13a6d8ab2ec0b37f206a14e58de6bf,America/La_Paz,IOT-R028,2026-08-16T15:48:00Z,America/La_Paz,,SIN_TRATAMIENTO,CAM-12,True,IOT-R018:VALOR_CENTINELA,False,True,False,False,GIAD-M3-S4-IOT-tratamiento-v6
13586,2026-08-21 17:53:00,VIA-00567,ORD-2026-04493,CAM-08,PROD-052,,C,77.7,0,0,temperatura_cabina_c,1,IOT-R016,"[{""rule_id"": ""IOT-R016"", ""columna_afectada"": ""temperatura_cabina_c"", ""codigo_error"": ""FALTANTE"", ""severidad"": ""CRITICAL"", ""accion"": ""CUARENTENA"", ""tipo_problema"": ""FALTANTE"", ""dimension_calidad"": ""COMPLETITUD"", ""valor_original"": """", ""detalle"": ""Temperatura vacía""}]",1,0,True,GIAD-M3-S4-IOT-diagnostico-v7,1.1.0,edb7afe2f7fb836e59fe605d30c88b3b5b13a6d8ab2ec0b37f206a14e58de6bf,America/La_Paz,IOT-R028,2026-08-21T21:53:00Z,America/La_Paz,,SIN_TRATAMIENTO,CAM-08,True,IOT-R016:FALTANTE,True,True,False,False,GIAD-M3-S4-IOT-tratamiento-v6
13692,2026-08-17 00:14:00,VIA-00571,ORD-2026-01188,CAM-19,PROD-049,-999.0,C,82.6,1,1,temperatura_cabina_c|producto_id,2,IOT-R018|IOT-R026,"[{""rule_id"": ""IOT-R018"", ""columna_afectada"": ""temperatura_cabina_c"", ""codigo_error"": ""VALOR_CENTINELA"", ""severidad"": ""CRITICAL"", ""accion"": ""CUARENTENA"", ""tipo_problema"": ""VALIDEZ"", ""dimension_calidad"": ""VALIDEZ"", ""valor_original"": ""-999.0"", ""detalle"": ""-999 es centinela: lectura no evaluable para rangos térmicos""}, {""rule_id"": ""IOT-R026"", ""columna_afectada"": ""producto_id"", ""codigo_error"": ""REFERENCIA_INEXISTENTE"", ""severidad"": ""WARNING"", ""accion"": ""REVISAR"", ""tipo_problema"": ""INTEGRIDAD"", ""dimension_calidad"": ""INTEGRIDAD"", ""valor_original"": ""PROD-049"", ""detalle"": ""Sin correspondencia en dimensión Silver de cobertura parcial; revisar, no inferir identificador inválido""}]",1,1,True,GIAD-M3-S4-IOT-diagnostico-v7,1.1.0,edb7afe2f7fb836e59fe605d30c88b3b5b13a6d8ab2ec0b37f206a14e58de6bf,America/La_Paz,IOT-R028,2026-08-17T04:14:00Z,America/La_Paz,,SIN_TRATAMIENTO,CAM-19,True,IOT-R018:VALOR_CENTINELA,False,True,False,False,GIAD-M3-S4-IOT-tratamiento-v6
13803,2026-08-23 05:49:00,VIA-00576,ORD-2026-05478,CAM-16,PROD-020,19.23,C,,0,0,humedad_cabina_pct,1,IOT-R019,"[{""rule_id"": ""IOT-R019"", ""columna_afectada"": ""humedad_cabina_pct"", ""codigo_error"": ""FALTANTE"", ""severidad"": ""CRITICAL"", ""accion"": ""CUARENTENA"", ""tipo_problema"": ""FALTANTE"", ""dimension_calidad"": ""COMPLETITUD"", ""valor_original"": """", ""detalle"": ""Humedad vacía""}]",1,0,True,GIAD-M3-S4-IOT-diagnostico-v7,1.1.0,edb7afe2f7fb836e59fe605d30c88b3b5b13a6d8ab2ec0b37f206a14e58de6bf,America/La_Paz,IOT-R028,2026-08-23T09:49:00Z,America/La_Paz,19.23,C_ORIGINAL,CAM-16,True,IOT-R019:FALTANTE,True,True,False,False,GIAD-M3-S4-IOT-tratamiento-v6
13824,2026-08-23 16:19:00,VIA-00576,ORD-2026-05478,CAM-16,PROD-020,-999.0,C,42.5,0,0,temperatura_cabina_c,1,IOT-R018,"[{""rule_id"": ""IOT-R018"", ""columna_afectada"": ""temperatura_cabina_c"", ""codigo_error"": ""VALOR_CENTINELA"", ""severidad"": ""CRITICAL"", ""accion"": ""CUARENTENA"", ""tipo_problema"": ""VALIDEZ"", ""dimension_calidad"": ""VALIDEZ"", ""valor_original"": ""-999.0"", ""detalle"": ""-999 es centinela: lectura no evaluable para rangos térmicos""}]",1,0,True,GIAD-M3-S4-IOT-diagnostico-v7,1.1.0,edb7afe2f7fb836e59fe605d30c88b3b5b13a6d8ab2ec0b37f206a14e58de6bf,America/La_Paz,IOT-R028,2026-08-23T20:19:00Z,America/La_Paz,,SIN_TRATAMIENTO,CAM-16,True,IOT-R018:VALOR_CENTINELA,True,True,False,False,GIAD-M3-S4-IOT-tratamiento-v6
13903,2026-08-19 12:11:00,VIA-00580,ORD-2026-05580,CAM-20,PROD-013,4.65,C,,0,0,humedad_cabina_pct|camion_id,2,IOT-R019|IOT-R027,"[{""rule_id"": ""IOT-R019"", ""columna_afectada"": ""humedad_cabina_pct"", ""codigo_error"": ""FALTANTE"", ""severidad"": ""CRITICAL"", ""accion"": ""CUARENTENA"", ""tipo_problema"": ""FALTANTE"", ""dimension_calidad"": ""COMPLETITUD"", ""valor_original"": """", ""detalle"": ""Humedad vacía""}, {""rule_id"": ""IOT-R027"", ""columna_afectada"": ""camion_id"", ""codigo_error"": ""REFERENCIA_INEXISTENTE"", ""severidad"": ""WARNING"", ""accion"": ""REVISAR"", ""tipo_problema"": ""INTEGRIDAD"", ""dimension_calidad"": ""INTEGRIDAD"", ""valor_original"": ""CAM-20"", ""detalle"": ""Sin correspondencia en dimensión Silver de cobertura parcial; revisar, no inferir identificador inválido""}]",1,1,True,GIAD-M3-S4-IOT-diagnostico-v7,1.1.0,edb7afe2f7fb836e59fe605d30c88b3b5b13a6d8ab2ec0b37f206a14e58de6bf,America/La_Paz,IOT-R028,2026-08-19T16:11:00Z,America/La_Paz,4.65,C_ORIGINAL,CAM-20,True,IOT-R019:FALTANTE,True,False,False,False,GIAD-M3-S4-IOT-tratamiento-v6
14008,2026-08-12 14:02:00,VIA-00584,ORD-2026-04073,CAM-02,PROD-001,,C,79.1,0,0,temperatura_cabina_c,1,IOT-R016,"[{""rule_id"": ""IOT-R016"", ""columna_afectada"": ""temperatura_cabina_c"", ""codigo_error"": ""FALTANTE"", ""severidad"": ""CRITICAL"", ""accion"": ""CUARENTENA"", ""tipo_problema"": ""FALTANTE"", ""dimension_calidad"": ""COMPLETITUD"", ""valor_original"": """", ""detalle"": ""Temperatura vacía""}]",1,0,True,GIAD-M3-S4-IOT-diagnostico-v7,1.1.0,edb7afe2f7fb836e59fe605d30c88b3b5b13a6d8ab2ec0b37f206a14e58de6bf,America/La_Paz,IOT-R028,2026-08-12T18:02:00Z,America/La_Paz,,SIN_TRATAMIENTO,CAM-02,True,IOT-R016:FALTANTE,True,True,False,False,GIAD-M3-S4-IOT-tratamiento-v6
14105,2026-08-31 00:54:00,VIA-00588,ORD-2026-00674,CAM-26,PROD-027,-999.0,C,74.3,0,0,temperatura_cabina_c,1,IOT-R018,"[{""rule_id"": ""IOT-R018"", ""columna_afectada"": ""temperatura_cabina_c"", ""codigo_error"": ""VALOR_CENTINELA"", ""severidad"": ""CRITICAL"", ""accion"": ""CUARENTENA"", ""tipo_problema"": ""VALIDEZ"", ""dimension_calidad"": ""VALIDEZ"", ""valor_original"": ""-999.0"", ""detalle"": ""-999 es centinela: lectura no evaluable para rangos térmicos""}]",1,0,True,GIAD-M3-S4-IOT-diagnostico-v7,1.1.0,edb7afe2f7fb836e59fe605d30c88b3b5b13a6d8ab2ec0b37f206a14e58de6bf,America/La_Paz,IOT-R028,2026-08-31T04:54:00Z,America/La_Paz,,SIN_TRATAMIENTO,CAM-26,True,IOT-R018:VALOR_CENTINELA,True,True,False,False,GIAD-M3-S4-IOT-tratamiento-v6
14165,2026-02-31 09:15:00,VIA-00591,ORD-2026-05366,CAM-08,PROD-051,-17.62,C,56.1,0,0,timestamp,1,IOT-R002,"[{""rule_id"": ""IOT-R002"", ""columna_afectada"": ""timestamp"", ""codigo_error"": ""FECHA_INVALIDA"", ""severidad"": ""CRITICAL"", ""accion"": ""CUARENTENA"", ""tipo_problema"": ""FORMATO"", ""dimension_calidad"": ""CONFORMIDAD"", ""valor_original"": ""2026-02-31 09:15:00"", ""detalle"": ""Formato incorrecto o fecha imposible""}]",1,0,True,GIAD-M3-S4-IOT-diagnostico-v7,1.1.0,edb7afe2f7fb836e59fe605d30c88b3b5b13a6d8ab2ec0b37f206a14e58de6bf,America/La_Paz,IOT-R028,,America/La_Paz,-17.62,C_ORIGINAL,CAM-08,True,IOT-R002:FECHA_INVALIDA,True,True,False,False,GIAD-M3-S4-IOT-tratamiento-v6
14308,2026-08-02 08:45:00,VIA-00597,ORD-2026-03700,CAM-20,PROD-002,16.95,C,-52.3,0,0,humedad_cabina_pct|camion_id,2,IOT-R021|IOT-R027,"[{""rule_id"": ""IOT-R021"", ""columna_afectada"": ""humedad_cabina_pct"", ""codigo_error"": ""FUERA_RANGO"", ""severidad"": ""CRITICAL"", ""accion"": ""CUARENTENA"", ""tipo_problema"": ""VALIDEZ"", ""dimension_calidad"": ""VALIDEZ"", ""valor_original"": ""-52.3"", ""detalle"": ""Humedad fuera de 0 a 100%""}, {""rule_id"": ""IOT-R027"", ""columna_afectada"": ""camion_id"", ""codigo_error"": ""REFERENCIA_INEXISTENTE"", ""severidad"": ""WARNING"", ""accion"": ""REVISAR"", ""tipo_problema"": ""INTEGRIDAD"", ""dimension_calidad"": ""INTEGRIDAD"", ""valor_original"": ""CAM-20"", ""detalle"": ""Sin correspondencia en dimensión Silver de cobertura parcial; revisar, no inferir identificador inválido""}]",1,1,True,GIAD-M3-S4-IOT-diagnostico-v7,1.1.0,edb7afe2f7fb836e59fe605d30c88b3b5b13a6d8ab2ec0b37f206a14e58de6bf,America/La_Paz,IOT-R028,2026-08-02T12:45:00Z,America/La_Paz,16.95,C_ORIGINAL,CAM-20,True,IOT-R021:FUERA_RANGO,True,False,False,False,GIAD-M3-S4-IOT-tratamiento-v6
14376,2026-08-25 23:01:00,VIA-00599,ORD-2026-04996,CAM-08,PROD-030,,C,47.3,0,0,temperatura_cabina_c,1,IOT-R016,"[{""rule_id"": ""IOT-R016"", ""columna_afectada"": ""temperatura_cabina_c"", ""codigo_error"": ""FALTANTE"", ""severidad"": ""CRITICAL"", ""accion"": ""CUARENTENA"", ""tipo_problema"": ""FALTANTE"", ""dimension_calidad"": ""COMPLETITUD"", ""valor_original"": """", ""detalle"": ""Temperatura vacía""}]",1,0,True,GIAD-M3-S4-IOT-diagnostico-v7,1.1.0,edb7afe2f7fb836e59fe605d30c88b3b5b13a6d8ab2ec0b37f206a14e58de6bf,America/La_Paz,IOT-R028,2026-08-26T03:01:00Z,America/La_Paz,,SIN_TRATAMIENTO,CAM-08,True,IOT-R016:FALTANTE,True,True,False,False,GIAD-M3-S4-IOT-tratamiento-v6
14414,2026-02-31 09:15:00,VIA-00601,ORD-2026-00100,CAM-26,PROD-049,9.13,C,86.3,1,1,timestamp|producto_id,2,IOT-R002|IOT-R026,"[{""rule_id"": ""IOT-R002"", ""columna_afectada"": ""timestamp"", ""codigo_error"": ""FECHA_INVALIDA"", ""severidad"": ""CRITICAL"", ""accion"": ""CUARENTENA"", ""tipo_problema"": ""FORMATO"", ""dimension_calidad"": ""CONFORMIDAD"", ""valor_original"": ""2026-02-31 09:15:00"", ""detalle"": ""Formato incorrecto o fecha imposible""}, {""rule_id"": ""IOT-R026"", ""columna_afectada"": ""producto_id"", ""codigo_error"": ""REFERENCIA_INEXISTENTE"", ""severidad"": ""WARNING"", ""accion"": ""REVISAR"", ""tipo_problema"": ""INTEGRIDAD"", ""dimension_calidad"": ""INTEGRIDAD"", ""valor_original"": ""PROD-049"", ""detalle"": ""Sin correspondencia en dimensión Silver de cobertura parcial; revisar, no inferir identificador inválido""}]",1,1,True,GIAD-M3-S4-IOT-diagnostico-v7,1.1.0,edb7afe2f7fb836e59fe605d30c88b3b5b13a6d8ab2ec0b37f206a14e58de6bf,America/La_Paz,IOT-R028,,America/La_Paz,9.13,C_ORIGINAL,CAM-26,True,IOT-R002:FECHA_INVALIDA,False,True,False,False,GIAD-M3-S4-IOT-tratamiento-v6
14488,2026-08-07 04:28:00,VIA-00604,ORD-2026-03327,CAM-24,PROD-049,4.11,C,,0,0,humedad_cabina_pct|producto_id,2,IOT-R019|IOT-R026,"[{""rule_id"": ""IOT-R019"", ""columna_afectada"": ""humedad_cabina_pct"", ""codigo_error"": ""FALTANTE"", ""severidad"": ""CRITICAL"", ""accion"": ""CUARENTENA"", ""tipo_problema"": ""FALTANTE"", ""dimension_calidad"": ""COMPLETITUD"", ""valor_original"": """", ""detalle"": ""Humedad vacía""}, {""rule_id"": ""IOT-R026"", ""columna_afectada"": ""producto_id"", ""codigo_error"": ""REFERENCIA_INEXISTENTE"", ""severidad"": ""WARNING"", ""accion"": ""REVISAR"", ""tipo_problema"": ""INTEGRIDAD"", ""dimension_calidad"": ""INTEGRIDAD"", ""valor_original"": ""PROD-049"", ""detalle"": ""Sin correspondencia en dimensión Silver de cobertura parcial; revisar, no inferir identificador inválido""}]",1,1,True,GIAD-M3-S4-IOT-diagnostico-v7,1.1.0,edb7afe2f7fb836e59fe605d30c88b3b5b13a6d8ab2ec0b37f206a14e58de6bf,America/La_Paz,IOT-R028,2026-08-07T08:28:00Z,America/La_Paz,4.11,C_ORIGINAL,CAM-24,True,IOT-R019:FALTANTE,False,True,False,False,GIAD-M3-S4-IOT-tratamiento-v6
14718,2026-08-18 07:00:00,VIA-00614,ORD-2026-03723,CAM-08,PROD-030,,C,46.8,0,0,temperatura_cabina_c,1,IOT-R016,"[{""rule_id"": ""IOT-R016"", ""columna_afectada"": ""temperatura_cabina_c"", ""codigo_error"": ""FALTANTE"", ""severidad"": ""CRITICAL"", ""accion"": ""CUARENTENA"", ""tipo_problema"": ""FALTANTE"", ""dimension_calidad"": ""COMPLETITUD"", ""valor_original"": """", ""detalle"": ""Temperatura vacía""}]",1,0,True,GIAD-M3-S4-IOT-diagnostico-v7,1.1.0,edb7afe2f7fb836e59fe605d30c88b3b5b13a6d8ab2ec0b37f206a14e58de6bf,America/La_Paz,IOT-R028,2026-08-18T11:00:00Z,America/La_Paz,,SIN_TRATAMIENTO,CAM-08,True,IOT-R016:FALTANTE,True,True,False,False,GIAD-M3-S4-IOT-tratamiento-v6
14740,2026-08-14 16:38:00,VIA-00615,ORD-2026-05692,CAM-08,PROD-051,-18.69,C,,0,0,humedad_cabina_pct,1,IOT-R019,"[{""rule_id"": ""IOT-R019"", ""columna_afectada"": ""humedad_cabina_pct"", ""codigo_error"": ""FALTANTE"", ""severidad"": ""CRITICAL"", ""accion"": ""CUARENTENA"", ""tipo_problema"": ""FALTANTE"", ""dimension_calidad"": ""COMPLETITUD"", ""valor_original"": """", ""detalle"": ""Humedad vacía""}]",1,0,True,GIAD-M3-S4-IOT-diagnostico-v7,1.1.0,edb7afe2f7fb836e59fe605d30c88b3b5b13a6d8ab2ec0b37f206a14e58de6bf,America/La_Paz,IOT-R028,2026-08-14T20:38:00Z,America/La_Paz,-18.69,C_ORIGINAL,CAM-08,True,IOT-R019:FALTANTE,True,True,False,False,GIAD-M3-S4-IOT-tratamiento-v6
14791,2026-08-06 03:31:00,VIA-00617,ORD-2026-01874,CAM-20,PROD-054,-999.0,C,69.3,0,0,temperatura_cabina_c|camion_id,2,IOT-R018|IOT-R027,"[{""rule_id"": ""IOT-R018"", ""columna_afectada"": ""temperatura_cabina_c"", ""codigo_error"": ""VALOR_CENTINELA"", ""severidad"": ""CRITICAL"", ""accion"": ""CUARENTENA"", ""tipo_problema"": ""VALIDEZ"", ""dimension_calidad"": ""VALIDEZ"", ""valor_original"": ""-999.0"", ""detalle"": ""-999 es centinela: lectura no evaluable para rangos térmicos""}, {""rule_id"": ""IOT-R027"", ""columna_afectada"": ""camion_id"", ""codigo_error"": ""REFERENCIA_INEXISTENTE"", ""severidad"": ""WARNING"", ""accion"": ""REVISAR"", ""tipo_problema"": ""INTEGRIDAD"", ""dimension_calidad"": ""INTEGRIDAD"", ""valor_original"": ""CAM-20"", ""detalle"": ""Sin correspondencia en dimensión Silver de cobertura parcial; revisar, no inferir identificador inválido""}]",1,1,True,GIAD-M3-S4-IOT-diagnostico-v7,1.1.0,edb7afe2f7fb836e59fe605d30c88b3b5b13a6d8ab2ec0b37f206a14e58de6bf,America/La_Paz,IOT-R028,2026-08-06T07:31:00Z,America/La_Paz,,SIN_TRATAMIENTO,CAM-20,True,IOT-R018:VALOR_CENTINELA,True,False,False,False,GIAD-M3-S4-IOT-tratamiento-v6
14863,2026-08-15 21:10:00,VIA-00620,ORD-2026-05089,CAM-26,PROD-024,,C,40.8,0,0,temperatura_cabina_c,1,IOT-R016,"[{""rule_id"": ""IOT-R016"", ""columna_afectada"": ""temperatura_cabina_c"", ""codigo_error"": ""FALTANTE"", ""severidad"": ""CRITICAL"", ""accion"": ""CUARENTENA"", ""tipo_problema"": ""FALTANTE"", ""dimension_calidad"": ""COMPLETITUD"", ""valor_original"": """", ""detalle"": ""Temperatura vacía""}]",1,0,True,GIAD-M3-S4-IOT-diagnostico-v7,1.1.0,edb7afe2f7fb836e59fe605d30c88b3b5b13a6d8ab2ec0b37f206a14e58de6bf,America/La_Paz,IOT-R028,2026-08-16T01:10:00Z,America/La_Paz,,SIN_TRATAMIENTO,CAM-26,True,IOT-R016:FALTANTE,True,True,False,False,GIAD-M3-S4-IOT-tratamiento-v6
15013,2026-08-09 06:04:00,VIA-00626,ORD-2026-01601,CAM-18,PROD-017,,C,34.5,0,0,temperatura_cabina_c,1,IOT-R016,"[{""rule_id"": ""IOT-R016"", ""columna_afectada"": ""temperatura_cabina_c"", ""codigo_error"": ""FALTANTE"", ""severidad"": ""CRITICAL"", ""accion"": ""CUARENTENA"", ""tipo_problema"": ""FALTANTE"", ""dimension_calidad"": ""COMPLETITUD"", ""valor_original"": """", ""detalle"": ""Temperatura vacía""}]",1,0,True,GIAD-M3-S4-IOT-diagnostico-v7,1.1.0,edb7afe2f7fb836e59fe605d30c88b3b5b13a6d8ab2ec0b37f206a14e58de6bf,America/La_Paz,IOT-R028,2026-08-09T10:04:00Z,America/La_Paz,,SIN_TRATAMIENTO,CAM-18,True,IOT-R016:FALTANTE,True,True,False,False,GIAD-M3-S4-IOT-tratamiento-v6
15244,2026-02-31 09:15:00,VIA-00636,ORD-2026-07494,CAM-18,PROD-024,20.62,C,42.1,0,0,timestamp,1,IOT-R002,"[{""rule_id"": ""IOT-R002"", ""columna_afectada"": ""timestamp"", ""codigo_error"": ""FECHA_INVALIDA"", ""severidad"": ""CRITICAL"", ""accion"": ""CUARENTENA"", ""tipo_problema"": ""FORMATO"", ""dimension_calidad"": ""CONFORMIDAD"", ""valor_original"": ""2026-02-31 09:15:00"", ""detalle"": ""Formato incorrecto o fecha imposible""}]",1,0,True,GIAD-M3-S4-IOT-diagnostico-v7,1.1.0,edb7afe2f7fb836e59fe605d30c88b3b5b13a6d8ab2ec0b37f206a14e58de6bf,America/La_Paz,IOT-R028,,America/La_Paz,20.62,C_ORIGINAL,CAM-18,True,IOT-R002:FECHA_INVALIDA,True,True,False,False,GIAD-M3-S4-IOT-tratamiento-v6
15501,2026-08-16 03:28:00,VIA-00646,ORD-2026-05705,CAM-15,PROD-009,2.4,C,-87.9,0,0,humedad_cabina_pct,1,IOT-R021,"[{""rule_id"": ""IOT-R021"", ""columna_afectada"": ""humedad_cabina_pct"", ""codigo_error"": ""FUERA_RANGO"", ""severidad"": ""CRITICAL"", ""accion"": ""CUARENTENA"", ""tipo_problema"": ""VALIDEZ"", ""dimension_calidad"": ""VALIDEZ"", ""valor_original"": ""-87.9"", ""detalle"": ""Humedad fuera de 0 a 100%""}]",1,0,True,GIAD-M3-S4-IOT-diagnostico-v7,1.1.0,edb7afe2f7fb836e59fe605d30c88b3b5b13a6d8ab2ec0b37f206a14e58de6bf,America/La_Paz,IOT-R028,2026-08-16T07:28:00Z,America/La_Paz,2.4,C_ORIGINAL,CAM-15,True,IOT-R021:FUERA_RANGO,True,True,False,False,GIAD-M3-S4-IOT-tratamiento-v6
15780,2026-08-29 09:25:00,VIA-00658,ORD-2026-06403,CAM-28,PROD-045,-999.0,C,83.2,0,1,temperatura_cabina_c,1,IOT-R018,"[{""rule_id"": ""IOT-R018"", ""columna_afectada"": ""temperatura_cabina_c"", ""codigo_error"": ""VALOR_CENTINELA"", ""severidad"": ""CRITICAL"", ""accion"": ""CUARENTENA"", ""tipo_problema"": ""VALIDEZ"", ""dimension_calidad"": ""VALIDEZ"", ""valor_original"": ""-999.0"", ""detalle"": ""-999 es centinela: lectura no evaluable para rangos térmicos""}]",1,0,True,GIAD-M3-S4-IOT-diagnostico-v7,1.1.0,edb7afe2f7fb836e59fe605d30c88b3b5b13a6d8ab2ec0b37f206a14e58de6bf,America/La_Paz,IOT-R028,2026-08-29T13:25:00Z,America/La_Paz,,SIN_TRATAMIENTO,CAM-28,True,IOT-R018:VALOR_CENTINELA,True,True,False,False,GIAD-M3-S4-IOT-tratamiento-v6
15825,2026-08-09 23:04:00,VIA-00660,ORD-2026-00770,CAM-26,PROD-044,4.48,C,,0,0,humedad_cabina_pct,1,IOT-R019,"[{""rule_id"": ""IOT-R019"", ""columna_afectada"": ""humedad_cabina_pct"", ""codigo_error"": ""FALTANTE"", ""severidad"": ""CRITICAL"", ""accion"": ""CUARENTENA"", ""tipo_problema"": ""FALTANTE"", ""dimension_calidad"": ""COMPLETITUD"", ""valor_original"": """", ""detalle"": ""Humedad vacía""}]",1,0,True,GIAD-M3-S4-IOT-diagnostico-v7,1.1.0,edb7afe2f7fb836e59fe605d30c88b3b5b13a6d8ab2ec0b37f206a14e58de6bf,America/La_Paz,IOT-R028,2026-08-10T03:04:00Z,America/La_Paz,4.48,C_ORIGINAL,CAM-26,True,IOT-R019:FALTANTE,True,True,False,False,GIAD-M3-S4-IOT-tratamiento-v6
15940,2026-08-08 18:29:00,VIA-00665,ORD-2026-06174,CAM-24,PROD-048,18.39,C,,0,0,humedad_cabina_pct,1,IOT-R019,"[{""rule_id"": ""IOT-R019"", ""columna_afectada"": ""humedad_cabina_pct"", ""codigo_error"": ""FALTANTE"", ""severidad"": ""CRITICAL"", ""accion"": ""CUARENTENA"", ""tipo_problema"": ""FALTANTE"", ""dimension_calidad"": ""COMPLETITUD"", ""valor_original"": """", ""detalle"": ""Humedad vacía""}]",1,0,True,GIAD-M3-S4-IOT-diagnostico-v7,1.1.0,edb7afe2f7fb836e59fe605d30c88b3b5b13a6d8ab2ec0b37f206a14e58de6bf,America/La_Paz,IOT-R028,2026-08-08T22:29:00Z,America/La_Paz,18.39,C_ORIGINAL,CAM-24,True,IOT-R019:FALTANTE,True,True,False,False,GIAD-M3-S4-IOT-tratamiento-v6
15968,2026-08-23 04:11:00,VIA-00666,ORD-2026-03093,CAM-26,PROD-021,-999.0,C,74.5,0,0,temperatura_cabina_c,1,IOT-R018,"[{""rule_id"": ""IOT-R018"", ""columna_afectada"": ""temperatura_cabina_c"", ""codigo_error"": ""VALOR_CENTINELA"", ""severidad"": ""CRITICAL"", ""accion"": ""CUARENTENA"", ""tipo_problema"": ""VALIDEZ"", ""dimension_calidad"": ""VALIDEZ"", ""valor_original"": ""-999.0"", ""detalle"": ""-999 es centinela: lectura no evaluable para rangos térmicos""}]",1,0,True,GIAD-M3-S4-IOT-diagnostico-v7,1.1.0,edb7afe2f7fb836e59fe605d30c88b3b5b13a6d8ab2ec0b37f206a14e58de6bf,America/La_Paz,IOT-R028,2026-08-23T08:11:00Z,America/La_Paz,,SIN_TRATAMIENTO,CAM-26,True,IOT-R018:VALOR_CENTINELA,True,True,False,False,GIAD-M3-S4-IOT-tratamiento-v6
16079,2026-08-28 21:01:00,VIA-00670,ORD-2026-03021,CAM-08,PROD-041,-16.8,C,,0,0,humedad_cabina_pct,1,IOT-R019,"[{""rule_id"": ""IOT-R019"", ""columna_afectada"": ""humedad_cabina_pct"", ""codigo_error"": ""FALTANTE"", ""severidad"": ""CRITICAL"", ""accion"": ""CUARENTENA"", ""tipo_problema"": ""FALTANTE"", ""dimension_calidad"": ""COMPLETITUD"", ""valor_original"": """", ""detalle"": ""Humedad vacía""}]",1,0,True,GIAD-M3-S4-IOT-diagnostico-v7,1.1.0,edb7afe2f7fb836e59fe605d30c88b3b5b13a6d8ab2ec0b37f206a14e58de6bf,America/La_Paz,IOT-R028,2026-08-29T01:01:00Z,America/La_Paz,-16.8,C_ORIGINAL,CAM-08,True,IOT-R019:FALTANTE,True,True,False,False,GIAD-M3-S4-IOT-tratamiento-v6
16092,2026-08-06 13:01:00,VIA-00671,ORD-2026-02196,CAM-20,PROD-006,21.75,C,,0,0,humedad_cabina_pct|camion_id,2,IOT-R019|IOT-R027,"[{""rule_id"": ""IOT-R019"", ""columna_afectada"": ""humedad_cabina_pct"", ""codigo_error"": ""FALTANTE"", ""severidad"": ""CRITICAL"", ""accion"": ""CUARENTENA"", ""tipo_problema"": ""FALTANTE"", ""dimension_calidad"": ""COMPLETITUD"", ""valor_original"": """", ""detalle"": ""Humedad vacía""}, {""rule_id"": ""IOT-R027"", ""columna_afectada"": ""camion_id"", ""codigo_error"": ""REFERENCIA_INEXISTENTE"", ""severidad"": ""WARNING"", ""accion"": ""REVISAR"", ""tipo_problema"": ""INTEGRIDAD"", ""dimension_calidad"": ""INTEGRIDAD"", ""valor_original"": ""CAM-20"", ""detalle"": ""Sin correspondencia en dimensión Silver de cobertura parcial; revisar, no inferir identificador inválido""}]",1,1,True,GIAD-M3-S4-IOT-diagnostico-v7,1.1.0,edb7afe2f7fb836e59fe605d30c88b3b5b13a6d8ab2ec0b37f206a14e58de6bf,America/La_Paz,IOT-R028,2026-08-06T17:01:00Z,America/La_Paz,21.75,C_ORIGINAL,CAM-20,True,IOT-R019:FALTANTE,True,False,False,False,GIAD-M3-S4-IOT-tratamiento-v6
16209,2026-08-24 13:35:00,VIA-00676,ORD-2026-07291,CAM-28,PROD-037,2.45,C,,0,0,humedad_cabina_pct,1,IOT-R019,"[{""rule_id"": ""IOT-R019"", ""columna_afectada"": ""humedad_cabina_pct"", ""codigo_error"": ""FALTANTE"", ""severidad"": ""CRITICAL"", ""accion"": ""CUARENTENA"", ""tipo_problema"": ""FALTANTE"", ""dimension_calidad"": ""COMPLETITUD"", ""valor_original"": """", ""detalle"": ""Humedad vacía""}]",1,0,True,GIAD-M3-S4-IOT-diagnostico-v7,1.1.0,edb7afe2f7fb836e59fe605d30c88b3b5b13a6d8ab2ec0b37f206a14e58de6bf,America/La_Paz,IOT-R028,2026-08-24T17:35:00Z,America/La_Paz,2.45,C_ORIGINAL,CAM-28,True,IOT-R019:FALTANTE,True,True,False,False,GIAD-M3-S4-IOT-tratamiento-v6
16284,2026-08-06 14:54:00,VIA-00679,ORD-2026-05063,CAM-08,PROD-004,,C,80.0,0,0,temperatura_cabina_c,1,IOT-R016,"[{""rule_id"": ""IOT-R016"", ""columna_afectada"": ""temperatura_cabina_c"", ""codigo_error"": ""FALTANTE"", ""severidad"": ""CRITICAL"", ""accion"": ""CUARENTENA"", ""tipo_problema"": ""FALTANTE"", ""dimension_calidad"": ""COMPLETITUD"", ""valor_original"": """", ""detalle"": ""Temperatura vacía""}]",1,0,True,GIAD-M3-S4-IOT-diagnostico-v7,1.1.0,edb7afe2f7fb836e59fe605d30c88b3b5b13a6d8ab2ec0b37f206a14e58de6bf,America/La_Paz,IOT-R028,2026-08-06T18:54:00Z,America/La_Paz,,SIN_TRATAMIENTO,CAM-08,True,IOT-R016:FALTANTE,True,True,False,False,GIAD-M3-S4-IOT-tratamiento-v6
16388,2026-08-10 07:16:00,VIA-00683,ORD-2026-07129,CAM-16,PROD-028,18.79,C,,0,0,humedad_cabina_pct|producto_id,2,IOT-R019|IOT-R026,"[{""rule_id"": ""IOT-R019"", ""columna_afectada"": ""humedad_cabina_pct"", ""codigo_error"": ""FALTANTE"", ""severidad"": ""CRITICAL"", ""accion"": ""CUARENTENA"", ""tipo_problema"": ""FALTANTE"", ""dimension_calidad"": ""COMPLETITUD"", ""valor_original"": """", ""detalle"": ""Humedad vacía""}, {""rule_id"": ""IOT-R026"", ""columna_afectada"": ""producto_id"", ""codigo_error"": ""REFERENCIA_INEXISTENTE"", ""severidad"": ""WARNING"", ""accion"": ""REVISAR"", ""tipo_problema"": ""INTEGRIDAD"", ""dimension_calidad"": ""INTEGRIDAD"", ""valor_original"": ""PROD-028"", ""detalle"": ""Sin correspondencia en dimensión Silver de cobertura parcial; revisar, no inferir identificador inválido""}]",1,1,True,GIAD-M3-S4-IOT-diagnostico-v7,1.1.0,edb7afe2f7fb836e59fe605d30c88b3b5b13a6d8ab2ec0b37f206a14e58de6bf,America/La_Paz,IOT-R028,2026-08-10T11:16:00Z,America/La_Paz,18.79,C_ORIGINAL,CAM-16,True,IOT-R019:FALTANTE,False,True,False,False,GIAD-M3-S4-IOT-tratamiento-v6
16427,2026-08-07 19:56:00,VIA-00685,ORD-2026-05960,CAM-08,PROD-051,-999.0,C,83.0,0,0,temperatura_cabina_c,1,IOT-R018,"[{""rule_id"": ""IOT-R018"", ""columna_afectada"": ""temperatura_cabina_c"", ""codigo_error"": ""VALOR_CENTINELA"", ""severidad"": ""CRITICAL"", ""accion"": ""CUARENTENA"", ""tipo_problema"": ""VALIDEZ"", ""dimension_calidad"": ""VALIDEZ"", ""valor_original"": ""-999.0"", ""detalle"": ""-999 es centinela: lectura no evaluable para rangos térmicos""}]",1,0,True,GIAD-M3-S4-IOT-diagnostico-v7,1.1.0,edb7afe2f7fb836e59fe605d30c88b3b5b13a6d8ab2ec0b37f206a14e58de6bf,America/La_Paz,IOT-R028,2026-08-07T23:56:00Z,America/La_Paz,,SIN_TRATAMIENTO,CAM-08,True,IOT-R018:VALOR_CENTINELA,True,True,False,False,GIAD-M3-S4-IOT-tratamiento-v6
16432,2026-08-07 22:26:00,VIA-00685,ORD-2026-05960,CAM-08,PROD-051,-999.0,C,53.4,0,0,temperatura_cabina_c,1,IOT-R018,"[{""rule_id"": ""IOT-R018"", ""columna_afectada"": ""temperatura_cabina_c"", ""codigo_error"": ""VALOR_CENTINELA"", ""severidad"": ""CRITICAL"", ""accion"": ""CUARENTENA"", ""tipo_problema"": ""VALIDEZ"", ""dimension_calidad"": ""VALIDEZ"", ""valor_original"": ""-999.0"", ""detalle"": ""-999 es centinela: lectura no evaluable para rangos térmicos""}]",1,0,True,GIAD-M3-S4-IOT-diagnostico-v7,1.1.0,edb7afe2f7fb836e59fe605d30c88b3b5b13a6d8ab2ec0b37f206a14e58de6bf,America/La_Paz,IOT-R028,2026-08-08T02:26:00Z,America/La_Paz,,SIN_TRATAMIENTO,CAM-08,True,IOT-R018:VALOR_CENTINELA,True,True,False,False,GIAD-M3-S4-IOT-tratamiento-v6
16469,2026-08-19 22:15:00,VIA-00687,ORD-2026-03211,CAM-15,PROD-016,20.43,C,,0,0,humedad_cabina_pct|producto_id,2,IOT-R019|IOT-R026,"[{""rule_id"": ""IOT-R019"", ""columna_afectada"": ""humedad_cabina_pct"", ""codigo_error"": ""FALTANTE"", ""severidad"": ""CRITICAL"", ""accion"": ""CUARENTENA"", ""tipo_problema"": ""FALTANTE"", ""dimension_calidad"": ""COMPLETITUD"", ""valor_original"": """", ""detalle"": ""Humedad vacía""}, {""rule_id"": ""IOT-R026"", ""columna_afectada"": ""producto_id"", ""codigo_error"": ""REFERENCIA_INEXISTENTE"", ""severidad"": ""WARNING"", ""accion"": ""REVISAR"", ""tipo_problema"": ""INTEGRIDAD"", ""dimension_calidad"": ""INTEGRIDAD"", ""valor_original"": ""PROD-016"", ""detalle"": ""Sin correspondencia en dimensión Silver de cobertura parcial; revisar, no inferir identificador inválido""}]",1,1,True,GIAD-M3-S4-IOT-diagnostico-v7,1.1.0,edb7afe2f7fb836e59fe605d30c88b3b5b13a6d8ab2ec0b37f206a14e58de6bf,America/La_Paz,IOT-R028,2026-08-20T02:15:00Z,America/La_Paz,20.43,C_ORIGINAL,CAM-15,True,IOT-R019:FALTANTE,False,True,False,False,GIAD-M3-S4-IOT-tratamiento-v6
16488,2026-08-20 07:45:00,VIA-00687,ORD-2026-03211,CAM-15,PROD-016,-999.0,C,52.6,0,0,temperatura_cabina_c|producto_id,2,IOT-R018|IOT-R026,"[{""rule_id"": ""IOT-R018"", ""columna_afectada"": ""temperatura_cabina_c"", ""codigo_error"": ""VALOR_CENTINELA"", ""severidad"": ""CRITICAL"", ""accion"": ""CUARENTENA"", ""tipo_problema"": ""VALIDEZ"", ""dimension_calidad"": ""VALIDEZ"", ""valor_original"": ""-999.0"", ""detalle"": ""-999 es centinela: lectura no evaluable para rangos térmicos""}, {""rule_id"": ""IOT-R026"", ""columna_afectada"": ""producto_id"", ""codigo_error"": ""REFERENCIA_INEXISTENTE"", ""severidad"": ""WARNING"", ""accion"": ""REVISAR"", ""tipo_problema"": ""INTEGRIDAD"", ""dimension_calidad"": ""INTEGRIDAD"", ""valor_original"": ""PROD-016"", ""detalle"": ""Sin correspondencia en dimensión Silver de cobertura parcial; revisar, no inferir identificador inválido""}]",1,1,True,GIAD-M3-S4-IOT-diagnostico-v7,1.1.0,edb7afe2f7fb836e59fe605d30c88b3b5b13a6d8ab2ec0b37f206a14e58de6bf,America/La_Paz,IOT-R028,2026-08-20T11:45:00Z,America/La_Paz,,SIN_TRATAMIENTO,CAM-15,True,IOT-R018:VALOR_CENTINELA,False,True,False,False,GIAD-M3-S4-IOT-tratamiento-v6
16543,2026-08-01 19:26:00,VIA-00690,ORD-2026-06406,CAM-24,PROD-011,-17.46,C,,0,0,humedad_cabina_pct,1,IOT-R019,"[{""rule_id"": ""IOT-R019"", ""columna_afectada"": ""humedad_cabina_pct"", ""codigo_error"": ""FALTANTE"", ""severidad"": ""CRITICAL"", ""accion"": ""CUARENTENA"", ""tipo_problema"": ""FALTANTE"", ""dimension_calidad"": ""COMPLETITUD"", ""valor_original"": """", ""detalle"": ""Humedad vacía""}]",1,0,True,GIAD-M3-S4-IOT-diagnostico-v7,1.1.0,edb7afe2f7fb836e59fe605d30c88b3b5b13a6d8ab2ec0b37f206a14e58de6bf,America/La_Paz,IOT-R028,2026-08-01T23:26:00Z,America/La_Paz,-17.46,C_ORIGINAL,CAM-24,True,IOT-R019:FALTANTE,True,True,False,False,GIAD-M3-S4-IOT-tratamiento-v6
16576,2026-08-06 16:52:00,VIA-00691,ORD-2026-05152,CAM-15,PROD-040,,C,43.5,0,0,temperatura_cabina_c,1,IOT-R016,"[{""rule_id"": ""IOT-R016"", ""columna_afectada"": ""temperatura_cabina_c"", ""codigo_error"": ""FALTANTE"", ""severidad"": ""CRITICAL"", ""accion"": ""CUARENTENA"", ""tipo_problema"": ""FALTANTE"", ""dimension_calidad"": ""COMPLETITUD"", ""valor_original"": """", ""detalle"": ""Temperatura vacía""}]",1,0,True,GIAD-M3-S4-IOT-diagnostico-v7,1.1.0,edb7afe2f7fb836e59fe605d30c88b3b5b13a6d8ab2ec0b37f206a14e58de6bf,America/La_Paz,IOT-R028,2026-08-06T20:52:00Z,America/La_Paz,,SIN_TRATAMIENTO,CAM-15,True,IOT-R016:FALTANTE,True,True,False,False,GIAD-M3-S4-IOT-tratamiento-v6
16707,2026-08-30 09:57:00,VIA-00697,ORD-2026-00912,CAM-02,PROD-040,17.98,C,,0,0,humedad_cabina_pct,1,IOT-R019,"[{""rule_id"": ""IOT-R019"", ""columna_afectada"": ""humedad_cabina_pct"", ""codigo_error"": ""FALTANTE"", ""severidad"": ""CRITICAL"", ""accion"": ""CUARENTENA"", ""tipo_problema"": ""FALTANTE"", ""dimension_calidad"": ""COMPLETITUD"", ""valor_original"": """", ""detalle"": ""Humedad vacía""}]",1,0,True,GIAD-M3-S4-IOT-diagnostico-v7,1.1.0,edb7afe2f7fb836e59fe605d30c88b3b5b13a6d8ab2ec0b37f206a14e58de6bf,America/La_Paz,IOT-R028,2026-08-30T13:57:00Z,America/La_Paz,17.98,C_ORIGINAL,CAM-02,True,IOT-R019:FALTANTE,True,True,False,False,GIAD-M3-S4-IOT-tratamiento-v6
16752,2026-08-02 10:01:00,VIA-00698,ORD-2026-04343,CAM-10,PROD-045,3.68,C,,0,0,humedad_cabina_pct,1,IOT-R019,"[{""rule_id"": ""IOT-R019"", ""columna_afectada"": ""humedad_cabina_pct"", ""codigo_error"": ""FALTANTE"", ""severidad"": ""CRITICAL"", ""accion"": ""CUARENTENA"", ""tipo_problema"": ""FALTANTE"", ""dimension_calidad"": ""COMPLETITUD"", ""valor_original"": """", ""detalle"": ""Humedad vacía""}]",1,0,True,GIAD-M3-S4-IOT-diagnostico-v7,1.1.0,edb7afe2f7fb836e59fe605d30c88b3b5b13a6d8ab2ec0b37f206a14e58de6bf,America/La_Paz,IOT-R028,2026-08-02T14:01:00Z,America/La_Paz,3.68,C_ORIGINAL,CAM-10,True,IOT-R019:FALTANTE,True,True,False,False,GIAD-M3-S4-IOT-tratamiento-v6
16767,2026-08-04 04:53:00,VIA-00699,ORD-2026-02559,CAM-01,PROD-011,-17.65,C,,0,0,humedad_cabina_pct,1,IOT-R019,"[{""rule_id"": ""IOT-R019"", ""columna_afectada"": ""humedad_cabina_pct"", ""codigo_error"": ""FALTANTE"", ""severidad"": ""CRITICAL"", ""accion"": ""CUARENTENA"", ""tipo_problema"": ""FALTANTE"", ""dimension_calidad"": ""COMPLETITUD"", ""valor_original"": """", ""detalle"": ""Humedad vacía""}]",1,0,True,GIAD-M3-S4-IOT-diagnostico-v7,1.1.0,edb7afe2f7fb836e59fe605d30c88b3b5b13a6d8ab2ec0b37f206a14e58de6bf,America/La_Paz,IOT-R028,2026-08-04T08:53:00Z,America/La_Paz,-17.65,C_ORIGINAL,CAM-01,True,IOT-R019:FALTANTE,True,True,False,False,GIAD-M3-S4-IOT-tratamiento-v6
16804,2026-08-10 09:20:00,VIA-00701,ORD-2026-05711,CAM-10,PROD-002,-999.0,C,43.7,0,0,temperatura_cabina_c,1,IOT-R018,"[{""rule_id"": ""IOT-R018"", ""columna_afectada"": ""temperatura_cabina_c"", ""codigo_error"": ""VALOR_CENTINELA"", ""severidad"": ""CRITICAL"", ""accion"": ""CUARENTENA"", ""tipo_problema"": ""VALIDEZ"", ""dimension_calidad"": ""VALIDEZ"", ""valor_original"": ""-999.0"", ""detalle"": ""-999 es centinela: lectura no evaluable para rangos térmicos""}]",1,0,True,GIAD-M3-S4-IOT-diagnostico-v7,1.1.0,edb7afe2f7fb836e59fe605d30c88b3b5b13a6d8ab2ec0b37f206a14e58de6bf,America/La_Paz,IOT-R028,2026-08-10T13:20:00Z,America/La_Paz,,SIN_TRATAMIENTO,CAM-10,True,IOT-R018:VALOR_CENTINELA,True,True,False,False,GIAD-M3-S4-IOT-tratamiento-v6
16967,2026-08-14 18:28:00,VIA-00707,ORD-2026-02385,CAM-24,PROD-058,-999.0,C,78.9,0,0,temperatura_cabina_c,1,IOT-R018,"[{""rule_id"": ""IOT-R018"", ""columna_afectada"": ""temperatura_cabina_c"", ""codigo_error"": ""VALOR_CENTINELA"", ""severidad"": ""CRITICAL"", ""accion"": ""CUARENTENA"", ""tipo_problema"": ""VALIDEZ"", ""dimension_calidad"": ""VALIDEZ"", ""valor_original"": ""-999.0"", ""detalle"": ""-999 es centinela: lectura no evaluable para rangos térmicos""}]",1,0,True,GIAD-M3-S4-IOT-diagnostico-v7,1.1.0,edb7afe2f7fb836e59fe605d30c88b3b5b13a6d8ab2ec0b37f206a14e58de6bf,America/La_Paz,IOT-R028,2026-08-14T22:28:00Z,America/La_Paz,,SIN_TRATAMIENTO,CAM-24,True,IOT-R018:VALOR_CENTINELA,True,True,False,False,GIAD-M3-S4-IOT-tratamiento-v6
17017,2026-08-15 20:20:00,VIA-00710,ORD-2026-02533,CAM-26,PROD-030,-999.0,C,49.6,0,0,temperatura_cabina_c,1,IOT-R018,"[{""rule_id"": ""IOT-R018"", ""columna_afectada"": ""temperatura_cabina_c"", ""codigo_error"": ""VALOR_CENTINELA"", ""severidad"": ""CRITICAL"", ""accion"": ""CUARENTENA"", ""tipo_problema"": ""VALIDEZ"", ""dimension_calidad"": ""VALIDEZ"", ""valor_original"": ""-999.0"", ""detalle"": ""-999 es centinela: lectura no evaluable para rangos térmicos""}]",1,0,True,GIAD-M3-S4-IOT-diagnostico-v7,1.1.0,edb7afe2f7fb836e59fe605d30c88b3b5b13a6d8ab2ec0b37f206a14e58de6bf,America/La_Paz,IOT-R028,2026-08-16T00:20:00Z,America/La_Paz,,SIN_TRATAMIENTO,CAM-26,True,IOT-R018:VALOR_CENTINELA,True,True,False,False,GIAD-M3-S4-IOT-tratamiento-v6
17109,2026-08-18 20:15:00,VIA-00713,ORD-2026-06906,CAM-21,PROD-042,,C,48.4,0,0,temperatura_cabina_c,1,IOT-R016,"[{""rule_id"": ""IOT-R016"", ""columna_afectada"": ""temperatura_cabina_c"", ""codigo_error"": ""FALTANTE"", ""severidad"": ""CRITICAL"", ""accion"": ""CUARENTENA"", ""tipo_problema"": ""FALTANTE"", ""dimension_calidad"": ""COMPLETITUD"", ""valor_original"": """", ""detalle"": ""Temperatura vacía""}]",1,0,True,GIAD-M3-S4-IOT-diagnostico-v7,1.1.0,edb7afe2f7fb836e59fe605d30c88b3b5b13a6d8ab2ec0b37f206a14e58de6bf,America/La_Paz,IOT-R028,2026-08-19T00:15:00Z,America/La_Paz,,SIN_TRATAMIENTO,CAM-21,True,IOT-R016:FALTANTE,True,True,False,False,GIAD-M3-S4-IOT-tratamiento-v6
17151,2026-08-12 19:42:00,VIA-00715,ORD-2026-05222,CAM-28,PROD-039,17.53,C,,0,0,humedad_cabina_pct,1,IOT-R019,"[{""rule_id"": ""IOT-R019"", ""columna_afectada"": ""humedad_cabina_pct"", ""codigo_error"": ""FALTANTE"", ""severidad"": ""CRITICAL"", ""accion"": ""CUARENTENA"", ""tipo_problema"": ""FALTANTE"", ""dimension_calidad"": ""COMPLETITUD"", ""valor_original"": """", ""detalle"": ""Humedad vacía""}]",1,0,True,GIAD-M3-S4-IOT-diagnostico-v7,1.1.0,edb7afe2f7fb836e59fe605d30c88b3b5b13a6d8ab2ec0b37f206a14e58de6bf,America/La_Paz,IOT-R028,2026-08-12T23:42:00Z,America/La_Paz,17.53,C_ORIGINAL,CAM-28,True,IOT-R019:FALTANTE,True,True,False,False,GIAD-M3-S4-IOT-tratamiento-v6
17181,2026-08-16 21:30:00,VIA-00716,ORD-2026-00719,CAM-22,PROD-004,-999.0,C,78.6,0,0,temperatura_cabina_c,1,IOT-R018,"[{""rule_id"": ""IOT-R018"", ""columna_afectada"": ""temperatura_cabina_c"", ""codigo_error"": ""VALOR_CENTINELA"", ""severidad"": ""CRITICAL"", ""accion"": ""CUARENTENA"", ""tipo_problema"": ""VALIDEZ"", ""dimension_calidad"": ""VALIDEZ"", ""valor_original"": ""-999.0"", ""detalle"": ""-999 es centinela: lectura no evaluable para rangos térmicos""}]",1,0,True,GIAD-M3-S4-IOT-diagnostico-v7,1.1.0,edb7afe2f7fb836e59fe605d30c88b3b5b13a6d8ab2ec0b37f206a14e58de6bf,America/La_Paz,IOT-R028,2026-08-17T01:30:00Z,America/La_Paz,,SIN_TRATAMIENTO,CAM-22,True,IOT-R018:VALOR_CENTINELA,True,True,False,False,GIAD-M3-S4-IOT-tratamiento-v6
17374,2026-08-09 01:09:00,VIA-00724,ORD-2026-03198,CAM-08,PROD-019,,C,48.8,0,0,temperatura_cabina_c,1,IOT-R016,"[{""rule_id"": ""IOT-R016"", ""columna_afectada"": ""temperatura_cabina_c"", ""codigo_error"": ""FALTANTE"", ""severidad"": ""CRITICAL"", ""accion"": ""CUARENTENA"", ""tipo_problema"": ""FALTANTE"", ""dimension_calidad"": ""COMPLETITUD"", ""valor_original"": """", ""detalle"": ""Temperatura vacía""}]",1,0,True,GIAD-M3-S4-IOT-diagnostico-v7,1.1.0,edb7afe2f7fb836e59fe605d30c88b3b5b13a6d8ab2ec0b37f206a14e58de6bf,America/La_Paz,IOT-R028,2026-08-09T05:09:00Z,America/La_Paz,,SIN_TRATAMIENTO,CAM-08,True,IOT-R016:FALTANTE,True,True,False,False,GIAD-M3-S4-IOT-tratamiento-v6
17534,2026-08-03 21:55:00,VIA-00731,ORD-2026-01582,CAM-25,PROD-036,6.47,C,,1,0,humedad_cabina_pct|producto_id,2,IOT-R019|IOT-R026,"[{""rule_id"": ""IOT-R019"", ""columna_afectada"": ""humedad_cabina_pct"", ""codigo_error"": ""FALTANTE"", ""severidad"": ""CRITICAL"", ""accion"": ""CUARENTENA"", ""tipo_problema"": ""FALTANTE"", ""dimension_calidad"": ""COMPLETITUD"", ""valor_original"": """", ""detalle"": ""Humedad vacía""}, {""rule_id"": ""IOT-R026"", ""columna_afectada"": ""producto_id"", ""codigo_error"": ""REFERENCIA_INEXISTENTE"", ""severidad"": ""WARNING"", ""accion"": ""REVISAR"", ""tipo_problema"": ""INTEGRIDAD"", ""dimension_calidad"": ""INTEGRIDAD"", ""valor_original"": ""PROD-036"", ""detalle"": ""Sin correspondencia en dimensión Silver de cobertura parcial; revisar, no inferir identificador inválido""}]",1,1,True,GIAD-M3-S4-IOT-diagnostico-v7,1.1.0,edb7afe2f7fb836e59fe605d30c88b3b5b13a6d8ab2ec0b37f206a14e58de6bf,America/La_Paz,IOT-R028,2026-08-04T01:55:00Z,America/La_Paz,6.47,C_ORIGINAL,CAM-25,True,IOT-R019:FALTANTE,False,True,False,False,GIAD-M3-S4-IOT-tratamiento-v6
17705,2026-08-03 21:27:00,VIA-00738,ORD-2026-06546,CAM-10,PROD-031,18.25,C,-55.9,0,0,humedad_cabina_pct|producto_id,2,IOT-R021|IOT-R026,"[{""rule_id"": ""IOT-R021"", ""columna_afectada"": ""humedad_cabina_pct"", ""codigo_error"": ""FUERA_RANGO"", ""severidad"": ""CRITICAL"", ""accion"": ""CUARENTENA"", ""tipo_problema"": ""VALIDEZ"", ""dimension_calidad"": ""VALIDEZ"", ""valor_original"": ""-55.9"", ""detalle"": ""Humedad fuera de 0 a 100%""}, {""rule_id"": ""IOT-R026"", ""columna_afectada"": ""producto_id"", ""codigo_error"": ""REFERENCIA_INEXISTENTE"", ""severidad"": ""WARNING"", ""accion"": ""REVISAR"", ""tipo_problema"": ""INTEGRIDAD"", ""dimension_calidad"": ""INTEGRIDAD"", ""valor_original"": ""PROD-031"", ""detalle"": ""Sin correspondencia en dimensión Silver de cobertura parcial; revisar, no inferir identificador inválido""}]",1,1,True,GIAD-M3-S4-IOT-diagnostico-v7,1.1.0,edb7afe2f7fb836e59fe605d30c88b3b5b13a6d8ab2ec0b37f206a14e58de6bf,America/La_Paz,IOT-R028,2026-08-04T01:27:00Z,America/La_Paz,18.25,C_ORIGINAL,CAM-10,True,IOT-R021:FUERA_RANGO,False,True,False,False,GIAD-M3-S4-IOT-tratamiento-v6
17742,2026-08-20 05:54:00,VIA-00740,ORD-2026-01576,CAM-16,PROD-059,-999.0,C,57.6,0,0,temperatura_cabina_c,1,IOT-R018,"[{""rule_id"": ""IOT-R018"", ""columna_afectada"": ""temperatura_cabina_c"", ""codigo_error"": ""VALOR_CENTINELA"", ""severidad"": ""CRITICAL"", ""accion"": ""CUARENTENA"", ""tipo_problema"": ""VALIDEZ"", ""dimension_calidad"": ""VALIDEZ"", ""valor_original"": ""-999.0"", ""detalle"": ""-999 es centinela: lectura no evaluable para rangos térmicos""}]",1,0,True,GIAD-M3-S4-IOT-diagnostico-v7,1.1.0,edb7afe2f7fb836e59fe605d30c88b3b5b13a6d8ab2ec0b37f206a14e58de6bf,America/La_Paz,IOT-R028,2026-08-20T09:54:00Z,America/La_Paz,,SIN_TRATAMIENTO,CAM-16,True,IOT-R018:VALOR_CENTINELA,True,True,False,False,GIAD-M3-S4-IOT-tratamiento-v6
17759,2026-08-20 14:24:00,VIA-00740,ORD-2026-01576,CAM-16,PROD-059,22.41,C,,0,0,humedad_cabina_pct,1,IOT-R019,"[{""rule_id"": ""IOT-R019"", ""columna_afectada"": ""humedad_cabina_pct"", ""codigo_error"": ""FALTANTE"", ""severidad"": ""CRITICAL"", ""accion"": ""CUARENTENA"", ""tipo_problema"": ""FALTANTE"", ""dimension_calidad"": ""COMPLETITUD"", ""valor_original"": """", ""detalle"": ""Humedad vacía""}]",1,0,True,GIAD-M3-S4-IOT-diagnostico-v7,1.1.0,edb7afe2f7fb836e59fe605d30c88b3b5b13a6d8ab2ec0b37f206a14e58de6bf,America/La_Paz,IOT-R028,2026-08-20T18:24:00Z,America/La_Paz,22.41,C_ORIGINAL,CAM-16,True,IOT-R019:FALTANTE,True,True,False,False,GIAD-M3-S4-IOT-tratamiento-v6
17823,2026-08-16 08:46:00,VIA-00743,ORD-2026-06555,CAM-10,PROD-049,,C,65.7,0,0,temperatura_cabina_c|producto_id,2,IOT-R016|IOT-R026,"[{""rule_id"": ""IOT-R016"", ""columna_afectada"": ""temperatura_cabina_c"", ""codigo_error"": ""FALTANTE"", ""severidad"": ""CRITICAL"", ""accion"": ""CUARENTENA"", ""tipo_problema"": ""FALTANTE"", ""dimension_calidad"": ""COMPLETITUD"", ""valor_original"": """", ""detalle"": ""Temperatura vacía""}, {""rule_id"": ""IOT-R026"", ""columna_afectada"": ""producto_id"", ""codigo_error"": ""REFERENCIA_INEXISTENTE"", ""severidad"": ""WARNING"", ""accion"": ""REVISAR"", ""tipo_problema"": ""INTEGRIDAD"", ""dimension_calidad"": ""INTEGRIDAD"", ""valor_original"": ""PROD-049"", ""detalle"": ""Sin correspondencia en dimensión Silver de cobertura parcial; revisar, no inferir identificador inválido""}]",1,1,True,GIAD-M3-S4-IOT-diagnostico-v7,1.1.0,edb7afe2f7fb836e59fe605d30c88b3b5b13a6d8ab2ec0b37f206a14e58de6bf,America/La_Paz,IOT-R028,2026-08-16T12:46:00Z,America/La_Paz,,SIN_TRATAMIENTO,CAM-10,True,IOT-R016:FALTANTE,False,True,False,False,GIAD-M3-S4-IOT-tratamiento-v6
17959,2026-08-04 05:51:00,VIA-00749,ORD-2026-02880,CAM-10,PROD-037,-999.0,C,74.2,0,0,temperatura_cabina_c,1,IOT-R018,"[{""rule_id"": ""IOT-R018"", ""columna_afectada"": ""temperatura_cabina_c"", ""codigo_error"": ""VALOR_CENTINELA"", ""severidad"": ""CRITICAL"", ""accion"": ""CUARENTENA"", ""tipo_problema"": ""VALIDEZ"", ""dimension_calidad"": ""VALIDEZ"", ""valor_original"": ""-999.0"", ""detalle"": ""-999 es centinela: lectura no evaluable para rangos térmicos""}]",1,0,True,GIAD-M3-S4-IOT-diagnostico-v7,1.1.0,edb7afe2f7fb836e59fe605d30c88b3b5b13a6d8ab2ec0b37f206a14e58de6bf,America/La_Paz,IOT-R028,2026-08-04T09:51:00Z,America/La_Paz,,SIN_TRATAMIENTO,CAM-10,True,IOT-R018:VALOR_CENTINELA,True,True,False,False,GIAD-M3-S4-IOT-tratamiento-v6
18182,2026-08-30 01:44:00,VIA-00758,ORD-2026-06488,CAM-01,PROD-012,-999.0,C,62.4,0,0,temperatura_cabina_c,1,IOT-R018,"[{""rule_id"": ""IOT-R018"", ""columna_afectada"": ""temperatura_cabina_c"", ""codigo_error"": ""VALOR_CENTINELA"", ""severidad"": ""CRITICAL"", ""accion"": ""CUARENTENA"", ""tipo_problema"": ""VALIDEZ"", ""dimension_calidad"": ""VALIDEZ"", ""valor_original"": ""-999.0"", ""detalle"": ""-999 es centinela: lectura no evaluable para rangos térmicos""}]",1,0,True,GIAD-M3-S4-IOT-diagnostico-v7,1.1.0,edb7afe2f7fb836e59fe605d30c88b3b5b13a6d8ab2ec0b37f206a14e58de6bf,America/La_Paz,IOT-R028,2026-08-30T05:44:00Z,America/La_Paz,,SIN_TRATAMIENTO,CAM-01,True,IOT-R018:VALOR_CENTINELA,True,True,False,False,GIAD-M3-S4-IOT-tratamiento-v6
18237,2026-08-07 03:53:00,VIA-00760,ORD-2026-06010,CAM-09,PROD-018,,C,52.0,0,0,temperatura_cabina_c|producto_id,2,IOT-R016|IOT-R026,"[{""rule_id"": ""IOT-R016"", ""columna_afectada"": ""temperatura_cabina_c"", ""codigo_error"": ""FALTANTE"", ""severidad"": ""CRITICAL"", ""accion"": ""CUARENTENA"", ""tipo_problema"": ""FALTANTE"", ""dimension_calidad"": ""COMPLETITUD"", ""valor_original"": """", ""detalle"": ""Temperatura vacía""}, {""rule_id"": ""IOT-R026"", ""columna_afectada"": ""producto_id"", ""codigo_error"": ""REFERENCIA_INEXISTENTE"", ""severidad"": ""WARNING"", ""accion"": ""REVISAR"", ""tipo_problema"": ""INTEGRIDAD"", ""dimension_calidad"": ""INTEGRIDAD"", ""valor_original"": ""PROD-018"", ""detalle"": ""Sin correspondencia en dimensión Silver de cobertura parcial; revisar, no inferir identificador inválido""}]",1,1,True,GIAD-M3-S4-IOT-diagnostico-v7,1.1.0,edb7afe2f7fb836e59fe605d30c88b3b5b13a6d8ab2ec0b37f206a14e58de6bf,America/La_Paz,IOT-R028,2026-08-07T07:53:00Z,America/La_Paz,,SIN_TRATAMIENTO,CAM-09,True,IOT-R016:FALTANTE,False,True,False,False,GIAD-M3-S4-IOT-tratamiento-v6
18330,2026-08-14 13:36:00,VIA-00764,ORD-2026-06632,CAM-19,PROD-002,-999.0,C,46.6,0,0,temperatura_cabina_c,1,IOT-R018,"[{""rule_id"": ""IOT-R018"", ""columna_afectada"": ""temperatura_cabina_c"", ""codigo_error"": ""VALOR_CENTINELA"", ""severidad"": ""CRITICAL"", ""accion"": ""CUARENTENA"", ""tipo_problema"": ""VALIDEZ"", ""dimension_calidad"": ""VALIDEZ"", ""valor_original"": ""-999.0"", ""detalle"": ""-999 es centinela: lectura no evaluable para rangos térmicos""}]",1,0,True,GIAD-M3-S4-IOT-diagnostico-v7,1.1.0,edb7afe2f7fb836e59fe605d30c88b3b5b13a6d8ab2ec0b37f206a14e58de6bf,America/La_Paz,IOT-R028,2026-08-14T17:36:00Z,America/La_Paz,,SIN_TRATAMIENTO,CAM-19,True,IOT-R018:VALOR_CENTINELA,True,True,False,False,GIAD-M3-S4-IOT-tratamiento-v6
18379,2026-08-23 17:15:00,VIA-00766,ORD-2026-01516,CAM-19,PROD-001,-999.0,C,73.7,0,0,temperatura_cabina_c,1,IOT-R018,"[{""rule_id"": ""IOT-R018"", ""columna_afectada"": ""temperatura_cabina_c"", ""codigo_error"": ""VALOR_CENTINELA"", ""severidad"": ""CRITICAL"", ""accion"": ""CUARENTENA"", ""tipo_problema"": ""VALIDEZ"", ""dimension_calidad"": ""VALIDEZ"", ""valor_original"": ""-999.0"", ""detalle"": ""-999 es centinela: lectura no evaluable para rangos térmicos""}]",1,0,True,GIAD-M3-S4-IOT-diagnostico-v7,1.1.0,edb7afe2f7fb836e59fe605d30c88b3b5b13a6d8ab2ec0b37f206a14e58de6bf,America/La_Paz,IOT-R028,2026-08-23T21:15:00Z,America/La_Paz,,SIN_TRATAMIENTO,CAM-19,True,IOT-R018:VALOR_CENTINELA,True,True,False,False,GIAD-M3-S4-IOT-tratamiento-v6
18383,2026-08-23 19:15:00,VIA-00766,ORD-2026-01516,CAM-19,PROD-001,-999.0,C,77.8,0,0,temperatura_cabina_c,1,IOT-R018,"[{""rule_id"": ""IOT-R018"", ""columna_afectada"": ""temperatura_cabina_c"", ""codigo_error"": ""VALOR_CENTINELA"", ""severidad"": ""CRITICAL"", ""accion"": ""CUARENTENA"", ""tipo_problema"": ""VALIDEZ"", ""dimension_calidad"": ""VALIDEZ"", ""valor_original"": ""-999.0"", ""detalle"": ""-999 es centinela: lectura no evaluable para rangos térmicos""}]",1,0,True,GIAD-M3-S4-IOT-diagnostico-v7,1.1.0,edb7afe2f7fb836e59fe605d30c88b3b5b13a6d8ab2ec0b37f206a14e58de6bf,America/La_Paz,IOT-R028,2026-08-23T23:15:00Z,America/La_Paz,,SIN_TRATAMIENTO,CAM-19,True,IOT-R018:VALOR_CENTINELA,True,True,False,False,GIAD-M3-S4-IOT-tratamiento-v6
18431,2026-08-31 07:27:00,VIA-00768,ORD-2026-06675,CAM-03,PROD-006,-999.0,C,41.6,0,0,temperatura_cabina_c,1,IOT-R018,"[{""rule_id"": ""IOT-R018"", ""columna_afectada"": ""temperatura_cabina_c"", ""codigo_error"": ""VALOR_CENTINELA"", ""severidad"": ""CRITICAL"", ""accion"": ""CUARENTENA"", ""tipo_problema"": ""VALIDEZ"", ""dimension_calidad"": ""VALIDEZ"", ""valor_original"": ""-999.0"", ""detalle"": ""-999 es centinela: lectura no evaluable para rangos térmicos""}]",1,0,True,GIAD-M3-S4-IOT-diagnostico-v7,1.1.0,edb7afe2f7fb836e59fe605d30c88b3b5b13a6d8ab2ec0b37f206a14e58de6bf,America/La_Paz,IOT-R028,2026-08-31T11:27:00Z,America/La_Paz,,SIN_TRATAMIENTO,CAM-03,True,IOT-R018:VALOR_CENTINELA,True,True,False,False,GIAD-M3-S4-IOT-tratamiento-v6
18619,2026-08-17 07:31:00,VIA-00776,ORD-2026-01071,CAM-28,PROD-023,277.87,K,81.6,0,0,temp_unit,1,IOT-R029,"[{""rule_id"": ""IOT-R029"", ""columna_afectada"": ""temp_unit"", ""codigo_error"": ""UNIDAD_NO_ESPERADA"", ""severidad"": ""CRITICAL"", ""accion"": ""CUARENTENA"", ""tipo_problema"": ""DOMINIO"", ""dimension_calidad"": ""VALIDEZ"", ""valor_original"": ""K"", ""detalle"": ""Kelvin no es una unidad operacional admitida para AndinaLog; revisar procedencia""}]",1,0,True,GIAD-M3-S4-IOT-diagnostico-v7,1.1.0,edb7afe2f7fb836e59fe605d30c88b3b5b13a6d8ab2ec0b37f206a14e58de6bf,America/La_Paz,IOT-R028,2026-08-17T11:31:00Z,America/La_Paz,,SIN_TRATAMIENTO,CAM-28,True,IOT-R029:UNIDAD_NO_ESPERADA,True,True,False,False,GIAD-M3-S4-IOT-tratamiento-v6
18632,2026-08-16 11:23:00,VIA-00777,ORD-2026-06731,CAM-03,PROD-020,,C,41.2,0,0,temperatura_cabina_c,1,IOT-R016,"[{""rule_id"": ""IOT-R016"", ""columna_afectada"": ""temperatura_cabina_c"", ""codigo_error"": ""FALTANTE"", ""severidad"": ""CRITICAL"", ""accion"": ""CUARENTENA"", ""tipo_problema"": ""FALTANTE"", ""dimension_calidad"": ""COMPLETITUD"", ""valor_original"": """", ""detalle"": ""Temperatura vacía""}]",1,0,True,GIAD-M3-S4-IOT-diagnostico-v7,1.1.0,edb7afe2f7fb836e59fe605d30c88b3b5b13a6d8ab2ec0b37f206a14e58de6bf,America/La_Paz,IOT-R028,2026-08-16T15:23:00Z,America/La_Paz,,SIN_TRATAMIENTO,CAM-03,True,IOT-R016:FALTANTE,True,True,False,False,GIAD-M3-S4-IOT-tratamiento-v6
18636,2026-08-16 13:23:00,VIA-00777,ORD-2026-06731,CAM-03,PROD-020,18.22,C,-38.8,0,0,humedad_cabina_pct,1,IOT-R021,"[{""rule_id"": ""IOT-R021"", ""columna_afectada"": ""humedad_cabina_pct"", ""codigo_error"": ""FUERA_RANGO"", ""severidad"": ""CRITICAL"", ""accion"": ""CUARENTENA"", ""tipo_problema"": ""VALIDEZ"", ""dimension_calidad"": ""VALIDEZ"", ""valor_original"": ""-38.8"", ""detalle"": ""Humedad fuera de 0 a 100%""}]",1,0,True,GIAD-M3-S4-IOT-diagnostico-v7,1.1.0,edb7afe2f7fb836e59fe605d30c88b3b5b13a6d8ab2ec0b37f206a14e58de6bf,America/La_Paz,IOT-R028,2026-08-16T17:23:00Z,America/La_Paz,18.22,C_ORIGINAL,CAM-03,True,IOT-R021:FUERA_RANGO,True,True,False,False,GIAD-M3-S4-IOT-tratamiento-v6
18782,2026-08-15 10:07:00,VIA-00783,ORD-2026-05701,CAM-20,PROD-052,,C,77.8,0,0,temperatura_cabina_c|camion_id,2,IOT-R016|IOT-R027,"[{""rule_id"": ""IOT-R016"", ""columna_afectada"": ""temperatura_cabina_c"", ""codigo_error"": ""FALTANTE"", ""severidad"": ""CRITICAL"", ""accion"": ""CUARENTENA"", ""tipo_problema"": ""FALTANTE"", ""dimension_calidad"": ""COMPLETITUD"", ""valor_original"": """", ""detalle"": ""Temperatura vacía""}, {""rule_id"": ""IOT-R027"", ""columna_afectada"": ""camion_id"", ""codigo_error"": ""REFERENCIA_INEXISTENTE"", ""severidad"": ""WARNING"", ""accion"": ""REVISAR"", ""tipo_problema"": ""INTEGRIDAD"", ""dimension_calidad"": ""INTEGRIDAD"", ""valor_original"": ""CAM-20"", ""detalle"": ""Sin correspondencia en dimensión Silver de cobertura parcial; revisar, no inferir identificador inválido""}]",1,1,True,GIAD-M3-S4-IOT-diagnostico-v7,1.1.0,edb7afe2f7fb836e59fe605d30c88b3b5b13a6d8ab2ec0b37f206a14e58de6bf,America/La_Paz,IOT-R028,2026-08-15T14:07:00Z,America/La_Paz,,SIN_TRATAMIENTO,CAM-20,True,IOT-R016:FALTANTE,True,False,False,False,GIAD-M3-S4-IOT-tratamiento-v6
18787,2026-08-15 12:37:00,VIA-00783,ORD-2026-05701, cam-20 ,PROD-052,4.17,C,78.1,0,0,camion_id,2,IOT-R008|IOT-R027,"[{""rule_id"": ""IOT-R008"", ""columna_afectada"": ""camion_id"", ""codigo_error"": ""FORMATO_INVALIDO"", ""severidad"": ""CRITICAL"", ""accion"": ""CUARENTENA"", ""tipo_problema"": ""FORMATO"", ""dimension_calidad"": ""CONFORMIDAD"", ""valor_original"": "" cam-20 "", ""detalle"": ""Formato esperado CAM-00""}, {""rule_id"": ""IOT-R027"", ""columna_afectada"": ""camion_id"", ""codigo_error"": ""REFERENCIA_INEXISTENTE"", ""severidad"": ""WARNING"", ""accion"": ""REVISAR"", ""tipo_problema"": ""INTEGRIDAD"", ""dimension_calidad"": ""INTEGRIDAD"", ""valor_original"": "" cam-20 "", ""detalle"": ""Sin correspondencia en dimensión Silver de cobertura parcial; revisar, no inferir identificador inválido""}]",1,1,True,GIAD-M3-S4-IOT-diagnostico-v7,1.1.0,edb7afe2f7fb836e59fe605d30c88b3b5b13a6d8ab2ec0b37f206a14e58de6bf,America/La_Paz,IOT-R028,2026-08-15T16:37:00Z,America/La_Paz,4.17,C_ORIGINAL, cam-20 ,True,IOT-R008:FORMATO_INVALIDO,True,False,False,False,GIAD-M3-S4-IOT-tratamiento-v6
18810,2026-08-22 10:58:00,VIA-00784,ORD-2026-02448,CAM-15,PROD-005,,C,42.4,0,0,temperatura_cabina_c,1,IOT-R016,"[{""rule_id"": ""IOT-R016"", ""columna_afectada"": ""temperatura_cabina_c"", ""codigo_error"": ""FALTANTE"", ""severidad"": ""CRITICAL"", ""accion"": ""CUARENTENA"", ""tipo_problema"": ""FALTANTE"", ""dimension_calidad"": ""COMPLETITUD"", ""valor_original"": """", ""detalle"": ""Temperatura vacía""}]",1,0,True,GIAD-M3-S4-IOT-diagnostico-v7,1.1.0,edb7afe2f7fb836e59fe605d30c88b3b5b13a6d8ab2ec0b37f206a14e58de6bf,America/La_Paz,IOT-R028,2026-08-22T14:58:00Z,America/La_Paz,,SIN_TRATAMIENTO,CAM-15,True,IOT-R016:FALTANTE,True,True,False,False,GIAD-M3-S4-IOT-tratamiento-v6
19040,2026-08-27 01:28:00,VIA-00794,ORD-2026-02599,CAM-19,PROD-040,-999.0,C,48.6,0,0,temperatura_cabina_c,1,IOT-R018,"[{""rule_id"": ""IOT-R018"", ""columna_afectada"": ""temperatura_cabina_c"", ""codigo_error"": ""VALOR_CENTINELA"", ""severidad"": ""CRITICAL"", ""accion"": ""CUARENTENA"", ""tipo_problema"": ""VALIDEZ"", ""dimension_calidad"": ""VALIDEZ"", ""valor_original"": ""-999.0"", ""detalle"": ""-999 es centinela: lectura no evaluable para rangos térmicos""}]",1,0,True,GIAD-M3-S4-IOT-diagnostico-v7,1.1.0,edb7afe2f7fb836e59fe605d30c88b3b5b13a6d8ab2ec0b37f206a14e58de6bf,America/La_Paz,IOT-R028,2026-08-27T05:28:00Z,America/La_Paz,,SIN_TRATAMIENTO,CAM-19,True,IOT-R018:VALOR_CENTINELA,True,True,False,False,GIAD-M3-S4-IOT-tratamiento-v6
19197,2026-08-25 04:54:00,VIA-00800,ORD-2026-02180,CAM-24,PROD-021,3.67,C,,0,0,humedad_cabina_pct,1,IOT-R019,"[{""rule_id"": ""IOT-R019"", ""columna_afectada"": ""humedad_cabina_pct"", ""codigo_error"": ""FALTANTE"", ""severidad"": ""CRITICAL"", ""accion"": ""CUARENTENA"", ""tipo_problema"": ""FALTANTE"", ""dimension_calidad"": ""COMPLETITUD"", ""valor_original"": """", ""detalle"": ""Humedad vacía""}]",1,0,True,GIAD-M3-S4-IOT-diagnostico-v7,1.1.0,edb7afe2f7fb836e59fe605d30c88b3b5b13a6d8ab2ec0b37f206a14e58de6bf,America/La_Paz,IOT-R028,2026-08-25T08:54:00Z,America/La_Paz,3.67,C_ORIGINAL,CAM-24,True,IOT-R019:FALTANTE,True,True,False,False,GIAD-M3-S4-IOT-tratamiento-v6
19393,2026-08-22 07:40:00,VIA-00809,ORD-2026-02325,CAM-04,PROD-017,18.13,C,-50.9,0,0,humedad_cabina_pct,1,IOT-R021,"[{""rule_id"": ""IOT-R021"", ""columna_afectada"": ""humedad_cabina_pct"", ""codigo_error"": ""FUERA_RANGO"", ""severidad"": ""CRITICAL"", ""accion"": ""CUARENTENA"", ""tipo_problema"": ""VALIDEZ"", ""dimension_calidad"": ""VALIDEZ"", ""valor_original"": ""-50.9"", ""detalle"": ""Humedad fuera de 0 a 100%""}]",1,0,True,GIAD-M3-S4-IOT-diagnostico-v7,1.1.0,edb7afe2f7fb836e59fe605d30c88b3b5b13a6d8ab2ec0b37f206a14e58de6bf,America/La_Paz,IOT-R028,2026-08-22T11:40:00Z,America/La_Paz,18.13,C_ORIGINAL,CAM-04,True,IOT-R021:FUERA_RANGO,True,True,False,False,GIAD-M3-S4-IOT-tratamiento-v6
19491,2026-08-05 10:38:00,VIA-00813,ORD-2026-00406,CAM-28,PROD-003,24.75,C,,0,0,humedad_cabina_pct,1,IOT-R019,"[{""rule_id"": ""IOT-R019"", ""columna_afectada"": ""humedad_cabina_pct"", ""codigo_error"": ""FALTANTE"", ""severidad"": ""CRITICAL"", ""accion"": ""CUARENTENA"", ""tipo_problema"": ""FALTANTE"", ""dimension_calidad"": ""COMPLETITUD"", ""valor_original"": """", ""detalle"": ""Humedad vacía""}]",1,0,True,GIAD-M3-S4-IOT-diagnostico-v7,1.1.0,edb7afe2f7fb836e59fe605d30c88b3b5b13a6d8ab2ec0b37f206a14e58de6bf,America/La_Paz,IOT-R028,2026-08-05T14:38:00Z,America/La_Paz,24.75,C_ORIGINAL,CAM-28,True,IOT-R019:FALTANTE,True,True,False,False,GIAD-M3-S4-IOT-tratamiento-v6
19544,2026-08-15 23:58:00,VIA-00815,ORD-2026-00036,CAM-29,PROD-019,18.34,C,,0,0,humedad_cabina_pct,1,IOT-R019,"[{""rule_id"": ""IOT-R019"", ""columna_afectada"": ""humedad_cabina_pct"", ""codigo_error"": ""FALTANTE"", ""severidad"": ""CRITICAL"", ""accion"": ""CUARENTENA"", ""tipo_problema"": ""FALTANTE"", ""dimension_calidad"": ""COMPLETITUD"", ""valor_original"": """", ""detalle"": ""Humedad vacía""}]",1,0,True,GIAD-M3-S4-IOT-diagnostico-v7,1.1.0,edb7afe2f7fb836e59fe605d30c88b3b5b13a6d8ab2ec0b37f206a14e58de6bf,America/La_Paz,IOT-R028,2026-08-16T03:58:00Z,America/La_Paz,18.34,C_ORIGINAL,CAM-29,True,IOT-R019:FALTANTE,True,True,False,False,GIAD-M3-S4-IOT-tratamiento-v6
19589,2026-08-29 21:04:00,VIA-00817,ORD-2026-03696,CAM-19,PROD-044,-999.0,C,74.4,0,0,temperatura_cabina_c,1,IOT-R018,"[{""rule_id"": ""IOT-R018"", ""columna_afectada"": ""temperatura_cabina_c"", ""codigo_error"": ""VALOR_CENTINELA"", ""severidad"": ""CRITICAL"", ""accion"": ""CUARENTENA"", ""tipo_problema"": ""VALIDEZ"", ""dimension_calidad"": ""VALIDEZ"", ""valor_original"": ""-999.0"", ""detalle"": ""-999 es centinela: lectura no evaluable para rangos térmicos""}]",1,0,True,GIAD-M3-S4-IOT-diagnostico-v7,1.1.0,edb7afe2f7fb836e59fe605d30c88b3b5b13a6d8ab2ec0b37f206a14e58de6bf,America/La_Paz,IOT-R028,2026-08-30T01:04:00Z,America/La_Paz,,SIN_TRATAMIENTO,CAM-19,True,IOT-R018:VALOR_CENTINELA,True,True,False,False,GIAD-M3-S4-IOT-tratamiento-v6
19655,2026-08-03 13:02:00,VIA-00819,ORD-2026-01821,CAM-01,PROD-040,17.55,C,,0,0,humedad_cabina_pct,1,IOT-R019,"[{""rule_id"": ""IOT-R019"", ""columna_afectada"": ""humedad_cabina_pct"", ""codigo_error"": ""FALTANTE"", ""severidad"": ""CRITICAL"", ""accion"": ""CUARENTENA"", ""tipo_problema"": ""FALTANTE"", ""dimension_calidad"": ""COMPLETITUD"", ""valor_original"": """", ""detalle"": ""Humedad vacía""}]",1,0,True,GIAD-M3-S4-IOT-diagnostico-v7,1.1.0,edb7afe2f7fb836e59fe605d30c88b3b5b13a6d8ab2ec0b37f206a14e58de6bf,America/La_Paz,IOT-R028,2026-08-03T17:02:00Z,America/La_Paz,17.55,C_ORIGINAL,CAM-01,True,IOT-R019:FALTANTE,True,True,False,False,GIAD-M3-S4-IOT-tratamiento-v6
19829,2026-08-22 22:19:00,VIA-00827,ORD-2026-01453,CAM-01,PROD-014,-999.0,C,42.2,0,0,temperatura_cabina_c,1,IOT-R018,"[{""rule_id"": ""IOT-R018"", ""columna_afectada"": ""temperatura_cabina_c"", ""codigo_error"": ""VALOR_CENTINELA"", ""severidad"": ""CRITICAL"", ""accion"": ""CUARENTENA"", ""tipo_problema"": ""VALIDEZ"", ""dimension_calidad"": ""VALIDEZ"", ""valor_original"": ""-999.0"", ""detalle"": ""-999 es centinela: lectura no evaluable para rangos térmicos""}]",1,0,True,GIAD-M3-S4-IOT-diagnostico-v7,1.1.0,edb7afe2f7fb836e59fe605d30c88b3b5b13a6d8ab2ec0b37f206a14e58de6bf,America/La_Paz,IOT-R028,2026-08-23T02:19:00Z,America/La_Paz,,SIN_TRATAMIENTO,CAM-01,True,IOT-R018:VALOR_CENTINELA,True,True,False,False,GIAD-M3-S4-IOT-tratamiento-v6
19881,2026-08-17 03:53:00,VIA-00829,ORD-2026-00696,CAM-24,PROD-041,-999.0,C,71.8,0,0,temperatura_cabina_c,1,IOT-R018,"[{""rule_id"": ""IOT-R018"", ""columna_afectada"": ""temperatura_cabina_c"", ""codigo_error"": ""VALOR_CENTINELA"", ""severidad"": ""CRITICAL"", ""accion"": ""CUARENTENA"", ""tipo_problema"": ""VALIDEZ"", ""dimension_calidad"": ""VALIDEZ"", ""valor_original"": ""-999.0"", ""detalle"": ""-999 es centinela: lectura no evaluable para rangos térmicos""}]",1,0,True,GIAD-M3-S4-IOT-diagnostico-v7,1.1.0,edb7afe2f7fb836e59fe605d30c88b3b5b13a6d8ab2ec0b37f206a14e58de6bf,America/La_Paz,IOT-R028,2026-08-17T07:53:00Z,America/La_Paz,,SIN_TRATAMIENTO,CAM-24,True,IOT-R018:VALOR_CENTINELA,True,True,False,False,GIAD-M3-S4-IOT-tratamiento-v6
19962,2026-08-20 22:48:00,VIA-00832,ORD-2026-03308,CAM-26,PROD-028,-999.0,C,50.8,0,0,temperatura_cabina_c|producto_id,2,IOT-R018|IOT-R026,"[{""rule_id"": ""IOT-R018"", ""columna_afectada"": ""temperatura_cabina_c"", ""codigo_error"": ""VALOR_CENTINELA"", ""severidad"": ""CRITICAL"", ""accion"": ""CUARENTENA"", ""tipo_problema"": ""VALIDEZ"", ""dimension_calidad"": ""VALIDEZ"", ""valor_original"": ""-999.0"", ""detalle"": ""-999 es centinela: lectura no evaluable para rangos térmicos""}, {""rule_id"": ""IOT-R026"", ""columna_afectada"": ""producto_id"", ""codigo_error"": ""REFERENCIA_INEXISTENTE"", ""severidad"": ""WARNING"", ""accion"": ""REVISAR"", ""tipo_problema"": ""INTEGRIDAD"", ""dimension_calidad"": ""INTEGRIDAD"", ""valor_original"": ""PROD-028"", ""detalle"": ""Sin correspondencia en dimensión Silver de cobertura parcial; revisar, no inferir identificador inválido""}]",1,1,True,GIAD-M3-S4-IOT-diagnostico-v7,1.1.0,edb7afe2f7fb836e59fe605d30c88b3b5b13a6d8ab2ec0b37f206a14e58de6bf,America/La_Paz,IOT-R028,2026-08-21T02:48:00Z,America/La_Paz,,SIN_TRATAMIENTO,CAM-26,True,IOT-R018:VALOR_CENTINELA,False,True,False,False,GIAD-M3-S4-IOT-tratamiento-v6
20039,2026-08-13 11:53:00,VIA-00835,ORD-2026-00787,CAM-25,PROD-060,254.28,K,81.6,0,0,temp_unit,1,IOT-R029,"[{""rule_id"": ""IOT-R029"", ""columna_afectada"": ""temp_unit"", ""codigo_error"": ""UNIDAD_NO_ESPERADA"", ""severidad"": ""CRITICAL"", ""accion"": ""CUARENTENA"", ""tipo_problema"": ""DOMINIO"", ""dimension_calidad"": ""VALIDEZ"", ""valor_original"": ""K"", ""detalle"": ""Kelvin no es una unidad operacional admitida para AndinaLog; revisar procedencia""}]",1,0,True,GIAD-M3-S4-IOT-diagnostico-v7,1.1.0,edb7afe2f7fb836e59fe605d30c88b3b5b13a6d8ab2ec0b37f206a14e58de6bf,America/La_Paz,IOT-R028,2026-08-13T15:53:00Z,America/La_Paz,,SIN_TRATAMIENTO,CAM-25,True,IOT-R029:UNIDAD_NO_ESPERADA,True,True,False,False,GIAD-M3-S4-IOT-tratamiento-v6
20071,2026-08-02 08:25:00,VIA-00837,ORD-2026-05889,CAM-15,PROD-055,,C,55.9,0,0,temperatura_cabina_c,1,IOT-R016,"[{""rule_id"": ""IOT-R016"", ""columna_afectada"": ""temperatura_cabina_c"", ""codigo_error"": ""FALTANTE"", ""severidad"": ""CRITICAL"", ""accion"": ""CUARENTENA"", ""tipo_problema"": ""FALTANTE"", ""dimension_calidad"": ""COMPLETITUD"", ""valor_original"": """", ""detalle"": ""Temperatura vacía""}]",1,0,True,GIAD-M3-S4-IOT-diagnostico-v7,1.1.0,edb7afe2f7fb836e59fe605d30c88b3b5b13a6d8ab2ec0b37f206a14e58de6bf,America/La_Paz,IOT-R028,2026-08-02T12:25:00Z,America/La_Paz,,SIN_TRATAMIENTO,CAM-15,True,IOT-R016:FALTANTE,True,True,False,False,GIAD-M3-S4-IOT-tratamiento-v6
20097,2026-08-12 02:45:00,VIA-00838,ORD-2026-02844, cam-20 ,PROD-046,18.38,C,44.8,0,0,camion_id|producto_id,3,IOT-R008|IOT-R026|IOT-R027,"[{""rule_id"": ""IOT-R008"", ""columna_afectada"": ""camion_id"", ""codigo_error"": ""FORMATO_INVALIDO"", ""severidad"": ""CRITICAL"", ""accion"": ""CUARENTENA"", ""tipo_problema"": ""FORMATO"", ""dimension_calidad"": ""CONFORMIDAD"", ""valor_original"": "" cam-20 "", ""detalle"": ""Formato esperado CAM-00""}, {""rule_id"": ""IOT-R026"", ""columna_afectada"": ""producto_id"", ""codigo_error"": ""REFERENCIA_INEXISTENTE"", ""severidad"": ""WARNING"", ""accion"": ""REVISAR"", ""tipo_problema"": ""INTEGRIDAD"", ""dimension_calidad"": ""INTEGRIDAD"", ""valor_original"": ""PROD-046"", ""detalle"": ""Sin correspondencia en dimensión Silver de cobertura parcial; revisar, no inferir identificador inválido""}, {""rule_id"": ""IOT-R027"", ""columna_afectada"": ""camion_id"", ""codigo_error"": ""REFERENCIA_INEXISTENTE"", ""severidad"": ""WARNING"", ""accion"": ""REVISAR"", ""tipo_problema"": ""INTEGRIDAD"", ""dimension_calidad"": ""INTEGRIDAD"", ""valor_original"": "" cam-20 "", ""detalle"": ""Sin correspondencia en dimensión Silver de cobertura parcial; revisar, no inferir identificador inválido""}]",1,2,True,GIAD-M3-S4-IOT-diagnostico-v7,1.1.0,edb7afe2f7fb836e59fe605d30c88b3b5b13a6d8ab2ec0b37f206a14e58de6bf,America/La_Paz,IOT-R028,2026-08-12T06:45:00Z,America/La_Paz,18.38,C_ORIGINAL, cam-20 ,True,IOT-R008:FORMATO_INVALIDO,False,False,False,False,GIAD-M3-S4-IOT-tratamiento-v6
20228,2026-08-26 09:42:00,VIA-00843,ORD-2026-07262,CAM-28,PROD-025,-10.1,C,-83.3,1,1,humedad_cabina_pct,1,IOT-R021,"[{""rule_id"": ""IOT-R021"", ""columna_afectada"": ""humedad_cabina_pct"", ""codigo_error"": ""FUERA_RANGO"", ""severidad"": ""CRITICAL"", ""accion"": ""CUARENTENA"", ""tipo_problema"": ""VALIDEZ"", ""dimension_calidad"": ""VALIDEZ"", ""valor_original"": ""-83.3"", ""detalle"": ""Humedad fuera de 0 a 100%""}]",1,0,True,GIAD-M3-S4-IOT-diagnostico-v7,1.1.0,edb7afe2f7fb836e59fe605d30c88b3b5b13a6d8ab2ec0b37f206a14e58de6bf,America/La_Paz,IOT-R028,2026-08-26T13:42:00Z,America/La_Paz,-10.1,C_ORIGINAL,CAM-28,True,IOT-R021:FUERA_RANGO,True,True,False,False,GIAD-M3-S4-IOT-tratamiento-v6
20311,2026-08-18 10:45:00,VIA-00847,ORD-2026-04887,CAM-19,PROD-018,-999.0,C,50.1,0,0,temperatura_cabina_c|producto_id,2,IOT-R018|IOT-R026,"[{""rule_id"": ""IOT-R018"", ""columna_afectada"": ""temperatura_cabina_c"", ""codigo_error"": ""VALOR_CENTINELA"", ""severidad"": ""CRITICAL"", ""accion"": ""CUARENTENA"", ""tipo_problema"": ""VALIDEZ"", ""dimension_calidad"": ""VALIDEZ"", ""valor_original"": ""-999.0"", ""detalle"": ""-999 es centinela: lectura no evaluable para rangos térmicos""}, {""rule_id"": ""IOT-R026"", ""columna_afectada"": ""producto_id"", ""codigo_error"": ""REFERENCIA_INEXISTENTE"", ""severidad"": ""WARNING"", ""accion"": ""REVISAR"", ""tipo_problema"": ""INTEGRIDAD"", ""dimension_calidad"": ""INTEGRIDAD"", ""valor_original"": ""PROD-018"", ""detalle"": ""Sin correspondencia en dimensión Silver de cobertura parcial; revisar, no inferir identificador inválido""}]",1,1,True,GIAD-M3-S4-IOT-diagnostico-v7,1.1.0,edb7afe2f7fb836e59fe605d30c88b3b5b13a6d8ab2ec0b37f206a14e58de6bf,America/La_Paz,IOT-R028,2026-08-18T14:45:00Z,America/La_Paz,,SIN_TRATAMIENTO,CAM-19,True,IOT-R018:VALOR_CENTINELA,False,True,False,False,GIAD-M3-S4-IOT-tratamiento-v6
20388,2026-08-16 04:10:00,VIA-00850,ORD-2026-05780,CAM-26,PROD-034,-999.0,C,71.4,1,1,temperatura_cabina_c,1,IOT-R018,"[{""rule_id"": ""IOT-R018"", ""columna_afectada"": ""temperatura_cabina_c"", ""codigo_error"": ""VALOR_CENTINELA"", ""severidad"": ""CRITICAL"", ""accion"": ""CUARENTENA"", ""tipo_problema"": ""VALIDEZ"", ""dimension_calidad"": ""VALIDEZ"", ""valor_original"": ""-999.0"", ""detalle"": ""-999 es centinela: lectura no evaluable para rangos térmicos""}]",1,0,True,GIAD-M3-S4-IOT-diagnostico-v7,1.1.0,edb7afe2f7fb836e59fe605d30c88b3b5b13a6d8ab2ec0b37f206a14e58de6bf,America/La_Paz,IOT-R028,2026-08-16T08:10:00Z,America/La_Paz,,SIN_TRATAMIENTO,CAM-26,True,IOT-R018:VALOR_CENTINELA,True,True,False,False,GIAD-M3-S4-IOT-tratamiento-v6
20461,2026-08-16 18:36:00,VIA-00853,ORD-2026-06319,CAM-02,PROD-052,-999.0,C,59.9,0,0,temperatura_cabina_c,1,IOT-R018,"[{""rule_id"": ""IOT-R018"", ""columna_afectada"": ""temperatura_cabina_c"", ""codigo_error"": ""VALOR_CENTINELA"", ""severidad"": ""CRITICAL"", ""accion"": ""CUARENTENA"", ""tipo_problema"": ""VALIDEZ"", ""dimension_calidad"": ""VALIDEZ"", ""valor_original"": ""-999.0"", ""detalle"": ""-999 es centinela: lectura no evaluable para rangos térmicos""}]",1,0,True,GIAD-M3-S4-IOT-diagnostico-v7,1.1.0,edb7afe2f7fb836e59fe605d30c88b3b5b13a6d8ab2ec0b37f206a14e58de6bf,America/La_Paz,IOT-R028,2026-08-16T22:36:00Z,America/La_Paz,,SIN_TRATAMIENTO,CAM-02,True,IOT-R018:VALOR_CENTINELA,True,True,False,False,GIAD-M3-S4-IOT-tratamiento-v6
20645,2026-08-24 18:54:00,VIA-00861,ORD-2026-00829,CAM-06,PROD-039,-999.0,C,57.9,0,0,temperatura_cabina_c,1,IOT-R018,"[{""rule_id"": ""IOT-R018"", ""columna_afectada"": ""temperatura_cabina_c"", ""codigo_error"": ""VALOR_CENTINELA"", ""severidad"": ""CRITICAL"", ""accion"": ""CUARENTENA"", ""tipo_problema"": ""VALIDEZ"", ""dimension_calidad"": ""VALIDEZ"", ""valor_original"": ""-999.0"", ""detalle"": ""-999 es centinela: lectura no evaluable para rangos térmicos""}]",1,0,True,GIAD-M3-S4-IOT-diagnostico-v7,1.1.0,edb7afe2f7fb836e59fe605d30c88b3b5b13a6d8ab2ec0b37f206a14e58de6bf,America/La_Paz,IOT-R028,2026-08-24T22:54:00Z,America/La_Paz,,SIN_TRATAMIENTO,CAM-06,True,IOT-R018:VALOR_CENTINELA,True,True,False,False,GIAD-M3-S4-IOT-tratamiento-v6
20884,2026-08-10 02:03:00,VIA-00871,ORD-2026-05637,CAM-24,PROD-030,21.1,C,,0,0,humedad_cabina_pct,1,IOT-R019,"[{""rule_id"": ""IOT-R019"", ""columna_afectada"": ""humedad_cabina_pct"", ""codigo_error"": ""FALTANTE"", ""severidad"": ""CRITICAL"", ""accion"": ""CUARENTENA"", ""tipo_problema"": ""FALTANTE"", ""dimension_calidad"": ""COMPLETITUD"", ""valor_original"": """", ""detalle"": ""Humedad vacía""}]",1,0,True,GIAD-M3-S4-IOT-diagnostico-v7,1.1.0,edb7afe2f7fb836e59fe605d30c88b3b5b13a6d8ab2ec0b37f206a14e58de6bf,America/La_Paz,IOT-R028,2026-08-10T06:03:00Z,America/La_Paz,21.1,C_ORIGINAL,CAM-24,True,IOT-R019:FALTANTE,True,True,False,False,GIAD-M3-S4-IOT-tratamiento-v6
21058,2026-02-31 09:15:00,VIA-00878,ORD-2026-02175,CAM-01,PROD-056,5.08,C,85.4,0,0,timestamp,1,IOT-R002,"[{""rule_id"": ""IOT-R002"", ""columna_afectada"": ""timestamp"", ""codigo_error"": ""FECHA_INVALIDA"", ""severidad"": ""CRITICAL"", ""accion"": ""CUARENTENA"", ""tipo_problema"": ""FORMATO"", ""dimension_calidad"": ""CONFORMIDAD"", ""valor_original"": ""2026-02-31 09:15:00"", ""detalle"": ""Formato incorrecto o fecha imposible""}]",1,0,True,GIAD-M3-S4-IOT-diagnostico-v7,1.1.0,edb7afe2f7fb836e59fe605d30c88b3b5b13a6d8ab2ec0b37f206a14e58de6bf,America/La_Paz,IOT-R028,,America/La_Paz,5.08,C_ORIGINAL,CAM-01,True,IOT-R002:FECHA_INVALIDA,True,True,False,False,GIAD-M3-S4-IOT-tratamiento-v6
21074,2026-08-19 08:31:00,VIA-00879,ORD-2026-06707,CAM-01,PROD-020,-999.0,C,62.5,0,1,temperatura_cabina_c,1,IOT-R018,"[{""rule_id"": ""IOT-R018"", ""columna_afectada"": ""temperatura_cabina_c"", ""codigo_error"": ""VALOR_CENTINELA"", ""severidad"": ""CRITICAL"", ""accion"": ""CUARENTENA"", ""tipo_problema"": ""VALIDEZ"", ""dimension_calidad"": ""VALIDEZ"", ""valor_original"": ""-999.0"", ""detalle"": ""-999 es centinela: lectura no evaluable para rangos térmicos""}]",1,0,True,GIAD-M3-S4-IOT-diagnostico-v7,1.1.0,edb7afe2f7fb836e59fe605d30c88b3b5b13a6d8ab2ec0b37f206a14e58de6bf,America/La_Paz,IOT-R028,2026-08-19T12:31:00Z,America/La_Paz,,SIN_TRATAMIENTO,CAM-01,True,IOT-R018:VALOR_CENTINELA,True,True,False,False,GIAD-M3-S4-IOT-tratamiento-v6
21118,2026-08-10 09:52:00,VIA-00880,ORD-2026-04852,CAM-26,PROD-049,3.55,C,,0,0,humedad_cabina_pct|producto_id,2,IOT-R019|IOT-R026,"[{""rule_id"": ""IOT-R019"", ""columna_afectada"": ""humedad_cabina_pct"", ""codigo_error"": ""FALTANTE"", ""severidad"": ""CRITICAL"", ""accion"": ""CUARENTENA"", ""tipo_problema"": ""FALTANTE"", ""dimension_calidad"": ""COMPLETITUD"", ""valor_original"": """", ""detalle"": ""Humedad vacía""}, {""rule_id"": ""IOT-R026"", ""columna_afectada"": ""producto_id"", ""codigo_error"": ""REFERENCIA_INEXISTENTE"", ""severidad"": ""WARNING"", ""accion"": ""REVISAR"", ""tipo_problema"": ""INTEGRIDAD"", ""dimension_calidad"": ""INTEGRIDAD"", ""valor_original"": ""PROD-049"", ""detalle"": ""Sin correspondencia en dimensión Silver de cobertura parcial; revisar, no inferir identificador inválido""}]",1,1,True,GIAD-M3-S4-IOT-diagnostico-v7,1.1.0,edb7afe2f7fb836e59fe605d30c88b3b5b13a6d8ab2ec0b37f206a14e58de6bf,America/La_Paz,IOT-R028,2026-08-10T13:52:00Z,America/La_Paz,3.55,C_ORIGINAL,CAM-26,True,IOT-R019:FALTANTE,False,True,False,False,GIAD-M3-S4-IOT-tratamiento-v6
21159,2026-08-24 04:02:00,VIA-00882,ORD-2026-00488,CAM-26,PROD-041,-999.0,C,64.1,0,0,temperatura_cabina_c,1,IOT-R018,"[{""rule_id"": ""IOT-R018"", ""columna_afectada"": ""temperatura_cabina_c"", ""codigo_error"": ""VALOR_CENTINELA"", ""severidad"": ""CRITICAL"", ""accion"": ""CUARENTENA"", ""tipo_problema"": ""VALIDEZ"", ""dimension_calidad"": ""VALIDEZ"", ""valor_original"": ""-999.0"", ""detalle"": ""-999 es centinela: lectura no evaluable para rangos térmicos""}]",1,0,True,GIAD-M3-S4-IOT-diagnostico-v7,1.1.0,edb7afe2f7fb836e59fe605d30c88b3b5b13a6d8ab2ec0b37f206a14e58de6bf,America/La_Paz,IOT-R028,2026-08-24T08:02:00Z,America/La_Paz,,SIN_TRATAMIENTO,CAM-26,True,IOT-R018:VALOR_CENTINELA,True,True,False,False,GIAD-M3-S4-IOT-tratamiento-v6
21212,2026-08-14 18:14:00,VIA-00884,ORD-2026-02791,CAM-02,PROD-009,2.66,C,,0,0,humedad_cabina_pct,1,IOT-R019,"[{""rule_id"": ""IOT-R019"", ""columna_afectada"": ""humedad_cabina_pct"", ""codigo_error"": ""FALTANTE"", ""severidad"": ""CRITICAL"", ""accion"": ""CUARENTENA"", ""tipo_problema"": ""FALTANTE"", ""dimension_calidad"": ""COMPLETITUD"", ""valor_original"": """", ""detalle"": ""Humedad vacía""}]",1,0,True,GIAD-M3-S4-IOT-diagnostico-v7,1.1.0,edb7afe2f7fb836e59fe605d30c88b3b5b13a6d8ab2ec0b37f206a14e58de6bf,America/La_Paz,IOT-R028,2026-08-14T22:14:00Z,America/La_Paz,2.66,C_ORIGINAL,CAM-02,True,IOT-R019:FALTANTE,True,True,False,False,GIAD-M3-S4-IOT-tratamiento-v6
21240,2026-08-26 04:37:00,VIA-00885,ORD-2026-07094,CAM-08,PROD-036,,C,75.9,0,0,viaje_id+timestamp|temperatura_cabina_c|producto_id,3,IOT-R012|IOT-R016|IOT-R026,"[{""rule_id"": ""IOT-R012"", ""columna_afectada"": ""viaje_id+timestamp"", ""codigo_error"": ""CLAVE_EN_CONFLICTO"", ""severidad"": ""CRITICAL"", ""accion"": ""CUARENTENA"", ""tipo_problema"": ""UNICIDAD"", ""dimension_calidad"": ""UNICIDAD"", ""valor_original"": ""VIA-00885 + 2026-08-26 04:37:00"", ""detalle"": ""Lecturas diferentes con igual clave candidata; se marcan todas""}, {""rule_id"": ""IOT-R016"", ""columna_afectada"": ""temperatura_cabina_c"", ""codigo_error"": ""FALTANTE"", ""severidad"": ""CRITICAL"", ""accion"": ""CUARENTENA"", ""tipo_problema"": ""FALTANTE"", ""dimension_calidad"": ""COMPLETITUD"", ""valor_original"": """", ""detalle"": ""Temperatura vacía""}, {""rule_id"": ""IOT-R026"", ""columna_afectada"": ""producto_id"", ""codigo_error"": ""REFERENCIA_INEXISTENTE"", ""severidad"": ""WARNING"", ""accion"": ""REVISAR"", ""tipo_problema"": ""INTEGRIDAD"", ""dimension_calidad"": ""INTEGRIDAD"", ""valor_original"": ""PROD-036"", ""detalle"": ""Sin correspondencia en dimensión Silver de cobertura parcial; revisar, no inferir identificador inválido""}]",2,1,True,GIAD-M3-S4-IOT-diagnostico-v7,1.1.0,edb7afe2f7fb836e59fe605d30c88b3b5b13a6d8ab2ec0b37f206a14e58de6bf,America/La_Paz,IOT-R028,2026-08-26T08:37:00Z,America/La_Paz,,SIN_TRATAMIENTO,CAM-08,True,IOT-R012:CLAVE_EN_CONFLICTO|IOT-R016:FALTANTE,False,True,False,False,GIAD-M3-S4-IOT-tratamiento-v6
21325,2026-08-07 11:11:00,VIA-00889,ORD-2026-03183,CAM-07,PROD-060,,C,67.2,0,0,temperatura_cabina_c,1,IOT-R016,"[{""rule_id"": ""IOT-R016"", ""columna_afectada"": ""temperatura_cabina_c"", ""codigo_error"": ""FALTANTE"", ""severidad"": ""CRITICAL"", ""accion"": ""CUARENTENA"", ""tipo_problema"": ""FALTANTE"", ""dimension_calidad"": ""COMPLETITUD"", ""valor_original"": """", ""detalle"": ""Temperatura vacía""}]",1,0,True,GIAD-M3-S4-IOT-diagnostico-v7,1.1.0,edb7afe2f7fb836e59fe605d30c88b3b5b13a6d8ab2ec0b37f206a14e58de6bf,America/La_Paz,IOT-R028,2026-08-07T15:11:00Z,America/La_Paz,,SIN_TRATAMIENTO,CAM-07,True,IOT-R016:FALTANTE,True,True,False,False,GIAD-M3-S4-IOT-tratamiento-v6
21409,2026-08-05 02:17:00,VIA-00893,ORD-2026-01236,CAM-10,PROD-049,,C,72.8,0,0,temperatura_cabina_c|producto_id,2,IOT-R016|IOT-R026,"[{""rule_id"": ""IOT-R016"", ""columna_afectada"": ""temperatura_cabina_c"", ""codigo_error"": ""FALTANTE"", ""severidad"": ""CRITICAL"", ""accion"": ""CUARENTENA"", ""tipo_problema"": ""FALTANTE"", ""dimension_calidad"": ""COMPLETITUD"", ""valor_original"": """", ""detalle"": ""Temperatura vacía""}, {""rule_id"": ""IOT-R026"", ""columna_afectada"": ""producto_id"", ""codigo_error"": ""REFERENCIA_INEXISTENTE"", ""severidad"": ""WARNING"", ""accion"": ""REVISAR"", ""tipo_problema"": ""INTEGRIDAD"", ""dimension_calidad"": ""INTEGRIDAD"", ""valor_original"": ""PROD-049"", ""detalle"": ""Sin correspondencia en dimensión Silver de cobertura parcial; revisar, no inferir identificador inválido""}]",1,1,True,GIAD-M3-S4-IOT-diagnostico-v7,1.1.0,edb7afe2f7fb836e59fe605d30c88b3b5b13a6d8ab2ec0b37f206a14e58de6bf,America/La_Paz,IOT-R028,2026-08-05T06:17:00Z,America/La_Paz,,SIN_TRATAMIENTO,CAM-10,True,IOT-R016:FALTANTE,False,True,False,False,GIAD-M3-S4-IOT-tratamiento-v6
21413,2026-08-05 04:17:00,VIA-00893,ORD-2026-01236,CAM-10,PROD-049,,C,78.6,0,0,temperatura_cabina_c|producto_id,2,IOT-R016|IOT-R026,"[{""rule_id"": ""IOT-R016"", ""columna_afectada"": ""temperatura_cabina_c"", ""codigo_error"": ""FALTANTE"", ""severidad"": ""CRITICAL"", ""accion"": ""CUARENTENA"", ""tipo_problema"": ""FALTANTE"", ""dimension_calidad"": ""COMPLETITUD"", ""valor_original"": """", ""detalle"": ""Temperatura vacía""}, {""rule_id"": ""IOT-R026"", ""columna_afectada"": ""producto_id"", ""codigo_error"": ""REFERENCIA_INEXISTENTE"", ""severidad"": ""WARNING"", ""accion"": ""REVISAR"", ""tipo_problema"": ""INTEGRIDAD"", ""dimension_calidad"": ""INTEGRIDAD"", ""valor_original"": ""PROD-049"", ""detalle"": ""Sin correspondencia en dimensión Silver de cobertura parcial; revisar, no inferir identificador inválido""}]",1,1,True,GIAD-M3-S4-IOT-diagnostico-v7,1.1.0,edb7afe2f7fb836e59fe605d30c88b3b5b13a6d8ab2ec0b37f206a14e58de6bf,America/La_Paz,IOT-R028,2026-08-05T08:17:00Z,America/La_Paz,,SIN_TRATAMIENTO,CAM-10,True,IOT-R016:FALTANTE,False,True,False,False,GIAD-M3-S4-IOT-tratamiento-v6
21421,2026-02-31 09:15:00,VIA-00893,ORD-2026-01236,CAM-10,PROD-049,4.08,C,68.3,0,1,timestamp|producto_id,2,IOT-R002|IOT-R026,"[{""rule_id"": ""IOT-R002"", ""columna_afectada"": ""timestamp"", ""codigo_error"": ""FECHA_INVALIDA"", ""severidad"": ""CRITICAL"", ""accion"": ""CUARENTENA"", ""tipo_problema"": ""FORMATO"", ""dimension_calidad"": ""CONFORMIDAD"", ""valor_original"": ""2026-02-31 09:15:00"", ""detalle"": ""Formato incorrecto o fecha imposible""}, {""rule_id"": ""IOT-R026"", ""columna_afectada"": ""producto_id"", ""codigo_error"": ""REFERENCIA_INEXISTENTE"", ""severidad"": ""WARNING"", ""accion"": ""REVISAR"", ""tipo_problema"": ""INTEGRIDAD"", ""dimension_calidad"": ""INTEGRIDAD"", ""valor_original"": ""PROD-049"", ""detalle"": ""Sin correspondencia en dimensión Silver de cobertura parcial; revisar, no inferir identificador inválido""}]",1,1,True,GIAD-M3-S4-IOT-diagnostico-v7,1.1.0,edb7afe2f7fb836e59fe605d30c88b3b5b13a6d8ab2ec0b37f206a14e58de6bf,America/La_Paz,IOT-R028,,America/La_Paz,4.08,C_ORIGINAL,CAM-10,True,IOT-R002:FECHA_INVALIDA,False,True,False,False,GIAD-M3-S4-IOT-tratamiento-v6
21435,2026-08-30 12:10:00,VIA-00894,ORD-2026-03236,CAM-26,PROD-015,3.94,C,,0,0,humedad_cabina_pct,1,IOT-R019,"[{""rule_id"": ""IOT-R019"", ""columna_afectada"": ""humedad_cabina_pct"", ""codigo_error"": ""FALTANTE"", ""severidad"": ""CRITICAL"", ""accion"": ""CUARENTENA"", ""tipo_problema"": ""FALTANTE"", ""dimension_calidad"": ""COMPLETITUD"", ""valor_original"": """", ""detalle"": ""Humedad vacía""}]",1,0,True,GIAD-M3-S4-IOT-diagnostico-v7,1.1.0,edb7afe2f7fb836e59fe605d30c88b3b5b13a6d8ab2ec0b37f206a14e58de6bf,America/La_Paz,IOT-R028,2026-08-30T16:10:00Z,America/La_Paz,3.94,C_ORIGINAL,CAM-26,True,IOT-R019:FALTANTE,True,True,False,False,GIAD-M3-S4-IOT-tratamiento-v6
21452,2026-08-30 20:40:00,VIA-00894,ORD-2026-03236,CAM-26,PROD-015,-999.0,C,78.4,0,0,temperatura_cabina_c,1,IOT-R018,"[{""rule_id"": ""IOT-R018"", ""columna_afectada"": ""temperatura_cabina_c"", ""codigo_error"": ""VALOR_CENTINELA"", ""severidad"": ""CRITICAL"", ""accion"": ""CUARENTENA"", ""tipo_problema"": ""VALIDEZ"", ""dimension_calidad"": ""VALIDEZ"", ""valor_original"": ""-999.0"", ""detalle"": ""-999 es centinela: lectura no evaluable para rangos térmicos""}]",1,0,True,GIAD-M3-S4-IOT-diagnostico-v7,1.1.0,edb7afe2f7fb836e59fe605d30c88b3b5b13a6d8ab2ec0b37f206a14e58de6bf,America/La_Paz,IOT-R028,2026-08-31T00:40:00Z,America/La_Paz,,SIN_TRATAMIENTO,CAM-26,True,IOT-R018:VALOR_CENTINELA,True,True,False,False,GIAD-M3-S4-IOT-tratamiento-v6
21460,2026-08-22 22:35:00,VIA-00895,ORD-2026-01584,CAM-28,PROD-054,-999.0,C,64.0,0,0,temperatura_cabina_c,1,IOT-R018,"[{""rule_id"": ""IOT-R018"", ""columna_afectada"": ""temperatura_cabina_c"", ""codigo_error"": ""VALOR_CENTINELA"", ""severidad"": ""CRITICAL"", ""accion"": ""CUARENTENA"", ""tipo_problema"": ""VALIDEZ"", ""dimension_calidad"": ""VALIDEZ"", ""valor_original"": ""-999.0"", ""detalle"": ""-999 es centinela: lectura no evaluable para rangos térmicos""}]",1,0,True,GIAD-M3-S4-IOT-diagnostico-v7,1.1.0,edb7afe2f7fb836e59fe605d30c88b3b5b13a6d8ab2ec0b37f206a14e58de6bf,America/La_Paz,IOT-R028,2026-08-23T02:35:00Z,America/La_Paz,,SIN_TRATAMIENTO,CAM-28,True,IOT-R018:VALOR_CENTINELA,True,True,False,False,GIAD-M3-S4-IOT-tratamiento-v6
21714,2026-08-10 06:35:00,VIA-00905,ORD-2026-02563,CAM-28,PROD-040,-999.0,C,46.3,0,0,temperatura_cabina_c,1,IOT-R018,"[{""rule_id"": ""IOT-R018"", ""columna_afectada"": ""temperatura_cabina_c"", ""codigo_error"": ""VALOR_CENTINELA"", ""severidad"": ""CRITICAL"", ""accion"": ""CUARENTENA"", ""tipo_problema"": ""VALIDEZ"", ""dimension_calidad"": ""VALIDEZ"", ""valor_original"": ""-999.0"", ""detalle"": ""-999 es centinela: lectura no evaluable para rangos térmicos""}]",1,0,True,GIAD-M3-S4-IOT-diagnostico-v7,1.1.0,edb7afe2f7fb836e59fe605d30c88b3b5b13a6d8ab2ec0b37f206a14e58de6bf,America/La_Paz,IOT-R028,2026-08-10T10:35:00Z,America/La_Paz,,SIN_TRATAMIENTO,CAM-28,True,IOT-R018:VALOR_CENTINELA,True,True,False,False,GIAD-M3-S4-IOT-tratamiento-v6
21754,2026-08-10 02:51:00,VIA-00907,ORD-2026-07219,CAM-17,PROD-040,-999.0,C,56.0,0,0,temperatura_cabina_c,1,IOT-R018,"[{""rule_id"": ""IOT-R018"", ""columna_afectada"": ""temperatura_cabina_c"", ""codigo_error"": ""VALOR_CENTINELA"", ""severidad"": ""CRITICAL"", ""accion"": ""CUARENTENA"", ""tipo_problema"": ""VALIDEZ"", ""dimension_calidad"": ""VALIDEZ"", ""valor_original"": ""-999.0"", ""detalle"": ""-999 es centinela: lectura no evaluable para rangos térmicos""}]",1,0,True,GIAD-M3-S4-IOT-diagnostico-v7,1.1.0,edb7afe2f7fb836e59fe605d30c88b3b5b13a6d8ab2ec0b37f206a14e58de6bf,America/La_Paz,IOT-R028,2026-08-10T06:51:00Z,America/La_Paz,,SIN_TRATAMIENTO,CAM-17,True,IOT-R018:VALOR_CENTINELA,True,True,False,False,GIAD-M3-S4-IOT-tratamiento-v6
21887,2026-08-06 03:35:00,VIA-00912,ORD-2026-01925,CAM-20,PROD-019,16.91,C,,0,0,humedad_cabina_pct|camion_id,2,IOT-R019|IOT-R027,"[{""rule_id"": ""IOT-R019"", ""columna_afectada"": ""humedad_cabina_pct"", ""codigo_error"": ""FALTANTE"", ""severidad"": ""CRITICAL"", ""accion"": ""CUARENTENA"", ""tipo_problema"": ""FALTANTE"", ""dimension_calidad"": ""COMPLETITUD"", ""valor_original"": """", ""detalle"": ""Humedad vacía""}, {""rule_id"": ""IOT-R027"", ""columna_afectada"": ""camion_id"", ""codigo_error"": ""REFERENCIA_INEXISTENTE"", ""severidad"": ""WARNING"", ""accion"": ""REVISAR"", ""tipo_problema"": ""INTEGRIDAD"", ""dimension_calidad"": ""INTEGRIDAD"", ""valor_original"": ""CAM-20"", ""detalle"": ""Sin correspondencia en dimensión Silver de cobertura parcial; revisar, no inferir identificador inválido""}]",1,1,True,GIAD-M3-S4-IOT-diagnostico-v7,1.1.0,edb7afe2f7fb836e59fe605d30c88b3b5b13a6d8ab2ec0b37f206a14e58de6bf,America/La_Paz,IOT-R028,2026-08-06T07:35:00Z,America/La_Paz,16.91,C_ORIGINAL,CAM-20,True,IOT-R019:FALTANTE,True,False,False,False,GIAD-M3-S4-IOT-tratamiento-v6
21913,2026-08-02 04:49:00,VIA-00914,ORD-2026-01504,CAM-10,PROD-014,-999.0,C,59.8,0,0,temperatura_cabina_c,1,IOT-R018,"[{""rule_id"": ""IOT-R018"", ""columna_afectada"": ""temperatura_cabina_c"", ""codigo_error"": ""VALOR_CENTINELA"", ""severidad"": ""CRITICAL"", ""accion"": ""CUARENTENA"", ""tipo_problema"": ""VALIDEZ"", ""dimension_calidad"": ""VALIDEZ"", ""valor_original"": ""-999.0"", ""detalle"": ""-999 es centinela: lectura no evaluable para rangos térmicos""}]",1,0,True,GIAD-M3-S4-IOT-diagnostico-v7,1.1.0,edb7afe2f7fb836e59fe605d30c88b3b5b13a6d8ab2ec0b37f206a14e58de6bf,America/La_Paz,IOT-R028,2026-08-02T08:49:00Z,America/La_Paz,,SIN_TRATAMIENTO,CAM-10,True,IOT-R018:VALOR_CENTINELA,True,True,False,False,GIAD-M3-S4-IOT-tratamiento-v6
22248,2026-08-26 17:35:00,VIA-00927,ORD-2026-07022,CAM-20,PROD-002,18.36,C,,0,0,humedad_cabina_pct|camion_id,2,IOT-R019|IOT-R027,"[{""rule_id"": ""IOT-R019"", ""columna_afectada"": ""humedad_cabina_pct"", ""codigo_error"": ""FALTANTE"", ""severidad"": ""CRITICAL"", ""accion"": ""CUARENTENA"", ""tipo_problema"": ""FALTANTE"", ""dimension_calidad"": ""COMPLETITUD"", ""valor_original"": """", ""detalle"": ""Humedad vacía""}, {""rule_id"": ""IOT-R027"", ""columna_afectada"": ""camion_id"", ""codigo_error"": ""REFERENCIA_INEXISTENTE"", ""severidad"": ""WARNING"", ""accion"": ""REVISAR"", ""tipo_problema"": ""INTEGRIDAD"", ""dimension_calidad"": ""INTEGRIDAD"", ""valor_original"": ""CAM-20"", ""detalle"": ""Sin correspondencia en dimensión Silver de cobertura parcial; revisar, no inferir identificador inválido""}]",1,1,True,GIAD-M3-S4-IOT-diagnostico-v7,1.1.0,edb7afe2f7fb836e59fe605d30c88b3b5b13a6d8ab2ec0b37f206a14e58de6bf,America/La_Paz,IOT-R028,2026-08-26T21:35:00Z,America/La_Paz,18.36,C_ORIGINAL,CAM-20,True,IOT-R019:FALTANTE,True,False,False,False,GIAD-M3-S4-IOT-tratamiento-v6
22298,2026-08-16 10:23:00,VIA-00930,ORD-2026-02185,CAM-20,PROD-009,4.31,C,,0,0,humedad_cabina_pct|camion_id,2,IOT-R019|IOT-R027,"[{""rule_id"": ""IOT-R019"", ""columna_afectada"": ""humedad_cabina_pct"", ""codigo_error"": ""FALTANTE"", ""severidad"": ""CRITICAL"", ""accion"": ""CUARENTENA"", ""tipo_problema"": ""FALTANTE"", ""dimension_calidad"": ""COMPLETITUD"", ""valor_original"": """", ""detalle"": ""Humedad vacía""}, {""rule_id"": ""IOT-R027"", ""columna_afectada"": ""camion_id"", ""codigo_error"": ""REFERENCIA_INEXISTENTE"", ""severidad"": ""WARNING"", ""accion"": ""REVISAR"", ""tipo_problema"": ""INTEGRIDAD"", ""dimension_calidad"": ""INTEGRIDAD"", ""valor_original"": ""CAM-20"", ""detalle"": ""Sin correspondencia en dimensión Silver de cobertura parcial; revisar, no inferir identificador inválido""}]",1,1,True,GIAD-M3-S4-IOT-diagnostico-v7,1.1.0,edb7afe2f7fb836e59fe605d30c88b3b5b13a6d8ab2ec0b37f206a14e58de6bf,America/La_Paz,IOT-R028,2026-08-16T14:23:00Z,America/La_Paz,4.31,C_ORIGINAL,CAM-20,True,IOT-R019:FALTANTE,True,False,False,False,GIAD-M3-S4-IOT-tratamiento-v6
22365,2026-08-30 04:45:00,VIA-00932,ORD-2026-02192,CAM-26,PROD-050,,C,63.7,0,0,temperatura_cabina_c,1,IOT-R016,"[{""rule_id"": ""IOT-R016"", ""columna_afectada"": ""temperatura_cabina_c"", ""codigo_error"": ""FALTANTE"", ""severidad"": ""CRITICAL"", ""accion"": ""CUARENTENA"", ""tipo_problema"": ""FALTANTE"", ""dimension_calidad"": ""COMPLETITUD"", ""valor_original"": """", ""detalle"": ""Temperatura vacía""}]",1,0,True,GIAD-M3-S4-IOT-diagnostico-v7,1.1.0,edb7afe2f7fb836e59fe605d30c88b3b5b13a6d8ab2ec0b37f206a14e58de6bf,America/La_Paz,IOT-R028,2026-08-30T08:45:00Z,America/La_Paz,,SIN_TRATAMIENTO,CAM-26,True,IOT-R016:FALTANTE,True,True,False,False,GIAD-M3-S4-IOT-tratamiento-v6
22592,2026-08-01 03:40:00,VIA-00942,ORD-2026-01543,CAM-26,PROD-057,,C,46.4,0,0,temperatura_cabina_c,1,IOT-R016,"[{""rule_id"": ""IOT-R016"", ""columna_afectada"": ""temperatura_cabina_c"", ""codigo_error"": ""FALTANTE"", ""severidad"": ""CRITICAL"", ""accion"": ""CUARENTENA"", ""tipo_problema"": ""FALTANTE"", ""dimension_calidad"": ""COMPLETITUD"", ""valor_original"": """", ""detalle"": ""Temperatura vacía""}]",1,0,True,GIAD-M3-S4-IOT-diagnostico-v7,1.1.0,edb7afe2f7fb836e59fe605d30c88b3b5b13a6d8ab2ec0b37f206a14e58de6bf,America/La_Paz,IOT-R028,2026-08-01T07:40:00Z,America/La_Paz,,SIN_TRATAMIENTO,CAM-26,True,IOT-R016:FALTANTE,True,True,False,False,GIAD-M3-S4-IOT-tratamiento-v6
22613,2026-02-31 09:15:00,VIA-00943,ORD-2026-05464,CAM-19,PROD-050,17.07,C,45.9,0,0,timestamp,1,IOT-R002,"[{""rule_id"": ""IOT-R002"", ""columna_afectada"": ""timestamp"", ""codigo_error"": ""FECHA_INVALIDA"", ""severidad"": ""CRITICAL"", ""accion"": ""CUARENTENA"", ""tipo_problema"": ""FORMATO"", ""dimension_calidad"": ""CONFORMIDAD"", ""valor_original"": ""2026-02-31 09:15:00"", ""detalle"": ""Formato incorrecto o fecha imposible""}]",1,0,True,GIAD-M3-S4-IOT-diagnostico-v7,1.1.0,edb7afe2f7fb836e59fe605d30c88b3b5b13a6d8ab2ec0b37f206a14e58de6bf,America/La_Paz,IOT-R028,,America/La_Paz,17.07,C_ORIGINAL,CAM-19,True,IOT-R002:FECHA_INVALIDA,True,True,False,False,GIAD-M3-S4-IOT-tratamiento-v6
22730,2026-08-13 10:10:00,VIA-00948,ORD-2026-02486, cam-20 ,PROD-026,4.96,C,76.9,0,0,camion_id|producto_id,3,IOT-R008|IOT-R026|IOT-R027,"[{""rule_id"": ""IOT-R008"", ""columna_afectada"": ""camion_id"", ""codigo_error"": ""FORMATO_INVALIDO"", ""severidad"": ""CRITICAL"", ""accion"": ""CUARENTENA"", ""tipo_problema"": ""FORMATO"", ""dimension_calidad"": ""CONFORMIDAD"", ""valor_original"": "" cam-20 "", ""detalle"": ""Formato esperado CAM-00""}, {""rule_id"": ""IOT-R026"", ""columna_afectada"": ""producto_id"", ""codigo_error"": ""REFERENCIA_INEXISTENTE"", ""severidad"": ""WARNING"", ""accion"": ""REVISAR"", ""tipo_problema"": ""INTEGRIDAD"", ""dimension_calidad"": ""INTEGRIDAD"", ""valor_original"": ""PROD-026"", ""detalle"": ""Sin correspondencia en dimensión Silver de cobertura parcial; revisar, no inferir identificador inválido""}, {""rule_id"": ""IOT-R027"", ""columna_afectada"": ""camion_id"", ""codigo_error"": ""REFERENCIA_INEXISTENTE"", ""severidad"": ""WARNING"", ""accion"": ""REVISAR"", ""tipo_problema"": ""INTEGRIDAD"", ""dimension_calidad"": ""INTEGRIDAD"", ""valor_original"": "" cam-20 "", ""detalle"": ""Sin correspondencia en dimensión Silver de cobertura parcial; revisar, no inferir identificador inválido""}]",1,2,True,GIAD-M3-S4-IOT-diagnostico-v7,1.1.0,edb7afe2f7fb836e59fe605d30c88b3b5b13a6d8ab2ec0b37f206a14e58de6bf,America/La_Paz,IOT-R028,2026-08-13T14:10:00Z,America/La_Paz,4.96,C_ORIGINAL, cam-20 ,True,IOT-R008:FORMATO_INVALIDO,False,False,False,False,GIAD-M3-S4-IOT-tratamiento-v6
22835,2026-08-26 14:22:00,VIA-00952,ORD-2026-06575,CAM-19,PROD-043,-999.0,C,79.2,0,0,temperatura_cabina_c,1,IOT-R018,"[{""rule_id"": ""IOT-R018"", ""columna_afectada"": ""temperatura_cabina_c"", ""codigo_error"": ""VALOR_CENTINELA"", ""severidad"": ""CRITICAL"", ""accion"": ""CUARENTENA"", ""tipo_problema"": ""VALIDEZ"", ""dimension_calidad"": ""VALIDEZ"", ""valor_original"": ""-999.0"", ""detalle"": ""-999 es centinela: lectura no evaluable para rangos térmicos""}]",1,0,True,GIAD-M3-S4-IOT-diagnostico-v7,1.1.0,edb7afe2f7fb836e59fe605d30c88b3b5b13a6d8ab2ec0b37f206a14e58de6bf,America/La_Paz,IOT-R028,2026-08-26T18:22:00Z,America/La_Paz,,SIN_TRATAMIENTO,CAM-19,True,IOT-R018:VALOR_CENTINELA,True,True,False,False,GIAD-M3-S4-IOT-tratamiento-v6
22841,2026-08-26 17:22:00,VIA-00952,ORD-2026-06575,CAM-19,PROD-043,-19.25,C,,0,0,humedad_cabina_pct,1,IOT-R019,"[{""rule_id"": ""IOT-R019"", ""columna_afectada"": ""humedad_cabina_pct"", ""codigo_error"": ""FALTANTE"", ""severidad"": ""CRITICAL"", ""accion"": ""CUARENTENA"", ""tipo_problema"": ""FALTANTE"", ""dimension_calidad"": ""COMPLETITUD"", ""valor_original"": """", ""detalle"": ""Humedad vacía""}]",1,0,True,GIAD-M3-S4-IOT-diagnostico-v7,1.1.0,edb7afe2f7fb836e59fe605d30c88b3b5b13a6d8ab2ec0b37f206a14e58de6bf,America/La_Paz,IOT-R028,2026-08-26T21:22:00Z,America/La_Paz,-19.25,C_ORIGINAL,CAM-19,True,IOT-R019:FALTANTE,True,True,False,False,GIAD-M3-S4-IOT-tratamiento-v6
22880,2026-08-04 23:53:00,VIA-00954,ORD-2026-01196, cam-20 ,PROD-012,19.17,C,38.7,0,0,camion_id,2,IOT-R008|IOT-R027,"[{""rule_id"": ""IOT-R008"", ""columna_afectada"": ""camion_id"", ""codigo_error"": ""FORMATO_INVALIDO"", ""severidad"": ""CRITICAL"", ""accion"": ""CUARENTENA"", ""tipo_problema"": ""FORMATO"", ""dimension_calidad"": ""CONFORMIDAD"", ""valor_original"": "" cam-20 "", ""detalle"": ""Formato esperado CAM-00""}, {""rule_id"": ""IOT-R027"", ""columna_afectada"": ""camion_id"", ""codigo_error"": ""REFERENCIA_INEXISTENTE"", ""severidad"": ""WARNING"", ""accion"": ""REVISAR"", ""tipo_problema"": ""INTEGRIDAD"", ""dimension_calidad"": ""INTEGRIDAD"", ""valor_original"": "" cam-20 "", ""detalle"": ""Sin correspondencia en dimensión Silver de cobertura parcial; revisar, no inferir identificador inválido""}]",1,1,True,GIAD-M3-S4-IOT-diagnostico-v7,1.1.0,edb7afe2f7fb836e59fe605d30c88b3b5b13a6d8ab2ec0b37f206a14e58de6bf,America/La_Paz,IOT-R028,2026-08-05T03:53:00Z,America/La_Paz,19.17,C_ORIGINAL, cam-20 ,True,IOT-R008:FORMATO_INVALIDO,True,False,False,False,GIAD-M3-S4-IOT-tratamiento-v6
22960,2026-08-08 19:05:00,VIA-00957,ORD-2026-07439,CAM-08,PROD-026,3.79,C,,0,1,humedad_cabina_pct|producto_id,2,IOT-R019|IOT-R026,"[{""rule_id"": ""IOT-R019"", ""columna_afectada"": ""humedad_cabina_pct"", ""codigo_error"": ""FALTANTE"", ""severidad"": ""CRITICAL"", ""accion"": ""CUARENTENA"", ""tipo_problema"": ""FALTANTE"", ""dimension_calidad"": ""COMPLETITUD"", ""valor_original"": """", ""detalle"": ""Humedad vacía""}, {""rule_id"": ""IOT-R026"", ""columna_afectada"": ""producto_id"", ""codigo_error"": ""REFERENCIA_INEXISTENTE"", ""severidad"": ""WARNING"", ""accion"": ""REVISAR"", ""tipo_problema"": ""INTEGRIDAD"", ""dimension_calidad"": ""INTEGRIDAD"", ""valor_original"": ""PROD-026"", ""detalle"": ""Sin correspondencia en dimensión Silver de cobertura parcial; revisar, no inferir identificador inválido""}]",1,1,True,GIAD-M3-S4-IOT-diagnostico-v7,1.1.0,edb7afe2f7fb836e59fe605d30c88b3b5b13a6d8ab2ec0b37f206a14e58de6bf,America/La_Paz,IOT-R028,2026-08-08T23:05:00Z,America/La_Paz,3.79,C_ORIGINAL,CAM-08,True,IOT-R019:FALTANTE,False,True,False,False,GIAD-M3-S4-IOT-tratamiento-v6
23055,2026-08-16 15:19:00,VIA-00961,ORD-2026-06299,CAM-11,PROD-034,-999.0,C,67.0,0,0,temperatura_cabina_c,1,IOT-R018,"[{""rule_id"": ""IOT-R018"", ""columna_afectada"": ""temperatura_cabina_c"", ""codigo_error"": ""VALOR_CENTINELA"", ""severidad"": ""CRITICAL"", ""accion"": ""CUARENTENA"", ""tipo_problema"": ""VALIDEZ"", ""dimension_calidad"": ""VALIDEZ"", ""valor_original"": ""-999.0"", ""detalle"": ""-999 es centinela: lectura no evaluable para rangos térmicos""}]",1,0,True,GIAD-M3-S4-IOT-diagnostico-v7,1.1.0,edb7afe2f7fb836e59fe605d30c88b3b5b13a6d8ab2ec0b37f206a14e58de6bf,America/La_Paz,IOT-R028,2026-08-16T19:19:00Z,America/La_Paz,,SIN_TRATAMIENTO,CAM-11,True,IOT-R018:VALOR_CENTINELA,True,True,False,False,GIAD-M3-S4-IOT-tratamiento-v6
23093,2026-08-02 22:08:00,VIA-00963,ORD-2026-07082,CAM-03,PROD-031,,C,46.7,0,0,temperatura_cabina_c|producto_id,2,IOT-R016|IOT-R026,"[{""rule_id"": ""IOT-R016"", ""columna_afectada"": ""temperatura_cabina_c"", ""codigo_error"": ""FALTANTE"", ""severidad"": ""CRITICAL"", ""accion"": ""CUARENTENA"", ""tipo_problema"": ""FALTANTE"", ""dimension_calidad"": ""COMPLETITUD"", ""valor_original"": """", ""detalle"": ""Temperatura vacía""}, {""rule_id"": ""IOT-R026"", ""columna_afectada"": ""producto_id"", ""codigo_error"": ""REFERENCIA_INEXISTENTE"", ""severidad"": ""WARNING"", ""accion"": ""REVISAR"", ""tipo_problema"": ""INTEGRIDAD"", ""dimension_calidad"": ""INTEGRIDAD"", ""valor_original"": ""PROD-031"", ""detalle"": ""Sin correspondencia en dimensión Silver de cobertura parcial; revisar, no inferir identificador inválido""}]",1,1,True,GIAD-M3-S4-IOT-diagnostico-v7,1.1.0,edb7afe2f7fb836e59fe605d30c88b3b5b13a6d8ab2ec0b37f206a14e58de6bf,America/La_Paz,IOT-R028,2026-08-03T02:08:00Z,America/La_Paz,,SIN_TRATAMIENTO,CAM-03,True,IOT-R016:FALTANTE,False,True,False,False,GIAD-M3-S4-IOT-tratamiento-v6
23135,2026-08-28 22:40:00,VIA-00964,ORD-2026-00420,CAM-24,PROD-051,-17.35,C,,0,0,humedad_cabina_pct,1,IOT-R019,"[{""rule_id"": ""IOT-R019"", ""columna_afectada"": ""humedad_cabina_pct"", ""codigo_error"": ""FALTANTE"", ""severidad"": ""CRITICAL"", ""accion"": ""CUARENTENA"", ""tipo_problema"": ""FALTANTE"", ""dimension_calidad"": ""COMPLETITUD"", ""valor_original"": """", ""detalle"": ""Humedad vacía""}]",1,0,True,GIAD-M3-S4-IOT-diagnostico-v7,1.1.0,edb7afe2f7fb836e59fe605d30c88b3b5b13a6d8ab2ec0b37f206a14e58de6bf,America/La_Paz,IOT-R028,2026-08-29T02:40:00Z,America/La_Paz,-17.35,C_ORIGINAL,CAM-24,True,IOT-R019:FALTANTE,True,True,False,False,GIAD-M3-S4-IOT-tratamiento-v6
23167,2026-08-28 09:59:00,VIA-00966,ORD-2026-00270,CAM-24,PROD-001,-999.0,C,77.6,0,0,temperatura_cabina_c,1,IOT-R018,"[{""rule_id"": ""IOT-R018"", ""columna_afectada"": ""temperatura_cabina_c"", ""codigo_error"": ""VALOR_CENTINELA"", ""severidad"": ""CRITICAL"", ""accion"": ""CUARENTENA"", ""tipo_problema"": ""VALIDEZ"", ""dimension_calidad"": ""VALIDEZ"", ""valor_original"": ""-999.0"", ""detalle"": ""-999 es centinela: lectura no evaluable para rangos térmicos""}]",1,0,True,GIAD-M3-S4-IOT-diagnostico-v7,1.1.0,edb7afe2f7fb836e59fe605d30c88b3b5b13a6d8ab2ec0b37f206a14e58de6bf,America/La_Paz,IOT-R028,2026-08-28T13:59:00Z,America/La_Paz,,SIN_TRATAMIENTO,CAM-24,True,IOT-R018:VALOR_CENTINELA,True,True,False,False,GIAD-M3-S4-IOT-tratamiento-v6
23179,2026-08-28 15:59:00,VIA-00966,ORD-2026-00270,CAM-24,PROD-001,4.88,C,,0,0,humedad_cabina_pct,1,IOT-R019,"[{""rule_id"": ""IOT-R019"", ""columna_afectada"": ""humedad_cabina_pct"", ""codigo_error"": ""FALTANTE"", ""severidad"": ""CRITICAL"", ""accion"": ""CUARENTENA"", ""tipo_problema"": ""FALTANTE"", ""dimension_calidad"": ""COMPLETITUD"", ""valor_original"": """", ""detalle"": ""Humedad vacía""}]",1,0,True,GIAD-M3-S4-IOT-diagnostico-v7,1.1.0,edb7afe2f7fb836e59fe605d30c88b3b5b13a6d8ab2ec0b37f206a14e58de6bf,America/La_Paz,IOT-R028,2026-08-28T19:59:00Z,America/La_Paz,4.88,C_ORIGINAL,CAM-24,True,IOT-R019:FALTANTE,True,True,False,False,GIAD-M3-S4-IOT-tratamiento-v6
23220,2026-08-27 18:37:00,VIA-00968,ORD-2026-03406,CAM-28,PROD-047,-999.0,C,73.5,0,0,temperatura_cabina_c,1,IOT-R018,"[{""rule_id"": ""IOT-R018"", ""columna_afectada"": ""temperatura_cabina_c"", ""codigo_error"": ""VALOR_CENTINELA"", ""severidad"": ""CRITICAL"", ""accion"": ""CUARENTENA"", ""tipo_problema"": ""VALIDEZ"", ""dimension_calidad"": ""VALIDEZ"", ""valor_original"": ""-999.0"", ""detalle"": ""-999 es centinela: lectura no evaluable para rangos térmicos""}]",1,0,True,GIAD-M3-S4-IOT-diagnostico-v7,1.1.0,edb7afe2f7fb836e59fe605d30c88b3b5b13a6d8ab2ec0b37f206a14e58de6bf,America/La_Paz,IOT-R028,2026-08-27T22:37:00Z,America/La_Paz,,SIN_TRATAMIENTO,CAM-28,True,IOT-R018:VALOR_CENTINELA,True,True,False,False,GIAD-M3-S4-IOT-tratamiento-v6
23426,2026-08-21 16:30:00,VIA-00977,ORD-2026-01289,CAM-20,PROD-056,-999.0,C,73.4,0,0,temperatura_cabina_c|camion_id,2,IOT-R018|IOT-R027,"[{""rule_id"": ""IOT-R018"", ""columna_afectada"": ""temperatura_cabina_c"", ""codigo_error"": ""VALOR_CENTINELA"", ""severidad"": ""CRITICAL"", ""accion"": ""CUARENTENA"", ""tipo_problema"": ""VALIDEZ"", ""dimension_calidad"": ""VALIDEZ"", ""valor_original"": ""-999.0"", ""detalle"": ""-999 es centinela: lectura no evaluable para rangos térmicos""}, {""rule_id"": ""IOT-R027"", ""columna_afectada"": ""camion_id"", ""codigo_error"": ""REFERENCIA_INEXISTENTE"", ""severidad"": ""WARNING"", ""accion"": ""REVISAR"", ""tipo_problema"": ""INTEGRIDAD"", ""dimension_calidad"": ""INTEGRIDAD"", ""valor_original"": ""CAM-20"", ""detalle"": ""Sin correspondencia en dimensión Silver de cobertura parcial; revisar, no inferir identificador inválido""}]",1,1,True,GIAD-M3-S4-IOT-diagnostico-v7,1.1.0,edb7afe2f7fb836e59fe605d30c88b3b5b13a6d8ab2ec0b37f206a14e58de6bf,America/La_Paz,IOT-R028,2026-08-21T20:30:00Z,America/La_Paz,,SIN_TRATAMIENTO,CAM-20,True,IOT-R018:VALOR_CENTINELA,True,False,False,False,GIAD-M3-S4-IOT-tratamiento-v6
23456,2026-08-02 16:45:00,VIA-00978,ORD-2026-03708,CAM-04,PROD-048,20.6,C,,0,0,humedad_cabina_pct,1,IOT-R019,"[{""rule_id"": ""IOT-R019"", ""columna_afectada"": ""humedad_cabina_pct"", ""codigo_error"": ""FALTANTE"", ""severidad"": ""CRITICAL"", ""accion"": ""CUARENTENA"", ""tipo_problema"": ""FALTANTE"", ""dimension_calidad"": ""COMPLETITUD"", ""valor_original"": """", ""detalle"": ""Humedad vacía""}]",1,0,True,GIAD-M3-S4-IOT-diagnostico-v7,1.1.0,edb7afe2f7fb836e59fe605d30c88b3b5b13a6d8ab2ec0b37f206a14e58de6bf,America/La_Paz,IOT-R028,2026-08-02T20:45:00Z,America/La_Paz,20.6,C_ORIGINAL,CAM-04,True,IOT-R019:FALTANTE,True,True,False,False,GIAD-M3-S4-IOT-tratamiento-v6
23561,2026-08-14 22:14:00,VIA-00982,ORD-2026-04963,CAM-24,PROD-034,-999.0,C,84.4,0,0,temperatura_cabina_c,1,IOT-R018,"[{""rule_id"": ""IOT-R018"", ""columna_afectada"": ""temperatura_cabina_c"", ""codigo_error"": ""VALOR_CENTINELA"", ""severidad"": ""CRITICAL"", ""accion"": ""CUARENTENA"", ""tipo_problema"": ""VALIDEZ"", ""dimension_calidad"": ""VALIDEZ"", ""valor_original"": ""-999.0"", ""detalle"": ""-999 es centinela: lectura no evaluable para rangos térmicos""}]",1,0,True,GIAD-M3-S4-IOT-diagnostico-v7,1.1.0,edb7afe2f7fb836e59fe605d30c88b3b5b13a6d8ab2ec0b37f206a14e58de6bf,America/La_Paz,IOT-R028,2026-08-15T02:14:00Z,America/La_Paz,,SIN_TRATAMIENTO,CAM-24,True,IOT-R018:VALOR_CENTINELA,True,True,False,False,GIAD-M3-S4-IOT-tratamiento-v6
23601,2026-08-08 16:52:00,VIA-00984,ORD-2026-02983,CAM-24,PROD-058,,C,74.9,0,0,temperatura_cabina_c,1,IOT-R016,"[{""rule_id"": ""IOT-R016"", ""columna_afectada"": ""temperatura_cabina_c"", ""codigo_error"": ""FALTANTE"", ""severidad"": ""CRITICAL"", ""accion"": ""CUARENTENA"", ""tipo_problema"": ""FALTANTE"", ""dimension_calidad"": ""COMPLETITUD"", ""valor_original"": """", ""detalle"": ""Temperatura vacía""}]",1,0,True,GIAD-M3-S4-IOT-diagnostico-v7,1.1.0,edb7afe2f7fb836e59fe605d30c88b3b5b13a6d8ab2ec0b37f206a14e58de6bf,America/La_Paz,IOT-R028,2026-08-08T20:52:00Z,America/La_Paz,,SIN_TRATAMIENTO,CAM-24,True,IOT-R016:FALTANTE,True,True,False,False,GIAD-M3-S4-IOT-tratamiento-v6
23702,2026-08-17 02:59:00,VIA-00988,ORD-2026-04780,CAM-26,PROD-002,-999.0,C,56.6,0,0,temperatura_cabina_c,1,IOT-R018,"[{""rule_id"": ""IOT-R018"", ""columna_afectada"": ""temperatura_cabina_c"", ""codigo_error"": ""VALOR_CENTINELA"", ""severidad"": ""CRITICAL"", ""accion"": ""CUARENTENA"", ""tipo_problema"": ""VALIDEZ"", ""dimension_calidad"": ""VALIDEZ"", ""valor_original"": ""-999.0"", ""detalle"": ""-999 es centinela: lectura no evaluable para rangos térmicos""}]",1,0,True,GIAD-M3-S4-IOT-diagnostico-v7,1.1.0,edb7afe2f7fb836e59fe605d30c88b3b5b13a6d8ab2ec0b37f206a14e58de6bf,America/La_Paz,IOT-R028,2026-08-17T06:59:00Z,America/La_Paz,,SIN_TRATAMIENTO,CAM-26,True,IOT-R018:VALOR_CENTINELA,True,True,False,False,GIAD-M3-S4-IOT-tratamiento-v6
23861,2026-08-10 03:43:00,VIA-00995,ORD-2026-07065,CAM-28,PROD-055,-999.0,C,56.3,0,0,temperatura_cabina_c,1,IOT-R018,"[{""rule_id"": ""IOT-R018"", ""columna_afectada"": ""temperatura_cabina_c"", ""codigo_error"": ""VALOR_CENTINELA"", ""severidad"": ""CRITICAL"", ""accion"": ""CUARENTENA"", ""tipo_problema"": ""VALIDEZ"", ""dimension_calidad"": ""VALIDEZ"", ""valor_original"": ""-999.0"", ""detalle"": ""-999 es centinela: lectura no evaluable para rangos térmicos""}]",1,0,True,GIAD-M3-S4-IOT-diagnostico-v7,1.1.0,edb7afe2f7fb836e59fe605d30c88b3b5b13a6d8ab2ec0b37f206a14e58de6bf,America/La_Paz,IOT-R028,2026-08-10T07:43:00Z,America/La_Paz,,SIN_TRATAMIENTO,CAM-28,True,IOT-R018:VALOR_CENTINELA,True,True,False,False,GIAD-M3-S4-IOT-tratamiento-v6
23991,2026-08-23 04:52:00,VIA-01000,ORD-2026-06120,CAM-25,PROD-016,,C,49.1,0,0,temperatura_cabina_c|producto_id,2,IOT-R016|IOT-R026,"[{""rule_id"": ""IOT-R016"", ""columna_afectada"": ""temperatura_cabina_c"", ""codigo_error"": ""FALTANTE"", ""severidad"": ""CRITICAL"", ""accion"": ""CUARENTENA"", ""tipo_problema"": ""FALTANTE"", ""dimension_calidad"": ""COMPLETITUD"", ""valor_original"": """", ""detalle"": ""Temperatura vacía""}, {""rule_id"": ""IOT-R026"", ""columna_afectada"": ""producto_id"", ""codigo_error"": ""REFERENCIA_INEXISTENTE"", ""severidad"": ""WARNING"", ""accion"": ""REVISAR"", ""tipo_problema"": ""INTEGRIDAD"", ""dimension_calidad"": ""INTEGRIDAD"", ""valor_original"": ""PROD-016"", ""detalle"": ""Sin correspondencia en dimensión Silver de cobertura parcial; revisar, no inferir identificador inválido""}]",1,1,True,GIAD-M3-S4-IOT-diagnostico-v7,1.1.0,edb7afe2f7fb836e59fe605d30c88b3b5b13a6d8ab2ec0b37f206a14e58de6bf,America/La_Paz,IOT-R028,2026-08-23T08:52:00Z,America/La_Paz,,SIN_TRATAMIENTO,CAM-25,True,IOT-R016:FALTANTE,False,True,False,False,GIAD-M3-S4-IOT-tratamiento-v6
24040,2026-08-30 15:37:00,VIA-01002,ORD-2026-05173,CAM-24,PROD-052,4.13,C,,0,0,humedad_cabina_pct,1,IOT-R019,"[{""rule_id"": ""IOT-R019"", ""columna_afectada"": ""humedad_cabina_pct"", ""codigo_error"": ""FALTANTE"", ""severidad"": ""CRITICAL"", ""accion"": ""CUARENTENA"", ""tipo_problema"": ""FALTANTE"", ""dimension_calidad"": ""COMPLETITUD"", ""valor_original"": """", ""detalle"": ""Humedad vacía""}]",1,0,True,GIAD-M3-S4-IOT-diagnostico-v7,1.1.0,edb7afe2f7fb836e59fe605d30c88b3b5b13a6d8ab2ec0b37f206a14e58de6bf,America/La_Paz,IOT-R028,2026-08-30T19:37:00Z,America/La_Paz,4.13,C_ORIGINAL,CAM-24,True,IOT-R019:FALTANTE,True,True,False,False,GIAD-M3-S4-IOT-tratamiento-v6
24402,2026-08-12 14:05:00,VIA-01017,ORD-2026-00092,CAM-26,PROD-019,-999.0,C,59.4,0,0,temperatura_cabina_c,1,IOT-R018,"[{""rule_id"": ""IOT-R018"", ""columna_afectada"": ""temperatura_cabina_c"", ""codigo_error"": ""VALOR_CENTINELA"", ""severidad"": ""CRITICAL"", ""accion"": ""CUARENTENA"", ""tipo_problema"": ""VALIDEZ"", ""dimension_calidad"": ""VALIDEZ"", ""valor_original"": ""-999.0"", ""detalle"": ""-999 es centinela: lectura no evaluable para rangos térmicos""}]",1,0,True,GIAD-M3-S4-IOT-diagnostico-v7,1.1.0,edb7afe2f7fb836e59fe605d30c88b3b5b13a6d8ab2ec0b37f206a14e58de6bf,America/La_Paz,IOT-R028,2026-08-12T18:05:00Z,America/La_Paz,,SIN_TRATAMIENTO,CAM-26,True,IOT-R018:VALOR_CENTINELA,True,True,False,False,GIAD-M3-S4-IOT-tratamiento-v6
24416,2026-08-07 02:34:00,VIA-01018,ORD-2026-07391,CAM-27,PROD-003,22.84,C,,0,0,humedad_cabina_pct,1,IOT-R019,"[{""rule_id"": ""IOT-R019"", ""columna_afectada"": ""humedad_cabina_pct"", ""codigo_error"": ""FALTANTE"", ""severidad"": ""CRITICAL"", ""accion"": ""CUARENTENA"", ""tipo_problema"": ""FALTANTE"", ""dimension_calidad"": ""COMPLETITUD"", ""valor_original"": """", ""detalle"": ""Humedad vacía""}]",1,0,True,GIAD-M3-S4-IOT-diagnostico-v7,1.1.0,edb7afe2f7fb836e59fe605d30c88b3b5b13a6d8ab2ec0b37f206a14e58de6bf,America/La_Paz,IOT-R028,2026-08-07T06:34:00Z,America/La_Paz,22.84,C_ORIGINAL,CAM-27,True,IOT-R019:FALTANTE,True,True,False,False,GIAD-M3-S4-IOT-tratamiento-v6
24579,2026-08-03 08:03:00,VIA-01025,ORD-2026-01983,CAM-18,PROD-047,5.16,C,-92.6,0,0,humedad_cabina_pct,1,IOT-R021,"[{""rule_id"": ""IOT-R021"", ""columna_afectada"": ""humedad_cabina_pct"", ""codigo_error"": ""FUERA_RANGO"", ""severidad"": ""CRITICAL"", ""accion"": ""CUARENTENA"", ""tipo_problema"": ""VALIDEZ"", ""dimension_calidad"": ""VALIDEZ"", ""valor_original"": ""-92.6"", ""detalle"": ""Humedad fuera de 0 a 100%""}]",1,0,True,GIAD-M3-S4-IOT-diagnostico-v7,1.1.0,edb7afe2f7fb836e59fe605d30c88b3b5b13a6d8ab2ec0b37f206a14e58de6bf,America/La_Paz,IOT-R028,2026-08-03T12:03:00Z,America/La_Paz,5.16,C_ORIGINAL,CAM-18,True,IOT-R021:FUERA_RANGO,True,True,False,False,GIAD-M3-S4-IOT-tratamiento-v6
24647,2026-08-03 04:51:00,VIA-01027,ORD-2026-00798,CAM-19,PROD-054,-999.0,C,69.4,0,0,temperatura_cabina_c,1,IOT-R018,"[{""rule_id"": ""IOT-R018"", ""columna_afectada"": ""temperatura_cabina_c"", ""codigo_error"": ""VALOR_CENTINELA"", ""severidad"": ""CRITICAL"", ""accion"": ""CUARENTENA"", ""tipo_problema"": ""VALIDEZ"", ""dimension_calidad"": ""VALIDEZ"", ""valor_original"": ""-999.0"", ""detalle"": ""-999 es centinela: lectura no evaluable para rangos térmicos""}]",1,0,True,GIAD-M3-S4-IOT-diagnostico-v7,1.1.0,edb7afe2f7fb836e59fe605d30c88b3b5b13a6d8ab2ec0b37f206a14e58de6bf,America/La_Paz,IOT-R028,2026-08-03T08:51:00Z,America/La_Paz,,SIN_TRATAMIENTO,CAM-19,True,IOT-R018:VALOR_CENTINELA,True,True,False,False,GIAD-M3-S4-IOT-tratamiento-v6
24674,2026-08-05 07:19:00,VIA-01029,ORD-2026-05517,CAM-24,PROD-034,,C,72.8,0,0,temperatura_cabina_c,1,IOT-R016,"[{""rule_id"": ""IOT-R016"", ""columna_afectada"": ""temperatura_cabina_c"", ""codigo_error"": ""FALTANTE"", ""severidad"": ""CRITICAL"", ""accion"": ""CUARENTENA"", ""tipo_problema"": ""FALTANTE"", ""dimension_calidad"": ""COMPLETITUD"", ""valor_original"": """", ""detalle"": ""Temperatura vacía""}]",1,0,True,GIAD-M3-S4-IOT-diagnostico-v7,1.1.0,edb7afe2f7fb836e59fe605d30c88b3b5b13a6d8ab2ec0b37f206a14e58de6bf,America/La_Paz,IOT-R028,2026-08-05T11:19:00Z,America/La_Paz,,SIN_TRATAMIENTO,CAM-24,True,IOT-R016:FALTANTE,True,True,False,False,GIAD-M3-S4-IOT-tratamiento-v6
24824,2026-08-18 21:44:00,VIA-01035,ORD-2026-03286,CAM-10,PROD-014,19.71,C,,0,0,humedad_cabina_pct,1,IOT-R019,"[{""rule_id"": ""IOT-R019"", ""columna_afectada"": ""humedad_cabina_pct"", ""codigo_error"": ""FALTANTE"", ""severidad"": ""CRITICAL"", ""accion"": ""CUARENTENA"", ""tipo_problema"": ""FALTANTE"", ""dimension_calidad"": ""COMPLETITUD"", ""valor_original"": """", ""detalle"": ""Humedad vacía""}]",1,0,True,GIAD-M3-S4-IOT-diagnostico-v7,1.1.0,edb7afe2f7fb836e59fe605d30c88b3b5b13a6d8ab2ec0b37f206a14e58de6bf,America/La_Paz,IOT-R028,2026-08-19T01:44:00Z,America/La_Paz,19.71,C_ORIGINAL,CAM-10,True,IOT-R019:FALTANTE,True,True,False,False,GIAD-M3-S4-IOT-tratamiento-v6
24838,2026-08-19 04:44:00,VIA-01035,ORD-2026-03286,CAM-10,PROD-014,-999.0,C,63.1,0,0,temperatura_cabina_c,1,IOT-R018,"[{""rule_id"": ""IOT-R018"", ""columna_afectada"": ""temperatura_cabina_c"", ""codigo_error"": ""VALOR_CENTINELA"", ""severidad"": ""CRITICAL"", ""accion"": ""CUARENTENA"", ""tipo_problema"": ""VALIDEZ"", ""dimension_calidad"": ""VALIDEZ"", ""valor_original"": ""-999.0"", ""detalle"": ""-999 es centinela: lectura no evaluable para rangos térmicos""}]",1,0,True,GIAD-M3-S4-IOT-diagnostico-v7,1.1.0,edb7afe2f7fb836e59fe605d30c88b3b5b13a6d8ab2ec0b37f206a14e58de6bf,America/La_Paz,IOT-R028,2026-08-19T08:44:00Z,America/La_Paz,,SIN_TRATAMIENTO,CAM-10,True,IOT-R018:VALOR_CENTINELA,True,True,False,False,GIAD-M3-S4-IOT-tratamiento-v6
25016,2026-08-05 19:00:00,VIA-01043,ORD-2026-02537,CAM-19,PROD-050,19.24,C,,0,0,humedad_cabina_pct,1,IOT-R019,"[{""rule_id"": ""IOT-R019"", ""columna_afectada"": ""humedad_cabina_pct"", ""codigo_error"": ""FALTANTE"", ""severidad"": ""CRITICAL"", ""accion"": ""CUARENTENA"", ""tipo_problema"": ""FALTANTE"", ""dimension_calidad"": ""COMPLETITUD"", ""valor_original"": """", ""detalle"": ""Humedad vacía""}]",1,0,True,GIAD-M3-S4-IOT-diagnostico-v7,1.1.0,edb7afe2f7fb836e59fe605d30c88b3b5b13a6d8ab2ec0b37f206a14e58de6bf,America/La_Paz,IOT-R028,2026-08-05T23:00:00Z,America/La_Paz,19.24,C_ORIGINAL,CAM-19,True,IOT-R019:FALTANTE,True,True,False,False,GIAD-M3-S4-IOT-tratamiento-v6
25029,2026-08-06 01:30:00,VIA-01043,ORD-2026-02537,CAM-19,PROD-050,25.97,C,,1,0,humedad_cabina_pct,1,IOT-R019,"[{""rule_id"": ""IOT-R019"", ""columna_afectada"": ""humedad_cabina_pct"", ""codigo_error"": ""FALTANTE"", ""severidad"": ""CRITICAL"", ""accion"": ""CUARENTENA"", ""tipo_problema"": ""FALTANTE"", ""dimension_calidad"": ""COMPLETITUD"", ""valor_original"": """", ""detalle"": ""Humedad vacía""}]",1,0,True,GIAD-M3-S4-IOT-diagnostico-v7,1.1.0,edb7afe2f7fb836e59fe605d30c88b3b5b13a6d8ab2ec0b37f206a14e58de6bf,America/La_Paz,IOT-R028,2026-08-06T05:30:00Z,America/La_Paz,25.97,C_ORIGINAL,CAM-19,True,IOT-R019:FALTANTE,True,True,False,False,GIAD-M3-S4-IOT-tratamiento-v6
25071,2026-08-23 15:18:00,VIA-01045,ORD-2026-05898,CAM-11,PROD-052,4.25,C,,0,0,humedad_cabina_pct,1,IOT-R019,"[{""rule_id"": ""IOT-R019"", ""columna_afectada"": ""humedad_cabina_pct"", ""codigo_error"": ""FALTANTE"", ""severidad"": ""CRITICAL"", ""accion"": ""CUARENTENA"", ""tipo_problema"": ""FALTANTE"", ""dimension_calidad"": ""COMPLETITUD"", ""valor_original"": """", ""detalle"": ""Humedad vacía""}]",1,0,True,GIAD-M3-S4-IOT-diagnostico-v7,1.1.0,edb7afe2f7fb836e59fe605d30c88b3b5b13a6d8ab2ec0b37f206a14e58de6bf,America/La_Paz,IOT-R028,2026-08-23T19:18:00Z,America/La_Paz,4.25,C_ORIGINAL,CAM-11,True,IOT-R019:FALTANTE,True,True,False,False,GIAD-M3-S4-IOT-tratamiento-v6
25485,2026-08-19 09:55:00,VIA-01062,ORD-2026-01155,CAM-20,PROD-009,-999.0,C,77.8,0,0,temperatura_cabina_c|camion_id,2,IOT-R018|IOT-R027,"[{""rule_id"": ""IOT-R018"", ""columna_afectada"": ""temperatura_cabina_c"", ""codigo_error"": ""VALOR_CENTINELA"", ""severidad"": ""CRITICAL"", ""accion"": ""CUARENTENA"", ""tipo_problema"": ""VALIDEZ"", ""dimension_calidad"": ""VALIDEZ"", ""valor_original"": ""-999.0"", ""detalle"": ""-999 es centinela: lectura no evaluable para rangos térmicos""}, {""rule_id"": ""IOT-R027"", ""columna_afectada"": ""camion_id"", ""codigo_error"": ""REFERENCIA_INEXISTENTE"", ""severidad"": ""WARNING"", ""accion"": ""REVISAR"", ""tipo_problema"": ""INTEGRIDAD"", ""dimension_calidad"": ""INTEGRIDAD"", ""valor_original"": ""CAM-20"", ""detalle"": ""Sin correspondencia en dimensión Silver de cobertura parcial; revisar, no inferir identificador inválido""}]",1,1,True,GIAD-M3-S4-IOT-diagnostico-v7,1.1.0,edb7afe2f7fb836e59fe605d30c88b3b5b13a6d8ab2ec0b37f206a14e58de6bf,America/La_Paz,IOT-R028,2026-08-19T13:55:00Z,America/La_Paz,,SIN_TRATAMIENTO,CAM-20,True,IOT-R018:VALOR_CENTINELA,True,False,False,False,GIAD-M3-S4-IOT-tratamiento-v6
25532,2026-08-28 13:45:00,VIA-01064,ORD-2026-01024,CAM-09,PROD-039,-999.0,C,48.3,0,0,temperatura_cabina_c,1,IOT-R018,"[{""rule_id"": ""IOT-R018"", ""columna_afectada"": ""temperatura_cabina_c"", ""codigo_error"": ""VALOR_CENTINELA"", ""severidad"": ""CRITICAL"", ""accion"": ""CUARENTENA"", ""tipo_problema"": ""VALIDEZ"", ""dimension_calidad"": ""VALIDEZ"", ""valor_original"": ""-999.0"", ""detalle"": ""-999 es centinela: lectura no evaluable para rangos térmicos""}]",1,0,True,GIAD-M3-S4-IOT-diagnostico-v7,1.1.0,edb7afe2f7fb836e59fe605d30c88b3b5b13a6d8ab2ec0b37f206a14e58de6bf,America/La_Paz,IOT-R028,2026-08-28T17:45:00Z,America/La_Paz,,SIN_TRATAMIENTO,CAM-09,True,IOT-R018:VALOR_CENTINELA,True,True,False,False,GIAD-M3-S4-IOT-tratamiento-v6
25535,2026-08-28 15:15:00,VIA-01064,ORD-2026-01024,CAM-09,PROD-039,,C,49.7,0,0,temperatura_cabina_c,1,IOT-R016,"[{""rule_id"": ""IOT-R016"", ""columna_afectada"": ""temperatura_cabina_c"", ""codigo_error"": ""FALTANTE"", ""severidad"": ""CRITICAL"", ""accion"": ""CUARENTENA"", ""tipo_problema"": ""FALTANTE"", ""dimension_calidad"": ""COMPLETITUD"", ""valor_original"": """", ""detalle"": ""Temperatura vacía""}]",1,0,True,GIAD-M3-S4-IOT-diagnostico-v7,1.1.0,edb7afe2f7fb836e59fe605d30c88b3b5b13a6d8ab2ec0b37f206a14e58de6bf,America/La_Paz,IOT-R028,2026-08-28T19:15:00Z,America/La_Paz,,SIN_TRATAMIENTO,CAM-09,True,IOT-R016:FALTANTE,True,True,False,False,GIAD-M3-S4-IOT-tratamiento-v6
25630,2026-08-07 22:28:00,VIA-01068,ORD-2026-01414,CAM-28,PROD-023,,C,85.4,1,0,temperatura_cabina_c,1,IOT-R016,"[{""rule_id"": ""IOT-R016"", ""columna_afectada"": ""temperatura_cabina_c"", ""codigo_error"": ""FALTANTE"", ""severidad"": ""CRITICAL"", ""accion"": ""CUARENTENA"", ""tipo_problema"": ""FALTANTE"", ""dimension_calidad"": ""COMPLETITUD"", ""valor_original"": """", ""detalle"": ""Temperatura vacía""}]",1,0,True,GIAD-M3-S4-IOT-diagnostico-v7,1.1.0,edb7afe2f7fb836e59fe605d30c88b3b5b13a6d8ab2ec0b37f206a14e58de6bf,America/La_Paz,IOT-R028,2026-08-08T02:28:00Z,America/La_Paz,,SIN_TRATAMIENTO,CAM-28,True,IOT-R016:FALTANTE,True,True,False,False,GIAD-M3-S4-IOT-tratamiento-v6
25688,2026-08-07 03:38:00,VIA-01071,ORD-2026-06244,CAM-08,PROD-056,4.79,C,,0,1,humedad_cabina_pct,1,IOT-R019,"[{""rule_id"": ""IOT-R019"", ""columna_afectada"": ""humedad_cabina_pct"", ""codigo_error"": ""FALTANTE"", ""severidad"": ""CRITICAL"", ""accion"": ""CUARENTENA"", ""tipo_problema"": ""FALTANTE"", ""dimension_calidad"": ""COMPLETITUD"", ""valor_original"": """", ""detalle"": ""Humedad vacía""}]",1,0,True,GIAD-M3-S4-IOT-diagnostico-v7,1.1.0,edb7afe2f7fb836e59fe605d30c88b3b5b13a6d8ab2ec0b37f206a14e58de6bf,America/La_Paz,IOT-R028,2026-08-07T07:38:00Z,America/La_Paz,4.79,C_ORIGINAL,CAM-08,True,IOT-R019:FALTANTE,True,True,False,False,GIAD-M3-S4-IOT-tratamiento-v6
26047,2026-08-22 17:38:00,VIA-01086,ORD-2026-06737,CAM-08,PROD-047,,C,70.9,0,0,temperatura_cabina_c,1,IOT-R016,"[{""rule_id"": ""IOT-R016"", ""columna_afectada"": ""temperatura_cabina_c"", ""codigo_error"": ""FALTANTE"", ""severidad"": ""CRITICAL"", ""accion"": ""CUARENTENA"", ""tipo_problema"": ""FALTANTE"", ""dimension_calidad"": ""COMPLETITUD"", ""valor_original"": """", ""detalle"": ""Temperatura vacía""}]",1,0,True,GIAD-M3-S4-IOT-diagnostico-v7,1.1.0,edb7afe2f7fb836e59fe605d30c88b3b5b13a6d8ab2ec0b37f206a14e58de6bf,America/La_Paz,IOT-R028,2026-08-22T21:38:00Z,America/La_Paz,,SIN_TRATAMIENTO,CAM-08,True,IOT-R016:FALTANTE,True,True,False,False,GIAD-M3-S4-IOT-tratamiento-v6
26061,2026-08-23 00:38:00,VIA-01086,ORD-2026-06737,CAM-08,PROD-047,3.02,C,,0,0,humedad_cabina_pct,1,IOT-R019,"[{""rule_id"": ""IOT-R019"", ""columna_afectada"": ""humedad_cabina_pct"", ""codigo_error"": ""FALTANTE"", ""severidad"": ""CRITICAL"", ""accion"": ""CUARENTENA"", ""tipo_problema"": ""FALTANTE"", ""dimension_calidad"": ""COMPLETITUD"", ""valor_original"": """", ""detalle"": ""Humedad vacía""}]",1,0,True,GIAD-M3-S4-IOT-diagnostico-v7,1.1.0,edb7afe2f7fb836e59fe605d30c88b3b5b13a6d8ab2ec0b37f206a14e58de6bf,America/La_Paz,IOT-R028,2026-08-23T04:38:00Z,America/La_Paz,3.02,C_ORIGINAL,CAM-08,True,IOT-R019:FALTANTE,True,True,False,False,GIAD-M3-S4-IOT-tratamiento-v6
26093,2026-08-17 02:46:00,VIA-01088,ORD-2026-05447,CAM-25,PROD-033,-999.0,C,46.0,0,0,temperatura_cabina_c,1,IOT-R018,"[{""rule_id"": ""IOT-R018"", ""columna_afectada"": ""temperatura_cabina_c"", ""codigo_error"": ""VALOR_CENTINELA"", ""severidad"": ""CRITICAL"", ""accion"": ""CUARENTENA"", ""tipo_problema"": ""VALIDEZ"", ""dimension_calidad"": ""VALIDEZ"", ""valor_original"": ""-999.0"", ""detalle"": ""-999 es centinela: lectura no evaluable para rangos térmicos""}]",1,0,True,GIAD-M3-S4-IOT-diagnostico-v7,1.1.0,edb7afe2f7fb836e59fe605d30c88b3b5b13a6d8ab2ec0b37f206a14e58de6bf,America/La_Paz,IOT-R028,2026-08-17T06:46:00Z,America/La_Paz,,SIN_TRATAMIENTO,CAM-25,True,IOT-R018:VALOR_CENTINELA,True,True,False,False,GIAD-M3-S4-IOT-tratamiento-v6
26101,2026-08-17 06:46:00,VIA-01088,ORD-2026-05447,CAM-25,PROD-033,20.62,C,-37.4,0,0,humedad_cabina_pct,1,IOT-R021,"[{""rule_id"": ""IOT-R021"", ""columna_afectada"": ""humedad_cabina_pct"", ""codigo_error"": ""FUERA_RANGO"", ""severidad"": ""CRITICAL"", ""accion"": ""CUARENTENA"", ""tipo_problema"": ""VALIDEZ"", ""dimension_calidad"": ""VALIDEZ"", ""valor_original"": ""-37.4"", ""detalle"": ""Humedad fuera de 0 a 100%""}]",1,0,True,GIAD-M3-S4-IOT-diagnostico-v7,1.1.0,edb7afe2f7fb836e59fe605d30c88b3b5b13a6d8ab2ec0b37f206a14e58de6bf,America/La_Paz,IOT-R028,2026-08-17T10:46:00Z,America/La_Paz,20.62,C_ORIGINAL,CAM-25,True,IOT-R021:FUERA_RANGO,True,True,False,False,GIAD-M3-S4-IOT-tratamiento-v6
26120,2026-08-20 16:32:00,VIA-01089,ORD-2026-01989,CAM-26,PROD-048,-999.0,C,41.6,0,0,temperatura_cabina_c,1,IOT-R018,"[{""rule_id"": ""IOT-R018"", ""columna_afectada"": ""temperatura_cabina_c"", ""codigo_error"": ""VALOR_CENTINELA"", ""severidad"": ""CRITICAL"", ""accion"": ""CUARENTENA"", ""tipo_problema"": ""VALIDEZ"", ""dimension_calidad"": ""VALIDEZ"", ""valor_original"": ""-999.0"", ""detalle"": ""-999 es centinela: lectura no evaluable para rangos térmicos""}]",1,0,True,GIAD-M3-S4-IOT-diagnostico-v7,1.1.0,edb7afe2f7fb836e59fe605d30c88b3b5b13a6d8ab2ec0b37f206a14e58de6bf,America/La_Paz,IOT-R028,2026-08-20T20:32:00Z,America/La_Paz,,SIN_TRATAMIENTO,CAM-26,True,IOT-R018:VALOR_CENTINELA,True,True,False,False,GIAD-M3-S4-IOT-tratamiento-v6
26152,2026-08-06 11:38:00,VIA-01090,ORD-2026-06698,CAM-01,PROD-024,291.22,K,28.0,0,0,temp_unit,1,IOT-R029,"[{""rule_id"": ""IOT-R029"", ""columna_afectada"": ""temp_unit"", ""codigo_error"": ""UNIDAD_NO_ESPERADA"", ""severidad"": ""CRITICAL"", ""accion"": ""CUARENTENA"", ""tipo_problema"": ""DOMINIO"", ""dimension_calidad"": ""VALIDEZ"", ""valor_original"": ""K"", ""detalle"": ""Kelvin no es una unidad operacional admitida para AndinaLog; revisar procedencia""}]",1,0,True,GIAD-M3-S4-IOT-diagnostico-v7,1.1.0,edb7afe2f7fb836e59fe605d30c88b3b5b13a6d8ab2ec0b37f206a14e58de6bf,America/La_Paz,IOT-R028,2026-08-06T15:38:00Z,America/La_Paz,,SIN_TRATAMIENTO,CAM-01,True,IOT-R029:UNIDAD_NO_ESPERADA,True,True,False,False,GIAD-M3-S4-IOT-tratamiento-v6
26156,2026-08-06 13:38:00,VIA-01090,ORD-2026-06698,CAM-01,PROD-024,,C,43.3,0,0,temperatura_cabina_c,1,IOT-R016,"[{""rule_id"": ""IOT-R016"", ""columna_afectada"": ""temperatura_cabina_c"", ""codigo_error"": ""FALTANTE"", ""severidad"": ""CRITICAL"", ""accion"": ""CUARENTENA"", ""tipo_problema"": ""FALTANTE"", ""dimension_calidad"": ""COMPLETITUD"", ""valor_original"": """", ""detalle"": ""Temperatura vacía""}]",1,0,True,GIAD-M3-S4-IOT-diagnostico-v7,1.1.0,edb7afe2f7fb836e59fe605d30c88b3b5b13a6d8ab2ec0b37f206a14e58de6bf,America/La_Paz,IOT-R028,2026-08-06T17:38:00Z,America/La_Paz,,SIN_TRATAMIENTO,CAM-01,True,IOT-R016:FALTANTE,True,True,False,False,GIAD-M3-S4-IOT-tratamiento-v6
26238,2026-08-10 14:19:00,VIA-01094,ORD-2026-01593,CAM-08,PROD-025,-18.16,C,,0,0,humedad_cabina_pct,1,IOT-R019,"[{""rule_id"": ""IOT-R019"", ""columna_afectada"": ""humedad_cabina_pct"", ""codigo_error"": ""FALTANTE"", ""severidad"": ""CRITICAL"", ""accion"": ""CUARENTENA"", ""tipo_problema"": ""FALTANTE"", ""dimension_calidad"": ""COMPLETITUD"", ""valor_original"": """", ""detalle"": ""Humedad vacía""}]",1,0,True,GIAD-M3-S4-IOT-diagnostico-v7,1.1.0,edb7afe2f7fb836e59fe605d30c88b3b5b13a6d8ab2ec0b37f206a14e58de6bf,America/La_Paz,IOT-R028,2026-08-10T18:19:00Z,America/La_Paz,-18.16,C_ORIGINAL,CAM-08,True,IOT-R019:FALTANTE,True,True,False,False,GIAD-M3-S4-IOT-tratamiento-v6
26242,2026-02-31 09:15:00,VIA-01094,ORD-2026-01593,CAM-08,PROD-025,-18.8,C,65.2,0,0,timestamp,1,IOT-R002,"[{""rule_id"": ""IOT-R002"", ""columna_afectada"": ""timestamp"", ""codigo_error"": ""FECHA_INVALIDA"", ""severidad"": ""CRITICAL"", ""accion"": ""CUARENTENA"", ""tipo_problema"": ""FORMATO"", ""dimension_calidad"": ""CONFORMIDAD"", ""valor_original"": ""2026-02-31 09:15:00"", ""detalle"": ""Formato incorrecto o fecha imposible""}]",1,0,True,GIAD-M3-S4-IOT-diagnostico-v7,1.1.0,edb7afe2f7fb836e59fe605d30c88b3b5b13a6d8ab2ec0b37f206a14e58de6bf,America/La_Paz,IOT-R028,,America/La_Paz,-18.8,C_ORIGINAL,CAM-08,True,IOT-R002:FECHA_INVALIDA,True,True,False,False,GIAD-M3-S4-IOT-tratamiento-v6
26321,2026-08-04 20:38:00,VIA-01097,ORD-2026-00823,CAM-08,PROD-056,4.71,C,,0,0,humedad_cabina_pct,1,IOT-R019,"[{""rule_id"": ""IOT-R019"", ""columna_afectada"": ""humedad_cabina_pct"", ""codigo_error"": ""FALTANTE"", ""severidad"": ""CRITICAL"", ""accion"": ""CUARENTENA"", ""tipo_problema"": ""FALTANTE"", ""dimension_calidad"": ""COMPLETITUD"", ""valor_original"": """", ""detalle"": ""Humedad vacía""}]",1,0,True,GIAD-M3-S4-IOT-diagnostico-v7,1.1.0,edb7afe2f7fb836e59fe605d30c88b3b5b13a6d8ab2ec0b37f206a14e58de6bf,America/La_Paz,IOT-R028,2026-08-05T00:38:00Z,America/La_Paz,4.71,C_ORIGINAL,CAM-08,True,IOT-R019:FALTANTE,True,True,False,False,GIAD-M3-S4-IOT-tratamiento-v6
26353,2026-08-11 11:32:00,VIA-01099,ORD-2026-03719,CAM-30,PROD-048,,C,43.2,0,0,temperatura_cabina_c|camion_id,2,IOT-R016|IOT-R027,"[{""rule_id"": ""IOT-R016"", ""columna_afectada"": ""temperatura_cabina_c"", ""codigo_error"": ""FALTANTE"", ""severidad"": ""CRITICAL"", ""accion"": ""CUARENTENA"", ""tipo_problema"": ""FALTANTE"", ""dimension_calidad"": ""COMPLETITUD"", ""valor_original"": """", ""detalle"": ""Temperatura vacía""}, {""rule_id"": ""IOT-R027"", ""columna_afectada"": ""camion_id"", ""codigo_error"": ""REFERENCIA_INEXISTENTE"", ""severidad"": ""WARNING"", ""accion"": ""REVISAR"", ""tipo_problema"": ""INTEGRIDAD"", ""dimension_calidad"": ""INTEGRIDAD"", ""valor_original"": ""CAM-30"", ""detalle"": ""Sin correspondencia en dimensión Silver de cobertura parcial; revisar, no inferir identificador inválido""}]",1,1,True,GIAD-M3-S4-IOT-diagnostico-v7,1.1.0,edb7afe2f7fb836e59fe605d30c88b3b5b13a6d8ab2ec0b37f206a14e58de6bf,America/La_Paz,IOT-R028,2026-08-11T15:32:00Z,America/La_Paz,,SIN_TRATAMIENTO,CAM-30,True,IOT-R016:FALTANTE,True,False,False,False,GIAD-M3-S4-IOT-tratamiento-v6
26425,2026-08-14 02:28:00,VIA-01102,ORD-2026-04077,CAM-19,PROD-014,,C,47.7,0,0,temperatura_cabina_c,1,IOT-R016,"[{""rule_id"": ""IOT-R016"", ""columna_afectada"": ""temperatura_cabina_c"", ""codigo_error"": ""FALTANTE"", ""severidad"": ""CRITICAL"", ""accion"": ""CUARENTENA"", ""tipo_problema"": ""FALTANTE"", ""dimension_calidad"": ""COMPLETITUD"", ""valor_original"": """", ""detalle"": ""Temperatura vacía""}]",1,0,True,GIAD-M3-S4-IOT-diagnostico-v7,1.1.0,edb7afe2f7fb836e59fe605d30c88b3b5b13a6d8ab2ec0b37f206a14e58de6bf,America/La_Paz,IOT-R028,2026-08-14T06:28:00Z,America/La_Paz,,SIN_TRATAMIENTO,CAM-19,True,IOT-R016:FALTANTE,True,True,False,False,GIAD-M3-S4-IOT-tratamiento-v6
26525,2026-08-12 23:04:00,VIA-01106,ORD-2026-03592,CAM-25,PROD-024,-999.0,C,54.5,0,0,temperatura_cabina_c,1,IOT-R018,"[{""rule_id"": ""IOT-R018"", ""columna_afectada"": ""temperatura_cabina_c"", ""codigo_error"": ""VALOR_CENTINELA"", ""severidad"": ""CRITICAL"", ""accion"": ""CUARENTENA"", ""tipo_problema"": ""VALIDEZ"", ""dimension_calidad"": ""VALIDEZ"", ""valor_original"": ""-999.0"", ""detalle"": ""-999 es centinela: lectura no evaluable para rangos térmicos""}]",1,0,True,GIAD-M3-S4-IOT-diagnostico-v7,1.1.0,edb7afe2f7fb836e59fe605d30c88b3b5b13a6d8ab2ec0b37f206a14e58de6bf,America/La_Paz,IOT-R028,2026-08-13T03:04:00Z,America/La_Paz,,SIN_TRATAMIENTO,CAM-25,True,IOT-R018:VALOR_CENTINELA,True,True,False,False,GIAD-M3-S4-IOT-tratamiento-v6
26584,2026-08-03 10:21:00,VIA-01108,ORD-2026-04770,CAM-11,PROD-004,4.54,C,-76.6,0,0,humedad_cabina_pct,1,IOT-R021,"[{""rule_id"": ""IOT-R021"", ""columna_afectada"": ""humedad_cabina_pct"", ""codigo_error"": ""FUERA_RANGO"", ""severidad"": ""CRITICAL"", ""accion"": ""CUARENTENA"", ""tipo_problema"": ""VALIDEZ"", ""dimension_calidad"": ""VALIDEZ"", ""valor_original"": ""-76.6"", ""detalle"": ""Humedad fuera de 0 a 100%""}]",1,0,True,GIAD-M3-S4-IOT-diagnostico-v7,1.1.0,edb7afe2f7fb836e59fe605d30c88b3b5b13a6d8ab2ec0b37f206a14e58de6bf,America/La_Paz,IOT-R028,2026-08-03T14:21:00Z,America/La_Paz,4.54,C_ORIGINAL,CAM-11,True,IOT-R021:FUERA_RANGO,True,True,False,False,GIAD-M3-S4-IOT-tratamiento-v6
26990,2026-08-06 16:46:00,VIA-01125,ORD-2026-07496,CAM-08,PROD-044,4.61,C,,0,1,humedad_cabina_pct,1,IOT-R019,"[{""rule_id"": ""IOT-R019"", ""columna_afectada"": ""humedad_cabina_pct"", ""codigo_error"": ""FALTANTE"", ""severidad"": ""CRITICAL"", ""accion"": ""CUARENTENA"", ""tipo_problema"": ""FALTANTE"", ""dimension_calidad"": ""COMPLETITUD"", ""valor_original"": """", ""detalle"": ""Humedad vacía""}]",1,0,True,GIAD-M3-S4-IOT-diagnostico-v7,1.1.0,edb7afe2f7fb836e59fe605d30c88b3b5b13a6d8ab2ec0b37f206a14e58de6bf,America/La_Paz,IOT-R028,2026-08-06T20:46:00Z,America/La_Paz,4.61,C_ORIGINAL,CAM-08,True,IOT-R019:FALTANTE,True,True,False,False,GIAD-M3-S4-IOT-tratamiento-v6
27214,2026-08-07 12:39:00,VIA-01134,ORD-2026-05392,CAM-09,PROD-012,-999.0,C,51.6,0,0,temperatura_cabina_c,1,IOT-R018,"[{""rule_id"": ""IOT-R018"", ""columna_afectada"": ""temperatura_cabina_c"", ""codigo_error"": ""VALOR_CENTINELA"", ""severidad"": ""CRITICAL"", ""accion"": ""CUARENTENA"", ""tipo_problema"": ""VALIDEZ"", ""dimension_calidad"": ""VALIDEZ"", ""valor_original"": ""-999.0"", ""detalle"": ""-999 es centinela: lectura no evaluable para rangos térmicos""}]",1,0,True,GIAD-M3-S4-IOT-diagnostico-v7,1.1.0,edb7afe2f7fb836e59fe605d30c88b3b5b13a6d8ab2ec0b37f206a14e58de6bf,America/La_Paz,IOT-R028,2026-08-07T16:39:00Z,America/La_Paz,,SIN_TRATAMIENTO,CAM-09,True,IOT-R018:VALOR_CENTINELA,True,True,False,False,GIAD-M3-S4-IOT-tratamiento-v6
27228,2026-08-20 17:42:00,VIA-01135,ORD-2026-05571,CAM-27,PROD-015,3.71,C,,0,0,humedad_cabina_pct,1,IOT-R019,"[{""rule_id"": ""IOT-R019"", ""columna_afectada"": ""humedad_cabina_pct"", ""codigo_error"": ""FALTANTE"", ""severidad"": ""CRITICAL"", ""accion"": ""CUARENTENA"", ""tipo_problema"": ""FALTANTE"", ""dimension_calidad"": ""COMPLETITUD"", ""valor_original"": """", ""detalle"": ""Humedad vacía""}]",1,0,True,GIAD-M3-S4-IOT-diagnostico-v7,1.1.0,edb7afe2f7fb836e59fe605d30c88b3b5b13a6d8ab2ec0b37f206a14e58de6bf,America/La_Paz,IOT-R028,2026-08-20T21:42:00Z,America/La_Paz,3.71,C_ORIGINAL,CAM-27,True,IOT-R019:FALTANTE,True,True,False,False,GIAD-M3-S4-IOT-tratamiento-v6
27298,2026-08-24 19:35:00,VIA-01138,ORD-2026-04129,CAM-03,PROD-019,,C,52.0,0,0,temperatura_cabina_c,1,IOT-R016,"[{""rule_id"": ""IOT-R016"", ""columna_afectada"": ""temperatura_cabina_c"", ""codigo_error"": ""FALTANTE"", ""severidad"": ""CRITICAL"", ""accion"": ""CUARENTENA"", ""tipo_problema"": ""FALTANTE"", ""dimension_calidad"": ""COMPLETITUD"", ""valor_original"": """", ""detalle"": ""Temperatura vacía""}]",1,0,True,GIAD-M3-S4-IOT-diagnostico-v7,1.1.0,edb7afe2f7fb836e59fe605d30c88b3b5b13a6d8ab2ec0b37f206a14e58de6bf,America/La_Paz,IOT-R028,2026-08-24T23:35:00Z,America/La_Paz,,SIN_TRATAMIENTO,CAM-03,True,IOT-R016:FALTANTE,True,True,False,False,GIAD-M3-S4-IOT-tratamiento-v6
27301,2026-08-24 21:05:00,VIA-01138,ORD-2026-04129,CAM-03,PROD-019,17.94,C,,0,0,humedad_cabina_pct,1,IOT-R019,"[{""rule_id"": ""IOT-R019"", ""columna_afectada"": ""humedad_cabina_pct"", ""codigo_error"": ""FALTANTE"", ""severidad"": ""CRITICAL"", ""accion"": ""CUARENTENA"", ""tipo_problema"": ""FALTANTE"", ""dimension_calidad"": ""COMPLETITUD"", ""valor_original"": """", ""detalle"": ""Humedad vacía""}]",1,0,True,GIAD-M3-S4-IOT-diagnostico-v7,1.1.0,edb7afe2f7fb836e59fe605d30c88b3b5b13a6d8ab2ec0b37f206a14e58de6bf,America/La_Paz,IOT-R028,2026-08-25T01:05:00Z,America/La_Paz,17.94,C_ORIGINAL,CAM-03,True,IOT-R019:FALTANTE,True,True,False,False,GIAD-M3-S4-IOT-tratamiento-v6
27380,2026-08-07 04:23:00,VIA-01141,ORD-2026-06915,CAM-18,PROD-040,-999.0,C,43.2,0,0,temperatura_cabina_c,1,IOT-R018,"[{""rule_id"": ""IOT-R018"", ""columna_afectada"": ""temperatura_cabina_c"", ""codigo_error"": ""VALOR_CENTINELA"", ""severidad"": ""CRITICAL"", ""accion"": ""CUARENTENA"", ""tipo_problema"": ""VALIDEZ"", ""dimension_calidad"": ""VALIDEZ"", ""valor_original"": ""-999.0"", ""detalle"": ""-999 es centinela: lectura no evaluable para rangos térmicos""}]",1,0,True,GIAD-M3-S4-IOT-diagnostico-v7,1.1.0,edb7afe2f7fb836e59fe605d30c88b3b5b13a6d8ab2ec0b37f206a14e58de6bf,America/La_Paz,IOT-R028,2026-08-07T08:23:00Z,America/La_Paz,,SIN_TRATAMIENTO,CAM-18,True,IOT-R018:VALOR_CENTINELA,True,True,False,False,GIAD-M3-S4-IOT-tratamiento-v6
27390,2026-08-10 15:05:00,VIA-01142,ORD-2026-06640,CAM-28,PROD-008,-999.0,C,61.6,0,0,temperatura_cabina_c|producto_id,2,IOT-R018|IOT-R026,"[{""rule_id"": ""IOT-R018"", ""columna_afectada"": ""temperatura_cabina_c"", ""codigo_error"": ""VALOR_CENTINELA"", ""severidad"": ""CRITICAL"", ""accion"": ""CUARENTENA"", ""tipo_problema"": ""VALIDEZ"", ""dimension_calidad"": ""VALIDEZ"", ""valor_original"": ""-999.0"", ""detalle"": ""-999 es centinela: lectura no evaluable para rangos térmicos""}, {""rule_id"": ""IOT-R026"", ""columna_afectada"": ""producto_id"", ""codigo_error"": ""REFERENCIA_INEXISTENTE"", ""severidad"": ""WARNING"", ""accion"": ""REVISAR"", ""tipo_problema"": ""INTEGRIDAD"", ""dimension_calidad"": ""INTEGRIDAD"", ""valor_original"": ""PROD-008"", ""detalle"": ""Sin correspondencia en dimensión Silver de cobertura parcial; revisar, no inferir identificador inválido""}]",1,1,True,GIAD-M3-S4-IOT-diagnostico-v7,1.1.0,edb7afe2f7fb836e59fe605d30c88b3b5b13a6d8ab2ec0b37f206a14e58de6bf,America/La_Paz,IOT-R028,2026-08-10T19:05:00Z,America/La_Paz,,SIN_TRATAMIENTO,CAM-28,True,IOT-R018:VALOR_CENTINELA,False,True,False,False,GIAD-M3-S4-IOT-tratamiento-v6
27421,2026-08-06 04:01:00,VIA-01143,ORD-2026-03531,CAM-27,PROD-019,18.79,C,-39.8,0,0,humedad_cabina_pct,1,IOT-R021,"[{""rule_id"": ""IOT-R021"", ""columna_afectada"": ""humedad_cabina_pct"", ""codigo_error"": ""FUERA_RANGO"", ""severidad"": ""CRITICAL"", ""accion"": ""CUARENTENA"", ""tipo_problema"": ""VALIDEZ"", ""dimension_calidad"": ""VALIDEZ"", ""valor_original"": ""-39.8"", ""detalle"": ""Humedad fuera de 0 a 100%""}]",1,0,True,GIAD-M3-S4-IOT-diagnostico-v7,1.1.0,edb7afe2f7fb836e59fe605d30c88b3b5b13a6d8ab2ec0b37f206a14e58de6bf,America/La_Paz,IOT-R028,2026-08-06T08:01:00Z,America/La_Paz,18.79,C_ORIGINAL,CAM-27,True,IOT-R021:FUERA_RANGO,True,True,False,False,GIAD-M3-S4-IOT-tratamiento-v6
27443,2026-08-17 11:38:00,VIA-01144,ORD-2026-04306,CAM-26,PROD-002,,C,46.8,0,0,temperatura_cabina_c,1,IOT-R016,"[{""rule_id"": ""IOT-R016"", ""columna_afectada"": ""temperatura_cabina_c"", ""codigo_error"": ""FALTANTE"", ""severidad"": ""CRITICAL"", ""accion"": ""CUARENTENA"", ""tipo_problema"": ""FALTANTE"", ""dimension_calidad"": ""COMPLETITUD"", ""valor_original"": """", ""detalle"": ""Temperatura vacía""}]",1,0,True,GIAD-M3-S4-IOT-diagnostico-v7,1.1.0,edb7afe2f7fb836e59fe605d30c88b3b5b13a6d8ab2ec0b37f206a14e58de6bf,America/La_Paz,IOT-R028,2026-08-17T15:38:00Z,America/La_Paz,,SIN_TRATAMIENTO,CAM-26,True,IOT-R016:FALTANTE,True,True,False,False,GIAD-M3-S4-IOT-tratamiento-v6
27489,2026-08-08 12:22:00,VIA-01146,ORD-2026-06006,CAM-08,PROD-036,3.44,C,,0,0,humedad_cabina_pct|producto_id,2,IOT-R019|IOT-R026,"[{""rule_id"": ""IOT-R019"", ""columna_afectada"": ""humedad_cabina_pct"", ""codigo_error"": ""FALTANTE"", ""severidad"": ""CRITICAL"", ""accion"": ""CUARENTENA"", ""tipo_problema"": ""FALTANTE"", ""dimension_calidad"": ""COMPLETITUD"", ""valor_original"": """", ""detalle"": ""Humedad vacía""}, {""rule_id"": ""IOT-R026"", ""columna_afectada"": ""producto_id"", ""codigo_error"": ""REFERENCIA_INEXISTENTE"", ""severidad"": ""WARNING"", ""accion"": ""REVISAR"", ""tipo_problema"": ""INTEGRIDAD"", ""dimension_calidad"": ""INTEGRIDAD"", ""valor_original"": ""PROD-036"", ""detalle"": ""Sin correspondencia en dimensión Silver de cobertura parcial; revisar, no inferir identificador inválido""}]",1,1,True,GIAD-M3-S4-IOT-diagnostico-v7,1.1.0,edb7afe2f7fb836e59fe605d30c88b3b5b13a6d8ab2ec0b37f206a14e58de6bf,America/La_Paz,IOT-R028,2026-08-08T16:22:00Z,America/La_Paz,3.44,C_ORIGINAL,CAM-08,True,IOT-R019:FALTANTE,False,True,False,False,GIAD-M3-S4-IOT-tratamiento-v6
27542,2026-08-19 21:04:00,VIA-01148,ORD-2026-03254,CAM-19,PROD-047,-999.0,C,63.6,0,0,temperatura_cabina_c,1,IOT-R018,"[{""rule_id"": ""IOT-R018"", ""columna_afectada"": ""temperatura_cabina_c"", ""codigo_error"": ""VALOR_CENTINELA"", ""severidad"": ""CRITICAL"", ""accion"": ""CUARENTENA"", ""tipo_problema"": ""VALIDEZ"", ""dimension_calidad"": ""VALIDEZ"", ""valor_original"": ""-999.0"", ""detalle"": ""-999 es centinela: lectura no evaluable para rangos térmicos""}]",1,0,True,GIAD-M3-S4-IOT-diagnostico-v7,1.1.0,edb7afe2f7fb836e59fe605d30c88b3b5b13a6d8ab2ec0b37f206a14e58de6bf,America/La_Paz,IOT-R028,2026-08-20T01:04:00Z,America/La_Paz,,SIN_TRATAMIENTO,CAM-19,True,IOT-R018:VALOR_CENTINELA,True,True,False,False,GIAD-M3-S4-IOT-tratamiento-v6
27605,2026-08-10 22:58:00,VIA-01151,ORD-2026-01183,CAM-28,PROD-037,-999.0,C,69.8,0,0,temperatura_cabina_c,1,IOT-R018,"[{""rule_id"": ""IOT-R018"", ""columna_afectada"": ""temperatura_cabina_c"", ""codigo_error"": ""VALOR_CENTINELA"", ""severidad"": ""CRITICAL"", ""accion"": ""CUARENTENA"", ""tipo_problema"": ""VALIDEZ"", ""dimension_calidad"": ""VALIDEZ"", ""valor_original"": ""-999.0"", ""detalle"": ""-999 es centinela: lectura no evaluable para rangos térmicos""}]",1,0,True,GIAD-M3-S4-IOT-diagnostico-v7,1.1.0,edb7afe2f7fb836e59fe605d30c88b3b5b13a6d8ab2ec0b37f206a14e58de6bf,America/La_Paz,IOT-R028,2026-08-11T02:58:00Z,America/La_Paz,,SIN_TRATAMIENTO,CAM-28,True,IOT-R018:VALOR_CENTINELA,True,True,False,False,GIAD-M3-S4-IOT-tratamiento-v6
27807,2026-08-27 05:48:00,VIA-01159,ORD-2026-05279,CAM-01,PROD-054,-999.0,C,55.3,0,1,temperatura_cabina_c,1,IOT-R018,"[{""rule_id"": ""IOT-R018"", ""columna_afectada"": ""temperatura_cabina_c"", ""codigo_error"": ""VALOR_CENTINELA"", ""severidad"": ""CRITICAL"", ""accion"": ""CUARENTENA"", ""tipo_problema"": ""VALIDEZ"", ""dimension_calidad"": ""VALIDEZ"", ""valor_original"": ""-999.0"", ""detalle"": ""-999 es centinela: lectura no evaluable para rangos térmicos""}]",1,0,True,GIAD-M3-S4-IOT-diagnostico-v7,1.1.0,edb7afe2f7fb836e59fe605d30c88b3b5b13a6d8ab2ec0b37f206a14e58de6bf,America/La_Paz,IOT-R028,2026-08-27T09:48:00Z,America/La_Paz,,SIN_TRATAMIENTO,CAM-01,True,IOT-R018:VALOR_CENTINELA,True,True,False,False,GIAD-M3-S4-IOT-tratamiento-v6
27936,2026-08-03 14:45:00,VIA-01164,ORD-2026-05578,CAM-04,PROD-003,,C,33.7,0,0,temperatura_cabina_c,1,IOT-R016,"[{""rule_id"": ""IOT-R016"", ""columna_afectada"": ""temperatura_cabina_c"", ""codigo_error"": ""FALTANTE"", ""severidad"": ""CRITICAL"", ""accion"": ""CUARENTENA"", ""tipo_problema"": ""FALTANTE"", ""dimension_calidad"": ""COMPLETITUD"", ""valor_original"": """", ""detalle"": ""Temperatura vacía""}]",1,0,True,GIAD-M3-S4-IOT-diagnostico-v7,1.1.0,edb7afe2f7fb836e59fe605d30c88b3b5b13a6d8ab2ec0b37f206a14e58de6bf,America/La_Paz,IOT-R028,2026-08-03T18:45:00Z,America/La_Paz,,SIN_TRATAMIENTO,CAM-04,True,IOT-R016:FALTANTE,True,True,False,False,GIAD-M3-S4-IOT-tratamiento-v6
28111,2026-08-02 00:15:00,VIA-01172,ORD-2026-02661,CAM-26,PROD-046,,C,57.5,0,0,temperatura_cabina_c|producto_id,2,IOT-R016|IOT-R026,"[{""rule_id"": ""IOT-R016"", ""columna_afectada"": ""temperatura_cabina_c"", ""codigo_error"": ""FALTANTE"", ""severidad"": ""CRITICAL"", ""accion"": ""CUARENTENA"", ""tipo_problema"": ""FALTANTE"", ""dimension_calidad"": ""COMPLETITUD"", ""valor_original"": """", ""detalle"": ""Temperatura vacía""}, {""rule_id"": ""IOT-R026"", ""columna_afectada"": ""producto_id"", ""codigo_error"": ""REFERENCIA_INEXISTENTE"", ""severidad"": ""WARNING"", ""accion"": ""REVISAR"", ""tipo_problema"": ""INTEGRIDAD"", ""dimension_calidad"": ""INTEGRIDAD"", ""valor_original"": ""PROD-046"", ""detalle"": ""Sin correspondencia en dimensión Silver de cobertura parcial; revisar, no inferir identificador inválido""}]",1,1,True,GIAD-M3-S4-IOT-diagnostico-v7,1.1.0,edb7afe2f7fb836e59fe605d30c88b3b5b13a6d8ab2ec0b37f206a14e58de6bf,America/La_Paz,IOT-R028,2026-08-02T04:15:00Z,America/La_Paz,,SIN_TRATAMIENTO,CAM-26,True,IOT-R016:FALTANTE,False,True,False,False,GIAD-M3-S4-IOT-tratamiento-v6
28132,2026-02-31 09:15:00,VIA-01173,ORD-2026-01654,CAM-15,PROD-025,-19.12,C,65.0,0,0,timestamp,1,IOT-R002,"[{""rule_id"": ""IOT-R002"", ""columna_afectada"": ""timestamp"", ""codigo_error"": ""FECHA_INVALIDA"", ""severidad"": ""CRITICAL"", ""accion"": ""CUARENTENA"", ""tipo_problema"": ""FORMATO"", ""dimension_calidad"": ""CONFORMIDAD"", ""valor_original"": ""2026-02-31 09:15:00"", ""detalle"": ""Formato incorrecto o fecha imposible""}]",1,0,True,GIAD-M3-S4-IOT-diagnostico-v7,1.1.0,edb7afe2f7fb836e59fe605d30c88b3b5b13a6d8ab2ec0b37f206a14e58de6bf,America/La_Paz,IOT-R028,,America/La_Paz,-19.12,C_ORIGINAL,CAM-15,True,IOT-R002:FECHA_INVALIDA,True,True,False,False,GIAD-M3-S4-IOT-tratamiento-v6
28181,2026-08-16 08:15:00,VIA-01175,ORD-2026-00491,CAM-08,PROD-015,,C,70.3,0,0,temperatura_cabina_c,1,IOT-R016,"[{""rule_id"": ""IOT-R016"", ""columna_afectada"": ""temperatura_cabina_c"", ""codigo_error"": ""FALTANTE"", ""severidad"": ""CRITICAL"", ""accion"": ""CUARENTENA"", ""tipo_problema"": ""FALTANTE"", ""dimension_calidad"": ""COMPLETITUD"", ""valor_original"": """", ""detalle"": ""Temperatura vacía""}]",1,0,True,GIAD-M3-S4-IOT-diagnostico-v7,1.1.0,edb7afe2f7fb836e59fe605d30c88b3b5b13a6d8ab2ec0b37f206a14e58de6bf,America/La_Paz,IOT-R028,2026-08-16T12:15:00Z,America/La_Paz,,SIN_TRATAMIENTO,CAM-08,True,IOT-R016:FALTANTE,True,True,False,False,GIAD-M3-S4-IOT-tratamiento-v6
28187,2026-08-16 11:15:00,VIA-01175,ORD-2026-00491,CAM-08,PROD-015,276.55,K,74.6,0,0,temp_unit,1,IOT-R029,"[{""rule_id"": ""IOT-R029"", ""columna_afectada"": ""temp_unit"", ""codigo_error"": ""UNIDAD_NO_ESPERADA"", ""severidad"": ""CRITICAL"", ""accion"": ""CUARENTENA"", ""tipo_problema"": ""DOMINIO"", ""dimension_calidad"": ""VALIDEZ"", ""valor_original"": ""K"", ""detalle"": ""Kelvin no es una unidad operacional admitida para AndinaLog; revisar procedencia""}]",1,0,True,GIAD-M3-S4-IOT-diagnostico-v7,1.1.0,edb7afe2f7fb836e59fe605d30c88b3b5b13a6d8ab2ec0b37f206a14e58de6bf,America/La_Paz,IOT-R028,2026-08-16T15:15:00Z,America/La_Paz,,SIN_TRATAMIENTO,CAM-08,True,IOT-R029:UNIDAD_NO_ESPERADA,True,True,False,False,GIAD-M3-S4-IOT-tratamiento-v6
28226,2026-08-04 18:31:00,VIA-01177,ORD-2026-00230,CAM-16,PROD-017,20.23,C,,0,0,humedad_cabina_pct,1,IOT-R019,"[{""rule_id"": ""IOT-R019"", ""columna_afectada"": ""humedad_cabina_pct"", ""codigo_error"": ""FALTANTE"", ""severidad"": ""CRITICAL"", ""accion"": ""CUARENTENA"", ""tipo_problema"": ""FALTANTE"", ""dimension_calidad"": ""COMPLETITUD"", ""valor_original"": """", ""detalle"": ""Humedad vacía""}]",1,0,True,GIAD-M3-S4-IOT-diagnostico-v7,1.1.0,edb7afe2f7fb836e59fe605d30c88b3b5b13a6d8ab2ec0b37f206a14e58de6bf,America/La_Paz,IOT-R028,2026-08-04T22:31:00Z,America/La_Paz,20.23,C_ORIGINAL,CAM-16,True,IOT-R019:FALTANTE,True,True,False,False,GIAD-M3-S4-IOT-tratamiento-v6
28336,2026-08-05 20:51:00,VIA-01181,ORD-2026-01540,CAM-19,PROD-057,,C,45.4,0,0,temperatura_cabina_c,1,IOT-R016,"[{""rule_id"": ""IOT-R016"", ""columna_afectada"": ""temperatura_cabina_c"", ""codigo_error"": ""FALTANTE"", ""severidad"": ""CRITICAL"", ""accion"": ""CUARENTENA"", ""tipo_problema"": ""FALTANTE"", ""dimension_calidad"": ""COMPLETITUD"", ""valor_original"": """", ""detalle"": ""Temperatura vacía""}]",1,0,True,GIAD-M3-S4-IOT-diagnostico-v7,1.1.0,edb7afe2f7fb836e59fe605d30c88b3b5b13a6d8ab2ec0b37f206a14e58de6bf,America/La_Paz,IOT-R028,2026-08-06T00:51:00Z,America/La_Paz,,SIN_TRATAMIENTO,CAM-19,True,IOT-R016:FALTANTE,True,True,False,False,GIAD-M3-S4-IOT-tratamiento-v6
28490,2026-08-04 04:24:00,VIA-01188,ORD-2026-04191,CAM-24,PROD-001,-999.0,C,75.3,0,0,temperatura_cabina_c,1,IOT-R018,"[{""rule_id"": ""IOT-R018"", ""columna_afectada"": ""temperatura_cabina_c"", ""codigo_error"": ""VALOR_CENTINELA"", ""severidad"": ""CRITICAL"", ""accion"": ""CUARENTENA"", ""tipo_problema"": ""VALIDEZ"", ""dimension_calidad"": ""VALIDEZ"", ""valor_original"": ""-999.0"", ""detalle"": ""-999 es centinela: lectura no evaluable para rangos térmicos""}]",1,0,True,GIAD-M3-S4-IOT-diagnostico-v7,1.1.0,edb7afe2f7fb836e59fe605d30c88b3b5b13a6d8ab2ec0b37f206a14e58de6bf,America/La_Paz,IOT-R028,2026-08-04T08:24:00Z,America/La_Paz,,SIN_TRATAMIENTO,CAM-24,True,IOT-R018:VALOR_CENTINELA,True,True,False,False,GIAD-M3-S4-IOT-tratamiento-v6
28801,2026-08-10 20:07:00,VIA-00236,ORD-2026-03207,CAM-29,PROD-050,22.03,C,41.3,0,0,viaje_id+timestamp,1,IOT-R011,"[{""rule_id"": ""IOT-R011"", ""columna_afectada"": ""viaje_id+timestamp"", ""codigo_error"": ""DUPLICADO_IDENTICO"", ""severidad"": ""CRITICAL"", ""accion"": ""CUARENTENA"", ""tipo_problema"": ""UNICIDAD"", ""dimension_calidad"": ""UNICIDAD"", ""valor_original"": ""VIA-00236 + 2026-08-10 20:07:00"", ""detalle"": ""Copia posterior idéntica de toda la fila Bronze""}]",1,0,True,GIAD-M3-S4-IOT-diagnostico-v7,1.1.0,edb7afe2f7fb836e59fe605d30c88b3b5b13a6d8ab2ec0b37f206a14e58de6bf,America/La_Paz,IOT-R028,2026-08-11T00:07:00Z,America/La_Paz,22.03,C_ORIGINAL,CAM-29,True,IOT-R011:DUPLICADO_IDENTICO,True,True,False,False,GIAD-M3-S4-IOT-tratamiento-v6
28802,2026-08-21 16:21:00,VIA-00184,ORD-2026-02963,CAM-19,PROD-008,-19.1,C,82.6,0,0,viaje_id+timestamp|producto_id,2,IOT-R011|IOT-R026,"[{""rule_id"": ""IOT-R011"", ""columna_afectada"": ""viaje_id+timestamp"", ""codigo_error"": ""DUPLICADO_IDENTICO"", ""severidad"": ""CRITICAL"", ""accion"": ""CUARENTENA"", ""tipo_problema"": ""UNICIDAD"", ""dimension_calidad"": ""UNICIDAD"", ""valor_original"": ""VIA-00184 + 2026-08-21 16:21:00"", ""detalle"": ""Copia posterior idéntica de toda la fila Bronze""}, {""rule_id"": ""IOT-R026"", ""columna_afectada"": ""producto_id"", ""codigo_error"": ""REFERENCIA_INEXISTENTE"", ""severidad"": ""WARNING"", ""accion"": ""REVISAR"", ""tipo_problema"": ""INTEGRIDAD"", ""dimension_calidad"": ""INTEGRIDAD"", ""valor_original"": ""PROD-008"", ""detalle"": ""Sin correspondencia en dimensión Silver de cobertura parcial; revisar, no inferir identificador inválido""}]",1,1,True,GIAD-M3-S4-IOT-diagnostico-v7,1.1.0,edb7afe2f7fb836e59fe605d30c88b3b5b13a6d8ab2ec0b37f206a14e58de6bf,America/La_Paz,IOT-R028,2026-08-21T20:21:00Z,America/La_Paz,-19.1,C_ORIGINAL,CAM-19,True,IOT-R011:DUPLICADO_IDENTICO,False,True,False,False,GIAD-M3-S4-IOT-tratamiento-v6
28803,2026-08-25 04:44:00,VIA-00970,ORD-2026-00258,CAM-04,PROD-057,16.78,C,48.8,0,0,viaje_id+timestamp,1,IOT-R011,"[{""rule_id"": ""IOT-R011"", ""columna_afectada"": ""viaje_id+timestamp"", ""codigo_error"": ""DUPLICADO_IDENTICO"", ""severidad"": ""CRITICAL"", ""accion"": ""CUARENTENA"", ""tipo_problema"": ""UNICIDAD"", ""dimension_calidad"": ""UNICIDAD"", ""valor_original"": ""VIA-00970 + 2026-08-25 04:44:00"", ""detalle"": ""Copia posterior idéntica de toda la fila Bronze""}]",1,0,True,GIAD-M3-S4-IOT-diagnostico-v7,1.1.0,edb7afe2f7fb836e59fe605d30c88b3b5b13a6d8ab2ec0b37f206a14e58de6bf,America/La_Paz,IOT-R028,2026-08-25T08:44:00Z,America/La_Paz,16.78,C_ORIGINAL,CAM-04,True,IOT-R011:DUPLICADO_IDENTICO,True,True,False,False,GIAD-M3-S4-IOT-tratamiento-v6
28804,2026-08-18 04:11:00,VIA-00194,ORD-2026-06568,CAM-16,PROD-030,21.32,C,63.3,0,0,viaje_id+timestamp,1,IOT-R011,"[{""rule_id"": ""IOT-R011"", ""columna_afectada"": ""viaje_id+timestamp"", ""codigo_error"": ""DUPLICADO_IDENTICO"", ""severidad"": ""CRITICAL"", ""accion"": ""CUARENTENA"", ""tipo_problema"": ""UNICIDAD"", ""dimension_calidad"": ""UNICIDAD"", ""valor_original"": ""VIA-00194 + 2026-08-18 04:11:00"", ""detalle"": ""Copia posterior idéntica de toda la fila Bronze""}]",1,0,True,GIAD-M3-S4-IOT-diagnostico-v7,1.1.0,edb7afe2f7fb836e59fe605d30c88b3b5b13a6d8ab2ec0b37f206a14e58de6bf,America/La_Paz,IOT-R028,2026-08-18T08:11:00Z,America/La_Paz,21.32,C_ORIGINAL,CAM-16,True,IOT-R011:DUPLICADO_IDENTICO,True,True,False,False,GIAD-M3-S4-IOT-tratamiento-v6
28805,2026-08-02 11:49:00,VIA-00914,ORD-2026-01504,CAM-10,PROD-014,17.85,C,39.5,0,0,viaje_id+timestamp,1,IOT-R011,"[{""rule_id"": ""IOT-R011"", ""columna_afectada"": ""viaje_id+timestamp"", ""codigo_error"": ""DUPLICADO_IDENTICO"", ""severidad"": ""CRITICAL"", ""accion"": ""CUARENTENA"", ""tipo_problema"": ""UNICIDAD"", ""dimension_calidad"": ""UNICIDAD"", ""valor_original"": ""VIA-00914 + 2026-08-02 11:49:00"", ""detalle"": ""Copia posterior idéntica de toda la fila Bronze""}]",1,0,True,GIAD-M3-S4-IOT-diagnostico-v7,1.1.0,edb7afe2f7fb836e59fe605d30c88b3b5b13a6d8ab2ec0b37f206a14e58de6bf,America/La_Paz,IOT-R028,2026-08-02T15:49:00Z,America/La_Paz,17.85,C_ORIGINAL,CAM-10,True,IOT-R011:DUPLICADO_IDENTICO,True,True,False,False,GIAD-M3-S4-IOT-tratamiento-v6
28806,2026-08-19 11:40:00,VIA-00259,ORD-2026-04308,CAM-28,PROD-028,18.88,C,43.4,0,0,viaje_id+timestamp|producto_id,2,IOT-R011|IOT-R026,"[{""rule_id"": ""IOT-R011"", ""columna_afectada"": ""viaje_id+timestamp"", ""codigo_error"": ""DUPLICADO_IDENTICO"", ""severidad"": ""CRITICAL"", ""accion"": ""CUARENTENA"", ""tipo_problema"": ""UNICIDAD"", ""dimension_calidad"": ""UNICIDAD"", ""valor_original"": ""VIA-00259 + 2026-08-19 11:40:00"", ""detalle"": ""Copia posterior idéntica de toda la fila Bronze""}, {""rule_id"": ""IOT-R026"", ""columna_afectada"": ""producto_id"", ""codigo_error"": ""REFERENCIA_INEXISTENTE"", ""severidad"": ""WARNING"", ""accion"": ""REVISAR"", ""tipo_problema"": ""INTEGRIDAD"", ""dimension_calidad"": ""INTEGRIDAD"", ""valor_original"": ""PROD-028"", ""detalle"": ""Sin correspondencia en dimensión Silver de cobertura parcial; revisar, no inferir identificador inválido""}]",1,1,True,GIAD-M3-S4-IOT-diagnostico-v7,1.1.0,edb7afe2f7fb836e59fe605d30c88b3b5b13a6d8ab2ec0b37f206a14e58de6bf,America/La_Paz,IOT-R028,2026-08-19T15:40:00Z,America/La_Paz,18.88,C_ORIGINAL,CAM-28,True,IOT-R011:DUPLICADO_IDENTICO,False,True,False,False,GIAD-M3-S4-IOT-tratamiento-v6
28807,2026-08-18 17:23:00,VIA-00242,ORD-2026-04829,CAM-27,PROD-004,2.93,C,78.1,0,0,viaje_id+timestamp,1,IOT-R011,"[{""rule_id"": ""IOT-R011"", ""columna_afectada"": ""viaje_id+timestamp"", ""codigo_error"": ""DUPLICADO_IDENTICO"", ""severidad"": ""CRITICAL"", ""accion"": ""CUARENTENA"", ""tipo_problema"": ""UNICIDAD"", ""dimension_calidad"": ""UNICIDAD"", ""valor_original"": ""VIA-00242 + 2026-08-18 17:23:00"", ""detalle"": ""Copia posterior idéntica de toda la fila Bronze""}]",1,0,True,GIAD-M3-S4-IOT-diagnostico-v7,1.1.0,edb7afe2f7fb836e59fe605d30c88b3b5b13a6d8ab2ec0b37f206a14e58de6bf,America/La_Paz,IOT-R028,2026-08-18T21:23:00Z,America/La_Paz,2.93,C_ORIGINAL,CAM-27,True,IOT-R011:DUPLICADO_IDENTICO,True,True,False,False,GIAD-M3-S4-IOT-tratamiento-v6
28808,2026-08-12 02:44:00,VIA-00662,ORD-2026-05320,CAM-10,PROD-058,-18.66,C,62.2,0,0,viaje_id+timestamp,1,IOT-R011,"[{""rule_id"": ""IOT-R011"", ""columna_afectada"": ""viaje_id+timestamp"", ""codigo_error"": ""DUPLICADO_IDENTICO"", ""severidad"": ""CRITICAL"", ""accion"": ""CUARENTENA"", ""tipo_problema"": ""UNICIDAD"", ""dimension_calidad"": ""UNICIDAD"", ""valor_original"": ""VIA-00662 + 2026-08-12 02:44:00"", ""detalle"": ""Copia posterior idéntica de toda la fila Bronze""}]",1,0,True,GIAD-M3-S4-IOT-diagnostico-v7,1.1.0,edb7afe2f7fb836e59fe605d30c88b3b5b13a6d8ab2ec0b37f206a14e58de6bf,America/La_Paz,IOT-R028,2026-08-12T06:44:00Z,America/La_Paz,-18.66,C_ORIGINAL,CAM-10,True,IOT-R011:DUPLICADO_IDENTICO,True,True,False,False,GIAD-M3-S4-IOT-tratamiento-v6
28809,2026-08-16 05:38:00,VIA-01036,ORD-2026-03048,CAM-19,PROD-051,-17.26,C,74.7,0,0,viaje_id+timestamp,1,IOT-R011,"[{""rule_id"": ""IOT-R011"", ""columna_afectada"": ""viaje_id+timestamp"", ""codigo_error"": ""DUPLICADO_IDENTICO"", ""severidad"": ""CRITICAL"", ""accion"": ""CUARENTENA"", ""tipo_problema"": ""UNICIDAD"", ""dimension_calidad"": ""UNICIDAD"", ""valor_original"": ""VIA-01036 + 2026-08-16 05:38:00"", ""detalle"": ""Copia posterior idéntica de toda la fila Bronze""}]",1,0,True,GIAD-M3-S4-IOT-diagnostico-v7,1.1.0,edb7afe2f7fb836e59fe605d30c88b3b5b13a6d8ab2ec0b37f206a14e58de6bf,America/La_Paz,IOT-R028,2026-08-16T09:38:00Z,America/La_Paz,-17.26,C_ORIGINAL,CAM-19,True,IOT-R011:DUPLICADO_IDENTICO,True,True,False,False,GIAD-M3-S4-IOT-tratamiento-v6
28810,2026-08-02 08:45:00,VIA-01172,ORD-2026-02661,CAM-26,PROD-046,19.44,C,34.7,0,0,viaje_id+timestamp|producto_id,2,IOT-R011|IOT-R026,"[{""rule_id"": ""IOT-R011"", ""columna_afectada"": ""viaje_id+timestamp"", ""codigo_error"": ""DUPLICADO_IDENTICO"", ""severidad"": ""CRITICAL"", ""accion"": ""CUARENTENA"", ""tipo_problema"": ""UNICIDAD"", ""dimension_calidad"": ""UNICIDAD"", ""valor_original"": ""VIA-01172 + 2026-08-02 08:45:00"", ""detalle"": ""Copia posterior idéntica de toda la fila Bronze""}, {""rule_id"": ""IOT-R026"", ""columna_afectada"": ""producto_id"", ""codigo_error"": ""REFERENCIA_INEXISTENTE"", ""severidad"": ""WARNING"", ""accion"": ""REVISAR"", ""tipo_problema"": ""INTEGRIDAD"", ""dimension_calidad"": ""INTEGRIDAD"", ""valor_original"": ""PROD-046"", ""detalle"": ""Sin correspondencia en dimensión Silver de cobertura parcial; revisar, no inferir identificador inválido""}]",1,1,True,GIAD-M3-S4-IOT-diagnostico-v7,1.1.0,edb7afe2f7fb836e59fe605d30c88b3b5b13a6d8ab2ec0b37f206a14e58de6bf,America/La_Paz,IOT-R028,2026-08-02T12:45:00Z,America/La_Paz,19.44,C_ORIGINAL,CAM-26,True,IOT-R011:DUPLICADO_IDENTICO,False,True,False,False,GIAD-M3-S4-IOT-tratamiento-v6
28811,2026-08-06 05:11:00,VIA-00363,ORD-2026-07429,CAM-10,PROD-001,4.07,C,91.4,0,0,viaje_id+timestamp,1,IOT-R011,"[{""rule_id"": ""IOT-R011"", ""columna_afectada"": ""viaje_id+timestamp"", ""codigo_error"": ""DUPLICADO_IDENTICO"", ""severidad"": ""CRITICAL"", ""accion"": ""CUARENTENA"", ""tipo_problema"": ""UNICIDAD"", ""dimension_calidad"": ""UNICIDAD"", ""valor_original"": ""VIA-00363 + 2026-08-06 05:11:00"", ""detalle"": ""Copia posterior idéntica de toda la fila Bronze""}]",1,0,True,GIAD-M3-S4-IOT-diagnostico-v7,1.1.0,edb7afe2f7fb836e59fe605d30c88b3b5b13a6d8ab2ec0b37f206a14e58de6bf,America/La_Paz,IOT-R028,2026-08-06T09:11:00Z,America/La_Paz,4.07,C_ORIGINAL,CAM-10,True,IOT-R011:DUPLICADO_IDENTICO,True,True,False,False,GIAD-M3-S4-IOT-tratamiento-v6
28812,2026-08-26 10:35:00,VIA-00927,ORD-2026-07022,CAM-20,PROD-002,22.24,C,42.0,0,0,viaje_id+timestamp|camion_id,2,IOT-R011|IOT-R027,"[{""rule_id"": ""IOT-R011"", ""columna_afectada"": ""viaje_id+timestamp"", ""codigo_error"": ""DUPLICADO_IDENTICO"", ""severidad"": ""CRITICAL"", ""accion"": ""CUARENTENA"", ""tipo_problema"": ""UNICIDAD"", ""dimension_calidad"": ""UNICIDAD"", ""valor_original"": ""VIA-00927 + 2026-08-26 10:35:00"", ""detalle"": ""Copia posterior idéntica de toda la fila Bronze""}, {""rule_id"": ""IOT-R027"", ""columna_afectada"": ""camion_id"", ""codigo_error"": ""REFERENCIA_INEXISTENTE"", ""severidad"": ""WARNING"", ""accion"": ""REVISAR"", ""tipo_problema"": ""INTEGRIDAD"", ""dimension_calidad"": ""INTEGRIDAD"", ""valor_original"": ""CAM-20"", ""detalle"": ""Sin correspondencia en dimensión Silver de cobertura parcial; revisar, no inferir identificador inválido""}]",1,1,True,GIAD-M3-S4-IOT-diagnostico-v7,1.1.0,edb7afe2f7fb836e59fe605d30c88b3b5b13a6d8ab2ec0b37f206a14e58de6bf,America/La_Paz,IOT-R028,2026-08-26T14:35:00Z,America/La_Paz,22.24,C_ORIGINAL,CAM-20,True,IOT-R011:DUPLICADO_IDENTICO,True,False,False,False,GIAD-M3-S4-IOT-tratamiento-v6
28813,2026-08-15 15:30:00,VIA-00807,ORD-2026-01194,CAM-29,PROD-018,18.9,C,51.4,0,0,viaje_id+timestamp|producto_id,2,IOT-R011|IOT-R026,"[{""rule_id"": ""IOT-R011"", ""columna_afectada"": ""viaje_id+timestamp"", ""codigo_error"": ""DUPLICADO_IDENTICO"", ""severidad"": ""CRITICAL"", ""accion"": ""CUARENTENA"", ""tipo_problema"": ""UNICIDAD"", ""dimension_calidad"": ""UNICIDAD"", ""valor_original"": ""VIA-00807 + 2026-08-15 15:30:00"", ""detalle"": ""Copia posterior idéntica de toda la fila Bronze""}, {""rule_id"": ""IOT-R026"", ""columna_afectada"": ""producto_id"", ""codigo_error"": ""REFERENCIA_INEXISTENTE"", ""severidad"": ""WARNING"", ""accion"": ""REVISAR"", ""tipo_problema"": ""INTEGRIDAD"", ""dimension_calidad"": ""INTEGRIDAD"", ""valor_original"": ""PROD-018"", ""detalle"": ""Sin correspondencia en dimensión Silver de cobertura parcial; revisar, no inferir identificador inválido""}]",1,1,True,GIAD-M3-S4-IOT-diagnostico-v7,1.1.0,edb7afe2f7fb836e59fe605d30c88b3b5b13a6d8ab2ec0b37f206a14e58de6bf,America/La_Paz,IOT-R028,2026-08-15T19:30:00Z,America/La_Paz,18.9,C_ORIGINAL,CAM-29,True,IOT-R011:DUPLICADO_IDENTICO,False,True,False,False,GIAD-M3-S4-IOT-tratamiento-v6
28814,2026-08-09 11:02:00,VIA-00486,ORD-2026-04675,CAM-08,PROD-053,4.5,C,76.4,0,0,viaje_id+timestamp,1,IOT-R011,"[{""rule_id"": ""IOT-R011"", ""columna_afectada"": ""viaje_id+timestamp"", ""codigo_error"": ""DUPLICADO_IDENTICO"", ""severidad"": ""CRITICAL"", ""accion"": ""CUARENTENA"", ""tipo_problema"": ""UNICIDAD"", ""dimension_calidad"": ""UNICIDAD"", ""valor_original"": ""VIA-00486 + 2026-08-09 11:02:00"", ""detalle"": ""Copia posterior idéntica de toda la fila Bronze""}]",1,0,True,GIAD-M3-S4-IOT-diagnostico-v7,1.1.0,edb7afe2f7fb836e59fe605d30c88b3b5b13a6d8ab2ec0b37f206a14e58de6bf,America/La_Paz,IOT-R028,2026-08-09T15:02:00Z,America/La_Paz,4.5,C_ORIGINAL,CAM-08,True,IOT-R011:DUPLICADO_IDENTICO,True,True,False,False,GIAD-M3-S4-IOT-tratamiento-v6
28815,2026-08-19 21:30:00,VIA-00197,ORD-2026-01303,CAM-19,PROD-005,15.39,C,44.7,0,0,viaje_id+timestamp,1,IOT-R011,"[{""rule_id"": ""IOT-R011"", ""columna_afectada"": ""viaje_id+timestamp"", ""codigo_error"": ""DUPLICADO_IDENTICO"", ""severidad"": ""CRITICAL"", ""accion"": ""CUARENTENA"", ""tipo_problema"": ""UNICIDAD"", ""dimension_calidad"": ""UNICIDAD"", ""valor_original"": ""VIA-00197 + 2026-08-19 21:30:00"", ""detalle"": ""Copia posterior idéntica de toda la fila Bronze""}]",1,0,True,GIAD-M3-S4-IOT-diagnostico-v7,1.1.0,edb7afe2f7fb836e59fe605d30c88b3b5b13a6d8ab2ec0b37f206a14e58de6bf,America/La_Paz,IOT-R028,2026-08-20T01:30:00Z,America/La_Paz,15.39,C_ORIGINAL,CAM-19,True,IOT-R011:DUPLICADO_IDENTICO,True,True,False,False,GIAD-M3-S4-IOT-tratamiento-v6
28816,2026-08-28 18:01:00,VIA-00670,ORD-2026-03021,CAM-08,PROD-041,-19.21,C,78.3,0,0,viaje_id+timestamp,1,IOT-R011,"[{""rule_id"": ""IOT-R011"", ""columna_afectada"": ""viaje_id+timestamp"", ""codigo_error"": ""DUPLICADO_IDENTICO"", ""severidad"": ""CRITICAL"", ""accion"": ""CUARENTENA"", ""tipo_problema"": ""UNICIDAD"", ""dimension_calidad"": ""UNICIDAD"", ""valor_original"": ""VIA-00670 + 2026-08-28 18:01:00"", ""detalle"": ""Copia posterior idéntica de toda la fila Bronze""}]",1,0,True,GIAD-M3-S4-IOT-diagnostico-v7,1.1.0,edb7afe2f7fb836e59fe605d30c88b3b5b13a6d8ab2ec0b37f206a14e58de6bf,America/La_Paz,IOT-R028,2026-08-28T22:01:00Z,America/La_Paz,-19.21,C_ORIGINAL,CAM-08,True,IOT-R011:DUPLICADO_IDENTICO,True,True,False,False,GIAD-M3-S4-IOT-tratamiento-v6
28817,2026-08-16 04:20:00,VIA-00781,ORD-2026-05431,CAM-08,PROD-001,3.95,C,69.3,0,0,viaje_id+timestamp,1,IOT-R011,"[{""rule_id"": ""IOT-R011"", ""columna_afectada"": ""viaje_id+timestamp"", ""codigo_error"": ""DUPLICADO_IDENTICO"", ""severidad"": ""CRITICAL"", ""accion"": ""CUARENTENA"", ""tipo_problema"": ""UNICIDAD"", ""dimension_calidad"": ""UNICIDAD"", ""valor_original"": ""VIA-00781 + 2026-08-16 04:20:00"", ""detalle"": ""Copia posterior idéntica de toda la fila Bronze""}]",1,0,True,GIAD-M3-S4-IOT-diagnostico-v7,1.1.0,edb7afe2f7fb836e59fe605d30c88b3b5b13a6d8ab2ec0b37f206a14e58de6bf,America/La_Paz,IOT-R028,2026-08-16T08:20:00Z,America/La_Paz,3.95,C_ORIGINAL,CAM-08,True,IOT-R011:DUPLICADO_IDENTICO,True,True,False,False,GIAD-M3-S4-IOT-tratamiento-v6
28818,2026-08-09 23:54:00,VIA-00053,ORD-2026-03071,CAM-19,PROD-011,-19.27,C,73.8,0,0,viaje_id+timestamp,1,IOT-R011,"[{""rule_id"": ""IOT-R011"", ""columna_afectada"": ""viaje_id+timestamp"", ""codigo_error"": ""DUPLICADO_IDENTICO"", ""severidad"": ""CRITICAL"", ""accion"": ""CUARENTENA"", ""tipo_problema"": ""UNICIDAD"", ""dimension_calidad"": ""UNICIDAD"", ""valor_original"": ""VIA-00053 + 2026-08-09 23:54:00"", ""detalle"": ""Copia posterior idéntica de toda la fila Bronze""}]",1,0,True,GIAD-M3-S4-IOT-diagnostico-v7,1.1.0,edb7afe2f7fb836e59fe605d30c88b3b5b13a6d8ab2ec0b37f206a14e58de6bf,America/La_Paz,IOT-R028,2026-08-10T03:54:00Z,America/La_Paz,-19.27,C_ORIGINAL,CAM-19,True,IOT-R011:DUPLICADO_IDENTICO,True,True,False,False,GIAD-M3-S4-IOT-tratamiento-v6
28819,2026-08-29 06:13:00,VIA-00047,ORD-2026-03263,CAM-20,PROD-028,21.22,C,50.4,0,0,viaje_id+timestamp|producto_id|camion_id,3,IOT-R011|IOT-R026|IOT-R027,"[{""rule_id"": ""IOT-R011"", ""columna_afectada"": ""viaje_id+timestamp"", ""codigo_error"": ""DUPLICADO_IDENTICO"", ""severidad"": ""CRITICAL"", ""accion"": ""CUARENTENA"", ""tipo_problema"": ""UNICIDAD"", ""dimension_calidad"": ""UNICIDAD"", ""valor_original"": ""VIA-00047 + 2026-08-29 06:13:00"", ""detalle"": ""Copia posterior idéntica de toda la fila Bronze""}, {""rule_id"": ""IOT-R026"", ""columna_afectada"": ""producto_id"", ""codigo_error"": ""REFERENCIA_INEXISTENTE"", ""severidad"": ""WARNING"", ""accion"": ""REVISAR"", ""tipo_problema"": ""INTEGRIDAD"", ""dimension_calidad"": ""INTEGRIDAD"", ""valor_original"": ""PROD-028"", ""detalle"": ""Sin correspondencia en dimensión Silver de cobertura parcial; revisar, no inferir identificador inválido""}, {""rule_id"": ""IOT-R027"", ""columna_afectada"": ""camion_id"", ""codigo_error"": ""REFERENCIA_INEXISTENTE"", ""severidad"": ""WARNING"", ""accion"": ""REVISAR"", ""tipo_problema"": ""INTEGRIDAD"", ""dimension_calidad"": ""INTEGRIDAD"", ""valor_original"": ""CAM-20"", ""detalle"": ""Sin correspondencia en dimensión Silver de cobertura parcial; revisar, no inferir identificador inválido""}]",1,2,True,GIAD-M3-S4-IOT-diagnostico-v7,1.1.0,edb7afe2f7fb836e59fe605d30c88b3b5b13a6d8ab2ec0b37f206a14e58de6bf,America/La_Paz,IOT-R028,2026-08-29T10:13:00Z,America/La_Paz,21.22,C_ORIGINAL,CAM-20,True,IOT-R011:DUPLICADO_IDENTICO,False,False,False,False,GIAD-M3-S4-IOT-tratamiento-v6
28820,2026-08-23 15:01:00,VIA-00305,ORD-2026-02961,CAM-09,PROD-007,20.73,C,39.4,0,0,viaje_id+timestamp,1,IOT-R011,"[{""rule_id"": ""IOT-R011"", ""columna_afectada"": ""viaje_id+timestamp"", ""codigo_error"": ""DUPLICADO_IDENTICO"", ""severidad"": ""CRITICAL"", ""accion"": ""CUARENTENA"", ""tipo_problema"": ""UNICIDAD"", ""dimension_calidad"": ""UNICIDAD"", ""valor_original"": ""VIA-00305 + 2026-08-23 15:01:00"", ""detalle"": ""Copia posterior idéntica de toda la fila Bronze""}]",1,0,True,GIAD-M3-S4-IOT-diagnostico-v7,1.1.0,edb7afe2f7fb836e59fe605d30c88b3b5b13a6d8ab2ec0b37f206a14e58de6bf,America/La_Paz,IOT-R028,2026-08-23T19:01:00Z,America/La_Paz,20.73,C_ORIGINAL,CAM-09,True,IOT-R011:DUPLICADO_IDENTICO,True,True,False,False,GIAD-M3-S4-IOT-tratamiento-v6
28821,2026-08-23 15:16:00,VIA-00122,ORD-2026-04337,CAM-04,PROD-039,19.96,C,45.8,0,0,viaje_id+timestamp,1,IOT-R011,"[{""rule_id"": ""IOT-R011"", ""columna_afectada"": ""viaje_id+timestamp"", ""codigo_error"": ""DUPLICADO_IDENTICO"", ""severidad"": ""CRITICAL"", ""accion"": ""CUARENTENA"", ""tipo_problema"": ""UNICIDAD"", ""dimension_calidad"": ""UNICIDAD"", ""valor_original"": ""VIA-00122 + 2026-08-23 15:16:00"", ""detalle"": ""Copia posterior idéntica de toda la fila Bronze""}]",1,0,True,GIAD-M3-S4-IOT-diagnostico-v7,1.1.0,edb7afe2f7fb836e59fe605d30c88b3b5b13a6d8ab2ec0b37f206a14e58de6bf,America/La_Paz,IOT-R028,2026-08-23T19:16:00Z,America/La_Paz,19.96,C_ORIGINAL,CAM-04,True,IOT-R011:DUPLICADO_IDENTICO,True,True,False,False,GIAD-M3-S4-IOT-tratamiento-v6
28822,2026-08-03 03:34:00,VIA-00823,ORD-2026-03527,CAM-19,PROD-044,8.85,C,82.2,1,1,viaje_id+timestamp,1,IOT-R011,"[{""rule_id"": ""IOT-R011"", ""columna_afectada"": ""viaje_id+timestamp"", ""codigo_error"": ""DUPLICADO_IDENTICO"", ""severidad"": ""CRITICAL"", ""accion"": ""CUARENTENA"", ""tipo_problema"": ""UNICIDAD"", ""dimension_calidad"": ""UNICIDAD"", ""valor_original"": ""VIA-00823 + 2026-08-03 03:34:00"", ""detalle"": ""Copia posterior idéntica de toda la fila Bronze""}]",1,0,True,GIAD-M3-S4-IOT-diagnostico-v7,1.1.0,edb7afe2f7fb836e59fe605d30c88b3b5b13a6d8ab2ec0b37f206a14e58de6bf,America/La_Paz,IOT-R028,2026-08-03T07:34:00Z,America/La_Paz,8.85,C_ORIGINAL,CAM-19,True,IOT-R011:DUPLICADO_IDENTICO,True,True,False,False,GIAD-M3-S4-IOT-tratamiento-v6
28823,2026-08-04 00:41:00,VIA-00896,ORD-2026-06348,CAM-09,PROD-014,19.26,C,41.6,0,0,viaje_id+timestamp,1,IOT-R011,"[{""rule_id"": ""IOT-R011"", ""columna_afectada"": ""viaje_id+timestamp"", ""codigo_error"": ""DUPLICADO_IDENTICO"", ""severidad"": ""CRITICAL"", ""accion"": ""CUARENTENA"", ""tipo_problema"": ""UNICIDAD"", ""dimension_calidad"": ""UNICIDAD"", ""valor_original"": ""VIA-00896 + 2026-08-04 00:41:00"", ""detalle"": ""Copia posterior idéntica de toda la fila Bronze""}]",1,0,True,GIAD-M3-S4-IOT-diagnostico-v7,1.1.0,edb7afe2f7fb836e59fe605d30c88b3b5b13a6d8ab2ec0b37f206a14e58de6bf,America/La_Paz,IOT-R028,2026-08-04T04:41:00Z,America/La_Paz,19.26,C_ORIGINAL,CAM-09,True,IOT-R011:DUPLICADO_IDENTICO,True,True,False,False,GIAD-M3-S4-IOT-tratamiento-v6
28824,2026-08-01 15:38:00,VIA-00380,ORD-2026-02526,CAM-08,PROD-004,3.39,C,74.5,0,0,viaje_id+timestamp,1,IOT-R011,"[{""rule_id"": ""IOT-R011"", ""columna_afectada"": ""viaje_id+timestamp"", ""codigo_error"": ""DUPLICADO_IDENTICO"", ""severidad"": ""CRITICAL"", ""accion"": ""CUARENTENA"", ""tipo_problema"": ""UNICIDAD"", ""dimension_calidad"": ""UNICIDAD"", ""valor_original"": ""VIA-00380 + 2026-08-01 15:38:00"", ""detalle"": ""Copia posterior idéntica de toda la fila Bronze""}]",1,0,True,GIAD-M3-S4-IOT-diagnostico-v7,1.1.0,edb7afe2f7fb836e59fe605d30c88b3b5b13a6d8ab2ec0b37f206a14e58de6bf,America/La_Paz,IOT-R028,2026-08-01T19:38:00Z,America/La_Paz,3.39,C_ORIGINAL,CAM-08,True,IOT-R011:DUPLICADO_IDENTICO,True,True,False,False,GIAD-M3-S4-IOT-tratamiento-v6
28825,2026-08-06 13:54:00,VIA-00679,ORD-2026-05063,CAM-08,PROD-004,3.08,C,81.6,0,0,viaje_id+timestamp,1,IOT-R011,"[{""rule_id"": ""IOT-R011"", ""columna_afectada"": ""viaje_id+timestamp"", ""codigo_error"": ""DUPLICADO_IDENTICO"", ""severidad"": ""CRITICAL"", ""accion"": ""CUARENTENA"", ""tipo_problema"": ""UNICIDAD"", ""dimension_calidad"": ""UNICIDAD"", ""valor_original"": ""VIA-00679 + 2026-08-06 13:54:00"", ""detalle"": ""Copia posterior idéntica de toda la fila Bronze""}]",1,0,True,GIAD-M3-S4-IOT-diagnostico-v7,1.1.0,edb7afe2f7fb836e59fe605d30c88b3b5b13a6d8ab2ec0b37f206a14e58de6bf,America/La_Paz,IOT-R028,2026-08-06T17:54:00Z,America/La_Paz,3.08,C_ORIGINAL,CAM-08,True,IOT-R011:DUPLICADO_IDENTICO,True,True,False,False,GIAD-M3-S4-IOT-tratamiento-v6
28826,2026-08-12 12:57:00,VIA-00217,ORD-2026-05269,CAM-28,PROD-036,3.57,C,75.6,0,0,viaje_id+timestamp|producto_id,2,IOT-R011|IOT-R026,"[{""rule_id"": ""IOT-R011"", ""columna_afectada"": ""viaje_id+timestamp"", ""codigo_error"": ""DUPLICADO_IDENTICO"", ""severidad"": ""CRITICAL"", ""accion"": ""CUARENTENA"", ""tipo_problema"": ""UNICIDAD"", ""dimension_calidad"": ""UNICIDAD"", ""valor_original"": ""VIA-00217 + 2026-08-12 12:57:00"", ""detalle"": ""Copia posterior idéntica de toda la fila Bronze""}, {""rule_id"": ""IOT-R026"", ""columna_afectada"": ""producto_id"", ""codigo_error"": ""REFERENCIA_INEXISTENTE"", ""severidad"": ""WARNING"", ""accion"": ""REVISAR"", ""tipo_problema"": ""INTEGRIDAD"", ""dimension_calidad"": ""INTEGRIDAD"", ""valor_original"": ""PROD-036"", ""detalle"": ""Sin correspondencia en dimensión Silver de cobertura parcial; revisar, no inferir identificador inválido""}]",1,1,True,GIAD-M3-S4-IOT-diagnostico-v7,1.1.0,edb7afe2f7fb836e59fe605d30c88b3b5b13a6d8ab2ec0b37f206a14e58de6bf,America/La_Paz,IOT-R028,2026-08-12T16:57:00Z,America/La_Paz,3.57,C_ORIGINAL,CAM-28,True,IOT-R011:DUPLICADO_IDENTICO,False,True,False,False,GIAD-M3-S4-IOT-tratamiento-v6
28827,2026-08-30 10:57:00,VIA-00027,ORD-2026-05466,CAM-20,PROD-026,3.31,C,78.1,0,0,viaje_id+timestamp|producto_id|camion_id,3,IOT-R011|IOT-R026|IOT-R027,"[{""rule_id"": ""IOT-R011"", ""columna_afectada"": ""viaje_id+timestamp"", ""codigo_error"": ""DUPLICADO_IDENTICO"", ""severidad"": ""CRITICAL"", ""accion"": ""CUARENTENA"", ""tipo_problema"": ""UNICIDAD"", ""dimension_calidad"": ""UNICIDAD"", ""valor_original"": ""VIA-00027 + 2026-08-30 10:57:00"", ""detalle"": ""Copia posterior idéntica de toda la fila Bronze""}, {""rule_id"": ""IOT-R026"", ""columna_afectada"": ""producto_id"", ""codigo_error"": ""REFERENCIA_INEXISTENTE"", ""severidad"": ""WARNING"", ""accion"": ""REVISAR"", ""tipo_problema"": ""INTEGRIDAD"", ""dimension_calidad"": ""INTEGRIDAD"", ""valor_original"": ""PROD-026"", ""detalle"": ""Sin correspondencia en dimensión Silver de cobertura parcial; revisar, no inferir identificador inválido""}, {""rule_id"": ""IOT-R027"", ""columna_afectada"": ""camion_id"", ""codigo_error"": ""REFERENCIA_INEXISTENTE"", ""severidad"": ""WARNING"", ""accion"": ""REVISAR"", ""tipo_problema"": ""INTEGRIDAD"", ""dimension_calidad"": ""INTEGRIDAD"", ""valor_original"": ""CAM-20"", ""detalle"": ""Sin correspondencia en dimensión Silver de cobertura parcial; revisar, no inferir identificador inválido""}]",1,2,True,GIAD-M3-S4-IOT-diagnostico-v7,1.1.0,edb7afe2f7fb836e59fe605d30c88b3b5b13a6d8ab2ec0b37f206a14e58de6bf,America/La_Paz,IOT-R028,2026-08-30T14:57:00Z,America/La_Paz,3.31,C_ORIGINAL,CAM-20,True,IOT-R011:DUPLICADO_IDENTICO,False,False,False,False,GIAD-M3-S4-IOT-tratamiento-v6
28828,2026-08-06 14:54:00,VIA-00051,ORD-2026-04075,CAM-28,PROD-025,-18.07,C,55.7,0,0,viaje_id+timestamp,1,IOT-R011,"[{""rule_id"": ""IOT-R011"", ""columna_afectada"": ""viaje_id+timestamp"", ""codigo_error"": ""DUPLICADO_IDENTICO"", ""severidad"": ""CRITICAL"", ""accion"": ""CUARENTENA"", ""tipo_problema"": ""UNICIDAD"", ""dimension_calidad"": ""UNICIDAD"", ""valor_original"": ""VIA-00051 + 2026-08-06 14:54:00"", ""detalle"": ""Copia posterior idéntica de toda la fila Bronze""}]",1,0,True,GIAD-M3-S4-IOT-diagnostico-v7,1.1.0,edb7afe2f7fb836e59fe605d30c88b3b5b13a6d8ab2ec0b37f206a14e58de6bf,America/La_Paz,IOT-R028,2026-08-06T18:54:00Z,America/La_Paz,-18.07,C_ORIGINAL,CAM-28,True,IOT-R011:DUPLICADO_IDENTICO,True,True,False,False,GIAD-M3-S4-IOT-tratamiento-v6
28829,2026-08-03 05:18:00,VIA-00864,ORD-2026-00645,CAM-24,PROD-043,-17.96,C,71.4,0,0,viaje_id+timestamp,1,IOT-R011,"[{""rule_id"": ""IOT-R011"", ""columna_afectada"": ""viaje_id+timestamp"", ""codigo_error"": ""DUPLICADO_IDENTICO"", ""severidad"": ""CRITICAL"", ""accion"": ""CUARENTENA"", ""tipo_problema"": ""UNICIDAD"", ""dimension_calidad"": ""UNICIDAD"", ""valor_original"": ""VIA-00864 + 2026-08-03 05:18:00"", ""detalle"": ""Copia posterior idéntica de toda la fila Bronze""}]",1,0,True,GIAD-M3-S4-IOT-diagnostico-v7,1.1.0,edb7afe2f7fb836e59fe605d30c88b3b5b13a6d8ab2ec0b37f206a14e58de6bf,America/La_Paz,IOT-R028,2026-08-03T09:18:00Z,America/La_Paz,-17.96,C_ORIGINAL,CAM-24,True,IOT-R011:DUPLICADO_IDENTICO,True,True,False,False,GIAD-M3-S4-IOT-tratamiento-v6
28830,2026-08-20 18:11:00,VIA-01070,ORD-2026-03508,CAM-02,PROD-052,2.89,C,78.8,0,0,viaje_id+timestamp,1,IOT-R011,"[{""rule_id"": ""IOT-R011"", ""columna_afectada"": ""viaje_id+timestamp"", ""codigo_error"": ""DUPLICADO_IDENTICO"", ""severidad"": ""CRITICAL"", ""accion"": ""CUARENTENA"", ""tipo_problema"": ""UNICIDAD"", ""dimension_calidad"": ""UNICIDAD"", ""valor_original"": ""VIA-01070 + 2026-08-20 18:11:00"", ""detalle"": ""Copia posterior idéntica de toda la fila Bronze""}]",1,0,True,GIAD-M3-S4-IOT-diagnostico-v7,1.1.0,edb7afe2f7fb836e59fe605d30c88b3b5b13a6d8ab2ec0b37f206a14e58de6bf,America/La_Paz,IOT-R028,2026-08-20T22:11:00Z,America/La_Paz,2.89,C_ORIGINAL,CAM-02,True,IOT-R011:DUPLICADO_IDENTICO,True,True,False,False,GIAD-M3-S4-IOT-tratamiento-v6
28831,2026-08-20 15:36:00,VIA-00856,ORD-2026-05146,CAM-28,PROD-024,19.68,C,43.1,0,0,viaje_id+timestamp,1,IOT-R011,"[{""rule_id"": ""IOT-R011"", ""columna_afectada"": ""viaje_id+timestamp"", ""codigo_error"": ""DUPLICADO_IDENTICO"", ""severidad"": ""CRITICAL"", ""accion"": ""CUARENTENA"", ""tipo_problema"": ""UNICIDAD"", ""dimension_calidad"": ""UNICIDAD"", ""valor_original"": ""VIA-00856 + 2026-08-20 15:36:00"", ""detalle"": ""Copia posterior idéntica de toda la fila Bronze""}]",1,0,True,GIAD-M3-S4-IOT-diagnostico-v7,1.1.0,edb7afe2f7fb836e59fe605d30c88b3b5b13a6d8ab2ec0b37f206a14e58de6bf,America/La_Paz,IOT-R028,2026-08-20T19:36:00Z,America/La_Paz,19.68,C_ORIGINAL,CAM-28,True,IOT-R011:DUPLICADO_IDENTICO,True,True,False,False,GIAD-M3-S4-IOT-tratamiento-v6
28832,2026-08-14 06:56:00,VIA-00379,ORD-2026-04281,CAM-08,PROD-008,-16.48,C,67.8,0,0,viaje_id+timestamp|producto_id,2,IOT-R011|IOT-R026,"[{""rule_id"": ""IOT-R011"", ""columna_afectada"": ""viaje_id+timestamp"", ""codigo_error"": ""DUPLICADO_IDENTICO"", ""severidad"": ""CRITICAL"", ""accion"": ""CUARENTENA"", ""tipo_problema"": ""UNICIDAD"", ""dimension_calidad"": ""UNICIDAD"", ""valor_original"": ""VIA-00379 + 2026-08-14 06:56:00"", ""detalle"": ""Copia posterior idéntica de toda la fila Bronze""}, {""rule_id"": ""IOT-R026"", ""columna_afectada"": ""producto_id"", ""codigo_error"": ""REFERENCIA_INEXISTENTE"", ""severidad"": ""WARNING"", ""accion"": ""REVISAR"", ""tipo_problema"": ""INTEGRIDAD"", ""dimension_calidad"": ""INTEGRIDAD"", ""valor_original"": ""PROD-008"", ""detalle"": ""Sin correspondencia en dimensión Silver de cobertura parcial; revisar, no inferir identificador inválido""}]",1,1,True,GIAD-M3-S4-IOT-diagnostico-v7,1.1.0,edb7afe2f7fb836e59fe605d30c88b3b5b13a6d8ab2ec0b37f206a14e58de6bf,America/La_Paz,IOT-R028,2026-08-14T10:56:00Z,America/La_Paz,-16.48,C_ORIGINAL,CAM-08,True,IOT-R011:DUPLICADO_IDENTICO,False,True,False,False,GIAD-M3-S4-IOT-tratamiento-v6
28833,2026-08-13 04:00:00,VIA-00002,ORD-2026-04815,CAM-12,PROD-029,19.63,C,59.6,0,0,viaje_id+timestamp,1,IOT-R011,"[{""rule_id"": ""IOT-R011"", ""columna_afectada"": ""viaje_id+timestamp"", ""codigo_error"": ""DUPLICADO_IDENTICO"", ""severidad"": ""CRITICAL"", ""accion"": ""CUARENTENA"", ""tipo_problema"": ""UNICIDAD"", ""dimension_calidad"": ""UNICIDAD"", ""valor_original"": ""VIA-00002 + 2026-08-13 04:00:00"", ""detalle"": ""Copia posterior idéntica de toda la fila Bronze""}]",1,0,True,GIAD-M3-S4-IOT-diagnostico-v7,1.1.0,edb7afe2f7fb836e59fe605d30c88b3b5b13a6d8ab2ec0b37f206a14e58de6bf,America/La_Paz,IOT-R028,2026-08-13T08:00:00Z,America/La_Paz,19.63,C_ORIGINAL,CAM-12,True,IOT-R011:DUPLICADO_IDENTICO,True,True,False,False,GIAD-M3-S4-IOT-tratamiento-v6
28834,2026-08-21 12:20:00,VIA-01023,ORD-2026-03826,CAM-02,PROD-009,3.73,C,67.5,0,0,viaje_id+timestamp,1,IOT-R011,"[{""rule_id"": ""IOT-R011"", ""columna_afectada"": ""viaje_id+timestamp"", ""codigo_error"": ""DUPLICADO_IDENTICO"", ""severidad"": ""CRITICAL"", ""accion"": ""CUARENTENA"", ""tipo_problema"": ""UNICIDAD"", ""dimension_calidad"": ""UNICIDAD"", ""valor_original"": ""VIA-01023 + 2026-08-21 12:20:00"", ""detalle"": ""Copia posterior idéntica de toda la fila Bronze""}]",1,0,True,GIAD-M3-S4-IOT-diagnostico-v7,1.1.0,edb7afe2f7fb836e59fe605d30c88b3b5b13a6d8ab2ec0b37f206a14e58de6bf,America/La_Paz,IOT-R028,2026-08-21T16:20:00Z,America/La_Paz,3.73,C_ORIGINAL,CAM-02,True,IOT-R011:DUPLICADO_IDENTICO,True,True,False,False,GIAD-M3-S4-IOT-tratamiento-v6
28835,2026-08-08 14:52:00,VIA-01146,ORD-2026-06006,CAM-08,PROD-036,5.09,C,72.2,0,0,viaje_id+timestamp|producto_id,2,IOT-R011|IOT-R026,"[{""rule_id"": ""IOT-R011"", ""columna_afectada"": ""viaje_id+timestamp"", ""codigo_error"": ""DUPLICADO_IDENTICO"", ""severidad"": ""CRITICAL"", ""accion"": ""CUARENTENA"", ""tipo_problema"": ""UNICIDAD"", ""dimension_calidad"": ""UNICIDAD"", ""valor_original"": ""VIA-01146 + 2026-08-08 14:52:00"", ""detalle"": ""Copia posterior idéntica de toda la fila Bronze""}, {""rule_id"": ""IOT-R026"", ""columna_afectada"": ""producto_id"", ""codigo_error"": ""REFERENCIA_INEXISTENTE"", ""severidad"": ""WARNING"", ""accion"": ""REVISAR"", ""tipo_problema"": ""INTEGRIDAD"", ""dimension_calidad"": ""INTEGRIDAD"", ""valor_original"": ""PROD-036"", ""detalle"": ""Sin correspondencia en dimensión Silver de cobertura parcial; revisar, no inferir identificador inválido""}]",1,1,True,GIAD-M3-S4-IOT-diagnostico-v7,1.1.0,edb7afe2f7fb836e59fe605d30c88b3b5b13a6d8ab2ec0b37f206a14e58de6bf,America/La_Paz,IOT-R028,2026-08-08T18:52:00Z,America/La_Paz,5.09,C_ORIGINAL,CAM-08,True,IOT-R011:DUPLICADO_IDENTICO,False,True,False,False,GIAD-M3-S4-IOT-tratamiento-v6
28836,2026-08-05 09:12:00,VIA-00306,ORD-2026-06512,CAM-24,PROD-045,4.37,C,82.2,0,0,viaje_id+timestamp,1,IOT-R011,"[{""rule_id"": ""IOT-R011"", ""columna_afectada"": ""viaje_id+timestamp"", ""codigo_error"": ""DUPLICADO_IDENTICO"", ""severidad"": ""CRITICAL"", ""accion"": ""CUARENTENA"", ""tipo_problema"": ""UNICIDAD"", ""dimension_calidad"": ""UNICIDAD"", ""valor_original"": ""VIA-00306 + 2026-08-05 09:12:00"", ""detalle"": ""Copia posterior idéntica de toda la fila Bronze""}]",1,0,True,GIAD-M3-S4-IOT-diagnostico-v7,1.1.0,edb7afe2f7fb836e59fe605d30c88b3b5b13a6d8ab2ec0b37f206a14e58de6bf,America/La_Paz,IOT-R028,2026-08-05T13:12:00Z,America/La_Paz,4.37,C_ORIGINAL,CAM-24,True,IOT-R011:DUPLICADO_IDENTICO,True,True,False,False,GIAD-M3-S4-IOT-tratamiento-v6
28837,2026-08-30 19:32:00,VIA-00673,ORD-2026-04325,CAM-20,PROD-027,4.29,C,80.9,0,0,viaje_id+timestamp|camion_id,2,IOT-R011|IOT-R027,"[{""rule_id"": ""IOT-R011"", ""columna_afectada"": ""viaje_id+timestamp"", ""codigo_error"": ""DUPLICADO_IDENTICO"", ""severidad"": ""CRITICAL"", ""accion"": ""CUARENTENA"", ""tipo_problema"": ""UNICIDAD"", ""dimension_calidad"": ""UNICIDAD"", ""valor_original"": ""VIA-00673 + 2026-08-30 19:32:00"", ""detalle"": ""Copia posterior idéntica de toda la fila Bronze""}, {""rule_id"": ""IOT-R027"", ""columna_afectada"": ""camion_id"", ""codigo_error"": ""REFERENCIA_INEXISTENTE"", ""severidad"": ""WARNING"", ""accion"": ""REVISAR"", ""tipo_problema"": ""INTEGRIDAD"", ""dimension_calidad"": ""INTEGRIDAD"", ""valor_original"": ""CAM-20"", ""detalle"": ""Sin correspondencia en dimensión Silver de cobertura parcial; revisar, no inferir identificador inválido""}]",1,1,True,GIAD-M3-S4-IOT-diagnostico-v7,1.1.0,edb7afe2f7fb836e59fe605d30c88b3b5b13a6d8ab2ec0b37f206a14e58de6bf,America/La_Paz,IOT-R028,2026-08-30T23:32:00Z,America/La_Paz,4.29,C_ORIGINAL,CAM-20,True,IOT-R011:DUPLICADO_IDENTICO,True,False,False,False,GIAD-M3-S4-IOT-tratamiento-v6
28838,2026-08-04 17:56:00,VIA-00135,ORD-2026-02724,CAM-12,PROD-010,19.46,C,54.0,0,0,viaje_id+timestamp,1,IOT-R011,"[{""rule_id"": ""IOT-R011"", ""columna_afectada"": ""viaje_id+timestamp"", ""codigo_error"": ""DUPLICADO_IDENTICO"", ""severidad"": ""CRITICAL"", ""accion"": ""CUARENTENA"", ""tipo_problema"": ""UNICIDAD"", ""dimension_calidad"": ""UNICIDAD"", ""valor_original"": ""VIA-00135 + 2026-08-04 17:56:00"", ""detalle"": ""Copia posterior idéntica de toda la fila Bronze""}]",1,0,True,GIAD-M3-S4-IOT-diagnostico-v7,1.1.0,edb7afe2f7fb836e59fe605d30c88b3b5b13a6d8ab2ec0b37f206a14e58de6bf,America/La_Paz,IOT-R028,2026-08-04T21:56:00Z,America/La_Paz,19.46,C_ORIGINAL,CAM-12,True,IOT-R011:DUPLICADO_IDENTICO,True,True,False,False,GIAD-M3-S4-IOT-tratamiento-v6
28839,2026-08-01 23:23:00,VIA-00821,ORD-2026-06765,CAM-19,PROD-036,2.96,C,79.3,0,0,viaje_id+timestamp|producto_id,2,IOT-R011|IOT-R026,"[{""rule_id"": ""IOT-R011"", ""columna_afectada"": ""viaje_id+timestamp"", ""codigo_error"": ""DUPLICADO_IDENTICO"", ""severidad"": ""CRITICAL"", ""accion"": ""CUARENTENA"", ""tipo_problema"": ""UNICIDAD"", ""dimension_calidad"": ""UNICIDAD"", ""valor_original"": ""VIA-00821 + 2026-08-01 23:23:00"", ""detalle"": ""Copia posterior idéntica de toda la fila Bronze""}, {""rule_id"": ""IOT-R026"", ""columna_afectada"": ""producto_id"", ""codigo_error"": ""REFERENCIA_INEXISTENTE"", ""severidad"": ""WARNING"", ""accion"": ""REVISAR"", ""tipo_problema"": ""INTEGRIDAD"", ""dimension_calidad"": ""INTEGRIDAD"", ""valor_original"": ""PROD-036"", ""detalle"": ""Sin correspondencia en dimensión Silver de cobertura parcial; revisar, no inferir identificador inválido""}]",1,1,True,GIAD-M3-S4-IOT-diagnostico-v7,1.1.0,edb7afe2f7fb836e59fe605d30c88b3b5b13a6d8ab2ec0b37f206a14e58de6bf,America/La_Paz,IOT-R028,2026-08-02T03:23:00Z,America/La_Paz,2.96,C_ORIGINAL,CAM-19,True,IOT-R011:DUPLICADO_IDENTICO,False,True,False,False,GIAD-M3-S4-IOT-tratamiento-v6
28840,2026-08-20 09:55:00,VIA-00755,ORD-2026-06845,CAM-14,PROD-032,18.59,C,51.2,0,0,viaje_id+timestamp,1,IOT-R011,"[{""rule_id"": ""IOT-R011"", ""columna_afectada"": ""viaje_id+timestamp"", ""codigo_error"": ""DUPLICADO_IDENTICO"", ""severidad"": ""CRITICAL"", ""accion"": ""CUARENTENA"", ""tipo_problema"": ""UNICIDAD"", ""dimension_calidad"": ""UNICIDAD"", ""valor_original"": ""VIA-00755 + 2026-08-20 09:55:00"", ""detalle"": ""Copia posterior idéntica de toda la fila Bronze""}]",1,0,True,GIAD-M3-S4-IOT-diagnostico-v7,1.1.0,edb7afe2f7fb836e59fe605d30c88b3b5b13a6d8ab2ec0b37f206a14e58de6bf,America/La_Paz,IOT-R028,2026-08-20T13:55:00Z,America/La_Paz,18.59,C_ORIGINAL,CAM-14,True,IOT-R011:DUPLICADO_IDENTICO,True,True,False,False,GIAD-M3-S4-IOT-tratamiento-v6
28841,2026-08-06 23:25:00,VIA-00531,ORD-2026-07401,CAM-08,PROD-058,-17.73,C,68.4,0,0,viaje_id+timestamp,1,IOT-R011,"[{""rule_id"": ""IOT-R011"", ""columna_afectada"": ""viaje_id+timestamp"", ""codigo_error"": ""DUPLICADO_IDENTICO"", ""severidad"": ""CRITICAL"", ""accion"": ""CUARENTENA"", ""tipo_problema"": ""UNICIDAD"", ""dimension_calidad"": ""UNICIDAD"", ""valor_original"": ""VIA-00531 + 2026-08-06 23:25:00"", ""detalle"": ""Copia posterior idéntica de toda la fila Bronze""}]",1,0,True,GIAD-M3-S4-IOT-diagnostico-v7,1.1.0,edb7afe2f7fb836e59fe605d30c88b3b5b13a6d8ab2ec0b37f206a14e58de6bf,America/La_Paz,IOT-R028,2026-08-07T03:25:00Z,America/La_Paz,-17.73,C_ORIGINAL,CAM-08,True,IOT-R011:DUPLICADO_IDENTICO,True,True,False,False,GIAD-M3-S4-IOT-tratamiento-v6
28842,2026-08-27 05:16:00,VIA-00757,ORD-2026-01175,CAM-20,PROD-042,20.86,C,50.7,0,0,viaje_id+timestamp|camion_id,2,IOT-R011|IOT-R027,"[{""rule_id"": ""IOT-R011"", ""columna_afectada"": ""viaje_id+timestamp"", ""codigo_error"": ""DUPLICADO_IDENTICO"", ""severidad"": ""CRITICAL"", ""accion"": ""CUARENTENA"", ""tipo_problema"": ""UNICIDAD"", ""dimension_calidad"": ""UNICIDAD"", ""valor_original"": ""VIA-00757 + 2026-08-27 05:16:00"", ""detalle"": ""Copia posterior idéntica de toda la fila Bronze""}, {""rule_id"": ""IOT-R027"", ""columna_afectada"": ""camion_id"", ""codigo_error"": ""REFERENCIA_INEXISTENTE"", ""severidad"": ""WARNING"", ""accion"": ""REVISAR"", ""tipo_problema"": ""INTEGRIDAD"", ""dimension_calidad"": ""INTEGRIDAD"", ""valor_original"": ""CAM-20"", ""detalle"": ""Sin correspondencia en dimensión Silver de cobertura parcial; revisar, no inferir identificador inválido""}]",1,1,True,GIAD-M3-S4-IOT-diagnostico-v7,1.1.0,edb7afe2f7fb836e59fe605d30c88b3b5b13a6d8ab2ec0b37f206a14e58de6bf,America/La_Paz,IOT-R028,2026-08-27T09:16:00Z,America/La_Paz,20.86,C_ORIGINAL,CAM-20,True,IOT-R011:DUPLICADO_IDENTICO,True,False,False,False,GIAD-M3-S4-IOT-tratamiento-v6
28843,2026-08-30 14:53:00,VIA-00897,ORD-2026-04328,CAM-23,PROD-027,3.05,C,71.5,0,0,viaje_id+timestamp,1,IOT-R011,"[{""rule_id"": ""IOT-R011"", ""columna_afectada"": ""viaje_id+timestamp"", ""codigo_error"": ""DUPLICADO_IDENTICO"", ""severidad"": ""CRITICAL"", ""accion"": ""CUARENTENA"", ""tipo_problema"": ""UNICIDAD"", ""dimension_calidad"": ""UNICIDAD"", ""valor_original"": ""VIA-00897 + 2026-08-30 14:53:00"", ""detalle"": ""Copia posterior idéntica de toda la fila Bronze""}]",1,0,True,GIAD-M3-S4-IOT-diagnostico-v7,1.1.0,edb7afe2f7fb836e59fe605d30c88b3b5b13a6d8ab2ec0b37f206a14e58de6bf,America/La_Paz,IOT-R028,2026-08-30T18:53:00Z,America/La_Paz,3.05,C_ORIGINAL,CAM-23,True,IOT-R011:DUPLICADO_IDENTICO,True,True,False,False,GIAD-M3-S4-IOT-tratamiento-v6
28844,2026-08-20 19:22:00,VIA-00091,ORD-2026-05940,CAM-26,PROD-053,4.46,C,78.3,0,0,viaje_id+timestamp,1,IOT-R011,"[{""rule_id"": ""IOT-R011"", ""columna_afectada"": ""viaje_id+timestamp"", ""codigo_error"": ""DUPLICADO_IDENTICO"", ""severidad"": ""CRITICAL"", ""accion"": ""CUARENTENA"", ""tipo_problema"": ""UNICIDAD"", ""dimension_calidad"": ""UNICIDAD"", ""valor_original"": ""VIA-00091 + 2026-08-20 19:22:00"", ""detalle"": ""Copia posterior idéntica de toda la fila Bronze""}]",1,0,True,GIAD-M3-S4-IOT-diagnostico-v7,1.1.0,edb7afe2f7fb836e59fe605d30c88b3b5b13a6d8ab2ec0b37f206a14e58de6bf,America/La_Paz,IOT-R028,2026-08-20T23:22:00Z,America/La_Paz,4.46,C_ORIGINAL,CAM-26,True,IOT-R011:DUPLICADO_IDENTICO,True,True,False,False,GIAD-M3-S4-IOT-tratamiento-v6
28845,2026-08-05 14:02:00,VIA-00980,ORD-2026-05944,CAM-26,PROD-007,21.78,C,49.8,0,0,viaje_id+timestamp,1,IOT-R011,"[{""rule_id"": ""IOT-R011"", ""columna_afectada"": ""viaje_id+timestamp"", ""codigo_error"": ""DUPLICADO_IDENTICO"", ""severidad"": ""CRITICAL"", ""accion"": ""CUARENTENA"", ""tipo_problema"": ""UNICIDAD"", ""dimension_calidad"": ""UNICIDAD"", ""valor_original"": ""VIA-00980 + 2026-08-05 14:02:00"", ""detalle"": ""Copia posterior idéntica de toda la fila Bronze""}]",1,0,True,GIAD-M3-S4-IOT-diagnostico-v7,1.1.0,edb7afe2f7fb836e59fe605d30c88b3b5b13a6d8ab2ec0b37f206a14e58de6bf,America/La_Paz,IOT-R028,2026-08-05T18:02:00Z,America/La_Paz,21.78,C_ORIGINAL,CAM-26,True,IOT-R011:DUPLICADO_IDENTICO,True,True,False,False,GIAD-M3-S4-IOT-tratamiento-v6
28846,2026-08-05 23:29:00,VIA-00640,ORD-2026-02492,CAM-22,PROD-047,3.86,C,66.3,0,0,viaje_id+timestamp,1,IOT-R011,"[{""rule_id"": ""IOT-R011"", ""columna_afectada"": ""viaje_id+timestamp"", ""codigo_error"": ""DUPLICADO_IDENTICO"", ""severidad"": ""CRITICAL"", ""accion"": ""CUARENTENA"", ""tipo_problema"": ""UNICIDAD"", ""dimension_calidad"": ""UNICIDAD"", ""valor_original"": ""VIA-00640 + 2026-08-05 23:29:00"", ""detalle"": ""Copia posterior idéntica de toda la fila Bronze""}]",1,0,True,GIAD-M3-S4-IOT-diagnostico-v7,1.1.0,edb7afe2f7fb836e59fe605d30c88b3b5b13a6d8ab2ec0b37f206a14e58de6bf,America/La_Paz,IOT-R028,2026-08-06T03:29:00Z,America/La_Paz,3.86,C_ORIGINAL,CAM-22,True,IOT-R011:DUPLICADO_IDENTICO,True,True,False,False,GIAD-M3-S4-IOT-tratamiento-v6
28847,2026-08-28 23:01:00,VIA-00543,ORD-2026-03706,CAM-24,PROD-031,,C,46.3,0,0,viaje_id+timestamp|temperatura_cabina_c|producto_id,3,IOT-R012|IOT-R016|IOT-R026,"[{""rule_id"": ""IOT-R012"", ""columna_afectada"": ""viaje_id+timestamp"", ""codigo_error"": ""CLAVE_EN_CONFLICTO"", ""severidad"": ""CRITICAL"", ""accion"": ""CUARENTENA"", ""tipo_problema"": ""UNICIDAD"", ""dimension_calidad"": ""UNICIDAD"", ""valor_original"": ""VIA-00543 + 2026-08-28 23:01:00"", ""detalle"": ""Lecturas diferentes con igual clave candidata; se marcan todas""}, {""rule_id"": ""IOT-R016"", ""columna_afectada"": ""temperatura_cabina_c"", ""codigo_error"": ""FALTANTE"", ""severidad"": ""CRITICAL"", ""accion"": ""CUARENTENA"", ""tipo_problema"": ""FALTANTE"", ""dimension_calidad"": ""COMPLETITUD"", ""valor_original"": """", ""detalle"": ""Temperatura vacía""}, {""rule_id"": ""IOT-R026"", ""columna_afectada"": ""producto_id"", ""codigo_error"": ""REFERENCIA_INEXISTENTE"", ""severidad"": ""WARNING"", ""accion"": ""REVISAR"", ""tipo_problema"": ""INTEGRIDAD"", ""dimension_calidad"": ""INTEGRIDAD"", ""valor_original"": ""PROD-031"", ""detalle"": ""Sin correspondencia en dimensión Silver de cobertura parcial; revisar, no inferir identificador inválido""}]",2,1,True,GIAD-M3-S4-IOT-diagnostico-v7,1.1.0,edb7afe2f7fb836e59fe605d30c88b3b5b13a6d8ab2ec0b37f206a14e58de6bf,America/La_Paz,IOT-R028,2026-08-29T03:01:00Z,America/La_Paz,,SIN_TRATAMIENTO,CAM-24,True,IOT-R012:CLAVE_EN_CONFLICTO|IOT-R016:FALTANTE,False,True,False,False,GIAD-M3-S4-IOT-tratamiento-v6
28848,2026-08-27 19:42:00,VIA-00475,ORD-2026-01792,CAM-03,PROD-016,18.45,C,,0,0,viaje_id+timestamp|humedad_cabina_pct|producto_id,3,IOT-R012|IOT-R019|IOT-R026,"[{""rule_id"": ""IOT-R012"", ""columna_afectada"": ""viaje_id+timestamp"", ""codigo_error"": ""CLAVE_EN_CONFLICTO"", ""severidad"": ""CRITICAL"", ""accion"": ""CUARENTENA"", ""tipo_problema"": ""UNICIDAD"", ""dimension_calidad"": ""UNICIDAD"", ""valor_original"": ""VIA-00475 + 2026-08-27 19:42:00"", ""detalle"": ""Lecturas diferentes con igual clave candidata; se marcan todas""}, {""rule_id"": ""IOT-R019"", ""columna_afectada"": ""humedad_cabina_pct"", ""codigo_error"": ""FALTANTE"", ""severidad"": ""CRITICAL"", ""accion"": ""CUARENTENA"", ""tipo_problema"": ""FALTANTE"", ""dimension_calidad"": ""COMPLETITUD"", ""valor_original"": """", ""detalle"": ""Humedad vacía""}, {""rule_id"": ""IOT-R026"", ""columna_afectada"": ""producto_id"", ""codigo_error"": ""REFERENCIA_INEXISTENTE"", ""severidad"": ""WARNING"", ""accion"": ""REVISAR"", ""tipo_problema"": ""INTEGRIDAD"", ""dimension_calidad"": ""INTEGRIDAD"", ""valor_original"": ""PROD-016"", ""detalle"": ""Sin correspondencia en dimensión Silver de cobertura parcial; revisar, no inferir identificador inválido""}]",2,1,True,GIAD-M3-S4-IOT-diagnostico-v7,1.1.0,edb7afe2f7fb836e59fe605d30c88b3b5b13a6d8ab2ec0b37f206a14e58de6bf,America/La_Paz,IOT-R028,2026-08-27T23:42:00Z,America/La_Paz,18.45,C_ORIGINAL,CAM-03,True,IOT-R012:CLAVE_EN_CONFLICTO|IOT-R019:FALTANTE,False,True,False,False,GIAD-M3-S4-IOT-tratamiento-v6
28849,2026-08-17 08:26:00,VIA-00073,ORD-2026-01330,CAM-13,PROD-018,20.25,C,53.6,0,0,viaje_id+timestamp|producto_id,2,IOT-R011|IOT-R026,"[{""rule_id"": ""IOT-R011"", ""columna_afectada"": ""viaje_id+timestamp"", ""codigo_error"": ""DUPLICADO_IDENTICO"", ""severidad"": ""CRITICAL"", ""accion"": ""CUARENTENA"", ""tipo_problema"": ""UNICIDAD"", ""dimension_calidad"": ""UNICIDAD"", ""valor_original"": ""VIA-00073 + 2026-08-17 08:26:00"", ""detalle"": ""Copia posterior idéntica de toda la fila Bronze""}, {""rule_id"": ""IOT-R026"", ""columna_afectada"": ""producto_id"", ""codigo_error"": ""REFERENCIA_INEXISTENTE"", ""severidad"": ""WARNING"", ""accion"": ""REVISAR"", ""tipo_problema"": ""INTEGRIDAD"", ""dimension_calidad"": ""INTEGRIDAD"", ""valor_original"": ""PROD-018"", ""detalle"": ""Sin correspondencia en dimensión Silver de cobertura parcial; revisar, no inferir identificador inválido""}]",1,1,True,GIAD-M3-S4-IOT-diagnostico-v7,1.1.0,edb7afe2f7fb836e59fe605d30c88b3b5b13a6d8ab2ec0b37f206a14e58de6bf,America/La_Paz,IOT-R028,2026-08-17T12:26:00Z,America/La_Paz,20.25,C_ORIGINAL,CAM-13,True,IOT-R011:DUPLICADO_IDENTICO,False,True,False,False,GIAD-M3-S4-IOT-tratamiento-v6
28850,2026-08-04 13:49:00,VIA-00985,ORD-2026-01091,CAM-19,PROD-058,-17.56,C,54.4,0,0,viaje_id+timestamp,1,IOT-R011,"[{""rule_id"": ""IOT-R011"", ""columna_afectada"": ""viaje_id+timestamp"", ""codigo_error"": ""DUPLICADO_IDENTICO"", ""severidad"": ""CRITICAL"", ""accion"": ""CUARENTENA"", ""tipo_problema"": ""UNICIDAD"", ""dimension_calidad"": ""UNICIDAD"", ""valor_original"": ""VIA-00985 + 2026-08-04 13:49:00"", ""detalle"": ""Copia posterior idéntica de toda la fila Bronze""}]",1,0,True,GIAD-M3-S4-IOT-diagnostico-v7,1.1.0,edb7afe2f7fb836e59fe605d30c88b3b5b13a6d8ab2ec0b37f206a14e58de6bf,America/La_Paz,IOT-R028,2026-08-04T17:49:00Z,America/La_Paz,-17.56,C_ORIGINAL,CAM-19,True,IOT-R011:DUPLICADO_IDENTICO,True,True,False,False,GIAD-M3-S4-IOT-tratamiento-v6
28851,2026-08-12 18:33:00,VIA-01182,ORD-2026-01656,CAM-26,PROD-048,21.01,C,46.3,0,0,viaje_id+timestamp,1,IOT-R011,"[{""rule_id"": ""IOT-R011"", ""columna_afectada"": ""viaje_id+timestamp"", ""codigo_error"": ""DUPLICADO_IDENTICO"", ""severidad"": ""CRITICAL"", ""accion"": ""CUARENTENA"", ""tipo_problema"": ""UNICIDAD"", ""dimension_calidad"": ""UNICIDAD"", ""valor_original"": ""VIA-01182 + 2026-08-12 18:33:00"", ""detalle"": ""Copia posterior idéntica de toda la fila Bronze""}]",1,0,True,GIAD-M3-S4-IOT-diagnostico-v7,1.1.0,edb7afe2f7fb836e59fe605d30c88b3b5b13a6d8ab2ec0b37f206a14e58de6bf,America/La_Paz,IOT-R028,2026-08-12T22:33:00Z,America/La_Paz,21.01,C_ORIGINAL,CAM-26,True,IOT-R011:DUPLICADO_IDENTICO,True,True,False,False,GIAD-M3-S4-IOT-tratamiento-v6
28852,2026-08-14 02:26:00,VIA-00379,ORD-2026-04281,CAM-08,PROD-008,-18.33,C,63.4,0,0,viaje_id+timestamp|producto_id,2,IOT-R011|IOT-R026,"[{""rule_id"": ""IOT-R011"", ""columna_afectada"": ""viaje_id+timestamp"", ""codigo_error"": ""DUPLICADO_IDENTICO"", ""severidad"": ""CRITICAL"", ""accion"": ""CUARENTENA"", ""tipo_problema"": ""UNICIDAD"", ""dimension_calidad"": ""UNICIDAD"", ""valor_original"": ""VIA-00379 + 2026-08-14 02:26:00"", ""detalle"": ""Copia posterior idéntica de toda la fila Bronze""}, {""rule_id"": ""IOT-R026"", ""columna_afectada"": ""producto_id"", ""codigo_error"": ""REFERENCIA_INEXISTENTE"", ""severidad"": ""WARNING"", ""accion"": ""REVISAR"", ""tipo_problema"": ""INTEGRIDAD"", ""dimension_calidad"": ""INTEGRIDAD"", ""valor_original"": ""PROD-008"", ""detalle"": ""Sin correspondencia en dimensión Silver de cobertura parcial; revisar, no inferir identificador inválido""}]",1,1,True,GIAD-M3-S4-IOT-diagnostico-v7,1.1.0,edb7afe2f7fb836e59fe605d30c88b3b5b13a6d8ab2ec0b37f206a14e58de6bf,America/La_Paz,IOT-R028,2026-08-14T06:26:00Z,America/La_Paz,-18.33,C_ORIGINAL,CAM-08,True,IOT-R011:DUPLICADO_IDENTICO,False,True,False,False,GIAD-M3-S4-IOT-tratamiento-v6
28853,2026-08-18 14:54:00,VIA-00258,ORD-2026-04678,CAM-08,PROD-058,-18.64,C,70.4,0,0,viaje_id+timestamp,1,IOT-R011,"[{""rule_id"": ""IOT-R011"", ""columna_afectada"": ""viaje_id+timestamp"", ""codigo_error"": ""DUPLICADO_IDENTICO"", ""severidad"": ""CRITICAL"", ""accion"": ""CUARENTENA"", ""tipo_problema"": ""UNICIDAD"", ""dimension_calidad"": ""UNICIDAD"", ""valor_original"": ""VIA-00258 + 2026-08-18 14:54:00"", ""detalle"": ""Copia posterior idéntica de toda la fila Bronze""}]",1,0,True,GIAD-M3-S4-IOT-diagnostico-v7,1.1.0,edb7afe2f7fb836e59fe605d30c88b3b5b13a6d8ab2ec0b37f206a14e58de6bf,America/La_Paz,IOT-R028,2026-08-18T18:54:00Z,America/La_Paz,-18.64,C_ORIGINAL,CAM-08,True,IOT-R011:DUPLICADO_IDENTICO,True,True,False,False,GIAD-M3-S4-IOT-tratamiento-v6
28854,2026-08-14 09:12:00,VIA-00939,ORD-2026-05340,CAM-03,PROD-030,21.35,C,53.8,0,0,viaje_id+timestamp,1,IOT-R011,"[{""rule_id"": ""IOT-R011"", ""columna_afectada"": ""viaje_id+timestamp"", ""codigo_error"": ""DUPLICADO_IDENTICO"", ""severidad"": ""CRITICAL"", ""accion"": ""CUARENTENA"", ""tipo_problema"": ""UNICIDAD"", ""dimension_calidad"": ""UNICIDAD"", ""valor_original"": ""VIA-00939 + 2026-08-14 09:12:00"", ""detalle"": ""Copia posterior idéntica de toda la fila Bronze""}]",1,0,True,GIAD-M3-S4-IOT-diagnostico-v7,1.1.0,edb7afe2f7fb836e59fe605d30c88b3b5b13a6d8ab2ec0b37f206a14e58de6bf,America/La_Paz,IOT-R028,2026-08-14T13:12:00Z,America/La_Paz,21.35,C_ORIGINAL,CAM-03,True,IOT-R011:DUPLICADO_IDENTICO,True,True,False,False,GIAD-M3-S4-IOT-tratamiento-v6
28855,2026-08-16 08:41:00,VIA-01166,ORD-2026-01739,CAM-27,PROD-050,23.28,C,45.8,0,0,viaje_id+timestamp,1,IOT-R011,"[{""rule_id"": ""IOT-R011"", ""columna_afectada"": ""viaje_id+timestamp"", ""codigo_error"": ""DUPLICADO_IDENTICO"", ""severidad"": ""CRITICAL"", ""accion"": ""CUARENTENA"", ""tipo_problema"": ""UNICIDAD"", ""dimension_calidad"": ""UNICIDAD"", ""valor_original"": ""VIA-01166 + 2026-08-16 08:41:00"", ""detalle"": ""Copia posterior idéntica de toda la fila Bronze""}]",1,0,True,GIAD-M3-S4-IOT-diagnostico-v7,1.1.0,edb7afe2f7fb836e59fe605d30c88b3b5b13a6d8ab2ec0b37f206a14e58de6bf,America/La_Paz,IOT-R028,2026-08-16T12:41:00Z,America/La_Paz,23.28,C_ORIGINAL,CAM-27,True,IOT-R011:DUPLICADO_IDENTICO,True,True,False,False,GIAD-M3-S4-IOT-tratamiento-v6
28856,2026-08-30 05:53:00,VIA-00433,ORD-2026-00959,CAM-10,PROD-023,2.99,C,64.7,0,0,viaje_id+timestamp,1,IOT-R011,"[{""rule_id"": ""IOT-R011"", ""columna_afectada"": ""viaje_id+timestamp"", ""codigo_error"": ""DUPLICADO_IDENTICO"", ""severidad"": ""CRITICAL"", ""accion"": ""CUARENTENA"", ""tipo_problema"": ""UNICIDAD"", ""dimension_calidad"": ""UNICIDAD"", ""valor_original"": ""VIA-00433 + 2026-08-30 05:53:00"", ""detalle"": ""Copia posterior idéntica de toda la fila Bronze""}]",1,0,True,GIAD-M3-S4-IOT-diagnostico-v7,1.1.0,edb7afe2f7fb836e59fe605d30c88b3b5b13a6d8ab2ec0b37f206a14e58de6bf,America/La_Paz,IOT-R028,2026-08-30T09:53:00Z,America/La_Paz,2.99,C_ORIGINAL,CAM-10,True,IOT-R011:DUPLICADO_IDENTICO,True,True,False,False,GIAD-M3-S4-IOT-tratamiento-v6
28857,2026-08-02 22:34:00,VIA-00260,ORD-2026-02932,CAM-30,PROD-002,22.76,C,44.5,0,0,viaje_id+timestamp|camion_id,2,IOT-R011|IOT-R027,"[{""rule_id"": ""IOT-R011"", ""columna_afectada"": ""viaje_id+timestamp"", ""codigo_error"": ""DUPLICADO_IDENTICO"", ""severidad"": ""CRITICAL"", ""accion"": ""CUARENTENA"", ""tipo_problema"": ""UNICIDAD"", ""dimension_calidad"": ""UNICIDAD"", ""valor_original"": ""VIA-00260 + 2026-08-02 22:34:00"", ""detalle"": ""Copia posterior idéntica de toda la fila Bronze""}, {""rule_id"": ""IOT-R027"", ""columna_afectada"": ""camion_id"", ""codigo_error"": ""REFERENCIA_INEXISTENTE"", ""severidad"": ""WARNING"", ""accion"": ""REVISAR"", ""tipo_problema"": ""INTEGRIDAD"", ""dimension_calidad"": ""INTEGRIDAD"", ""valor_original"": ""CAM-30"", ""detalle"": ""Sin correspondencia en dimensión Silver de cobertura parcial; revisar, no inferir identificador inválido""}]",1,1,True,GIAD-M3-S4-IOT-diagnostico-v7,1.1.0,edb7afe2f7fb836e59fe605d30c88b3b5b13a6d8ab2ec0b37f206a14e58de6bf,America/La_Paz,IOT-R028,2026-08-03T02:34:00Z,America/La_Paz,22.76,C_ORIGINAL,CAM-30,True,IOT-R011:DUPLICADO_IDENTICO,True,False,False,False,GIAD-M3-S4-IOT-tratamiento-v6
28858,2026-08-08 08:33:00,VIA-00674,ORD-2026-05091,CAM-08,PROD-055,22.22,C,47.9,0,0,viaje_id+timestamp,1,IOT-R011,"[{""rule_id"": ""IOT-R011"", ""columna_afectada"": ""viaje_id+timestamp"", ""codigo_error"": ""DUPLICADO_IDENTICO"", ""severidad"": ""CRITICAL"", ""accion"": ""CUARENTENA"", ""tipo_problema"": ""UNICIDAD"", ""dimension_calidad"": ""UNICIDAD"", ""valor_original"": ""VIA-00674 + 2026-08-08 08:33:00"", ""detalle"": ""Copia posterior idéntica de toda la fila Bronze""}]",1,0,True,GIAD-M3-S4-IOT-diagnostico-v7,1.1.0,edb7afe2f7fb836e59fe605d30c88b3b5b13a6d8ab2ec0b37f206a14e58de6bf,America/La_Paz,IOT-R028,2026-08-08T12:33:00Z,America/La_Paz,22.22,C_ORIGINAL,CAM-08,True,IOT-R011:DUPLICADO_IDENTICO,True,True,False,False,GIAD-M3-S4-IOT-tratamiento-v6
28859,2026-08-26 12:11:00,VIA-00828,ORD-2026-04623,CAM-01,PROD-049,4.17,C,75.5,0,0,viaje_id+timestamp|producto_id,2,IOT-R011|IOT-R026,"[{""rule_id"": ""IOT-R011"", ""columna_afectada"": ""viaje_id+timestamp"", ""codigo_error"": ""DUPLICADO_IDENTICO"", ""severidad"": ""CRITICAL"", ""accion"": ""CUARENTENA"", ""tipo_problema"": ""UNICIDAD"", ""dimension_calidad"": ""UNICIDAD"", ""valor_original"": ""VIA-00828 + 2026-08-26 12:11:00"", ""detalle"": ""Copia posterior idéntica de toda la fila Bronze""}, {""rule_id"": ""IOT-R026"", ""columna_afectada"": ""producto_id"", ""codigo_error"": ""REFERENCIA_INEXISTENTE"", ""severidad"": ""WARNING"", ""accion"": ""REVISAR"", ""tipo_problema"": ""INTEGRIDAD"", ""dimension_calidad"": ""INTEGRIDAD"", ""valor_original"": ""PROD-049"", ""detalle"": ""Sin correspondencia en dimensión Silver de cobertura parcial; revisar, no inferir identificador inválido""}]",1,1,True,GIAD-M3-S4-IOT-diagnostico-v7,1.1.0,edb7afe2f7fb836e59fe605d30c88b3b5b13a6d8ab2ec0b37f206a14e58de6bf,America/La_Paz,IOT-R028,2026-08-26T16:11:00Z,America/La_Paz,4.17,C_ORIGINAL,CAM-01,True,IOT-R011:DUPLICADO_IDENTICO,False,True,False,False,GIAD-M3-S4-IOT-tratamiento-v6
28860,2026-08-04 15:52:00,VIA-00751,ORD-2026-06416,CAM-09,PROD-048,18.51,C,44.0,0,0,viaje_id+timestamp,1,IOT-R011,"[{""rule_id"": ""IOT-R011"", ""columna_afectada"": ""viaje_id+timestamp"", ""codigo_error"": ""DUPLICADO_IDENTICO"", ""severidad"": ""CRITICAL"", ""accion"": ""CUARENTENA"", ""tipo_problema"": ""UNICIDAD"", ""dimension_calidad"": ""UNICIDAD"", ""valor_original"": ""VIA-00751 + 2026-08-04 15:52:00"", ""detalle"": ""Copia posterior idéntica de toda la fila Bronze""}]",1,0,True,GIAD-M3-S4-IOT-diagnostico-v7,1.1.0,edb7afe2f7fb836e59fe605d30c88b3b5b13a6d8ab2ec0b37f206a14e58de6bf,America/La_Paz,IOT-R028,2026-08-04T19:52:00Z,America/La_Paz,18.51,C_ORIGINAL,CAM-09,True,IOT-R011:DUPLICADO_IDENTICO,True,True,False,False,GIAD-M3-S4-IOT-tratamiento-v6
28861,2026-08-16 01:15:00,VIA-00718,ORD-2026-00659,CAM-21,PROD-038,20.83,C,38.6,0,1,viaje_id+timestamp,1,IOT-R011,"[{""rule_id"": ""IOT-R011"", ""columna_afectada"": ""viaje_id+timestamp"", ""codigo_error"": ""DUPLICADO_IDENTICO"", ""severidad"": ""CRITICAL"", ""accion"": ""CUARENTENA"", ""tipo_problema"": ""UNICIDAD"", ""dimension_calidad"": ""UNICIDAD"", ""valor_original"": ""VIA-00718 + 2026-08-16 01:15:00"", ""detalle"": ""Copia posterior idéntica de toda la fila Bronze""}]",1,0,True,GIAD-M3-S4-IOT-diagnostico-v7,1.1.0,edb7afe2f7fb836e59fe605d30c88b3b5b13a6d8ab2ec0b37f206a14e58de6bf,America/La_Paz,IOT-R028,2026-08-16T05:15:00Z,America/La_Paz,20.83,C_ORIGINAL,CAM-21,True,IOT-R011:DUPLICADO_IDENTICO,True,True,False,False,GIAD-M3-S4-IOT-tratamiento-v6
28862,2026-08-26 18:25:00,VIA-00761,ORD-2026-00954,CAM-24,PROD-015,3.77,C,,0,0,viaje_id+timestamp|humedad_cabina_pct,2,IOT-R012|IOT-R019,"[{""rule_id"": ""IOT-R012"", ""columna_afectada"": ""viaje_id+timestamp"", ""codigo_error"": ""CLAVE_EN_CONFLICTO"", ""severidad"": ""CRITICAL"", ""accion"": ""CUARENTENA"", ""tipo_problema"": ""UNICIDAD"", ""dimension_calidad"": ""UNICIDAD"", ""valor_original"": ""VIA-00761 + 2026-08-26 18:25:00"", ""detalle"": ""Lecturas diferentes con igual clave candidata; se marcan todas""}, {""rule_id"": ""IOT-R019"", ""columna_afectada"": ""humedad_cabina_pct"", ""codigo_error"": ""FALTANTE"", ""severidad"": ""CRITICAL"", ""accion"": ""CUARENTENA"", ""tipo_problema"": ""FALTANTE"", ""dimension_calidad"": ""COMPLETITUD"", ""valor_original"": """", ""detalle"": ""Humedad vacía""}]",2,0,True,GIAD-M3-S4-IOT-diagnostico-v7,1.1.0,edb7afe2f7fb836e59fe605d30c88b3b5b13a6d8ab2ec0b37f206a14e58de6bf,America/La_Paz,IOT-R028,2026-08-26T22:25:00Z,America/La_Paz,3.77,C_ORIGINAL,CAM-24,True,IOT-R012:CLAVE_EN_CONFLICTO|IOT-R019:FALTANTE,True,True,False,False,GIAD-M3-S4-IOT-tratamiento-v6
28863,2026-08-05 05:31:00,VIA-00374,ORD-2026-06903,CAM-10,PROD-028,20.95,C,34.5,0,0,viaje_id+timestamp|producto_id,2,IOT-R011|IOT-R026,"[{""rule_id"": ""IOT-R011"", ""columna_afectada"": ""viaje_id+timestamp"", ""codigo_error"": ""DUPLICADO_IDENTICO"", ""severidad"": ""CRITICAL"", ""accion"": ""CUARENTENA"", ""tipo_problema"": ""UNICIDAD"", ""dimension_calidad"": ""UNICIDAD"", ""valor_original"": ""VIA-00374 + 2026-08-05 05:31:00"", ""detalle"": ""Copia posterior idéntica de toda la fila Bronze""}, {""rule_id"": ""IOT-R026"", ""columna_afectada"": ""producto_id"", ""codigo_error"": ""REFERENCIA_INEXISTENTE"", ""severidad"": ""WARNING"", ""accion"": ""REVISAR"", ""tipo_problema"": ""INTEGRIDAD"", ""dimension_calidad"": ""INTEGRIDAD"", ""valor_original"": ""PROD-028"", ""detalle"": ""Sin correspondencia en dimensión Silver de cobertura parcial; revisar, no inferir identificador inválido""}]",1,1,True,GIAD-M3-S4-IOT-diagnostico-v7,1.1.0,edb7afe2f7fb836e59fe605d30c88b3b5b13a6d8ab2ec0b37f206a14e58de6bf,America/La_Paz,IOT-R028,2026-08-05T09:31:00Z,America/La_Paz,20.95,C_ORIGINAL,CAM-10,True,IOT-R011:DUPLICADO_IDENTICO,False,True,False,False,GIAD-M3-S4-IOT-tratamiento-v6
28864,2026-08-14 01:36:00,VIA-01028,ORD-2026-07477,CAM-15,PROD-034,4.93,C,79.0,0,0,viaje_id+timestamp,1,IOT-R011,"[{""rule_id"": ""IOT-R011"", ""columna_afectada"": ""viaje_id+timestamp"", ""codigo_error"": ""DUPLICADO_IDENTICO"", ""severidad"": ""CRITICAL"", ""accion"": ""CUARENTENA"", ""tipo_problema"": ""UNICIDAD"", ""dimension_calidad"": ""UNICIDAD"", ""valor_original"": ""VIA-01028 + 2026-08-14 01:36:00"", ""detalle"": ""Copia posterior idéntica de toda la fila Bronze""}]",1,0,True,GIAD-M3-S4-IOT-diagnostico-v7,1.1.0,edb7afe2f7fb836e59fe605d30c88b3b5b13a6d8ab2ec0b37f206a14e58de6bf,America/La_Paz,IOT-R028,2026-08-14T05:36:00Z,America/La_Paz,4.93,C_ORIGINAL,CAM-15,True,IOT-R011:DUPLICADO_IDENTICO,True,True,False,False,GIAD-M3-S4-IOT-tratamiento-v6
28865,2026-08-16 01:22:00,VIA-01056,ORD-2026-02364,CAM-28,PROD-008,-17.47,C,60.7,0,0,viaje_id+timestamp|producto_id,2,IOT-R011|IOT-R026,"[{""rule_id"": ""IOT-R011"", ""columna_afectada"": ""viaje_id+timestamp"", ""codigo_error"": ""DUPLICADO_IDENTICO"", ""severidad"": ""CRITICAL"", ""accion"": ""CUARENTENA"", ""tipo_problema"": ""UNICIDAD"", ""dimension_calidad"": ""UNICIDAD"", ""valor_original"": ""VIA-01056 + 2026-08-16 01:22:00"", ""detalle"": ""Copia posterior idéntica de toda la fila Bronze""}, {""rule_id"": ""IOT-R026"", ""columna_afectada"": ""producto_id"", ""codigo_error"": ""REFERENCIA_INEXISTENTE"", ""severidad"": ""WARNING"", ""accion"": ""REVISAR"", ""tipo_problema"": ""INTEGRIDAD"", ""dimension_calidad"": ""INTEGRIDAD"", ""valor_original"": ""PROD-008"", ""detalle"": ""Sin correspondencia en dimensión Silver de cobertura parcial; revisar, no inferir identificador inválido""}]",1,1,True,GIAD-M3-S4-IOT-diagnostico-v7,1.1.0,edb7afe2f7fb836e59fe605d30c88b3b5b13a6d8ab2ec0b37f206a14e58de6bf,America/La_Paz,IOT-R028,2026-08-16T05:22:00Z,America/La_Paz,-17.47,C_ORIGINAL,CAM-28,True,IOT-R011:DUPLICADO_IDENTICO,False,True,False,False,GIAD-M3-S4-IOT-tratamiento-v6
28866,2026-08-12 16:33:00,VIA-00786,ORD-2026-05280,CAM-13,PROD-040,21.28,C,39.7,0,0,viaje_id+timestamp,1,IOT-R011,"[{""rule_id"": ""IOT-R011"", ""columna_afectada"": ""viaje_id+timestamp"", ""codigo_error"": ""DUPLICADO_IDENTICO"", ""severidad"": ""CRITICAL"", ""accion"": ""CUARENTENA"", ""tipo_problema"": ""UNICIDAD"", ""dimension_calidad"": ""UNICIDAD"", ""valor_original"": ""VIA-00786 + 2026-08-12 16:33:00"", ""detalle"": ""Copia posterior idéntica de toda la fila Bronze""}]",1,0,True,GIAD-M3-S4-IOT-diagnostico-v7,1.1.0,edb7afe2f7fb836e59fe605d30c88b3b5b13a6d8ab2ec0b37f206a14e58de6bf,America/La_Paz,IOT-R028,2026-08-12T20:33:00Z,America/La_Paz,21.28,C_ORIGINAL,CAM-13,True,IOT-R011:DUPLICADO_IDENTICO,True,True,False,False,GIAD-M3-S4-IOT-tratamiento-v6
28867,2026-08-15 17:31:00,VIA-00442,ORD-2026-02381,CAM-24,PROD-059,20.77,C,47.2,0,0,viaje_id+timestamp,1,IOT-R011,"[{""rule_id"": ""IOT-R011"", ""columna_afectada"": ""viaje_id+timestamp"", ""codigo_error"": ""DUPLICADO_IDENTICO"", ""severidad"": ""CRITICAL"", ""accion"": ""CUARENTENA"", ""tipo_problema"": ""UNICIDAD"", ""dimension_calidad"": ""UNICIDAD"", ""valor_original"": ""VIA-00442 + 2026-08-15 17:31:00"", ""detalle"": ""Copia posterior idéntica de toda la fila Bronze""}]",1,0,True,GIAD-M3-S4-IOT-diagnostico-v7,1.1.0,edb7afe2f7fb836e59fe605d30c88b3b5b13a6d8ab2ec0b37f206a14e58de6bf,America/La_Paz,IOT-R028,2026-08-15T21:31:00Z,America/La_Paz,20.77,C_ORIGINAL,CAM-24,True,IOT-R011:DUPLICADO_IDENTICO,True,True,False,False,GIAD-M3-S4-IOT-tratamiento-v6
28868,2026-08-28 12:01:00,VIA-00670,ORD-2026-03021,CAM-08,PROD-041,-19.07,C,68.9,0,0,viaje_id+timestamp,1,IOT-R011,"[{""rule_id"": ""IOT-R011"", ""columna_afectada"": ""viaje_id+timestamp"", ""codigo_error"": ""DUPLICADO_IDENTICO"", ""severidad"": ""CRITICAL"", ""accion"": ""CUARENTENA"", ""tipo_problema"": ""UNICIDAD"", ""dimension_calidad"": ""UNICIDAD"", ""valor_original"": ""VIA-00670 + 2026-08-28 12:01:00"", ""detalle"": ""Copia posterior idéntica de toda la fila Bronze""}]",1,0,True,GIAD-M3-S4-IOT-diagnostico-v7,1.1.0,edb7afe2f7fb836e59fe605d30c88b3b5b13a6d8ab2ec0b37f206a14e58de6bf,America/La_Paz,IOT-R028,2026-08-28T16:01:00Z,America/La_Paz,-19.07,C_ORIGINAL,CAM-08,True,IOT-R011:DUPLICADO_IDENTICO,True,True,False,False,GIAD-M3-S4-IOT-tratamiento-v6
28869,2026-08-08 22:43:00,VIA-00962,ORD-2026-07499,CAM-18,PROD-050,18.22,C,50.1,0,0,viaje_id+timestamp,1,IOT-R011,"[{""rule_id"": ""IOT-R011"", ""columna_afectada"": ""viaje_id+timestamp"", ""codigo_error"": ""DUPLICADO_IDENTICO"", ""severidad"": ""CRITICAL"", ""accion"": ""CUARENTENA"", ""tipo_problema"": ""UNICIDAD"", ""dimension_calidad"": ""UNICIDAD"", ""valor_original"": ""VIA-00962 + 2026-08-08 22:43:00"", ""detalle"": ""Copia posterior idéntica de toda la fila Bronze""}]",1,0,True,GIAD-M3-S4-IOT-diagnostico-v7,1.1.0,edb7afe2f7fb836e59fe605d30c88b3b5b13a6d8ab2ec0b37f206a14e58de6bf,America/La_Paz,IOT-R028,2026-08-09T02:43:00Z,America/La_Paz,18.22,C_ORIGINAL,CAM-18,True,IOT-R011:DUPLICADO_IDENTICO,True,True,False,False,GIAD-M3-S4-IOT-tratamiento-v6
28870,2026-08-04 06:10:00,VIA-00694,ORD-2026-00099,CAM-25,PROD-027,3.35,C,79.8,0,0,viaje_id+timestamp,1,IOT-R011,"[{""rule_id"": ""IOT-R011"", ""columna_afectada"": ""viaje_id+timestamp"", ""codigo_error"": ""DUPLICADO_IDENTICO"", ""severidad"": ""CRITICAL"", ""accion"": ""CUARENTENA"", ""tipo_problema"": ""UNICIDAD"", ""dimension_calidad"": ""UNICIDAD"", ""valor_original"": ""VIA-00694 + 2026-08-04 06:10:00"", ""detalle"": ""Copia posterior idéntica de toda la fila Bronze""}]",1,0,True,GIAD-M3-S4-IOT-diagnostico-v7,1.1.0,edb7afe2f7fb836e59fe605d30c88b3b5b13a6d8ab2ec0b37f206a14e58de6bf,America/La_Paz,IOT-R028,2026-08-04T10:10:00Z,America/La_Paz,3.35,C_ORIGINAL,CAM-25,True,IOT-R011:DUPLICADO_IDENTICO,True,True,False,False,GIAD-M3-S4-IOT-tratamiento-v6
28871,2026-08-22 15:54:00,VIA-00185,ORD-2026-00226,CAM-15,PROD-017,19.18,C,49.2,0,0,viaje_id+timestamp,1,IOT-R011,"[{""rule_id"": ""IOT-R011"", ""columna_afectada"": ""viaje_id+timestamp"", ""codigo_error"": ""DUPLICADO_IDENTICO"", ""severidad"": ""CRITICAL"", ""accion"": ""CUARENTENA"", ""tipo_problema"": ""UNICIDAD"", ""dimension_calidad"": ""UNICIDAD"", ""valor_original"": ""VIA-00185 + 2026-08-22 15:54:00"", ""detalle"": ""Copia posterior idéntica de toda la fila Bronze""}]",1,0,True,GIAD-M3-S4-IOT-diagnostico-v7,1.1.0,edb7afe2f7fb836e59fe605d30c88b3b5b13a6d8ab2ec0b37f206a14e58de6bf,America/La_Paz,IOT-R028,2026-08-22T19:54:00Z,America/La_Paz,19.18,C_ORIGINAL,CAM-15,True,IOT-R011:DUPLICADO_IDENTICO,True,True,False,False,GIAD-M3-S4-IOT-tratamiento-v6
28872,2026-08-06 04:15:00,VIA-00445,ORD-2026-03433,CAM-08,PROD-022,4.03,C,90.0,0,0,viaje_id+timestamp|producto_id,2,IOT-R011|IOT-R026,"[{""rule_id"": ""IOT-R011"", ""columna_afectada"": ""viaje_id+timestamp"", ""codigo_error"": ""DUPLICADO_IDENTICO"", ""severidad"": ""CRITICAL"", ""accion"": ""CUARENTENA"", ""tipo_problema"": ""UNICIDAD"", ""dimension_calidad"": ""UNICIDAD"", ""valor_original"": ""VIA-00445 + 2026-08-06 04:15:00"", ""detalle"": ""Copia posterior idéntica de toda la fila Bronze""}, {""rule_id"": ""IOT-R026"", ""columna_afectada"": ""producto_id"", ""codigo_error"": ""REFERENCIA_INEXISTENTE"", ""severidad"": ""WARNING"", ""accion"": ""REVISAR"", ""tipo_problema"": ""INTEGRIDAD"", ""dimension_calidad"": ""INTEGRIDAD"", ""valor_original"": ""PROD-022"", ""detalle"": ""Sin correspondencia en dimensión Silver de cobertura parcial; revisar, no inferir identificador inválido""}]",1,1,True,GIAD-M3-S4-IOT-diagnostico-v7,1.1.0,edb7afe2f7fb836e59fe605d30c88b3b5b13a6d8ab2ec0b37f206a14e58de6bf,America/La_Paz,IOT-R028,2026-08-06T08:15:00Z,America/La_Paz,4.03,C_ORIGINAL,CAM-08,True,IOT-R011:DUPLICADO_IDENTICO,False,True,False,False,GIAD-M3-S4-IOT-tratamiento-v6
28873,2026-08-13 01:05:00,VIA-00188,ORD-2026-00183,CAM-12,PROD-020,18.63,C,59.8,0,0,viaje_id+timestamp,1,IOT-R011,"[{""rule_id"": ""IOT-R011"", ""columna_afectada"": ""viaje_id+timestamp"", ""codigo_error"": ""DUPLICADO_IDENTICO"", ""severidad"": ""CRITICAL"", ""accion"": ""CUARENTENA"", ""tipo_problema"": ""UNICIDAD"", ""dimension_calidad"": ""UNICIDAD"", ""valor_original"": ""VIA-00188 + 2026-08-13 01:05:00"", ""detalle"": ""Copia posterior idéntica de toda la fila Bronze""}]",1,0,True,GIAD-M3-S4-IOT-diagnostico-v7,1.1.0,edb7afe2f7fb836e59fe605d30c88b3b5b13a6d8ab2ec0b37f206a14e58de6bf,America/La_Paz,IOT-R028,2026-08-13T05:05:00Z,America/La_Paz,18.63,C_ORIGINAL,CAM-12,True,IOT-R011:DUPLICADO_IDENTICO,True,True,False,False,GIAD-M3-S4-IOT-tratamiento-v6
28874,2026-08-15 11:59:00,VIA-00989,ORD-2026-01031,CAM-21,PROD-012,18.81,C,42.5,0,0,viaje_id+timestamp,1,IOT-R011,"[{""rule_id"": ""IOT-R011"", ""columna_afectada"": ""viaje_id+timestamp"", ""codigo_error"": ""DUPLICADO_IDENTICO"", ""severidad"": ""CRITICAL"", ""accion"": ""CUARENTENA"", ""tipo_problema"": ""UNICIDAD"", ""dimension_calidad"": ""UNICIDAD"", ""valor_original"": ""VIA-00989 + 2026-08-15 11:59:00"", ""detalle"": ""Copia posterior idéntica de toda la fila Bronze""}]",1,0,True,GIAD-M3-S4-IOT-diagnostico-v7,1.1.0,edb7afe2f7fb836e59fe605d30c88b3b5b13a6d8ab2ec0b37f206a14e58de6bf,America/La_Paz,IOT-R028,2026-08-15T15:59:00Z,America/La_Paz,18.81,C_ORIGINAL,CAM-21,True,IOT-R011:DUPLICADO_IDENTICO,True,True,False,False,GIAD-M3-S4-IOT-tratamiento-v6
28875,2026-08-21 02:19:00,VIA-00371,ORD-2026-05057,CAM-16,PROD-033,18.64,C,48.0,0,0,viaje_id+timestamp,1,IOT-R011,"[{""rule_id"": ""IOT-R011"", ""columna_afectada"": ""viaje_id+timestamp"", ""codigo_error"": ""DUPLICADO_IDENTICO"", ""severidad"": ""CRITICAL"", ""accion"": ""CUARENTENA"", ""tipo_problema"": ""UNICIDAD"", ""dimension_calidad"": ""UNICIDAD"", ""valor_original"": ""VIA-00371 + 2026-08-21 02:19:00"", ""detalle"": ""Copia posterior idéntica de toda la fila Bronze""}]",1,0,True,GIAD-M3-S4-IOT-diagnostico-v7,1.1.0,edb7afe2f7fb836e59fe605d30c88b3b5b13a6d8ab2ec0b37f206a14e58de6bf,America/La_Paz,IOT-R028,2026-08-21T06:19:00Z,America/La_Paz,18.64,C_ORIGINAL,CAM-16,True,IOT-R011:DUPLICADO_IDENTICO,True,True,False,False,GIAD-M3-S4-IOT-tratamiento-v6
28876,2026-08-17 02:16:00,VIA-01088,ORD-2026-05447,CAM-25,PROD-033,18.34,C,50.3,0,0,viaje_id+timestamp,1,IOT-R011,"[{""rule_id"": ""IOT-R011"", ""columna_afectada"": ""viaje_id+timestamp"", ""codigo_error"": ""DUPLICADO_IDENTICO"", ""severidad"": ""CRITICAL"", ""accion"": ""CUARENTENA"", ""tipo_problema"": ""UNICIDAD"", ""dimension_calidad"": ""UNICIDAD"", ""valor_original"": ""VIA-01088 + 2026-08-17 02:16:00"", ""detalle"": ""Copia posterior idéntica de toda la fila Bronze""}]",1,0,True,GIAD-M3-S4-IOT-diagnostico-v7,1.1.0,edb7afe2f7fb836e59fe605d30c88b3b5b13a6d8ab2ec0b37f206a14e58de6bf,America/La_Paz,IOT-R028,2026-08-17T06:16:00Z,America/La_Paz,18.34,C_ORIGINAL,CAM-25,True,IOT-R011:DUPLICADO_IDENTICO,True,True,False,False,GIAD-M3-S4-IOT-tratamiento-v6
28877,2026-08-31 07:49:00,VIA-00307,ORD-2026-04702,CAM-02,PROD-043,-18.14,C,75.9,0,0,viaje_id+timestamp,1,IOT-R011,"[{""rule_id"": ""IOT-R011"", ""columna_afectada"": ""viaje_id+timestamp"", ""codigo_error"": ""DUPLICADO_IDENTICO"", ""severidad"": ""CRITICAL"", ""accion"": ""CUARENTENA"", ""tipo_problema"": ""UNICIDAD"", ""dimension_calidad"": ""UNICIDAD"", ""valor_original"": ""VIA-00307 + 2026-08-31 07:49:00"", ""detalle"": ""Copia posterior idéntica de toda la fila Bronze""}]",1,0,True,GIAD-M3-S4-IOT-diagnostico-v7,1.1.0,edb7afe2f7fb836e59fe605d30c88b3b5b13a6d8ab2ec0b37f206a14e58de6bf,America/La_Paz,IOT-R028,2026-08-31T11:49:00Z,America/La_Paz,-18.14,C_ORIGINAL,CAM-02,True,IOT-R011:DUPLICADO_IDENTICO,True,True,False,False,GIAD-M3-S4-IOT-tratamiento-v6
28878,2026-08-16 04:26:00,VIA-00841,ORD-2026-03786,CAM-10,PROD-011,-17.95,C,61.3,0,0,viaje_id+timestamp,1,IOT-R011,"[{""rule_id"": ""IOT-R011"", ""columna_afectada"": ""viaje_id+timestamp"", ""codigo_error"": ""DUPLICADO_IDENTICO"", ""severidad"": ""CRITICAL"", ""accion"": ""CUARENTENA"", ""tipo_problema"": ""UNICIDAD"", ""dimension_calidad"": ""UNICIDAD"", ""valor_original"": ""VIA-00841 + 2026-08-16 04:26:00"", ""detalle"": ""Copia posterior idéntica de toda la fila Bronze""}]",1,0,True,GIAD-M3-S4-IOT-diagnostico-v7,1.1.0,edb7afe2f7fb836e59fe605d30c88b3b5b13a6d8ab2ec0b37f206a14e58de6bf,America/La_Paz,IOT-R028,2026-08-16T08:26:00Z,America/La_Paz,-17.95,C_ORIGINAL,CAM-10,True,IOT-R011:DUPLICADO_IDENTICO,True,True,False,False,GIAD-M3-S4-IOT-tratamiento-v6
28879,2026-08-29 04:32:00,VIA-00622,ORD-2026-02931,CAM-08,PROD-036,3.53,C,75.4,0,0,viaje_id+timestamp|producto_id,2,IOT-R011|IOT-R026,"[{""rule_id"": ""IOT-R011"", ""columna_afectada"": ""viaje_id+timestamp"", ""codigo_error"": ""DUPLICADO_IDENTICO"", ""severidad"": ""CRITICAL"", ""accion"": ""CUARENTENA"", ""tipo_problema"": ""UNICIDAD"", ""dimension_calidad"": ""UNICIDAD"", ""valor_original"": ""VIA-00622 + 2026-08-29 04:32:00"", ""detalle"": ""Copia posterior idéntica de toda la fila Bronze""}, {""rule_id"": ""IOT-R026"", ""columna_afectada"": ""producto_id"", ""codigo_error"": ""REFERENCIA_INEXISTENTE"", ""severidad"": ""WARNING"", ""accion"": ""REVISAR"", ""tipo_problema"": ""INTEGRIDAD"", ""dimension_calidad"": ""INTEGRIDAD"", ""valor_original"": ""PROD-036"", ""detalle"": ""Sin correspondencia en dimensión Silver de cobertura parcial; revisar, no inferir identificador inválido""}]",1,1,True,GIAD-M3-S4-IOT-diagnostico-v7,1.1.0,edb7afe2f7fb836e59fe605d30c88b3b5b13a6d8ab2ec0b37f206a14e58de6bf,America/La_Paz,IOT-R028,2026-08-29T08:32:00Z,America/La_Paz,3.53,C_ORIGINAL,CAM-08,True,IOT-R011:DUPLICADO_IDENTICO,False,True,False,False,GIAD-M3-S4-IOT-tratamiento-v6
28880,2026-08-15 12:38:00,VIA-00467,ORD-2026-07428,CAM-26,PROD-053,3.5,C,82.0,0,0,viaje_id+timestamp,1,IOT-R011,"[{""rule_id"": ""IOT-R011"", ""columna_afectada"": ""viaje_id+timestamp"", ""codigo_error"": ""DUPLICADO_IDENTICO"", ""severidad"": ""CRITICAL"", ""accion"": ""CUARENTENA"", ""tipo_problema"": ""UNICIDAD"", ""dimension_calidad"": ""UNICIDAD"", ""valor_original"": ""VIA-00467 + 2026-08-15 12:38:00"", ""detalle"": ""Copia posterior idéntica de toda la fila Bronze""}]",1,0,True,GIAD-M3-S4-IOT-diagnostico-v7,1.1.0,edb7afe2f7fb836e59fe605d30c88b3b5b13a6d8ab2ec0b37f206a14e58de6bf,America/La_Paz,IOT-R028,2026-08-15T16:38:00Z,America/La_Paz,3.5,C_ORIGINAL,CAM-26,True,IOT-R011:DUPLICADO_IDENTICO,True,True,False,False,GIAD-M3-S4-IOT-tratamiento-v6
28881,2026-08-29 08:01:00,VIA-00518,ORD-2026-06065,CAM-24,PROD-001,3.19,C,90.4,0,0,viaje_id+timestamp,1,IOT-R011,"[{""rule_id"": ""IOT-R011"", ""columna_afectada"": ""viaje_id+timestamp"", ""codigo_error"": ""DUPLICADO_IDENTICO"", ""severidad"": ""CRITICAL"", ""accion"": ""CUARENTENA"", ""tipo_problema"": ""UNICIDAD"", ""dimension_calidad"": ""UNICIDAD"", ""valor_original"": ""VIA-00518 + 2026-08-29 08:01:00"", ""detalle"": ""Copia posterior idéntica de toda la fila Bronze""}]",1,0,True,GIAD-M3-S4-IOT-diagnostico-v7,1.1.0,edb7afe2f7fb836e59fe605d30c88b3b5b13a6d8ab2ec0b37f206a14e58de6bf,America/La_Paz,IOT-R028,2026-08-29T12:01:00Z,America/La_Paz,3.19,C_ORIGINAL,CAM-24,True,IOT-R011:DUPLICADO_IDENTICO,True,True,False,False,GIAD-M3-S4-IOT-tratamiento-v6
28882,2026-08-13 08:52:00,VIA-00453,ORD-2026-06672,CAM-29,PROD-059,16.26,C,39.8,0,0,viaje_id+timestamp,1,IOT-R011,"[{""rule_id"": ""IOT-R011"", ""columna_afectada"": ""viaje_id+timestamp"", ""codigo_error"": ""DUPLICADO_IDENTICO"", ""severidad"": ""CRITICAL"", ""accion"": ""CUARENTENA"", ""tipo_problema"": ""UNICIDAD"", ""dimension_calidad"": ""UNICIDAD"", ""valor_original"": ""VIA-00453 + 2026-08-13 08:52:00"", ""detalle"": ""Copia posterior idéntica de toda la fila Bronze""}]",1,0,True,GIAD-M3-S4-IOT-diagnostico-v7,1.1.0,edb7afe2f7fb836e59fe605d30c88b3b5b13a6d8ab2ec0b37f206a14e58de6bf,America/La_Paz,IOT-R028,2026-08-13T12:52:00Z,America/La_Paz,16.26,C_ORIGINAL,CAM-29,True,IOT-R011:DUPLICADO_IDENTICO,True,True,False,False,GIAD-M3-S4-IOT-tratamiento-v6
28883,2026-08-20 15:44:00,VIA-00300,ORD-2026-07036,CAM-20,PROD-021,4.72,C,80.6,0,0,viaje_id+timestamp|camion_id,2,IOT-R011|IOT-R027,"[{""rule_id"": ""IOT-R011"", ""columna_afectada"": ""viaje_id+timestamp"", ""codigo_error"": ""DUPLICADO_IDENTICO"", ""severidad"": ""CRITICAL"", ""accion"": ""CUARENTENA"", ""tipo_problema"": ""UNICIDAD"", ""dimension_calidad"": ""UNICIDAD"", ""valor_original"": ""VIA-00300 + 2026-08-20 15:44:00"", ""detalle"": ""Copia posterior idéntica de toda la fila Bronze""}, {""rule_id"": ""IOT-R027"", ""columna_afectada"": ""camion_id"", ""codigo_error"": ""REFERENCIA_INEXISTENTE"", ""severidad"": ""WARNING"", ""accion"": ""REVISAR"", ""tipo_problema"": ""INTEGRIDAD"", ""dimension_calidad"": ""INTEGRIDAD"", ""valor_original"": ""CAM-20"", ""detalle"": ""Sin correspondencia en dimensión Silver de cobertura parcial; revisar, no inferir identificador inválido""}]",1,1,True,GIAD-M3-S4-IOT-diagnostico-v7,1.1.0,edb7afe2f7fb836e59fe605d30c88b3b5b13a6d8ab2ec0b37f206a14e58de6bf,America/La_Paz,IOT-R028,2026-08-20T19:44:00Z,America/La_Paz,4.72,C_ORIGINAL,CAM-20,True,IOT-R011:DUPLICADO_IDENTICO,True,False,False,False,GIAD-M3-S4-IOT-tratamiento-v6
28884,2026-08-28 09:34:00,VIA-00705,ORD-2026-00944,CAM-10,PROD-053,2.57,C,68.4,0,0,viaje_id+timestamp,1,IOT-R011,"[{""rule_id"": ""IOT-R011"", ""columna_afectada"": ""viaje_id+timestamp"", ""codigo_error"": ""DUPLICADO_IDENTICO"", ""severidad"": ""CRITICAL"", ""accion"": ""CUARENTENA"", ""tipo_problema"": ""UNICIDAD"", ""dimension_calidad"": ""UNICIDAD"", ""valor_original"": ""VIA-00705 + 2026-08-28 09:34:00"", ""detalle"": ""Copia posterior idéntica de toda la fila Bronze""}]",1,0,True,GIAD-M3-S4-IOT-diagnostico-v7,1.1.0,edb7afe2f7fb836e59fe605d30c88b3b5b13a6d8ab2ec0b37f206a14e58de6bf,America/La_Paz,IOT-R028,2026-08-28T13:34:00Z,America/La_Paz,2.57,C_ORIGINAL,CAM-10,True,IOT-R011:DUPLICADO_IDENTICO,True,True,False,False,GIAD-M3-S4-IOT-tratamiento-v6
28885,2026-08-01 11:33:00,VIA-00693,ORD-2026-02485,CAM-15,PROD-008,-18.88,C,67.9,0,0,viaje_id+timestamp|producto_id,2,IOT-R011|IOT-R026,"[{""rule_id"": ""IOT-R011"", ""columna_afectada"": ""viaje_id+timestamp"", ""codigo_error"": ""DUPLICADO_IDENTICO"", ""severidad"": ""CRITICAL"", ""accion"": ""CUARENTENA"", ""tipo_problema"": ""UNICIDAD"", ""dimension_calidad"": ""UNICIDAD"", ""valor_original"": ""VIA-00693 + 2026-08-01 11:33:00"", ""detalle"": ""Copia posterior idéntica de toda la fila Bronze""}, {""rule_id"": ""IOT-R026"", ""columna_afectada"": ""producto_id"", ""codigo_error"": ""REFERENCIA_INEXISTENTE"", ""severidad"": ""WARNING"", ""accion"": ""REVISAR"", ""tipo_problema"": ""INTEGRIDAD"", ""dimension_calidad"": ""INTEGRIDAD"", ""valor_original"": ""PROD-008"", ""detalle"": ""Sin correspondencia en dimensión Silver de cobertura parcial; revisar, no inferir identificador inválido""}]",1,1,True,GIAD-M3-S4-IOT-diagnostico-v7,1.1.0,edb7afe2f7fb836e59fe605d30c88b3b5b13a6d8ab2ec0b37f206a14e58de6bf,America/La_Paz,IOT-R028,2026-08-01T15:33:00Z,America/La_Paz,-18.88,C_ORIGINAL,CAM-15,True,IOT-R011:DUPLICADO_IDENTICO,False,True,False,False,GIAD-M3-S4-IOT-tratamiento-v6
28886,2026-08-05 01:48:00,VIA-00903,ORD-2026-05830,CAM-19,PROD-051,-17.92,C,69.9,0,0,viaje_id+timestamp,1,IOT-R011,"[{""rule_id"": ""IOT-R011"", ""columna_afectada"": ""viaje_id+timestamp"", ""codigo_error"": ""DUPLICADO_IDENTICO"", ""severidad"": ""CRITICAL"", ""accion"": ""CUARENTENA"", ""tipo_problema"": ""UNICIDAD"", ""dimension_calidad"": ""UNICIDAD"", ""valor_original"": ""VIA-00903 + 2026-08-05 01:48:00"", ""detalle"": ""Copia posterior idéntica de toda la fila Bronze""}]",1,0,True,GIAD-M3-S4-IOT-diagnostico-v7,1.1.0,edb7afe2f7fb836e59fe605d30c88b3b5b13a6d8ab2ec0b37f206a14e58de6bf,America/La_Paz,IOT-R028,2026-08-05T05:48:00Z,America/La_Paz,-17.92,C_ORIGINAL,CAM-19,True,IOT-R011:DUPLICADO_IDENTICO,True,True,False,False,GIAD-M3-S4-IOT-tratamiento-v6
28887,2026-08-24 08:23:00,VIA-00573,ORD-2026-03959,CAM-09,PROD-012,18.93,C,52.5,0,0,viaje_id+timestamp,1,IOT-R011,"[{""rule_id"": ""IOT-R011"", ""columna_afectada"": ""viaje_id+timestamp"", ""codigo_error"": ""DUPLICADO_IDENTICO"", ""severidad"": ""CRITICAL"", ""accion"": ""CUARENTENA"", ""tipo_problema"": ""UNICIDAD"", ""dimension_calidad"": ""UNICIDAD"", ""valor_original"": ""VIA-00573 + 2026-08-24 08:23:00"", ""detalle"": ""Copia posterior idéntica de toda la fila Bronze""}]",1,0,True,GIAD-M3-S4-IOT-diagnostico-v7,1.1.0,edb7afe2f7fb836e59fe605d30c88b3b5b13a6d8ab2ec0b37f206a14e58de6bf,America/La_Paz,IOT-R028,2026-08-24T12:23:00Z,America/La_Paz,18.93,C_ORIGINAL,CAM-09,True,IOT-R011:DUPLICADO_IDENTICO,True,True,False,False,GIAD-M3-S4-IOT-tratamiento-v6
28888,2026-08-03 14:56:00,VIA-00164,ORD-2026-03533,CAM-21,PROD-018,18.61,C,45.2,0,0,viaje_id+timestamp|producto_id,2,IOT-R011|IOT-R026,"[{""rule_id"": ""IOT-R011"", ""columna_afectada"": ""viaje_id+timestamp"", ""codigo_error"": ""DUPLICADO_IDENTICO"", ""severidad"": ""CRITICAL"", ""accion"": ""CUARENTENA"", ""tipo_problema"": ""UNICIDAD"", ""dimension_calidad"": ""UNICIDAD"", ""valor_original"": ""VIA-00164 + 2026-08-03 14:56:00"", ""detalle"": ""Copia posterior idéntica de toda la fila Bronze""}, {""rule_id"": ""IOT-R026"", ""columna_afectada"": ""producto_id"", ""codigo_error"": ""REFERENCIA_INEXISTENTE"", ""severidad"": ""WARNING"", ""accion"": ""REVISAR"", ""tipo_problema"": ""INTEGRIDAD"", ""dimension_calidad"": ""INTEGRIDAD"", ""valor_original"": ""PROD-018"", ""detalle"": ""Sin correspondencia en dimensión Silver de cobertura parcial; revisar, no inferir identificador inválido""}]",1,1,True,GIAD-M3-S4-IOT-diagnostico-v7,1.1.0,edb7afe2f7fb836e59fe605d30c88b3b5b13a6d8ab2ec0b37f206a14e58de6bf,America/La_Paz,IOT-R028,2026-08-03T18:56:00Z,America/La_Paz,18.61,C_ORIGINAL,CAM-21,True,IOT-R011:DUPLICADO_IDENTICO,False,True,False,False,GIAD-M3-S4-IOT-tratamiento-v6
28889,2026-08-29 08:57:00,VIA-01184,ORD-2026-01082,CAM-12,PROD-006,17.04,C,49.2,0,0,viaje_id+timestamp,1,IOT-R011,"[{""rule_id"": ""IOT-R011"", ""columna_afectada"": ""viaje_id+timestamp"", ""codigo_error"": ""DUPLICADO_IDENTICO"", ""severidad"": ""CRITICAL"", ""accion"": ""CUARENTENA"", ""tipo_problema"": ""UNICIDAD"", ""dimension_calidad"": ""UNICIDAD"", ""valor_original"": ""VIA-01184 + 2026-08-29 08:57:00"", ""detalle"": ""Copia posterior idéntica de toda la fila Bronze""}]",1,0,True,GIAD-M3-S4-IOT-diagnostico-v7,1.1.0,edb7afe2f7fb836e59fe605d30c88b3b5b13a6d8ab2ec0b37f206a14e58de6bf,America/La_Paz,IOT-R028,2026-08-29T12:57:00Z,America/La_Paz,17.04,C_ORIGINAL,CAM-12,True,IOT-R011:DUPLICADO_IDENTICO,True,True,False,False,GIAD-M3-S4-IOT-tratamiento-v6
28890,2026-08-19 05:30:00,VIA-00328,ORD-2026-00921,CAM-19,PROD-054,-17.98,C,67.9,0,0,viaje_id+timestamp,1,IOT-R011,"[{""rule_id"": ""IOT-R011"", ""columna_afectada"": ""viaje_id+timestamp"", ""codigo_error"": ""DUPLICADO_IDENTICO"", ""severidad"": ""CRITICAL"", ""accion"": ""CUARENTENA"", ""tipo_problema"": ""UNICIDAD"", ""dimension_calidad"": ""UNICIDAD"", ""valor_original"": ""VIA-00328 + 2026-08-19 05:30:00"", ""detalle"": ""Copia posterior idéntica de toda la fila Bronze""}]",1,0,True,GIAD-M3-S4-IOT-diagnostico-v7,1.1.0,edb7afe2f7fb836e59fe605d30c88b3b5b13a6d8ab2ec0b37f206a14e58de6bf,America/La_Paz,IOT-R028,2026-08-19T09:30:00Z,America/La_Paz,-17.98,C_ORIGINAL,CAM-19,True,IOT-R011:DUPLICADO_IDENTICO,True,True,False,False,GIAD-M3-S4-IOT-tratamiento-v6
28891,2026-08-25 09:47:00,VIA-01026,ORD-2026-00985,CAM-25,PROD-044,2.88,C,82.7,0,0,viaje_id+timestamp,1,IOT-R011,"[{""rule_id"": ""IOT-R011"", ""columna_afectada"": ""viaje_id+timestamp"", ""codigo_error"": ""DUPLICADO_IDENTICO"", ""severidad"": ""CRITICAL"", ""accion"": ""CUARENTENA"", ""tipo_problema"": ""UNICIDAD"", ""dimension_calidad"": ""UNICIDAD"", ""valor_original"": ""VIA-01026 + 2026-08-25 09:47:00"", ""detalle"": ""Copia posterior idéntica de toda la fila Bronze""}]",1,0,True,GIAD-M3-S4-IOT-diagnostico-v7,1.1.0,edb7afe2f7fb836e59fe605d30c88b3b5b13a6d8ab2ec0b37f206a14e58de6bf,America/La_Paz,IOT-R028,2026-08-25T13:47:00Z,America/La_Paz,2.88,C_ORIGINAL,CAM-25,True,IOT-R011:DUPLICADO_IDENTICO,True,True,False,False,GIAD-M3-S4-IOT-tratamiento-v6
28892,2026-08-15 01:03:00,VIA-00190,ORD-2026-07185,CAM-28,PROD-051,-18.74,C,80.6,0,0,viaje_id+timestamp,1,IOT-R011,"[{""rule_id"": ""IOT-R011"", ""columna_afectada"": ""viaje_id+timestamp"", ""codigo_error"": ""DUPLICADO_IDENTICO"", ""severidad"": ""CRITICAL"", ""accion"": ""CUARENTENA"", ""tipo_problema"": ""UNICIDAD"", ""dimension_calidad"": ""UNICIDAD"", ""valor_original"": ""VIA-00190 + 2026-08-15 01:03:00"", ""detalle"": ""Copia posterior idéntica de toda la fila Bronze""}]",1,0,True,GIAD-M3-S4-IOT-diagnostico-v7,1.1.0,edb7afe2f7fb836e59fe605d30c88b3b5b13a6d8ab2ec0b37f206a14e58de6bf,America/La_Paz,IOT-R028,2026-08-15T05:03:00Z,America/La_Paz,-18.74,C_ORIGINAL,CAM-28,True,IOT-R011:DUPLICADO_IDENTICO,True,True,False,False,GIAD-M3-S4-IOT-tratamiento-v6
28893,2026-08-16 02:15:00,VIA-00718,ORD-2026-00659,CAM-21,PROD-038,25.26,C,47.3,1,0,viaje_id+timestamp,1,IOT-R011,"[{""rule_id"": ""IOT-R011"", ""columna_afectada"": ""viaje_id+timestamp"", ""codigo_error"": ""DUPLICADO_IDENTICO"", ""severidad"": ""CRITICAL"", ""accion"": ""CUARENTENA"", ""tipo_problema"": ""UNICIDAD"", ""dimension_calidad"": ""UNICIDAD"", ""valor_original"": ""VIA-00718 + 2026-08-16 02:15:00"", ""detalle"": ""Copia posterior idéntica de toda la fila Bronze""}]",1,0,True,GIAD-M3-S4-IOT-diagnostico-v7,1.1.0,edb7afe2f7fb836e59fe605d30c88b3b5b13a6d8ab2ec0b37f206a14e58de6bf,America/La_Paz,IOT-R028,2026-08-16T06:15:00Z,America/La_Paz,25.26,C_ORIGINAL,CAM-21,True,IOT-R011:DUPLICADO_IDENTICO,True,True,False,False,GIAD-M3-S4-IOT-tratamiento-v6
28894,2026-08-14 18:43:00,VIA-00068,ORD-2026-06340,CAM-10,PROD-042,20.37,C,50.3,0,0,viaje_id+timestamp,1,IOT-R011,"[{""rule_id"": ""IOT-R011"", ""columna_afectada"": ""viaje_id+timestamp"", ""codigo_error"": ""DUPLICADO_IDENTICO"", ""severidad"": ""CRITICAL"", ""accion"": ""CUARENTENA"", ""tipo_problema"": ""UNICIDAD"", ""dimension_calidad"": ""UNICIDAD"", ""valor_original"": ""VIA-00068 + 2026-08-14 18:43:00"", ""detalle"": ""Copia posterior idéntica de toda la fila Bronze""}]",1,0,True,GIAD-M3-S4-IOT-diagnostico-v7,1.1.0,edb7afe2f7fb836e59fe605d30c88b3b5b13a6d8ab2ec0b37f206a14e58de6bf,America/La_Paz,IOT-R028,2026-08-14T22:43:00Z,America/La_Paz,20.37,C_ORIGINAL,CAM-10,True,IOT-R011:DUPLICADO_IDENTICO,True,True,False,False,GIAD-M3-S4-IOT-tratamiento-v6
28895,2026-08-05 18:36:00,VIA-00121,ORD-2026-06281,CAM-27,PROD-015,3.77,C,74.1,0,0,viaje_id+timestamp,1,IOT-R011,"[{""rule_id"": ""IOT-R011"", ""columna_afectada"": ""viaje_id+timestamp"", ""codigo_error"": ""DUPLICADO_IDENTICO"", ""severidad"": ""CRITICAL"", ""accion"": ""CUARENTENA"", ""tipo_problema"": ""UNICIDAD"", ""dimension_calidad"": ""UNICIDAD"", ""valor_original"": ""VIA-00121 + 2026-08-05 18:36:00"", ""detalle"": ""Copia posterior idéntica de toda la fila Bronze""}]",1,0,True,GIAD-M3-S4-IOT-diagnostico-v7,1.1.0,edb7afe2f7fb836e59fe605d30c88b3b5b13a6d8ab2ec0b37f206a14e58de6bf,America/La_Paz,IOT-R028,2026-08-05T22:36:00Z,America/La_Paz,3.77,C_ORIGINAL,CAM-27,True,IOT-R011:DUPLICADO_IDENTICO,True,True,False,False,GIAD-M3-S4-IOT-tratamiento-v6
28896,2026-08-14 15:35:00,VIA-00268,ORD-2026-04761,CAM-19,PROD-022,3.49,C,90.9,0,0,viaje_id+timestamp|producto_id,2,IOT-R011|IOT-R026,"[{""rule_id"": ""IOT-R011"", ""columna_afectada"": ""viaje_id+timestamp"", ""codigo_error"": ""DUPLICADO_IDENTICO"", ""severidad"": ""CRITICAL"", ""accion"": ""CUARENTENA"", ""tipo_problema"": ""UNICIDAD"", ""dimension_calidad"": ""UNICIDAD"", ""valor_original"": ""VIA-00268 + 2026-08-14 15:35:00"", ""detalle"": ""Copia posterior idéntica de toda la fila Bronze""}, {""rule_id"": ""IOT-R026"", ""columna_afectada"": ""producto_id"", ""codigo_error"": ""REFERENCIA_INEXISTENTE"", ""severidad"": ""WARNING"", ""accion"": ""REVISAR"", ""tipo_problema"": ""INTEGRIDAD"", ""dimension_calidad"": ""INTEGRIDAD"", ""valor_original"": ""PROD-022"", ""detalle"": ""Sin correspondencia en dimensión Silver de cobertura parcial; revisar, no inferir identificador inválido""}]",1,1,True,GIAD-M3-S4-IOT-diagnostico-v7,1.1.0,edb7afe2f7fb836e59fe605d30c88b3b5b13a6d8ab2ec0b37f206a14e58de6bf,America/La_Paz,IOT-R028,2026-08-14T19:35:00Z,America/La_Paz,3.49,C_ORIGINAL,CAM-19,True,IOT-R011:DUPLICADO_IDENTICO,False,True,False,False,GIAD-M3-S4-IOT-tratamiento-v6
28897,2026-08-14 18:19:00,VIA-00409,ORD-2026-00947,CAM-28,PROD-003,21.05,C,45.7,0,0,viaje_id+timestamp,1,IOT-R011,"[{""rule_id"": ""IOT-R011"", ""columna_afectada"": ""viaje_id+timestamp"", ""codigo_error"": ""DUPLICADO_IDENTICO"", ""severidad"": ""CRITICAL"", ""accion"": ""CUARENTENA"", ""tipo_problema"": ""UNICIDAD"", ""dimension_calidad"": ""UNICIDAD"", ""valor_original"": ""VIA-00409 + 2026-08-14 18:19:00"", ""detalle"": ""Copia posterior idéntica de toda la fila Bronze""}]",1,0,True,GIAD-M3-S4-IOT-diagnostico-v7,1.1.0,edb7afe2f7fb836e59fe605d30c88b3b5b13a6d8ab2ec0b37f206a14e58de6bf,America/La_Paz,IOT-R028,2026-08-14T22:19:00Z,America/La_Paz,21.05,C_ORIGINAL,CAM-28,True,IOT-R011:DUPLICADO_IDENTICO,True,True,False,False,GIAD-M3-S4-IOT-tratamiento-v6
28898,2026-08-06 00:41:00,VIA-00360,ORD-2026-01444,CAM-19,PROD-003,20.09,C,46.5,0,0,viaje_id+timestamp,1,IOT-R011,"[{""rule_id"": ""IOT-R011"", ""columna_afectada"": ""viaje_id+timestamp"", ""codigo_error"": ""DUPLICADO_IDENTICO"", ""severidad"": ""CRITICAL"", ""accion"": ""CUARENTENA"", ""tipo_problema"": ""UNICIDAD"", ""dimension_calidad"": ""UNICIDAD"", ""valor_original"": ""VIA-00360 + 2026-08-06 00:41:00"", ""detalle"": ""Copia posterior idéntica de toda la fila Bronze""}]",1,0,True,GIAD-M3-S4-IOT-diagnostico-v7,1.1.0,edb7afe2f7fb836e59fe605d30c88b3b5b13a6d8ab2ec0b37f206a14e58de6bf,America/La_Paz,IOT-R028,2026-08-06T04:41:00Z,America/La_Paz,20.09,C_ORIGINAL,CAM-19,True,IOT-R011:DUPLICADO_IDENTICO,True,True,False,False,GIAD-M3-S4-IOT-tratamiento-v6
28899,2026-08-04 06:17:00,VIA-00123,ORD-2026-03892,CAM-10,PROD-054,-17.46,C,79.1,0,0,viaje_id+timestamp,1,IOT-R011,"[{""rule_id"": ""IOT-R011"", ""columna_afectada"": ""viaje_id+timestamp"", ""codigo_error"": ""DUPLICADO_IDENTICO"", ""severidad"": ""CRITICAL"", ""accion"": ""CUARENTENA"", ""tipo_problema"": ""UNICIDAD"", ""dimension_calidad"": ""UNICIDAD"", ""valor_original"": ""VIA-00123 + 2026-08-04 06:17:00"", ""detalle"": ""Copia posterior idéntica de toda la fila Bronze""}]",1,0,True,GIAD-M3-S4-IOT-diagnostico-v7,1.1.0,edb7afe2f7fb836e59fe605d30c88b3b5b13a6d8ab2ec0b37f206a14e58de6bf,America/La_Paz,IOT-R028,2026-08-04T10:17:00Z,America/La_Paz,-17.46,C_ORIGINAL,CAM-10,True,IOT-R011:DUPLICADO_IDENTICO,True,True,False,False,GIAD-M3-S4-IOT-tratamiento-v6
28900,2026-08-29 02:29:00,VIA-01024,ORD-2026-04021,CAM-20,PROD-039,16.64,C,53.8,0,0,viaje_id+timestamp|camion_id,2,IOT-R011|IOT-R027,"[{""rule_id"": ""IOT-R011"", ""columna_afectada"": ""viaje_id+timestamp"", ""codigo_error"": ""DUPLICADO_IDENTICO"", ""severidad"": ""CRITICAL"", ""accion"": ""CUARENTENA"", ""tipo_problema"": ""UNICIDAD"", ""dimension_calidad"": ""UNICIDAD"", ""valor_original"": ""VIA-01024 + 2026-08-29 02:29:00"", ""detalle"": ""Copia posterior idéntica de toda la fila Bronze""}, {""rule_id"": ""IOT-R027"", ""columna_afectada"": ""camion_id"", ""codigo_error"": ""REFERENCIA_INEXISTENTE"", ""severidad"": ""WARNING"", ""accion"": ""REVISAR"", ""tipo_problema"": ""INTEGRIDAD"", ""dimension_calidad"": ""INTEGRIDAD"", ""valor_original"": ""CAM-20"", ""detalle"": ""Sin correspondencia en dimensión Silver de cobertura parcial; revisar, no inferir identificador inválido""}]",1,1,True,GIAD-M3-S4-IOT-diagnostico-v7,1.1.0,edb7afe2f7fb836e59fe605d30c88b3b5b13a6d8ab2ec0b37f206a14e58de6bf,America/La_Paz,IOT-R028,2026-08-29T06:29:00Z,America/La_Paz,16.64,C_ORIGINAL,CAM-20,True,IOT-R011:DUPLICADO_IDENTICO,True,False,False,False,GIAD-M3-S4-IOT-tratamiento-v6
28902,2026-08-26 12:40:00,VIA-00265,ORD-2026-04491,CAM-19,PROD-041,-17.98,C,72.9,0,0,viaje_id+timestamp,1,IOT-R011,"[{""rule_id"": ""IOT-R011"", ""columna_afectada"": ""viaje_id+timestamp"", ""codigo_error"": ""DUPLICADO_IDENTICO"", ""severidad"": ""CRITICAL"", ""accion"": ""CUARENTENA"", ""tipo_problema"": ""UNICIDAD"", ""dimension_calidad"": ""UNICIDAD"", ""valor_original"": ""VIA-00265 + 2026-08-26 12:40:00"", ""detalle"": ""Copia posterior idéntica de toda la fila Bronze""}]",1,0,True,GIAD-M3-S4-IOT-diagnostico-v7,1.1.0,edb7afe2f7fb836e59fe605d30c88b3b5b13a6d8ab2ec0b37f206a14e58de6bf,America/La_Paz,IOT-R028,2026-08-26T16:40:00Z,America/La_Paz,-17.98,C_ORIGINAL,CAM-19,True,IOT-R011:DUPLICADO_IDENTICO,True,True,False,False,GIAD-M3-S4-IOT-tratamiento-v6
28903,2026-08-16 04:08:00,VIA-01036,ORD-2026-03048,CAM-19,PROD-051,-18.99,C,61.0,0,0,viaje_id+timestamp,1,IOT-R011,"[{""rule_id"": ""IOT-R011"", ""columna_afectada"": ""viaje_id+timestamp"", ""codigo_error"": ""DUPLICADO_IDENTICO"", ""severidad"": ""CRITICAL"", ""accion"": ""CUARENTENA"", ""tipo_problema"": ""UNICIDAD"", ""dimension_calidad"": ""UNICIDAD"", ""valor_original"": ""VIA-01036 + 2026-08-16 04:08:00"", ""detalle"": ""Copia posterior idéntica de toda la fila Bronze""}]",1,0,True,GIAD-M3-S4-IOT-diagnostico-v7,1.1.0,edb7afe2f7fb836e59fe605d30c88b3b5b13a6d8ab2ec0b37f206a14e58de6bf,America/La_Paz,IOT-R028,2026-08-16T08:08:00Z,America/La_Paz,-18.99,C_ORIGINAL,CAM-19,True,IOT-R011:DUPLICADO_IDENTICO,True,True,False,False,GIAD-M3-S4-IOT-tratamiento-v6
28904,2026-08-10 09:33:00,VIA-00871,ORD-2026-05637,CAM-24,PROD-030,22.6,C,56.9,0,0,viaje_id+timestamp,1,IOT-R011,"[{""rule_id"": ""IOT-R011"", ""columna_afectada"": ""viaje_id+timestamp"", ""codigo_error"": ""DUPLICADO_IDENTICO"", ""severidad"": ""CRITICAL"", ""accion"": ""CUARENTENA"", ""tipo_problema"": ""UNICIDAD"", ""dimension_calidad"": ""UNICIDAD"", ""valor_original"": ""VIA-00871 + 2026-08-10 09:33:00"", ""detalle"": ""Copia posterior idéntica de toda la fila Bronze""}]",1,0,True,GIAD-M3-S4-IOT-diagnostico-v7,1.1.0,edb7afe2f7fb836e59fe605d30c88b3b5b13a6d8ab2ec0b37f206a14e58de6bf,America/La_Paz,IOT-R028,2026-08-10T13:33:00Z,America/La_Paz,22.6,C_ORIGINAL,CAM-24,True,IOT-R011:DUPLICADO_IDENTICO,True,True,False,False,GIAD-M3-S4-IOT-tratamiento-v6
28905,2026-08-12 13:15:00,VIA-00079,ORD-2026-03382,CAM-30,PROD-016,17.05,C,40.6,0,0,viaje_id+timestamp|producto_id|camion_id,3,IOT-R011|IOT-R026|IOT-R027,"[{""rule_id"": ""IOT-R011"", ""columna_afectada"": ""viaje_id+timestamp"", ""codigo_error"": ""DUPLICADO_IDENTICO"", ""severidad"": ""CRITICAL"", ""accion"": ""CUARENTENA"", ""tipo_problema"": ""UNICIDAD"", ""dimension_calidad"": ""UNICIDAD"", ""valor_original"": ""VIA-00079 + 2026-08-12 13:15:00"", ""detalle"": ""Copia posterior idéntica de toda la fila Bronze""}, {""rule_id"": ""IOT-R026"", ""columna_afectada"": ""producto_id"", ""codigo_error"": ""REFERENCIA_INEXISTENTE"", ""severidad"": ""WARNING"", ""accion"": ""REVISAR"", ""tipo_problema"": ""INTEGRIDAD"", ""dimension_calidad"": ""INTEGRIDAD"", ""valor_original"": ""PROD-016"", ""detalle"": ""Sin correspondencia en dimensión Silver de cobertura parcial; revisar, no inferir identificador inválido""}, {""rule_id"": ""IOT-R027"", ""columna_afectada"": ""camion_id"", ""codigo_error"": ""REFERENCIA_INEXISTENTE"", ""severidad"": ""WARNING"", ""accion"": ""REVISAR"", ""tipo_problema"": ""INTEGRIDAD"", ""dimension_calidad"": ""INTEGRIDAD"", ""valor_original"": ""CAM-30"", ""detalle"": ""Sin correspondencia en dimensión Silver de cobertura parcial; revisar, no inferir identificador inválido""}]",1,2,True,GIAD-M3-S4-IOT-diagnostico-v7,1.1.0,edb7afe2f7fb836e59fe605d30c88b3b5b13a6d8ab2ec0b37f206a14e58de6bf,America/La_Paz,IOT-R028,2026-08-12T17:15:00Z,America/La_Paz,17.05,C_ORIGINAL,CAM-30,True,IOT-R011:DUPLICADO_IDENTICO,False,False,False,False,GIAD-M3-S4-IOT-tratamiento-v6
28906,2026-08-15 14:59:00,VIA-00967,ORD-2026-03341,CAM-02,PROD-052,2.95,C,75.8,0,0,viaje_id+timestamp,1,IOT-R011,"[{""rule_id"": ""IOT-R011"", ""columna_afectada"": ""viaje_id+timestamp"", ""codigo_error"": ""DUPLICADO_IDENTICO"", ""severidad"": ""CRITICAL"", ""accion"": ""CUARENTENA"", ""tipo_problema"": ""UNICIDAD"", ""dimension_calidad"": ""UNICIDAD"", ""valor_original"": ""VIA-00967 + 2026-08-15 14:59:00"", ""detalle"": ""Copia posterior idéntica de toda la fila Bronze""}]",1,0,True,GIAD-M3-S4-IOT-diagnostico-v7,1.1.0,edb7afe2f7fb836e59fe605d30c88b3b5b13a6d8ab2ec0b37f206a14e58de6bf,America/La_Paz,IOT-R028,2026-08-15T18:59:00Z,America/La_Paz,2.95,C_ORIGINAL,CAM-02,True,IOT-R011:DUPLICADO_IDENTICO,True,True,False,False,GIAD-M3-S4-IOT-tratamiento-v6
28907,2026-08-25 06:10:00,VIA-00753,ORD-2026-01152,CAM-10,PROD-036,4.03,C,84.1,0,0,viaje_id+timestamp|producto_id,2,IOT-R011|IOT-R026,"[{""rule_id"": ""IOT-R011"", ""columna_afectada"": ""viaje_id+timestamp"", ""codigo_error"": ""DUPLICADO_IDENTICO"", ""severidad"": ""CRITICAL"", ""accion"": ""CUARENTENA"", ""tipo_problema"": ""UNICIDAD"", ""dimension_calidad"": ""UNICIDAD"", ""valor_original"": ""VIA-00753 + 2026-08-25 06:10:00"", ""detalle"": ""Copia posterior idéntica de toda la fila Bronze""}, {""rule_id"": ""IOT-R026"", ""columna_afectada"": ""producto_id"", ""codigo_error"": ""REFERENCIA_INEXISTENTE"", ""severidad"": ""WARNING"", ""accion"": ""REVISAR"", ""tipo_problema"": ""INTEGRIDAD"", ""dimension_calidad"": ""INTEGRIDAD"", ""valor_original"": ""PROD-036"", ""detalle"": ""Sin correspondencia en dimensión Silver de cobertura parcial; revisar, no inferir identificador inválido""}]",1,1,True,GIAD-M3-S4-IOT-diagnostico-v7,1.1.0,edb7afe2f7fb836e59fe605d30c88b3b5b13a6d8ab2ec0b37f206a14e58de6bf,America/La_Paz,IOT-R028,2026-08-25T10:10:00Z,America/La_Paz,4.03,C_ORIGINAL,CAM-10,True,IOT-R011:DUPLICADO_IDENTICO,False,True,False,False,GIAD-M3-S4-IOT-tratamiento-v6
28908,2026-08-11 19:05:00,VIA-00297,ORD-2026-06424,CAM-03,PROD-024,20.21,C,45.0,0,0,viaje_id+timestamp,1,IOT-R011,"[{""rule_id"": ""IOT-R011"", ""columna_afectada"": ""viaje_id+timestamp"", ""codigo_error"": ""DUPLICADO_IDENTICO"", ""severidad"": ""CRITICAL"", ""accion"": ""CUARENTENA"", ""tipo_problema"": ""UNICIDAD"", ""dimension_calidad"": ""UNICIDAD"", ""valor_original"": ""VIA-00297 + 2026-08-11 19:05:00"", ""detalle"": ""Copia posterior idéntica de toda la fila Bronze""}]",1,0,True,GIAD-M3-S4-IOT-diagnostico-v7,1.1.0,edb7afe2f7fb836e59fe605d30c88b3b5b13a6d8ab2ec0b37f206a14e58de6bf,America/La_Paz,IOT-R028,2026-08-11T23:05:00Z,America/La_Paz,20.21,C_ORIGINAL,CAM-03,True,IOT-R011:DUPLICADO_IDENTICO,True,True,False,False,GIAD-M3-S4-IOT-tratamiento-v6
28909,2026-08-07 13:29:00,VIA-00040,ORD-2026-02804,CAM-20,PROD-060,-17.72,C,79.1,0,0,viaje_id+timestamp|camion_id,2,IOT-R011|IOT-R027,"[{""rule_id"": ""IOT-R011"", ""columna_afectada"": ""viaje_id+timestamp"", ""codigo_error"": ""DUPLICADO_IDENTICO"", ""severidad"": ""CRITICAL"", ""accion"": ""CUARENTENA"", ""tipo_problema"": ""UNICIDAD"", ""dimension_calidad"": ""UNICIDAD"", ""valor_original"": ""VIA-00040 + 2026-08-07 13:29:00"", ""detalle"": ""Copia posterior idéntica de toda la fila Bronze""}, {""rule_id"": ""IOT-R027"", ""columna_afectada"": ""camion_id"", ""codigo_error"": ""REFERENCIA_INEXISTENTE"", ""severidad"": ""WARNING"", ""accion"": ""REVISAR"", ""tipo_problema"": ""INTEGRIDAD"", ""dimension_calidad"": ""INTEGRIDAD"", ""valor_original"": ""CAM-20"", ""detalle"": ""Sin correspondencia en dimensión Silver de cobertura parcial; revisar, no inferir identificador inválido""}]",1,1,True,GIAD-M3-S4-IOT-diagnostico-v7,1.1.0,edb7afe2f7fb836e59fe605d30c88b3b5b13a6d8ab2ec0b37f206a14e58de6bf,America/La_Paz,IOT-R028,2026-08-07T17:29:00Z,America/La_Paz,-17.72,C_ORIGINAL,CAM-20,True,IOT-R011:DUPLICADO_IDENTICO,True,False,False,False,GIAD-M3-S4-IOT-tratamiento-v6
28910,2026-08-23 00:04:00,VIA-00101,ORD-2026-04951,CAM-12,PROD-029,18.08,C,41.2,0,0,viaje_id+timestamp,1,IOT-R011,"[{""rule_id"": ""IOT-R011"", ""columna_afectada"": ""viaje_id+timestamp"", ""codigo_error"": ""DUPLICADO_IDENTICO"", ""severidad"": ""CRITICAL"", ""accion"": ""CUARENTENA"", ""tipo_problema"": ""UNICIDAD"", ""dimension_calidad"": ""UNICIDAD"", ""valor_original"": ""VIA-00101 + 2026-08-23 00:04:00"", ""detalle"": ""Copia posterior idéntica de toda la fila Bronze""}]",1,0,True,GIAD-M3-S4-IOT-diagnostico-v7,1.1.0,edb7afe2f7fb836e59fe605d30c88b3b5b13a6d8ab2ec0b37f206a14e58de6bf,America/La_Paz,IOT-R028,2026-08-23T04:04:00Z,America/La_Paz,18.08,C_ORIGINAL,CAM-12,True,IOT-R011:DUPLICADO_IDENTICO,True,True,False,False,GIAD-M3-S4-IOT-tratamiento-v6
28911,2026-08-01 01:56:00,VIA-00037,ORD-2026-01721,CAM-01,PROD-001,3.53,C,72.0,0,0,viaje_id+timestamp,1,IOT-R011,"[{""rule_id"": ""IOT-R011"", ""columna_afectada"": ""viaje_id+timestamp"", ""codigo_error"": ""DUPLICADO_IDENTICO"", ""severidad"": ""CRITICAL"", ""accion"": ""CUARENTENA"", ""tipo_problema"": ""UNICIDAD"", ""dimension_calidad"": ""UNICIDAD"", ""valor_original"": ""VIA-00037 + 2026-08-01 01:56:00"", ""detalle"": ""Copia posterior idéntica de toda la fila Bronze""}]",1,0,True,GIAD-M3-S4-IOT-diagnostico-v7,1.1.0,edb7afe2f7fb836e59fe605d30c88b3b5b13a6d8ab2ec0b37f206a14e58de6bf,America/La_Paz,IOT-R028,2026-08-01T05:56:00Z,America/La_Paz,3.53,C_ORIGINAL,CAM-01,True,IOT-R011:DUPLICADO_IDENTICO,True,True,False,False,GIAD-M3-S4-IOT-tratamiento-v6
28912,2026-08-19 13:56:00,VIA-00124,ORD-2026-03143,CAM-18,PROD-029,,C,55.8,0,0,viaje_id+timestamp|temperatura_cabina_c,2,IOT-R012|IOT-R016,"[{""rule_id"": ""IOT-R012"", ""columna_afectada"": ""viaje_id+timestamp"", ""codigo_error"": ""CLAVE_EN_CONFLICTO"", ""severidad"": ""CRITICAL"", ""accion"": ""CUARENTENA"", ""tipo_problema"": ""UNICIDAD"", ""dimension_calidad"": ""UNICIDAD"", ""valor_original"": ""VIA-00124 + 2026-08-19 13:56:00"", ""detalle"": ""Lecturas diferentes con igual clave candidata; se marcan todas""}, {""rule_id"": ""IOT-R016"", ""columna_afectada"": ""temperatura_cabina_c"", ""codigo_error"": ""FALTANTE"", ""severidad"": ""CRITICAL"", ""accion"": ""CUARENTENA"", ""tipo_problema"": ""FALTANTE"", ""dimension_calidad"": ""COMPLETITUD"", ""valor_original"": """", ""detalle"": ""Temperatura vacía""}]",2,0,True,GIAD-M3-S4-IOT-diagnostico-v7,1.1.0,edb7afe2f7fb836e59fe605d30c88b3b5b13a6d8ab2ec0b37f206a14e58de6bf,America/La_Paz,IOT-R028,2026-08-19T17:56:00Z,America/La_Paz,,SIN_TRATAMIENTO,CAM-18,True,IOT-R012:CLAVE_EN_CONFLICTO|IOT-R016:FALTANTE,True,True,False,False,GIAD-M3-S4-IOT-tratamiento-v6
28913,2026-08-27 00:06:00,VIA-00209,ORD-2026-05108,CAM-11,PROD-008,-18.24,C,84.3,0,1,viaje_id+timestamp|producto_id,2,IOT-R011|IOT-R026,"[{""rule_id"": ""IOT-R011"", ""columna_afectada"": ""viaje_id+timestamp"", ""codigo_error"": ""DUPLICADO_IDENTICO"", ""severidad"": ""CRITICAL"", ""accion"": ""CUARENTENA"", ""tipo_problema"": ""UNICIDAD"", ""dimension_calidad"": ""UNICIDAD"", ""valor_original"": ""VIA-00209 + 2026-08-27 00:06:00"", ""detalle"": ""Copia posterior idéntica de toda la fila Bronze""}, {""rule_id"": ""IOT-R026"", ""columna_afectada"": ""producto_id"", ""codigo_error"": ""REFERENCIA_INEXISTENTE"", ""severidad"": ""WARNING"", ""accion"": ""REVISAR"", ""tipo_problema"": ""INTEGRIDAD"", ""dimension_calidad"": ""INTEGRIDAD"", ""valor_original"": ""PROD-008"", ""detalle"": ""Sin correspondencia en dimensión Silver de cobertura parcial; revisar, no inferir identificador inválido""}]",1,1,True,GIAD-M3-S4-IOT-diagnostico-v7,1.1.0,edb7afe2f7fb836e59fe605d30c88b3b5b13a6d8ab2ec0b37f206a14e58de6bf,America/La_Paz,IOT-R028,2026-08-27T04:06:00Z,America/La_Paz,-18.24,C_ORIGINAL,CAM-11,True,IOT-R011:DUPLICADO_IDENTICO,False,True,False,False,GIAD-M3-S4-IOT-tratamiento-v6
28914,2026-08-28 08:15:00,VIA-01064,ORD-2026-01024,CAM-09,PROD-039,21.12,C,53.2,0,0,viaje_id+timestamp,1,IOT-R011,"[{""rule_id"": ""IOT-R011"", ""columna_afectada"": ""viaje_id+timestamp"", ""codigo_error"": ""DUPLICADO_IDENTICO"", ""severidad"": ""CRITICAL"", ""accion"": ""CUARENTENA"", ""tipo_problema"": ""UNICIDAD"", ""dimension_calidad"": ""UNICIDAD"", ""valor_original"": ""VIA-01064 + 2026-08-28 08:15:00"", ""detalle"": ""Copia posterior idéntica de toda la fila Bronze""}]",1,0,True,GIAD-M3-S4-IOT-diagnostico-v7,1.1.0,edb7afe2f7fb836e59fe605d30c88b3b5b13a6d8ab2ec0b37f206a14e58de6bf,America/La_Paz,IOT-R028,2026-08-28T12:15:00Z,America/La_Paz,21.12,C_ORIGINAL,CAM-09,True,IOT-R011:DUPLICADO_IDENTICO,True,True,False,False,GIAD-M3-S4-IOT-tratamiento-v6
28915,2026-08-27 04:18:00,VIA-01003,ORD-2026-06727,CAM-20,PROD-023,4.3,C,70.4,0,0,viaje_id+timestamp|camion_id,2,IOT-R011|IOT-R027,"[{""rule_id"": ""IOT-R011"", ""columna_afectada"": ""viaje_id+timestamp"", ""codigo_error"": ""DUPLICADO_IDENTICO"", ""severidad"": ""CRITICAL"", ""accion"": ""CUARENTENA"", ""tipo_problema"": ""UNICIDAD"", ""dimension_calidad"": ""UNICIDAD"", ""valor_original"": ""VIA-01003 + 2026-08-27 04:18:00"", ""detalle"": ""Copia posterior idéntica de toda la fila Bronze""}, {""rule_id"": ""IOT-R027"", ""columna_afectada"": ""camion_id"", ""codigo_error"": ""REFERENCIA_INEXISTENTE"", ""severidad"": ""WARNING"", ""accion"": ""REVISAR"", ""tipo_problema"": ""INTEGRIDAD"", ""dimension_calidad"": ""INTEGRIDAD"", ""valor_original"": ""CAM-20"", ""detalle"": ""Sin correspondencia en dimensión Silver de cobertura parcial; revisar, no inferir identificador inválido""}]",1,1,True,GIAD-M3-S4-IOT-diagnostico-v7,1.1.0,edb7afe2f7fb836e59fe605d30c88b3b5b13a6d8ab2ec0b37f206a14e58de6bf,America/La_Paz,IOT-R028,2026-08-27T08:18:00Z,America/La_Paz,4.3,C_ORIGINAL,CAM-20,True,IOT-R011:DUPLICADO_IDENTICO,True,False,False,False,GIAD-M3-S4-IOT-tratamiento-v6
28916,2026-08-01 21:03:00,VIA-00693,ORD-2026-02485,CAM-15,PROD-008,-19.34,C,74.1,0,0,viaje_id+timestamp|producto_id,2,IOT-R011|IOT-R026,"[{""rule_id"": ""IOT-R011"", ""columna_afectada"": ""viaje_id+timestamp"", ""codigo_error"": ""DUPLICADO_IDENTICO"", ""severidad"": ""CRITICAL"", ""accion"": ""CUARENTENA"", ""tipo_problema"": ""UNICIDAD"", ""dimension_calidad"": ""UNICIDAD"", ""valor_original"": ""VIA-00693 + 2026-08-01 21:03:00"", ""detalle"": ""Copia posterior idéntica de toda la fila Bronze""}, {""rule_id"": ""IOT-R026"", ""columna_afectada"": ""producto_id"", ""codigo_error"": ""REFERENCIA_INEXISTENTE"", ""severidad"": ""WARNING"", ""accion"": ""REVISAR"", ""tipo_problema"": ""INTEGRIDAD"", ""dimension_calidad"": ""INTEGRIDAD"", ""valor_original"": ""PROD-008"", ""detalle"": ""Sin correspondencia en dimensión Silver de cobertura parcial; revisar, no inferir identificador inválido""}]",1,1,True,GIAD-M3-S4-IOT-diagnostico-v7,1.1.0,edb7afe2f7fb836e59fe605d30c88b3b5b13a6d8ab2ec0b37f206a14e58de6bf,America/La_Paz,IOT-R028,2026-08-02T01:03:00Z,America/La_Paz,-19.34,C_ORIGINAL,CAM-15,True,IOT-R011:DUPLICADO_IDENTICO,False,True,False,False,GIAD-M3-S4-IOT-tratamiento-v6
28917,2026-08-13 22:04:00,VIA-00686,ORD-2026-03138,CAM-08,PROD-053,3.85,C,71.9,0,0,viaje_id+timestamp,1,IOT-R011,"[{""rule_id"": ""IOT-R011"", ""columna_afectada"": ""viaje_id+timestamp"", ""codigo_error"": ""DUPLICADO_IDENTICO"", ""severidad"": ""CRITICAL"", ""accion"": ""CUARENTENA"", ""tipo_problema"": ""UNICIDAD"", ""dimension_calidad"": ""UNICIDAD"", ""valor_original"": ""VIA-00686 + 2026-08-13 22:04:00"", ""detalle"": ""Copia posterior idéntica de toda la fila Bronze""}]",1,0,True,GIAD-M3-S4-IOT-diagnostico-v7,1.1.0,edb7afe2f7fb836e59fe605d30c88b3b5b13a6d8ab2ec0b37f206a14e58de6bf,America/La_Paz,IOT-R028,2026-08-14T02:04:00Z,America/La_Paz,3.85,C_ORIGINAL,CAM-08,True,IOT-R011:DUPLICADO_IDENTICO,True,True,False,False,GIAD-M3-S4-IOT-tratamiento-v6
28918,2026-08-01 22:36:00,VIA-00946,ORD-2026-05672,CAM-20,PROD-053,4.13,C,65.5,0,0,viaje_id+timestamp|camion_id,2,IOT-R011|IOT-R027,"[{""rule_id"": ""IOT-R011"", ""columna_afectada"": ""viaje_id+timestamp"", ""codigo_error"": ""DUPLICADO_IDENTICO"", ""severidad"": ""CRITICAL"", ""accion"": ""CUARENTENA"", ""tipo_problema"": ""UNICIDAD"", ""dimension_calidad"": ""UNICIDAD"", ""valor_original"": ""VIA-00946 + 2026-08-01 22:36:00"", ""detalle"": ""Copia posterior idéntica de toda la fila Bronze""}, {""rule_id"": ""IOT-R027"", ""columna_afectada"": ""camion_id"", ""codigo_error"": ""REFERENCIA_INEXISTENTE"", ""severidad"": ""WARNING"", ""accion"": ""REVISAR"", ""tipo_problema"": ""INTEGRIDAD"", ""dimension_calidad"": ""INTEGRIDAD"", ""valor_original"": ""CAM-20"", ""detalle"": ""Sin correspondencia en dimensión Silver de cobertura parcial; revisar, no inferir identificador inválido""}]",1,1,True,GIAD-M3-S4-IOT-diagnostico-v7,1.1.0,edb7afe2f7fb836e59fe605d30c88b3b5b13a6d8ab2ec0b37f206a14e58de6bf,America/La_Paz,IOT-R028,2026-08-02T02:36:00Z,America/La_Paz,4.13,C_ORIGINAL,CAM-20,True,IOT-R011:DUPLICADO_IDENTICO,True,False,False,False,GIAD-M3-S4-IOT-tratamiento-v6
28919,2026-08-02 21:34:00,VIA-00260,ORD-2026-02932,CAM-30,PROD-002,21.86,C,50.1,0,0,viaje_id+timestamp|camion_id,2,IOT-R011|IOT-R027,"[{""rule_id"": ""IOT-R011"", ""columna_afectada"": ""viaje_id+timestamp"", ""codigo_error"": ""DUPLICADO_IDENTICO"", ""severidad"": ""CRITICAL"", ""accion"": ""CUARENTENA"", ""tipo_problema"": ""UNICIDAD"", ""dimension_calidad"": ""UNICIDAD"", ""valor_original"": ""VIA-00260 + 2026-08-02 21:34:00"", ""detalle"": ""Copia posterior idéntica de toda la fila Bronze""}, {""rule_id"": ""IOT-R027"", ""columna_afectada"": ""camion_id"", ""codigo_error"": ""REFERENCIA_INEXISTENTE"", ""severidad"": ""WARNING"", ""accion"": ""REVISAR"", ""tipo_problema"": ""INTEGRIDAD"", ""dimension_calidad"": ""INTEGRIDAD"", ""valor_original"": ""CAM-30"", ""detalle"": ""Sin correspondencia en dimensión Silver de cobertura parcial; revisar, no inferir identificador inválido""}]",1,1,True,GIAD-M3-S4-IOT-diagnostico-v7,1.1.0,edb7afe2f7fb836e59fe605d30c88b3b5b13a6d8ab2ec0b37f206a14e58de6bf,America/La_Paz,IOT-R028,2026-08-03T01:34:00Z,America/La_Paz,21.86,C_ORIGINAL,CAM-30,True,IOT-R011:DUPLICADO_IDENTICO,True,False,False,False,GIAD-M3-S4-IOT-tratamiento-v6
28920,2026-08-26 00:48:00,VIA-00801,ORD-2026-05376,CAM-26,PROD-055,23.06,C,47.9,0,0,viaje_id+timestamp,1,IOT-R011,"[{""rule_id"": ""IOT-R011"", ""columna_afectada"": ""viaje_id+timestamp"", ""codigo_error"": ""DUPLICADO_IDENTICO"", ""severidad"": ""CRITICAL"", ""accion"": ""CUARENTENA"", ""tipo_problema"": ""UNICIDAD"", ""dimension_calidad"": ""UNICIDAD"", ""valor_original"": ""VIA-00801 + 2026-08-26 00:48:00"", ""detalle"": ""Copia posterior idéntica de toda la fila Bronze""}]",1,0,True,GIAD-M3-S4-IOT-diagnostico-v7,1.1.0,edb7afe2f7fb836e59fe605d30c88b3b5b13a6d8ab2ec0b37f206a14e58de6bf,America/La_Paz,IOT-R028,2026-08-26T04:48:00Z,America/La_Paz,23.06,C_ORIGINAL,CAM-26,True,IOT-R011:DUPLICADO_IDENTICO,True,True,False,False,GIAD-M3-S4-IOT-tratamiento-v6
